2026-05-04 11:11:10,781 [INFO] Activator:176 - 


2026-05-04 11:11:10,786 [INFO] Activator:177 - !SESSION log4j initialized
2026-05-04 11:11:18,403 [INFO] LogOutputStream:77 - [STDOUT_REDIRECT] 
2026-05-04 11:11:19,473 [INFO] ApplicationProperties:184 - Using Application install path: C:\ST\STM32CubeIDE_1.19.0\STM32CubeIDE\plugins\com.st.stm32cube.common.mx_6.15.0.202507011659
2026-05-04 11:11:19,491 [INFO] DbMcusXml:78 - Set database path to: C:\ST\STM32CubeIDE_1.19.0\STM32CubeIDE\plugins\com.st.stm32cube.common.mx_6.15.0.202507011659\\db\/mcu/
2026-05-04 11:11:19,491 [INFO] ApiDb:274 - Set plugin database path to: C:\ST\STM32CubeIDE_1.19.0\STM32CubeIDE\plugins\com.st.stm32cube.common.mx_6.15.0.202507011659\\db\/plugins/boardmanager/
2026-05-04 11:11:19,492 [WARN] ApiDb:259 - Overriding images path with different value:  => C:\ST\STM32CubeIDE_1.19.0\STM32CubeIDE\plugins\com.st.stm32cube.common.mx_6.15.0.202507011659\\db\/plugins/mcufinder/images/
2026-05-04 11:11:19,498 [INFO] ApiDb:250 - Set database path to: C:\Users\Mujaid\.stmcufinder\plugins\mcufinder//mcu/
2026-05-04 11:11:19,499 [INFO] DbMcusAds:125 - Set database path to: C:\Users\Mujaid\.stmcufinder\plugins\mcufinder//mcu/
2026-05-04 11:11:19,501 [INFO] CrossReferenceDbSqlite:203 - Set database path to: C:\Users\Mujaid\.stmcufinder\plugins\mcufinder//mcu/cs/
2026-05-04 11:11:19,625 [INFO] RulesReader:64 - Compatibility file has been processed (317 Rules)
2026-05-04 11:11:19,756 [INFO] DbMcusXml:78 - Set database path to: C:\ST\STM32CubeIDE_1.19.0\STM32CubeIDE\plugins\com.st.stm32cube.common.mx_6.15.0.202507011659\\db\/mcu/
2026-05-04 11:11:19,756 [INFO] ApiDb:274 - Set plugin database path to: C:\ST\STM32CubeIDE_1.19.0\STM32CubeIDE\plugins\com.st.stm32cube.common.mx_6.15.0.202507011659\\db\/plugins/boardmanager/
2026-05-04 11:11:19,756 [INFO] ApiDb:261 - Set plugin images path to: C:\ST\STM32CubeIDE_1.19.0\STM32CubeIDE\plugins\com.st.stm32cube.common.mx_6.15.0.202507011659\\db\/plugins/mcufinder/images/
2026-05-04 11:11:19,756 [WARN] DbFile:41 - Overriding database path with different value: C:\Users\Mujaid\.stmcufinder\plugins\mcufinder/ => C:\Users\Mujaid\.stmcufinder\plugins\mcufinder
2026-05-04 11:11:19,756 [INFO] ApiDb:250 - Set database path to: C:\Users\Mujaid\.stmcufinder\plugins\mcufinder//mcu/
2026-05-04 11:11:19,756 [WARN] DbFile:41 - Overriding database path with different value: C:\Users\Mujaid\.stmcufinder\plugins\mcufinder/ => C:\Users\Mujaid\.stmcufinder\plugins\mcufinder
2026-05-04 11:11:19,756 [INFO] DbMcusAds:125 - Set database path to: C:\Users\Mujaid\.stmcufinder\plugins\mcufinder//mcu/
2026-05-04 11:11:19,756 [WARN] DbFile:41 - Overriding database path with different value: C:\Users\Mujaid\.stmcufinder\plugins\mcufinder/ => C:\Users\Mujaid\.stmcufinder\plugins\mcufinder
2026-05-04 11:11:19,756 [WARN] DbFile:41 - Overriding database path with different value: C:\Users\Mujaid\.stmcufinder\plugins\mcufinder/ => C:\Users\Mujaid\.stmcufinder\plugins\mcufinder
2026-05-04 11:11:19,757 [INFO] CrossReferenceDbSqlite:203 - Set database path to: C:\Users\Mujaid\.stmcufinder\plugins\mcufinder//mcu/cs/
2026-05-04 11:11:19,831 [INFO] MainPanel:274 - HeapMemory: 268435456
2026-05-04 11:11:19,946 [INFO] DbMcusXml:78 - Set database path to: C:\ST\STM32CubeIDE_1.19.0\STM32CubeIDE\plugins\com.st.stm32cube.common.mx_6.15.0.202507011659\\db\/mcu/
2026-05-04 11:11:19,946 [INFO] ApiDb:274 - Set plugin database path to: C:\ST\STM32CubeIDE_1.19.0\STM32CubeIDE\plugins\com.st.stm32cube.common.mx_6.15.0.202507011659\\db\/plugins/boardmanager/
2026-05-04 11:11:19,946 [INFO] ApiDb:261 - Set plugin images path to: C:\ST\STM32CubeIDE_1.19.0\STM32CubeIDE\plugins\com.st.stm32cube.common.mx_6.15.0.202507011659\\db\/plugins/mcufinder/images/
2026-05-04 11:11:19,947 [WARN] DbFile:41 - Overriding database path with different value: C:\Users\Mujaid\.stmcufinder\plugins\mcufinder/ => C:\Users\Mujaid\.stmcufinder\plugins\mcufinder
2026-05-04 11:11:19,947 [INFO] ApiDb:250 - Set database path to: C:\Users\Mujaid\.stmcufinder\plugins\mcufinder//mcu/
2026-05-04 11:11:19,947 [WARN] DbFile:41 - Overriding database path with different value: C:\Users\Mujaid\.stmcufinder\plugins\mcufinder/ => C:\Users\Mujaid\.stmcufinder\plugins\mcufinder
2026-05-04 11:11:19,947 [INFO] DbMcusAds:125 - Set database path to: C:\Users\Mujaid\.stmcufinder\plugins\mcufinder//mcu/
2026-05-04 11:11:19,947 [WARN] DbFile:41 - Overriding database path with different value: C:\Users\Mujaid\.stmcufinder\plugins\mcufinder/ => C:\Users\Mujaid\.stmcufinder\plugins\mcufinder
2026-05-04 11:11:19,947 [WARN] DbFile:41 - Overriding database path with different value: C:\Users\Mujaid\.stmcufinder\plugins\mcufinder/ => C:\Users\Mujaid\.stmcufinder\plugins\mcufinder
2026-05-04 11:11:19,947 [INFO] CrossReferenceDbSqlite:203 - Set database path to: C:\Users\Mujaid\.stmcufinder\plugins\mcufinder//mcu/cs/
2026-05-04 11:11:19,966 [INFO] ApplicationProperties:184 - Using Application install path: C:\ST\STM32CubeIDE_1.19.0\STM32CubeIDE\plugins\com.st.stm32cube.common.mx_6.15.0.202507011659
2026-05-04 11:11:19,967 [INFO] PluginManage:196 - Search for loadable plugins [exclusion list=, ]
2026-05-04 11:11:19,969 [INFO] PluginManage:310 - Check plugin analytics
2026-05-04 11:11:20,146 [INFO] AnalyticsPlugin:253 - Accepted Software Licenses: 
2026-05-04 11:11:20,146 [INFO] AnalyticsPlugin:255 - Accepted CMSIS Pack Licenses: 
2026-05-04 11:11:20,146 [INFO] AnalyticsPlugin:257 - Accepted Firmware Licenses: 
2026-05-04 11:11:20,152 [INFO] PluginManage:359 - Loaded plugin analytics (category:tool,tabindex:-1)
2026-05-04 11:11:20,152 [INFO] PluginManage:310 - Check plugin cadmodel
2026-05-04 11:11:20,156 [INFO] CADModel:105 - Init CAD model plugin
2026-05-04 11:11:20,156 [INFO] PluginManage:359 - Loaded plugin cadmodel (category:power,tabindex:5)
2026-05-04 11:11:20,157 [INFO] PluginManage:310 - Check plugin clock
2026-05-04 11:11:20,165 [INFO] PluginManage:359 - Loaded plugin clock (category:base,tabindex:2)
2026-05-04 11:11:20,165 [INFO] PluginManage:310 - Check plugin ddr
2026-05-04 11:11:20,167 [INFO] PluginManage:359 - Loaded plugin ddr (category:tool,tabindex:6)
2026-05-04 11:11:20,167 [INFO] PluginManage:310 - Check plugin filemanager
2026-05-04 11:11:20,318 [INFO] PluginManage:359 - Loaded plugin filemanager (category:base,tabindex:10)
2026-05-04 11:11:20,318 [INFO] PluginManage:310 - Check plugin ipmanager
2026-05-04 11:11:20,326 [INFO] PluginManage:359 - Loaded plugin ipmanager (category:base,tabindex:5)
2026-05-04 11:11:20,326 [INFO] PluginManage:310 - Check plugin lpbam
2026-05-04 11:11:20,333 [INFO] PluginManage:359 - Loaded plugin lpbam (category:base,tabindex:0)
2026-05-04 11:11:20,334 [INFO] PluginManage:310 - Check plugin memorymap
2026-05-04 11:11:20,349 [INFO] PluginManage:359 - Loaded plugin memorymap (category:base,tabindex:4)
2026-05-04 11:11:20,349 [INFO] PluginManage:310 - Check plugin pinoutandconfiguration
2026-05-04 11:11:20,357 [INFO] PluginManage:359 - Loaded plugin pinoutandconfiguration (category:base,tabindex:1)
2026-05-04 11:11:20,357 [INFO] PluginManage:310 - Check plugin pinoutconfig
2026-05-04 11:11:20,468 [WARN] SupportedApi:132 - Cannot load RTOS API schema: s4s-elt-must-match.1: The content of 'definitions' must match (annotation?, (simpleType | complexType)?, (unique | key | keyref)*)). A problem was found starting at: attribute.
2026-05-04 11:11:20,609 [INFO] PluginManage:359 - Loaded plugin pinoutconfig (category:base,tabindex:0)
2026-05-04 11:11:20,609 [INFO] PluginManage:310 - Check plugin power
2026-05-04 11:11:20,617 [INFO] PluginManage:359 - Loaded plugin power (category:power,tabindex:4)
2026-05-04 11:11:20,617 [INFO] PluginManage:310 - Check plugin projectmanager
2026-05-04 11:11:20,636 [INFO] PluginManage:359 - Loaded plugin projectmanager (category:projectmanager,tabindex:4)
2026-05-04 11:11:20,636 [INFO] PluginManage:310 - Check plugin rif
2026-05-04 11:11:20,646 [INFO] PluginManage:359 - Loaded plugin rif (category:base,tabindex:3)
2026-05-04 11:11:20,646 [INFO] PluginManage:310 - Check plugin thirdparty
2026-05-04 11:11:20,830 [INFO] PluginManage:359 - Loaded plugin thirdparty (category:base,tabindex:-1)
2026-05-04 11:11:20,830 [WARN] IntegrityCheckThread:84 - waiting for thirdparty lock release [integrity check]
2026-05-04 11:11:20,831 [INFO] IntegrityCheckThread:86 - entering critical section [integrity check]
2026-05-04 11:11:20,831 [INFO] PluginManage:310 - Check plugin tools
2026-05-04 11:11:20,831 [INFO] ThirdPartyUpdaterWithRetryManager:70 - Updater plugin not ready yet. [1/15]
2026-05-04 11:11:20,834 [INFO] PluginManage:359 - Loaded plugin tools (category:base,tabindex:7)
2026-05-04 11:11:20,834 [INFO] PluginManage:310 - Check plugin tutovideos
2026-05-04 11:11:21,081 [INFO] PluginManage:359 - Loaded plugin tutovideos (category:base,tabindex:-1)
2026-05-04 11:11:21,081 [INFO] PluginManage:310 - Check plugin updater
2026-05-04 11:11:21,104 [INFO] PluginManage:359 - Loaded plugin updater (category:base,tabindex:12)
2026-05-04 11:11:21,104 [INFO] PluginManage:310 - Check plugin userauth
2026-05-04 11:11:21,108 [INFO] UserAuth:118 - Init User Auth plugin
2026-05-04 11:11:21,109 [INFO] PluginManage:359 - Loaded plugin userauth (category:base,tabindex:14)
2026-05-04 11:11:21,110 [INFO] PluginManage:283 - PluginManage : Loaded plugins [18]
2026-05-04 11:11:21,355 [INFO] PinOutPanel:1589 - setPackage(No Configuration,No Configuration)
2026-05-04 11:11:21,433 [INFO] CADModel:165 - CPN selected for project level
2026-05-04 11:11:21,433 [INFO] CADModel:114 - Register for checkConnection events
2026-05-04 11:11:21,449 [INFO] IPUIPlugin:80 - create IPUIPlugin
2026-05-04 11:11:21,450 [INFO] PluginManager:220 - loadIPPluginJar : add adc
2026-05-04 11:11:21,453 [INFO] IPUIPlugin:80 - create IPUIPlugin
2026-05-04 11:11:21,454 [INFO] PluginManager:220 - loadIPPluginJar : add aes
2026-05-04 11:11:21,456 [INFO] IPUIPlugin:80 - create IPUIPlugin
2026-05-04 11:11:21,457 [INFO] PluginManager:220 - loadIPPluginJar : add can
2026-05-04 11:11:21,458 [INFO] IPUIPlugin:80 - create IPUIPlugin
2026-05-04 11:11:21,458 [INFO] PluginManager:220 - loadIPPluginJar : add comp
2026-05-04 11:11:21,461 [INFO] IPUIPlugin:80 - create IPUIPlugin
2026-05-04 11:11:21,461 [INFO] PluginManager:220 - loadIPPluginJar : add cryp
2026-05-04 11:11:21,476 [INFO] IPUIPlugin:80 - create IPUIPlugin
2026-05-04 11:11:21,476 [INFO] PluginManager:220 - loadIPPluginJar : add ddr_ctrl_phy
2026-05-04 11:11:21,480 [INFO] IPUIPlugin:80 - create IPUIPlugin
2026-05-04 11:11:21,480 [INFO] PluginManager:220 - loadIPPluginJar : add dfsdm
2026-05-04 11:11:21,488 [INFO] IPUIPlugin:80 - create IPUIPlugin
2026-05-04 11:11:21,490 [INFO] PluginManager:220 - loadIPPluginJar : add dma
2026-05-04 11:11:21,494 [INFO] IPUIPlugin:80 - create IPUIPlugin
2026-05-04 11:11:21,494 [INFO] PluginManager:220 - loadIPPluginJar : add dma3
2026-05-04 11:11:21,497 [INFO] IPUIPlugin:80 - create IPUIPlugin
2026-05-04 11:11:21,497 [INFO] PluginManager:220 - loadIPPluginJar : add extmemmanager
2026-05-04 11:11:21,499 [INFO] IPUIPlugin:80 - create IPUIPlugin
2026-05-04 11:11:21,499 [INFO] PluginManager:220 - loadIPPluginJar : add fatfs
2026-05-04 11:11:21,505 [INFO] IPUIPlugin:80 - create IPUIPlugin
2026-05-04 11:11:21,505 [INFO] PluginManager:220 - loadIPPluginJar : add fmc
2026-05-04 11:11:21,512 [INFO] IPUIPlugin:80 - create IPUIPlugin
2026-05-04 11:11:21,512 [INFO] PluginManager:220 - loadIPPluginJar : add freertos
2026-05-04 11:11:21,515 [INFO] IPUIPlugin:80 - create IPUIPlugin
2026-05-04 11:11:21,515 [INFO] PluginManager:220 - loadIPPluginJar : add genericplugin
2026-05-04 11:11:21,517 [INFO] IPUIPlugin:80 - create IPUIPlugin
2026-05-04 11:11:21,517 [INFO] PluginManager:220 - loadIPPluginJar : add gfxmmu
2026-05-04 11:11:21,523 [INFO] IPUIPlugin:80 - create IPUIPlugin
2026-05-04 11:11:21,523 [INFO] PluginManager:220 - loadIPPluginJar : add gic
2026-05-04 11:11:21,528 [INFO] IPUIPlugin:80 - create IPUIPlugin
2026-05-04 11:11:21,529 [INFO] PluginManager:220 - loadIPPluginJar : add gpio
2026-05-04 11:11:21,532 [INFO] IPUIPlugin:80 - create IPUIPlugin
2026-05-04 11:11:21,532 [INFO] PluginManager:220 - loadIPPluginJar : add gtzc
2026-05-04 11:11:21,536 [INFO] IPUIPlugin:80 - create IPUIPlugin
2026-05-04 11:11:21,537 [INFO] PluginManager:220 - loadIPPluginJar : add hash
2026-05-04 11:11:21,541 [INFO] IPUIPlugin:80 - create IPUIPlugin
2026-05-04 11:11:21,541 [INFO] PluginManager:220 - loadIPPluginJar : add i2c
2026-05-04 11:11:21,543 [INFO] IPUIPlugin:80 - create IPUIPlugin
2026-05-04 11:11:21,543 [INFO] PluginManager:220 - loadIPPluginJar : add i2s
2026-05-04 11:11:21,548 [INFO] IPUIPlugin:80 - create IPUIPlugin
2026-05-04 11:11:21,548 [INFO] PluginManager:220 - loadIPPluginJar : add i3c
2026-05-04 11:11:21,552 [INFO] IPUIPlugin:80 - create IPUIPlugin
2026-05-04 11:11:21,552 [INFO] PluginManager:220 - loadIPPluginJar : add ipddr
2026-05-04 11:11:21,560 [INFO] IPUIPlugin:80 - create IPUIPlugin
2026-05-04 11:11:21,560 [INFO] PluginManager:220 - loadIPPluginJar : add linkedlist
2026-05-04 11:11:21,566 [INFO] IPUIPlugin:80 - create IPUIPlugin
2026-05-04 11:11:21,566 [INFO] PluginManager:220 - loadIPPluginJar : add lorawan
2026-05-04 11:11:21,567 [INFO] IPUIPlugin:80 - create IPUIPlugin
2026-05-04 11:11:21,567 [INFO] PluginManager:220 - loadIPPluginJar : add ltdc
2026-05-04 11:11:21,575 [INFO] IPUIPlugin:80 - create IPUIPlugin
2026-05-04 11:11:21,575 [INFO] PluginManager:220 - loadIPPluginJar : add mdma
2026-05-04 11:11:21,579 [INFO] IPUIPlugin:80 - create IPUIPlugin
2026-05-04 11:11:21,579 [INFO] PluginManager:220 - loadIPPluginJar : add nvic
2026-05-04 11:11:21,588 [INFO] IPUIPlugin:80 - create IPUIPlugin
2026-05-04 11:11:21,588 [INFO] PluginManager:220 - loadIPPluginJar : add opamp
2026-05-04 11:11:21,597 [INFO] IPUIPlugin:80 - create IPUIPlugin
2026-05-04 11:11:21,597 [INFO] PluginManager:220 - loadIPPluginJar : add openamp
2026-05-04 11:11:21,604 [INFO] IPUIPlugin:80 - create IPUIPlugin
2026-05-04 11:11:21,605 [INFO] PluginManager:220 - loadIPPluginJar : add pdm2pcm
2026-05-04 11:11:21,618 [INFO] IPUIPlugin:80 - create IPUIPlugin
2026-05-04 11:11:21,623 [INFO] PluginManager:220 - loadIPPluginJar : add plateformsettings
2026-05-04 11:11:21,626 [INFO] IPUIPlugin:80 - create IPUIPlugin
2026-05-04 11:11:21,627 [INFO] PluginManager:220 - loadIPPluginJar : add quadspi
2026-05-04 11:11:21,635 [INFO] IPUIPlugin:80 - create IPUIPlugin
2026-05-04 11:11:21,640 [INFO] PluginManager:220 - loadIPPluginJar : add radio
2026-05-04 11:11:21,649 [INFO] IPUIPlugin:80 - create IPUIPlugin
2026-05-04 11:11:21,649 [INFO] PluginManager:220 - loadIPPluginJar : add resmgrutility
2026-05-04 11:11:21,662 [INFO] IPUIPlugin:80 - create IPUIPlugin
2026-05-04 11:11:21,662 [INFO] PluginManager:220 - loadIPPluginJar : add sai
2026-05-04 11:11:21,668 [INFO] IPUIPlugin:80 - create IPUIPlugin
2026-05-04 11:11:21,669 [INFO] PluginManager:220 - loadIPPluginJar : add spi
2026-05-04 11:11:21,684 [INFO] IPUIPlugin:80 - create IPUIPlugin
2026-05-04 11:11:21,684 [INFO] PluginManager:220 - loadIPPluginJar : add stm32_wpan
2026-05-04 11:11:21,689 [INFO] IPUIPlugin:80 - create IPUIPlugin
2026-05-04 11:11:21,689 [INFO] PluginManager:220 - loadIPPluginJar : add tim
2026-05-04 11:11:21,695 [INFO] IPUIPlugin:80 - create IPUIPlugin
2026-05-04 11:11:21,695 [INFO] PluginManager:220 - loadIPPluginJar : add touchsensing
2026-05-04 11:11:21,700 [INFO] IPUIPlugin:80 - create IPUIPlugin
2026-05-04 11:11:21,701 [INFO] PluginManager:220 - loadIPPluginJar : add tracer_emb
2026-05-04 11:11:21,705 [INFO] IPUIPlugin:80 - create IPUIPlugin
2026-05-04 11:11:21,705 [INFO] PluginManager:220 - loadIPPluginJar : add ts
2026-05-04 11:11:21,708 [INFO] IPUIPlugin:80 - create IPUIPlugin
2026-05-04 11:11:21,708 [INFO] PluginManager:220 - loadIPPluginJar : add tsc
2026-05-04 11:11:21,710 [INFO] IPUIPlugin:80 - create IPUIPlugin
2026-05-04 11:11:21,711 [INFO] PluginManager:220 - loadIPPluginJar : add ucpd
2026-05-04 11:11:21,715 [INFO] IPUIPlugin:80 - create IPUIPlugin
2026-05-04 11:11:21,715 [INFO] PluginManager:220 - loadIPPluginJar : add usart
2026-05-04 11:11:21,720 [INFO] IPUIPlugin:80 - create IPUIPlugin
2026-05-04 11:11:21,720 [INFO] PluginManager:220 - loadIPPluginJar : add usbx
2026-05-04 11:11:21,883 [FATAL] Updater:351 - Updater called before beeing initialized
2026-05-04 11:11:21,943 [INFO] RulesReader:64 - Compatibility file has been processed (317 Rules)
2026-05-04 11:11:21,959 [INFO] RulesReader:64 - Compatibility file has been processed (317 Rules)
2026-05-04 11:11:21,980 [INFO] CADModel:165 - CPN selected for project level
2026-05-04 11:11:21,981 [INFO] CADModel:114 - Register for checkConnection events
2026-05-04 11:11:21,981 [FATAL] Updater:351 - Updater called before beeing initialized
2026-05-04 11:11:21,981 [ERROR] CADModel:125 - Updater not yet initialized, retry later 
2026-05-04 11:11:22,356 [FATAL] Updater:351 - Updater called before beeing initialized
2026-05-04 11:11:22,358 [INFO] CADModel:165 - CPN selected for project level
2026-05-04 11:11:22,359 [INFO] CADModel:114 - Register for checkConnection events
2026-05-04 11:11:22,359 [FATAL] Updater:351 - Updater called before beeing initialized
2026-05-04 11:11:22,359 [ERROR] CADModel:125 - Updater not yet initialized, retry later 
2026-05-04 11:11:22,362 [FATAL] Updater:351 - Updater called before beeing initialized
2026-05-04 11:11:22,498 [FATAL] Updater:351 - Updater called before beeing initialized
2026-05-04 11:11:22,504 [INFO] DbMcusAds:53 - JSON generation date=Mon Apr 27 13:44:29 IST 2026 (1777277669683)
2026-05-04 11:11:22,505 [FATAL] Updater:351 - Updater called before beeing initialized
2026-05-04 11:11:22,542 [WARN] DetailPanel:346 - Failed to get advertising image, set to default
2026-05-04 11:11:22,628 [FATAL] Updater:351 - Updater called before beeing initialized
2026-05-04 11:11:22,639 [FATAL] Updater:351 - Updater called before beeing initialized
2026-05-04 11:11:22,639 [FATAL] Updater:351 - Updater called before beeing initialized
2026-05-04 11:11:22,640 [WARN] DetailPanel:346 - Failed to get advertising image, set to default
2026-05-04 11:11:22,640 [FATAL] Updater:351 - Updater called before beeing initialized
2026-05-04 11:11:22,716 [ERROR] Updater:1198 - MainUpdater not yet initialized. External WinMGr cannot be set.
2026-05-04 11:11:22,719 [INFO] Updater:1134 - Updater Version found : 6.15.0
2026-05-04 11:11:22,739 [INFO] ApplicationProperties:184 - Using Application install path: C:\ST\STM32CubeIDE_1.19.0\STM32CubeIDE\plugins\com.st.stm32cube.common.mx_6.15.0.202507011659
2026-05-04 11:11:23,838 [INFO] ThirdPartyUpdaterWithRetryManager:70 - Updater plugin not ready yet. [2/15]
2026-05-04 11:11:24,352 [ERROR] LogOutputStream:75 - [STDERR_REDIRECT] May 04, 2026 11:11:24 AM java.util.prefs.WindowsPreferences <init>
2026-05-04 11:11:24,355 [ERROR] LogOutputStream:75 - [STDERR_REDIRECT] WARNING: Could not open/create prefs root node Software\JavaSoft\Prefs at root 0xffffffff80000002. Windows RegCreateKeyEx(...) returned error code 5.
2026-05-04 11:11:24,355 [ERROR] LogOutputStream:75 - [STDERR_REDIRECT] 
2026-05-04 11:11:24,962 [INFO] MainUpdater:2872 - connection check result : 10
2026-05-04 11:11:24,963 [INFO] MainUpdater:289 - Updater Check For Update Now.
2026-05-04 11:11:24,963 [INFO] MicroXplorer:498 - Change Database Version : DB.6.0.150
2026-05-04 11:11:24,981 [INFO] McuFinderGlobals:63 - Set McuFinder mode to 2 (CubeIDE integrated)
2026-05-04 11:11:24,982 [INFO] UserAuth:171 - activating auth plugin
2026-05-04 11:11:24,985 [INFO] UserAuth:487 - Internet connection configuration mode: 1
2026-05-04 11:11:25,067 [INFO] JxBrowserEngine:152 - Initiate JxBrowser Engine with user profile folder
2026-05-04 11:11:25,185 [INFO] CheckServerUpdateThread:120 - End of CheckServer Thread
2026-05-04 11:11:26,030 [INFO] WebApp:169 - Instantiating new browser for Auth
2026-05-04 11:11:27,168 [INFO] WebApp:463 - Apply proxy settings
2026-05-04 11:11:27,169 [INFO] WebApp:548 - Chromium requires no authentication
2026-05-04 11:11:27,188 [INFO] WebApp:491 - Direct internet connection detected
2026-05-04 11:11:27,239 [INFO] WebApp:900 - Register for checkConnection events
2026-05-04 11:11:27,240 [INFO] WebApp:463 - Apply proxy settings
2026-05-04 11:11:27,240 [INFO] WebApp:548 - Chromium requires no authentication
2026-05-04 11:11:27,241 [INFO] WebApp:491 - Direct internet connection detected
2026-05-04 11:11:27,382 [WARN] PackLoader:240 - Cannot read IP mode file for STMicroelectronics.X-CUBE-AZRTOS-H7.3.5.0
2026-05-04 11:11:27,399 [WARN] PackLoader:240 - Cannot read IP mode file for STMicroelectronics.FP-ATR-ASTRA1.2.0.2
2026-05-04 11:11:27,420 [WARN] PackLoader:240 - Cannot read IP mode file for STMicroelectronics.X-CUBE-SMBUS.2.1.0
2026-05-04 11:11:27,436 [WARN] PackLoader:240 - Cannot read IP mode file for STMicroelectronics.X-CUBE-AZRTOS-F7.1.1.0
2026-05-04 11:11:27,444 [WARN] PackLoader:240 - Cannot read IP mode file for STMicroelectronics.FP-SNS-MOTENV1.5.1.0
2026-05-04 11:11:27,463 [WARN] PackLoader:240 - Cannot read IP mode file for WES.I-CUBE-Cesium.1.4.0
2026-05-04 11:11:27,479 [WARN] PackLoader:240 - Cannot read IP mode file for STMicroelectronics.X-CUBE-DISPLAY.3.0.0
2026-05-04 11:11:27,516 [WARN] PackLoader:240 - Cannot read IP mode file for STMicroelectronics.FP-SNS-MOTENVWB1.1.5.0
2026-05-04 11:11:27,544 [WARN] PackLoader:240 - Cannot read IP mode file for STMicroelectronics.X-CUBE-NFC10.1.0.0
2026-05-04 11:11:27,561 [WARN] PackLoader:240 - Cannot read IP mode file for STMicroelectronics.X-CUBE-ST60.1.1.0
2026-05-04 11:11:27,577 [WARN] PackLoader:240 - Cannot read IP mode file for emotas.I-CUBE-CANOPEN.1.3.0
2026-05-04 11:11:27,643 [WARN] PackLoader:240 - Cannot read IP mode file for STMicroelectronics.X-CUBE-GNSS1.7.1.0
2026-05-04 11:11:27,647 [INFO] WebApp:191 - Connection restablished
2026-05-04 11:11:27,673 [WARN] PackLoader:240 - Cannot read IP mode file for STMicroelectronics.FP-SNS-STBOX1.2.1.0
2026-05-04 11:11:27,689 [WARN] PackLoader:240 - Cannot read IP mode file for STMicroelectronics.FP-SNS-SMARTAG2.1.2.0
2026-05-04 11:11:27,698 [WARN] PackLoader:240 - Cannot read IP mode file for STMicroelectronics.FP-SNS-FLIGHT1.5.1.0
2026-05-04 11:11:27,711 [INFO] LogOutputStream:77 - [STDOUT_REDIRECT] 1 : Invalid condition id : UX_CORESTACK_Condition cause : null
2026-05-04 11:11:27,714 [INFO] LogOutputStream:77 - [STDOUT_REDIRECT] 1 : Invalid condition id : UX_CORESTACK_Condition cause : null
2026-05-04 11:11:27,716 [INFO] LogOutputStream:77 - [STDOUT_REDIRECT] 1 : Invalid condition id : UX_CORESTACK_Condition cause : null
2026-05-04 11:11:27,717 [INFO] LogOutputStream:77 - [STDOUT_REDIRECT] 1 : Invalid condition id : UX_CORESTACK_Condition cause : null
2026-05-04 11:11:27,718 [INFO] LogOutputStream:77 - [STDOUT_REDIRECT] 1 : Invalid condition id : UX_CORESTACK_Condition cause : null
2026-05-04 11:11:27,721 [WARN] PackLoader:240 - Cannot read IP mode file for STMicroelectronics.X-CUBE-AZRTOS-WL.2.0.0
2026-05-04 11:11:27,739 [WARN] PackLoader:240 - Cannot read IP mode file for STMicroelectronics.X-CUBE-AZRTOS-H7RS.1.2.0
2026-05-04 11:11:27,754 [WARN] PackLoader:240 - Cannot read IP mode file for STMicroelectronics.X-CUBE-BLE2.3.3.0
2026-05-04 11:11:27,816 [WARN] PackLoader:240 - Cannot read IP mode file for Infineon.AIROC-Wi-Fi-Bluetooth-STM32.1.8.0
2026-05-04 11:11:27,826 [WARN] PackLoader:240 - Cannot read IP mode file for STMicroelectronics.X-CUBE-NFC9.1.0.0
2026-05-04 11:11:27,832 [WARN] PackLoader:240 - Cannot read IP mode file for STMicroelectronics.X-CUBE-BLE1.7.1.0
2026-05-04 11:11:27,839 [WARN] PackLoader:240 - Cannot read IP mode file for wolfSSL.I-CUBE-wolfMQTT.1.19.2
2026-05-04 11:11:27,848 [WARN] PackLoader:240 - Cannot read IP mode file for STMicroelectronics.X-CUBE-EEPRMA1.5.2.0
2026-05-04 11:11:27,854 [WARN] PackLoader:240 - Cannot read IP mode file for wolfSSL.I-CUBE-wolfSSL.5.8.4
2026-05-04 11:11:27,859 [WARN] PackLoader:240 - Cannot read IP mode file for Cesanta.I-CUBE-Mongoose.7.20.0
2026-05-04 11:11:27,867 [WARN] PackLoader:240 - Cannot read IP mode file for STMicroelectronics.FP-SNS-STAIOTCFT.1.1.0
2026-05-04 11:11:27,910 [WARN] PackLoader:240 - Cannot read IP mode file for STMicroelectronics.X-CUBE-MEMS1.12.0.0
2026-05-04 11:11:28,047 [WARN] PackLoader:240 - Cannot read IP mode file for STMicroelectronics.X-CUBE-AZRTOS-G0.1.1.0
2026-05-04 11:11:28,062 [WARN] PackLoader:240 - Cannot read IP mode file for STMicroelectronics.X-CUBE-NFC4.3.0.0
2026-05-04 11:11:28,085 [WARN] PackLoader:240 - Cannot read IP mode file for EmbeddedOffice.I-CUBE-FS-RTOS.1.0.1
2026-05-04 11:11:28,101 [WARN] PackLoader:240 - Cannot read IP mode file for STMicroelectronics.X-CUBE-WB05N.2.0.0
2026-05-04 11:11:28,111 [WARN] PackLoader:240 - Cannot read IP mode file for wolfSSL.I-CUBE-wolfTPM.3.8.0
2026-05-04 11:11:28,119 [WARN] PackLoader:240 - Cannot read IP mode file for STMicroelectronics.X-CUBE-TCPP.4.2.0
2026-05-04 11:11:28,125 [WARN] PackLoader:240 - Cannot read IP mode file for RealThread.X-CUBE-RT-Thread_Nano.4.1.1
2026-05-04 11:11:28,130 [WARN] PackLoader:240 - Cannot read IP mode file for STMicroelectronics.FP-ATR-SIGFOX1.3.2.0
2026-05-04 11:11:28,142 [WARN] PackLoader:240 - Cannot read IP mode file for STMicroelectronics.X-CUBE-FREERTOS.1.5.0
2026-05-04 11:11:28,157 [WARN] PackLoader:240 - Cannot read IP mode file for ITTIA_DB.I-CUBE-ITTIADB.8.9.0
2026-05-04 11:11:28,177 [WARN] PackLoader:240 - Cannot read IP mode file for STMicroelectronics.X-CUBE-NFC6.3.2.0
2026-05-04 11:11:28,202 [WARN] PackLoader:240 - Cannot read IP mode file for STMicroelectronics.X-CUBE-AI.10.2.0
2026-05-04 11:11:28,237 [WARN] PackLoader:240 - Cannot read IP mode file for SEGGER.I-CUBE-embOS.1.3.1
2026-05-04 11:11:28,322 [WARN] PackLoader:240 - Cannot read IP mode file for STMicroelectronics.X-CUBE-ALGOBUILD.1.4.0
2026-05-04 11:11:28,333 [WARN] PackLoader:240 - Cannot read IP mode file for STMicroelectronics.X-CUBE-PM33A1.1.0.0
2026-05-04 11:11:28,346 [WARN] PackLoader:240 - Cannot read IP mode file for STMicroelectronics.X-CUBE-AZRTOS-F4.1.1.0
2026-05-04 11:11:28,355 [WARN] PackLoader:240 - Cannot read IP mode file for STMicroelectronics.X-CUBE-ISPU.2.1.0
2026-05-04 11:11:28,368 [WARN] PackLoader:240 - Cannot read IP mode file for STMicroelectronics.X-CUBE-IPS.3.2.0
2026-05-04 11:11:28,381 [WARN] PackLoader:240 - Cannot read IP mode file for STMicroelectronics.eDS-WB_DPC_TT-BIDIR.2.1.1
2026-05-04 11:11:28,389 [WARN] PackLoader:240 - Cannot read IP mode file for STMicroelectronics.X-CUBE-NFC12.1.0.0
2026-05-04 11:11:28,401 [WARN] PackLoader:240 - Cannot read IP mode file for STMicroelectronics.X-CUBE-AZRTOS-L5.2.0.0
2026-05-04 11:11:28,407 [WARN] PackLoader:240 - Cannot read IP mode file for STMicroelectronics.eDS-WB_DPC_VIENNA.1.2.0
2026-05-04 11:11:28,410 [WARN] PackLoader:240 - Cannot read IP mode file for STMicroelectronics.eDS-WB_DPC_3PH2L-BIDIR.1.1.1
2026-05-04 11:11:28,416 [ERROR] Engine:466 - C:\Users\Mujaid\.stm32cubemx\thirdparties\pdsc\STMicroelectronics.X-CUBE-ST67W61.1.3.0.pdsc: PDSC version is not supported
2026-05-04 11:11:28,429 [WARN] PackLoader:240 - Cannot read IP mode file for STMicroelectronics.X-CUBE-TOUCHGFX.4.26.1
2026-05-04 11:11:28,439 [WARN] PackLoader:240 - Cannot read IP mode file for STMicroelectronics.FP-SNS-STAIOTCFT.1.0.0
2026-05-04 11:11:28,450 [WARN] PackLoader:240 - Cannot read IP mode file for STMicroelectronics.X-CUBE-DPower.1.3.0
2026-05-04 11:11:28,468 [WARN] ConditionMgr:438 - getConditionDescription Invalid condition id : LAN8742 Phy interface Condition cause : null
2026-05-04 11:11:28,469 [WARN] PackLoader:240 - Cannot read IP mode file for STMicroelectronics.X-CUBE-AZRTOS-L4.2.0.0
2026-05-04 11:11:28,471 [WARN] ConditionMgr:1044 - genDependencies : Invalid condition id : LAN8742 Phy interface Condition cause : null
2026-05-04 11:11:28,471 [WARN] ConditionMgr:1044 - genDependencies : Invalid condition id : LAN8742 Phy interface Condition cause : null
2026-05-04 11:11:28,471 [WARN] ConditionMgr:1044 - genDependencies : Invalid condition id : LAN8742 Phy interface Condition cause : null
2026-05-04 11:11:28,480 [WARN] PackLoader:240 - Cannot read IP mode file for STMicroelectronics.X-CUBE-SFXS2LP1.4.0.0
2026-05-04 11:11:28,486 [WARN] PackLoader:240 - Cannot read IP mode file for STMicroelectronics.X-CUBE-WB05N.2.1.0
2026-05-04 11:11:28,495 [WARN] PackLoader:240 - Cannot read IP mode file for STMicroelectronics.X-CUBE-ST67W61.1.2.0
2026-05-04 11:11:28,497 [INFO] WebApp:225 - Starting web application
2026-05-04 11:11:28,498 [INFO] WebApp:593 - Web application path used C:\ST\STM32CubeIDE_1.19.0\STM32CubeIDE\plugins\com.st.stm32cube.common.mx_6.15.0.202507011659\db\plugins\mcufinder\reactClient1\index.html
2026-05-04 11:11:28,512 [WARN] PackLoader:240 - Cannot read IP mode file for STMicroelectronics.X-CUBE-BLEMGR.4.1.0
2026-05-04 11:11:28,544 [WARN] ConditionMgr:438 - getConditionDescription Invalid condition id : UX DEVICE CLASS RTOS Condition cause : null
2026-05-04 11:11:28,544 [WARN] ConditionMgr:438 - getConditionDescription Invalid condition id : UX DEVICE CLASS RTOS Condition cause : null
2026-05-04 11:11:28,545 [WARN] PackLoader:240 - Cannot read IP mode file for STMicroelectronics.X-CUBE-AZRTOS-WB.2.0.0
2026-05-04 11:11:28,546 [WARN] ConditionMgr:1044 - genDependencies : Invalid condition id : UX DEVICE CLASS RTOS Condition cause : null
2026-05-04 11:11:28,546 [WARN] ConditionMgr:1044 - genDependencies : Invalid condition id : UX DEVICE CLASS RTOS Condition cause : null
2026-05-04 11:11:28,546 [WARN] ConditionMgr:1044 - genDependencies : Invalid condition id : UX DEVICE CLASS RTOS Condition cause : null
2026-05-04 11:11:28,546 [WARN] ConditionMgr:1044 - genDependencies : Invalid condition id : UX DEVICE CLASS RTOS Condition cause : null
2026-05-04 11:11:28,546 [WARN] ConditionMgr:1044 - genDependencies : Invalid condition id : UX DEVICE CLASS RTOS Condition cause : null
2026-05-04 11:11:28,555 [WARN] ConditionMgr:438 - getConditionDescription Invalid condition id : Cortex-A Device cause : null
2026-05-04 11:11:28,587 [WARN] ConditionMgr:1044 - genDependencies : Invalid condition id : Cortex-A Device cause : null
2026-05-04 11:11:28,587 [WARN] ConditionMgr:1044 - genDependencies : Invalid condition id : Cortex-A Device cause : null
2026-05-04 11:11:28,587 [WARN] ConditionMgr:1044 - genDependencies : Invalid condition id : Cortex-A Device cause : null
2026-05-04 11:11:28,596 [WARN] PackLoader:240 - Cannot read IP mode file for STMicroelectronics.X-CUBE-STSE01.2.0.0
2026-05-04 11:11:28,617 [WARN] PackLoader:240 - Cannot read IP mode file for STMicroelectronics.X-CUBE-SUBG2.5.0.0
2026-05-04 11:11:28,645 [WARN] PackLoader:240 - Cannot read IP mode file for STMicroelectronics.X-CUBE-AZRTOS-G4.2.0.0
2026-05-04 11:11:28,660 [WARN] PackLoader:240 - Cannot read IP mode file for wolfSSL.I-CUBE-wolfSSH.1.4.20
2026-05-04 11:11:28,673 [WARN] PackLoader:240 - Cannot read IP mode file for STMicroelectronics.X-CUBE-NFC7.2.0.0
2026-05-04 11:11:28,687 [WARN] PackLoader:240 - Cannot read IP mode file for STMicroelectronics.X-CUBE-ALS.1.0.2
2026-05-04 11:11:28,744 [WARN] PackLoader:240 - Cannot read IP mode file for STMicroelectronics.X-CUBE-TOF1.3.4.3
2026-05-04 11:11:28,759 [INFO] ThirdParty:978 - Integrity check success = true
2026-05-04 11:11:28,759 [INFO] IntegrityCheckThread:100 - exiting critical section [integrity check]
2026-05-04 11:11:28,759 [INFO] IntegrityCheckThread:103 - End integrity checks thread
2026-05-04 11:11:29,392 [ERROR] LogOutputStream:75 - [STDERR_REDIRECT] [Fatal Error] :1:1: Premature end of file.
2026-05-04 11:11:29,393 [ERROR] LogOutputStream:75 - [STDERR_REDIRECT] 
2026-05-04 11:11:30,148 [ERROR] LogOutputStream:75 - [STDERR_REDIRECT] [Fatal Error] :1:1: Premature end of file.
2026-05-04 11:11:30,149 [ERROR] LogOutputStream:75 - [STDERR_REDIRECT] 
2026-05-04 11:11:31,118 [ERROR] LogOutputStream:75 - [STDERR_REDIRECT] [Fatal Error] :1:1: Premature end of file.
2026-05-04 11:11:31,119 [ERROR] LogOutputStream:75 - [STDERR_REDIRECT] 
2026-05-04 11:11:32,127 [ERROR] LogOutputStream:75 - [STDERR_REDIRECT] [Fatal Error] :1:1: Premature end of file.
2026-05-04 11:11:32,127 [ERROR] LogOutputStream:75 - [STDERR_REDIRECT] 
2026-05-04 11:11:33,133 [ERROR] LogOutputStream:75 - [STDERR_REDIRECT] [Fatal Error] :1:1: Premature end of file.
2026-05-04 11:11:33,133 [ERROR] LogOutputStream:75 - [STDERR_REDIRECT] 
2026-05-04 11:11:34,119 [ERROR] LogOutputStream:75 - [STDERR_REDIRECT] [Fatal Error] :1:1: Premature end of file.
2026-05-04 11:11:34,119 [ERROR] LogOutputStream:75 - [STDERR_REDIRECT] 
2026-05-04 11:11:35,119 [ERROR] LogOutputStream:75 - [STDERR_REDIRECT] [Fatal Error] :1:1: Premature end of file.
2026-05-04 11:11:35,119 [ERROR] LogOutputStream:75 - [STDERR_REDIRECT] 
2026-05-04 11:11:36,124 [ERROR] LogOutputStream:75 - [STDERR_REDIRECT] [Fatal Error] :1:1: Premature end of file.
2026-05-04 11:11:36,125 [ERROR] LogOutputStream:75 - [STDERR_REDIRECT] 
2026-05-04 11:11:37,167 [ERROR] LogOutputStream:75 - [STDERR_REDIRECT] [Fatal Error] :1:1: Premature end of file.
2026-05-04 11:11:37,167 [ERROR] LogOutputStream:75 - [STDERR_REDIRECT] 
2026-05-04 11:11:38,168 [ERROR] LogOutputStream:75 - [STDERR_REDIRECT] [Fatal Error] :1:1: Premature end of file.
2026-05-04 11:11:38,168 [ERROR] LogOutputStream:75 - [STDERR_REDIRECT] 
2026-05-04 11:11:39,223 [ERROR] LogOutputStream:75 - [STDERR_REDIRECT] [Fatal Error] :1:1: Premature end of file.
2026-05-04 11:11:39,223 [ERROR] LogOutputStream:75 - [STDERR_REDIRECT] 
2026-05-04 11:11:40,125 [ERROR] LogOutputStream:75 - [STDERR_REDIRECT] [Fatal Error] :1:1: Premature end of file.
2026-05-04 11:11:40,126 [ERROR] LogOutputStream:75 - [STDERR_REDIRECT] 
2026-05-04 11:11:41,140 [ERROR] LogOutputStream:75 - [STDERR_REDIRECT] [Fatal Error] :1:1: Premature end of file.
2026-05-04 11:11:41,140 [ERROR] LogOutputStream:75 - [STDERR_REDIRECT] 
2026-05-04 11:11:42,150 [ERROR] LogOutputStream:75 - [STDERR_REDIRECT] [Fatal Error] :1:1: Premature end of file.
2026-05-04 11:11:42,151 [ERROR] LogOutputStream:75 - [STDERR_REDIRECT] 
2026-05-04 11:11:43,122 [ERROR] LogOutputStream:75 - [STDERR_REDIRECT] [Fatal Error] :1:1: Premature end of file.
2026-05-04 11:11:43,122 [ERROR] LogOutputStream:75 - [STDERR_REDIRECT] 
2026-05-04 11:11:44,127 [ERROR] LogOutputStream:75 - [STDERR_REDIRECT] [Fatal Error] :1:1: Premature end of file.
2026-05-04 11:11:44,127 [ERROR] LogOutputStream:75 - [STDERR_REDIRECT] 
2026-05-04 11:11:45,181 [ERROR] LogOutputStream:75 - [STDERR_REDIRECT] [Fatal Error] :1:1: Premature end of file.
2026-05-04 11:11:45,182 [ERROR] LogOutputStream:75 - [STDERR_REDIRECT] 
2026-05-04 11:11:46,153 [ERROR] LogOutputStream:75 - [STDERR_REDIRECT] [Fatal Error] :1:1: Premature end of file.
2026-05-04 11:11:46,155 [ERROR] LogOutputStream:75 - [STDERR_REDIRECT] 
2026-05-04 11:11:47,160 [ERROR] LogOutputStream:75 - [STDERR_REDIRECT] [Fatal Error] :1:1: Premature end of file.
2026-05-04 11:11:47,161 [ERROR] LogOutputStream:75 - [STDERR_REDIRECT] 
2026-05-04 11:11:48,149 [ERROR] LogOutputStream:75 - [STDERR_REDIRECT] [Fatal Error] :1:1: Premature end of file.
2026-05-04 11:11:48,151 [ERROR] LogOutputStream:75 - [STDERR_REDIRECT] 
2026-05-04 11:11:49,139 [ERROR] LogOutputStream:75 - [STDERR_REDIRECT] [Fatal Error] :1:1: Premature end of file.
2026-05-04 11:11:49,139 [ERROR] LogOutputStream:75 - [STDERR_REDIRECT] 
2026-05-04 11:11:50,141 [ERROR] LogOutputStream:75 - [STDERR_REDIRECT] [Fatal Error] :1:1: Premature end of file.
2026-05-04 11:11:50,142 [ERROR] LogOutputStream:75 - [STDERR_REDIRECT] 
2026-05-04 11:11:51,174 [ERROR] LogOutputStream:75 - [STDERR_REDIRECT] [Fatal Error] :1:1: Premature end of file.
2026-05-04 11:11:51,176 [ERROR] LogOutputStream:75 - [STDERR_REDIRECT] 
2026-05-04 11:11:52,135 [ERROR] LogOutputStream:75 - [STDERR_REDIRECT] [Fatal Error] :1:1: Premature end of file.
2026-05-04 11:11:52,136 [ERROR] LogOutputStream:75 - [STDERR_REDIRECT] 
2026-05-04 11:11:53,171 [ERROR] LogOutputStream:75 - [STDERR_REDIRECT] [Fatal Error] :1:1: Premature end of file.
2026-05-04 11:11:53,172 [ERROR] LogOutputStream:75 - [STDERR_REDIRECT] 
2026-05-04 11:11:54,167 [ERROR] LogOutputStream:75 - [STDERR_REDIRECT] [Fatal Error] :1:1: Premature end of file.
2026-05-04 11:11:54,168 [ERROR] LogOutputStream:75 - [STDERR_REDIRECT] 
2026-05-04 11:11:55,127 [ERROR] LogOutputStream:75 - [STDERR_REDIRECT] [Fatal Error] :1:1: Premature end of file.
2026-05-04 11:11:55,129 [ERROR] LogOutputStream:75 - [STDERR_REDIRECT] 
2026-05-04 11:11:56,163 [ERROR] LogOutputStream:75 - [STDERR_REDIRECT] [Fatal Error] :1:1: Premature end of file.
2026-05-04 11:11:56,164 [ERROR] LogOutputStream:75 - [STDERR_REDIRECT] 
2026-05-04 11:11:57,138 [ERROR] LogOutputStream:75 - [STDERR_REDIRECT] [Fatal Error] :1:1: Premature end of file.
2026-05-04 11:11:57,139 [ERROR] LogOutputStream:75 - [STDERR_REDIRECT] 
2026-05-04 11:11:58,163 [ERROR] LogOutputStream:75 - [STDERR_REDIRECT] [Fatal Error] :1:1: Premature end of file.
2026-05-04 11:11:58,163 [ERROR] LogOutputStream:75 - [STDERR_REDIRECT] 
2026-05-04 11:11:59,144 [ERROR] LogOutputStream:75 - [STDERR_REDIRECT] [Fatal Error] :1:1: Premature end of file.
2026-05-04 11:11:59,145 [ERROR] LogOutputStream:75 - [STDERR_REDIRECT] 
2026-05-04 11:12:00,134 [ERROR] LogOutputStream:75 - [STDERR_REDIRECT] [Fatal Error] :1:1: Premature end of file.
2026-05-04 11:12:00,134 [ERROR] LogOutputStream:75 - [STDERR_REDIRECT] 
2026-05-04 11:12:01,136 [ERROR] LogOutputStream:75 - [STDERR_REDIRECT] [Fatal Error] :1:1: Premature end of file.
2026-05-04 11:12:01,136 [ERROR] LogOutputStream:75 - [STDERR_REDIRECT] 
2026-05-04 11:12:02,185 [ERROR] LogOutputStream:75 - [STDERR_REDIRECT] [Fatal Error] :1:1: Premature end of file.
2026-05-04 11:12:02,186 [ERROR] LogOutputStream:75 - [STDERR_REDIRECT] 
2026-05-04 11:12:03,143 [ERROR] LogOutputStream:75 - [STDERR_REDIRECT] [Fatal Error] :1:1: Premature end of file.
2026-05-04 11:12:03,144 [ERROR] LogOutputStream:75 - [STDERR_REDIRECT] 
2026-05-04 11:12:04,164 [ERROR] LogOutputStream:75 - [STDERR_REDIRECT] [Fatal Error] :1:1: Premature end of file.
2026-05-04 11:12:04,165 [ERROR] LogOutputStream:75 - [STDERR_REDIRECT] 
2026-05-04 11:12:05,141 [ERROR] LogOutputStream:75 - [STDERR_REDIRECT] [Fatal Error] :1:1: Premature end of file.
2026-05-04 11:12:05,142 [ERROR] LogOutputStream:75 - [STDERR_REDIRECT] 
2026-05-04 11:12:06,153 [ERROR] LogOutputStream:75 - [STDERR_REDIRECT] [Fatal Error] :1:1: Premature end of file.
2026-05-04 11:12:06,154 [ERROR] LogOutputStream:75 - [STDERR_REDIRECT] 
2026-05-04 11:12:07,157 [ERROR] LogOutputStream:75 - [STDERR_REDIRECT] [Fatal Error] :1:1: Premature end of file.
2026-05-04 11:12:07,157 [ERROR] LogOutputStream:75 - [STDERR_REDIRECT] 
2026-05-04 11:12:08,162 [ERROR] LogOutputStream:75 - [STDERR_REDIRECT] [Fatal Error] :1:1: Premature end of file.
2026-05-04 11:12:08,164 [ERROR] LogOutputStream:75 - [STDERR_REDIRECT] 
2026-05-04 11:12:09,127 [ERROR] LogOutputStream:75 - [STDERR_REDIRECT] [Fatal Error] :1:1: Premature end of file.
2026-05-04 11:12:09,128 [ERROR] LogOutputStream:75 - [STDERR_REDIRECT] 
2026-05-04 11:12:10,148 [ERROR] LogOutputStream:75 - [STDERR_REDIRECT] [Fatal Error] :1:1: Premature end of file.
2026-05-04 11:12:10,149 [ERROR] LogOutputStream:75 - [STDERR_REDIRECT] 
2026-05-04 11:12:11,129 [ERROR] LogOutputStream:75 - [STDERR_REDIRECT] [Fatal Error] :1:1: Premature end of file.
2026-05-04 11:12:11,129 [ERROR] LogOutputStream:75 - [STDERR_REDIRECT] 
2026-05-04 11:12:12,163 [ERROR] LogOutputStream:75 - [STDERR_REDIRECT] [Fatal Error] :1:1: Premature end of file.
2026-05-04 11:12:12,164 [ERROR] LogOutputStream:75 - [STDERR_REDIRECT] 
2026-05-04 11:12:13,149 [ERROR] LogOutputStream:75 - [STDERR_REDIRECT] [Fatal Error] :1:1: Premature end of file.
2026-05-04 11:12:13,149 [ERROR] LogOutputStream:75 - [STDERR_REDIRECT] 
2026-05-04 11:12:14,182 [ERROR] LogOutputStream:75 - [STDERR_REDIRECT] [Fatal Error] :1:1: Premature end of file.
2026-05-04 11:12:14,182 [ERROR] LogOutputStream:75 - [STDERR_REDIRECT] 
2026-05-04 11:12:15,158 [ERROR] LogOutputStream:75 - [STDERR_REDIRECT] [Fatal Error] :1:1: Premature end of file.
2026-05-04 11:12:15,159 [ERROR] LogOutputStream:75 - [STDERR_REDIRECT] 
2026-05-04 11:12:16,168 [ERROR] LogOutputStream:75 - [STDERR_REDIRECT] [Fatal Error] :1:1: Premature end of file.
2026-05-04 11:12:16,169 [ERROR] LogOutputStream:75 - [STDERR_REDIRECT] 
2026-05-04 11:12:17,181 [ERROR] LogOutputStream:75 - [STDERR_REDIRECT] [Fatal Error] :1:1: Premature end of file.
2026-05-04 11:12:17,181 [ERROR] LogOutputStream:75 - [STDERR_REDIRECT] 
2026-05-04 11:12:18,145 [ERROR] LogOutputStream:75 - [STDERR_REDIRECT] [Fatal Error] :1:1: Premature end of file.
2026-05-04 11:12:18,146 [ERROR] LogOutputStream:75 - [STDERR_REDIRECT] 
2026-05-04 11:12:19,144 [ERROR] LogOutputStream:75 - [STDERR_REDIRECT] [Fatal Error] :1:1: Premature end of file.
2026-05-04 11:12:19,145 [ERROR] LogOutputStream:75 - [STDERR_REDIRECT] 
2026-05-04 11:12:20,133 [ERROR] LogOutputStream:75 - [STDERR_REDIRECT] [Fatal Error] :1:1: Premature end of file.
2026-05-04 11:12:20,133 [ERROR] LogOutputStream:75 - [STDERR_REDIRECT] 
2026-05-04 11:12:21,137 [ERROR] LogOutputStream:75 - [STDERR_REDIRECT] [Fatal Error] :1:1: Premature end of file.
2026-05-04 11:12:21,138 [ERROR] LogOutputStream:75 - [STDERR_REDIRECT] 
2026-05-04 11:12:22,158 [ERROR] LogOutputStream:75 - [STDERR_REDIRECT] [Fatal Error] :1:1: Premature end of file.
2026-05-04 11:12:22,159 [ERROR] LogOutputStream:75 - [STDERR_REDIRECT] 
2026-05-04 11:12:23,177 [ERROR] LogOutputStream:75 - [STDERR_REDIRECT] [Fatal Error] :1:1: Premature end of file.
2026-05-04 11:12:23,179 [ERROR] LogOutputStream:75 - [STDERR_REDIRECT] 
2026-05-04 11:12:24,123 [ERROR] LogOutputStream:75 - [STDERR_REDIRECT] [Fatal Error] :1:1: Premature end of file.
2026-05-04 11:12:24,124 [ERROR] LogOutputStream:75 - [STDERR_REDIRECT] 
2026-05-04 11:12:25,159 [ERROR] LogOutputStream:75 - [STDERR_REDIRECT] [Fatal Error] :1:1: Premature end of file.
2026-05-04 11:12:25,161 [ERROR] LogOutputStream:75 - [STDERR_REDIRECT] 
2026-05-04 11:12:26,147 [ERROR] LogOutputStream:75 - [STDERR_REDIRECT] [Fatal Error] :1:1: Premature end of file.
2026-05-04 11:12:26,149 [ERROR] LogOutputStream:75 - [STDERR_REDIRECT] 
2026-05-04 11:12:27,154 [ERROR] LogOutputStream:75 - [STDERR_REDIRECT] [Fatal Error] :1:1: Premature end of file.
2026-05-04 11:12:27,154 [ERROR] LogOutputStream:75 - [STDERR_REDIRECT] 
2026-05-04 11:12:28,155 [ERROR] LogOutputStream:75 - [STDERR_REDIRECT] [Fatal Error] :1:1: Premature end of file.
2026-05-04 11:12:28,156 [ERROR] LogOutputStream:75 - [STDERR_REDIRECT] 
2026-05-04 11:12:29,149 [ERROR] LogOutputStream:75 - [STDERR_REDIRECT] [Fatal Error] :1:1: Premature end of file.
2026-05-04 11:12:29,149 [ERROR] LogOutputStream:75 - [STDERR_REDIRECT] 
2026-05-04 11:12:30,190 [ERROR] LogOutputStream:75 - [STDERR_REDIRECT] [Fatal Error] :1:1: Premature end of file.
2026-05-04 11:12:30,191 [ERROR] LogOutputStream:75 - [STDERR_REDIRECT] 
2026-05-04 11:12:31,172 [ERROR] LogOutputStream:75 - [STDERR_REDIRECT] [Fatal Error] :1:1: Premature end of file.
2026-05-04 11:12:31,174 [ERROR] LogOutputStream:75 - [STDERR_REDIRECT] 
2026-05-04 11:12:32,152 [ERROR] LogOutputStream:75 - [STDERR_REDIRECT] [Fatal Error] :1:1: Premature end of file.
2026-05-04 11:12:32,153 [ERROR] LogOutputStream:75 - [STDERR_REDIRECT] 
2026-05-04 11:12:33,167 [ERROR] LogOutputStream:75 - [STDERR_REDIRECT] [Fatal Error] :1:1: Premature end of file.
2026-05-04 11:12:33,167 [ERROR] LogOutputStream:75 - [STDERR_REDIRECT] 
2026-05-04 11:12:34,154 [ERROR] LogOutputStream:75 - [STDERR_REDIRECT] [Fatal Error] :1:1: Premature end of file.
2026-05-04 11:12:34,154 [ERROR] LogOutputStream:75 - [STDERR_REDIRECT] 
2026-05-04 11:12:35,162 [ERROR] LogOutputStream:75 - [STDERR_REDIRECT] [Fatal Error] :1:1: Premature end of file.
2026-05-04 11:12:35,163 [ERROR] LogOutputStream:75 - [STDERR_REDIRECT] 
2026-05-04 11:12:36,153 [ERROR] LogOutputStream:75 - [STDERR_REDIRECT] [Fatal Error] :1:1: Premature end of file.
2026-05-04 11:12:36,154 [ERROR] LogOutputStream:75 - [STDERR_REDIRECT] 
2026-05-04 11:12:37,140 [ERROR] LogOutputStream:75 - [STDERR_REDIRECT] [Fatal Error] :1:1: Premature end of file.
2026-05-04 11:12:37,140 [ERROR] LogOutputStream:75 - [STDERR_REDIRECT] 
2026-05-04 11:12:38,159 [ERROR] LogOutputStream:75 - [STDERR_REDIRECT] [Fatal Error] :1:1: Premature end of file.
2026-05-04 11:12:38,160 [ERROR] LogOutputStream:75 - [STDERR_REDIRECT] 
2026-05-04 11:12:39,133 [ERROR] LogOutputStream:75 - [STDERR_REDIRECT] [Fatal Error] :1:1: Premature end of file.
2026-05-04 11:12:39,134 [ERROR] LogOutputStream:75 - [STDERR_REDIRECT] 
2026-05-04 11:12:40,193 [ERROR] LogOutputStream:75 - [STDERR_REDIRECT] [Fatal Error] :1:1: Premature end of file.
2026-05-04 11:12:40,194 [ERROR] LogOutputStream:75 - [STDERR_REDIRECT] 
2026-05-04 11:12:41,209 [ERROR] LogOutputStream:75 - [STDERR_REDIRECT] [Fatal Error] :1:1: Premature end of file.
2026-05-04 11:12:41,210 [ERROR] LogOutputStream:75 - [STDERR_REDIRECT] 
2026-05-04 11:12:42,157 [ERROR] LogOutputStream:75 - [STDERR_REDIRECT] [Fatal Error] :1:1: Premature end of file.
2026-05-04 11:12:42,158 [ERROR] LogOutputStream:75 - [STDERR_REDIRECT] 
2026-05-04 11:12:43,204 [ERROR] LogOutputStream:75 - [STDERR_REDIRECT] [Fatal Error] :1:1: Premature end of file.
2026-05-04 11:12:43,206 [ERROR] LogOutputStream:75 - [STDERR_REDIRECT] 
2026-05-04 11:12:44,151 [ERROR] LogOutputStream:75 - [STDERR_REDIRECT] [Fatal Error] :1:1: Premature end of file.
2026-05-04 11:12:44,151 [ERROR] LogOutputStream:75 - [STDERR_REDIRECT] 
2026-05-04 11:12:45,158 [ERROR] LogOutputStream:75 - [STDERR_REDIRECT] [Fatal Error] :1:1: Premature end of file.
2026-05-04 11:12:45,159 [ERROR] LogOutputStream:75 - [STDERR_REDIRECT] 
2026-05-04 11:12:46,159 [ERROR] LogOutputStream:75 - [STDERR_REDIRECT] [Fatal Error] :1:1: Premature end of file.
2026-05-04 11:12:46,160 [ERROR] LogOutputStream:75 - [STDERR_REDIRECT] 
2026-05-04 11:12:47,200 [ERROR] LogOutputStream:75 - [STDERR_REDIRECT] [Fatal Error] :1:1: Premature end of file.
2026-05-04 11:12:47,201 [ERROR] LogOutputStream:75 - [STDERR_REDIRECT] 
2026-05-04 11:12:48,136 [ERROR] LogOutputStream:75 - [STDERR_REDIRECT] [Fatal Error] :1:1: Premature end of file.
2026-05-04 11:12:48,136 [ERROR] LogOutputStream:75 - [STDERR_REDIRECT] 
2026-05-04 11:12:49,132 [ERROR] LogOutputStream:75 - [STDERR_REDIRECT] [Fatal Error] :1:1: Premature end of file.
2026-05-04 11:12:49,133 [ERROR] LogOutputStream:75 - [STDERR_REDIRECT] 
2026-05-04 11:12:50,128 [ERROR] LogOutputStream:75 - [STDERR_REDIRECT] [Fatal Error] :1:1: Premature end of file.
2026-05-04 11:12:50,130 [ERROR] LogOutputStream:75 - [STDERR_REDIRECT] 
2026-05-04 11:12:51,163 [ERROR] LogOutputStream:75 - [STDERR_REDIRECT] [Fatal Error] :1:1: Premature end of file.
2026-05-04 11:12:51,164 [ERROR] LogOutputStream:75 - [STDERR_REDIRECT] 
2026-05-04 11:12:52,157 [ERROR] LogOutputStream:75 - [STDERR_REDIRECT] [Fatal Error] :1:1: Premature end of file.
2026-05-04 11:12:52,158 [ERROR] LogOutputStream:75 - [STDERR_REDIRECT] 
2026-05-04 11:12:53,156 [ERROR] LogOutputStream:75 - [STDERR_REDIRECT] [Fatal Error] :1:1: Premature end of file.
2026-05-04 11:12:53,156 [ERROR] LogOutputStream:75 - [STDERR_REDIRECT] 
2026-05-04 11:12:54,188 [ERROR] LogOutputStream:75 - [STDERR_REDIRECT] [Fatal Error] :1:1: Premature end of file.
2026-05-04 11:12:54,189 [ERROR] LogOutputStream:75 - [STDERR_REDIRECT] 
2026-05-04 11:12:55,145 [ERROR] LogOutputStream:75 - [STDERR_REDIRECT] [Fatal Error] :1:1: Premature end of file.
2026-05-04 11:12:55,145 [ERROR] LogOutputStream:75 - [STDERR_REDIRECT] 
2026-05-04 11:12:56,156 [ERROR] LogOutputStream:75 - [STDERR_REDIRECT] [Fatal Error] :1:1: Premature end of file.
2026-05-04 11:12:56,157 [ERROR] LogOutputStream:75 - [STDERR_REDIRECT] 
2026-05-04 11:12:57,166 [ERROR] LogOutputStream:75 - [STDERR_REDIRECT] [Fatal Error] :1:1: Premature end of file.
2026-05-04 11:12:57,167 [ERROR] LogOutputStream:75 - [STDERR_REDIRECT] 
2026-05-04 11:12:58,158 [ERROR] LogOutputStream:75 - [STDERR_REDIRECT] [Fatal Error] :1:1: Premature end of file.
2026-05-04 11:12:58,158 [ERROR] LogOutputStream:75 - [STDERR_REDIRECT] 
2026-05-04 11:12:59,191 [ERROR] LogOutputStream:75 - [STDERR_REDIRECT] [Fatal Error] :1:1: Premature end of file.
2026-05-04 11:12:59,192 [ERROR] LogOutputStream:75 - [STDERR_REDIRECT] 
2026-05-04 11:13:00,245 [ERROR] LogOutputStream:75 - [STDERR_REDIRECT] [Fatal Error] :1:1: Premature end of file.
2026-05-04 11:13:00,248 [ERROR] LogOutputStream:75 - [STDERR_REDIRECT] 
2026-05-04 11:13:01,181 [ERROR] LogOutputStream:75 - [STDERR_REDIRECT] [Fatal Error] :1:1: Premature end of file.
2026-05-04 11:13:01,183 [ERROR] LogOutputStream:75 - [STDERR_REDIRECT] 
2026-05-04 11:13:02,182 [ERROR] LogOutputStream:75 - [STDERR_REDIRECT] [Fatal Error] :1:1: Premature end of file.
2026-05-04 11:13:02,183 [ERROR] LogOutputStream:75 - [STDERR_REDIRECT] 
2026-05-04 11:13:03,190 [ERROR] LogOutputStream:75 - [STDERR_REDIRECT] [Fatal Error] :1:1: Premature end of file.
2026-05-04 11:13:03,192 [ERROR] LogOutputStream:75 - [STDERR_REDIRECT] 
2026-05-04 11:13:04,219 [ERROR] LogOutputStream:75 - [STDERR_REDIRECT] [Fatal Error] :1:1: Premature end of file.
2026-05-04 11:13:04,223 [ERROR] LogOutputStream:75 - [STDERR_REDIRECT] 
2026-05-04 11:13:05,128 [ERROR] LogOutputStream:75 - [STDERR_REDIRECT] [Fatal Error] :1:1: Premature end of file.
2026-05-04 11:13:05,128 [ERROR] LogOutputStream:75 - [STDERR_REDIRECT] 
2026-05-04 11:13:06,203 [ERROR] LogOutputStream:75 - [STDERR_REDIRECT] [Fatal Error] :1:1: Premature end of file.
2026-05-04 11:13:06,203 [ERROR] LogOutputStream:75 - [STDERR_REDIRECT] 
2026-05-04 11:13:07,185 [ERROR] LogOutputStream:75 - [STDERR_REDIRECT] [Fatal Error] :1:1: Premature end of file.
2026-05-04 11:13:07,185 [ERROR] LogOutputStream:75 - [STDERR_REDIRECT] 
2026-05-04 11:13:08,154 [ERROR] LogOutputStream:75 - [STDERR_REDIRECT] [Fatal Error] :1:1: Premature end of file.
2026-05-04 11:13:08,154 [ERROR] LogOutputStream:75 - [STDERR_REDIRECT] 
2026-05-04 11:13:09,158 [ERROR] LogOutputStream:75 - [STDERR_REDIRECT] [Fatal Error] :1:1: Premature end of file.
2026-05-04 11:13:09,158 [ERROR] LogOutputStream:75 - [STDERR_REDIRECT] 
2026-05-04 11:13:10,156 [ERROR] LogOutputStream:75 - [STDERR_REDIRECT] [Fatal Error] :1:1: Premature end of file.
2026-05-04 11:13:10,156 [ERROR] LogOutputStream:75 - [STDERR_REDIRECT] 
2026-05-04 11:13:11,173 [ERROR] LogOutputStream:75 - [STDERR_REDIRECT] [Fatal Error] :1:1: Premature end of file.
2026-05-04 11:13:11,174 [ERROR] LogOutputStream:75 - [STDERR_REDIRECT] 
2026-05-04 11:13:12,149 [ERROR] LogOutputStream:75 - [STDERR_REDIRECT] [Fatal Error] :1:1: Premature end of file.
2026-05-04 11:13:12,150 [ERROR] LogOutputStream:75 - [STDERR_REDIRECT] 
2026-05-04 11:13:13,153 [ERROR] LogOutputStream:75 - [STDERR_REDIRECT] [Fatal Error] :1:1: Premature end of file.
2026-05-04 11:13:13,154 [ERROR] LogOutputStream:75 - [STDERR_REDIRECT] 
2026-05-04 11:13:14,202 [ERROR] LogOutputStream:75 - [STDERR_REDIRECT] [Fatal Error] :1:1: Premature end of file.
2026-05-04 11:13:14,205 [ERROR] LogOutputStream:75 - [STDERR_REDIRECT] 
2026-05-04 11:13:15,147 [ERROR] LogOutputStream:75 - [STDERR_REDIRECT] [Fatal Error] :1:1: Premature end of file.
2026-05-04 11:13:15,147 [ERROR] LogOutputStream:75 - [STDERR_REDIRECT] 
2026-05-04 11:13:16,154 [ERROR] LogOutputStream:75 - [STDERR_REDIRECT] [Fatal Error] :1:1: Premature end of file.
2026-05-04 11:13:16,154 [ERROR] LogOutputStream:75 - [STDERR_REDIRECT] 
2026-05-04 11:13:17,134 [ERROR] LogOutputStream:75 - [STDERR_REDIRECT] [Fatal Error] :1:1: Premature end of file.
2026-05-04 11:13:17,135 [ERROR] LogOutputStream:75 - [STDERR_REDIRECT] 
2026-05-04 11:13:18,134 [ERROR] LogOutputStream:75 - [STDERR_REDIRECT] [Fatal Error] :1:1: Premature end of file.
2026-05-04 11:13:18,135 [ERROR] LogOutputStream:75 - [STDERR_REDIRECT] 
2026-05-04 11:13:19,137 [ERROR] LogOutputStream:75 - [STDERR_REDIRECT] [Fatal Error] :1:1: Premature end of file.
2026-05-04 11:13:19,138 [ERROR] LogOutputStream:75 - [STDERR_REDIRECT] 
2026-05-04 11:13:20,126 [ERROR] LogOutputStream:75 - [STDERR_REDIRECT] [Fatal Error] :1:1: Premature end of file.
2026-05-04 11:13:20,126 [ERROR] LogOutputStream:75 - [STDERR_REDIRECT] 
2026-05-04 11:13:21,154 [ERROR] LogOutputStream:75 - [STDERR_REDIRECT] [Fatal Error] :1:1: Premature end of file.
2026-05-04 11:13:21,155 [ERROR] LogOutputStream:75 - [STDERR_REDIRECT] 
2026-05-04 11:13:22,159 [ERROR] LogOutputStream:75 - [STDERR_REDIRECT] [Fatal Error] :1:1: Premature end of file.
2026-05-04 11:13:22,160 [ERROR] LogOutputStream:75 - [STDERR_REDIRECT] 
2026-05-04 11:13:23,124 [ERROR] LogOutputStream:75 - [STDERR_REDIRECT] [Fatal Error] :1:1: Premature end of file.
2026-05-04 11:13:23,124 [ERROR] LogOutputStream:75 - [STDERR_REDIRECT] 
2026-05-04 11:13:24,138 [ERROR] LogOutputStream:75 - [STDERR_REDIRECT] [Fatal Error] :1:1: Premature end of file.
2026-05-04 11:13:24,138 [ERROR] LogOutputStream:75 - [STDERR_REDIRECT] 
2026-05-04 11:13:25,216 [ERROR] LogOutputStream:75 - [STDERR_REDIRECT] [Fatal Error] :1:1: Premature end of file.
2026-05-04 11:13:25,218 [ERROR] LogOutputStream:75 - [STDERR_REDIRECT] 
2026-05-04 11:13:26,120 [ERROR] LogOutputStream:75 - [STDERR_REDIRECT] [Fatal Error] :1:1: Premature end of file.
2026-05-04 11:13:26,121 [ERROR] LogOutputStream:75 - [STDERR_REDIRECT] 
2026-05-04 11:13:27,143 [ERROR] LogOutputStream:75 - [STDERR_REDIRECT] [Fatal Error] :1:1: Premature end of file.
2026-05-04 11:13:27,143 [ERROR] LogOutputStream:75 - [STDERR_REDIRECT] 
2026-05-04 11:13:28,145 [ERROR] LogOutputStream:75 - [STDERR_REDIRECT] [Fatal Error] :1:1: Premature end of file.
2026-05-04 11:13:28,145 [ERROR] LogOutputStream:75 - [STDERR_REDIRECT] 
2026-05-04 11:13:29,152 [ERROR] LogOutputStream:75 - [STDERR_REDIRECT] [Fatal Error] :1:1: Premature end of file.
2026-05-04 11:13:29,153 [ERROR] LogOutputStream:75 - [STDERR_REDIRECT] 
2026-05-04 11:13:30,125 [ERROR] LogOutputStream:75 - [STDERR_REDIRECT] [Fatal Error] :1:1: Premature end of file.
2026-05-04 11:13:30,126 [ERROR] LogOutputStream:75 - [STDERR_REDIRECT] 
2026-05-04 11:13:31,147 [ERROR] LogOutputStream:75 - [STDERR_REDIRECT] [Fatal Error] :1:1: Premature end of file.
2026-05-04 11:13:31,149 [ERROR] LogOutputStream:75 - [STDERR_REDIRECT] 
2026-05-04 11:13:32,186 [ERROR] LogOutputStream:75 - [STDERR_REDIRECT] [Fatal Error] :1:1: Premature end of file.
2026-05-04 11:13:32,189 [ERROR] LogOutputStream:75 - [STDERR_REDIRECT] 
2026-05-04 11:13:33,166 [ERROR] LogOutputStream:75 - [STDERR_REDIRECT] [Fatal Error] :1:1: Premature end of file.
2026-05-04 11:13:33,166 [ERROR] LogOutputStream:75 - [STDERR_REDIRECT] 
2026-05-04 11:13:34,130 [ERROR] LogOutputStream:75 - [STDERR_REDIRECT] [Fatal Error] :1:1: Premature end of file.
2026-05-04 11:13:34,130 [ERROR] LogOutputStream:75 - [STDERR_REDIRECT] 
2026-05-04 11:13:35,158 [ERROR] LogOutputStream:75 - [STDERR_REDIRECT] [Fatal Error] :1:1: Premature end of file.
2026-05-04 11:13:35,159 [ERROR] LogOutputStream:75 - [STDERR_REDIRECT] 
2026-05-04 11:13:36,118 [ERROR] LogOutputStream:75 - [STDERR_REDIRECT] [Fatal Error] :1:1: Premature end of file.
2026-05-04 11:13:36,118 [ERROR] LogOutputStream:75 - [STDERR_REDIRECT] 
2026-05-04 11:13:37,123 [ERROR] LogOutputStream:75 - [STDERR_REDIRECT] [Fatal Error] :1:1: Premature end of file.
2026-05-04 11:13:37,123 [ERROR] LogOutputStream:75 - [STDERR_REDIRECT] 
2026-05-04 11:13:38,143 [ERROR] LogOutputStream:75 - [STDERR_REDIRECT] [Fatal Error] :1:1: Premature end of file.
2026-05-04 11:13:38,146 [ERROR] LogOutputStream:75 - [STDERR_REDIRECT] 
2026-05-04 11:13:39,134 [ERROR] LogOutputStream:75 - [STDERR_REDIRECT] [Fatal Error] :1:1: Premature end of file.
2026-05-04 11:13:39,135 [ERROR] LogOutputStream:75 - [STDERR_REDIRECT] 
2026-05-04 11:13:40,171 [ERROR] LogOutputStream:75 - [STDERR_REDIRECT] [Fatal Error] :1:1: Premature end of file.
2026-05-04 11:13:40,171 [ERROR] LogOutputStream:75 - [STDERR_REDIRECT] 
2026-05-04 11:13:41,153 [ERROR] LogOutputStream:75 - [STDERR_REDIRECT] [Fatal Error] :1:1: Premature end of file.
2026-05-04 11:13:41,154 [ERROR] LogOutputStream:75 - [STDERR_REDIRECT] 
2026-05-04 11:13:42,138 [ERROR] LogOutputStream:75 - [STDERR_REDIRECT] [Fatal Error] :1:1: Premature end of file.
2026-05-04 11:13:42,139 [ERROR] LogOutputStream:75 - [STDERR_REDIRECT] 
2026-05-04 11:13:43,151 [ERROR] LogOutputStream:75 - [STDERR_REDIRECT] [Fatal Error] :1:1: Premature end of file.
2026-05-04 11:13:43,152 [ERROR] LogOutputStream:75 - [STDERR_REDIRECT] 
2026-05-04 11:13:44,136 [ERROR] LogOutputStream:75 - [STDERR_REDIRECT] [Fatal Error] :1:1: Premature end of file.
2026-05-04 11:13:44,137 [ERROR] LogOutputStream:75 - [STDERR_REDIRECT] 
2026-05-04 11:13:45,189 [ERROR] LogOutputStream:75 - [STDERR_REDIRECT] [Fatal Error] :1:1: Premature end of file.
2026-05-04 11:13:45,192 [ERROR] LogOutputStream:75 - [STDERR_REDIRECT] 
2026-05-04 11:13:46,157 [ERROR] LogOutputStream:75 - [STDERR_REDIRECT] [Fatal Error] :1:1: Premature end of file.
2026-05-04 11:13:46,158 [ERROR] LogOutputStream:75 - [STDERR_REDIRECT] 
2026-05-04 11:13:47,144 [ERROR] LogOutputStream:75 - [STDERR_REDIRECT] [Fatal Error] :1:1: Premature end of file.
2026-05-04 11:13:47,145 [ERROR] LogOutputStream:75 - [STDERR_REDIRECT] 
2026-05-04 11:13:48,129 [ERROR] LogOutputStream:75 - [STDERR_REDIRECT] [Fatal Error] :1:1: Premature end of file.
2026-05-04 11:13:48,129 [ERROR] LogOutputStream:75 - [STDERR_REDIRECT] 
2026-05-04 11:13:49,166 [ERROR] LogOutputStream:75 - [STDERR_REDIRECT] [Fatal Error] :1:1: Premature end of file.
2026-05-04 11:13:49,166 [ERROR] LogOutputStream:75 - [STDERR_REDIRECT] 
2026-05-04 11:13:50,144 [ERROR] LogOutputStream:75 - [STDERR_REDIRECT] [Fatal Error] :1:1: Premature end of file.
2026-05-04 11:13:50,146 [ERROR] LogOutputStream:75 - [STDERR_REDIRECT] 
2026-05-04 11:13:51,154 [ERROR] LogOutputStream:75 - [STDERR_REDIRECT] [Fatal Error] :1:1: Premature end of file.
2026-05-04 11:13:51,155 [ERROR] LogOutputStream:75 - [STDERR_REDIRECT] 
2026-05-04 11:13:52,136 [ERROR] LogOutputStream:75 - [STDERR_REDIRECT] [Fatal Error] :1:1: Premature end of file.
2026-05-04 11:13:52,138 [ERROR] LogOutputStream:75 - [STDERR_REDIRECT] 
2026-05-04 11:13:53,213 [ERROR] LogOutputStream:75 - [STDERR_REDIRECT] [Fatal Error] :1:1: Premature end of file.
2026-05-04 11:13:53,214 [ERROR] LogOutputStream:75 - [STDERR_REDIRECT] 
2026-05-04 11:13:54,156 [ERROR] LogOutputStream:75 - [STDERR_REDIRECT] [Fatal Error] :1:1: Premature end of file.
2026-05-04 11:13:54,157 [ERROR] LogOutputStream:75 - [STDERR_REDIRECT] 
2026-05-04 11:13:55,176 [ERROR] LogOutputStream:75 - [STDERR_REDIRECT] [Fatal Error] :1:1: Premature end of file.
2026-05-04 11:13:55,177 [ERROR] LogOutputStream:75 - [STDERR_REDIRECT] 
2026-05-04 11:13:56,160 [ERROR] LogOutputStream:75 - [STDERR_REDIRECT] [Fatal Error] :1:1: Premature end of file.
2026-05-04 11:13:56,161 [ERROR] LogOutputStream:75 - [STDERR_REDIRECT] 
2026-05-04 11:13:57,147 [ERROR] LogOutputStream:75 - [STDERR_REDIRECT] [Fatal Error] :1:1: Premature end of file.
2026-05-04 11:13:57,147 [ERROR] LogOutputStream:75 - [STDERR_REDIRECT] 
2026-05-04 11:13:58,145 [ERROR] LogOutputStream:75 - [STDERR_REDIRECT] [Fatal Error] :1:1: Premature end of file.
2026-05-04 11:13:58,146 [ERROR] LogOutputStream:75 - [STDERR_REDIRECT] 
2026-05-04 11:13:59,156 [ERROR] LogOutputStream:75 - [STDERR_REDIRECT] [Fatal Error] :1:1: Premature end of file.
2026-05-04 11:13:59,156 [ERROR] LogOutputStream:75 - [STDERR_REDIRECT] 
2026-05-04 11:14:00,190 [ERROR] LogOutputStream:75 - [STDERR_REDIRECT] [Fatal Error] :1:1: Premature end of file.
2026-05-04 11:14:00,191 [ERROR] LogOutputStream:75 - [STDERR_REDIRECT] 
2026-05-04 11:14:01,150 [ERROR] LogOutputStream:75 - [STDERR_REDIRECT] [Fatal Error] :1:1: Premature end of file.
2026-05-04 11:14:01,151 [ERROR] LogOutputStream:75 - [STDERR_REDIRECT] 
2026-05-04 11:14:02,239 [ERROR] LogOutputStream:75 - [STDERR_REDIRECT] [Fatal Error] :1:1: Premature end of file.
2026-05-04 11:14:02,242 [ERROR] LogOutputStream:75 - [STDERR_REDIRECT] 
2026-05-04 11:14:03,154 [ERROR] LogOutputStream:75 - [STDERR_REDIRECT] [Fatal Error] :1:1: Premature end of file.
2026-05-04 11:14:03,155 [ERROR] LogOutputStream:75 - [STDERR_REDIRECT] 
2026-05-04 11:14:04,203 [ERROR] LogOutputStream:75 - [STDERR_REDIRECT] [Fatal Error] :1:1: Premature end of file.
2026-05-04 11:14:04,205 [ERROR] LogOutputStream:75 - [STDERR_REDIRECT] 
2026-05-04 11:14:05,143 [ERROR] LogOutputStream:75 - [STDERR_REDIRECT] [Fatal Error] :1:1: Premature end of file.
2026-05-04 11:14:05,144 [ERROR] LogOutputStream:75 - [STDERR_REDIRECT] 
2026-05-04 11:14:06,144 [ERROR] LogOutputStream:75 - [STDERR_REDIRECT] [Fatal Error] :1:1: Premature end of file.
2026-05-04 11:14:06,145 [ERROR] LogOutputStream:75 - [STDERR_REDIRECT] 
2026-05-04 11:14:07,229 [ERROR] LogOutputStream:75 - [STDERR_REDIRECT] [Fatal Error] :1:1: Premature end of file.
2026-05-04 11:14:07,232 [ERROR] LogOutputStream:75 - [STDERR_REDIRECT] 
2026-05-04 11:14:08,159 [ERROR] LogOutputStream:75 - [STDERR_REDIRECT] [Fatal Error] :1:1: Premature end of file.
2026-05-04 11:14:08,159 [ERROR] LogOutputStream:75 - [STDERR_REDIRECT] 
2026-05-04 11:14:09,200 [ERROR] LogOutputStream:75 - [STDERR_REDIRECT] [Fatal Error] :1:1: Premature end of file.
2026-05-04 11:14:09,201 [ERROR] LogOutputStream:75 - [STDERR_REDIRECT] 
2026-05-04 11:14:10,140 [ERROR] LogOutputStream:75 - [STDERR_REDIRECT] [Fatal Error] :1:1: Premature end of file.
2026-05-04 11:14:10,140 [ERROR] LogOutputStream:75 - [STDERR_REDIRECT] 
2026-05-04 11:14:11,166 [ERROR] LogOutputStream:75 - [STDERR_REDIRECT] [Fatal Error] :1:1: Premature end of file.
2026-05-04 11:14:11,166 [ERROR] LogOutputStream:75 - [STDERR_REDIRECT] 
2026-05-04 11:14:12,181 [ERROR] LogOutputStream:75 - [STDERR_REDIRECT] [Fatal Error] :1:1: Premature end of file.
2026-05-04 11:14:12,182 [ERROR] LogOutputStream:75 - [STDERR_REDIRECT] 
2026-05-04 11:14:13,224 [ERROR] LogOutputStream:75 - [STDERR_REDIRECT] [Fatal Error] :1:1: Premature end of file.
2026-05-04 11:14:13,224 [ERROR] LogOutputStream:75 - [STDERR_REDIRECT] 
2026-05-04 11:14:14,144 [ERROR] LogOutputStream:75 - [STDERR_REDIRECT] [Fatal Error] :1:1: Premature end of file.
2026-05-04 11:14:14,145 [ERROR] LogOutputStream:75 - [STDERR_REDIRECT] 
2026-05-04 11:14:15,145 [ERROR] LogOutputStream:75 - [STDERR_REDIRECT] [Fatal Error] :1:1: Premature end of file.
2026-05-04 11:14:15,146 [ERROR] LogOutputStream:75 - [STDERR_REDIRECT] 
2026-05-04 11:14:16,133 [ERROR] LogOutputStream:75 - [STDERR_REDIRECT] [Fatal Error] :1:1: Premature end of file.
2026-05-04 11:14:16,133 [ERROR] LogOutputStream:75 - [STDERR_REDIRECT] 
2026-05-04 11:14:17,125 [ERROR] LogOutputStream:75 - [STDERR_REDIRECT] [Fatal Error] :1:1: Premature end of file.
2026-05-04 11:14:17,125 [ERROR] LogOutputStream:75 - [STDERR_REDIRECT] 
2026-05-04 11:14:18,135 [ERROR] LogOutputStream:75 - [STDERR_REDIRECT] [Fatal Error] :1:1: Premature end of file.
2026-05-04 11:14:18,136 [ERROR] LogOutputStream:75 - [STDERR_REDIRECT] 
2026-05-04 11:14:19,159 [ERROR] LogOutputStream:75 - [STDERR_REDIRECT] [Fatal Error] :1:1: Premature end of file.
2026-05-04 11:14:19,159 [ERROR] LogOutputStream:75 - [STDERR_REDIRECT] 
2026-05-04 11:14:20,122 [ERROR] LogOutputStream:75 - [STDERR_REDIRECT] [Fatal Error] :1:1: Premature end of file.
2026-05-04 11:14:20,122 [ERROR] LogOutputStream:75 - [STDERR_REDIRECT] 
2026-05-04 11:14:21,184 [ERROR] LogOutputStream:75 - [STDERR_REDIRECT] [Fatal Error] :1:1: Premature end of file.
2026-05-04 11:14:21,184 [ERROR] LogOutputStream:75 - [STDERR_REDIRECT] 
2026-05-04 11:14:22,140 [ERROR] LogOutputStream:75 - [STDERR_REDIRECT] [Fatal Error] :1:1: Premature end of file.
2026-05-04 11:14:22,141 [ERROR] LogOutputStream:75 - [STDERR_REDIRECT] 
2026-05-04 11:14:23,147 [ERROR] LogOutputStream:75 - [STDERR_REDIRECT] [Fatal Error] :1:1: Premature end of file.
2026-05-04 11:14:23,147 [ERROR] LogOutputStream:75 - [STDERR_REDIRECT] 
2026-05-04 11:14:24,142 [ERROR] LogOutputStream:75 - [STDERR_REDIRECT] [Fatal Error] :1:1: Premature end of file.
2026-05-04 11:14:24,143 [ERROR] LogOutputStream:75 - [STDERR_REDIRECT] 
2026-05-04 11:14:25,129 [ERROR] LogOutputStream:75 - [STDERR_REDIRECT] [Fatal Error] :1:1: Premature end of file.
2026-05-04 11:14:25,129 [ERROR] LogOutputStream:75 - [STDERR_REDIRECT] 
2026-05-04 11:14:26,154 [ERROR] LogOutputStream:75 - [STDERR_REDIRECT] [Fatal Error] :1:1: Premature end of file.
2026-05-04 11:14:26,155 [ERROR] LogOutputStream:75 - [STDERR_REDIRECT] 
2026-05-04 11:14:27,161 [ERROR] LogOutputStream:75 - [STDERR_REDIRECT] [Fatal Error] :1:1: Premature end of file.
2026-05-04 11:14:27,162 [ERROR] LogOutputStream:75 - [STDERR_REDIRECT] 
2026-05-04 11:14:28,155 [ERROR] LogOutputStream:75 - [STDERR_REDIRECT] [Fatal Error] :1:1: Premature end of file.
2026-05-04 11:14:28,155 [ERROR] LogOutputStream:75 - [STDERR_REDIRECT] 
2026-05-04 11:14:29,159 [ERROR] LogOutputStream:75 - [STDERR_REDIRECT] [Fatal Error] :1:1: Premature end of file.
2026-05-04 11:14:29,160 [ERROR] LogOutputStream:75 - [STDERR_REDIRECT] 
2026-05-04 11:14:30,192 [ERROR] LogOutputStream:75 - [STDERR_REDIRECT] [Fatal Error] :1:1: Premature end of file.
2026-05-04 11:14:30,192 [ERROR] LogOutputStream:75 - [STDERR_REDIRECT] 
2026-05-04 11:14:31,136 [ERROR] LogOutputStream:75 - [STDERR_REDIRECT] [Fatal Error] :1:1: Premature end of file.
2026-05-04 11:14:31,137 [ERROR] LogOutputStream:75 - [STDERR_REDIRECT] 
2026-05-04 11:14:32,132 [ERROR] LogOutputStream:75 - [STDERR_REDIRECT] [Fatal Error] :1:1: Premature end of file.
2026-05-04 11:14:32,133 [ERROR] LogOutputStream:75 - [STDERR_REDIRECT] 
2026-05-04 11:14:33,151 [ERROR] LogOutputStream:75 - [STDERR_REDIRECT] [Fatal Error] :1:1: Premature end of file.
2026-05-04 11:14:33,152 [ERROR] LogOutputStream:75 - [STDERR_REDIRECT] 
2026-05-04 11:14:34,151 [ERROR] LogOutputStream:75 - [STDERR_REDIRECT] [Fatal Error] :1:1: Premature end of file.
2026-05-04 11:14:34,152 [ERROR] LogOutputStream:75 - [STDERR_REDIRECT] 
2026-05-04 11:14:35,148 [ERROR] LogOutputStream:75 - [STDERR_REDIRECT] [Fatal Error] :1:1: Premature end of file.
2026-05-04 11:14:35,150 [ERROR] LogOutputStream:75 - [STDERR_REDIRECT] 
2026-05-04 11:14:36,144 [ERROR] LogOutputStream:75 - [STDERR_REDIRECT] [Fatal Error] :1:1: Premature end of file.
2026-05-04 11:14:36,145 [ERROR] LogOutputStream:75 - [STDERR_REDIRECT] 
2026-05-04 11:14:37,148 [ERROR] LogOutputStream:75 - [STDERR_REDIRECT] [Fatal Error] :1:1: Premature end of file.
2026-05-04 11:14:37,148 [ERROR] LogOutputStream:75 - [STDERR_REDIRECT] 
2026-05-04 11:14:38,135 [ERROR] LogOutputStream:75 - [STDERR_REDIRECT] [Fatal Error] :1:1: Premature end of file.
2026-05-04 11:14:38,135 [ERROR] LogOutputStream:75 - [STDERR_REDIRECT] 
2026-05-04 11:14:39,163 [ERROR] LogOutputStream:75 - [STDERR_REDIRECT] [Fatal Error] :1:1: Premature end of file.
2026-05-04 11:14:39,164 [ERROR] LogOutputStream:75 - [STDERR_REDIRECT] 
2026-05-04 11:14:40,142 [ERROR] LogOutputStream:75 - [STDERR_REDIRECT] [Fatal Error] :1:1: Premature end of file.
2026-05-04 11:14:40,142 [ERROR] LogOutputStream:75 - [STDERR_REDIRECT] 
2026-05-04 11:14:41,210 [ERROR] LogOutputStream:75 - [STDERR_REDIRECT] [Fatal Error] :1:1: Premature end of file.
2026-05-04 11:14:41,213 [ERROR] LogOutputStream:75 - [STDERR_REDIRECT] 
2026-05-04 11:14:42,202 [ERROR] LogOutputStream:75 - [STDERR_REDIRECT] [Fatal Error] :1:1: Premature end of file.
2026-05-04 11:14:42,202 [ERROR] LogOutputStream:75 - [STDERR_REDIRECT] 
2026-05-04 11:14:43,142 [ERROR] LogOutputStream:75 - [STDERR_REDIRECT] [Fatal Error] :1:1: Premature end of file.
2026-05-04 11:14:43,142 [ERROR] LogOutputStream:75 - [STDERR_REDIRECT] 
2026-05-04 11:14:44,146 [ERROR] LogOutputStream:75 - [STDERR_REDIRECT] [Fatal Error] :1:1: Premature end of file.
2026-05-04 11:14:44,146 [ERROR] LogOutputStream:75 - [STDERR_REDIRECT] 
2026-05-04 11:14:45,170 [ERROR] LogOutputStream:75 - [STDERR_REDIRECT] [Fatal Error] :1:1: Premature end of file.
2026-05-04 11:14:45,171 [ERROR] LogOutputStream:75 - [STDERR_REDIRECT] 
2026-05-04 11:14:46,157 [ERROR] LogOutputStream:75 - [STDERR_REDIRECT] [Fatal Error] :1:1: Premature end of file.
2026-05-04 11:14:46,158 [ERROR] LogOutputStream:75 - [STDERR_REDIRECT] 
2026-05-04 11:14:47,173 [ERROR] LogOutputStream:75 - [STDERR_REDIRECT] [Fatal Error] :1:1: Premature end of file.
2026-05-04 11:14:47,174 [ERROR] LogOutputStream:75 - [STDERR_REDIRECT] 
2026-05-04 11:14:48,147 [ERROR] LogOutputStream:75 - [STDERR_REDIRECT] [Fatal Error] :1:1: Premature end of file.
2026-05-04 11:14:48,148 [ERROR] LogOutputStream:75 - [STDERR_REDIRECT] 
2026-05-04 11:14:49,145 [ERROR] LogOutputStream:75 - [STDERR_REDIRECT] [Fatal Error] :1:1: Premature end of file.
2026-05-04 11:14:49,146 [ERROR] LogOutputStream:75 - [STDERR_REDIRECT] 
2026-05-04 11:14:50,183 [ERROR] LogOutputStream:75 - [STDERR_REDIRECT] [Fatal Error] :1:1: Premature end of file.
2026-05-04 11:14:50,184 [ERROR] LogOutputStream:75 - [STDERR_REDIRECT] 
2026-05-04 11:14:51,156 [ERROR] LogOutputStream:75 - [STDERR_REDIRECT] [Fatal Error] :1:1: Premature end of file.
2026-05-04 11:14:51,157 [ERROR] LogOutputStream:75 - [STDERR_REDIRECT] 
2026-05-04 11:14:52,154 [ERROR] LogOutputStream:75 - [STDERR_REDIRECT] [Fatal Error] :1:1: Premature end of file.
2026-05-04 11:14:52,154 [ERROR] LogOutputStream:75 - [STDERR_REDIRECT] 
2026-05-04 11:14:53,147 [ERROR] LogOutputStream:75 - [STDERR_REDIRECT] [Fatal Error] :1:1: Premature end of file.
2026-05-04 11:14:53,147 [ERROR] LogOutputStream:75 - [STDERR_REDIRECT] 
2026-05-04 11:14:54,130 [ERROR] LogOutputStream:75 - [STDERR_REDIRECT] [Fatal Error] :1:1: Premature end of file.
2026-05-04 11:14:54,130 [ERROR] LogOutputStream:75 - [STDERR_REDIRECT] 
2026-05-04 11:14:55,153 [ERROR] LogOutputStream:75 - [STDERR_REDIRECT] [Fatal Error] :1:1: Premature end of file.
2026-05-04 11:14:55,154 [ERROR] LogOutputStream:75 - [STDERR_REDIRECT] 
2026-05-04 11:14:56,128 [ERROR] LogOutputStream:75 - [STDERR_REDIRECT] [Fatal Error] :1:1: Premature end of file.
2026-05-04 11:14:56,129 [ERROR] LogOutputStream:75 - [STDERR_REDIRECT] 
2026-05-04 11:14:57,146 [ERROR] LogOutputStream:75 - [STDERR_REDIRECT] [Fatal Error] :1:1: Premature end of file.
2026-05-04 11:14:57,146 [ERROR] LogOutputStream:75 - [STDERR_REDIRECT] 
2026-05-04 11:14:58,141 [ERROR] LogOutputStream:75 - [STDERR_REDIRECT] [Fatal Error] :1:1: Premature end of file.
2026-05-04 11:14:58,141 [ERROR] LogOutputStream:75 - [STDERR_REDIRECT] 
2026-05-04 11:14:59,151 [ERROR] LogOutputStream:75 - [STDERR_REDIRECT] [Fatal Error] :1:1: Premature end of file.
2026-05-04 11:14:59,151 [ERROR] LogOutputStream:75 - [STDERR_REDIRECT] 
2026-05-04 11:15:00,123 [ERROR] LogOutputStream:75 - [STDERR_REDIRECT] [Fatal Error] :1:1: Premature end of file.
2026-05-04 11:15:00,123 [ERROR] LogOutputStream:75 - [STDERR_REDIRECT] 
2026-05-04 11:15:01,141 [ERROR] LogOutputStream:75 - [STDERR_REDIRECT] [Fatal Error] :1:1: Premature end of file.
2026-05-04 11:15:01,142 [ERROR] LogOutputStream:75 - [STDERR_REDIRECT] 
2026-05-04 11:15:02,146 [ERROR] LogOutputStream:75 - [STDERR_REDIRECT] [Fatal Error] :1:1: Premature end of file.
2026-05-04 11:15:02,146 [ERROR] LogOutputStream:75 - [STDERR_REDIRECT] 
2026-05-04 11:15:03,127 [ERROR] LogOutputStream:75 - [STDERR_REDIRECT] [Fatal Error] :1:1: Premature end of file.
2026-05-04 11:15:03,127 [ERROR] LogOutputStream:75 - [STDERR_REDIRECT] 
2026-05-04 11:15:04,139 [ERROR] LogOutputStream:75 - [STDERR_REDIRECT] [Fatal Error] :1:1: Premature end of file.
2026-05-04 11:15:04,139 [ERROR] LogOutputStream:75 - [STDERR_REDIRECT] 
2026-05-04 11:15:05,130 [ERROR] LogOutputStream:75 - [STDERR_REDIRECT] [Fatal Error] :1:1: Premature end of file.
2026-05-04 11:15:05,130 [ERROR] LogOutputStream:75 - [STDERR_REDIRECT] 
2026-05-04 11:15:06,116 [ERROR] LogOutputStream:75 - [STDERR_REDIRECT] [Fatal Error] :1:1: Premature end of file.
2026-05-04 11:15:06,117 [ERROR] LogOutputStream:75 - [STDERR_REDIRECT] 
2026-05-04 11:15:07,147 [ERROR] LogOutputStream:75 - [STDERR_REDIRECT] [Fatal Error] :1:1: Premature end of file.
2026-05-04 11:15:07,147 [ERROR] LogOutputStream:75 - [STDERR_REDIRECT] 
2026-05-04 11:15:08,155 [ERROR] LogOutputStream:75 - [STDERR_REDIRECT] [Fatal Error] :1:1: Premature end of file.
2026-05-04 11:15:08,156 [ERROR] LogOutputStream:75 - [STDERR_REDIRECT] 
2026-05-04 11:15:09,144 [ERROR] LogOutputStream:75 - [STDERR_REDIRECT] [Fatal Error] :1:1: Premature end of file.
2026-05-04 11:15:09,144 [ERROR] LogOutputStream:75 - [STDERR_REDIRECT] 
2026-05-04 11:15:10,132 [ERROR] LogOutputStream:75 - [STDERR_REDIRECT] [Fatal Error] :1:1: Premature end of file.
2026-05-04 11:15:10,132 [ERROR] LogOutputStream:75 - [STDERR_REDIRECT] 
2026-05-04 11:15:11,146 [ERROR] LogOutputStream:75 - [STDERR_REDIRECT] [Fatal Error] :1:1: Premature end of file.
2026-05-04 11:15:11,146 [ERROR] LogOutputStream:75 - [STDERR_REDIRECT] 
2026-05-04 11:15:12,150 [ERROR] LogOutputStream:75 - [STDERR_REDIRECT] [Fatal Error] :1:1: Premature end of file.
2026-05-04 11:15:12,151 [ERROR] LogOutputStream:75 - [STDERR_REDIRECT] 
2026-05-04 11:15:13,220 [ERROR] LogOutputStream:75 - [STDERR_REDIRECT] [Fatal Error] :1:1: Premature end of file.
2026-05-04 11:15:13,221 [ERROR] LogOutputStream:75 - [STDERR_REDIRECT] 
2026-05-04 11:15:14,147 [ERROR] LogOutputStream:75 - [STDERR_REDIRECT] [Fatal Error] :1:1: Premature end of file.
2026-05-04 11:15:14,148 [ERROR] LogOutputStream:75 - [STDERR_REDIRECT] 
2026-05-04 11:15:15,163 [ERROR] LogOutputStream:75 - [STDERR_REDIRECT] [Fatal Error] :1:1: Premature end of file.
2026-05-04 11:15:15,163 [ERROR] LogOutputStream:75 - [STDERR_REDIRECT] 
2026-05-04 11:15:16,131 [ERROR] LogOutputStream:75 - [STDERR_REDIRECT] [Fatal Error] :1:1: Premature end of file.
2026-05-04 11:15:16,131 [ERROR] LogOutputStream:75 - [STDERR_REDIRECT] 
2026-05-04 11:15:17,153 [ERROR] LogOutputStream:75 - [STDERR_REDIRECT] [Fatal Error] :1:1: Premature end of file.
2026-05-04 11:15:17,153 [ERROR] LogOutputStream:75 - [STDERR_REDIRECT] 
2026-05-04 11:15:18,160 [ERROR] LogOutputStream:75 - [STDERR_REDIRECT] [Fatal Error] :1:1: Premature end of file.
2026-05-04 11:15:18,160 [ERROR] LogOutputStream:75 - [STDERR_REDIRECT] 
2026-05-04 11:15:19,172 [ERROR] LogOutputStream:75 - [STDERR_REDIRECT] [Fatal Error] :1:1: Premature end of file.
2026-05-04 11:15:19,173 [ERROR] LogOutputStream:75 - [STDERR_REDIRECT] 
2026-05-04 11:15:20,157 [ERROR] LogOutputStream:75 - [STDERR_REDIRECT] [Fatal Error] :1:1: Premature end of file.
2026-05-04 11:15:20,158 [ERROR] LogOutputStream:75 - [STDERR_REDIRECT] 
2026-05-04 11:15:21,124 [ERROR] LogOutputStream:75 - [STDERR_REDIRECT] [Fatal Error] :1:1: Premature end of file.
2026-05-04 11:15:21,125 [ERROR] LogOutputStream:75 - [STDERR_REDIRECT] 
2026-05-04 11:15:22,158 [ERROR] LogOutputStream:75 - [STDERR_REDIRECT] [Fatal Error] :1:1: Premature end of file.
2026-05-04 11:15:22,159 [ERROR] LogOutputStream:75 - [STDERR_REDIRECT] 
2026-05-04 11:15:23,158 [ERROR] LogOutputStream:75 - [STDERR_REDIRECT] [Fatal Error] :1:1: Premature end of file.
2026-05-04 11:15:23,159 [ERROR] LogOutputStream:75 - [STDERR_REDIRECT] 
2026-05-04 11:15:24,151 [ERROR] LogOutputStream:75 - [STDERR_REDIRECT] [Fatal Error] :1:1: Premature end of file.
2026-05-04 11:15:24,151 [ERROR] LogOutputStream:75 - [STDERR_REDIRECT] 
2026-05-04 11:15:25,151 [ERROR] LogOutputStream:75 - [STDERR_REDIRECT] [Fatal Error] :1:1: Premature end of file.
2026-05-04 11:15:25,151 [ERROR] LogOutputStream:75 - [STDERR_REDIRECT] 
2026-05-04 11:15:26,153 [ERROR] LogOutputStream:75 - [STDERR_REDIRECT] [Fatal Error] :1:1: Premature end of file.
2026-05-04 11:15:26,153 [ERROR] LogOutputStream:75 - [STDERR_REDIRECT] 
2026-05-04 11:15:27,148 [ERROR] LogOutputStream:75 - [STDERR_REDIRECT] [Fatal Error] :1:1: Premature end of file.
2026-05-04 11:15:27,148 [ERROR] LogOutputStream:75 - [STDERR_REDIRECT] 
2026-05-04 11:15:28,136 [ERROR] LogOutputStream:75 - [STDERR_REDIRECT] [Fatal Error] :1:1: Premature end of file.
2026-05-04 11:15:28,137 [ERROR] LogOutputStream:75 - [STDERR_REDIRECT] 
2026-05-04 11:15:29,155 [ERROR] LogOutputStream:75 - [STDERR_REDIRECT] [Fatal Error] :1:1: Premature end of file.
2026-05-04 11:15:29,155 [ERROR] LogOutputStream:75 - [STDERR_REDIRECT] 
2026-05-04 11:15:30,127 [ERROR] LogOutputStream:75 - [STDERR_REDIRECT] [Fatal Error] :1:1: Premature end of file.
2026-05-04 11:15:30,128 [ERROR] LogOutputStream:75 - [STDERR_REDIRECT] 
2026-05-04 11:15:31,141 [ERROR] LogOutputStream:75 - [STDERR_REDIRECT] [Fatal Error] :1:1: Premature end of file.
2026-05-04 11:15:31,141 [ERROR] LogOutputStream:75 - [STDERR_REDIRECT] 
2026-05-04 11:15:32,139 [ERROR] LogOutputStream:75 - [STDERR_REDIRECT] [Fatal Error] :1:1: Premature end of file.
2026-05-04 11:15:32,140 [ERROR] LogOutputStream:75 - [STDERR_REDIRECT] 
2026-05-04 11:15:33,140 [ERROR] LogOutputStream:75 - [STDERR_REDIRECT] [Fatal Error] :1:1: Premature end of file.
2026-05-04 11:15:33,141 [ERROR] LogOutputStream:75 - [STDERR_REDIRECT] 
2026-05-04 11:15:34,153 [ERROR] LogOutputStream:75 - [STDERR_REDIRECT] [Fatal Error] :1:1: Premature end of file.
2026-05-04 11:15:34,153 [ERROR] LogOutputStream:75 - [STDERR_REDIRECT] 
2026-05-04 11:15:35,149 [ERROR] LogOutputStream:75 - [STDERR_REDIRECT] [Fatal Error] :1:1: Premature end of file.
2026-05-04 11:15:35,149 [ERROR] LogOutputStream:75 - [STDERR_REDIRECT] 
2026-05-04 11:15:36,159 [ERROR] LogOutputStream:75 - [STDERR_REDIRECT] [Fatal Error] :1:1: Premature end of file.
2026-05-04 11:15:36,159 [ERROR] LogOutputStream:75 - [STDERR_REDIRECT] 
2026-05-04 11:15:37,231 [ERROR] LogOutputStream:75 - [STDERR_REDIRECT] [Fatal Error] :1:1: Premature end of file.
2026-05-04 11:15:37,232 [ERROR] LogOutputStream:75 - [STDERR_REDIRECT] 
2026-05-04 11:15:38,170 [ERROR] LogOutputStream:75 - [STDERR_REDIRECT] [Fatal Error] :1:1: Premature end of file.
2026-05-04 11:15:38,171 [ERROR] LogOutputStream:75 - [STDERR_REDIRECT] 
2026-05-04 11:15:39,198 [ERROR] LogOutputStream:75 - [STDERR_REDIRECT] [Fatal Error] :1:1: Premature end of file.
2026-05-04 11:15:39,204 [ERROR] LogOutputStream:75 - [STDERR_REDIRECT] 
2026-05-04 11:15:40,172 [ERROR] LogOutputStream:75 - [STDERR_REDIRECT] [Fatal Error] :1:1: Premature end of file.
2026-05-04 11:15:40,174 [ERROR] LogOutputStream:75 - [STDERR_REDIRECT] 
2026-05-04 11:15:41,160 [ERROR] LogOutputStream:75 - [STDERR_REDIRECT] [Fatal Error] :1:1: Premature end of file.
2026-05-04 11:15:41,161 [ERROR] LogOutputStream:75 - [STDERR_REDIRECT] 
2026-05-04 11:15:42,210 [ERROR] LogOutputStream:75 - [STDERR_REDIRECT] [Fatal Error] :1:1: Premature end of file.
2026-05-04 11:15:42,211 [ERROR] LogOutputStream:75 - [STDERR_REDIRECT] 
2026-05-04 11:15:43,173 [ERROR] LogOutputStream:75 - [STDERR_REDIRECT] [Fatal Error] :1:1: Premature end of file.
2026-05-04 11:15:43,174 [ERROR] LogOutputStream:75 - [STDERR_REDIRECT] 
2026-05-04 11:15:44,141 [ERROR] LogOutputStream:75 - [STDERR_REDIRECT] [Fatal Error] :1:1: Premature end of file.
2026-05-04 11:15:44,141 [ERROR] LogOutputStream:75 - [STDERR_REDIRECT] 
2026-05-04 11:15:45,155 [ERROR] LogOutputStream:75 - [STDERR_REDIRECT] [Fatal Error] :1:1: Premature end of file.
2026-05-04 11:15:45,155 [ERROR] LogOutputStream:75 - [STDERR_REDIRECT] 
2026-05-04 11:15:46,151 [ERROR] LogOutputStream:75 - [STDERR_REDIRECT] [Fatal Error] :1:1: Premature end of file.
2026-05-04 11:15:46,151 [ERROR] LogOutputStream:75 - [STDERR_REDIRECT] 
2026-05-04 11:15:47,135 [ERROR] LogOutputStream:75 - [STDERR_REDIRECT] [Fatal Error] :1:1: Premature end of file.
2026-05-04 11:15:47,136 [ERROR] LogOutputStream:75 - [STDERR_REDIRECT] 
2026-05-04 11:15:48,134 [ERROR] LogOutputStream:75 - [STDERR_REDIRECT] [Fatal Error] :1:1: Premature end of file.
2026-05-04 11:15:48,134 [ERROR] LogOutputStream:75 - [STDERR_REDIRECT] 
2026-05-04 11:15:49,159 [ERROR] LogOutputStream:75 - [STDERR_REDIRECT] [Fatal Error] :1:1: Premature end of file.
2026-05-04 11:15:49,159 [ERROR] LogOutputStream:75 - [STDERR_REDIRECT] 
2026-05-04 11:15:50,141 [ERROR] LogOutputStream:75 - [STDERR_REDIRECT] [Fatal Error] :1:1: Premature end of file.
2026-05-04 11:15:50,141 [ERROR] LogOutputStream:75 - [STDERR_REDIRECT] 
2026-05-04 11:15:51,137 [ERROR] LogOutputStream:75 - [STDERR_REDIRECT] [Fatal Error] :1:1: Premature end of file.
2026-05-04 11:15:51,137 [ERROR] LogOutputStream:75 - [STDERR_REDIRECT] 
2026-05-04 11:15:52,133 [ERROR] LogOutputStream:75 - [STDERR_REDIRECT] [Fatal Error] :1:1: Premature end of file.
2026-05-04 11:15:52,133 [ERROR] LogOutputStream:75 - [STDERR_REDIRECT] 
2026-05-04 11:15:53,119 [ERROR] LogOutputStream:75 - [STDERR_REDIRECT] [Fatal Error] :1:1: Premature end of file.
2026-05-04 11:15:53,120 [ERROR] LogOutputStream:75 - [STDERR_REDIRECT] 
2026-05-04 11:15:54,119 [ERROR] LogOutputStream:75 - [STDERR_REDIRECT] [Fatal Error] :1:1: Premature end of file.
2026-05-04 11:15:54,119 [ERROR] LogOutputStream:75 - [STDERR_REDIRECT] 
2026-05-04 11:15:55,141 [ERROR] LogOutputStream:75 - [STDERR_REDIRECT] [Fatal Error] :1:1: Premature end of file.
2026-05-04 11:15:55,142 [ERROR] LogOutputStream:75 - [STDERR_REDIRECT] 
2026-05-04 11:15:56,141 [ERROR] LogOutputStream:75 - [STDERR_REDIRECT] [Fatal Error] :1:1: Premature end of file.
2026-05-04 11:15:56,141 [ERROR] LogOutputStream:75 - [STDERR_REDIRECT] 
2026-05-04 11:15:57,145 [ERROR] LogOutputStream:75 - [STDERR_REDIRECT] [Fatal Error] :1:1: Premature end of file.
2026-05-04 11:15:57,145 [ERROR] LogOutputStream:75 - [STDERR_REDIRECT] 
2026-05-04 11:15:58,142 [ERROR] LogOutputStream:75 - [STDERR_REDIRECT] [Fatal Error] :1:1: Premature end of file.
2026-05-04 11:15:58,143 [ERROR] LogOutputStream:75 - [STDERR_REDIRECT] 
2026-05-04 11:15:59,147 [ERROR] LogOutputStream:75 - [STDERR_REDIRECT] [Fatal Error] :1:1: Premature end of file.
2026-05-04 11:15:59,147 [ERROR] LogOutputStream:75 - [STDERR_REDIRECT] 
2026-05-04 11:16:00,137 [ERROR] LogOutputStream:75 - [STDERR_REDIRECT] [Fatal Error] :1:1: Premature end of file.
2026-05-04 11:16:00,137 [ERROR] LogOutputStream:75 - [STDERR_REDIRECT] 
2026-05-04 11:16:01,167 [ERROR] LogOutputStream:75 - [STDERR_REDIRECT] [Fatal Error] :1:1: Premature end of file.
2026-05-04 11:16:01,167 [ERROR] LogOutputStream:75 - [STDERR_REDIRECT] 
2026-05-04 11:16:02,153 [ERROR] LogOutputStream:75 - [STDERR_REDIRECT] [Fatal Error] :1:1: Premature end of file.
2026-05-04 11:16:02,154 [ERROR] LogOutputStream:75 - [STDERR_REDIRECT] 
2026-05-04 11:16:03,143 [ERROR] LogOutputStream:75 - [STDERR_REDIRECT] [Fatal Error] :1:1: Premature end of file.
2026-05-04 11:16:03,143 [ERROR] LogOutputStream:75 - [STDERR_REDIRECT] 
2026-05-04 11:16:04,159 [ERROR] LogOutputStream:75 - [STDERR_REDIRECT] [Fatal Error] :1:1: Premature end of file.
2026-05-04 11:16:04,159 [ERROR] LogOutputStream:75 - [STDERR_REDIRECT] 
2026-05-04 11:16:05,162 [ERROR] LogOutputStream:75 - [STDERR_REDIRECT] [Fatal Error] :1:1: Premature end of file.
2026-05-04 11:16:05,163 [ERROR] LogOutputStream:75 - [STDERR_REDIRECT] 
2026-05-04 11:16:06,140 [ERROR] LogOutputStream:75 - [STDERR_REDIRECT] [Fatal Error] :1:1: Premature end of file.
2026-05-04 11:16:06,140 [ERROR] LogOutputStream:75 - [STDERR_REDIRECT] 
2026-05-04 11:16:07,151 [ERROR] LogOutputStream:75 - [STDERR_REDIRECT] [Fatal Error] :1:1: Premature end of file.
2026-05-04 11:16:07,151 [ERROR] LogOutputStream:75 - [STDERR_REDIRECT] 
2026-05-04 11:16:08,145 [ERROR] LogOutputStream:75 - [STDERR_REDIRECT] [Fatal Error] :1:1: Premature end of file.
2026-05-04 11:16:08,146 [ERROR] LogOutputStream:75 - [STDERR_REDIRECT] 
2026-05-04 11:16:09,142 [ERROR] LogOutputStream:75 - [STDERR_REDIRECT] [Fatal Error] :1:1: Premature end of file.
2026-05-04 11:16:09,143 [ERROR] LogOutputStream:75 - [STDERR_REDIRECT] 
2026-05-04 11:16:10,155 [ERROR] LogOutputStream:75 - [STDERR_REDIRECT] [Fatal Error] :1:1: Premature end of file.
2026-05-04 11:16:10,156 [ERROR] LogOutputStream:75 - [STDERR_REDIRECT] 
2026-05-04 11:16:11,161 [ERROR] LogOutputStream:75 - [STDERR_REDIRECT] [Fatal Error] :1:1: Premature end of file.
2026-05-04 11:16:11,162 [ERROR] LogOutputStream:75 - [STDERR_REDIRECT] 
2026-05-04 11:16:12,127 [ERROR] LogOutputStream:75 - [STDERR_REDIRECT] [Fatal Error] :1:1: Premature end of file.
2026-05-04 11:16:12,127 [ERROR] LogOutputStream:75 - [STDERR_REDIRECT] 
2026-05-04 11:16:13,144 [ERROR] LogOutputStream:75 - [STDERR_REDIRECT] [Fatal Error] :1:1: Premature end of file.
2026-05-04 11:16:13,144 [ERROR] LogOutputStream:75 - [STDERR_REDIRECT] 
2026-05-04 11:16:14,137 [ERROR] LogOutputStream:75 - [STDERR_REDIRECT] [Fatal Error] :1:1: Premature end of file.
2026-05-04 11:16:14,137 [ERROR] LogOutputStream:75 - [STDERR_REDIRECT] 
2026-05-04 11:16:15,156 [ERROR] LogOutputStream:75 - [STDERR_REDIRECT] [Fatal Error] :1:1: Premature end of file.
2026-05-04 11:16:15,157 [ERROR] LogOutputStream:75 - [STDERR_REDIRECT] 
2026-05-04 11:16:16,151 [ERROR] LogOutputStream:75 - [STDERR_REDIRECT] [Fatal Error] :1:1: Premature end of file.
2026-05-04 11:16:16,151 [ERROR] LogOutputStream:75 - [STDERR_REDIRECT] 
2026-05-04 11:16:17,175 [ERROR] LogOutputStream:75 - [STDERR_REDIRECT] [Fatal Error] :1:1: Premature end of file.
2026-05-04 11:16:17,176 [ERROR] LogOutputStream:75 - [STDERR_REDIRECT] 
2026-05-04 11:16:18,143 [ERROR] LogOutputStream:75 - [STDERR_REDIRECT] [Fatal Error] :1:1: Premature end of file.
2026-05-04 11:16:18,143 [ERROR] LogOutputStream:75 - [STDERR_REDIRECT] 
2026-05-04 11:16:19,170 [ERROR] LogOutputStream:75 - [STDERR_REDIRECT] [Fatal Error] :1:1: Premature end of file.
2026-05-04 11:16:19,170 [ERROR] LogOutputStream:75 - [STDERR_REDIRECT] 
2026-05-04 11:16:20,163 [ERROR] LogOutputStream:75 - [STDERR_REDIRECT] [Fatal Error] :1:1: Premature end of file.
2026-05-04 11:16:20,164 [ERROR] LogOutputStream:75 - [STDERR_REDIRECT] 
2026-05-04 11:16:21,170 [ERROR] LogOutputStream:75 - [STDERR_REDIRECT] [Fatal Error] :1:1: Premature end of file.
2026-05-04 11:16:21,170 [ERROR] LogOutputStream:75 - [STDERR_REDIRECT] 
2026-05-04 11:16:22,141 [ERROR] LogOutputStream:75 - [STDERR_REDIRECT] [Fatal Error] :1:1: Premature end of file.
2026-05-04 11:16:22,141 [ERROR] LogOutputStream:75 - [STDERR_REDIRECT] 
2026-05-04 11:16:23,134 [ERROR] LogOutputStream:75 - [STDERR_REDIRECT] [Fatal Error] :1:1: Premature end of file.
2026-05-04 11:16:23,134 [ERROR] LogOutputStream:75 - [STDERR_REDIRECT] 
2026-05-04 11:16:24,151 [ERROR] LogOutputStream:75 - [STDERR_REDIRECT] [Fatal Error] :1:1: Premature end of file.
2026-05-04 11:16:24,152 [ERROR] LogOutputStream:75 - [STDERR_REDIRECT] 
2026-05-04 11:16:25,153 [ERROR] LogOutputStream:75 - [STDERR_REDIRECT] [Fatal Error] :1:1: Premature end of file.
2026-05-04 11:16:25,153 [ERROR] LogOutputStream:75 - [STDERR_REDIRECT] 
2026-05-04 11:16:26,154 [ERROR] LogOutputStream:75 - [STDERR_REDIRECT] [Fatal Error] :1:1: Premature end of file.
2026-05-04 11:16:26,155 [ERROR] LogOutputStream:75 - [STDERR_REDIRECT] 
2026-05-04 11:16:27,149 [ERROR] LogOutputStream:75 - [STDERR_REDIRECT] [Fatal Error] :1:1: Premature end of file.
2026-05-04 11:16:27,150 [ERROR] LogOutputStream:75 - [STDERR_REDIRECT] 
2026-05-04 11:16:28,168 [ERROR] LogOutputStream:75 - [STDERR_REDIRECT] [Fatal Error] :1:1: Premature end of file.
2026-05-04 11:16:28,169 [ERROR] LogOutputStream:75 - [STDERR_REDIRECT] 
2026-05-04 11:16:29,173 [ERROR] LogOutputStream:75 - [STDERR_REDIRECT] [Fatal Error] :1:1: Premature end of file.
2026-05-04 11:16:29,173 [ERROR] LogOutputStream:75 - [STDERR_REDIRECT] 
2026-05-04 11:16:30,167 [ERROR] LogOutputStream:75 - [STDERR_REDIRECT] [Fatal Error] :1:1: Premature end of file.
2026-05-04 11:16:30,167 [ERROR] LogOutputStream:75 - [STDERR_REDIRECT] 
2026-05-04 11:16:31,163 [ERROR] LogOutputStream:75 - [STDERR_REDIRECT] [Fatal Error] :1:1: Premature end of file.
2026-05-04 11:16:31,163 [ERROR] LogOutputStream:75 - [STDERR_REDIRECT] 
2026-05-04 11:16:32,144 [ERROR] LogOutputStream:75 - [STDERR_REDIRECT] [Fatal Error] :1:1: Premature end of file.
2026-05-04 11:16:32,145 [ERROR] LogOutputStream:75 - [STDERR_REDIRECT] 
2026-05-04 11:16:33,141 [ERROR] LogOutputStream:75 - [STDERR_REDIRECT] [Fatal Error] :1:1: Premature end of file.
2026-05-04 11:16:33,141 [ERROR] LogOutputStream:75 - [STDERR_REDIRECT] 
2026-05-04 11:16:34,152 [ERROR] LogOutputStream:75 - [STDERR_REDIRECT] [Fatal Error] :1:1: Premature end of file.
2026-05-04 11:16:34,153 [ERROR] LogOutputStream:75 - [STDERR_REDIRECT] 
2026-05-04 11:16:35,146 [ERROR] LogOutputStream:75 - [STDERR_REDIRECT] [Fatal Error] :1:1: Premature end of file.
2026-05-04 11:16:35,147 [ERROR] LogOutputStream:75 - [STDERR_REDIRECT] 
2026-05-04 11:16:36,159 [ERROR] LogOutputStream:75 - [STDERR_REDIRECT] [Fatal Error] :1:1: Premature end of file.
2026-05-04 11:16:36,159 [ERROR] LogOutputStream:75 - [STDERR_REDIRECT] 
2026-05-04 11:16:37,152 [ERROR] LogOutputStream:75 - [STDERR_REDIRECT] [Fatal Error] :1:1: Premature end of file.
2026-05-04 11:16:37,153 [ERROR] LogOutputStream:75 - [STDERR_REDIRECT] 
2026-05-04 11:16:38,173 [ERROR] LogOutputStream:75 - [STDERR_REDIRECT] [Fatal Error] :1:1: Premature end of file.
2026-05-04 11:16:38,174 [ERROR] LogOutputStream:75 - [STDERR_REDIRECT] 
2026-05-04 11:16:39,135 [ERROR] LogOutputStream:75 - [STDERR_REDIRECT] [Fatal Error] :1:1: Premature end of file.
2026-05-04 11:16:39,136 [ERROR] LogOutputStream:75 - [STDERR_REDIRECT] 
2026-05-04 11:16:40,149 [ERROR] LogOutputStream:75 - [STDERR_REDIRECT] [Fatal Error] :1:1: Premature end of file.
2026-05-04 11:16:40,149 [ERROR] LogOutputStream:75 - [STDERR_REDIRECT] 
2026-05-04 11:16:41,146 [ERROR] LogOutputStream:75 - [STDERR_REDIRECT] [Fatal Error] :1:1: Premature end of file.
2026-05-04 11:16:41,146 [ERROR] LogOutputStream:75 - [STDERR_REDIRECT] 
2026-05-04 11:16:42,158 [ERROR] LogOutputStream:75 - [STDERR_REDIRECT] [Fatal Error] :1:1: Premature end of file.
2026-05-04 11:16:42,158 [ERROR] LogOutputStream:75 - [STDERR_REDIRECT] 
2026-05-04 11:16:43,137 [ERROR] LogOutputStream:75 - [STDERR_REDIRECT] [Fatal Error] :1:1: Premature end of file.
2026-05-04 11:16:43,137 [ERROR] LogOutputStream:75 - [STDERR_REDIRECT] 
2026-05-04 11:16:44,161 [ERROR] LogOutputStream:75 - [STDERR_REDIRECT] [Fatal Error] :1:1: Premature end of file.
2026-05-04 11:16:44,161 [ERROR] LogOutputStream:75 - [STDERR_REDIRECT] 
2026-05-04 11:16:45,148 [ERROR] LogOutputStream:75 - [STDERR_REDIRECT] [Fatal Error] :1:1: Premature end of file.
2026-05-04 11:16:45,149 [ERROR] LogOutputStream:75 - [STDERR_REDIRECT] 
2026-05-04 11:16:46,150 [ERROR] LogOutputStream:75 - [STDERR_REDIRECT] [Fatal Error] :1:1: Premature end of file.
2026-05-04 11:16:46,150 [ERROR] LogOutputStream:75 - [STDERR_REDIRECT] 
2026-05-04 11:16:47,158 [ERROR] LogOutputStream:75 - [STDERR_REDIRECT] [Fatal Error] :1:1: Premature end of file.
2026-05-04 11:16:47,158 [ERROR] LogOutputStream:75 - [STDERR_REDIRECT] 
2026-05-04 11:16:48,148 [ERROR] LogOutputStream:75 - [STDERR_REDIRECT] [Fatal Error] :1:1: Premature end of file.
2026-05-04 11:16:48,148 [ERROR] LogOutputStream:75 - [STDERR_REDIRECT] 
2026-05-04 11:16:49,151 [ERROR] LogOutputStream:75 - [STDERR_REDIRECT] [Fatal Error] :1:1: Premature end of file.
2026-05-04 11:16:49,151 [ERROR] LogOutputStream:75 - [STDERR_REDIRECT] 
2026-05-04 11:16:50,154 [ERROR] LogOutputStream:75 - [STDERR_REDIRECT] [Fatal Error] :1:1: Premature end of file.
2026-05-04 11:16:50,155 [ERROR] LogOutputStream:75 - [STDERR_REDIRECT] 
2026-05-04 11:16:51,149 [ERROR] LogOutputStream:75 - [STDERR_REDIRECT] [Fatal Error] :1:1: Premature end of file.
2026-05-04 11:16:51,150 [ERROR] LogOutputStream:75 - [STDERR_REDIRECT] 
2026-05-04 11:16:52,144 [ERROR] LogOutputStream:75 - [STDERR_REDIRECT] [Fatal Error] :1:1: Premature end of file.
2026-05-04 11:16:52,145 [ERROR] LogOutputStream:75 - [STDERR_REDIRECT] 
2026-05-04 11:16:53,132 [ERROR] LogOutputStream:75 - [STDERR_REDIRECT] [Fatal Error] :1:1: Premature end of file.
2026-05-04 11:16:53,132 [ERROR] LogOutputStream:75 - [STDERR_REDIRECT] 
2026-05-04 11:16:54,154 [ERROR] LogOutputStream:75 - [STDERR_REDIRECT] [Fatal Error] :1:1: Premature end of file.
2026-05-04 11:16:54,154 [ERROR] LogOutputStream:75 - [STDERR_REDIRECT] 
2026-05-04 11:16:55,142 [ERROR] LogOutputStream:75 - [STDERR_REDIRECT] [Fatal Error] :1:1: Premature end of file.
2026-05-04 11:16:55,142 [ERROR] LogOutputStream:75 - [STDERR_REDIRECT] 
2026-05-04 11:16:56,140 [ERROR] LogOutputStream:75 - [STDERR_REDIRECT] [Fatal Error] :1:1: Premature end of file.
2026-05-04 11:16:56,140 [ERROR] LogOutputStream:75 - [STDERR_REDIRECT] 
2026-05-04 11:16:57,170 [ERROR] LogOutputStream:75 - [STDERR_REDIRECT] [Fatal Error] :1:1: Premature end of file.
2026-05-04 11:16:57,170 [ERROR] LogOutputStream:75 - [STDERR_REDIRECT] 
2026-05-04 11:16:58,145 [ERROR] LogOutputStream:75 - [STDERR_REDIRECT] [Fatal Error] :1:1: Premature end of file.
2026-05-04 11:16:58,145 [ERROR] LogOutputStream:75 - [STDERR_REDIRECT] 
2026-05-04 11:16:59,132 [ERROR] LogOutputStream:75 - [STDERR_REDIRECT] [Fatal Error] :1:1: Premature end of file.
2026-05-04 11:16:59,132 [ERROR] LogOutputStream:75 - [STDERR_REDIRECT] 
2026-05-04 11:17:00,107 [ERROR] LogOutputStream:75 - [STDERR_REDIRECT] [Fatal Error] :1:1: Premature end of file.
2026-05-04 11:17:00,108 [ERROR] LogOutputStream:75 - [STDERR_REDIRECT] 
2026-05-04 11:17:01,132 [ERROR] LogOutputStream:75 - [STDERR_REDIRECT] [Fatal Error] :1:1: Premature end of file.
2026-05-04 11:17:01,133 [ERROR] LogOutputStream:75 - [STDERR_REDIRECT] 
2026-05-04 11:17:02,152 [ERROR] LogOutputStream:75 - [STDERR_REDIRECT] [Fatal Error] :1:1: Premature end of file.
2026-05-04 11:17:02,152 [ERROR] LogOutputStream:75 - [STDERR_REDIRECT] 
2026-05-04 11:17:03,165 [ERROR] LogOutputStream:75 - [STDERR_REDIRECT] [Fatal Error] :1:1: Premature end of file.
2026-05-04 11:17:03,166 [ERROR] LogOutputStream:75 - [STDERR_REDIRECT] 
2026-05-04 11:17:04,138 [ERROR] LogOutputStream:75 - [STDERR_REDIRECT] [Fatal Error] :1:1: Premature end of file.
2026-05-04 11:17:04,138 [ERROR] LogOutputStream:75 - [STDERR_REDIRECT] 
2026-05-04 11:17:05,136 [ERROR] LogOutputStream:75 - [STDERR_REDIRECT] [Fatal Error] :1:1: Premature end of file.
2026-05-04 11:17:05,136 [ERROR] LogOutputStream:75 - [STDERR_REDIRECT] 
2026-05-04 11:17:06,162 [ERROR] LogOutputStream:75 - [STDERR_REDIRECT] [Fatal Error] :1:1: Premature end of file.
2026-05-04 11:17:06,162 [ERROR] LogOutputStream:75 - [STDERR_REDIRECT] 
2026-05-04 11:17:07,164 [ERROR] LogOutputStream:75 - [STDERR_REDIRECT] [Fatal Error] :1:1: Premature end of file.
2026-05-04 11:17:07,164 [ERROR] LogOutputStream:75 - [STDERR_REDIRECT] 
2026-05-04 11:17:08,178 [ERROR] LogOutputStream:75 - [STDERR_REDIRECT] [Fatal Error] :1:1: Premature end of file.
2026-05-04 11:17:08,178 [ERROR] LogOutputStream:75 - [STDERR_REDIRECT] 
2026-05-04 11:17:09,173 [ERROR] LogOutputStream:75 - [STDERR_REDIRECT] [Fatal Error] :1:1: Premature end of file.
2026-05-04 11:17:09,173 [ERROR] LogOutputStream:75 - [STDERR_REDIRECT] 
2026-05-04 11:17:10,139 [ERROR] LogOutputStream:75 - [STDERR_REDIRECT] [Fatal Error] :1:1: Premature end of file.
2026-05-04 11:17:10,140 [ERROR] LogOutputStream:75 - [STDERR_REDIRECT] 
2026-05-04 11:17:11,136 [ERROR] LogOutputStream:75 - [STDERR_REDIRECT] [Fatal Error] :1:1: Premature end of file.
2026-05-04 11:17:11,136 [ERROR] LogOutputStream:75 - [STDERR_REDIRECT] 
2026-05-04 11:17:12,177 [ERROR] LogOutputStream:75 - [STDERR_REDIRECT] [Fatal Error] :1:1: Premature end of file.
2026-05-04 11:17:12,178 [ERROR] LogOutputStream:75 - [STDERR_REDIRECT] 
2026-05-04 11:17:13,165 [ERROR] LogOutputStream:75 - [STDERR_REDIRECT] [Fatal Error] :1:1: Premature end of file.
2026-05-04 11:17:13,166 [ERROR] LogOutputStream:75 - [STDERR_REDIRECT] 
2026-05-04 11:17:14,155 [ERROR] LogOutputStream:75 - [STDERR_REDIRECT] [Fatal Error] :1:1: Premature end of file.
2026-05-04 11:17:14,155 [ERROR] LogOutputStream:75 - [STDERR_REDIRECT] 
2026-05-04 11:17:15,145 [ERROR] LogOutputStream:75 - [STDERR_REDIRECT] [Fatal Error] :1:1: Premature end of file.
2026-05-04 11:17:15,145 [ERROR] LogOutputStream:75 - [STDERR_REDIRECT] 
2026-05-04 11:17:16,129 [ERROR] LogOutputStream:75 - [STDERR_REDIRECT] [Fatal Error] :1:1: Premature end of file.
2026-05-04 11:17:16,129 [ERROR] LogOutputStream:75 - [STDERR_REDIRECT] 
2026-05-04 11:17:17,158 [ERROR] LogOutputStream:75 - [STDERR_REDIRECT] [Fatal Error] :1:1: Premature end of file.
2026-05-04 11:17:17,158 [ERROR] LogOutputStream:75 - [STDERR_REDIRECT] 
2026-05-04 11:17:18,168 [ERROR] LogOutputStream:75 - [STDERR_REDIRECT] [Fatal Error] :1:1: Premature end of file.
2026-05-04 11:17:18,187 [ERROR] LogOutputStream:75 - [STDERR_REDIRECT] 
2026-05-04 11:17:19,170 [ERROR] LogOutputStream:75 - [STDERR_REDIRECT] [Fatal Error] :1:1: Premature end of file.
2026-05-04 11:17:19,170 [ERROR] LogOutputStream:75 - [STDERR_REDIRECT] 
2026-05-04 11:17:20,182 [ERROR] LogOutputStream:75 - [STDERR_REDIRECT] [Fatal Error] :1:1: Premature end of file.
2026-05-04 11:17:20,183 [ERROR] LogOutputStream:75 - [STDERR_REDIRECT] 
2026-05-04 11:17:21,155 [ERROR] LogOutputStream:75 - [STDERR_REDIRECT] [Fatal Error] :1:1: Premature end of file.
2026-05-04 11:17:21,159 [ERROR] LogOutputStream:75 - [STDERR_REDIRECT] 
2026-05-04 11:17:22,174 [ERROR] LogOutputStream:75 - [STDERR_REDIRECT] [Fatal Error] :1:1: Premature end of file.
2026-05-04 11:17:22,175 [ERROR] LogOutputStream:75 - [STDERR_REDIRECT] 
2026-05-04 11:17:23,151 [ERROR] LogOutputStream:75 - [STDERR_REDIRECT] [Fatal Error] :1:1: Premature end of file.
2026-05-04 11:17:23,151 [ERROR] LogOutputStream:75 - [STDERR_REDIRECT] 
2026-05-04 11:17:24,151 [ERROR] LogOutputStream:75 - [STDERR_REDIRECT] [Fatal Error] :1:1: Premature end of file.
2026-05-04 11:17:24,152 [ERROR] LogOutputStream:75 - [STDERR_REDIRECT] 
2026-05-04 11:17:25,171 [ERROR] LogOutputStream:75 - [STDERR_REDIRECT] [Fatal Error] :1:1: Premature end of file.
2026-05-04 11:17:25,171 [ERROR] LogOutputStream:75 - [STDERR_REDIRECT] 
2026-05-04 11:17:26,159 [ERROR] LogOutputStream:75 - [STDERR_REDIRECT] [Fatal Error] :1:1: Premature end of file.
2026-05-04 11:17:26,160 [ERROR] LogOutputStream:75 - [STDERR_REDIRECT] 
2026-05-04 11:17:27,145 [ERROR] LogOutputStream:75 - [STDERR_REDIRECT] [Fatal Error] :1:1: Premature end of file.
2026-05-04 11:17:27,146 [ERROR] LogOutputStream:75 - [STDERR_REDIRECT] 
2026-05-04 11:17:28,137 [ERROR] LogOutputStream:75 - [STDERR_REDIRECT] [Fatal Error] :1:1: Premature end of file.
2026-05-04 11:17:28,138 [ERROR] LogOutputStream:75 - [STDERR_REDIRECT] 
2026-05-04 11:17:29,143 [ERROR] LogOutputStream:75 - [STDERR_REDIRECT] [Fatal Error] :1:1: Premature end of file.
2026-05-04 11:17:29,143 [ERROR] LogOutputStream:75 - [STDERR_REDIRECT] 
2026-05-04 11:17:30,287 [ERROR] LogOutputStream:75 - [STDERR_REDIRECT] [Fatal Error] :1:1: Premature end of file.
2026-05-04 11:17:30,287 [ERROR] LogOutputStream:75 - [STDERR_REDIRECT] 
2026-05-04 11:17:31,142 [ERROR] LogOutputStream:75 - [STDERR_REDIRECT] [Fatal Error] :1:1: Premature end of file.
2026-05-04 11:17:31,142 [ERROR] LogOutputStream:75 - [STDERR_REDIRECT] 
2026-05-04 11:17:32,141 [ERROR] LogOutputStream:75 - [STDERR_REDIRECT] [Fatal Error] :1:1: Premature end of file.
2026-05-04 11:17:32,141 [ERROR] LogOutputStream:75 - [STDERR_REDIRECT] 
2026-05-04 11:17:33,177 [ERROR] LogOutputStream:75 - [STDERR_REDIRECT] [Fatal Error] :1:1: Premature end of file.
2026-05-04 11:17:33,177 [ERROR] LogOutputStream:75 - [STDERR_REDIRECT] 
2026-05-04 11:17:34,179 [ERROR] LogOutputStream:75 - [STDERR_REDIRECT] [Fatal Error] :1:1: Premature end of file.
2026-05-04 11:17:34,180 [ERROR] LogOutputStream:75 - [STDERR_REDIRECT] 
2026-05-04 11:17:35,153 [ERROR] LogOutputStream:75 - [STDERR_REDIRECT] [Fatal Error] :1:1: Premature end of file.
2026-05-04 11:17:35,153 [ERROR] LogOutputStream:75 - [STDERR_REDIRECT] 
2026-05-04 11:17:36,164 [ERROR] LogOutputStream:75 - [STDERR_REDIRECT] [Fatal Error] :1:1: Premature end of file.
2026-05-04 11:17:36,164 [ERROR] LogOutputStream:75 - [STDERR_REDIRECT] 
2026-05-04 11:17:37,186 [ERROR] LogOutputStream:75 - [STDERR_REDIRECT] [Fatal Error] :1:1: Premature end of file.
2026-05-04 11:17:37,187 [ERROR] LogOutputStream:75 - [STDERR_REDIRECT] 
2026-05-04 11:17:38,164 [ERROR] LogOutputStream:75 - [STDERR_REDIRECT] [Fatal Error] :1:1: Premature end of file.
2026-05-04 11:17:38,165 [ERROR] LogOutputStream:75 - [STDERR_REDIRECT] 
2026-05-04 11:17:39,163 [ERROR] LogOutputStream:75 - [STDERR_REDIRECT] [Fatal Error] :1:1: Premature end of file.
2026-05-04 11:17:39,164 [ERROR] LogOutputStream:75 - [STDERR_REDIRECT] 
2026-05-04 11:17:40,132 [ERROR] LogOutputStream:75 - [STDERR_REDIRECT] [Fatal Error] :1:1: Premature end of file.
2026-05-04 11:17:40,132 [ERROR] LogOutputStream:75 - [STDERR_REDIRECT] 
2026-05-04 11:17:41,158 [ERROR] LogOutputStream:75 - [STDERR_REDIRECT] [Fatal Error] :1:1: Premature end of file.
2026-05-04 11:17:41,158 [ERROR] LogOutputStream:75 - [STDERR_REDIRECT] 
2026-05-04 11:17:42,138 [ERROR] LogOutputStream:75 - [STDERR_REDIRECT] [Fatal Error] :1:1: Premature end of file.
2026-05-04 11:17:42,139 [ERROR] LogOutputStream:75 - [STDERR_REDIRECT] 
2026-05-04 11:17:43,151 [ERROR] LogOutputStream:75 - [STDERR_REDIRECT] [Fatal Error] :1:1: Premature end of file.
2026-05-04 11:17:43,152 [ERROR] LogOutputStream:75 - [STDERR_REDIRECT] 
2026-05-04 11:17:44,149 [ERROR] LogOutputStream:75 - [STDERR_REDIRECT] [Fatal Error] :1:1: Premature end of file.
2026-05-04 11:17:44,149 [ERROR] LogOutputStream:75 - [STDERR_REDIRECT] 
2026-05-04 11:17:45,141 [ERROR] LogOutputStream:75 - [STDERR_REDIRECT] [Fatal Error] :1:1: Premature end of file.
2026-05-04 11:17:45,141 [ERROR] LogOutputStream:75 - [STDERR_REDIRECT] 
2026-05-04 11:17:46,146 [ERROR] LogOutputStream:75 - [STDERR_REDIRECT] [Fatal Error] :1:1: Premature end of file.
2026-05-04 11:17:46,147 [ERROR] LogOutputStream:75 - [STDERR_REDIRECT] 
2026-05-04 11:17:47,164 [ERROR] LogOutputStream:75 - [STDERR_REDIRECT] [Fatal Error] :1:1: Premature end of file.
2026-05-04 11:17:47,165 [ERROR] LogOutputStream:75 - [STDERR_REDIRECT] 
2026-05-04 11:17:48,164 [ERROR] LogOutputStream:75 - [STDERR_REDIRECT] [Fatal Error] :1:1: Premature end of file.
2026-05-04 11:17:48,165 [ERROR] LogOutputStream:75 - [STDERR_REDIRECT] 
2026-05-04 11:17:49,159 [ERROR] LogOutputStream:75 - [STDERR_REDIRECT] [Fatal Error] :1:1: Premature end of file.
2026-05-04 11:17:49,160 [ERROR] LogOutputStream:75 - [STDERR_REDIRECT] 
2026-05-04 11:17:50,167 [ERROR] LogOutputStream:75 - [STDERR_REDIRECT] [Fatal Error] :1:1: Premature end of file.
2026-05-04 11:17:50,168 [ERROR] LogOutputStream:75 - [STDERR_REDIRECT] 
2026-05-04 11:17:51,173 [ERROR] LogOutputStream:75 - [STDERR_REDIRECT] [Fatal Error] :1:1: Premature end of file.
2026-05-04 11:17:51,174 [ERROR] LogOutputStream:75 - [STDERR_REDIRECT] 
2026-05-04 11:17:52,153 [ERROR] LogOutputStream:75 - [STDERR_REDIRECT] [Fatal Error] :1:1: Premature end of file.
2026-05-04 11:17:52,154 [ERROR] LogOutputStream:75 - [STDERR_REDIRECT] 
2026-05-04 11:17:53,158 [ERROR] LogOutputStream:75 - [STDERR_REDIRECT] [Fatal Error] :1:1: Premature end of file.
2026-05-04 11:17:53,158 [ERROR] LogOutputStream:75 - [STDERR_REDIRECT] 
2026-05-04 11:17:54,122 [ERROR] LogOutputStream:75 - [STDERR_REDIRECT] [Fatal Error] :1:1: Premature end of file.
2026-05-04 11:17:54,122 [ERROR] LogOutputStream:75 - [STDERR_REDIRECT] 
2026-05-04 11:17:55,141 [ERROR] LogOutputStream:75 - [STDERR_REDIRECT] [Fatal Error] :1:1: Premature end of file.
2026-05-04 11:17:55,141 [ERROR] LogOutputStream:75 - [STDERR_REDIRECT] 
2026-05-04 11:17:56,166 [ERROR] LogOutputStream:75 - [STDERR_REDIRECT] [Fatal Error] :1:1: Premature end of file.
2026-05-04 11:17:56,167 [ERROR] LogOutputStream:75 - [STDERR_REDIRECT] 
2026-05-04 11:17:57,135 [ERROR] LogOutputStream:75 - [STDERR_REDIRECT] [Fatal Error] :1:1: Premature end of file.
2026-05-04 11:17:57,136 [ERROR] LogOutputStream:75 - [STDERR_REDIRECT] 
2026-05-04 11:17:58,145 [ERROR] LogOutputStream:75 - [STDERR_REDIRECT] [Fatal Error] :1:1: Premature end of file.
2026-05-04 11:17:58,145 [ERROR] LogOutputStream:75 - [STDERR_REDIRECT] 
2026-05-04 11:17:59,141 [ERROR] LogOutputStream:75 - [STDERR_REDIRECT] [Fatal Error] :1:1: Premature end of file.
2026-05-04 11:17:59,141 [ERROR] LogOutputStream:75 - [STDERR_REDIRECT] 
2026-05-04 11:18:00,136 [ERROR] LogOutputStream:75 - [STDERR_REDIRECT] [Fatal Error] :1:1: Premature end of file.
2026-05-04 11:18:00,137 [ERROR] LogOutputStream:75 - [STDERR_REDIRECT] 
2026-05-04 11:18:01,142 [ERROR] LogOutputStream:75 - [STDERR_REDIRECT] [Fatal Error] :1:1: Premature end of file.
2026-05-04 11:18:01,143 [ERROR] LogOutputStream:75 - [STDERR_REDIRECT] 
2026-05-04 11:18:02,123 [ERROR] LogOutputStream:75 - [STDERR_REDIRECT] [Fatal Error] :1:1: Premature end of file.
2026-05-04 11:18:02,123 [ERROR] LogOutputStream:75 - [STDERR_REDIRECT] 
2026-05-04 11:18:03,160 [ERROR] LogOutputStream:75 - [STDERR_REDIRECT] [Fatal Error] :1:1: Premature end of file.
2026-05-04 11:18:03,160 [ERROR] LogOutputStream:75 - [STDERR_REDIRECT] 
2026-05-04 11:18:04,148 [ERROR] LogOutputStream:75 - [STDERR_REDIRECT] [Fatal Error] :1:1: Premature end of file.
2026-05-04 11:18:04,148 [ERROR] LogOutputStream:75 - [STDERR_REDIRECT] 
2026-05-04 11:18:05,139 [ERROR] LogOutputStream:75 - [STDERR_REDIRECT] [Fatal Error] :1:1: Premature end of file.
2026-05-04 11:18:05,139 [ERROR] LogOutputStream:75 - [STDERR_REDIRECT] 
2026-05-04 11:18:06,148 [ERROR] LogOutputStream:75 - [STDERR_REDIRECT] [Fatal Error] :1:1: Premature end of file.
2026-05-04 11:18:06,148 [ERROR] LogOutputStream:75 - [STDERR_REDIRECT] 
2026-05-04 11:18:07,124 [ERROR] LogOutputStream:75 - [STDERR_REDIRECT] [Fatal Error] :1:1: Premature end of file.
2026-05-04 11:18:07,124 [ERROR] LogOutputStream:75 - [STDERR_REDIRECT] 
2026-05-04 11:18:08,135 [ERROR] LogOutputStream:75 - [STDERR_REDIRECT] [Fatal Error] :1:1: Premature end of file.
2026-05-04 11:18:08,135 [ERROR] LogOutputStream:75 - [STDERR_REDIRECT] 
2026-05-04 11:18:09,149 [ERROR] LogOutputStream:75 - [STDERR_REDIRECT] [Fatal Error] :1:1: Premature end of file.
2026-05-04 11:18:09,150 [ERROR] LogOutputStream:75 - [STDERR_REDIRECT] 
2026-05-04 11:18:10,147 [ERROR] LogOutputStream:75 - [STDERR_REDIRECT] [Fatal Error] :1:1: Premature end of file.
2026-05-04 11:18:10,148 [ERROR] LogOutputStream:75 - [STDERR_REDIRECT] 
2026-05-04 11:18:11,128 [ERROR] LogOutputStream:75 - [STDERR_REDIRECT] [Fatal Error] :1:1: Premature end of file.
2026-05-04 11:18:11,128 [ERROR] LogOutputStream:75 - [STDERR_REDIRECT] 
2026-05-04 11:18:12,140 [ERROR] LogOutputStream:75 - [STDERR_REDIRECT] [Fatal Error] :1:1: Premature end of file.
2026-05-04 11:18:12,140 [ERROR] LogOutputStream:75 - [STDERR_REDIRECT] 
2026-05-04 11:18:13,137 [ERROR] LogOutputStream:75 - [STDERR_REDIRECT] [Fatal Error] :1:1: Premature end of file.
2026-05-04 11:18:13,137 [ERROR] LogOutputStream:75 - [STDERR_REDIRECT] 
2026-05-04 11:18:14,136 [ERROR] LogOutputStream:75 - [STDERR_REDIRECT] [Fatal Error] :1:1: Premature end of file.
2026-05-04 11:18:14,136 [ERROR] LogOutputStream:75 - [STDERR_REDIRECT] 
2026-05-04 11:18:15,147 [ERROR] LogOutputStream:75 - [STDERR_REDIRECT] [Fatal Error] :1:1: Premature end of file.
2026-05-04 11:18:15,147 [ERROR] LogOutputStream:75 - [STDERR_REDIRECT] 
2026-05-04 11:18:16,154 [ERROR] LogOutputStream:75 - [STDERR_REDIRECT] [Fatal Error] :1:1: Premature end of file.
2026-05-04 11:18:16,155 [ERROR] LogOutputStream:75 - [STDERR_REDIRECT] 
2026-05-04 11:18:17,140 [ERROR] LogOutputStream:75 - [STDERR_REDIRECT] [Fatal Error] :1:1: Premature end of file.
2026-05-04 11:18:17,140 [ERROR] LogOutputStream:75 - [STDERR_REDIRECT] 
2026-05-04 11:18:18,140 [ERROR] LogOutputStream:75 - [STDERR_REDIRECT] [Fatal Error] :1:1: Premature end of file.
2026-05-04 11:18:18,140 [ERROR] LogOutputStream:75 - [STDERR_REDIRECT] 
2026-05-04 11:18:19,144 [ERROR] LogOutputStream:75 - [STDERR_REDIRECT] [Fatal Error] :1:1: Premature end of file.
2026-05-04 11:18:19,144 [ERROR] LogOutputStream:75 - [STDERR_REDIRECT] 
2026-05-04 11:18:20,145 [ERROR] LogOutputStream:75 - [STDERR_REDIRECT] [Fatal Error] :1:1: Premature end of file.
2026-05-04 11:18:20,145 [ERROR] LogOutputStream:75 - [STDERR_REDIRECT] 
2026-05-04 11:18:21,141 [ERROR] LogOutputStream:75 - [STDERR_REDIRECT] [Fatal Error] :1:1: Premature end of file.
2026-05-04 11:18:21,141 [ERROR] LogOutputStream:75 - [STDERR_REDIRECT] 
2026-05-04 11:18:22,146 [ERROR] LogOutputStream:75 - [STDERR_REDIRECT] [Fatal Error] :1:1: Premature end of file.
2026-05-04 11:18:22,146 [ERROR] LogOutputStream:75 - [STDERR_REDIRECT] 
2026-05-04 11:18:23,144 [ERROR] LogOutputStream:75 - [STDERR_REDIRECT] [Fatal Error] :1:1: Premature end of file.
2026-05-04 11:18:23,144 [ERROR] LogOutputStream:75 - [STDERR_REDIRECT] 
2026-05-04 11:18:24,125 [ERROR] LogOutputStream:75 - [STDERR_REDIRECT] [Fatal Error] :1:1: Premature end of file.
2026-05-04 11:18:24,125 [ERROR] LogOutputStream:75 - [STDERR_REDIRECT] 
2026-05-04 11:18:25,150 [ERROR] LogOutputStream:75 - [STDERR_REDIRECT] [Fatal Error] :1:1: Premature end of file.
2026-05-04 11:18:25,151 [ERROR] LogOutputStream:75 - [STDERR_REDIRECT] 
2026-05-04 11:18:26,166 [ERROR] LogOutputStream:75 - [STDERR_REDIRECT] [Fatal Error] :1:1: Premature end of file.
2026-05-04 11:18:26,166 [ERROR] LogOutputStream:75 - [STDERR_REDIRECT] 
2026-05-04 11:18:27,148 [ERROR] LogOutputStream:75 - [STDERR_REDIRECT] [Fatal Error] :1:1: Premature end of file.
2026-05-04 11:18:27,148 [ERROR] LogOutputStream:75 - [STDERR_REDIRECT] 
2026-05-04 11:18:28,141 [ERROR] LogOutputStream:75 - [STDERR_REDIRECT] [Fatal Error] :1:1: Premature end of file.
2026-05-04 11:18:28,141 [ERROR] LogOutputStream:75 - [STDERR_REDIRECT] 
2026-05-04 11:18:29,144 [ERROR] LogOutputStream:75 - [STDERR_REDIRECT] [Fatal Error] :1:1: Premature end of file.
2026-05-04 11:18:29,145 [ERROR] LogOutputStream:75 - [STDERR_REDIRECT] 
2026-05-04 11:18:30,164 [ERROR] LogOutputStream:75 - [STDERR_REDIRECT] [Fatal Error] :1:1: Premature end of file.
2026-05-04 11:18:30,164 [ERROR] LogOutputStream:75 - [STDERR_REDIRECT] 
2026-05-04 11:18:31,152 [ERROR] LogOutputStream:75 - [STDERR_REDIRECT] [Fatal Error] :1:1: Premature end of file.
2026-05-04 11:18:31,152 [ERROR] LogOutputStream:75 - [STDERR_REDIRECT] 
2026-05-04 11:18:32,140 [ERROR] LogOutputStream:75 - [STDERR_REDIRECT] [Fatal Error] :1:1: Premature end of file.
2026-05-04 11:18:32,140 [ERROR] LogOutputStream:75 - [STDERR_REDIRECT] 
2026-05-04 11:18:33,134 [ERROR] LogOutputStream:75 - [STDERR_REDIRECT] [Fatal Error] :1:1: Premature end of file.
2026-05-04 11:18:33,134 [ERROR] LogOutputStream:75 - [STDERR_REDIRECT] 
2026-05-04 11:18:34,145 [ERROR] LogOutputStream:75 - [STDERR_REDIRECT] [Fatal Error] :1:1: Premature end of file.
2026-05-04 11:18:34,145 [ERROR] LogOutputStream:75 - [STDERR_REDIRECT] 
2026-05-04 11:18:35,135 [ERROR] LogOutputStream:75 - [STDERR_REDIRECT] [Fatal Error] :1:1: Premature end of file.
2026-05-04 11:18:35,136 [ERROR] LogOutputStream:75 - [STDERR_REDIRECT] 
2026-05-04 11:18:36,141 [ERROR] LogOutputStream:75 - [STDERR_REDIRECT] [Fatal Error] :1:1: Premature end of file.
2026-05-04 11:18:36,142 [ERROR] LogOutputStream:75 - [STDERR_REDIRECT] 
2026-05-04 11:18:37,127 [ERROR] LogOutputStream:75 - [STDERR_REDIRECT] [Fatal Error] :1:1: Premature end of file.
2026-05-04 11:18:37,127 [ERROR] LogOutputStream:75 - [STDERR_REDIRECT] 
2026-05-04 11:18:38,140 [ERROR] LogOutputStream:75 - [STDERR_REDIRECT] [Fatal Error] :1:1: Premature end of file.
2026-05-04 11:18:38,140 [ERROR] LogOutputStream:75 - [STDERR_REDIRECT] 
2026-05-04 11:18:39,151 [ERROR] LogOutputStream:75 - [STDERR_REDIRECT] [Fatal Error] :1:1: Premature end of file.
2026-05-04 11:18:39,151 [ERROR] LogOutputStream:75 - [STDERR_REDIRECT] 
2026-05-04 11:18:40,147 [ERROR] LogOutputStream:75 - [STDERR_REDIRECT] [Fatal Error] :1:1: Premature end of file.
2026-05-04 11:18:40,147 [ERROR] LogOutputStream:75 - [STDERR_REDIRECT] 
2026-05-04 11:18:41,157 [ERROR] LogOutputStream:75 - [STDERR_REDIRECT] [Fatal Error] :1:1: Premature end of file.
2026-05-04 11:18:41,157 [ERROR] LogOutputStream:75 - [STDERR_REDIRECT] 
2026-05-04 11:18:42,155 [ERROR] LogOutputStream:75 - [STDERR_REDIRECT] [Fatal Error] :1:1: Premature end of file.
2026-05-04 11:18:42,155 [ERROR] LogOutputStream:75 - [STDERR_REDIRECT] 
2026-05-04 11:18:43,152 [ERROR] LogOutputStream:75 - [STDERR_REDIRECT] [Fatal Error] :1:1: Premature end of file.
2026-05-04 11:18:43,152 [ERROR] LogOutputStream:75 - [STDERR_REDIRECT] 
2026-05-04 11:18:44,121 [ERROR] LogOutputStream:75 - [STDERR_REDIRECT] [Fatal Error] :1:1: Premature end of file.
2026-05-04 11:18:44,121 [ERROR] LogOutputStream:75 - [STDERR_REDIRECT] 
2026-05-04 11:18:45,148 [ERROR] LogOutputStream:75 - [STDERR_REDIRECT] [Fatal Error] :1:1: Premature end of file.
2026-05-04 11:18:45,148 [ERROR] LogOutputStream:75 - [STDERR_REDIRECT] 
2026-05-04 11:18:46,163 [ERROR] LogOutputStream:75 - [STDERR_REDIRECT] [Fatal Error] :1:1: Premature end of file.
2026-05-04 11:18:46,163 [ERROR] LogOutputStream:75 - [STDERR_REDIRECT] 
2026-05-04 11:18:47,150 [ERROR] LogOutputStream:75 - [STDERR_REDIRECT] [Fatal Error] :1:1: Premature end of file.
2026-05-04 11:18:47,150 [ERROR] LogOutputStream:75 - [STDERR_REDIRECT] 
2026-05-04 11:18:48,140 [ERROR] LogOutputStream:75 - [STDERR_REDIRECT] [Fatal Error] :1:1: Premature end of file.
2026-05-04 11:18:48,140 [ERROR] LogOutputStream:75 - [STDERR_REDIRECT] 
2026-05-04 11:18:49,144 [ERROR] LogOutputStream:75 - [STDERR_REDIRECT] [Fatal Error] :1:1: Premature end of file.
2026-05-04 11:18:49,144 [ERROR] LogOutputStream:75 - [STDERR_REDIRECT] 
2026-05-04 11:18:50,144 [ERROR] LogOutputStream:75 - [STDERR_REDIRECT] [Fatal Error] :1:1: Premature end of file.
2026-05-04 11:18:50,144 [ERROR] LogOutputStream:75 - [STDERR_REDIRECT] 
2026-05-04 11:18:51,156 [ERROR] LogOutputStream:75 - [STDERR_REDIRECT] [Fatal Error] :1:1: Premature end of file.
2026-05-04 11:18:51,156 [ERROR] LogOutputStream:75 - [STDERR_REDIRECT] 
2026-05-04 11:18:52,151 [ERROR] LogOutputStream:75 - [STDERR_REDIRECT] [Fatal Error] :1:1: Premature end of file.
2026-05-04 11:18:52,151 [ERROR] LogOutputStream:75 - [STDERR_REDIRECT] 
2026-05-04 11:18:53,149 [ERROR] LogOutputStream:75 - [STDERR_REDIRECT] [Fatal Error] :1:1: Premature end of file.
2026-05-04 11:18:53,149 [ERROR] LogOutputStream:75 - [STDERR_REDIRECT] 
2026-05-04 11:18:54,162 [ERROR] LogOutputStream:75 - [STDERR_REDIRECT] [Fatal Error] :1:1: Premature end of file.
2026-05-04 11:18:54,162 [ERROR] LogOutputStream:75 - [STDERR_REDIRECT] 
2026-05-04 11:18:55,152 [ERROR] LogOutputStream:75 - [STDERR_REDIRECT] [Fatal Error] :1:1: Premature end of file.
2026-05-04 11:18:55,152 [ERROR] LogOutputStream:75 - [STDERR_REDIRECT] 
2026-05-04 11:18:56,141 [ERROR] LogOutputStream:75 - [STDERR_REDIRECT] [Fatal Error] :1:1: Premature end of file.
2026-05-04 11:18:56,141 [ERROR] LogOutputStream:75 - [STDERR_REDIRECT] 
2026-05-04 11:18:57,149 [ERROR] LogOutputStream:75 - [STDERR_REDIRECT] [Fatal Error] :1:1: Premature end of file.
2026-05-04 11:18:57,149 [ERROR] LogOutputStream:75 - [STDERR_REDIRECT] 
2026-05-04 11:18:58,141 [ERROR] LogOutputStream:75 - [STDERR_REDIRECT] [Fatal Error] :1:1: Premature end of file.
2026-05-04 11:18:58,141 [ERROR] LogOutputStream:75 - [STDERR_REDIRECT] 
2026-05-04 11:18:59,154 [ERROR] LogOutputStream:75 - [STDERR_REDIRECT] [Fatal Error] :1:1: Premature end of file.
2026-05-04 11:18:59,155 [ERROR] LogOutputStream:75 - [STDERR_REDIRECT] 
2026-05-04 11:19:00,143 [ERROR] LogOutputStream:75 - [STDERR_REDIRECT] [Fatal Error] :1:1: Premature end of file.
2026-05-04 11:19:00,143 [ERROR] LogOutputStream:75 - [STDERR_REDIRECT] 
2026-05-04 11:19:01,158 [ERROR] LogOutputStream:75 - [STDERR_REDIRECT] [Fatal Error] :1:1: Premature end of file.
2026-05-04 11:19:01,160 [ERROR] LogOutputStream:75 - [STDERR_REDIRECT] 
2026-05-04 11:19:02,141 [ERROR] LogOutputStream:75 - [STDERR_REDIRECT] [Fatal Error] :1:1: Premature end of file.
2026-05-04 11:19:02,141 [ERROR] LogOutputStream:75 - [STDERR_REDIRECT] 
2026-05-04 11:19:03,383 [ERROR] LogOutputStream:75 - [STDERR_REDIRECT] [Fatal Error] :1:1: Premature end of file.
2026-05-04 11:19:03,383 [ERROR] LogOutputStream:75 - [STDERR_REDIRECT] 
2026-05-04 11:19:04,127 [ERROR] LogOutputStream:75 - [STDERR_REDIRECT] [Fatal Error] :1:1: Premature end of file.
2026-05-04 11:19:04,127 [ERROR] LogOutputStream:75 - [STDERR_REDIRECT] 
2026-05-04 11:19:05,158 [ERROR] LogOutputStream:75 - [STDERR_REDIRECT] [Fatal Error] :1:1: Premature end of file.
2026-05-04 11:19:05,158 [ERROR] LogOutputStream:75 - [STDERR_REDIRECT] 
2026-05-04 11:19:06,149 [ERROR] LogOutputStream:75 - [STDERR_REDIRECT] [Fatal Error] :1:1: Premature end of file.
2026-05-04 11:19:06,150 [ERROR] LogOutputStream:75 - [STDERR_REDIRECT] 
2026-05-04 11:19:07,142 [ERROR] LogOutputStream:75 - [STDERR_REDIRECT] [Fatal Error] :1:1: Premature end of file.
2026-05-04 11:19:07,142 [ERROR] LogOutputStream:75 - [STDERR_REDIRECT] 
2026-05-04 11:19:08,139 [ERROR] LogOutputStream:75 - [STDERR_REDIRECT] [Fatal Error] :1:1: Premature end of file.
2026-05-04 11:19:08,139 [ERROR] LogOutputStream:75 - [STDERR_REDIRECT] 
2026-05-04 11:19:09,157 [ERROR] LogOutputStream:75 - [STDERR_REDIRECT] [Fatal Error] :1:1: Premature end of file.
2026-05-04 11:19:09,158 [ERROR] LogOutputStream:75 - [STDERR_REDIRECT] 
2026-05-04 11:19:10,134 [ERROR] LogOutputStream:75 - [STDERR_REDIRECT] [Fatal Error] :1:1: Premature end of file.
2026-05-04 11:19:10,135 [ERROR] LogOutputStream:75 - [STDERR_REDIRECT] 
2026-05-04 11:19:11,140 [ERROR] LogOutputStream:75 - [STDERR_REDIRECT] [Fatal Error] :1:1: Premature end of file.
2026-05-04 11:19:11,140 [ERROR] LogOutputStream:75 - [STDERR_REDIRECT] 
2026-05-04 11:19:12,141 [ERROR] LogOutputStream:75 - [STDERR_REDIRECT] [Fatal Error] :1:1: Premature end of file.
2026-05-04 11:19:12,141 [ERROR] LogOutputStream:75 - [STDERR_REDIRECT] 
2026-05-04 11:19:13,137 [ERROR] LogOutputStream:75 - [STDERR_REDIRECT] [Fatal Error] :1:1: Premature end of file.
2026-05-04 11:19:13,138 [ERROR] LogOutputStream:75 - [STDERR_REDIRECT] 
2026-05-04 11:19:14,148 [ERROR] LogOutputStream:75 - [STDERR_REDIRECT] [Fatal Error] :1:1: Premature end of file.
2026-05-04 11:19:14,148 [ERROR] LogOutputStream:75 - [STDERR_REDIRECT] 
2026-05-04 11:19:15,136 [ERROR] LogOutputStream:75 - [STDERR_REDIRECT] [Fatal Error] :1:1: Premature end of file.
2026-05-04 11:19:15,136 [ERROR] LogOutputStream:75 - [STDERR_REDIRECT] 
2026-05-04 11:19:16,139 [ERROR] LogOutputStream:75 - [STDERR_REDIRECT] [Fatal Error] :1:1: Premature end of file.
2026-05-04 11:19:16,139 [ERROR] LogOutputStream:75 - [STDERR_REDIRECT] 
2026-05-04 11:19:17,137 [ERROR] LogOutputStream:75 - [STDERR_REDIRECT] [Fatal Error] :1:1: Premature end of file.
2026-05-04 11:19:17,137 [ERROR] LogOutputStream:75 - [STDERR_REDIRECT] 
2026-05-04 11:19:18,136 [ERROR] LogOutputStream:75 - [STDERR_REDIRECT] [Fatal Error] :1:1: Premature end of file.
2026-05-04 11:19:18,137 [ERROR] LogOutputStream:75 - [STDERR_REDIRECT] 
2026-05-04 11:19:19,144 [ERROR] LogOutputStream:75 - [STDERR_REDIRECT] [Fatal Error] :1:1: Premature end of file.
2026-05-04 11:19:19,145 [ERROR] LogOutputStream:75 - [STDERR_REDIRECT] 
2026-05-04 11:19:20,167 [ERROR] LogOutputStream:75 - [STDERR_REDIRECT] [Fatal Error] :1:1: Premature end of file.
2026-05-04 11:19:20,167 [ERROR] LogOutputStream:75 - [STDERR_REDIRECT] 
2026-05-04 11:19:21,146 [ERROR] LogOutputStream:75 - [STDERR_REDIRECT] [Fatal Error] :1:1: Premature end of file.
2026-05-04 11:19:21,146 [ERROR] LogOutputStream:75 - [STDERR_REDIRECT] 
2026-05-04 11:19:22,153 [ERROR] LogOutputStream:75 - [STDERR_REDIRECT] [Fatal Error] :1:1: Premature end of file.
2026-05-04 11:19:22,153 [ERROR] LogOutputStream:75 - [STDERR_REDIRECT] 
2026-05-04 11:19:23,136 [ERROR] LogOutputStream:75 - [STDERR_REDIRECT] [Fatal Error] :1:1: Premature end of file.
2026-05-04 11:19:23,136 [ERROR] LogOutputStream:75 - [STDERR_REDIRECT] 
2026-05-04 11:19:24,144 [ERROR] LogOutputStream:75 - [STDERR_REDIRECT] [Fatal Error] :1:1: Premature end of file.
2026-05-04 11:19:24,144 [ERROR] LogOutputStream:75 - [STDERR_REDIRECT] 
2026-05-04 11:19:25,143 [ERROR] LogOutputStream:75 - [STDERR_REDIRECT] [Fatal Error] :1:1: Premature end of file.
2026-05-04 11:19:25,144 [ERROR] LogOutputStream:75 - [STDERR_REDIRECT] 
2026-05-04 11:19:26,151 [ERROR] LogOutputStream:75 - [STDERR_REDIRECT] [Fatal Error] :1:1: Premature end of file.
2026-05-04 11:19:26,152 [ERROR] LogOutputStream:75 - [STDERR_REDIRECT] 
2026-05-04 11:19:27,141 [ERROR] LogOutputStream:75 - [STDERR_REDIRECT] [Fatal Error] :1:1: Premature end of file.
2026-05-04 11:19:27,141 [ERROR] LogOutputStream:75 - [STDERR_REDIRECT] 
2026-05-04 11:19:28,148 [ERROR] LogOutputStream:75 - [STDERR_REDIRECT] [Fatal Error] :1:1: Premature end of file.
2026-05-04 11:19:28,149 [ERROR] LogOutputStream:75 - [STDERR_REDIRECT] 
2026-05-04 11:19:29,146 [ERROR] LogOutputStream:75 - [STDERR_REDIRECT] [Fatal Error] :1:1: Premature end of file.
2026-05-04 11:19:29,146 [ERROR] LogOutputStream:75 - [STDERR_REDIRECT] 
2026-05-04 11:19:30,158 [ERROR] LogOutputStream:75 - [STDERR_REDIRECT] [Fatal Error] :1:1: Premature end of file.
2026-05-04 11:19:30,158 [ERROR] LogOutputStream:75 - [STDERR_REDIRECT] 
2026-05-04 11:19:31,144 [ERROR] LogOutputStream:75 - [STDERR_REDIRECT] [Fatal Error] :1:1: Premature end of file.
2026-05-04 11:19:31,144 [ERROR] LogOutputStream:75 - [STDERR_REDIRECT] 
2026-05-04 11:19:32,131 [ERROR] LogOutputStream:75 - [STDERR_REDIRECT] [Fatal Error] :1:1: Premature end of file.
2026-05-04 11:19:32,131 [ERROR] LogOutputStream:75 - [STDERR_REDIRECT] 
2026-05-04 11:19:33,151 [ERROR] LogOutputStream:75 - [STDERR_REDIRECT] [Fatal Error] :1:1: Premature end of file.
2026-05-04 11:19:33,151 [ERROR] LogOutputStream:75 - [STDERR_REDIRECT] 
2026-05-04 11:19:34,148 [ERROR] LogOutputStream:75 - [STDERR_REDIRECT] [Fatal Error] :1:1: Premature end of file.
2026-05-04 11:19:34,149 [ERROR] LogOutputStream:75 - [STDERR_REDIRECT] 
2026-05-04 11:19:35,152 [ERROR] LogOutputStream:75 - [STDERR_REDIRECT] [Fatal Error] :1:1: Premature end of file.
2026-05-04 11:19:35,153 [ERROR] LogOutputStream:75 - [STDERR_REDIRECT] 
2026-05-04 11:19:36,157 [ERROR] LogOutputStream:75 - [STDERR_REDIRECT] [Fatal Error] :1:1: Premature end of file.
2026-05-04 11:19:36,157 [ERROR] LogOutputStream:75 - [STDERR_REDIRECT] 
2026-05-04 11:19:37,149 [ERROR] LogOutputStream:75 - [STDERR_REDIRECT] [Fatal Error] :1:1: Premature end of file.
2026-05-04 11:19:37,149 [ERROR] LogOutputStream:75 - [STDERR_REDIRECT] 
2026-05-04 11:19:38,148 [ERROR] LogOutputStream:75 - [STDERR_REDIRECT] [Fatal Error] :1:1: Premature end of file.
2026-05-04 11:19:38,148 [ERROR] LogOutputStream:75 - [STDERR_REDIRECT] 
2026-05-04 11:19:39,144 [ERROR] LogOutputStream:75 - [STDERR_REDIRECT] [Fatal Error] :1:1: Premature end of file.
2026-05-04 11:19:39,144 [ERROR] LogOutputStream:75 - [STDERR_REDIRECT] 
2026-05-04 11:19:40,135 [ERROR] LogOutputStream:75 - [STDERR_REDIRECT] [Fatal Error] :1:1: Premature end of file.
2026-05-04 11:19:40,135 [ERROR] LogOutputStream:75 - [STDERR_REDIRECT] 
2026-05-04 11:19:41,148 [ERROR] LogOutputStream:75 - [STDERR_REDIRECT] [Fatal Error] :1:1: Premature end of file.
2026-05-04 11:19:41,149 [ERROR] LogOutputStream:75 - [STDERR_REDIRECT] 
2026-05-04 11:19:42,143 [ERROR] LogOutputStream:75 - [STDERR_REDIRECT] [Fatal Error] :1:1: Premature end of file.
2026-05-04 11:19:42,143 [ERROR] LogOutputStream:75 - [STDERR_REDIRECT] 
2026-05-04 11:19:43,154 [ERROR] LogOutputStream:75 - [STDERR_REDIRECT] [Fatal Error] :1:1: Premature end of file.
2026-05-04 11:19:43,154 [ERROR] LogOutputStream:75 - [STDERR_REDIRECT] 
2026-05-04 11:19:44,148 [ERROR] LogOutputStream:75 - [STDERR_REDIRECT] [Fatal Error] :1:1: Premature end of file.
2026-05-04 11:19:44,149 [ERROR] LogOutputStream:75 - [STDERR_REDIRECT] 
2026-05-04 11:19:45,154 [ERROR] LogOutputStream:75 - [STDERR_REDIRECT] [Fatal Error] :1:1: Premature end of file.
2026-05-04 11:19:45,154 [ERROR] LogOutputStream:75 - [STDERR_REDIRECT] 
2026-05-04 11:19:46,118 [ERROR] LogOutputStream:75 - [STDERR_REDIRECT] [Fatal Error] :1:1: Premature end of file.
2026-05-04 11:19:46,118 [ERROR] LogOutputStream:75 - [STDERR_REDIRECT] 
2026-05-04 11:19:47,147 [ERROR] LogOutputStream:75 - [STDERR_REDIRECT] [Fatal Error] :1:1: Premature end of file.
2026-05-04 11:19:47,147 [ERROR] LogOutputStream:75 - [STDERR_REDIRECT] 
2026-05-04 11:19:48,141 [ERROR] LogOutputStream:75 - [STDERR_REDIRECT] [Fatal Error] :1:1: Premature end of file.
2026-05-04 11:19:48,141 [ERROR] LogOutputStream:75 - [STDERR_REDIRECT] 
2026-05-04 11:19:49,141 [ERROR] LogOutputStream:75 - [STDERR_REDIRECT] [Fatal Error] :1:1: Premature end of file.
2026-05-04 11:19:49,141 [ERROR] LogOutputStream:75 - [STDERR_REDIRECT] 
2026-05-04 11:19:50,144 [ERROR] LogOutputStream:75 - [STDERR_REDIRECT] [Fatal Error] :1:1: Premature end of file.
2026-05-04 11:19:50,145 [ERROR] LogOutputStream:75 - [STDERR_REDIRECT] 
2026-05-04 11:19:51,147 [ERROR] LogOutputStream:75 - [STDERR_REDIRECT] [Fatal Error] :1:1: Premature end of file.
2026-05-04 11:19:51,148 [ERROR] LogOutputStream:75 - [STDERR_REDIRECT] 
2026-05-04 11:19:52,142 [ERROR] LogOutputStream:75 - [STDERR_REDIRECT] [Fatal Error] :1:1: Premature end of file.
2026-05-04 11:19:52,143 [ERROR] LogOutputStream:75 - [STDERR_REDIRECT] 
2026-05-04 11:19:53,149 [ERROR] LogOutputStream:75 - [STDERR_REDIRECT] [Fatal Error] :1:1: Premature end of file.
2026-05-04 11:19:53,150 [ERROR] LogOutputStream:75 - [STDERR_REDIRECT] 
2026-05-04 11:19:54,132 [ERROR] LogOutputStream:75 - [STDERR_REDIRECT] [Fatal Error] :1:1: Premature end of file.
2026-05-04 11:19:54,133 [ERROR] LogOutputStream:75 - [STDERR_REDIRECT] 
2026-05-04 11:19:55,137 [ERROR] LogOutputStream:75 - [STDERR_REDIRECT] [Fatal Error] :1:1: Premature end of file.
2026-05-04 11:19:55,138 [ERROR] LogOutputStream:75 - [STDERR_REDIRECT] 
2026-05-04 11:19:56,155 [ERROR] LogOutputStream:75 - [STDERR_REDIRECT] [Fatal Error] :1:1: Premature end of file.
2026-05-04 11:19:56,155 [ERROR] LogOutputStream:75 - [STDERR_REDIRECT] 
2026-05-04 11:19:57,158 [ERROR] LogOutputStream:75 - [STDERR_REDIRECT] [Fatal Error] :1:1: Premature end of file.
2026-05-04 11:19:57,158 [ERROR] LogOutputStream:75 - [STDERR_REDIRECT] 
2026-05-04 11:19:58,148 [ERROR] LogOutputStream:75 - [STDERR_REDIRECT] [Fatal Error] :1:1: Premature end of file.
2026-05-04 11:19:58,149 [ERROR] LogOutputStream:75 - [STDERR_REDIRECT] 
2026-05-04 11:19:59,145 [ERROR] LogOutputStream:75 - [STDERR_REDIRECT] [Fatal Error] :1:1: Premature end of file.
2026-05-04 11:19:59,145 [ERROR] LogOutputStream:75 - [STDERR_REDIRECT] 
2026-05-04 11:20:00,137 [ERROR] LogOutputStream:75 - [STDERR_REDIRECT] [Fatal Error] :1:1: Premature end of file.
2026-05-04 11:20:00,138 [ERROR] LogOutputStream:75 - [STDERR_REDIRECT] 
2026-05-04 11:20:01,146 [ERROR] LogOutputStream:75 - [STDERR_REDIRECT] [Fatal Error] :1:1: Premature end of file.
2026-05-04 11:20:01,146 [ERROR] LogOutputStream:75 - [STDERR_REDIRECT] 
2026-05-04 11:20:02,165 [ERROR] LogOutputStream:75 - [STDERR_REDIRECT] [Fatal Error] :1:1: Premature end of file.
2026-05-04 11:20:02,165 [ERROR] LogOutputStream:75 - [STDERR_REDIRECT] 
2026-05-04 11:20:03,144 [ERROR] LogOutputStream:75 - [STDERR_REDIRECT] [Fatal Error] :1:1: Premature end of file.
2026-05-04 11:20:03,144 [ERROR] LogOutputStream:75 - [STDERR_REDIRECT] 
2026-05-04 11:20:04,163 [ERROR] LogOutputStream:75 - [STDERR_REDIRECT] [Fatal Error] :1:1: Premature end of file.
2026-05-04 11:20:04,163 [ERROR] LogOutputStream:75 - [STDERR_REDIRECT] 
2026-05-04 11:20:05,162 [ERROR] LogOutputStream:75 - [STDERR_REDIRECT] [Fatal Error] :1:1: Premature end of file.
2026-05-04 11:20:05,162 [ERROR] LogOutputStream:75 - [STDERR_REDIRECT] 
2026-05-04 11:20:06,140 [ERROR] LogOutputStream:75 - [STDERR_REDIRECT] [Fatal Error] :1:1: Premature end of file.
2026-05-04 11:20:06,140 [ERROR] LogOutputStream:75 - [STDERR_REDIRECT] 
2026-05-04 11:20:07,149 [ERROR] LogOutputStream:75 - [STDERR_REDIRECT] [Fatal Error] :1:1: Premature end of file.
2026-05-04 11:20:07,149 [ERROR] LogOutputStream:75 - [STDERR_REDIRECT] 
2026-05-04 11:20:08,159 [ERROR] LogOutputStream:75 - [STDERR_REDIRECT] [Fatal Error] :1:1: Premature end of file.
2026-05-04 11:20:08,159 [ERROR] LogOutputStream:75 - [STDERR_REDIRECT] 
2026-05-04 11:20:09,147 [ERROR] LogOutputStream:75 - [STDERR_REDIRECT] [Fatal Error] :1:1: Premature end of file.
2026-05-04 11:20:09,147 [ERROR] LogOutputStream:75 - [STDERR_REDIRECT] 
2026-05-04 11:20:10,157 [ERROR] LogOutputStream:75 - [STDERR_REDIRECT] [Fatal Error] :1:1: Premature end of file.
2026-05-04 11:20:10,157 [ERROR] LogOutputStream:75 - [STDERR_REDIRECT] 
2026-05-04 11:20:11,158 [ERROR] LogOutputStream:75 - [STDERR_REDIRECT] [Fatal Error] :1:1: Premature end of file.
2026-05-04 11:20:11,158 [ERROR] LogOutputStream:75 - [STDERR_REDIRECT] 
2026-05-04 11:20:12,130 [ERROR] LogOutputStream:75 - [STDERR_REDIRECT] [Fatal Error] :1:1: Premature end of file.
2026-05-04 11:20:12,130 [ERROR] LogOutputStream:75 - [STDERR_REDIRECT] 
2026-05-04 11:20:13,118 [ERROR] LogOutputStream:75 - [STDERR_REDIRECT] [Fatal Error] :1:1: Premature end of file.
2026-05-04 11:20:13,118 [ERROR] LogOutputStream:75 - [STDERR_REDIRECT] 
2026-05-04 11:20:14,160 [ERROR] LogOutputStream:75 - [STDERR_REDIRECT] [Fatal Error] :1:1: Premature end of file.
2026-05-04 11:20:14,160 [ERROR] LogOutputStream:75 - [STDERR_REDIRECT] 
2026-05-04 11:20:15,161 [ERROR] LogOutputStream:75 - [STDERR_REDIRECT] [Fatal Error] :1:1: Premature end of file.
2026-05-04 11:20:15,161 [ERROR] LogOutputStream:75 - [STDERR_REDIRECT] 
2026-05-04 11:20:16,151 [ERROR] LogOutputStream:75 - [STDERR_REDIRECT] [Fatal Error] :1:1: Premature end of file.
2026-05-04 11:20:16,151 [ERROR] LogOutputStream:75 - [STDERR_REDIRECT] 
2026-05-04 11:20:17,158 [ERROR] LogOutputStream:75 - [STDERR_REDIRECT] [Fatal Error] :1:1: Premature end of file.
2026-05-04 11:20:17,158 [ERROR] LogOutputStream:75 - [STDERR_REDIRECT] 
2026-05-04 11:20:18,171 [ERROR] LogOutputStream:75 - [STDERR_REDIRECT] [Fatal Error] :1:1: Premature end of file.
2026-05-04 11:20:18,171 [ERROR] LogOutputStream:75 - [STDERR_REDIRECT] 
2026-05-04 11:20:19,188 [ERROR] LogOutputStream:75 - [STDERR_REDIRECT] [Fatal Error] :1:1: Premature end of file.
2026-05-04 11:20:19,189 [ERROR] LogOutputStream:75 - [STDERR_REDIRECT] 
2026-05-04 11:20:20,111 [ERROR] LogOutputStream:75 - [STDERR_REDIRECT] [Fatal Error] :1:1: Premature end of file.
2026-05-04 11:20:20,112 [ERROR] LogOutputStream:75 - [STDERR_REDIRECT] 
2026-05-04 11:20:21,182 [ERROR] LogOutputStream:75 - [STDERR_REDIRECT] [Fatal Error] :1:1: Premature end of file.
2026-05-04 11:20:21,182 [ERROR] LogOutputStream:75 - [STDERR_REDIRECT] 
2026-05-04 11:20:22,153 [ERROR] LogOutputStream:75 - [STDERR_REDIRECT] [Fatal Error] :1:1: Premature end of file.
2026-05-04 11:20:22,153 [ERROR] LogOutputStream:75 - [STDERR_REDIRECT] 
2026-05-04 11:20:23,145 [ERROR] LogOutputStream:75 - [STDERR_REDIRECT] [Fatal Error] :1:1: Premature end of file.
2026-05-04 11:20:23,145 [ERROR] LogOutputStream:75 - [STDERR_REDIRECT] 
2026-05-04 11:20:24,143 [ERROR] LogOutputStream:75 - [STDERR_REDIRECT] [Fatal Error] :1:1: Premature end of file.
2026-05-04 11:20:24,144 [ERROR] LogOutputStream:75 - [STDERR_REDIRECT] 
2026-05-04 11:20:25,135 [ERROR] LogOutputStream:75 - [STDERR_REDIRECT] [Fatal Error] :1:1: Premature end of file.
2026-05-04 11:20:25,136 [ERROR] LogOutputStream:75 - [STDERR_REDIRECT] 
2026-05-04 11:20:26,156 [ERROR] LogOutputStream:75 - [STDERR_REDIRECT] [Fatal Error] :1:1: Premature end of file.
2026-05-04 11:20:26,157 [ERROR] LogOutputStream:75 - [STDERR_REDIRECT] 
2026-05-04 11:20:27,146 [ERROR] LogOutputStream:75 - [STDERR_REDIRECT] [Fatal Error] :1:1: Premature end of file.
2026-05-04 11:20:27,146 [ERROR] LogOutputStream:75 - [STDERR_REDIRECT] 
2026-05-04 11:20:28,151 [ERROR] LogOutputStream:75 - [STDERR_REDIRECT] [Fatal Error] :1:1: Premature end of file.
2026-05-04 11:20:28,151 [ERROR] LogOutputStream:75 - [STDERR_REDIRECT] 
2026-05-04 11:20:29,148 [ERROR] LogOutputStream:75 - [STDERR_REDIRECT] [Fatal Error] :1:1: Premature end of file.
2026-05-04 11:20:29,148 [ERROR] LogOutputStream:75 - [STDERR_REDIRECT] 
2026-05-04 11:20:30,147 [ERROR] LogOutputStream:75 - [STDERR_REDIRECT] [Fatal Error] :1:1: Premature end of file.
2026-05-04 11:20:30,147 [ERROR] LogOutputStream:75 - [STDERR_REDIRECT] 
2026-05-04 11:20:31,163 [ERROR] LogOutputStream:75 - [STDERR_REDIRECT] [Fatal Error] :1:1: Premature end of file.
2026-05-04 11:20:31,163 [ERROR] LogOutputStream:75 - [STDERR_REDIRECT] 
2026-05-04 11:20:32,148 [ERROR] LogOutputStream:75 - [STDERR_REDIRECT] [Fatal Error] :1:1: Premature end of file.
2026-05-04 11:20:32,148 [ERROR] LogOutputStream:75 - [STDERR_REDIRECT] 
2026-05-04 11:20:33,140 [ERROR] LogOutputStream:75 - [STDERR_REDIRECT] [Fatal Error] :1:1: Premature end of file.
2026-05-04 11:20:33,140 [ERROR] LogOutputStream:75 - [STDERR_REDIRECT] 
2026-05-04 11:20:34,138 [ERROR] LogOutputStream:75 - [STDERR_REDIRECT] [Fatal Error] :1:1: Premature end of file.
2026-05-04 11:20:34,138 [ERROR] LogOutputStream:75 - [STDERR_REDIRECT] 
2026-05-04 11:20:35,171 [ERROR] LogOutputStream:75 - [STDERR_REDIRECT] [Fatal Error] :1:1: Premature end of file.
2026-05-04 11:20:35,172 [ERROR] LogOutputStream:75 - [STDERR_REDIRECT] 
2026-05-04 11:20:36,151 [ERROR] LogOutputStream:75 - [STDERR_REDIRECT] [Fatal Error] :1:1: Premature end of file.
2026-05-04 11:20:36,151 [ERROR] LogOutputStream:75 - [STDERR_REDIRECT] 
2026-05-04 11:20:37,144 [ERROR] LogOutputStream:75 - [STDERR_REDIRECT] [Fatal Error] :1:1: Premature end of file.
2026-05-04 11:20:37,144 [ERROR] LogOutputStream:75 - [STDERR_REDIRECT] 
2026-05-04 11:20:38,132 [ERROR] LogOutputStream:75 - [STDERR_REDIRECT] [Fatal Error] :1:1: Premature end of file.
2026-05-04 11:20:38,132 [ERROR] LogOutputStream:75 - [STDERR_REDIRECT] 
2026-05-04 11:20:39,126 [ERROR] LogOutputStream:75 - [STDERR_REDIRECT] [Fatal Error] :1:1: Premature end of file.
2026-05-04 11:20:39,126 [ERROR] LogOutputStream:75 - [STDERR_REDIRECT] 
2026-05-04 11:20:40,155 [ERROR] LogOutputStream:75 - [STDERR_REDIRECT] [Fatal Error] :1:1: Premature end of file.
2026-05-04 11:20:40,156 [ERROR] LogOutputStream:75 - [STDERR_REDIRECT] 
2026-05-04 11:20:41,161 [ERROR] LogOutputStream:75 - [STDERR_REDIRECT] [Fatal Error] :1:1: Premature end of file.
2026-05-04 11:20:41,161 [ERROR] LogOutputStream:75 - [STDERR_REDIRECT] 
2026-05-04 11:20:42,153 [ERROR] LogOutputStream:75 - [STDERR_REDIRECT] [Fatal Error] :1:1: Premature end of file.
2026-05-04 11:20:42,153 [ERROR] LogOutputStream:75 - [STDERR_REDIRECT] 
2026-05-04 11:20:43,143 [ERROR] LogOutputStream:75 - [STDERR_REDIRECT] [Fatal Error] :1:1: Premature end of file.
2026-05-04 11:20:43,143 [ERROR] LogOutputStream:75 - [STDERR_REDIRECT] 
2026-05-04 11:20:44,132 [ERROR] LogOutputStream:75 - [STDERR_REDIRECT] [Fatal Error] :1:1: Premature end of file.
2026-05-04 11:20:44,132 [ERROR] LogOutputStream:75 - [STDERR_REDIRECT] 
2026-05-04 11:20:45,144 [ERROR] LogOutputStream:75 - [STDERR_REDIRECT] [Fatal Error] :1:1: Premature end of file.
2026-05-04 11:20:45,144 [ERROR] LogOutputStream:75 - [STDERR_REDIRECT] 
2026-05-04 11:20:46,151 [ERROR] LogOutputStream:75 - [STDERR_REDIRECT] [Fatal Error] :1:1: Premature end of file.
2026-05-04 11:20:46,151 [ERROR] LogOutputStream:75 - [STDERR_REDIRECT] 
2026-05-04 11:20:47,145 [ERROR] LogOutputStream:75 - [STDERR_REDIRECT] [Fatal Error] :1:1: Premature end of file.
2026-05-04 11:20:47,145 [ERROR] LogOutputStream:75 - [STDERR_REDIRECT] 
2026-05-04 11:20:48,149 [ERROR] LogOutputStream:75 - [STDERR_REDIRECT] [Fatal Error] :1:1: Premature end of file.
2026-05-04 11:20:48,149 [ERROR] LogOutputStream:75 - [STDERR_REDIRECT] 
2026-05-04 11:20:49,152 [ERROR] LogOutputStream:75 - [STDERR_REDIRECT] [Fatal Error] :1:1: Premature end of file.
2026-05-04 11:20:49,152 [ERROR] LogOutputStream:75 - [STDERR_REDIRECT] 
2026-05-04 11:20:50,144 [ERROR] LogOutputStream:75 - [STDERR_REDIRECT] [Fatal Error] :1:1: Premature end of file.
2026-05-04 11:20:50,144 [ERROR] LogOutputStream:75 - [STDERR_REDIRECT] 
2026-05-04 11:20:51,155 [ERROR] LogOutputStream:75 - [STDERR_REDIRECT] [Fatal Error] :1:1: Premature end of file.
2026-05-04 11:20:51,155 [ERROR] LogOutputStream:75 - [STDERR_REDIRECT] 
2026-05-04 11:20:52,147 [ERROR] LogOutputStream:75 - [STDERR_REDIRECT] [Fatal Error] :1:1: Premature end of file.
2026-05-04 11:20:52,147 [ERROR] LogOutputStream:75 - [STDERR_REDIRECT] 
2026-05-04 11:20:53,150 [ERROR] LogOutputStream:75 - [STDERR_REDIRECT] [Fatal Error] :1:1: Premature end of file.
2026-05-04 11:20:53,150 [ERROR] LogOutputStream:75 - [STDERR_REDIRECT] 
2026-05-04 11:20:54,152 [ERROR] LogOutputStream:75 - [STDERR_REDIRECT] [Fatal Error] :1:1: Premature end of file.
2026-05-04 11:20:54,153 [ERROR] LogOutputStream:75 - [STDERR_REDIRECT] 
2026-05-04 11:20:55,150 [ERROR] LogOutputStream:75 - [STDERR_REDIRECT] [Fatal Error] :1:1: Premature end of file.
2026-05-04 11:20:55,151 [ERROR] LogOutputStream:75 - [STDERR_REDIRECT] 
2026-05-04 11:20:56,163 [ERROR] LogOutputStream:75 - [STDERR_REDIRECT] [Fatal Error] :1:1: Premature end of file.
2026-05-04 11:20:56,164 [ERROR] LogOutputStream:75 - [STDERR_REDIRECT] 
2026-05-04 11:20:57,142 [ERROR] LogOutputStream:75 - [STDERR_REDIRECT] [Fatal Error] :1:1: Premature end of file.
2026-05-04 11:20:57,142 [ERROR] LogOutputStream:75 - [STDERR_REDIRECT] 
2026-05-04 11:20:58,135 [ERROR] LogOutputStream:75 - [STDERR_REDIRECT] [Fatal Error] :1:1: Premature end of file.
2026-05-04 11:20:58,135 [ERROR] LogOutputStream:75 - [STDERR_REDIRECT] 
2026-05-04 11:20:59,168 [ERROR] LogOutputStream:75 - [STDERR_REDIRECT] [Fatal Error] :1:1: Premature end of file.
2026-05-04 11:20:59,168 [ERROR] LogOutputStream:75 - [STDERR_REDIRECT] 
2026-05-04 11:21:00,149 [ERROR] LogOutputStream:75 - [STDERR_REDIRECT] [Fatal Error] :1:1: Premature end of file.
2026-05-04 11:21:00,149 [ERROR] LogOutputStream:75 - [STDERR_REDIRECT] 
2026-05-04 11:21:01,154 [ERROR] LogOutputStream:75 - [STDERR_REDIRECT] [Fatal Error] :1:1: Premature end of file.
2026-05-04 11:21:01,154 [ERROR] LogOutputStream:75 - [STDERR_REDIRECT] 
2026-05-04 11:21:02,123 [ERROR] LogOutputStream:75 - [STDERR_REDIRECT] [Fatal Error] :1:1: Premature end of file.
2026-05-04 11:21:02,123 [ERROR] LogOutputStream:75 - [STDERR_REDIRECT] 
2026-05-04 11:21:03,159 [ERROR] LogOutputStream:75 - [STDERR_REDIRECT] [Fatal Error] :1:1: Premature end of file.
2026-05-04 11:21:03,160 [ERROR] LogOutputStream:75 - [STDERR_REDIRECT] 
2026-05-04 11:21:04,149 [ERROR] LogOutputStream:75 - [STDERR_REDIRECT] [Fatal Error] :1:1: Premature end of file.
2026-05-04 11:21:04,149 [ERROR] LogOutputStream:75 - [STDERR_REDIRECT] 
2026-05-04 11:21:05,151 [ERROR] LogOutputStream:75 - [STDERR_REDIRECT] [Fatal Error] :1:1: Premature end of file.
2026-05-04 11:21:05,151 [ERROR] LogOutputStream:75 - [STDERR_REDIRECT] 
2026-05-04 11:21:06,145 [ERROR] LogOutputStream:75 - [STDERR_REDIRECT] [Fatal Error] :1:1: Premature end of file.
2026-05-04 11:21:06,146 [ERROR] LogOutputStream:75 - [STDERR_REDIRECT] 
2026-05-04 11:21:07,150 [ERROR] LogOutputStream:75 - [STDERR_REDIRECT] [Fatal Error] :1:1: Premature end of file.
2026-05-04 11:21:07,150 [ERROR] LogOutputStream:75 - [STDERR_REDIRECT] 
2026-05-04 11:21:08,149 [ERROR] LogOutputStream:75 - [STDERR_REDIRECT] [Fatal Error] :1:1: Premature end of file.
2026-05-04 11:21:08,149 [ERROR] LogOutputStream:75 - [STDERR_REDIRECT] 
2026-05-04 11:21:09,115 [ERROR] LogOutputStream:75 - [STDERR_REDIRECT] [Fatal Error] :1:1: Premature end of file.
2026-05-04 11:21:09,115 [ERROR] LogOutputStream:75 - [STDERR_REDIRECT] 
2026-05-04 11:21:10,148 [ERROR] LogOutputStream:75 - [STDERR_REDIRECT] [Fatal Error] :1:1: Premature end of file.
2026-05-04 11:21:10,148 [ERROR] LogOutputStream:75 - [STDERR_REDIRECT] 
2026-05-04 11:21:11,129 [ERROR] LogOutputStream:75 - [STDERR_REDIRECT] [Fatal Error] :1:1: Premature end of file.
2026-05-04 11:21:11,131 [ERROR] LogOutputStream:75 - [STDERR_REDIRECT] 
2026-05-04 11:21:12,131 [ERROR] LogOutputStream:75 - [STDERR_REDIRECT] [Fatal Error] :1:1: Premature end of file.
2026-05-04 11:21:12,131 [ERROR] LogOutputStream:75 - [STDERR_REDIRECT] 
2026-05-04 11:21:13,151 [ERROR] LogOutputStream:75 - [STDERR_REDIRECT] [Fatal Error] :1:1: Premature end of file.
2026-05-04 11:21:13,151 [ERROR] LogOutputStream:75 - [STDERR_REDIRECT] 
2026-05-04 11:21:14,136 [ERROR] LogOutputStream:75 - [STDERR_REDIRECT] [Fatal Error] :1:1: Premature end of file.
2026-05-04 11:21:14,136 [ERROR] LogOutputStream:75 - [STDERR_REDIRECT] 
2026-05-04 11:21:15,131 [ERROR] LogOutputStream:75 - [STDERR_REDIRECT] [Fatal Error] :1:1: Premature end of file.
2026-05-04 11:21:15,131 [ERROR] LogOutputStream:75 - [STDERR_REDIRECT] 
2026-05-04 11:21:16,132 [ERROR] LogOutputStream:75 - [STDERR_REDIRECT] [Fatal Error] :1:1: Premature end of file.
2026-05-04 11:21:16,133 [ERROR] LogOutputStream:75 - [STDERR_REDIRECT] 
2026-05-04 11:21:17,154 [ERROR] LogOutputStream:75 - [STDERR_REDIRECT] [Fatal Error] :1:1: Premature end of file.
2026-05-04 11:21:17,154 [ERROR] LogOutputStream:75 - [STDERR_REDIRECT] 
2026-05-04 11:21:18,124 [ERROR] LogOutputStream:75 - [STDERR_REDIRECT] [Fatal Error] :1:1: Premature end of file.
2026-05-04 11:21:18,125 [ERROR] LogOutputStream:75 - [STDERR_REDIRECT] 
2026-05-04 11:21:19,169 [ERROR] LogOutputStream:75 - [STDERR_REDIRECT] [Fatal Error] :1:1: Premature end of file.
2026-05-04 11:21:19,169 [ERROR] LogOutputStream:75 - [STDERR_REDIRECT] 
2026-05-04 11:21:20,157 [ERROR] LogOutputStream:75 - [STDERR_REDIRECT] [Fatal Error] :1:1: Premature end of file.
2026-05-04 11:21:20,158 [ERROR] LogOutputStream:75 - [STDERR_REDIRECT] 
2026-05-04 11:21:21,179 [ERROR] LogOutputStream:75 - [STDERR_REDIRECT] [Fatal Error] :1:1: Premature end of file.
2026-05-04 11:21:21,179 [ERROR] LogOutputStream:75 - [STDERR_REDIRECT] 
2026-05-04 11:21:22,147 [ERROR] LogOutputStream:75 - [STDERR_REDIRECT] [Fatal Error] :1:1: Premature end of file.
2026-05-04 11:21:22,147 [ERROR] LogOutputStream:75 - [STDERR_REDIRECT] 
2026-05-04 11:21:23,156 [ERROR] LogOutputStream:75 - [STDERR_REDIRECT] [Fatal Error] :1:1: Premature end of file.
2026-05-04 11:21:23,157 [ERROR] LogOutputStream:75 - [STDERR_REDIRECT] 
2026-05-04 11:21:24,141 [ERROR] LogOutputStream:75 - [STDERR_REDIRECT] [Fatal Error] :1:1: Premature end of file.
2026-05-04 11:21:24,141 [ERROR] LogOutputStream:75 - [STDERR_REDIRECT] 
2026-05-04 11:21:25,144 [ERROR] LogOutputStream:75 - [STDERR_REDIRECT] [Fatal Error] :1:1: Premature end of file.
2026-05-04 11:21:25,145 [ERROR] LogOutputStream:75 - [STDERR_REDIRECT] 
2026-05-04 11:21:26,156 [ERROR] LogOutputStream:75 - [STDERR_REDIRECT] [Fatal Error] :1:1: Premature end of file.
2026-05-04 11:21:26,156 [ERROR] LogOutputStream:75 - [STDERR_REDIRECT] 
2026-05-04 11:21:27,174 [ERROR] LogOutputStream:75 - [STDERR_REDIRECT] [Fatal Error] :1:1: Premature end of file.
2026-05-04 11:21:27,174 [ERROR] LogOutputStream:75 - [STDERR_REDIRECT] 
2026-05-04 11:21:28,148 [ERROR] LogOutputStream:75 - [STDERR_REDIRECT] [Fatal Error] :1:1: Premature end of file.
2026-05-04 11:21:28,148 [ERROR] LogOutputStream:75 - [STDERR_REDIRECT] 
2026-05-04 11:21:29,159 [ERROR] LogOutputStream:75 - [STDERR_REDIRECT] [Fatal Error] :1:1: Premature end of file.
2026-05-04 11:21:29,160 [ERROR] LogOutputStream:75 - [STDERR_REDIRECT] 
2026-05-04 11:21:30,134 [ERROR] LogOutputStream:75 - [STDERR_REDIRECT] [Fatal Error] :1:1: Premature end of file.
2026-05-04 11:21:30,134 [ERROR] LogOutputStream:75 - [STDERR_REDIRECT] 
2026-05-04 11:21:31,164 [ERROR] LogOutputStream:75 - [STDERR_REDIRECT] [Fatal Error] :1:1: Premature end of file.
2026-05-04 11:21:31,164 [ERROR] LogOutputStream:75 - [STDERR_REDIRECT] 
2026-05-04 11:21:32,150 [ERROR] LogOutputStream:75 - [STDERR_REDIRECT] [Fatal Error] :1:1: Premature end of file.
2026-05-04 11:21:32,151 [ERROR] LogOutputStream:75 - [STDERR_REDIRECT] 
2026-05-04 11:21:33,187 [ERROR] LogOutputStream:75 - [STDERR_REDIRECT] [Fatal Error] :1:1: Premature end of file.
2026-05-04 11:21:33,187 [ERROR] LogOutputStream:75 - [STDERR_REDIRECT] 
2026-05-04 11:21:34,143 [ERROR] LogOutputStream:75 - [STDERR_REDIRECT] [Fatal Error] :1:1: Premature end of file.
2026-05-04 11:21:34,143 [ERROR] LogOutputStream:75 - [STDERR_REDIRECT] 
2026-05-04 11:21:35,166 [ERROR] LogOutputStream:75 - [STDERR_REDIRECT] [Fatal Error] :1:1: Premature end of file.
2026-05-04 11:21:35,166 [ERROR] LogOutputStream:75 - [STDERR_REDIRECT] 
2026-05-04 11:21:36,154 [ERROR] LogOutputStream:75 - [STDERR_REDIRECT] [Fatal Error] :1:1: Premature end of file.
2026-05-04 11:21:36,154 [ERROR] LogOutputStream:75 - [STDERR_REDIRECT] 
2026-05-04 11:21:37,123 [ERROR] LogOutputStream:75 - [STDERR_REDIRECT] [Fatal Error] :1:1: Premature end of file.
2026-05-04 11:21:37,123 [ERROR] LogOutputStream:75 - [STDERR_REDIRECT] 
2026-05-04 11:21:38,155 [ERROR] LogOutputStream:75 - [STDERR_REDIRECT] [Fatal Error] :1:1: Premature end of file.
2026-05-04 11:21:38,156 [ERROR] LogOutputStream:75 - [STDERR_REDIRECT] 
2026-05-04 11:21:39,143 [ERROR] LogOutputStream:75 - [STDERR_REDIRECT] [Fatal Error] :1:1: Premature end of file.
2026-05-04 11:21:39,143 [ERROR] LogOutputStream:75 - [STDERR_REDIRECT] 
2026-05-04 11:21:40,169 [ERROR] LogOutputStream:75 - [STDERR_REDIRECT] [Fatal Error] :1:1: Premature end of file.
2026-05-04 11:21:40,169 [ERROR] LogOutputStream:75 - [STDERR_REDIRECT] 
2026-05-04 11:21:41,190 [ERROR] LogOutputStream:75 - [STDERR_REDIRECT] [Fatal Error] :1:1: Premature end of file.
2026-05-04 11:21:41,190 [ERROR] LogOutputStream:75 - [STDERR_REDIRECT] 
2026-05-04 11:21:42,171 [ERROR] LogOutputStream:75 - [STDERR_REDIRECT] [Fatal Error] :1:1: Premature end of file.
2026-05-04 11:21:42,172 [ERROR] LogOutputStream:75 - [STDERR_REDIRECT] 
2026-05-04 11:21:43,160 [ERROR] LogOutputStream:75 - [STDERR_REDIRECT] [Fatal Error] :1:1: Premature end of file.
2026-05-04 11:21:43,160 [ERROR] LogOutputStream:75 - [STDERR_REDIRECT] 
2026-05-04 11:21:44,166 [ERROR] LogOutputStream:75 - [STDERR_REDIRECT] [Fatal Error] :1:1: Premature end of file.
2026-05-04 11:21:44,166 [ERROR] LogOutputStream:75 - [STDERR_REDIRECT] 
2026-05-04 11:21:45,172 [ERROR] LogOutputStream:75 - [STDERR_REDIRECT] [Fatal Error] :1:1: Premature end of file.
2026-05-04 11:21:45,172 [ERROR] LogOutputStream:75 - [STDERR_REDIRECT] 
2026-05-04 11:21:46,147 [ERROR] LogOutputStream:75 - [STDERR_REDIRECT] [Fatal Error] :1:1: Premature end of file.
2026-05-04 11:21:46,148 [ERROR] LogOutputStream:75 - [STDERR_REDIRECT] 
2026-05-04 11:21:47,169 [ERROR] LogOutputStream:75 - [STDERR_REDIRECT] [Fatal Error] :1:1: Premature end of file.
2026-05-04 11:21:47,170 [ERROR] LogOutputStream:75 - [STDERR_REDIRECT] 
2026-05-04 11:21:48,173 [ERROR] LogOutputStream:75 - [STDERR_REDIRECT] [Fatal Error] :1:1: Premature end of file.
2026-05-04 11:21:48,174 [ERROR] LogOutputStream:75 - [STDERR_REDIRECT] 
2026-05-04 11:21:49,164 [ERROR] LogOutputStream:75 - [STDERR_REDIRECT] [Fatal Error] :1:1: Premature end of file.
2026-05-04 11:21:49,164 [ERROR] LogOutputStream:75 - [STDERR_REDIRECT] 
2026-05-04 11:21:50,179 [ERROR] LogOutputStream:75 - [STDERR_REDIRECT] [Fatal Error] :1:1: Premature end of file.
2026-05-04 11:21:50,180 [ERROR] LogOutputStream:75 - [STDERR_REDIRECT] 
2026-05-04 11:21:51,163 [ERROR] LogOutputStream:75 - [STDERR_REDIRECT] [Fatal Error] :1:1: Premature end of file.
2026-05-04 11:21:51,164 [ERROR] LogOutputStream:75 - [STDERR_REDIRECT] 
2026-05-04 11:21:52,156 [ERROR] LogOutputStream:75 - [STDERR_REDIRECT] [Fatal Error] :1:1: Premature end of file.
2026-05-04 11:21:52,157 [ERROR] LogOutputStream:75 - [STDERR_REDIRECT] 
2026-05-04 11:21:53,173 [ERROR] LogOutputStream:75 - [STDERR_REDIRECT] [Fatal Error] :1:1: Premature end of file.
2026-05-04 11:21:53,174 [ERROR] LogOutputStream:75 - [STDERR_REDIRECT] 
2026-05-04 11:21:54,178 [ERROR] LogOutputStream:75 - [STDERR_REDIRECT] [Fatal Error] :1:1: Premature end of file.
2026-05-04 11:21:54,178 [ERROR] LogOutputStream:75 - [STDERR_REDIRECT] 
2026-05-04 11:21:55,168 [ERROR] LogOutputStream:75 - [STDERR_REDIRECT] [Fatal Error] :1:1: Premature end of file.
2026-05-04 11:21:55,169 [ERROR] LogOutputStream:75 - [STDERR_REDIRECT] 
2026-05-04 11:21:56,151 [ERROR] LogOutputStream:75 - [STDERR_REDIRECT] [Fatal Error] :1:1: Premature end of file.
2026-05-04 11:21:56,151 [ERROR] LogOutputStream:75 - [STDERR_REDIRECT] 
2026-05-04 11:21:57,188 [ERROR] LogOutputStream:75 - [STDERR_REDIRECT] [Fatal Error] :1:1: Premature end of file.
2026-05-04 11:21:57,189 [ERROR] LogOutputStream:75 - [STDERR_REDIRECT] 
2026-05-04 11:21:58,171 [ERROR] LogOutputStream:75 - [STDERR_REDIRECT] [Fatal Error] :1:1: Premature end of file.
2026-05-04 11:21:58,171 [ERROR] LogOutputStream:75 - [STDERR_REDIRECT] 
2026-05-04 11:21:59,168 [ERROR] LogOutputStream:75 - [STDERR_REDIRECT] [Fatal Error] :1:1: Premature end of file.
2026-05-04 11:21:59,169 [ERROR] LogOutputStream:75 - [STDERR_REDIRECT] 
2026-05-04 11:22:00,167 [ERROR] LogOutputStream:75 - [STDERR_REDIRECT] [Fatal Error] :1:1: Premature end of file.
2026-05-04 11:22:00,169 [ERROR] LogOutputStream:75 - [STDERR_REDIRECT] 
2026-05-04 11:22:01,188 [ERROR] LogOutputStream:75 - [STDERR_REDIRECT] [Fatal Error] :1:1: Premature end of file.
2026-05-04 11:22:01,190 [ERROR] LogOutputStream:75 - [STDERR_REDIRECT] 
2026-05-04 11:22:02,165 [ERROR] LogOutputStream:75 - [STDERR_REDIRECT] [Fatal Error] :1:1: Premature end of file.
2026-05-04 11:22:02,165 [ERROR] LogOutputStream:75 - [STDERR_REDIRECT] 
2026-05-04 11:22:03,186 [ERROR] LogOutputStream:75 - [STDERR_REDIRECT] [Fatal Error] :1:1: Premature end of file.
2026-05-04 11:22:03,187 [ERROR] LogOutputStream:75 - [STDERR_REDIRECT] 
2026-05-04 11:22:04,181 [ERROR] LogOutputStream:75 - [STDERR_REDIRECT] [Fatal Error] :1:1: Premature end of file.
2026-05-04 11:22:04,182 [ERROR] LogOutputStream:75 - [STDERR_REDIRECT] 
2026-05-04 11:22:05,192 [ERROR] LogOutputStream:75 - [STDERR_REDIRECT] [Fatal Error] :1:1: Premature end of file.
2026-05-04 11:22:05,193 [ERROR] LogOutputStream:75 - [STDERR_REDIRECT] 
2026-05-04 11:22:06,181 [ERROR] LogOutputStream:75 - [STDERR_REDIRECT] [Fatal Error] :1:1: Premature end of file.
2026-05-04 11:22:06,182 [ERROR] LogOutputStream:75 - [STDERR_REDIRECT] 
2026-05-04 11:22:07,172 [ERROR] LogOutputStream:75 - [STDERR_REDIRECT] [Fatal Error] :1:1: Premature end of file.
2026-05-04 11:22:07,173 [ERROR] LogOutputStream:75 - [STDERR_REDIRECT] 
2026-05-04 11:22:08,167 [ERROR] LogOutputStream:75 - [STDERR_REDIRECT] [Fatal Error] :1:1: Premature end of file.
2026-05-04 11:22:08,169 [ERROR] LogOutputStream:75 - [STDERR_REDIRECT] 
2026-05-04 11:22:09,157 [ERROR] LogOutputStream:75 - [STDERR_REDIRECT] [Fatal Error] :1:1: Premature end of file.
2026-05-04 11:22:09,158 [ERROR] LogOutputStream:75 - [STDERR_REDIRECT] 
2026-05-04 11:22:10,175 [ERROR] LogOutputStream:75 - [STDERR_REDIRECT] [Fatal Error] :1:1: Premature end of file.
2026-05-04 11:22:10,176 [ERROR] LogOutputStream:75 - [STDERR_REDIRECT] 
2026-05-04 11:22:11,172 [ERROR] LogOutputStream:75 - [STDERR_REDIRECT] [Fatal Error] :1:1: Premature end of file.
2026-05-04 11:22:11,174 [ERROR] LogOutputStream:75 - [STDERR_REDIRECT] 
2026-05-04 11:22:12,170 [ERROR] LogOutputStream:75 - [STDERR_REDIRECT] [Fatal Error] :1:1: Premature end of file.
2026-05-04 11:22:12,170 [ERROR] LogOutputStream:75 - [STDERR_REDIRECT] 
2026-05-04 11:22:13,187 [ERROR] LogOutputStream:75 - [STDERR_REDIRECT] [Fatal Error] :1:1: Premature end of file.
2026-05-04 11:22:13,188 [ERROR] LogOutputStream:75 - [STDERR_REDIRECT] 
2026-05-04 11:22:14,171 [ERROR] LogOutputStream:75 - [STDERR_REDIRECT] [Fatal Error] :1:1: Premature end of file.
2026-05-04 11:22:14,171 [ERROR] LogOutputStream:75 - [STDERR_REDIRECT] 
2026-05-04 11:22:15,171 [ERROR] LogOutputStream:75 - [STDERR_REDIRECT] [Fatal Error] :1:1: Premature end of file.
2026-05-04 11:22:15,172 [ERROR] LogOutputStream:75 - [STDERR_REDIRECT] 
2026-05-04 11:22:16,176 [ERROR] LogOutputStream:75 - [STDERR_REDIRECT] [Fatal Error] :1:1: Premature end of file.
2026-05-04 11:22:16,177 [ERROR] LogOutputStream:75 - [STDERR_REDIRECT] 
2026-05-04 11:22:17,160 [ERROR] LogOutputStream:75 - [STDERR_REDIRECT] [Fatal Error] :1:1: Premature end of file.
2026-05-04 11:22:17,160 [ERROR] LogOutputStream:75 - [STDERR_REDIRECT] 
2026-05-04 11:22:18,177 [ERROR] LogOutputStream:75 - [STDERR_REDIRECT] [Fatal Error] :1:1: Premature end of file.
2026-05-04 11:22:18,177 [ERROR] LogOutputStream:75 - [STDERR_REDIRECT] 
2026-05-04 11:22:19,172 [ERROR] LogOutputStream:75 - [STDERR_REDIRECT] [Fatal Error] :1:1: Premature end of file.
2026-05-04 11:22:19,172 [ERROR] LogOutputStream:75 - [STDERR_REDIRECT] 
2026-05-04 11:22:20,167 [ERROR] LogOutputStream:75 - [STDERR_REDIRECT] [Fatal Error] :1:1: Premature end of file.
2026-05-04 11:22:20,167 [ERROR] LogOutputStream:75 - [STDERR_REDIRECT] 
2026-05-04 11:22:21,161 [ERROR] LogOutputStream:75 - [STDERR_REDIRECT] [Fatal Error] :1:1: Premature end of file.
2026-05-04 11:22:21,162 [ERROR] LogOutputStream:75 - [STDERR_REDIRECT] 
2026-05-04 11:22:22,176 [ERROR] LogOutputStream:75 - [STDERR_REDIRECT] [Fatal Error] :1:1: Premature end of file.
2026-05-04 11:22:22,176 [ERROR] LogOutputStream:75 - [STDERR_REDIRECT] 
2026-05-04 11:22:23,162 [ERROR] LogOutputStream:75 - [STDERR_REDIRECT] [Fatal Error] :1:1: Premature end of file.
2026-05-04 11:22:23,162 [ERROR] LogOutputStream:75 - [STDERR_REDIRECT] 
2026-05-04 11:22:24,164 [ERROR] LogOutputStream:75 - [STDERR_REDIRECT] [Fatal Error] :1:1: Premature end of file.
2026-05-04 11:22:24,165 [ERROR] LogOutputStream:75 - [STDERR_REDIRECT] 
2026-05-04 11:22:25,168 [ERROR] LogOutputStream:75 - [STDERR_REDIRECT] [Fatal Error] :1:1: Premature end of file.
2026-05-04 11:22:25,169 [ERROR] LogOutputStream:75 - [STDERR_REDIRECT] 
2026-05-04 11:22:26,158 [ERROR] LogOutputStream:75 - [STDERR_REDIRECT] [Fatal Error] :1:1: Premature end of file.
2026-05-04 11:22:26,159 [ERROR] LogOutputStream:75 - [STDERR_REDIRECT] 
2026-05-04 11:22:27,170 [ERROR] LogOutputStream:75 - [STDERR_REDIRECT] [Fatal Error] :1:1: Premature end of file.
2026-05-04 11:22:27,173 [ERROR] LogOutputStream:75 - [STDERR_REDIRECT] 
2026-05-04 11:22:28,189 [ERROR] LogOutputStream:75 - [STDERR_REDIRECT] [Fatal Error] :1:1: Premature end of file.
2026-05-04 11:22:28,190 [ERROR] LogOutputStream:75 - [STDERR_REDIRECT] 
2026-05-04 11:22:29,191 [ERROR] LogOutputStream:75 - [STDERR_REDIRECT] [Fatal Error] :1:1: Premature end of file.
2026-05-04 11:22:29,191 [ERROR] LogOutputStream:75 - [STDERR_REDIRECT] 
2026-05-04 11:22:30,167 [ERROR] LogOutputStream:75 - [STDERR_REDIRECT] [Fatal Error] :1:1: Premature end of file.
2026-05-04 11:22:30,167 [ERROR] LogOutputStream:75 - [STDERR_REDIRECT] 
2026-05-04 11:22:31,165 [ERROR] LogOutputStream:75 - [STDERR_REDIRECT] [Fatal Error] :1:1: Premature end of file.
2026-05-04 11:22:31,165 [ERROR] LogOutputStream:75 - [STDERR_REDIRECT] 
2026-05-04 11:22:32,168 [ERROR] LogOutputStream:75 - [STDERR_REDIRECT] [Fatal Error] :1:1: Premature end of file.
2026-05-04 11:22:32,168 [ERROR] LogOutputStream:75 - [STDERR_REDIRECT] 
2026-05-04 11:22:33,166 [ERROR] LogOutputStream:75 - [STDERR_REDIRECT] [Fatal Error] :1:1: Premature end of file.
2026-05-04 11:22:33,166 [ERROR] LogOutputStream:75 - [STDERR_REDIRECT] 
2026-05-04 11:22:34,169 [ERROR] LogOutputStream:75 - [STDERR_REDIRECT] [Fatal Error] :1:1: Premature end of file.
2026-05-04 11:22:34,171 [ERROR] LogOutputStream:75 - [STDERR_REDIRECT] 
2026-05-04 11:22:35,156 [ERROR] LogOutputStream:75 - [STDERR_REDIRECT] [Fatal Error] :1:1: Premature end of file.
2026-05-04 11:22:35,157 [ERROR] LogOutputStream:75 - [STDERR_REDIRECT] 
2026-05-04 11:22:36,152 [ERROR] LogOutputStream:75 - [STDERR_REDIRECT] [Fatal Error] :1:1: Premature end of file.
2026-05-04 11:22:36,152 [ERROR] LogOutputStream:75 - [STDERR_REDIRECT] 
2026-05-04 11:22:37,161 [ERROR] LogOutputStream:75 - [STDERR_REDIRECT] [Fatal Error] :1:1: Premature end of file.
2026-05-04 11:22:37,164 [ERROR] LogOutputStream:75 - [STDERR_REDIRECT] 
2026-05-04 11:22:38,166 [ERROR] LogOutputStream:75 - [STDERR_REDIRECT] [Fatal Error] :1:1: Premature end of file.
2026-05-04 11:22:38,167 [ERROR] LogOutputStream:75 - [STDERR_REDIRECT] 
2026-05-04 11:22:39,153 [ERROR] LogOutputStream:75 - [STDERR_REDIRECT] [Fatal Error] :1:1: Premature end of file.
2026-05-04 11:22:39,153 [ERROR] LogOutputStream:75 - [STDERR_REDIRECT] 
2026-05-04 11:22:40,175 [ERROR] LogOutputStream:75 - [STDERR_REDIRECT] [Fatal Error] :1:1: Premature end of file.
2026-05-04 11:22:40,175 [ERROR] LogOutputStream:75 - [STDERR_REDIRECT] 
2026-05-04 11:22:41,158 [ERROR] LogOutputStream:75 - [STDERR_REDIRECT] [Fatal Error] :1:1: Premature end of file.
2026-05-04 11:22:41,158 [ERROR] LogOutputStream:75 - [STDERR_REDIRECT] 
2026-05-04 11:22:42,153 [ERROR] LogOutputStream:75 - [STDERR_REDIRECT] [Fatal Error] :1:1: Premature end of file.
2026-05-04 11:22:42,154 [ERROR] LogOutputStream:75 - [STDERR_REDIRECT] 
2026-05-04 11:22:43,165 [ERROR] LogOutputStream:75 - [STDERR_REDIRECT] [Fatal Error] :1:1: Premature end of file.
2026-05-04 11:22:43,166 [ERROR] LogOutputStream:75 - [STDERR_REDIRECT] 
2026-05-04 11:22:44,174 [ERROR] LogOutputStream:75 - [STDERR_REDIRECT] [Fatal Error] :1:1: Premature end of file.
2026-05-04 11:22:44,174 [ERROR] LogOutputStream:75 - [STDERR_REDIRECT] 
2026-05-04 11:22:45,169 [ERROR] LogOutputStream:75 - [STDERR_REDIRECT] [Fatal Error] :1:1: Premature end of file.
2026-05-04 11:22:45,170 [ERROR] LogOutputStream:75 - [STDERR_REDIRECT] 
2026-05-04 11:22:46,175 [ERROR] LogOutputStream:75 - [STDERR_REDIRECT] [Fatal Error] :1:1: Premature end of file.
2026-05-04 11:22:46,175 [ERROR] LogOutputStream:75 - [STDERR_REDIRECT] 
2026-05-04 11:22:47,152 [ERROR] LogOutputStream:75 - [STDERR_REDIRECT] [Fatal Error] :1:1: Premature end of file.
2026-05-04 11:22:47,152 [ERROR] LogOutputStream:75 - [STDERR_REDIRECT] 
2026-05-04 11:22:48,158 [ERROR] LogOutputStream:75 - [STDERR_REDIRECT] [Fatal Error] :1:1: Premature end of file.
2026-05-04 11:22:48,159 [ERROR] LogOutputStream:75 - [STDERR_REDIRECT] 
2026-05-04 11:22:49,172 [ERROR] LogOutputStream:75 - [STDERR_REDIRECT] [Fatal Error] :1:1: Premature end of file.
2026-05-04 11:22:49,173 [ERROR] LogOutputStream:75 - [STDERR_REDIRECT] 
2026-05-04 11:22:50,164 [ERROR] LogOutputStream:75 - [STDERR_REDIRECT] [Fatal Error] :1:1: Premature end of file.
2026-05-04 11:22:50,165 [ERROR] LogOutputStream:75 - [STDERR_REDIRECT] 
2026-05-04 11:22:51,167 [ERROR] LogOutputStream:75 - [STDERR_REDIRECT] [Fatal Error] :1:1: Premature end of file.
2026-05-04 11:22:51,168 [ERROR] LogOutputStream:75 - [STDERR_REDIRECT] 
2026-05-04 11:22:52,155 [ERROR] LogOutputStream:75 - [STDERR_REDIRECT] [Fatal Error] :1:1: Premature end of file.
2026-05-04 11:22:52,156 [ERROR] LogOutputStream:75 - [STDERR_REDIRECT] 
2026-05-04 11:22:53,175 [ERROR] LogOutputStream:75 - [STDERR_REDIRECT] [Fatal Error] :1:1: Premature end of file.
2026-05-04 11:22:53,175 [ERROR] LogOutputStream:75 - [STDERR_REDIRECT] 
2026-05-04 11:22:54,172 [ERROR] LogOutputStream:75 - [STDERR_REDIRECT] [Fatal Error] :1:1: Premature end of file.
2026-05-04 11:22:54,172 [ERROR] LogOutputStream:75 - [STDERR_REDIRECT] 
2026-05-04 11:22:55,167 [ERROR] LogOutputStream:75 - [STDERR_REDIRECT] [Fatal Error] :1:1: Premature end of file.
2026-05-04 11:22:55,168 [ERROR] LogOutputStream:75 - [STDERR_REDIRECT] 
2026-05-04 11:22:56,178 [ERROR] LogOutputStream:75 - [STDERR_REDIRECT] [Fatal Error] :1:1: Premature end of file.
2026-05-04 11:22:56,179 [ERROR] LogOutputStream:75 - [STDERR_REDIRECT] 
2026-05-04 11:22:57,171 [ERROR] LogOutputStream:75 - [STDERR_REDIRECT] [Fatal Error] :1:1: Premature end of file.
2026-05-04 11:22:57,171 [ERROR] LogOutputStream:75 - [STDERR_REDIRECT] 
2026-05-04 11:22:58,152 [ERROR] LogOutputStream:75 - [STDERR_REDIRECT] [Fatal Error] :1:1: Premature end of file.
2026-05-04 11:22:58,153 [ERROR] LogOutputStream:75 - [STDERR_REDIRECT] 
2026-05-04 11:22:59,161 [ERROR] LogOutputStream:75 - [STDERR_REDIRECT] [Fatal Error] :1:1: Premature end of file.
2026-05-04 11:22:59,162 [ERROR] LogOutputStream:75 - [STDERR_REDIRECT] 
2026-05-04 11:23:00,172 [ERROR] LogOutputStream:75 - [STDERR_REDIRECT] [Fatal Error] :1:1: Premature end of file.
2026-05-04 11:23:00,172 [ERROR] LogOutputStream:75 - [STDERR_REDIRECT] 
2026-05-04 11:23:01,184 [ERROR] LogOutputStream:75 - [STDERR_REDIRECT] [Fatal Error] :1:1: Premature end of file.
2026-05-04 11:23:01,184 [ERROR] LogOutputStream:75 - [STDERR_REDIRECT] 
2026-05-04 11:23:02,159 [ERROR] LogOutputStream:75 - [STDERR_REDIRECT] [Fatal Error] :1:1: Premature end of file.
2026-05-04 11:23:02,159 [ERROR] LogOutputStream:75 - [STDERR_REDIRECT] 
2026-05-04 11:23:03,176 [ERROR] LogOutputStream:75 - [STDERR_REDIRECT] [Fatal Error] :1:1: Premature end of file.
2026-05-04 11:23:03,176 [ERROR] LogOutputStream:75 - [STDERR_REDIRECT] 
2026-05-04 11:23:04,162 [ERROR] LogOutputStream:75 - [STDERR_REDIRECT] [Fatal Error] :1:1: Premature end of file.
2026-05-04 11:23:04,162 [ERROR] LogOutputStream:75 - [STDERR_REDIRECT] 
2026-05-04 11:23:05,150 [ERROR] LogOutputStream:75 - [STDERR_REDIRECT] [Fatal Error] :1:1: Premature end of file.
2026-05-04 11:23:05,150 [ERROR] LogOutputStream:75 - [STDERR_REDIRECT] 
2026-05-04 11:23:06,149 [ERROR] LogOutputStream:75 - [STDERR_REDIRECT] [Fatal Error] :1:1: Premature end of file.
2026-05-04 11:23:06,149 [ERROR] LogOutputStream:75 - [STDERR_REDIRECT] 
2026-05-04 11:23:07,170 [ERROR] LogOutputStream:75 - [STDERR_REDIRECT] [Fatal Error] :1:1: Premature end of file.
2026-05-04 11:23:07,170 [ERROR] LogOutputStream:75 - [STDERR_REDIRECT] 
2026-05-04 11:23:08,157 [ERROR] LogOutputStream:75 - [STDERR_REDIRECT] [Fatal Error] :1:1: Premature end of file.
2026-05-04 11:23:08,158 [ERROR] LogOutputStream:75 - [STDERR_REDIRECT] 
2026-05-04 11:23:09,153 [ERROR] LogOutputStream:75 - [STDERR_REDIRECT] [Fatal Error] :1:1: Premature end of file.
2026-05-04 11:23:09,153 [ERROR] LogOutputStream:75 - [STDERR_REDIRECT] 
2026-05-04 11:23:10,188 [ERROR] LogOutputStream:75 - [STDERR_REDIRECT] [Fatal Error] :1:1: Premature end of file.
2026-05-04 11:23:10,189 [ERROR] LogOutputStream:75 - [STDERR_REDIRECT] 
2026-05-04 11:23:11,152 [ERROR] LogOutputStream:75 - [STDERR_REDIRECT] [Fatal Error] :1:1: Premature end of file.
2026-05-04 11:23:11,152 [ERROR] LogOutputStream:75 - [STDERR_REDIRECT] 
2026-05-04 11:23:12,154 [ERROR] LogOutputStream:75 - [STDERR_REDIRECT] [Fatal Error] :1:1: Premature end of file.
2026-05-04 11:23:12,154 [ERROR] LogOutputStream:75 - [STDERR_REDIRECT] 
2026-05-04 11:23:13,159 [ERROR] LogOutputStream:75 - [STDERR_REDIRECT] [Fatal Error] :1:1: Premature end of file.
2026-05-04 11:23:13,159 [ERROR] LogOutputStream:75 - [STDERR_REDIRECT] 
2026-05-04 11:23:14,154 [ERROR] LogOutputStream:75 - [STDERR_REDIRECT] [Fatal Error] :1:1: Premature end of file.
2026-05-04 11:23:14,154 [ERROR] LogOutputStream:75 - [STDERR_REDIRECT] 
2026-05-04 11:23:15,155 [ERROR] LogOutputStream:75 - [STDERR_REDIRECT] [Fatal Error] :1:1: Premature end of file.
2026-05-04 11:23:15,155 [ERROR] LogOutputStream:75 - [STDERR_REDIRECT] 
2026-05-04 11:23:16,160 [ERROR] LogOutputStream:75 - [STDERR_REDIRECT] [Fatal Error] :1:1: Premature end of file.
2026-05-04 11:23:16,160 [ERROR] LogOutputStream:75 - [STDERR_REDIRECT] 
2026-05-04 11:23:17,181 [ERROR] LogOutputStream:75 - [STDERR_REDIRECT] [Fatal Error] :1:1: Premature end of file.
2026-05-04 11:23:17,182 [ERROR] LogOutputStream:75 - [STDERR_REDIRECT] 
2026-05-04 11:23:18,183 [ERROR] LogOutputStream:75 - [STDERR_REDIRECT] [Fatal Error] :1:1: Premature end of file.
2026-05-04 11:23:18,184 [ERROR] LogOutputStream:75 - [STDERR_REDIRECT] 
2026-05-04 11:23:19,177 [ERROR] LogOutputStream:75 - [STDERR_REDIRECT] [Fatal Error] :1:1: Premature end of file.
2026-05-04 11:23:19,178 [ERROR] LogOutputStream:75 - [STDERR_REDIRECT] 
2026-05-04 11:23:20,196 [ERROR] LogOutputStream:75 - [STDERR_REDIRECT] [Fatal Error] :1:1: Premature end of file.
2026-05-04 11:23:20,197 [ERROR] LogOutputStream:75 - [STDERR_REDIRECT] 
2026-05-04 11:23:21,182 [ERROR] LogOutputStream:75 - [STDERR_REDIRECT] [Fatal Error] :1:1: Premature end of file.
2026-05-04 11:23:21,182 [ERROR] LogOutputStream:75 - [STDERR_REDIRECT] 
2026-05-04 11:23:22,159 [ERROR] LogOutputStream:75 - [STDERR_REDIRECT] [Fatal Error] :1:1: Premature end of file.
2026-05-04 11:23:22,160 [ERROR] LogOutputStream:75 - [STDERR_REDIRECT] 
2026-05-04 11:23:23,174 [ERROR] LogOutputStream:75 - [STDERR_REDIRECT] [Fatal Error] :1:1: Premature end of file.
2026-05-04 11:23:23,175 [ERROR] LogOutputStream:75 - [STDERR_REDIRECT] 
2026-05-04 11:23:24,154 [ERROR] LogOutputStream:75 - [STDERR_REDIRECT] [Fatal Error] :1:1: Premature end of file.
2026-05-04 11:23:24,154 [ERROR] LogOutputStream:75 - [STDERR_REDIRECT] 
2026-05-04 11:23:25,142 [ERROR] LogOutputStream:75 - [STDERR_REDIRECT] [Fatal Error] :1:1: Premature end of file.
2026-05-04 11:23:25,143 [ERROR] LogOutputStream:75 - [STDERR_REDIRECT] 
2026-05-04 11:23:26,165 [ERROR] LogOutputStream:75 - [STDERR_REDIRECT] [Fatal Error] :1:1: Premature end of file.
2026-05-04 11:23:26,165 [ERROR] LogOutputStream:75 - [STDERR_REDIRECT] 
2026-05-04 11:23:27,193 [ERROR] LogOutputStream:75 - [STDERR_REDIRECT] [Fatal Error] :1:1: Premature end of file.
2026-05-04 11:23:27,193 [ERROR] LogOutputStream:75 - [STDERR_REDIRECT] 
2026-05-04 11:23:28,198 [ERROR] LogOutputStream:75 - [STDERR_REDIRECT] [Fatal Error] :1:1: Premature end of file.
2026-05-04 11:23:28,199 [ERROR] LogOutputStream:75 - [STDERR_REDIRECT] 
2026-05-04 11:23:29,163 [ERROR] LogOutputStream:75 - [STDERR_REDIRECT] [Fatal Error] :1:1: Premature end of file.
2026-05-04 11:23:29,164 [ERROR] LogOutputStream:75 - [STDERR_REDIRECT] 
2026-05-04 11:23:30,141 [ERROR] LogOutputStream:75 - [STDERR_REDIRECT] [Fatal Error] :1:1: Premature end of file.
2026-05-04 11:23:30,142 [ERROR] LogOutputStream:75 - [STDERR_REDIRECT] 
2026-05-04 11:23:31,175 [ERROR] LogOutputStream:75 - [STDERR_REDIRECT] [Fatal Error] :1:1: Premature end of file.
2026-05-04 11:23:31,175 [ERROR] LogOutputStream:75 - [STDERR_REDIRECT] 
2026-05-04 11:23:32,167 [ERROR] LogOutputStream:75 - [STDERR_REDIRECT] [Fatal Error] :1:1: Premature end of file.
2026-05-04 11:23:32,168 [ERROR] LogOutputStream:75 - [STDERR_REDIRECT] 
2026-05-04 11:23:33,171 [ERROR] LogOutputStream:75 - [STDERR_REDIRECT] [Fatal Error] :1:1: Premature end of file.
2026-05-04 11:23:33,172 [ERROR] LogOutputStream:75 - [STDERR_REDIRECT] 
2026-05-04 11:23:34,154 [ERROR] LogOutputStream:75 - [STDERR_REDIRECT] [Fatal Error] :1:1: Premature end of file.
2026-05-04 11:23:34,155 [ERROR] LogOutputStream:75 - [STDERR_REDIRECT] 
2026-05-04 11:23:35,159 [ERROR] LogOutputStream:75 - [STDERR_REDIRECT] [Fatal Error] :1:1: Premature end of file.
2026-05-04 11:23:35,159 [ERROR] LogOutputStream:75 - [STDERR_REDIRECT] 
2026-05-04 11:23:36,155 [ERROR] LogOutputStream:75 - [STDERR_REDIRECT] [Fatal Error] :1:1: Premature end of file.
2026-05-04 11:23:36,156 [ERROR] LogOutputStream:75 - [STDERR_REDIRECT] 
2026-05-04 11:23:37,177 [ERROR] LogOutputStream:75 - [STDERR_REDIRECT] [Fatal Error] :1:1: Premature end of file.
2026-05-04 11:23:37,178 [ERROR] LogOutputStream:75 - [STDERR_REDIRECT] 
2026-05-04 11:23:38,168 [ERROR] LogOutputStream:75 - [STDERR_REDIRECT] [Fatal Error] :1:1: Premature end of file.
2026-05-04 11:23:38,169 [ERROR] LogOutputStream:75 - [STDERR_REDIRECT] 
2026-05-04 11:23:39,158 [ERROR] LogOutputStream:75 - [STDERR_REDIRECT] [Fatal Error] :1:1: Premature end of file.
2026-05-04 11:23:39,158 [ERROR] LogOutputStream:75 - [STDERR_REDIRECT] 
2026-05-04 11:23:40,172 [ERROR] LogOutputStream:75 - [STDERR_REDIRECT] [Fatal Error] :1:1: Premature end of file.
2026-05-04 11:23:40,173 [ERROR] LogOutputStream:75 - [STDERR_REDIRECT] 
2026-05-04 11:23:41,165 [ERROR] LogOutputStream:75 - [STDERR_REDIRECT] [Fatal Error] :1:1: Premature end of file.
2026-05-04 11:23:41,166 [ERROR] LogOutputStream:75 - [STDERR_REDIRECT] 
2026-05-04 11:23:42,167 [ERROR] LogOutputStream:75 - [STDERR_REDIRECT] [Fatal Error] :1:1: Premature end of file.
2026-05-04 11:23:42,168 [ERROR] LogOutputStream:75 - [STDERR_REDIRECT] 
2026-05-04 11:23:43,169 [ERROR] LogOutputStream:75 - [STDERR_REDIRECT] [Fatal Error] :1:1: Premature end of file.
2026-05-04 11:23:43,169 [ERROR] LogOutputStream:75 - [STDERR_REDIRECT] 
2026-05-04 11:23:44,158 [ERROR] LogOutputStream:75 - [STDERR_REDIRECT] [Fatal Error] :1:1: Premature end of file.
2026-05-04 11:23:44,160 [ERROR] LogOutputStream:75 - [STDERR_REDIRECT] 
2026-05-04 11:23:45,174 [ERROR] LogOutputStream:75 - [STDERR_REDIRECT] [Fatal Error] :1:1: Premature end of file.
2026-05-04 11:23:45,175 [ERROR] LogOutputStream:75 - [STDERR_REDIRECT] 
2026-05-04 11:23:46,171 [ERROR] LogOutputStream:75 - [STDERR_REDIRECT] [Fatal Error] :1:1: Premature end of file.
2026-05-04 11:23:46,172 [ERROR] LogOutputStream:75 - [STDERR_REDIRECT] 
2026-05-04 11:23:47,167 [ERROR] LogOutputStream:75 - [STDERR_REDIRECT] [Fatal Error] :1:1: Premature end of file.
2026-05-04 11:23:47,168 [ERROR] LogOutputStream:75 - [STDERR_REDIRECT] 
2026-05-04 11:23:48,172 [ERROR] LogOutputStream:75 - [STDERR_REDIRECT] [Fatal Error] :1:1: Premature end of file.
2026-05-04 11:23:48,173 [ERROR] LogOutputStream:75 - [STDERR_REDIRECT] 
2026-05-04 11:23:49,190 [ERROR] LogOutputStream:75 - [STDERR_REDIRECT] [Fatal Error] :1:1: Premature end of file.
2026-05-04 11:23:49,196 [ERROR] LogOutputStream:75 - [STDERR_REDIRECT] 
2026-05-04 11:23:50,166 [ERROR] LogOutputStream:75 - [STDERR_REDIRECT] [Fatal Error] :1:1: Premature end of file.
2026-05-04 11:23:50,166 [ERROR] LogOutputStream:75 - [STDERR_REDIRECT] 
2026-05-04 11:23:51,171 [ERROR] LogOutputStream:75 - [STDERR_REDIRECT] [Fatal Error] :1:1: Premature end of file.
2026-05-04 11:23:51,172 [ERROR] LogOutputStream:75 - [STDERR_REDIRECT] 
2026-05-04 11:23:52,171 [ERROR] LogOutputStream:75 - [STDERR_REDIRECT] [Fatal Error] :1:1: Premature end of file.
2026-05-04 11:23:52,171 [ERROR] LogOutputStream:75 - [STDERR_REDIRECT] 
2026-05-04 11:23:53,170 [ERROR] LogOutputStream:75 - [STDERR_REDIRECT] [Fatal Error] :1:1: Premature end of file.
2026-05-04 11:23:53,170 [ERROR] LogOutputStream:75 - [STDERR_REDIRECT] 
2026-05-04 11:23:54,170 [ERROR] LogOutputStream:75 - [STDERR_REDIRECT] [Fatal Error] :1:1: Premature end of file.
2026-05-04 11:23:54,171 [ERROR] LogOutputStream:75 - [STDERR_REDIRECT] 
2026-05-04 11:23:55,168 [ERROR] LogOutputStream:75 - [STDERR_REDIRECT] [Fatal Error] :1:1: Premature end of file.
2026-05-04 11:23:55,168 [ERROR] LogOutputStream:75 - [STDERR_REDIRECT] 
2026-05-04 11:23:56,163 [ERROR] LogOutputStream:75 - [STDERR_REDIRECT] [Fatal Error] :1:1: Premature end of file.
2026-05-04 11:23:56,163 [ERROR] LogOutputStream:75 - [STDERR_REDIRECT] 
2026-05-04 11:23:57,158 [ERROR] LogOutputStream:75 - [STDERR_REDIRECT] [Fatal Error] :1:1: Premature end of file.
2026-05-04 11:23:57,160 [ERROR] LogOutputStream:75 - [STDERR_REDIRECT] 
2026-05-04 11:23:58,158 [ERROR] LogOutputStream:75 - [STDERR_REDIRECT] [Fatal Error] :1:1: Premature end of file.
2026-05-04 11:23:58,159 [ERROR] LogOutputStream:75 - [STDERR_REDIRECT] 
2026-05-04 11:23:59,179 [ERROR] LogOutputStream:75 - [STDERR_REDIRECT] [Fatal Error] :1:1: Premature end of file.
2026-05-04 11:23:59,181 [ERROR] LogOutputStream:75 - [STDERR_REDIRECT] 
2026-05-04 11:24:00,180 [ERROR] LogOutputStream:75 - [STDERR_REDIRECT] [Fatal Error] :1:1: Premature end of file.
2026-05-04 11:24:00,181 [ERROR] LogOutputStream:75 - [STDERR_REDIRECT] 
2026-05-04 11:24:01,184 [ERROR] LogOutputStream:75 - [STDERR_REDIRECT] [Fatal Error] :1:1: Premature end of file.
2026-05-04 11:24:01,185 [ERROR] LogOutputStream:75 - [STDERR_REDIRECT] 
2026-05-04 11:24:02,152 [ERROR] LogOutputStream:75 - [STDERR_REDIRECT] [Fatal Error] :1:1: Premature end of file.
2026-05-04 11:24:02,153 [ERROR] LogOutputStream:75 - [STDERR_REDIRECT] 
2026-05-04 11:24:03,177 [ERROR] LogOutputStream:75 - [STDERR_REDIRECT] [Fatal Error] :1:1: Premature end of file.
2026-05-04 11:24:03,179 [ERROR] LogOutputStream:75 - [STDERR_REDIRECT] 
2026-05-04 11:24:04,161 [ERROR] LogOutputStream:75 - [STDERR_REDIRECT] [Fatal Error] :1:1: Premature end of file.
2026-05-04 11:24:04,162 [ERROR] LogOutputStream:75 - [STDERR_REDIRECT] 
2026-05-04 11:24:05,195 [ERROR] LogOutputStream:75 - [STDERR_REDIRECT] [Fatal Error] :1:1: Premature end of file.
2026-05-04 11:24:05,196 [ERROR] LogOutputStream:75 - [STDERR_REDIRECT] 
2026-05-04 11:24:06,162 [ERROR] LogOutputStream:75 - [STDERR_REDIRECT] [Fatal Error] :1:1: Premature end of file.
2026-05-04 11:24:06,162 [ERROR] LogOutputStream:75 - [STDERR_REDIRECT] 
2026-05-04 11:24:07,184 [ERROR] LogOutputStream:75 - [STDERR_REDIRECT] [Fatal Error] :1:1: Premature end of file.
2026-05-04 11:24:07,186 [ERROR] LogOutputStream:75 - [STDERR_REDIRECT] 
2026-05-04 11:24:08,169 [ERROR] LogOutputStream:75 - [STDERR_REDIRECT] [Fatal Error] :1:1: Premature end of file.
2026-05-04 11:24:08,171 [ERROR] LogOutputStream:75 - [STDERR_REDIRECT] 
2026-05-04 11:24:09,176 [ERROR] LogOutputStream:75 - [STDERR_REDIRECT] [Fatal Error] :1:1: Premature end of file.
2026-05-04 11:24:09,176 [ERROR] LogOutputStream:75 - [STDERR_REDIRECT] 
2026-05-04 11:24:10,154 [ERROR] LogOutputStream:75 - [STDERR_REDIRECT] [Fatal Error] :1:1: Premature end of file.
2026-05-04 11:24:10,154 [ERROR] LogOutputStream:75 - [STDERR_REDIRECT] 
2026-05-04 11:24:11,163 [ERROR] LogOutputStream:75 - [STDERR_REDIRECT] [Fatal Error] :1:1: Premature end of file.
2026-05-04 11:24:11,167 [ERROR] LogOutputStream:75 - [STDERR_REDIRECT] 
2026-05-04 11:24:12,161 [ERROR] LogOutputStream:75 - [STDERR_REDIRECT] [Fatal Error] :1:1: Premature end of file.
2026-05-04 11:24:12,161 [ERROR] LogOutputStream:75 - [STDERR_REDIRECT] 
2026-05-04 11:24:13,152 [ERROR] LogOutputStream:75 - [STDERR_REDIRECT] [Fatal Error] :1:1: Premature end of file.
2026-05-04 11:24:13,152 [ERROR] LogOutputStream:75 - [STDERR_REDIRECT] 
2026-05-04 11:24:14,163 [ERROR] LogOutputStream:75 - [STDERR_REDIRECT] [Fatal Error] :1:1: Premature end of file.
2026-05-04 11:24:14,165 [ERROR] LogOutputStream:75 - [STDERR_REDIRECT] 
2026-05-04 11:24:15,174 [ERROR] LogOutputStream:75 - [STDERR_REDIRECT] [Fatal Error] :1:1: Premature end of file.
2026-05-04 11:24:15,175 [ERROR] LogOutputStream:75 - [STDERR_REDIRECT] 
2026-05-04 11:24:16,152 [ERROR] LogOutputStream:75 - [STDERR_REDIRECT] [Fatal Error] :1:1: Premature end of file.
2026-05-04 11:24:16,152 [ERROR] LogOutputStream:75 - [STDERR_REDIRECT] 
2026-05-04 11:24:17,158 [ERROR] LogOutputStream:75 - [STDERR_REDIRECT] [Fatal Error] :1:1: Premature end of file.
2026-05-04 11:24:17,158 [ERROR] LogOutputStream:75 - [STDERR_REDIRECT] 
2026-05-04 11:24:18,177 [ERROR] LogOutputStream:75 - [STDERR_REDIRECT] [Fatal Error] :1:1: Premature end of file.
2026-05-04 11:24:18,178 [ERROR] LogOutputStream:75 - [STDERR_REDIRECT] 
2026-05-04 11:24:19,166 [ERROR] LogOutputStream:75 - [STDERR_REDIRECT] [Fatal Error] :1:1: Premature end of file.
2026-05-04 11:24:19,166 [ERROR] LogOutputStream:75 - [STDERR_REDIRECT] 
2026-05-04 11:24:20,174 [ERROR] LogOutputStream:75 - [STDERR_REDIRECT] [Fatal Error] :1:1: Premature end of file.
2026-05-04 11:24:20,175 [ERROR] LogOutputStream:75 - [STDERR_REDIRECT] 
2026-05-04 11:24:21,147 [ERROR] LogOutputStream:75 - [STDERR_REDIRECT] [Fatal Error] :1:1: Premature end of file.
2026-05-04 11:24:21,148 [ERROR] LogOutputStream:75 - [STDERR_REDIRECT] 
2026-05-04 11:24:22,153 [ERROR] LogOutputStream:75 - [STDERR_REDIRECT] [Fatal Error] :1:1: Premature end of file.
2026-05-04 11:24:22,153 [ERROR] LogOutputStream:75 - [STDERR_REDIRECT] 
2026-05-04 11:24:23,148 [ERROR] LogOutputStream:75 - [STDERR_REDIRECT] [Fatal Error] :1:1: Premature end of file.
2026-05-04 11:24:23,148 [ERROR] LogOutputStream:75 - [STDERR_REDIRECT] 
2026-05-04 11:24:24,152 [ERROR] LogOutputStream:75 - [STDERR_REDIRECT] [Fatal Error] :1:1: Premature end of file.
2026-05-04 11:24:24,152 [ERROR] LogOutputStream:75 - [STDERR_REDIRECT] 
2026-05-04 11:24:25,150 [ERROR] LogOutputStream:75 - [STDERR_REDIRECT] [Fatal Error] :1:1: Premature end of file.
2026-05-04 11:24:25,151 [ERROR] LogOutputStream:75 - [STDERR_REDIRECT] 
2026-05-04 11:24:26,157 [ERROR] LogOutputStream:75 - [STDERR_REDIRECT] [Fatal Error] :1:1: Premature end of file.
2026-05-04 11:24:26,158 [ERROR] LogOutputStream:75 - [STDERR_REDIRECT] 
2026-05-04 11:24:27,173 [ERROR] LogOutputStream:75 - [STDERR_REDIRECT] [Fatal Error] :1:1: Premature end of file.
2026-05-04 11:24:27,173 [ERROR] LogOutputStream:75 - [STDERR_REDIRECT] 
2026-05-04 11:24:28,145 [ERROR] LogOutputStream:75 - [STDERR_REDIRECT] [Fatal Error] :1:1: Premature end of file.
2026-05-04 11:24:28,145 [ERROR] LogOutputStream:75 - [STDERR_REDIRECT] 
2026-05-04 11:24:29,157 [ERROR] LogOutputStream:75 - [STDERR_REDIRECT] [Fatal Error] :1:1: Premature end of file.
2026-05-04 11:24:29,157 [ERROR] LogOutputStream:75 - [STDERR_REDIRECT] 
2026-05-04 11:24:30,160 [ERROR] LogOutputStream:75 - [STDERR_REDIRECT] [Fatal Error] :1:1: Premature end of file.
2026-05-04 11:24:30,161 [ERROR] LogOutputStream:75 - [STDERR_REDIRECT] 
2026-05-04 11:24:31,158 [ERROR] LogOutputStream:75 - [STDERR_REDIRECT] [Fatal Error] :1:1: Premature end of file.
2026-05-04 11:24:31,158 [ERROR] LogOutputStream:75 - [STDERR_REDIRECT] 
2026-05-04 11:24:32,158 [ERROR] LogOutputStream:75 - [STDERR_REDIRECT] [Fatal Error] :1:1: Premature end of file.
2026-05-04 11:24:32,158 [ERROR] LogOutputStream:75 - [STDERR_REDIRECT] 
2026-05-04 11:24:33,159 [ERROR] LogOutputStream:75 - [STDERR_REDIRECT] [Fatal Error] :1:1: Premature end of file.
2026-05-04 11:24:33,161 [ERROR] LogOutputStream:75 - [STDERR_REDIRECT] 
2026-05-04 11:24:34,144 [ERROR] LogOutputStream:75 - [STDERR_REDIRECT] [Fatal Error] :1:1: Premature end of file.
2026-05-04 11:24:34,144 [ERROR] LogOutputStream:75 - [STDERR_REDIRECT] 
2026-05-04 11:24:35,144 [ERROR] LogOutputStream:75 - [STDERR_REDIRECT] [Fatal Error] :1:1: Premature end of file.
2026-05-04 11:24:35,144 [ERROR] LogOutputStream:75 - [STDERR_REDIRECT] 
2026-05-04 11:24:36,165 [ERROR] LogOutputStream:75 - [STDERR_REDIRECT] [Fatal Error] :1:1: Premature end of file.
2026-05-04 11:24:36,165 [ERROR] LogOutputStream:75 - [STDERR_REDIRECT] 
2026-05-04 11:24:37,150 [ERROR] LogOutputStream:75 - [STDERR_REDIRECT] [Fatal Error] :1:1: Premature end of file.
2026-05-04 11:24:37,150 [ERROR] LogOutputStream:75 - [STDERR_REDIRECT] 
2026-05-04 11:24:38,164 [ERROR] LogOutputStream:75 - [STDERR_REDIRECT] [Fatal Error] :1:1: Premature end of file.
2026-05-04 11:24:38,164 [ERROR] LogOutputStream:75 - [STDERR_REDIRECT] 
2026-05-04 11:24:39,156 [ERROR] LogOutputStream:75 - [STDERR_REDIRECT] [Fatal Error] :1:1: Premature end of file.
2026-05-04 11:24:39,156 [ERROR] LogOutputStream:75 - [STDERR_REDIRECT] 
2026-05-04 11:24:40,168 [ERROR] LogOutputStream:75 - [STDERR_REDIRECT] [Fatal Error] :1:1: Premature end of file.
2026-05-04 11:24:40,168 [ERROR] LogOutputStream:75 - [STDERR_REDIRECT] 
2026-05-04 11:24:41,157 [ERROR] LogOutputStream:75 - [STDERR_REDIRECT] [Fatal Error] :1:1: Premature end of file.
2026-05-04 11:24:41,159 [ERROR] LogOutputStream:75 - [STDERR_REDIRECT] 
2026-05-04 11:24:42,169 [ERROR] LogOutputStream:75 - [STDERR_REDIRECT] [Fatal Error] :1:1: Premature end of file.
2026-05-04 11:24:42,169 [ERROR] LogOutputStream:75 - [STDERR_REDIRECT] 
2026-05-04 11:24:43,131 [ERROR] LogOutputStream:75 - [STDERR_REDIRECT] [Fatal Error] :1:1: Premature end of file.
2026-05-04 11:24:43,131 [ERROR] LogOutputStream:75 - [STDERR_REDIRECT] 
2026-05-04 11:24:44,157 [ERROR] LogOutputStream:75 - [STDERR_REDIRECT] [Fatal Error] :1:1: Premature end of file.
2026-05-04 11:24:44,157 [ERROR] LogOutputStream:75 - [STDERR_REDIRECT] 
2026-05-04 11:24:45,168 [ERROR] LogOutputStream:75 - [STDERR_REDIRECT] [Fatal Error] :1:1: Premature end of file.
2026-05-04 11:24:45,168 [ERROR] LogOutputStream:75 - [STDERR_REDIRECT] 
2026-05-04 11:24:46,154 [ERROR] LogOutputStream:75 - [STDERR_REDIRECT] [Fatal Error] :1:1: Premature end of file.
2026-05-04 11:24:46,155 [ERROR] LogOutputStream:75 - [STDERR_REDIRECT] 
2026-05-04 11:24:47,176 [ERROR] LogOutputStream:75 - [STDERR_REDIRECT] [Fatal Error] :1:1: Premature end of file.
2026-05-04 11:24:47,177 [ERROR] LogOutputStream:75 - [STDERR_REDIRECT] 
2026-05-04 11:24:48,154 [ERROR] LogOutputStream:75 - [STDERR_REDIRECT] [Fatal Error] :1:1: Premature end of file.
2026-05-04 11:24:48,154 [ERROR] LogOutputStream:75 - [STDERR_REDIRECT] 
2026-05-04 11:24:49,145 [ERROR] LogOutputStream:75 - [STDERR_REDIRECT] [Fatal Error] :1:1: Premature end of file.
2026-05-04 11:24:49,146 [ERROR] LogOutputStream:75 - [STDERR_REDIRECT] 
2026-05-04 11:24:50,139 [ERROR] LogOutputStream:75 - [STDERR_REDIRECT] [Fatal Error] :1:1: Premature end of file.
2026-05-04 11:24:50,140 [ERROR] LogOutputStream:75 - [STDERR_REDIRECT] 
2026-05-04 11:24:51,179 [ERROR] LogOutputStream:75 - [STDERR_REDIRECT] [Fatal Error] :1:1: Premature end of file.
2026-05-04 11:24:51,180 [ERROR] LogOutputStream:75 - [STDERR_REDIRECT] 
2026-05-04 11:24:52,231 [ERROR] LogOutputStream:75 - [STDERR_REDIRECT] [Fatal Error] :1:1: Premature end of file.
2026-05-04 11:24:52,231 [ERROR] LogOutputStream:75 - [STDERR_REDIRECT] 
2026-05-04 11:24:53,156 [ERROR] LogOutputStream:75 - [STDERR_REDIRECT] [Fatal Error] :1:1: Premature end of file.
2026-05-04 11:24:53,156 [ERROR] LogOutputStream:75 - [STDERR_REDIRECT] 
2026-05-04 11:24:54,175 [ERROR] LogOutputStream:75 - [STDERR_REDIRECT] [Fatal Error] :1:1: Premature end of file.
2026-05-04 11:24:54,175 [ERROR] LogOutputStream:75 - [STDERR_REDIRECT] 
2026-05-04 11:24:55,171 [ERROR] LogOutputStream:75 - [STDERR_REDIRECT] [Fatal Error] :1:1: Premature end of file.
2026-05-04 11:24:55,172 [ERROR] LogOutputStream:75 - [STDERR_REDIRECT] 
2026-05-04 11:24:56,191 [ERROR] LogOutputStream:75 - [STDERR_REDIRECT] [Fatal Error] :1:1: Premature end of file.
2026-05-04 11:24:56,192 [ERROR] LogOutputStream:75 - [STDERR_REDIRECT] 
2026-05-04 11:24:57,162 [ERROR] LogOutputStream:75 - [STDERR_REDIRECT] [Fatal Error] :1:1: Premature end of file.
2026-05-04 11:24:57,162 [ERROR] LogOutputStream:75 - [STDERR_REDIRECT] 
2026-05-04 11:24:58,184 [ERROR] LogOutputStream:75 - [STDERR_REDIRECT] [Fatal Error] :1:1: Premature end of file.
2026-05-04 11:24:58,185 [ERROR] LogOutputStream:75 - [STDERR_REDIRECT] 
2026-05-04 11:24:59,166 [ERROR] LogOutputStream:75 - [STDERR_REDIRECT] [Fatal Error] :1:1: Premature end of file.
2026-05-04 11:24:59,166 [ERROR] LogOutputStream:75 - [STDERR_REDIRECT] 
2026-05-04 11:25:00,161 [ERROR] LogOutputStream:75 - [STDERR_REDIRECT] [Fatal Error] :1:1: Premature end of file.
2026-05-04 11:25:00,161 [ERROR] LogOutputStream:75 - [STDERR_REDIRECT] 
2026-05-04 11:25:01,181 [ERROR] LogOutputStream:75 - [STDERR_REDIRECT] [Fatal Error] :1:1: Premature end of file.
2026-05-04 11:25:01,182 [ERROR] LogOutputStream:75 - [STDERR_REDIRECT] 
2026-05-04 11:25:02,159 [ERROR] LogOutputStream:75 - [STDERR_REDIRECT] [Fatal Error] :1:1: Premature end of file.
2026-05-04 11:25:02,160 [ERROR] LogOutputStream:75 - [STDERR_REDIRECT] 
2026-05-04 11:25:03,191 [ERROR] LogOutputStream:75 - [STDERR_REDIRECT] [Fatal Error] :1:1: Premature end of file.
2026-05-04 11:25:03,191 [ERROR] LogOutputStream:75 - [STDERR_REDIRECT] 
2026-05-04 11:25:04,197 [ERROR] LogOutputStream:75 - [STDERR_REDIRECT] [Fatal Error] :1:1: Premature end of file.
2026-05-04 11:25:04,198 [ERROR] LogOutputStream:75 - [STDERR_REDIRECT] 
2026-05-04 11:25:05,180 [ERROR] LogOutputStream:75 - [STDERR_REDIRECT] [Fatal Error] :1:1: Premature end of file.
2026-05-04 11:25:05,181 [ERROR] LogOutputStream:75 - [STDERR_REDIRECT] 
2026-05-04 11:25:06,169 [ERROR] LogOutputStream:75 - [STDERR_REDIRECT] [Fatal Error] :1:1: Premature end of file.
2026-05-04 11:25:06,170 [ERROR] LogOutputStream:75 - [STDERR_REDIRECT] 
2026-05-04 11:25:07,170 [ERROR] LogOutputStream:75 - [STDERR_REDIRECT] [Fatal Error] :1:1: Premature end of file.
2026-05-04 11:25:07,172 [ERROR] LogOutputStream:75 - [STDERR_REDIRECT] 
2026-05-04 11:25:08,164 [ERROR] LogOutputStream:75 - [STDERR_REDIRECT] [Fatal Error] :1:1: Premature end of file.
2026-05-04 11:25:08,165 [ERROR] LogOutputStream:75 - [STDERR_REDIRECT] 
2026-05-04 11:25:09,191 [ERROR] LogOutputStream:75 - [STDERR_REDIRECT] [Fatal Error] :1:1: Premature end of file.
2026-05-04 11:25:09,192 [ERROR] LogOutputStream:75 - [STDERR_REDIRECT] 
2026-05-04 11:25:10,197 [ERROR] LogOutputStream:75 - [STDERR_REDIRECT] [Fatal Error] :1:1: Premature end of file.
2026-05-04 11:25:10,197 [ERROR] LogOutputStream:75 - [STDERR_REDIRECT] 
2026-05-04 11:25:11,183 [ERROR] LogOutputStream:75 - [STDERR_REDIRECT] [Fatal Error] :1:1: Premature end of file.
2026-05-04 11:25:11,184 [ERROR] LogOutputStream:75 - [STDERR_REDIRECT] 
2026-05-04 11:25:12,168 [ERROR] LogOutputStream:75 - [STDERR_REDIRECT] [Fatal Error] :1:1: Premature end of file.
2026-05-04 11:25:12,169 [ERROR] LogOutputStream:75 - [STDERR_REDIRECT] 
2026-05-04 11:25:13,170 [ERROR] LogOutputStream:75 - [STDERR_REDIRECT] [Fatal Error] :1:1: Premature end of file.
2026-05-04 11:25:13,171 [ERROR] LogOutputStream:75 - [STDERR_REDIRECT] 
2026-05-04 11:25:14,162 [ERROR] LogOutputStream:75 - [STDERR_REDIRECT] [Fatal Error] :1:1: Premature end of file.
2026-05-04 11:25:14,163 [ERROR] LogOutputStream:75 - [STDERR_REDIRECT] 
2026-05-04 11:25:15,159 [ERROR] LogOutputStream:75 - [STDERR_REDIRECT] [Fatal Error] :1:1: Premature end of file.
2026-05-04 11:25:15,159 [ERROR] LogOutputStream:75 - [STDERR_REDIRECT] 
2026-05-04 11:25:16,149 [ERROR] LogOutputStream:75 - [STDERR_REDIRECT] [Fatal Error] :1:1: Premature end of file.
2026-05-04 11:25:16,149 [ERROR] LogOutputStream:75 - [STDERR_REDIRECT] 
2026-05-04 11:25:17,185 [ERROR] LogOutputStream:75 - [STDERR_REDIRECT] [Fatal Error] :1:1: Premature end of file.
2026-05-04 11:25:17,186 [ERROR] LogOutputStream:75 - [STDERR_REDIRECT] 
2026-05-04 11:25:18,142 [ERROR] LogOutputStream:75 - [STDERR_REDIRECT] [Fatal Error] :1:1: Premature end of file.
2026-05-04 11:25:18,143 [ERROR] LogOutputStream:75 - [STDERR_REDIRECT] 
2026-05-04 11:25:19,174 [ERROR] LogOutputStream:75 - [STDERR_REDIRECT] [Fatal Error] :1:1: Premature end of file.
2026-05-04 11:25:19,175 [ERROR] LogOutputStream:75 - [STDERR_REDIRECT] 
2026-05-04 11:25:20,185 [ERROR] LogOutputStream:75 - [STDERR_REDIRECT] [Fatal Error] :1:1: Premature end of file.
2026-05-04 11:25:20,186 [ERROR] LogOutputStream:75 - [STDERR_REDIRECT] 
2026-05-04 11:25:21,169 [ERROR] LogOutputStream:75 - [STDERR_REDIRECT] [Fatal Error] :1:1: Premature end of file.
2026-05-04 11:25:21,170 [ERROR] LogOutputStream:75 - [STDERR_REDIRECT] 
2026-05-04 11:25:22,167 [ERROR] LogOutputStream:75 - [STDERR_REDIRECT] [Fatal Error] :1:1: Premature end of file.
2026-05-04 11:25:22,173 [ERROR] LogOutputStream:75 - [STDERR_REDIRECT] 
2026-05-04 11:25:23,139 [ERROR] LogOutputStream:75 - [STDERR_REDIRECT] [Fatal Error] :1:1: Premature end of file.
2026-05-04 11:25:23,140 [ERROR] LogOutputStream:75 - [STDERR_REDIRECT] 
2026-05-04 11:25:24,183 [ERROR] LogOutputStream:75 - [STDERR_REDIRECT] [Fatal Error] :1:1: Premature end of file.
2026-05-04 11:25:24,184 [ERROR] LogOutputStream:75 - [STDERR_REDIRECT] 
2026-05-04 11:25:25,186 [ERROR] LogOutputStream:75 - [STDERR_REDIRECT] [Fatal Error] :1:1: Premature end of file.
2026-05-04 11:25:25,187 [ERROR] LogOutputStream:75 - [STDERR_REDIRECT] 
2026-05-04 11:25:26,263 [ERROR] LogOutputStream:75 - [STDERR_REDIRECT] [Fatal Error] :1:1: Premature end of file.
2026-05-04 11:25:26,265 [ERROR] LogOutputStream:75 - [STDERR_REDIRECT] 
2026-05-04 11:25:27,188 [ERROR] LogOutputStream:75 - [STDERR_REDIRECT] [Fatal Error] :1:1: Premature end of file.
2026-05-04 11:25:27,189 [ERROR] LogOutputStream:75 - [STDERR_REDIRECT] 
2026-05-04 11:25:28,161 [ERROR] LogOutputStream:75 - [STDERR_REDIRECT] [Fatal Error] :1:1: Premature end of file.
2026-05-04 11:25:28,161 [ERROR] LogOutputStream:75 - [STDERR_REDIRECT] 
2026-05-04 11:25:29,152 [ERROR] LogOutputStream:75 - [STDERR_REDIRECT] [Fatal Error] :1:1: Premature end of file.
2026-05-04 11:25:29,154 [ERROR] LogOutputStream:75 - [STDERR_REDIRECT] 
2026-05-04 11:25:30,164 [ERROR] LogOutputStream:75 - [STDERR_REDIRECT] [Fatal Error] :1:1: Premature end of file.
2026-05-04 11:25:30,165 [ERROR] LogOutputStream:75 - [STDERR_REDIRECT] 
2026-05-04 11:25:31,156 [ERROR] LogOutputStream:75 - [STDERR_REDIRECT] [Fatal Error] :1:1: Premature end of file.
2026-05-04 11:25:31,157 [ERROR] LogOutputStream:75 - [STDERR_REDIRECT] 
2026-05-04 11:25:32,166 [ERROR] LogOutputStream:75 - [STDERR_REDIRECT] [Fatal Error] :1:1: Premature end of file.
2026-05-04 11:25:32,168 [ERROR] LogOutputStream:75 - [STDERR_REDIRECT] 
2026-05-04 11:25:33,156 [ERROR] LogOutputStream:75 - [STDERR_REDIRECT] [Fatal Error] :1:1: Premature end of file.
2026-05-04 11:25:33,156 [ERROR] LogOutputStream:75 - [STDERR_REDIRECT] 
2026-05-04 11:25:34,155 [ERROR] LogOutputStream:75 - [STDERR_REDIRECT] [Fatal Error] :1:1: Premature end of file.
2026-05-04 11:25:34,155 [ERROR] LogOutputStream:75 - [STDERR_REDIRECT] 
2026-05-04 11:25:35,151 [ERROR] LogOutputStream:75 - [STDERR_REDIRECT] [Fatal Error] :1:1: Premature end of file.
2026-05-04 11:25:35,153 [ERROR] LogOutputStream:75 - [STDERR_REDIRECT] 
2026-05-04 11:25:36,164 [ERROR] LogOutputStream:75 - [STDERR_REDIRECT] [Fatal Error] :1:1: Premature end of file.
2026-05-04 11:25:36,165 [ERROR] LogOutputStream:75 - [STDERR_REDIRECT] 
2026-05-04 11:25:37,175 [ERROR] LogOutputStream:75 - [STDERR_REDIRECT] [Fatal Error] :1:1: Premature end of file.
2026-05-04 11:25:37,176 [ERROR] LogOutputStream:75 - [STDERR_REDIRECT] 
2026-05-04 11:25:38,163 [ERROR] LogOutputStream:75 - [STDERR_REDIRECT] [Fatal Error] :1:1: Premature end of file.
2026-05-04 11:25:38,163 [ERROR] LogOutputStream:75 - [STDERR_REDIRECT] 
2026-05-04 11:25:39,177 [ERROR] LogOutputStream:75 - [STDERR_REDIRECT] [Fatal Error] :1:1: Premature end of file.
2026-05-04 11:25:39,178 [ERROR] LogOutputStream:75 - [STDERR_REDIRECT] 
2026-05-04 11:25:40,177 [ERROR] LogOutputStream:75 - [STDERR_REDIRECT] [Fatal Error] :1:1: Premature end of file.
2026-05-04 11:25:40,178 [ERROR] LogOutputStream:75 - [STDERR_REDIRECT] 
2026-05-04 11:25:41,155 [ERROR] LogOutputStream:75 - [STDERR_REDIRECT] [Fatal Error] :1:1: Premature end of file.
2026-05-04 11:25:41,156 [ERROR] LogOutputStream:75 - [STDERR_REDIRECT] 
2026-05-04 11:25:42,158 [ERROR] LogOutputStream:75 - [STDERR_REDIRECT] [Fatal Error] :1:1: Premature end of file.
2026-05-04 11:25:42,158 [ERROR] LogOutputStream:75 - [STDERR_REDIRECT] 
2026-05-04 11:25:43,164 [ERROR] LogOutputStream:75 - [STDERR_REDIRECT] [Fatal Error] :1:1: Premature end of file.
2026-05-04 11:25:43,164 [ERROR] LogOutputStream:75 - [STDERR_REDIRECT] 
2026-05-04 11:25:44,171 [ERROR] LogOutputStream:75 - [STDERR_REDIRECT] [Fatal Error] :1:1: Premature end of file.
2026-05-04 11:25:44,171 [ERROR] LogOutputStream:75 - [STDERR_REDIRECT] 
2026-05-04 11:25:45,173 [ERROR] LogOutputStream:75 - [STDERR_REDIRECT] [Fatal Error] :1:1: Premature end of file.
2026-05-04 11:25:45,173 [ERROR] LogOutputStream:75 - [STDERR_REDIRECT] 
2026-05-04 11:25:46,168 [ERROR] LogOutputStream:75 - [STDERR_REDIRECT] [Fatal Error] :1:1: Premature end of file.
2026-05-04 11:25:46,168 [ERROR] LogOutputStream:75 - [STDERR_REDIRECT] 
2026-05-04 11:25:47,174 [ERROR] LogOutputStream:75 - [STDERR_REDIRECT] [Fatal Error] :1:1: Premature end of file.
2026-05-04 11:25:47,174 [ERROR] LogOutputStream:75 - [STDERR_REDIRECT] 
2026-05-04 11:25:48,160 [ERROR] LogOutputStream:75 - [STDERR_REDIRECT] [Fatal Error] :1:1: Premature end of file.
2026-05-04 11:25:48,161 [ERROR] LogOutputStream:75 - [STDERR_REDIRECT] 
2026-05-04 11:25:49,169 [ERROR] LogOutputStream:75 - [STDERR_REDIRECT] [Fatal Error] :1:1: Premature end of file.
2026-05-04 11:25:49,172 [ERROR] LogOutputStream:75 - [STDERR_REDIRECT] 
2026-05-04 11:25:50,160 [ERROR] LogOutputStream:75 - [STDERR_REDIRECT] [Fatal Error] :1:1: Premature end of file.
2026-05-04 11:25:50,161 [ERROR] LogOutputStream:75 - [STDERR_REDIRECT] 
2026-05-04 11:25:51,151 [ERROR] LogOutputStream:75 - [STDERR_REDIRECT] [Fatal Error] :1:1: Premature end of file.
2026-05-04 11:25:51,152 [ERROR] LogOutputStream:75 - [STDERR_REDIRECT] 
2026-05-04 11:25:52,158 [ERROR] LogOutputStream:75 - [STDERR_REDIRECT] [Fatal Error] :1:1: Premature end of file.
2026-05-04 11:25:52,159 [ERROR] LogOutputStream:75 - [STDERR_REDIRECT] 
2026-05-04 11:25:53,199 [ERROR] LogOutputStream:75 - [STDERR_REDIRECT] [Fatal Error] :1:1: Premature end of file.
2026-05-04 11:25:53,200 [ERROR] LogOutputStream:75 - [STDERR_REDIRECT] 
2026-05-04 11:25:54,154 [ERROR] LogOutputStream:75 - [STDERR_REDIRECT] [Fatal Error] :1:1: Premature end of file.
2026-05-04 11:25:54,154 [ERROR] LogOutputStream:75 - [STDERR_REDIRECT] 
2026-05-04 11:25:55,170 [ERROR] LogOutputStream:75 - [STDERR_REDIRECT] [Fatal Error] :1:1: Premature end of file.
2026-05-04 11:25:55,171 [ERROR] LogOutputStream:75 - [STDERR_REDIRECT] 
2026-05-04 11:25:56,170 [ERROR] LogOutputStream:75 - [STDERR_REDIRECT] [Fatal Error] :1:1: Premature end of file.
2026-05-04 11:25:56,171 [ERROR] LogOutputStream:75 - [STDERR_REDIRECT] 
2026-05-04 11:25:57,182 [ERROR] LogOutputStream:75 - [STDERR_REDIRECT] [Fatal Error] :1:1: Premature end of file.
2026-05-04 11:25:57,183 [ERROR] LogOutputStream:75 - [STDERR_REDIRECT] 
2026-05-04 11:25:58,167 [ERROR] LogOutputStream:75 - [STDERR_REDIRECT] [Fatal Error] :1:1: Premature end of file.
2026-05-04 11:25:58,167 [ERROR] LogOutputStream:75 - [STDERR_REDIRECT] 
2026-05-04 11:25:59,158 [ERROR] LogOutputStream:75 - [STDERR_REDIRECT] [Fatal Error] :1:1: Premature end of file.
2026-05-04 11:25:59,158 [ERROR] LogOutputStream:75 - [STDERR_REDIRECT] 
2026-05-04 11:26:00,164 [ERROR] LogOutputStream:75 - [STDERR_REDIRECT] [Fatal Error] :1:1: Premature end of file.
2026-05-04 11:26:00,164 [ERROR] LogOutputStream:75 - [STDERR_REDIRECT] 
2026-05-04 11:26:01,200 [ERROR] LogOutputStream:75 - [STDERR_REDIRECT] [Fatal Error] :1:1: Premature end of file.
2026-05-04 11:26:01,200 [ERROR] LogOutputStream:75 - [STDERR_REDIRECT] 
2026-05-04 11:26:02,225 [ERROR] LogOutputStream:75 - [STDERR_REDIRECT] [Fatal Error] :1:1: Premature end of file.
2026-05-04 11:26:02,226 [ERROR] LogOutputStream:75 - [STDERR_REDIRECT] 
2026-05-04 11:26:03,156 [ERROR] LogOutputStream:75 - [STDERR_REDIRECT] [Fatal Error] :1:1: Premature end of file.
2026-05-04 11:26:03,158 [ERROR] LogOutputStream:75 - [STDERR_REDIRECT] 
2026-05-04 11:26:04,179 [ERROR] LogOutputStream:75 - [STDERR_REDIRECT] [Fatal Error] :1:1: Premature end of file.
2026-05-04 11:26:04,179 [ERROR] LogOutputStream:75 - [STDERR_REDIRECT] 
2026-05-04 11:26:05,167 [ERROR] LogOutputStream:75 - [STDERR_REDIRECT] [Fatal Error] :1:1: Premature end of file.
2026-05-04 11:26:05,168 [ERROR] LogOutputStream:75 - [STDERR_REDIRECT] 
2026-05-04 11:26:06,167 [ERROR] LogOutputStream:75 - [STDERR_REDIRECT] [Fatal Error] :1:1: Premature end of file.
2026-05-04 11:26:06,169 [ERROR] LogOutputStream:75 - [STDERR_REDIRECT] 
2026-05-04 11:26:07,166 [ERROR] LogOutputStream:75 - [STDERR_REDIRECT] [Fatal Error] :1:1: Premature end of file.
2026-05-04 11:26:07,167 [ERROR] LogOutputStream:75 - [STDERR_REDIRECT] 
2026-05-04 11:26:08,166 [ERROR] LogOutputStream:75 - [STDERR_REDIRECT] [Fatal Error] :1:1: Premature end of file.
2026-05-04 11:26:08,167 [ERROR] LogOutputStream:75 - [STDERR_REDIRECT] 
2026-05-04 11:26:09,154 [ERROR] LogOutputStream:75 - [STDERR_REDIRECT] [Fatal Error] :1:1: Premature end of file.
2026-05-04 11:26:09,156 [ERROR] LogOutputStream:75 - [STDERR_REDIRECT] 
2026-05-04 11:26:10,169 [ERROR] LogOutputStream:75 - [STDERR_REDIRECT] [Fatal Error] :1:1: Premature end of file.
2026-05-04 11:26:10,170 [ERROR] LogOutputStream:75 - [STDERR_REDIRECT] 
2026-05-04 11:26:11,186 [ERROR] LogOutputStream:75 - [STDERR_REDIRECT] [Fatal Error] :1:1: Premature end of file.
2026-05-04 11:26:11,187 [ERROR] LogOutputStream:75 - [STDERR_REDIRECT] 
2026-05-04 11:26:12,165 [ERROR] LogOutputStream:75 - [STDERR_REDIRECT] [Fatal Error] :1:1: Premature end of file.
2026-05-04 11:26:12,166 [ERROR] LogOutputStream:75 - [STDERR_REDIRECT] 
2026-05-04 11:26:13,184 [ERROR] LogOutputStream:75 - [STDERR_REDIRECT] [Fatal Error] :1:1: Premature end of file.
2026-05-04 11:26:13,185 [ERROR] LogOutputStream:75 - [STDERR_REDIRECT] 
2026-05-04 11:26:14,195 [ERROR] LogOutputStream:75 - [STDERR_REDIRECT] [Fatal Error] :1:1: Premature end of file.
2026-05-04 11:26:14,196 [ERROR] LogOutputStream:75 - [STDERR_REDIRECT] 
2026-05-04 11:26:15,183 [ERROR] LogOutputStream:75 - [STDERR_REDIRECT] [Fatal Error] :1:1: Premature end of file.
2026-05-04 11:26:15,184 [ERROR] LogOutputStream:75 - [STDERR_REDIRECT] 
2026-05-04 11:26:16,166 [ERROR] LogOutputStream:75 - [STDERR_REDIRECT] [Fatal Error] :1:1: Premature end of file.
2026-05-04 11:26:16,168 [ERROR] LogOutputStream:75 - [STDERR_REDIRECT] 
2026-05-04 11:26:17,193 [ERROR] LogOutputStream:75 - [STDERR_REDIRECT] [Fatal Error] :1:1: Premature end of file.
2026-05-04 11:26:17,194 [ERROR] LogOutputStream:75 - [STDERR_REDIRECT] 
2026-05-04 11:26:18,156 [ERROR] LogOutputStream:75 - [STDERR_REDIRECT] [Fatal Error] :1:1: Premature end of file.
2026-05-04 11:26:18,157 [ERROR] LogOutputStream:75 - [STDERR_REDIRECT] 
2026-05-04 11:26:19,177 [ERROR] LogOutputStream:75 - [STDERR_REDIRECT] [Fatal Error] :1:1: Premature end of file.
2026-05-04 11:26:19,177 [ERROR] LogOutputStream:75 - [STDERR_REDIRECT] 
2026-05-04 11:26:20,197 [ERROR] LogOutputStream:75 - [STDERR_REDIRECT] [Fatal Error] :1:1: Premature end of file.
2026-05-04 11:26:20,198 [ERROR] LogOutputStream:75 - [STDERR_REDIRECT] 
2026-05-04 11:26:21,155 [ERROR] LogOutputStream:75 - [STDERR_REDIRECT] [Fatal Error] :1:1: Premature end of file.
2026-05-04 11:26:21,156 [ERROR] LogOutputStream:75 - [STDERR_REDIRECT] 
2026-05-04 11:26:22,169 [ERROR] LogOutputStream:75 - [STDERR_REDIRECT] [Fatal Error] :1:1: Premature end of file.
2026-05-04 11:26:22,170 [ERROR] LogOutputStream:75 - [STDERR_REDIRECT] 
2026-05-04 11:26:23,167 [ERROR] LogOutputStream:75 - [STDERR_REDIRECT] [Fatal Error] :1:1: Premature end of file.
2026-05-04 11:26:23,169 [ERROR] LogOutputStream:75 - [STDERR_REDIRECT] 
2026-05-04 11:26:24,204 [ERROR] LogOutputStream:75 - [STDERR_REDIRECT] [Fatal Error] :1:1: Premature end of file.
2026-05-04 11:26:24,205 [ERROR] LogOutputStream:75 - [STDERR_REDIRECT] 
2026-05-04 11:26:25,155 [ERROR] LogOutputStream:75 - [STDERR_REDIRECT] [Fatal Error] :1:1: Premature end of file.
2026-05-04 11:26:25,155 [ERROR] LogOutputStream:75 - [STDERR_REDIRECT] 
2026-05-04 11:26:26,159 [ERROR] LogOutputStream:75 - [STDERR_REDIRECT] [Fatal Error] :1:1: Premature end of file.
2026-05-04 11:26:26,160 [ERROR] LogOutputStream:75 - [STDERR_REDIRECT] 
2026-05-04 11:26:27,149 [ERROR] LogOutputStream:75 - [STDERR_REDIRECT] [Fatal Error] :1:1: Premature end of file.
2026-05-04 11:26:27,150 [ERROR] LogOutputStream:75 - [STDERR_REDIRECT] 
2026-05-04 11:26:28,157 [ERROR] LogOutputStream:75 - [STDERR_REDIRECT] [Fatal Error] :1:1: Premature end of file.
2026-05-04 11:26:28,158 [ERROR] LogOutputStream:75 - [STDERR_REDIRECT] 
2026-05-04 11:26:29,180 [ERROR] LogOutputStream:75 - [STDERR_REDIRECT] [Fatal Error] :1:1: Premature end of file.
2026-05-04 11:26:29,181 [ERROR] LogOutputStream:75 - [STDERR_REDIRECT] 
2026-05-04 11:26:30,168 [ERROR] LogOutputStream:75 - [STDERR_REDIRECT] [Fatal Error] :1:1: Premature end of file.
2026-05-04 11:26:30,169 [ERROR] LogOutputStream:75 - [STDERR_REDIRECT] 
2026-05-04 11:26:31,169 [ERROR] LogOutputStream:75 - [STDERR_REDIRECT] [Fatal Error] :1:1: Premature end of file.
2026-05-04 11:26:31,170 [ERROR] LogOutputStream:75 - [STDERR_REDIRECT] 
2026-05-04 11:26:32,162 [ERROR] LogOutputStream:75 - [STDERR_REDIRECT] [Fatal Error] :1:1: Premature end of file.
2026-05-04 11:26:32,163 [ERROR] LogOutputStream:75 - [STDERR_REDIRECT] 
2026-05-04 11:26:33,178 [ERROR] LogOutputStream:75 - [STDERR_REDIRECT] [Fatal Error] :1:1: Premature end of file.
2026-05-04 11:26:33,180 [ERROR] LogOutputStream:75 - [STDERR_REDIRECT] 
2026-05-04 11:26:34,171 [ERROR] LogOutputStream:75 - [STDERR_REDIRECT] [Fatal Error] :1:1: Premature end of file.
2026-05-04 11:26:34,173 [ERROR] LogOutputStream:75 - [STDERR_REDIRECT] 
2026-05-04 11:26:35,209 [ERROR] LogOutputStream:75 - [STDERR_REDIRECT] [Fatal Error] :1:1: Premature end of file.
2026-05-04 11:26:35,209 [ERROR] LogOutputStream:75 - [STDERR_REDIRECT] 
2026-05-04 11:26:36,311 [ERROR] LogOutputStream:75 - [STDERR_REDIRECT] [Fatal Error] :1:1: Premature end of file.
2026-05-04 11:26:36,313 [ERROR] LogOutputStream:75 - [STDERR_REDIRECT] 
2026-05-04 11:26:37,333 [ERROR] LogOutputStream:75 - [STDERR_REDIRECT] [Fatal Error] :1:1: Premature end of file.
2026-05-04 11:26:37,334 [ERROR] LogOutputStream:75 - [STDERR_REDIRECT] 
2026-05-04 11:26:38,173 [ERROR] LogOutputStream:75 - [STDERR_REDIRECT] [Fatal Error] :1:1: Premature end of file.
2026-05-04 11:26:38,174 [ERROR] LogOutputStream:75 - [STDERR_REDIRECT] 
2026-05-04 11:26:39,209 [ERROR] LogOutputStream:75 - [STDERR_REDIRECT] [Fatal Error] :1:1: Premature end of file.
2026-05-04 11:26:39,209 [ERROR] LogOutputStream:75 - [STDERR_REDIRECT] 
2026-05-04 11:26:40,182 [ERROR] LogOutputStream:75 - [STDERR_REDIRECT] [Fatal Error] :1:1: Premature end of file.
2026-05-04 11:26:40,182 [ERROR] LogOutputStream:75 - [STDERR_REDIRECT] 
2026-05-04 11:26:41,177 [ERROR] LogOutputStream:75 - [STDERR_REDIRECT] [Fatal Error] :1:1: Premature end of file.
2026-05-04 11:26:41,178 [ERROR] LogOutputStream:75 - [STDERR_REDIRECT] 
2026-05-04 11:26:42,182 [ERROR] LogOutputStream:75 - [STDERR_REDIRECT] [Fatal Error] :1:1: Premature end of file.
2026-05-04 11:26:42,182 [ERROR] LogOutputStream:75 - [STDERR_REDIRECT] 
2026-05-04 11:26:43,166 [ERROR] LogOutputStream:75 - [STDERR_REDIRECT] [Fatal Error] :1:1: Premature end of file.
2026-05-04 11:26:43,166 [ERROR] LogOutputStream:75 - [STDERR_REDIRECT] 
2026-05-04 11:26:44,185 [ERROR] LogOutputStream:75 - [STDERR_REDIRECT] [Fatal Error] :1:1: Premature end of file.
2026-05-04 11:26:44,186 [ERROR] LogOutputStream:75 - [STDERR_REDIRECT] 
2026-05-04 11:26:45,160 [ERROR] LogOutputStream:75 - [STDERR_REDIRECT] [Fatal Error] :1:1: Premature end of file.
2026-05-04 11:26:45,160 [ERROR] LogOutputStream:75 - [STDERR_REDIRECT] 
2026-05-04 11:26:46,153 [ERROR] LogOutputStream:75 - [STDERR_REDIRECT] [Fatal Error] :1:1: Premature end of file.
2026-05-04 11:26:46,153 [ERROR] LogOutputStream:75 - [STDERR_REDIRECT] 
2026-05-04 11:26:47,201 [ERROR] LogOutputStream:75 - [STDERR_REDIRECT] [Fatal Error] :1:1: Premature end of file.
2026-05-04 11:26:47,201 [ERROR] LogOutputStream:75 - [STDERR_REDIRECT] 
2026-05-04 11:26:48,160 [ERROR] LogOutputStream:75 - [STDERR_REDIRECT] [Fatal Error] :1:1: Premature end of file.
2026-05-04 11:26:48,160 [ERROR] LogOutputStream:75 - [STDERR_REDIRECT] 
2026-05-04 11:26:49,191 [ERROR] LogOutputStream:75 - [STDERR_REDIRECT] [Fatal Error] :1:1: Premature end of file.
2026-05-04 11:26:49,192 [ERROR] LogOutputStream:75 - [STDERR_REDIRECT] 
2026-05-04 11:26:50,203 [ERROR] LogOutputStream:75 - [STDERR_REDIRECT] [Fatal Error] :1:1: Premature end of file.
2026-05-04 11:26:50,204 [ERROR] LogOutputStream:75 - [STDERR_REDIRECT] 
2026-05-04 11:26:51,202 [ERROR] LogOutputStream:75 - [STDERR_REDIRECT] [Fatal Error] :1:1: Premature end of file.
2026-05-04 11:26:51,202 [ERROR] LogOutputStream:75 - [STDERR_REDIRECT] 
2026-05-04 11:26:52,171 [ERROR] LogOutputStream:75 - [STDERR_REDIRECT] [Fatal Error] :1:1: Premature end of file.
2026-05-04 11:26:52,172 [ERROR] LogOutputStream:75 - [STDERR_REDIRECT] 
2026-05-04 11:26:53,159 [ERROR] LogOutputStream:75 - [STDERR_REDIRECT] [Fatal Error] :1:1: Premature end of file.
2026-05-04 11:26:53,159 [ERROR] LogOutputStream:75 - [STDERR_REDIRECT] 
2026-05-04 11:26:54,206 [ERROR] LogOutputStream:75 - [STDERR_REDIRECT] [Fatal Error] :1:1: Premature end of file.
2026-05-04 11:26:54,206 [ERROR] LogOutputStream:75 - [STDERR_REDIRECT] 
2026-05-04 11:26:55,160 [ERROR] LogOutputStream:75 - [STDERR_REDIRECT] [Fatal Error] :1:1: Premature end of file.
2026-05-04 11:26:55,160 [ERROR] LogOutputStream:75 - [STDERR_REDIRECT] 
2026-05-04 11:26:56,172 [ERROR] LogOutputStream:75 - [STDERR_REDIRECT] [Fatal Error] :1:1: Premature end of file.
2026-05-04 11:26:56,173 [ERROR] LogOutputStream:75 - [STDERR_REDIRECT] 
2026-05-04 11:26:57,176 [ERROR] LogOutputStream:75 - [STDERR_REDIRECT] [Fatal Error] :1:1: Premature end of file.
2026-05-04 11:26:57,176 [ERROR] LogOutputStream:75 - [STDERR_REDIRECT] 
2026-05-04 11:26:58,163 [ERROR] LogOutputStream:75 - [STDERR_REDIRECT] [Fatal Error] :1:1: Premature end of file.
2026-05-04 11:26:58,164 [ERROR] LogOutputStream:75 - [STDERR_REDIRECT] 
2026-05-04 11:26:59,168 [ERROR] LogOutputStream:75 - [STDERR_REDIRECT] [Fatal Error] :1:1: Premature end of file.
2026-05-04 11:26:59,169 [ERROR] LogOutputStream:75 - [STDERR_REDIRECT] 
2026-05-04 11:27:00,190 [ERROR] LogOutputStream:75 - [STDERR_REDIRECT] [Fatal Error] :1:1: Premature end of file.
2026-05-04 11:27:00,191 [ERROR] LogOutputStream:75 - [STDERR_REDIRECT] 
2026-05-04 11:27:01,171 [ERROR] LogOutputStream:75 - [STDERR_REDIRECT] [Fatal Error] :1:1: Premature end of file.
2026-05-04 11:27:01,172 [ERROR] LogOutputStream:75 - [STDERR_REDIRECT] 
2026-05-04 11:27:02,191 [ERROR] LogOutputStream:75 - [STDERR_REDIRECT] [Fatal Error] :1:1: Premature end of file.
2026-05-04 11:27:02,195 [ERROR] LogOutputStream:75 - [STDERR_REDIRECT] 
2026-05-04 11:27:03,185 [ERROR] LogOutputStream:75 - [STDERR_REDIRECT] [Fatal Error] :1:1: Premature end of file.
2026-05-04 11:27:03,186 [ERROR] LogOutputStream:75 - [STDERR_REDIRECT] 
2026-05-04 11:27:04,165 [ERROR] LogOutputStream:75 - [STDERR_REDIRECT] [Fatal Error] :1:1: Premature end of file.
2026-05-04 11:27:04,166 [ERROR] LogOutputStream:75 - [STDERR_REDIRECT] 
2026-05-04 11:27:05,174 [ERROR] LogOutputStream:75 - [STDERR_REDIRECT] [Fatal Error] :1:1: Premature end of file.
2026-05-04 11:27:05,175 [ERROR] LogOutputStream:75 - [STDERR_REDIRECT] 
2026-05-04 11:27:06,165 [ERROR] LogOutputStream:75 - [STDERR_REDIRECT] [Fatal Error] :1:1: Premature end of file.
2026-05-04 11:27:06,165 [ERROR] LogOutputStream:75 - [STDERR_REDIRECT] 
2026-05-04 11:27:07,209 [ERROR] LogOutputStream:75 - [STDERR_REDIRECT] [Fatal Error] :1:1: Premature end of file.
2026-05-04 11:27:07,211 [ERROR] LogOutputStream:75 - [STDERR_REDIRECT] 
2026-05-04 11:27:08,175 [ERROR] LogOutputStream:75 - [STDERR_REDIRECT] [Fatal Error] :1:1: Premature end of file.
2026-05-04 11:27:08,176 [ERROR] LogOutputStream:75 - [STDERR_REDIRECT] 
2026-05-04 11:27:09,204 [ERROR] LogOutputStream:75 - [STDERR_REDIRECT] [Fatal Error] :1:1: Premature end of file.
2026-05-04 11:27:09,204 [ERROR] LogOutputStream:75 - [STDERR_REDIRECT] 
2026-05-04 11:27:10,175 [ERROR] LogOutputStream:75 - [STDERR_REDIRECT] [Fatal Error] :1:1: Premature end of file.
2026-05-04 11:27:10,176 [ERROR] LogOutputStream:75 - [STDERR_REDIRECT] 
2026-05-04 11:27:11,190 [ERROR] LogOutputStream:75 - [STDERR_REDIRECT] [Fatal Error] :1:1: Premature end of file.
2026-05-04 11:27:11,191 [ERROR] LogOutputStream:75 - [STDERR_REDIRECT] 
2026-05-04 11:27:12,185 [ERROR] LogOutputStream:75 - [STDERR_REDIRECT] [Fatal Error] :1:1: Premature end of file.
2026-05-04 11:27:12,185 [ERROR] LogOutputStream:75 - [STDERR_REDIRECT] 
2026-05-04 11:27:13,185 [ERROR] LogOutputStream:75 - [STDERR_REDIRECT] [Fatal Error] :1:1: Premature end of file.
2026-05-04 11:27:13,186 [ERROR] LogOutputStream:75 - [STDERR_REDIRECT] 
2026-05-04 11:27:14,162 [ERROR] LogOutputStream:75 - [STDERR_REDIRECT] [Fatal Error] :1:1: Premature end of file.
2026-05-04 11:27:14,162 [ERROR] LogOutputStream:75 - [STDERR_REDIRECT] 
2026-05-04 11:27:15,169 [ERROR] LogOutputStream:75 - [STDERR_REDIRECT] [Fatal Error] :1:1: Premature end of file.
2026-05-04 11:27:15,170 [ERROR] LogOutputStream:75 - [STDERR_REDIRECT] 
2026-05-04 11:27:16,160 [ERROR] LogOutputStream:75 - [STDERR_REDIRECT] [Fatal Error] :1:1: Premature end of file.
2026-05-04 11:27:16,161 [ERROR] LogOutputStream:75 - [STDERR_REDIRECT] 
2026-05-04 11:27:17,192 [ERROR] LogOutputStream:75 - [STDERR_REDIRECT] [Fatal Error] :1:1: Premature end of file.
2026-05-04 11:27:17,194 [ERROR] LogOutputStream:75 - [STDERR_REDIRECT] 
2026-05-04 11:27:18,175 [ERROR] LogOutputStream:75 - [STDERR_REDIRECT] [Fatal Error] :1:1: Premature end of file.
2026-05-04 11:27:18,175 [ERROR] LogOutputStream:75 - [STDERR_REDIRECT] 
2026-05-04 11:27:19,174 [ERROR] LogOutputStream:75 - [STDERR_REDIRECT] [Fatal Error] :1:1: Premature end of file.
2026-05-04 11:27:19,174 [ERROR] LogOutputStream:75 - [STDERR_REDIRECT] 
2026-05-04 11:27:20,206 [ERROR] LogOutputStream:75 - [STDERR_REDIRECT] [Fatal Error] :1:1: Premature end of file.
2026-05-04 11:27:20,207 [ERROR] LogOutputStream:75 - [STDERR_REDIRECT] 
2026-05-04 11:27:21,193 [ERROR] LogOutputStream:75 - [STDERR_REDIRECT] [Fatal Error] :1:1: Premature end of file.
2026-05-04 11:27:21,194 [ERROR] LogOutputStream:75 - [STDERR_REDIRECT] 
2026-05-04 11:27:22,185 [ERROR] LogOutputStream:75 - [STDERR_REDIRECT] [Fatal Error] :1:1: Premature end of file.
2026-05-04 11:27:22,186 [ERROR] LogOutputStream:75 - [STDERR_REDIRECT] 
2026-05-04 11:27:23,194 [ERROR] LogOutputStream:75 - [STDERR_REDIRECT] [Fatal Error] :1:1: Premature end of file.
2026-05-04 11:27:23,195 [ERROR] LogOutputStream:75 - [STDERR_REDIRECT] 
2026-05-04 11:27:24,192 [ERROR] LogOutputStream:75 - [STDERR_REDIRECT] [Fatal Error] :1:1: Premature end of file.
2026-05-04 11:27:24,193 [ERROR] LogOutputStream:75 - [STDERR_REDIRECT] 
2026-05-04 11:27:25,171 [ERROR] LogOutputStream:75 - [STDERR_REDIRECT] [Fatal Error] :1:1: Premature end of file.
2026-05-04 11:27:25,172 [ERROR] LogOutputStream:75 - [STDERR_REDIRECT] 
2026-05-04 11:27:26,175 [ERROR] LogOutputStream:75 - [STDERR_REDIRECT] [Fatal Error] :1:1: Premature end of file.
2026-05-04 11:27:26,175 [ERROR] LogOutputStream:75 - [STDERR_REDIRECT] 
2026-05-04 11:27:27,177 [ERROR] LogOutputStream:75 - [STDERR_REDIRECT] [Fatal Error] :1:1: Premature end of file.
2026-05-04 11:27:27,179 [ERROR] LogOutputStream:75 - [STDERR_REDIRECT] 
2026-05-04 11:27:28,207 [ERROR] LogOutputStream:75 - [STDERR_REDIRECT] [Fatal Error] :1:1: Premature end of file.
2026-05-04 11:27:28,208 [ERROR] LogOutputStream:75 - [STDERR_REDIRECT] 
2026-05-04 11:27:29,169 [ERROR] LogOutputStream:75 - [STDERR_REDIRECT] [Fatal Error] :1:1: Premature end of file.
2026-05-04 11:27:29,170 [ERROR] LogOutputStream:75 - [STDERR_REDIRECT] 
2026-05-04 11:27:30,175 [ERROR] LogOutputStream:75 - [STDERR_REDIRECT] [Fatal Error] :1:1: Premature end of file.
2026-05-04 11:27:30,176 [ERROR] LogOutputStream:75 - [STDERR_REDIRECT] 
2026-05-04 11:27:31,163 [ERROR] LogOutputStream:75 - [STDERR_REDIRECT] [Fatal Error] :1:1: Premature end of file.
2026-05-04 11:27:31,164 [ERROR] LogOutputStream:75 - [STDERR_REDIRECT] 
2026-05-04 11:27:32,161 [ERROR] LogOutputStream:75 - [STDERR_REDIRECT] [Fatal Error] :1:1: Premature end of file.
2026-05-04 11:27:32,162 [ERROR] LogOutputStream:75 - [STDERR_REDIRECT] 
2026-05-04 11:27:33,196 [ERROR] LogOutputStream:75 - [STDERR_REDIRECT] [Fatal Error] :1:1: Premature end of file.
2026-05-04 11:27:33,198 [ERROR] LogOutputStream:75 - [STDERR_REDIRECT] 
2026-05-04 11:27:34,162 [ERROR] LogOutputStream:75 - [STDERR_REDIRECT] [Fatal Error] :1:1: Premature end of file.
2026-05-04 11:27:34,163 [ERROR] LogOutputStream:75 - [STDERR_REDIRECT] 
2026-05-04 11:27:35,167 [ERROR] LogOutputStream:75 - [STDERR_REDIRECT] [Fatal Error] :1:1: Premature end of file.
2026-05-04 11:27:35,168 [ERROR] LogOutputStream:75 - [STDERR_REDIRECT] 
2026-05-04 11:27:36,165 [ERROR] LogOutputStream:75 - [STDERR_REDIRECT] [Fatal Error] :1:1: Premature end of file.
2026-05-04 11:27:36,166 [ERROR] LogOutputStream:75 - [STDERR_REDIRECT] 
2026-05-04 11:27:37,162 [ERROR] LogOutputStream:75 - [STDERR_REDIRECT] [Fatal Error] :1:1: Premature end of file.
2026-05-04 11:27:37,163 [ERROR] LogOutputStream:75 - [STDERR_REDIRECT] 
2026-05-04 11:27:38,223 [ERROR] LogOutputStream:75 - [STDERR_REDIRECT] [Fatal Error] :1:1: Premature end of file.
2026-05-04 11:27:38,224 [ERROR] LogOutputStream:75 - [STDERR_REDIRECT] 
2026-05-04 11:27:39,186 [ERROR] LogOutputStream:75 - [STDERR_REDIRECT] [Fatal Error] :1:1: Premature end of file.
2026-05-04 11:27:39,187 [ERROR] LogOutputStream:75 - [STDERR_REDIRECT] 
2026-05-04 11:27:40,157 [ERROR] LogOutputStream:75 - [STDERR_REDIRECT] [Fatal Error] :1:1: Premature end of file.
2026-05-04 11:27:40,157 [ERROR] LogOutputStream:75 - [STDERR_REDIRECT] 
2026-05-04 11:27:41,188 [ERROR] LogOutputStream:75 - [STDERR_REDIRECT] [Fatal Error] :1:1: Premature end of file.
2026-05-04 11:27:41,189 [ERROR] LogOutputStream:75 - [STDERR_REDIRECT] 
2026-05-04 11:27:42,154 [ERROR] LogOutputStream:75 - [STDERR_REDIRECT] [Fatal Error] :1:1: Premature end of file.
2026-05-04 11:27:42,154 [ERROR] LogOutputStream:75 - [STDERR_REDIRECT] 
2026-05-04 11:27:43,156 [ERROR] LogOutputStream:75 - [STDERR_REDIRECT] [Fatal Error] :1:1: Premature end of file.
2026-05-04 11:27:43,156 [ERROR] LogOutputStream:75 - [STDERR_REDIRECT] 
2026-05-04 11:27:44,165 [ERROR] LogOutputStream:75 - [STDERR_REDIRECT] [Fatal Error] :1:1: Premature end of file.
2026-05-04 11:27:44,165 [ERROR] LogOutputStream:75 - [STDERR_REDIRECT] 
2026-05-04 11:27:45,163 [ERROR] LogOutputStream:75 - [STDERR_REDIRECT] [Fatal Error] :1:1: Premature end of file.
2026-05-04 11:27:45,164 [ERROR] LogOutputStream:75 - [STDERR_REDIRECT] 
2026-05-04 11:27:46,166 [ERROR] LogOutputStream:75 - [STDERR_REDIRECT] [Fatal Error] :1:1: Premature end of file.
2026-05-04 11:27:46,167 [ERROR] LogOutputStream:75 - [STDERR_REDIRECT] 
2026-05-04 11:27:47,152 [ERROR] LogOutputStream:75 - [STDERR_REDIRECT] [Fatal Error] :1:1: Premature end of file.
2026-05-04 11:27:47,152 [ERROR] LogOutputStream:75 - [STDERR_REDIRECT] 
2026-05-04 11:27:48,170 [ERROR] LogOutputStream:75 - [STDERR_REDIRECT] [Fatal Error] :1:1: Premature end of file.
2026-05-04 11:27:48,170 [ERROR] LogOutputStream:75 - [STDERR_REDIRECT] 
2026-05-04 11:27:49,179 [ERROR] LogOutputStream:75 - [STDERR_REDIRECT] [Fatal Error] :1:1: Premature end of file.
2026-05-04 11:27:49,180 [ERROR] LogOutputStream:75 - [STDERR_REDIRECT] 
2026-05-04 11:27:50,148 [ERROR] LogOutputStream:75 - [STDERR_REDIRECT] [Fatal Error] :1:1: Premature end of file.
2026-05-04 11:27:50,150 [ERROR] LogOutputStream:75 - [STDERR_REDIRECT] 
2026-05-04 11:27:51,168 [ERROR] LogOutputStream:75 - [STDERR_REDIRECT] [Fatal Error] :1:1: Premature end of file.
2026-05-04 11:27:51,168 [ERROR] LogOutputStream:75 - [STDERR_REDIRECT] 
2026-05-04 11:27:52,165 [ERROR] LogOutputStream:75 - [STDERR_REDIRECT] [Fatal Error] :1:1: Premature end of file.
2026-05-04 11:27:52,166 [ERROR] LogOutputStream:75 - [STDERR_REDIRECT] 
2026-05-04 11:27:53,171 [ERROR] LogOutputStream:75 - [STDERR_REDIRECT] [Fatal Error] :1:1: Premature end of file.
2026-05-04 11:27:53,171 [ERROR] LogOutputStream:75 - [STDERR_REDIRECT] 
2026-05-04 11:27:54,174 [ERROR] LogOutputStream:75 - [STDERR_REDIRECT] [Fatal Error] :1:1: Premature end of file.
2026-05-04 11:27:54,175 [ERROR] LogOutputStream:75 - [STDERR_REDIRECT] 
2026-05-04 11:27:55,180 [ERROR] LogOutputStream:75 - [STDERR_REDIRECT] [Fatal Error] :1:1: Premature end of file.
2026-05-04 11:27:55,181 [ERROR] LogOutputStream:75 - [STDERR_REDIRECT] 
2026-05-04 11:27:56,164 [ERROR] LogOutputStream:75 - [STDERR_REDIRECT] [Fatal Error] :1:1: Premature end of file.
2026-05-04 11:27:56,164 [ERROR] LogOutputStream:75 - [STDERR_REDIRECT] 
2026-05-04 11:27:57,169 [ERROR] LogOutputStream:75 - [STDERR_REDIRECT] [Fatal Error] :1:1: Premature end of file.
2026-05-04 11:27:57,170 [ERROR] LogOutputStream:75 - [STDERR_REDIRECT] 
2026-05-04 11:27:58,155 [ERROR] LogOutputStream:75 - [STDERR_REDIRECT] [Fatal Error] :1:1: Premature end of file.
2026-05-04 11:27:58,156 [ERROR] LogOutputStream:75 - [STDERR_REDIRECT] 
2026-05-04 11:27:59,173 [ERROR] LogOutputStream:75 - [STDERR_REDIRECT] [Fatal Error] :1:1: Premature end of file.
2026-05-04 11:27:59,174 [ERROR] LogOutputStream:75 - [STDERR_REDIRECT] 
2026-05-04 11:28:00,146 [ERROR] LogOutputStream:75 - [STDERR_REDIRECT] [Fatal Error] :1:1: Premature end of file.
2026-05-04 11:28:00,147 [ERROR] LogOutputStream:75 - [STDERR_REDIRECT] 
2026-05-04 11:28:01,175 [ERROR] LogOutputStream:75 - [STDERR_REDIRECT] [Fatal Error] :1:1: Premature end of file.
2026-05-04 11:28:01,176 [ERROR] LogOutputStream:75 - [STDERR_REDIRECT] 
2026-05-04 11:28:02,147 [ERROR] LogOutputStream:75 - [STDERR_REDIRECT] [Fatal Error] :1:1: Premature end of file.
2026-05-04 11:28:02,147 [ERROR] LogOutputStream:75 - [STDERR_REDIRECT] 
2026-05-04 11:28:03,197 [ERROR] LogOutputStream:75 - [STDERR_REDIRECT] [Fatal Error] :1:1: Premature end of file.
2026-05-04 11:28:03,198 [ERROR] LogOutputStream:75 - [STDERR_REDIRECT] 
2026-05-04 11:28:04,159 [ERROR] LogOutputStream:75 - [STDERR_REDIRECT] [Fatal Error] :1:1: Premature end of file.
2026-05-04 11:28:04,160 [ERROR] LogOutputStream:75 - [STDERR_REDIRECT] 
2026-05-04 11:28:05,166 [ERROR] LogOutputStream:75 - [STDERR_REDIRECT] [Fatal Error] :1:1: Premature end of file.
2026-05-04 11:28:05,166 [ERROR] LogOutputStream:75 - [STDERR_REDIRECT] 
2026-05-04 11:28:06,161 [ERROR] LogOutputStream:75 - [STDERR_REDIRECT] [Fatal Error] :1:1: Premature end of file.
2026-05-04 11:28:06,161 [ERROR] LogOutputStream:75 - [STDERR_REDIRECT] 
2026-05-04 11:28:07,154 [ERROR] LogOutputStream:75 - [STDERR_REDIRECT] [Fatal Error] :1:1: Premature end of file.
2026-05-04 11:28:07,154 [ERROR] LogOutputStream:75 - [STDERR_REDIRECT] 
2026-05-04 11:28:08,155 [ERROR] LogOutputStream:75 - [STDERR_REDIRECT] [Fatal Error] :1:1: Premature end of file.
2026-05-04 11:28:08,155 [ERROR] LogOutputStream:75 - [STDERR_REDIRECT] 
2026-05-04 11:28:09,143 [ERROR] LogOutputStream:75 - [STDERR_REDIRECT] [Fatal Error] :1:1: Premature end of file.
2026-05-04 11:28:09,144 [ERROR] LogOutputStream:75 - [STDERR_REDIRECT] 
2026-05-04 11:28:10,158 [ERROR] LogOutputStream:75 - [STDERR_REDIRECT] [Fatal Error] :1:1: Premature end of file.
2026-05-04 11:28:10,159 [ERROR] LogOutputStream:75 - [STDERR_REDIRECT] 
2026-05-04 11:28:11,156 [ERROR] LogOutputStream:75 - [STDERR_REDIRECT] [Fatal Error] :1:1: Premature end of file.
2026-05-04 11:28:11,157 [ERROR] LogOutputStream:75 - [STDERR_REDIRECT] 
2026-05-04 11:28:12,158 [ERROR] LogOutputStream:75 - [STDERR_REDIRECT] [Fatal Error] :1:1: Premature end of file.
2026-05-04 11:28:12,158 [ERROR] LogOutputStream:75 - [STDERR_REDIRECT] 
2026-05-04 11:28:13,164 [ERROR] LogOutputStream:75 - [STDERR_REDIRECT] [Fatal Error] :1:1: Premature end of file.
2026-05-04 11:28:13,165 [ERROR] LogOutputStream:75 - [STDERR_REDIRECT] 
2026-05-04 11:28:14,162 [ERROR] LogOutputStream:75 - [STDERR_REDIRECT] [Fatal Error] :1:1: Premature end of file.
2026-05-04 11:28:14,162 [ERROR] LogOutputStream:75 - [STDERR_REDIRECT] 
2026-05-04 11:28:15,165 [ERROR] LogOutputStream:75 - [STDERR_REDIRECT] [Fatal Error] :1:1: Premature end of file.
2026-05-04 11:28:15,166 [ERROR] LogOutputStream:75 - [STDERR_REDIRECT] 
2026-05-04 11:28:16,167 [ERROR] LogOutputStream:75 - [STDERR_REDIRECT] [Fatal Error] :1:1: Premature end of file.
2026-05-04 11:28:16,167 [ERROR] LogOutputStream:75 - [STDERR_REDIRECT] 
2026-05-04 11:28:17,163 [ERROR] LogOutputStream:75 - [STDERR_REDIRECT] [Fatal Error] :1:1: Premature end of file.
2026-05-04 11:28:17,164 [ERROR] LogOutputStream:75 - [STDERR_REDIRECT] 
2026-05-04 11:28:18,166 [ERROR] LogOutputStream:75 - [STDERR_REDIRECT] [Fatal Error] :1:1: Premature end of file.
2026-05-04 11:28:18,166 [ERROR] LogOutputStream:75 - [STDERR_REDIRECT] 
2026-05-04 11:28:19,160 [ERROR] LogOutputStream:75 - [STDERR_REDIRECT] [Fatal Error] :1:1: Premature end of file.
2026-05-04 11:28:19,161 [ERROR] LogOutputStream:75 - [STDERR_REDIRECT] 
2026-05-04 11:28:20,166 [ERROR] LogOutputStream:75 - [STDERR_REDIRECT] [Fatal Error] :1:1: Premature end of file.
2026-05-04 11:28:20,166 [ERROR] LogOutputStream:75 - [STDERR_REDIRECT] 
2026-05-04 11:28:21,175 [ERROR] LogOutputStream:75 - [STDERR_REDIRECT] [Fatal Error] :1:1: Premature end of file.
2026-05-04 11:28:21,176 [ERROR] LogOutputStream:75 - [STDERR_REDIRECT] 
2026-05-04 11:28:22,223 [ERROR] LogOutputStream:75 - [STDERR_REDIRECT] [Fatal Error] :1:1: Premature end of file.
2026-05-04 11:28:22,224 [ERROR] LogOutputStream:75 - [STDERR_REDIRECT] 
2026-05-04 11:28:23,201 [ERROR] LogOutputStream:75 - [STDERR_REDIRECT] [Fatal Error] :1:1: Premature end of file.
2026-05-04 11:28:23,202 [ERROR] LogOutputStream:75 - [STDERR_REDIRECT] 
2026-05-04 11:28:24,258 [ERROR] LogOutputStream:75 - [STDERR_REDIRECT] [Fatal Error] :1:1: Premature end of file.
2026-05-04 11:28:24,260 [ERROR] LogOutputStream:75 - [STDERR_REDIRECT] 
2026-05-04 11:28:25,213 [ERROR] LogOutputStream:75 - [STDERR_REDIRECT] [Fatal Error] :1:1: Premature end of file.
2026-05-04 11:28:25,213 [ERROR] LogOutputStream:75 - [STDERR_REDIRECT] 
2026-05-04 11:28:26,183 [ERROR] LogOutputStream:75 - [STDERR_REDIRECT] [Fatal Error] :1:1: Premature end of file.
2026-05-04 11:28:26,185 [ERROR] LogOutputStream:75 - [STDERR_REDIRECT] 
2026-05-04 11:28:27,179 [ERROR] LogOutputStream:75 - [STDERR_REDIRECT] [Fatal Error] :1:1: Premature end of file.
2026-05-04 11:28:27,180 [ERROR] LogOutputStream:75 - [STDERR_REDIRECT] 
2026-05-04 11:28:28,174 [ERROR] LogOutputStream:75 - [STDERR_REDIRECT] [Fatal Error] :1:1: Premature end of file.
2026-05-04 11:28:28,174 [ERROR] LogOutputStream:75 - [STDERR_REDIRECT] 
2026-05-04 11:28:29,181 [ERROR] LogOutputStream:75 - [STDERR_REDIRECT] [Fatal Error] :1:1: Premature end of file.
2026-05-04 11:28:29,181 [ERROR] LogOutputStream:75 - [STDERR_REDIRECT] 
2026-05-04 11:28:30,171 [ERROR] LogOutputStream:75 - [STDERR_REDIRECT] [Fatal Error] :1:1: Premature end of file.
2026-05-04 11:28:30,172 [ERROR] LogOutputStream:75 - [STDERR_REDIRECT] 
2026-05-04 11:28:31,187 [ERROR] LogOutputStream:75 - [STDERR_REDIRECT] [Fatal Error] :1:1: Premature end of file.
2026-05-04 11:28:31,187 [ERROR] LogOutputStream:75 - [STDERR_REDIRECT] 
2026-05-04 11:28:32,173 [ERROR] LogOutputStream:75 - [STDERR_REDIRECT] [Fatal Error] :1:1: Premature end of file.
2026-05-04 11:28:32,173 [ERROR] LogOutputStream:75 - [STDERR_REDIRECT] 
2026-05-04 11:28:33,159 [ERROR] LogOutputStream:75 - [STDERR_REDIRECT] [Fatal Error] :1:1: Premature end of file.
2026-05-04 11:28:33,160 [ERROR] LogOutputStream:75 - [STDERR_REDIRECT] 
2026-05-04 11:28:34,195 [ERROR] LogOutputStream:75 - [STDERR_REDIRECT] [Fatal Error] :1:1: Premature end of file.
2026-05-04 11:28:34,196 [ERROR] LogOutputStream:75 - [STDERR_REDIRECT] 
2026-05-04 11:28:35,158 [ERROR] LogOutputStream:75 - [STDERR_REDIRECT] [Fatal Error] :1:1: Premature end of file.
2026-05-04 11:28:35,159 [ERROR] LogOutputStream:75 - [STDERR_REDIRECT] 
2026-05-04 11:28:36,180 [ERROR] LogOutputStream:75 - [STDERR_REDIRECT] [Fatal Error] :1:1: Premature end of file.
2026-05-04 11:28:36,182 [ERROR] LogOutputStream:75 - [STDERR_REDIRECT] 
2026-05-04 11:28:37,196 [ERROR] LogOutputStream:75 - [STDERR_REDIRECT] [Fatal Error] :1:1: Premature end of file.
2026-05-04 11:28:37,198 [ERROR] LogOutputStream:75 - [STDERR_REDIRECT] 
2026-05-04 11:28:38,171 [ERROR] LogOutputStream:75 - [STDERR_REDIRECT] [Fatal Error] :1:1: Premature end of file.
2026-05-04 11:28:38,172 [ERROR] LogOutputStream:75 - [STDERR_REDIRECT] 
2026-05-04 11:28:39,158 [ERROR] LogOutputStream:75 - [STDERR_REDIRECT] [Fatal Error] :1:1: Premature end of file.
2026-05-04 11:28:39,158 [ERROR] LogOutputStream:75 - [STDERR_REDIRECT] 
2026-05-04 11:28:40,180 [ERROR] LogOutputStream:75 - [STDERR_REDIRECT] [Fatal Error] :1:1: Premature end of file.
2026-05-04 11:28:40,180 [ERROR] LogOutputStream:75 - [STDERR_REDIRECT] 
2026-05-04 11:28:41,162 [ERROR] LogOutputStream:75 - [STDERR_REDIRECT] [Fatal Error] :1:1: Premature end of file.
2026-05-04 11:28:41,162 [ERROR] LogOutputStream:75 - [STDERR_REDIRECT] 
2026-05-04 11:28:42,177 [ERROR] LogOutputStream:75 - [STDERR_REDIRECT] [Fatal Error] :1:1: Premature end of file.
2026-05-04 11:28:42,178 [ERROR] LogOutputStream:75 - [STDERR_REDIRECT] 
2026-05-04 11:28:43,172 [ERROR] LogOutputStream:75 - [STDERR_REDIRECT] [Fatal Error] :1:1: Premature end of file.
2026-05-04 11:28:43,173 [ERROR] LogOutputStream:75 - [STDERR_REDIRECT] 
2026-05-04 11:28:44,172 [ERROR] LogOutputStream:75 - [STDERR_REDIRECT] [Fatal Error] :1:1: Premature end of file.
2026-05-04 11:28:44,173 [ERROR] LogOutputStream:75 - [STDERR_REDIRECT] 
2026-05-04 11:28:45,152 [ERROR] LogOutputStream:75 - [STDERR_REDIRECT] [Fatal Error] :1:1: Premature end of file.
2026-05-04 11:28:45,153 [ERROR] LogOutputStream:75 - [STDERR_REDIRECT] 
2026-05-04 11:28:46,166 [ERROR] LogOutputStream:75 - [STDERR_REDIRECT] [Fatal Error] :1:1: Premature end of file.
2026-05-04 11:28:46,167 [ERROR] LogOutputStream:75 - [STDERR_REDIRECT] 
2026-05-04 11:28:47,168 [ERROR] LogOutputStream:75 - [STDERR_REDIRECT] [Fatal Error] :1:1: Premature end of file.
2026-05-04 11:28:47,169 [ERROR] LogOutputStream:75 - [STDERR_REDIRECT] 
2026-05-04 11:28:48,173 [ERROR] LogOutputStream:75 - [STDERR_REDIRECT] [Fatal Error] :1:1: Premature end of file.
2026-05-04 11:28:48,175 [ERROR] LogOutputStream:75 - [STDERR_REDIRECT] 
2026-05-04 11:28:49,192 [ERROR] LogOutputStream:75 - [STDERR_REDIRECT] [Fatal Error] :1:1: Premature end of file.
2026-05-04 11:28:49,192 [ERROR] LogOutputStream:75 - [STDERR_REDIRECT] 
2026-05-04 11:28:50,142 [ERROR] LogOutputStream:75 - [STDERR_REDIRECT] [Fatal Error] :1:1: Premature end of file.
2026-05-04 11:28:50,142 [ERROR] LogOutputStream:75 - [STDERR_REDIRECT] 
2026-05-04 11:28:51,160 [ERROR] LogOutputStream:75 - [STDERR_REDIRECT] [Fatal Error] :1:1: Premature end of file.
2026-05-04 11:28:51,162 [ERROR] LogOutputStream:75 - [STDERR_REDIRECT] 
2026-05-04 11:28:52,168 [ERROR] LogOutputStream:75 - [STDERR_REDIRECT] [Fatal Error] :1:1: Premature end of file.
2026-05-04 11:28:52,169 [ERROR] LogOutputStream:75 - [STDERR_REDIRECT] 
2026-05-04 11:28:53,155 [ERROR] LogOutputStream:75 - [STDERR_REDIRECT] [Fatal Error] :1:1: Premature end of file.
2026-05-04 11:28:53,155 [ERROR] LogOutputStream:75 - [STDERR_REDIRECT] 
2026-05-04 11:28:54,156 [ERROR] LogOutputStream:75 - [STDERR_REDIRECT] [Fatal Error] :1:1: Premature end of file.
2026-05-04 11:28:54,157 [ERROR] LogOutputStream:75 - [STDERR_REDIRECT] 
2026-05-04 11:28:55,180 [ERROR] LogOutputStream:75 - [STDERR_REDIRECT] [Fatal Error] :1:1: Premature end of file.
2026-05-04 11:28:55,181 [ERROR] LogOutputStream:75 - [STDERR_REDIRECT] 
2026-05-04 11:28:56,165 [ERROR] LogOutputStream:75 - [STDERR_REDIRECT] [Fatal Error] :1:1: Premature end of file.
2026-05-04 11:28:56,169 [ERROR] LogOutputStream:75 - [STDERR_REDIRECT] 
2026-05-04 11:28:57,159 [ERROR] LogOutputStream:75 - [STDERR_REDIRECT] [Fatal Error] :1:1: Premature end of file.
2026-05-04 11:28:57,160 [ERROR] LogOutputStream:75 - [STDERR_REDIRECT] 
2026-05-04 11:28:58,150 [ERROR] LogOutputStream:75 - [STDERR_REDIRECT] [Fatal Error] :1:1: Premature end of file.
2026-05-04 11:28:58,151 [ERROR] LogOutputStream:75 - [STDERR_REDIRECT] 
2026-05-04 11:28:59,147 [ERROR] LogOutputStream:75 - [STDERR_REDIRECT] [Fatal Error] :1:1: Premature end of file.
2026-05-04 11:28:59,147 [ERROR] LogOutputStream:75 - [STDERR_REDIRECT] 
2026-05-04 11:29:00,144 [ERROR] LogOutputStream:75 - [STDERR_REDIRECT] [Fatal Error] :1:1: Premature end of file.
2026-05-04 11:29:00,145 [ERROR] LogOutputStream:75 - [STDERR_REDIRECT] 
2026-05-04 11:29:01,174 [ERROR] LogOutputStream:75 - [STDERR_REDIRECT] [Fatal Error] :1:1: Premature end of file.
2026-05-04 11:29:01,174 [ERROR] LogOutputStream:75 - [STDERR_REDIRECT] 
2026-05-04 11:29:02,168 [ERROR] LogOutputStream:75 - [STDERR_REDIRECT] [Fatal Error] :1:1: Premature end of file.
2026-05-04 11:29:02,169 [ERROR] LogOutputStream:75 - [STDERR_REDIRECT] 
2026-05-04 11:29:03,153 [ERROR] LogOutputStream:75 - [STDERR_REDIRECT] [Fatal Error] :1:1: Premature end of file.
2026-05-04 11:29:03,153 [ERROR] LogOutputStream:75 - [STDERR_REDIRECT] 
2026-05-04 11:29:04,157 [ERROR] LogOutputStream:75 - [STDERR_REDIRECT] [Fatal Error] :1:1: Premature end of file.
2026-05-04 11:29:04,157 [ERROR] LogOutputStream:75 - [STDERR_REDIRECT] 
2026-05-04 11:29:05,180 [ERROR] LogOutputStream:75 - [STDERR_REDIRECT] [Fatal Error] :1:1: Premature end of file.
2026-05-04 11:29:05,180 [ERROR] LogOutputStream:75 - [STDERR_REDIRECT] 
2026-05-04 11:29:06,166 [ERROR] LogOutputStream:75 - [STDERR_REDIRECT] [Fatal Error] :1:1: Premature end of file.
2026-05-04 11:29:06,166 [ERROR] LogOutputStream:75 - [STDERR_REDIRECT] 
2026-05-04 11:29:07,161 [ERROR] LogOutputStream:75 - [STDERR_REDIRECT] [Fatal Error] :1:1: Premature end of file.
2026-05-04 11:29:07,161 [ERROR] LogOutputStream:75 - [STDERR_REDIRECT] 
2026-05-04 11:29:08,156 [ERROR] LogOutputStream:75 - [STDERR_REDIRECT] [Fatal Error] :1:1: Premature end of file.
2026-05-04 11:29:08,157 [ERROR] LogOutputStream:75 - [STDERR_REDIRECT] 
2026-05-04 11:29:09,176 [ERROR] LogOutputStream:75 - [STDERR_REDIRECT] [Fatal Error] :1:1: Premature end of file.
2026-05-04 11:29:09,176 [ERROR] LogOutputStream:75 - [STDERR_REDIRECT] 
2026-05-04 11:29:10,186 [ERROR] LogOutputStream:75 - [STDERR_REDIRECT] [Fatal Error] :1:1: Premature end of file.
2026-05-04 11:29:10,187 [ERROR] LogOutputStream:75 - [STDERR_REDIRECT] 
2026-05-04 11:29:11,170 [ERROR] LogOutputStream:75 - [STDERR_REDIRECT] [Fatal Error] :1:1: Premature end of file.
2026-05-04 11:29:11,171 [ERROR] LogOutputStream:75 - [STDERR_REDIRECT] 
2026-05-04 11:29:12,180 [ERROR] LogOutputStream:75 - [STDERR_REDIRECT] [Fatal Error] :1:1: Premature end of file.
2026-05-04 11:29:12,181 [ERROR] LogOutputStream:75 - [STDERR_REDIRECT] 
2026-05-04 11:29:13,165 [ERROR] LogOutputStream:75 - [STDERR_REDIRECT] [Fatal Error] :1:1: Premature end of file.
2026-05-04 11:29:13,165 [ERROR] LogOutputStream:75 - [STDERR_REDIRECT] 
2026-05-04 11:29:14,147 [ERROR] LogOutputStream:75 - [STDERR_REDIRECT] [Fatal Error] :1:1: Premature end of file.
2026-05-04 11:29:14,147 [ERROR] LogOutputStream:75 - [STDERR_REDIRECT] 
2026-05-04 11:29:15,168 [ERROR] LogOutputStream:75 - [STDERR_REDIRECT] [Fatal Error] :1:1: Premature end of file.
2026-05-04 11:29:15,168 [ERROR] LogOutputStream:75 - [STDERR_REDIRECT] 
2026-05-04 11:29:16,163 [ERROR] LogOutputStream:75 - [STDERR_REDIRECT] [Fatal Error] :1:1: Premature end of file.
2026-05-04 11:29:16,164 [ERROR] LogOutputStream:75 - [STDERR_REDIRECT] 
2026-05-04 11:29:17,163 [ERROR] LogOutputStream:75 - [STDERR_REDIRECT] [Fatal Error] :1:1: Premature end of file.
2026-05-04 11:29:17,163 [ERROR] LogOutputStream:75 - [STDERR_REDIRECT] 
2026-05-04 11:29:18,166 [ERROR] LogOutputStream:75 - [STDERR_REDIRECT] [Fatal Error] :1:1: Premature end of file.
2026-05-04 11:29:18,167 [ERROR] LogOutputStream:75 - [STDERR_REDIRECT] 
2026-05-04 11:29:19,167 [ERROR] LogOutputStream:75 - [STDERR_REDIRECT] [Fatal Error] :1:1: Premature end of file.
2026-05-04 11:29:19,167 [ERROR] LogOutputStream:75 - [STDERR_REDIRECT] 
2026-05-04 11:29:20,154 [ERROR] LogOutputStream:75 - [STDERR_REDIRECT] [Fatal Error] :1:1: Premature end of file.
2026-05-04 11:29:20,154 [ERROR] LogOutputStream:75 - [STDERR_REDIRECT] 
2026-05-04 11:29:21,173 [ERROR] LogOutputStream:75 - [STDERR_REDIRECT] [Fatal Error] :1:1: Premature end of file.
2026-05-04 11:29:21,173 [ERROR] LogOutputStream:75 - [STDERR_REDIRECT] 
2026-05-04 11:29:22,161 [ERROR] LogOutputStream:75 - [STDERR_REDIRECT] [Fatal Error] :1:1: Premature end of file.
2026-05-04 11:29:22,162 [ERROR] LogOutputStream:75 - [STDERR_REDIRECT] 
2026-05-04 11:29:23,179 [ERROR] LogOutputStream:75 - [STDERR_REDIRECT] [Fatal Error] :1:1: Premature end of file.
2026-05-04 11:29:23,179 [ERROR] LogOutputStream:75 - [STDERR_REDIRECT] 
2026-05-04 11:29:24,160 [ERROR] LogOutputStream:75 - [STDERR_REDIRECT] [Fatal Error] :1:1: Premature end of file.
2026-05-04 11:29:24,161 [ERROR] LogOutputStream:75 - [STDERR_REDIRECT] 
2026-05-04 11:29:25,170 [ERROR] LogOutputStream:75 - [STDERR_REDIRECT] [Fatal Error] :1:1: Premature end of file.
2026-05-04 11:29:25,171 [ERROR] LogOutputStream:75 - [STDERR_REDIRECT] 
2026-05-04 11:29:26,169 [ERROR] LogOutputStream:75 - [STDERR_REDIRECT] [Fatal Error] :1:1: Premature end of file.
2026-05-04 11:29:26,170 [ERROR] LogOutputStream:75 - [STDERR_REDIRECT] 
2026-05-04 11:29:27,190 [ERROR] LogOutputStream:75 - [STDERR_REDIRECT] [Fatal Error] :1:1: Premature end of file.
2026-05-04 11:29:27,192 [ERROR] LogOutputStream:75 - [STDERR_REDIRECT] 
2026-05-04 11:29:28,188 [ERROR] LogOutputStream:75 - [STDERR_REDIRECT] [Fatal Error] :1:1: Premature end of file.
2026-05-04 11:29:28,189 [ERROR] LogOutputStream:75 - [STDERR_REDIRECT] 
2026-05-04 11:29:29,160 [ERROR] LogOutputStream:75 - [STDERR_REDIRECT] [Fatal Error] :1:1: Premature end of file.
2026-05-04 11:29:29,161 [ERROR] LogOutputStream:75 - [STDERR_REDIRECT] 
2026-05-04 11:29:30,163 [ERROR] LogOutputStream:75 - [STDERR_REDIRECT] [Fatal Error] :1:1: Premature end of file.
2026-05-04 11:29:30,163 [ERROR] LogOutputStream:75 - [STDERR_REDIRECT] 
2026-05-04 11:29:31,153 [ERROR] LogOutputStream:75 - [STDERR_REDIRECT] [Fatal Error] :1:1: Premature end of file.
2026-05-04 11:29:31,153 [ERROR] LogOutputStream:75 - [STDERR_REDIRECT] 
2026-05-04 11:29:32,147 [ERROR] LogOutputStream:75 - [STDERR_REDIRECT] [Fatal Error] :1:1: Premature end of file.
2026-05-04 11:29:32,147 [ERROR] LogOutputStream:75 - [STDERR_REDIRECT] 
2026-05-04 11:29:33,149 [ERROR] LogOutputStream:75 - [STDERR_REDIRECT] [Fatal Error] :1:1: Premature end of file.
2026-05-04 11:29:33,149 [ERROR] LogOutputStream:75 - [STDERR_REDIRECT] 
2026-05-04 11:29:34,168 [ERROR] LogOutputStream:75 - [STDERR_REDIRECT] [Fatal Error] :1:1: Premature end of file.
2026-05-04 11:29:34,169 [ERROR] LogOutputStream:75 - [STDERR_REDIRECT] 
2026-05-04 11:29:35,143 [ERROR] LogOutputStream:75 - [STDERR_REDIRECT] [Fatal Error] :1:1: Premature end of file.
2026-05-04 11:29:35,143 [ERROR] LogOutputStream:75 - [STDERR_REDIRECT] 
2026-05-04 11:29:36,163 [ERROR] LogOutputStream:75 - [STDERR_REDIRECT] [Fatal Error] :1:1: Premature end of file.
2026-05-04 11:29:36,163 [ERROR] LogOutputStream:75 - [STDERR_REDIRECT] 
2026-05-04 11:29:37,170 [ERROR] LogOutputStream:75 - [STDERR_REDIRECT] [Fatal Error] :1:1: Premature end of file.
2026-05-04 11:29:37,170 [ERROR] LogOutputStream:75 - [STDERR_REDIRECT] 
2026-05-04 11:29:38,156 [ERROR] LogOutputStream:75 - [STDERR_REDIRECT] [Fatal Error] :1:1: Premature end of file.
2026-05-04 11:29:38,156 [ERROR] LogOutputStream:75 - [STDERR_REDIRECT] 
2026-05-04 11:29:39,155 [ERROR] LogOutputStream:75 - [STDERR_REDIRECT] [Fatal Error] :1:1: Premature end of file.
2026-05-04 11:29:39,155 [ERROR] LogOutputStream:75 - [STDERR_REDIRECT] 
2026-05-04 11:29:40,148 [ERROR] LogOutputStream:75 - [STDERR_REDIRECT] [Fatal Error] :1:1: Premature end of file.
2026-05-04 11:29:40,148 [ERROR] LogOutputStream:75 - [STDERR_REDIRECT] 
2026-05-04 11:29:41,144 [ERROR] LogOutputStream:75 - [STDERR_REDIRECT] [Fatal Error] :1:1: Premature end of file.
2026-05-04 11:29:41,145 [ERROR] LogOutputStream:75 - [STDERR_REDIRECT] 
2026-05-04 11:29:42,145 [ERROR] LogOutputStream:75 - [STDERR_REDIRECT] [Fatal Error] :1:1: Premature end of file.
2026-05-04 11:29:42,146 [ERROR] LogOutputStream:75 - [STDERR_REDIRECT] 
2026-05-04 11:29:43,152 [ERROR] LogOutputStream:75 - [STDERR_REDIRECT] [Fatal Error] :1:1: Premature end of file.
2026-05-04 11:29:43,153 [ERROR] LogOutputStream:75 - [STDERR_REDIRECT] 
2026-05-04 11:29:44,147 [ERROR] LogOutputStream:75 - [STDERR_REDIRECT] [Fatal Error] :1:1: Premature end of file.
2026-05-04 11:29:44,147 [ERROR] LogOutputStream:75 - [STDERR_REDIRECT] 
2026-05-04 11:29:45,153 [ERROR] LogOutputStream:75 - [STDERR_REDIRECT] [Fatal Error] :1:1: Premature end of file.
2026-05-04 11:29:45,153 [ERROR] LogOutputStream:75 - [STDERR_REDIRECT] 
2026-05-04 11:29:46,137 [ERROR] LogOutputStream:75 - [STDERR_REDIRECT] [Fatal Error] :1:1: Premature end of file.
2026-05-04 11:29:46,138 [ERROR] LogOutputStream:75 - [STDERR_REDIRECT] 
2026-05-04 11:29:47,149 [ERROR] LogOutputStream:75 - [STDERR_REDIRECT] [Fatal Error] :1:1: Premature end of file.
2026-05-04 11:29:47,149 [ERROR] LogOutputStream:75 - [STDERR_REDIRECT] 
2026-05-04 11:29:48,160 [ERROR] LogOutputStream:75 - [STDERR_REDIRECT] [Fatal Error] :1:1: Premature end of file.
2026-05-04 11:29:48,160 [ERROR] LogOutputStream:75 - [STDERR_REDIRECT] 
2026-05-04 11:29:49,155 [ERROR] LogOutputStream:75 - [STDERR_REDIRECT] [Fatal Error] :1:1: Premature end of file.
2026-05-04 11:29:49,155 [ERROR] LogOutputStream:75 - [STDERR_REDIRECT] 
2026-05-04 11:29:50,138 [ERROR] LogOutputStream:75 - [STDERR_REDIRECT] [Fatal Error] :1:1: Premature end of file.
2026-05-04 11:29:50,138 [ERROR] LogOutputStream:75 - [STDERR_REDIRECT] 
2026-05-04 11:29:51,170 [ERROR] LogOutputStream:75 - [STDERR_REDIRECT] [Fatal Error] :1:1: Premature end of file.
2026-05-04 11:29:51,170 [ERROR] LogOutputStream:75 - [STDERR_REDIRECT] 
2026-05-04 11:29:52,155 [ERROR] LogOutputStream:75 - [STDERR_REDIRECT] [Fatal Error] :1:1: Premature end of file.
2026-05-04 11:29:52,155 [ERROR] LogOutputStream:75 - [STDERR_REDIRECT] 
2026-05-04 11:29:53,159 [ERROR] LogOutputStream:75 - [STDERR_REDIRECT] [Fatal Error] :1:1: Premature end of file.
2026-05-04 11:29:53,160 [ERROR] LogOutputStream:75 - [STDERR_REDIRECT] 
2026-05-04 11:29:54,169 [ERROR] LogOutputStream:75 - [STDERR_REDIRECT] [Fatal Error] :1:1: Premature end of file.
2026-05-04 11:29:54,169 [ERROR] LogOutputStream:75 - [STDERR_REDIRECT] 
2026-05-04 11:29:55,166 [ERROR] LogOutputStream:75 - [STDERR_REDIRECT] [Fatal Error] :1:1: Premature end of file.
2026-05-04 11:29:55,167 [ERROR] LogOutputStream:75 - [STDERR_REDIRECT] 
2026-05-04 11:29:56,154 [ERROR] LogOutputStream:75 - [STDERR_REDIRECT] [Fatal Error] :1:1: Premature end of file.
2026-05-04 11:29:56,154 [ERROR] LogOutputStream:75 - [STDERR_REDIRECT] 
2026-05-04 11:29:57,181 [ERROR] LogOutputStream:75 - [STDERR_REDIRECT] [Fatal Error] :1:1: Premature end of file.
2026-05-04 11:29:57,182 [ERROR] LogOutputStream:75 - [STDERR_REDIRECT] 
2026-05-04 11:29:58,153 [ERROR] LogOutputStream:75 - [STDERR_REDIRECT] [Fatal Error] :1:1: Premature end of file.
2026-05-04 11:29:58,154 [ERROR] LogOutputStream:75 - [STDERR_REDIRECT] 
2026-05-04 11:29:59,141 [ERROR] LogOutputStream:75 - [STDERR_REDIRECT] [Fatal Error] :1:1: Premature end of file.
2026-05-04 11:29:59,141 [ERROR] LogOutputStream:75 - [STDERR_REDIRECT] 
2026-05-04 11:30:00,155 [ERROR] LogOutputStream:75 - [STDERR_REDIRECT] [Fatal Error] :1:1: Premature end of file.
2026-05-04 11:30:00,155 [ERROR] LogOutputStream:75 - [STDERR_REDIRECT] 
2026-05-04 11:30:01,153 [ERROR] LogOutputStream:75 - [STDERR_REDIRECT] [Fatal Error] :1:1: Premature end of file.
2026-05-04 11:30:01,153 [ERROR] LogOutputStream:75 - [STDERR_REDIRECT] 
2026-05-04 11:30:02,167 [ERROR] LogOutputStream:75 - [STDERR_REDIRECT] [Fatal Error] :1:1: Premature end of file.
2026-05-04 11:30:02,167 [ERROR] LogOutputStream:75 - [STDERR_REDIRECT] 
2026-05-04 11:30:03,160 [ERROR] LogOutputStream:75 - [STDERR_REDIRECT] [Fatal Error] :1:1: Premature end of file.
2026-05-04 11:30:03,160 [ERROR] LogOutputStream:75 - [STDERR_REDIRECT] 
2026-05-04 11:30:04,163 [ERROR] LogOutputStream:75 - [STDERR_REDIRECT] [Fatal Error] :1:1: Premature end of file.
2026-05-04 11:30:04,163 [ERROR] LogOutputStream:75 - [STDERR_REDIRECT] 
2026-05-04 11:30:05,147 [ERROR] LogOutputStream:75 - [STDERR_REDIRECT] [Fatal Error] :1:1: Premature end of file.
2026-05-04 11:30:05,147 [ERROR] LogOutputStream:75 - [STDERR_REDIRECT] 
2026-05-04 11:30:06,195 [ERROR] LogOutputStream:75 - [STDERR_REDIRECT] [Fatal Error] :1:1: Premature end of file.
2026-05-04 11:30:06,195 [ERROR] LogOutputStream:75 - [STDERR_REDIRECT] 
2026-05-04 11:30:07,146 [ERROR] LogOutputStream:75 - [STDERR_REDIRECT] [Fatal Error] :1:1: Premature end of file.
2026-05-04 11:30:07,146 [ERROR] LogOutputStream:75 - [STDERR_REDIRECT] 
2026-05-04 11:30:08,160 [ERROR] LogOutputStream:75 - [STDERR_REDIRECT] [Fatal Error] :1:1: Premature end of file.
2026-05-04 11:30:08,160 [ERROR] LogOutputStream:75 - [STDERR_REDIRECT] 
2026-05-04 11:30:09,171 [ERROR] LogOutputStream:75 - [STDERR_REDIRECT] [Fatal Error] :1:1: Premature end of file.
2026-05-04 11:30:09,171 [ERROR] LogOutputStream:75 - [STDERR_REDIRECT] 
2026-05-04 11:30:10,155 [ERROR] LogOutputStream:75 - [STDERR_REDIRECT] [Fatal Error] :1:1: Premature end of file.
2026-05-04 11:30:10,156 [ERROR] LogOutputStream:75 - [STDERR_REDIRECT] 
2026-05-04 11:30:11,166 [ERROR] LogOutputStream:75 - [STDERR_REDIRECT] [Fatal Error] :1:1: Premature end of file.
2026-05-04 11:30:11,166 [ERROR] LogOutputStream:75 - [STDERR_REDIRECT] 
2026-05-04 11:30:12,158 [ERROR] LogOutputStream:75 - [STDERR_REDIRECT] [Fatal Error] :1:1: Premature end of file.
2026-05-04 11:30:12,158 [ERROR] LogOutputStream:75 - [STDERR_REDIRECT] 
2026-05-04 11:30:13,157 [ERROR] LogOutputStream:75 - [STDERR_REDIRECT] [Fatal Error] :1:1: Premature end of file.
2026-05-04 11:30:13,157 [ERROR] LogOutputStream:75 - [STDERR_REDIRECT] 
2026-05-04 11:30:14,166 [ERROR] LogOutputStream:75 - [STDERR_REDIRECT] [Fatal Error] :1:1: Premature end of file.
2026-05-04 11:30:14,167 [ERROR] LogOutputStream:75 - [STDERR_REDIRECT] 
2026-05-04 11:30:15,178 [ERROR] LogOutputStream:75 - [STDERR_REDIRECT] [Fatal Error] :1:1: Premature end of file.
2026-05-04 11:30:15,178 [ERROR] LogOutputStream:75 - [STDERR_REDIRECT] 
2026-05-04 11:30:16,143 [ERROR] LogOutputStream:75 - [STDERR_REDIRECT] [Fatal Error] :1:1: Premature end of file.
2026-05-04 11:30:16,143 [ERROR] LogOutputStream:75 - [STDERR_REDIRECT] 
2026-05-04 11:30:17,174 [ERROR] LogOutputStream:75 - [STDERR_REDIRECT] [Fatal Error] :1:1: Premature end of file.
2026-05-04 11:30:17,175 [ERROR] LogOutputStream:75 - [STDERR_REDIRECT] 
2026-05-04 11:30:18,191 [ERROR] LogOutputStream:75 - [STDERR_REDIRECT] [Fatal Error] :1:1: Premature end of file.
2026-05-04 11:30:18,192 [ERROR] LogOutputStream:75 - [STDERR_REDIRECT] 
2026-05-04 11:30:19,188 [ERROR] LogOutputStream:75 - [STDERR_REDIRECT] [Fatal Error] :1:1: Premature end of file.
2026-05-04 11:30:19,188 [ERROR] LogOutputStream:75 - [STDERR_REDIRECT] 
2026-05-04 11:30:20,161 [ERROR] LogOutputStream:75 - [STDERR_REDIRECT] [Fatal Error] :1:1: Premature end of file.
2026-05-04 11:30:20,161 [ERROR] LogOutputStream:75 - [STDERR_REDIRECT] 
2026-05-04 11:30:21,165 [ERROR] LogOutputStream:75 - [STDERR_REDIRECT] [Fatal Error] :1:1: Premature end of file.
2026-05-04 11:30:21,166 [ERROR] LogOutputStream:75 - [STDERR_REDIRECT] 
2026-05-04 11:30:22,191 [ERROR] LogOutputStream:75 - [STDERR_REDIRECT] [Fatal Error] :1:1: Premature end of file.
2026-05-04 11:30:22,191 [ERROR] LogOutputStream:75 - [STDERR_REDIRECT] 
2026-05-04 11:30:23,163 [ERROR] LogOutputStream:75 - [STDERR_REDIRECT] [Fatal Error] :1:1: Premature end of file.
2026-05-04 11:30:23,164 [ERROR] LogOutputStream:75 - [STDERR_REDIRECT] 
2026-05-04 11:30:24,170 [ERROR] LogOutputStream:75 - [STDERR_REDIRECT] [Fatal Error] :1:1: Premature end of file.
2026-05-04 11:30:24,172 [ERROR] LogOutputStream:75 - [STDERR_REDIRECT] 
2026-05-04 11:30:25,217 [ERROR] LogOutputStream:75 - [STDERR_REDIRECT] [Fatal Error] :1:1: Premature end of file.
2026-05-04 11:30:25,218 [ERROR] LogOutputStream:75 - [STDERR_REDIRECT] 
2026-05-04 11:30:26,159 [ERROR] LogOutputStream:75 - [STDERR_REDIRECT] [Fatal Error] :1:1: Premature end of file.
2026-05-04 11:30:26,160 [ERROR] LogOutputStream:75 - [STDERR_REDIRECT] 
2026-05-04 11:30:27,157 [ERROR] LogOutputStream:75 - [STDERR_REDIRECT] [Fatal Error] :1:1: Premature end of file.
2026-05-04 11:30:27,157 [ERROR] LogOutputStream:75 - [STDERR_REDIRECT] 
2026-05-04 11:30:28,176 [ERROR] LogOutputStream:75 - [STDERR_REDIRECT] [Fatal Error] :1:1: Premature end of file.
2026-05-04 11:30:28,176 [ERROR] LogOutputStream:75 - [STDERR_REDIRECT] 
2026-05-04 11:30:29,170 [ERROR] LogOutputStream:75 - [STDERR_REDIRECT] [Fatal Error] :1:1: Premature end of file.
2026-05-04 11:30:29,170 [ERROR] LogOutputStream:75 - [STDERR_REDIRECT] 
2026-05-04 11:30:30,169 [ERROR] LogOutputStream:75 - [STDERR_REDIRECT] [Fatal Error] :1:1: Premature end of file.
2026-05-04 11:30:30,170 [ERROR] LogOutputStream:75 - [STDERR_REDIRECT] 
2026-05-04 11:30:31,163 [ERROR] LogOutputStream:75 - [STDERR_REDIRECT] [Fatal Error] :1:1: Premature end of file.
2026-05-04 11:30:31,163 [ERROR] LogOutputStream:75 - [STDERR_REDIRECT] 
2026-05-04 11:30:32,155 [ERROR] LogOutputStream:75 - [STDERR_REDIRECT] [Fatal Error] :1:1: Premature end of file.
2026-05-04 11:30:32,156 [ERROR] LogOutputStream:75 - [STDERR_REDIRECT] 
2026-05-04 11:30:33,162 [ERROR] LogOutputStream:75 - [STDERR_REDIRECT] [Fatal Error] :1:1: Premature end of file.
2026-05-04 11:30:33,162 [ERROR] LogOutputStream:75 - [STDERR_REDIRECT] 
2026-05-04 11:30:34,157 [ERROR] LogOutputStream:75 - [STDERR_REDIRECT] [Fatal Error] :1:1: Premature end of file.
2026-05-04 11:30:34,160 [ERROR] LogOutputStream:75 - [STDERR_REDIRECT] 
2026-05-04 11:30:35,150 [ERROR] LogOutputStream:75 - [STDERR_REDIRECT] [Fatal Error] :1:1: Premature end of file.
2026-05-04 11:30:35,151 [ERROR] LogOutputStream:75 - [STDERR_REDIRECT] 
2026-05-04 11:30:36,149 [ERROR] LogOutputStream:75 - [STDERR_REDIRECT] [Fatal Error] :1:1: Premature end of file.
2026-05-04 11:30:36,150 [ERROR] LogOutputStream:75 - [STDERR_REDIRECT] 
2026-05-04 11:30:37,166 [ERROR] LogOutputStream:75 - [STDERR_REDIRECT] [Fatal Error] :1:1: Premature end of file.
2026-05-04 11:30:37,167 [ERROR] LogOutputStream:75 - [STDERR_REDIRECT] 
2026-05-04 11:30:38,158 [ERROR] LogOutputStream:75 - [STDERR_REDIRECT] [Fatal Error] :1:1: Premature end of file.
2026-05-04 11:30:38,159 [ERROR] LogOutputStream:75 - [STDERR_REDIRECT] 
2026-05-04 11:30:39,168 [ERROR] LogOutputStream:75 - [STDERR_REDIRECT] [Fatal Error] :1:1: Premature end of file.
2026-05-04 11:30:39,169 [ERROR] LogOutputStream:75 - [STDERR_REDIRECT] 
2026-05-04 11:30:40,142 [ERROR] LogOutputStream:75 - [STDERR_REDIRECT] [Fatal Error] :1:1: Premature end of file.
2026-05-04 11:30:40,142 [ERROR] LogOutputStream:75 - [STDERR_REDIRECT] 
2026-05-04 11:30:41,169 [ERROR] LogOutputStream:75 - [STDERR_REDIRECT] [Fatal Error] :1:1: Premature end of file.
2026-05-04 11:30:41,169 [ERROR] LogOutputStream:75 - [STDERR_REDIRECT] 
2026-05-04 11:30:42,146 [ERROR] LogOutputStream:75 - [STDERR_REDIRECT] [Fatal Error] :1:1: Premature end of file.
2026-05-04 11:30:42,147 [ERROR] LogOutputStream:75 - [STDERR_REDIRECT] 
2026-05-04 11:30:43,168 [ERROR] LogOutputStream:75 - [STDERR_REDIRECT] [Fatal Error] :1:1: Premature end of file.
2026-05-04 11:30:43,168 [ERROR] LogOutputStream:75 - [STDERR_REDIRECT] 
2026-05-04 11:30:44,162 [ERROR] LogOutputStream:75 - [STDERR_REDIRECT] [Fatal Error] :1:1: Premature end of file.
2026-05-04 11:30:44,162 [ERROR] LogOutputStream:75 - [STDERR_REDIRECT] 
2026-05-04 11:30:45,166 [ERROR] LogOutputStream:75 - [STDERR_REDIRECT] [Fatal Error] :1:1: Premature end of file.
2026-05-04 11:30:45,166 [ERROR] LogOutputStream:75 - [STDERR_REDIRECT] 
2026-05-04 11:30:46,168 [ERROR] LogOutputStream:75 - [STDERR_REDIRECT] [Fatal Error] :1:1: Premature end of file.
2026-05-04 11:30:46,168 [ERROR] LogOutputStream:75 - [STDERR_REDIRECT] 
2026-05-04 11:30:47,162 [ERROR] LogOutputStream:75 - [STDERR_REDIRECT] [Fatal Error] :1:1: Premature end of file.
2026-05-04 11:30:47,162 [ERROR] LogOutputStream:75 - [STDERR_REDIRECT] 
2026-05-04 11:30:48,154 [ERROR] LogOutputStream:75 - [STDERR_REDIRECT] [Fatal Error] :1:1: Premature end of file.
2026-05-04 11:30:48,154 [ERROR] LogOutputStream:75 - [STDERR_REDIRECT] 
2026-05-04 11:30:49,166 [ERROR] LogOutputStream:75 - [STDERR_REDIRECT] [Fatal Error] :1:1: Premature end of file.
2026-05-04 11:30:49,167 [ERROR] LogOutputStream:75 - [STDERR_REDIRECT] 
2026-05-04 11:30:50,153 [ERROR] LogOutputStream:75 - [STDERR_REDIRECT] [Fatal Error] :1:1: Premature end of file.
2026-05-04 11:30:50,153 [ERROR] LogOutputStream:75 - [STDERR_REDIRECT] 
2026-05-04 11:30:51,170 [ERROR] LogOutputStream:75 - [STDERR_REDIRECT] [Fatal Error] :1:1: Premature end of file.
2026-05-04 11:30:51,171 [ERROR] LogOutputStream:75 - [STDERR_REDIRECT] 
2026-05-04 11:30:52,147 [ERROR] LogOutputStream:75 - [STDERR_REDIRECT] [Fatal Error] :1:1: Premature end of file.
2026-05-04 11:30:52,147 [ERROR] LogOutputStream:75 - [STDERR_REDIRECT] 
2026-05-04 11:30:53,140 [ERROR] LogOutputStream:75 - [STDERR_REDIRECT] [Fatal Error] :1:1: Premature end of file.
2026-05-04 11:30:53,141 [ERROR] LogOutputStream:75 - [STDERR_REDIRECT] 
2026-05-04 11:30:54,170 [ERROR] LogOutputStream:75 - [STDERR_REDIRECT] [Fatal Error] :1:1: Premature end of file.
2026-05-04 11:30:54,171 [ERROR] LogOutputStream:75 - [STDERR_REDIRECT] 
2026-05-04 11:30:55,182 [ERROR] LogOutputStream:75 - [STDERR_REDIRECT] [Fatal Error] :1:1: Premature end of file.
2026-05-04 11:30:55,182 [ERROR] LogOutputStream:75 - [STDERR_REDIRECT] 
2026-05-04 11:30:56,160 [ERROR] LogOutputStream:75 - [STDERR_REDIRECT] [Fatal Error] :1:1: Premature end of file.
2026-05-04 11:30:56,161 [ERROR] LogOutputStream:75 - [STDERR_REDIRECT] 
2026-05-04 11:30:57,162 [ERROR] LogOutputStream:75 - [STDERR_REDIRECT] [Fatal Error] :1:1: Premature end of file.
2026-05-04 11:30:57,163 [ERROR] LogOutputStream:75 - [STDERR_REDIRECT] 
2026-05-04 11:30:58,158 [ERROR] LogOutputStream:75 - [STDERR_REDIRECT] [Fatal Error] :1:1: Premature end of file.
2026-05-04 11:30:58,158 [ERROR] LogOutputStream:75 - [STDERR_REDIRECT] 
2026-05-04 11:30:59,169 [ERROR] LogOutputStream:75 - [STDERR_REDIRECT] [Fatal Error] :1:1: Premature end of file.
2026-05-04 11:30:59,170 [ERROR] LogOutputStream:75 - [STDERR_REDIRECT] 
2026-05-04 11:31:00,150 [ERROR] LogOutputStream:75 - [STDERR_REDIRECT] [Fatal Error] :1:1: Premature end of file.
2026-05-04 11:31:00,150 [ERROR] LogOutputStream:75 - [STDERR_REDIRECT] 
2026-05-04 11:31:01,183 [ERROR] LogOutputStream:75 - [STDERR_REDIRECT] [Fatal Error] :1:1: Premature end of file.
2026-05-04 11:31:01,184 [ERROR] LogOutputStream:75 - [STDERR_REDIRECT] 
2026-05-04 11:31:02,178 [ERROR] LogOutputStream:75 - [STDERR_REDIRECT] [Fatal Error] :1:1: Premature end of file.
2026-05-04 11:31:02,179 [ERROR] LogOutputStream:75 - [STDERR_REDIRECT] 
2026-05-04 11:31:03,157 [ERROR] LogOutputStream:75 - [STDERR_REDIRECT] [Fatal Error] :1:1: Premature end of file.
2026-05-04 11:31:03,158 [ERROR] LogOutputStream:75 - [STDERR_REDIRECT] 
2026-05-04 11:31:04,158 [ERROR] LogOutputStream:75 - [STDERR_REDIRECT] [Fatal Error] :1:1: Premature end of file.
2026-05-04 11:31:04,158 [ERROR] LogOutputStream:75 - [STDERR_REDIRECT] 
2026-05-04 11:31:05,151 [ERROR] LogOutputStream:75 - [STDERR_REDIRECT] [Fatal Error] :1:1: Premature end of file.
2026-05-04 11:31:05,151 [ERROR] LogOutputStream:75 - [STDERR_REDIRECT] 
2026-05-04 11:31:06,152 [ERROR] LogOutputStream:75 - [STDERR_REDIRECT] [Fatal Error] :1:1: Premature end of file.
2026-05-04 11:31:06,152 [ERROR] LogOutputStream:75 - [STDERR_REDIRECT] 
2026-05-04 11:31:07,167 [ERROR] LogOutputStream:75 - [STDERR_REDIRECT] [Fatal Error] :1:1: Premature end of file.
2026-05-04 11:31:07,167 [ERROR] LogOutputStream:75 - [STDERR_REDIRECT] 
2026-05-04 11:31:08,167 [ERROR] LogOutputStream:75 - [STDERR_REDIRECT] [Fatal Error] :1:1: Premature end of file.
2026-05-04 11:31:08,168 [ERROR] LogOutputStream:75 - [STDERR_REDIRECT] 
2026-05-04 11:31:09,192 [ERROR] LogOutputStream:75 - [STDERR_REDIRECT] [Fatal Error] :1:1: Premature end of file.
2026-05-04 11:31:09,194 [ERROR] LogOutputStream:75 - [STDERR_REDIRECT] 
2026-05-04 11:31:10,169 [ERROR] LogOutputStream:75 - [STDERR_REDIRECT] [Fatal Error] :1:1: Premature end of file.
2026-05-04 11:31:10,169 [ERROR] LogOutputStream:75 - [STDERR_REDIRECT] 
2026-05-04 11:31:11,158 [ERROR] LogOutputStream:75 - [STDERR_REDIRECT] [Fatal Error] :1:1: Premature end of file.
2026-05-04 11:31:11,158 [ERROR] LogOutputStream:75 - [STDERR_REDIRECT] 
2026-05-04 11:31:12,164 [ERROR] LogOutputStream:75 - [STDERR_REDIRECT] [Fatal Error] :1:1: Premature end of file.
2026-05-04 11:31:12,164 [ERROR] LogOutputStream:75 - [STDERR_REDIRECT] 
2026-05-04 11:31:13,148 [ERROR] LogOutputStream:75 - [STDERR_REDIRECT] [Fatal Error] :1:1: Premature end of file.
2026-05-04 11:31:13,149 [ERROR] LogOutputStream:75 - [STDERR_REDIRECT] 
2026-05-04 11:31:14,151 [ERROR] LogOutputStream:75 - [STDERR_REDIRECT] [Fatal Error] :1:1: Premature end of file.
2026-05-04 11:31:14,151 [ERROR] LogOutputStream:75 - [STDERR_REDIRECT] 
2026-05-04 11:31:15,155 [ERROR] LogOutputStream:75 - [STDERR_REDIRECT] [Fatal Error] :1:1: Premature end of file.
2026-05-04 11:31:15,155 [ERROR] LogOutputStream:75 - [STDERR_REDIRECT] 
2026-05-04 11:31:16,143 [ERROR] LogOutputStream:75 - [STDERR_REDIRECT] [Fatal Error] :1:1: Premature end of file.
2026-05-04 11:31:16,144 [ERROR] LogOutputStream:75 - [STDERR_REDIRECT] 
2026-05-04 11:31:17,151 [ERROR] LogOutputStream:75 - [STDERR_REDIRECT] [Fatal Error] :1:1: Premature end of file.
2026-05-04 11:31:17,154 [ERROR] LogOutputStream:75 - [STDERR_REDIRECT] 
2026-05-04 11:31:18,155 [ERROR] LogOutputStream:75 - [STDERR_REDIRECT] [Fatal Error] :1:1: Premature end of file.
2026-05-04 11:31:18,155 [ERROR] LogOutputStream:75 - [STDERR_REDIRECT] 
2026-05-04 11:31:19,169 [ERROR] LogOutputStream:75 - [STDERR_REDIRECT] [Fatal Error] :1:1: Premature end of file.
2026-05-04 11:31:19,170 [ERROR] LogOutputStream:75 - [STDERR_REDIRECT] 
2026-05-04 11:31:20,155 [ERROR] LogOutputStream:75 - [STDERR_REDIRECT] [Fatal Error] :1:1: Premature end of file.
2026-05-04 11:31:20,155 [ERROR] LogOutputStream:75 - [STDERR_REDIRECT] 
2026-05-04 11:31:21,147 [ERROR] LogOutputStream:75 - [STDERR_REDIRECT] [Fatal Error] :1:1: Premature end of file.
2026-05-04 11:31:21,148 [ERROR] LogOutputStream:75 - [STDERR_REDIRECT] 
2026-05-04 11:31:22,151 [ERROR] LogOutputStream:75 - [STDERR_REDIRECT] [Fatal Error] :1:1: Premature end of file.
2026-05-04 11:31:22,152 [ERROR] LogOutputStream:75 - [STDERR_REDIRECT] 
2026-05-04 11:31:23,161 [ERROR] LogOutputStream:75 - [STDERR_REDIRECT] [Fatal Error] :1:1: Premature end of file.
2026-05-04 11:31:23,161 [ERROR] LogOutputStream:75 - [STDERR_REDIRECT] 
2026-05-04 11:31:24,163 [ERROR] LogOutputStream:75 - [STDERR_REDIRECT] [Fatal Error] :1:1: Premature end of file.
2026-05-04 11:31:24,163 [ERROR] LogOutputStream:75 - [STDERR_REDIRECT] 
2026-05-04 11:31:25,166 [ERROR] LogOutputStream:75 - [STDERR_REDIRECT] [Fatal Error] :1:1: Premature end of file.
2026-05-04 11:31:25,166 [ERROR] LogOutputStream:75 - [STDERR_REDIRECT] 
2026-05-04 11:31:26,143 [ERROR] LogOutputStream:75 - [STDERR_REDIRECT] [Fatal Error] :1:1: Premature end of file.
2026-05-04 11:31:26,144 [ERROR] LogOutputStream:75 - [STDERR_REDIRECT] 
2026-05-04 11:31:27,141 [ERROR] LogOutputStream:75 - [STDERR_REDIRECT] [Fatal Error] :1:1: Premature end of file.
2026-05-04 11:31:27,141 [ERROR] LogOutputStream:75 - [STDERR_REDIRECT] 
2026-05-04 11:31:28,181 [ERROR] LogOutputStream:75 - [STDERR_REDIRECT] [Fatal Error] :1:1: Premature end of file.
2026-05-04 11:31:28,182 [ERROR] LogOutputStream:75 - [STDERR_REDIRECT] 
2026-05-04 11:31:29,173 [ERROR] LogOutputStream:75 - [STDERR_REDIRECT] [Fatal Error] :1:1: Premature end of file.
2026-05-04 11:31:29,174 [ERROR] LogOutputStream:75 - [STDERR_REDIRECT] 
2026-05-04 11:31:30,187 [ERROR] LogOutputStream:75 - [STDERR_REDIRECT] [Fatal Error] :1:1: Premature end of file.
2026-05-04 11:31:30,187 [ERROR] LogOutputStream:75 - [STDERR_REDIRECT] 
2026-05-04 11:31:31,177 [ERROR] LogOutputStream:75 - [STDERR_REDIRECT] [Fatal Error] :1:1: Premature end of file.
2026-05-04 11:31:31,178 [ERROR] LogOutputStream:75 - [STDERR_REDIRECT] 
2026-05-04 11:31:32,162 [ERROR] LogOutputStream:75 - [STDERR_REDIRECT] [Fatal Error] :1:1: Premature end of file.
2026-05-04 11:31:32,162 [ERROR] LogOutputStream:75 - [STDERR_REDIRECT] 
2026-05-04 11:31:33,161 [ERROR] LogOutputStream:75 - [STDERR_REDIRECT] [Fatal Error] :1:1: Premature end of file.
2026-05-04 11:31:33,161 [ERROR] LogOutputStream:75 - [STDERR_REDIRECT] 
2026-05-04 11:31:34,149 [ERROR] LogOutputStream:75 - [STDERR_REDIRECT] [Fatal Error] :1:1: Premature end of file.
2026-05-04 11:31:34,149 [ERROR] LogOutputStream:75 - [STDERR_REDIRECT] 
2026-05-04 11:31:35,151 [ERROR] LogOutputStream:75 - [STDERR_REDIRECT] [Fatal Error] :1:1: Premature end of file.
2026-05-04 11:31:35,152 [ERROR] LogOutputStream:75 - [STDERR_REDIRECT] 
2026-05-04 11:31:36,146 [ERROR] LogOutputStream:75 - [STDERR_REDIRECT] [Fatal Error] :1:1: Premature end of file.
2026-05-04 11:31:36,146 [ERROR] LogOutputStream:75 - [STDERR_REDIRECT] 
2026-05-04 11:31:37,153 [ERROR] LogOutputStream:75 - [STDERR_REDIRECT] [Fatal Error] :1:1: Premature end of file.
2026-05-04 11:31:37,154 [ERROR] LogOutputStream:75 - [STDERR_REDIRECT] 
2026-05-04 11:31:38,185 [ERROR] LogOutputStream:75 - [STDERR_REDIRECT] [Fatal Error] :1:1: Premature end of file.
2026-05-04 11:31:38,185 [ERROR] LogOutputStream:75 - [STDERR_REDIRECT] 
2026-05-04 11:31:39,179 [ERROR] LogOutputStream:75 - [STDERR_REDIRECT] [Fatal Error] :1:1: Premature end of file.
2026-05-04 11:31:39,179 [ERROR] LogOutputStream:75 - [STDERR_REDIRECT] 
2026-05-04 11:31:40,181 [ERROR] LogOutputStream:75 - [STDERR_REDIRECT] [Fatal Error] :1:1: Premature end of file.
2026-05-04 11:31:40,182 [ERROR] LogOutputStream:75 - [STDERR_REDIRECT] 
2026-05-04 11:31:41,139 [ERROR] LogOutputStream:75 - [STDERR_REDIRECT] [Fatal Error] :1:1: Premature end of file.
2026-05-04 11:31:41,139 [ERROR] LogOutputStream:75 - [STDERR_REDIRECT] 
2026-05-04 11:31:42,158 [ERROR] LogOutputStream:75 - [STDERR_REDIRECT] [Fatal Error] :1:1: Premature end of file.
2026-05-04 11:31:42,159 [ERROR] LogOutputStream:75 - [STDERR_REDIRECT] 
2026-05-04 11:31:43,160 [ERROR] LogOutputStream:75 - [STDERR_REDIRECT] [Fatal Error] :1:1: Premature end of file.
2026-05-04 11:31:43,160 [ERROR] LogOutputStream:75 - [STDERR_REDIRECT] 
2026-05-04 11:31:44,152 [ERROR] LogOutputStream:75 - [STDERR_REDIRECT] [Fatal Error] :1:1: Premature end of file.
2026-05-04 11:31:44,152 [ERROR] LogOutputStream:75 - [STDERR_REDIRECT] 
2026-05-04 11:31:45,178 [ERROR] LogOutputStream:75 - [STDERR_REDIRECT] [Fatal Error] :1:1: Premature end of file.
2026-05-04 11:31:45,178 [ERROR] LogOutputStream:75 - [STDERR_REDIRECT] 
2026-05-04 11:31:46,150 [ERROR] LogOutputStream:75 - [STDERR_REDIRECT] [Fatal Error] :1:1: Premature end of file.
2026-05-04 11:31:46,150 [ERROR] LogOutputStream:75 - [STDERR_REDIRECT] 
2026-05-04 11:31:47,158 [ERROR] LogOutputStream:75 - [STDERR_REDIRECT] [Fatal Error] :1:1: Premature end of file.
2026-05-04 11:31:47,158 [ERROR] LogOutputStream:75 - [STDERR_REDIRECT] 
2026-05-04 11:31:48,340 [ERROR] LogOutputStream:75 - [STDERR_REDIRECT] [Fatal Error] :1:1: Premature end of file.
2026-05-04 11:31:48,340 [ERROR] LogOutputStream:75 - [STDERR_REDIRECT] 
2026-05-04 11:31:49,209 [ERROR] LogOutputStream:75 - [STDERR_REDIRECT] [Fatal Error] :1:1: Premature end of file.
2026-05-04 11:31:49,209 [ERROR] LogOutputStream:75 - [STDERR_REDIRECT] 
2026-05-04 11:31:50,171 [ERROR] LogOutputStream:75 - [STDERR_REDIRECT] [Fatal Error] :1:1: Premature end of file.
2026-05-04 11:31:50,172 [ERROR] LogOutputStream:75 - [STDERR_REDIRECT] 
2026-05-04 11:31:51,146 [ERROR] LogOutputStream:75 - [STDERR_REDIRECT] [Fatal Error] :1:1: Premature end of file.
2026-05-04 11:31:51,146 [ERROR] LogOutputStream:75 - [STDERR_REDIRECT] 
2026-05-04 11:31:52,177 [ERROR] LogOutputStream:75 - [STDERR_REDIRECT] [Fatal Error] :1:1: Premature end of file.
2026-05-04 11:31:52,179 [ERROR] LogOutputStream:75 - [STDERR_REDIRECT] 
2026-05-04 11:31:53,175 [ERROR] LogOutputStream:75 - [STDERR_REDIRECT] [Fatal Error] :1:1: Premature end of file.
2026-05-04 11:31:53,175 [ERROR] LogOutputStream:75 - [STDERR_REDIRECT] 
2026-05-04 11:31:54,131 [ERROR] LogOutputStream:75 - [STDERR_REDIRECT] [Fatal Error] :1:1: Premature end of file.
2026-05-04 11:31:54,131 [ERROR] LogOutputStream:75 - [STDERR_REDIRECT] 
2026-05-04 11:31:55,171 [ERROR] LogOutputStream:75 - [STDERR_REDIRECT] [Fatal Error] :1:1: Premature end of file.
2026-05-04 11:31:55,172 [ERROR] LogOutputStream:75 - [STDERR_REDIRECT] 
2026-05-04 11:31:56,161 [ERROR] LogOutputStream:75 - [STDERR_REDIRECT] [Fatal Error] :1:1: Premature end of file.
2026-05-04 11:31:56,161 [ERROR] LogOutputStream:75 - [STDERR_REDIRECT] 
2026-05-04 11:31:57,174 [ERROR] LogOutputStream:75 - [STDERR_REDIRECT] [Fatal Error] :1:1: Premature end of file.
2026-05-04 11:31:57,175 [ERROR] LogOutputStream:75 - [STDERR_REDIRECT] 
2026-05-04 11:31:58,153 [ERROR] LogOutputStream:75 - [STDERR_REDIRECT] [Fatal Error] :1:1: Premature end of file.
2026-05-04 11:31:58,153 [ERROR] LogOutputStream:75 - [STDERR_REDIRECT] 
2026-05-04 11:31:59,170 [ERROR] LogOutputStream:75 - [STDERR_REDIRECT] [Fatal Error] :1:1: Premature end of file.
2026-05-04 11:31:59,170 [ERROR] LogOutputStream:75 - [STDERR_REDIRECT] 
2026-05-04 11:32:00,151 [ERROR] LogOutputStream:75 - [STDERR_REDIRECT] [Fatal Error] :1:1: Premature end of file.
2026-05-04 11:32:00,152 [ERROR] LogOutputStream:75 - [STDERR_REDIRECT] 
2026-05-04 11:32:01,186 [ERROR] LogOutputStream:75 - [STDERR_REDIRECT] [Fatal Error] :1:1: Premature end of file.
2026-05-04 11:32:01,186 [ERROR] LogOutputStream:75 - [STDERR_REDIRECT] 
2026-05-04 11:32:02,158 [ERROR] LogOutputStream:75 - [STDERR_REDIRECT] [Fatal Error] :1:1: Premature end of file.
2026-05-04 11:32:02,158 [ERROR] LogOutputStream:75 - [STDERR_REDIRECT] 
2026-05-04 11:32:03,150 [ERROR] LogOutputStream:75 - [STDERR_REDIRECT] [Fatal Error] :1:1: Premature end of file.
2026-05-04 11:32:03,150 [ERROR] LogOutputStream:75 - [STDERR_REDIRECT] 
2026-05-04 11:32:04,153 [ERROR] LogOutputStream:75 - [STDERR_REDIRECT] [Fatal Error] :1:1: Premature end of file.
2026-05-04 11:32:04,153 [ERROR] LogOutputStream:75 - [STDERR_REDIRECT] 
2026-05-04 11:32:05,149 [ERROR] LogOutputStream:75 - [STDERR_REDIRECT] [Fatal Error] :1:1: Premature end of file.
2026-05-04 11:32:05,149 [ERROR] LogOutputStream:75 - [STDERR_REDIRECT] 
2026-05-04 11:32:06,164 [ERROR] LogOutputStream:75 - [STDERR_REDIRECT] [Fatal Error] :1:1: Premature end of file.
2026-05-04 11:32:06,164 [ERROR] LogOutputStream:75 - [STDERR_REDIRECT] 
2026-05-04 11:32:07,183 [ERROR] LogOutputStream:75 - [STDERR_REDIRECT] [Fatal Error] :1:1: Premature end of file.
2026-05-04 11:32:07,183 [ERROR] LogOutputStream:75 - [STDERR_REDIRECT] 
2026-05-04 11:32:08,168 [ERROR] LogOutputStream:75 - [STDERR_REDIRECT] [Fatal Error] :1:1: Premature end of file.
2026-05-04 11:32:08,169 [ERROR] LogOutputStream:75 - [STDERR_REDIRECT] 
2026-05-04 11:32:09,143 [ERROR] LogOutputStream:75 - [STDERR_REDIRECT] [Fatal Error] :1:1: Premature end of file.
2026-05-04 11:32:09,144 [ERROR] LogOutputStream:75 - [STDERR_REDIRECT] 
2026-05-04 11:32:10,186 [ERROR] LogOutputStream:75 - [STDERR_REDIRECT] [Fatal Error] :1:1: Premature end of file.
2026-05-04 11:32:10,187 [ERROR] LogOutputStream:75 - [STDERR_REDIRECT] 
2026-05-04 11:32:11,177 [ERROR] LogOutputStream:75 - [STDERR_REDIRECT] [Fatal Error] :1:1: Premature end of file.
2026-05-04 11:32:11,177 [ERROR] LogOutputStream:75 - [STDERR_REDIRECT] 
2026-05-04 11:32:12,156 [ERROR] LogOutputStream:75 - [STDERR_REDIRECT] [Fatal Error] :1:1: Premature end of file.
2026-05-04 11:32:12,156 [ERROR] LogOutputStream:75 - [STDERR_REDIRECT] 
2026-05-04 11:32:13,157 [ERROR] LogOutputStream:75 - [STDERR_REDIRECT] [Fatal Error] :1:1: Premature end of file.
2026-05-04 11:32:13,158 [ERROR] LogOutputStream:75 - [STDERR_REDIRECT] 
2026-05-04 11:32:14,162 [ERROR] LogOutputStream:75 - [STDERR_REDIRECT] [Fatal Error] :1:1: Premature end of file.
2026-05-04 11:32:14,162 [ERROR] LogOutputStream:75 - [STDERR_REDIRECT] 
2026-05-04 11:32:15,163 [ERROR] LogOutputStream:75 - [STDERR_REDIRECT] [Fatal Error] :1:1: Premature end of file.
2026-05-04 11:32:15,163 [ERROR] LogOutputStream:75 - [STDERR_REDIRECT] 
2026-05-04 11:32:16,156 [ERROR] LogOutputStream:75 - [STDERR_REDIRECT] [Fatal Error] :1:1: Premature end of file.
2026-05-04 11:32:16,156 [ERROR] LogOutputStream:75 - [STDERR_REDIRECT] 
2026-05-04 11:32:17,169 [ERROR] LogOutputStream:75 - [STDERR_REDIRECT] [Fatal Error] :1:1: Premature end of file.
2026-05-04 11:32:17,170 [ERROR] LogOutputStream:75 - [STDERR_REDIRECT] 
2026-05-04 11:32:18,176 [ERROR] LogOutputStream:75 - [STDERR_REDIRECT] [Fatal Error] :1:1: Premature end of file.
2026-05-04 11:32:18,177 [ERROR] LogOutputStream:75 - [STDERR_REDIRECT] 
2026-05-04 11:32:19,173 [ERROR] LogOutputStream:75 - [STDERR_REDIRECT] [Fatal Error] :1:1: Premature end of file.
2026-05-04 11:32:19,173 [ERROR] LogOutputStream:75 - [STDERR_REDIRECT] 
2026-05-04 11:32:20,160 [ERROR] LogOutputStream:75 - [STDERR_REDIRECT] [Fatal Error] :1:1: Premature end of file.
2026-05-04 11:32:20,161 [ERROR] LogOutputStream:75 - [STDERR_REDIRECT] 
2026-05-04 11:32:21,176 [ERROR] LogOutputStream:75 - [STDERR_REDIRECT] [Fatal Error] :1:1: Premature end of file.
2026-05-04 11:32:21,177 [ERROR] LogOutputStream:75 - [STDERR_REDIRECT] 
2026-05-04 11:32:22,156 [ERROR] LogOutputStream:75 - [STDERR_REDIRECT] [Fatal Error] :1:1: Premature end of file.
2026-05-04 11:32:22,156 [ERROR] LogOutputStream:75 - [STDERR_REDIRECT] 
2026-05-04 11:32:23,190 [ERROR] LogOutputStream:75 - [STDERR_REDIRECT] [Fatal Error] :1:1: Premature end of file.
2026-05-04 11:32:23,190 [ERROR] LogOutputStream:75 - [STDERR_REDIRECT] 
2026-05-04 11:32:24,141 [ERROR] LogOutputStream:75 - [STDERR_REDIRECT] [Fatal Error] :1:1: Premature end of file.
2026-05-04 11:32:24,141 [ERROR] LogOutputStream:75 - [STDERR_REDIRECT] 
2026-05-04 11:32:25,165 [ERROR] LogOutputStream:75 - [STDERR_REDIRECT] [Fatal Error] :1:1: Premature end of file.
2026-05-04 11:32:25,165 [ERROR] LogOutputStream:75 - [STDERR_REDIRECT] 
2026-05-04 11:32:26,172 [ERROR] LogOutputStream:75 - [STDERR_REDIRECT] [Fatal Error] :1:1: Premature end of file.
2026-05-04 11:32:26,173 [ERROR] LogOutputStream:75 - [STDERR_REDIRECT] 
2026-05-04 11:32:27,162 [ERROR] LogOutputStream:75 - [STDERR_REDIRECT] [Fatal Error] :1:1: Premature end of file.
2026-05-04 11:32:27,162 [ERROR] LogOutputStream:75 - [STDERR_REDIRECT] 
2026-05-04 11:32:28,175 [ERROR] LogOutputStream:75 - [STDERR_REDIRECT] [Fatal Error] :1:1: Premature end of file.
2026-05-04 11:32:28,175 [ERROR] LogOutputStream:75 - [STDERR_REDIRECT] 
2026-05-04 11:32:29,173 [ERROR] LogOutputStream:75 - [STDERR_REDIRECT] [Fatal Error] :1:1: Premature end of file.
2026-05-04 11:32:29,173 [ERROR] LogOutputStream:75 - [STDERR_REDIRECT] 
2026-05-04 11:32:30,163 [ERROR] LogOutputStream:75 - [STDERR_REDIRECT] [Fatal Error] :1:1: Premature end of file.
2026-05-04 11:32:30,164 [ERROR] LogOutputStream:75 - [STDERR_REDIRECT] 
2026-05-04 11:32:31,154 [ERROR] LogOutputStream:75 - [STDERR_REDIRECT] [Fatal Error] :1:1: Premature end of file.
2026-05-04 11:32:31,154 [ERROR] LogOutputStream:75 - [STDERR_REDIRECT] 
2026-05-04 11:32:32,157 [ERROR] LogOutputStream:75 - [STDERR_REDIRECT] [Fatal Error] :1:1: Premature end of file.
2026-05-04 11:32:32,158 [ERROR] LogOutputStream:75 - [STDERR_REDIRECT] 
2026-05-04 11:32:33,188 [ERROR] LogOutputStream:75 - [STDERR_REDIRECT] [Fatal Error] :1:1: Premature end of file.
2026-05-04 11:32:33,188 [ERROR] LogOutputStream:75 - [STDERR_REDIRECT] 
2026-05-04 11:32:34,155 [ERROR] LogOutputStream:75 - [STDERR_REDIRECT] [Fatal Error] :1:1: Premature end of file.
2026-05-04 11:32:34,156 [ERROR] LogOutputStream:75 - [STDERR_REDIRECT] 
2026-05-04 11:32:35,160 [ERROR] LogOutputStream:75 - [STDERR_REDIRECT] [Fatal Error] :1:1: Premature end of file.
2026-05-04 11:32:35,160 [ERROR] LogOutputStream:75 - [STDERR_REDIRECT] 
2026-05-04 11:32:36,147 [ERROR] LogOutputStream:75 - [STDERR_REDIRECT] [Fatal Error] :1:1: Premature end of file.
2026-05-04 11:32:36,147 [ERROR] LogOutputStream:75 - [STDERR_REDIRECT] 
2026-05-04 11:32:37,160 [ERROR] LogOutputStream:75 - [STDERR_REDIRECT] [Fatal Error] :1:1: Premature end of file.
2026-05-04 11:32:37,160 [ERROR] LogOutputStream:75 - [STDERR_REDIRECT] 
2026-05-04 11:32:38,153 [ERROR] LogOutputStream:75 - [STDERR_REDIRECT] [Fatal Error] :1:1: Premature end of file.
2026-05-04 11:32:38,154 [ERROR] LogOutputStream:75 - [STDERR_REDIRECT] 
2026-05-04 11:32:39,170 [ERROR] LogOutputStream:75 - [STDERR_REDIRECT] [Fatal Error] :1:1: Premature end of file.
2026-05-04 11:32:39,170 [ERROR] LogOutputStream:75 - [STDERR_REDIRECT] 
2026-05-04 11:32:40,154 [ERROR] LogOutputStream:75 - [STDERR_REDIRECT] [Fatal Error] :1:1: Premature end of file.
2026-05-04 11:32:40,155 [ERROR] LogOutputStream:75 - [STDERR_REDIRECT] 
2026-05-04 11:32:41,166 [ERROR] LogOutputStream:75 - [STDERR_REDIRECT] [Fatal Error] :1:1: Premature end of file.
2026-05-04 11:32:41,166 [ERROR] LogOutputStream:75 - [STDERR_REDIRECT] 
2026-05-04 11:32:42,166 [ERROR] LogOutputStream:75 - [STDERR_REDIRECT] [Fatal Error] :1:1: Premature end of file.
2026-05-04 11:32:42,166 [ERROR] LogOutputStream:75 - [STDERR_REDIRECT] 
2026-05-04 11:32:43,157 [ERROR] LogOutputStream:75 - [STDERR_REDIRECT] [Fatal Error] :1:1: Premature end of file.
2026-05-04 11:32:43,157 [ERROR] LogOutputStream:75 - [STDERR_REDIRECT] 
2026-05-04 11:32:44,163 [ERROR] LogOutputStream:75 - [STDERR_REDIRECT] [Fatal Error] :1:1: Premature end of file.
2026-05-04 11:32:44,164 [ERROR] LogOutputStream:75 - [STDERR_REDIRECT] 
2026-05-04 11:32:45,177 [ERROR] LogOutputStream:75 - [STDERR_REDIRECT] [Fatal Error] :1:1: Premature end of file.
2026-05-04 11:32:45,178 [ERROR] LogOutputStream:75 - [STDERR_REDIRECT] 
2026-05-04 11:32:46,138 [ERROR] LogOutputStream:75 - [STDERR_REDIRECT] [Fatal Error] :1:1: Premature end of file.
2026-05-04 11:32:46,138 [ERROR] LogOutputStream:75 - [STDERR_REDIRECT] 
2026-05-04 11:32:47,151 [ERROR] LogOutputStream:75 - [STDERR_REDIRECT] [Fatal Error] :1:1: Premature end of file.
2026-05-04 11:32:47,151 [ERROR] LogOutputStream:75 - [STDERR_REDIRECT] 
2026-05-04 11:32:48,143 [ERROR] LogOutputStream:75 - [STDERR_REDIRECT] [Fatal Error] :1:1: Premature end of file.
2026-05-04 11:32:48,143 [ERROR] LogOutputStream:75 - [STDERR_REDIRECT] 
2026-05-04 11:32:49,181 [ERROR] LogOutputStream:75 - [STDERR_REDIRECT] [Fatal Error] :1:1: Premature end of file.
2026-05-04 11:32:49,182 [ERROR] LogOutputStream:75 - [STDERR_REDIRECT] 
2026-05-04 11:32:50,185 [ERROR] LogOutputStream:75 - [STDERR_REDIRECT] [Fatal Error] :1:1: Premature end of file.
2026-05-04 11:32:50,185 [ERROR] LogOutputStream:75 - [STDERR_REDIRECT] 
2026-05-04 11:32:51,154 [ERROR] LogOutputStream:75 - [STDERR_REDIRECT] [Fatal Error] :1:1: Premature end of file.
2026-05-04 11:32:51,155 [ERROR] LogOutputStream:75 - [STDERR_REDIRECT] 
2026-05-04 11:32:52,143 [ERROR] LogOutputStream:75 - [STDERR_REDIRECT] [Fatal Error] :1:1: Premature end of file.
2026-05-04 11:32:52,144 [ERROR] LogOutputStream:75 - [STDERR_REDIRECT] 
2026-05-04 11:32:53,171 [ERROR] LogOutputStream:75 - [STDERR_REDIRECT] [Fatal Error] :1:1: Premature end of file.
2026-05-04 11:32:53,171 [ERROR] LogOutputStream:75 - [STDERR_REDIRECT] 
2026-05-04 11:32:54,140 [ERROR] LogOutputStream:75 - [STDERR_REDIRECT] [Fatal Error] :1:1: Premature end of file.
2026-05-04 11:32:54,140 [ERROR] LogOutputStream:75 - [STDERR_REDIRECT] 
2026-05-04 11:32:55,145 [ERROR] LogOutputStream:75 - [STDERR_REDIRECT] [Fatal Error] :1:1: Premature end of file.
2026-05-04 11:32:55,145 [ERROR] LogOutputStream:75 - [STDERR_REDIRECT] 
2026-05-04 11:32:56,157 [ERROR] LogOutputStream:75 - [STDERR_REDIRECT] [Fatal Error] :1:1: Premature end of file.
2026-05-04 11:32:56,158 [ERROR] LogOutputStream:75 - [STDERR_REDIRECT] 
2026-05-04 11:32:57,165 [ERROR] LogOutputStream:75 - [STDERR_REDIRECT] [Fatal Error] :1:1: Premature end of file.
2026-05-04 11:32:57,166 [ERROR] LogOutputStream:75 - [STDERR_REDIRECT] 
2026-05-04 11:32:58,141 [ERROR] LogOutputStream:75 - [STDERR_REDIRECT] [Fatal Error] :1:1: Premature end of file.
2026-05-04 11:32:58,142 [ERROR] LogOutputStream:75 - [STDERR_REDIRECT] 
2026-05-04 11:32:59,156 [ERROR] LogOutputStream:75 - [STDERR_REDIRECT] [Fatal Error] :1:1: Premature end of file.
2026-05-04 11:32:59,156 [ERROR] LogOutputStream:75 - [STDERR_REDIRECT] 
2026-05-04 11:33:00,173 [ERROR] LogOutputStream:75 - [STDERR_REDIRECT] [Fatal Error] :1:1: Premature end of file.
2026-05-04 11:33:00,174 [ERROR] LogOutputStream:75 - [STDERR_REDIRECT] 
2026-05-04 11:33:01,163 [ERROR] LogOutputStream:75 - [STDERR_REDIRECT] [Fatal Error] :1:1: Premature end of file.
2026-05-04 11:33:01,163 [ERROR] LogOutputStream:75 - [STDERR_REDIRECT] 
2026-05-04 11:33:02,157 [ERROR] LogOutputStream:75 - [STDERR_REDIRECT] [Fatal Error] :1:1: Premature end of file.
2026-05-04 11:33:02,157 [ERROR] LogOutputStream:75 - [STDERR_REDIRECT] 
2026-05-04 11:33:03,182 [ERROR] LogOutputStream:75 - [STDERR_REDIRECT] [Fatal Error] :1:1: Premature end of file.
2026-05-04 11:33:03,182 [ERROR] LogOutputStream:75 - [STDERR_REDIRECT] 
2026-05-04 11:33:04,150 [ERROR] LogOutputStream:75 - [STDERR_REDIRECT] [Fatal Error] :1:1: Premature end of file.
2026-05-04 11:33:04,150 [ERROR] LogOutputStream:75 - [STDERR_REDIRECT] 
2026-05-04 11:33:05,168 [ERROR] LogOutputStream:75 - [STDERR_REDIRECT] [Fatal Error] :1:1: Premature end of file.
2026-05-04 11:33:05,169 [ERROR] LogOutputStream:75 - [STDERR_REDIRECT] 
2026-05-04 11:33:06,147 [ERROR] LogOutputStream:75 - [STDERR_REDIRECT] [Fatal Error] :1:1: Premature end of file.
2026-05-04 11:33:06,147 [ERROR] LogOutputStream:75 - [STDERR_REDIRECT] 
2026-05-04 11:33:07,185 [ERROR] LogOutputStream:75 - [STDERR_REDIRECT] [Fatal Error] :1:1: Premature end of file.
2026-05-04 11:33:07,186 [ERROR] LogOutputStream:75 - [STDERR_REDIRECT] 
2026-05-04 11:33:08,154 [ERROR] LogOutputStream:75 - [STDERR_REDIRECT] [Fatal Error] :1:1: Premature end of file.
2026-05-04 11:33:08,155 [ERROR] LogOutputStream:75 - [STDERR_REDIRECT] 
2026-05-04 11:33:09,183 [ERROR] LogOutputStream:75 - [STDERR_REDIRECT] [Fatal Error] :1:1: Premature end of file.
2026-05-04 11:33:09,183 [ERROR] LogOutputStream:75 - [STDERR_REDIRECT] 
2026-05-04 11:33:10,174 [ERROR] LogOutputStream:75 - [STDERR_REDIRECT] [Fatal Error] :1:1: Premature end of file.
2026-05-04 11:33:10,174 [ERROR] LogOutputStream:75 - [STDERR_REDIRECT] 
2026-05-04 11:33:11,154 [ERROR] LogOutputStream:75 - [STDERR_REDIRECT] [Fatal Error] :1:1: Premature end of file.
2026-05-04 11:33:11,154 [ERROR] LogOutputStream:75 - [STDERR_REDIRECT] 
2026-05-04 11:33:12,170 [ERROR] LogOutputStream:75 - [STDERR_REDIRECT] [Fatal Error] :1:1: Premature end of file.
2026-05-04 11:33:12,170 [ERROR] LogOutputStream:75 - [STDERR_REDIRECT] 
2026-05-04 11:33:13,158 [ERROR] LogOutputStream:75 - [STDERR_REDIRECT] [Fatal Error] :1:1: Premature end of file.
2026-05-04 11:33:13,159 [ERROR] LogOutputStream:75 - [STDERR_REDIRECT] 
2026-05-04 11:33:14,148 [ERROR] LogOutputStream:75 - [STDERR_REDIRECT] [Fatal Error] :1:1: Premature end of file.
2026-05-04 11:33:14,148 [ERROR] LogOutputStream:75 - [STDERR_REDIRECT] 
2026-05-04 11:33:15,155 [ERROR] LogOutputStream:75 - [STDERR_REDIRECT] [Fatal Error] :1:1: Premature end of file.
2026-05-04 11:33:15,155 [ERROR] LogOutputStream:75 - [STDERR_REDIRECT] 
2026-05-04 11:33:16,160 [ERROR] LogOutputStream:75 - [STDERR_REDIRECT] [Fatal Error] :1:1: Premature end of file.
2026-05-04 11:33:16,161 [ERROR] LogOutputStream:75 - [STDERR_REDIRECT] 
2026-05-04 11:33:17,154 [ERROR] LogOutputStream:75 - [STDERR_REDIRECT] [Fatal Error] :1:1: Premature end of file.
2026-05-04 11:33:17,154 [ERROR] LogOutputStream:75 - [STDERR_REDIRECT] 
2026-05-04 11:33:18,176 [ERROR] LogOutputStream:75 - [STDERR_REDIRECT] [Fatal Error] :1:1: Premature end of file.
2026-05-04 11:33:18,176 [ERROR] LogOutputStream:75 - [STDERR_REDIRECT] 
2026-05-04 11:33:19,132 [ERROR] LogOutputStream:75 - [STDERR_REDIRECT] [Fatal Error] :1:1: Premature end of file.
2026-05-04 11:33:19,133 [ERROR] LogOutputStream:75 - [STDERR_REDIRECT] 
2026-05-04 11:33:20,162 [ERROR] LogOutputStream:75 - [STDERR_REDIRECT] [Fatal Error] :1:1: Premature end of file.
2026-05-04 11:33:20,162 [ERROR] LogOutputStream:75 - [STDERR_REDIRECT] 
2026-05-04 11:33:21,155 [ERROR] LogOutputStream:75 - [STDERR_REDIRECT] [Fatal Error] :1:1: Premature end of file.
2026-05-04 11:33:21,156 [ERROR] LogOutputStream:75 - [STDERR_REDIRECT] 
2026-05-04 11:33:22,156 [ERROR] LogOutputStream:75 - [STDERR_REDIRECT] [Fatal Error] :1:1: Premature end of file.
2026-05-04 11:33:22,156 [ERROR] LogOutputStream:75 - [STDERR_REDIRECT] 
2026-05-04 11:33:23,150 [ERROR] LogOutputStream:75 - [STDERR_REDIRECT] [Fatal Error] :1:1: Premature end of file.
2026-05-04 11:33:23,151 [ERROR] LogOutputStream:75 - [STDERR_REDIRECT] 
2026-05-04 11:33:24,170 [ERROR] LogOutputStream:75 - [STDERR_REDIRECT] [Fatal Error] :1:1: Premature end of file.
2026-05-04 11:33:24,171 [ERROR] LogOutputStream:75 - [STDERR_REDIRECT] 
2026-05-04 11:33:25,169 [ERROR] LogOutputStream:75 - [STDERR_REDIRECT] [Fatal Error] :1:1: Premature end of file.
2026-05-04 11:33:25,170 [ERROR] LogOutputStream:75 - [STDERR_REDIRECT] 
2026-05-04 11:33:26,166 [ERROR] LogOutputStream:75 - [STDERR_REDIRECT] [Fatal Error] :1:1: Premature end of file.
2026-05-04 11:33:26,167 [ERROR] LogOutputStream:75 - [STDERR_REDIRECT] 
2026-05-04 11:33:27,156 [ERROR] LogOutputStream:75 - [STDERR_REDIRECT] [Fatal Error] :1:1: Premature end of file.
2026-05-04 11:33:27,157 [ERROR] LogOutputStream:75 - [STDERR_REDIRECT] 
2026-05-04 11:33:28,173 [ERROR] LogOutputStream:75 - [STDERR_REDIRECT] [Fatal Error] :1:1: Premature end of file.
2026-05-04 11:33:28,173 [ERROR] LogOutputStream:75 - [STDERR_REDIRECT] 
2026-05-04 11:33:29,153 [ERROR] LogOutputStream:75 - [STDERR_REDIRECT] [Fatal Error] :1:1: Premature end of file.
2026-05-04 11:33:29,153 [ERROR] LogOutputStream:75 - [STDERR_REDIRECT] 
2026-05-04 11:33:30,154 [ERROR] LogOutputStream:75 - [STDERR_REDIRECT] [Fatal Error] :1:1: Premature end of file.
2026-05-04 11:33:30,154 [ERROR] LogOutputStream:75 - [STDERR_REDIRECT] 
2026-05-04 11:33:31,158 [ERROR] LogOutputStream:75 - [STDERR_REDIRECT] [Fatal Error] :1:1: Premature end of file.
2026-05-04 11:33:31,158 [ERROR] LogOutputStream:75 - [STDERR_REDIRECT] 
2026-05-04 11:33:32,166 [ERROR] LogOutputStream:75 - [STDERR_REDIRECT] [Fatal Error] :1:1: Premature end of file.
2026-05-04 11:33:32,166 [ERROR] LogOutputStream:75 - [STDERR_REDIRECT] 
2026-05-04 11:33:33,150 [ERROR] LogOutputStream:75 - [STDERR_REDIRECT] [Fatal Error] :1:1: Premature end of file.
2026-05-04 11:33:33,151 [ERROR] LogOutputStream:75 - [STDERR_REDIRECT] 
2026-05-04 11:33:34,152 [ERROR] LogOutputStream:75 - [STDERR_REDIRECT] [Fatal Error] :1:1: Premature end of file.
2026-05-04 11:33:34,152 [ERROR] LogOutputStream:75 - [STDERR_REDIRECT] 
2026-05-04 11:33:35,165 [ERROR] LogOutputStream:75 - [STDERR_REDIRECT] [Fatal Error] :1:1: Premature end of file.
2026-05-04 11:33:35,165 [ERROR] LogOutputStream:75 - [STDERR_REDIRECT] 
2026-05-04 11:33:36,184 [ERROR] LogOutputStream:75 - [STDERR_REDIRECT] [Fatal Error] :1:1: Premature end of file.
2026-05-04 11:33:36,184 [ERROR] LogOutputStream:75 - [STDERR_REDIRECT] 
2026-05-04 11:33:37,159 [ERROR] LogOutputStream:75 - [STDERR_REDIRECT] [Fatal Error] :1:1: Premature end of file.
2026-05-04 11:33:37,160 [ERROR] LogOutputStream:75 - [STDERR_REDIRECT] 
2026-05-04 11:33:38,160 [ERROR] LogOutputStream:75 - [STDERR_REDIRECT] [Fatal Error] :1:1: Premature end of file.
2026-05-04 11:33:38,161 [ERROR] LogOutputStream:75 - [STDERR_REDIRECT] 
2026-05-04 11:33:39,158 [ERROR] LogOutputStream:75 - [STDERR_REDIRECT] [Fatal Error] :1:1: Premature end of file.
2026-05-04 11:33:39,158 [ERROR] LogOutputStream:75 - [STDERR_REDIRECT] 
2026-05-04 11:33:40,151 [ERROR] LogOutputStream:75 - [STDERR_REDIRECT] [Fatal Error] :1:1: Premature end of file.
2026-05-04 11:33:40,151 [ERROR] LogOutputStream:75 - [STDERR_REDIRECT] 
2026-05-04 11:33:41,192 [ERROR] LogOutputStream:75 - [STDERR_REDIRECT] [Fatal Error] :1:1: Premature end of file.
2026-05-04 11:33:41,192 [ERROR] LogOutputStream:75 - [STDERR_REDIRECT] 
2026-05-04 11:33:42,158 [ERROR] LogOutputStream:75 - [STDERR_REDIRECT] [Fatal Error] :1:1: Premature end of file.
2026-05-04 11:33:42,158 [ERROR] LogOutputStream:75 - [STDERR_REDIRECT] 
2026-05-04 11:33:43,151 [ERROR] LogOutputStream:75 - [STDERR_REDIRECT] [Fatal Error] :1:1: Premature end of file.
2026-05-04 11:33:43,151 [ERROR] LogOutputStream:75 - [STDERR_REDIRECT] 
2026-05-04 11:33:44,144 [ERROR] LogOutputStream:75 - [STDERR_REDIRECT] [Fatal Error] :1:1: Premature end of file.
2026-05-04 11:33:44,144 [ERROR] LogOutputStream:75 - [STDERR_REDIRECT] 
2026-05-04 11:33:45,131 [ERROR] LogOutputStream:75 - [STDERR_REDIRECT] [Fatal Error] :1:1: Premature end of file.
2026-05-04 11:33:45,132 [ERROR] LogOutputStream:75 - [STDERR_REDIRECT] 
2026-05-04 11:33:46,151 [ERROR] LogOutputStream:75 - [STDERR_REDIRECT] [Fatal Error] :1:1: Premature end of file.
2026-05-04 11:33:46,151 [ERROR] LogOutputStream:75 - [STDERR_REDIRECT] 
2026-05-04 11:33:47,148 [ERROR] LogOutputStream:75 - [STDERR_REDIRECT] [Fatal Error] :1:1: Premature end of file.
2026-05-04 11:33:47,148 [ERROR] LogOutputStream:75 - [STDERR_REDIRECT] 
2026-05-04 11:33:48,157 [ERROR] LogOutputStream:75 - [STDERR_REDIRECT] [Fatal Error] :1:1: Premature end of file.
2026-05-04 11:33:48,157 [ERROR] LogOutputStream:75 - [STDERR_REDIRECT] 
2026-05-04 11:33:49,158 [ERROR] LogOutputStream:75 - [STDERR_REDIRECT] [Fatal Error] :1:1: Premature end of file.
2026-05-04 11:33:49,158 [ERROR] LogOutputStream:75 - [STDERR_REDIRECT] 
2026-05-04 11:33:50,142 [ERROR] LogOutputStream:75 - [STDERR_REDIRECT] [Fatal Error] :1:1: Premature end of file.
2026-05-04 11:33:50,142 [ERROR] LogOutputStream:75 - [STDERR_REDIRECT] 
2026-05-04 11:33:51,136 [ERROR] LogOutputStream:75 - [STDERR_REDIRECT] [Fatal Error] :1:1: Premature end of file.
2026-05-04 11:33:51,136 [ERROR] LogOutputStream:75 - [STDERR_REDIRECT] 
2026-05-04 11:33:52,174 [ERROR] LogOutputStream:75 - [STDERR_REDIRECT] [Fatal Error] :1:1: Premature end of file.
2026-05-04 11:33:52,175 [ERROR] LogOutputStream:75 - [STDERR_REDIRECT] 
2026-05-04 11:33:53,155 [ERROR] LogOutputStream:75 - [STDERR_REDIRECT] [Fatal Error] :1:1: Premature end of file.
2026-05-04 11:33:53,155 [ERROR] LogOutputStream:75 - [STDERR_REDIRECT] 
2026-05-04 11:33:54,175 [ERROR] LogOutputStream:75 - [STDERR_REDIRECT] [Fatal Error] :1:1: Premature end of file.
2026-05-04 11:33:54,176 [ERROR] LogOutputStream:75 - [STDERR_REDIRECT] 
2026-05-04 11:33:55,148 [ERROR] LogOutputStream:75 - [STDERR_REDIRECT] [Fatal Error] :1:1: Premature end of file.
2026-05-04 11:33:55,148 [ERROR] LogOutputStream:75 - [STDERR_REDIRECT] 
2026-05-04 11:33:56,127 [ERROR] LogOutputStream:75 - [STDERR_REDIRECT] [Fatal Error] :1:1: Premature end of file.
2026-05-04 11:33:56,127 [ERROR] LogOutputStream:75 - [STDERR_REDIRECT] 
2026-05-04 11:33:57,159 [ERROR] LogOutputStream:75 - [STDERR_REDIRECT] [Fatal Error] :1:1: Premature end of file.
2026-05-04 11:33:57,159 [ERROR] LogOutputStream:75 - [STDERR_REDIRECT] 
2026-05-04 11:33:58,154 [ERROR] LogOutputStream:75 - [STDERR_REDIRECT] [Fatal Error] :1:1: Premature end of file.
2026-05-04 11:33:58,154 [ERROR] LogOutputStream:75 - [STDERR_REDIRECT] 
2026-05-04 11:33:59,162 [ERROR] LogOutputStream:75 - [STDERR_REDIRECT] [Fatal Error] :1:1: Premature end of file.
2026-05-04 11:33:59,162 [ERROR] LogOutputStream:75 - [STDERR_REDIRECT] 
2026-05-04 11:34:00,155 [ERROR] LogOutputStream:75 - [STDERR_REDIRECT] [Fatal Error] :1:1: Premature end of file.
2026-05-04 11:34:00,155 [ERROR] LogOutputStream:75 - [STDERR_REDIRECT] 
2026-05-04 11:34:01,151 [ERROR] LogOutputStream:75 - [STDERR_REDIRECT] [Fatal Error] :1:1: Premature end of file.
2026-05-04 11:34:01,152 [ERROR] LogOutputStream:75 - [STDERR_REDIRECT] 
2026-05-04 11:34:02,139 [ERROR] LogOutputStream:75 - [STDERR_REDIRECT] [Fatal Error] :1:1: Premature end of file.
2026-05-04 11:34:02,139 [ERROR] LogOutputStream:75 - [STDERR_REDIRECT] 
2026-05-04 11:34:03,146 [ERROR] LogOutputStream:75 - [STDERR_REDIRECT] [Fatal Error] :1:1: Premature end of file.
2026-05-04 11:34:03,146 [ERROR] LogOutputStream:75 - [STDERR_REDIRECT] 
2026-05-04 11:34:04,140 [ERROR] LogOutputStream:75 - [STDERR_REDIRECT] [Fatal Error] :1:1: Premature end of file.
2026-05-04 11:34:04,140 [ERROR] LogOutputStream:75 - [STDERR_REDIRECT] 
2026-05-04 11:34:05,147 [ERROR] LogOutputStream:75 - [STDERR_REDIRECT] [Fatal Error] :1:1: Premature end of file.
2026-05-04 11:34:05,148 [ERROR] LogOutputStream:75 - [STDERR_REDIRECT] 
2026-05-04 11:34:06,148 [ERROR] LogOutputStream:75 - [STDERR_REDIRECT] [Fatal Error] :1:1: Premature end of file.
2026-05-04 11:34:06,148 [ERROR] LogOutputStream:75 - [STDERR_REDIRECT] 
2026-05-04 11:34:07,161 [ERROR] LogOutputStream:75 - [STDERR_REDIRECT] [Fatal Error] :1:1: Premature end of file.
2026-05-04 11:34:07,162 [ERROR] LogOutputStream:75 - [STDERR_REDIRECT] 
2026-05-04 11:34:08,154 [ERROR] LogOutputStream:75 - [STDERR_REDIRECT] [Fatal Error] :1:1: Premature end of file.
2026-05-04 11:34:08,154 [ERROR] LogOutputStream:75 - [STDERR_REDIRECT] 
2026-05-04 11:34:09,144 [ERROR] LogOutputStream:75 - [STDERR_REDIRECT] [Fatal Error] :1:1: Premature end of file.
2026-05-04 11:34:09,144 [ERROR] LogOutputStream:75 - [STDERR_REDIRECT] 
2026-05-04 11:34:10,143 [ERROR] LogOutputStream:75 - [STDERR_REDIRECT] [Fatal Error] :1:1: Premature end of file.
2026-05-04 11:34:10,144 [ERROR] LogOutputStream:75 - [STDERR_REDIRECT] 
2026-05-04 11:34:11,152 [ERROR] LogOutputStream:75 - [STDERR_REDIRECT] [Fatal Error] :1:1: Premature end of file.
2026-05-04 11:34:11,152 [ERROR] LogOutputStream:75 - [STDERR_REDIRECT] 
2026-05-04 11:34:12,158 [ERROR] LogOutputStream:75 - [STDERR_REDIRECT] [Fatal Error] :1:1: Premature end of file.
2026-05-04 11:34:12,158 [ERROR] LogOutputStream:75 - [STDERR_REDIRECT] 
2026-05-04 11:34:13,172 [ERROR] LogOutputStream:75 - [STDERR_REDIRECT] [Fatal Error] :1:1: Premature end of file.
2026-05-04 11:34:13,173 [ERROR] LogOutputStream:75 - [STDERR_REDIRECT] 
2026-05-04 11:34:14,154 [ERROR] LogOutputStream:75 - [STDERR_REDIRECT] [Fatal Error] :1:1: Premature end of file.
2026-05-04 11:34:14,154 [ERROR] LogOutputStream:75 - [STDERR_REDIRECT] 
2026-05-04 11:34:15,166 [ERROR] LogOutputStream:75 - [STDERR_REDIRECT] [Fatal Error] :1:1: Premature end of file.
2026-05-04 11:34:15,166 [ERROR] LogOutputStream:75 - [STDERR_REDIRECT] 
2026-05-04 11:34:16,158 [ERROR] LogOutputStream:75 - [STDERR_REDIRECT] [Fatal Error] :1:1: Premature end of file.
2026-05-04 11:34:16,159 [ERROR] LogOutputStream:75 - [STDERR_REDIRECT] 
2026-05-04 11:34:17,160 [ERROR] LogOutputStream:75 - [STDERR_REDIRECT] [Fatal Error] :1:1: Premature end of file.
2026-05-04 11:34:17,160 [ERROR] LogOutputStream:75 - [STDERR_REDIRECT] 
2026-05-04 11:34:18,171 [ERROR] LogOutputStream:75 - [STDERR_REDIRECT] [Fatal Error] :1:1: Premature end of file.
2026-05-04 11:34:18,172 [ERROR] LogOutputStream:75 - [STDERR_REDIRECT] 
2026-05-04 11:34:19,172 [ERROR] LogOutputStream:75 - [STDERR_REDIRECT] [Fatal Error] :1:1: Premature end of file.
2026-05-04 11:34:19,173 [ERROR] LogOutputStream:75 - [STDERR_REDIRECT] 
2026-05-04 11:34:20,156 [ERROR] LogOutputStream:75 - [STDERR_REDIRECT] [Fatal Error] :1:1: Premature end of file.
2026-05-04 11:34:20,156 [ERROR] LogOutputStream:75 - [STDERR_REDIRECT] 
2026-05-04 11:34:21,150 [ERROR] LogOutputStream:75 - [STDERR_REDIRECT] [Fatal Error] :1:1: Premature end of file.
2026-05-04 11:34:21,150 [ERROR] LogOutputStream:75 - [STDERR_REDIRECT] 
2026-05-04 11:34:22,142 [ERROR] LogOutputStream:75 - [STDERR_REDIRECT] [Fatal Error] :1:1: Premature end of file.
2026-05-04 11:34:22,142 [ERROR] LogOutputStream:75 - [STDERR_REDIRECT] 
2026-05-04 11:34:23,152 [ERROR] LogOutputStream:75 - [STDERR_REDIRECT] [Fatal Error] :1:1: Premature end of file.
2026-05-04 11:34:23,152 [ERROR] LogOutputStream:75 - [STDERR_REDIRECT] 
2026-05-04 11:34:24,159 [ERROR] LogOutputStream:75 - [STDERR_REDIRECT] [Fatal Error] :1:1: Premature end of file.
2026-05-04 11:34:24,159 [ERROR] LogOutputStream:75 - [STDERR_REDIRECT] 
2026-05-04 11:34:25,154 [ERROR] LogOutputStream:75 - [STDERR_REDIRECT] [Fatal Error] :1:1: Premature end of file.
2026-05-04 11:34:25,154 [ERROR] LogOutputStream:75 - [STDERR_REDIRECT] 
2026-05-04 11:34:26,138 [ERROR] LogOutputStream:75 - [STDERR_REDIRECT] [Fatal Error] :1:1: Premature end of file.
2026-05-04 11:34:26,139 [ERROR] LogOutputStream:75 - [STDERR_REDIRECT] 
2026-05-04 11:34:27,151 [ERROR] LogOutputStream:75 - [STDERR_REDIRECT] [Fatal Error] :1:1: Premature end of file.
2026-05-04 11:34:27,151 [ERROR] LogOutputStream:75 - [STDERR_REDIRECT] 
2026-05-04 11:34:28,160 [ERROR] LogOutputStream:75 - [STDERR_REDIRECT] [Fatal Error] :1:1: Premature end of file.
2026-05-04 11:34:28,161 [ERROR] LogOutputStream:75 - [STDERR_REDIRECT] 
2026-05-04 11:34:29,164 [ERROR] LogOutputStream:75 - [STDERR_REDIRECT] [Fatal Error] :1:1: Premature end of file.
2026-05-04 11:34:29,164 [ERROR] LogOutputStream:75 - [STDERR_REDIRECT] 
2026-05-04 11:34:30,169 [ERROR] LogOutputStream:75 - [STDERR_REDIRECT] [Fatal Error] :1:1: Premature end of file.
2026-05-04 11:34:30,169 [ERROR] LogOutputStream:75 - [STDERR_REDIRECT] 
2026-05-04 11:34:31,159 [ERROR] LogOutputStream:75 - [STDERR_REDIRECT] [Fatal Error] :1:1: Premature end of file.
2026-05-04 11:34:31,159 [ERROR] LogOutputStream:75 - [STDERR_REDIRECT] 
2026-05-04 11:34:32,148 [ERROR] LogOutputStream:75 - [STDERR_REDIRECT] [Fatal Error] :1:1: Premature end of file.
2026-05-04 11:34:32,148 [ERROR] LogOutputStream:75 - [STDERR_REDIRECT] 
2026-05-04 11:34:33,178 [ERROR] LogOutputStream:75 - [STDERR_REDIRECT] [Fatal Error] :1:1: Premature end of file.
2026-05-04 11:34:33,178 [ERROR] LogOutputStream:75 - [STDERR_REDIRECT] 
2026-05-04 11:34:34,154 [ERROR] LogOutputStream:75 - [STDERR_REDIRECT] [Fatal Error] :1:1: Premature end of file.
2026-05-04 11:34:34,155 [ERROR] LogOutputStream:75 - [STDERR_REDIRECT] 
2026-05-04 11:34:35,156 [ERROR] LogOutputStream:75 - [STDERR_REDIRECT] [Fatal Error] :1:1: Premature end of file.
2026-05-04 11:34:35,156 [ERROR] LogOutputStream:75 - [STDERR_REDIRECT] 
2026-05-04 11:34:36,148 [ERROR] LogOutputStream:75 - [STDERR_REDIRECT] [Fatal Error] :1:1: Premature end of file.
2026-05-04 11:34:36,149 [ERROR] LogOutputStream:75 - [STDERR_REDIRECT] 
2026-05-04 11:34:37,159 [ERROR] LogOutputStream:75 - [STDERR_REDIRECT] [Fatal Error] :1:1: Premature end of file.
2026-05-04 11:34:37,160 [ERROR] LogOutputStream:75 - [STDERR_REDIRECT] 
2026-05-04 11:34:38,149 [ERROR] LogOutputStream:75 - [STDERR_REDIRECT] [Fatal Error] :1:1: Premature end of file.
2026-05-04 11:34:38,150 [ERROR] LogOutputStream:75 - [STDERR_REDIRECT] 
2026-05-04 11:34:39,141 [ERROR] LogOutputStream:75 - [STDERR_REDIRECT] [Fatal Error] :1:1: Premature end of file.
2026-05-04 11:34:39,142 [ERROR] LogOutputStream:75 - [STDERR_REDIRECT] 
2026-05-04 11:34:40,150 [ERROR] LogOutputStream:75 - [STDERR_REDIRECT] [Fatal Error] :1:1: Premature end of file.
2026-05-04 11:34:40,150 [ERROR] LogOutputStream:75 - [STDERR_REDIRECT] 
2026-05-04 11:34:41,170 [ERROR] LogOutputStream:75 - [STDERR_REDIRECT] [Fatal Error] :1:1: Premature end of file.
2026-05-04 11:34:41,170 [ERROR] LogOutputStream:75 - [STDERR_REDIRECT] 
2026-05-04 11:34:42,142 [ERROR] LogOutputStream:75 - [STDERR_REDIRECT] [Fatal Error] :1:1: Premature end of file.
2026-05-04 11:34:42,142 [ERROR] LogOutputStream:75 - [STDERR_REDIRECT] 
2026-05-04 11:34:43,164 [ERROR] LogOutputStream:75 - [STDERR_REDIRECT] [Fatal Error] :1:1: Premature end of file.
2026-05-04 11:34:43,164 [ERROR] LogOutputStream:75 - [STDERR_REDIRECT] 
2026-05-04 11:34:44,158 [ERROR] LogOutputStream:75 - [STDERR_REDIRECT] [Fatal Error] :1:1: Premature end of file.
2026-05-04 11:34:44,158 [ERROR] LogOutputStream:75 - [STDERR_REDIRECT] 
2026-05-04 11:34:45,148 [ERROR] LogOutputStream:75 - [STDERR_REDIRECT] [Fatal Error] :1:1: Premature end of file.
2026-05-04 11:34:45,148 [ERROR] LogOutputStream:75 - [STDERR_REDIRECT] 
2026-05-04 11:34:46,154 [ERROR] LogOutputStream:75 - [STDERR_REDIRECT] [Fatal Error] :1:1: Premature end of file.
2026-05-04 11:34:46,154 [ERROR] LogOutputStream:75 - [STDERR_REDIRECT] 
2026-05-04 11:34:47,142 [ERROR] LogOutputStream:75 - [STDERR_REDIRECT] [Fatal Error] :1:1: Premature end of file.
2026-05-04 11:34:47,143 [ERROR] LogOutputStream:75 - [STDERR_REDIRECT] 
2026-05-04 11:34:48,153 [ERROR] LogOutputStream:75 - [STDERR_REDIRECT] [Fatal Error] :1:1: Premature end of file.
2026-05-04 11:34:48,153 [ERROR] LogOutputStream:75 - [STDERR_REDIRECT] 
2026-05-04 11:34:49,155 [ERROR] LogOutputStream:75 - [STDERR_REDIRECT] [Fatal Error] :1:1: Premature end of file.
2026-05-04 11:34:49,155 [ERROR] LogOutputStream:75 - [STDERR_REDIRECT] 
2026-05-04 11:34:50,147 [ERROR] LogOutputStream:75 - [STDERR_REDIRECT] [Fatal Error] :1:1: Premature end of file.
2026-05-04 11:34:50,147 [ERROR] LogOutputStream:75 - [STDERR_REDIRECT] 
2026-05-04 11:34:51,162 [ERROR] LogOutputStream:75 - [STDERR_REDIRECT] [Fatal Error] :1:1: Premature end of file.
2026-05-04 11:34:51,162 [ERROR] LogOutputStream:75 - [STDERR_REDIRECT] 
2026-05-04 11:34:52,163 [ERROR] LogOutputStream:75 - [STDERR_REDIRECT] [Fatal Error] :1:1: Premature end of file.
2026-05-04 11:34:52,163 [ERROR] LogOutputStream:75 - [STDERR_REDIRECT] 
2026-05-04 11:34:53,152 [ERROR] LogOutputStream:75 - [STDERR_REDIRECT] [Fatal Error] :1:1: Premature end of file.
2026-05-04 11:34:53,152 [ERROR] LogOutputStream:75 - [STDERR_REDIRECT] 
2026-05-04 11:34:54,153 [ERROR] LogOutputStream:75 - [STDERR_REDIRECT] [Fatal Error] :1:1: Premature end of file.
2026-05-04 11:34:54,154 [ERROR] LogOutputStream:75 - [STDERR_REDIRECT] 
2026-05-04 11:34:55,154 [ERROR] LogOutputStream:75 - [STDERR_REDIRECT] [Fatal Error] :1:1: Premature end of file.
2026-05-04 11:34:55,154 [ERROR] LogOutputStream:75 - [STDERR_REDIRECT] 
2026-05-04 11:34:56,140 [ERROR] LogOutputStream:75 - [STDERR_REDIRECT] [Fatal Error] :1:1: Premature end of file.
2026-05-04 11:34:56,140 [ERROR] LogOutputStream:75 - [STDERR_REDIRECT] 
2026-05-04 11:34:57,164 [ERROR] LogOutputStream:75 - [STDERR_REDIRECT] [Fatal Error] :1:1: Premature end of file.
2026-05-04 11:34:57,165 [ERROR] LogOutputStream:75 - [STDERR_REDIRECT] 
2026-05-04 11:34:58,154 [ERROR] LogOutputStream:75 - [STDERR_REDIRECT] [Fatal Error] :1:1: Premature end of file.
2026-05-04 11:34:58,154 [ERROR] LogOutputStream:75 - [STDERR_REDIRECT] 
2026-05-04 11:34:59,159 [ERROR] LogOutputStream:75 - [STDERR_REDIRECT] [Fatal Error] :1:1: Premature end of file.
2026-05-04 11:34:59,159 [ERROR] LogOutputStream:75 - [STDERR_REDIRECT] 
2026-05-04 11:35:00,142 [ERROR] LogOutputStream:75 - [STDERR_REDIRECT] [Fatal Error] :1:1: Premature end of file.
2026-05-04 11:35:00,143 [ERROR] LogOutputStream:75 - [STDERR_REDIRECT] 
2026-05-04 11:35:01,155 [ERROR] LogOutputStream:75 - [STDERR_REDIRECT] [Fatal Error] :1:1: Premature end of file.
2026-05-04 11:35:01,155 [ERROR] LogOutputStream:75 - [STDERR_REDIRECT] 
2026-05-04 11:35:02,149 [ERROR] LogOutputStream:75 - [STDERR_REDIRECT] [Fatal Error] :1:1: Premature end of file.
2026-05-04 11:35:02,150 [ERROR] LogOutputStream:75 - [STDERR_REDIRECT] 
2026-05-04 11:35:03,173 [ERROR] LogOutputStream:75 - [STDERR_REDIRECT] [Fatal Error] :1:1: Premature end of file.
2026-05-04 11:35:03,173 [ERROR] LogOutputStream:75 - [STDERR_REDIRECT] 
2026-05-04 11:35:04,153 [ERROR] LogOutputStream:75 - [STDERR_REDIRECT] [Fatal Error] :1:1: Premature end of file.
2026-05-04 11:35:04,153 [ERROR] LogOutputStream:75 - [STDERR_REDIRECT] 
2026-05-04 11:35:05,187 [ERROR] LogOutputStream:75 - [STDERR_REDIRECT] [Fatal Error] :1:1: Premature end of file.
2026-05-04 11:35:05,187 [ERROR] LogOutputStream:75 - [STDERR_REDIRECT] 
2026-05-04 11:35:06,138 [ERROR] LogOutputStream:75 - [STDERR_REDIRECT] [Fatal Error] :1:1: Premature end of file.
2026-05-04 11:35:06,138 [ERROR] LogOutputStream:75 - [STDERR_REDIRECT] 
2026-05-04 11:35:07,174 [ERROR] LogOutputStream:75 - [STDERR_REDIRECT] [Fatal Error] :1:1: Premature end of file.
2026-05-04 11:35:07,175 [ERROR] LogOutputStream:75 - [STDERR_REDIRECT] 
2026-05-04 11:35:08,142 [ERROR] LogOutputStream:75 - [STDERR_REDIRECT] [Fatal Error] :1:1: Premature end of file.
2026-05-04 11:35:08,142 [ERROR] LogOutputStream:75 - [STDERR_REDIRECT] 
2026-05-04 11:35:09,152 [ERROR] LogOutputStream:75 - [STDERR_REDIRECT] [Fatal Error] :1:1: Premature end of file.
2026-05-04 11:35:09,153 [ERROR] LogOutputStream:75 - [STDERR_REDIRECT] 
2026-05-04 11:35:10,137 [ERROR] LogOutputStream:75 - [STDERR_REDIRECT] [Fatal Error] :1:1: Premature end of file.
2026-05-04 11:35:10,137 [ERROR] LogOutputStream:75 - [STDERR_REDIRECT] 
2026-05-04 11:35:11,151 [ERROR] LogOutputStream:75 - [STDERR_REDIRECT] [Fatal Error] :1:1: Premature end of file.
2026-05-04 11:35:11,151 [ERROR] LogOutputStream:75 - [STDERR_REDIRECT] 
2026-05-04 11:35:12,139 [ERROR] LogOutputStream:75 - [STDERR_REDIRECT] [Fatal Error] :1:1: Premature end of file.
2026-05-04 11:35:12,139 [ERROR] LogOutputStream:75 - [STDERR_REDIRECT] 
2026-05-04 11:35:13,155 [ERROR] LogOutputStream:75 - [STDERR_REDIRECT] [Fatal Error] :1:1: Premature end of file.
2026-05-04 11:35:13,156 [ERROR] LogOutputStream:75 - [STDERR_REDIRECT] 
2026-05-04 11:35:14,145 [ERROR] LogOutputStream:75 - [STDERR_REDIRECT] [Fatal Error] :1:1: Premature end of file.
2026-05-04 11:35:14,146 [ERROR] LogOutputStream:75 - [STDERR_REDIRECT] 
2026-05-04 11:35:15,139 [ERROR] LogOutputStream:75 - [STDERR_REDIRECT] [Fatal Error] :1:1: Premature end of file.
2026-05-04 11:35:15,139 [ERROR] LogOutputStream:75 - [STDERR_REDIRECT] 
2026-05-04 11:35:16,145 [ERROR] LogOutputStream:75 - [STDERR_REDIRECT] [Fatal Error] :1:1: Premature end of file.
2026-05-04 11:35:16,145 [ERROR] LogOutputStream:75 - [STDERR_REDIRECT] 
2026-05-04 11:35:17,150 [ERROR] LogOutputStream:75 - [STDERR_REDIRECT] [Fatal Error] :1:1: Premature end of file.
2026-05-04 11:35:17,150 [ERROR] LogOutputStream:75 - [STDERR_REDIRECT] 
2026-05-04 11:35:18,157 [ERROR] LogOutputStream:75 - [STDERR_REDIRECT] [Fatal Error] :1:1: Premature end of file.
2026-05-04 11:35:18,157 [ERROR] LogOutputStream:75 - [STDERR_REDIRECT] 
2026-05-04 11:35:19,166 [ERROR] LogOutputStream:75 - [STDERR_REDIRECT] [Fatal Error] :1:1: Premature end of file.
2026-05-04 11:35:19,167 [ERROR] LogOutputStream:75 - [STDERR_REDIRECT] 
2026-05-04 11:35:20,159 [ERROR] LogOutputStream:75 - [STDERR_REDIRECT] [Fatal Error] :1:1: Premature end of file.
2026-05-04 11:35:20,160 [ERROR] LogOutputStream:75 - [STDERR_REDIRECT] 
2026-05-04 11:35:21,137 [ERROR] LogOutputStream:75 - [STDERR_REDIRECT] [Fatal Error] :1:1: Premature end of file.
2026-05-04 11:35:21,137 [ERROR] LogOutputStream:75 - [STDERR_REDIRECT] 
2026-05-04 11:35:22,138 [ERROR] LogOutputStream:75 - [STDERR_REDIRECT] [Fatal Error] :1:1: Premature end of file.
2026-05-04 11:35:22,138 [ERROR] LogOutputStream:75 - [STDERR_REDIRECT] 
2026-05-04 11:35:23,143 [ERROR] LogOutputStream:75 - [STDERR_REDIRECT] [Fatal Error] :1:1: Premature end of file.
2026-05-04 11:35:23,143 [ERROR] LogOutputStream:75 - [STDERR_REDIRECT] 
2026-05-04 11:35:24,136 [ERROR] LogOutputStream:75 - [STDERR_REDIRECT] [Fatal Error] :1:1: Premature end of file.
2026-05-04 11:35:24,137 [ERROR] LogOutputStream:75 - [STDERR_REDIRECT] 
2026-05-04 11:35:25,170 [ERROR] LogOutputStream:75 - [STDERR_REDIRECT] [Fatal Error] :1:1: Premature end of file.
2026-05-04 11:35:25,170 [ERROR] LogOutputStream:75 - [STDERR_REDIRECT] 
2026-05-04 11:35:26,154 [ERROR] LogOutputStream:75 - [STDERR_REDIRECT] [Fatal Error] :1:1: Premature end of file.
2026-05-04 11:35:26,154 [ERROR] LogOutputStream:75 - [STDERR_REDIRECT] 
2026-05-04 11:35:27,148 [ERROR] LogOutputStream:75 - [STDERR_REDIRECT] [Fatal Error] :1:1: Premature end of file.
2026-05-04 11:35:27,149 [ERROR] LogOutputStream:75 - [STDERR_REDIRECT] 
2026-05-04 11:35:28,152 [ERROR] LogOutputStream:75 - [STDERR_REDIRECT] [Fatal Error] :1:1: Premature end of file.
2026-05-04 11:35:28,154 [ERROR] LogOutputStream:75 - [STDERR_REDIRECT] 
2026-05-04 11:35:29,158 [ERROR] LogOutputStream:75 - [STDERR_REDIRECT] [Fatal Error] :1:1: Premature end of file.
2026-05-04 11:35:29,160 [ERROR] LogOutputStream:75 - [STDERR_REDIRECT] 
2026-05-04 11:35:30,137 [ERROR] LogOutputStream:75 - [STDERR_REDIRECT] [Fatal Error] :1:1: Premature end of file.
2026-05-04 11:35:30,138 [ERROR] LogOutputStream:75 - [STDERR_REDIRECT] 
2026-05-04 11:35:31,170 [ERROR] LogOutputStream:75 - [STDERR_REDIRECT] [Fatal Error] :1:1: Premature end of file.
2026-05-04 11:35:31,171 [ERROR] LogOutputStream:75 - [STDERR_REDIRECT] 
2026-05-04 11:35:32,198 [ERROR] LogOutputStream:75 - [STDERR_REDIRECT] [Fatal Error] :1:1: Premature end of file.
2026-05-04 11:35:32,198 [ERROR] LogOutputStream:75 - [STDERR_REDIRECT] 
2026-05-04 11:35:33,168 [ERROR] LogOutputStream:75 - [STDERR_REDIRECT] [Fatal Error] :1:1: Premature end of file.
2026-05-04 11:35:33,169 [ERROR] LogOutputStream:75 - [STDERR_REDIRECT] 
2026-05-04 11:35:34,154 [ERROR] LogOutputStream:75 - [STDERR_REDIRECT] [Fatal Error] :1:1: Premature end of file.
2026-05-04 11:35:34,154 [ERROR] LogOutputStream:75 - [STDERR_REDIRECT] 
2026-05-04 11:35:35,155 [ERROR] LogOutputStream:75 - [STDERR_REDIRECT] [Fatal Error] :1:1: Premature end of file.
2026-05-04 11:35:35,155 [ERROR] LogOutputStream:75 - [STDERR_REDIRECT] 
2026-05-04 11:35:36,142 [ERROR] LogOutputStream:75 - [STDERR_REDIRECT] [Fatal Error] :1:1: Premature end of file.
2026-05-04 11:35:36,142 [ERROR] LogOutputStream:75 - [STDERR_REDIRECT] 
2026-05-04 11:35:37,148 [ERROR] LogOutputStream:75 - [STDERR_REDIRECT] [Fatal Error] :1:1: Premature end of file.
2026-05-04 11:35:37,148 [ERROR] LogOutputStream:75 - [STDERR_REDIRECT] 
2026-05-04 11:35:38,167 [ERROR] LogOutputStream:75 - [STDERR_REDIRECT] [Fatal Error] :1:1: Premature end of file.
2026-05-04 11:35:38,168 [ERROR] LogOutputStream:75 - [STDERR_REDIRECT] 
2026-05-04 11:35:39,163 [ERROR] LogOutputStream:75 - [STDERR_REDIRECT] [Fatal Error] :1:1: Premature end of file.
2026-05-04 11:35:39,163 [ERROR] LogOutputStream:75 - [STDERR_REDIRECT] 
2026-05-04 11:35:40,153 [ERROR] LogOutputStream:75 - [STDERR_REDIRECT] [Fatal Error] :1:1: Premature end of file.
2026-05-04 11:35:40,153 [ERROR] LogOutputStream:75 - [STDERR_REDIRECT] 
2026-05-04 11:35:41,148 [ERROR] LogOutputStream:75 - [STDERR_REDIRECT] [Fatal Error] :1:1: Premature end of file.
2026-05-04 11:35:41,148 [ERROR] LogOutputStream:75 - [STDERR_REDIRECT] 
2026-05-04 11:35:42,141 [ERROR] LogOutputStream:75 - [STDERR_REDIRECT] [Fatal Error] :1:1: Premature end of file.
2026-05-04 11:35:42,142 [ERROR] LogOutputStream:75 - [STDERR_REDIRECT] 
2026-05-04 11:35:43,163 [ERROR] LogOutputStream:75 - [STDERR_REDIRECT] [Fatal Error] :1:1: Premature end of file.
2026-05-04 11:35:43,163 [ERROR] LogOutputStream:75 - [STDERR_REDIRECT] 
2026-05-04 11:35:44,141 [ERROR] LogOutputStream:75 - [STDERR_REDIRECT] [Fatal Error] :1:1: Premature end of file.
2026-05-04 11:35:44,142 [ERROR] LogOutputStream:75 - [STDERR_REDIRECT] 
2026-05-04 11:35:45,135 [ERROR] LogOutputStream:75 - [STDERR_REDIRECT] [Fatal Error] :1:1: Premature end of file.
2026-05-04 11:35:45,136 [ERROR] LogOutputStream:75 - [STDERR_REDIRECT] 
2026-05-04 11:35:46,172 [ERROR] LogOutputStream:75 - [STDERR_REDIRECT] [Fatal Error] :1:1: Premature end of file.
2026-05-04 11:35:46,173 [ERROR] LogOutputStream:75 - [STDERR_REDIRECT] 
2026-05-04 11:35:47,159 [ERROR] LogOutputStream:75 - [STDERR_REDIRECT] [Fatal Error] :1:1: Premature end of file.
2026-05-04 11:35:47,159 [ERROR] LogOutputStream:75 - [STDERR_REDIRECT] 
2026-05-04 11:35:48,183 [ERROR] LogOutputStream:75 - [STDERR_REDIRECT] [Fatal Error] :1:1: Premature end of file.
2026-05-04 11:35:48,184 [ERROR] LogOutputStream:75 - [STDERR_REDIRECT] 
2026-05-04 11:35:49,159 [ERROR] LogOutputStream:75 - [STDERR_REDIRECT] [Fatal Error] :1:1: Premature end of file.
2026-05-04 11:35:49,160 [ERROR] LogOutputStream:75 - [STDERR_REDIRECT] 
2026-05-04 11:35:50,153 [ERROR] LogOutputStream:75 - [STDERR_REDIRECT] [Fatal Error] :1:1: Premature end of file.
2026-05-04 11:35:50,153 [ERROR] LogOutputStream:75 - [STDERR_REDIRECT] 
2026-05-04 11:35:51,153 [ERROR] LogOutputStream:75 - [STDERR_REDIRECT] [Fatal Error] :1:1: Premature end of file.
2026-05-04 11:35:51,153 [ERROR] LogOutputStream:75 - [STDERR_REDIRECT] 
2026-05-04 11:35:52,173 [ERROR] LogOutputStream:75 - [STDERR_REDIRECT] [Fatal Error] :1:1: Premature end of file.
2026-05-04 11:35:52,173 [ERROR] LogOutputStream:75 - [STDERR_REDIRECT] 
2026-05-04 11:35:53,156 [ERROR] LogOutputStream:75 - [STDERR_REDIRECT] [Fatal Error] :1:1: Premature end of file.
2026-05-04 11:35:53,156 [ERROR] LogOutputStream:75 - [STDERR_REDIRECT] 
2026-05-04 11:35:54,148 [ERROR] LogOutputStream:75 - [STDERR_REDIRECT] [Fatal Error] :1:1: Premature end of file.
2026-05-04 11:35:54,148 [ERROR] LogOutputStream:75 - [STDERR_REDIRECT] 
2026-05-04 11:35:55,153 [ERROR] LogOutputStream:75 - [STDERR_REDIRECT] [Fatal Error] :1:1: Premature end of file.
2026-05-04 11:35:55,153 [ERROR] LogOutputStream:75 - [STDERR_REDIRECT] 
2026-05-04 11:35:56,165 [ERROR] LogOutputStream:75 - [STDERR_REDIRECT] [Fatal Error] :1:1: Premature end of file.
2026-05-04 11:35:56,165 [ERROR] LogOutputStream:75 - [STDERR_REDIRECT] 
2026-05-04 11:35:57,162 [ERROR] LogOutputStream:75 - [STDERR_REDIRECT] [Fatal Error] :1:1: Premature end of file.
2026-05-04 11:35:57,162 [ERROR] LogOutputStream:75 - [STDERR_REDIRECT] 
2026-05-04 11:35:58,145 [ERROR] LogOutputStream:75 - [STDERR_REDIRECT] [Fatal Error] :1:1: Premature end of file.
2026-05-04 11:35:58,146 [ERROR] LogOutputStream:75 - [STDERR_REDIRECT] 
2026-05-04 11:35:59,166 [ERROR] LogOutputStream:75 - [STDERR_REDIRECT] [Fatal Error] :1:1: Premature end of file.
2026-05-04 11:35:59,167 [ERROR] LogOutputStream:75 - [STDERR_REDIRECT] 
2026-05-04 11:36:00,154 [ERROR] LogOutputStream:75 - [STDERR_REDIRECT] [Fatal Error] :1:1: Premature end of file.
2026-05-04 11:36:00,155 [ERROR] LogOutputStream:75 - [STDERR_REDIRECT] 
2026-05-04 11:36:01,133 [ERROR] LogOutputStream:75 - [STDERR_REDIRECT] [Fatal Error] :1:1: Premature end of file.
2026-05-04 11:36:01,134 [ERROR] LogOutputStream:75 - [STDERR_REDIRECT] 
2026-05-04 11:36:02,162 [ERROR] LogOutputStream:75 - [STDERR_REDIRECT] [Fatal Error] :1:1: Premature end of file.
2026-05-04 11:36:02,163 [ERROR] LogOutputStream:75 - [STDERR_REDIRECT] 
2026-05-04 11:36:03,157 [ERROR] LogOutputStream:75 - [STDERR_REDIRECT] [Fatal Error] :1:1: Premature end of file.
2026-05-04 11:36:03,157 [ERROR] LogOutputStream:75 - [STDERR_REDIRECT] 
2026-05-04 11:36:04,151 [ERROR] LogOutputStream:75 - [STDERR_REDIRECT] [Fatal Error] :1:1: Premature end of file.
2026-05-04 11:36:04,151 [ERROR] LogOutputStream:75 - [STDERR_REDIRECT] 
2026-05-04 11:36:05,173 [ERROR] LogOutputStream:75 - [STDERR_REDIRECT] [Fatal Error] :1:1: Premature end of file.
2026-05-04 11:36:05,173 [ERROR] LogOutputStream:75 - [STDERR_REDIRECT] 
2026-05-04 11:36:06,139 [ERROR] LogOutputStream:75 - [STDERR_REDIRECT] [Fatal Error] :1:1: Premature end of file.
2026-05-04 11:36:06,139 [ERROR] LogOutputStream:75 - [STDERR_REDIRECT] 
2026-05-04 11:36:07,143 [ERROR] LogOutputStream:75 - [STDERR_REDIRECT] [Fatal Error] :1:1: Premature end of file.
2026-05-04 11:36:07,144 [ERROR] LogOutputStream:75 - [STDERR_REDIRECT] 
2026-05-04 11:36:08,185 [ERROR] LogOutputStream:75 - [STDERR_REDIRECT] [Fatal Error] :1:1: Premature end of file.
2026-05-04 11:36:08,186 [ERROR] LogOutputStream:75 - [STDERR_REDIRECT] 
2026-05-04 11:36:09,167 [ERROR] LogOutputStream:75 - [STDERR_REDIRECT] [Fatal Error] :1:1: Premature end of file.
2026-05-04 11:36:09,168 [ERROR] LogOutputStream:75 - [STDERR_REDIRECT] 
2026-05-04 11:36:10,146 [ERROR] LogOutputStream:75 - [STDERR_REDIRECT] [Fatal Error] :1:1: Premature end of file.
2026-05-04 11:36:10,147 [ERROR] LogOutputStream:75 - [STDERR_REDIRECT] 
2026-05-04 11:36:11,136 [ERROR] LogOutputStream:75 - [STDERR_REDIRECT] [Fatal Error] :1:1: Premature end of file.
2026-05-04 11:36:11,136 [ERROR] LogOutputStream:75 - [STDERR_REDIRECT] 
2026-05-04 11:36:12,157 [ERROR] LogOutputStream:75 - [STDERR_REDIRECT] [Fatal Error] :1:1: Premature end of file.
2026-05-04 11:36:12,157 [ERROR] LogOutputStream:75 - [STDERR_REDIRECT] 
2026-05-04 11:36:13,150 [ERROR] LogOutputStream:75 - [STDERR_REDIRECT] [Fatal Error] :1:1: Premature end of file.
2026-05-04 11:36:13,151 [ERROR] LogOutputStream:75 - [STDERR_REDIRECT] 
2026-05-04 11:36:14,167 [ERROR] LogOutputStream:75 - [STDERR_REDIRECT] [Fatal Error] :1:1: Premature end of file.
2026-05-04 11:36:14,167 [ERROR] LogOutputStream:75 - [STDERR_REDIRECT] 
2026-05-04 11:36:15,154 [ERROR] LogOutputStream:75 - [STDERR_REDIRECT] [Fatal Error] :1:1: Premature end of file.
2026-05-04 11:36:15,154 [ERROR] LogOutputStream:75 - [STDERR_REDIRECT] 
2026-05-04 11:36:16,155 [ERROR] LogOutputStream:75 - [STDERR_REDIRECT] [Fatal Error] :1:1: Premature end of file.
2026-05-04 11:36:16,155 [ERROR] LogOutputStream:75 - [STDERR_REDIRECT] 
2026-05-04 11:36:17,172 [ERROR] LogOutputStream:75 - [STDERR_REDIRECT] [Fatal Error] :1:1: Premature end of file.
2026-05-04 11:36:17,174 [ERROR] LogOutputStream:75 - [STDERR_REDIRECT] 
2026-05-04 11:36:18,148 [ERROR] LogOutputStream:75 - [STDERR_REDIRECT] [Fatal Error] :1:1: Premature end of file.
2026-05-04 11:36:18,148 [ERROR] LogOutputStream:75 - [STDERR_REDIRECT] 
2026-05-04 11:36:19,149 [ERROR] LogOutputStream:75 - [STDERR_REDIRECT] [Fatal Error] :1:1: Premature end of file.
2026-05-04 11:36:19,150 [ERROR] LogOutputStream:75 - [STDERR_REDIRECT] 
2026-05-04 11:36:20,136 [ERROR] LogOutputStream:75 - [STDERR_REDIRECT] [Fatal Error] :1:1: Premature end of file.
2026-05-04 11:36:20,136 [ERROR] LogOutputStream:75 - [STDERR_REDIRECT] 
2026-05-04 11:36:21,161 [ERROR] LogOutputStream:75 - [STDERR_REDIRECT] [Fatal Error] :1:1: Premature end of file.
2026-05-04 11:36:21,161 [ERROR] LogOutputStream:75 - [STDERR_REDIRECT] 
2026-05-04 11:36:22,154 [ERROR] LogOutputStream:75 - [STDERR_REDIRECT] [Fatal Error] :1:1: Premature end of file.
2026-05-04 11:36:22,154 [ERROR] LogOutputStream:75 - [STDERR_REDIRECT] 
2026-05-04 11:36:23,145 [ERROR] LogOutputStream:75 - [STDERR_REDIRECT] [Fatal Error] :1:1: Premature end of file.
2026-05-04 11:36:23,146 [ERROR] LogOutputStream:75 - [STDERR_REDIRECT] 
2026-05-04 11:36:24,134 [ERROR] LogOutputStream:75 - [STDERR_REDIRECT] [Fatal Error] :1:1: Premature end of file.
2026-05-04 11:36:24,134 [ERROR] LogOutputStream:75 - [STDERR_REDIRECT] 
2026-05-04 11:36:25,169 [ERROR] LogOutputStream:75 - [STDERR_REDIRECT] [Fatal Error] :1:1: Premature end of file.
2026-05-04 11:36:25,169 [ERROR] LogOutputStream:75 - [STDERR_REDIRECT] 
2026-05-04 11:36:26,157 [ERROR] LogOutputStream:75 - [STDERR_REDIRECT] [Fatal Error] :1:1: Premature end of file.
2026-05-04 11:36:26,158 [ERROR] LogOutputStream:75 - [STDERR_REDIRECT] 
2026-05-04 11:36:27,146 [ERROR] LogOutputStream:75 - [STDERR_REDIRECT] [Fatal Error] :1:1: Premature end of file.
2026-05-04 11:36:27,146 [ERROR] LogOutputStream:75 - [STDERR_REDIRECT] 
2026-05-04 11:36:28,168 [ERROR] LogOutputStream:75 - [STDERR_REDIRECT] [Fatal Error] :1:1: Premature end of file.
2026-05-04 11:36:28,168 [ERROR] LogOutputStream:75 - [STDERR_REDIRECT] 
2026-05-04 11:36:29,148 [ERROR] LogOutputStream:75 - [STDERR_REDIRECT] [Fatal Error] :1:1: Premature end of file.
2026-05-04 11:36:29,148 [ERROR] LogOutputStream:75 - [STDERR_REDIRECT] 
2026-05-04 11:36:30,140 [ERROR] LogOutputStream:75 - [STDERR_REDIRECT] [Fatal Error] :1:1: Premature end of file.
2026-05-04 11:36:30,140 [ERROR] LogOutputStream:75 - [STDERR_REDIRECT] 
2026-05-04 11:36:31,131 [ERROR] LogOutputStream:75 - [STDERR_REDIRECT] [Fatal Error] :1:1: Premature end of file.
2026-05-04 11:36:31,131 [ERROR] LogOutputStream:75 - [STDERR_REDIRECT] 
2026-05-04 11:36:32,149 [ERROR] LogOutputStream:75 - [STDERR_REDIRECT] [Fatal Error] :1:1: Premature end of file.
2026-05-04 11:36:32,149 [ERROR] LogOutputStream:75 - [STDERR_REDIRECT] 
2026-05-04 11:36:33,154 [ERROR] LogOutputStream:75 - [STDERR_REDIRECT] [Fatal Error] :1:1: Premature end of file.
2026-05-04 11:36:33,154 [ERROR] LogOutputStream:75 - [STDERR_REDIRECT] 
2026-05-04 11:36:34,140 [ERROR] LogOutputStream:75 - [STDERR_REDIRECT] [Fatal Error] :1:1: Premature end of file.
2026-05-04 11:36:34,140 [ERROR] LogOutputStream:75 - [STDERR_REDIRECT] 
2026-05-04 11:36:35,159 [ERROR] LogOutputStream:75 - [STDERR_REDIRECT] [Fatal Error] :1:1: Premature end of file.
2026-05-04 11:36:35,159 [ERROR] LogOutputStream:75 - [STDERR_REDIRECT] 
2026-05-04 11:36:36,182 [ERROR] LogOutputStream:75 - [STDERR_REDIRECT] [Fatal Error] :1:1: Premature end of file.
2026-05-04 11:36:36,183 [ERROR] LogOutputStream:75 - [STDERR_REDIRECT] 
2026-05-04 11:36:37,162 [ERROR] LogOutputStream:75 - [STDERR_REDIRECT] [Fatal Error] :1:1: Premature end of file.
2026-05-04 11:36:37,162 [ERROR] LogOutputStream:75 - [STDERR_REDIRECT] 
2026-05-04 11:36:38,164 [ERROR] LogOutputStream:75 - [STDERR_REDIRECT] [Fatal Error] :1:1: Premature end of file.
2026-05-04 11:36:38,164 [ERROR] LogOutputStream:75 - [STDERR_REDIRECT] 
2026-05-04 11:36:39,166 [ERROR] LogOutputStream:75 - [STDERR_REDIRECT] [Fatal Error] :1:1: Premature end of file.
2026-05-04 11:36:39,166 [ERROR] LogOutputStream:75 - [STDERR_REDIRECT] 
2026-05-04 11:36:40,164 [ERROR] LogOutputStream:75 - [STDERR_REDIRECT] [Fatal Error] :1:1: Premature end of file.
2026-05-04 11:36:40,165 [ERROR] LogOutputStream:75 - [STDERR_REDIRECT] 
2026-05-04 11:36:41,175 [ERROR] LogOutputStream:75 - [STDERR_REDIRECT] [Fatal Error] :1:1: Premature end of file.
2026-05-04 11:36:41,175 [ERROR] LogOutputStream:75 - [STDERR_REDIRECT] 
2026-05-04 11:36:42,159 [ERROR] LogOutputStream:75 - [STDERR_REDIRECT] [Fatal Error] :1:1: Premature end of file.
2026-05-04 11:36:42,159 [ERROR] LogOutputStream:75 - [STDERR_REDIRECT] 
2026-05-04 11:36:43,161 [ERROR] LogOutputStream:75 - [STDERR_REDIRECT] [Fatal Error] :1:1: Premature end of file.
2026-05-04 11:36:43,161 [ERROR] LogOutputStream:75 - [STDERR_REDIRECT] 
2026-05-04 11:36:44,166 [ERROR] LogOutputStream:75 - [STDERR_REDIRECT] [Fatal Error] :1:1: Premature end of file.
2026-05-04 11:36:44,167 [ERROR] LogOutputStream:75 - [STDERR_REDIRECT] 
2026-05-04 11:36:45,157 [ERROR] LogOutputStream:75 - [STDERR_REDIRECT] [Fatal Error] :1:1: Premature end of file.
2026-05-04 11:36:45,157 [ERROR] LogOutputStream:75 - [STDERR_REDIRECT] 
2026-05-04 11:36:46,158 [ERROR] LogOutputStream:75 - [STDERR_REDIRECT] [Fatal Error] :1:1: Premature end of file.
2026-05-04 11:36:46,158 [ERROR] LogOutputStream:75 - [STDERR_REDIRECT] 
2026-05-04 11:36:47,173 [ERROR] LogOutputStream:75 - [STDERR_REDIRECT] [Fatal Error] :1:1: Premature end of file.
2026-05-04 11:36:47,173 [ERROR] LogOutputStream:75 - [STDERR_REDIRECT] 
2026-05-04 11:36:48,190 [ERROR] LogOutputStream:75 - [STDERR_REDIRECT] [Fatal Error] :1:1: Premature end of file.
2026-05-04 11:36:48,190 [ERROR] LogOutputStream:75 - [STDERR_REDIRECT] 
2026-05-04 11:36:49,146 [ERROR] LogOutputStream:75 - [STDERR_REDIRECT] [Fatal Error] :1:1: Premature end of file.
2026-05-04 11:36:49,146 [ERROR] LogOutputStream:75 - [STDERR_REDIRECT] 
2026-05-04 11:36:50,160 [ERROR] LogOutputStream:75 - [STDERR_REDIRECT] [Fatal Error] :1:1: Premature end of file.
2026-05-04 11:36:50,160 [ERROR] LogOutputStream:75 - [STDERR_REDIRECT] 
2026-05-04 11:36:51,178 [ERROR] LogOutputStream:75 - [STDERR_REDIRECT] [Fatal Error] :1:1: Premature end of file.
2026-05-04 11:36:51,178 [ERROR] LogOutputStream:75 - [STDERR_REDIRECT] 
2026-05-04 11:36:52,157 [ERROR] LogOutputStream:75 - [STDERR_REDIRECT] [Fatal Error] :1:1: Premature end of file.
2026-05-04 11:36:52,157 [ERROR] LogOutputStream:75 - [STDERR_REDIRECT] 
2026-05-04 11:36:53,171 [ERROR] LogOutputStream:75 - [STDERR_REDIRECT] [Fatal Error] :1:1: Premature end of file.
2026-05-04 11:36:53,171 [ERROR] LogOutputStream:75 - [STDERR_REDIRECT] 
2026-05-04 11:36:54,157 [ERROR] LogOutputStream:75 - [STDERR_REDIRECT] [Fatal Error] :1:1: Premature end of file.
2026-05-04 11:36:54,157 [ERROR] LogOutputStream:75 - [STDERR_REDIRECT] 
2026-05-04 11:36:55,164 [ERROR] LogOutputStream:75 - [STDERR_REDIRECT] [Fatal Error] :1:1: Premature end of file.
2026-05-04 11:36:55,164 [ERROR] LogOutputStream:75 - [STDERR_REDIRECT] 
2026-05-04 11:36:56,161 [ERROR] LogOutputStream:75 - [STDERR_REDIRECT] [Fatal Error] :1:1: Premature end of file.
2026-05-04 11:36:56,161 [ERROR] LogOutputStream:75 - [STDERR_REDIRECT] 
2026-05-04 11:36:57,143 [ERROR] LogOutputStream:75 - [STDERR_REDIRECT] [Fatal Error] :1:1: Premature end of file.
2026-05-04 11:36:57,143 [ERROR] LogOutputStream:75 - [STDERR_REDIRECT] 
2026-05-04 11:36:58,177 [ERROR] LogOutputStream:75 - [STDERR_REDIRECT] [Fatal Error] :1:1: Premature end of file.
2026-05-04 11:36:58,177 [ERROR] LogOutputStream:75 - [STDERR_REDIRECT] 
2026-05-04 11:36:59,149 [ERROR] LogOutputStream:75 - [STDERR_REDIRECT] [Fatal Error] :1:1: Premature end of file.
2026-05-04 11:36:59,150 [ERROR] LogOutputStream:75 - [STDERR_REDIRECT] 
2026-05-04 11:37:00,153 [ERROR] LogOutputStream:75 - [STDERR_REDIRECT] [Fatal Error] :1:1: Premature end of file.
2026-05-04 11:37:00,153 [ERROR] LogOutputStream:75 - [STDERR_REDIRECT] 
2026-05-04 11:37:01,144 [ERROR] LogOutputStream:75 - [STDERR_REDIRECT] [Fatal Error] :1:1: Premature end of file.
2026-05-04 11:37:01,145 [ERROR] LogOutputStream:75 - [STDERR_REDIRECT] 
2026-05-04 11:37:02,159 [ERROR] LogOutputStream:75 - [STDERR_REDIRECT] [Fatal Error] :1:1: Premature end of file.
2026-05-04 11:37:02,159 [ERROR] LogOutputStream:75 - [STDERR_REDIRECT] 
2026-05-04 11:37:03,156 [ERROR] LogOutputStream:75 - [STDERR_REDIRECT] [Fatal Error] :1:1: Premature end of file.
2026-05-04 11:37:03,157 [ERROR] LogOutputStream:75 - [STDERR_REDIRECT] 
2026-05-04 11:37:04,155 [ERROR] LogOutputStream:75 - [STDERR_REDIRECT] [Fatal Error] :1:1: Premature end of file.
2026-05-04 11:37:04,156 [ERROR] LogOutputStream:75 - [STDERR_REDIRECT] 
2026-05-04 11:37:05,161 [ERROR] LogOutputStream:75 - [STDERR_REDIRECT] [Fatal Error] :1:1: Premature end of file.
2026-05-04 11:37:05,162 [ERROR] LogOutputStream:75 - [STDERR_REDIRECT] 
2026-05-04 11:37:06,197 [ERROR] LogOutputStream:75 - [STDERR_REDIRECT] [Fatal Error] :1:1: Premature end of file.
2026-05-04 11:37:06,198 [ERROR] LogOutputStream:75 - [STDERR_REDIRECT] 
2026-05-04 11:37:07,163 [ERROR] LogOutputStream:75 - [STDERR_REDIRECT] [Fatal Error] :1:1: Premature end of file.
2026-05-04 11:37:07,163 [ERROR] LogOutputStream:75 - [STDERR_REDIRECT] 
2026-05-04 11:37:08,591 [ERROR] LogOutputStream:75 - [STDERR_REDIRECT] [Fatal Error] :1:1: Premature end of file.
2026-05-04 11:37:08,592 [ERROR] LogOutputStream:75 - [STDERR_REDIRECT] 
2026-05-04 11:37:09,185 [ERROR] LogOutputStream:75 - [STDERR_REDIRECT] [Fatal Error] :1:1: Premature end of file.
2026-05-04 11:37:09,185 [ERROR] LogOutputStream:75 - [STDERR_REDIRECT] 
2026-05-04 11:37:10,161 [ERROR] LogOutputStream:75 - [STDERR_REDIRECT] [Fatal Error] :1:1: Premature end of file.
2026-05-04 11:37:10,162 [ERROR] LogOutputStream:75 - [STDERR_REDIRECT] 
2026-05-04 11:37:11,163 [ERROR] LogOutputStream:75 - [STDERR_REDIRECT] [Fatal Error] :1:1: Premature end of file.
2026-05-04 11:37:11,163 [ERROR] LogOutputStream:75 - [STDERR_REDIRECT] 
2026-05-04 11:37:12,147 [ERROR] LogOutputStream:75 - [STDERR_REDIRECT] [Fatal Error] :1:1: Premature end of file.
2026-05-04 11:37:12,147 [ERROR] LogOutputStream:75 - [STDERR_REDIRECT] 
2026-05-04 11:37:13,135 [ERROR] LogOutputStream:75 - [STDERR_REDIRECT] [Fatal Error] :1:1: Premature end of file.
2026-05-04 11:37:13,135 [ERROR] LogOutputStream:75 - [STDERR_REDIRECT] 
2026-05-04 11:37:14,156 [ERROR] LogOutputStream:75 - [STDERR_REDIRECT] [Fatal Error] :1:1: Premature end of file.
2026-05-04 11:37:14,156 [ERROR] LogOutputStream:75 - [STDERR_REDIRECT] 
2026-05-04 11:37:15,154 [ERROR] LogOutputStream:75 - [STDERR_REDIRECT] [Fatal Error] :1:1: Premature end of file.
2026-05-04 11:37:15,154 [ERROR] LogOutputStream:75 - [STDERR_REDIRECT] 
2026-05-04 11:37:16,155 [ERROR] LogOutputStream:75 - [STDERR_REDIRECT] [Fatal Error] :1:1: Premature end of file.
2026-05-04 11:37:16,155 [ERROR] LogOutputStream:75 - [STDERR_REDIRECT] 
2026-05-04 11:37:17,156 [ERROR] LogOutputStream:75 - [STDERR_REDIRECT] [Fatal Error] :1:1: Premature end of file.
2026-05-04 11:37:17,156 [ERROR] LogOutputStream:75 - [STDERR_REDIRECT] 
2026-05-04 11:37:18,152 [ERROR] LogOutputStream:75 - [STDERR_REDIRECT] [Fatal Error] :1:1: Premature end of file.
2026-05-04 11:37:18,152 [ERROR] LogOutputStream:75 - [STDERR_REDIRECT] 
2026-05-04 11:37:19,167 [ERROR] LogOutputStream:75 - [STDERR_REDIRECT] [Fatal Error] :1:1: Premature end of file.
2026-05-04 11:37:19,167 [ERROR] LogOutputStream:75 - [STDERR_REDIRECT] 
2026-05-04 11:37:20,157 [ERROR] LogOutputStream:75 - [STDERR_REDIRECT] [Fatal Error] :1:1: Premature end of file.
2026-05-04 11:37:20,157 [ERROR] LogOutputStream:75 - [STDERR_REDIRECT] 
2026-05-04 11:37:21,150 [ERROR] LogOutputStream:75 - [STDERR_REDIRECT] [Fatal Error] :1:1: Premature end of file.
2026-05-04 11:37:21,151 [ERROR] LogOutputStream:75 - [STDERR_REDIRECT] 
2026-05-04 11:37:22,133 [ERROR] LogOutputStream:75 - [STDERR_REDIRECT] [Fatal Error] :1:1: Premature end of file.
2026-05-04 11:37:22,134 [ERROR] LogOutputStream:75 - [STDERR_REDIRECT] 
2026-05-04 11:37:23,170 [ERROR] LogOutputStream:75 - [STDERR_REDIRECT] [Fatal Error] :1:1: Premature end of file.
2026-05-04 11:37:23,170 [ERROR] LogOutputStream:75 - [STDERR_REDIRECT] 
2026-05-04 11:37:24,156 [ERROR] LogOutputStream:75 - [STDERR_REDIRECT] [Fatal Error] :1:1: Premature end of file.
2026-05-04 11:37:24,156 [ERROR] LogOutputStream:75 - [STDERR_REDIRECT] 
2026-05-04 11:37:25,155 [ERROR] LogOutputStream:75 - [STDERR_REDIRECT] [Fatal Error] :1:1: Premature end of file.
2026-05-04 11:37:25,155 [ERROR] LogOutputStream:75 - [STDERR_REDIRECT] 
2026-05-04 11:37:26,148 [ERROR] LogOutputStream:75 - [STDERR_REDIRECT] [Fatal Error] :1:1: Premature end of file.
2026-05-04 11:37:26,148 [ERROR] LogOutputStream:75 - [STDERR_REDIRECT] 
2026-05-04 11:37:27,142 [ERROR] LogOutputStream:75 - [STDERR_REDIRECT] [Fatal Error] :1:1: Premature end of file.
2026-05-04 11:37:27,143 [ERROR] LogOutputStream:75 - [STDERR_REDIRECT] 
2026-05-04 11:37:28,148 [ERROR] LogOutputStream:75 - [STDERR_REDIRECT] [Fatal Error] :1:1: Premature end of file.
2026-05-04 11:37:28,149 [ERROR] LogOutputStream:75 - [STDERR_REDIRECT] 
2026-05-04 11:37:29,160 [ERROR] LogOutputStream:75 - [STDERR_REDIRECT] [Fatal Error] :1:1: Premature end of file.
2026-05-04 11:37:29,160 [ERROR] LogOutputStream:75 - [STDERR_REDIRECT] 
2026-05-04 11:37:30,156 [ERROR] LogOutputStream:75 - [STDERR_REDIRECT] [Fatal Error] :1:1: Premature end of file.
2026-05-04 11:37:30,157 [ERROR] LogOutputStream:75 - [STDERR_REDIRECT] 
2026-05-04 11:37:31,154 [ERROR] LogOutputStream:75 - [STDERR_REDIRECT] [Fatal Error] :1:1: Premature end of file.
2026-05-04 11:37:31,154 [ERROR] LogOutputStream:75 - [STDERR_REDIRECT] 
2026-05-04 11:37:32,142 [ERROR] LogOutputStream:75 - [STDERR_REDIRECT] [Fatal Error] :1:1: Premature end of file.
2026-05-04 11:37:32,143 [ERROR] LogOutputStream:75 - [STDERR_REDIRECT] 
2026-05-04 11:37:33,167 [ERROR] LogOutputStream:75 - [STDERR_REDIRECT] [Fatal Error] :1:1: Premature end of file.
2026-05-04 11:37:33,167 [ERROR] LogOutputStream:75 - [STDERR_REDIRECT] 
2026-05-04 11:37:34,166 [ERROR] LogOutputStream:75 - [STDERR_REDIRECT] [Fatal Error] :1:1: Premature end of file.
2026-05-04 11:37:34,166 [ERROR] LogOutputStream:75 - [STDERR_REDIRECT] 
2026-05-04 11:37:35,147 [ERROR] LogOutputStream:75 - [STDERR_REDIRECT] [Fatal Error] :1:1: Premature end of file.
2026-05-04 11:37:35,147 [ERROR] LogOutputStream:75 - [STDERR_REDIRECT] 
2026-05-04 11:37:36,160 [ERROR] LogOutputStream:75 - [STDERR_REDIRECT] [Fatal Error] :1:1: Premature end of file.
2026-05-04 11:37:36,160 [ERROR] LogOutputStream:75 - [STDERR_REDIRECT] 
2026-05-04 11:37:37,171 [ERROR] LogOutputStream:75 - [STDERR_REDIRECT] [Fatal Error] :1:1: Premature end of file.
2026-05-04 11:37:37,172 [ERROR] LogOutputStream:75 - [STDERR_REDIRECT] 
2026-05-04 11:37:38,154 [ERROR] LogOutputStream:75 - [STDERR_REDIRECT] [Fatal Error] :1:1: Premature end of file.
2026-05-04 11:37:38,154 [ERROR] LogOutputStream:75 - [STDERR_REDIRECT] 
2026-05-04 11:37:39,189 [ERROR] LogOutputStream:75 - [STDERR_REDIRECT] [Fatal Error] :1:1: Premature end of file.
2026-05-04 11:37:39,190 [ERROR] LogOutputStream:75 - [STDERR_REDIRECT] 
2026-05-04 11:37:40,164 [ERROR] LogOutputStream:75 - [STDERR_REDIRECT] [Fatal Error] :1:1: Premature end of file.
2026-05-04 11:37:40,164 [ERROR] LogOutputStream:75 - [STDERR_REDIRECT] 
2026-05-04 11:37:41,145 [ERROR] LogOutputStream:75 - [STDERR_REDIRECT] [Fatal Error] :1:1: Premature end of file.
2026-05-04 11:37:41,146 [ERROR] LogOutputStream:75 - [STDERR_REDIRECT] 
2026-05-04 11:37:42,159 [ERROR] LogOutputStream:75 - [STDERR_REDIRECT] [Fatal Error] :1:1: Premature end of file.
2026-05-04 11:37:42,159 [ERROR] LogOutputStream:75 - [STDERR_REDIRECT] 
2026-05-04 11:37:43,138 [ERROR] LogOutputStream:75 - [STDERR_REDIRECT] [Fatal Error] :1:1: Premature end of file.
2026-05-04 11:37:43,138 [ERROR] LogOutputStream:75 - [STDERR_REDIRECT] 
2026-05-04 11:37:44,138 [ERROR] LogOutputStream:75 - [STDERR_REDIRECT] [Fatal Error] :1:1: Premature end of file.
2026-05-04 11:37:44,138 [ERROR] LogOutputStream:75 - [STDERR_REDIRECT] 
2026-05-04 11:37:45,139 [ERROR] LogOutputStream:75 - [STDERR_REDIRECT] [Fatal Error] :1:1: Premature end of file.
2026-05-04 11:37:45,139 [ERROR] LogOutputStream:75 - [STDERR_REDIRECT] 
2026-05-04 11:37:46,150 [ERROR] LogOutputStream:75 - [STDERR_REDIRECT] [Fatal Error] :1:1: Premature end of file.
2026-05-04 11:37:46,151 [ERROR] LogOutputStream:75 - [STDERR_REDIRECT] 
2026-05-04 11:37:47,139 [ERROR] LogOutputStream:75 - [STDERR_REDIRECT] [Fatal Error] :1:1: Premature end of file.
2026-05-04 11:37:47,139 [ERROR] LogOutputStream:75 - [STDERR_REDIRECT] 
2026-05-04 11:37:48,159 [ERROR] LogOutputStream:75 - [STDERR_REDIRECT] [Fatal Error] :1:1: Premature end of file.
2026-05-04 11:37:48,160 [ERROR] LogOutputStream:75 - [STDERR_REDIRECT] 
2026-05-04 11:37:49,161 [ERROR] LogOutputStream:75 - [STDERR_REDIRECT] [Fatal Error] :1:1: Premature end of file.
2026-05-04 11:37:49,162 [ERROR] LogOutputStream:75 - [STDERR_REDIRECT] 
2026-05-04 11:37:50,138 [ERROR] LogOutputStream:75 - [STDERR_REDIRECT] [Fatal Error] :1:1: Premature end of file.
2026-05-04 11:37:50,139 [ERROR] LogOutputStream:75 - [STDERR_REDIRECT] 
2026-05-04 11:37:51,171 [ERROR] LogOutputStream:75 - [STDERR_REDIRECT] [Fatal Error] :1:1: Premature end of file.
2026-05-04 11:37:51,171 [ERROR] LogOutputStream:75 - [STDERR_REDIRECT] 
2026-05-04 11:37:52,147 [ERROR] LogOutputStream:75 - [STDERR_REDIRECT] [Fatal Error] :1:1: Premature end of file.
2026-05-04 11:37:52,148 [ERROR] LogOutputStream:75 - [STDERR_REDIRECT] 
2026-05-04 11:37:53,149 [ERROR] LogOutputStream:75 - [STDERR_REDIRECT] [Fatal Error] :1:1: Premature end of file.
2026-05-04 11:37:53,149 [ERROR] LogOutputStream:75 - [STDERR_REDIRECT] 
2026-05-04 11:37:54,141 [ERROR] LogOutputStream:75 - [STDERR_REDIRECT] [Fatal Error] :1:1: Premature end of file.
2026-05-04 11:37:54,141 [ERROR] LogOutputStream:75 - [STDERR_REDIRECT] 
2026-05-04 11:37:55,150 [ERROR] LogOutputStream:75 - [STDERR_REDIRECT] [Fatal Error] :1:1: Premature end of file.
2026-05-04 11:37:55,151 [ERROR] LogOutputStream:75 - [STDERR_REDIRECT] 
2026-05-04 11:37:56,150 [ERROR] LogOutputStream:75 - [STDERR_REDIRECT] [Fatal Error] :1:1: Premature end of file.
2026-05-04 11:37:56,150 [ERROR] LogOutputStream:75 - [STDERR_REDIRECT] 
2026-05-04 11:37:57,161 [ERROR] LogOutputStream:75 - [STDERR_REDIRECT] [Fatal Error] :1:1: Premature end of file.
2026-05-04 11:37:57,162 [ERROR] LogOutputStream:75 - [STDERR_REDIRECT] 
2026-05-04 11:37:58,151 [ERROR] LogOutputStream:75 - [STDERR_REDIRECT] [Fatal Error] :1:1: Premature end of file.
2026-05-04 11:37:58,151 [ERROR] LogOutputStream:75 - [STDERR_REDIRECT] 
2026-05-04 11:37:59,148 [ERROR] LogOutputStream:75 - [STDERR_REDIRECT] [Fatal Error] :1:1: Premature end of file.
2026-05-04 11:37:59,148 [ERROR] LogOutputStream:75 - [STDERR_REDIRECT] 
2026-05-04 11:38:00,146 [ERROR] LogOutputStream:75 - [STDERR_REDIRECT] [Fatal Error] :1:1: Premature end of file.
2026-05-04 11:38:00,147 [ERROR] LogOutputStream:75 - [STDERR_REDIRECT] 
2026-05-04 11:38:01,141 [ERROR] LogOutputStream:75 - [STDERR_REDIRECT] [Fatal Error] :1:1: Premature end of file.
2026-05-04 11:38:01,141 [ERROR] LogOutputStream:75 - [STDERR_REDIRECT] 
2026-05-04 11:38:02,151 [ERROR] LogOutputStream:75 - [STDERR_REDIRECT] [Fatal Error] :1:1: Premature end of file.
2026-05-04 11:38:02,152 [ERROR] LogOutputStream:75 - [STDERR_REDIRECT] 
2026-05-04 11:38:03,153 [ERROR] LogOutputStream:75 - [STDERR_REDIRECT] [Fatal Error] :1:1: Premature end of file.
2026-05-04 11:38:03,153 [ERROR] LogOutputStream:75 - [STDERR_REDIRECT] 
2026-05-04 11:38:04,136 [ERROR] LogOutputStream:75 - [STDERR_REDIRECT] [Fatal Error] :1:1: Premature end of file.
2026-05-04 11:38:04,136 [ERROR] LogOutputStream:75 - [STDERR_REDIRECT] 
2026-05-04 11:38:05,183 [ERROR] LogOutputStream:75 - [STDERR_REDIRECT] [Fatal Error] :1:1: Premature end of file.
2026-05-04 11:38:05,183 [ERROR] LogOutputStream:75 - [STDERR_REDIRECT] 
2026-05-04 11:38:06,177 [ERROR] LogOutputStream:75 - [STDERR_REDIRECT] [Fatal Error] :1:1: Premature end of file.
2026-05-04 11:38:06,177 [ERROR] LogOutputStream:75 - [STDERR_REDIRECT] 
2026-05-04 11:38:07,163 [ERROR] LogOutputStream:75 - [STDERR_REDIRECT] [Fatal Error] :1:1: Premature end of file.
2026-05-04 11:38:07,163 [ERROR] LogOutputStream:75 - [STDERR_REDIRECT] 
2026-05-04 11:38:08,166 [ERROR] LogOutputStream:75 - [STDERR_REDIRECT] [Fatal Error] :1:1: Premature end of file.
2026-05-04 11:38:08,167 [ERROR] LogOutputStream:75 - [STDERR_REDIRECT] 
2026-05-04 11:38:09,183 [ERROR] LogOutputStream:75 - [STDERR_REDIRECT] [Fatal Error] :1:1: Premature end of file.
2026-05-04 11:38:09,183 [ERROR] LogOutputStream:75 - [STDERR_REDIRECT] 
2026-05-04 11:38:10,159 [ERROR] LogOutputStream:75 - [STDERR_REDIRECT] [Fatal Error] :1:1: Premature end of file.
2026-05-04 11:38:10,159 [ERROR] LogOutputStream:75 - [STDERR_REDIRECT] 
2026-05-04 11:38:11,148 [ERROR] LogOutputStream:75 - [STDERR_REDIRECT] [Fatal Error] :1:1: Premature end of file.
2026-05-04 11:38:11,148 [ERROR] LogOutputStream:75 - [STDERR_REDIRECT] 
2026-05-04 11:38:12,170 [ERROR] LogOutputStream:75 - [STDERR_REDIRECT] [Fatal Error] :1:1: Premature end of file.
2026-05-04 11:38:12,170 [ERROR] LogOutputStream:75 - [STDERR_REDIRECT] 
2026-05-04 11:38:13,155 [ERROR] LogOutputStream:75 - [STDERR_REDIRECT] [Fatal Error] :1:1: Premature end of file.
2026-05-04 11:38:13,155 [ERROR] LogOutputStream:75 - [STDERR_REDIRECT] 
2026-05-04 11:38:14,164 [ERROR] LogOutputStream:75 - [STDERR_REDIRECT] [Fatal Error] :1:1: Premature end of file.
2026-05-04 11:38:14,165 [ERROR] LogOutputStream:75 - [STDERR_REDIRECT] 
2026-05-04 11:38:15,150 [ERROR] LogOutputStream:75 - [STDERR_REDIRECT] [Fatal Error] :1:1: Premature end of file.
2026-05-04 11:38:15,150 [ERROR] LogOutputStream:75 - [STDERR_REDIRECT] 
2026-05-04 11:38:16,168 [ERROR] LogOutputStream:75 - [STDERR_REDIRECT] [Fatal Error] :1:1: Premature end of file.
2026-05-04 11:38:16,168 [ERROR] LogOutputStream:75 - [STDERR_REDIRECT] 
2026-05-04 11:38:17,174 [ERROR] LogOutputStream:75 - [STDERR_REDIRECT] [Fatal Error] :1:1: Premature end of file.
2026-05-04 11:38:17,174 [ERROR] LogOutputStream:75 - [STDERR_REDIRECT] 
2026-05-04 11:38:18,141 [ERROR] LogOutputStream:75 - [STDERR_REDIRECT] [Fatal Error] :1:1: Premature end of file.
2026-05-04 11:38:18,141 [ERROR] LogOutputStream:75 - [STDERR_REDIRECT] 
2026-05-04 11:38:19,165 [ERROR] LogOutputStream:75 - [STDERR_REDIRECT] [Fatal Error] :1:1: Premature end of file.
2026-05-04 11:38:19,165 [ERROR] LogOutputStream:75 - [STDERR_REDIRECT] 
2026-05-04 11:38:20,141 [ERROR] LogOutputStream:75 - [STDERR_REDIRECT] [Fatal Error] :1:1: Premature end of file.
2026-05-04 11:38:20,141 [ERROR] LogOutputStream:75 - [STDERR_REDIRECT] 
2026-05-04 11:38:21,154 [ERROR] LogOutputStream:75 - [STDERR_REDIRECT] [Fatal Error] :1:1: Premature end of file.
2026-05-04 11:38:21,154 [ERROR] LogOutputStream:75 - [STDERR_REDIRECT] 
2026-05-04 11:38:22,173 [ERROR] LogOutputStream:75 - [STDERR_REDIRECT] [Fatal Error] :1:1: Premature end of file.
2026-05-04 11:38:22,174 [ERROR] LogOutputStream:75 - [STDERR_REDIRECT] 
2026-05-04 11:38:23,160 [ERROR] LogOutputStream:75 - [STDERR_REDIRECT] [Fatal Error] :1:1: Premature end of file.
2026-05-04 11:38:23,160 [ERROR] LogOutputStream:75 - [STDERR_REDIRECT] 
2026-05-04 11:38:24,157 [ERROR] LogOutputStream:75 - [STDERR_REDIRECT] [Fatal Error] :1:1: Premature end of file.
2026-05-04 11:38:24,157 [ERROR] LogOutputStream:75 - [STDERR_REDIRECT] 
2026-05-04 11:38:25,123 [ERROR] LogOutputStream:75 - [STDERR_REDIRECT] [Fatal Error] :1:1: Premature end of file.
2026-05-04 11:38:25,124 [ERROR] LogOutputStream:75 - [STDERR_REDIRECT] 
2026-05-04 11:38:26,174 [ERROR] LogOutputStream:75 - [STDERR_REDIRECT] [Fatal Error] :1:1: Premature end of file.
2026-05-04 11:38:26,174 [ERROR] LogOutputStream:75 - [STDERR_REDIRECT] 
2026-05-04 11:38:27,169 [ERROR] LogOutputStream:75 - [STDERR_REDIRECT] [Fatal Error] :1:1: Premature end of file.
2026-05-04 11:38:27,169 [ERROR] LogOutputStream:75 - [STDERR_REDIRECT] 
2026-05-04 11:38:28,160 [ERROR] LogOutputStream:75 - [STDERR_REDIRECT] [Fatal Error] :1:1: Premature end of file.
2026-05-04 11:38:28,161 [ERROR] LogOutputStream:75 - [STDERR_REDIRECT] 
2026-05-04 11:38:29,165 [ERROR] LogOutputStream:75 - [STDERR_REDIRECT] [Fatal Error] :1:1: Premature end of file.
2026-05-04 11:38:29,166 [ERROR] LogOutputStream:75 - [STDERR_REDIRECT] 
2026-05-04 11:38:30,158 [ERROR] LogOutputStream:75 - [STDERR_REDIRECT] [Fatal Error] :1:1: Premature end of file.
2026-05-04 11:38:30,158 [ERROR] LogOutputStream:75 - [STDERR_REDIRECT] 
2026-05-04 11:38:31,169 [ERROR] LogOutputStream:75 - [STDERR_REDIRECT] [Fatal Error] :1:1: Premature end of file.
2026-05-04 11:38:31,170 [ERROR] LogOutputStream:75 - [STDERR_REDIRECT] 
2026-05-04 11:38:32,158 [ERROR] LogOutputStream:75 - [STDERR_REDIRECT] [Fatal Error] :1:1: Premature end of file.
2026-05-04 11:38:32,158 [ERROR] LogOutputStream:75 - [STDERR_REDIRECT] 
2026-05-04 11:38:33,151 [ERROR] LogOutputStream:75 - [STDERR_REDIRECT] [Fatal Error] :1:1: Premature end of file.
2026-05-04 11:38:33,151 [ERROR] LogOutputStream:75 - [STDERR_REDIRECT] 
2026-05-04 11:38:34,154 [ERROR] LogOutputStream:75 - [STDERR_REDIRECT] [Fatal Error] :1:1: Premature end of file.
2026-05-04 11:38:34,155 [ERROR] LogOutputStream:75 - [STDERR_REDIRECT] 
2026-05-04 11:38:35,137 [ERROR] LogOutputStream:75 - [STDERR_REDIRECT] [Fatal Error] :1:1: Premature end of file.
2026-05-04 11:38:35,137 [ERROR] LogOutputStream:75 - [STDERR_REDIRECT] 
2026-05-04 11:38:36,152 [ERROR] LogOutputStream:75 - [STDERR_REDIRECT] [Fatal Error] :1:1: Premature end of file.
2026-05-04 11:38:36,153 [ERROR] LogOutputStream:75 - [STDERR_REDIRECT] 
2026-05-04 11:38:37,160 [ERROR] LogOutputStream:75 - [STDERR_REDIRECT] [Fatal Error] :1:1: Premature end of file.
2026-05-04 11:38:37,161 [ERROR] LogOutputStream:75 - [STDERR_REDIRECT] 
2026-05-04 11:38:38,147 [ERROR] LogOutputStream:75 - [STDERR_REDIRECT] [Fatal Error] :1:1: Premature end of file.
2026-05-04 11:38:38,147 [ERROR] LogOutputStream:75 - [STDERR_REDIRECT] 
2026-05-04 11:38:39,162 [ERROR] LogOutputStream:75 - [STDERR_REDIRECT] [Fatal Error] :1:1: Premature end of file.
2026-05-04 11:38:39,162 [ERROR] LogOutputStream:75 - [STDERR_REDIRECT] 
2026-05-04 11:38:40,157 [ERROR] LogOutputStream:75 - [STDERR_REDIRECT] [Fatal Error] :1:1: Premature end of file.
2026-05-04 11:38:40,157 [ERROR] LogOutputStream:75 - [STDERR_REDIRECT] 
2026-05-04 11:38:41,169 [ERROR] LogOutputStream:75 - [STDERR_REDIRECT] [Fatal Error] :1:1: Premature end of file.
2026-05-04 11:38:41,170 [ERROR] LogOutputStream:75 - [STDERR_REDIRECT] 
2026-05-04 11:38:42,154 [ERROR] LogOutputStream:75 - [STDERR_REDIRECT] [Fatal Error] :1:1: Premature end of file.
2026-05-04 11:38:42,155 [ERROR] LogOutputStream:75 - [STDERR_REDIRECT] 
2026-05-04 11:38:43,144 [ERROR] LogOutputStream:75 - [STDERR_REDIRECT] [Fatal Error] :1:1: Premature end of file.
2026-05-04 11:38:43,144 [ERROR] LogOutputStream:75 - [STDERR_REDIRECT] 
2026-05-04 11:38:44,174 [ERROR] LogOutputStream:75 - [STDERR_REDIRECT] [Fatal Error] :1:1: Premature end of file.
2026-05-04 11:38:44,174 [ERROR] LogOutputStream:75 - [STDERR_REDIRECT] 
2026-05-04 11:38:45,192 [ERROR] LogOutputStream:75 - [STDERR_REDIRECT] [Fatal Error] :1:1: Premature end of file.
2026-05-04 11:38:45,192 [ERROR] LogOutputStream:75 - [STDERR_REDIRECT] 
2026-05-04 11:38:46,144 [ERROR] LogOutputStream:75 - [STDERR_REDIRECT] [Fatal Error] :1:1: Premature end of file.
2026-05-04 11:38:46,144 [ERROR] LogOutputStream:75 - [STDERR_REDIRECT] 
2026-05-04 11:38:47,154 [ERROR] LogOutputStream:75 - [STDERR_REDIRECT] [Fatal Error] :1:1: Premature end of file.
2026-05-04 11:38:47,154 [ERROR] LogOutputStream:75 - [STDERR_REDIRECT] 
2026-05-04 11:38:48,173 [ERROR] LogOutputStream:75 - [STDERR_REDIRECT] [Fatal Error] :1:1: Premature end of file.
2026-05-04 11:38:48,174 [ERROR] LogOutputStream:75 - [STDERR_REDIRECT] 
2026-05-04 11:38:49,147 [ERROR] LogOutputStream:75 - [STDERR_REDIRECT] [Fatal Error] :1:1: Premature end of file.
2026-05-04 11:38:49,147 [ERROR] LogOutputStream:75 - [STDERR_REDIRECT] 
2026-05-04 11:38:50,141 [ERROR] LogOutputStream:75 - [STDERR_REDIRECT] [Fatal Error] :1:1: Premature end of file.
2026-05-04 11:38:50,141 [ERROR] LogOutputStream:75 - [STDERR_REDIRECT] 
2026-05-04 11:38:51,154 [ERROR] LogOutputStream:75 - [STDERR_REDIRECT] [Fatal Error] :1:1: Premature end of file.
2026-05-04 11:38:51,154 [ERROR] LogOutputStream:75 - [STDERR_REDIRECT] 
2026-05-04 11:38:52,148 [ERROR] LogOutputStream:75 - [STDERR_REDIRECT] [Fatal Error] :1:1: Premature end of file.
2026-05-04 11:38:52,148 [ERROR] LogOutputStream:75 - [STDERR_REDIRECT] 
2026-05-04 11:38:53,148 [ERROR] LogOutputStream:75 - [STDERR_REDIRECT] [Fatal Error] :1:1: Premature end of file.
2026-05-04 11:38:53,148 [ERROR] LogOutputStream:75 - [STDERR_REDIRECT] 
2026-05-04 11:38:54,162 [ERROR] LogOutputStream:75 - [STDERR_REDIRECT] [Fatal Error] :1:1: Premature end of file.
2026-05-04 11:38:54,162 [ERROR] LogOutputStream:75 - [STDERR_REDIRECT] 
2026-05-04 11:38:55,151 [ERROR] LogOutputStream:75 - [STDERR_REDIRECT] [Fatal Error] :1:1: Premature end of file.
2026-05-04 11:38:55,151 [ERROR] LogOutputStream:75 - [STDERR_REDIRECT] 
2026-05-04 11:38:56,148 [ERROR] LogOutputStream:75 - [STDERR_REDIRECT] [Fatal Error] :1:1: Premature end of file.
2026-05-04 11:38:56,148 [ERROR] LogOutputStream:75 - [STDERR_REDIRECT] 
2026-05-04 11:38:57,134 [ERROR] LogOutputStream:75 - [STDERR_REDIRECT] [Fatal Error] :1:1: Premature end of file.
2026-05-04 11:38:57,134 [ERROR] LogOutputStream:75 - [STDERR_REDIRECT] 
2026-05-04 11:38:58,148 [ERROR] LogOutputStream:75 - [STDERR_REDIRECT] [Fatal Error] :1:1: Premature end of file.
2026-05-04 11:38:58,148 [ERROR] LogOutputStream:75 - [STDERR_REDIRECT] 
2026-05-04 11:38:59,139 [ERROR] LogOutputStream:75 - [STDERR_REDIRECT] [Fatal Error] :1:1: Premature end of file.
2026-05-04 11:38:59,139 [ERROR] LogOutputStream:75 - [STDERR_REDIRECT] 
2026-05-04 11:39:00,160 [ERROR] LogOutputStream:75 - [STDERR_REDIRECT] [Fatal Error] :1:1: Premature end of file.
2026-05-04 11:39:00,160 [ERROR] LogOutputStream:75 - [STDERR_REDIRECT] 
2026-05-04 11:39:01,140 [ERROR] LogOutputStream:75 - [STDERR_REDIRECT] [Fatal Error] :1:1: Premature end of file.
2026-05-04 11:39:01,140 [ERROR] LogOutputStream:75 - [STDERR_REDIRECT] 
2026-05-04 11:39:02,150 [ERROR] LogOutputStream:75 - [STDERR_REDIRECT] [Fatal Error] :1:1: Premature end of file.
2026-05-04 11:39:02,150 [ERROR] LogOutputStream:75 - [STDERR_REDIRECT] 
2026-05-04 11:39:03,161 [ERROR] LogOutputStream:75 - [STDERR_REDIRECT] [Fatal Error] :1:1: Premature end of file.
2026-05-04 11:39:03,161 [ERROR] LogOutputStream:75 - [STDERR_REDIRECT] 
2026-05-04 11:39:04,151 [ERROR] LogOutputStream:75 - [STDERR_REDIRECT] [Fatal Error] :1:1: Premature end of file.
2026-05-04 11:39:04,152 [ERROR] LogOutputStream:75 - [STDERR_REDIRECT] 
2026-05-04 11:39:05,150 [ERROR] LogOutputStream:75 - [STDERR_REDIRECT] [Fatal Error] :1:1: Premature end of file.
2026-05-04 11:39:05,150 [ERROR] LogOutputStream:75 - [STDERR_REDIRECT] 
2026-05-04 11:39:06,137 [ERROR] LogOutputStream:75 - [STDERR_REDIRECT] [Fatal Error] :1:1: Premature end of file.
2026-05-04 11:39:06,138 [ERROR] LogOutputStream:75 - [STDERR_REDIRECT] 
2026-05-04 11:39:07,154 [ERROR] LogOutputStream:75 - [STDERR_REDIRECT] [Fatal Error] :1:1: Premature end of file.
2026-05-04 11:39:07,154 [ERROR] LogOutputStream:75 - [STDERR_REDIRECT] 
2026-05-04 11:39:08,170 [ERROR] LogOutputStream:75 - [STDERR_REDIRECT] [Fatal Error] :1:1: Premature end of file.
2026-05-04 11:39:08,171 [ERROR] LogOutputStream:75 - [STDERR_REDIRECT] 
2026-05-04 11:39:09,184 [ERROR] LogOutputStream:75 - [STDERR_REDIRECT] [Fatal Error] :1:1: Premature end of file.
2026-05-04 11:39:09,184 [ERROR] LogOutputStream:75 - [STDERR_REDIRECT] 
2026-05-04 11:39:10,153 [ERROR] LogOutputStream:75 - [STDERR_REDIRECT] [Fatal Error] :1:1: Premature end of file.
2026-05-04 11:39:10,154 [ERROR] LogOutputStream:75 - [STDERR_REDIRECT] 
2026-05-04 11:39:11,185 [ERROR] LogOutputStream:75 - [STDERR_REDIRECT] [Fatal Error] :1:1: Premature end of file.
2026-05-04 11:39:11,186 [ERROR] LogOutputStream:75 - [STDERR_REDIRECT] 
2026-05-04 11:39:12,151 [ERROR] LogOutputStream:75 - [STDERR_REDIRECT] [Fatal Error] :1:1: Premature end of file.
2026-05-04 11:39:12,152 [ERROR] LogOutputStream:75 - [STDERR_REDIRECT] 
2026-05-04 11:39:13,149 [ERROR] LogOutputStream:75 - [STDERR_REDIRECT] [Fatal Error] :1:1: Premature end of file.
2026-05-04 11:39:13,150 [ERROR] LogOutputStream:75 - [STDERR_REDIRECT] 
2026-05-04 11:39:14,147 [ERROR] LogOutputStream:75 - [STDERR_REDIRECT] [Fatal Error] :1:1: Premature end of file.
2026-05-04 11:39:14,148 [ERROR] LogOutputStream:75 - [STDERR_REDIRECT] 
2026-05-04 11:39:15,154 [ERROR] LogOutputStream:75 - [STDERR_REDIRECT] [Fatal Error] :1:1: Premature end of file.
2026-05-04 11:39:15,154 [ERROR] LogOutputStream:75 - [STDERR_REDIRECT] 
2026-05-04 11:39:16,162 [ERROR] LogOutputStream:75 - [STDERR_REDIRECT] [Fatal Error] :1:1: Premature end of file.
2026-05-04 11:39:16,163 [ERROR] LogOutputStream:75 - [STDERR_REDIRECT] 
2026-05-04 11:39:17,158 [ERROR] LogOutputStream:75 - [STDERR_REDIRECT] [Fatal Error] :1:1: Premature end of file.
2026-05-04 11:39:17,158 [ERROR] LogOutputStream:75 - [STDERR_REDIRECT] 
2026-05-04 11:39:18,144 [ERROR] LogOutputStream:75 - [STDERR_REDIRECT] [Fatal Error] :1:1: Premature end of file.
2026-05-04 11:39:18,145 [ERROR] LogOutputStream:75 - [STDERR_REDIRECT] 
2026-05-04 11:39:19,173 [ERROR] LogOutputStream:75 - [STDERR_REDIRECT] [Fatal Error] :1:1: Premature end of file.
2026-05-04 11:39:19,173 [ERROR] LogOutputStream:75 - [STDERR_REDIRECT] 
2026-05-04 11:39:20,158 [ERROR] LogOutputStream:75 - [STDERR_REDIRECT] [Fatal Error] :1:1: Premature end of file.
2026-05-04 11:39:20,158 [ERROR] LogOutputStream:75 - [STDERR_REDIRECT] 
2026-05-04 11:39:21,156 [ERROR] LogOutputStream:75 - [STDERR_REDIRECT] [Fatal Error] :1:1: Premature end of file.
2026-05-04 11:39:21,156 [ERROR] LogOutputStream:75 - [STDERR_REDIRECT] 
2026-05-04 11:39:22,178 [ERROR] LogOutputStream:75 - [STDERR_REDIRECT] [Fatal Error] :1:1: Premature end of file.
2026-05-04 11:39:22,178 [ERROR] LogOutputStream:75 - [STDERR_REDIRECT] 
2026-05-04 11:39:23,165 [ERROR] LogOutputStream:75 - [STDERR_REDIRECT] [Fatal Error] :1:1: Premature end of file.
2026-05-04 11:39:23,165 [ERROR] LogOutputStream:75 - [STDERR_REDIRECT] 
2026-05-04 11:39:24,156 [ERROR] LogOutputStream:75 - [STDERR_REDIRECT] [Fatal Error] :1:1: Premature end of file.
2026-05-04 11:39:24,156 [ERROR] LogOutputStream:75 - [STDERR_REDIRECT] 
2026-05-04 11:39:25,176 [ERROR] LogOutputStream:75 - [STDERR_REDIRECT] [Fatal Error] :1:1: Premature end of file.
2026-05-04 11:39:25,177 [ERROR] LogOutputStream:75 - [STDERR_REDIRECT] 
2026-05-04 11:39:26,144 [ERROR] LogOutputStream:75 - [STDERR_REDIRECT] [Fatal Error] :1:1: Premature end of file.
2026-05-04 11:39:26,144 [ERROR] LogOutputStream:75 - [STDERR_REDIRECT] 
2026-05-04 11:39:27,156 [ERROR] LogOutputStream:75 - [STDERR_REDIRECT] [Fatal Error] :1:1: Premature end of file.
2026-05-04 11:39:27,156 [ERROR] LogOutputStream:75 - [STDERR_REDIRECT] 
2026-05-04 11:39:28,170 [ERROR] LogOutputStream:75 - [STDERR_REDIRECT] [Fatal Error] :1:1: Premature end of file.
2026-05-04 11:39:28,171 [ERROR] LogOutputStream:75 - [STDERR_REDIRECT] 
2026-05-04 11:39:29,165 [ERROR] LogOutputStream:75 - [STDERR_REDIRECT] [Fatal Error] :1:1: Premature end of file.
2026-05-04 11:39:29,165 [ERROR] LogOutputStream:75 - [STDERR_REDIRECT] 
2026-05-04 11:39:30,146 [ERROR] LogOutputStream:75 - [STDERR_REDIRECT] [Fatal Error] :1:1: Premature end of file.
2026-05-04 11:39:30,146 [ERROR] LogOutputStream:75 - [STDERR_REDIRECT] 
2026-05-04 11:39:31,144 [ERROR] LogOutputStream:75 - [STDERR_REDIRECT] [Fatal Error] :1:1: Premature end of file.
2026-05-04 11:39:31,144 [ERROR] LogOutputStream:75 - [STDERR_REDIRECT] 
2026-05-04 11:39:32,151 [ERROR] LogOutputStream:75 - [STDERR_REDIRECT] [Fatal Error] :1:1: Premature end of file.
2026-05-04 11:39:32,151 [ERROR] LogOutputStream:75 - [STDERR_REDIRECT] 
2026-05-04 11:39:33,156 [ERROR] LogOutputStream:75 - [STDERR_REDIRECT] [Fatal Error] :1:1: Premature end of file.
2026-05-04 11:39:33,157 [ERROR] LogOutputStream:75 - [STDERR_REDIRECT] 
2026-05-04 11:39:34,281 [ERROR] LogOutputStream:75 - [STDERR_REDIRECT] [Fatal Error] :1:1: Premature end of file.
2026-05-04 11:39:34,281 [ERROR] LogOutputStream:75 - [STDERR_REDIRECT] 
2026-05-04 11:39:35,168 [ERROR] LogOutputStream:75 - [STDERR_REDIRECT] [Fatal Error] :1:1: Premature end of file.
2026-05-04 11:39:35,168 [ERROR] LogOutputStream:75 - [STDERR_REDIRECT] 
2026-05-04 11:39:36,164 [ERROR] LogOutputStream:75 - [STDERR_REDIRECT] [Fatal Error] :1:1: Premature end of file.
2026-05-04 11:39:36,165 [ERROR] LogOutputStream:75 - [STDERR_REDIRECT] 
2026-05-04 11:39:37,172 [ERROR] LogOutputStream:75 - [STDERR_REDIRECT] [Fatal Error] :1:1: Premature end of file.
2026-05-04 11:39:37,173 [ERROR] LogOutputStream:75 - [STDERR_REDIRECT] 
2026-05-04 11:39:38,163 [ERROR] LogOutputStream:75 - [STDERR_REDIRECT] [Fatal Error] :1:1: Premature end of file.
2026-05-04 11:39:38,163 [ERROR] LogOutputStream:75 - [STDERR_REDIRECT] 
2026-05-04 11:39:39,163 [ERROR] LogOutputStream:75 - [STDERR_REDIRECT] [Fatal Error] :1:1: Premature end of file.
2026-05-04 11:39:39,163 [ERROR] LogOutputStream:75 - [STDERR_REDIRECT] 
2026-05-04 11:39:40,143 [ERROR] LogOutputStream:75 - [STDERR_REDIRECT] [Fatal Error] :1:1: Premature end of file.
2026-05-04 11:39:40,143 [ERROR] LogOutputStream:75 - [STDERR_REDIRECT] 
2026-05-04 11:39:41,153 [ERROR] LogOutputStream:75 - [STDERR_REDIRECT] [Fatal Error] :1:1: Premature end of file.
2026-05-04 11:39:41,154 [ERROR] LogOutputStream:75 - [STDERR_REDIRECT] 
2026-05-04 11:39:42,149 [ERROR] LogOutputStream:75 - [STDERR_REDIRECT] [Fatal Error] :1:1: Premature end of file.
2026-05-04 11:39:42,149 [ERROR] LogOutputStream:75 - [STDERR_REDIRECT] 
2026-05-04 11:39:43,135 [ERROR] LogOutputStream:75 - [STDERR_REDIRECT] [Fatal Error] :1:1: Premature end of file.
2026-05-04 11:39:43,135 [ERROR] LogOutputStream:75 - [STDERR_REDIRECT] 
2026-05-04 11:39:44,154 [ERROR] LogOutputStream:75 - [STDERR_REDIRECT] [Fatal Error] :1:1: Premature end of file.
2026-05-04 11:39:44,154 [ERROR] LogOutputStream:75 - [STDERR_REDIRECT] 
2026-05-04 11:39:45,146 [ERROR] LogOutputStream:75 - [STDERR_REDIRECT] [Fatal Error] :1:1: Premature end of file.
2026-05-04 11:39:45,147 [ERROR] LogOutputStream:75 - [STDERR_REDIRECT] 
2026-05-04 11:39:46,155 [ERROR] LogOutputStream:75 - [STDERR_REDIRECT] [Fatal Error] :1:1: Premature end of file.
2026-05-04 11:39:46,155 [ERROR] LogOutputStream:75 - [STDERR_REDIRECT] 
2026-05-04 11:39:47,159 [ERROR] LogOutputStream:75 - [STDERR_REDIRECT] [Fatal Error] :1:1: Premature end of file.
2026-05-04 11:39:47,160 [ERROR] LogOutputStream:75 - [STDERR_REDIRECT] 
2026-05-04 11:39:48,143 [ERROR] LogOutputStream:75 - [STDERR_REDIRECT] [Fatal Error] :1:1: Premature end of file.
2026-05-04 11:39:48,144 [ERROR] LogOutputStream:75 - [STDERR_REDIRECT] 
2026-05-04 11:39:49,147 [ERROR] LogOutputStream:75 - [STDERR_REDIRECT] [Fatal Error] :1:1: Premature end of file.
2026-05-04 11:39:49,147 [ERROR] LogOutputStream:75 - [STDERR_REDIRECT] 
2026-05-04 11:39:50,146 [ERROR] LogOutputStream:75 - [STDERR_REDIRECT] [Fatal Error] :1:1: Premature end of file.
2026-05-04 11:39:50,146 [ERROR] LogOutputStream:75 - [STDERR_REDIRECT] 
2026-05-04 11:39:51,155 [ERROR] LogOutputStream:75 - [STDERR_REDIRECT] [Fatal Error] :1:1: Premature end of file.
2026-05-04 11:39:51,155 [ERROR] LogOutputStream:75 - [STDERR_REDIRECT] 
2026-05-04 11:39:52,153 [ERROR] LogOutputStream:75 - [STDERR_REDIRECT] [Fatal Error] :1:1: Premature end of file.
2026-05-04 11:39:52,153 [ERROR] LogOutputStream:75 - [STDERR_REDIRECT] 
2026-05-04 11:39:53,242 [ERROR] LogOutputStream:75 - [STDERR_REDIRECT] [Fatal Error] :1:1: Premature end of file.
2026-05-04 11:39:53,242 [ERROR] LogOutputStream:75 - [STDERR_REDIRECT] 
2026-05-04 11:39:54,175 [ERROR] LogOutputStream:75 - [STDERR_REDIRECT] [Fatal Error] :1:1: Premature end of file.
2026-05-04 11:39:54,175 [ERROR] LogOutputStream:75 - [STDERR_REDIRECT] 
2026-05-04 11:39:55,144 [ERROR] LogOutputStream:75 - [STDERR_REDIRECT] [Fatal Error] :1:1: Premature end of file.
2026-05-04 11:39:55,144 [ERROR] LogOutputStream:75 - [STDERR_REDIRECT] 
2026-05-04 11:39:56,141 [ERROR] LogOutputStream:75 - [STDERR_REDIRECT] [Fatal Error] :1:1: Premature end of file.
2026-05-04 11:39:56,141 [ERROR] LogOutputStream:75 - [STDERR_REDIRECT] 
2026-05-04 11:39:57,146 [ERROR] LogOutputStream:75 - [STDERR_REDIRECT] [Fatal Error] :1:1: Premature end of file.
2026-05-04 11:39:57,146 [ERROR] LogOutputStream:75 - [STDERR_REDIRECT] 
2026-05-04 11:39:58,161 [ERROR] LogOutputStream:75 - [STDERR_REDIRECT] [Fatal Error] :1:1: Premature end of file.
2026-05-04 11:39:58,161 [ERROR] LogOutputStream:75 - [STDERR_REDIRECT] 
2026-05-04 11:39:59,154 [ERROR] LogOutputStream:75 - [STDERR_REDIRECT] [Fatal Error] :1:1: Premature end of file.
2026-05-04 11:39:59,154 [ERROR] LogOutputStream:75 - [STDERR_REDIRECT] 
2026-05-04 11:40:00,154 [ERROR] LogOutputStream:75 - [STDERR_REDIRECT] [Fatal Error] :1:1: Premature end of file.
2026-05-04 11:40:00,154 [ERROR] LogOutputStream:75 - [STDERR_REDIRECT] 
2026-05-04 11:40:01,175 [ERROR] LogOutputStream:75 - [STDERR_REDIRECT] [Fatal Error] :1:1: Premature end of file.
2026-05-04 11:40:01,175 [ERROR] LogOutputStream:75 - [STDERR_REDIRECT] 
2026-05-04 11:40:02,165 [ERROR] LogOutputStream:75 - [STDERR_REDIRECT] [Fatal Error] :1:1: Premature end of file.
2026-05-04 11:40:02,165 [ERROR] LogOutputStream:75 - [STDERR_REDIRECT] 
2026-05-04 11:40:03,152 [ERROR] LogOutputStream:75 - [STDERR_REDIRECT] [Fatal Error] :1:1: Premature end of file.
2026-05-04 11:40:03,152 [ERROR] LogOutputStream:75 - [STDERR_REDIRECT] 
2026-05-04 11:40:04,153 [ERROR] LogOutputStream:75 - [STDERR_REDIRECT] [Fatal Error] :1:1: Premature end of file.
2026-05-04 11:40:04,153 [ERROR] LogOutputStream:75 - [STDERR_REDIRECT] 
2026-05-04 11:40:05,175 [ERROR] LogOutputStream:75 - [STDERR_REDIRECT] [Fatal Error] :1:1: Premature end of file.
2026-05-04 11:40:05,175 [ERROR] LogOutputStream:75 - [STDERR_REDIRECT] 
2026-05-04 11:40:06,147 [ERROR] LogOutputStream:75 - [STDERR_REDIRECT] [Fatal Error] :1:1: Premature end of file.
2026-05-04 11:40:06,147 [ERROR] LogOutputStream:75 - [STDERR_REDIRECT] 
2026-05-04 11:40:07,145 [ERROR] LogOutputStream:75 - [STDERR_REDIRECT] [Fatal Error] :1:1: Premature end of file.
2026-05-04 11:40:07,145 [ERROR] LogOutputStream:75 - [STDERR_REDIRECT] 
2026-05-04 11:40:08,155 [ERROR] LogOutputStream:75 - [STDERR_REDIRECT] [Fatal Error] :1:1: Premature end of file.
2026-05-04 11:40:08,155 [ERROR] LogOutputStream:75 - [STDERR_REDIRECT] 
2026-05-04 11:40:09,161 [ERROR] LogOutputStream:75 - [STDERR_REDIRECT] [Fatal Error] :1:1: Premature end of file.
2026-05-04 11:40:09,162 [ERROR] LogOutputStream:75 - [STDERR_REDIRECT] 
2026-05-04 11:40:10,181 [ERROR] LogOutputStream:75 - [STDERR_REDIRECT] [Fatal Error] :1:1: Premature end of file.
2026-05-04 11:40:10,182 [ERROR] LogOutputStream:75 - [STDERR_REDIRECT] 
2026-05-04 11:40:11,153 [ERROR] LogOutputStream:75 - [STDERR_REDIRECT] [Fatal Error] :1:1: Premature end of file.
2026-05-04 11:40:11,153 [ERROR] LogOutputStream:75 - [STDERR_REDIRECT] 
2026-05-04 11:40:12,155 [ERROR] LogOutputStream:75 - [STDERR_REDIRECT] [Fatal Error] :1:1: Premature end of file.
2026-05-04 11:40:12,156 [ERROR] LogOutputStream:75 - [STDERR_REDIRECT] 
2026-05-04 11:40:13,178 [ERROR] LogOutputStream:75 - [STDERR_REDIRECT] [Fatal Error] :1:1: Premature end of file.
2026-05-04 11:40:13,178 [ERROR] LogOutputStream:75 - [STDERR_REDIRECT] 
2026-05-04 11:40:14,153 [ERROR] LogOutputStream:75 - [STDERR_REDIRECT] [Fatal Error] :1:1: Premature end of file.
2026-05-04 11:40:14,153 [ERROR] LogOutputStream:75 - [STDERR_REDIRECT] 
2026-05-04 11:40:15,160 [ERROR] LogOutputStream:75 - [STDERR_REDIRECT] [Fatal Error] :1:1: Premature end of file.
2026-05-04 11:40:15,160 [ERROR] LogOutputStream:75 - [STDERR_REDIRECT] 
2026-05-04 11:40:16,159 [ERROR] LogOutputStream:75 - [STDERR_REDIRECT] [Fatal Error] :1:1: Premature end of file.
2026-05-04 11:40:16,159 [ERROR] LogOutputStream:75 - [STDERR_REDIRECT] 
2026-05-04 11:40:17,157 [ERROR] LogOutputStream:75 - [STDERR_REDIRECT] [Fatal Error] :1:1: Premature end of file.
2026-05-04 11:40:17,157 [ERROR] LogOutputStream:75 - [STDERR_REDIRECT] 
2026-05-04 11:40:18,143 [ERROR] LogOutputStream:75 - [STDERR_REDIRECT] [Fatal Error] :1:1: Premature end of file.
2026-05-04 11:40:18,144 [ERROR] LogOutputStream:75 - [STDERR_REDIRECT] 
2026-05-04 11:40:19,153 [ERROR] LogOutputStream:75 - [STDERR_REDIRECT] [Fatal Error] :1:1: Premature end of file.
2026-05-04 11:40:19,154 [ERROR] LogOutputStream:75 - [STDERR_REDIRECT] 
2026-05-04 11:40:20,140 [ERROR] LogOutputStream:75 - [STDERR_REDIRECT] [Fatal Error] :1:1: Premature end of file.
2026-05-04 11:40:20,141 [ERROR] LogOutputStream:75 - [STDERR_REDIRECT] 
2026-05-04 11:40:21,154 [ERROR] LogOutputStream:75 - [STDERR_REDIRECT] [Fatal Error] :1:1: Premature end of file.
2026-05-04 11:40:21,154 [ERROR] LogOutputStream:75 - [STDERR_REDIRECT] 
2026-05-04 11:40:22,140 [ERROR] LogOutputStream:75 - [STDERR_REDIRECT] [Fatal Error] :1:1: Premature end of file.
2026-05-04 11:40:22,140 [ERROR] LogOutputStream:75 - [STDERR_REDIRECT] 
2026-05-04 11:40:23,154 [ERROR] LogOutputStream:75 - [STDERR_REDIRECT] [Fatal Error] :1:1: Premature end of file.
2026-05-04 11:40:23,154 [ERROR] LogOutputStream:75 - [STDERR_REDIRECT] 
2026-05-04 11:40:24,145 [ERROR] LogOutputStream:75 - [STDERR_REDIRECT] [Fatal Error] :1:1: Premature end of file.
2026-05-04 11:40:24,145 [ERROR] LogOutputStream:75 - [STDERR_REDIRECT] 
2026-05-04 11:40:25,151 [ERROR] LogOutputStream:75 - [STDERR_REDIRECT] [Fatal Error] :1:1: Premature end of file.
2026-05-04 11:40:25,152 [ERROR] LogOutputStream:75 - [STDERR_REDIRECT] 
2026-05-04 11:40:26,126 [ERROR] LogOutputStream:75 - [STDERR_REDIRECT] [Fatal Error] :1:1: Premature end of file.
2026-05-04 11:40:26,127 [ERROR] LogOutputStream:75 - [STDERR_REDIRECT] 
2026-05-04 11:40:27,148 [ERROR] LogOutputStream:75 - [STDERR_REDIRECT] [Fatal Error] :1:1: Premature end of file.
2026-05-04 11:40:27,148 [ERROR] LogOutputStream:75 - [STDERR_REDIRECT] 
2026-05-04 11:40:28,171 [ERROR] LogOutputStream:75 - [STDERR_REDIRECT] [Fatal Error] :1:1: Premature end of file.
2026-05-04 11:40:28,171 [ERROR] LogOutputStream:75 - [STDERR_REDIRECT] 
2026-05-04 11:40:29,149 [ERROR] LogOutputStream:75 - [STDERR_REDIRECT] [Fatal Error] :1:1: Premature end of file.
2026-05-04 11:40:29,149 [ERROR] LogOutputStream:75 - [STDERR_REDIRECT] 
2026-05-04 11:40:30,152 [ERROR] LogOutputStream:75 - [STDERR_REDIRECT] [Fatal Error] :1:1: Premature end of file.
2026-05-04 11:40:30,152 [ERROR] LogOutputStream:75 - [STDERR_REDIRECT] 
2026-05-04 11:40:31,155 [ERROR] LogOutputStream:75 - [STDERR_REDIRECT] [Fatal Error] :1:1: Premature end of file.
2026-05-04 11:40:31,155 [ERROR] LogOutputStream:75 - [STDERR_REDIRECT] 
2026-05-04 11:40:32,156 [ERROR] LogOutputStream:75 - [STDERR_REDIRECT] [Fatal Error] :1:1: Premature end of file.
2026-05-04 11:40:32,157 [ERROR] LogOutputStream:75 - [STDERR_REDIRECT] 
2026-05-04 11:40:33,155 [ERROR] LogOutputStream:75 - [STDERR_REDIRECT] [Fatal Error] :1:1: Premature end of file.
2026-05-04 11:40:33,156 [ERROR] LogOutputStream:75 - [STDERR_REDIRECT] 
2026-05-04 11:40:34,155 [ERROR] LogOutputStream:75 - [STDERR_REDIRECT] [Fatal Error] :1:1: Premature end of file.
2026-05-04 11:40:34,155 [ERROR] LogOutputStream:75 - [STDERR_REDIRECT] 
2026-05-04 11:40:35,154 [ERROR] LogOutputStream:75 - [STDERR_REDIRECT] [Fatal Error] :1:1: Premature end of file.
2026-05-04 11:40:35,154 [ERROR] LogOutputStream:75 - [STDERR_REDIRECT] 
2026-05-04 11:40:36,154 [ERROR] LogOutputStream:75 - [STDERR_REDIRECT] [Fatal Error] :1:1: Premature end of file.
2026-05-04 11:40:36,154 [ERROR] LogOutputStream:75 - [STDERR_REDIRECT] 
2026-05-04 11:40:37,164 [ERROR] LogOutputStream:75 - [STDERR_REDIRECT] [Fatal Error] :1:1: Premature end of file.
2026-05-04 11:40:37,165 [ERROR] LogOutputStream:75 - [STDERR_REDIRECT] 
2026-05-04 11:40:38,155 [ERROR] LogOutputStream:75 - [STDERR_REDIRECT] [Fatal Error] :1:1: Premature end of file.
2026-05-04 11:40:38,155 [ERROR] LogOutputStream:75 - [STDERR_REDIRECT] 
2026-05-04 11:40:39,150 [ERROR] LogOutputStream:75 - [STDERR_REDIRECT] [Fatal Error] :1:1: Premature end of file.
2026-05-04 11:40:39,151 [ERROR] LogOutputStream:75 - [STDERR_REDIRECT] 
2026-05-04 11:40:40,132 [ERROR] LogOutputStream:75 - [STDERR_REDIRECT] [Fatal Error] :1:1: Premature end of file.
2026-05-04 11:40:40,132 [ERROR] LogOutputStream:75 - [STDERR_REDIRECT] 
2026-05-04 11:40:41,153 [ERROR] LogOutputStream:75 - [STDERR_REDIRECT] [Fatal Error] :1:1: Premature end of file.
2026-05-04 11:40:41,153 [ERROR] LogOutputStream:75 - [STDERR_REDIRECT] 
2026-05-04 11:40:42,168 [ERROR] LogOutputStream:75 - [STDERR_REDIRECT] [Fatal Error] :1:1: Premature end of file.
2026-05-04 11:40:42,168 [ERROR] LogOutputStream:75 - [STDERR_REDIRECT] 
2026-05-04 11:40:43,162 [ERROR] LogOutputStream:75 - [STDERR_REDIRECT] [Fatal Error] :1:1: Premature end of file.
2026-05-04 11:40:43,162 [ERROR] LogOutputStream:75 - [STDERR_REDIRECT] 
2026-05-04 11:40:44,157 [ERROR] LogOutputStream:75 - [STDERR_REDIRECT] [Fatal Error] :1:1: Premature end of file.
2026-05-04 11:40:44,158 [ERROR] LogOutputStream:75 - [STDERR_REDIRECT] 
2026-05-04 11:40:45,155 [ERROR] LogOutputStream:75 - [STDERR_REDIRECT] [Fatal Error] :1:1: Premature end of file.
2026-05-04 11:40:45,155 [ERROR] LogOutputStream:75 - [STDERR_REDIRECT] 
2026-05-04 11:40:46,153 [ERROR] LogOutputStream:75 - [STDERR_REDIRECT] [Fatal Error] :1:1: Premature end of file.
2026-05-04 11:40:46,153 [ERROR] LogOutputStream:75 - [STDERR_REDIRECT] 
2026-05-04 11:40:47,152 [ERROR] LogOutputStream:75 - [STDERR_REDIRECT] [Fatal Error] :1:1: Premature end of file.
2026-05-04 11:40:47,153 [ERROR] LogOutputStream:75 - [STDERR_REDIRECT] 
2026-05-04 11:40:48,167 [ERROR] LogOutputStream:75 - [STDERR_REDIRECT] [Fatal Error] :1:1: Premature end of file.
2026-05-04 11:40:48,167 [ERROR] LogOutputStream:75 - [STDERR_REDIRECT] 
2026-05-04 11:40:49,154 [ERROR] LogOutputStream:75 - [STDERR_REDIRECT] [Fatal Error] :1:1: Premature end of file.
2026-05-04 11:40:49,155 [ERROR] LogOutputStream:75 - [STDERR_REDIRECT] 
2026-05-04 11:40:50,162 [ERROR] LogOutputStream:75 - [STDERR_REDIRECT] [Fatal Error] :1:1: Premature end of file.
2026-05-04 11:40:50,162 [ERROR] LogOutputStream:75 - [STDERR_REDIRECT] 
2026-05-04 11:40:51,156 [ERROR] LogOutputStream:75 - [STDERR_REDIRECT] [Fatal Error] :1:1: Premature end of file.
2026-05-04 11:40:51,156 [ERROR] LogOutputStream:75 - [STDERR_REDIRECT] 
2026-05-04 11:40:52,159 [ERROR] LogOutputStream:75 - [STDERR_REDIRECT] [Fatal Error] :1:1: Premature end of file.
2026-05-04 11:40:52,159 [ERROR] LogOutputStream:75 - [STDERR_REDIRECT] 
2026-05-04 11:40:53,176 [ERROR] LogOutputStream:75 - [STDERR_REDIRECT] [Fatal Error] :1:1: Premature end of file.
2026-05-04 11:40:53,176 [ERROR] LogOutputStream:75 - [STDERR_REDIRECT] 
2026-05-04 11:40:54,158 [ERROR] LogOutputStream:75 - [STDERR_REDIRECT] [Fatal Error] :1:1: Premature end of file.
2026-05-04 11:40:54,159 [ERROR] LogOutputStream:75 - [STDERR_REDIRECT] 
2026-05-04 11:40:55,163 [ERROR] LogOutputStream:75 - [STDERR_REDIRECT] [Fatal Error] :1:1: Premature end of file.
2026-05-04 11:40:55,164 [ERROR] LogOutputStream:75 - [STDERR_REDIRECT] 
2026-05-04 11:40:56,160 [ERROR] LogOutputStream:75 - [STDERR_REDIRECT] [Fatal Error] :1:1: Premature end of file.
2026-05-04 11:40:56,160 [ERROR] LogOutputStream:75 - [STDERR_REDIRECT] 
2026-05-04 11:40:57,159 [ERROR] LogOutputStream:75 - [STDERR_REDIRECT] [Fatal Error] :1:1: Premature end of file.
2026-05-04 11:40:57,160 [ERROR] LogOutputStream:75 - [STDERR_REDIRECT] 
2026-05-04 11:40:58,156 [ERROR] LogOutputStream:75 - [STDERR_REDIRECT] [Fatal Error] :1:1: Premature end of file.
2026-05-04 11:40:58,156 [ERROR] LogOutputStream:75 - [STDERR_REDIRECT] 
2026-05-04 11:40:59,154 [ERROR] LogOutputStream:75 - [STDERR_REDIRECT] [Fatal Error] :1:1: Premature end of file.
2026-05-04 11:40:59,155 [ERROR] LogOutputStream:75 - [STDERR_REDIRECT] 
2026-05-04 11:41:00,154 [ERROR] LogOutputStream:75 - [STDERR_REDIRECT] [Fatal Error] :1:1: Premature end of file.
2026-05-04 11:41:00,154 [ERROR] LogOutputStream:75 - [STDERR_REDIRECT] 
2026-05-04 11:41:01,186 [ERROR] LogOutputStream:75 - [STDERR_REDIRECT] [Fatal Error] :1:1: Premature end of file.
2026-05-04 11:41:01,187 [ERROR] LogOutputStream:75 - [STDERR_REDIRECT] 
2026-05-04 11:41:02,159 [ERROR] LogOutputStream:75 - [STDERR_REDIRECT] [Fatal Error] :1:1: Premature end of file.
2026-05-04 11:41:02,159 [ERROR] LogOutputStream:75 - [STDERR_REDIRECT] 
2026-05-04 11:41:03,168 [ERROR] LogOutputStream:75 - [STDERR_REDIRECT] [Fatal Error] :1:1: Premature end of file.
2026-05-04 11:41:03,168 [ERROR] LogOutputStream:75 - [STDERR_REDIRECT] 
2026-05-04 11:41:04,158 [ERROR] LogOutputStream:75 - [STDERR_REDIRECT] [Fatal Error] :1:1: Premature end of file.
2026-05-04 11:41:04,158 [ERROR] LogOutputStream:75 - [STDERR_REDIRECT] 
2026-05-04 11:41:05,160 [ERROR] LogOutputStream:75 - [STDERR_REDIRECT] [Fatal Error] :1:1: Premature end of file.
2026-05-04 11:41:05,161 [ERROR] LogOutputStream:75 - [STDERR_REDIRECT] 
2026-05-04 11:41:06,162 [ERROR] LogOutputStream:75 - [STDERR_REDIRECT] [Fatal Error] :1:1: Premature end of file.
2026-05-04 11:41:06,162 [ERROR] LogOutputStream:75 - [STDERR_REDIRECT] 
2026-05-04 11:41:07,150 [ERROR] LogOutputStream:75 - [STDERR_REDIRECT] [Fatal Error] :1:1: Premature end of file.
2026-05-04 11:41:07,151 [ERROR] LogOutputStream:75 - [STDERR_REDIRECT] 
2026-05-04 11:41:08,159 [ERROR] LogOutputStream:75 - [STDERR_REDIRECT] [Fatal Error] :1:1: Premature end of file.
2026-05-04 11:41:08,159 [ERROR] LogOutputStream:75 - [STDERR_REDIRECT] 
2026-05-04 11:41:09,173 [ERROR] LogOutputStream:75 - [STDERR_REDIRECT] [Fatal Error] :1:1: Premature end of file.
2026-05-04 11:41:09,174 [ERROR] LogOutputStream:75 - [STDERR_REDIRECT] 
2026-05-04 11:41:10,180 [ERROR] LogOutputStream:75 - [STDERR_REDIRECT] [Fatal Error] :1:1: Premature end of file.
2026-05-04 11:41:10,181 [ERROR] LogOutputStream:75 - [STDERR_REDIRECT] 
2026-05-04 11:41:11,155 [ERROR] LogOutputStream:75 - [STDERR_REDIRECT] [Fatal Error] :1:1: Premature end of file.
2026-05-04 11:41:11,156 [ERROR] LogOutputStream:75 - [STDERR_REDIRECT] 
2026-05-04 11:41:12,146 [ERROR] LogOutputStream:75 - [STDERR_REDIRECT] [Fatal Error] :1:1: Premature end of file.
2026-05-04 11:41:12,146 [ERROR] LogOutputStream:75 - [STDERR_REDIRECT] 
2026-05-04 11:41:13,158 [ERROR] LogOutputStream:75 - [STDERR_REDIRECT] [Fatal Error] :1:1: Premature end of file.
2026-05-04 11:41:13,158 [ERROR] LogOutputStream:75 - [STDERR_REDIRECT] 
2026-05-04 11:41:14,160 [ERROR] LogOutputStream:75 - [STDERR_REDIRECT] [Fatal Error] :1:1: Premature end of file.
2026-05-04 11:41:14,161 [ERROR] LogOutputStream:75 - [STDERR_REDIRECT] 
2026-05-04 11:41:15,154 [ERROR] LogOutputStream:75 - [STDERR_REDIRECT] [Fatal Error] :1:1: Premature end of file.
2026-05-04 11:41:15,155 [ERROR] LogOutputStream:75 - [STDERR_REDIRECT] 
2026-05-04 11:41:16,160 [ERROR] LogOutputStream:75 - [STDERR_REDIRECT] [Fatal Error] :1:1: Premature end of file.
2026-05-04 11:41:16,160 [ERROR] LogOutputStream:75 - [STDERR_REDIRECT] 
2026-05-04 11:41:17,149 [ERROR] LogOutputStream:75 - [STDERR_REDIRECT] [Fatal Error] :1:1: Premature end of file.
2026-05-04 11:41:17,149 [ERROR] LogOutputStream:75 - [STDERR_REDIRECT] 
2026-05-04 11:41:18,150 [ERROR] LogOutputStream:75 - [STDERR_REDIRECT] [Fatal Error] :1:1: Premature end of file.
2026-05-04 11:41:18,150 [ERROR] LogOutputStream:75 - [STDERR_REDIRECT] 
2026-05-04 11:41:19,146 [ERROR] LogOutputStream:75 - [STDERR_REDIRECT] [Fatal Error] :1:1: Premature end of file.
2026-05-04 11:41:19,147 [ERROR] LogOutputStream:75 - [STDERR_REDIRECT] 
2026-05-04 11:41:20,171 [ERROR] LogOutputStream:75 - [STDERR_REDIRECT] [Fatal Error] :1:1: Premature end of file.
2026-05-04 11:41:20,172 [ERROR] LogOutputStream:75 - [STDERR_REDIRECT] 
2026-05-04 11:41:21,155 [ERROR] LogOutputStream:75 - [STDERR_REDIRECT] [Fatal Error] :1:1: Premature end of file.
2026-05-04 11:41:21,155 [ERROR] LogOutputStream:75 - [STDERR_REDIRECT] 
2026-05-04 11:41:22,149 [ERROR] LogOutputStream:75 - [STDERR_REDIRECT] [Fatal Error] :1:1: Premature end of file.
2026-05-04 11:41:22,149 [ERROR] LogOutputStream:75 - [STDERR_REDIRECT] 
2026-05-04 11:41:23,159 [ERROR] LogOutputStream:75 - [STDERR_REDIRECT] [Fatal Error] :1:1: Premature end of file.
2026-05-04 11:41:23,159 [ERROR] LogOutputStream:75 - [STDERR_REDIRECT] 
2026-05-04 11:41:24,175 [ERROR] LogOutputStream:75 - [STDERR_REDIRECT] [Fatal Error] :1:1: Premature end of file.
2026-05-04 11:41:24,175 [ERROR] LogOutputStream:75 - [STDERR_REDIRECT] 
2026-05-04 11:41:25,156 [ERROR] LogOutputStream:75 - [STDERR_REDIRECT] [Fatal Error] :1:1: Premature end of file.
2026-05-04 11:41:25,156 [ERROR] LogOutputStream:75 - [STDERR_REDIRECT] 
2026-05-04 11:41:26,141 [ERROR] LogOutputStream:75 - [STDERR_REDIRECT] [Fatal Error] :1:1: Premature end of file.
2026-05-04 11:41:26,141 [ERROR] LogOutputStream:75 - [STDERR_REDIRECT] 
2026-05-04 11:41:27,175 [ERROR] LogOutputStream:75 - [STDERR_REDIRECT] [Fatal Error] :1:1: Premature end of file.
2026-05-04 11:41:27,175 [ERROR] LogOutputStream:75 - [STDERR_REDIRECT] 
2026-05-04 11:41:28,163 [ERROR] LogOutputStream:75 - [STDERR_REDIRECT] [Fatal Error] :1:1: Premature end of file.
2026-05-04 11:41:28,163 [ERROR] LogOutputStream:75 - [STDERR_REDIRECT] 
2026-05-04 11:41:29,151 [ERROR] LogOutputStream:75 - [STDERR_REDIRECT] [Fatal Error] :1:1: Premature end of file.
2026-05-04 11:41:29,152 [ERROR] LogOutputStream:75 - [STDERR_REDIRECT] 
2026-05-04 11:41:30,163 [ERROR] LogOutputStream:75 - [STDERR_REDIRECT] [Fatal Error] :1:1: Premature end of file.
2026-05-04 11:41:30,164 [ERROR] LogOutputStream:75 - [STDERR_REDIRECT] 
2026-05-04 11:41:31,150 [ERROR] LogOutputStream:75 - [STDERR_REDIRECT] [Fatal Error] :1:1: Premature end of file.
2026-05-04 11:41:31,151 [ERROR] LogOutputStream:75 - [STDERR_REDIRECT] 
2026-05-04 11:41:32,154 [ERROR] LogOutputStream:75 - [STDERR_REDIRECT] [Fatal Error] :1:1: Premature end of file.
2026-05-04 11:41:32,154 [ERROR] LogOutputStream:75 - [STDERR_REDIRECT] 
2026-05-04 11:41:33,182 [ERROR] LogOutputStream:75 - [STDERR_REDIRECT] [Fatal Error] :1:1: Premature end of file.
2026-05-04 11:41:33,182 [ERROR] LogOutputStream:75 - [STDERR_REDIRECT] 
2026-05-04 11:41:34,156 [ERROR] LogOutputStream:75 - [STDERR_REDIRECT] [Fatal Error] :1:1: Premature end of file.
2026-05-04 11:41:34,156 [ERROR] LogOutputStream:75 - [STDERR_REDIRECT] 
2026-05-04 11:41:35,162 [ERROR] LogOutputStream:75 - [STDERR_REDIRECT] [Fatal Error] :1:1: Premature end of file.
2026-05-04 11:41:35,162 [ERROR] LogOutputStream:75 - [STDERR_REDIRECT] 
2026-05-04 11:41:36,175 [ERROR] LogOutputStream:75 - [STDERR_REDIRECT] [Fatal Error] :1:1: Premature end of file.
2026-05-04 11:41:36,175 [ERROR] LogOutputStream:75 - [STDERR_REDIRECT] 
2026-05-04 11:41:37,154 [ERROR] LogOutputStream:75 - [STDERR_REDIRECT] [Fatal Error] :1:1: Premature end of file.
2026-05-04 11:41:37,154 [ERROR] LogOutputStream:75 - [STDERR_REDIRECT] 
2026-05-04 11:41:38,152 [ERROR] LogOutputStream:75 - [STDERR_REDIRECT] [Fatal Error] :1:1: Premature end of file.
2026-05-04 11:41:38,153 [ERROR] LogOutputStream:75 - [STDERR_REDIRECT] 
2026-05-04 11:41:39,159 [ERROR] LogOutputStream:75 - [STDERR_REDIRECT] [Fatal Error] :1:1: Premature end of file.
2026-05-04 11:41:39,160 [ERROR] LogOutputStream:75 - [STDERR_REDIRECT] 
2026-05-04 11:41:40,152 [ERROR] LogOutputStream:75 - [STDERR_REDIRECT] [Fatal Error] :1:1: Premature end of file.
2026-05-04 11:41:40,152 [ERROR] LogOutputStream:75 - [STDERR_REDIRECT] 
2026-05-04 11:41:41,161 [ERROR] LogOutputStream:75 - [STDERR_REDIRECT] [Fatal Error] :1:1: Premature end of file.
2026-05-04 11:41:41,161 [ERROR] LogOutputStream:75 - [STDERR_REDIRECT] 
2026-05-04 11:41:42,146 [ERROR] LogOutputStream:75 - [STDERR_REDIRECT] [Fatal Error] :1:1: Premature end of file.
2026-05-04 11:41:42,147 [ERROR] LogOutputStream:75 - [STDERR_REDIRECT] 
2026-05-04 11:41:43,147 [ERROR] LogOutputStream:75 - [STDERR_REDIRECT] [Fatal Error] :1:1: Premature end of file.
2026-05-04 11:41:43,147 [ERROR] LogOutputStream:75 - [STDERR_REDIRECT] 
2026-05-04 11:41:44,133 [ERROR] LogOutputStream:75 - [STDERR_REDIRECT] [Fatal Error] :1:1: Premature end of file.
2026-05-04 11:41:44,133 [ERROR] LogOutputStream:75 - [STDERR_REDIRECT] 
2026-05-04 11:41:45,149 [ERROR] LogOutputStream:75 - [STDERR_REDIRECT] [Fatal Error] :1:1: Premature end of file.
2026-05-04 11:41:45,149 [ERROR] LogOutputStream:75 - [STDERR_REDIRECT] 
2026-05-04 11:41:46,146 [ERROR] LogOutputStream:75 - [STDERR_REDIRECT] [Fatal Error] :1:1: Premature end of file.
2026-05-04 11:41:46,146 [ERROR] LogOutputStream:75 - [STDERR_REDIRECT] 
2026-05-04 11:41:47,152 [ERROR] LogOutputStream:75 - [STDERR_REDIRECT] [Fatal Error] :1:1: Premature end of file.
2026-05-04 11:41:47,152 [ERROR] LogOutputStream:75 - [STDERR_REDIRECT] 
2026-05-04 11:41:48,154 [ERROR] LogOutputStream:75 - [STDERR_REDIRECT] [Fatal Error] :1:1: Premature end of file.
2026-05-04 11:41:48,155 [ERROR] LogOutputStream:75 - [STDERR_REDIRECT] 
2026-05-04 11:41:49,148 [ERROR] LogOutputStream:75 - [STDERR_REDIRECT] [Fatal Error] :1:1: Premature end of file.
2026-05-04 11:41:49,148 [ERROR] LogOutputStream:75 - [STDERR_REDIRECT] 
2026-05-04 11:41:50,137 [ERROR] LogOutputStream:75 - [STDERR_REDIRECT] [Fatal Error] :1:1: Premature end of file.
2026-05-04 11:41:50,137 [ERROR] LogOutputStream:75 - [STDERR_REDIRECT] 
2026-05-04 11:41:51,152 [ERROR] LogOutputStream:75 - [STDERR_REDIRECT] [Fatal Error] :1:1: Premature end of file.
2026-05-04 11:41:51,153 [ERROR] LogOutputStream:75 - [STDERR_REDIRECT] 
2026-05-04 11:41:52,145 [ERROR] LogOutputStream:75 - [STDERR_REDIRECT] [Fatal Error] :1:1: Premature end of file.
2026-05-04 11:41:52,145 [ERROR] LogOutputStream:75 - [STDERR_REDIRECT] 
2026-05-04 11:41:53,148 [ERROR] LogOutputStream:75 - [STDERR_REDIRECT] [Fatal Error] :1:1: Premature end of file.
2026-05-04 11:41:53,148 [ERROR] LogOutputStream:75 - [STDERR_REDIRECT] 
2026-05-04 11:41:54,162 [ERROR] LogOutputStream:75 - [STDERR_REDIRECT] [Fatal Error] :1:1: Premature end of file.
2026-05-04 11:41:54,162 [ERROR] LogOutputStream:75 - [STDERR_REDIRECT] 
2026-05-04 11:41:55,150 [ERROR] LogOutputStream:75 - [STDERR_REDIRECT] [Fatal Error] :1:1: Premature end of file.
2026-05-04 11:41:55,151 [ERROR] LogOutputStream:75 - [STDERR_REDIRECT] 
2026-05-04 11:41:56,177 [ERROR] LogOutputStream:75 - [STDERR_REDIRECT] [Fatal Error] :1:1: Premature end of file.
2026-05-04 11:41:56,177 [ERROR] LogOutputStream:75 - [STDERR_REDIRECT] 
2026-05-04 11:41:57,143 [ERROR] LogOutputStream:75 - [STDERR_REDIRECT] [Fatal Error] :1:1: Premature end of file.
2026-05-04 11:41:57,143 [ERROR] LogOutputStream:75 - [STDERR_REDIRECT] 
2026-05-04 11:41:58,167 [ERROR] LogOutputStream:75 - [STDERR_REDIRECT] [Fatal Error] :1:1: Premature end of file.
2026-05-04 11:41:58,167 [ERROR] LogOutputStream:75 - [STDERR_REDIRECT] 
2026-05-04 11:41:59,135 [ERROR] LogOutputStream:75 - [STDERR_REDIRECT] [Fatal Error] :1:1: Premature end of file.
2026-05-04 11:41:59,135 [ERROR] LogOutputStream:75 - [STDERR_REDIRECT] 
2026-05-04 11:42:00,144 [ERROR] LogOutputStream:75 - [STDERR_REDIRECT] [Fatal Error] :1:1: Premature end of file.
2026-05-04 11:42:00,144 [ERROR] LogOutputStream:75 - [STDERR_REDIRECT] 
2026-05-04 11:42:01,150 [ERROR] LogOutputStream:75 - [STDERR_REDIRECT] [Fatal Error] :1:1: Premature end of file.
2026-05-04 11:42:01,151 [ERROR] LogOutputStream:75 - [STDERR_REDIRECT] 
2026-05-04 11:42:02,155 [ERROR] LogOutputStream:75 - [STDERR_REDIRECT] [Fatal Error] :1:1: Premature end of file.
2026-05-04 11:42:02,155 [ERROR] LogOutputStream:75 - [STDERR_REDIRECT] 
2026-05-04 11:42:03,143 [ERROR] LogOutputStream:75 - [STDERR_REDIRECT] [Fatal Error] :1:1: Premature end of file.
2026-05-04 11:42:03,143 [ERROR] LogOutputStream:75 - [STDERR_REDIRECT] 
2026-05-04 11:42:04,144 [ERROR] LogOutputStream:75 - [STDERR_REDIRECT] [Fatal Error] :1:1: Premature end of file.
2026-05-04 11:42:04,144 [ERROR] LogOutputStream:75 - [STDERR_REDIRECT] 
2026-05-04 11:42:05,145 [ERROR] LogOutputStream:75 - [STDERR_REDIRECT] [Fatal Error] :1:1: Premature end of file.
2026-05-04 11:42:05,146 [ERROR] LogOutputStream:75 - [STDERR_REDIRECT] 
2026-05-04 11:42:06,152 [ERROR] LogOutputStream:75 - [STDERR_REDIRECT] [Fatal Error] :1:1: Premature end of file.
2026-05-04 11:42:06,153 [ERROR] LogOutputStream:75 - [STDERR_REDIRECT] 
2026-05-04 11:42:07,152 [ERROR] LogOutputStream:75 - [STDERR_REDIRECT] [Fatal Error] :1:1: Premature end of file.
2026-05-04 11:42:07,153 [ERROR] LogOutputStream:75 - [STDERR_REDIRECT] 
2026-05-04 11:42:08,163 [ERROR] LogOutputStream:75 - [STDERR_REDIRECT] [Fatal Error] :1:1: Premature end of file.
2026-05-04 11:42:08,163 [ERROR] LogOutputStream:75 - [STDERR_REDIRECT] 
2026-05-04 11:42:09,172 [ERROR] LogOutputStream:75 - [STDERR_REDIRECT] [Fatal Error] :1:1: Premature end of file.
2026-05-04 11:42:09,172 [ERROR] LogOutputStream:75 - [STDERR_REDIRECT] 
2026-05-04 11:42:10,136 [ERROR] LogOutputStream:75 - [STDERR_REDIRECT] [Fatal Error] :1:1: Premature end of file.
2026-05-04 11:42:10,136 [ERROR] LogOutputStream:75 - [STDERR_REDIRECT] 
2026-05-04 11:42:11,151 [ERROR] LogOutputStream:75 - [STDERR_REDIRECT] [Fatal Error] :1:1: Premature end of file.
2026-05-04 11:42:11,152 [ERROR] LogOutputStream:75 - [STDERR_REDIRECT] 
2026-05-04 11:42:12,147 [ERROR] LogOutputStream:75 - [STDERR_REDIRECT] [Fatal Error] :1:1: Premature end of file.
2026-05-04 11:42:12,147 [ERROR] LogOutputStream:75 - [STDERR_REDIRECT] 
2026-05-04 11:42:13,147 [ERROR] LogOutputStream:75 - [STDERR_REDIRECT] [Fatal Error] :1:1: Premature end of file.
2026-05-04 11:42:13,148 [ERROR] LogOutputStream:75 - [STDERR_REDIRECT] 
2026-05-04 11:42:14,155 [ERROR] LogOutputStream:75 - [STDERR_REDIRECT] [Fatal Error] :1:1: Premature end of file.
2026-05-04 11:42:14,156 [ERROR] LogOutputStream:75 - [STDERR_REDIRECT] 
2026-05-04 11:42:15,149 [ERROR] LogOutputStream:75 - [STDERR_REDIRECT] [Fatal Error] :1:1: Premature end of file.
2026-05-04 11:42:15,149 [ERROR] LogOutputStream:75 - [STDERR_REDIRECT] 
2026-05-04 11:42:16,142 [ERROR] LogOutputStream:75 - [STDERR_REDIRECT] [Fatal Error] :1:1: Premature end of file.
2026-05-04 11:42:16,143 [ERROR] LogOutputStream:75 - [STDERR_REDIRECT] 
2026-05-04 11:42:17,149 [ERROR] LogOutputStream:75 - [STDERR_REDIRECT] [Fatal Error] :1:1: Premature end of file.
2026-05-04 11:42:17,149 [ERROR] LogOutputStream:75 - [STDERR_REDIRECT] 
2026-05-04 11:42:18,162 [ERROR] LogOutputStream:75 - [STDERR_REDIRECT] [Fatal Error] :1:1: Premature end of file.
2026-05-04 11:42:18,162 [ERROR] LogOutputStream:75 - [STDERR_REDIRECT] 
2026-05-04 11:42:19,154 [ERROR] LogOutputStream:75 - [STDERR_REDIRECT] [Fatal Error] :1:1: Premature end of file.
2026-05-04 11:42:19,154 [ERROR] LogOutputStream:75 - [STDERR_REDIRECT] 
2026-05-04 11:42:20,135 [ERROR] LogOutputStream:75 - [STDERR_REDIRECT] [Fatal Error] :1:1: Premature end of file.
2026-05-04 11:42:20,136 [ERROR] LogOutputStream:75 - [STDERR_REDIRECT] 
2026-05-04 11:42:21,154 [ERROR] LogOutputStream:75 - [STDERR_REDIRECT] [Fatal Error] :1:1: Premature end of file.
2026-05-04 11:42:21,154 [ERROR] LogOutputStream:75 - [STDERR_REDIRECT] 
2026-05-04 11:42:22,151 [ERROR] LogOutputStream:75 - [STDERR_REDIRECT] [Fatal Error] :1:1: Premature end of file.
2026-05-04 11:42:22,152 [ERROR] LogOutputStream:75 - [STDERR_REDIRECT] 
2026-05-04 11:42:23,143 [ERROR] LogOutputStream:75 - [STDERR_REDIRECT] [Fatal Error] :1:1: Premature end of file.
2026-05-04 11:42:23,143 [ERROR] LogOutputStream:75 - [STDERR_REDIRECT] 
2026-05-04 11:42:24,151 [ERROR] LogOutputStream:75 - [STDERR_REDIRECT] [Fatal Error] :1:1: Premature end of file.
2026-05-04 11:42:24,151 [ERROR] LogOutputStream:75 - [STDERR_REDIRECT] 
2026-05-04 11:42:25,149 [ERROR] LogOutputStream:75 - [STDERR_REDIRECT] [Fatal Error] :1:1: Premature end of file.
2026-05-04 11:42:25,149 [ERROR] LogOutputStream:75 - [STDERR_REDIRECT] 
2026-05-04 11:42:26,146 [ERROR] LogOutputStream:75 - [STDERR_REDIRECT] [Fatal Error] :1:1: Premature end of file.
2026-05-04 11:42:26,146 [ERROR] LogOutputStream:75 - [STDERR_REDIRECT] 
2026-05-04 11:42:27,145 [ERROR] LogOutputStream:75 - [STDERR_REDIRECT] [Fatal Error] :1:1: Premature end of file.
2026-05-04 11:42:27,146 [ERROR] LogOutputStream:75 - [STDERR_REDIRECT] 
2026-05-04 11:42:28,146 [ERROR] LogOutputStream:75 - [STDERR_REDIRECT] [Fatal Error] :1:1: Premature end of file.
2026-05-04 11:42:28,146 [ERROR] LogOutputStream:75 - [STDERR_REDIRECT] 
2026-05-04 11:42:29,171 [ERROR] LogOutputStream:75 - [STDERR_REDIRECT] [Fatal Error] :1:1: Premature end of file.
2026-05-04 11:42:29,171 [ERROR] LogOutputStream:75 - [STDERR_REDIRECT] 
2026-05-04 11:42:30,159 [ERROR] LogOutputStream:75 - [STDERR_REDIRECT] [Fatal Error] :1:1: Premature end of file.
2026-05-04 11:42:30,160 [ERROR] LogOutputStream:75 - [STDERR_REDIRECT] 
2026-05-04 11:42:31,155 [ERROR] LogOutputStream:75 - [STDERR_REDIRECT] [Fatal Error] :1:1: Premature end of file.
2026-05-04 11:42:31,155 [ERROR] LogOutputStream:75 - [STDERR_REDIRECT] 
2026-05-04 11:42:32,172 [ERROR] LogOutputStream:75 - [STDERR_REDIRECT] [Fatal Error] :1:1: Premature end of file.
2026-05-04 11:42:32,172 [ERROR] LogOutputStream:75 - [STDERR_REDIRECT] 
2026-05-04 11:42:33,153 [ERROR] LogOutputStream:75 - [STDERR_REDIRECT] [Fatal Error] :1:1: Premature end of file.
2026-05-04 11:42:33,153 [ERROR] LogOutputStream:75 - [STDERR_REDIRECT] 
2026-05-04 11:42:34,140 [ERROR] LogOutputStream:75 - [STDERR_REDIRECT] [Fatal Error] :1:1: Premature end of file.
2026-05-04 11:42:34,140 [ERROR] LogOutputStream:75 - [STDERR_REDIRECT] 
2026-05-04 11:42:35,150 [ERROR] LogOutputStream:75 - [STDERR_REDIRECT] [Fatal Error] :1:1: Premature end of file.
2026-05-04 11:42:35,150 [ERROR] LogOutputStream:75 - [STDERR_REDIRECT] 
2026-05-04 11:42:36,147 [ERROR] LogOutputStream:75 - [STDERR_REDIRECT] [Fatal Error] :1:1: Premature end of file.
2026-05-04 11:42:36,148 [ERROR] LogOutputStream:75 - [STDERR_REDIRECT] 
2026-05-04 11:42:37,150 [ERROR] LogOutputStream:75 - [STDERR_REDIRECT] [Fatal Error] :1:1: Premature end of file.
2026-05-04 11:42:37,150 [ERROR] LogOutputStream:75 - [STDERR_REDIRECT] 
2026-05-04 11:42:38,159 [ERROR] LogOutputStream:75 - [STDERR_REDIRECT] [Fatal Error] :1:1: Premature end of file.
2026-05-04 11:42:38,159 [ERROR] LogOutputStream:75 - [STDERR_REDIRECT] 
2026-05-04 11:42:39,144 [ERROR] LogOutputStream:75 - [STDERR_REDIRECT] [Fatal Error] :1:1: Premature end of file.
2026-05-04 11:42:39,145 [ERROR] LogOutputStream:75 - [STDERR_REDIRECT] 
2026-05-04 11:42:40,157 [ERROR] LogOutputStream:75 - [STDERR_REDIRECT] [Fatal Error] :1:1: Premature end of file.
2026-05-04 11:42:40,157 [ERROR] LogOutputStream:75 - [STDERR_REDIRECT] 
2026-05-04 11:42:41,139 [ERROR] LogOutputStream:75 - [STDERR_REDIRECT] [Fatal Error] :1:1: Premature end of file.
2026-05-04 11:42:41,140 [ERROR] LogOutputStream:75 - [STDERR_REDIRECT] 
2026-05-04 11:42:42,163 [ERROR] LogOutputStream:75 - [STDERR_REDIRECT] [Fatal Error] :1:1: Premature end of file.
2026-05-04 11:42:42,164 [ERROR] LogOutputStream:75 - [STDERR_REDIRECT] 
2026-05-04 11:42:43,151 [ERROR] LogOutputStream:75 - [STDERR_REDIRECT] [Fatal Error] :1:1: Premature end of file.
2026-05-04 11:42:43,151 [ERROR] LogOutputStream:75 - [STDERR_REDIRECT] 
2026-05-04 11:42:44,158 [ERROR] LogOutputStream:75 - [STDERR_REDIRECT] [Fatal Error] :1:1: Premature end of file.
2026-05-04 11:42:44,158 [ERROR] LogOutputStream:75 - [STDERR_REDIRECT] 
2026-05-04 11:42:45,176 [ERROR] LogOutputStream:75 - [STDERR_REDIRECT] [Fatal Error] :1:1: Premature end of file.
2026-05-04 11:42:45,176 [ERROR] LogOutputStream:75 - [STDERR_REDIRECT] 
2026-05-04 11:42:46,151 [ERROR] LogOutputStream:75 - [STDERR_REDIRECT] [Fatal Error] :1:1: Premature end of file.
2026-05-04 11:42:46,151 [ERROR] LogOutputStream:75 - [STDERR_REDIRECT] 
2026-05-04 11:42:47,158 [ERROR] LogOutputStream:75 - [STDERR_REDIRECT] [Fatal Error] :1:1: Premature end of file.
2026-05-04 11:42:47,158 [ERROR] LogOutputStream:75 - [STDERR_REDIRECT] 
2026-05-04 11:42:48,144 [ERROR] LogOutputStream:75 - [STDERR_REDIRECT] [Fatal Error] :1:1: Premature end of file.
2026-05-04 11:42:48,144 [ERROR] LogOutputStream:75 - [STDERR_REDIRECT] 
2026-05-04 11:42:49,141 [ERROR] LogOutputStream:75 - [STDERR_REDIRECT] [Fatal Error] :1:1: Premature end of file.
2026-05-04 11:42:49,141 [ERROR] LogOutputStream:75 - [STDERR_REDIRECT] 
2026-05-04 11:42:50,147 [ERROR] LogOutputStream:75 - [STDERR_REDIRECT] [Fatal Error] :1:1: Premature end of file.
2026-05-04 11:42:50,148 [ERROR] LogOutputStream:75 - [STDERR_REDIRECT] 
2026-05-04 11:42:51,141 [ERROR] LogOutputStream:75 - [STDERR_REDIRECT] [Fatal Error] :1:1: Premature end of file.
2026-05-04 11:42:51,142 [ERROR] LogOutputStream:75 - [STDERR_REDIRECT] 
2026-05-04 11:42:52,155 [ERROR] LogOutputStream:75 - [STDERR_REDIRECT] [Fatal Error] :1:1: Premature end of file.
2026-05-04 11:42:52,155 [ERROR] LogOutputStream:75 - [STDERR_REDIRECT] 
2026-05-04 11:42:53,151 [ERROR] LogOutputStream:75 - [STDERR_REDIRECT] [Fatal Error] :1:1: Premature end of file.
2026-05-04 11:42:53,151 [ERROR] LogOutputStream:75 - [STDERR_REDIRECT] 
2026-05-04 11:42:54,143 [ERROR] LogOutputStream:75 - [STDERR_REDIRECT] [Fatal Error] :1:1: Premature end of file.
2026-05-04 11:42:54,143 [ERROR] LogOutputStream:75 - [STDERR_REDIRECT] 
2026-05-04 11:42:55,178 [ERROR] LogOutputStream:75 - [STDERR_REDIRECT] [Fatal Error] :1:1: Premature end of file.
2026-05-04 11:42:55,178 [ERROR] LogOutputStream:75 - [STDERR_REDIRECT] 
2026-05-04 11:42:56,154 [ERROR] LogOutputStream:75 - [STDERR_REDIRECT] [Fatal Error] :1:1: Premature end of file.
2026-05-04 11:42:56,154 [ERROR] LogOutputStream:75 - [STDERR_REDIRECT] 
2026-05-04 11:42:57,161 [ERROR] LogOutputStream:75 - [STDERR_REDIRECT] [Fatal Error] :1:1: Premature end of file.
2026-05-04 11:42:57,162 [ERROR] LogOutputStream:75 - [STDERR_REDIRECT] 
2026-05-04 11:42:58,149 [ERROR] LogOutputStream:75 - [STDERR_REDIRECT] [Fatal Error] :1:1: Premature end of file.
2026-05-04 11:42:58,149 [ERROR] LogOutputStream:75 - [STDERR_REDIRECT] 
2026-05-04 11:42:59,188 [ERROR] LogOutputStream:75 - [STDERR_REDIRECT] [Fatal Error] :1:1: Premature end of file.
2026-05-04 11:42:59,189 [ERROR] LogOutputStream:75 - [STDERR_REDIRECT] 
2026-05-04 11:43:00,157 [ERROR] LogOutputStream:75 - [STDERR_REDIRECT] [Fatal Error] :1:1: Premature end of file.
2026-05-04 11:43:00,157 [ERROR] LogOutputStream:75 - [STDERR_REDIRECT] 
2026-05-04 11:43:01,150 [ERROR] LogOutputStream:75 - [STDERR_REDIRECT] [Fatal Error] :1:1: Premature end of file.
2026-05-04 11:43:01,150 [ERROR] LogOutputStream:75 - [STDERR_REDIRECT] 
2026-05-04 11:43:02,157 [ERROR] LogOutputStream:75 - [STDERR_REDIRECT] [Fatal Error] :1:1: Premature end of file.
2026-05-04 11:43:02,157 [ERROR] LogOutputStream:75 - [STDERR_REDIRECT] 
2026-05-04 11:43:03,141 [ERROR] LogOutputStream:75 - [STDERR_REDIRECT] [Fatal Error] :1:1: Premature end of file.
2026-05-04 11:43:03,141 [ERROR] LogOutputStream:75 - [STDERR_REDIRECT] 
2026-05-04 11:43:04,155 [ERROR] LogOutputStream:75 - [STDERR_REDIRECT] [Fatal Error] :1:1: Premature end of file.
2026-05-04 11:43:04,155 [ERROR] LogOutputStream:75 - [STDERR_REDIRECT] 
2026-05-04 11:43:05,162 [ERROR] LogOutputStream:75 - [STDERR_REDIRECT] [Fatal Error] :1:1: Premature end of file.
2026-05-04 11:43:05,162 [ERROR] LogOutputStream:75 - [STDERR_REDIRECT] 
2026-05-04 11:43:06,147 [ERROR] LogOutputStream:75 - [STDERR_REDIRECT] [Fatal Error] :1:1: Premature end of file.
2026-05-04 11:43:06,147 [ERROR] LogOutputStream:75 - [STDERR_REDIRECT] 
2026-05-04 11:43:07,148 [ERROR] LogOutputStream:75 - [STDERR_REDIRECT] [Fatal Error] :1:1: Premature end of file.
2026-05-04 11:43:07,150 [ERROR] LogOutputStream:75 - [STDERR_REDIRECT] 
2026-05-04 11:43:08,154 [ERROR] LogOutputStream:75 - [STDERR_REDIRECT] [Fatal Error] :1:1: Premature end of file.
2026-05-04 11:43:08,154 [ERROR] LogOutputStream:75 - [STDERR_REDIRECT] 
2026-05-04 11:43:09,150 [ERROR] LogOutputStream:75 - [STDERR_REDIRECT] [Fatal Error] :1:1: Premature end of file.
2026-05-04 11:43:09,150 [ERROR] LogOutputStream:75 - [STDERR_REDIRECT] 
2026-05-04 11:43:10,166 [ERROR] LogOutputStream:75 - [STDERR_REDIRECT] [Fatal Error] :1:1: Premature end of file.
2026-05-04 11:43:10,167 [ERROR] LogOutputStream:75 - [STDERR_REDIRECT] 
2026-05-04 11:43:11,162 [ERROR] LogOutputStream:75 - [STDERR_REDIRECT] [Fatal Error] :1:1: Premature end of file.
2026-05-04 11:43:11,163 [ERROR] LogOutputStream:75 - [STDERR_REDIRECT] 
2026-05-04 11:43:12,153 [ERROR] LogOutputStream:75 - [STDERR_REDIRECT] [Fatal Error] :1:1: Premature end of file.
2026-05-04 11:43:12,153 [ERROR] LogOutputStream:75 - [STDERR_REDIRECT] 
2026-05-04 11:43:13,153 [ERROR] LogOutputStream:75 - [STDERR_REDIRECT] [Fatal Error] :1:1: Premature end of file.
2026-05-04 11:43:13,153 [ERROR] LogOutputStream:75 - [STDERR_REDIRECT] 
2026-05-04 11:43:14,158 [ERROR] LogOutputStream:75 - [STDERR_REDIRECT] [Fatal Error] :1:1: Premature end of file.
2026-05-04 11:43:14,159 [ERROR] LogOutputStream:75 - [STDERR_REDIRECT] 
2026-05-04 11:43:15,154 [ERROR] LogOutputStream:75 - [STDERR_REDIRECT] [Fatal Error] :1:1: Premature end of file.
2026-05-04 11:43:15,155 [ERROR] LogOutputStream:75 - [STDERR_REDIRECT] 
2026-05-04 11:43:16,155 [ERROR] LogOutputStream:75 - [STDERR_REDIRECT] [Fatal Error] :1:1: Premature end of file.
2026-05-04 11:43:16,155 [ERROR] LogOutputStream:75 - [STDERR_REDIRECT] 
2026-05-04 11:43:17,153 [ERROR] LogOutputStream:75 - [STDERR_REDIRECT] [Fatal Error] :1:1: Premature end of file.
2026-05-04 11:43:17,153 [ERROR] LogOutputStream:75 - [STDERR_REDIRECT] 
2026-05-04 11:43:18,166 [ERROR] LogOutputStream:75 - [STDERR_REDIRECT] [Fatal Error] :1:1: Premature end of file.
2026-05-04 11:43:18,167 [ERROR] LogOutputStream:75 - [STDERR_REDIRECT] 
2026-05-04 11:43:19,161 [ERROR] LogOutputStream:75 - [STDERR_REDIRECT] [Fatal Error] :1:1: Premature end of file.
2026-05-04 11:43:19,161 [ERROR] LogOutputStream:75 - [STDERR_REDIRECT] 
2026-05-04 11:43:20,145 [ERROR] LogOutputStream:75 - [STDERR_REDIRECT] [Fatal Error] :1:1: Premature end of file.
2026-05-04 11:43:20,146 [ERROR] LogOutputStream:75 - [STDERR_REDIRECT] 
2026-05-04 11:43:21,166 [ERROR] LogOutputStream:75 - [STDERR_REDIRECT] [Fatal Error] :1:1: Premature end of file.
2026-05-04 11:43:21,166 [ERROR] LogOutputStream:75 - [STDERR_REDIRECT] 
2026-05-04 11:43:22,152 [ERROR] LogOutputStream:75 - [STDERR_REDIRECT] [Fatal Error] :1:1: Premature end of file.
2026-05-04 11:43:22,153 [ERROR] LogOutputStream:75 - [STDERR_REDIRECT] 
2026-05-04 11:43:23,163 [ERROR] LogOutputStream:75 - [STDERR_REDIRECT] [Fatal Error] :1:1: Premature end of file.
2026-05-04 11:43:23,164 [ERROR] LogOutputStream:75 - [STDERR_REDIRECT] 
2026-05-04 11:43:24,157 [ERROR] LogOutputStream:75 - [STDERR_REDIRECT] [Fatal Error] :1:1: Premature end of file.
2026-05-04 11:43:24,157 [ERROR] LogOutputStream:75 - [STDERR_REDIRECT] 
2026-05-04 11:43:25,155 [ERROR] LogOutputStream:75 - [STDERR_REDIRECT] [Fatal Error] :1:1: Premature end of file.
2026-05-04 11:43:25,156 [ERROR] LogOutputStream:75 - [STDERR_REDIRECT] 
2026-05-04 11:43:26,154 [ERROR] LogOutputStream:75 - [STDERR_REDIRECT] [Fatal Error] :1:1: Premature end of file.
2026-05-04 11:43:26,154 [ERROR] LogOutputStream:75 - [STDERR_REDIRECT] 
2026-05-04 11:43:27,156 [ERROR] LogOutputStream:75 - [STDERR_REDIRECT] [Fatal Error] :1:1: Premature end of file.
2026-05-04 11:43:27,156 [ERROR] LogOutputStream:75 - [STDERR_REDIRECT] 
2026-05-04 11:43:28,150 [ERROR] LogOutputStream:75 - [STDERR_REDIRECT] [Fatal Error] :1:1: Premature end of file.
2026-05-04 11:43:28,151 [ERROR] LogOutputStream:75 - [STDERR_REDIRECT] 
2026-05-04 11:43:29,174 [ERROR] LogOutputStream:75 - [STDERR_REDIRECT] [Fatal Error] :1:1: Premature end of file.
2026-05-04 11:43:29,175 [ERROR] LogOutputStream:75 - [STDERR_REDIRECT] 
2026-05-04 11:43:30,179 [ERROR] LogOutputStream:75 - [STDERR_REDIRECT] [Fatal Error] :1:1: Premature end of file.
2026-05-04 11:43:30,180 [ERROR] LogOutputStream:75 - [STDERR_REDIRECT] 
2026-05-04 11:43:31,159 [ERROR] LogOutputStream:75 - [STDERR_REDIRECT] [Fatal Error] :1:1: Premature end of file.
2026-05-04 11:43:31,159 [ERROR] LogOutputStream:75 - [STDERR_REDIRECT] 
2026-05-04 11:43:32,158 [ERROR] LogOutputStream:75 - [STDERR_REDIRECT] [Fatal Error] :1:1: Premature end of file.
2026-05-04 11:43:32,158 [ERROR] LogOutputStream:75 - [STDERR_REDIRECT] 
2026-05-04 11:43:33,181 [ERROR] LogOutputStream:75 - [STDERR_REDIRECT] [Fatal Error] :1:1: Premature end of file.
2026-05-04 11:43:33,182 [ERROR] LogOutputStream:75 - [STDERR_REDIRECT] 
2026-05-04 11:43:34,157 [ERROR] LogOutputStream:75 - [STDERR_REDIRECT] [Fatal Error] :1:1: Premature end of file.
2026-05-04 11:43:34,157 [ERROR] LogOutputStream:75 - [STDERR_REDIRECT] 
2026-05-04 11:43:35,163 [ERROR] LogOutputStream:75 - [STDERR_REDIRECT] [Fatal Error] :1:1: Premature end of file.
2026-05-04 11:43:35,163 [ERROR] LogOutputStream:75 - [STDERR_REDIRECT] 
2026-05-04 11:43:36,173 [ERROR] LogOutputStream:75 - [STDERR_REDIRECT] [Fatal Error] :1:1: Premature end of file.
2026-05-04 11:43:36,173 [ERROR] LogOutputStream:75 - [STDERR_REDIRECT] 
2026-05-04 11:43:37,131 [ERROR] LogOutputStream:75 - [STDERR_REDIRECT] [Fatal Error] :1:1: Premature end of file.
2026-05-04 11:43:37,131 [ERROR] LogOutputStream:75 - [STDERR_REDIRECT] 
2026-05-04 11:43:38,148 [ERROR] LogOutputStream:75 - [STDERR_REDIRECT] [Fatal Error] :1:1: Premature end of file.
2026-05-04 11:43:38,149 [ERROR] LogOutputStream:75 - [STDERR_REDIRECT] 
2026-05-04 11:43:39,158 [ERROR] LogOutputStream:75 - [STDERR_REDIRECT] [Fatal Error] :1:1: Premature end of file.
2026-05-04 11:43:39,159 [ERROR] LogOutputStream:75 - [STDERR_REDIRECT] 
2026-05-04 11:43:40,156 [ERROR] LogOutputStream:75 - [STDERR_REDIRECT] [Fatal Error] :1:1: Premature end of file.
2026-05-04 11:43:40,156 [ERROR] LogOutputStream:75 - [STDERR_REDIRECT] 
2026-05-04 11:43:41,144 [ERROR] LogOutputStream:75 - [STDERR_REDIRECT] [Fatal Error] :1:1: Premature end of file.
2026-05-04 11:43:41,144 [ERROR] LogOutputStream:75 - [STDERR_REDIRECT] 
2026-05-04 11:43:42,148 [ERROR] LogOutputStream:75 - [STDERR_REDIRECT] [Fatal Error] :1:1: Premature end of file.
2026-05-04 11:43:42,149 [ERROR] LogOutputStream:75 - [STDERR_REDIRECT] 
2026-05-04 11:43:43,153 [ERROR] LogOutputStream:75 - [STDERR_REDIRECT] [Fatal Error] :1:1: Premature end of file.
2026-05-04 11:43:43,153 [ERROR] LogOutputStream:75 - [STDERR_REDIRECT] 
2026-05-04 11:43:44,146 [ERROR] LogOutputStream:75 - [STDERR_REDIRECT] [Fatal Error] :1:1: Premature end of file.
2026-05-04 11:43:44,147 [ERROR] LogOutputStream:75 - [STDERR_REDIRECT] 
2026-05-04 11:43:45,143 [ERROR] LogOutputStream:75 - [STDERR_REDIRECT] [Fatal Error] :1:1: Premature end of file.
2026-05-04 11:43:45,143 [ERROR] LogOutputStream:75 - [STDERR_REDIRECT] 
2026-05-04 11:43:46,155 [ERROR] LogOutputStream:75 - [STDERR_REDIRECT] [Fatal Error] :1:1: Premature end of file.
2026-05-04 11:43:46,155 [ERROR] LogOutputStream:75 - [STDERR_REDIRECT] 
2026-05-04 11:43:47,136 [ERROR] LogOutputStream:75 - [STDERR_REDIRECT] [Fatal Error] :1:1: Premature end of file.
2026-05-04 11:43:47,137 [ERROR] LogOutputStream:75 - [STDERR_REDIRECT] 
2026-05-04 11:43:48,161 [ERROR] LogOutputStream:75 - [STDERR_REDIRECT] [Fatal Error] :1:1: Premature end of file.
2026-05-04 11:43:48,161 [ERROR] LogOutputStream:75 - [STDERR_REDIRECT] 
2026-05-04 11:43:49,115 [ERROR] LogOutputStream:75 - [STDERR_REDIRECT] [Fatal Error] :1:1: Premature end of file.
2026-05-04 11:43:49,115 [ERROR] LogOutputStream:75 - [STDERR_REDIRECT] 
2026-05-04 11:43:50,141 [ERROR] LogOutputStream:75 - [STDERR_REDIRECT] [Fatal Error] :1:1: Premature end of file.
2026-05-04 11:43:50,141 [ERROR] LogOutputStream:75 - [STDERR_REDIRECT] 
2026-05-04 11:43:51,135 [ERROR] LogOutputStream:75 - [STDERR_REDIRECT] [Fatal Error] :1:1: Premature end of file.
2026-05-04 11:43:51,135 [ERROR] LogOutputStream:75 - [STDERR_REDIRECT] 
2026-05-04 11:43:52,140 [ERROR] LogOutputStream:75 - [STDERR_REDIRECT] [Fatal Error] :1:1: Premature end of file.
2026-05-04 11:43:52,140 [ERROR] LogOutputStream:75 - [STDERR_REDIRECT] 
2026-05-04 11:43:53,148 [ERROR] LogOutputStream:75 - [STDERR_REDIRECT] [Fatal Error] :1:1: Premature end of file.
2026-05-04 11:43:53,149 [ERROR] LogOutputStream:75 - [STDERR_REDIRECT] 
2026-05-04 11:43:54,139 [ERROR] LogOutputStream:75 - [STDERR_REDIRECT] [Fatal Error] :1:1: Premature end of file.
2026-05-04 11:43:54,139 [ERROR] LogOutputStream:75 - [STDERR_REDIRECT] 
2026-05-04 11:43:55,155 [ERROR] LogOutputStream:75 - [STDERR_REDIRECT] [Fatal Error] :1:1: Premature end of file.
2026-05-04 11:43:55,155 [ERROR] LogOutputStream:75 - [STDERR_REDIRECT] 
2026-05-04 11:43:56,162 [ERROR] LogOutputStream:75 - [STDERR_REDIRECT] [Fatal Error] :1:1: Premature end of file.
2026-05-04 11:43:56,163 [ERROR] LogOutputStream:75 - [STDERR_REDIRECT] 
2026-05-04 11:43:57,135 [ERROR] LogOutputStream:75 - [STDERR_REDIRECT] [Fatal Error] :1:1: Premature end of file.
2026-05-04 11:43:57,135 [ERROR] LogOutputStream:75 - [STDERR_REDIRECT] 
2026-05-04 11:43:58,154 [ERROR] LogOutputStream:75 - [STDERR_REDIRECT] [Fatal Error] :1:1: Premature end of file.
2026-05-04 11:43:58,155 [ERROR] LogOutputStream:75 - [STDERR_REDIRECT] 
2026-05-04 11:43:59,165 [ERROR] LogOutputStream:75 - [STDERR_REDIRECT] [Fatal Error] :1:1: Premature end of file.
2026-05-04 11:43:59,165 [ERROR] LogOutputStream:75 - [STDERR_REDIRECT] 
2026-05-04 11:44:00,162 [ERROR] LogOutputStream:75 - [STDERR_REDIRECT] [Fatal Error] :1:1: Premature end of file.
2026-05-04 11:44:00,162 [ERROR] LogOutputStream:75 - [STDERR_REDIRECT] 
2026-05-04 11:44:01,147 [ERROR] LogOutputStream:75 - [STDERR_REDIRECT] [Fatal Error] :1:1: Premature end of file.
2026-05-04 11:44:01,147 [ERROR] LogOutputStream:75 - [STDERR_REDIRECT] 
2026-05-04 11:44:02,153 [ERROR] LogOutputStream:75 - [STDERR_REDIRECT] [Fatal Error] :1:1: Premature end of file.
2026-05-04 11:44:02,153 [ERROR] LogOutputStream:75 - [STDERR_REDIRECT] 
2026-05-04 11:44:03,152 [ERROR] LogOutputStream:75 - [STDERR_REDIRECT] [Fatal Error] :1:1: Premature end of file.
2026-05-04 11:44:03,152 [ERROR] LogOutputStream:75 - [STDERR_REDIRECT] 
2026-05-04 11:44:04,166 [ERROR] LogOutputStream:75 - [STDERR_REDIRECT] [Fatal Error] :1:1: Premature end of file.
2026-05-04 11:44:04,166 [ERROR] LogOutputStream:75 - [STDERR_REDIRECT] 
2026-05-04 11:44:05,162 [ERROR] LogOutputStream:75 - [STDERR_REDIRECT] [Fatal Error] :1:1: Premature end of file.
2026-05-04 11:44:05,163 [ERROR] LogOutputStream:75 - [STDERR_REDIRECT] 
2026-05-04 11:44:06,145 [ERROR] LogOutputStream:75 - [STDERR_REDIRECT] [Fatal Error] :1:1: Premature end of file.
2026-05-04 11:44:06,146 [ERROR] LogOutputStream:75 - [STDERR_REDIRECT] 
2026-05-04 11:44:07,169 [ERROR] LogOutputStream:75 - [STDERR_REDIRECT] [Fatal Error] :1:1: Premature end of file.
2026-05-04 11:44:07,169 [ERROR] LogOutputStream:75 - [STDERR_REDIRECT] 
2026-05-04 11:44:08,145 [ERROR] LogOutputStream:75 - [STDERR_REDIRECT] [Fatal Error] :1:1: Premature end of file.
2026-05-04 11:44:08,145 [ERROR] LogOutputStream:75 - [STDERR_REDIRECT] 
2026-05-04 11:44:09,138 [ERROR] LogOutputStream:75 - [STDERR_REDIRECT] [Fatal Error] :1:1: Premature end of file.
2026-05-04 11:44:09,138 [ERROR] LogOutputStream:75 - [STDERR_REDIRECT] 
2026-05-04 11:44:10,154 [ERROR] LogOutputStream:75 - [STDERR_REDIRECT] [Fatal Error] :1:1: Premature end of file.
2026-05-04 11:44:10,155 [ERROR] LogOutputStream:75 - [STDERR_REDIRECT] 
2026-05-04 11:44:11,173 [ERROR] LogOutputStream:75 - [STDERR_REDIRECT] [Fatal Error] :1:1: Premature end of file.
2026-05-04 11:44:11,174 [ERROR] LogOutputStream:75 - [STDERR_REDIRECT] 
2026-05-04 11:44:12,156 [ERROR] LogOutputStream:75 - [STDERR_REDIRECT] [Fatal Error] :1:1: Premature end of file.
2026-05-04 11:44:12,157 [ERROR] LogOutputStream:75 - [STDERR_REDIRECT] 
2026-05-04 11:44:13,169 [ERROR] LogOutputStream:75 - [STDERR_REDIRECT] [Fatal Error] :1:1: Premature end of file.
2026-05-04 11:44:13,169 [ERROR] LogOutputStream:75 - [STDERR_REDIRECT] 
2026-05-04 11:44:14,158 [ERROR] LogOutputStream:75 - [STDERR_REDIRECT] [Fatal Error] :1:1: Premature end of file.
2026-05-04 11:44:14,159 [ERROR] LogOutputStream:75 - [STDERR_REDIRECT] 
2026-05-04 11:44:15,156 [ERROR] LogOutputStream:75 - [STDERR_REDIRECT] [Fatal Error] :1:1: Premature end of file.
2026-05-04 11:44:15,157 [ERROR] LogOutputStream:75 - [STDERR_REDIRECT] 
2026-05-04 11:44:16,150 [ERROR] LogOutputStream:75 - [STDERR_REDIRECT] [Fatal Error] :1:1: Premature end of file.
2026-05-04 11:44:16,151 [ERROR] LogOutputStream:75 - [STDERR_REDIRECT] 
2026-05-04 11:44:17,154 [ERROR] LogOutputStream:75 - [STDERR_REDIRECT] [Fatal Error] :1:1: Premature end of file.
2026-05-04 11:44:17,155 [ERROR] LogOutputStream:75 - [STDERR_REDIRECT] 
2026-05-04 11:44:18,159 [ERROR] LogOutputStream:75 - [STDERR_REDIRECT] [Fatal Error] :1:1: Premature end of file.
2026-05-04 11:44:18,159 [ERROR] LogOutputStream:75 - [STDERR_REDIRECT] 
2026-05-04 11:44:19,154 [ERROR] LogOutputStream:75 - [STDERR_REDIRECT] [Fatal Error] :1:1: Premature end of file.
2026-05-04 11:44:19,155 [ERROR] LogOutputStream:75 - [STDERR_REDIRECT] 
2026-05-04 11:44:20,156 [ERROR] LogOutputStream:75 - [STDERR_REDIRECT] [Fatal Error] :1:1: Premature end of file.
2026-05-04 11:44:20,156 [ERROR] LogOutputStream:75 - [STDERR_REDIRECT] 
2026-05-04 11:44:21,154 [ERROR] LogOutputStream:75 - [STDERR_REDIRECT] [Fatal Error] :1:1: Premature end of file.
2026-05-04 11:44:21,155 [ERROR] LogOutputStream:75 - [STDERR_REDIRECT] 
2026-05-04 11:44:22,151 [ERROR] LogOutputStream:75 - [STDERR_REDIRECT] [Fatal Error] :1:1: Premature end of file.
2026-05-04 11:44:22,151 [ERROR] LogOutputStream:75 - [STDERR_REDIRECT] 
2026-05-04 11:44:23,149 [ERROR] LogOutputStream:75 - [STDERR_REDIRECT] [Fatal Error] :1:1: Premature end of file.
2026-05-04 11:44:23,149 [ERROR] LogOutputStream:75 - [STDERR_REDIRECT] 
2026-05-04 11:44:24,145 [ERROR] LogOutputStream:75 - [STDERR_REDIRECT] [Fatal Error] :1:1: Premature end of file.
2026-05-04 11:44:24,145 [ERROR] LogOutputStream:75 - [STDERR_REDIRECT] 
2026-05-04 11:44:25,145 [ERROR] LogOutputStream:75 - [STDERR_REDIRECT] [Fatal Error] :1:1: Premature end of file.
2026-05-04 11:44:25,145 [ERROR] LogOutputStream:75 - [STDERR_REDIRECT] 
2026-05-04 11:44:26,160 [ERROR] LogOutputStream:75 - [STDERR_REDIRECT] [Fatal Error] :1:1: Premature end of file.
2026-05-04 11:44:26,161 [ERROR] LogOutputStream:75 - [STDERR_REDIRECT] 
2026-05-04 11:44:27,154 [ERROR] LogOutputStream:75 - [STDERR_REDIRECT] [Fatal Error] :1:1: Premature end of file.
2026-05-04 11:44:27,155 [ERROR] LogOutputStream:75 - [STDERR_REDIRECT] 
2026-05-04 11:44:28,157 [ERROR] LogOutputStream:75 - [STDERR_REDIRECT] [Fatal Error] :1:1: Premature end of file.
2026-05-04 11:44:28,157 [ERROR] LogOutputStream:75 - [STDERR_REDIRECT] 
2026-05-04 11:44:29,164 [ERROR] LogOutputStream:75 - [STDERR_REDIRECT] [Fatal Error] :1:1: Premature end of file.
2026-05-04 11:44:29,165 [ERROR] LogOutputStream:75 - [STDERR_REDIRECT] 
2026-05-04 11:44:30,157 [ERROR] LogOutputStream:75 - [STDERR_REDIRECT] [Fatal Error] :1:1: Premature end of file.
2026-05-04 11:44:30,157 [ERROR] LogOutputStream:75 - [STDERR_REDIRECT] 
2026-05-04 11:44:31,150 [ERROR] LogOutputStream:75 - [STDERR_REDIRECT] [Fatal Error] :1:1: Premature end of file.
2026-05-04 11:44:31,150 [ERROR] LogOutputStream:75 - [STDERR_REDIRECT] 
2026-05-04 11:44:32,156 [ERROR] LogOutputStream:75 - [STDERR_REDIRECT] [Fatal Error] :1:1: Premature end of file.
2026-05-04 11:44:32,156 [ERROR] LogOutputStream:75 - [STDERR_REDIRECT] 
2026-05-04 11:44:33,155 [ERROR] LogOutputStream:75 - [STDERR_REDIRECT] [Fatal Error] :1:1: Premature end of file.
2026-05-04 11:44:33,155 [ERROR] LogOutputStream:75 - [STDERR_REDIRECT] 
2026-05-04 11:44:34,158 [ERROR] LogOutputStream:75 - [STDERR_REDIRECT] [Fatal Error] :1:1: Premature end of file.
2026-05-04 11:44:34,158 [ERROR] LogOutputStream:75 - [STDERR_REDIRECT] 
2026-05-04 11:44:35,150 [ERROR] LogOutputStream:75 - [STDERR_REDIRECT] [Fatal Error] :1:1: Premature end of file.
2026-05-04 11:44:35,150 [ERROR] LogOutputStream:75 - [STDERR_REDIRECT] 
2026-05-04 11:44:36,156 [ERROR] LogOutputStream:75 - [STDERR_REDIRECT] [Fatal Error] :1:1: Premature end of file.
2026-05-04 11:44:36,156 [ERROR] LogOutputStream:75 - [STDERR_REDIRECT] 
2026-05-04 11:44:37,164 [ERROR] LogOutputStream:75 - [STDERR_REDIRECT] [Fatal Error] :1:1: Premature end of file.
2026-05-04 11:44:37,165 [ERROR] LogOutputStream:75 - [STDERR_REDIRECT] 
2026-05-04 11:44:38,166 [ERROR] LogOutputStream:75 - [STDERR_REDIRECT] [Fatal Error] :1:1: Premature end of file.
2026-05-04 11:44:38,166 [ERROR] LogOutputStream:75 - [STDERR_REDIRECT] 
2026-05-04 11:44:39,156 [ERROR] LogOutputStream:75 - [STDERR_REDIRECT] [Fatal Error] :1:1: Premature end of file.
2026-05-04 11:44:39,156 [ERROR] LogOutputStream:75 - [STDERR_REDIRECT] 
2026-05-04 11:44:40,155 [ERROR] LogOutputStream:75 - [STDERR_REDIRECT] [Fatal Error] :1:1: Premature end of file.
2026-05-04 11:44:40,155 [ERROR] LogOutputStream:75 - [STDERR_REDIRECT] 
2026-05-04 11:44:41,158 [ERROR] LogOutputStream:75 - [STDERR_REDIRECT] [Fatal Error] :1:1: Premature end of file.
2026-05-04 11:44:41,159 [ERROR] LogOutputStream:75 - [STDERR_REDIRECT] 
2026-05-04 11:44:42,156 [ERROR] LogOutputStream:75 - [STDERR_REDIRECT] [Fatal Error] :1:1: Premature end of file.
2026-05-04 11:44:42,156 [ERROR] LogOutputStream:75 - [STDERR_REDIRECT] 
2026-05-04 11:44:43,150 [ERROR] LogOutputStream:75 - [STDERR_REDIRECT] [Fatal Error] :1:1: Premature end of file.
2026-05-04 11:44:43,150 [ERROR] LogOutputStream:75 - [STDERR_REDIRECT] 
2026-05-04 11:44:44,165 [ERROR] LogOutputStream:75 - [STDERR_REDIRECT] [Fatal Error] :1:1: Premature end of file.
2026-05-04 11:44:44,165 [ERROR] LogOutputStream:75 - [STDERR_REDIRECT] 
2026-05-04 11:44:45,151 [ERROR] LogOutputStream:75 - [STDERR_REDIRECT] [Fatal Error] :1:1: Premature end of file.
2026-05-04 11:44:45,152 [ERROR] LogOutputStream:75 - [STDERR_REDIRECT] 
2026-05-04 11:44:46,154 [ERROR] LogOutputStream:75 - [STDERR_REDIRECT] [Fatal Error] :1:1: Premature end of file.
2026-05-04 11:44:46,154 [ERROR] LogOutputStream:75 - [STDERR_REDIRECT] 
2026-05-04 11:44:47,154 [ERROR] LogOutputStream:75 - [STDERR_REDIRECT] [Fatal Error] :1:1: Premature end of file.
2026-05-04 11:44:47,154 [ERROR] LogOutputStream:75 - [STDERR_REDIRECT] 
2026-05-04 11:44:48,153 [ERROR] LogOutputStream:75 - [STDERR_REDIRECT] [Fatal Error] :1:1: Premature end of file.
2026-05-04 11:44:48,154 [ERROR] LogOutputStream:75 - [STDERR_REDIRECT] 
2026-05-04 11:44:49,158 [ERROR] LogOutputStream:75 - [STDERR_REDIRECT] [Fatal Error] :1:1: Premature end of file.
2026-05-04 11:44:49,159 [ERROR] LogOutputStream:75 - [STDERR_REDIRECT] 
2026-05-04 11:44:50,154 [ERROR] LogOutputStream:75 - [STDERR_REDIRECT] [Fatal Error] :1:1: Premature end of file.
2026-05-04 11:44:50,154 [ERROR] LogOutputStream:75 - [STDERR_REDIRECT] 
2026-05-04 11:44:51,157 [ERROR] LogOutputStream:75 - [STDERR_REDIRECT] [Fatal Error] :1:1: Premature end of file.
2026-05-04 11:44:51,158 [ERROR] LogOutputStream:75 - [STDERR_REDIRECT] 
2026-05-04 11:44:52,161 [ERROR] LogOutputStream:75 - [STDERR_REDIRECT] [Fatal Error] :1:1: Premature end of file.
2026-05-04 11:44:52,162 [ERROR] LogOutputStream:75 - [STDERR_REDIRECT] 
2026-05-04 11:44:53,179 [ERROR] LogOutputStream:75 - [STDERR_REDIRECT] [Fatal Error] :1:1: Premature end of file.
2026-05-04 11:44:53,179 [ERROR] LogOutputStream:75 - [STDERR_REDIRECT] 
2026-05-04 11:44:54,176 [ERROR] LogOutputStream:75 - [STDERR_REDIRECT] [Fatal Error] :1:1: Premature end of file.
2026-05-04 11:44:54,176 [ERROR] LogOutputStream:75 - [STDERR_REDIRECT] 
2026-05-04 11:44:55,155 [ERROR] LogOutputStream:75 - [STDERR_REDIRECT] [Fatal Error] :1:1: Premature end of file.
2026-05-04 11:44:55,155 [ERROR] LogOutputStream:75 - [STDERR_REDIRECT] 
2026-05-04 11:44:56,159 [ERROR] LogOutputStream:75 - [STDERR_REDIRECT] [Fatal Error] :1:1: Premature end of file.
2026-05-04 11:44:56,159 [ERROR] LogOutputStream:75 - [STDERR_REDIRECT] 
2026-05-04 11:44:57,162 [ERROR] LogOutputStream:75 - [STDERR_REDIRECT] [Fatal Error] :1:1: Premature end of file.
2026-05-04 11:44:57,163 [ERROR] LogOutputStream:75 - [STDERR_REDIRECT] 
2026-05-04 11:44:58,161 [ERROR] LogOutputStream:75 - [STDERR_REDIRECT] [Fatal Error] :1:1: Premature end of file.
2026-05-04 11:44:58,161 [ERROR] LogOutputStream:75 - [STDERR_REDIRECT] 
2026-05-04 11:44:59,153 [ERROR] LogOutputStream:75 - [STDERR_REDIRECT] [Fatal Error] :1:1: Premature end of file.
2026-05-04 11:44:59,153 [ERROR] LogOutputStream:75 - [STDERR_REDIRECT] 
2026-05-04 11:45:00,156 [ERROR] LogOutputStream:75 - [STDERR_REDIRECT] [Fatal Error] :1:1: Premature end of file.
2026-05-04 11:45:00,157 [ERROR] LogOutputStream:75 - [STDERR_REDIRECT] 
2026-05-04 11:45:01,156 [ERROR] LogOutputStream:75 - [STDERR_REDIRECT] [Fatal Error] :1:1: Premature end of file.
2026-05-04 11:45:01,156 [ERROR] LogOutputStream:75 - [STDERR_REDIRECT] 
2026-05-04 11:45:02,154 [ERROR] LogOutputStream:75 - [STDERR_REDIRECT] [Fatal Error] :1:1: Premature end of file.
2026-05-04 11:45:02,154 [ERROR] LogOutputStream:75 - [STDERR_REDIRECT] 
2026-05-04 11:45:03,165 [ERROR] LogOutputStream:75 - [STDERR_REDIRECT] [Fatal Error] :1:1: Premature end of file.
2026-05-04 11:45:03,166 [ERROR] LogOutputStream:75 - [STDERR_REDIRECT] 
2026-05-04 11:45:04,154 [ERROR] LogOutputStream:75 - [STDERR_REDIRECT] [Fatal Error] :1:1: Premature end of file.
2026-05-04 11:45:04,155 [ERROR] LogOutputStream:75 - [STDERR_REDIRECT] 
2026-05-04 11:45:05,153 [ERROR] LogOutputStream:75 - [STDERR_REDIRECT] [Fatal Error] :1:1: Premature end of file.
2026-05-04 11:45:05,153 [ERROR] LogOutputStream:75 - [STDERR_REDIRECT] 
2026-05-04 11:45:06,159 [ERROR] LogOutputStream:75 - [STDERR_REDIRECT] [Fatal Error] :1:1: Premature end of file.
2026-05-04 11:45:06,159 [ERROR] LogOutputStream:75 - [STDERR_REDIRECT] 
2026-05-04 11:45:07,157 [ERROR] LogOutputStream:75 - [STDERR_REDIRECT] [Fatal Error] :1:1: Premature end of file.
2026-05-04 11:45:07,157 [ERROR] LogOutputStream:75 - [STDERR_REDIRECT] 
2026-05-04 11:45:08,150 [ERROR] LogOutputStream:75 - [STDERR_REDIRECT] [Fatal Error] :1:1: Premature end of file.
2026-05-04 11:45:08,151 [ERROR] LogOutputStream:75 - [STDERR_REDIRECT] 
2026-05-04 11:45:09,175 [ERROR] LogOutputStream:75 - [STDERR_REDIRECT] [Fatal Error] :1:1: Premature end of file.
2026-05-04 11:45:09,175 [ERROR] LogOutputStream:75 - [STDERR_REDIRECT] 
2026-05-04 11:45:10,173 [ERROR] LogOutputStream:75 - [STDERR_REDIRECT] [Fatal Error] :1:1: Premature end of file.
2026-05-04 11:45:10,173 [ERROR] LogOutputStream:75 - [STDERR_REDIRECT] 
2026-05-04 11:45:11,152 [ERROR] LogOutputStream:75 - [STDERR_REDIRECT] [Fatal Error] :1:1: Premature end of file.
2026-05-04 11:45:11,153 [ERROR] LogOutputStream:75 - [STDERR_REDIRECT] 
2026-05-04 11:45:12,159 [ERROR] LogOutputStream:75 - [STDERR_REDIRECT] [Fatal Error] :1:1: Premature end of file.
2026-05-04 11:45:12,159 [ERROR] LogOutputStream:75 - [STDERR_REDIRECT] 
2026-05-04 11:45:13,151 [ERROR] LogOutputStream:75 - [STDERR_REDIRECT] [Fatal Error] :1:1: Premature end of file.
2026-05-04 11:45:13,152 [ERROR] LogOutputStream:75 - [STDERR_REDIRECT] 
2026-05-04 11:45:14,159 [ERROR] LogOutputStream:75 - [STDERR_REDIRECT] [Fatal Error] :1:1: Premature end of file.
2026-05-04 11:45:14,159 [ERROR] LogOutputStream:75 - [STDERR_REDIRECT] 
2026-05-04 11:45:15,154 [ERROR] LogOutputStream:75 - [STDERR_REDIRECT] [Fatal Error] :1:1: Premature end of file.
2026-05-04 11:45:15,154 [ERROR] LogOutputStream:75 - [STDERR_REDIRECT] 
2026-05-04 11:45:16,161 [ERROR] LogOutputStream:75 - [STDERR_REDIRECT] [Fatal Error] :1:1: Premature end of file.
2026-05-04 11:45:16,162 [ERROR] LogOutputStream:75 - [STDERR_REDIRECT] 
2026-05-04 11:45:17,154 [ERROR] LogOutputStream:75 - [STDERR_REDIRECT] [Fatal Error] :1:1: Premature end of file.
2026-05-04 11:45:17,155 [ERROR] LogOutputStream:75 - [STDERR_REDIRECT] 
2026-05-04 11:45:18,148 [ERROR] LogOutputStream:75 - [STDERR_REDIRECT] [Fatal Error] :1:1: Premature end of file.
2026-05-04 11:45:18,149 [ERROR] LogOutputStream:75 - [STDERR_REDIRECT] 
2026-05-04 11:45:19,154 [ERROR] LogOutputStream:75 - [STDERR_REDIRECT] [Fatal Error] :1:1: Premature end of file.
2026-05-04 11:45:19,155 [ERROR] LogOutputStream:75 - [STDERR_REDIRECT] 
2026-05-04 11:45:20,175 [ERROR] LogOutputStream:75 - [STDERR_REDIRECT] [Fatal Error] :1:1: Premature end of file.
2026-05-04 11:45:20,175 [ERROR] LogOutputStream:75 - [STDERR_REDIRECT] 
2026-05-04 11:45:21,135 [ERROR] LogOutputStream:75 - [STDERR_REDIRECT] [Fatal Error] :1:1: Premature end of file.
2026-05-04 11:45:21,135 [ERROR] LogOutputStream:75 - [STDERR_REDIRECT] 
2026-05-04 11:45:22,158 [ERROR] LogOutputStream:75 - [STDERR_REDIRECT] [Fatal Error] :1:1: Premature end of file.
2026-05-04 11:45:22,158 [ERROR] LogOutputStream:75 - [STDERR_REDIRECT] 
2026-05-04 11:45:23,151 [ERROR] LogOutputStream:75 - [STDERR_REDIRECT] [Fatal Error] :1:1: Premature end of file.
2026-05-04 11:45:23,151 [ERROR] LogOutputStream:75 - [STDERR_REDIRECT] 
2026-05-04 11:45:24,155 [ERROR] LogOutputStream:75 - [STDERR_REDIRECT] [Fatal Error] :1:1: Premature end of file.
2026-05-04 11:45:24,155 [ERROR] LogOutputStream:75 - [STDERR_REDIRECT] 
2026-05-04 11:45:25,151 [ERROR] LogOutputStream:75 - [STDERR_REDIRECT] [Fatal Error] :1:1: Premature end of file.
2026-05-04 11:45:25,151 [ERROR] LogOutputStream:75 - [STDERR_REDIRECT] 
2026-05-04 11:45:26,170 [ERROR] LogOutputStream:75 - [STDERR_REDIRECT] [Fatal Error] :1:1: Premature end of file.
2026-05-04 11:45:26,170 [ERROR] LogOutputStream:75 - [STDERR_REDIRECT] 
2026-05-04 11:45:27,155 [ERROR] LogOutputStream:75 - [STDERR_REDIRECT] [Fatal Error] :1:1: Premature end of file.
2026-05-04 11:45:27,155 [ERROR] LogOutputStream:75 - [STDERR_REDIRECT] 
2026-05-04 11:45:28,158 [ERROR] LogOutputStream:75 - [STDERR_REDIRECT] [Fatal Error] :1:1: Premature end of file.
2026-05-04 11:45:28,159 [ERROR] LogOutputStream:75 - [STDERR_REDIRECT] 
2026-05-04 11:45:29,150 [ERROR] LogOutputStream:75 - [STDERR_REDIRECT] [Fatal Error] :1:1: Premature end of file.
2026-05-04 11:45:29,150 [ERROR] LogOutputStream:75 - [STDERR_REDIRECT] 
2026-05-04 11:45:30,159 [ERROR] LogOutputStream:75 - [STDERR_REDIRECT] [Fatal Error] :1:1: Premature end of file.
2026-05-04 11:45:30,160 [ERROR] LogOutputStream:75 - [STDERR_REDIRECT] 
2026-05-04 11:45:31,157 [ERROR] LogOutputStream:75 - [STDERR_REDIRECT] [Fatal Error] :1:1: Premature end of file.
2026-05-04 11:45:31,157 [ERROR] LogOutputStream:75 - [STDERR_REDIRECT] 
2026-05-04 11:45:32,154 [ERROR] LogOutputStream:75 - [STDERR_REDIRECT] [Fatal Error] :1:1: Premature end of file.
2026-05-04 11:45:32,154 [ERROR] LogOutputStream:75 - [STDERR_REDIRECT] 
2026-05-04 11:45:33,154 [ERROR] LogOutputStream:75 - [STDERR_REDIRECT] [Fatal Error] :1:1: Premature end of file.
2026-05-04 11:45:33,155 [ERROR] LogOutputStream:75 - [STDERR_REDIRECT] 
2026-05-04 11:45:34,157 [ERROR] LogOutputStream:75 - [STDERR_REDIRECT] [Fatal Error] :1:1: Premature end of file.
2026-05-04 11:45:34,157 [ERROR] LogOutputStream:75 - [STDERR_REDIRECT] 
2026-05-04 11:45:35,154 [ERROR] LogOutputStream:75 - [STDERR_REDIRECT] [Fatal Error] :1:1: Premature end of file.
2026-05-04 11:45:35,154 [ERROR] LogOutputStream:75 - [STDERR_REDIRECT] 
2026-05-04 11:45:36,158 [ERROR] LogOutputStream:75 - [STDERR_REDIRECT] [Fatal Error] :1:1: Premature end of file.
2026-05-04 11:45:36,159 [ERROR] LogOutputStream:75 - [STDERR_REDIRECT] 
2026-05-04 11:45:37,156 [ERROR] LogOutputStream:75 - [STDERR_REDIRECT] [Fatal Error] :1:1: Premature end of file.
2026-05-04 11:45:37,156 [ERROR] LogOutputStream:75 - [STDERR_REDIRECT] 
2026-05-04 11:45:38,166 [ERROR] LogOutputStream:75 - [STDERR_REDIRECT] [Fatal Error] :1:1: Premature end of file.
2026-05-04 11:45:38,167 [ERROR] LogOutputStream:75 - [STDERR_REDIRECT] 
2026-05-04 11:45:39,155 [ERROR] LogOutputStream:75 - [STDERR_REDIRECT] [Fatal Error] :1:1: Premature end of file.
2026-05-04 11:45:39,155 [ERROR] LogOutputStream:75 - [STDERR_REDIRECT] 
2026-05-04 11:45:40,168 [ERROR] LogOutputStream:75 - [STDERR_REDIRECT] [Fatal Error] :1:1: Premature end of file.
2026-05-04 11:45:40,169 [ERROR] LogOutputStream:75 - [STDERR_REDIRECT] 
2026-05-04 11:45:41,156 [ERROR] LogOutputStream:75 - [STDERR_REDIRECT] [Fatal Error] :1:1: Premature end of file.
2026-05-04 11:45:41,156 [ERROR] LogOutputStream:75 - [STDERR_REDIRECT] 
2026-05-04 11:45:42,154 [ERROR] LogOutputStream:75 - [STDERR_REDIRECT] [Fatal Error] :1:1: Premature end of file.
2026-05-04 11:45:42,155 [ERROR] LogOutputStream:75 - [STDERR_REDIRECT] 
2026-05-04 11:45:43,153 [ERROR] LogOutputStream:75 - [STDERR_REDIRECT] [Fatal Error] :1:1: Premature end of file.
2026-05-04 11:45:43,153 [ERROR] LogOutputStream:75 - [STDERR_REDIRECT] 
2026-05-04 11:45:44,156 [ERROR] LogOutputStream:75 - [STDERR_REDIRECT] [Fatal Error] :1:1: Premature end of file.
2026-05-04 11:45:44,157 [ERROR] LogOutputStream:75 - [STDERR_REDIRECT] 
2026-05-04 11:45:45,154 [ERROR] LogOutputStream:75 - [STDERR_REDIRECT] [Fatal Error] :1:1: Premature end of file.
2026-05-04 11:45:45,154 [ERROR] LogOutputStream:75 - [STDERR_REDIRECT] 
2026-05-04 11:45:46,160 [ERROR] LogOutputStream:75 - [STDERR_REDIRECT] [Fatal Error] :1:1: Premature end of file.
2026-05-04 11:45:46,161 [ERROR] LogOutputStream:75 - [STDERR_REDIRECT] 
2026-05-04 11:45:47,151 [ERROR] LogOutputStream:75 - [STDERR_REDIRECT] [Fatal Error] :1:1: Premature end of file.
2026-05-04 11:45:47,152 [ERROR] LogOutputStream:75 - [STDERR_REDIRECT] 
2026-05-04 11:45:48,151 [ERROR] LogOutputStream:75 - [STDERR_REDIRECT] [Fatal Error] :1:1: Premature end of file.
2026-05-04 11:45:48,151 [ERROR] LogOutputStream:75 - [STDERR_REDIRECT] 
2026-05-04 11:45:49,161 [ERROR] LogOutputStream:75 - [STDERR_REDIRECT] [Fatal Error] :1:1: Premature end of file.
2026-05-04 11:45:49,162 [ERROR] LogOutputStream:75 - [STDERR_REDIRECT] 
2026-05-04 11:45:50,160 [ERROR] LogOutputStream:75 - [STDERR_REDIRECT] [Fatal Error] :1:1: Premature end of file.
2026-05-04 11:45:50,160 [ERROR] LogOutputStream:75 - [STDERR_REDIRECT] 
2026-05-04 11:45:51,148 [ERROR] LogOutputStream:75 - [STDERR_REDIRECT] [Fatal Error] :1:1: Premature end of file.
2026-05-04 11:45:51,149 [ERROR] LogOutputStream:75 - [STDERR_REDIRECT] 
2026-05-04 11:45:52,159 [ERROR] LogOutputStream:75 - [STDERR_REDIRECT] [Fatal Error] :1:1: Premature end of file.
2026-05-04 11:45:52,159 [ERROR] LogOutputStream:75 - [STDERR_REDIRECT] 
2026-05-04 11:45:53,151 [ERROR] LogOutputStream:75 - [STDERR_REDIRECT] [Fatal Error] :1:1: Premature end of file.
2026-05-04 11:45:53,152 [ERROR] LogOutputStream:75 - [STDERR_REDIRECT] 
2026-05-04 11:45:54,158 [ERROR] LogOutputStream:75 - [STDERR_REDIRECT] [Fatal Error] :1:1: Premature end of file.
2026-05-04 11:45:54,158 [ERROR] LogOutputStream:75 - [STDERR_REDIRECT] 
2026-05-04 11:45:55,160 [ERROR] LogOutputStream:75 - [STDERR_REDIRECT] [Fatal Error] :1:1: Premature end of file.
2026-05-04 11:45:55,160 [ERROR] LogOutputStream:75 - [STDERR_REDIRECT] 
2026-05-04 11:45:56,157 [ERROR] LogOutputStream:75 - [STDERR_REDIRECT] [Fatal Error] :1:1: Premature end of file.
2026-05-04 11:45:56,158 [ERROR] LogOutputStream:75 - [STDERR_REDIRECT] 
2026-05-04 11:45:57,153 [ERROR] LogOutputStream:75 - [STDERR_REDIRECT] [Fatal Error] :1:1: Premature end of file.
2026-05-04 11:45:57,154 [ERROR] LogOutputStream:75 - [STDERR_REDIRECT] 
2026-05-04 11:45:58,171 [ERROR] LogOutputStream:75 - [STDERR_REDIRECT] [Fatal Error] :1:1: Premature end of file.
2026-05-04 11:45:58,171 [ERROR] LogOutputStream:75 - [STDERR_REDIRECT] 
2026-05-04 11:45:59,164 [ERROR] LogOutputStream:75 - [STDERR_REDIRECT] [Fatal Error] :1:1: Premature end of file.
2026-05-04 11:45:59,165 [ERROR] LogOutputStream:75 - [STDERR_REDIRECT] 
2026-05-04 11:46:00,149 [ERROR] LogOutputStream:75 - [STDERR_REDIRECT] [Fatal Error] :1:1: Premature end of file.
2026-05-04 11:46:00,150 [ERROR] LogOutputStream:75 - [STDERR_REDIRECT] 
2026-05-04 11:46:01,118 [ERROR] LogOutputStream:75 - [STDERR_REDIRECT] [Fatal Error] :1:1: Premature end of file.
2026-05-04 11:46:01,118 [ERROR] LogOutputStream:75 - [STDERR_REDIRECT] 
2026-05-04 11:46:02,142 [ERROR] LogOutputStream:75 - [STDERR_REDIRECT] [Fatal Error] :1:1: Premature end of file.
2026-05-04 11:46:02,143 [ERROR] LogOutputStream:75 - [STDERR_REDIRECT] 
2026-05-04 11:46:03,159 [ERROR] LogOutputStream:75 - [STDERR_REDIRECT] [Fatal Error] :1:1: Premature end of file.
2026-05-04 11:46:03,159 [ERROR] LogOutputStream:75 - [STDERR_REDIRECT] 
2026-05-04 11:46:04,160 [ERROR] LogOutputStream:75 - [STDERR_REDIRECT] [Fatal Error] :1:1: Premature end of file.
2026-05-04 11:46:04,160 [ERROR] LogOutputStream:75 - [STDERR_REDIRECT] 
2026-05-04 11:46:05,151 [ERROR] LogOutputStream:75 - [STDERR_REDIRECT] [Fatal Error] :1:1: Premature end of file.
2026-05-04 11:46:05,151 [ERROR] LogOutputStream:75 - [STDERR_REDIRECT] 
2026-05-04 11:46:06,127 [ERROR] LogOutputStream:75 - [STDERR_REDIRECT] [Fatal Error] :1:1: Premature end of file.
2026-05-04 11:46:06,128 [ERROR] LogOutputStream:75 - [STDERR_REDIRECT] 
2026-05-04 11:46:07,152 [ERROR] LogOutputStream:75 - [STDERR_REDIRECT] [Fatal Error] :1:1: Premature end of file.
2026-05-04 11:46:07,152 [ERROR] LogOutputStream:75 - [STDERR_REDIRECT] 
2026-05-04 11:46:08,151 [ERROR] LogOutputStream:75 - [STDERR_REDIRECT] [Fatal Error] :1:1: Premature end of file.
2026-05-04 11:46:08,151 [ERROR] LogOutputStream:75 - [STDERR_REDIRECT] 
2026-05-04 11:46:09,159 [ERROR] LogOutputStream:75 - [STDERR_REDIRECT] [Fatal Error] :1:1: Premature end of file.
2026-05-04 11:46:09,159 [ERROR] LogOutputStream:75 - [STDERR_REDIRECT] 
2026-05-04 11:46:10,160 [ERROR] LogOutputStream:75 - [STDERR_REDIRECT] [Fatal Error] :1:1: Premature end of file.
2026-05-04 11:46:10,161 [ERROR] LogOutputStream:75 - [STDERR_REDIRECT] 
2026-05-04 11:46:11,164 [ERROR] LogOutputStream:75 - [STDERR_REDIRECT] [Fatal Error] :1:1: Premature end of file.
2026-05-04 11:46:11,164 [ERROR] LogOutputStream:75 - [STDERR_REDIRECT] 
2026-05-04 11:46:12,179 [ERROR] LogOutputStream:75 - [STDERR_REDIRECT] [Fatal Error] :1:1: Premature end of file.
2026-05-04 11:46:12,179 [ERROR] LogOutputStream:75 - [STDERR_REDIRECT] 
2026-05-04 11:46:13,183 [ERROR] LogOutputStream:75 - [STDERR_REDIRECT] [Fatal Error] :1:1: Premature end of file.
2026-05-04 11:46:13,183 [ERROR] LogOutputStream:75 - [STDERR_REDIRECT] 
2026-05-04 11:46:14,155 [ERROR] LogOutputStream:75 - [STDERR_REDIRECT] [Fatal Error] :1:1: Premature end of file.
2026-05-04 11:46:14,155 [ERROR] LogOutputStream:75 - [STDERR_REDIRECT] 
2026-05-04 11:46:15,163 [ERROR] LogOutputStream:75 - [STDERR_REDIRECT] [Fatal Error] :1:1: Premature end of file.
2026-05-04 11:46:15,163 [ERROR] LogOutputStream:75 - [STDERR_REDIRECT] 
2026-05-04 11:46:16,151 [ERROR] LogOutputStream:75 - [STDERR_REDIRECT] [Fatal Error] :1:1: Premature end of file.
2026-05-04 11:46:16,152 [ERROR] LogOutputStream:75 - [STDERR_REDIRECT] 
2026-05-04 11:46:17,167 [ERROR] LogOutputStream:75 - [STDERR_REDIRECT] [Fatal Error] :1:1: Premature end of file.
2026-05-04 11:46:17,168 [ERROR] LogOutputStream:75 - [STDERR_REDIRECT] 
2026-05-04 11:46:18,166 [ERROR] LogOutputStream:75 - [STDERR_REDIRECT] [Fatal Error] :1:1: Premature end of file.
2026-05-04 11:46:18,167 [ERROR] LogOutputStream:75 - [STDERR_REDIRECT] 
2026-05-04 11:46:19,162 [ERROR] LogOutputStream:75 - [STDERR_REDIRECT] [Fatal Error] :1:1: Premature end of file.
2026-05-04 11:46:19,162 [ERROR] LogOutputStream:75 - [STDERR_REDIRECT] 
2026-05-04 11:46:20,161 [ERROR] LogOutputStream:75 - [STDERR_REDIRECT] [Fatal Error] :1:1: Premature end of file.
2026-05-04 11:46:20,162 [ERROR] LogOutputStream:75 - [STDERR_REDIRECT] 
2026-05-04 11:46:21,156 [ERROR] LogOutputStream:75 - [STDERR_REDIRECT] [Fatal Error] :1:1: Premature end of file.
2026-05-04 11:46:21,156 [ERROR] LogOutputStream:75 - [STDERR_REDIRECT] 
2026-05-04 11:46:22,157 [ERROR] LogOutputStream:75 - [STDERR_REDIRECT] [Fatal Error] :1:1: Premature end of file.
2026-05-04 11:46:22,158 [ERROR] LogOutputStream:75 - [STDERR_REDIRECT] 
2026-05-04 11:46:23,151 [ERROR] LogOutputStream:75 - [STDERR_REDIRECT] [Fatal Error] :1:1: Premature end of file.
2026-05-04 11:46:23,152 [ERROR] LogOutputStream:75 - [STDERR_REDIRECT] 
2026-05-04 11:46:24,178 [ERROR] LogOutputStream:75 - [STDERR_REDIRECT] [Fatal Error] :1:1: Premature end of file.
2026-05-04 11:46:24,178 [ERROR] LogOutputStream:75 - [STDERR_REDIRECT] 
2026-05-04 11:46:25,171 [ERROR] LogOutputStream:75 - [STDERR_REDIRECT] [Fatal Error] :1:1: Premature end of file.
2026-05-04 11:46:25,171 [ERROR] LogOutputStream:75 - [STDERR_REDIRECT] 
2026-05-04 11:46:26,152 [ERROR] LogOutputStream:75 - [STDERR_REDIRECT] [Fatal Error] :1:1: Premature end of file.
2026-05-04 11:46:26,152 [ERROR] LogOutputStream:75 - [STDERR_REDIRECT] 
2026-05-04 11:46:27,160 [ERROR] LogOutputStream:75 - [STDERR_REDIRECT] [Fatal Error] :1:1: Premature end of file.
2026-05-04 11:46:27,160 [ERROR] LogOutputStream:75 - [STDERR_REDIRECT] 
2026-05-04 11:46:28,160 [ERROR] LogOutputStream:75 - [STDERR_REDIRECT] [Fatal Error] :1:1: Premature end of file.
2026-05-04 11:46:28,160 [ERROR] LogOutputStream:75 - [STDERR_REDIRECT] 
2026-05-04 11:46:29,167 [ERROR] LogOutputStream:75 - [STDERR_REDIRECT] [Fatal Error] :1:1: Premature end of file.
2026-05-04 11:46:29,167 [ERROR] LogOutputStream:75 - [STDERR_REDIRECT] 
2026-05-04 11:46:30,147 [ERROR] LogOutputStream:75 - [STDERR_REDIRECT] [Fatal Error] :1:1: Premature end of file.
2026-05-04 11:46:30,147 [ERROR] LogOutputStream:75 - [STDERR_REDIRECT] 
2026-05-04 11:46:31,162 [ERROR] LogOutputStream:75 - [STDERR_REDIRECT] [Fatal Error] :1:1: Premature end of file.
2026-05-04 11:46:31,163 [ERROR] LogOutputStream:75 - [STDERR_REDIRECT] 
2026-05-04 11:46:32,180 [ERROR] LogOutputStream:75 - [STDERR_REDIRECT] [Fatal Error] :1:1: Premature end of file.
2026-05-04 11:46:32,180 [ERROR] LogOutputStream:75 - [STDERR_REDIRECT] 
2026-05-04 11:46:33,148 [ERROR] LogOutputStream:75 - [STDERR_REDIRECT] [Fatal Error] :1:1: Premature end of file.
2026-05-04 11:46:33,148 [ERROR] LogOutputStream:75 - [STDERR_REDIRECT] 
2026-05-04 11:46:34,168 [ERROR] LogOutputStream:75 - [STDERR_REDIRECT] [Fatal Error] :1:1: Premature end of file.
2026-05-04 11:46:34,168 [ERROR] LogOutputStream:75 - [STDERR_REDIRECT] 
2026-05-04 11:46:35,154 [ERROR] LogOutputStream:75 - [STDERR_REDIRECT] [Fatal Error] :1:1: Premature end of file.
2026-05-04 11:46:35,154 [ERROR] LogOutputStream:75 - [STDERR_REDIRECT] 
2026-05-04 11:46:36,171 [ERROR] LogOutputStream:75 - [STDERR_REDIRECT] [Fatal Error] :1:1: Premature end of file.
2026-05-04 11:46:36,171 [ERROR] LogOutputStream:75 - [STDERR_REDIRECT] 
2026-05-04 11:46:37,158 [ERROR] LogOutputStream:75 - [STDERR_REDIRECT] [Fatal Error] :1:1: Premature end of file.
2026-05-04 11:46:37,158 [ERROR] LogOutputStream:75 - [STDERR_REDIRECT] 
2026-05-04 11:46:38,144 [ERROR] LogOutputStream:75 - [STDERR_REDIRECT] [Fatal Error] :1:1: Premature end of file.
2026-05-04 11:46:38,144 [ERROR] LogOutputStream:75 - [STDERR_REDIRECT] 
2026-05-04 11:46:39,159 [ERROR] LogOutputStream:75 - [STDERR_REDIRECT] [Fatal Error] :1:1: Premature end of file.
2026-05-04 11:46:39,159 [ERROR] LogOutputStream:75 - [STDERR_REDIRECT] 
2026-05-04 11:46:40,154 [ERROR] LogOutputStream:75 - [STDERR_REDIRECT] [Fatal Error] :1:1: Premature end of file.
2026-05-04 11:46:40,154 [ERROR] LogOutputStream:75 - [STDERR_REDIRECT] 
2026-05-04 11:46:41,165 [ERROR] LogOutputStream:75 - [STDERR_REDIRECT] [Fatal Error] :1:1: Premature end of file.
2026-05-04 11:46:41,165 [ERROR] LogOutputStream:75 - [STDERR_REDIRECT] 
2026-05-04 11:46:42,147 [ERROR] LogOutputStream:75 - [STDERR_REDIRECT] [Fatal Error] :1:1: Premature end of file.
2026-05-04 11:46:42,148 [ERROR] LogOutputStream:75 - [STDERR_REDIRECT] 
2026-05-04 11:46:43,154 [ERROR] LogOutputStream:75 - [STDERR_REDIRECT] [Fatal Error] :1:1: Premature end of file.
2026-05-04 11:46:43,154 [ERROR] LogOutputStream:75 - [STDERR_REDIRECT] 
2026-05-04 11:46:44,152 [ERROR] LogOutputStream:75 - [STDERR_REDIRECT] [Fatal Error] :1:1: Premature end of file.
2026-05-04 11:46:44,152 [ERROR] LogOutputStream:75 - [STDERR_REDIRECT] 
2026-05-04 11:46:45,158 [ERROR] LogOutputStream:75 - [STDERR_REDIRECT] [Fatal Error] :1:1: Premature end of file.
2026-05-04 11:46:45,159 [ERROR] LogOutputStream:75 - [STDERR_REDIRECT] 
2026-05-04 11:46:46,161 [ERROR] LogOutputStream:75 - [STDERR_REDIRECT] [Fatal Error] :1:1: Premature end of file.
2026-05-04 11:46:46,162 [ERROR] LogOutputStream:75 - [STDERR_REDIRECT] 
2026-05-04 11:46:47,148 [ERROR] LogOutputStream:75 - [STDERR_REDIRECT] [Fatal Error] :1:1: Premature end of file.
2026-05-04 11:46:47,148 [ERROR] LogOutputStream:75 - [STDERR_REDIRECT] 
2026-05-04 11:46:48,153 [ERROR] LogOutputStream:75 - [STDERR_REDIRECT] [Fatal Error] :1:1: Premature end of file.
2026-05-04 11:46:48,153 [ERROR] LogOutputStream:75 - [STDERR_REDIRECT] 
2026-05-04 11:46:49,159 [ERROR] LogOutputStream:75 - [STDERR_REDIRECT] [Fatal Error] :1:1: Premature end of file.
2026-05-04 11:46:49,159 [ERROR] LogOutputStream:75 - [STDERR_REDIRECT] 
2026-05-04 11:46:50,164 [ERROR] LogOutputStream:75 - [STDERR_REDIRECT] [Fatal Error] :1:1: Premature end of file.
2026-05-04 11:46:50,165 [ERROR] LogOutputStream:75 - [STDERR_REDIRECT] 
2026-05-04 11:46:51,130 [ERROR] LogOutputStream:75 - [STDERR_REDIRECT] [Fatal Error] :1:1: Premature end of file.
2026-05-04 11:46:51,130 [ERROR] LogOutputStream:75 - [STDERR_REDIRECT] 
2026-05-04 11:46:52,169 [ERROR] LogOutputStream:75 - [STDERR_REDIRECT] [Fatal Error] :1:1: Premature end of file.
2026-05-04 11:46:52,169 [ERROR] LogOutputStream:75 - [STDERR_REDIRECT] 
2026-05-04 11:46:53,173 [ERROR] LogOutputStream:75 - [STDERR_REDIRECT] [Fatal Error] :1:1: Premature end of file.
2026-05-04 11:46:53,173 [ERROR] LogOutputStream:75 - [STDERR_REDIRECT] 
2026-05-04 11:46:54,174 [ERROR] LogOutputStream:75 - [STDERR_REDIRECT] [Fatal Error] :1:1: Premature end of file.
2026-05-04 11:46:54,175 [ERROR] LogOutputStream:75 - [STDERR_REDIRECT] 
2026-05-04 11:46:55,150 [ERROR] LogOutputStream:75 - [STDERR_REDIRECT] [Fatal Error] :1:1: Premature end of file.
2026-05-04 11:46:55,150 [ERROR] LogOutputStream:75 - [STDERR_REDIRECT] 
2026-05-04 11:46:56,170 [ERROR] LogOutputStream:75 - [STDERR_REDIRECT] [Fatal Error] :1:1: Premature end of file.
2026-05-04 11:46:56,171 [ERROR] LogOutputStream:75 - [STDERR_REDIRECT] 
2026-05-04 11:46:57,158 [ERROR] LogOutputStream:75 - [STDERR_REDIRECT] [Fatal Error] :1:1: Premature end of file.
2026-05-04 11:46:57,159 [ERROR] LogOutputStream:75 - [STDERR_REDIRECT] 
2026-05-04 11:46:58,156 [ERROR] LogOutputStream:75 - [STDERR_REDIRECT] [Fatal Error] :1:1: Premature end of file.
2026-05-04 11:46:58,157 [ERROR] LogOutputStream:75 - [STDERR_REDIRECT] 
2026-05-04 11:46:59,156 [ERROR] LogOutputStream:75 - [STDERR_REDIRECT] [Fatal Error] :1:1: Premature end of file.
2026-05-04 11:46:59,157 [ERROR] LogOutputStream:75 - [STDERR_REDIRECT] 
2026-05-04 11:47:00,142 [ERROR] LogOutputStream:75 - [STDERR_REDIRECT] [Fatal Error] :1:1: Premature end of file.
2026-05-04 11:47:00,142 [ERROR] LogOutputStream:75 - [STDERR_REDIRECT] 
2026-05-04 11:47:01,153 [ERROR] LogOutputStream:75 - [STDERR_REDIRECT] [Fatal Error] :1:1: Premature end of file.
2026-05-04 11:47:01,154 [ERROR] LogOutputStream:75 - [STDERR_REDIRECT] 
2026-05-04 11:47:02,168 [ERROR] LogOutputStream:75 - [STDERR_REDIRECT] [Fatal Error] :1:1: Premature end of file.
2026-05-04 11:47:02,168 [ERROR] LogOutputStream:75 - [STDERR_REDIRECT] 
2026-05-04 11:47:03,144 [ERROR] LogOutputStream:75 - [STDERR_REDIRECT] [Fatal Error] :1:1: Premature end of file.
2026-05-04 11:47:03,144 [ERROR] LogOutputStream:75 - [STDERR_REDIRECT] 
2026-05-04 11:47:04,161 [ERROR] LogOutputStream:75 - [STDERR_REDIRECT] [Fatal Error] :1:1: Premature end of file.
2026-05-04 11:47:04,161 [ERROR] LogOutputStream:75 - [STDERR_REDIRECT] 
2026-05-04 11:47:05,147 [ERROR] LogOutputStream:75 - [STDERR_REDIRECT] [Fatal Error] :1:1: Premature end of file.
2026-05-04 11:47:05,148 [ERROR] LogOutputStream:75 - [STDERR_REDIRECT] 
2026-05-04 11:47:06,156 [ERROR] LogOutputStream:75 - [STDERR_REDIRECT] [Fatal Error] :1:1: Premature end of file.
2026-05-04 11:47:06,156 [ERROR] LogOutputStream:75 - [STDERR_REDIRECT] 
2026-05-04 11:47:07,150 [ERROR] LogOutputStream:75 - [STDERR_REDIRECT] [Fatal Error] :1:1: Premature end of file.
2026-05-04 11:47:07,150 [ERROR] LogOutputStream:75 - [STDERR_REDIRECT] 
2026-05-04 11:47:08,155 [ERROR] LogOutputStream:75 - [STDERR_REDIRECT] [Fatal Error] :1:1: Premature end of file.
2026-05-04 11:47:08,155 [ERROR] LogOutputStream:75 - [STDERR_REDIRECT] 
2026-05-04 11:47:09,167 [ERROR] LogOutputStream:75 - [STDERR_REDIRECT] [Fatal Error] :1:1: Premature end of file.
2026-05-04 11:47:09,168 [ERROR] LogOutputStream:75 - [STDERR_REDIRECT] 
2026-05-04 11:47:10,164 [ERROR] LogOutputStream:75 - [STDERR_REDIRECT] [Fatal Error] :1:1: Premature end of file.
2026-05-04 11:47:10,164 [ERROR] LogOutputStream:75 - [STDERR_REDIRECT] 
2026-05-04 11:47:11,160 [ERROR] LogOutputStream:75 - [STDERR_REDIRECT] [Fatal Error] :1:1: Premature end of file.
2026-05-04 11:47:11,160 [ERROR] LogOutputStream:75 - [STDERR_REDIRECT] 
2026-05-04 11:47:12,171 [ERROR] LogOutputStream:75 - [STDERR_REDIRECT] [Fatal Error] :1:1: Premature end of file.
2026-05-04 11:47:12,172 [ERROR] LogOutputStream:75 - [STDERR_REDIRECT] 
2026-05-04 11:47:13,176 [ERROR] LogOutputStream:75 - [STDERR_REDIRECT] [Fatal Error] :1:1: Premature end of file.
2026-05-04 11:47:13,176 [ERROR] LogOutputStream:75 - [STDERR_REDIRECT] 
2026-05-04 11:47:14,177 [ERROR] LogOutputStream:75 - [STDERR_REDIRECT] [Fatal Error] :1:1: Premature end of file.
2026-05-04 11:47:14,178 [ERROR] LogOutputStream:75 - [STDERR_REDIRECT] 
2026-05-04 11:47:15,174 [ERROR] LogOutputStream:75 - [STDERR_REDIRECT] [Fatal Error] :1:1: Premature end of file.
2026-05-04 11:47:15,175 [ERROR] LogOutputStream:75 - [STDERR_REDIRECT] 
2026-05-04 11:47:16,167 [ERROR] LogOutputStream:75 - [STDERR_REDIRECT] [Fatal Error] :1:1: Premature end of file.
2026-05-04 11:47:16,168 [ERROR] LogOutputStream:75 - [STDERR_REDIRECT] 
2026-05-04 11:47:17,148 [ERROR] LogOutputStream:75 - [STDERR_REDIRECT] [Fatal Error] :1:1: Premature end of file.
2026-05-04 11:47:17,148 [ERROR] LogOutputStream:75 - [STDERR_REDIRECT] 
2026-05-04 11:47:18,174 [ERROR] LogOutputStream:75 - [STDERR_REDIRECT] [Fatal Error] :1:1: Premature end of file.
2026-05-04 11:47:18,175 [ERROR] LogOutputStream:75 - [STDERR_REDIRECT] 
2026-05-04 11:47:19,173 [ERROR] LogOutputStream:75 - [STDERR_REDIRECT] [Fatal Error] :1:1: Premature end of file.
2026-05-04 11:47:19,173 [ERROR] LogOutputStream:75 - [STDERR_REDIRECT] 
2026-05-04 11:47:20,147 [ERROR] LogOutputStream:75 - [STDERR_REDIRECT] [Fatal Error] :1:1: Premature end of file.
2026-05-04 11:47:20,147 [ERROR] LogOutputStream:75 - [STDERR_REDIRECT] 
2026-05-04 11:47:21,142 [ERROR] LogOutputStream:75 - [STDERR_REDIRECT] [Fatal Error] :1:1: Premature end of file.
2026-05-04 11:47:21,143 [ERROR] LogOutputStream:75 - [STDERR_REDIRECT] 
2026-05-04 11:47:22,155 [ERROR] LogOutputStream:75 - [STDERR_REDIRECT] [Fatal Error] :1:1: Premature end of file.
2026-05-04 11:47:22,155 [ERROR] LogOutputStream:75 - [STDERR_REDIRECT] 
2026-05-04 11:47:23,155 [ERROR] LogOutputStream:75 - [STDERR_REDIRECT] [Fatal Error] :1:1: Premature end of file.
2026-05-04 11:47:23,156 [ERROR] LogOutputStream:75 - [STDERR_REDIRECT] 
2026-05-04 11:47:24,160 [ERROR] LogOutputStream:75 - [STDERR_REDIRECT] [Fatal Error] :1:1: Premature end of file.
2026-05-04 11:47:24,161 [ERROR] LogOutputStream:75 - [STDERR_REDIRECT] 
2026-05-04 11:47:25,155 [ERROR] LogOutputStream:75 - [STDERR_REDIRECT] [Fatal Error] :1:1: Premature end of file.
2026-05-04 11:47:25,156 [ERROR] LogOutputStream:75 - [STDERR_REDIRECT] 
2026-05-04 11:47:26,162 [ERROR] LogOutputStream:75 - [STDERR_REDIRECT] [Fatal Error] :1:1: Premature end of file.
2026-05-04 11:47:26,163 [ERROR] LogOutputStream:75 - [STDERR_REDIRECT] 
2026-05-04 11:47:27,157 [ERROR] LogOutputStream:75 - [STDERR_REDIRECT] [Fatal Error] :1:1: Premature end of file.
2026-05-04 11:47:27,158 [ERROR] LogOutputStream:75 - [STDERR_REDIRECT] 
2026-05-04 11:47:28,208 [ERROR] LogOutputStream:75 - [STDERR_REDIRECT] [Fatal Error] :1:1: Premature end of file.
2026-05-04 11:47:28,208 [ERROR] LogOutputStream:75 - [STDERR_REDIRECT] 
2026-05-04 11:47:29,164 [ERROR] LogOutputStream:75 - [STDERR_REDIRECT] [Fatal Error] :1:1: Premature end of file.
2026-05-04 11:47:29,165 [ERROR] LogOutputStream:75 - [STDERR_REDIRECT] 
2026-05-04 11:47:30,174 [ERROR] LogOutputStream:75 - [STDERR_REDIRECT] [Fatal Error] :1:1: Premature end of file.
2026-05-04 11:47:30,174 [ERROR] LogOutputStream:75 - [STDERR_REDIRECT] 
2026-05-04 11:47:31,215 [ERROR] LogOutputStream:75 - [STDERR_REDIRECT] [Fatal Error] :1:1: Premature end of file.
2026-05-04 11:47:31,215 [ERROR] LogOutputStream:75 - [STDERR_REDIRECT] 
2026-05-04 11:47:32,159 [ERROR] LogOutputStream:75 - [STDERR_REDIRECT] [Fatal Error] :1:1: Premature end of file.
2026-05-04 11:47:32,159 [ERROR] LogOutputStream:75 - [STDERR_REDIRECT] 
2026-05-04 11:47:33,159 [ERROR] LogOutputStream:75 - [STDERR_REDIRECT] [Fatal Error] :1:1: Premature end of file.
2026-05-04 11:47:33,159 [ERROR] LogOutputStream:75 - [STDERR_REDIRECT] 
2026-05-04 11:47:34,166 [ERROR] LogOutputStream:75 - [STDERR_REDIRECT] [Fatal Error] :1:1: Premature end of file.
2026-05-04 11:47:34,166 [ERROR] LogOutputStream:75 - [STDERR_REDIRECT] 
2026-05-04 11:47:35,159 [ERROR] LogOutputStream:75 - [STDERR_REDIRECT] [Fatal Error] :1:1: Premature end of file.
2026-05-04 11:47:35,159 [ERROR] LogOutputStream:75 - [STDERR_REDIRECT] 
2026-05-04 11:47:36,197 [ERROR] LogOutputStream:75 - [STDERR_REDIRECT] [Fatal Error] :1:1: Premature end of file.
2026-05-04 11:47:36,198 [ERROR] LogOutputStream:75 - [STDERR_REDIRECT] 
2026-05-04 11:47:37,166 [ERROR] LogOutputStream:75 - [STDERR_REDIRECT] [Fatal Error] :1:1: Premature end of file.
2026-05-04 11:47:37,166 [ERROR] LogOutputStream:75 - [STDERR_REDIRECT] 
2026-05-04 11:47:38,171 [ERROR] LogOutputStream:75 - [STDERR_REDIRECT] [Fatal Error] :1:1: Premature end of file.
2026-05-04 11:47:38,171 [ERROR] LogOutputStream:75 - [STDERR_REDIRECT] 
2026-05-04 11:47:39,146 [ERROR] LogOutputStream:75 - [STDERR_REDIRECT] [Fatal Error] :1:1: Premature end of file.
2026-05-04 11:47:39,146 [ERROR] LogOutputStream:75 - [STDERR_REDIRECT] 
2026-05-04 11:47:40,143 [ERROR] LogOutputStream:75 - [STDERR_REDIRECT] [Fatal Error] :1:1: Premature end of file.
2026-05-04 11:47:40,143 [ERROR] LogOutputStream:75 - [STDERR_REDIRECT] 
2026-05-04 11:47:41,163 [ERROR] LogOutputStream:75 - [STDERR_REDIRECT] [Fatal Error] :1:1: Premature end of file.
2026-05-04 11:47:41,164 [ERROR] LogOutputStream:75 - [STDERR_REDIRECT] 
2026-05-04 11:47:42,172 [ERROR] LogOutputStream:75 - [STDERR_REDIRECT] [Fatal Error] :1:1: Premature end of file.
2026-05-04 11:47:42,172 [ERROR] LogOutputStream:75 - [STDERR_REDIRECT] 
2026-05-04 11:47:43,166 [ERROR] LogOutputStream:75 - [STDERR_REDIRECT] [Fatal Error] :1:1: Premature end of file.
2026-05-04 11:47:43,166 [ERROR] LogOutputStream:75 - [STDERR_REDIRECT] 
2026-05-04 11:47:44,159 [ERROR] LogOutputStream:75 - [STDERR_REDIRECT] [Fatal Error] :1:1: Premature end of file.
2026-05-04 11:47:44,159 [ERROR] LogOutputStream:75 - [STDERR_REDIRECT] 
2026-05-04 11:47:45,167 [ERROR] LogOutputStream:75 - [STDERR_REDIRECT] [Fatal Error] :1:1: Premature end of file.
2026-05-04 11:47:45,168 [ERROR] LogOutputStream:75 - [STDERR_REDIRECT] 
2026-05-04 11:47:46,145 [ERROR] LogOutputStream:75 - [STDERR_REDIRECT] [Fatal Error] :1:1: Premature end of file.
2026-05-04 11:47:46,145 [ERROR] LogOutputStream:75 - [STDERR_REDIRECT] 
2026-05-04 11:47:47,137 [ERROR] LogOutputStream:75 - [STDERR_REDIRECT] [Fatal Error] :1:1: Premature end of file.
2026-05-04 11:47:47,137 [ERROR] LogOutputStream:75 - [STDERR_REDIRECT] 
2026-05-04 11:47:48,160 [ERROR] LogOutputStream:75 - [STDERR_REDIRECT] [Fatal Error] :1:1: Premature end of file.
2026-05-04 11:47:48,161 [ERROR] LogOutputStream:75 - [STDERR_REDIRECT] 
2026-05-04 11:47:49,151 [ERROR] LogOutputStream:75 - [STDERR_REDIRECT] [Fatal Error] :1:1: Premature end of file.
2026-05-04 11:47:49,151 [ERROR] LogOutputStream:75 - [STDERR_REDIRECT] 
2026-05-04 11:47:50,158 [ERROR] LogOutputStream:75 - [STDERR_REDIRECT] [Fatal Error] :1:1: Premature end of file.
2026-05-04 11:47:50,158 [ERROR] LogOutputStream:75 - [STDERR_REDIRECT] 
2026-05-04 11:47:51,143 [ERROR] LogOutputStream:75 - [STDERR_REDIRECT] [Fatal Error] :1:1: Premature end of file.
2026-05-04 11:47:51,144 [ERROR] LogOutputStream:75 - [STDERR_REDIRECT] 
2026-05-04 11:47:52,162 [ERROR] LogOutputStream:75 - [STDERR_REDIRECT] [Fatal Error] :1:1: Premature end of file.
2026-05-04 11:47:52,163 [ERROR] LogOutputStream:75 - [STDERR_REDIRECT] 
2026-05-04 11:47:53,180 [ERROR] LogOutputStream:75 - [STDERR_REDIRECT] [Fatal Error] :1:1: Premature end of file.
2026-05-04 11:47:53,181 [ERROR] LogOutputStream:75 - [STDERR_REDIRECT] 
2026-05-04 11:47:54,170 [ERROR] LogOutputStream:75 - [STDERR_REDIRECT] [Fatal Error] :1:1: Premature end of file.
2026-05-04 11:47:54,171 [ERROR] LogOutputStream:75 - [STDERR_REDIRECT] 
2026-05-04 11:47:55,156 [ERROR] LogOutputStream:75 - [STDERR_REDIRECT] [Fatal Error] :1:1: Premature end of file.
2026-05-04 11:47:55,156 [ERROR] LogOutputStream:75 - [STDERR_REDIRECT] 
2026-05-04 11:47:56,170 [ERROR] LogOutputStream:75 - [STDERR_REDIRECT] [Fatal Error] :1:1: Premature end of file.
2026-05-04 11:47:56,171 [ERROR] LogOutputStream:75 - [STDERR_REDIRECT] 
2026-05-04 11:47:57,152 [ERROR] LogOutputStream:75 - [STDERR_REDIRECT] [Fatal Error] :1:1: Premature end of file.
2026-05-04 11:47:57,153 [ERROR] LogOutputStream:75 - [STDERR_REDIRECT] 
2026-05-04 11:47:58,153 [ERROR] LogOutputStream:75 - [STDERR_REDIRECT] [Fatal Error] :1:1: Premature end of file.
2026-05-04 11:47:58,153 [ERROR] LogOutputStream:75 - [STDERR_REDIRECT] 
2026-05-04 11:47:59,168 [ERROR] LogOutputStream:75 - [STDERR_REDIRECT] [Fatal Error] :1:1: Premature end of file.
2026-05-04 11:47:59,169 [ERROR] LogOutputStream:75 - [STDERR_REDIRECT] 
2026-05-04 11:48:00,150 [ERROR] LogOutputStream:75 - [STDERR_REDIRECT] [Fatal Error] :1:1: Premature end of file.
2026-05-04 11:48:00,151 [ERROR] LogOutputStream:75 - [STDERR_REDIRECT] 
2026-05-04 11:48:01,178 [ERROR] LogOutputStream:75 - [STDERR_REDIRECT] [Fatal Error] :1:1: Premature end of file.
2026-05-04 11:48:01,178 [ERROR] LogOutputStream:75 - [STDERR_REDIRECT] 
2026-05-04 11:48:02,139 [ERROR] LogOutputStream:75 - [STDERR_REDIRECT] [Fatal Error] :1:1: Premature end of file.
2026-05-04 11:48:02,139 [ERROR] LogOutputStream:75 - [STDERR_REDIRECT] 
2026-05-04 11:48:03,142 [ERROR] LogOutputStream:75 - [STDERR_REDIRECT] [Fatal Error] :1:1: Premature end of file.
2026-05-04 11:48:03,142 [ERROR] LogOutputStream:75 - [STDERR_REDIRECT] 
2026-05-04 11:48:04,150 [ERROR] LogOutputStream:75 - [STDERR_REDIRECT] [Fatal Error] :1:1: Premature end of file.
2026-05-04 11:48:04,151 [ERROR] LogOutputStream:75 - [STDERR_REDIRECT] 
2026-05-04 11:48:05,129 [ERROR] LogOutputStream:75 - [STDERR_REDIRECT] [Fatal Error] :1:1: Premature end of file.
2026-05-04 11:48:05,130 [ERROR] LogOutputStream:75 - [STDERR_REDIRECT] 
2026-05-04 11:48:06,168 [ERROR] LogOutputStream:75 - [STDERR_REDIRECT] [Fatal Error] :1:1: Premature end of file.
2026-05-04 11:48:06,169 [ERROR] LogOutputStream:75 - [STDERR_REDIRECT] 
2026-05-04 11:48:07,155 [ERROR] LogOutputStream:75 - [STDERR_REDIRECT] [Fatal Error] :1:1: Premature end of file.
2026-05-04 11:48:07,155 [ERROR] LogOutputStream:75 - [STDERR_REDIRECT] 
2026-05-04 11:48:08,184 [ERROR] LogOutputStream:75 - [STDERR_REDIRECT] [Fatal Error] :1:1: Premature end of file.
2026-05-04 11:48:08,185 [ERROR] LogOutputStream:75 - [STDERR_REDIRECT] 
2026-05-04 11:48:09,189 [ERROR] LogOutputStream:75 - [STDERR_REDIRECT] [Fatal Error] :1:1: Premature end of file.
2026-05-04 11:48:09,189 [ERROR] LogOutputStream:75 - [STDERR_REDIRECT] 
2026-05-04 11:48:10,141 [ERROR] LogOutputStream:75 - [STDERR_REDIRECT] [Fatal Error] :1:1: Premature end of file.
2026-05-04 11:48:10,141 [ERROR] LogOutputStream:75 - [STDERR_REDIRECT] 
2026-05-04 11:48:11,180 [ERROR] LogOutputStream:75 - [STDERR_REDIRECT] [Fatal Error] :1:1: Premature end of file.
2026-05-04 11:48:11,180 [ERROR] LogOutputStream:75 - [STDERR_REDIRECT] 
2026-05-04 11:48:12,148 [ERROR] LogOutputStream:75 - [STDERR_REDIRECT] [Fatal Error] :1:1: Premature end of file.
2026-05-04 11:48:12,149 [ERROR] LogOutputStream:75 - [STDERR_REDIRECT] 
2026-05-04 11:48:13,140 [ERROR] LogOutputStream:75 - [STDERR_REDIRECT] [Fatal Error] :1:1: Premature end of file.
2026-05-04 11:48:13,140 [ERROR] LogOutputStream:75 - [STDERR_REDIRECT] 
2026-05-04 11:48:14,172 [ERROR] LogOutputStream:75 - [STDERR_REDIRECT] [Fatal Error] :1:1: Premature end of file.
2026-05-04 11:48:14,173 [ERROR] LogOutputStream:75 - [STDERR_REDIRECT] 
2026-05-04 11:48:15,163 [ERROR] LogOutputStream:75 - [STDERR_REDIRECT] [Fatal Error] :1:1: Premature end of file.
2026-05-04 11:48:15,163 [ERROR] LogOutputStream:75 - [STDERR_REDIRECT] 
2026-05-04 11:48:16,177 [ERROR] LogOutputStream:75 - [STDERR_REDIRECT] [Fatal Error] :1:1: Premature end of file.
2026-05-04 11:48:16,178 [ERROR] LogOutputStream:75 - [STDERR_REDIRECT] 
2026-05-04 11:48:17,154 [ERROR] LogOutputStream:75 - [STDERR_REDIRECT] [Fatal Error] :1:1: Premature end of file.
2026-05-04 11:48:17,154 [ERROR] LogOutputStream:75 - [STDERR_REDIRECT] 
2026-05-04 11:48:18,165 [ERROR] LogOutputStream:75 - [STDERR_REDIRECT] [Fatal Error] :1:1: Premature end of file.
2026-05-04 11:48:18,165 [ERROR] LogOutputStream:75 - [STDERR_REDIRECT] 
2026-05-04 11:48:19,184 [ERROR] LogOutputStream:75 - [STDERR_REDIRECT] [Fatal Error] :1:1: Premature end of file.
2026-05-04 11:48:19,185 [ERROR] LogOutputStream:75 - [STDERR_REDIRECT] 
2026-05-04 11:48:20,159 [ERROR] LogOutputStream:75 - [STDERR_REDIRECT] [Fatal Error] :1:1: Premature end of file.
2026-05-04 11:48:20,159 [ERROR] LogOutputStream:75 - [STDERR_REDIRECT] 
2026-05-04 11:48:21,167 [ERROR] LogOutputStream:75 - [STDERR_REDIRECT] [Fatal Error] :1:1: Premature end of file.
2026-05-04 11:48:21,167 [ERROR] LogOutputStream:75 - [STDERR_REDIRECT] 
2026-05-04 11:48:22,166 [ERROR] LogOutputStream:75 - [STDERR_REDIRECT] [Fatal Error] :1:1: Premature end of file.
2026-05-04 11:48:22,166 [ERROR] LogOutputStream:75 - [STDERR_REDIRECT] 
2026-05-04 11:48:23,168 [ERROR] LogOutputStream:75 - [STDERR_REDIRECT] [Fatal Error] :1:1: Premature end of file.
2026-05-04 11:48:23,168 [ERROR] LogOutputStream:75 - [STDERR_REDIRECT] 
2026-05-04 11:48:24,155 [ERROR] LogOutputStream:75 - [STDERR_REDIRECT] [Fatal Error] :1:1: Premature end of file.
2026-05-04 11:48:24,156 [ERROR] LogOutputStream:75 - [STDERR_REDIRECT] 
2026-05-04 11:48:25,162 [ERROR] LogOutputStream:75 - [STDERR_REDIRECT] [Fatal Error] :1:1: Premature end of file.
2026-05-04 11:48:25,163 [ERROR] LogOutputStream:75 - [STDERR_REDIRECT] 
2026-05-04 11:48:26,160 [ERROR] LogOutputStream:75 - [STDERR_REDIRECT] [Fatal Error] :1:1: Premature end of file.
2026-05-04 11:48:26,160 [ERROR] LogOutputStream:75 - [STDERR_REDIRECT] 
2026-05-04 11:48:27,152 [ERROR] LogOutputStream:75 - [STDERR_REDIRECT] [Fatal Error] :1:1: Premature end of file.
2026-05-04 11:48:27,153 [ERROR] LogOutputStream:75 - [STDERR_REDIRECT] 
2026-05-04 11:48:28,153 [ERROR] LogOutputStream:75 - [STDERR_REDIRECT] [Fatal Error] :1:1: Premature end of file.
2026-05-04 11:48:28,153 [ERROR] LogOutputStream:75 - [STDERR_REDIRECT] 
2026-05-04 11:48:29,177 [ERROR] LogOutputStream:75 - [STDERR_REDIRECT] [Fatal Error] :1:1: Premature end of file.
2026-05-04 11:48:29,177 [ERROR] LogOutputStream:75 - [STDERR_REDIRECT] 
2026-05-04 11:48:30,178 [ERROR] LogOutputStream:75 - [STDERR_REDIRECT] [Fatal Error] :1:1: Premature end of file.
2026-05-04 11:48:30,178 [ERROR] LogOutputStream:75 - [STDERR_REDIRECT] 
2026-05-04 11:48:31,151 [ERROR] LogOutputStream:75 - [STDERR_REDIRECT] [Fatal Error] :1:1: Premature end of file.
2026-05-04 11:48:31,151 [ERROR] LogOutputStream:75 - [STDERR_REDIRECT] 
2026-05-04 11:48:32,163 [ERROR] LogOutputStream:75 - [STDERR_REDIRECT] [Fatal Error] :1:1: Premature end of file.
2026-05-04 11:48:32,164 [ERROR] LogOutputStream:75 - [STDERR_REDIRECT] 
2026-05-04 11:48:33,168 [ERROR] LogOutputStream:75 - [STDERR_REDIRECT] [Fatal Error] :1:1: Premature end of file.
2026-05-04 11:48:33,169 [ERROR] LogOutputStream:75 - [STDERR_REDIRECT] 
2026-05-04 11:48:34,146 [ERROR] LogOutputStream:75 - [STDERR_REDIRECT] [Fatal Error] :1:1: Premature end of file.
2026-05-04 11:48:34,146 [ERROR] LogOutputStream:75 - [STDERR_REDIRECT] 
2026-05-04 11:48:35,159 [ERROR] LogOutputStream:75 - [STDERR_REDIRECT] [Fatal Error] :1:1: Premature end of file.
2026-05-04 11:48:35,160 [ERROR] LogOutputStream:75 - [STDERR_REDIRECT] 
2026-05-04 11:48:36,159 [ERROR] LogOutputStream:75 - [STDERR_REDIRECT] [Fatal Error] :1:1: Premature end of file.
2026-05-04 11:48:36,159 [ERROR] LogOutputStream:75 - [STDERR_REDIRECT] 
2026-05-04 11:48:37,158 [ERROR] LogOutputStream:75 - [STDERR_REDIRECT] [Fatal Error] :1:1: Premature end of file.
2026-05-04 11:48:37,158 [ERROR] LogOutputStream:75 - [STDERR_REDIRECT] 
2026-05-04 11:48:38,153 [ERROR] LogOutputStream:75 - [STDERR_REDIRECT] [Fatal Error] :1:1: Premature end of file.
2026-05-04 11:48:38,153 [ERROR] LogOutputStream:75 - [STDERR_REDIRECT] 
2026-05-04 11:48:39,151 [ERROR] LogOutputStream:75 - [STDERR_REDIRECT] [Fatal Error] :1:1: Premature end of file.
2026-05-04 11:48:39,151 [ERROR] LogOutputStream:75 - [STDERR_REDIRECT] 
2026-05-04 11:48:40,151 [ERROR] LogOutputStream:75 - [STDERR_REDIRECT] [Fatal Error] :1:1: Premature end of file.
2026-05-04 11:48:40,151 [ERROR] LogOutputStream:75 - [STDERR_REDIRECT] 
2026-05-04 11:48:41,153 [ERROR] LogOutputStream:75 - [STDERR_REDIRECT] [Fatal Error] :1:1: Premature end of file.
2026-05-04 11:48:41,153 [ERROR] LogOutputStream:75 - [STDERR_REDIRECT] 
2026-05-04 11:48:42,164 [ERROR] LogOutputStream:75 - [STDERR_REDIRECT] [Fatal Error] :1:1: Premature end of file.
2026-05-04 11:48:42,164 [ERROR] LogOutputStream:75 - [STDERR_REDIRECT] 
2026-05-04 11:48:43,156 [ERROR] LogOutputStream:75 - [STDERR_REDIRECT] [Fatal Error] :1:1: Premature end of file.
2026-05-04 11:48:43,156 [ERROR] LogOutputStream:75 - [STDERR_REDIRECT] 
2026-05-04 11:48:44,157 [ERROR] LogOutputStream:75 - [STDERR_REDIRECT] [Fatal Error] :1:1: Premature end of file.
2026-05-04 11:48:44,157 [ERROR] LogOutputStream:75 - [STDERR_REDIRECT] 
2026-05-04 11:48:45,143 [ERROR] LogOutputStream:75 - [STDERR_REDIRECT] [Fatal Error] :1:1: Premature end of file.
2026-05-04 11:48:45,144 [ERROR] LogOutputStream:75 - [STDERR_REDIRECT] 
2026-05-04 11:48:46,157 [ERROR] LogOutputStream:75 - [STDERR_REDIRECT] [Fatal Error] :1:1: Premature end of file.
2026-05-04 11:48:46,157 [ERROR] LogOutputStream:75 - [STDERR_REDIRECT] 
2026-05-04 11:48:47,157 [ERROR] LogOutputStream:75 - [STDERR_REDIRECT] [Fatal Error] :1:1: Premature end of file.
2026-05-04 11:48:47,158 [ERROR] LogOutputStream:75 - [STDERR_REDIRECT] 
2026-05-04 11:48:48,160 [ERROR] LogOutputStream:75 - [STDERR_REDIRECT] [Fatal Error] :1:1: Premature end of file.
2026-05-04 11:48:48,161 [ERROR] LogOutputStream:75 - [STDERR_REDIRECT] 
2026-05-04 11:48:49,150 [ERROR] LogOutputStream:75 - [STDERR_REDIRECT] [Fatal Error] :1:1: Premature end of file.
2026-05-04 11:48:49,150 [ERROR] LogOutputStream:75 - [STDERR_REDIRECT] 
2026-05-04 11:48:50,156 [ERROR] LogOutputStream:75 - [STDERR_REDIRECT] [Fatal Error] :1:1: Premature end of file.
2026-05-04 11:48:50,157 [ERROR] LogOutputStream:75 - [STDERR_REDIRECT] 
2026-05-04 11:48:51,150 [ERROR] LogOutputStream:75 - [STDERR_REDIRECT] [Fatal Error] :1:1: Premature end of file.
2026-05-04 11:48:51,151 [ERROR] LogOutputStream:75 - [STDERR_REDIRECT] 
2026-05-04 11:48:52,149 [ERROR] LogOutputStream:75 - [STDERR_REDIRECT] [Fatal Error] :1:1: Premature end of file.
2026-05-04 11:48:52,149 [ERROR] LogOutputStream:75 - [STDERR_REDIRECT] 
2026-05-04 11:48:53,148 [ERROR] LogOutputStream:75 - [STDERR_REDIRECT] [Fatal Error] :1:1: Premature end of file.
2026-05-04 11:48:53,148 [ERROR] LogOutputStream:75 - [STDERR_REDIRECT] 
2026-05-04 11:48:54,154 [ERROR] LogOutputStream:75 - [STDERR_REDIRECT] [Fatal Error] :1:1: Premature end of file.
2026-05-04 11:48:54,154 [ERROR] LogOutputStream:75 - [STDERR_REDIRECT] 
2026-05-04 11:48:55,160 [ERROR] LogOutputStream:75 - [STDERR_REDIRECT] [Fatal Error] :1:1: Premature end of file.
2026-05-04 11:48:55,161 [ERROR] LogOutputStream:75 - [STDERR_REDIRECT] 
2026-05-04 11:48:56,151 [ERROR] LogOutputStream:75 - [STDERR_REDIRECT] [Fatal Error] :1:1: Premature end of file.
2026-05-04 11:48:56,151 [ERROR] LogOutputStream:75 - [STDERR_REDIRECT] 
2026-05-04 11:48:57,170 [ERROR] LogOutputStream:75 - [STDERR_REDIRECT] [Fatal Error] :1:1: Premature end of file.
2026-05-04 11:48:57,171 [ERROR] LogOutputStream:75 - [STDERR_REDIRECT] 
2026-05-04 11:48:58,175 [ERROR] LogOutputStream:75 - [STDERR_REDIRECT] [Fatal Error] :1:1: Premature end of file.
2026-05-04 11:48:58,175 [ERROR] LogOutputStream:75 - [STDERR_REDIRECT] 
2026-05-04 11:48:59,139 [ERROR] LogOutputStream:75 - [STDERR_REDIRECT] [Fatal Error] :1:1: Premature end of file.
2026-05-04 11:48:59,139 [ERROR] LogOutputStream:75 - [STDERR_REDIRECT] 
2026-05-04 11:49:00,172 [ERROR] LogOutputStream:75 - [STDERR_REDIRECT] [Fatal Error] :1:1: Premature end of file.
2026-05-04 11:49:00,173 [ERROR] LogOutputStream:75 - [STDERR_REDIRECT] 
2026-05-04 11:49:01,132 [ERROR] LogOutputStream:75 - [STDERR_REDIRECT] [Fatal Error] :1:1: Premature end of file.
2026-05-04 11:49:01,132 [ERROR] LogOutputStream:75 - [STDERR_REDIRECT] 
2026-05-04 11:49:02,154 [ERROR] LogOutputStream:75 - [STDERR_REDIRECT] [Fatal Error] :1:1: Premature end of file.
2026-05-04 11:49:02,154 [ERROR] LogOutputStream:75 - [STDERR_REDIRECT] 
2026-05-04 11:49:03,195 [ERROR] LogOutputStream:75 - [STDERR_REDIRECT] [Fatal Error] :1:1: Premature end of file.
2026-05-04 11:49:03,195 [ERROR] LogOutputStream:75 - [STDERR_REDIRECT] 
2026-05-04 11:49:04,157 [ERROR] LogOutputStream:75 - [STDERR_REDIRECT] [Fatal Error] :1:1: Premature end of file.
2026-05-04 11:49:04,157 [ERROR] LogOutputStream:75 - [STDERR_REDIRECT] 
2026-05-04 11:49:05,175 [ERROR] LogOutputStream:75 - [STDERR_REDIRECT] [Fatal Error] :1:1: Premature end of file.
2026-05-04 11:49:05,175 [ERROR] LogOutputStream:75 - [STDERR_REDIRECT] 
2026-05-04 11:49:06,152 [ERROR] LogOutputStream:75 - [STDERR_REDIRECT] [Fatal Error] :1:1: Premature end of file.
2026-05-04 11:49:06,153 [ERROR] LogOutputStream:75 - [STDERR_REDIRECT] 
2026-05-04 11:49:07,158 [ERROR] LogOutputStream:75 - [STDERR_REDIRECT] [Fatal Error] :1:1: Premature end of file.
2026-05-04 11:49:07,158 [ERROR] LogOutputStream:75 - [STDERR_REDIRECT] 
2026-05-04 11:49:08,160 [ERROR] LogOutputStream:75 - [STDERR_REDIRECT] [Fatal Error] :1:1: Premature end of file.
2026-05-04 11:49:08,161 [ERROR] LogOutputStream:75 - [STDERR_REDIRECT] 
2026-05-04 11:49:09,154 [ERROR] LogOutputStream:75 - [STDERR_REDIRECT] [Fatal Error] :1:1: Premature end of file.
2026-05-04 11:49:09,154 [ERROR] LogOutputStream:75 - [STDERR_REDIRECT] 
2026-05-04 11:49:10,177 [ERROR] LogOutputStream:75 - [STDERR_REDIRECT] [Fatal Error] :1:1: Premature end of file.
2026-05-04 11:49:10,178 [ERROR] LogOutputStream:75 - [STDERR_REDIRECT] 
2026-05-04 11:49:11,151 [ERROR] LogOutputStream:75 - [STDERR_REDIRECT] [Fatal Error] :1:1: Premature end of file.
2026-05-04 11:49:11,151 [ERROR] LogOutputStream:75 - [STDERR_REDIRECT] 
2026-05-04 11:49:12,148 [ERROR] LogOutputStream:75 - [STDERR_REDIRECT] [Fatal Error] :1:1: Premature end of file.
2026-05-04 11:49:12,148 [ERROR] LogOutputStream:75 - [STDERR_REDIRECT] 
2026-05-04 11:49:13,146 [ERROR] LogOutputStream:75 - [STDERR_REDIRECT] [Fatal Error] :1:1: Premature end of file.
2026-05-04 11:49:13,146 [ERROR] LogOutputStream:75 - [STDERR_REDIRECT] 
2026-05-04 11:49:14,152 [ERROR] LogOutputStream:75 - [STDERR_REDIRECT] [Fatal Error] :1:1: Premature end of file.
2026-05-04 11:49:14,152 [ERROR] LogOutputStream:75 - [STDERR_REDIRECT] 
2026-05-04 11:49:15,161 [ERROR] LogOutputStream:75 - [STDERR_REDIRECT] [Fatal Error] :1:1: Premature end of file.
2026-05-04 11:49:15,162 [ERROR] LogOutputStream:75 - [STDERR_REDIRECT] 
2026-05-04 11:49:16,147 [ERROR] LogOutputStream:75 - [STDERR_REDIRECT] [Fatal Error] :1:1: Premature end of file.
2026-05-04 11:49:16,147 [ERROR] LogOutputStream:75 - [STDERR_REDIRECT] 
2026-05-04 11:49:17,144 [ERROR] LogOutputStream:75 - [STDERR_REDIRECT] [Fatal Error] :1:1: Premature end of file.
2026-05-04 11:49:17,144 [ERROR] LogOutputStream:75 - [STDERR_REDIRECT] 
2026-05-04 11:49:18,167 [ERROR] LogOutputStream:75 - [STDERR_REDIRECT] [Fatal Error] :1:1: Premature end of file.
2026-05-04 11:49:18,167 [ERROR] LogOutputStream:75 - [STDERR_REDIRECT] 
2026-05-04 11:49:19,173 [ERROR] LogOutputStream:75 - [STDERR_REDIRECT] [Fatal Error] :1:1: Premature end of file.
2026-05-04 11:49:19,174 [ERROR] LogOutputStream:75 - [STDERR_REDIRECT] 
2026-05-04 11:49:20,144 [ERROR] LogOutputStream:75 - [STDERR_REDIRECT] [Fatal Error] :1:1: Premature end of file.
2026-05-04 11:49:20,144 [ERROR] LogOutputStream:75 - [STDERR_REDIRECT] 
2026-05-04 11:49:21,159 [ERROR] LogOutputStream:75 - [STDERR_REDIRECT] [Fatal Error] :1:1: Premature end of file.
2026-05-04 11:49:21,159 [ERROR] LogOutputStream:75 - [STDERR_REDIRECT] 
2026-05-04 11:49:22,167 [ERROR] LogOutputStream:75 - [STDERR_REDIRECT] [Fatal Error] :1:1: Premature end of file.
2026-05-04 11:49:22,168 [ERROR] LogOutputStream:75 - [STDERR_REDIRECT] 
2026-05-04 11:49:23,170 [ERROR] LogOutputStream:75 - [STDERR_REDIRECT] [Fatal Error] :1:1: Premature end of file.
2026-05-04 11:49:23,170 [ERROR] LogOutputStream:75 - [STDERR_REDIRECT] 
2026-05-04 11:49:24,146 [ERROR] LogOutputStream:75 - [STDERR_REDIRECT] [Fatal Error] :1:1: Premature end of file.
2026-05-04 11:49:24,146 [ERROR] LogOutputStream:75 - [STDERR_REDIRECT] 
2026-05-04 11:49:25,179 [ERROR] LogOutputStream:75 - [STDERR_REDIRECT] [Fatal Error] :1:1: Premature end of file.
2026-05-04 11:49:25,180 [ERROR] LogOutputStream:75 - [STDERR_REDIRECT] 
2026-05-04 11:49:26,150 [ERROR] LogOutputStream:75 - [STDERR_REDIRECT] [Fatal Error] :1:1: Premature end of file.
2026-05-04 11:49:26,150 [ERROR] LogOutputStream:75 - [STDERR_REDIRECT] 
2026-05-04 11:49:27,148 [ERROR] LogOutputStream:75 - [STDERR_REDIRECT] [Fatal Error] :1:1: Premature end of file.
2026-05-04 11:49:27,149 [ERROR] LogOutputStream:75 - [STDERR_REDIRECT] 
2026-05-04 11:49:28,155 [ERROR] LogOutputStream:75 - [STDERR_REDIRECT] [Fatal Error] :1:1: Premature end of file.
2026-05-04 11:49:28,155 [ERROR] LogOutputStream:75 - [STDERR_REDIRECT] 
2026-05-04 11:49:29,150 [ERROR] LogOutputStream:75 - [STDERR_REDIRECT] [Fatal Error] :1:1: Premature end of file.
2026-05-04 11:49:29,150 [ERROR] LogOutputStream:75 - [STDERR_REDIRECT] 
2026-05-04 11:49:30,148 [ERROR] LogOutputStream:75 - [STDERR_REDIRECT] [Fatal Error] :1:1: Premature end of file.
2026-05-04 11:49:30,148 [ERROR] LogOutputStream:75 - [STDERR_REDIRECT] 
2026-05-04 11:49:31,156 [ERROR] LogOutputStream:75 - [STDERR_REDIRECT] [Fatal Error] :1:1: Premature end of file.
2026-05-04 11:49:31,156 [ERROR] LogOutputStream:75 - [STDERR_REDIRECT] 
2026-05-04 11:49:32,150 [ERROR] LogOutputStream:75 - [STDERR_REDIRECT] [Fatal Error] :1:1: Premature end of file.
2026-05-04 11:49:32,150 [ERROR] LogOutputStream:75 - [STDERR_REDIRECT] 
2026-05-04 11:49:33,148 [ERROR] LogOutputStream:75 - [STDERR_REDIRECT] [Fatal Error] :1:1: Premature end of file.
2026-05-04 11:49:33,149 [ERROR] LogOutputStream:75 - [STDERR_REDIRECT] 
2026-05-04 11:49:34,176 [ERROR] LogOutputStream:75 - [STDERR_REDIRECT] [Fatal Error] :1:1: Premature end of file.
2026-05-04 11:49:34,176 [ERROR] LogOutputStream:75 - [STDERR_REDIRECT] 
2026-05-04 11:49:35,156 [ERROR] LogOutputStream:75 - [STDERR_REDIRECT] [Fatal Error] :1:1: Premature end of file.
2026-05-04 11:49:35,156 [ERROR] LogOutputStream:75 - [STDERR_REDIRECT] 
2026-05-04 11:49:36,149 [ERROR] LogOutputStream:75 - [STDERR_REDIRECT] [Fatal Error] :1:1: Premature end of file.
2026-05-04 11:49:36,149 [ERROR] LogOutputStream:75 - [STDERR_REDIRECT] 
2026-05-04 11:49:37,149 [ERROR] LogOutputStream:75 - [STDERR_REDIRECT] [Fatal Error] :1:1: Premature end of file.
2026-05-04 11:49:37,149 [ERROR] LogOutputStream:75 - [STDERR_REDIRECT] 
2026-05-04 11:49:38,140 [ERROR] LogOutputStream:75 - [STDERR_REDIRECT] [Fatal Error] :1:1: Premature end of file.
2026-05-04 11:49:38,140 [ERROR] LogOutputStream:75 - [STDERR_REDIRECT] 
2026-05-04 11:49:39,150 [ERROR] LogOutputStream:75 - [STDERR_REDIRECT] [Fatal Error] :1:1: Premature end of file.
2026-05-04 11:49:39,150 [ERROR] LogOutputStream:75 - [STDERR_REDIRECT] 
2026-05-04 11:49:40,158 [ERROR] LogOutputStream:75 - [STDERR_REDIRECT] [Fatal Error] :1:1: Premature end of file.
2026-05-04 11:49:40,159 [ERROR] LogOutputStream:75 - [STDERR_REDIRECT] 
2026-05-04 11:49:41,142 [ERROR] LogOutputStream:75 - [STDERR_REDIRECT] [Fatal Error] :1:1: Premature end of file.
2026-05-04 11:49:41,142 [ERROR] LogOutputStream:75 - [STDERR_REDIRECT] 
2026-05-04 11:49:42,145 [ERROR] LogOutputStream:75 - [STDERR_REDIRECT] [Fatal Error] :1:1: Premature end of file.
2026-05-04 11:49:42,145 [ERROR] LogOutputStream:75 - [STDERR_REDIRECT] 
2026-05-04 11:49:43,146 [ERROR] LogOutputStream:75 - [STDERR_REDIRECT] [Fatal Error] :1:1: Premature end of file.
2026-05-04 11:49:43,146 [ERROR] LogOutputStream:75 - [STDERR_REDIRECT] 
2026-05-04 11:49:44,159 [ERROR] LogOutputStream:75 - [STDERR_REDIRECT] [Fatal Error] :1:1: Premature end of file.
2026-05-04 11:49:44,159 [ERROR] LogOutputStream:75 - [STDERR_REDIRECT] 
2026-05-04 11:49:45,146 [ERROR] LogOutputStream:75 - [STDERR_REDIRECT] [Fatal Error] :1:1: Premature end of file.
2026-05-04 11:49:45,146 [ERROR] LogOutputStream:75 - [STDERR_REDIRECT] 
2026-05-04 11:49:46,134 [ERROR] LogOutputStream:75 - [STDERR_REDIRECT] [Fatal Error] :1:1: Premature end of file.
2026-05-04 11:49:46,134 [ERROR] LogOutputStream:75 - [STDERR_REDIRECT] 
2026-05-04 11:49:47,155 [ERROR] LogOutputStream:75 - [STDERR_REDIRECT] [Fatal Error] :1:1: Premature end of file.
2026-05-04 11:49:47,156 [ERROR] LogOutputStream:75 - [STDERR_REDIRECT] 
2026-05-04 11:49:48,154 [ERROR] LogOutputStream:75 - [STDERR_REDIRECT] [Fatal Error] :1:1: Premature end of file.
2026-05-04 11:49:48,154 [ERROR] LogOutputStream:75 - [STDERR_REDIRECT] 
2026-05-04 11:49:49,146 [ERROR] LogOutputStream:75 - [STDERR_REDIRECT] [Fatal Error] :1:1: Premature end of file.
2026-05-04 11:49:49,146 [ERROR] LogOutputStream:75 - [STDERR_REDIRECT] 
2026-05-04 11:49:50,152 [ERROR] LogOutputStream:75 - [STDERR_REDIRECT] [Fatal Error] :1:1: Premature end of file.
2026-05-04 11:49:50,152 [ERROR] LogOutputStream:75 - [STDERR_REDIRECT] 
2026-05-04 11:49:51,152 [ERROR] LogOutputStream:75 - [STDERR_REDIRECT] [Fatal Error] :1:1: Premature end of file.
2026-05-04 11:49:51,153 [ERROR] LogOutputStream:75 - [STDERR_REDIRECT] 
2026-05-04 11:49:52,157 [ERROR] LogOutputStream:75 - [STDERR_REDIRECT] [Fatal Error] :1:1: Premature end of file.
2026-05-04 11:49:52,158 [ERROR] LogOutputStream:75 - [STDERR_REDIRECT] 
2026-05-04 11:49:53,146 [ERROR] LogOutputStream:75 - [STDERR_REDIRECT] [Fatal Error] :1:1: Premature end of file.
2026-05-04 11:49:53,146 [ERROR] LogOutputStream:75 - [STDERR_REDIRECT] 
2026-05-04 11:49:54,140 [ERROR] LogOutputStream:75 - [STDERR_REDIRECT] [Fatal Error] :1:1: Premature end of file.
2026-05-04 11:49:54,140 [ERROR] LogOutputStream:75 - [STDERR_REDIRECT] 
2026-05-04 11:49:55,152 [ERROR] LogOutputStream:75 - [STDERR_REDIRECT] [Fatal Error] :1:1: Premature end of file.
2026-05-04 11:49:55,152 [ERROR] LogOutputStream:75 - [STDERR_REDIRECT] 
2026-05-04 11:49:56,146 [ERROR] LogOutputStream:75 - [STDERR_REDIRECT] [Fatal Error] :1:1: Premature end of file.
2026-05-04 11:49:56,146 [ERROR] LogOutputStream:75 - [STDERR_REDIRECT] 
2026-05-04 11:49:57,139 [ERROR] LogOutputStream:75 - [STDERR_REDIRECT] [Fatal Error] :1:1: Premature end of file.
2026-05-04 11:49:57,139 [ERROR] LogOutputStream:75 - [STDERR_REDIRECT] 
2026-05-04 11:49:58,148 [ERROR] LogOutputStream:75 - [STDERR_REDIRECT] [Fatal Error] :1:1: Premature end of file.
2026-05-04 11:49:58,149 [ERROR] LogOutputStream:75 - [STDERR_REDIRECT] 
2026-05-04 11:49:59,150 [ERROR] LogOutputStream:75 - [STDERR_REDIRECT] [Fatal Error] :1:1: Premature end of file.
2026-05-04 11:49:59,150 [ERROR] LogOutputStream:75 - [STDERR_REDIRECT] 
2026-05-04 11:50:00,151 [ERROR] LogOutputStream:75 - [STDERR_REDIRECT] [Fatal Error] :1:1: Premature end of file.
2026-05-04 11:50:00,151 [ERROR] LogOutputStream:75 - [STDERR_REDIRECT] 
2026-05-04 11:50:01,138 [ERROR] LogOutputStream:75 - [STDERR_REDIRECT] [Fatal Error] :1:1: Premature end of file.
2026-05-04 11:50:01,139 [ERROR] LogOutputStream:75 - [STDERR_REDIRECT] 
2026-05-04 11:50:02,153 [ERROR] LogOutputStream:75 - [STDERR_REDIRECT] [Fatal Error] :1:1: Premature end of file.
2026-05-04 11:50:02,153 [ERROR] LogOutputStream:75 - [STDERR_REDIRECT] 
2026-05-04 11:50:03,155 [ERROR] LogOutputStream:75 - [STDERR_REDIRECT] [Fatal Error] :1:1: Premature end of file.
2026-05-04 11:50:03,155 [ERROR] LogOutputStream:75 - [STDERR_REDIRECT] 
2026-05-04 11:50:04,167 [ERROR] LogOutputStream:75 - [STDERR_REDIRECT] [Fatal Error] :1:1: Premature end of file.
2026-05-04 11:50:04,167 [ERROR] LogOutputStream:75 - [STDERR_REDIRECT] 
2026-05-04 11:50:05,153 [ERROR] LogOutputStream:75 - [STDERR_REDIRECT] [Fatal Error] :1:1: Premature end of file.
2026-05-04 11:50:05,153 [ERROR] LogOutputStream:75 - [STDERR_REDIRECT] 
2026-05-04 11:50:06,143 [ERROR] LogOutputStream:75 - [STDERR_REDIRECT] [Fatal Error] :1:1: Premature end of file.
2026-05-04 11:50:06,143 [ERROR] LogOutputStream:75 - [STDERR_REDIRECT] 
2026-05-04 11:50:07,155 [ERROR] LogOutputStream:75 - [STDERR_REDIRECT] [Fatal Error] :1:1: Premature end of file.
2026-05-04 11:50:07,155 [ERROR] LogOutputStream:75 - [STDERR_REDIRECT] 
2026-05-04 11:50:08,180 [ERROR] LogOutputStream:75 - [STDERR_REDIRECT] [Fatal Error] :1:1: Premature end of file.
2026-05-04 11:50:08,180 [ERROR] LogOutputStream:75 - [STDERR_REDIRECT] 
2026-05-04 11:50:09,152 [ERROR] LogOutputStream:75 - [STDERR_REDIRECT] [Fatal Error] :1:1: Premature end of file.
2026-05-04 11:50:09,152 [ERROR] LogOutputStream:75 - [STDERR_REDIRECT] 
2026-05-04 11:50:10,151 [ERROR] LogOutputStream:75 - [STDERR_REDIRECT] [Fatal Error] :1:1: Premature end of file.
2026-05-04 11:50:10,151 [ERROR] LogOutputStream:75 - [STDERR_REDIRECT] 
2026-05-04 11:50:11,149 [ERROR] LogOutputStream:75 - [STDERR_REDIRECT] [Fatal Error] :1:1: Premature end of file.
2026-05-04 11:50:11,149 [ERROR] LogOutputStream:75 - [STDERR_REDIRECT] 
2026-05-04 11:50:12,159 [ERROR] LogOutputStream:75 - [STDERR_REDIRECT] [Fatal Error] :1:1: Premature end of file.
2026-05-04 11:50:12,159 [ERROR] LogOutputStream:75 - [STDERR_REDIRECT] 
2026-05-04 11:50:13,154 [ERROR] LogOutputStream:75 - [STDERR_REDIRECT] [Fatal Error] :1:1: Premature end of file.
2026-05-04 11:50:13,155 [ERROR] LogOutputStream:75 - [STDERR_REDIRECT] 
2026-05-04 11:50:14,166 [ERROR] LogOutputStream:75 - [STDERR_REDIRECT] [Fatal Error] :1:1: Premature end of file.
2026-05-04 11:50:14,166 [ERROR] LogOutputStream:75 - [STDERR_REDIRECT] 
2026-05-04 11:50:15,144 [ERROR] LogOutputStream:75 - [STDERR_REDIRECT] [Fatal Error] :1:1: Premature end of file.
2026-05-04 11:50:15,144 [ERROR] LogOutputStream:75 - [STDERR_REDIRECT] 
2026-05-04 11:50:16,162 [ERROR] LogOutputStream:75 - [STDERR_REDIRECT] [Fatal Error] :1:1: Premature end of file.
2026-05-04 11:50:16,162 [ERROR] LogOutputStream:75 - [STDERR_REDIRECT] 
2026-05-04 11:50:17,145 [ERROR] LogOutputStream:75 - [STDERR_REDIRECT] [Fatal Error] :1:1: Premature end of file.
2026-05-04 11:50:17,145 [ERROR] LogOutputStream:75 - [STDERR_REDIRECT] 
2026-05-04 11:50:18,161 [ERROR] LogOutputStream:75 - [STDERR_REDIRECT] [Fatal Error] :1:1: Premature end of file.
2026-05-04 11:50:18,162 [ERROR] LogOutputStream:75 - [STDERR_REDIRECT] 
2026-05-04 11:50:19,143 [ERROR] LogOutputStream:75 - [STDERR_REDIRECT] [Fatal Error] :1:1: Premature end of file.
2026-05-04 11:50:19,143 [ERROR] LogOutputStream:75 - [STDERR_REDIRECT] 
2026-05-04 11:50:20,146 [ERROR] LogOutputStream:75 - [STDERR_REDIRECT] [Fatal Error] :1:1: Premature end of file.
2026-05-04 11:50:20,146 [ERROR] LogOutputStream:75 - [STDERR_REDIRECT] 
2026-05-04 11:50:21,146 [ERROR] LogOutputStream:75 - [STDERR_REDIRECT] [Fatal Error] :1:1: Premature end of file.
2026-05-04 11:50:21,147 [ERROR] LogOutputStream:75 - [STDERR_REDIRECT] 
2026-05-04 11:50:22,147 [ERROR] LogOutputStream:75 - [STDERR_REDIRECT] [Fatal Error] :1:1: Premature end of file.
2026-05-04 11:50:22,148 [ERROR] LogOutputStream:75 - [STDERR_REDIRECT] 
2026-05-04 11:50:23,149 [ERROR] LogOutputStream:75 - [STDERR_REDIRECT] [Fatal Error] :1:1: Premature end of file.
2026-05-04 11:50:23,149 [ERROR] LogOutputStream:75 - [STDERR_REDIRECT] 
2026-05-04 11:50:24,175 [ERROR] LogOutputStream:75 - [STDERR_REDIRECT] [Fatal Error] :1:1: Premature end of file.
2026-05-04 11:50:24,175 [ERROR] LogOutputStream:75 - [STDERR_REDIRECT] 
2026-05-04 11:50:25,163 [ERROR] LogOutputStream:75 - [STDERR_REDIRECT] [Fatal Error] :1:1: Premature end of file.
2026-05-04 11:50:25,163 [ERROR] LogOutputStream:75 - [STDERR_REDIRECT] 
2026-05-04 11:50:26,155 [ERROR] LogOutputStream:75 - [STDERR_REDIRECT] [Fatal Error] :1:1: Premature end of file.
2026-05-04 11:50:26,155 [ERROR] LogOutputStream:75 - [STDERR_REDIRECT] 
2026-05-04 11:50:27,148 [ERROR] LogOutputStream:75 - [STDERR_REDIRECT] [Fatal Error] :1:1: Premature end of file.
2026-05-04 11:50:27,148 [ERROR] LogOutputStream:75 - [STDERR_REDIRECT] 
2026-05-04 11:50:28,158 [ERROR] LogOutputStream:75 - [STDERR_REDIRECT] [Fatal Error] :1:1: Premature end of file.
2026-05-04 11:50:28,159 [ERROR] LogOutputStream:75 - [STDERR_REDIRECT] 
2026-05-04 11:50:29,150 [ERROR] LogOutputStream:75 - [STDERR_REDIRECT] [Fatal Error] :1:1: Premature end of file.
2026-05-04 11:50:29,150 [ERROR] LogOutputStream:75 - [STDERR_REDIRECT] 
2026-05-04 11:50:30,164 [ERROR] LogOutputStream:75 - [STDERR_REDIRECT] [Fatal Error] :1:1: Premature end of file.
2026-05-04 11:50:30,164 [ERROR] LogOutputStream:75 - [STDERR_REDIRECT] 
2026-05-04 11:50:31,148 [ERROR] LogOutputStream:75 - [STDERR_REDIRECT] [Fatal Error] :1:1: Premature end of file.
2026-05-04 11:50:31,149 [ERROR] LogOutputStream:75 - [STDERR_REDIRECT] 
2026-05-04 11:50:32,159 [ERROR] LogOutputStream:75 - [STDERR_REDIRECT] [Fatal Error] :1:1: Premature end of file.
2026-05-04 11:50:32,160 [ERROR] LogOutputStream:75 - [STDERR_REDIRECT] 
2026-05-04 11:50:33,159 [ERROR] LogOutputStream:75 - [STDERR_REDIRECT] [Fatal Error] :1:1: Premature end of file.
2026-05-04 11:50:33,159 [ERROR] LogOutputStream:75 - [STDERR_REDIRECT] 
2026-05-04 11:50:34,176 [ERROR] LogOutputStream:75 - [STDERR_REDIRECT] [Fatal Error] :1:1: Premature end of file.
2026-05-04 11:50:34,176 [ERROR] LogOutputStream:75 - [STDERR_REDIRECT] 
2026-05-04 11:50:35,149 [ERROR] LogOutputStream:75 - [STDERR_REDIRECT] [Fatal Error] :1:1: Premature end of file.
2026-05-04 11:50:35,149 [ERROR] LogOutputStream:75 - [STDERR_REDIRECT] 
2026-05-04 11:50:36,146 [ERROR] LogOutputStream:75 - [STDERR_REDIRECT] [Fatal Error] :1:1: Premature end of file.
2026-05-04 11:50:36,146 [ERROR] LogOutputStream:75 - [STDERR_REDIRECT] 
2026-05-04 11:50:37,171 [ERROR] LogOutputStream:75 - [STDERR_REDIRECT] [Fatal Error] :1:1: Premature end of file.
2026-05-04 11:50:37,172 [ERROR] LogOutputStream:75 - [STDERR_REDIRECT] 
2026-05-04 11:50:38,149 [ERROR] LogOutputStream:75 - [STDERR_REDIRECT] [Fatal Error] :1:1: Premature end of file.
2026-05-04 11:50:38,150 [ERROR] LogOutputStream:75 - [STDERR_REDIRECT] 
2026-05-04 11:50:39,144 [ERROR] LogOutputStream:75 - [STDERR_REDIRECT] [Fatal Error] :1:1: Premature end of file.
2026-05-04 11:50:39,145 [ERROR] LogOutputStream:75 - [STDERR_REDIRECT] 
2026-05-04 11:50:40,133 [ERROR] LogOutputStream:75 - [STDERR_REDIRECT] [Fatal Error] :1:1: Premature end of file.
2026-05-04 11:50:40,133 [ERROR] LogOutputStream:75 - [STDERR_REDIRECT] 
2026-05-04 11:50:41,169 [ERROR] LogOutputStream:75 - [STDERR_REDIRECT] [Fatal Error] :1:1: Premature end of file.
2026-05-04 11:50:41,169 [ERROR] LogOutputStream:75 - [STDERR_REDIRECT] 
2026-05-04 11:50:42,163 [ERROR] LogOutputStream:75 - [STDERR_REDIRECT] [Fatal Error] :1:1: Premature end of file.
2026-05-04 11:50:42,164 [ERROR] LogOutputStream:75 - [STDERR_REDIRECT] 
2026-05-04 11:50:43,153 [ERROR] LogOutputStream:75 - [STDERR_REDIRECT] [Fatal Error] :1:1: Premature end of file.
2026-05-04 11:50:43,153 [ERROR] LogOutputStream:75 - [STDERR_REDIRECT] 
2026-05-04 11:50:44,152 [ERROR] LogOutputStream:75 - [STDERR_REDIRECT] [Fatal Error] :1:1: Premature end of file.
2026-05-04 11:50:44,152 [ERROR] LogOutputStream:75 - [STDERR_REDIRECT] 
2026-05-04 11:50:45,145 [ERROR] LogOutputStream:75 - [STDERR_REDIRECT] [Fatal Error] :1:1: Premature end of file.
2026-05-04 11:50:45,146 [ERROR] LogOutputStream:75 - [STDERR_REDIRECT] 
2026-05-04 11:50:46,160 [ERROR] LogOutputStream:75 - [STDERR_REDIRECT] [Fatal Error] :1:1: Premature end of file.
2026-05-04 11:50:46,160 [ERROR] LogOutputStream:75 - [STDERR_REDIRECT] 
2026-05-04 11:50:47,155 [ERROR] LogOutputStream:75 - [STDERR_REDIRECT] [Fatal Error] :1:1: Premature end of file.
2026-05-04 11:50:47,155 [ERROR] LogOutputStream:75 - [STDERR_REDIRECT] 
2026-05-04 11:50:48,158 [ERROR] LogOutputStream:75 - [STDERR_REDIRECT] [Fatal Error] :1:1: Premature end of file.
2026-05-04 11:50:48,158 [ERROR] LogOutputStream:75 - [STDERR_REDIRECT] 
2026-05-04 11:50:49,159 [ERROR] LogOutputStream:75 - [STDERR_REDIRECT] [Fatal Error] :1:1: Premature end of file.
2026-05-04 11:50:49,159 [ERROR] LogOutputStream:75 - [STDERR_REDIRECT] 
2026-05-04 11:50:50,146 [ERROR] LogOutputStream:75 - [STDERR_REDIRECT] [Fatal Error] :1:1: Premature end of file.
2026-05-04 11:50:50,146 [ERROR] LogOutputStream:75 - [STDERR_REDIRECT] 
2026-05-04 11:50:51,156 [ERROR] LogOutputStream:75 - [STDERR_REDIRECT] [Fatal Error] :1:1: Premature end of file.
2026-05-04 11:50:51,156 [ERROR] LogOutputStream:75 - [STDERR_REDIRECT] 
2026-05-04 11:50:52,154 [ERROR] LogOutputStream:75 - [STDERR_REDIRECT] [Fatal Error] :1:1: Premature end of file.
2026-05-04 11:50:52,154 [ERROR] LogOutputStream:75 - [STDERR_REDIRECT] 
2026-05-04 11:50:53,154 [ERROR] LogOutputStream:75 - [STDERR_REDIRECT] [Fatal Error] :1:1: Premature end of file.
2026-05-04 11:50:53,155 [ERROR] LogOutputStream:75 - [STDERR_REDIRECT] 
2026-05-04 11:50:54,164 [ERROR] LogOutputStream:75 - [STDERR_REDIRECT] [Fatal Error] :1:1: Premature end of file.
2026-05-04 11:50:54,164 [ERROR] LogOutputStream:75 - [STDERR_REDIRECT] 
2026-05-04 11:50:55,150 [ERROR] LogOutputStream:75 - [STDERR_REDIRECT] [Fatal Error] :1:1: Premature end of file.
2026-05-04 11:50:55,150 [ERROR] LogOutputStream:75 - [STDERR_REDIRECT] 
2026-05-04 11:50:56,166 [ERROR] LogOutputStream:75 - [STDERR_REDIRECT] [Fatal Error] :1:1: Premature end of file.
2026-05-04 11:50:56,166 [ERROR] LogOutputStream:75 - [STDERR_REDIRECT] 
2026-05-04 11:50:57,150 [ERROR] LogOutputStream:75 - [STDERR_REDIRECT] [Fatal Error] :1:1: Premature end of file.
2026-05-04 11:50:57,150 [ERROR] LogOutputStream:75 - [STDERR_REDIRECT] 
2026-05-04 11:50:58,152 [ERROR] LogOutputStream:75 - [STDERR_REDIRECT] [Fatal Error] :1:1: Premature end of file.
2026-05-04 11:50:58,152 [ERROR] LogOutputStream:75 - [STDERR_REDIRECT] 
2026-05-04 11:50:59,190 [ERROR] LogOutputStream:75 - [STDERR_REDIRECT] [Fatal Error] :1:1: Premature end of file.
2026-05-04 11:50:59,190 [ERROR] LogOutputStream:75 - [STDERR_REDIRECT] 
2026-05-04 11:51:00,147 [ERROR] LogOutputStream:75 - [STDERR_REDIRECT] [Fatal Error] :1:1: Premature end of file.
2026-05-04 11:51:00,148 [ERROR] LogOutputStream:75 - [STDERR_REDIRECT] 
2026-05-04 11:51:01,178 [ERROR] LogOutputStream:75 - [STDERR_REDIRECT] [Fatal Error] :1:1: Premature end of file.
2026-05-04 11:51:01,179 [ERROR] LogOutputStream:75 - [STDERR_REDIRECT] 
2026-05-04 11:51:02,152 [ERROR] LogOutputStream:75 - [STDERR_REDIRECT] [Fatal Error] :1:1: Premature end of file.
2026-05-04 11:51:02,152 [ERROR] LogOutputStream:75 - [STDERR_REDIRECT] 
2026-05-04 11:51:03,151 [ERROR] LogOutputStream:75 - [STDERR_REDIRECT] [Fatal Error] :1:1: Premature end of file.
2026-05-04 11:51:03,151 [ERROR] LogOutputStream:75 - [STDERR_REDIRECT] 
2026-05-04 11:51:04,161 [ERROR] LogOutputStream:75 - [STDERR_REDIRECT] [Fatal Error] :1:1: Premature end of file.
2026-05-04 11:51:04,162 [ERROR] LogOutputStream:75 - [STDERR_REDIRECT] 
2026-05-04 11:51:05,158 [ERROR] LogOutputStream:75 - [STDERR_REDIRECT] [Fatal Error] :1:1: Premature end of file.
2026-05-04 11:51:05,158 [ERROR] LogOutputStream:75 - [STDERR_REDIRECT] 
2026-05-04 11:51:06,147 [ERROR] LogOutputStream:75 - [STDERR_REDIRECT] [Fatal Error] :1:1: Premature end of file.
2026-05-04 11:51:06,147 [ERROR] LogOutputStream:75 - [STDERR_REDIRECT] 
2026-05-04 11:51:07,130 [ERROR] LogOutputStream:75 - [STDERR_REDIRECT] [Fatal Error] :1:1: Premature end of file.
2026-05-04 11:51:07,130 [ERROR] LogOutputStream:75 - [STDERR_REDIRECT] 
2026-05-04 11:51:08,150 [ERROR] LogOutputStream:75 - [STDERR_REDIRECT] [Fatal Error] :1:1: Premature end of file.
2026-05-04 11:51:08,150 [ERROR] LogOutputStream:75 - [STDERR_REDIRECT] 
2026-05-04 11:51:09,157 [ERROR] LogOutputStream:75 - [STDERR_REDIRECT] [Fatal Error] :1:1: Premature end of file.
2026-05-04 11:51:09,157 [ERROR] LogOutputStream:75 - [STDERR_REDIRECT] 
2026-05-04 11:51:10,152 [ERROR] LogOutputStream:75 - [STDERR_REDIRECT] [Fatal Error] :1:1: Premature end of file.
2026-05-04 11:51:10,153 [ERROR] LogOutputStream:75 - [STDERR_REDIRECT] 
2026-05-04 11:51:11,147 [ERROR] LogOutputStream:75 - [STDERR_REDIRECT] [Fatal Error] :1:1: Premature end of file.
2026-05-04 11:51:11,148 [ERROR] LogOutputStream:75 - [STDERR_REDIRECT] 
2026-05-04 11:51:12,169 [ERROR] LogOutputStream:75 - [STDERR_REDIRECT] [Fatal Error] :1:1: Premature end of file.
2026-05-04 11:51:12,170 [ERROR] LogOutputStream:75 - [STDERR_REDIRECT] 
2026-05-04 11:51:13,160 [ERROR] LogOutputStream:75 - [STDERR_REDIRECT] [Fatal Error] :1:1: Premature end of file.
2026-05-04 11:51:13,161 [ERROR] LogOutputStream:75 - [STDERR_REDIRECT] 
2026-05-04 11:51:14,146 [ERROR] LogOutputStream:75 - [STDERR_REDIRECT] [Fatal Error] :1:1: Premature end of file.
2026-05-04 11:51:14,147 [ERROR] LogOutputStream:75 - [STDERR_REDIRECT] 
2026-05-04 11:51:15,151 [ERROR] LogOutputStream:75 - [STDERR_REDIRECT] [Fatal Error] :1:1: Premature end of file.
2026-05-04 11:51:15,151 [ERROR] LogOutputStream:75 - [STDERR_REDIRECT] 
2026-05-04 11:51:16,150 [ERROR] LogOutputStream:75 - [STDERR_REDIRECT] [Fatal Error] :1:1: Premature end of file.
2026-05-04 11:51:16,150 [ERROR] LogOutputStream:75 - [STDERR_REDIRECT] 
2026-05-04 11:51:17,163 [ERROR] LogOutputStream:75 - [STDERR_REDIRECT] [Fatal Error] :1:1: Premature end of file.
2026-05-04 11:51:17,163 [ERROR] LogOutputStream:75 - [STDERR_REDIRECT] 
2026-05-04 11:51:18,149 [ERROR] LogOutputStream:75 - [STDERR_REDIRECT] [Fatal Error] :1:1: Premature end of file.
2026-05-04 11:51:18,149 [ERROR] LogOutputStream:75 - [STDERR_REDIRECT] 
2026-05-04 11:51:19,154 [ERROR] LogOutputStream:75 - [STDERR_REDIRECT] [Fatal Error] :1:1: Premature end of file.
2026-05-04 11:51:19,154 [ERROR] LogOutputStream:75 - [STDERR_REDIRECT] 
2026-05-04 11:51:20,142 [ERROR] LogOutputStream:75 - [STDERR_REDIRECT] [Fatal Error] :1:1: Premature end of file.
2026-05-04 11:51:20,142 [ERROR] LogOutputStream:75 - [STDERR_REDIRECT] 
2026-05-04 11:51:21,136 [ERROR] LogOutputStream:75 - [STDERR_REDIRECT] [Fatal Error] :1:1: Premature end of file.
2026-05-04 11:51:21,136 [ERROR] LogOutputStream:75 - [STDERR_REDIRECT] 
2026-05-04 11:51:22,150 [ERROR] LogOutputStream:75 - [STDERR_REDIRECT] [Fatal Error] :1:1: Premature end of file.
2026-05-04 11:51:22,151 [ERROR] LogOutputStream:75 - [STDERR_REDIRECT] 
2026-05-04 11:51:23,155 [ERROR] LogOutputStream:75 - [STDERR_REDIRECT] [Fatal Error] :1:1: Premature end of file.
2026-05-04 11:51:23,155 [ERROR] LogOutputStream:75 - [STDERR_REDIRECT] 
2026-05-04 11:51:24,148 [ERROR] LogOutputStream:75 - [STDERR_REDIRECT] [Fatal Error] :1:1: Premature end of file.
2026-05-04 11:51:24,148 [ERROR] LogOutputStream:75 - [STDERR_REDIRECT] 
2026-05-04 11:51:25,156 [ERROR] LogOutputStream:75 - [STDERR_REDIRECT] [Fatal Error] :1:1: Premature end of file.
2026-05-04 11:51:25,156 [ERROR] LogOutputStream:75 - [STDERR_REDIRECT] 
2026-05-04 11:51:26,180 [ERROR] LogOutputStream:75 - [STDERR_REDIRECT] [Fatal Error] :1:1: Premature end of file.
2026-05-04 11:51:26,181 [ERROR] LogOutputStream:75 - [STDERR_REDIRECT] 
2026-05-04 11:51:27,139 [ERROR] LogOutputStream:75 - [STDERR_REDIRECT] [Fatal Error] :1:1: Premature end of file.
2026-05-04 11:51:27,140 [ERROR] LogOutputStream:75 - [STDERR_REDIRECT] 
2026-05-04 11:51:28,160 [ERROR] LogOutputStream:75 - [STDERR_REDIRECT] [Fatal Error] :1:1: Premature end of file.
2026-05-04 11:51:28,161 [ERROR] LogOutputStream:75 - [STDERR_REDIRECT] 
2026-05-04 11:51:29,165 [ERROR] LogOutputStream:75 - [STDERR_REDIRECT] [Fatal Error] :1:1: Premature end of file.
2026-05-04 11:51:29,165 [ERROR] LogOutputStream:75 - [STDERR_REDIRECT] 
2026-05-04 11:51:30,156 [ERROR] LogOutputStream:75 - [STDERR_REDIRECT] [Fatal Error] :1:1: Premature end of file.
2026-05-04 11:51:30,158 [ERROR] LogOutputStream:75 - [STDERR_REDIRECT] 
2026-05-04 11:51:31,173 [ERROR] LogOutputStream:75 - [STDERR_REDIRECT] [Fatal Error] :1:1: Premature end of file.
2026-05-04 11:51:31,173 [ERROR] LogOutputStream:75 - [STDERR_REDIRECT] 
2026-05-04 11:51:32,168 [ERROR] LogOutputStream:75 - [STDERR_REDIRECT] [Fatal Error] :1:1: Premature end of file.
2026-05-04 11:51:32,168 [ERROR] LogOutputStream:75 - [STDERR_REDIRECT] 
2026-05-04 11:51:33,153 [ERROR] LogOutputStream:75 - [STDERR_REDIRECT] [Fatal Error] :1:1: Premature end of file.
2026-05-04 11:51:33,153 [ERROR] LogOutputStream:75 - [STDERR_REDIRECT] 
2026-05-04 11:51:34,159 [ERROR] LogOutputStream:75 - [STDERR_REDIRECT] [Fatal Error] :1:1: Premature end of file.
2026-05-04 11:51:34,159 [ERROR] LogOutputStream:75 - [STDERR_REDIRECT] 
2026-05-04 11:51:35,146 [ERROR] LogOutputStream:75 - [STDERR_REDIRECT] [Fatal Error] :1:1: Premature end of file.
2026-05-04 11:51:35,146 [ERROR] LogOutputStream:75 - [STDERR_REDIRECT] 
2026-05-04 11:51:36,161 [ERROR] LogOutputStream:75 - [STDERR_REDIRECT] [Fatal Error] :1:1: Premature end of file.
2026-05-04 11:51:36,161 [ERROR] LogOutputStream:75 - [STDERR_REDIRECT] 
2026-05-04 11:51:37,157 [ERROR] LogOutputStream:75 - [STDERR_REDIRECT] [Fatal Error] :1:1: Premature end of file.
2026-05-04 11:51:37,157 [ERROR] LogOutputStream:75 - [STDERR_REDIRECT] 
2026-05-04 11:51:38,143 [ERROR] LogOutputStream:75 - [STDERR_REDIRECT] [Fatal Error] :1:1: Premature end of file.
2026-05-04 11:51:38,144 [ERROR] LogOutputStream:75 - [STDERR_REDIRECT] 
2026-05-04 11:51:39,156 [ERROR] LogOutputStream:75 - [STDERR_REDIRECT] [Fatal Error] :1:1: Premature end of file.
2026-05-04 11:51:39,157 [ERROR] LogOutputStream:75 - [STDERR_REDIRECT] 
2026-05-04 11:51:40,159 [ERROR] LogOutputStream:75 - [STDERR_REDIRECT] [Fatal Error] :1:1: Premature end of file.
2026-05-04 11:51:40,159 [ERROR] LogOutputStream:75 - [STDERR_REDIRECT] 
2026-05-04 11:51:41,149 [ERROR] LogOutputStream:75 - [STDERR_REDIRECT] [Fatal Error] :1:1: Premature end of file.
2026-05-04 11:51:41,149 [ERROR] LogOutputStream:75 - [STDERR_REDIRECT] 
2026-05-04 11:51:42,195 [ERROR] LogOutputStream:75 - [STDERR_REDIRECT] [Fatal Error] :1:1: Premature end of file.
2026-05-04 11:51:42,196 [ERROR] LogOutputStream:75 - [STDERR_REDIRECT] 
2026-05-04 11:51:43,155 [ERROR] LogOutputStream:75 - [STDERR_REDIRECT] [Fatal Error] :1:1: Premature end of file.
2026-05-04 11:51:43,155 [ERROR] LogOutputStream:75 - [STDERR_REDIRECT] 
2026-05-04 11:51:44,141 [ERROR] LogOutputStream:75 - [STDERR_REDIRECT] [Fatal Error] :1:1: Premature end of file.
2026-05-04 11:51:44,142 [ERROR] LogOutputStream:75 - [STDERR_REDIRECT] 
2026-05-04 11:51:45,131 [ERROR] LogOutputStream:75 - [STDERR_REDIRECT] [Fatal Error] :1:1: Premature end of file.
2026-05-04 11:51:45,132 [ERROR] LogOutputStream:75 - [STDERR_REDIRECT] 
2026-05-04 11:51:46,168 [ERROR] LogOutputStream:75 - [STDERR_REDIRECT] [Fatal Error] :1:1: Premature end of file.
2026-05-04 11:51:46,169 [ERROR] LogOutputStream:75 - [STDERR_REDIRECT] 
2026-05-04 11:51:47,164 [ERROR] LogOutputStream:75 - [STDERR_REDIRECT] [Fatal Error] :1:1: Premature end of file.
2026-05-04 11:51:47,164 [ERROR] LogOutputStream:75 - [STDERR_REDIRECT] 
2026-05-04 11:51:48,177 [ERROR] LogOutputStream:75 - [STDERR_REDIRECT] [Fatal Error] :1:1: Premature end of file.
2026-05-04 11:51:48,178 [ERROR] LogOutputStream:75 - [STDERR_REDIRECT] 
2026-05-04 11:51:49,158 [ERROR] LogOutputStream:75 - [STDERR_REDIRECT] [Fatal Error] :1:1: Premature end of file.
2026-05-04 11:51:49,158 [ERROR] LogOutputStream:75 - [STDERR_REDIRECT] 
2026-05-04 11:51:50,142 [ERROR] LogOutputStream:75 - [STDERR_REDIRECT] [Fatal Error] :1:1: Premature end of file.
2026-05-04 11:51:50,142 [ERROR] LogOutputStream:75 - [STDERR_REDIRECT] 
2026-05-04 11:51:51,165 [ERROR] LogOutputStream:75 - [STDERR_REDIRECT] [Fatal Error] :1:1: Premature end of file.
2026-05-04 11:51:51,165 [ERROR] LogOutputStream:75 - [STDERR_REDIRECT] 
2026-05-04 11:51:52,157 [ERROR] LogOutputStream:75 - [STDERR_REDIRECT] [Fatal Error] :1:1: Premature end of file.
2026-05-04 11:51:52,157 [ERROR] LogOutputStream:75 - [STDERR_REDIRECT] 
2026-05-04 11:51:53,146 [ERROR] LogOutputStream:75 - [STDERR_REDIRECT] [Fatal Error] :1:1: Premature end of file.
2026-05-04 11:51:53,146 [ERROR] LogOutputStream:75 - [STDERR_REDIRECT] 
2026-05-04 11:51:54,162 [ERROR] LogOutputStream:75 - [STDERR_REDIRECT] [Fatal Error] :1:1: Premature end of file.
2026-05-04 11:51:54,162 [ERROR] LogOutputStream:75 - [STDERR_REDIRECT] 
2026-05-04 11:51:55,156 [ERROR] LogOutputStream:75 - [STDERR_REDIRECT] [Fatal Error] :1:1: Premature end of file.
2026-05-04 11:51:55,157 [ERROR] LogOutputStream:75 - [STDERR_REDIRECT] 
2026-05-04 11:51:56,185 [ERROR] LogOutputStream:75 - [STDERR_REDIRECT] [Fatal Error] :1:1: Premature end of file.
2026-05-04 11:51:56,185 [ERROR] LogOutputStream:75 - [STDERR_REDIRECT] 
2026-05-04 11:51:57,156 [ERROR] LogOutputStream:75 - [STDERR_REDIRECT] [Fatal Error] :1:1: Premature end of file.
2026-05-04 11:51:57,157 [ERROR] LogOutputStream:75 - [STDERR_REDIRECT] 
2026-05-04 11:51:58,137 [ERROR] LogOutputStream:75 - [STDERR_REDIRECT] [Fatal Error] :1:1: Premature end of file.
2026-05-04 11:51:58,137 [ERROR] LogOutputStream:75 - [STDERR_REDIRECT] 
2026-05-04 11:51:59,179 [ERROR] LogOutputStream:75 - [STDERR_REDIRECT] [Fatal Error] :1:1: Premature end of file.
2026-05-04 11:51:59,179 [ERROR] LogOutputStream:75 - [STDERR_REDIRECT] 
2026-05-04 11:52:00,159 [ERROR] LogOutputStream:75 - [STDERR_REDIRECT] [Fatal Error] :1:1: Premature end of file.
2026-05-04 11:52:00,160 [ERROR] LogOutputStream:75 - [STDERR_REDIRECT] 
2026-05-04 11:52:01,156 [ERROR] LogOutputStream:75 - [STDERR_REDIRECT] [Fatal Error] :1:1: Premature end of file.
2026-05-04 11:52:01,156 [ERROR] LogOutputStream:75 - [STDERR_REDIRECT] 
2026-05-04 11:52:02,131 [ERROR] LogOutputStream:75 - [STDERR_REDIRECT] [Fatal Error] :1:1: Premature end of file.
2026-05-04 11:52:02,131 [ERROR] LogOutputStream:75 - [STDERR_REDIRECT] 
2026-05-04 11:52:03,187 [ERROR] LogOutputStream:75 - [STDERR_REDIRECT] [Fatal Error] :1:1: Premature end of file.
2026-05-04 11:52:03,188 [ERROR] LogOutputStream:75 - [STDERR_REDIRECT] 
2026-05-04 11:52:04,142 [ERROR] LogOutputStream:75 - [STDERR_REDIRECT] [Fatal Error] :1:1: Premature end of file.
2026-05-04 11:52:04,143 [ERROR] LogOutputStream:75 - [STDERR_REDIRECT] 
2026-05-04 11:52:05,134 [ERROR] LogOutputStream:75 - [STDERR_REDIRECT] [Fatal Error] :1:1: Premature end of file.
2026-05-04 11:52:05,134 [ERROR] LogOutputStream:75 - [STDERR_REDIRECT] 
2026-05-04 11:52:06,134 [ERROR] LogOutputStream:75 - [STDERR_REDIRECT] [Fatal Error] :1:1: Premature end of file.
2026-05-04 11:52:06,134 [ERROR] LogOutputStream:75 - [STDERR_REDIRECT] 
2026-05-04 11:52:07,162 [ERROR] LogOutputStream:75 - [STDERR_REDIRECT] [Fatal Error] :1:1: Premature end of file.
2026-05-04 11:52:07,162 [ERROR] LogOutputStream:75 - [STDERR_REDIRECT] 
2026-05-04 11:52:08,150 [ERROR] LogOutputStream:75 - [STDERR_REDIRECT] [Fatal Error] :1:1: Premature end of file.
2026-05-04 11:52:08,151 [ERROR] LogOutputStream:75 - [STDERR_REDIRECT] 
2026-05-04 11:52:09,148 [ERROR] LogOutputStream:75 - [STDERR_REDIRECT] [Fatal Error] :1:1: Premature end of file.
2026-05-04 11:52:09,149 [ERROR] LogOutputStream:75 - [STDERR_REDIRECT] 
2026-05-04 11:52:10,132 [ERROR] LogOutputStream:75 - [STDERR_REDIRECT] [Fatal Error] :1:1: Premature end of file.
2026-05-04 11:52:10,132 [ERROR] LogOutputStream:75 - [STDERR_REDIRECT] 
2026-05-04 11:52:11,156 [ERROR] LogOutputStream:75 - [STDERR_REDIRECT] [Fatal Error] :1:1: Premature end of file.
2026-05-04 11:52:11,156 [ERROR] LogOutputStream:75 - [STDERR_REDIRECT] 
2026-05-04 11:52:12,147 [ERROR] LogOutputStream:75 - [STDERR_REDIRECT] [Fatal Error] :1:1: Premature end of file.
2026-05-04 11:52:12,148 [ERROR] LogOutputStream:75 - [STDERR_REDIRECT] 
2026-05-04 11:52:13,149 [ERROR] LogOutputStream:75 - [STDERR_REDIRECT] [Fatal Error] :1:1: Premature end of file.
2026-05-04 11:52:13,149 [ERROR] LogOutputStream:75 - [STDERR_REDIRECT] 
2026-05-04 11:52:14,177 [ERROR] LogOutputStream:75 - [STDERR_REDIRECT] [Fatal Error] :1:1: Premature end of file.
2026-05-04 11:52:14,177 [ERROR] LogOutputStream:75 - [STDERR_REDIRECT] 
2026-05-04 11:52:15,167 [ERROR] LogOutputStream:75 - [STDERR_REDIRECT] [Fatal Error] :1:1: Premature end of file.
2026-05-04 11:52:15,167 [ERROR] LogOutputStream:75 - [STDERR_REDIRECT] 
2026-05-04 11:52:16,148 [ERROR] LogOutputStream:75 - [STDERR_REDIRECT] [Fatal Error] :1:1: Premature end of file.
2026-05-04 11:52:16,148 [ERROR] LogOutputStream:75 - [STDERR_REDIRECT] 
2026-05-04 11:52:17,147 [ERROR] LogOutputStream:75 - [STDERR_REDIRECT] [Fatal Error] :1:1: Premature end of file.
2026-05-04 11:52:17,147 [ERROR] LogOutputStream:75 - [STDERR_REDIRECT] 
2026-05-04 11:52:18,161 [ERROR] LogOutputStream:75 - [STDERR_REDIRECT] [Fatal Error] :1:1: Premature end of file.
2026-05-04 11:52:18,162 [ERROR] LogOutputStream:75 - [STDERR_REDIRECT] 
2026-05-04 11:52:19,166 [ERROR] LogOutputStream:75 - [STDERR_REDIRECT] [Fatal Error] :1:1: Premature end of file.
2026-05-04 11:52:19,166 [ERROR] LogOutputStream:75 - [STDERR_REDIRECT] 
2026-05-04 11:52:20,160 [ERROR] LogOutputStream:75 - [STDERR_REDIRECT] [Fatal Error] :1:1: Premature end of file.
2026-05-04 11:52:20,160 [ERROR] LogOutputStream:75 - [STDERR_REDIRECT] 
2026-05-04 11:52:21,167 [ERROR] LogOutputStream:75 - [STDERR_REDIRECT] [Fatal Error] :1:1: Premature end of file.
2026-05-04 11:52:21,168 [ERROR] LogOutputStream:75 - [STDERR_REDIRECT] 
2026-05-04 11:52:22,181 [ERROR] LogOutputStream:75 - [STDERR_REDIRECT] [Fatal Error] :1:1: Premature end of file.
2026-05-04 11:52:22,181 [ERROR] LogOutputStream:75 - [STDERR_REDIRECT] 
2026-05-04 11:52:23,175 [ERROR] LogOutputStream:75 - [STDERR_REDIRECT] [Fatal Error] :1:1: Premature end of file.
2026-05-04 11:52:23,175 [ERROR] LogOutputStream:75 - [STDERR_REDIRECT] 
2026-05-04 11:52:24,148 [ERROR] LogOutputStream:75 - [STDERR_REDIRECT] [Fatal Error] :1:1: Premature end of file.
2026-05-04 11:52:24,148 [ERROR] LogOutputStream:75 - [STDERR_REDIRECT] 
2026-05-04 11:52:25,179 [ERROR] LogOutputStream:75 - [STDERR_REDIRECT] [Fatal Error] :1:1: Premature end of file.
2026-05-04 11:52:25,179 [ERROR] LogOutputStream:75 - [STDERR_REDIRECT] 
2026-05-04 11:52:26,174 [ERROR] LogOutputStream:75 - [STDERR_REDIRECT] [Fatal Error] :1:1: Premature end of file.
2026-05-04 11:52:26,174 [ERROR] LogOutputStream:75 - [STDERR_REDIRECT] 
2026-05-04 11:52:27,159 [ERROR] LogOutputStream:75 - [STDERR_REDIRECT] [Fatal Error] :1:1: Premature end of file.
2026-05-04 11:52:27,159 [ERROR] LogOutputStream:75 - [STDERR_REDIRECT] 
2026-05-04 11:52:28,166 [ERROR] LogOutputStream:75 - [STDERR_REDIRECT] [Fatal Error] :1:1: Premature end of file.
2026-05-04 11:52:28,166 [ERROR] LogOutputStream:75 - [STDERR_REDIRECT] 
2026-05-04 11:52:29,160 [ERROR] LogOutputStream:75 - [STDERR_REDIRECT] [Fatal Error] :1:1: Premature end of file.
2026-05-04 11:52:29,160 [ERROR] LogOutputStream:75 - [STDERR_REDIRECT] 
2026-05-04 11:52:30,154 [ERROR] LogOutputStream:75 - [STDERR_REDIRECT] [Fatal Error] :1:1: Premature end of file.
2026-05-04 11:52:30,154 [ERROR] LogOutputStream:75 - [STDERR_REDIRECT] 
2026-05-04 11:52:31,152 [ERROR] LogOutputStream:75 - [STDERR_REDIRECT] [Fatal Error] :1:1: Premature end of file.
2026-05-04 11:52:31,152 [ERROR] LogOutputStream:75 - [STDERR_REDIRECT] 
2026-05-04 11:52:32,145 [ERROR] LogOutputStream:75 - [STDERR_REDIRECT] [Fatal Error] :1:1: Premature end of file.
2026-05-04 11:52:32,145 [ERROR] LogOutputStream:75 - [STDERR_REDIRECT] 
2026-05-04 11:52:33,133 [ERROR] LogOutputStream:75 - [STDERR_REDIRECT] [Fatal Error] :1:1: Premature end of file.
2026-05-04 11:52:33,133 [ERROR] LogOutputStream:75 - [STDERR_REDIRECT] 
2026-05-04 11:52:34,161 [ERROR] LogOutputStream:75 - [STDERR_REDIRECT] [Fatal Error] :1:1: Premature end of file.
2026-05-04 11:52:34,161 [ERROR] LogOutputStream:75 - [STDERR_REDIRECT] 
2026-05-04 11:52:35,168 [ERROR] LogOutputStream:75 - [STDERR_REDIRECT] [Fatal Error] :1:1: Premature end of file.
2026-05-04 11:52:35,168 [ERROR] LogOutputStream:75 - [STDERR_REDIRECT] 
2026-05-04 11:52:36,173 [ERROR] LogOutputStream:75 - [STDERR_REDIRECT] [Fatal Error] :1:1: Premature end of file.
2026-05-04 11:52:36,173 [ERROR] LogOutputStream:75 - [STDERR_REDIRECT] 
2026-05-04 11:52:37,172 [ERROR] LogOutputStream:75 - [STDERR_REDIRECT] [Fatal Error] :1:1: Premature end of file.
2026-05-04 11:52:37,172 [ERROR] LogOutputStream:75 - [STDERR_REDIRECT] 
2026-05-04 11:52:38,143 [ERROR] LogOutputStream:75 - [STDERR_REDIRECT] [Fatal Error] :1:1: Premature end of file.
2026-05-04 11:52:38,143 [ERROR] LogOutputStream:75 - [STDERR_REDIRECT] 
2026-05-04 11:52:39,168 [ERROR] LogOutputStream:75 - [STDERR_REDIRECT] [Fatal Error] :1:1: Premature end of file.
2026-05-04 11:52:39,169 [ERROR] LogOutputStream:75 - [STDERR_REDIRECT] 
2026-05-04 11:52:40,158 [ERROR] LogOutputStream:75 - [STDERR_REDIRECT] [Fatal Error] :1:1: Premature end of file.
2026-05-04 11:52:40,158 [ERROR] LogOutputStream:75 - [STDERR_REDIRECT] 
2026-05-04 11:52:41,167 [ERROR] LogOutputStream:75 - [STDERR_REDIRECT] [Fatal Error] :1:1: Premature end of file.
2026-05-04 11:52:41,168 [ERROR] LogOutputStream:75 - [STDERR_REDIRECT] 
2026-05-04 11:52:42,167 [ERROR] LogOutputStream:75 - [STDERR_REDIRECT] [Fatal Error] :1:1: Premature end of file.
2026-05-04 11:52:42,168 [ERROR] LogOutputStream:75 - [STDERR_REDIRECT] 
2026-05-04 11:52:43,150 [ERROR] LogOutputStream:75 - [STDERR_REDIRECT] [Fatal Error] :1:1: Premature end of file.
2026-05-04 11:52:43,150 [ERROR] LogOutputStream:75 - [STDERR_REDIRECT] 
2026-05-04 11:52:44,137 [ERROR] LogOutputStream:75 - [STDERR_REDIRECT] [Fatal Error] :1:1: Premature end of file.
2026-05-04 11:52:44,137 [ERROR] LogOutputStream:75 - [STDERR_REDIRECT] 
2026-05-04 11:52:45,137 [ERROR] LogOutputStream:75 - [STDERR_REDIRECT] [Fatal Error] :1:1: Premature end of file.
2026-05-04 11:52:45,137 [ERROR] LogOutputStream:75 - [STDERR_REDIRECT] 
2026-05-04 11:52:46,142 [ERROR] LogOutputStream:75 - [STDERR_REDIRECT] [Fatal Error] :1:1: Premature end of file.
2026-05-04 11:52:46,143 [ERROR] LogOutputStream:75 - [STDERR_REDIRECT] 
2026-05-04 11:52:47,149 [ERROR] LogOutputStream:75 - [STDERR_REDIRECT] [Fatal Error] :1:1: Premature end of file.
2026-05-04 11:52:47,149 [ERROR] LogOutputStream:75 - [STDERR_REDIRECT] 
2026-05-04 11:52:48,172 [ERROR] LogOutputStream:75 - [STDERR_REDIRECT] [Fatal Error] :1:1: Premature end of file.
2026-05-04 11:52:48,173 [ERROR] LogOutputStream:75 - [STDERR_REDIRECT] 
2026-05-04 11:52:49,177 [ERROR] LogOutputStream:75 - [STDERR_REDIRECT] [Fatal Error] :1:1: Premature end of file.
2026-05-04 11:52:49,177 [ERROR] LogOutputStream:75 - [STDERR_REDIRECT] 
2026-05-04 11:52:50,148 [ERROR] LogOutputStream:75 - [STDERR_REDIRECT] [Fatal Error] :1:1: Premature end of file.
2026-05-04 11:52:50,148 [ERROR] LogOutputStream:75 - [STDERR_REDIRECT] 
2026-05-04 11:52:51,141 [ERROR] LogOutputStream:75 - [STDERR_REDIRECT] [Fatal Error] :1:1: Premature end of file.
2026-05-04 11:52:51,142 [ERROR] LogOutputStream:75 - [STDERR_REDIRECT] 
2026-05-04 11:52:52,164 [ERROR] LogOutputStream:75 - [STDERR_REDIRECT] [Fatal Error] :1:1: Premature end of file.
2026-05-04 11:52:52,164 [ERROR] LogOutputStream:75 - [STDERR_REDIRECT] 
2026-05-04 11:52:53,213 [ERROR] LogOutputStream:75 - [STDERR_REDIRECT] [Fatal Error] :1:1: Premature end of file.
2026-05-04 11:52:53,214 [ERROR] LogOutputStream:75 - [STDERR_REDIRECT] 
2026-05-04 11:52:54,154 [ERROR] LogOutputStream:75 - [STDERR_REDIRECT] [Fatal Error] :1:1: Premature end of file.
2026-05-04 11:52:54,154 [ERROR] LogOutputStream:75 - [STDERR_REDIRECT] 
2026-05-04 11:52:55,158 [ERROR] LogOutputStream:75 - [STDERR_REDIRECT] [Fatal Error] :1:1: Premature end of file.
2026-05-04 11:52:55,158 [ERROR] LogOutputStream:75 - [STDERR_REDIRECT] 
2026-05-04 11:52:56,156 [ERROR] LogOutputStream:75 - [STDERR_REDIRECT] [Fatal Error] :1:1: Premature end of file.
2026-05-04 11:52:56,156 [ERROR] LogOutputStream:75 - [STDERR_REDIRECT] 
2026-05-04 11:52:57,159 [ERROR] LogOutputStream:75 - [STDERR_REDIRECT] [Fatal Error] :1:1: Premature end of file.
2026-05-04 11:52:57,160 [ERROR] LogOutputStream:75 - [STDERR_REDIRECT] 
2026-05-04 11:52:58,161 [ERROR] LogOutputStream:75 - [STDERR_REDIRECT] [Fatal Error] :1:1: Premature end of file.
2026-05-04 11:52:58,161 [ERROR] LogOutputStream:75 - [STDERR_REDIRECT] 
2026-05-04 11:52:59,145 [ERROR] LogOutputStream:75 - [STDERR_REDIRECT] [Fatal Error] :1:1: Premature end of file.
2026-05-04 11:52:59,146 [ERROR] LogOutputStream:75 - [STDERR_REDIRECT] 
2026-05-04 11:53:00,156 [ERROR] LogOutputStream:75 - [STDERR_REDIRECT] [Fatal Error] :1:1: Premature end of file.
2026-05-04 11:53:00,157 [ERROR] LogOutputStream:75 - [STDERR_REDIRECT] 
2026-05-04 11:53:01,156 [ERROR] LogOutputStream:75 - [STDERR_REDIRECT] [Fatal Error] :1:1: Premature end of file.
2026-05-04 11:53:01,156 [ERROR] LogOutputStream:75 - [STDERR_REDIRECT] 
2026-05-04 11:53:02,170 [ERROR] LogOutputStream:75 - [STDERR_REDIRECT] [Fatal Error] :1:1: Premature end of file.
2026-05-04 11:53:02,170 [ERROR] LogOutputStream:75 - [STDERR_REDIRECT] 
2026-05-04 11:53:03,182 [ERROR] LogOutputStream:75 - [STDERR_REDIRECT] [Fatal Error] :1:1: Premature end of file.
2026-05-04 11:53:03,183 [ERROR] LogOutputStream:75 - [STDERR_REDIRECT] 
2026-05-04 11:53:04,164 [ERROR] LogOutputStream:75 - [STDERR_REDIRECT] [Fatal Error] :1:1: Premature end of file.
2026-05-04 11:53:04,164 [ERROR] LogOutputStream:75 - [STDERR_REDIRECT] 
2026-05-04 11:53:05,174 [ERROR] LogOutputStream:75 - [STDERR_REDIRECT] [Fatal Error] :1:1: Premature end of file.
2026-05-04 11:53:05,174 [ERROR] LogOutputStream:75 - [STDERR_REDIRECT] 
2026-05-04 11:53:06,147 [ERROR] LogOutputStream:75 - [STDERR_REDIRECT] [Fatal Error] :1:1: Premature end of file.
2026-05-04 11:53:06,147 [ERROR] LogOutputStream:75 - [STDERR_REDIRECT] 
2026-05-04 11:53:07,155 [ERROR] LogOutputStream:75 - [STDERR_REDIRECT] [Fatal Error] :1:1: Premature end of file.
2026-05-04 11:53:07,155 [ERROR] LogOutputStream:75 - [STDERR_REDIRECT] 
2026-05-04 11:53:08,158 [ERROR] LogOutputStream:75 - [STDERR_REDIRECT] [Fatal Error] :1:1: Premature end of file.
2026-05-04 11:53:08,159 [ERROR] LogOutputStream:75 - [STDERR_REDIRECT] 
2026-05-04 11:53:09,153 [ERROR] LogOutputStream:75 - [STDERR_REDIRECT] [Fatal Error] :1:1: Premature end of file.
2026-05-04 11:53:09,153 [ERROR] LogOutputStream:75 - [STDERR_REDIRECT] 
2026-05-04 11:53:10,191 [ERROR] LogOutputStream:75 - [STDERR_REDIRECT] [Fatal Error] :1:1: Premature end of file.
2026-05-04 11:53:10,191 [ERROR] LogOutputStream:75 - [STDERR_REDIRECT] 
2026-05-04 11:53:11,162 [ERROR] LogOutputStream:75 - [STDERR_REDIRECT] [Fatal Error] :1:1: Premature end of file.
2026-05-04 11:53:11,163 [ERROR] LogOutputStream:75 - [STDERR_REDIRECT] 
2026-05-04 11:53:12,154 [ERROR] LogOutputStream:75 - [STDERR_REDIRECT] [Fatal Error] :1:1: Premature end of file.
2026-05-04 11:53:12,154 [ERROR] LogOutputStream:75 - [STDERR_REDIRECT] 
2026-05-04 11:53:13,161 [ERROR] LogOutputStream:75 - [STDERR_REDIRECT] [Fatal Error] :1:1: Premature end of file.
2026-05-04 11:53:13,161 [ERROR] LogOutputStream:75 - [STDERR_REDIRECT] 
2026-05-04 11:53:14,180 [ERROR] LogOutputStream:75 - [STDERR_REDIRECT] [Fatal Error] :1:1: Premature end of file.
2026-05-04 11:53:14,180 [ERROR] LogOutputStream:75 - [STDERR_REDIRECT] 
2026-05-04 11:53:15,158 [ERROR] LogOutputStream:75 - [STDERR_REDIRECT] [Fatal Error] :1:1: Premature end of file.
2026-05-04 11:53:15,158 [ERROR] LogOutputStream:75 - [STDERR_REDIRECT] 
2026-05-04 11:53:16,169 [ERROR] LogOutputStream:75 - [STDERR_REDIRECT] [Fatal Error] :1:1: Premature end of file.
2026-05-04 11:53:16,169 [ERROR] LogOutputStream:75 - [STDERR_REDIRECT] 
2026-05-04 11:53:17,161 [ERROR] LogOutputStream:75 - [STDERR_REDIRECT] [Fatal Error] :1:1: Premature end of file.
2026-05-04 11:53:17,161 [ERROR] LogOutputStream:75 - [STDERR_REDIRECT] 
2026-05-04 11:53:18,158 [ERROR] LogOutputStream:75 - [STDERR_REDIRECT] [Fatal Error] :1:1: Premature end of file.
2026-05-04 11:53:18,158 [ERROR] LogOutputStream:75 - [STDERR_REDIRECT] 
2026-05-04 11:53:19,147 [ERROR] LogOutputStream:75 - [STDERR_REDIRECT] [Fatal Error] :1:1: Premature end of file.
2026-05-04 11:53:19,147 [ERROR] LogOutputStream:75 - [STDERR_REDIRECT] 
2026-05-04 11:53:20,151 [ERROR] LogOutputStream:75 - [STDERR_REDIRECT] [Fatal Error] :1:1: Premature end of file.
2026-05-04 11:53:20,151 [ERROR] LogOutputStream:75 - [STDERR_REDIRECT] 
2026-05-04 11:53:21,167 [ERROR] LogOutputStream:75 - [STDERR_REDIRECT] [Fatal Error] :1:1: Premature end of file.
2026-05-04 11:53:21,167 [ERROR] LogOutputStream:75 - [STDERR_REDIRECT] 
2026-05-04 11:53:22,148 [ERROR] LogOutputStream:75 - [STDERR_REDIRECT] [Fatal Error] :1:1: Premature end of file.
2026-05-04 11:53:22,148 [ERROR] LogOutputStream:75 - [STDERR_REDIRECT] 
2026-05-04 11:53:23,161 [ERROR] LogOutputStream:75 - [STDERR_REDIRECT] [Fatal Error] :1:1: Premature end of file.
2026-05-04 11:53:23,161 [ERROR] LogOutputStream:75 - [STDERR_REDIRECT] 
2026-05-04 11:53:24,147 [ERROR] LogOutputStream:75 - [STDERR_REDIRECT] [Fatal Error] :1:1: Premature end of file.
2026-05-04 11:53:24,147 [ERROR] LogOutputStream:75 - [STDERR_REDIRECT] 
2026-05-04 11:53:25,144 [ERROR] LogOutputStream:75 - [STDERR_REDIRECT] [Fatal Error] :1:1: Premature end of file.
2026-05-04 11:53:25,144 [ERROR] LogOutputStream:75 - [STDERR_REDIRECT] 
2026-05-04 11:53:26,167 [ERROR] LogOutputStream:75 - [STDERR_REDIRECT] [Fatal Error] :1:1: Premature end of file.
2026-05-04 11:53:26,168 [ERROR] LogOutputStream:75 - [STDERR_REDIRECT] 
2026-05-04 11:53:27,174 [ERROR] LogOutputStream:75 - [STDERR_REDIRECT] [Fatal Error] :1:1: Premature end of file.
2026-05-04 11:53:27,174 [ERROR] LogOutputStream:75 - [STDERR_REDIRECT] 
2026-05-04 11:53:28,157 [ERROR] LogOutputStream:75 - [STDERR_REDIRECT] [Fatal Error] :1:1: Premature end of file.
2026-05-04 11:53:28,158 [ERROR] LogOutputStream:75 - [STDERR_REDIRECT] 
2026-05-04 11:53:29,185 [ERROR] LogOutputStream:75 - [STDERR_REDIRECT] [Fatal Error] :1:1: Premature end of file.
2026-05-04 11:53:29,185 [ERROR] LogOutputStream:75 - [STDERR_REDIRECT] 
2026-05-04 11:53:30,152 [ERROR] LogOutputStream:75 - [STDERR_REDIRECT] [Fatal Error] :1:1: Premature end of file.
2026-05-04 11:53:30,152 [ERROR] LogOutputStream:75 - [STDERR_REDIRECT] 
2026-05-04 11:53:31,157 [ERROR] LogOutputStream:75 - [STDERR_REDIRECT] [Fatal Error] :1:1: Premature end of file.
2026-05-04 11:53:31,157 [ERROR] LogOutputStream:75 - [STDERR_REDIRECT] 
2026-05-04 11:53:32,160 [ERROR] LogOutputStream:75 - [STDERR_REDIRECT] [Fatal Error] :1:1: Premature end of file.
2026-05-04 11:53:32,160 [ERROR] LogOutputStream:75 - [STDERR_REDIRECT] 
2026-05-04 11:53:33,156 [ERROR] LogOutputStream:75 - [STDERR_REDIRECT] [Fatal Error] :1:1: Premature end of file.
2026-05-04 11:53:33,156 [ERROR] LogOutputStream:75 - [STDERR_REDIRECT] 
2026-05-04 11:53:34,151 [ERROR] LogOutputStream:75 - [STDERR_REDIRECT] [Fatal Error] :1:1: Premature end of file.
2026-05-04 11:53:34,151 [ERROR] LogOutputStream:75 - [STDERR_REDIRECT] 
2026-05-04 11:53:35,161 [ERROR] LogOutputStream:75 - [STDERR_REDIRECT] [Fatal Error] :1:1: Premature end of file.
2026-05-04 11:53:35,161 [ERROR] LogOutputStream:75 - [STDERR_REDIRECT] 
2026-05-04 11:53:36,165 [ERROR] LogOutputStream:75 - [STDERR_REDIRECT] [Fatal Error] :1:1: Premature end of file.
2026-05-04 11:53:36,165 [ERROR] LogOutputStream:75 - [STDERR_REDIRECT] 
2026-05-04 11:53:37,152 [ERROR] LogOutputStream:75 - [STDERR_REDIRECT] [Fatal Error] :1:1: Premature end of file.
2026-05-04 11:53:37,152 [ERROR] LogOutputStream:75 - [STDERR_REDIRECT] 
2026-05-04 11:53:38,145 [ERROR] LogOutputStream:75 - [STDERR_REDIRECT] [Fatal Error] :1:1: Premature end of file.
2026-05-04 11:53:38,145 [ERROR] LogOutputStream:75 - [STDERR_REDIRECT] 
2026-05-04 11:53:39,138 [ERROR] LogOutputStream:75 - [STDERR_REDIRECT] [Fatal Error] :1:1: Premature end of file.
2026-05-04 11:53:39,139 [ERROR] LogOutputStream:75 - [STDERR_REDIRECT] 
2026-05-04 11:53:40,145 [ERROR] LogOutputStream:75 - [STDERR_REDIRECT] [Fatal Error] :1:1: Premature end of file.
2026-05-04 11:53:40,145 [ERROR] LogOutputStream:75 - [STDERR_REDIRECT] 
2026-05-04 11:53:41,165 [ERROR] LogOutputStream:75 - [STDERR_REDIRECT] [Fatal Error] :1:1: Premature end of file.
2026-05-04 11:53:41,165 [ERROR] LogOutputStream:75 - [STDERR_REDIRECT] 
2026-05-04 11:53:42,171 [ERROR] LogOutputStream:75 - [STDERR_REDIRECT] [Fatal Error] :1:1: Premature end of file.
2026-05-04 11:53:42,171 [ERROR] LogOutputStream:75 - [STDERR_REDIRECT] 
2026-05-04 11:53:43,164 [ERROR] LogOutputStream:75 - [STDERR_REDIRECT] [Fatal Error] :1:1: Premature end of file.
2026-05-04 11:53:43,164 [ERROR] LogOutputStream:75 - [STDERR_REDIRECT] 
2026-05-04 11:53:44,145 [ERROR] LogOutputStream:75 - [STDERR_REDIRECT] [Fatal Error] :1:1: Premature end of file.
2026-05-04 11:53:44,146 [ERROR] LogOutputStream:75 - [STDERR_REDIRECT] 
2026-05-04 11:53:45,162 [ERROR] LogOutputStream:75 - [STDERR_REDIRECT] [Fatal Error] :1:1: Premature end of file.
2026-05-04 11:53:45,162 [ERROR] LogOutputStream:75 - [STDERR_REDIRECT] 
2026-05-04 11:53:46,155 [ERROR] LogOutputStream:75 - [STDERR_REDIRECT] [Fatal Error] :1:1: Premature end of file.
2026-05-04 11:53:46,155 [ERROR] LogOutputStream:75 - [STDERR_REDIRECT] 
2026-05-04 11:53:47,150 [ERROR] LogOutputStream:75 - [STDERR_REDIRECT] [Fatal Error] :1:1: Premature end of file.
2026-05-04 11:53:47,151 [ERROR] LogOutputStream:75 - [STDERR_REDIRECT] 
2026-05-04 11:53:48,153 [ERROR] LogOutputStream:75 - [STDERR_REDIRECT] [Fatal Error] :1:1: Premature end of file.
2026-05-04 11:53:48,154 [ERROR] LogOutputStream:75 - [STDERR_REDIRECT] 
2026-05-04 11:53:49,150 [ERROR] LogOutputStream:75 - [STDERR_REDIRECT] [Fatal Error] :1:1: Premature end of file.
2026-05-04 11:53:49,151 [ERROR] LogOutputStream:75 - [STDERR_REDIRECT] 
2026-05-04 11:53:50,175 [ERROR] LogOutputStream:75 - [STDERR_REDIRECT] [Fatal Error] :1:1: Premature end of file.
2026-05-04 11:53:50,175 [ERROR] LogOutputStream:75 - [STDERR_REDIRECT] 
2026-05-04 11:53:51,154 [ERROR] LogOutputStream:75 - [STDERR_REDIRECT] [Fatal Error] :1:1: Premature end of file.
2026-05-04 11:53:51,154 [ERROR] LogOutputStream:75 - [STDERR_REDIRECT] 
2026-05-04 11:53:52,149 [ERROR] LogOutputStream:75 - [STDERR_REDIRECT] [Fatal Error] :1:1: Premature end of file.
2026-05-04 11:53:52,150 [ERROR] LogOutputStream:75 - [STDERR_REDIRECT] 
2026-05-04 11:53:53,162 [ERROR] LogOutputStream:75 - [STDERR_REDIRECT] [Fatal Error] :1:1: Premature end of file.
2026-05-04 11:53:53,162 [ERROR] LogOutputStream:75 - [STDERR_REDIRECT] 
2026-05-04 11:53:54,167 [ERROR] LogOutputStream:75 - [STDERR_REDIRECT] [Fatal Error] :1:1: Premature end of file.
2026-05-04 11:53:54,167 [ERROR] LogOutputStream:75 - [STDERR_REDIRECT] 
2026-05-04 11:53:55,156 [ERROR] LogOutputStream:75 - [STDERR_REDIRECT] [Fatal Error] :1:1: Premature end of file.
2026-05-04 11:53:55,156 [ERROR] LogOutputStream:75 - [STDERR_REDIRECT] 
2026-05-04 11:53:56,161 [ERROR] LogOutputStream:75 - [STDERR_REDIRECT] [Fatal Error] :1:1: Premature end of file.
2026-05-04 11:53:56,161 [ERROR] LogOutputStream:75 - [STDERR_REDIRECT] 
2026-05-04 11:53:57,147 [ERROR] LogOutputStream:75 - [STDERR_REDIRECT] [Fatal Error] :1:1: Premature end of file.
2026-05-04 11:53:57,148 [ERROR] LogOutputStream:75 - [STDERR_REDIRECT] 
2026-05-04 11:53:58,156 [ERROR] LogOutputStream:75 - [STDERR_REDIRECT] [Fatal Error] :1:1: Premature end of file.
2026-05-04 11:53:58,156 [ERROR] LogOutputStream:75 - [STDERR_REDIRECT] 
2026-05-04 11:53:59,181 [ERROR] LogOutputStream:75 - [STDERR_REDIRECT] [Fatal Error] :1:1: Premature end of file.
2026-05-04 11:53:59,182 [ERROR] LogOutputStream:75 - [STDERR_REDIRECT] 
2026-05-04 11:54:00,180 [ERROR] LogOutputStream:75 - [STDERR_REDIRECT] [Fatal Error] :1:1: Premature end of file.
2026-05-04 11:54:00,181 [ERROR] LogOutputStream:75 - [STDERR_REDIRECT] 
2026-05-04 11:54:01,140 [ERROR] LogOutputStream:75 - [STDERR_REDIRECT] [Fatal Error] :1:1: Premature end of file.
2026-05-04 11:54:01,140 [ERROR] LogOutputStream:75 - [STDERR_REDIRECT] 
2026-05-04 11:54:02,170 [ERROR] LogOutputStream:75 - [STDERR_REDIRECT] [Fatal Error] :1:1: Premature end of file.
2026-05-04 11:54:02,171 [ERROR] LogOutputStream:75 - [STDERR_REDIRECT] 
2026-05-04 11:54:03,143 [ERROR] LogOutputStream:75 - [STDERR_REDIRECT] [Fatal Error] :1:1: Premature end of file.
2026-05-04 11:54:03,144 [ERROR] LogOutputStream:75 - [STDERR_REDIRECT] 
2026-05-04 11:54:04,168 [ERROR] LogOutputStream:75 - [STDERR_REDIRECT] [Fatal Error] :1:1: Premature end of file.
2026-05-04 11:54:04,168 [ERROR] LogOutputStream:75 - [STDERR_REDIRECT] 
2026-05-04 11:54:05,155 [ERROR] LogOutputStream:75 - [STDERR_REDIRECT] [Fatal Error] :1:1: Premature end of file.
2026-05-04 11:54:05,156 [ERROR] LogOutputStream:75 - [STDERR_REDIRECT] 
2026-05-04 11:54:06,149 [ERROR] LogOutputStream:75 - [STDERR_REDIRECT] [Fatal Error] :1:1: Premature end of file.
2026-05-04 11:54:06,150 [ERROR] LogOutputStream:75 - [STDERR_REDIRECT] 
2026-05-04 11:54:07,164 [ERROR] LogOutputStream:75 - [STDERR_REDIRECT] [Fatal Error] :1:1: Premature end of file.
2026-05-04 11:54:07,164 [ERROR] LogOutputStream:75 - [STDERR_REDIRECT] 
2026-05-04 11:54:08,151 [ERROR] LogOutputStream:75 - [STDERR_REDIRECT] [Fatal Error] :1:1: Premature end of file.
2026-05-04 11:54:08,152 [ERROR] LogOutputStream:75 - [STDERR_REDIRECT] 
2026-05-04 11:54:09,153 [ERROR] LogOutputStream:75 - [STDERR_REDIRECT] [Fatal Error] :1:1: Premature end of file.
2026-05-04 11:54:09,153 [ERROR] LogOutputStream:75 - [STDERR_REDIRECT] 
2026-05-04 11:54:10,159 [ERROR] LogOutputStream:75 - [STDERR_REDIRECT] [Fatal Error] :1:1: Premature end of file.
2026-05-04 11:54:10,159 [ERROR] LogOutputStream:75 - [STDERR_REDIRECT] 
2026-05-04 11:54:11,166 [ERROR] LogOutputStream:75 - [STDERR_REDIRECT] [Fatal Error] :1:1: Premature end of file.
2026-05-04 11:54:11,166 [ERROR] LogOutputStream:75 - [STDERR_REDIRECT] 
2026-05-04 11:54:12,158 [ERROR] LogOutputStream:75 - [STDERR_REDIRECT] [Fatal Error] :1:1: Premature end of file.
2026-05-04 11:54:12,158 [ERROR] LogOutputStream:75 - [STDERR_REDIRECT] 
2026-05-04 11:54:13,155 [ERROR] LogOutputStream:75 - [STDERR_REDIRECT] [Fatal Error] :1:1: Premature end of file.
2026-05-04 11:54:13,155 [ERROR] LogOutputStream:75 - [STDERR_REDIRECT] 
2026-05-04 11:54:14,157 [ERROR] LogOutputStream:75 - [STDERR_REDIRECT] [Fatal Error] :1:1: Premature end of file.
2026-05-04 11:54:14,157 [ERROR] LogOutputStream:75 - [STDERR_REDIRECT] 
2026-05-04 11:54:15,160 [ERROR] LogOutputStream:75 - [STDERR_REDIRECT] [Fatal Error] :1:1: Premature end of file.
2026-05-04 11:54:15,160 [ERROR] LogOutputStream:75 - [STDERR_REDIRECT] 
2026-05-04 11:54:16,158 [ERROR] LogOutputStream:75 - [STDERR_REDIRECT] [Fatal Error] :1:1: Premature end of file.
2026-05-04 11:54:16,159 [ERROR] LogOutputStream:75 - [STDERR_REDIRECT] 
2026-05-04 11:54:17,149 [ERROR] LogOutputStream:75 - [STDERR_REDIRECT] [Fatal Error] :1:1: Premature end of file.
2026-05-04 11:54:17,150 [ERROR] LogOutputStream:75 - [STDERR_REDIRECT] 
2026-05-04 11:54:18,151 [ERROR] LogOutputStream:75 - [STDERR_REDIRECT] [Fatal Error] :1:1: Premature end of file.
2026-05-04 11:54:18,152 [ERROR] LogOutputStream:75 - [STDERR_REDIRECT] 
2026-05-04 11:54:19,145 [ERROR] LogOutputStream:75 - [STDERR_REDIRECT] [Fatal Error] :1:1: Premature end of file.
2026-05-04 11:54:19,147 [ERROR] LogOutputStream:75 - [STDERR_REDIRECT] 
2026-05-04 11:54:20,159 [ERROR] LogOutputStream:75 - [STDERR_REDIRECT] [Fatal Error] :1:1: Premature end of file.
2026-05-04 11:54:20,159 [ERROR] LogOutputStream:75 - [STDERR_REDIRECT] 
2026-05-04 11:54:21,157 [ERROR] LogOutputStream:75 - [STDERR_REDIRECT] [Fatal Error] :1:1: Premature end of file.
2026-05-04 11:54:21,157 [ERROR] LogOutputStream:75 - [STDERR_REDIRECT] 
2026-05-04 11:54:22,162 [ERROR] LogOutputStream:75 - [STDERR_REDIRECT] [Fatal Error] :1:1: Premature end of file.
2026-05-04 11:54:22,162 [ERROR] LogOutputStream:75 - [STDERR_REDIRECT] 
2026-05-04 11:54:23,160 [ERROR] LogOutputStream:75 - [STDERR_REDIRECT] [Fatal Error] :1:1: Premature end of file.
2026-05-04 11:54:23,160 [ERROR] LogOutputStream:75 - [STDERR_REDIRECT] 
2026-05-04 11:54:24,150 [ERROR] LogOutputStream:75 - [STDERR_REDIRECT] [Fatal Error] :1:1: Premature end of file.
2026-05-04 11:54:24,150 [ERROR] LogOutputStream:75 - [STDERR_REDIRECT] 
2026-05-04 11:54:25,151 [ERROR] LogOutputStream:75 - [STDERR_REDIRECT] [Fatal Error] :1:1: Premature end of file.
2026-05-04 11:54:25,151 [ERROR] LogOutputStream:75 - [STDERR_REDIRECT] 
2026-05-04 11:54:26,157 [ERROR] LogOutputStream:75 - [STDERR_REDIRECT] [Fatal Error] :1:1: Premature end of file.
2026-05-04 11:54:26,157 [ERROR] LogOutputStream:75 - [STDERR_REDIRECT] 
2026-05-04 11:54:27,150 [ERROR] LogOutputStream:75 - [STDERR_REDIRECT] [Fatal Error] :1:1: Premature end of file.
2026-05-04 11:54:27,150 [ERROR] LogOutputStream:75 - [STDERR_REDIRECT] 
2026-05-04 11:54:28,154 [ERROR] LogOutputStream:75 - [STDERR_REDIRECT] [Fatal Error] :1:1: Premature end of file.
2026-05-04 11:54:28,154 [ERROR] LogOutputStream:75 - [STDERR_REDIRECT] 
2026-05-04 11:54:29,143 [ERROR] LogOutputStream:75 - [STDERR_REDIRECT] [Fatal Error] :1:1: Premature end of file.
2026-05-04 11:54:29,143 [ERROR] LogOutputStream:75 - [STDERR_REDIRECT] 
2026-05-04 11:54:30,171 [ERROR] LogOutputStream:75 - [STDERR_REDIRECT] [Fatal Error] :1:1: Premature end of file.
2026-05-04 11:54:30,172 [ERROR] LogOutputStream:75 - [STDERR_REDIRECT] 
2026-05-04 11:54:31,146 [ERROR] LogOutputStream:75 - [STDERR_REDIRECT] [Fatal Error] :1:1: Premature end of file.
2026-05-04 11:54:31,146 [ERROR] LogOutputStream:75 - [STDERR_REDIRECT] 
2026-05-04 11:54:32,161 [ERROR] LogOutputStream:75 - [STDERR_REDIRECT] [Fatal Error] :1:1: Premature end of file.
2026-05-04 11:54:32,161 [ERROR] LogOutputStream:75 - [STDERR_REDIRECT] 
2026-05-04 11:54:33,150 [ERROR] LogOutputStream:75 - [STDERR_REDIRECT] [Fatal Error] :1:1: Premature end of file.
2026-05-04 11:54:33,150 [ERROR] LogOutputStream:75 - [STDERR_REDIRECT] 
2026-05-04 11:54:34,144 [ERROR] LogOutputStream:75 - [STDERR_REDIRECT] [Fatal Error] :1:1: Premature end of file.
2026-05-04 11:54:34,144 [ERROR] LogOutputStream:75 - [STDERR_REDIRECT] 
2026-05-04 11:54:35,136 [ERROR] LogOutputStream:75 - [STDERR_REDIRECT] [Fatal Error] :1:1: Premature end of file.
2026-05-04 11:54:35,136 [ERROR] LogOutputStream:75 - [STDERR_REDIRECT] 
2026-05-04 11:54:36,136 [ERROR] LogOutputStream:75 - [STDERR_REDIRECT] [Fatal Error] :1:1: Premature end of file.
2026-05-04 11:54:36,136 [ERROR] LogOutputStream:75 - [STDERR_REDIRECT] 
2026-05-04 11:54:37,141 [ERROR] LogOutputStream:75 - [STDERR_REDIRECT] [Fatal Error] :1:1: Premature end of file.
2026-05-04 11:54:37,141 [ERROR] LogOutputStream:75 - [STDERR_REDIRECT] 
2026-05-04 11:54:38,152 [ERROR] LogOutputStream:75 - [STDERR_REDIRECT] [Fatal Error] :1:1: Premature end of file.
2026-05-04 11:54:38,153 [ERROR] LogOutputStream:75 - [STDERR_REDIRECT] 
2026-05-04 11:54:39,161 [ERROR] LogOutputStream:75 - [STDERR_REDIRECT] [Fatal Error] :1:1: Premature end of file.
2026-05-04 11:54:39,161 [ERROR] LogOutputStream:75 - [STDERR_REDIRECT] 
2026-05-04 11:54:40,148 [ERROR] LogOutputStream:75 - [STDERR_REDIRECT] [Fatal Error] :1:1: Premature end of file.
2026-05-04 11:54:40,149 [ERROR] LogOutputStream:75 - [STDERR_REDIRECT] 
2026-05-04 11:54:41,144 [ERROR] LogOutputStream:75 - [STDERR_REDIRECT] [Fatal Error] :1:1: Premature end of file.
2026-05-04 11:54:41,144 [ERROR] LogOutputStream:75 - [STDERR_REDIRECT] 
2026-05-04 11:54:42,147 [ERROR] LogOutputStream:75 - [STDERR_REDIRECT] [Fatal Error] :1:1: Premature end of file.
2026-05-04 11:54:42,147 [ERROR] LogOutputStream:75 - [STDERR_REDIRECT] 
2026-05-04 11:54:43,155 [ERROR] LogOutputStream:75 - [STDERR_REDIRECT] [Fatal Error] :1:1: Premature end of file.
2026-05-04 11:54:43,155 [ERROR] LogOutputStream:75 - [STDERR_REDIRECT] 
2026-05-04 11:54:44,146 [ERROR] LogOutputStream:75 - [STDERR_REDIRECT] [Fatal Error] :1:1: Premature end of file.
2026-05-04 11:54:44,146 [ERROR] LogOutputStream:75 - [STDERR_REDIRECT] 
2026-05-04 11:54:45,160 [ERROR] LogOutputStream:75 - [STDERR_REDIRECT] [Fatal Error] :1:1: Premature end of file.
2026-05-04 11:54:45,160 [ERROR] LogOutputStream:75 - [STDERR_REDIRECT] 
2026-05-04 11:54:46,180 [ERROR] LogOutputStream:75 - [STDERR_REDIRECT] [Fatal Error] :1:1: Premature end of file.
2026-05-04 11:54:46,180 [ERROR] LogOutputStream:75 - [STDERR_REDIRECT] 
2026-05-04 11:54:47,160 [ERROR] LogOutputStream:75 - [STDERR_REDIRECT] [Fatal Error] :1:1: Premature end of file.
2026-05-04 11:54:47,161 [ERROR] LogOutputStream:75 - [STDERR_REDIRECT] 
2026-05-04 11:54:48,148 [ERROR] LogOutputStream:75 - [STDERR_REDIRECT] [Fatal Error] :1:1: Premature end of file.
2026-05-04 11:54:48,148 [ERROR] LogOutputStream:75 - [STDERR_REDIRECT] 
2026-05-04 11:54:49,158 [ERROR] LogOutputStream:75 - [STDERR_REDIRECT] [Fatal Error] :1:1: Premature end of file.
2026-05-04 11:54:49,159 [ERROR] LogOutputStream:75 - [STDERR_REDIRECT] 
2026-05-04 11:54:50,152 [ERROR] LogOutputStream:75 - [STDERR_REDIRECT] [Fatal Error] :1:1: Premature end of file.
2026-05-04 11:54:50,152 [ERROR] LogOutputStream:75 - [STDERR_REDIRECT] 
2026-05-04 11:54:51,176 [ERROR] LogOutputStream:75 - [STDERR_REDIRECT] [Fatal Error] :1:1: Premature end of file.
2026-05-04 11:54:51,177 [ERROR] LogOutputStream:75 - [STDERR_REDIRECT] 
2026-05-04 11:54:52,161 [ERROR] LogOutputStream:75 - [STDERR_REDIRECT] [Fatal Error] :1:1: Premature end of file.
2026-05-04 11:54:52,161 [ERROR] LogOutputStream:75 - [STDERR_REDIRECT] 
2026-05-04 11:54:53,190 [ERROR] LogOutputStream:75 - [STDERR_REDIRECT] [Fatal Error] :1:1: Premature end of file.
2026-05-04 11:54:53,191 [ERROR] LogOutputStream:75 - [STDERR_REDIRECT] 
2026-05-04 11:54:54,153 [ERROR] LogOutputStream:75 - [STDERR_REDIRECT] [Fatal Error] :1:1: Premature end of file.
2026-05-04 11:54:54,154 [ERROR] LogOutputStream:75 - [STDERR_REDIRECT] 
2026-05-04 11:54:55,144 [ERROR] LogOutputStream:75 - [STDERR_REDIRECT] [Fatal Error] :1:1: Premature end of file.
2026-05-04 11:54:55,144 [ERROR] LogOutputStream:75 - [STDERR_REDIRECT] 
2026-05-04 11:54:56,154 [ERROR] LogOutputStream:75 - [STDERR_REDIRECT] [Fatal Error] :1:1: Premature end of file.
2026-05-04 11:54:56,154 [ERROR] LogOutputStream:75 - [STDERR_REDIRECT] 
2026-05-04 11:54:57,143 [ERROR] LogOutputStream:75 - [STDERR_REDIRECT] [Fatal Error] :1:1: Premature end of file.
2026-05-04 11:54:57,143 [ERROR] LogOutputStream:75 - [STDERR_REDIRECT] 
2026-05-04 11:54:58,156 [ERROR] LogOutputStream:75 - [STDERR_REDIRECT] [Fatal Error] :1:1: Premature end of file.
2026-05-04 11:54:58,157 [ERROR] LogOutputStream:75 - [STDERR_REDIRECT] 
2026-05-04 11:54:59,153 [ERROR] LogOutputStream:75 - [STDERR_REDIRECT] [Fatal Error] :1:1: Premature end of file.
2026-05-04 11:54:59,153 [ERROR] LogOutputStream:75 - [STDERR_REDIRECT] 
2026-05-04 11:55:00,153 [ERROR] LogOutputStream:75 - [STDERR_REDIRECT] [Fatal Error] :1:1: Premature end of file.
2026-05-04 11:55:00,153 [ERROR] LogOutputStream:75 - [STDERR_REDIRECT] 
2026-05-04 11:55:01,160 [ERROR] LogOutputStream:75 - [STDERR_REDIRECT] [Fatal Error] :1:1: Premature end of file.
2026-05-04 11:55:01,161 [ERROR] LogOutputStream:75 - [STDERR_REDIRECT] 
2026-05-04 11:55:02,165 [ERROR] LogOutputStream:75 - [STDERR_REDIRECT] [Fatal Error] :1:1: Premature end of file.
2026-05-04 11:55:02,165 [ERROR] LogOutputStream:75 - [STDERR_REDIRECT] 
2026-05-04 11:55:03,155 [ERROR] LogOutputStream:75 - [STDERR_REDIRECT] [Fatal Error] :1:1: Premature end of file.
2026-05-04 11:55:03,156 [ERROR] LogOutputStream:75 - [STDERR_REDIRECT] 
2026-05-04 11:55:04,152 [ERROR] LogOutputStream:75 - [STDERR_REDIRECT] [Fatal Error] :1:1: Premature end of file.
2026-05-04 11:55:04,152 [ERROR] LogOutputStream:75 - [STDERR_REDIRECT] 
2026-05-04 11:55:05,143 [ERROR] LogOutputStream:75 - [STDERR_REDIRECT] [Fatal Error] :1:1: Premature end of file.
2026-05-04 11:55:05,144 [ERROR] LogOutputStream:75 - [STDERR_REDIRECT] 
2026-05-04 11:55:06,144 [ERROR] LogOutputStream:75 - [STDERR_REDIRECT] [Fatal Error] :1:1: Premature end of file.
2026-05-04 11:55:06,144 [ERROR] LogOutputStream:75 - [STDERR_REDIRECT] 
2026-05-04 11:55:07,172 [ERROR] LogOutputStream:75 - [STDERR_REDIRECT] [Fatal Error] :1:1: Premature end of file.
2026-05-04 11:55:07,172 [ERROR] LogOutputStream:75 - [STDERR_REDIRECT] 
2026-05-04 11:55:08,162 [ERROR] LogOutputStream:75 - [STDERR_REDIRECT] [Fatal Error] :1:1: Premature end of file.
2026-05-04 11:55:08,163 [ERROR] LogOutputStream:75 - [STDERR_REDIRECT] 
2026-05-04 11:55:09,144 [ERROR] LogOutputStream:75 - [STDERR_REDIRECT] [Fatal Error] :1:1: Premature end of file.
2026-05-04 11:55:09,144 [ERROR] LogOutputStream:75 - [STDERR_REDIRECT] 
2026-05-04 11:55:10,152 [ERROR] LogOutputStream:75 - [STDERR_REDIRECT] [Fatal Error] :1:1: Premature end of file.
2026-05-04 11:55:10,152 [ERROR] LogOutputStream:75 - [STDERR_REDIRECT] 
2026-05-04 11:55:11,152 [ERROR] LogOutputStream:75 - [STDERR_REDIRECT] [Fatal Error] :1:1: Premature end of file.
2026-05-04 11:55:11,152 [ERROR] LogOutputStream:75 - [STDERR_REDIRECT] 
2026-05-04 11:55:12,150 [ERROR] LogOutputStream:75 - [STDERR_REDIRECT] [Fatal Error] :1:1: Premature end of file.
2026-05-04 11:55:12,150 [ERROR] LogOutputStream:75 - [STDERR_REDIRECT] 
2026-05-04 11:55:13,156 [ERROR] LogOutputStream:75 - [STDERR_REDIRECT] [Fatal Error] :1:1: Premature end of file.
2026-05-04 11:55:13,156 [ERROR] LogOutputStream:75 - [STDERR_REDIRECT] 
2026-05-04 11:55:14,149 [ERROR] LogOutputStream:75 - [STDERR_REDIRECT] [Fatal Error] :1:1: Premature end of file.
2026-05-04 11:55:14,149 [ERROR] LogOutputStream:75 - [STDERR_REDIRECT] 
2026-05-04 11:55:15,178 [ERROR] LogOutputStream:75 - [STDERR_REDIRECT] [Fatal Error] :1:1: Premature end of file.
2026-05-04 11:55:15,179 [ERROR] LogOutputStream:75 - [STDERR_REDIRECT] 
2026-05-04 11:55:16,160 [ERROR] LogOutputStream:75 - [STDERR_REDIRECT] [Fatal Error] :1:1: Premature end of file.
2026-05-04 11:55:16,161 [ERROR] LogOutputStream:75 - [STDERR_REDIRECT] 
2026-05-04 11:55:17,138 [ERROR] LogOutputStream:75 - [STDERR_REDIRECT] [Fatal Error] :1:1: Premature end of file.
2026-05-04 11:55:17,138 [ERROR] LogOutputStream:75 - [STDERR_REDIRECT] 
2026-05-04 11:55:18,156 [ERROR] LogOutputStream:75 - [STDERR_REDIRECT] [Fatal Error] :1:1: Premature end of file.
2026-05-04 11:55:18,156 [ERROR] LogOutputStream:75 - [STDERR_REDIRECT] 
2026-05-04 11:55:19,169 [ERROR] LogOutputStream:75 - [STDERR_REDIRECT] [Fatal Error] :1:1: Premature end of file.
2026-05-04 11:55:19,169 [ERROR] LogOutputStream:75 - [STDERR_REDIRECT] 
2026-05-04 11:55:20,151 [ERROR] LogOutputStream:75 - [STDERR_REDIRECT] [Fatal Error] :1:1: Premature end of file.
2026-05-04 11:55:20,152 [ERROR] LogOutputStream:75 - [STDERR_REDIRECT] 
2026-05-04 11:55:21,155 [ERROR] LogOutputStream:75 - [STDERR_REDIRECT] [Fatal Error] :1:1: Premature end of file.
2026-05-04 11:55:21,155 [ERROR] LogOutputStream:75 - [STDERR_REDIRECT] 
2026-05-04 11:55:22,157 [ERROR] LogOutputStream:75 - [STDERR_REDIRECT] [Fatal Error] :1:1: Premature end of file.
2026-05-04 11:55:22,157 [ERROR] LogOutputStream:75 - [STDERR_REDIRECT] 
2026-05-04 11:55:23,145 [ERROR] LogOutputStream:75 - [STDERR_REDIRECT] [Fatal Error] :1:1: Premature end of file.
2026-05-04 11:55:23,146 [ERROR] LogOutputStream:75 - [STDERR_REDIRECT] 
2026-05-04 11:55:24,161 [ERROR] LogOutputStream:75 - [STDERR_REDIRECT] [Fatal Error] :1:1: Premature end of file.
2026-05-04 11:55:24,161 [ERROR] LogOutputStream:75 - [STDERR_REDIRECT] 
2026-05-04 11:55:25,150 [ERROR] LogOutputStream:75 - [STDERR_REDIRECT] [Fatal Error] :1:1: Premature end of file.
2026-05-04 11:55:25,161 [ERROR] LogOutputStream:75 - [STDERR_REDIRECT] 
2026-05-04 11:55:26,154 [ERROR] LogOutputStream:75 - [STDERR_REDIRECT] [Fatal Error] :1:1: Premature end of file.
2026-05-04 11:55:26,154 [ERROR] LogOutputStream:75 - [STDERR_REDIRECT] 
2026-05-04 11:55:27,155 [ERROR] LogOutputStream:75 - [STDERR_REDIRECT] [Fatal Error] :1:1: Premature end of file.
2026-05-04 11:55:27,156 [ERROR] LogOutputStream:75 - [STDERR_REDIRECT] 
2026-05-04 11:55:28,163 [ERROR] LogOutputStream:75 - [STDERR_REDIRECT] [Fatal Error] :1:1: Premature end of file.
2026-05-04 11:55:28,163 [ERROR] LogOutputStream:75 - [STDERR_REDIRECT] 
2026-05-04 11:55:29,182 [ERROR] LogOutputStream:75 - [STDERR_REDIRECT] [Fatal Error] :1:1: Premature end of file.
2026-05-04 11:55:29,183 [ERROR] LogOutputStream:75 - [STDERR_REDIRECT] 
2026-05-04 11:55:30,169 [ERROR] LogOutputStream:75 - [STDERR_REDIRECT] [Fatal Error] :1:1: Premature end of file.
2026-05-04 11:55:30,170 [ERROR] LogOutputStream:75 - [STDERR_REDIRECT] 
2026-05-04 11:55:31,155 [ERROR] LogOutputStream:75 - [STDERR_REDIRECT] [Fatal Error] :1:1: Premature end of file.
2026-05-04 11:55:31,155 [ERROR] LogOutputStream:75 - [STDERR_REDIRECT] 
2026-05-04 11:55:32,147 [ERROR] LogOutputStream:75 - [STDERR_REDIRECT] [Fatal Error] :1:1: Premature end of file.
2026-05-04 11:55:32,147 [ERROR] LogOutputStream:75 - [STDERR_REDIRECT] 
2026-05-04 11:55:33,148 [ERROR] LogOutputStream:75 - [STDERR_REDIRECT] [Fatal Error] :1:1: Premature end of file.
2026-05-04 11:55:33,148 [ERROR] LogOutputStream:75 - [STDERR_REDIRECT] 
2026-05-04 11:55:34,149 [ERROR] LogOutputStream:75 - [STDERR_REDIRECT] [Fatal Error] :1:1: Premature end of file.
2026-05-04 11:55:34,149 [ERROR] LogOutputStream:75 - [STDERR_REDIRECT] 
2026-05-04 11:55:35,146 [ERROR] LogOutputStream:75 - [STDERR_REDIRECT] [Fatal Error] :1:1: Premature end of file.
2026-05-04 11:55:35,146 [ERROR] LogOutputStream:75 - [STDERR_REDIRECT] 
2026-05-04 11:55:36,170 [ERROR] LogOutputStream:75 - [STDERR_REDIRECT] [Fatal Error] :1:1: Premature end of file.
2026-05-04 11:55:36,170 [ERROR] LogOutputStream:75 - [STDERR_REDIRECT] 
2026-05-04 11:55:37,156 [ERROR] LogOutputStream:75 - [STDERR_REDIRECT] [Fatal Error] :1:1: Premature end of file.
2026-05-04 11:55:37,156 [ERROR] LogOutputStream:75 - [STDERR_REDIRECT] 
2026-05-04 11:55:38,140 [ERROR] LogOutputStream:75 - [STDERR_REDIRECT] [Fatal Error] :1:1: Premature end of file.
2026-05-04 11:55:38,140 [ERROR] LogOutputStream:75 - [STDERR_REDIRECT] 
2026-05-04 11:55:39,144 [ERROR] LogOutputStream:75 - [STDERR_REDIRECT] [Fatal Error] :1:1: Premature end of file.
2026-05-04 11:55:39,145 [ERROR] LogOutputStream:75 - [STDERR_REDIRECT] 
2026-05-04 11:55:40,138 [ERROR] LogOutputStream:75 - [STDERR_REDIRECT] [Fatal Error] :1:1: Premature end of file.
2026-05-04 11:55:40,138 [ERROR] LogOutputStream:75 - [STDERR_REDIRECT] 
2026-05-04 11:55:41,136 [ERROR] LogOutputStream:75 - [STDERR_REDIRECT] [Fatal Error] :1:1: Premature end of file.
2026-05-04 11:55:41,137 [ERROR] LogOutputStream:75 - [STDERR_REDIRECT] 
2026-05-04 11:55:42,144 [ERROR] LogOutputStream:75 - [STDERR_REDIRECT] [Fatal Error] :1:1: Premature end of file.
2026-05-04 11:55:42,144 [ERROR] LogOutputStream:75 - [STDERR_REDIRECT] 
2026-05-04 11:55:43,149 [ERROR] LogOutputStream:75 - [STDERR_REDIRECT] [Fatal Error] :1:1: Premature end of file.
2026-05-04 11:55:43,149 [ERROR] LogOutputStream:75 - [STDERR_REDIRECT] 
2026-05-04 11:55:44,161 [ERROR] LogOutputStream:75 - [STDERR_REDIRECT] [Fatal Error] :1:1: Premature end of file.
2026-05-04 11:55:44,161 [ERROR] LogOutputStream:75 - [STDERR_REDIRECT] 
2026-05-04 11:55:45,151 [ERROR] LogOutputStream:75 - [STDERR_REDIRECT] [Fatal Error] :1:1: Premature end of file.
2026-05-04 11:55:45,151 [ERROR] LogOutputStream:75 - [STDERR_REDIRECT] 
2026-05-04 11:55:46,156 [ERROR] LogOutputStream:75 - [STDERR_REDIRECT] [Fatal Error] :1:1: Premature end of file.
2026-05-04 11:55:46,157 [ERROR] LogOutputStream:75 - [STDERR_REDIRECT] 
2026-05-04 11:55:47,142 [ERROR] LogOutputStream:75 - [STDERR_REDIRECT] [Fatal Error] :1:1: Premature end of file.
2026-05-04 11:55:47,143 [ERROR] LogOutputStream:75 - [STDERR_REDIRECT] 
2026-05-04 11:55:48,183 [ERROR] LogOutputStream:75 - [STDERR_REDIRECT] [Fatal Error] :1:1: Premature end of file.
2026-05-04 11:55:48,183 [ERROR] LogOutputStream:75 - [STDERR_REDIRECT] 
2026-05-04 11:55:49,154 [ERROR] LogOutputStream:75 - [STDERR_REDIRECT] [Fatal Error] :1:1: Premature end of file.
2026-05-04 11:55:49,154 [ERROR] LogOutputStream:75 - [STDERR_REDIRECT] 
2026-05-04 11:55:50,153 [ERROR] LogOutputStream:75 - [STDERR_REDIRECT] [Fatal Error] :1:1: Premature end of file.
2026-05-04 11:55:50,153 [ERROR] LogOutputStream:75 - [STDERR_REDIRECT] 
2026-05-04 11:55:51,145 [ERROR] LogOutputStream:75 - [STDERR_REDIRECT] [Fatal Error] :1:1: Premature end of file.
2026-05-04 11:55:51,145 [ERROR] LogOutputStream:75 - [STDERR_REDIRECT] 
2026-05-04 11:55:52,152 [ERROR] LogOutputStream:75 - [STDERR_REDIRECT] [Fatal Error] :1:1: Premature end of file.
2026-05-04 11:55:52,152 [ERROR] LogOutputStream:75 - [STDERR_REDIRECT] 
2026-05-04 11:55:53,146 [ERROR] LogOutputStream:75 - [STDERR_REDIRECT] [Fatal Error] :1:1: Premature end of file.
2026-05-04 11:55:53,146 [ERROR] LogOutputStream:75 - [STDERR_REDIRECT] 
2026-05-04 11:55:54,170 [ERROR] LogOutputStream:75 - [STDERR_REDIRECT] [Fatal Error] :1:1: Premature end of file.
2026-05-04 11:55:54,171 [ERROR] LogOutputStream:75 - [STDERR_REDIRECT] 
2026-05-04 11:55:55,155 [ERROR] LogOutputStream:75 - [STDERR_REDIRECT] [Fatal Error] :1:1: Premature end of file.
2026-05-04 11:55:55,156 [ERROR] LogOutputStream:75 - [STDERR_REDIRECT] 
2026-05-04 11:55:56,152 [ERROR] LogOutputStream:75 - [STDERR_REDIRECT] [Fatal Error] :1:1: Premature end of file.
2026-05-04 11:55:56,152 [ERROR] LogOutputStream:75 - [STDERR_REDIRECT] 
2026-05-04 11:55:57,172 [ERROR] LogOutputStream:75 - [STDERR_REDIRECT] [Fatal Error] :1:1: Premature end of file.
2026-05-04 11:55:57,172 [ERROR] LogOutputStream:75 - [STDERR_REDIRECT] 
2026-05-04 11:55:58,162 [ERROR] LogOutputStream:75 - [STDERR_REDIRECT] [Fatal Error] :1:1: Premature end of file.
2026-05-04 11:55:58,162 [ERROR] LogOutputStream:75 - [STDERR_REDIRECT] 
2026-05-04 11:55:59,158 [ERROR] LogOutputStream:75 - [STDERR_REDIRECT] [Fatal Error] :1:1: Premature end of file.
2026-05-04 11:55:59,158 [ERROR] LogOutputStream:75 - [STDERR_REDIRECT] 
2026-05-04 11:56:00,185 [ERROR] LogOutputStream:75 - [STDERR_REDIRECT] [Fatal Error] :1:1: Premature end of file.
2026-05-04 11:56:00,185 [ERROR] LogOutputStream:75 - [STDERR_REDIRECT] 
2026-05-04 11:56:01,143 [ERROR] LogOutputStream:75 - [STDERR_REDIRECT] [Fatal Error] :1:1: Premature end of file.
2026-05-04 11:56:01,143 [ERROR] LogOutputStream:75 - [STDERR_REDIRECT] 
2026-05-04 11:56:02,165 [ERROR] LogOutputStream:75 - [STDERR_REDIRECT] [Fatal Error] :1:1: Premature end of file.
2026-05-04 11:56:02,165 [ERROR] LogOutputStream:75 - [STDERR_REDIRECT] 
2026-05-04 11:56:03,158 [ERROR] LogOutputStream:75 - [STDERR_REDIRECT] [Fatal Error] :1:1: Premature end of file.
2026-05-04 11:56:03,158 [ERROR] LogOutputStream:75 - [STDERR_REDIRECT] 
2026-05-04 11:56:04,166 [ERROR] LogOutputStream:75 - [STDERR_REDIRECT] [Fatal Error] :1:1: Premature end of file.
2026-05-04 11:56:04,166 [ERROR] LogOutputStream:75 - [STDERR_REDIRECT] 
2026-05-04 11:56:05,145 [ERROR] LogOutputStream:75 - [STDERR_REDIRECT] [Fatal Error] :1:1: Premature end of file.
2026-05-04 11:56:05,145 [ERROR] LogOutputStream:75 - [STDERR_REDIRECT] 
2026-05-04 11:56:06,150 [ERROR] LogOutputStream:75 - [STDERR_REDIRECT] [Fatal Error] :1:1: Premature end of file.
2026-05-04 11:56:06,150 [ERROR] LogOutputStream:75 - [STDERR_REDIRECT] 
2026-05-04 11:56:07,179 [ERROR] LogOutputStream:75 - [STDERR_REDIRECT] [Fatal Error] :1:1: Premature end of file.
2026-05-04 11:56:07,179 [ERROR] LogOutputStream:75 - [STDERR_REDIRECT] 
2026-05-04 11:56:08,152 [ERROR] LogOutputStream:75 - [STDERR_REDIRECT] [Fatal Error] :1:1: Premature end of file.
2026-05-04 11:56:08,152 [ERROR] LogOutputStream:75 - [STDERR_REDIRECT] 
2026-05-04 11:56:09,153 [ERROR] LogOutputStream:75 - [STDERR_REDIRECT] [Fatal Error] :1:1: Premature end of file.
2026-05-04 11:56:09,153 [ERROR] LogOutputStream:75 - [STDERR_REDIRECT] 
2026-05-04 11:56:10,128 [ERROR] LogOutputStream:75 - [STDERR_REDIRECT] [Fatal Error] :1:1: Premature end of file.
2026-05-04 11:56:10,128 [ERROR] LogOutputStream:75 - [STDERR_REDIRECT] 
2026-05-04 11:56:11,151 [ERROR] LogOutputStream:75 - [STDERR_REDIRECT] [Fatal Error] :1:1: Premature end of file.
2026-05-04 11:56:11,151 [ERROR] LogOutputStream:75 - [STDERR_REDIRECT] 
2026-05-04 11:56:12,159 [ERROR] LogOutputStream:75 - [STDERR_REDIRECT] [Fatal Error] :1:1: Premature end of file.
2026-05-04 11:56:12,160 [ERROR] LogOutputStream:75 - [STDERR_REDIRECT] 
2026-05-04 11:56:13,134 [ERROR] LogOutputStream:75 - [STDERR_REDIRECT] [Fatal Error] :1:1: Premature end of file.
2026-05-04 11:56:13,134 [ERROR] LogOutputStream:75 - [STDERR_REDIRECT] 
2026-05-04 11:56:14,146 [ERROR] LogOutputStream:75 - [STDERR_REDIRECT] [Fatal Error] :1:1: Premature end of file.
2026-05-04 11:56:14,147 [ERROR] LogOutputStream:75 - [STDERR_REDIRECT] 
2026-05-04 11:56:15,163 [ERROR] LogOutputStream:75 - [STDERR_REDIRECT] [Fatal Error] :1:1: Premature end of file.
2026-05-04 11:56:15,163 [ERROR] LogOutputStream:75 - [STDERR_REDIRECT] 
2026-05-04 11:56:16,169 [ERROR] LogOutputStream:75 - [STDERR_REDIRECT] [Fatal Error] :1:1: Premature end of file.
2026-05-04 11:56:16,170 [ERROR] LogOutputStream:75 - [STDERR_REDIRECT] 
2026-05-04 11:56:17,148 [ERROR] LogOutputStream:75 - [STDERR_REDIRECT] [Fatal Error] :1:1: Premature end of file.
2026-05-04 11:56:17,148 [ERROR] LogOutputStream:75 - [STDERR_REDIRECT] 
2026-05-04 11:56:18,143 [ERROR] LogOutputStream:75 - [STDERR_REDIRECT] [Fatal Error] :1:1: Premature end of file.
2026-05-04 11:56:18,143 [ERROR] LogOutputStream:75 - [STDERR_REDIRECT] 
2026-05-04 11:56:19,184 [ERROR] LogOutputStream:75 - [STDERR_REDIRECT] [Fatal Error] :1:1: Premature end of file.
2026-05-04 11:56:19,184 [ERROR] LogOutputStream:75 - [STDERR_REDIRECT] 
2026-05-04 11:56:20,134 [ERROR] LogOutputStream:75 - [STDERR_REDIRECT] [Fatal Error] :1:1: Premature end of file.
2026-05-04 11:56:20,134 [ERROR] LogOutputStream:75 - [STDERR_REDIRECT] 
2026-05-04 11:56:21,136 [ERROR] LogOutputStream:75 - [STDERR_REDIRECT] [Fatal Error] :1:1: Premature end of file.
2026-05-04 11:56:21,136 [ERROR] LogOutputStream:75 - [STDERR_REDIRECT] 
2026-05-04 11:56:22,155 [ERROR] LogOutputStream:75 - [STDERR_REDIRECT] [Fatal Error] :1:1: Premature end of file.
2026-05-04 11:56:22,155 [ERROR] LogOutputStream:75 - [STDERR_REDIRECT] 
2026-05-04 11:56:23,157 [ERROR] LogOutputStream:75 - [STDERR_REDIRECT] [Fatal Error] :1:1: Premature end of file.
2026-05-04 11:56:23,158 [ERROR] LogOutputStream:75 - [STDERR_REDIRECT] 
2026-05-04 11:56:24,148 [ERROR] LogOutputStream:75 - [STDERR_REDIRECT] [Fatal Error] :1:1: Premature end of file.
2026-05-04 11:56:24,149 [ERROR] LogOutputStream:75 - [STDERR_REDIRECT] 
2026-05-04 11:56:25,156 [ERROR] LogOutputStream:75 - [STDERR_REDIRECT] [Fatal Error] :1:1: Premature end of file.
2026-05-04 11:56:25,156 [ERROR] LogOutputStream:75 - [STDERR_REDIRECT] 
2026-05-04 11:56:26,147 [ERROR] LogOutputStream:75 - [STDERR_REDIRECT] [Fatal Error] :1:1: Premature end of file.
2026-05-04 11:56:26,147 [ERROR] LogOutputStream:75 - [STDERR_REDIRECT] 
2026-05-04 11:56:27,159 [ERROR] LogOutputStream:75 - [STDERR_REDIRECT] [Fatal Error] :1:1: Premature end of file.
2026-05-04 11:56:27,159 [ERROR] LogOutputStream:75 - [STDERR_REDIRECT] 
2026-05-04 11:56:28,160 [ERROR] LogOutputStream:75 - [STDERR_REDIRECT] [Fatal Error] :1:1: Premature end of file.
2026-05-04 11:56:28,160 [ERROR] LogOutputStream:75 - [STDERR_REDIRECT] 
2026-05-04 11:56:29,139 [ERROR] LogOutputStream:75 - [STDERR_REDIRECT] [Fatal Error] :1:1: Premature end of file.
2026-05-04 11:56:29,139 [ERROR] LogOutputStream:75 - [STDERR_REDIRECT] 
2026-05-04 11:56:30,169 [ERROR] LogOutputStream:75 - [STDERR_REDIRECT] [Fatal Error] :1:1: Premature end of file.
2026-05-04 11:56:30,170 [ERROR] LogOutputStream:75 - [STDERR_REDIRECT] 
2026-05-04 11:56:31,153 [ERROR] LogOutputStream:75 - [STDERR_REDIRECT] [Fatal Error] :1:1: Premature end of file.
2026-05-04 11:56:31,153 [ERROR] LogOutputStream:75 - [STDERR_REDIRECT] 
2026-05-04 11:56:32,160 [ERROR] LogOutputStream:75 - [STDERR_REDIRECT] [Fatal Error] :1:1: Premature end of file.
2026-05-04 11:56:32,160 [ERROR] LogOutputStream:75 - [STDERR_REDIRECT] 
2026-05-04 11:56:33,162 [ERROR] LogOutputStream:75 - [STDERR_REDIRECT] [Fatal Error] :1:1: Premature end of file.
2026-05-04 11:56:33,162 [ERROR] LogOutputStream:75 - [STDERR_REDIRECT] 
2026-05-04 11:56:34,161 [ERROR] LogOutputStream:75 - [STDERR_REDIRECT] [Fatal Error] :1:1: Premature end of file.
2026-05-04 11:56:34,161 [ERROR] LogOutputStream:75 - [STDERR_REDIRECT] 
2026-05-04 11:56:35,152 [ERROR] LogOutputStream:75 - [STDERR_REDIRECT] [Fatal Error] :1:1: Premature end of file.
2026-05-04 11:56:35,152 [ERROR] LogOutputStream:75 - [STDERR_REDIRECT] 
2026-05-04 11:56:36,165 [ERROR] LogOutputStream:75 - [STDERR_REDIRECT] [Fatal Error] :1:1: Premature end of file.
2026-05-04 11:56:36,165 [ERROR] LogOutputStream:75 - [STDERR_REDIRECT] 
2026-05-04 11:56:37,159 [ERROR] LogOutputStream:75 - [STDERR_REDIRECT] [Fatal Error] :1:1: Premature end of file.
2026-05-04 11:56:37,159 [ERROR] LogOutputStream:75 - [STDERR_REDIRECT] 
2026-05-04 11:56:38,166 [ERROR] LogOutputStream:75 - [STDERR_REDIRECT] [Fatal Error] :1:1: Premature end of file.
2026-05-04 11:56:38,166 [ERROR] LogOutputStream:75 - [STDERR_REDIRECT] 
2026-05-04 11:56:39,151 [ERROR] LogOutputStream:75 - [STDERR_REDIRECT] [Fatal Error] :1:1: Premature end of file.
2026-05-04 11:56:39,151 [ERROR] LogOutputStream:75 - [STDERR_REDIRECT] 
2026-05-04 11:56:40,160 [ERROR] LogOutputStream:75 - [STDERR_REDIRECT] [Fatal Error] :1:1: Premature end of file.
2026-05-04 11:56:40,160 [ERROR] LogOutputStream:75 - [STDERR_REDIRECT] 
2026-05-04 11:56:41,167 [ERROR] LogOutputStream:75 - [STDERR_REDIRECT] [Fatal Error] :1:1: Premature end of file.
2026-05-04 11:56:41,167 [ERROR] LogOutputStream:75 - [STDERR_REDIRECT] 
2026-05-04 11:56:42,154 [ERROR] LogOutputStream:75 - [STDERR_REDIRECT] [Fatal Error] :1:1: Premature end of file.
2026-05-04 11:56:42,155 [ERROR] LogOutputStream:75 - [STDERR_REDIRECT] 
2026-05-04 11:56:43,169 [ERROR] LogOutputStream:75 - [STDERR_REDIRECT] [Fatal Error] :1:1: Premature end of file.
2026-05-04 11:56:43,170 [ERROR] LogOutputStream:75 - [STDERR_REDIRECT] 
2026-05-04 11:56:44,141 [ERROR] LogOutputStream:75 - [STDERR_REDIRECT] [Fatal Error] :1:1: Premature end of file.
2026-05-04 11:56:44,142 [ERROR] LogOutputStream:75 - [STDERR_REDIRECT] 
2026-05-04 11:56:45,151 [ERROR] LogOutputStream:75 - [STDERR_REDIRECT] [Fatal Error] :1:1: Premature end of file.
2026-05-04 11:56:45,151 [ERROR] LogOutputStream:75 - [STDERR_REDIRECT] 
2026-05-04 11:56:46,158 [ERROR] LogOutputStream:75 - [STDERR_REDIRECT] [Fatal Error] :1:1: Premature end of file.
2026-05-04 11:56:46,158 [ERROR] LogOutputStream:75 - [STDERR_REDIRECT] 
2026-05-04 11:56:47,179 [ERROR] LogOutputStream:75 - [STDERR_REDIRECT] [Fatal Error] :1:1: Premature end of file.
2026-05-04 11:56:47,179 [ERROR] LogOutputStream:75 - [STDERR_REDIRECT] 
2026-05-04 11:56:48,158 [ERROR] LogOutputStream:75 - [STDERR_REDIRECT] [Fatal Error] :1:1: Premature end of file.
2026-05-04 11:56:48,159 [ERROR] LogOutputStream:75 - [STDERR_REDIRECT] 
2026-05-04 11:56:49,155 [ERROR] LogOutputStream:75 - [STDERR_REDIRECT] [Fatal Error] :1:1: Premature end of file.
2026-05-04 11:56:49,156 [ERROR] LogOutputStream:75 - [STDERR_REDIRECT] 
2026-05-04 11:56:50,145 [ERROR] LogOutputStream:75 - [STDERR_REDIRECT] [Fatal Error] :1:1: Premature end of file.
2026-05-04 11:56:50,145 [ERROR] LogOutputStream:75 - [STDERR_REDIRECT] 
2026-05-04 11:56:51,138 [ERROR] LogOutputStream:75 - [STDERR_REDIRECT] [Fatal Error] :1:1: Premature end of file.
2026-05-04 11:56:51,138 [ERROR] LogOutputStream:75 - [STDERR_REDIRECT] 
2026-05-04 11:56:52,143 [ERROR] LogOutputStream:75 - [STDERR_REDIRECT] [Fatal Error] :1:1: Premature end of file.
2026-05-04 11:56:52,143 [ERROR] LogOutputStream:75 - [STDERR_REDIRECT] 
2026-05-04 11:56:53,172 [ERROR] LogOutputStream:75 - [STDERR_REDIRECT] [Fatal Error] :1:1: Premature end of file.
2026-05-04 11:56:53,172 [ERROR] LogOutputStream:75 - [STDERR_REDIRECT] 
2026-05-04 11:56:54,178 [ERROR] LogOutputStream:75 - [STDERR_REDIRECT] [Fatal Error] :1:1: Premature end of file.
2026-05-04 11:56:54,178 [ERROR] LogOutputStream:75 - [STDERR_REDIRECT] 
2026-05-04 11:56:55,152 [ERROR] LogOutputStream:75 - [STDERR_REDIRECT] [Fatal Error] :1:1: Premature end of file.
2026-05-04 11:56:55,152 [ERROR] LogOutputStream:75 - [STDERR_REDIRECT] 
2026-05-04 11:56:56,175 [ERROR] LogOutputStream:75 - [STDERR_REDIRECT] [Fatal Error] :1:1: Premature end of file.
2026-05-04 11:56:56,175 [ERROR] LogOutputStream:75 - [STDERR_REDIRECT] 
2026-05-04 11:56:57,154 [ERROR] LogOutputStream:75 - [STDERR_REDIRECT] [Fatal Error] :1:1: Premature end of file.
2026-05-04 11:56:57,155 [ERROR] LogOutputStream:75 - [STDERR_REDIRECT] 
2026-05-04 11:56:58,143 [ERROR] LogOutputStream:75 - [STDERR_REDIRECT] [Fatal Error] :1:1: Premature end of file.
2026-05-04 11:56:58,143 [ERROR] LogOutputStream:75 - [STDERR_REDIRECT] 
2026-05-04 11:56:59,161 [ERROR] LogOutputStream:75 - [STDERR_REDIRECT] [Fatal Error] :1:1: Premature end of file.
2026-05-04 11:56:59,161 [ERROR] LogOutputStream:75 - [STDERR_REDIRECT] 
2026-05-04 11:57:00,154 [ERROR] LogOutputStream:75 - [STDERR_REDIRECT] [Fatal Error] :1:1: Premature end of file.
2026-05-04 11:57:00,154 [ERROR] LogOutputStream:75 - [STDERR_REDIRECT] 
2026-05-04 11:57:01,165 [ERROR] LogOutputStream:75 - [STDERR_REDIRECT] [Fatal Error] :1:1: Premature end of file.
2026-05-04 11:57:01,165 [ERROR] LogOutputStream:75 - [STDERR_REDIRECT] 
2026-05-04 11:57:02,141 [ERROR] LogOutputStream:75 - [STDERR_REDIRECT] [Fatal Error] :1:1: Premature end of file.
2026-05-04 11:57:02,142 [ERROR] LogOutputStream:75 - [STDERR_REDIRECT] 
2026-05-04 11:57:03,156 [ERROR] LogOutputStream:75 - [STDERR_REDIRECT] [Fatal Error] :1:1: Premature end of file.
2026-05-04 11:57:03,156 [ERROR] LogOutputStream:75 - [STDERR_REDIRECT] 
2026-05-04 11:57:04,156 [ERROR] LogOutputStream:75 - [STDERR_REDIRECT] [Fatal Error] :1:1: Premature end of file.
2026-05-04 11:57:04,156 [ERROR] LogOutputStream:75 - [STDERR_REDIRECT] 
2026-05-04 11:57:05,162 [ERROR] LogOutputStream:75 - [STDERR_REDIRECT] [Fatal Error] :1:1: Premature end of file.
2026-05-04 11:57:05,162 [ERROR] LogOutputStream:75 - [STDERR_REDIRECT] 
2026-05-04 11:57:06,169 [ERROR] LogOutputStream:75 - [STDERR_REDIRECT] [Fatal Error] :1:1: Premature end of file.
2026-05-04 11:57:06,169 [ERROR] LogOutputStream:75 - [STDERR_REDIRECT] 
2026-05-04 11:57:07,169 [ERROR] LogOutputStream:75 - [STDERR_REDIRECT] [Fatal Error] :1:1: Premature end of file.
2026-05-04 11:57:07,169 [ERROR] LogOutputStream:75 - [STDERR_REDIRECT] 
2026-05-04 11:57:08,153 [ERROR] LogOutputStream:75 - [STDERR_REDIRECT] [Fatal Error] :1:1: Premature end of file.
2026-05-04 11:57:08,153 [ERROR] LogOutputStream:75 - [STDERR_REDIRECT] 
2026-05-04 11:57:09,154 [ERROR] LogOutputStream:75 - [STDERR_REDIRECT] [Fatal Error] :1:1: Premature end of file.
2026-05-04 11:57:09,155 [ERROR] LogOutputStream:75 - [STDERR_REDIRECT] 
2026-05-04 11:57:10,161 [ERROR] LogOutputStream:75 - [STDERR_REDIRECT] [Fatal Error] :1:1: Premature end of file.
2026-05-04 11:57:10,161 [ERROR] LogOutputStream:75 - [STDERR_REDIRECT] 
2026-05-04 11:57:11,153 [ERROR] LogOutputStream:75 - [STDERR_REDIRECT] [Fatal Error] :1:1: Premature end of file.
2026-05-04 11:57:11,153 [ERROR] LogOutputStream:75 - [STDERR_REDIRECT] 
2026-05-04 11:57:12,155 [ERROR] LogOutputStream:75 - [STDERR_REDIRECT] [Fatal Error] :1:1: Premature end of file.
2026-05-04 11:57:12,155 [ERROR] LogOutputStream:75 - [STDERR_REDIRECT] 
2026-05-04 11:57:13,154 [ERROR] LogOutputStream:75 - [STDERR_REDIRECT] [Fatal Error] :1:1: Premature end of file.
2026-05-04 11:57:13,154 [ERROR] LogOutputStream:75 - [STDERR_REDIRECT] 
2026-05-04 11:57:14,156 [ERROR] LogOutputStream:75 - [STDERR_REDIRECT] [Fatal Error] :1:1: Premature end of file.
2026-05-04 11:57:14,156 [ERROR] LogOutputStream:75 - [STDERR_REDIRECT] 
2026-05-04 11:57:15,138 [ERROR] LogOutputStream:75 - [STDERR_REDIRECT] [Fatal Error] :1:1: Premature end of file.
2026-05-04 11:57:15,138 [ERROR] LogOutputStream:75 - [STDERR_REDIRECT] 
2026-05-04 11:57:16,171 [ERROR] LogOutputStream:75 - [STDERR_REDIRECT] [Fatal Error] :1:1: Premature end of file.
2026-05-04 11:57:16,172 [ERROR] LogOutputStream:75 - [STDERR_REDIRECT] 
2026-05-04 11:57:17,160 [ERROR] LogOutputStream:75 - [STDERR_REDIRECT] [Fatal Error] :1:1: Premature end of file.
2026-05-04 11:57:17,160 [ERROR] LogOutputStream:75 - [STDERR_REDIRECT] 
2026-05-04 11:57:18,178 [ERROR] LogOutputStream:75 - [STDERR_REDIRECT] [Fatal Error] :1:1: Premature end of file.
2026-05-04 11:57:18,179 [ERROR] LogOutputStream:75 - [STDERR_REDIRECT] 
2026-05-04 11:57:19,153 [ERROR] LogOutputStream:75 - [STDERR_REDIRECT] [Fatal Error] :1:1: Premature end of file.
2026-05-04 11:57:19,154 [ERROR] LogOutputStream:75 - [STDERR_REDIRECT] 
2026-05-04 11:57:20,164 [ERROR] LogOutputStream:75 - [STDERR_REDIRECT] [Fatal Error] :1:1: Premature end of file.
2026-05-04 11:57:20,165 [ERROR] LogOutputStream:75 - [STDERR_REDIRECT] 
2026-05-04 11:57:21,152 [ERROR] LogOutputStream:75 - [STDERR_REDIRECT] [Fatal Error] :1:1: Premature end of file.
2026-05-04 11:57:21,152 [ERROR] LogOutputStream:75 - [STDERR_REDIRECT] 
2026-05-04 11:57:22,147 [ERROR] LogOutputStream:75 - [STDERR_REDIRECT] [Fatal Error] :1:1: Premature end of file.
2026-05-04 11:57:22,147 [ERROR] LogOutputStream:75 - [STDERR_REDIRECT] 
2026-05-04 11:57:23,146 [ERROR] LogOutputStream:75 - [STDERR_REDIRECT] [Fatal Error] :1:1: Premature end of file.
2026-05-04 11:57:23,146 [ERROR] LogOutputStream:75 - [STDERR_REDIRECT] 
2026-05-04 11:57:24,176 [ERROR] LogOutputStream:75 - [STDERR_REDIRECT] [Fatal Error] :1:1: Premature end of file.
2026-05-04 11:57:24,176 [ERROR] LogOutputStream:75 - [STDERR_REDIRECT] 
2026-05-04 11:57:25,160 [ERROR] LogOutputStream:75 - [STDERR_REDIRECT] [Fatal Error] :1:1: Premature end of file.
2026-05-04 11:57:25,161 [ERROR] LogOutputStream:75 - [STDERR_REDIRECT] 
2026-05-04 11:57:26,166 [ERROR] LogOutputStream:75 - [STDERR_REDIRECT] [Fatal Error] :1:1: Premature end of file.
2026-05-04 11:57:26,166 [ERROR] LogOutputStream:75 - [STDERR_REDIRECT] 
2026-05-04 11:57:27,142 [ERROR] LogOutputStream:75 - [STDERR_REDIRECT] [Fatal Error] :1:1: Premature end of file.
2026-05-04 11:57:27,142 [ERROR] LogOutputStream:75 - [STDERR_REDIRECT] 
2026-05-04 11:57:28,171 [ERROR] LogOutputStream:75 - [STDERR_REDIRECT] [Fatal Error] :1:1: Premature end of file.
2026-05-04 11:57:28,171 [ERROR] LogOutputStream:75 - [STDERR_REDIRECT] 
2026-05-04 11:57:29,140 [ERROR] LogOutputStream:75 - [STDERR_REDIRECT] [Fatal Error] :1:1: Premature end of file.
2026-05-04 11:57:29,140 [ERROR] LogOutputStream:75 - [STDERR_REDIRECT] 
2026-05-04 11:57:30,184 [ERROR] LogOutputStream:75 - [STDERR_REDIRECT] [Fatal Error] :1:1: Premature end of file.
2026-05-04 11:57:30,185 [ERROR] LogOutputStream:75 - [STDERR_REDIRECT] 
2026-05-04 11:57:31,151 [ERROR] LogOutputStream:75 - [STDERR_REDIRECT] [Fatal Error] :1:1: Premature end of file.
2026-05-04 11:57:31,152 [ERROR] LogOutputStream:75 - [STDERR_REDIRECT] 
2026-05-04 11:57:32,160 [ERROR] LogOutputStream:75 - [STDERR_REDIRECT] [Fatal Error] :1:1: Premature end of file.
2026-05-04 11:57:32,161 [ERROR] LogOutputStream:75 - [STDERR_REDIRECT] 
2026-05-04 11:57:33,155 [ERROR] LogOutputStream:75 - [STDERR_REDIRECT] [Fatal Error] :1:1: Premature end of file.
2026-05-04 11:57:33,155 [ERROR] LogOutputStream:75 - [STDERR_REDIRECT] 
2026-05-04 11:57:34,150 [ERROR] LogOutputStream:75 - [STDERR_REDIRECT] [Fatal Error] :1:1: Premature end of file.
2026-05-04 11:57:34,150 [ERROR] LogOutputStream:75 - [STDERR_REDIRECT] 
2026-05-04 11:57:35,148 [ERROR] LogOutputStream:75 - [STDERR_REDIRECT] [Fatal Error] :1:1: Premature end of file.
2026-05-04 11:57:35,148 [ERROR] LogOutputStream:75 - [STDERR_REDIRECT] 
2026-05-04 11:57:36,161 [ERROR] LogOutputStream:75 - [STDERR_REDIRECT] [Fatal Error] :1:1: Premature end of file.
2026-05-04 11:57:36,162 [ERROR] LogOutputStream:75 - [STDERR_REDIRECT] 
2026-05-04 11:57:37,160 [ERROR] LogOutputStream:75 - [STDERR_REDIRECT] [Fatal Error] :1:1: Premature end of file.
2026-05-04 11:57:37,160 [ERROR] LogOutputStream:75 - [STDERR_REDIRECT] 
2026-05-04 11:57:38,144 [ERROR] LogOutputStream:75 - [STDERR_REDIRECT] [Fatal Error] :1:1: Premature end of file.
2026-05-04 11:57:38,144 [ERROR] LogOutputStream:75 - [STDERR_REDIRECT] 
2026-05-04 11:57:39,146 [ERROR] LogOutputStream:75 - [STDERR_REDIRECT] [Fatal Error] :1:1: Premature end of file.
2026-05-04 11:57:39,147 [ERROR] LogOutputStream:75 - [STDERR_REDIRECT] 
2026-05-04 11:57:40,162 [ERROR] LogOutputStream:75 - [STDERR_REDIRECT] [Fatal Error] :1:1: Premature end of file.
2026-05-04 11:57:40,162 [ERROR] LogOutputStream:75 - [STDERR_REDIRECT] 
2026-05-04 11:57:41,177 [ERROR] LogOutputStream:75 - [STDERR_REDIRECT] [Fatal Error] :1:1: Premature end of file.
2026-05-04 11:57:41,177 [ERROR] LogOutputStream:75 - [STDERR_REDIRECT] 
2026-05-04 11:57:42,172 [ERROR] LogOutputStream:75 - [STDERR_REDIRECT] [Fatal Error] :1:1: Premature end of file.
2026-05-04 11:57:42,173 [ERROR] LogOutputStream:75 - [STDERR_REDIRECT] 
2026-05-04 11:57:43,168 [ERROR] LogOutputStream:75 - [STDERR_REDIRECT] [Fatal Error] :1:1: Premature end of file.
2026-05-04 11:57:43,169 [ERROR] LogOutputStream:75 - [STDERR_REDIRECT] 
2026-05-04 11:57:44,158 [ERROR] LogOutputStream:75 - [STDERR_REDIRECT] [Fatal Error] :1:1: Premature end of file.
2026-05-04 11:57:44,158 [ERROR] LogOutputStream:75 - [STDERR_REDIRECT] 
2026-05-04 11:57:45,177 [ERROR] LogOutputStream:75 - [STDERR_REDIRECT] [Fatal Error] :1:1: Premature end of file.
2026-05-04 11:57:45,178 [ERROR] LogOutputStream:75 - [STDERR_REDIRECT] 
2026-05-04 11:57:46,158 [ERROR] LogOutputStream:75 - [STDERR_REDIRECT] [Fatal Error] :1:1: Premature end of file.
2026-05-04 11:57:46,159 [ERROR] LogOutputStream:75 - [STDERR_REDIRECT] 
2026-05-04 11:57:47,133 [ERROR] LogOutputStream:75 - [STDERR_REDIRECT] [Fatal Error] :1:1: Premature end of file.
2026-05-04 11:57:47,134 [ERROR] LogOutputStream:75 - [STDERR_REDIRECT] 
2026-05-04 11:57:48,157 [ERROR] LogOutputStream:75 - [STDERR_REDIRECT] [Fatal Error] :1:1: Premature end of file.
2026-05-04 11:57:48,157 [ERROR] LogOutputStream:75 - [STDERR_REDIRECT] 
2026-05-04 11:57:49,151 [ERROR] LogOutputStream:75 - [STDERR_REDIRECT] [Fatal Error] :1:1: Premature end of file.
2026-05-04 11:57:49,151 [ERROR] LogOutputStream:75 - [STDERR_REDIRECT] 
2026-05-04 11:57:50,166 [ERROR] LogOutputStream:75 - [STDERR_REDIRECT] [Fatal Error] :1:1: Premature end of file.
2026-05-04 11:57:50,167 [ERROR] LogOutputStream:75 - [STDERR_REDIRECT] 
2026-05-04 11:57:51,159 [ERROR] LogOutputStream:75 - [STDERR_REDIRECT] [Fatal Error] :1:1: Premature end of file.
2026-05-04 11:57:51,159 [ERROR] LogOutputStream:75 - [STDERR_REDIRECT] 
2026-05-04 11:57:52,159 [ERROR] LogOutputStream:75 - [STDERR_REDIRECT] [Fatal Error] :1:1: Premature end of file.
2026-05-04 11:57:52,160 [ERROR] LogOutputStream:75 - [STDERR_REDIRECT] 
2026-05-04 11:57:53,163 [ERROR] LogOutputStream:75 - [STDERR_REDIRECT] [Fatal Error] :1:1: Premature end of file.
2026-05-04 11:57:53,163 [ERROR] LogOutputStream:75 - [STDERR_REDIRECT] 
2026-05-04 11:57:54,161 [ERROR] LogOutputStream:75 - [STDERR_REDIRECT] [Fatal Error] :1:1: Premature end of file.
2026-05-04 11:57:54,161 [ERROR] LogOutputStream:75 - [STDERR_REDIRECT] 
2026-05-04 11:57:55,152 [ERROR] LogOutputStream:75 - [STDERR_REDIRECT] [Fatal Error] :1:1: Premature end of file.
2026-05-04 11:57:55,152 [ERROR] LogOutputStream:75 - [STDERR_REDIRECT] 
2026-05-04 11:57:56,141 [ERROR] LogOutputStream:75 - [STDERR_REDIRECT] [Fatal Error] :1:1: Premature end of file.
2026-05-04 11:57:56,141 [ERROR] LogOutputStream:75 - [STDERR_REDIRECT] 
2026-05-04 11:57:57,149 [ERROR] LogOutputStream:75 - [STDERR_REDIRECT] [Fatal Error] :1:1: Premature end of file.
2026-05-04 11:57:57,150 [ERROR] LogOutputStream:75 - [STDERR_REDIRECT] 
2026-05-04 11:57:58,142 [ERROR] LogOutputStream:75 - [STDERR_REDIRECT] [Fatal Error] :1:1: Premature end of file.
2026-05-04 11:57:58,143 [ERROR] LogOutputStream:75 - [STDERR_REDIRECT] 
2026-05-04 11:57:59,143 [ERROR] LogOutputStream:75 - [STDERR_REDIRECT] [Fatal Error] :1:1: Premature end of file.
2026-05-04 11:57:59,144 [ERROR] LogOutputStream:75 - [STDERR_REDIRECT] 
2026-05-04 11:58:00,172 [ERROR] LogOutputStream:75 - [STDERR_REDIRECT] [Fatal Error] :1:1: Premature end of file.
2026-05-04 11:58:00,172 [ERROR] LogOutputStream:75 - [STDERR_REDIRECT] 
2026-05-04 11:58:01,145 [ERROR] LogOutputStream:75 - [STDERR_REDIRECT] [Fatal Error] :1:1: Premature end of file.
2026-05-04 11:58:01,146 [ERROR] LogOutputStream:75 - [STDERR_REDIRECT] 
2026-05-04 11:58:02,149 [ERROR] LogOutputStream:75 - [STDERR_REDIRECT] [Fatal Error] :1:1: Premature end of file.
2026-05-04 11:58:02,149 [ERROR] LogOutputStream:75 - [STDERR_REDIRECT] 
2026-05-04 11:58:03,152 [ERROR] LogOutputStream:75 - [STDERR_REDIRECT] [Fatal Error] :1:1: Premature end of file.
2026-05-04 11:58:03,153 [ERROR] LogOutputStream:75 - [STDERR_REDIRECT] 
2026-05-04 11:58:04,162 [ERROR] LogOutputStream:75 - [STDERR_REDIRECT] [Fatal Error] :1:1: Premature end of file.
2026-05-04 11:58:04,162 [ERROR] LogOutputStream:75 - [STDERR_REDIRECT] 
2026-05-04 11:58:05,136 [ERROR] LogOutputStream:75 - [STDERR_REDIRECT] [Fatal Error] :1:1: Premature end of file.
2026-05-04 11:58:05,137 [ERROR] LogOutputStream:75 - [STDERR_REDIRECT] 
2026-05-04 11:58:06,155 [ERROR] LogOutputStream:75 - [STDERR_REDIRECT] [Fatal Error] :1:1: Premature end of file.
2026-05-04 11:58:06,156 [ERROR] LogOutputStream:75 - [STDERR_REDIRECT] 
2026-05-04 11:58:07,142 [ERROR] LogOutputStream:75 - [STDERR_REDIRECT] [Fatal Error] :1:1: Premature end of file.
2026-05-04 11:58:07,142 [ERROR] LogOutputStream:75 - [STDERR_REDIRECT] 
2026-05-04 11:58:08,166 [ERROR] LogOutputStream:75 - [STDERR_REDIRECT] [Fatal Error] :1:1: Premature end of file.
2026-05-04 11:58:08,166 [ERROR] LogOutputStream:75 - [STDERR_REDIRECT] 
2026-05-04 11:58:09,131 [ERROR] LogOutputStream:75 - [STDERR_REDIRECT] [Fatal Error] :1:1: Premature end of file.
2026-05-04 11:58:09,132 [ERROR] LogOutputStream:75 - [STDERR_REDIRECT] 
2026-05-04 11:58:10,148 [ERROR] LogOutputStream:75 - [STDERR_REDIRECT] [Fatal Error] :1:1: Premature end of file.
2026-05-04 11:58:10,148 [ERROR] LogOutputStream:75 - [STDERR_REDIRECT] 
2026-05-04 11:58:11,183 [ERROR] LogOutputStream:75 - [STDERR_REDIRECT] [Fatal Error] :1:1: Premature end of file.
2026-05-04 11:58:11,183 [ERROR] LogOutputStream:75 - [STDERR_REDIRECT] 
2026-05-04 11:58:12,148 [ERROR] LogOutputStream:75 - [STDERR_REDIRECT] [Fatal Error] :1:1: Premature end of file.
2026-05-04 11:58:12,148 [ERROR] LogOutputStream:75 - [STDERR_REDIRECT] 
2026-05-04 11:58:13,161 [ERROR] LogOutputStream:75 - [STDERR_REDIRECT] [Fatal Error] :1:1: Premature end of file.
2026-05-04 11:58:13,161 [ERROR] LogOutputStream:75 - [STDERR_REDIRECT] 
2026-05-04 11:58:14,187 [ERROR] LogOutputStream:75 - [STDERR_REDIRECT] [Fatal Error] :1:1: Premature end of file.
2026-05-04 11:58:14,187 [ERROR] LogOutputStream:75 - [STDERR_REDIRECT] 
2026-05-04 11:58:15,157 [ERROR] LogOutputStream:75 - [STDERR_REDIRECT] [Fatal Error] :1:1: Premature end of file.
2026-05-04 11:58:15,158 [ERROR] LogOutputStream:75 - [STDERR_REDIRECT] 
2026-05-04 11:58:16,193 [ERROR] LogOutputStream:75 - [STDERR_REDIRECT] [Fatal Error] :1:1: Premature end of file.
2026-05-04 11:58:16,193 [ERROR] LogOutputStream:75 - [STDERR_REDIRECT] 
2026-05-04 11:58:17,159 [ERROR] LogOutputStream:75 - [STDERR_REDIRECT] [Fatal Error] :1:1: Premature end of file.
2026-05-04 11:58:17,159 [ERROR] LogOutputStream:75 - [STDERR_REDIRECT] 
2026-05-04 11:58:18,160 [ERROR] LogOutputStream:75 - [STDERR_REDIRECT] [Fatal Error] :1:1: Premature end of file.
2026-05-04 11:58:18,160 [ERROR] LogOutputStream:75 - [STDERR_REDIRECT] 
2026-05-04 11:58:19,143 [ERROR] LogOutputStream:75 - [STDERR_REDIRECT] [Fatal Error] :1:1: Premature end of file.
2026-05-04 11:58:19,148 [ERROR] LogOutputStream:75 - [STDERR_REDIRECT] 
2026-05-04 11:58:20,181 [ERROR] LogOutputStream:75 - [STDERR_REDIRECT] [Fatal Error] :1:1: Premature end of file.
2026-05-04 11:58:20,181 [ERROR] LogOutputStream:75 - [STDERR_REDIRECT] 
2026-05-04 11:58:21,153 [ERROR] LogOutputStream:75 - [STDERR_REDIRECT] [Fatal Error] :1:1: Premature end of file.
2026-05-04 11:58:21,153 [ERROR] LogOutputStream:75 - [STDERR_REDIRECT] 
2026-05-04 11:58:22,150 [ERROR] LogOutputStream:75 - [STDERR_REDIRECT] [Fatal Error] :1:1: Premature end of file.
2026-05-04 11:58:22,150 [ERROR] LogOutputStream:75 - [STDERR_REDIRECT] 
2026-05-04 11:58:23,150 [ERROR] LogOutputStream:75 - [STDERR_REDIRECT] [Fatal Error] :1:1: Premature end of file.
2026-05-04 11:58:23,150 [ERROR] LogOutputStream:75 - [STDERR_REDIRECT] 
2026-05-04 11:58:24,143 [ERROR] LogOutputStream:75 - [STDERR_REDIRECT] [Fatal Error] :1:1: Premature end of file.
2026-05-04 11:58:24,143 [ERROR] LogOutputStream:75 - [STDERR_REDIRECT] 
2026-05-04 11:58:25,152 [ERROR] LogOutputStream:75 - [STDERR_REDIRECT] [Fatal Error] :1:1: Premature end of file.
2026-05-04 11:58:25,152 [ERROR] LogOutputStream:75 - [STDERR_REDIRECT] 
2026-05-04 11:58:26,140 [ERROR] LogOutputStream:75 - [STDERR_REDIRECT] [Fatal Error] :1:1: Premature end of file.
2026-05-04 11:58:26,140 [ERROR] LogOutputStream:75 - [STDERR_REDIRECT] 
2026-05-04 11:58:27,163 [ERROR] LogOutputStream:75 - [STDERR_REDIRECT] [Fatal Error] :1:1: Premature end of file.
2026-05-04 11:58:27,164 [ERROR] LogOutputStream:75 - [STDERR_REDIRECT] 
2026-05-04 11:58:28,157 [ERROR] LogOutputStream:75 - [STDERR_REDIRECT] [Fatal Error] :1:1: Premature end of file.
2026-05-04 11:58:28,157 [ERROR] LogOutputStream:75 - [STDERR_REDIRECT] 
2026-05-04 11:58:29,170 [ERROR] LogOutputStream:75 - [STDERR_REDIRECT] [Fatal Error] :1:1: Premature end of file.
2026-05-04 11:58:29,171 [ERROR] LogOutputStream:75 - [STDERR_REDIRECT] 
2026-05-04 11:58:30,171 [ERROR] LogOutputStream:75 - [STDERR_REDIRECT] [Fatal Error] :1:1: Premature end of file.
2026-05-04 11:58:30,171 [ERROR] LogOutputStream:75 - [STDERR_REDIRECT] 
2026-05-04 11:58:31,140 [ERROR] LogOutputStream:75 - [STDERR_REDIRECT] [Fatal Error] :1:1: Premature end of file.
2026-05-04 11:58:31,140 [ERROR] LogOutputStream:75 - [STDERR_REDIRECT] 
2026-05-04 11:58:32,141 [ERROR] LogOutputStream:75 - [STDERR_REDIRECT] [Fatal Error] :1:1: Premature end of file.
2026-05-04 11:58:32,142 [ERROR] LogOutputStream:75 - [STDERR_REDIRECT] 
2026-05-04 11:58:33,165 [ERROR] LogOutputStream:75 - [STDERR_REDIRECT] [Fatal Error] :1:1: Premature end of file.
2026-05-04 11:58:33,165 [ERROR] LogOutputStream:75 - [STDERR_REDIRECT] 
2026-05-04 11:58:34,146 [ERROR] LogOutputStream:75 - [STDERR_REDIRECT] [Fatal Error] :1:1: Premature end of file.
2026-05-04 11:58:34,146 [ERROR] LogOutputStream:75 - [STDERR_REDIRECT] 
2026-05-04 11:58:35,157 [ERROR] LogOutputStream:75 - [STDERR_REDIRECT] [Fatal Error] :1:1: Premature end of file.
2026-05-04 11:58:35,157 [ERROR] LogOutputStream:75 - [STDERR_REDIRECT] 
2026-05-04 11:58:36,143 [ERROR] LogOutputStream:75 - [STDERR_REDIRECT] [Fatal Error] :1:1: Premature end of file.
2026-05-04 11:58:36,143 [ERROR] LogOutputStream:75 - [STDERR_REDIRECT] 
2026-05-04 11:58:37,152 [ERROR] LogOutputStream:75 - [STDERR_REDIRECT] [Fatal Error] :1:1: Premature end of file.
2026-05-04 11:58:37,152 [ERROR] LogOutputStream:75 - [STDERR_REDIRECT] 
2026-05-04 11:58:38,174 [ERROR] LogOutputStream:75 - [STDERR_REDIRECT] [Fatal Error] :1:1: Premature end of file.
2026-05-04 11:58:38,175 [ERROR] LogOutputStream:75 - [STDERR_REDIRECT] 
2026-05-04 11:58:39,141 [ERROR] LogOutputStream:75 - [STDERR_REDIRECT] [Fatal Error] :1:1: Premature end of file.
2026-05-04 11:58:39,141 [ERROR] LogOutputStream:75 - [STDERR_REDIRECT] 
2026-05-04 11:58:40,144 [ERROR] LogOutputStream:75 - [STDERR_REDIRECT] [Fatal Error] :1:1: Premature end of file.
2026-05-04 11:58:40,144 [ERROR] LogOutputStream:75 - [STDERR_REDIRECT] 
2026-05-04 11:58:41,152 [ERROR] LogOutputStream:75 - [STDERR_REDIRECT] [Fatal Error] :1:1: Premature end of file.
2026-05-04 11:58:41,152 [ERROR] LogOutputStream:75 - [STDERR_REDIRECT] 
2026-05-04 11:58:42,141 [ERROR] LogOutputStream:75 - [STDERR_REDIRECT] [Fatal Error] :1:1: Premature end of file.
2026-05-04 11:58:42,141 [ERROR] LogOutputStream:75 - [STDERR_REDIRECT] 
2026-05-04 11:58:43,143 [ERROR] LogOutputStream:75 - [STDERR_REDIRECT] [Fatal Error] :1:1: Premature end of file.
2026-05-04 11:58:43,143 [ERROR] LogOutputStream:75 - [STDERR_REDIRECT] 
2026-05-04 11:58:44,158 [ERROR] LogOutputStream:75 - [STDERR_REDIRECT] [Fatal Error] :1:1: Premature end of file.
2026-05-04 11:58:44,158 [ERROR] LogOutputStream:75 - [STDERR_REDIRECT] 
2026-05-04 11:58:45,163 [ERROR] LogOutputStream:75 - [STDERR_REDIRECT] [Fatal Error] :1:1: Premature end of file.
2026-05-04 11:58:45,163 [ERROR] LogOutputStream:75 - [STDERR_REDIRECT] 
2026-05-04 11:58:46,151 [ERROR] LogOutputStream:75 - [STDERR_REDIRECT] [Fatal Error] :1:1: Premature end of file.
2026-05-04 11:58:46,152 [ERROR] LogOutputStream:75 - [STDERR_REDIRECT] 
2026-05-04 11:58:47,166 [ERROR] LogOutputStream:75 - [STDERR_REDIRECT] [Fatal Error] :1:1: Premature end of file.
2026-05-04 11:58:47,166 [ERROR] LogOutputStream:75 - [STDERR_REDIRECT] 
2026-05-04 11:58:48,145 [ERROR] LogOutputStream:75 - [STDERR_REDIRECT] [Fatal Error] :1:1: Premature end of file.
2026-05-04 11:58:48,145 [ERROR] LogOutputStream:75 - [STDERR_REDIRECT] 
2026-05-04 11:58:49,156 [ERROR] LogOutputStream:75 - [STDERR_REDIRECT] [Fatal Error] :1:1: Premature end of file.
2026-05-04 11:58:49,156 [ERROR] LogOutputStream:75 - [STDERR_REDIRECT] 
2026-05-04 11:58:50,169 [ERROR] LogOutputStream:75 - [STDERR_REDIRECT] [Fatal Error] :1:1: Premature end of file.
2026-05-04 11:58:50,169 [ERROR] LogOutputStream:75 - [STDERR_REDIRECT] 
2026-05-04 11:58:51,132 [ERROR] LogOutputStream:75 - [STDERR_REDIRECT] [Fatal Error] :1:1: Premature end of file.
2026-05-04 11:58:51,132 [ERROR] LogOutputStream:75 - [STDERR_REDIRECT] 
2026-05-04 11:58:52,144 [ERROR] LogOutputStream:75 - [STDERR_REDIRECT] [Fatal Error] :1:1: Premature end of file.
2026-05-04 11:58:52,144 [ERROR] LogOutputStream:75 - [STDERR_REDIRECT] 
2026-05-04 11:58:53,126 [ERROR] LogOutputStream:75 - [STDERR_REDIRECT] [Fatal Error] :1:1: Premature end of file.
2026-05-04 11:58:53,127 [ERROR] LogOutputStream:75 - [STDERR_REDIRECT] 
2026-05-04 11:58:54,149 [ERROR] LogOutputStream:75 - [STDERR_REDIRECT] [Fatal Error] :1:1: Premature end of file.
2026-05-04 11:58:54,149 [ERROR] LogOutputStream:75 - [STDERR_REDIRECT] 
2026-05-04 11:58:55,153 [ERROR] LogOutputStream:75 - [STDERR_REDIRECT] [Fatal Error] :1:1: Premature end of file.
2026-05-04 11:58:55,153 [ERROR] LogOutputStream:75 - [STDERR_REDIRECT] 
2026-05-04 11:58:56,146 [ERROR] LogOutputStream:75 - [STDERR_REDIRECT] [Fatal Error] :1:1: Premature end of file.
2026-05-04 11:58:56,147 [ERROR] LogOutputStream:75 - [STDERR_REDIRECT] 
2026-05-04 11:58:57,141 [ERROR] LogOutputStream:75 - [STDERR_REDIRECT] [Fatal Error] :1:1: Premature end of file.
2026-05-04 11:58:57,141 [ERROR] LogOutputStream:75 - [STDERR_REDIRECT] 
2026-05-04 11:58:58,148 [ERROR] LogOutputStream:75 - [STDERR_REDIRECT] [Fatal Error] :1:1: Premature end of file.
2026-05-04 11:58:58,148 [ERROR] LogOutputStream:75 - [STDERR_REDIRECT] 
2026-05-04 11:58:59,147 [ERROR] LogOutputStream:75 - [STDERR_REDIRECT] [Fatal Error] :1:1: Premature end of file.
2026-05-04 11:58:59,147 [ERROR] LogOutputStream:75 - [STDERR_REDIRECT] 
2026-05-04 11:59:00,147 [ERROR] LogOutputStream:75 - [STDERR_REDIRECT] [Fatal Error] :1:1: Premature end of file.
2026-05-04 11:59:00,147 [ERROR] LogOutputStream:75 - [STDERR_REDIRECT] 
2026-05-04 11:59:01,145 [ERROR] LogOutputStream:75 - [STDERR_REDIRECT] [Fatal Error] :1:1: Premature end of file.
2026-05-04 11:59:01,146 [ERROR] LogOutputStream:75 - [STDERR_REDIRECT] 
2026-05-04 11:59:02,164 [ERROR] LogOutputStream:75 - [STDERR_REDIRECT] [Fatal Error] :1:1: Premature end of file.
2026-05-04 11:59:02,164 [ERROR] LogOutputStream:75 - [STDERR_REDIRECT] 
2026-05-04 11:59:03,154 [ERROR] LogOutputStream:75 - [STDERR_REDIRECT] [Fatal Error] :1:1: Premature end of file.
2026-05-04 11:59:03,154 [ERROR] LogOutputStream:75 - [STDERR_REDIRECT] 
2026-05-04 11:59:04,153 [ERROR] LogOutputStream:75 - [STDERR_REDIRECT] [Fatal Error] :1:1: Premature end of file.
2026-05-04 11:59:04,153 [ERROR] LogOutputStream:75 - [STDERR_REDIRECT] 
2026-05-04 11:59:05,143 [ERROR] LogOutputStream:75 - [STDERR_REDIRECT] [Fatal Error] :1:1: Premature end of file.
2026-05-04 11:59:05,143 [ERROR] LogOutputStream:75 - [STDERR_REDIRECT] 
2026-05-04 11:59:06,152 [ERROR] LogOutputStream:75 - [STDERR_REDIRECT] [Fatal Error] :1:1: Premature end of file.
2026-05-04 11:59:06,152 [ERROR] LogOutputStream:75 - [STDERR_REDIRECT] 
2026-05-04 11:59:07,147 [ERROR] LogOutputStream:75 - [STDERR_REDIRECT] [Fatal Error] :1:1: Premature end of file.
2026-05-04 11:59:07,147 [ERROR] LogOutputStream:75 - [STDERR_REDIRECT] 
2026-05-04 11:59:08,139 [ERROR] LogOutputStream:75 - [STDERR_REDIRECT] [Fatal Error] :1:1: Premature end of file.
2026-05-04 11:59:08,139 [ERROR] LogOutputStream:75 - [STDERR_REDIRECT] 
2026-05-04 11:59:09,139 [ERROR] LogOutputStream:75 - [STDERR_REDIRECT] [Fatal Error] :1:1: Premature end of file.
2026-05-04 11:59:09,139 [ERROR] LogOutputStream:75 - [STDERR_REDIRECT] 
2026-05-04 11:59:10,161 [ERROR] LogOutputStream:75 - [STDERR_REDIRECT] [Fatal Error] :1:1: Premature end of file.
2026-05-04 11:59:10,161 [ERROR] LogOutputStream:75 - [STDERR_REDIRECT] 
2026-05-04 11:59:11,147 [ERROR] LogOutputStream:75 - [STDERR_REDIRECT] [Fatal Error] :1:1: Premature end of file.
2026-05-04 11:59:11,147 [ERROR] LogOutputStream:75 - [STDERR_REDIRECT] 
2026-05-04 11:59:12,144 [ERROR] LogOutputStream:75 - [STDERR_REDIRECT] [Fatal Error] :1:1: Premature end of file.
2026-05-04 11:59:12,145 [ERROR] LogOutputStream:75 - [STDERR_REDIRECT] 
2026-05-04 11:59:13,154 [ERROR] LogOutputStream:75 - [STDERR_REDIRECT] [Fatal Error] :1:1: Premature end of file.
2026-05-04 11:59:13,154 [ERROR] LogOutputStream:75 - [STDERR_REDIRECT] 
2026-05-04 11:59:14,151 [ERROR] LogOutputStream:75 - [STDERR_REDIRECT] [Fatal Error] :1:1: Premature end of file.
2026-05-04 11:59:14,151 [ERROR] LogOutputStream:75 - [STDERR_REDIRECT] 
2026-05-04 11:59:15,148 [ERROR] LogOutputStream:75 - [STDERR_REDIRECT] [Fatal Error] :1:1: Premature end of file.
2026-05-04 11:59:15,148 [ERROR] LogOutputStream:75 - [STDERR_REDIRECT] 
2026-05-04 11:59:16,155 [ERROR] LogOutputStream:75 - [STDERR_REDIRECT] [Fatal Error] :1:1: Premature end of file.
2026-05-04 11:59:16,155 [ERROR] LogOutputStream:75 - [STDERR_REDIRECT] 
2026-05-04 11:59:17,153 [ERROR] LogOutputStream:75 - [STDERR_REDIRECT] [Fatal Error] :1:1: Premature end of file.
2026-05-04 11:59:17,153 [ERROR] LogOutputStream:75 - [STDERR_REDIRECT] 
2026-05-04 11:59:18,163 [ERROR] LogOutputStream:75 - [STDERR_REDIRECT] [Fatal Error] :1:1: Premature end of file.
2026-05-04 11:59:18,164 [ERROR] LogOutputStream:75 - [STDERR_REDIRECT] 
2026-05-04 11:59:19,169 [ERROR] LogOutputStream:75 - [STDERR_REDIRECT] [Fatal Error] :1:1: Premature end of file.
2026-05-04 11:59:19,169 [ERROR] LogOutputStream:75 - [STDERR_REDIRECT] 
2026-05-04 11:59:20,146 [ERROR] LogOutputStream:75 - [STDERR_REDIRECT] [Fatal Error] :1:1: Premature end of file.
2026-05-04 11:59:20,147 [ERROR] LogOutputStream:75 - [STDERR_REDIRECT] 
2026-05-04 11:59:21,143 [ERROR] LogOutputStream:75 - [STDERR_REDIRECT] [Fatal Error] :1:1: Premature end of file.
2026-05-04 11:59:21,144 [ERROR] LogOutputStream:75 - [STDERR_REDIRECT] 
2026-05-04 11:59:22,165 [ERROR] LogOutputStream:75 - [STDERR_REDIRECT] [Fatal Error] :1:1: Premature end of file.
2026-05-04 11:59:22,165 [ERROR] LogOutputStream:75 - [STDERR_REDIRECT] 
2026-05-04 11:59:23,148 [ERROR] LogOutputStream:75 - [STDERR_REDIRECT] [Fatal Error] :1:1: Premature end of file.
2026-05-04 11:59:23,149 [ERROR] LogOutputStream:75 - [STDERR_REDIRECT] 
2026-05-04 11:59:24,150 [ERROR] LogOutputStream:75 - [STDERR_REDIRECT] [Fatal Error] :1:1: Premature end of file.
2026-05-04 11:59:24,150 [ERROR] LogOutputStream:75 - [STDERR_REDIRECT] 
2026-05-04 11:59:25,145 [ERROR] LogOutputStream:75 - [STDERR_REDIRECT] [Fatal Error] :1:1: Premature end of file.
2026-05-04 11:59:25,145 [ERROR] LogOutputStream:75 - [STDERR_REDIRECT] 
2026-05-04 11:59:26,153 [ERROR] LogOutputStream:75 - [STDERR_REDIRECT] [Fatal Error] :1:1: Premature end of file.
2026-05-04 11:59:26,153 [ERROR] LogOutputStream:75 - [STDERR_REDIRECT] 
2026-05-04 11:59:27,142 [ERROR] LogOutputStream:75 - [STDERR_REDIRECT] [Fatal Error] :1:1: Premature end of file.
2026-05-04 11:59:27,143 [ERROR] LogOutputStream:75 - [STDERR_REDIRECT] 
2026-05-04 11:59:28,164 [ERROR] LogOutputStream:75 - [STDERR_REDIRECT] [Fatal Error] :1:1: Premature end of file.
2026-05-04 11:59:28,164 [ERROR] LogOutputStream:75 - [STDERR_REDIRECT] 
2026-05-04 11:59:29,149 [ERROR] LogOutputStream:75 - [STDERR_REDIRECT] [Fatal Error] :1:1: Premature end of file.
2026-05-04 11:59:29,149 [ERROR] LogOutputStream:75 - [STDERR_REDIRECT] 
2026-05-04 11:59:30,141 [ERROR] LogOutputStream:75 - [STDERR_REDIRECT] [Fatal Error] :1:1: Premature end of file.
2026-05-04 11:59:30,142 [ERROR] LogOutputStream:75 - [STDERR_REDIRECT] 
2026-05-04 11:59:31,142 [ERROR] LogOutputStream:75 - [STDERR_REDIRECT] [Fatal Error] :1:1: Premature end of file.
2026-05-04 11:59:31,142 [ERROR] LogOutputStream:75 - [STDERR_REDIRECT] 
2026-05-04 11:59:32,141 [ERROR] LogOutputStream:75 - [STDERR_REDIRECT] [Fatal Error] :1:1: Premature end of file.
2026-05-04 11:59:32,141 [ERROR] LogOutputStream:75 - [STDERR_REDIRECT] 
2026-05-04 11:59:33,153 [ERROR] LogOutputStream:75 - [STDERR_REDIRECT] [Fatal Error] :1:1: Premature end of file.
2026-05-04 11:59:33,153 [ERROR] LogOutputStream:75 - [STDERR_REDIRECT] 
2026-05-04 11:59:34,136 [ERROR] LogOutputStream:75 - [STDERR_REDIRECT] [Fatal Error] :1:1: Premature end of file.
2026-05-04 11:59:34,136 [ERROR] LogOutputStream:75 - [STDERR_REDIRECT] 
2026-05-04 11:59:35,142 [ERROR] LogOutputStream:75 - [STDERR_REDIRECT] [Fatal Error] :1:1: Premature end of file.
2026-05-04 11:59:35,142 [ERROR] LogOutputStream:75 - [STDERR_REDIRECT] 
2026-05-04 11:59:36,150 [ERROR] LogOutputStream:75 - [STDERR_REDIRECT] [Fatal Error] :1:1: Premature end of file.
2026-05-04 11:59:36,150 [ERROR] LogOutputStream:75 - [STDERR_REDIRECT] 
2026-05-04 11:59:37,143 [ERROR] LogOutputStream:75 - [STDERR_REDIRECT] [Fatal Error] :1:1: Premature end of file.
2026-05-04 11:59:37,143 [ERROR] LogOutputStream:75 - [STDERR_REDIRECT] 
2026-05-04 11:59:38,142 [ERROR] LogOutputStream:75 - [STDERR_REDIRECT] [Fatal Error] :1:1: Premature end of file.
2026-05-04 11:59:38,142 [ERROR] LogOutputStream:75 - [STDERR_REDIRECT] 
2026-05-04 11:59:39,154 [ERROR] LogOutputStream:75 - [STDERR_REDIRECT] [Fatal Error] :1:1: Premature end of file.
2026-05-04 11:59:39,154 [ERROR] LogOutputStream:75 - [STDERR_REDIRECT] 
2026-05-04 11:59:40,140 [ERROR] LogOutputStream:75 - [STDERR_REDIRECT] [Fatal Error] :1:1: Premature end of file.
2026-05-04 11:59:40,140 [ERROR] LogOutputStream:75 - [STDERR_REDIRECT] 
2026-05-04 11:59:41,136 [ERROR] LogOutputStream:75 - [STDERR_REDIRECT] [Fatal Error] :1:1: Premature end of file.
2026-05-04 11:59:41,136 [ERROR] LogOutputStream:75 - [STDERR_REDIRECT] 
2026-05-04 11:59:42,142 [ERROR] LogOutputStream:75 - [STDERR_REDIRECT] [Fatal Error] :1:1: Premature end of file.
2026-05-04 11:59:42,142 [ERROR] LogOutputStream:75 - [STDERR_REDIRECT] 
2026-05-04 11:59:43,155 [ERROR] LogOutputStream:75 - [STDERR_REDIRECT] [Fatal Error] :1:1: Premature end of file.
2026-05-04 11:59:43,155 [ERROR] LogOutputStream:75 - [STDERR_REDIRECT] 
2026-05-04 11:59:44,167 [ERROR] LogOutputStream:75 - [STDERR_REDIRECT] [Fatal Error] :1:1: Premature end of file.
2026-05-04 11:59:44,168 [ERROR] LogOutputStream:75 - [STDERR_REDIRECT] 
2026-05-04 11:59:45,134 [ERROR] LogOutputStream:75 - [STDERR_REDIRECT] [Fatal Error] :1:1: Premature end of file.
2026-05-04 11:59:45,134 [ERROR] LogOutputStream:75 - [STDERR_REDIRECT] 
2026-05-04 11:59:46,180 [ERROR] LogOutputStream:75 - [STDERR_REDIRECT] [Fatal Error] :1:1: Premature end of file.
2026-05-04 11:59:46,181 [ERROR] LogOutputStream:75 - [STDERR_REDIRECT] 
2026-05-04 11:59:47,169 [ERROR] LogOutputStream:75 - [STDERR_REDIRECT] [Fatal Error] :1:1: Premature end of file.
2026-05-04 11:59:47,169 [ERROR] LogOutputStream:75 - [STDERR_REDIRECT] 
2026-05-04 11:59:48,204 [ERROR] LogOutputStream:75 - [STDERR_REDIRECT] [Fatal Error] :1:1: Premature end of file.
2026-05-04 11:59:48,205 [ERROR] LogOutputStream:75 - [STDERR_REDIRECT] 
2026-05-04 11:59:49,153 [ERROR] LogOutputStream:75 - [STDERR_REDIRECT] [Fatal Error] :1:1: Premature end of file.
2026-05-04 11:59:49,154 [ERROR] LogOutputStream:75 - [STDERR_REDIRECT] 
2026-05-04 11:59:50,152 [ERROR] LogOutputStream:75 - [STDERR_REDIRECT] [Fatal Error] :1:1: Premature end of file.
2026-05-04 11:59:50,153 [ERROR] LogOutputStream:75 - [STDERR_REDIRECT] 
2026-05-04 11:59:51,163 [ERROR] LogOutputStream:75 - [STDERR_REDIRECT] [Fatal Error] :1:1: Premature end of file.
2026-05-04 11:59:51,163 [ERROR] LogOutputStream:75 - [STDERR_REDIRECT] 
2026-05-04 11:59:52,156 [ERROR] LogOutputStream:75 - [STDERR_REDIRECT] [Fatal Error] :1:1: Premature end of file.
2026-05-04 11:59:52,156 [ERROR] LogOutputStream:75 - [STDERR_REDIRECT] 
2026-05-04 11:59:53,147 [ERROR] LogOutputStream:75 - [STDERR_REDIRECT] [Fatal Error] :1:1: Premature end of file.
2026-05-04 11:59:53,147 [ERROR] LogOutputStream:75 - [STDERR_REDIRECT] 
2026-05-04 11:59:54,157 [ERROR] LogOutputStream:75 - [STDERR_REDIRECT] [Fatal Error] :1:1: Premature end of file.
2026-05-04 11:59:54,157 [ERROR] LogOutputStream:75 - [STDERR_REDIRECT] 
2026-05-04 11:59:55,165 [ERROR] LogOutputStream:75 - [STDERR_REDIRECT] [Fatal Error] :1:1: Premature end of file.
2026-05-04 11:59:55,166 [ERROR] LogOutputStream:75 - [STDERR_REDIRECT] 
2026-05-04 11:59:56,147 [ERROR] LogOutputStream:75 - [STDERR_REDIRECT] [Fatal Error] :1:1: Premature end of file.
2026-05-04 11:59:56,147 [ERROR] LogOutputStream:75 - [STDERR_REDIRECT] 
2026-05-04 11:59:57,203 [ERROR] LogOutputStream:75 - [STDERR_REDIRECT] [Fatal Error] :1:1: Premature end of file.
2026-05-04 11:59:57,204 [ERROR] LogOutputStream:75 - [STDERR_REDIRECT] 
2026-05-04 11:59:58,174 [ERROR] LogOutputStream:75 - [STDERR_REDIRECT] [Fatal Error] :1:1: Premature end of file.
2026-05-04 11:59:58,174 [ERROR] LogOutputStream:75 - [STDERR_REDIRECT] 
2026-05-04 11:59:59,177 [ERROR] LogOutputStream:75 - [STDERR_REDIRECT] [Fatal Error] :1:1: Premature end of file.
2026-05-04 11:59:59,178 [ERROR] LogOutputStream:75 - [STDERR_REDIRECT] 
2026-05-04 12:00:00,150 [ERROR] LogOutputStream:75 - [STDERR_REDIRECT] [Fatal Error] :1:1: Premature end of file.
2026-05-04 12:00:00,150 [ERROR] LogOutputStream:75 - [STDERR_REDIRECT] 
2026-05-04 12:00:01,161 [ERROR] LogOutputStream:75 - [STDERR_REDIRECT] [Fatal Error] :1:1: Premature end of file.
2026-05-04 12:00:01,161 [ERROR] LogOutputStream:75 - [STDERR_REDIRECT] 
2026-05-04 12:00:02,166 [ERROR] LogOutputStream:75 - [STDERR_REDIRECT] [Fatal Error] :1:1: Premature end of file.
2026-05-04 12:00:02,166 [ERROR] LogOutputStream:75 - [STDERR_REDIRECT] 
2026-05-04 12:00:03,160 [ERROR] LogOutputStream:75 - [STDERR_REDIRECT] [Fatal Error] :1:1: Premature end of file.
2026-05-04 12:00:03,161 [ERROR] LogOutputStream:75 - [STDERR_REDIRECT] 
2026-05-04 12:00:04,149 [ERROR] LogOutputStream:75 - [STDERR_REDIRECT] [Fatal Error] :1:1: Premature end of file.
2026-05-04 12:00:04,149 [ERROR] LogOutputStream:75 - [STDERR_REDIRECT] 
2026-05-04 12:00:05,154 [ERROR] LogOutputStream:75 - [STDERR_REDIRECT] [Fatal Error] :1:1: Premature end of file.
2026-05-04 12:00:05,154 [ERROR] LogOutputStream:75 - [STDERR_REDIRECT] 
2026-05-04 12:00:06,166 [ERROR] LogOutputStream:75 - [STDERR_REDIRECT] [Fatal Error] :1:1: Premature end of file.
2026-05-04 12:00:06,166 [ERROR] LogOutputStream:75 - [STDERR_REDIRECT] 
2026-05-04 12:00:07,157 [ERROR] LogOutputStream:75 - [STDERR_REDIRECT] [Fatal Error] :1:1: Premature end of file.
2026-05-04 12:00:07,157 [ERROR] LogOutputStream:75 - [STDERR_REDIRECT] 
2026-05-04 12:00:08,178 [ERROR] LogOutputStream:75 - [STDERR_REDIRECT] [Fatal Error] :1:1: Premature end of file.
2026-05-04 12:00:08,178 [ERROR] LogOutputStream:75 - [STDERR_REDIRECT] 
2026-05-04 12:00:09,152 [ERROR] LogOutputStream:75 - [STDERR_REDIRECT] [Fatal Error] :1:1: Premature end of file.
2026-05-04 12:00:09,153 [ERROR] LogOutputStream:75 - [STDERR_REDIRECT] 
2026-05-04 12:00:10,159 [ERROR] LogOutputStream:75 - [STDERR_REDIRECT] [Fatal Error] :1:1: Premature end of file.
2026-05-04 12:00:10,159 [ERROR] LogOutputStream:75 - [STDERR_REDIRECT] 
2026-05-04 12:00:11,183 [ERROR] LogOutputStream:75 - [STDERR_REDIRECT] [Fatal Error] :1:1: Premature end of file.
2026-05-04 12:00:11,184 [ERROR] LogOutputStream:75 - [STDERR_REDIRECT] 
2026-05-04 12:00:12,132 [ERROR] LogOutputStream:75 - [STDERR_REDIRECT] [Fatal Error] :1:1: Premature end of file.
2026-05-04 12:00:12,132 [ERROR] LogOutputStream:75 - [STDERR_REDIRECT] 
2026-05-04 12:00:13,145 [ERROR] LogOutputStream:75 - [STDERR_REDIRECT] [Fatal Error] :1:1: Premature end of file.
2026-05-04 12:00:13,145 [ERROR] LogOutputStream:75 - [STDERR_REDIRECT] 
2026-05-04 12:00:14,172 [ERROR] LogOutputStream:75 - [STDERR_REDIRECT] [Fatal Error] :1:1: Premature end of file.
2026-05-04 12:00:14,172 [ERROR] LogOutputStream:75 - [STDERR_REDIRECT] 
2026-05-04 12:00:15,153 [ERROR] LogOutputStream:75 - [STDERR_REDIRECT] [Fatal Error] :1:1: Premature end of file.
2026-05-04 12:00:15,153 [ERROR] LogOutputStream:75 - [STDERR_REDIRECT] 
2026-05-04 12:00:16,158 [ERROR] LogOutputStream:75 - [STDERR_REDIRECT] [Fatal Error] :1:1: Premature end of file.
2026-05-04 12:00:16,158 [ERROR] LogOutputStream:75 - [STDERR_REDIRECT] 
2026-05-04 12:00:17,179 [ERROR] LogOutputStream:75 - [STDERR_REDIRECT] [Fatal Error] :1:1: Premature end of file.
2026-05-04 12:00:17,179 [ERROR] LogOutputStream:75 - [STDERR_REDIRECT] 
2026-05-04 12:00:18,161 [ERROR] LogOutputStream:75 - [STDERR_REDIRECT] [Fatal Error] :1:1: Premature end of file.
2026-05-04 12:00:18,162 [ERROR] LogOutputStream:75 - [STDERR_REDIRECT] 
2026-05-04 12:00:19,179 [ERROR] LogOutputStream:75 - [STDERR_REDIRECT] [Fatal Error] :1:1: Premature end of file.
2026-05-04 12:00:19,179 [ERROR] LogOutputStream:75 - [STDERR_REDIRECT] 
2026-05-04 12:00:20,149 [ERROR] LogOutputStream:75 - [STDERR_REDIRECT] [Fatal Error] :1:1: Premature end of file.
2026-05-04 12:00:20,149 [ERROR] LogOutputStream:75 - [STDERR_REDIRECT] 
2026-05-04 12:00:21,155 [ERROR] LogOutputStream:75 - [STDERR_REDIRECT] [Fatal Error] :1:1: Premature end of file.
2026-05-04 12:00:21,155 [ERROR] LogOutputStream:75 - [STDERR_REDIRECT] 
2026-05-04 12:00:22,172 [ERROR] LogOutputStream:75 - [STDERR_REDIRECT] [Fatal Error] :1:1: Premature end of file.
2026-05-04 12:00:22,173 [ERROR] LogOutputStream:75 - [STDERR_REDIRECT] 
2026-05-04 12:00:23,153 [ERROR] LogOutputStream:75 - [STDERR_REDIRECT] [Fatal Error] :1:1: Premature end of file.
2026-05-04 12:00:23,153 [ERROR] LogOutputStream:75 - [STDERR_REDIRECT] 
2026-05-04 12:00:24,153 [ERROR] LogOutputStream:75 - [STDERR_REDIRECT] [Fatal Error] :1:1: Premature end of file.
2026-05-04 12:00:24,153 [ERROR] LogOutputStream:75 - [STDERR_REDIRECT] 
2026-05-04 12:00:25,180 [ERROR] LogOutputStream:75 - [STDERR_REDIRECT] [Fatal Error] :1:1: Premature end of file.
2026-05-04 12:00:25,180 [ERROR] LogOutputStream:75 - [STDERR_REDIRECT] 
2026-05-04 12:00:26,171 [ERROR] LogOutputStream:75 - [STDERR_REDIRECT] [Fatal Error] :1:1: Premature end of file.
2026-05-04 12:00:26,171 [ERROR] LogOutputStream:75 - [STDERR_REDIRECT] 
2026-05-04 12:00:27,173 [ERROR] LogOutputStream:75 - [STDERR_REDIRECT] [Fatal Error] :1:1: Premature end of file.
2026-05-04 12:00:27,173 [ERROR] LogOutputStream:75 - [STDERR_REDIRECT] 
2026-05-04 12:00:28,179 [ERROR] LogOutputStream:75 - [STDERR_REDIRECT] [Fatal Error] :1:1: Premature end of file.
2026-05-04 12:00:28,180 [ERROR] LogOutputStream:75 - [STDERR_REDIRECT] 
2026-05-04 12:00:29,168 [ERROR] LogOutputStream:75 - [STDERR_REDIRECT] [Fatal Error] :1:1: Premature end of file.
2026-05-04 12:00:29,171 [ERROR] LogOutputStream:75 - [STDERR_REDIRECT] 
2026-05-04 12:00:30,159 [ERROR] LogOutputStream:75 - [STDERR_REDIRECT] [Fatal Error] :1:1: Premature end of file.
2026-05-04 12:00:30,159 [ERROR] LogOutputStream:75 - [STDERR_REDIRECT] 
2026-05-04 12:00:31,131 [ERROR] LogOutputStream:75 - [STDERR_REDIRECT] [Fatal Error] :1:1: Premature end of file.
2026-05-04 12:00:31,132 [ERROR] LogOutputStream:75 - [STDERR_REDIRECT] 
2026-05-04 12:00:32,147 [ERROR] LogOutputStream:75 - [STDERR_REDIRECT] [Fatal Error] :1:1: Premature end of file.
2026-05-04 12:00:32,147 [ERROR] LogOutputStream:75 - [STDERR_REDIRECT] 
2026-05-04 12:00:33,129 [ERROR] LogOutputStream:75 - [STDERR_REDIRECT] [Fatal Error] :1:1: Premature end of file.
2026-05-04 12:00:33,130 [ERROR] LogOutputStream:75 - [STDERR_REDIRECT] 
2026-05-04 12:00:34,163 [ERROR] LogOutputStream:75 - [STDERR_REDIRECT] [Fatal Error] :1:1: Premature end of file.
2026-05-04 12:00:34,163 [ERROR] LogOutputStream:75 - [STDERR_REDIRECT] 
2026-05-04 12:00:35,191 [ERROR] LogOutputStream:75 - [STDERR_REDIRECT] [Fatal Error] :1:1: Premature end of file.
2026-05-04 12:00:35,192 [ERROR] LogOutputStream:75 - [STDERR_REDIRECT] 
2026-05-04 12:00:36,197 [ERROR] LogOutputStream:75 - [STDERR_REDIRECT] [Fatal Error] :1:1: Premature end of file.
2026-05-04 12:00:36,197 [ERROR] LogOutputStream:75 - [STDERR_REDIRECT] 
2026-05-04 12:00:37,144 [ERROR] LogOutputStream:75 - [STDERR_REDIRECT] [Fatal Error] :1:1: Premature end of file.
2026-05-04 12:00:37,145 [ERROR] LogOutputStream:75 - [STDERR_REDIRECT] 
2026-05-04 12:00:38,168 [ERROR] LogOutputStream:75 - [STDERR_REDIRECT] [Fatal Error] :1:1: Premature end of file.
2026-05-04 12:00:38,169 [ERROR] LogOutputStream:75 - [STDERR_REDIRECT] 
2026-05-04 12:00:39,178 [ERROR] LogOutputStream:75 - [STDERR_REDIRECT] [Fatal Error] :1:1: Premature end of file.
2026-05-04 12:00:39,178 [ERROR] LogOutputStream:75 - [STDERR_REDIRECT] 
2026-05-04 12:00:40,167 [ERROR] LogOutputStream:75 - [STDERR_REDIRECT] [Fatal Error] :1:1: Premature end of file.
2026-05-04 12:00:40,167 [ERROR] LogOutputStream:75 - [STDERR_REDIRECT] 
2026-05-04 12:00:41,166 [ERROR] LogOutputStream:75 - [STDERR_REDIRECT] [Fatal Error] :1:1: Premature end of file.
2026-05-04 12:00:41,167 [ERROR] LogOutputStream:75 - [STDERR_REDIRECT] 
2026-05-04 12:00:42,140 [ERROR] LogOutputStream:75 - [STDERR_REDIRECT] [Fatal Error] :1:1: Premature end of file.
2026-05-04 12:00:42,140 [ERROR] LogOutputStream:75 - [STDERR_REDIRECT] 
2026-05-04 12:00:43,163 [ERROR] LogOutputStream:75 - [STDERR_REDIRECT] [Fatal Error] :1:1: Premature end of file.
2026-05-04 12:00:43,163 [ERROR] LogOutputStream:75 - [STDERR_REDIRECT] 
2026-05-04 12:00:44,156 [ERROR] LogOutputStream:75 - [STDERR_REDIRECT] [Fatal Error] :1:1: Premature end of file.
2026-05-04 12:00:44,156 [ERROR] LogOutputStream:75 - [STDERR_REDIRECT] 
2026-05-04 12:00:45,219 [ERROR] LogOutputStream:75 - [STDERR_REDIRECT] [Fatal Error] :1:1: Premature end of file.
2026-05-04 12:00:45,219 [ERROR] LogOutputStream:75 - [STDERR_REDIRECT] 
2026-05-04 12:00:46,154 [ERROR] LogOutputStream:75 - [STDERR_REDIRECT] [Fatal Error] :1:1: Premature end of file.
2026-05-04 12:00:46,154 [ERROR] LogOutputStream:75 - [STDERR_REDIRECT] 
2026-05-04 12:00:47,155 [ERROR] LogOutputStream:75 - [STDERR_REDIRECT] [Fatal Error] :1:1: Premature end of file.
2026-05-04 12:00:47,156 [ERROR] LogOutputStream:75 - [STDERR_REDIRECT] 
2026-05-04 12:00:48,168 [ERROR] LogOutputStream:75 - [STDERR_REDIRECT] [Fatal Error] :1:1: Premature end of file.
2026-05-04 12:00:48,168 [ERROR] LogOutputStream:75 - [STDERR_REDIRECT] 
2026-05-04 12:00:49,171 [ERROR] LogOutputStream:75 - [STDERR_REDIRECT] [Fatal Error] :1:1: Premature end of file.
2026-05-04 12:00:49,172 [ERROR] LogOutputStream:75 - [STDERR_REDIRECT] 
2026-05-04 12:00:50,152 [ERROR] LogOutputStream:75 - [STDERR_REDIRECT] [Fatal Error] :1:1: Premature end of file.
2026-05-04 12:00:50,152 [ERROR] LogOutputStream:75 - [STDERR_REDIRECT] 
2026-05-04 12:00:51,156 [ERROR] LogOutputStream:75 - [STDERR_REDIRECT] [Fatal Error] :1:1: Premature end of file.
2026-05-04 12:00:51,156 [ERROR] LogOutputStream:75 - [STDERR_REDIRECT] 
2026-05-04 12:00:52,163 [ERROR] LogOutputStream:75 - [STDERR_REDIRECT] [Fatal Error] :1:1: Premature end of file.
2026-05-04 12:00:52,163 [ERROR] LogOutputStream:75 - [STDERR_REDIRECT] 
2026-05-04 12:00:53,153 [ERROR] LogOutputStream:75 - [STDERR_REDIRECT] [Fatal Error] :1:1: Premature end of file.
2026-05-04 12:00:53,153 [ERROR] LogOutputStream:75 - [STDERR_REDIRECT] 
2026-05-04 12:00:54,143 [ERROR] LogOutputStream:75 - [STDERR_REDIRECT] [Fatal Error] :1:1: Premature end of file.
2026-05-04 12:00:54,144 [ERROR] LogOutputStream:75 - [STDERR_REDIRECT] 
2026-05-04 12:00:55,172 [ERROR] LogOutputStream:75 - [STDERR_REDIRECT] [Fatal Error] :1:1: Premature end of file.
2026-05-04 12:00:55,172 [ERROR] LogOutputStream:75 - [STDERR_REDIRECT] 
2026-05-04 12:00:56,159 [ERROR] LogOutputStream:75 - [STDERR_REDIRECT] [Fatal Error] :1:1: Premature end of file.
2026-05-04 12:00:56,159 [ERROR] LogOutputStream:75 - [STDERR_REDIRECT] 
2026-05-04 12:00:57,160 [ERROR] LogOutputStream:75 - [STDERR_REDIRECT] [Fatal Error] :1:1: Premature end of file.
2026-05-04 12:00:57,161 [ERROR] LogOutputStream:75 - [STDERR_REDIRECT] 
2026-05-04 12:00:58,160 [ERROR] LogOutputStream:75 - [STDERR_REDIRECT] [Fatal Error] :1:1: Premature end of file.
2026-05-04 12:00:58,160 [ERROR] LogOutputStream:75 - [STDERR_REDIRECT] 
2026-05-04 12:00:59,181 [ERROR] LogOutputStream:75 - [STDERR_REDIRECT] [Fatal Error] :1:1: Premature end of file.
2026-05-04 12:00:59,181 [ERROR] LogOutputStream:75 - [STDERR_REDIRECT] 
2026-05-04 12:01:00,149 [ERROR] LogOutputStream:75 - [STDERR_REDIRECT] [Fatal Error] :1:1: Premature end of file.
2026-05-04 12:01:00,149 [ERROR] LogOutputStream:75 - [STDERR_REDIRECT] 
2026-05-04 12:01:01,167 [ERROR] LogOutputStream:75 - [STDERR_REDIRECT] [Fatal Error] :1:1: Premature end of file.
2026-05-04 12:01:01,167 [ERROR] LogOutputStream:75 - [STDERR_REDIRECT] 
2026-05-04 12:01:02,175 [ERROR] LogOutputStream:75 - [STDERR_REDIRECT] [Fatal Error] :1:1: Premature end of file.
2026-05-04 12:01:02,176 [ERROR] LogOutputStream:75 - [STDERR_REDIRECT] 
2026-05-04 12:01:03,174 [ERROR] LogOutputStream:75 - [STDERR_REDIRECT] [Fatal Error] :1:1: Premature end of file.
2026-05-04 12:01:03,175 [ERROR] LogOutputStream:75 - [STDERR_REDIRECT] 
2026-05-04 12:01:04,167 [ERROR] LogOutputStream:75 - [STDERR_REDIRECT] [Fatal Error] :1:1: Premature end of file.
2026-05-04 12:01:04,167 [ERROR] LogOutputStream:75 - [STDERR_REDIRECT] 
2026-05-04 12:01:05,157 [ERROR] LogOutputStream:75 - [STDERR_REDIRECT] [Fatal Error] :1:1: Premature end of file.
2026-05-04 12:01:05,157 [ERROR] LogOutputStream:75 - [STDERR_REDIRECT] 
2026-05-04 12:01:06,187 [ERROR] LogOutputStream:75 - [STDERR_REDIRECT] [Fatal Error] :1:1: Premature end of file.
2026-05-04 12:01:06,187 [ERROR] LogOutputStream:75 - [STDERR_REDIRECT] 
2026-05-04 12:01:07,175 [ERROR] LogOutputStream:75 - [STDERR_REDIRECT] [Fatal Error] :1:1: Premature end of file.
2026-05-04 12:01:07,176 [ERROR] LogOutputStream:75 - [STDERR_REDIRECT] 
2026-05-04 12:01:08,158 [ERROR] LogOutputStream:75 - [STDERR_REDIRECT] [Fatal Error] :1:1: Premature end of file.
2026-05-04 12:01:08,158 [ERROR] LogOutputStream:75 - [STDERR_REDIRECT] 
2026-05-04 12:01:09,187 [ERROR] LogOutputStream:75 - [STDERR_REDIRECT] [Fatal Error] :1:1: Premature end of file.
2026-05-04 12:01:09,188 [ERROR] LogOutputStream:75 - [STDERR_REDIRECT] 
2026-05-04 12:01:10,186 [ERROR] LogOutputStream:75 - [STDERR_REDIRECT] [Fatal Error] :1:1: Premature end of file.
2026-05-04 12:01:10,186 [ERROR] LogOutputStream:75 - [STDERR_REDIRECT] 
2026-05-04 12:01:11,180 [ERROR] LogOutputStream:75 - [STDERR_REDIRECT] [Fatal Error] :1:1: Premature end of file.
2026-05-04 12:01:11,181 [ERROR] LogOutputStream:75 - [STDERR_REDIRECT] 
2026-05-04 12:01:12,175 [ERROR] LogOutputStream:75 - [STDERR_REDIRECT] [Fatal Error] :1:1: Premature end of file.
2026-05-04 12:01:12,176 [ERROR] LogOutputStream:75 - [STDERR_REDIRECT] 
2026-05-04 12:01:13,160 [ERROR] LogOutputStream:75 - [STDERR_REDIRECT] [Fatal Error] :1:1: Premature end of file.
2026-05-04 12:01:13,161 [ERROR] LogOutputStream:75 - [STDERR_REDIRECT] 
2026-05-04 12:01:14,165 [ERROR] LogOutputStream:75 - [STDERR_REDIRECT] [Fatal Error] :1:1: Premature end of file.
2026-05-04 12:01:14,166 [ERROR] LogOutputStream:75 - [STDERR_REDIRECT] 
2026-05-04 12:01:15,159 [ERROR] LogOutputStream:75 - [STDERR_REDIRECT] [Fatal Error] :1:1: Premature end of file.
2026-05-04 12:01:15,159 [ERROR] LogOutputStream:75 - [STDERR_REDIRECT] 
2026-05-04 12:01:16,158 [ERROR] LogOutputStream:75 - [STDERR_REDIRECT] [Fatal Error] :1:1: Premature end of file.
2026-05-04 12:01:16,158 [ERROR] LogOutputStream:75 - [STDERR_REDIRECT] 
2026-05-04 12:01:17,216 [ERROR] LogOutputStream:75 - [STDERR_REDIRECT] [Fatal Error] :1:1: Premature end of file.
2026-05-04 12:01:17,217 [ERROR] LogOutputStream:75 - [STDERR_REDIRECT] 
2026-05-04 12:01:18,159 [ERROR] LogOutputStream:75 - [STDERR_REDIRECT] [Fatal Error] :1:1: Premature end of file.
2026-05-04 12:01:18,159 [ERROR] LogOutputStream:75 - [STDERR_REDIRECT] 
2026-05-04 12:01:19,169 [ERROR] LogOutputStream:75 - [STDERR_REDIRECT] [Fatal Error] :1:1: Premature end of file.
2026-05-04 12:01:19,170 [ERROR] LogOutputStream:75 - [STDERR_REDIRECT] 
2026-05-04 12:01:20,176 [ERROR] LogOutputStream:75 - [STDERR_REDIRECT] [Fatal Error] :1:1: Premature end of file.
2026-05-04 12:01:20,176 [ERROR] LogOutputStream:75 - [STDERR_REDIRECT] 
2026-05-04 12:01:21,156 [ERROR] LogOutputStream:75 - [STDERR_REDIRECT] [Fatal Error] :1:1: Premature end of file.
2026-05-04 12:01:21,156 [ERROR] LogOutputStream:75 - [STDERR_REDIRECT] 
2026-05-04 12:01:22,168 [ERROR] LogOutputStream:75 - [STDERR_REDIRECT] [Fatal Error] :1:1: Premature end of file.
2026-05-04 12:01:22,168 [ERROR] LogOutputStream:75 - [STDERR_REDIRECT] 
2026-05-04 12:01:23,169 [ERROR] LogOutputStream:75 - [STDERR_REDIRECT] [Fatal Error] :1:1: Premature end of file.
2026-05-04 12:01:23,170 [ERROR] LogOutputStream:75 - [STDERR_REDIRECT] 
2026-05-04 12:01:24,165 [ERROR] LogOutputStream:75 - [STDERR_REDIRECT] [Fatal Error] :1:1: Premature end of file.
2026-05-04 12:01:24,165 [ERROR] LogOutputStream:75 - [STDERR_REDIRECT] 
2026-05-04 12:01:25,164 [ERROR] LogOutputStream:75 - [STDERR_REDIRECT] [Fatal Error] :1:1: Premature end of file.
2026-05-04 12:01:25,165 [ERROR] LogOutputStream:75 - [STDERR_REDIRECT] 
2026-05-04 12:01:26,145 [ERROR] LogOutputStream:75 - [STDERR_REDIRECT] [Fatal Error] :1:1: Premature end of file.
2026-05-04 12:01:26,147 [ERROR] LogOutputStream:75 - [STDERR_REDIRECT] 
2026-05-04 12:01:27,151 [ERROR] LogOutputStream:75 - [STDERR_REDIRECT] [Fatal Error] :1:1: Premature end of file.
2026-05-04 12:01:27,152 [ERROR] LogOutputStream:75 - [STDERR_REDIRECT] 
2026-05-04 12:01:28,148 [ERROR] LogOutputStream:75 - [STDERR_REDIRECT] [Fatal Error] :1:1: Premature end of file.
2026-05-04 12:01:28,148 [ERROR] LogOutputStream:75 - [STDERR_REDIRECT] 
2026-05-04 12:01:29,142 [ERROR] LogOutputStream:75 - [STDERR_REDIRECT] [Fatal Error] :1:1: Premature end of file.
2026-05-04 12:01:29,142 [ERROR] LogOutputStream:75 - [STDERR_REDIRECT] 
2026-05-04 12:01:30,176 [ERROR] LogOutputStream:75 - [STDERR_REDIRECT] [Fatal Error] :1:1: Premature end of file.
2026-05-04 12:01:30,176 [ERROR] LogOutputStream:75 - [STDERR_REDIRECT] 
2026-05-04 12:01:31,159 [ERROR] LogOutputStream:75 - [STDERR_REDIRECT] [Fatal Error] :1:1: Premature end of file.
2026-05-04 12:01:31,159 [ERROR] LogOutputStream:75 - [STDERR_REDIRECT] 
2026-05-04 12:01:32,161 [ERROR] LogOutputStream:75 - [STDERR_REDIRECT] [Fatal Error] :1:1: Premature end of file.
2026-05-04 12:01:32,161 [ERROR] LogOutputStream:75 - [STDERR_REDIRECT] 
2026-05-04 12:01:33,169 [ERROR] LogOutputStream:75 - [STDERR_REDIRECT] [Fatal Error] :1:1: Premature end of file.
2026-05-04 12:01:33,170 [ERROR] LogOutputStream:75 - [STDERR_REDIRECT] 
2026-05-04 12:01:34,160 [ERROR] LogOutputStream:75 - [STDERR_REDIRECT] [Fatal Error] :1:1: Premature end of file.
2026-05-04 12:01:34,160 [ERROR] LogOutputStream:75 - [STDERR_REDIRECT] 
2026-05-04 12:01:35,155 [ERROR] LogOutputStream:75 - [STDERR_REDIRECT] [Fatal Error] :1:1: Premature end of file.
2026-05-04 12:01:35,155 [ERROR] LogOutputStream:75 - [STDERR_REDIRECT] 
2026-05-04 12:01:36,160 [ERROR] LogOutputStream:75 - [STDERR_REDIRECT] [Fatal Error] :1:1: Premature end of file.
2026-05-04 12:01:36,160 [ERROR] LogOutputStream:75 - [STDERR_REDIRECT] 
2026-05-04 12:01:37,163 [ERROR] LogOutputStream:75 - [STDERR_REDIRECT] [Fatal Error] :1:1: Premature end of file.
2026-05-04 12:01:37,164 [ERROR] LogOutputStream:75 - [STDERR_REDIRECT] 
2026-05-04 12:01:38,141 [ERROR] LogOutputStream:75 - [STDERR_REDIRECT] [Fatal Error] :1:1: Premature end of file.
2026-05-04 12:01:38,141 [ERROR] LogOutputStream:75 - [STDERR_REDIRECT] 
2026-05-04 12:01:39,147 [ERROR] LogOutputStream:75 - [STDERR_REDIRECT] [Fatal Error] :1:1: Premature end of file.
2026-05-04 12:01:39,147 [ERROR] LogOutputStream:75 - [STDERR_REDIRECT] 
2026-05-04 12:01:40,159 [ERROR] LogOutputStream:75 - [STDERR_REDIRECT] [Fatal Error] :1:1: Premature end of file.
2026-05-04 12:01:40,159 [ERROR] LogOutputStream:75 - [STDERR_REDIRECT] 
2026-05-04 12:01:41,149 [ERROR] LogOutputStream:75 - [STDERR_REDIRECT] [Fatal Error] :1:1: Premature end of file.
2026-05-04 12:01:41,150 [ERROR] LogOutputStream:75 - [STDERR_REDIRECT] 
2026-05-04 12:01:42,176 [ERROR] LogOutputStream:75 - [STDERR_REDIRECT] [Fatal Error] :1:1: Premature end of file.
2026-05-04 12:01:42,176 [ERROR] LogOutputStream:75 - [STDERR_REDIRECT] 
2026-05-04 12:01:43,156 [ERROR] LogOutputStream:75 - [STDERR_REDIRECT] [Fatal Error] :1:1: Premature end of file.
2026-05-04 12:01:43,157 [ERROR] LogOutputStream:75 - [STDERR_REDIRECT] 
2026-05-04 12:01:44,186 [ERROR] LogOutputStream:75 - [STDERR_REDIRECT] [Fatal Error] :1:1: Premature end of file.
2026-05-04 12:01:44,186 [ERROR] LogOutputStream:75 - [STDERR_REDIRECT] 
2026-05-04 12:01:45,164 [ERROR] LogOutputStream:75 - [STDERR_REDIRECT] [Fatal Error] :1:1: Premature end of file.
2026-05-04 12:01:45,164 [ERROR] LogOutputStream:75 - [STDERR_REDIRECT] 
2026-05-04 12:01:46,194 [ERROR] LogOutputStream:75 - [STDERR_REDIRECT] [Fatal Error] :1:1: Premature end of file.
2026-05-04 12:01:46,195 [ERROR] LogOutputStream:75 - [STDERR_REDIRECT] 
2026-05-04 12:01:47,179 [ERROR] LogOutputStream:75 - [STDERR_REDIRECT] [Fatal Error] :1:1: Premature end of file.
2026-05-04 12:01:47,179 [ERROR] LogOutputStream:75 - [STDERR_REDIRECT] 
2026-05-04 12:01:48,174 [ERROR] LogOutputStream:75 - [STDERR_REDIRECT] [Fatal Error] :1:1: Premature end of file.
2026-05-04 12:01:48,175 [ERROR] LogOutputStream:75 - [STDERR_REDIRECT] 
2026-05-04 12:01:49,170 [ERROR] LogOutputStream:75 - [STDERR_REDIRECT] [Fatal Error] :1:1: Premature end of file.
2026-05-04 12:01:49,170 [ERROR] LogOutputStream:75 - [STDERR_REDIRECT] 
2026-05-04 12:01:50,216 [ERROR] LogOutputStream:75 - [STDERR_REDIRECT] [Fatal Error] :1:1: Premature end of file.
2026-05-04 12:01:50,217 [ERROR] LogOutputStream:75 - [STDERR_REDIRECT] 
2026-05-04 12:01:51,165 [ERROR] LogOutputStream:75 - [STDERR_REDIRECT] [Fatal Error] :1:1: Premature end of file.
2026-05-04 12:01:51,165 [ERROR] LogOutputStream:75 - [STDERR_REDIRECT] 
2026-05-04 12:01:52,187 [ERROR] LogOutputStream:75 - [STDERR_REDIRECT] [Fatal Error] :1:1: Premature end of file.
2026-05-04 12:01:52,187 [ERROR] LogOutputStream:75 - [STDERR_REDIRECT] 
2026-05-04 12:01:53,143 [ERROR] LogOutputStream:75 - [STDERR_REDIRECT] [Fatal Error] :1:1: Premature end of file.
2026-05-04 12:01:53,144 [ERROR] LogOutputStream:75 - [STDERR_REDIRECT] 
2026-05-04 12:01:54,170 [ERROR] LogOutputStream:75 - [STDERR_REDIRECT] [Fatal Error] :1:1: Premature end of file.
2026-05-04 12:01:54,171 [ERROR] LogOutputStream:75 - [STDERR_REDIRECT] 
2026-05-04 12:01:55,186 [ERROR] LogOutputStream:75 - [STDERR_REDIRECT] [Fatal Error] :1:1: Premature end of file.
2026-05-04 12:01:55,186 [ERROR] LogOutputStream:75 - [STDERR_REDIRECT] 
2026-05-04 12:01:56,163 [ERROR] LogOutputStream:75 - [STDERR_REDIRECT] [Fatal Error] :1:1: Premature end of file.
2026-05-04 12:01:56,163 [ERROR] LogOutputStream:75 - [STDERR_REDIRECT] 
2026-05-04 12:01:57,193 [ERROR] LogOutputStream:75 - [STDERR_REDIRECT] [Fatal Error] :1:1: Premature end of file.
2026-05-04 12:01:57,193 [ERROR] LogOutputStream:75 - [STDERR_REDIRECT] 
2026-05-04 12:01:58,131 [ERROR] LogOutputStream:75 - [STDERR_REDIRECT] [Fatal Error] :1:1: Premature end of file.
2026-05-04 12:01:58,132 [ERROR] LogOutputStream:75 - [STDERR_REDIRECT] 
2026-05-04 12:01:59,158 [ERROR] LogOutputStream:75 - [STDERR_REDIRECT] [Fatal Error] :1:1: Premature end of file.
2026-05-04 12:01:59,158 [ERROR] LogOutputStream:75 - [STDERR_REDIRECT] 
2026-05-04 12:02:00,163 [ERROR] LogOutputStream:75 - [STDERR_REDIRECT] [Fatal Error] :1:1: Premature end of file.
2026-05-04 12:02:00,164 [ERROR] LogOutputStream:75 - [STDERR_REDIRECT] 
2026-05-04 12:02:01,176 [ERROR] LogOutputStream:75 - [STDERR_REDIRECT] [Fatal Error] :1:1: Premature end of file.
2026-05-04 12:02:01,176 [ERROR] LogOutputStream:75 - [STDERR_REDIRECT] 
2026-05-04 12:02:02,174 [ERROR] LogOutputStream:75 - [STDERR_REDIRECT] [Fatal Error] :1:1: Premature end of file.
2026-05-04 12:02:02,175 [ERROR] LogOutputStream:75 - [STDERR_REDIRECT] 
2026-05-04 12:02:03,168 [ERROR] LogOutputStream:75 - [STDERR_REDIRECT] [Fatal Error] :1:1: Premature end of file.
2026-05-04 12:02:03,168 [ERROR] LogOutputStream:75 - [STDERR_REDIRECT] 
2026-05-04 12:02:04,170 [ERROR] LogOutputStream:75 - [STDERR_REDIRECT] [Fatal Error] :1:1: Premature end of file.
2026-05-04 12:02:04,170 [ERROR] LogOutputStream:75 - [STDERR_REDIRECT] 
2026-05-04 12:02:05,171 [ERROR] LogOutputStream:75 - [STDERR_REDIRECT] [Fatal Error] :1:1: Premature end of file.
2026-05-04 12:02:05,172 [ERROR] LogOutputStream:75 - [STDERR_REDIRECT] 
2026-05-04 12:02:06,150 [ERROR] LogOutputStream:75 - [STDERR_REDIRECT] [Fatal Error] :1:1: Premature end of file.
2026-05-04 12:02:06,150 [ERROR] LogOutputStream:75 - [STDERR_REDIRECT] 
2026-05-04 12:02:07,155 [ERROR] LogOutputStream:75 - [STDERR_REDIRECT] [Fatal Error] :1:1: Premature end of file.
2026-05-04 12:02:07,155 [ERROR] LogOutputStream:75 - [STDERR_REDIRECT] 
2026-05-04 12:02:08,177 [ERROR] LogOutputStream:75 - [STDERR_REDIRECT] [Fatal Error] :1:1: Premature end of file.
2026-05-04 12:02:08,178 [ERROR] LogOutputStream:75 - [STDERR_REDIRECT] 
2026-05-04 12:02:09,178 [ERROR] LogOutputStream:75 - [STDERR_REDIRECT] [Fatal Error] :1:1: Premature end of file.
2026-05-04 12:02:09,178 [ERROR] LogOutputStream:75 - [STDERR_REDIRECT] 
2026-05-04 12:02:10,151 [ERROR] LogOutputStream:75 - [STDERR_REDIRECT] [Fatal Error] :1:1: Premature end of file.
2026-05-04 12:02:10,152 [ERROR] LogOutputStream:75 - [STDERR_REDIRECT] 
2026-05-04 12:02:11,172 [ERROR] LogOutputStream:75 - [STDERR_REDIRECT] [Fatal Error] :1:1: Premature end of file.
2026-05-04 12:02:11,172 [ERROR] LogOutputStream:75 - [STDERR_REDIRECT] 
2026-05-04 12:02:12,155 [ERROR] LogOutputStream:75 - [STDERR_REDIRECT] [Fatal Error] :1:1: Premature end of file.
2026-05-04 12:02:12,155 [ERROR] LogOutputStream:75 - [STDERR_REDIRECT] 
2026-05-04 12:02:13,166 [ERROR] LogOutputStream:75 - [STDERR_REDIRECT] [Fatal Error] :1:1: Premature end of file.
2026-05-04 12:02:13,166 [ERROR] LogOutputStream:75 - [STDERR_REDIRECT] 
2026-05-04 12:02:14,147 [ERROR] LogOutputStream:75 - [STDERR_REDIRECT] [Fatal Error] :1:1: Premature end of file.
2026-05-04 12:02:14,147 [ERROR] LogOutputStream:75 - [STDERR_REDIRECT] 
2026-05-04 12:02:15,168 [ERROR] LogOutputStream:75 - [STDERR_REDIRECT] [Fatal Error] :1:1: Premature end of file.
2026-05-04 12:02:15,168 [ERROR] LogOutputStream:75 - [STDERR_REDIRECT] 
2026-05-04 12:02:16,169 [ERROR] LogOutputStream:75 - [STDERR_REDIRECT] [Fatal Error] :1:1: Premature end of file.
2026-05-04 12:02:16,169 [ERROR] LogOutputStream:75 - [STDERR_REDIRECT] 
2026-05-04 12:02:17,159 [ERROR] LogOutputStream:75 - [STDERR_REDIRECT] [Fatal Error] :1:1: Premature end of file.
2026-05-04 12:02:17,160 [ERROR] LogOutputStream:75 - [STDERR_REDIRECT] 
2026-05-04 12:02:18,186 [ERROR] LogOutputStream:75 - [STDERR_REDIRECT] [Fatal Error] :1:1: Premature end of file.
2026-05-04 12:02:18,186 [ERROR] LogOutputStream:75 - [STDERR_REDIRECT] 
2026-05-04 12:02:19,163 [ERROR] LogOutputStream:75 - [STDERR_REDIRECT] [Fatal Error] :1:1: Premature end of file.
2026-05-04 12:02:19,164 [ERROR] LogOutputStream:75 - [STDERR_REDIRECT] 
2026-05-04 12:02:20,154 [ERROR] LogOutputStream:75 - [STDERR_REDIRECT] [Fatal Error] :1:1: Premature end of file.
2026-05-04 12:02:20,154 [ERROR] LogOutputStream:75 - [STDERR_REDIRECT] 
2026-05-04 12:02:21,155 [ERROR] LogOutputStream:75 - [STDERR_REDIRECT] [Fatal Error] :1:1: Premature end of file.
2026-05-04 12:02:21,155 [ERROR] LogOutputStream:75 - [STDERR_REDIRECT] 
2026-05-04 12:02:22,170 [ERROR] LogOutputStream:75 - [STDERR_REDIRECT] [Fatal Error] :1:1: Premature end of file.
2026-05-04 12:02:22,170 [ERROR] LogOutputStream:75 - [STDERR_REDIRECT] 
2026-05-04 12:02:23,184 [ERROR] LogOutputStream:75 - [STDERR_REDIRECT] [Fatal Error] :1:1: Premature end of file.
2026-05-04 12:02:23,184 [ERROR] LogOutputStream:75 - [STDERR_REDIRECT] 
2026-05-04 12:02:24,169 [ERROR] LogOutputStream:75 - [STDERR_REDIRECT] [Fatal Error] :1:1: Premature end of file.
2026-05-04 12:02:24,170 [ERROR] LogOutputStream:75 - [STDERR_REDIRECT] 
2026-05-04 12:02:25,171 [ERROR] LogOutputStream:75 - [STDERR_REDIRECT] [Fatal Error] :1:1: Premature end of file.
2026-05-04 12:02:25,172 [ERROR] LogOutputStream:75 - [STDERR_REDIRECT] 
2026-05-04 12:02:26,172 [ERROR] LogOutputStream:75 - [STDERR_REDIRECT] [Fatal Error] :1:1: Premature end of file.
2026-05-04 12:02:26,172 [ERROR] LogOutputStream:75 - [STDERR_REDIRECT] 
2026-05-04 12:02:27,153 [ERROR] LogOutputStream:75 - [STDERR_REDIRECT] [Fatal Error] :1:1: Premature end of file.
2026-05-04 12:02:27,153 [ERROR] LogOutputStream:75 - [STDERR_REDIRECT] 
2026-05-04 12:02:28,174 [ERROR] LogOutputStream:75 - [STDERR_REDIRECT] [Fatal Error] :1:1: Premature end of file.
2026-05-04 12:02:28,174 [ERROR] LogOutputStream:75 - [STDERR_REDIRECT] 
2026-05-04 12:02:29,161 [ERROR] LogOutputStream:75 - [STDERR_REDIRECT] [Fatal Error] :1:1: Premature end of file.
2026-05-04 12:02:29,161 [ERROR] LogOutputStream:75 - [STDERR_REDIRECT] 
2026-05-04 12:02:30,188 [ERROR] LogOutputStream:75 - [STDERR_REDIRECT] [Fatal Error] :1:1: Premature end of file.
2026-05-04 12:02:30,188 [ERROR] LogOutputStream:75 - [STDERR_REDIRECT] 
2026-05-04 12:02:31,148 [ERROR] LogOutputStream:75 - [STDERR_REDIRECT] [Fatal Error] :1:1: Premature end of file.
2026-05-04 12:02:31,149 [ERROR] LogOutputStream:75 - [STDERR_REDIRECT] 
2026-05-04 12:02:32,157 [ERROR] LogOutputStream:75 - [STDERR_REDIRECT] [Fatal Error] :1:1: Premature end of file.
2026-05-04 12:02:32,158 [ERROR] LogOutputStream:75 - [STDERR_REDIRECT] 
2026-05-04 12:02:33,155 [ERROR] LogOutputStream:75 - [STDERR_REDIRECT] [Fatal Error] :1:1: Premature end of file.
2026-05-04 12:02:33,155 [ERROR] LogOutputStream:75 - [STDERR_REDIRECT] 
2026-05-04 12:02:34,171 [ERROR] LogOutputStream:75 - [STDERR_REDIRECT] [Fatal Error] :1:1: Premature end of file.
2026-05-04 12:02:34,172 [ERROR] LogOutputStream:75 - [STDERR_REDIRECT] 
2026-05-04 12:02:35,167 [ERROR] LogOutputStream:75 - [STDERR_REDIRECT] [Fatal Error] :1:1: Premature end of file.
2026-05-04 12:02:35,167 [ERROR] LogOutputStream:75 - [STDERR_REDIRECT] 
2026-05-04 12:02:36,159 [ERROR] LogOutputStream:75 - [STDERR_REDIRECT] [Fatal Error] :1:1: Premature end of file.
2026-05-04 12:02:36,159 [ERROR] LogOutputStream:75 - [STDERR_REDIRECT] 
2026-05-04 12:02:37,186 [ERROR] LogOutputStream:75 - [STDERR_REDIRECT] [Fatal Error] :1:1: Premature end of file.
2026-05-04 12:02:37,187 [ERROR] LogOutputStream:75 - [STDERR_REDIRECT] 
2026-05-04 12:02:38,168 [ERROR] LogOutputStream:75 - [STDERR_REDIRECT] [Fatal Error] :1:1: Premature end of file.
2026-05-04 12:02:38,168 [ERROR] LogOutputStream:75 - [STDERR_REDIRECT] 
2026-05-04 12:02:39,181 [ERROR] LogOutputStream:75 - [STDERR_REDIRECT] [Fatal Error] :1:1: Premature end of file.
2026-05-04 12:02:39,182 [ERROR] LogOutputStream:75 - [STDERR_REDIRECT] 
2026-05-04 12:02:40,164 [ERROR] LogOutputStream:75 - [STDERR_REDIRECT] [Fatal Error] :1:1: Premature end of file.
2026-05-04 12:02:40,164 [ERROR] LogOutputStream:75 - [STDERR_REDIRECT] 
2026-05-04 12:02:41,160 [ERROR] LogOutputStream:75 - [STDERR_REDIRECT] [Fatal Error] :1:1: Premature end of file.
2026-05-04 12:02:41,160 [ERROR] LogOutputStream:75 - [STDERR_REDIRECT] 
2026-05-04 12:02:42,170 [ERROR] LogOutputStream:75 - [STDERR_REDIRECT] [Fatal Error] :1:1: Premature end of file.
2026-05-04 12:02:42,170 [ERROR] LogOutputStream:75 - [STDERR_REDIRECT] 
2026-05-04 12:02:43,152 [ERROR] LogOutputStream:75 - [STDERR_REDIRECT] [Fatal Error] :1:1: Premature end of file.
2026-05-04 12:02:43,153 [ERROR] LogOutputStream:75 - [STDERR_REDIRECT] 
2026-05-04 12:02:44,162 [ERROR] LogOutputStream:75 - [STDERR_REDIRECT] [Fatal Error] :1:1: Premature end of file.
2026-05-04 12:02:44,163 [ERROR] LogOutputStream:75 - [STDERR_REDIRECT] 
2026-05-04 12:02:45,180 [ERROR] LogOutputStream:75 - [STDERR_REDIRECT] [Fatal Error] :1:1: Premature end of file.
2026-05-04 12:02:45,180 [ERROR] LogOutputStream:75 - [STDERR_REDIRECT] 
2026-05-04 12:02:46,180 [ERROR] LogOutputStream:75 - [STDERR_REDIRECT] [Fatal Error] :1:1: Premature end of file.
2026-05-04 12:02:46,180 [ERROR] LogOutputStream:75 - [STDERR_REDIRECT] 
2026-05-04 12:02:47,173 [ERROR] LogOutputStream:75 - [STDERR_REDIRECT] [Fatal Error] :1:1: Premature end of file.
2026-05-04 12:02:47,174 [ERROR] LogOutputStream:75 - [STDERR_REDIRECT] 
2026-05-04 12:02:48,188 [ERROR] LogOutputStream:75 - [STDERR_REDIRECT] [Fatal Error] :1:1: Premature end of file.
2026-05-04 12:02:48,189 [ERROR] LogOutputStream:75 - [STDERR_REDIRECT] 
2026-05-04 12:02:49,166 [ERROR] LogOutputStream:75 - [STDERR_REDIRECT] [Fatal Error] :1:1: Premature end of file.
2026-05-04 12:02:49,166 [ERROR] LogOutputStream:75 - [STDERR_REDIRECT] 
2026-05-04 12:02:50,170 [ERROR] LogOutputStream:75 - [STDERR_REDIRECT] [Fatal Error] :1:1: Premature end of file.
2026-05-04 12:02:50,171 [ERROR] LogOutputStream:75 - [STDERR_REDIRECT] 
2026-05-04 12:02:51,152 [ERROR] LogOutputStream:75 - [STDERR_REDIRECT] [Fatal Error] :1:1: Premature end of file.
2026-05-04 12:02:51,153 [ERROR] LogOutputStream:75 - [STDERR_REDIRECT] 
2026-05-04 12:02:52,179 [ERROR] LogOutputStream:75 - [STDERR_REDIRECT] [Fatal Error] :1:1: Premature end of file.
2026-05-04 12:02:52,180 [ERROR] LogOutputStream:75 - [STDERR_REDIRECT] 
2026-05-04 12:02:53,155 [ERROR] LogOutputStream:75 - [STDERR_REDIRECT] [Fatal Error] :1:1: Premature end of file.
2026-05-04 12:02:53,155 [ERROR] LogOutputStream:75 - [STDERR_REDIRECT] 
2026-05-04 12:02:54,135 [ERROR] LogOutputStream:75 - [STDERR_REDIRECT] [Fatal Error] :1:1: Premature end of file.
2026-05-04 12:02:54,135 [ERROR] LogOutputStream:75 - [STDERR_REDIRECT] 
2026-05-04 12:02:55,184 [ERROR] LogOutputStream:75 - [STDERR_REDIRECT] [Fatal Error] :1:1: Premature end of file.
2026-05-04 12:02:55,185 [ERROR] LogOutputStream:75 - [STDERR_REDIRECT] 
2026-05-04 12:02:56,162 [ERROR] LogOutputStream:75 - [STDERR_REDIRECT] [Fatal Error] :1:1: Premature end of file.
2026-05-04 12:02:56,162 [ERROR] LogOutputStream:75 - [STDERR_REDIRECT] 
2026-05-04 12:02:57,158 [ERROR] LogOutputStream:75 - [STDERR_REDIRECT] [Fatal Error] :1:1: Premature end of file.
2026-05-04 12:02:57,158 [ERROR] LogOutputStream:75 - [STDERR_REDIRECT] 
2026-05-04 12:02:58,155 [ERROR] LogOutputStream:75 - [STDERR_REDIRECT] [Fatal Error] :1:1: Premature end of file.
2026-05-04 12:02:58,156 [ERROR] LogOutputStream:75 - [STDERR_REDIRECT] 
2026-05-04 12:02:59,148 [ERROR] LogOutputStream:75 - [STDERR_REDIRECT] [Fatal Error] :1:1: Premature end of file.
2026-05-04 12:02:59,148 [ERROR] LogOutputStream:75 - [STDERR_REDIRECT] 
2026-05-04 12:03:00,147 [ERROR] LogOutputStream:75 - [STDERR_REDIRECT] [Fatal Error] :1:1: Premature end of file.
2026-05-04 12:03:00,147 [ERROR] LogOutputStream:75 - [STDERR_REDIRECT] 
2026-05-04 12:03:01,162 [ERROR] LogOutputStream:75 - [STDERR_REDIRECT] [Fatal Error] :1:1: Premature end of file.
2026-05-04 12:03:01,162 [ERROR] LogOutputStream:75 - [STDERR_REDIRECT] 
2026-05-04 12:03:02,146 [ERROR] LogOutputStream:75 - [STDERR_REDIRECT] [Fatal Error] :1:1: Premature end of file.
2026-05-04 12:03:02,148 [ERROR] LogOutputStream:75 - [STDERR_REDIRECT] 
2026-05-04 12:03:03,163 [ERROR] LogOutputStream:75 - [STDERR_REDIRECT] [Fatal Error] :1:1: Premature end of file.
2026-05-04 12:03:03,163 [ERROR] LogOutputStream:75 - [STDERR_REDIRECT] 
2026-05-04 12:03:04,159 [ERROR] LogOutputStream:75 - [STDERR_REDIRECT] [Fatal Error] :1:1: Premature end of file.
2026-05-04 12:03:04,159 [ERROR] LogOutputStream:75 - [STDERR_REDIRECT] 
2026-05-04 12:03:05,178 [ERROR] LogOutputStream:75 - [STDERR_REDIRECT] [Fatal Error] :1:1: Premature end of file.
2026-05-04 12:03:05,178 [ERROR] LogOutputStream:75 - [STDERR_REDIRECT] 
2026-05-04 12:03:06,176 [ERROR] LogOutputStream:75 - [STDERR_REDIRECT] [Fatal Error] :1:1: Premature end of file.
2026-05-04 12:03:06,177 [ERROR] LogOutputStream:75 - [STDERR_REDIRECT] 
2026-05-04 12:03:07,179 [ERROR] LogOutputStream:75 - [STDERR_REDIRECT] [Fatal Error] :1:1: Premature end of file.
2026-05-04 12:03:07,179 [ERROR] LogOutputStream:75 - [STDERR_REDIRECT] 
2026-05-04 12:03:08,164 [ERROR] LogOutputStream:75 - [STDERR_REDIRECT] [Fatal Error] :1:1: Premature end of file.
2026-05-04 12:03:08,164 [ERROR] LogOutputStream:75 - [STDERR_REDIRECT] 
2026-05-04 12:03:09,185 [ERROR] LogOutputStream:75 - [STDERR_REDIRECT] [Fatal Error] :1:1: Premature end of file.
2026-05-04 12:03:09,185 [ERROR] LogOutputStream:75 - [STDERR_REDIRECT] 
2026-05-04 12:03:10,190 [ERROR] LogOutputStream:75 - [STDERR_REDIRECT] [Fatal Error] :1:1: Premature end of file.
2026-05-04 12:03:10,191 [ERROR] LogOutputStream:75 - [STDERR_REDIRECT] 
2026-05-04 12:03:11,156 [ERROR] LogOutputStream:75 - [STDERR_REDIRECT] [Fatal Error] :1:1: Premature end of file.
2026-05-04 12:03:11,156 [ERROR] LogOutputStream:75 - [STDERR_REDIRECT] 
2026-05-04 12:03:12,153 [ERROR] LogOutputStream:75 - [STDERR_REDIRECT] [Fatal Error] :1:1: Premature end of file.
2026-05-04 12:03:12,153 [ERROR] LogOutputStream:75 - [STDERR_REDIRECT] 
2026-05-04 12:03:13,172 [ERROR] LogOutputStream:75 - [STDERR_REDIRECT] [Fatal Error] :1:1: Premature end of file.
2026-05-04 12:03:13,172 [ERROR] LogOutputStream:75 - [STDERR_REDIRECT] 
2026-05-04 12:03:14,151 [ERROR] LogOutputStream:75 - [STDERR_REDIRECT] [Fatal Error] :1:1: Premature end of file.
2026-05-04 12:03:14,151 [ERROR] LogOutputStream:75 - [STDERR_REDIRECT] 
2026-05-04 12:03:15,159 [ERROR] LogOutputStream:75 - [STDERR_REDIRECT] [Fatal Error] :1:1: Premature end of file.
2026-05-04 12:03:15,159 [ERROR] LogOutputStream:75 - [STDERR_REDIRECT] 
2026-05-04 12:03:16,167 [ERROR] LogOutputStream:75 - [STDERR_REDIRECT] [Fatal Error] :1:1: Premature end of file.
2026-05-04 12:03:16,167 [ERROR] LogOutputStream:75 - [STDERR_REDIRECT] 
2026-05-04 12:03:17,154 [ERROR] LogOutputStream:75 - [STDERR_REDIRECT] [Fatal Error] :1:1: Premature end of file.
2026-05-04 12:03:17,154 [ERROR] LogOutputStream:75 - [STDERR_REDIRECT] 
2026-05-04 12:03:18,160 [ERROR] LogOutputStream:75 - [STDERR_REDIRECT] [Fatal Error] :1:1: Premature end of file.
2026-05-04 12:03:18,160 [ERROR] LogOutputStream:75 - [STDERR_REDIRECT] 
2026-05-04 12:03:19,172 [ERROR] LogOutputStream:75 - [STDERR_REDIRECT] [Fatal Error] :1:1: Premature end of file.
2026-05-04 12:03:19,172 [ERROR] LogOutputStream:75 - [STDERR_REDIRECT] 
2026-05-04 12:03:20,152 [ERROR] LogOutputStream:75 - [STDERR_REDIRECT] [Fatal Error] :1:1: Premature end of file.
2026-05-04 12:03:20,153 [ERROR] LogOutputStream:75 - [STDERR_REDIRECT] 
2026-05-04 12:03:21,173 [ERROR] LogOutputStream:75 - [STDERR_REDIRECT] [Fatal Error] :1:1: Premature end of file.
2026-05-04 12:03:21,173 [ERROR] LogOutputStream:75 - [STDERR_REDIRECT] 
2026-05-04 12:03:22,173 [ERROR] LogOutputStream:75 - [STDERR_REDIRECT] [Fatal Error] :1:1: Premature end of file.
2026-05-04 12:03:22,173 [ERROR] LogOutputStream:75 - [STDERR_REDIRECT] 
2026-05-04 12:03:23,162 [ERROR] LogOutputStream:75 - [STDERR_REDIRECT] [Fatal Error] :1:1: Premature end of file.
2026-05-04 12:03:23,163 [ERROR] LogOutputStream:75 - [STDERR_REDIRECT] 
2026-05-04 12:03:24,181 [ERROR] LogOutputStream:75 - [STDERR_REDIRECT] [Fatal Error] :1:1: Premature end of file.
2026-05-04 12:03:24,181 [ERROR] LogOutputStream:75 - [STDERR_REDIRECT] 
2026-05-04 12:03:25,180 [ERROR] LogOutputStream:75 - [STDERR_REDIRECT] [Fatal Error] :1:1: Premature end of file.
2026-05-04 12:03:25,180 [ERROR] LogOutputStream:75 - [STDERR_REDIRECT] 
2026-05-04 12:03:26,161 [ERROR] LogOutputStream:75 - [STDERR_REDIRECT] [Fatal Error] :1:1: Premature end of file.
2026-05-04 12:03:26,161 [ERROR] LogOutputStream:75 - [STDERR_REDIRECT] 
2026-05-04 12:03:27,164 [ERROR] LogOutputStream:75 - [STDERR_REDIRECT] [Fatal Error] :1:1: Premature end of file.
2026-05-04 12:03:27,164 [ERROR] LogOutputStream:75 - [STDERR_REDIRECT] 
2026-05-04 12:03:28,164 [ERROR] LogOutputStream:75 - [STDERR_REDIRECT] [Fatal Error] :1:1: Premature end of file.
2026-05-04 12:03:28,165 [ERROR] LogOutputStream:75 - [STDERR_REDIRECT] 
2026-05-04 12:03:29,156 [ERROR] LogOutputStream:75 - [STDERR_REDIRECT] [Fatal Error] :1:1: Premature end of file.
2026-05-04 12:03:29,156 [ERROR] LogOutputStream:75 - [STDERR_REDIRECT] 
2026-05-04 12:03:30,180 [ERROR] LogOutputStream:75 - [STDERR_REDIRECT] [Fatal Error] :1:1: Premature end of file.
2026-05-04 12:03:30,180 [ERROR] LogOutputStream:75 - [STDERR_REDIRECT] 
2026-05-04 12:03:31,162 [ERROR] LogOutputStream:75 - [STDERR_REDIRECT] [Fatal Error] :1:1: Premature end of file.
2026-05-04 12:03:31,162 [ERROR] LogOutputStream:75 - [STDERR_REDIRECT] 
2026-05-04 12:03:32,153 [ERROR] LogOutputStream:75 - [STDERR_REDIRECT] [Fatal Error] :1:1: Premature end of file.
2026-05-04 12:03:32,155 [ERROR] LogOutputStream:75 - [STDERR_REDIRECT] 
2026-05-04 12:03:33,171 [ERROR] LogOutputStream:75 - [STDERR_REDIRECT] [Fatal Error] :1:1: Premature end of file.
2026-05-04 12:03:33,171 [ERROR] LogOutputStream:75 - [STDERR_REDIRECT] 
2026-05-04 12:03:34,165 [ERROR] LogOutputStream:75 - [STDERR_REDIRECT] [Fatal Error] :1:1: Premature end of file.
2026-05-04 12:03:34,165 [ERROR] LogOutputStream:75 - [STDERR_REDIRECT] 
2026-05-04 12:03:35,162 [ERROR] LogOutputStream:75 - [STDERR_REDIRECT] [Fatal Error] :1:1: Premature end of file.
2026-05-04 12:03:35,163 [ERROR] LogOutputStream:75 - [STDERR_REDIRECT] 
2026-05-04 12:03:36,174 [ERROR] LogOutputStream:75 - [STDERR_REDIRECT] [Fatal Error] :1:1: Premature end of file.
2026-05-04 12:03:36,174 [ERROR] LogOutputStream:75 - [STDERR_REDIRECT] 
2026-05-04 12:03:37,182 [ERROR] LogOutputStream:75 - [STDERR_REDIRECT] [Fatal Error] :1:1: Premature end of file.
2026-05-04 12:03:37,182 [ERROR] LogOutputStream:75 - [STDERR_REDIRECT] 
2026-05-04 12:03:38,155 [ERROR] LogOutputStream:75 - [STDERR_REDIRECT] [Fatal Error] :1:1: Premature end of file.
2026-05-04 12:03:38,155 [ERROR] LogOutputStream:75 - [STDERR_REDIRECT] 
2026-05-04 12:03:39,181 [ERROR] LogOutputStream:75 - [STDERR_REDIRECT] [Fatal Error] :1:1: Premature end of file.
2026-05-04 12:03:39,181 [ERROR] LogOutputStream:75 - [STDERR_REDIRECT] 
2026-05-04 12:03:40,150 [ERROR] LogOutputStream:75 - [STDERR_REDIRECT] [Fatal Error] :1:1: Premature end of file.
2026-05-04 12:03:40,150 [ERROR] LogOutputStream:75 - [STDERR_REDIRECT] 
2026-05-04 12:03:41,156 [ERROR] LogOutputStream:75 - [STDERR_REDIRECT] [Fatal Error] :1:1: Premature end of file.
2026-05-04 12:03:41,156 [ERROR] LogOutputStream:75 - [STDERR_REDIRECT] 
2026-05-04 12:03:42,152 [ERROR] LogOutputStream:75 - [STDERR_REDIRECT] [Fatal Error] :1:1: Premature end of file.
2026-05-04 12:03:42,153 [ERROR] LogOutputStream:75 - [STDERR_REDIRECT] 
2026-05-04 12:03:43,192 [ERROR] LogOutputStream:75 - [STDERR_REDIRECT] [Fatal Error] :1:1: Premature end of file.
2026-05-04 12:03:43,192 [ERROR] LogOutputStream:75 - [STDERR_REDIRECT] 
2026-05-04 12:03:44,145 [ERROR] LogOutputStream:75 - [STDERR_REDIRECT] [Fatal Error] :1:1: Premature end of file.
2026-05-04 12:03:44,145 [ERROR] LogOutputStream:75 - [STDERR_REDIRECT] 
2026-05-04 12:03:45,156 [ERROR] LogOutputStream:75 - [STDERR_REDIRECT] [Fatal Error] :1:1: Premature end of file.
2026-05-04 12:03:45,156 [ERROR] LogOutputStream:75 - [STDERR_REDIRECT] 
2026-05-04 12:03:46,159 [ERROR] LogOutputStream:75 - [STDERR_REDIRECT] [Fatal Error] :1:1: Premature end of file.
2026-05-04 12:03:46,160 [ERROR] LogOutputStream:75 - [STDERR_REDIRECT] 
2026-05-04 12:03:47,169 [ERROR] LogOutputStream:75 - [STDERR_REDIRECT] [Fatal Error] :1:1: Premature end of file.
2026-05-04 12:03:47,169 [ERROR] LogOutputStream:75 - [STDERR_REDIRECT] 
2026-05-04 12:03:48,182 [ERROR] LogOutputStream:75 - [STDERR_REDIRECT] [Fatal Error] :1:1: Premature end of file.
2026-05-04 12:03:48,183 [ERROR] LogOutputStream:75 - [STDERR_REDIRECT] 
2026-05-04 12:03:49,172 [ERROR] LogOutputStream:75 - [STDERR_REDIRECT] [Fatal Error] :1:1: Premature end of file.
2026-05-04 12:03:49,173 [ERROR] LogOutputStream:75 - [STDERR_REDIRECT] 
2026-05-04 12:03:50,177 [ERROR] LogOutputStream:75 - [STDERR_REDIRECT] [Fatal Error] :1:1: Premature end of file.
2026-05-04 12:03:50,177 [ERROR] LogOutputStream:75 - [STDERR_REDIRECT] 
2026-05-04 12:03:51,156 [ERROR] LogOutputStream:75 - [STDERR_REDIRECT] [Fatal Error] :1:1: Premature end of file.
2026-05-04 12:03:51,156 [ERROR] LogOutputStream:75 - [STDERR_REDIRECT] 
2026-05-04 12:03:52,165 [ERROR] LogOutputStream:75 - [STDERR_REDIRECT] [Fatal Error] :1:1: Premature end of file.
2026-05-04 12:03:52,165 [ERROR] LogOutputStream:75 - [STDERR_REDIRECT] 
2026-05-04 12:03:53,169 [ERROR] LogOutputStream:75 - [STDERR_REDIRECT] [Fatal Error] :1:1: Premature end of file.
2026-05-04 12:03:53,169 [ERROR] LogOutputStream:75 - [STDERR_REDIRECT] 
2026-05-04 12:03:54,148 [ERROR] LogOutputStream:75 - [STDERR_REDIRECT] [Fatal Error] :1:1: Premature end of file.
2026-05-04 12:03:54,148 [ERROR] LogOutputStream:75 - [STDERR_REDIRECT] 
2026-05-04 12:03:55,162 [ERROR] LogOutputStream:75 - [STDERR_REDIRECT] [Fatal Error] :1:1: Premature end of file.
2026-05-04 12:03:55,163 [ERROR] LogOutputStream:75 - [STDERR_REDIRECT] 
2026-05-04 12:03:56,152 [ERROR] LogOutputStream:75 - [STDERR_REDIRECT] [Fatal Error] :1:1: Premature end of file.
2026-05-04 12:03:56,152 [ERROR] LogOutputStream:75 - [STDERR_REDIRECT] 
2026-05-04 12:03:57,162 [ERROR] LogOutputStream:75 - [STDERR_REDIRECT] [Fatal Error] :1:1: Premature end of file.
2026-05-04 12:03:57,162 [ERROR] LogOutputStream:75 - [STDERR_REDIRECT] 
2026-05-04 12:03:58,176 [ERROR] LogOutputStream:75 - [STDERR_REDIRECT] [Fatal Error] :1:1: Premature end of file.
2026-05-04 12:03:58,176 [ERROR] LogOutputStream:75 - [STDERR_REDIRECT] 
2026-05-04 12:03:59,152 [ERROR] LogOutputStream:75 - [STDERR_REDIRECT] [Fatal Error] :1:1: Premature end of file.
2026-05-04 12:03:59,152 [ERROR] LogOutputStream:75 - [STDERR_REDIRECT] 
2026-05-04 12:04:00,168 [ERROR] LogOutputStream:75 - [STDERR_REDIRECT] [Fatal Error] :1:1: Premature end of file.
2026-05-04 12:04:00,168 [ERROR] LogOutputStream:75 - [STDERR_REDIRECT] 
2026-05-04 12:04:01,150 [ERROR] LogOutputStream:75 - [STDERR_REDIRECT] [Fatal Error] :1:1: Premature end of file.
2026-05-04 12:04:01,150 [ERROR] LogOutputStream:75 - [STDERR_REDIRECT] 
2026-05-04 12:04:02,160 [ERROR] LogOutputStream:75 - [STDERR_REDIRECT] [Fatal Error] :1:1: Premature end of file.
2026-05-04 12:04:02,160 [ERROR] LogOutputStream:75 - [STDERR_REDIRECT] 
2026-05-04 12:04:03,154 [ERROR] LogOutputStream:75 - [STDERR_REDIRECT] [Fatal Error] :1:1: Premature end of file.
2026-05-04 12:04:03,154 [ERROR] LogOutputStream:75 - [STDERR_REDIRECT] 
2026-05-04 12:04:04,172 [ERROR] LogOutputStream:75 - [STDERR_REDIRECT] [Fatal Error] :1:1: Premature end of file.
2026-05-04 12:04:04,172 [ERROR] LogOutputStream:75 - [STDERR_REDIRECT] 
2026-05-04 12:04:05,163 [ERROR] LogOutputStream:75 - [STDERR_REDIRECT] [Fatal Error] :1:1: Premature end of file.
2026-05-04 12:04:05,164 [ERROR] LogOutputStream:75 - [STDERR_REDIRECT] 
2026-05-04 12:04:06,168 [ERROR] LogOutputStream:75 - [STDERR_REDIRECT] [Fatal Error] :1:1: Premature end of file.
2026-05-04 12:04:06,169 [ERROR] LogOutputStream:75 - [STDERR_REDIRECT] 
2026-05-04 12:04:07,161 [ERROR] LogOutputStream:75 - [STDERR_REDIRECT] [Fatal Error] :1:1: Premature end of file.
2026-05-04 12:04:07,162 [ERROR] LogOutputStream:75 - [STDERR_REDIRECT] 
2026-05-04 12:04:08,177 [ERROR] LogOutputStream:75 - [STDERR_REDIRECT] [Fatal Error] :1:1: Premature end of file.
2026-05-04 12:04:08,177 [ERROR] LogOutputStream:75 - [STDERR_REDIRECT] 
2026-05-04 12:04:09,138 [ERROR] LogOutputStream:75 - [STDERR_REDIRECT] [Fatal Error] :1:1: Premature end of file.
2026-05-04 12:04:09,138 [ERROR] LogOutputStream:75 - [STDERR_REDIRECT] 
2026-05-04 12:04:10,154 [ERROR] LogOutputStream:75 - [STDERR_REDIRECT] [Fatal Error] :1:1: Premature end of file.
2026-05-04 12:04:10,154 [ERROR] LogOutputStream:75 - [STDERR_REDIRECT] 
2026-05-04 12:04:11,188 [ERROR] LogOutputStream:75 - [STDERR_REDIRECT] [Fatal Error] :1:1: Premature end of file.
2026-05-04 12:04:11,188 [ERROR] LogOutputStream:75 - [STDERR_REDIRECT] 
2026-05-04 12:04:12,169 [ERROR] LogOutputStream:75 - [STDERR_REDIRECT] [Fatal Error] :1:1: Premature end of file.
2026-05-04 12:04:12,169 [ERROR] LogOutputStream:75 - [STDERR_REDIRECT] 
2026-05-04 12:04:13,166 [ERROR] LogOutputStream:75 - [STDERR_REDIRECT] [Fatal Error] :1:1: Premature end of file.
2026-05-04 12:04:13,167 [ERROR] LogOutputStream:75 - [STDERR_REDIRECT] 
2026-05-04 12:04:14,161 [ERROR] LogOutputStream:75 - [STDERR_REDIRECT] [Fatal Error] :1:1: Premature end of file.
2026-05-04 12:04:14,161 [ERROR] LogOutputStream:75 - [STDERR_REDIRECT] 
2026-05-04 12:04:15,160 [ERROR] LogOutputStream:75 - [STDERR_REDIRECT] [Fatal Error] :1:1: Premature end of file.
2026-05-04 12:04:15,160 [ERROR] LogOutputStream:75 - [STDERR_REDIRECT] 
2026-05-04 12:04:16,167 [ERROR] LogOutputStream:75 - [STDERR_REDIRECT] [Fatal Error] :1:1: Premature end of file.
2026-05-04 12:04:16,167 [ERROR] LogOutputStream:75 - [STDERR_REDIRECT] 
2026-05-04 12:04:17,195 [ERROR] LogOutputStream:75 - [STDERR_REDIRECT] [Fatal Error] :1:1: Premature end of file.
2026-05-04 12:04:17,196 [ERROR] LogOutputStream:75 - [STDERR_REDIRECT] 
2026-05-04 12:04:18,151 [ERROR] LogOutputStream:75 - [STDERR_REDIRECT] [Fatal Error] :1:1: Premature end of file.
2026-05-04 12:04:18,151 [ERROR] LogOutputStream:75 - [STDERR_REDIRECT] 
2026-05-04 12:04:19,179 [ERROR] LogOutputStream:75 - [STDERR_REDIRECT] [Fatal Error] :1:1: Premature end of file.
2026-05-04 12:04:19,179 [ERROR] LogOutputStream:75 - [STDERR_REDIRECT] 
2026-05-04 12:04:20,152 [ERROR] LogOutputStream:75 - [STDERR_REDIRECT] [Fatal Error] :1:1: Premature end of file.
2026-05-04 12:04:20,152 [ERROR] LogOutputStream:75 - [STDERR_REDIRECT] 
2026-05-04 12:04:21,177 [ERROR] LogOutputStream:75 - [STDERR_REDIRECT] [Fatal Error] :1:1: Premature end of file.
2026-05-04 12:04:21,177 [ERROR] LogOutputStream:75 - [STDERR_REDIRECT] 
2026-05-04 12:04:22,175 [ERROR] LogOutputStream:75 - [STDERR_REDIRECT] [Fatal Error] :1:1: Premature end of file.
2026-05-04 12:04:22,175 [ERROR] LogOutputStream:75 - [STDERR_REDIRECT] 
2026-05-04 12:04:23,164 [ERROR] LogOutputStream:75 - [STDERR_REDIRECT] [Fatal Error] :1:1: Premature end of file.
2026-05-04 12:04:23,164 [ERROR] LogOutputStream:75 - [STDERR_REDIRECT] 
2026-05-04 12:04:24,151 [ERROR] LogOutputStream:75 - [STDERR_REDIRECT] [Fatal Error] :1:1: Premature end of file.
2026-05-04 12:04:24,151 [ERROR] LogOutputStream:75 - [STDERR_REDIRECT] 
2026-05-04 12:04:25,159 [ERROR] LogOutputStream:75 - [STDERR_REDIRECT] [Fatal Error] :1:1: Premature end of file.
2026-05-04 12:04:25,159 [ERROR] LogOutputStream:75 - [STDERR_REDIRECT] 
2026-05-04 12:04:26,171 [ERROR] LogOutputStream:75 - [STDERR_REDIRECT] [Fatal Error] :1:1: Premature end of file.
2026-05-04 12:04:26,171 [ERROR] LogOutputStream:75 - [STDERR_REDIRECT] 
2026-05-04 12:04:27,151 [ERROR] LogOutputStream:75 - [STDERR_REDIRECT] [Fatal Error] :1:1: Premature end of file.
2026-05-04 12:04:27,151 [ERROR] LogOutputStream:75 - [STDERR_REDIRECT] 
2026-05-04 12:04:28,180 [ERROR] LogOutputStream:75 - [STDERR_REDIRECT] [Fatal Error] :1:1: Premature end of file.
2026-05-04 12:04:28,181 [ERROR] LogOutputStream:75 - [STDERR_REDIRECT] 
2026-05-04 12:04:29,204 [ERROR] LogOutputStream:75 - [STDERR_REDIRECT] [Fatal Error] :1:1: Premature end of file.
2026-05-04 12:04:29,204 [ERROR] LogOutputStream:75 - [STDERR_REDIRECT] 
2026-05-04 12:04:30,196 [ERROR] LogOutputStream:75 - [STDERR_REDIRECT] [Fatal Error] :1:1: Premature end of file.
2026-05-04 12:04:30,196 [ERROR] LogOutputStream:75 - [STDERR_REDIRECT] 
2026-05-04 12:04:31,160 [ERROR] LogOutputStream:75 - [STDERR_REDIRECT] [Fatal Error] :1:1: Premature end of file.
2026-05-04 12:04:31,161 [ERROR] LogOutputStream:75 - [STDERR_REDIRECT] 
2026-05-04 12:04:32,156 [ERROR] LogOutputStream:75 - [STDERR_REDIRECT] [Fatal Error] :1:1: Premature end of file.
2026-05-04 12:04:32,156 [ERROR] LogOutputStream:75 - [STDERR_REDIRECT] 
2026-05-04 12:04:33,143 [ERROR] LogOutputStream:75 - [STDERR_REDIRECT] [Fatal Error] :1:1: Premature end of file.
2026-05-04 12:04:33,143 [ERROR] LogOutputStream:75 - [STDERR_REDIRECT] 
2026-05-04 12:04:34,164 [ERROR] LogOutputStream:75 - [STDERR_REDIRECT] [Fatal Error] :1:1: Premature end of file.
2026-05-04 12:04:34,164 [ERROR] LogOutputStream:75 - [STDERR_REDIRECT] 
2026-05-04 12:04:35,141 [ERROR] LogOutputStream:75 - [STDERR_REDIRECT] [Fatal Error] :1:1: Premature end of file.
2026-05-04 12:04:35,141 [ERROR] LogOutputStream:75 - [STDERR_REDIRECT] 
2026-05-04 12:04:36,170 [ERROR] LogOutputStream:75 - [STDERR_REDIRECT] [Fatal Error] :1:1: Premature end of file.
2026-05-04 12:04:36,170 [ERROR] LogOutputStream:75 - [STDERR_REDIRECT] 
2026-05-04 12:04:37,156 [ERROR] LogOutputStream:75 - [STDERR_REDIRECT] [Fatal Error] :1:1: Premature end of file.
2026-05-04 12:04:37,156 [ERROR] LogOutputStream:75 - [STDERR_REDIRECT] 
2026-05-04 12:04:38,176 [ERROR] LogOutputStream:75 - [STDERR_REDIRECT] [Fatal Error] :1:1: Premature end of file.
2026-05-04 12:04:38,176 [ERROR] LogOutputStream:75 - [STDERR_REDIRECT] 
2026-05-04 12:04:39,155 [ERROR] LogOutputStream:75 - [STDERR_REDIRECT] [Fatal Error] :1:1: Premature end of file.
2026-05-04 12:04:39,155 [ERROR] LogOutputStream:75 - [STDERR_REDIRECT] 
2026-05-04 12:04:40,174 [ERROR] LogOutputStream:75 - [STDERR_REDIRECT] [Fatal Error] :1:1: Premature end of file.
2026-05-04 12:04:40,174 [ERROR] LogOutputStream:75 - [STDERR_REDIRECT] 
2026-05-04 12:04:41,156 [ERROR] LogOutputStream:75 - [STDERR_REDIRECT] [Fatal Error] :1:1: Premature end of file.
2026-05-04 12:04:41,156 [ERROR] LogOutputStream:75 - [STDERR_REDIRECT] 
2026-05-04 12:04:42,154 [ERROR] LogOutputStream:75 - [STDERR_REDIRECT] [Fatal Error] :1:1: Premature end of file.
2026-05-04 12:04:42,154 [ERROR] LogOutputStream:75 - [STDERR_REDIRECT] 
2026-05-04 12:04:43,153 [ERROR] LogOutputStream:75 - [STDERR_REDIRECT] [Fatal Error] :1:1: Premature end of file.
2026-05-04 12:04:43,153 [ERROR] LogOutputStream:75 - [STDERR_REDIRECT] 
2026-05-04 12:04:44,178 [ERROR] LogOutputStream:75 - [STDERR_REDIRECT] [Fatal Error] :1:1: Premature end of file.
2026-05-04 12:04:44,179 [ERROR] LogOutputStream:75 - [STDERR_REDIRECT] 
2026-05-04 12:04:45,155 [ERROR] LogOutputStream:75 - [STDERR_REDIRECT] [Fatal Error] :1:1: Premature end of file.
2026-05-04 12:04:45,156 [ERROR] LogOutputStream:75 - [STDERR_REDIRECT] 
2026-05-04 12:04:46,162 [ERROR] LogOutputStream:75 - [STDERR_REDIRECT] [Fatal Error] :1:1: Premature end of file.
2026-05-04 12:04:46,163 [ERROR] LogOutputStream:75 - [STDERR_REDIRECT] 
2026-05-04 12:04:47,159 [ERROR] LogOutputStream:75 - [STDERR_REDIRECT] [Fatal Error] :1:1: Premature end of file.
2026-05-04 12:04:47,159 [ERROR] LogOutputStream:75 - [STDERR_REDIRECT] 
2026-05-04 12:04:48,140 [ERROR] LogOutputStream:75 - [STDERR_REDIRECT] [Fatal Error] :1:1: Premature end of file.
2026-05-04 12:04:48,140 [ERROR] LogOutputStream:75 - [STDERR_REDIRECT] 
2026-05-04 12:04:49,160 [ERROR] LogOutputStream:75 - [STDERR_REDIRECT] [Fatal Error] :1:1: Premature end of file.
2026-05-04 12:04:49,284 [ERROR] LogOutputStream:75 - [STDERR_REDIRECT] 
2026-05-04 12:04:50,138 [ERROR] LogOutputStream:75 - [STDERR_REDIRECT] [Fatal Error] :1:1: Premature end of file.
2026-05-04 12:04:50,138 [ERROR] LogOutputStream:75 - [STDERR_REDIRECT] 
2026-05-04 12:04:51,148 [ERROR] LogOutputStream:75 - [STDERR_REDIRECT] [Fatal Error] :1:1: Premature end of file.
2026-05-04 12:04:51,148 [ERROR] LogOutputStream:75 - [STDERR_REDIRECT] 
2026-05-04 12:04:52,161 [ERROR] LogOutputStream:75 - [STDERR_REDIRECT] [Fatal Error] :1:1: Premature end of file.
2026-05-04 12:04:52,162 [ERROR] LogOutputStream:75 - [STDERR_REDIRECT] 
2026-05-04 12:04:53,155 [ERROR] LogOutputStream:75 - [STDERR_REDIRECT] [Fatal Error] :1:1: Premature end of file.
2026-05-04 12:04:53,155 [ERROR] LogOutputStream:75 - [STDERR_REDIRECT] 
2026-05-04 12:04:54,162 [ERROR] LogOutputStream:75 - [STDERR_REDIRECT] [Fatal Error] :1:1: Premature end of file.
2026-05-04 12:04:54,162 [ERROR] LogOutputStream:75 - [STDERR_REDIRECT] 
2026-05-04 12:04:55,160 [ERROR] LogOutputStream:75 - [STDERR_REDIRECT] [Fatal Error] :1:1: Premature end of file.
2026-05-04 12:04:55,161 [ERROR] LogOutputStream:75 - [STDERR_REDIRECT] 
2026-05-04 12:04:56,169 [ERROR] LogOutputStream:75 - [STDERR_REDIRECT] [Fatal Error] :1:1: Premature end of file.
2026-05-04 12:04:56,169 [ERROR] LogOutputStream:75 - [STDERR_REDIRECT] 
2026-05-04 12:04:57,165 [ERROR] LogOutputStream:75 - [STDERR_REDIRECT] [Fatal Error] :1:1: Premature end of file.
2026-05-04 12:04:57,165 [ERROR] LogOutputStream:75 - [STDERR_REDIRECT] 
2026-05-04 12:04:58,182 [ERROR] LogOutputStream:75 - [STDERR_REDIRECT] [Fatal Error] :1:1: Premature end of file.
2026-05-04 12:04:58,182 [ERROR] LogOutputStream:75 - [STDERR_REDIRECT] 
2026-05-04 12:04:59,135 [ERROR] LogOutputStream:75 - [STDERR_REDIRECT] [Fatal Error] :1:1: Premature end of file.
2026-05-04 12:04:59,135 [ERROR] LogOutputStream:75 - [STDERR_REDIRECT] 
2026-05-04 12:05:00,157 [ERROR] LogOutputStream:75 - [STDERR_REDIRECT] [Fatal Error] :1:1: Premature end of file.
2026-05-04 12:05:00,157 [ERROR] LogOutputStream:75 - [STDERR_REDIRECT] 
2026-05-04 12:05:01,148 [ERROR] LogOutputStream:75 - [STDERR_REDIRECT] [Fatal Error] :1:1: Premature end of file.
2026-05-04 12:05:01,149 [ERROR] LogOutputStream:75 - [STDERR_REDIRECT] 
2026-05-04 12:05:02,153 [ERROR] LogOutputStream:75 - [STDERR_REDIRECT] [Fatal Error] :1:1: Premature end of file.
2026-05-04 12:05:02,153 [ERROR] LogOutputStream:75 - [STDERR_REDIRECT] 
2026-05-04 12:05:03,160 [ERROR] LogOutputStream:75 - [STDERR_REDIRECT] [Fatal Error] :1:1: Premature end of file.
2026-05-04 12:05:03,160 [ERROR] LogOutputStream:75 - [STDERR_REDIRECT] 
2026-05-04 12:05:04,159 [ERROR] LogOutputStream:75 - [STDERR_REDIRECT] [Fatal Error] :1:1: Premature end of file.
2026-05-04 12:05:04,159 [ERROR] LogOutputStream:75 - [STDERR_REDIRECT] 
2026-05-04 12:05:05,165 [ERROR] LogOutputStream:75 - [STDERR_REDIRECT] [Fatal Error] :1:1: Premature end of file.
2026-05-04 12:05:05,165 [ERROR] LogOutputStream:75 - [STDERR_REDIRECT] 
2026-05-04 12:05:06,172 [ERROR] LogOutputStream:75 - [STDERR_REDIRECT] [Fatal Error] :1:1: Premature end of file.
2026-05-04 12:05:06,172 [ERROR] LogOutputStream:75 - [STDERR_REDIRECT] 
2026-05-04 12:05:07,156 [ERROR] LogOutputStream:75 - [STDERR_REDIRECT] [Fatal Error] :1:1: Premature end of file.
2026-05-04 12:05:07,156 [ERROR] LogOutputStream:75 - [STDERR_REDIRECT] 
2026-05-04 12:05:08,155 [ERROR] LogOutputStream:75 - [STDERR_REDIRECT] [Fatal Error] :1:1: Premature end of file.
2026-05-04 12:05:08,155 [ERROR] LogOutputStream:75 - [STDERR_REDIRECT] 
2026-05-04 12:05:09,165 [ERROR] LogOutputStream:75 - [STDERR_REDIRECT] [Fatal Error] :1:1: Premature end of file.
2026-05-04 12:05:09,166 [ERROR] LogOutputStream:75 - [STDERR_REDIRECT] 
2026-05-04 12:05:10,181 [ERROR] LogOutputStream:75 - [STDERR_REDIRECT] [Fatal Error] :1:1: Premature end of file.
2026-05-04 12:05:10,181 [ERROR] LogOutputStream:75 - [STDERR_REDIRECT] 
2026-05-04 12:05:11,132 [ERROR] LogOutputStream:75 - [STDERR_REDIRECT] [Fatal Error] :1:1: Premature end of file.
2026-05-04 12:05:11,132 [ERROR] LogOutputStream:75 - [STDERR_REDIRECT] 
2026-05-04 12:05:12,187 [ERROR] LogOutputStream:75 - [STDERR_REDIRECT] [Fatal Error] :1:1: Premature end of file.
2026-05-04 12:05:12,187 [ERROR] LogOutputStream:75 - [STDERR_REDIRECT] 
2026-05-04 12:05:13,206 [ERROR] LogOutputStream:75 - [STDERR_REDIRECT] [Fatal Error] :1:1: Premature end of file.
2026-05-04 12:05:13,206 [ERROR] LogOutputStream:75 - [STDERR_REDIRECT] 
2026-05-04 12:05:14,201 [ERROR] LogOutputStream:75 - [STDERR_REDIRECT] [Fatal Error] :1:1: Premature end of file.
2026-05-04 12:05:14,201 [ERROR] LogOutputStream:75 - [STDERR_REDIRECT] 
2026-05-04 12:05:15,145 [ERROR] LogOutputStream:75 - [STDERR_REDIRECT] [Fatal Error] :1:1: Premature end of file.
2026-05-04 12:05:15,145 [ERROR] LogOutputStream:75 - [STDERR_REDIRECT] 
2026-05-04 12:05:16,170 [ERROR] LogOutputStream:75 - [STDERR_REDIRECT] [Fatal Error] :1:1: Premature end of file.
2026-05-04 12:05:16,171 [ERROR] LogOutputStream:75 - [STDERR_REDIRECT] 
2026-05-04 12:05:17,158 [ERROR] LogOutputStream:75 - [STDERR_REDIRECT] [Fatal Error] :1:1: Premature end of file.
2026-05-04 12:05:17,159 [ERROR] LogOutputStream:75 - [STDERR_REDIRECT] 
2026-05-04 12:05:18,144 [ERROR] LogOutputStream:75 - [STDERR_REDIRECT] [Fatal Error] :1:1: Premature end of file.
2026-05-04 12:05:18,144 [ERROR] LogOutputStream:75 - [STDERR_REDIRECT] 
2026-05-04 12:05:19,193 [ERROR] LogOutputStream:75 - [STDERR_REDIRECT] [Fatal Error] :1:1: Premature end of file.
2026-05-04 12:05:19,194 [ERROR] LogOutputStream:75 - [STDERR_REDIRECT] 
2026-05-04 12:05:20,162 [ERROR] LogOutputStream:75 - [STDERR_REDIRECT] [Fatal Error] :1:1: Premature end of file.
2026-05-04 12:05:20,162 [ERROR] LogOutputStream:75 - [STDERR_REDIRECT] 
2026-05-04 12:05:21,185 [ERROR] LogOutputStream:75 - [STDERR_REDIRECT] [Fatal Error] :1:1: Premature end of file.
2026-05-04 12:05:21,185 [ERROR] LogOutputStream:75 - [STDERR_REDIRECT] 
2026-05-04 12:05:22,196 [ERROR] LogOutputStream:75 - [STDERR_REDIRECT] [Fatal Error] :1:1: Premature end of file.
2026-05-04 12:05:22,196 [ERROR] LogOutputStream:75 - [STDERR_REDIRECT] 
2026-05-04 12:05:23,179 [ERROR] LogOutputStream:75 - [STDERR_REDIRECT] [Fatal Error] :1:1: Premature end of file.
2026-05-04 12:05:23,180 [ERROR] LogOutputStream:75 - [STDERR_REDIRECT] 
2026-05-04 12:05:24,183 [ERROR] LogOutputStream:75 - [STDERR_REDIRECT] [Fatal Error] :1:1: Premature end of file.
2026-05-04 12:05:24,184 [ERROR] LogOutputStream:75 - [STDERR_REDIRECT] 
2026-05-04 12:05:25,172 [ERROR] LogOutputStream:75 - [STDERR_REDIRECT] [Fatal Error] :1:1: Premature end of file.
2026-05-04 12:05:25,173 [ERROR] LogOutputStream:75 - [STDERR_REDIRECT] 
2026-05-04 12:05:26,177 [ERROR] LogOutputStream:75 - [STDERR_REDIRECT] [Fatal Error] :1:1: Premature end of file.
2026-05-04 12:05:26,177 [ERROR] LogOutputStream:75 - [STDERR_REDIRECT] 
2026-05-04 12:05:27,131 [ERROR] LogOutputStream:75 - [STDERR_REDIRECT] [Fatal Error] :1:1: Premature end of file.
2026-05-04 12:05:27,131 [ERROR] LogOutputStream:75 - [STDERR_REDIRECT] 
2026-05-04 12:05:28,221 [ERROR] LogOutputStream:75 - [STDERR_REDIRECT] [Fatal Error] :1:1: Premature end of file.
2026-05-04 12:05:28,222 [ERROR] LogOutputStream:75 - [STDERR_REDIRECT] 
2026-05-04 12:05:29,186 [ERROR] LogOutputStream:75 - [STDERR_REDIRECT] [Fatal Error] :1:1: Premature end of file.
2026-05-04 12:05:29,186 [ERROR] LogOutputStream:75 - [STDERR_REDIRECT] 
2026-05-04 12:05:30,173 [ERROR] LogOutputStream:75 - [STDERR_REDIRECT] [Fatal Error] :1:1: Premature end of file.
2026-05-04 12:05:30,173 [ERROR] LogOutputStream:75 - [STDERR_REDIRECT] 
2026-05-04 12:05:31,155 [ERROR] LogOutputStream:75 - [STDERR_REDIRECT] [Fatal Error] :1:1: Premature end of file.
2026-05-04 12:05:31,155 [ERROR] LogOutputStream:75 - [STDERR_REDIRECT] 
2026-05-04 12:05:32,156 [ERROR] LogOutputStream:75 - [STDERR_REDIRECT] [Fatal Error] :1:1: Premature end of file.
2026-05-04 12:05:32,156 [ERROR] LogOutputStream:75 - [STDERR_REDIRECT] 
2026-05-04 12:05:33,160 [ERROR] LogOutputStream:75 - [STDERR_REDIRECT] [Fatal Error] :1:1: Premature end of file.
2026-05-04 12:05:33,161 [ERROR] LogOutputStream:75 - [STDERR_REDIRECT] 
2026-05-04 12:05:34,151 [ERROR] LogOutputStream:75 - [STDERR_REDIRECT] [Fatal Error] :1:1: Premature end of file.
2026-05-04 12:05:34,153 [ERROR] LogOutputStream:75 - [STDERR_REDIRECT] 
2026-05-04 12:05:35,169 [ERROR] LogOutputStream:75 - [STDERR_REDIRECT] [Fatal Error] :1:1: Premature end of file.
2026-05-04 12:05:35,169 [ERROR] LogOutputStream:75 - [STDERR_REDIRECT] 
2026-05-04 12:05:36,202 [ERROR] LogOutputStream:75 - [STDERR_REDIRECT] [Fatal Error] :1:1: Premature end of file.
2026-05-04 12:05:36,203 [ERROR] LogOutputStream:75 - [STDERR_REDIRECT] 
2026-05-04 12:05:37,184 [ERROR] LogOutputStream:75 - [STDERR_REDIRECT] [Fatal Error] :1:1: Premature end of file.
2026-05-04 12:05:37,185 [ERROR] LogOutputStream:75 - [STDERR_REDIRECT] 
2026-05-04 12:05:38,155 [ERROR] LogOutputStream:75 - [STDERR_REDIRECT] [Fatal Error] :1:1: Premature end of file.
2026-05-04 12:05:38,155 [ERROR] LogOutputStream:75 - [STDERR_REDIRECT] 
2026-05-04 12:05:39,165 [ERROR] LogOutputStream:75 - [STDERR_REDIRECT] [Fatal Error] :1:1: Premature end of file.
2026-05-04 12:05:39,165 [ERROR] LogOutputStream:75 - [STDERR_REDIRECT] 
2026-05-04 12:05:40,182 [ERROR] LogOutputStream:75 - [STDERR_REDIRECT] [Fatal Error] :1:1: Premature end of file.
2026-05-04 12:05:40,182 [ERROR] LogOutputStream:75 - [STDERR_REDIRECT] 
2026-05-04 12:05:41,174 [ERROR] LogOutputStream:75 - [STDERR_REDIRECT] [Fatal Error] :1:1: Premature end of file.
2026-05-04 12:05:41,174 [ERROR] LogOutputStream:75 - [STDERR_REDIRECT] 
2026-05-04 12:05:42,162 [ERROR] LogOutputStream:75 - [STDERR_REDIRECT] [Fatal Error] :1:1: Premature end of file.
2026-05-04 12:05:42,162 [ERROR] LogOutputStream:75 - [STDERR_REDIRECT] 
2026-05-04 12:05:43,167 [ERROR] LogOutputStream:75 - [STDERR_REDIRECT] [Fatal Error] :1:1: Premature end of file.
2026-05-04 12:05:43,167 [ERROR] LogOutputStream:75 - [STDERR_REDIRECT] 
2026-05-04 12:05:44,147 [ERROR] LogOutputStream:75 - [STDERR_REDIRECT] [Fatal Error] :1:1: Premature end of file.
2026-05-04 12:05:44,147 [ERROR] LogOutputStream:75 - [STDERR_REDIRECT] 
2026-05-04 12:05:45,174 [ERROR] LogOutputStream:75 - [STDERR_REDIRECT] [Fatal Error] :1:1: Premature end of file.
2026-05-04 12:05:45,175 [ERROR] LogOutputStream:75 - [STDERR_REDIRECT] 
2026-05-04 12:05:46,175 [ERROR] LogOutputStream:75 - [STDERR_REDIRECT] [Fatal Error] :1:1: Premature end of file.
2026-05-04 12:05:46,175 [ERROR] LogOutputStream:75 - [STDERR_REDIRECT] 
2026-05-04 12:05:47,162 [ERROR] LogOutputStream:75 - [STDERR_REDIRECT] [Fatal Error] :1:1: Premature end of file.
2026-05-04 12:05:47,162 [ERROR] LogOutputStream:75 - [STDERR_REDIRECT] 
2026-05-04 12:05:48,162 [ERROR] LogOutputStream:75 - [STDERR_REDIRECT] [Fatal Error] :1:1: Premature end of file.
2026-05-04 12:05:48,162 [ERROR] LogOutputStream:75 - [STDERR_REDIRECT] 
2026-05-04 12:05:49,163 [ERROR] LogOutputStream:75 - [STDERR_REDIRECT] [Fatal Error] :1:1: Premature end of file.
2026-05-04 12:05:49,163 [ERROR] LogOutputStream:75 - [STDERR_REDIRECT] 
2026-05-04 12:05:50,180 [ERROR] LogOutputStream:75 - [STDERR_REDIRECT] [Fatal Error] :1:1: Premature end of file.
2026-05-04 12:05:50,180 [ERROR] LogOutputStream:75 - [STDERR_REDIRECT] 
2026-05-04 12:05:51,165 [ERROR] LogOutputStream:75 - [STDERR_REDIRECT] [Fatal Error] :1:1: Premature end of file.
2026-05-04 12:05:51,165 [ERROR] LogOutputStream:75 - [STDERR_REDIRECT] 
2026-05-04 12:05:52,180 [ERROR] LogOutputStream:75 - [STDERR_REDIRECT] [Fatal Error] :1:1: Premature end of file.
2026-05-04 12:05:52,180 [ERROR] LogOutputStream:75 - [STDERR_REDIRECT] 
2026-05-04 12:05:53,158 [ERROR] LogOutputStream:75 - [STDERR_REDIRECT] [Fatal Error] :1:1: Premature end of file.
2026-05-04 12:05:53,158 [ERROR] LogOutputStream:75 - [STDERR_REDIRECT] 
2026-05-04 12:05:54,163 [ERROR] LogOutputStream:75 - [STDERR_REDIRECT] [Fatal Error] :1:1: Premature end of file.
2026-05-04 12:05:54,164 [ERROR] LogOutputStream:75 - [STDERR_REDIRECT] 
2026-05-04 12:05:55,164 [ERROR] LogOutputStream:75 - [STDERR_REDIRECT] [Fatal Error] :1:1: Premature end of file.
2026-05-04 12:05:55,165 [ERROR] LogOutputStream:75 - [STDERR_REDIRECT] 
2026-05-04 12:05:56,155 [ERROR] LogOutputStream:75 - [STDERR_REDIRECT] [Fatal Error] :1:1: Premature end of file.
2026-05-04 12:05:56,155 [ERROR] LogOutputStream:75 - [STDERR_REDIRECT] 
2026-05-04 12:05:57,159 [ERROR] LogOutputStream:75 - [STDERR_REDIRECT] [Fatal Error] :1:1: Premature end of file.
2026-05-04 12:05:57,159 [ERROR] LogOutputStream:75 - [STDERR_REDIRECT] 
2026-05-04 12:05:58,182 [ERROR] LogOutputStream:75 - [STDERR_REDIRECT] [Fatal Error] :1:1: Premature end of file.
2026-05-04 12:05:58,183 [ERROR] LogOutputStream:75 - [STDERR_REDIRECT] 
2026-05-04 12:05:59,178 [ERROR] LogOutputStream:75 - [STDERR_REDIRECT] [Fatal Error] :1:1: Premature end of file.
2026-05-04 12:05:59,178 [ERROR] LogOutputStream:75 - [STDERR_REDIRECT] 
2026-05-04 12:06:00,178 [ERROR] LogOutputStream:75 - [STDERR_REDIRECT] [Fatal Error] :1:1: Premature end of file.
2026-05-04 12:06:00,178 [ERROR] LogOutputStream:75 - [STDERR_REDIRECT] 
2026-05-04 12:06:01,144 [ERROR] LogOutputStream:75 - [STDERR_REDIRECT] [Fatal Error] :1:1: Premature end of file.
2026-05-04 12:06:01,144 [ERROR] LogOutputStream:75 - [STDERR_REDIRECT] 
2026-05-04 12:06:02,216 [ERROR] LogOutputStream:75 - [STDERR_REDIRECT] [Fatal Error] :1:1: Premature end of file.
2026-05-04 12:06:02,217 [ERROR] LogOutputStream:75 - [STDERR_REDIRECT] 
2026-05-04 12:06:03,162 [ERROR] LogOutputStream:75 - [STDERR_REDIRECT] [Fatal Error] :1:1: Premature end of file.
2026-05-04 12:06:03,163 [ERROR] LogOutputStream:75 - [STDERR_REDIRECT] 
2026-05-04 12:06:04,172 [ERROR] LogOutputStream:75 - [STDERR_REDIRECT] [Fatal Error] :1:1: Premature end of file.
2026-05-04 12:06:04,172 [ERROR] LogOutputStream:75 - [STDERR_REDIRECT] 
2026-05-04 12:06:05,163 [ERROR] LogOutputStream:75 - [STDERR_REDIRECT] [Fatal Error] :1:1: Premature end of file.
2026-05-04 12:06:05,163 [ERROR] LogOutputStream:75 - [STDERR_REDIRECT] 
2026-05-04 12:06:06,175 [ERROR] LogOutputStream:75 - [STDERR_REDIRECT] [Fatal Error] :1:1: Premature end of file.
2026-05-04 12:06:06,176 [ERROR] LogOutputStream:75 - [STDERR_REDIRECT] 
2026-05-04 12:06:07,170 [ERROR] LogOutputStream:75 - [STDERR_REDIRECT] [Fatal Error] :1:1: Premature end of file.
2026-05-04 12:06:07,170 [ERROR] LogOutputStream:75 - [STDERR_REDIRECT] 
2026-05-04 12:06:08,190 [ERROR] LogOutputStream:75 - [STDERR_REDIRECT] [Fatal Error] :1:1: Premature end of file.
2026-05-04 12:06:08,190 [ERROR] LogOutputStream:75 - [STDERR_REDIRECT] 
2026-05-04 12:06:09,169 [ERROR] LogOutputStream:75 - [STDERR_REDIRECT] [Fatal Error] :1:1: Premature end of file.
2026-05-04 12:06:09,169 [ERROR] LogOutputStream:75 - [STDERR_REDIRECT] 
2026-05-04 12:06:10,182 [ERROR] LogOutputStream:75 - [STDERR_REDIRECT] [Fatal Error] :1:1: Premature end of file.
2026-05-04 12:06:10,182 [ERROR] LogOutputStream:75 - [STDERR_REDIRECT] 
2026-05-04 12:06:11,197 [ERROR] LogOutputStream:75 - [STDERR_REDIRECT] [Fatal Error] :1:1: Premature end of file.
2026-05-04 12:06:11,197 [ERROR] LogOutputStream:75 - [STDERR_REDIRECT] 
2026-05-04 12:06:12,156 [ERROR] LogOutputStream:75 - [STDERR_REDIRECT] [Fatal Error] :1:1: Premature end of file.
2026-05-04 12:06:12,156 [ERROR] LogOutputStream:75 - [STDERR_REDIRECT] 
2026-05-04 12:06:13,159 [ERROR] LogOutputStream:75 - [STDERR_REDIRECT] [Fatal Error] :1:1: Premature end of file.
2026-05-04 12:06:13,160 [ERROR] LogOutputStream:75 - [STDERR_REDIRECT] 
2026-05-04 12:06:14,177 [ERROR] LogOutputStream:75 - [STDERR_REDIRECT] [Fatal Error] :1:1: Premature end of file.
2026-05-04 12:06:14,177 [ERROR] LogOutputStream:75 - [STDERR_REDIRECT] 
2026-05-04 12:06:15,173 [ERROR] LogOutputStream:75 - [STDERR_REDIRECT] [Fatal Error] :1:1: Premature end of file.
2026-05-04 12:06:15,173 [ERROR] LogOutputStream:75 - [STDERR_REDIRECT] 
2026-05-04 12:06:16,176 [ERROR] LogOutputStream:75 - [STDERR_REDIRECT] [Fatal Error] :1:1: Premature end of file.
2026-05-04 12:06:16,176 [ERROR] LogOutputStream:75 - [STDERR_REDIRECT] 
2026-05-04 12:06:17,165 [ERROR] LogOutputStream:75 - [STDERR_REDIRECT] [Fatal Error] :1:1: Premature end of file.
2026-05-04 12:06:17,165 [ERROR] LogOutputStream:75 - [STDERR_REDIRECT] 
2026-05-04 12:06:18,149 [ERROR] LogOutputStream:75 - [STDERR_REDIRECT] [Fatal Error] :1:1: Premature end of file.
2026-05-04 12:06:18,150 [ERROR] LogOutputStream:75 - [STDERR_REDIRECT] 
2026-05-04 12:06:19,172 [ERROR] LogOutputStream:75 - [STDERR_REDIRECT] [Fatal Error] :1:1: Premature end of file.
2026-05-04 12:06:19,173 [ERROR] LogOutputStream:75 - [STDERR_REDIRECT] 
2026-05-04 12:06:20,173 [ERROR] LogOutputStream:75 - [STDERR_REDIRECT] [Fatal Error] :1:1: Premature end of file.
2026-05-04 12:06:20,173 [ERROR] LogOutputStream:75 - [STDERR_REDIRECT] 
2026-05-04 12:06:21,171 [ERROR] LogOutputStream:75 - [STDERR_REDIRECT] [Fatal Error] :1:1: Premature end of file.
2026-05-04 12:06:21,172 [ERROR] LogOutputStream:75 - [STDERR_REDIRECT] 
2026-05-04 12:06:22,168 [ERROR] LogOutputStream:75 - [STDERR_REDIRECT] [Fatal Error] :1:1: Premature end of file.
2026-05-04 12:06:22,169 [ERROR] LogOutputStream:75 - [STDERR_REDIRECT] 
2026-05-04 12:06:23,156 [ERROR] LogOutputStream:75 - [STDERR_REDIRECT] [Fatal Error] :1:1: Premature end of file.
2026-05-04 12:06:23,157 [ERROR] LogOutputStream:75 - [STDERR_REDIRECT] 
2026-05-04 12:06:24,160 [ERROR] LogOutputStream:75 - [STDERR_REDIRECT] [Fatal Error] :1:1: Premature end of file.
2026-05-04 12:06:24,160 [ERROR] LogOutputStream:75 - [STDERR_REDIRECT] 
2026-05-04 12:06:25,158 [ERROR] LogOutputStream:75 - [STDERR_REDIRECT] [Fatal Error] :1:1: Premature end of file.
2026-05-04 12:06:25,159 [ERROR] LogOutputStream:75 - [STDERR_REDIRECT] 
2026-05-04 12:06:26,155 [ERROR] LogOutputStream:75 - [STDERR_REDIRECT] [Fatal Error] :1:1: Premature end of file.
2026-05-04 12:06:26,155 [ERROR] LogOutputStream:75 - [STDERR_REDIRECT] 
2026-05-04 12:06:27,151 [ERROR] LogOutputStream:75 - [STDERR_REDIRECT] [Fatal Error] :1:1: Premature end of file.
2026-05-04 12:06:27,151 [ERROR] LogOutputStream:75 - [STDERR_REDIRECT] 
2026-05-04 12:06:28,142 [ERROR] LogOutputStream:75 - [STDERR_REDIRECT] [Fatal Error] :1:1: Premature end of file.
2026-05-04 12:06:28,142 [ERROR] LogOutputStream:75 - [STDERR_REDIRECT] 
2026-05-04 12:06:29,171 [ERROR] LogOutputStream:75 - [STDERR_REDIRECT] [Fatal Error] :1:1: Premature end of file.
2026-05-04 12:06:29,172 [ERROR] LogOutputStream:75 - [STDERR_REDIRECT] 
2026-05-04 12:06:30,211 [ERROR] LogOutputStream:75 - [STDERR_REDIRECT] [Fatal Error] :1:1: Premature end of file.
2026-05-04 12:06:30,211 [ERROR] LogOutputStream:75 - [STDERR_REDIRECT] 
2026-05-04 12:06:31,176 [ERROR] LogOutputStream:75 - [STDERR_REDIRECT] [Fatal Error] :1:1: Premature end of file.
2026-05-04 12:06:31,176 [ERROR] LogOutputStream:75 - [STDERR_REDIRECT] 
2026-05-04 12:06:32,161 [ERROR] LogOutputStream:75 - [STDERR_REDIRECT] [Fatal Error] :1:1: Premature end of file.
2026-05-04 12:06:32,161 [ERROR] LogOutputStream:75 - [STDERR_REDIRECT] 
2026-05-04 12:06:33,165 [ERROR] LogOutputStream:75 - [STDERR_REDIRECT] [Fatal Error] :1:1: Premature end of file.
2026-05-04 12:06:33,165 [ERROR] LogOutputStream:75 - [STDERR_REDIRECT] 
2026-05-04 12:06:34,156 [ERROR] LogOutputStream:75 - [STDERR_REDIRECT] [Fatal Error] :1:1: Premature end of file.
2026-05-04 12:06:34,157 [ERROR] LogOutputStream:75 - [STDERR_REDIRECT] 
2026-05-04 12:06:35,147 [ERROR] LogOutputStream:75 - [STDERR_REDIRECT] [Fatal Error] :1:1: Premature end of file.
2026-05-04 12:06:35,147 [ERROR] LogOutputStream:75 - [STDERR_REDIRECT] 
2026-05-04 12:06:36,159 [ERROR] LogOutputStream:75 - [STDERR_REDIRECT] [Fatal Error] :1:1: Premature end of file.
2026-05-04 12:06:36,160 [ERROR] LogOutputStream:75 - [STDERR_REDIRECT] 
2026-05-04 12:06:37,177 [ERROR] LogOutputStream:75 - [STDERR_REDIRECT] [Fatal Error] :1:1: Premature end of file.
2026-05-04 12:06:37,178 [ERROR] LogOutputStream:75 - [STDERR_REDIRECT] 
2026-05-04 12:06:38,179 [ERROR] LogOutputStream:75 - [STDERR_REDIRECT] [Fatal Error] :1:1: Premature end of file.
2026-05-04 12:06:38,179 [ERROR] LogOutputStream:75 - [STDERR_REDIRECT] 
2026-05-04 12:06:39,161 [ERROR] LogOutputStream:75 - [STDERR_REDIRECT] [Fatal Error] :1:1: Premature end of file.
2026-05-04 12:06:39,161 [ERROR] LogOutputStream:75 - [STDERR_REDIRECT] 
2026-05-04 12:06:40,196 [ERROR] LogOutputStream:75 - [STDERR_REDIRECT] [Fatal Error] :1:1: Premature end of file.
2026-05-04 12:06:40,196 [ERROR] LogOutputStream:75 - [STDERR_REDIRECT] 
2026-05-04 12:06:41,175 [ERROR] LogOutputStream:75 - [STDERR_REDIRECT] [Fatal Error] :1:1: Premature end of file.
2026-05-04 12:06:41,177 [ERROR] LogOutputStream:75 - [STDERR_REDIRECT] 
2026-05-04 12:06:42,169 [ERROR] LogOutputStream:75 - [STDERR_REDIRECT] [Fatal Error] :1:1: Premature end of file.
2026-05-04 12:06:42,169 [ERROR] LogOutputStream:75 - [STDERR_REDIRECT] 
2026-05-04 12:06:43,165 [ERROR] LogOutputStream:75 - [STDERR_REDIRECT] [Fatal Error] :1:1: Premature end of file.
2026-05-04 12:06:43,165 [ERROR] LogOutputStream:75 - [STDERR_REDIRECT] 
2026-05-04 12:06:44,169 [ERROR] LogOutputStream:75 - [STDERR_REDIRECT] [Fatal Error] :1:1: Premature end of file.
2026-05-04 12:06:44,170 [ERROR] LogOutputStream:75 - [STDERR_REDIRECT] 
2026-05-04 12:06:45,174 [ERROR] LogOutputStream:75 - [STDERR_REDIRECT] [Fatal Error] :1:1: Premature end of file.
2026-05-04 12:06:45,174 [ERROR] LogOutputStream:75 - [STDERR_REDIRECT] 
2026-05-04 12:06:46,180 [ERROR] LogOutputStream:75 - [STDERR_REDIRECT] [Fatal Error] :1:1: Premature end of file.
2026-05-04 12:06:46,180 [ERROR] LogOutputStream:75 - [STDERR_REDIRECT] 
2026-05-04 12:06:47,169 [ERROR] LogOutputStream:75 - [STDERR_REDIRECT] [Fatal Error] :1:1: Premature end of file.
2026-05-04 12:06:47,169 [ERROR] LogOutputStream:75 - [STDERR_REDIRECT] 
2026-05-04 12:06:48,169 [ERROR] LogOutputStream:75 - [STDERR_REDIRECT] [Fatal Error] :1:1: Premature end of file.
2026-05-04 12:06:48,169 [ERROR] LogOutputStream:75 - [STDERR_REDIRECT] 
2026-05-04 12:06:49,174 [ERROR] LogOutputStream:75 - [STDERR_REDIRECT] [Fatal Error] :1:1: Premature end of file.
2026-05-04 12:06:49,175 [ERROR] LogOutputStream:75 - [STDERR_REDIRECT] 
2026-05-04 12:06:50,164 [ERROR] LogOutputStream:75 - [STDERR_REDIRECT] [Fatal Error] :1:1: Premature end of file.
2026-05-04 12:06:50,164 [ERROR] LogOutputStream:75 - [STDERR_REDIRECT] 
2026-05-04 12:06:51,165 [ERROR] LogOutputStream:75 - [STDERR_REDIRECT] [Fatal Error] :1:1: Premature end of file.
2026-05-04 12:06:51,170 [ERROR] LogOutputStream:75 - [STDERR_REDIRECT] 
2026-05-04 12:06:52,138 [ERROR] LogOutputStream:75 - [STDERR_REDIRECT] [Fatal Error] :1:1: Premature end of file.
2026-05-04 12:06:52,138 [ERROR] LogOutputStream:75 - [STDERR_REDIRECT] 
2026-05-04 12:06:53,167 [ERROR] LogOutputStream:75 - [STDERR_REDIRECT] [Fatal Error] :1:1: Premature end of file.
2026-05-04 12:06:53,168 [ERROR] LogOutputStream:75 - [STDERR_REDIRECT] 
2026-05-04 12:06:54,162 [ERROR] LogOutputStream:75 - [STDERR_REDIRECT] [Fatal Error] :1:1: Premature end of file.
2026-05-04 12:06:54,163 [ERROR] LogOutputStream:75 - [STDERR_REDIRECT] 
2026-05-04 12:06:55,159 [ERROR] LogOutputStream:75 - [STDERR_REDIRECT] [Fatal Error] :1:1: Premature end of file.
2026-05-04 12:06:55,159 [ERROR] LogOutputStream:75 - [STDERR_REDIRECT] 
2026-05-04 12:06:56,151 [ERROR] LogOutputStream:75 - [STDERR_REDIRECT] [Fatal Error] :1:1: Premature end of file.
2026-05-04 12:06:56,151 [ERROR] LogOutputStream:75 - [STDERR_REDIRECT] 
2026-05-04 12:06:57,144 [ERROR] LogOutputStream:75 - [STDERR_REDIRECT] [Fatal Error] :1:1: Premature end of file.
2026-05-04 12:06:57,144 [ERROR] LogOutputStream:75 - [STDERR_REDIRECT] 
2026-05-04 12:06:58,194 [ERROR] LogOutputStream:75 - [STDERR_REDIRECT] [Fatal Error] :1:1: Premature end of file.
2026-05-04 12:06:58,195 [ERROR] LogOutputStream:75 - [STDERR_REDIRECT] 
2026-05-04 12:06:59,173 [ERROR] LogOutputStream:75 - [STDERR_REDIRECT] [Fatal Error] :1:1: Premature end of file.
2026-05-04 12:06:59,174 [ERROR] LogOutputStream:75 - [STDERR_REDIRECT] 
2026-05-04 12:07:00,155 [ERROR] LogOutputStream:75 - [STDERR_REDIRECT] [Fatal Error] :1:1: Premature end of file.
2026-05-04 12:07:00,156 [ERROR] LogOutputStream:75 - [STDERR_REDIRECT] 
2026-05-04 12:07:01,156 [ERROR] LogOutputStream:75 - [STDERR_REDIRECT] [Fatal Error] :1:1: Premature end of file.
2026-05-04 12:07:01,156 [ERROR] LogOutputStream:75 - [STDERR_REDIRECT] 
2026-05-04 12:07:02,180 [ERROR] LogOutputStream:75 - [STDERR_REDIRECT] [Fatal Error] :1:1: Premature end of file.
2026-05-04 12:07:02,181 [ERROR] LogOutputStream:75 - [STDERR_REDIRECT] 
2026-05-04 12:07:03,173 [ERROR] LogOutputStream:75 - [STDERR_REDIRECT] [Fatal Error] :1:1: Premature end of file.
2026-05-04 12:07:03,174 [ERROR] LogOutputStream:75 - [STDERR_REDIRECT] 
2026-05-04 12:07:04,173 [ERROR] LogOutputStream:75 - [STDERR_REDIRECT] [Fatal Error] :1:1: Premature end of file.
2026-05-04 12:07:04,174 [ERROR] LogOutputStream:75 - [STDERR_REDIRECT] 
2026-05-04 12:07:05,142 [ERROR] LogOutputStream:75 - [STDERR_REDIRECT] [Fatal Error] :1:1: Premature end of file.
2026-05-04 12:07:05,143 [ERROR] LogOutputStream:75 - [STDERR_REDIRECT] 
2026-05-04 12:07:06,169 [ERROR] LogOutputStream:75 - [STDERR_REDIRECT] [Fatal Error] :1:1: Premature end of file.
2026-05-04 12:07:06,169 [ERROR] LogOutputStream:75 - [STDERR_REDIRECT] 
2026-05-04 12:07:07,168 [ERROR] LogOutputStream:75 - [STDERR_REDIRECT] [Fatal Error] :1:1: Premature end of file.
2026-05-04 12:07:07,169 [ERROR] LogOutputStream:75 - [STDERR_REDIRECT] 
2026-05-04 12:07:08,172 [ERROR] LogOutputStream:75 - [STDERR_REDIRECT] [Fatal Error] :1:1: Premature end of file.
2026-05-04 12:07:08,173 [ERROR] LogOutputStream:75 - [STDERR_REDIRECT] 
2026-05-04 12:07:09,156 [ERROR] LogOutputStream:75 - [STDERR_REDIRECT] [Fatal Error] :1:1: Premature end of file.
2026-05-04 12:07:09,156 [ERROR] LogOutputStream:75 - [STDERR_REDIRECT] 
2026-05-04 12:07:10,166 [ERROR] LogOutputStream:75 - [STDERR_REDIRECT] [Fatal Error] :1:1: Premature end of file.
2026-05-04 12:07:10,166 [ERROR] LogOutputStream:75 - [STDERR_REDIRECT] 
2026-05-04 12:07:11,179 [ERROR] LogOutputStream:75 - [STDERR_REDIRECT] [Fatal Error] :1:1: Premature end of file.
2026-05-04 12:07:11,180 [ERROR] LogOutputStream:75 - [STDERR_REDIRECT] 
2026-05-04 12:07:12,165 [ERROR] LogOutputStream:75 - [STDERR_REDIRECT] [Fatal Error] :1:1: Premature end of file.
2026-05-04 12:07:12,165 [ERROR] LogOutputStream:75 - [STDERR_REDIRECT] 
2026-05-04 12:07:13,190 [ERROR] LogOutputStream:75 - [STDERR_REDIRECT] [Fatal Error] :1:1: Premature end of file.
2026-05-04 12:07:13,191 [ERROR] LogOutputStream:75 - [STDERR_REDIRECT] 
2026-05-04 12:07:14,202 [ERROR] LogOutputStream:75 - [STDERR_REDIRECT] [Fatal Error] :1:1: Premature end of file.
2026-05-04 12:07:14,203 [ERROR] LogOutputStream:75 - [STDERR_REDIRECT] 
2026-05-04 12:07:15,160 [ERROR] LogOutputStream:75 - [STDERR_REDIRECT] [Fatal Error] :1:1: Premature end of file.
2026-05-04 12:07:15,161 [ERROR] LogOutputStream:75 - [STDERR_REDIRECT] 
2026-05-04 12:07:16,164 [ERROR] LogOutputStream:75 - [STDERR_REDIRECT] [Fatal Error] :1:1: Premature end of file.
2026-05-04 12:07:16,165 [ERROR] LogOutputStream:75 - [STDERR_REDIRECT] 
2026-05-04 12:07:17,150 [ERROR] LogOutputStream:75 - [STDERR_REDIRECT] [Fatal Error] :1:1: Premature end of file.
2026-05-04 12:07:17,152 [ERROR] LogOutputStream:75 - [STDERR_REDIRECT] 
2026-05-04 12:07:18,143 [ERROR] LogOutputStream:75 - [STDERR_REDIRECT] [Fatal Error] :1:1: Premature end of file.
2026-05-04 12:07:18,143 [ERROR] LogOutputStream:75 - [STDERR_REDIRECT] 
2026-05-04 12:07:19,140 [ERROR] LogOutputStream:75 - [STDERR_REDIRECT] [Fatal Error] :1:1: Premature end of file.
2026-05-04 12:07:19,140 [ERROR] LogOutputStream:75 - [STDERR_REDIRECT] 
2026-05-04 12:07:20,155 [ERROR] LogOutputStream:75 - [STDERR_REDIRECT] [Fatal Error] :1:1: Premature end of file.
2026-05-04 12:07:20,155 [ERROR] LogOutputStream:75 - [STDERR_REDIRECT] 
2026-05-04 12:07:21,181 [ERROR] LogOutputStream:75 - [STDERR_REDIRECT] [Fatal Error] :1:1: Premature end of file.
2026-05-04 12:07:21,181 [ERROR] LogOutputStream:75 - [STDERR_REDIRECT] 
2026-05-04 12:07:22,161 [ERROR] LogOutputStream:75 - [STDERR_REDIRECT] [Fatal Error] :1:1: Premature end of file.
2026-05-04 12:07:22,161 [ERROR] LogOutputStream:75 - [STDERR_REDIRECT] 
2026-05-04 12:07:23,154 [ERROR] LogOutputStream:75 - [STDERR_REDIRECT] [Fatal Error] :1:1: Premature end of file.
2026-05-04 12:07:23,154 [ERROR] LogOutputStream:75 - [STDERR_REDIRECT] 
2026-05-04 12:07:24,161 [ERROR] LogOutputStream:75 - [STDERR_REDIRECT] [Fatal Error] :1:1: Premature end of file.
2026-05-04 12:07:24,161 [ERROR] LogOutputStream:75 - [STDERR_REDIRECT] 
2026-05-04 12:07:25,175 [ERROR] LogOutputStream:75 - [STDERR_REDIRECT] [Fatal Error] :1:1: Premature end of file.
2026-05-04 12:07:25,176 [ERROR] LogOutputStream:75 - [STDERR_REDIRECT] 
2026-05-04 12:07:26,188 [ERROR] LogOutputStream:75 - [STDERR_REDIRECT] [Fatal Error] :1:1: Premature end of file.
2026-05-04 12:07:26,189 [ERROR] LogOutputStream:75 - [STDERR_REDIRECT] 
2026-05-04 12:07:27,162 [ERROR] LogOutputStream:75 - [STDERR_REDIRECT] [Fatal Error] :1:1: Premature end of file.
2026-05-04 12:07:27,163 [ERROR] LogOutputStream:75 - [STDERR_REDIRECT] 
2026-05-04 12:07:28,164 [ERROR] LogOutputStream:75 - [STDERR_REDIRECT] [Fatal Error] :1:1: Premature end of file.
2026-05-04 12:07:28,164 [ERROR] LogOutputStream:75 - [STDERR_REDIRECT] 
2026-05-04 12:07:29,151 [ERROR] LogOutputStream:75 - [STDERR_REDIRECT] [Fatal Error] :1:1: Premature end of file.
2026-05-04 12:07:29,151 [ERROR] LogOutputStream:75 - [STDERR_REDIRECT] 
2026-05-04 12:07:30,147 [ERROR] LogOutputStream:75 - [STDERR_REDIRECT] [Fatal Error] :1:1: Premature end of file.
2026-05-04 12:07:30,147 [ERROR] LogOutputStream:75 - [STDERR_REDIRECT] 
2026-05-04 12:07:31,175 [ERROR] LogOutputStream:75 - [STDERR_REDIRECT] [Fatal Error] :1:1: Premature end of file.
2026-05-04 12:07:31,175 [ERROR] LogOutputStream:75 - [STDERR_REDIRECT] 
2026-05-04 12:07:32,165 [ERROR] LogOutputStream:75 - [STDERR_REDIRECT] [Fatal Error] :1:1: Premature end of file.
2026-05-04 12:07:32,165 [ERROR] LogOutputStream:75 - [STDERR_REDIRECT] 
2026-05-04 12:07:33,174 [ERROR] LogOutputStream:75 - [STDERR_REDIRECT] [Fatal Error] :1:1: Premature end of file.
2026-05-04 12:07:33,175 [ERROR] LogOutputStream:75 - [STDERR_REDIRECT] 
2026-05-04 12:07:34,179 [ERROR] LogOutputStream:75 - [STDERR_REDIRECT] [Fatal Error] :1:1: Premature end of file.
2026-05-04 12:07:34,179 [ERROR] LogOutputStream:75 - [STDERR_REDIRECT] 
2026-05-04 12:07:35,158 [ERROR] LogOutputStream:75 - [STDERR_REDIRECT] [Fatal Error] :1:1: Premature end of file.
2026-05-04 12:07:35,158 [ERROR] LogOutputStream:75 - [STDERR_REDIRECT] 
2026-05-04 12:07:36,156 [ERROR] LogOutputStream:75 - [STDERR_REDIRECT] [Fatal Error] :1:1: Premature end of file.
2026-05-04 12:07:36,156 [ERROR] LogOutputStream:75 - [STDERR_REDIRECT] 
2026-05-04 12:07:37,162 [ERROR] LogOutputStream:75 - [STDERR_REDIRECT] [Fatal Error] :1:1: Premature end of file.
2026-05-04 12:07:37,163 [ERROR] LogOutputStream:75 - [STDERR_REDIRECT] 
2026-05-04 12:07:38,164 [ERROR] LogOutputStream:75 - [STDERR_REDIRECT] [Fatal Error] :1:1: Premature end of file.
2026-05-04 12:07:38,164 [ERROR] LogOutputStream:75 - [STDERR_REDIRECT] 
2026-05-04 12:07:39,170 [ERROR] LogOutputStream:75 - [STDERR_REDIRECT] [Fatal Error] :1:1: Premature end of file.
2026-05-04 12:07:39,170 [ERROR] LogOutputStream:75 - [STDERR_REDIRECT] 
2026-05-04 12:07:40,170 [ERROR] LogOutputStream:75 - [STDERR_REDIRECT] [Fatal Error] :1:1: Premature end of file.
2026-05-04 12:07:40,170 [ERROR] LogOutputStream:75 - [STDERR_REDIRECT] 
2026-05-04 12:07:41,170 [ERROR] LogOutputStream:75 - [STDERR_REDIRECT] [Fatal Error] :1:1: Premature end of file.
2026-05-04 12:07:41,171 [ERROR] LogOutputStream:75 - [STDERR_REDIRECT] 
2026-05-04 12:07:42,175 [ERROR] LogOutputStream:75 - [STDERR_REDIRECT] [Fatal Error] :1:1: Premature end of file.
2026-05-04 12:07:42,175 [ERROR] LogOutputStream:75 - [STDERR_REDIRECT] 
2026-05-04 12:07:43,172 [ERROR] LogOutputStream:75 - [STDERR_REDIRECT] [Fatal Error] :1:1: Premature end of file.
2026-05-04 12:07:43,172 [ERROR] LogOutputStream:75 - [STDERR_REDIRECT] 
2026-05-04 12:07:44,163 [ERROR] LogOutputStream:75 - [STDERR_REDIRECT] [Fatal Error] :1:1: Premature end of file.
2026-05-04 12:07:44,163 [ERROR] LogOutputStream:75 - [STDERR_REDIRECT] 
2026-05-04 12:07:45,161 [ERROR] LogOutputStream:75 - [STDERR_REDIRECT] [Fatal Error] :1:1: Premature end of file.
2026-05-04 12:07:45,162 [ERROR] LogOutputStream:75 - [STDERR_REDIRECT] 
2026-05-04 12:07:46,194 [ERROR] LogOutputStream:75 - [STDERR_REDIRECT] [Fatal Error] :1:1: Premature end of file.
2026-05-04 12:07:46,195 [ERROR] LogOutputStream:75 - [STDERR_REDIRECT] 
2026-05-04 12:07:47,129 [ERROR] LogOutputStream:75 - [STDERR_REDIRECT] [Fatal Error] :1:1: Premature end of file.
2026-05-04 12:07:47,129 [ERROR] LogOutputStream:75 - [STDERR_REDIRECT] 
2026-05-04 12:07:48,175 [ERROR] LogOutputStream:75 - [STDERR_REDIRECT] [Fatal Error] :1:1: Premature end of file.
2026-05-04 12:07:48,175 [ERROR] LogOutputStream:75 - [STDERR_REDIRECT] 
2026-05-04 12:07:49,183 [ERROR] LogOutputStream:75 - [STDERR_REDIRECT] [Fatal Error] :1:1: Premature end of file.
2026-05-04 12:07:49,183 [ERROR] LogOutputStream:75 - [STDERR_REDIRECT] 
2026-05-04 12:07:50,175 [ERROR] LogOutputStream:75 - [STDERR_REDIRECT] [Fatal Error] :1:1: Premature end of file.
2026-05-04 12:07:50,175 [ERROR] LogOutputStream:75 - [STDERR_REDIRECT] 
2026-05-04 12:07:51,157 [ERROR] LogOutputStream:75 - [STDERR_REDIRECT] [Fatal Error] :1:1: Premature end of file.
2026-05-04 12:07:51,157 [ERROR] LogOutputStream:75 - [STDERR_REDIRECT] 
2026-05-04 12:07:52,158 [ERROR] LogOutputStream:75 - [STDERR_REDIRECT] [Fatal Error] :1:1: Premature end of file.
2026-05-04 12:07:52,158 [ERROR] LogOutputStream:75 - [STDERR_REDIRECT] 
2026-05-04 12:07:53,196 [ERROR] LogOutputStream:75 - [STDERR_REDIRECT] [Fatal Error] :1:1: Premature end of file.
2026-05-04 12:07:53,196 [ERROR] LogOutputStream:75 - [STDERR_REDIRECT] 
2026-05-04 12:07:54,153 [ERROR] LogOutputStream:75 - [STDERR_REDIRECT] [Fatal Error] :1:1: Premature end of file.
2026-05-04 12:07:54,154 [ERROR] LogOutputStream:75 - [STDERR_REDIRECT] 
2026-05-04 12:07:55,170 [ERROR] LogOutputStream:75 - [STDERR_REDIRECT] [Fatal Error] :1:1: Premature end of file.
2026-05-04 12:07:55,171 [ERROR] LogOutputStream:75 - [STDERR_REDIRECT] 
2026-05-04 12:07:56,186 [ERROR] LogOutputStream:75 - [STDERR_REDIRECT] [Fatal Error] :1:1: Premature end of file.
2026-05-04 12:07:56,187 [ERROR] LogOutputStream:75 - [STDERR_REDIRECT] 
2026-05-04 12:07:57,169 [ERROR] LogOutputStream:75 - [STDERR_REDIRECT] [Fatal Error] :1:1: Premature end of file.
2026-05-04 12:07:57,169 [ERROR] LogOutputStream:75 - [STDERR_REDIRECT] 
2026-05-04 12:07:58,188 [ERROR] LogOutputStream:75 - [STDERR_REDIRECT] [Fatal Error] :1:1: Premature end of file.
2026-05-04 12:07:58,188 [ERROR] LogOutputStream:75 - [STDERR_REDIRECT] 
2026-05-04 12:07:59,185 [ERROR] LogOutputStream:75 - [STDERR_REDIRECT] [Fatal Error] :1:1: Premature end of file.
2026-05-04 12:07:59,185 [ERROR] LogOutputStream:75 - [STDERR_REDIRECT] 
2026-05-04 12:08:00,156 [ERROR] LogOutputStream:75 - [STDERR_REDIRECT] [Fatal Error] :1:1: Premature end of file.
2026-05-04 12:08:00,156 [ERROR] LogOutputStream:75 - [STDERR_REDIRECT] 
2026-05-04 12:08:01,169 [ERROR] LogOutputStream:75 - [STDERR_REDIRECT] [Fatal Error] :1:1: Premature end of file.
2026-05-04 12:08:01,169 [ERROR] LogOutputStream:75 - [STDERR_REDIRECT] 
2026-05-04 12:08:02,189 [ERROR] LogOutputStream:75 - [STDERR_REDIRECT] [Fatal Error] :1:1: Premature end of file.
2026-05-04 12:08:02,189 [ERROR] LogOutputStream:75 - [STDERR_REDIRECT] 
2026-05-04 12:08:03,182 [ERROR] LogOutputStream:75 - [STDERR_REDIRECT] [Fatal Error] :1:1: Premature end of file.
2026-05-04 12:08:03,182 [ERROR] LogOutputStream:75 - [STDERR_REDIRECT] 
2026-05-04 12:08:04,171 [ERROR] LogOutputStream:75 - [STDERR_REDIRECT] [Fatal Error] :1:1: Premature end of file.
2026-05-04 12:08:04,172 [ERROR] LogOutputStream:75 - [STDERR_REDIRECT] 
2026-05-04 12:08:05,184 [ERROR] LogOutputStream:75 - [STDERR_REDIRECT] [Fatal Error] :1:1: Premature end of file.
2026-05-04 12:08:05,185 [ERROR] LogOutputStream:75 - [STDERR_REDIRECT] 
2026-05-04 12:08:06,175 [ERROR] LogOutputStream:75 - [STDERR_REDIRECT] [Fatal Error] :1:1: Premature end of file.
2026-05-04 12:08:06,175 [ERROR] LogOutputStream:75 - [STDERR_REDIRECT] 
2026-05-04 12:08:07,191 [ERROR] LogOutputStream:75 - [STDERR_REDIRECT] [Fatal Error] :1:1: Premature end of file.
2026-05-04 12:08:07,191 [ERROR] LogOutputStream:75 - [STDERR_REDIRECT] 
2026-05-04 12:08:08,159 [ERROR] LogOutputStream:75 - [STDERR_REDIRECT] [Fatal Error] :1:1: Premature end of file.
2026-05-04 12:08:08,159 [ERROR] LogOutputStream:75 - [STDERR_REDIRECT] 
2026-05-04 12:08:09,159 [ERROR] LogOutputStream:75 - [STDERR_REDIRECT] [Fatal Error] :1:1: Premature end of file.
2026-05-04 12:08:09,159 [ERROR] LogOutputStream:75 - [STDERR_REDIRECT] 
2026-05-04 12:08:10,185 [ERROR] LogOutputStream:75 - [STDERR_REDIRECT] [Fatal Error] :1:1: Premature end of file.
2026-05-04 12:08:10,185 [ERROR] LogOutputStream:75 - [STDERR_REDIRECT] 
2026-05-04 12:08:11,182 [ERROR] LogOutputStream:75 - [STDERR_REDIRECT] [Fatal Error] :1:1: Premature end of file.
2026-05-04 12:08:11,182 [ERROR] LogOutputStream:75 - [STDERR_REDIRECT] 
2026-05-04 12:08:12,172 [ERROR] LogOutputStream:75 - [STDERR_REDIRECT] [Fatal Error] :1:1: Premature end of file.
2026-05-04 12:08:12,174 [ERROR] LogOutputStream:75 - [STDERR_REDIRECT] 
2026-05-04 12:08:13,169 [ERROR] LogOutputStream:75 - [STDERR_REDIRECT] [Fatal Error] :1:1: Premature end of file.
2026-05-04 12:08:13,169 [ERROR] LogOutputStream:75 - [STDERR_REDIRECT] 
2026-05-04 12:08:14,138 [ERROR] LogOutputStream:75 - [STDERR_REDIRECT] [Fatal Error] :1:1: Premature end of file.
2026-05-04 12:08:14,139 [ERROR] LogOutputStream:75 - [STDERR_REDIRECT] 
2026-05-04 12:08:15,159 [ERROR] LogOutputStream:75 - [STDERR_REDIRECT] [Fatal Error] :1:1: Premature end of file.
2026-05-04 12:08:15,159 [ERROR] LogOutputStream:75 - [STDERR_REDIRECT] 
2026-05-04 12:08:16,158 [ERROR] LogOutputStream:75 - [STDERR_REDIRECT] [Fatal Error] :1:1: Premature end of file.
2026-05-04 12:08:16,158 [ERROR] LogOutputStream:75 - [STDERR_REDIRECT] 
2026-05-04 12:08:17,166 [ERROR] LogOutputStream:75 - [STDERR_REDIRECT] [Fatal Error] :1:1: Premature end of file.
2026-05-04 12:08:17,166 [ERROR] LogOutputStream:75 - [STDERR_REDIRECT] 
2026-05-04 12:08:18,151 [ERROR] LogOutputStream:75 - [STDERR_REDIRECT] [Fatal Error] :1:1: Premature end of file.
2026-05-04 12:08:18,152 [ERROR] LogOutputStream:75 - [STDERR_REDIRECT] 
2026-05-04 12:08:19,180 [ERROR] LogOutputStream:75 - [STDERR_REDIRECT] [Fatal Error] :1:1: Premature end of file.
2026-05-04 12:08:19,180 [ERROR] LogOutputStream:75 - [STDERR_REDIRECT] 
2026-05-04 12:08:20,163 [ERROR] LogOutputStream:75 - [STDERR_REDIRECT] [Fatal Error] :1:1: Premature end of file.
2026-05-04 12:08:20,164 [ERROR] LogOutputStream:75 - [STDERR_REDIRECT] 
2026-05-04 12:08:21,188 [ERROR] LogOutputStream:75 - [STDERR_REDIRECT] [Fatal Error] :1:1: Premature end of file.
2026-05-04 12:08:21,188 [ERROR] LogOutputStream:75 - [STDERR_REDIRECT] 
2026-05-04 12:08:22,173 [ERROR] LogOutputStream:75 - [STDERR_REDIRECT] [Fatal Error] :1:1: Premature end of file.
2026-05-04 12:08:22,173 [ERROR] LogOutputStream:75 - [STDERR_REDIRECT] 
2026-05-04 12:08:23,180 [ERROR] LogOutputStream:75 - [STDERR_REDIRECT] [Fatal Error] :1:1: Premature end of file.
2026-05-04 12:08:23,180 [ERROR] LogOutputStream:75 - [STDERR_REDIRECT] 
2026-05-04 12:08:24,153 [ERROR] LogOutputStream:75 - [STDERR_REDIRECT] [Fatal Error] :1:1: Premature end of file.
2026-05-04 12:08:24,154 [ERROR] LogOutputStream:75 - [STDERR_REDIRECT] 
2026-05-04 12:08:25,158 [ERROR] LogOutputStream:75 - [STDERR_REDIRECT] [Fatal Error] :1:1: Premature end of file.
2026-05-04 12:08:25,158 [ERROR] LogOutputStream:75 - [STDERR_REDIRECT] 
2026-05-04 12:08:26,173 [ERROR] LogOutputStream:75 - [STDERR_REDIRECT] [Fatal Error] :1:1: Premature end of file.
2026-05-04 12:08:26,173 [ERROR] LogOutputStream:75 - [STDERR_REDIRECT] 
2026-05-04 12:08:27,187 [ERROR] LogOutputStream:75 - [STDERR_REDIRECT] [Fatal Error] :1:1: Premature end of file.
2026-05-04 12:08:27,187 [ERROR] LogOutputStream:75 - [STDERR_REDIRECT] 
2026-05-04 12:08:28,161 [ERROR] LogOutputStream:75 - [STDERR_REDIRECT] [Fatal Error] :1:1: Premature end of file.
2026-05-04 12:08:28,161 [ERROR] LogOutputStream:75 - [STDERR_REDIRECT] 
2026-05-04 12:08:29,159 [ERROR] LogOutputStream:75 - [STDERR_REDIRECT] [Fatal Error] :1:1: Premature end of file.
2026-05-04 12:08:29,159 [ERROR] LogOutputStream:75 - [STDERR_REDIRECT] 
2026-05-04 12:08:30,157 [ERROR] LogOutputStream:75 - [STDERR_REDIRECT] [Fatal Error] :1:1: Premature end of file.
2026-05-04 12:08:30,157 [ERROR] LogOutputStream:75 - [STDERR_REDIRECT] 
2026-05-04 12:08:31,162 [ERROR] LogOutputStream:75 - [STDERR_REDIRECT] [Fatal Error] :1:1: Premature end of file.
2026-05-04 12:08:31,163 [ERROR] LogOutputStream:75 - [STDERR_REDIRECT] 
2026-05-04 12:08:32,174 [ERROR] LogOutputStream:75 - [STDERR_REDIRECT] [Fatal Error] :1:1: Premature end of file.
2026-05-04 12:08:32,175 [ERROR] LogOutputStream:75 - [STDERR_REDIRECT] 
2026-05-04 12:08:33,157 [ERROR] LogOutputStream:75 - [STDERR_REDIRECT] [Fatal Error] :1:1: Premature end of file.
2026-05-04 12:08:33,157 [ERROR] LogOutputStream:75 - [STDERR_REDIRECT] 
2026-05-04 12:08:34,169 [ERROR] LogOutputStream:75 - [STDERR_REDIRECT] [Fatal Error] :1:1: Premature end of file.
2026-05-04 12:08:34,170 [ERROR] LogOutputStream:75 - [STDERR_REDIRECT] 
2026-05-04 12:08:35,175 [ERROR] LogOutputStream:75 - [STDERR_REDIRECT] [Fatal Error] :1:1: Premature end of file.
2026-05-04 12:08:35,176 [ERROR] LogOutputStream:75 - [STDERR_REDIRECT] 
2026-05-04 12:08:36,159 [ERROR] LogOutputStream:75 - [STDERR_REDIRECT] [Fatal Error] :1:1: Premature end of file.
2026-05-04 12:08:36,159 [ERROR] LogOutputStream:75 - [STDERR_REDIRECT] 
2026-05-04 12:08:37,167 [ERROR] LogOutputStream:75 - [STDERR_REDIRECT] [Fatal Error] :1:1: Premature end of file.
2026-05-04 12:08:37,168 [ERROR] LogOutputStream:75 - [STDERR_REDIRECT] 
2026-05-04 12:08:38,182 [ERROR] LogOutputStream:75 - [STDERR_REDIRECT] [Fatal Error] :1:1: Premature end of file.
2026-05-04 12:08:38,183 [ERROR] LogOutputStream:75 - [STDERR_REDIRECT] 
2026-05-04 12:08:39,173 [ERROR] LogOutputStream:75 - [STDERR_REDIRECT] [Fatal Error] :1:1: Premature end of file.
2026-05-04 12:08:39,174 [ERROR] LogOutputStream:75 - [STDERR_REDIRECT] 
2026-05-04 12:08:40,205 [ERROR] LogOutputStream:75 - [STDERR_REDIRECT] [Fatal Error] :1:1: Premature end of file.
2026-05-04 12:08:40,207 [ERROR] LogOutputStream:75 - [STDERR_REDIRECT] 
2026-05-04 12:08:41,170 [ERROR] LogOutputStream:75 - [STDERR_REDIRECT] [Fatal Error] :1:1: Premature end of file.
2026-05-04 12:08:41,170 [ERROR] LogOutputStream:75 - [STDERR_REDIRECT] 
2026-05-04 12:08:42,162 [ERROR] LogOutputStream:75 - [STDERR_REDIRECT] [Fatal Error] :1:1: Premature end of file.
2026-05-04 12:08:42,162 [ERROR] LogOutputStream:75 - [STDERR_REDIRECT] 
2026-05-04 12:08:43,172 [ERROR] LogOutputStream:75 - [STDERR_REDIRECT] [Fatal Error] :1:1: Premature end of file.
2026-05-04 12:08:43,172 [ERROR] LogOutputStream:75 - [STDERR_REDIRECT] 
2026-05-04 12:08:44,181 [ERROR] LogOutputStream:75 - [STDERR_REDIRECT] [Fatal Error] :1:1: Premature end of file.
2026-05-04 12:08:44,181 [ERROR] LogOutputStream:75 - [STDERR_REDIRECT] 
2026-05-04 12:08:45,168 [ERROR] LogOutputStream:75 - [STDERR_REDIRECT] [Fatal Error] :1:1: Premature end of file.
2026-05-04 12:08:45,168 [ERROR] LogOutputStream:75 - [STDERR_REDIRECT] 
2026-05-04 12:08:46,157 [ERROR] LogOutputStream:75 - [STDERR_REDIRECT] [Fatal Error] :1:1: Premature end of file.
2026-05-04 12:08:46,158 [ERROR] LogOutputStream:75 - [STDERR_REDIRECT] 
2026-05-04 12:08:47,163 [ERROR] LogOutputStream:75 - [STDERR_REDIRECT] [Fatal Error] :1:1: Premature end of file.
2026-05-04 12:08:47,164 [ERROR] LogOutputStream:75 - [STDERR_REDIRECT] 
2026-05-04 12:08:48,164 [ERROR] LogOutputStream:75 - [STDERR_REDIRECT] [Fatal Error] :1:1: Premature end of file.
2026-05-04 12:08:48,164 [ERROR] LogOutputStream:75 - [STDERR_REDIRECT] 
2026-05-04 12:08:49,154 [ERROR] LogOutputStream:75 - [STDERR_REDIRECT] [Fatal Error] :1:1: Premature end of file.
2026-05-04 12:08:49,155 [ERROR] LogOutputStream:75 - [STDERR_REDIRECT] 
2026-05-04 12:08:50,179 [ERROR] LogOutputStream:75 - [STDERR_REDIRECT] [Fatal Error] :1:1: Premature end of file.
2026-05-04 12:08:50,180 [ERROR] LogOutputStream:75 - [STDERR_REDIRECT] 
2026-05-04 12:08:51,158 [ERROR] LogOutputStream:75 - [STDERR_REDIRECT] [Fatal Error] :1:1: Premature end of file.
2026-05-04 12:08:51,159 [ERROR] LogOutputStream:75 - [STDERR_REDIRECT] 
2026-05-04 12:08:52,165 [ERROR] LogOutputStream:75 - [STDERR_REDIRECT] [Fatal Error] :1:1: Premature end of file.
2026-05-04 12:08:52,165 [ERROR] LogOutputStream:75 - [STDERR_REDIRECT] 
2026-05-04 12:08:53,160 [ERROR] LogOutputStream:75 - [STDERR_REDIRECT] [Fatal Error] :1:1: Premature end of file.
2026-05-04 12:08:53,160 [ERROR] LogOutputStream:75 - [STDERR_REDIRECT] 
2026-05-04 12:08:54,169 [ERROR] LogOutputStream:75 - [STDERR_REDIRECT] [Fatal Error] :1:1: Premature end of file.
2026-05-04 12:08:54,169 [ERROR] LogOutputStream:75 - [STDERR_REDIRECT] 
2026-05-04 12:08:55,158 [ERROR] LogOutputStream:75 - [STDERR_REDIRECT] [Fatal Error] :1:1: Premature end of file.
2026-05-04 12:08:55,158 [ERROR] LogOutputStream:75 - [STDERR_REDIRECT] 
2026-05-04 12:08:56,148 [ERROR] LogOutputStream:75 - [STDERR_REDIRECT] [Fatal Error] :1:1: Premature end of file.
2026-05-04 12:08:56,148 [ERROR] LogOutputStream:75 - [STDERR_REDIRECT] 
2026-05-04 12:08:57,162 [ERROR] LogOutputStream:75 - [STDERR_REDIRECT] [Fatal Error] :1:1: Premature end of file.
2026-05-04 12:08:57,162 [ERROR] LogOutputStream:75 - [STDERR_REDIRECT] 
2026-05-04 12:08:58,155 [ERROR] LogOutputStream:75 - [STDERR_REDIRECT] [Fatal Error] :1:1: Premature end of file.
2026-05-04 12:08:58,156 [ERROR] LogOutputStream:75 - [STDERR_REDIRECT] 
2026-05-04 12:08:59,157 [ERROR] LogOutputStream:75 - [STDERR_REDIRECT] [Fatal Error] :1:1: Premature end of file.
2026-05-04 12:08:59,157 [ERROR] LogOutputStream:75 - [STDERR_REDIRECT] 
2026-05-04 12:09:00,162 [ERROR] LogOutputStream:75 - [STDERR_REDIRECT] [Fatal Error] :1:1: Premature end of file.
2026-05-04 12:09:00,162 [ERROR] LogOutputStream:75 - [STDERR_REDIRECT] 
2026-05-04 12:09:01,166 [ERROR] LogOutputStream:75 - [STDERR_REDIRECT] [Fatal Error] :1:1: Premature end of file.
2026-05-04 12:09:01,167 [ERROR] LogOutputStream:75 - [STDERR_REDIRECT] 
2026-05-04 12:09:02,176 [ERROR] LogOutputStream:75 - [STDERR_REDIRECT] [Fatal Error] :1:1: Premature end of file.
2026-05-04 12:09:02,178 [ERROR] LogOutputStream:75 - [STDERR_REDIRECT] 
2026-05-04 12:09:03,192 [ERROR] LogOutputStream:75 - [STDERR_REDIRECT] [Fatal Error] :1:1: Premature end of file.
2026-05-04 12:09:03,193 [ERROR] LogOutputStream:75 - [STDERR_REDIRECT] 
2026-05-04 12:09:04,165 [ERROR] LogOutputStream:75 - [STDERR_REDIRECT] [Fatal Error] :1:1: Premature end of file.
2026-05-04 12:09:04,166 [ERROR] LogOutputStream:75 - [STDERR_REDIRECT] 
2026-05-04 12:09:05,161 [ERROR] LogOutputStream:75 - [STDERR_REDIRECT] [Fatal Error] :1:1: Premature end of file.
2026-05-04 12:09:05,162 [ERROR] LogOutputStream:75 - [STDERR_REDIRECT] 
2026-05-04 12:09:06,198 [ERROR] LogOutputStream:75 - [STDERR_REDIRECT] [Fatal Error] :1:1: Premature end of file.
2026-05-04 12:09:06,199 [ERROR] LogOutputStream:75 - [STDERR_REDIRECT] 
2026-05-04 12:09:07,155 [ERROR] LogOutputStream:75 - [STDERR_REDIRECT] [Fatal Error] :1:1: Premature end of file.
2026-05-04 12:09:07,156 [ERROR] LogOutputStream:75 - [STDERR_REDIRECT] 
2026-05-04 12:09:08,167 [ERROR] LogOutputStream:75 - [STDERR_REDIRECT] [Fatal Error] :1:1: Premature end of file.
2026-05-04 12:09:08,167 [ERROR] LogOutputStream:75 - [STDERR_REDIRECT] 
2026-05-04 12:09:09,157 [ERROR] LogOutputStream:75 - [STDERR_REDIRECT] [Fatal Error] :1:1: Premature end of file.
2026-05-04 12:09:09,158 [ERROR] LogOutputStream:75 - [STDERR_REDIRECT] 
2026-05-04 12:09:10,173 [ERROR] LogOutputStream:75 - [STDERR_REDIRECT] [Fatal Error] :1:1: Premature end of file.
2026-05-04 12:09:10,174 [ERROR] LogOutputStream:75 - [STDERR_REDIRECT] 
2026-05-04 12:09:11,155 [ERROR] LogOutputStream:75 - [STDERR_REDIRECT] [Fatal Error] :1:1: Premature end of file.
2026-05-04 12:09:11,156 [ERROR] LogOutputStream:75 - [STDERR_REDIRECT] 
2026-05-04 12:09:12,164 [ERROR] LogOutputStream:75 - [STDERR_REDIRECT] [Fatal Error] :1:1: Premature end of file.
2026-05-04 12:09:12,165 [ERROR] LogOutputStream:75 - [STDERR_REDIRECT] 
2026-05-04 12:09:13,168 [ERROR] LogOutputStream:75 - [STDERR_REDIRECT] [Fatal Error] :1:1: Premature end of file.
2026-05-04 12:09:13,169 [ERROR] LogOutputStream:75 - [STDERR_REDIRECT] 
2026-05-04 12:09:14,157 [ERROR] LogOutputStream:75 - [STDERR_REDIRECT] [Fatal Error] :1:1: Premature end of file.
2026-05-04 12:09:14,158 [ERROR] LogOutputStream:75 - [STDERR_REDIRECT] 
2026-05-04 12:09:15,177 [ERROR] LogOutputStream:75 - [STDERR_REDIRECT] [Fatal Error] :1:1: Premature end of file.
2026-05-04 12:09:15,178 [ERROR] LogOutputStream:75 - [STDERR_REDIRECT] 
2026-05-04 12:09:16,168 [ERROR] LogOutputStream:75 - [STDERR_REDIRECT] [Fatal Error] :1:1: Premature end of file.
2026-05-04 12:09:16,169 [ERROR] LogOutputStream:75 - [STDERR_REDIRECT] 
2026-05-04 12:09:17,180 [ERROR] LogOutputStream:75 - [STDERR_REDIRECT] [Fatal Error] :1:1: Premature end of file.
2026-05-04 12:09:17,181 [ERROR] LogOutputStream:75 - [STDERR_REDIRECT] 
2026-05-04 12:09:18,170 [ERROR] LogOutputStream:75 - [STDERR_REDIRECT] [Fatal Error] :1:1: Premature end of file.
2026-05-04 12:09:18,170 [ERROR] LogOutputStream:75 - [STDERR_REDIRECT] 
2026-05-04 12:09:19,167 [ERROR] LogOutputStream:75 - [STDERR_REDIRECT] [Fatal Error] :1:1: Premature end of file.
2026-05-04 12:09:19,167 [ERROR] LogOutputStream:75 - [STDERR_REDIRECT] 
2026-05-04 12:09:20,180 [ERROR] LogOutputStream:75 - [STDERR_REDIRECT] [Fatal Error] :1:1: Premature end of file.
2026-05-04 12:09:20,181 [ERROR] LogOutputStream:75 - [STDERR_REDIRECT] 
2026-05-04 12:09:21,159 [ERROR] LogOutputStream:75 - [STDERR_REDIRECT] [Fatal Error] :1:1: Premature end of file.
2026-05-04 12:09:21,159 [ERROR] LogOutputStream:75 - [STDERR_REDIRECT] 
2026-05-04 12:09:22,169 [ERROR] LogOutputStream:75 - [STDERR_REDIRECT] [Fatal Error] :1:1: Premature end of file.
2026-05-04 12:09:22,169 [ERROR] LogOutputStream:75 - [STDERR_REDIRECT] 
2026-05-04 12:09:23,158 [ERROR] LogOutputStream:75 - [STDERR_REDIRECT] [Fatal Error] :1:1: Premature end of file.
2026-05-04 12:09:23,159 [ERROR] LogOutputStream:75 - [STDERR_REDIRECT] 
2026-05-04 12:09:24,221 [ERROR] LogOutputStream:75 - [STDERR_REDIRECT] [Fatal Error] :1:1: Premature end of file.
2026-05-04 12:09:24,221 [ERROR] LogOutputStream:75 - [STDERR_REDIRECT] 
2026-05-04 12:09:25,165 [ERROR] LogOutputStream:75 - [STDERR_REDIRECT] [Fatal Error] :1:1: Premature end of file.
2026-05-04 12:09:25,165 [ERROR] LogOutputStream:75 - [STDERR_REDIRECT] 
2026-05-04 12:09:26,147 [ERROR] LogOutputStream:75 - [STDERR_REDIRECT] [Fatal Error] :1:1: Premature end of file.
2026-05-04 12:09:26,147 [ERROR] LogOutputStream:75 - [STDERR_REDIRECT] 
2026-05-04 12:09:27,168 [ERROR] LogOutputStream:75 - [STDERR_REDIRECT] [Fatal Error] :1:1: Premature end of file.
2026-05-04 12:09:27,169 [ERROR] LogOutputStream:75 - [STDERR_REDIRECT] 
2026-05-04 12:09:28,143 [ERROR] LogOutputStream:75 - [STDERR_REDIRECT] [Fatal Error] :1:1: Premature end of file.
2026-05-04 12:09:28,143 [ERROR] LogOutputStream:75 - [STDERR_REDIRECT] 
2026-05-04 12:09:29,171 [ERROR] LogOutputStream:75 - [STDERR_REDIRECT] [Fatal Error] :1:1: Premature end of file.
2026-05-04 12:09:29,171 [ERROR] LogOutputStream:75 - [STDERR_REDIRECT] 
2026-05-04 12:09:30,160 [ERROR] LogOutputStream:75 - [STDERR_REDIRECT] [Fatal Error] :1:1: Premature end of file.
2026-05-04 12:09:30,161 [ERROR] LogOutputStream:75 - [STDERR_REDIRECT] 
2026-05-04 12:09:31,141 [ERROR] LogOutputStream:75 - [STDERR_REDIRECT] [Fatal Error] :1:1: Premature end of file.
2026-05-04 12:09:31,142 [ERROR] LogOutputStream:75 - [STDERR_REDIRECT] 
2026-05-04 12:09:32,179 [ERROR] LogOutputStream:75 - [STDERR_REDIRECT] [Fatal Error] :1:1: Premature end of file.
2026-05-04 12:09:32,179 [ERROR] LogOutputStream:75 - [STDERR_REDIRECT] 
2026-05-04 12:09:33,156 [ERROR] LogOutputStream:75 - [STDERR_REDIRECT] [Fatal Error] :1:1: Premature end of file.
2026-05-04 12:09:33,156 [ERROR] LogOutputStream:75 - [STDERR_REDIRECT] 
2026-05-04 12:09:34,162 [ERROR] LogOutputStream:75 - [STDERR_REDIRECT] [Fatal Error] :1:1: Premature end of file.
2026-05-04 12:09:34,162 [ERROR] LogOutputStream:75 - [STDERR_REDIRECT] 
2026-05-04 12:09:35,147 [ERROR] LogOutputStream:75 - [STDERR_REDIRECT] [Fatal Error] :1:1: Premature end of file.
2026-05-04 12:09:35,147 [ERROR] LogOutputStream:75 - [STDERR_REDIRECT] 
2026-05-04 12:09:36,154 [ERROR] LogOutputStream:75 - [STDERR_REDIRECT] [Fatal Error] :1:1: Premature end of file.
2026-05-04 12:09:36,154 [ERROR] LogOutputStream:75 - [STDERR_REDIRECT] 
2026-05-04 12:09:37,162 [ERROR] LogOutputStream:75 - [STDERR_REDIRECT] [Fatal Error] :1:1: Premature end of file.
2026-05-04 12:09:37,162 [ERROR] LogOutputStream:75 - [STDERR_REDIRECT] 
2026-05-04 12:09:38,155 [ERROR] LogOutputStream:75 - [STDERR_REDIRECT] [Fatal Error] :1:1: Premature end of file.
2026-05-04 12:09:38,155 [ERROR] LogOutputStream:75 - [STDERR_REDIRECT] 
2026-05-04 12:09:39,164 [ERROR] LogOutputStream:75 - [STDERR_REDIRECT] [Fatal Error] :1:1: Premature end of file.
2026-05-04 12:09:39,164 [ERROR] LogOutputStream:75 - [STDERR_REDIRECT] 
2026-05-04 12:09:40,156 [ERROR] LogOutputStream:75 - [STDERR_REDIRECT] [Fatal Error] :1:1: Premature end of file.
2026-05-04 12:09:40,156 [ERROR] LogOutputStream:75 - [STDERR_REDIRECT] 
2026-05-04 12:09:41,162 [ERROR] LogOutputStream:75 - [STDERR_REDIRECT] [Fatal Error] :1:1: Premature end of file.
2026-05-04 12:09:41,162 [ERROR] LogOutputStream:75 - [STDERR_REDIRECT] 
2026-05-04 12:09:42,183 [ERROR] LogOutputStream:75 - [STDERR_REDIRECT] [Fatal Error] :1:1: Premature end of file.
2026-05-04 12:09:42,183 [ERROR] LogOutputStream:75 - [STDERR_REDIRECT] 
2026-05-04 12:09:43,148 [ERROR] LogOutputStream:75 - [STDERR_REDIRECT] [Fatal Error] :1:1: Premature end of file.
2026-05-04 12:09:43,148 [ERROR] LogOutputStream:75 - [STDERR_REDIRECT] 
2026-05-04 12:09:44,175 [ERROR] LogOutputStream:75 - [STDERR_REDIRECT] [Fatal Error] :1:1: Premature end of file.
2026-05-04 12:09:44,175 [ERROR] LogOutputStream:75 - [STDERR_REDIRECT] 
2026-05-04 12:09:45,154 [ERROR] LogOutputStream:75 - [STDERR_REDIRECT] [Fatal Error] :1:1: Premature end of file.
2026-05-04 12:09:45,154 [ERROR] LogOutputStream:75 - [STDERR_REDIRECT] 
2026-05-04 12:09:46,158 [ERROR] LogOutputStream:75 - [STDERR_REDIRECT] [Fatal Error] :1:1: Premature end of file.
2026-05-04 12:09:46,158 [ERROR] LogOutputStream:75 - [STDERR_REDIRECT] 
2026-05-04 12:09:47,168 [ERROR] LogOutputStream:75 - [STDERR_REDIRECT] [Fatal Error] :1:1: Premature end of file.
2026-05-04 12:09:47,168 [ERROR] LogOutputStream:75 - [STDERR_REDIRECT] 
2026-05-04 12:09:48,150 [ERROR] LogOutputStream:75 - [STDERR_REDIRECT] [Fatal Error] :1:1: Premature end of file.
2026-05-04 12:09:48,151 [ERROR] LogOutputStream:75 - [STDERR_REDIRECT] 
2026-05-04 12:09:49,169 [ERROR] LogOutputStream:75 - [STDERR_REDIRECT] [Fatal Error] :1:1: Premature end of file.
2026-05-04 12:09:49,170 [ERROR] LogOutputStream:75 - [STDERR_REDIRECT] 
2026-05-04 12:09:50,172 [ERROR] LogOutputStream:75 - [STDERR_REDIRECT] [Fatal Error] :1:1: Premature end of file.
2026-05-04 12:09:50,172 [ERROR] LogOutputStream:75 - [STDERR_REDIRECT] 
2026-05-04 12:09:51,156 [ERROR] LogOutputStream:75 - [STDERR_REDIRECT] [Fatal Error] :1:1: Premature end of file.
2026-05-04 12:09:51,156 [ERROR] LogOutputStream:75 - [STDERR_REDIRECT] 
2026-05-04 12:09:52,161 [ERROR] LogOutputStream:75 - [STDERR_REDIRECT] [Fatal Error] :1:1: Premature end of file.
2026-05-04 12:09:52,161 [ERROR] LogOutputStream:75 - [STDERR_REDIRECT] 
2026-05-04 12:09:53,160 [ERROR] LogOutputStream:75 - [STDERR_REDIRECT] [Fatal Error] :1:1: Premature end of file.
2026-05-04 12:09:53,160 [ERROR] LogOutputStream:75 - [STDERR_REDIRECT] 
2026-05-04 12:09:54,160 [ERROR] LogOutputStream:75 - [STDERR_REDIRECT] [Fatal Error] :1:1: Premature end of file.
2026-05-04 12:09:54,160 [ERROR] LogOutputStream:75 - [STDERR_REDIRECT] 
2026-05-04 12:09:55,154 [ERROR] LogOutputStream:75 - [STDERR_REDIRECT] [Fatal Error] :1:1: Premature end of file.
2026-05-04 12:09:55,154 [ERROR] LogOutputStream:75 - [STDERR_REDIRECT] 
2026-05-04 12:09:56,176 [ERROR] LogOutputStream:75 - [STDERR_REDIRECT] [Fatal Error] :1:1: Premature end of file.
2026-05-04 12:09:56,177 [ERROR] LogOutputStream:75 - [STDERR_REDIRECT] 
2026-05-04 12:09:57,159 [ERROR] LogOutputStream:75 - [STDERR_REDIRECT] [Fatal Error] :1:1: Premature end of file.
2026-05-04 12:09:57,159 [ERROR] LogOutputStream:75 - [STDERR_REDIRECT] 
2026-05-04 12:09:58,173 [ERROR] LogOutputStream:75 - [STDERR_REDIRECT] [Fatal Error] :1:1: Premature end of file.
2026-05-04 12:09:58,173 [ERROR] LogOutputStream:75 - [STDERR_REDIRECT] 
2026-05-04 12:09:59,160 [ERROR] LogOutputStream:75 - [STDERR_REDIRECT] [Fatal Error] :1:1: Premature end of file.
2026-05-04 12:09:59,161 [ERROR] LogOutputStream:75 - [STDERR_REDIRECT] 
2026-05-04 12:10:00,160 [ERROR] LogOutputStream:75 - [STDERR_REDIRECT] [Fatal Error] :1:1: Premature end of file.
2026-05-04 12:10:00,160 [ERROR] LogOutputStream:75 - [STDERR_REDIRECT] 
2026-05-04 12:10:01,178 [ERROR] LogOutputStream:75 - [STDERR_REDIRECT] [Fatal Error] :1:1: Premature end of file.
2026-05-04 12:10:01,178 [ERROR] LogOutputStream:75 - [STDERR_REDIRECT] 
2026-05-04 12:10:02,161 [ERROR] LogOutputStream:75 - [STDERR_REDIRECT] [Fatal Error] :1:1: Premature end of file.
2026-05-04 12:10:02,162 [ERROR] LogOutputStream:75 - [STDERR_REDIRECT] 
2026-05-04 12:10:03,172 [ERROR] LogOutputStream:75 - [STDERR_REDIRECT] [Fatal Error] :1:1: Premature end of file.
2026-05-04 12:10:03,172 [ERROR] LogOutputStream:75 - [STDERR_REDIRECT] 
2026-05-04 12:10:04,202 [ERROR] LogOutputStream:75 - [STDERR_REDIRECT] [Fatal Error] :1:1: Premature end of file.
2026-05-04 12:10:04,202 [ERROR] LogOutputStream:75 - [STDERR_REDIRECT] 
2026-05-04 12:10:05,169 [ERROR] LogOutputStream:75 - [STDERR_REDIRECT] [Fatal Error] :1:1: Premature end of file.
2026-05-04 12:10:05,169 [ERROR] LogOutputStream:75 - [STDERR_REDIRECT] 
2026-05-04 12:10:06,162 [ERROR] LogOutputStream:75 - [STDERR_REDIRECT] [Fatal Error] :1:1: Premature end of file.
2026-05-04 12:10:06,163 [ERROR] LogOutputStream:75 - [STDERR_REDIRECT] 
2026-05-04 12:10:07,164 [ERROR] LogOutputStream:75 - [STDERR_REDIRECT] [Fatal Error] :1:1: Premature end of file.
2026-05-04 12:10:07,165 [ERROR] LogOutputStream:75 - [STDERR_REDIRECT] 
2026-05-04 12:10:08,189 [ERROR] LogOutputStream:75 - [STDERR_REDIRECT] [Fatal Error] :1:1: Premature end of file.
2026-05-04 12:10:08,189 [ERROR] LogOutputStream:75 - [STDERR_REDIRECT] 
2026-05-04 12:10:09,193 [ERROR] LogOutputStream:75 - [STDERR_REDIRECT] [Fatal Error] :1:1: Premature end of file.
2026-05-04 12:10:09,193 [ERROR] LogOutputStream:75 - [STDERR_REDIRECT] 
2026-05-04 12:10:10,179 [ERROR] LogOutputStream:75 - [STDERR_REDIRECT] [Fatal Error] :1:1: Premature end of file.
2026-05-04 12:10:10,179 [ERROR] LogOutputStream:75 - [STDERR_REDIRECT] 
2026-05-04 12:10:11,173 [ERROR] LogOutputStream:75 - [STDERR_REDIRECT] [Fatal Error] :1:1: Premature end of file.
2026-05-04 12:10:11,173 [ERROR] LogOutputStream:75 - [STDERR_REDIRECT] 
2026-05-04 12:10:12,167 [ERROR] LogOutputStream:75 - [STDERR_REDIRECT] [Fatal Error] :1:1: Premature end of file.
2026-05-04 12:10:12,168 [ERROR] LogOutputStream:75 - [STDERR_REDIRECT] 
2026-05-04 12:10:13,183 [ERROR] LogOutputStream:75 - [STDERR_REDIRECT] [Fatal Error] :1:1: Premature end of file.
2026-05-04 12:10:13,183 [ERROR] LogOutputStream:75 - [STDERR_REDIRECT] 
2026-05-04 12:10:14,174 [ERROR] LogOutputStream:75 - [STDERR_REDIRECT] [Fatal Error] :1:1: Premature end of file.
2026-05-04 12:10:14,174 [ERROR] LogOutputStream:75 - [STDERR_REDIRECT] 
2026-05-04 12:10:15,169 [ERROR] LogOutputStream:75 - [STDERR_REDIRECT] [Fatal Error] :1:1: Premature end of file.
2026-05-04 12:10:15,170 [ERROR] LogOutputStream:75 - [STDERR_REDIRECT] 
2026-05-04 12:10:16,171 [ERROR] LogOutputStream:75 - [STDERR_REDIRECT] [Fatal Error] :1:1: Premature end of file.
2026-05-04 12:10:16,172 [ERROR] LogOutputStream:75 - [STDERR_REDIRECT] 
2026-05-04 12:10:17,158 [ERROR] LogOutputStream:75 - [STDERR_REDIRECT] [Fatal Error] :1:1: Premature end of file.
2026-05-04 12:10:17,158 [ERROR] LogOutputStream:75 - [STDERR_REDIRECT] 
2026-05-04 12:10:18,162 [ERROR] LogOutputStream:75 - [STDERR_REDIRECT] [Fatal Error] :1:1: Premature end of file.
2026-05-04 12:10:18,162 [ERROR] LogOutputStream:75 - [STDERR_REDIRECT] 
2026-05-04 12:10:19,185 [ERROR] LogOutputStream:75 - [STDERR_REDIRECT] [Fatal Error] :1:1: Premature end of file.
2026-05-04 12:10:19,185 [ERROR] LogOutputStream:75 - [STDERR_REDIRECT] 
2026-05-04 12:10:20,156 [ERROR] LogOutputStream:75 - [STDERR_REDIRECT] [Fatal Error] :1:1: Premature end of file.
2026-05-04 12:10:20,157 [ERROR] LogOutputStream:75 - [STDERR_REDIRECT] 
2026-05-04 12:10:21,158 [ERROR] LogOutputStream:75 - [STDERR_REDIRECT] [Fatal Error] :1:1: Premature end of file.
2026-05-04 12:10:21,159 [ERROR] LogOutputStream:75 - [STDERR_REDIRECT] 
2026-05-04 12:10:22,165 [ERROR] LogOutputStream:75 - [STDERR_REDIRECT] [Fatal Error] :1:1: Premature end of file.
2026-05-04 12:10:22,167 [ERROR] LogOutputStream:75 - [STDERR_REDIRECT] 
2026-05-04 12:10:23,184 [ERROR] LogOutputStream:75 - [STDERR_REDIRECT] [Fatal Error] :1:1: Premature end of file.
2026-05-04 12:10:23,184 [ERROR] LogOutputStream:75 - [STDERR_REDIRECT] 
2026-05-04 12:10:24,169 [ERROR] LogOutputStream:75 - [STDERR_REDIRECT] [Fatal Error] :1:1: Premature end of file.
2026-05-04 12:10:24,169 [ERROR] LogOutputStream:75 - [STDERR_REDIRECT] 
2026-05-04 12:10:25,169 [ERROR] LogOutputStream:75 - [STDERR_REDIRECT] [Fatal Error] :1:1: Premature end of file.
2026-05-04 12:10:25,169 [ERROR] LogOutputStream:75 - [STDERR_REDIRECT] 
2026-05-04 12:10:26,169 [ERROR] LogOutputStream:75 - [STDERR_REDIRECT] [Fatal Error] :1:1: Premature end of file.
2026-05-04 12:10:26,169 [ERROR] LogOutputStream:75 - [STDERR_REDIRECT] 
2026-05-04 12:10:27,144 [ERROR] LogOutputStream:75 - [STDERR_REDIRECT] [Fatal Error] :1:1: Premature end of file.
2026-05-04 12:10:27,144 [ERROR] LogOutputStream:75 - [STDERR_REDIRECT] 
2026-05-04 12:10:28,170 [ERROR] LogOutputStream:75 - [STDERR_REDIRECT] [Fatal Error] :1:1: Premature end of file.
2026-05-04 12:10:28,170 [ERROR] LogOutputStream:75 - [STDERR_REDIRECT] 
2026-05-04 12:10:29,155 [ERROR] LogOutputStream:75 - [STDERR_REDIRECT] [Fatal Error] :1:1: Premature end of file.
2026-05-04 12:10:29,156 [ERROR] LogOutputStream:75 - [STDERR_REDIRECT] 
2026-05-04 12:10:30,170 [ERROR] LogOutputStream:75 - [STDERR_REDIRECT] [Fatal Error] :1:1: Premature end of file.
2026-05-04 12:10:30,171 [ERROR] LogOutputStream:75 - [STDERR_REDIRECT] 
2026-05-04 12:10:31,171 [ERROR] LogOutputStream:75 - [STDERR_REDIRECT] [Fatal Error] :1:1: Premature end of file.
2026-05-04 12:10:31,171 [ERROR] LogOutputStream:75 - [STDERR_REDIRECT] 
2026-05-04 12:10:32,152 [ERROR] LogOutputStream:75 - [STDERR_REDIRECT] [Fatal Error] :1:1: Premature end of file.
2026-05-04 12:10:32,152 [ERROR] LogOutputStream:75 - [STDERR_REDIRECT] 
2026-05-04 12:10:33,147 [ERROR] LogOutputStream:75 - [STDERR_REDIRECT] [Fatal Error] :1:1: Premature end of file.
2026-05-04 12:10:33,147 [ERROR] LogOutputStream:75 - [STDERR_REDIRECT] 
2026-05-04 12:10:34,172 [ERROR] LogOutputStream:75 - [STDERR_REDIRECT] [Fatal Error] :1:1: Premature end of file.
2026-05-04 12:10:34,173 [ERROR] LogOutputStream:75 - [STDERR_REDIRECT] 
2026-05-04 12:10:35,149 [ERROR] LogOutputStream:75 - [STDERR_REDIRECT] [Fatal Error] :1:1: Premature end of file.
2026-05-04 12:10:35,149 [ERROR] LogOutputStream:75 - [STDERR_REDIRECT] 
2026-05-04 12:10:36,147 [ERROR] LogOutputStream:75 - [STDERR_REDIRECT] [Fatal Error] :1:1: Premature end of file.
2026-05-04 12:10:36,148 [ERROR] LogOutputStream:75 - [STDERR_REDIRECT] 
2026-05-04 12:10:37,220 [ERROR] LogOutputStream:75 - [STDERR_REDIRECT] [Fatal Error] :1:1: Premature end of file.
2026-05-04 12:10:37,220 [ERROR] LogOutputStream:75 - [STDERR_REDIRECT] 
2026-05-04 12:10:38,148 [ERROR] LogOutputStream:75 - [STDERR_REDIRECT] [Fatal Error] :1:1: Premature end of file.
2026-05-04 12:10:38,148 [ERROR] LogOutputStream:75 - [STDERR_REDIRECT] 
2026-05-04 12:10:39,149 [ERROR] LogOutputStream:75 - [STDERR_REDIRECT] [Fatal Error] :1:1: Premature end of file.
2026-05-04 12:10:39,149 [ERROR] LogOutputStream:75 - [STDERR_REDIRECT] 
2026-05-04 12:10:40,149 [ERROR] LogOutputStream:75 - [STDERR_REDIRECT] [Fatal Error] :1:1: Premature end of file.
2026-05-04 12:10:40,149 [ERROR] LogOutputStream:75 - [STDERR_REDIRECT] 
2026-05-04 12:10:41,165 [ERROR] LogOutputStream:75 - [STDERR_REDIRECT] [Fatal Error] :1:1: Premature end of file.
2026-05-04 12:10:41,166 [ERROR] LogOutputStream:75 - [STDERR_REDIRECT] 
2026-05-04 12:10:42,176 [ERROR] LogOutputStream:75 - [STDERR_REDIRECT] [Fatal Error] :1:1: Premature end of file.
2026-05-04 12:10:42,176 [ERROR] LogOutputStream:75 - [STDERR_REDIRECT] 
2026-05-04 12:10:43,145 [ERROR] LogOutputStream:75 - [STDERR_REDIRECT] [Fatal Error] :1:1: Premature end of file.
2026-05-04 12:10:43,145 [ERROR] LogOutputStream:75 - [STDERR_REDIRECT] 
2026-05-04 12:10:44,186 [ERROR] LogOutputStream:75 - [STDERR_REDIRECT] [Fatal Error] :1:1: Premature end of file.
2026-05-04 12:10:44,187 [ERROR] LogOutputStream:75 - [STDERR_REDIRECT] 
2026-05-04 12:10:45,162 [ERROR] LogOutputStream:75 - [STDERR_REDIRECT] [Fatal Error] :1:1: Premature end of file.
2026-05-04 12:10:45,163 [ERROR] LogOutputStream:75 - [STDERR_REDIRECT] 
2026-05-04 12:10:46,179 [ERROR] LogOutputStream:75 - [STDERR_REDIRECT] [Fatal Error] :1:1: Premature end of file.
2026-05-04 12:10:46,180 [ERROR] LogOutputStream:75 - [STDERR_REDIRECT] 
2026-05-04 12:10:47,162 [ERROR] LogOutputStream:75 - [STDERR_REDIRECT] [Fatal Error] :1:1: Premature end of file.
2026-05-04 12:10:47,163 [ERROR] LogOutputStream:75 - [STDERR_REDIRECT] 
2026-05-04 12:10:48,154 [ERROR] LogOutputStream:75 - [STDERR_REDIRECT] [Fatal Error] :1:1: Premature end of file.
2026-05-04 12:10:48,154 [ERROR] LogOutputStream:75 - [STDERR_REDIRECT] 
2026-05-04 12:10:49,161 [ERROR] LogOutputStream:75 - [STDERR_REDIRECT] [Fatal Error] :1:1: Premature end of file.
2026-05-04 12:10:49,161 [ERROR] LogOutputStream:75 - [STDERR_REDIRECT] 
2026-05-04 12:10:50,161 [ERROR] LogOutputStream:75 - [STDERR_REDIRECT] [Fatal Error] :1:1: Premature end of file.
2026-05-04 12:10:50,162 [ERROR] LogOutputStream:75 - [STDERR_REDIRECT] 
2026-05-04 12:10:51,167 [ERROR] LogOutputStream:75 - [STDERR_REDIRECT] [Fatal Error] :1:1: Premature end of file.
2026-05-04 12:10:51,167 [ERROR] LogOutputStream:75 - [STDERR_REDIRECT] 
2026-05-04 12:10:52,162 [ERROR] LogOutputStream:75 - [STDERR_REDIRECT] [Fatal Error] :1:1: Premature end of file.
2026-05-04 12:10:52,163 [ERROR] LogOutputStream:75 - [STDERR_REDIRECT] 
2026-05-04 12:10:53,163 [ERROR] LogOutputStream:75 - [STDERR_REDIRECT] [Fatal Error] :1:1: Premature end of file.
2026-05-04 12:10:53,167 [ERROR] LogOutputStream:75 - [STDERR_REDIRECT] 
2026-05-04 12:10:54,212 [ERROR] LogOutputStream:75 - [STDERR_REDIRECT] [Fatal Error] :1:1: Premature end of file.
2026-05-04 12:10:54,213 [ERROR] LogOutputStream:75 - [STDERR_REDIRECT] 
2026-05-04 12:10:55,187 [ERROR] LogOutputStream:75 - [STDERR_REDIRECT] [Fatal Error] :1:1: Premature end of file.
2026-05-04 12:10:55,188 [ERROR] LogOutputStream:75 - [STDERR_REDIRECT] 
2026-05-04 12:10:56,246 [ERROR] LogOutputStream:75 - [STDERR_REDIRECT] [Fatal Error] :1:1: Premature end of file.
2026-05-04 12:10:56,247 [ERROR] LogOutputStream:75 - [STDERR_REDIRECT] 
2026-05-04 12:10:57,179 [ERROR] LogOutputStream:75 - [STDERR_REDIRECT] [Fatal Error] :1:1: Premature end of file.
2026-05-04 12:10:57,180 [ERROR] LogOutputStream:75 - [STDERR_REDIRECT] 
2026-05-04 12:10:58,167 [ERROR] LogOutputStream:75 - [STDERR_REDIRECT] [Fatal Error] :1:1: Premature end of file.
2026-05-04 12:10:58,168 [ERROR] LogOutputStream:75 - [STDERR_REDIRECT] 
2026-05-04 12:10:59,176 [ERROR] LogOutputStream:75 - [STDERR_REDIRECT] [Fatal Error] :1:1: Premature end of file.
2026-05-04 12:10:59,177 [ERROR] LogOutputStream:75 - [STDERR_REDIRECT] 
2026-05-04 12:11:00,182 [ERROR] LogOutputStream:75 - [STDERR_REDIRECT] [Fatal Error] :1:1: Premature end of file.
2026-05-04 12:11:00,183 [ERROR] LogOutputStream:75 - [STDERR_REDIRECT] 
2026-05-04 12:11:01,172 [ERROR] LogOutputStream:75 - [STDERR_REDIRECT] [Fatal Error] :1:1: Premature end of file.
2026-05-04 12:11:01,172 [ERROR] LogOutputStream:75 - [STDERR_REDIRECT] 
2026-05-04 12:11:02,155 [ERROR] LogOutputStream:75 - [STDERR_REDIRECT] [Fatal Error] :1:1: Premature end of file.
2026-05-04 12:11:02,156 [ERROR] LogOutputStream:75 - [STDERR_REDIRECT] 
2026-05-04 12:11:03,164 [ERROR] LogOutputStream:75 - [STDERR_REDIRECT] [Fatal Error] :1:1: Premature end of file.
2026-05-04 12:11:03,165 [ERROR] LogOutputStream:75 - [STDERR_REDIRECT] 
2026-05-04 12:11:04,203 [ERROR] LogOutputStream:75 - [STDERR_REDIRECT] [Fatal Error] :1:1: Premature end of file.
2026-05-04 12:11:04,205 [ERROR] LogOutputStream:75 - [STDERR_REDIRECT] 
2026-05-04 12:11:05,166 [ERROR] LogOutputStream:75 - [STDERR_REDIRECT] [Fatal Error] :1:1: Premature end of file.
2026-05-04 12:11:05,166 [ERROR] LogOutputStream:75 - [STDERR_REDIRECT] 
2026-05-04 12:11:06,164 [ERROR] LogOutputStream:75 - [STDERR_REDIRECT] [Fatal Error] :1:1: Premature end of file.
2026-05-04 12:11:06,165 [ERROR] LogOutputStream:75 - [STDERR_REDIRECT] 
2026-05-04 12:11:07,175 [ERROR] LogOutputStream:75 - [STDERR_REDIRECT] [Fatal Error] :1:1: Premature end of file.
2026-05-04 12:11:07,176 [ERROR] LogOutputStream:75 - [STDERR_REDIRECT] 
2026-05-04 12:11:08,196 [ERROR] LogOutputStream:75 - [STDERR_REDIRECT] [Fatal Error] :1:1: Premature end of file.
2026-05-04 12:11:08,197 [ERROR] LogOutputStream:75 - [STDERR_REDIRECT] 
2026-05-04 12:11:09,168 [ERROR] LogOutputStream:75 - [STDERR_REDIRECT] [Fatal Error] :1:1: Premature end of file.
2026-05-04 12:11:09,168 [ERROR] LogOutputStream:75 - [STDERR_REDIRECT] 
2026-05-04 12:11:10,143 [ERROR] LogOutputStream:75 - [STDERR_REDIRECT] [Fatal Error] :1:1: Premature end of file.
2026-05-04 12:11:10,143 [ERROR] LogOutputStream:75 - [STDERR_REDIRECT] 
2026-05-04 12:11:11,161 [ERROR] LogOutputStream:75 - [STDERR_REDIRECT] [Fatal Error] :1:1: Premature end of file.
2026-05-04 12:11:11,161 [ERROR] LogOutputStream:75 - [STDERR_REDIRECT] 
2026-05-04 12:11:12,161 [ERROR] LogOutputStream:75 - [STDERR_REDIRECT] [Fatal Error] :1:1: Premature end of file.
2026-05-04 12:11:12,162 [ERROR] LogOutputStream:75 - [STDERR_REDIRECT] 
2026-05-04 12:11:13,149 [ERROR] LogOutputStream:75 - [STDERR_REDIRECT] [Fatal Error] :1:1: Premature end of file.
2026-05-04 12:11:13,149 [ERROR] LogOutputStream:75 - [STDERR_REDIRECT] 
2026-05-04 12:11:14,159 [ERROR] LogOutputStream:75 - [STDERR_REDIRECT] [Fatal Error] :1:1: Premature end of file.
2026-05-04 12:11:14,159 [ERROR] LogOutputStream:75 - [STDERR_REDIRECT] 
2026-05-04 12:11:15,169 [ERROR] LogOutputStream:75 - [STDERR_REDIRECT] [Fatal Error] :1:1: Premature end of file.
2026-05-04 12:11:15,169 [ERROR] LogOutputStream:75 - [STDERR_REDIRECT] 
2026-05-04 12:11:16,181 [ERROR] LogOutputStream:75 - [STDERR_REDIRECT] [Fatal Error] :1:1: Premature end of file.
2026-05-04 12:11:16,182 [ERROR] LogOutputStream:75 - [STDERR_REDIRECT] 
2026-05-04 12:11:17,173 [ERROR] LogOutputStream:75 - [STDERR_REDIRECT] [Fatal Error] :1:1: Premature end of file.
2026-05-04 12:11:17,173 [ERROR] LogOutputStream:75 - [STDERR_REDIRECT] 
2026-05-04 12:11:18,175 [ERROR] LogOutputStream:75 - [STDERR_REDIRECT] [Fatal Error] :1:1: Premature end of file.
2026-05-04 12:11:18,175 [ERROR] LogOutputStream:75 - [STDERR_REDIRECT] 
2026-05-04 12:11:19,127 [ERROR] LogOutputStream:75 - [STDERR_REDIRECT] [Fatal Error] :1:1: Premature end of file.
2026-05-04 12:11:19,127 [ERROR] LogOutputStream:75 - [STDERR_REDIRECT] 
2026-05-04 12:11:20,162 [ERROR] LogOutputStream:75 - [STDERR_REDIRECT] [Fatal Error] :1:1: Premature end of file.
2026-05-04 12:11:20,162 [ERROR] LogOutputStream:75 - [STDERR_REDIRECT] 
2026-05-04 12:11:21,161 [ERROR] LogOutputStream:75 - [STDERR_REDIRECT] [Fatal Error] :1:1: Premature end of file.
2026-05-04 12:11:21,161 [ERROR] LogOutputStream:75 - [STDERR_REDIRECT] 
2026-05-04 12:11:22,174 [ERROR] LogOutputStream:75 - [STDERR_REDIRECT] [Fatal Error] :1:1: Premature end of file.
2026-05-04 12:11:22,174 [ERROR] LogOutputStream:75 - [STDERR_REDIRECT] 
2026-05-04 12:11:23,177 [ERROR] LogOutputStream:75 - [STDERR_REDIRECT] [Fatal Error] :1:1: Premature end of file.
2026-05-04 12:11:23,177 [ERROR] LogOutputStream:75 - [STDERR_REDIRECT] 
2026-05-04 12:11:24,152 [ERROR] LogOutputStream:75 - [STDERR_REDIRECT] [Fatal Error] :1:1: Premature end of file.
2026-05-04 12:11:24,152 [ERROR] LogOutputStream:75 - [STDERR_REDIRECT] 
2026-05-04 12:11:25,196 [ERROR] LogOutputStream:75 - [STDERR_REDIRECT] [Fatal Error] :1:1: Premature end of file.
2026-05-04 12:11:25,197 [ERROR] LogOutputStream:75 - [STDERR_REDIRECT] 
2026-05-04 12:11:26,158 [ERROR] LogOutputStream:75 - [STDERR_REDIRECT] [Fatal Error] :1:1: Premature end of file.
2026-05-04 12:11:26,159 [ERROR] LogOutputStream:75 - [STDERR_REDIRECT] 
2026-05-04 12:11:27,184 [ERROR] LogOutputStream:75 - [STDERR_REDIRECT] [Fatal Error] :1:1: Premature end of file.
2026-05-04 12:11:27,185 [ERROR] LogOutputStream:75 - [STDERR_REDIRECT] 
2026-05-04 12:11:28,166 [ERROR] LogOutputStream:75 - [STDERR_REDIRECT] [Fatal Error] :1:1: Premature end of file.
2026-05-04 12:11:28,167 [ERROR] LogOutputStream:75 - [STDERR_REDIRECT] 
2026-05-04 12:11:29,179 [ERROR] LogOutputStream:75 - [STDERR_REDIRECT] [Fatal Error] :1:1: Premature end of file.
2026-05-04 12:11:29,180 [ERROR] LogOutputStream:75 - [STDERR_REDIRECT] 
2026-05-04 12:11:30,167 [ERROR] LogOutputStream:75 - [STDERR_REDIRECT] [Fatal Error] :1:1: Premature end of file.
2026-05-04 12:11:30,167 [ERROR] LogOutputStream:75 - [STDERR_REDIRECT] 
2026-05-04 12:11:31,176 [ERROR] LogOutputStream:75 - [STDERR_REDIRECT] [Fatal Error] :1:1: Premature end of file.
2026-05-04 12:11:31,177 [ERROR] LogOutputStream:75 - [STDERR_REDIRECT] 
2026-05-04 12:11:32,148 [ERROR] LogOutputStream:75 - [STDERR_REDIRECT] [Fatal Error] :1:1: Premature end of file.
2026-05-04 12:11:32,149 [ERROR] LogOutputStream:75 - [STDERR_REDIRECT] 
2026-05-04 12:11:33,178 [ERROR] LogOutputStream:75 - [STDERR_REDIRECT] [Fatal Error] :1:1: Premature end of file.
2026-05-04 12:11:33,179 [ERROR] LogOutputStream:75 - [STDERR_REDIRECT] 
2026-05-04 12:11:34,181 [ERROR] LogOutputStream:75 - [STDERR_REDIRECT] [Fatal Error] :1:1: Premature end of file.
2026-05-04 12:11:34,181 [ERROR] LogOutputStream:75 - [STDERR_REDIRECT] 
2026-05-04 12:11:35,175 [ERROR] LogOutputStream:75 - [STDERR_REDIRECT] [Fatal Error] :1:1: Premature end of file.
2026-05-04 12:11:35,175 [ERROR] LogOutputStream:75 - [STDERR_REDIRECT] 
2026-05-04 12:11:36,164 [ERROR] LogOutputStream:75 - [STDERR_REDIRECT] [Fatal Error] :1:1: Premature end of file.
2026-05-04 12:11:36,164 [ERROR] LogOutputStream:75 - [STDERR_REDIRECT] 
2026-05-04 12:11:37,162 [ERROR] LogOutputStream:75 - [STDERR_REDIRECT] [Fatal Error] :1:1: Premature end of file.
2026-05-04 12:11:37,163 [ERROR] LogOutputStream:75 - [STDERR_REDIRECT] 
2026-05-04 12:11:38,147 [ERROR] LogOutputStream:75 - [STDERR_REDIRECT] [Fatal Error] :1:1: Premature end of file.
2026-05-04 12:11:38,147 [ERROR] LogOutputStream:75 - [STDERR_REDIRECT] 
2026-05-04 12:11:39,145 [ERROR] LogOutputStream:75 - [STDERR_REDIRECT] [Fatal Error] :1:1: Premature end of file.
2026-05-04 12:11:39,145 [ERROR] LogOutputStream:75 - [STDERR_REDIRECT] 
2026-05-04 12:11:40,156 [ERROR] LogOutputStream:75 - [STDERR_REDIRECT] [Fatal Error] :1:1: Premature end of file.
2026-05-04 12:11:40,157 [ERROR] LogOutputStream:75 - [STDERR_REDIRECT] 
2026-05-04 12:11:41,169 [ERROR] LogOutputStream:75 - [STDERR_REDIRECT] [Fatal Error] :1:1: Premature end of file.
2026-05-04 12:11:41,170 [ERROR] LogOutputStream:75 - [STDERR_REDIRECT] 
2026-05-04 12:11:42,170 [ERROR] LogOutputStream:75 - [STDERR_REDIRECT] [Fatal Error] :1:1: Premature end of file.
2026-05-04 12:11:42,170 [ERROR] LogOutputStream:75 - [STDERR_REDIRECT] 
2026-05-04 12:11:43,174 [ERROR] LogOutputStream:75 - [STDERR_REDIRECT] [Fatal Error] :1:1: Premature end of file.
2026-05-04 12:11:43,174 [ERROR] LogOutputStream:75 - [STDERR_REDIRECT] 
2026-05-04 12:11:44,161 [ERROR] LogOutputStream:75 - [STDERR_REDIRECT] [Fatal Error] :1:1: Premature end of file.
2026-05-04 12:11:44,162 [ERROR] LogOutputStream:75 - [STDERR_REDIRECT] 
2026-05-04 12:11:45,196 [ERROR] LogOutputStream:75 - [STDERR_REDIRECT] [Fatal Error] :1:1: Premature end of file.
2026-05-04 12:11:45,197 [ERROR] LogOutputStream:75 - [STDERR_REDIRECT] 
2026-05-04 12:11:46,161 [ERROR] LogOutputStream:75 - [STDERR_REDIRECT] [Fatal Error] :1:1: Premature end of file.
2026-05-04 12:11:46,161 [ERROR] LogOutputStream:75 - [STDERR_REDIRECT] 
2026-05-04 12:11:47,194 [ERROR] LogOutputStream:75 - [STDERR_REDIRECT] [Fatal Error] :1:1: Premature end of file.
2026-05-04 12:11:47,195 [ERROR] LogOutputStream:75 - [STDERR_REDIRECT] 
2026-05-04 12:11:48,164 [ERROR] LogOutputStream:75 - [STDERR_REDIRECT] [Fatal Error] :1:1: Premature end of file.
2026-05-04 12:11:48,165 [ERROR] LogOutputStream:75 - [STDERR_REDIRECT] 
2026-05-04 12:11:49,179 [ERROR] LogOutputStream:75 - [STDERR_REDIRECT] [Fatal Error] :1:1: Premature end of file.
2026-05-04 12:11:49,179 [ERROR] LogOutputStream:75 - [STDERR_REDIRECT] 
2026-05-04 12:11:50,157 [ERROR] LogOutputStream:75 - [STDERR_REDIRECT] [Fatal Error] :1:1: Premature end of file.
2026-05-04 12:11:50,158 [ERROR] LogOutputStream:75 - [STDERR_REDIRECT] 
2026-05-04 12:11:51,168 [ERROR] LogOutputStream:75 - [STDERR_REDIRECT] [Fatal Error] :1:1: Premature end of file.
2026-05-04 12:11:51,168 [ERROR] LogOutputStream:75 - [STDERR_REDIRECT] 
2026-05-04 12:11:52,160 [ERROR] LogOutputStream:75 - [STDERR_REDIRECT] [Fatal Error] :1:1: Premature end of file.
2026-05-04 12:11:52,162 [ERROR] LogOutputStream:75 - [STDERR_REDIRECT] 
2026-05-04 12:11:53,171 [ERROR] LogOutputStream:75 - [STDERR_REDIRECT] [Fatal Error] :1:1: Premature end of file.
2026-05-04 12:11:53,171 [ERROR] LogOutputStream:75 - [STDERR_REDIRECT] 
2026-05-04 12:11:54,159 [ERROR] LogOutputStream:75 - [STDERR_REDIRECT] [Fatal Error] :1:1: Premature end of file.
2026-05-04 12:11:54,159 [ERROR] LogOutputStream:75 - [STDERR_REDIRECT] 
2026-05-04 12:11:55,149 [ERROR] LogOutputStream:75 - [STDERR_REDIRECT] [Fatal Error] :1:1: Premature end of file.
2026-05-04 12:11:55,149 [ERROR] LogOutputStream:75 - [STDERR_REDIRECT] 
2026-05-04 12:11:56,204 [ERROR] LogOutputStream:75 - [STDERR_REDIRECT] [Fatal Error] :1:1: Premature end of file.
2026-05-04 12:11:56,205 [ERROR] LogOutputStream:75 - [STDERR_REDIRECT] 
2026-05-04 12:11:57,160 [ERROR] LogOutputStream:75 - [STDERR_REDIRECT] [Fatal Error] :1:1: Premature end of file.
2026-05-04 12:11:57,161 [ERROR] LogOutputStream:75 - [STDERR_REDIRECT] 
2026-05-04 12:11:58,191 [ERROR] LogOutputStream:75 - [STDERR_REDIRECT] [Fatal Error] :1:1: Premature end of file.
2026-05-04 12:11:58,191 [ERROR] LogOutputStream:75 - [STDERR_REDIRECT] 
2026-05-04 12:11:59,159 [ERROR] LogOutputStream:75 - [STDERR_REDIRECT] [Fatal Error] :1:1: Premature end of file.
2026-05-04 12:11:59,160 [ERROR] LogOutputStream:75 - [STDERR_REDIRECT] 
2026-05-04 12:12:00,135 [ERROR] LogOutputStream:75 - [STDERR_REDIRECT] [Fatal Error] :1:1: Premature end of file.
2026-05-04 12:12:00,135 [ERROR] LogOutputStream:75 - [STDERR_REDIRECT] 
2026-05-04 12:12:01,152 [ERROR] LogOutputStream:75 - [STDERR_REDIRECT] [Fatal Error] :1:1: Premature end of file.
2026-05-04 12:12:01,153 [ERROR] LogOutputStream:75 - [STDERR_REDIRECT] 
2026-05-04 12:12:02,171 [ERROR] LogOutputStream:75 - [STDERR_REDIRECT] [Fatal Error] :1:1: Premature end of file.
2026-05-04 12:12:02,171 [ERROR] LogOutputStream:75 - [STDERR_REDIRECT] 
2026-05-04 12:12:03,164 [ERROR] LogOutputStream:75 - [STDERR_REDIRECT] [Fatal Error] :1:1: Premature end of file.
2026-05-04 12:12:03,164 [ERROR] LogOutputStream:75 - [STDERR_REDIRECT] 
2026-05-04 12:12:04,159 [ERROR] LogOutputStream:75 - [STDERR_REDIRECT] [Fatal Error] :1:1: Premature end of file.
2026-05-04 12:12:04,159 [ERROR] LogOutputStream:75 - [STDERR_REDIRECT] 
2026-05-04 12:12:05,164 [ERROR] LogOutputStream:75 - [STDERR_REDIRECT] [Fatal Error] :1:1: Premature end of file.
2026-05-04 12:12:05,164 [ERROR] LogOutputStream:75 - [STDERR_REDIRECT] 
2026-05-04 12:12:06,332 [ERROR] LogOutputStream:75 - [STDERR_REDIRECT] [Fatal Error] :1:1: Premature end of file.
2026-05-04 12:12:06,333 [ERROR] LogOutputStream:75 - [STDERR_REDIRECT] 
2026-05-04 12:12:07,205 [ERROR] LogOutputStream:75 - [STDERR_REDIRECT] [Fatal Error] :1:1: Premature end of file.
2026-05-04 12:12:07,205 [ERROR] LogOutputStream:75 - [STDERR_REDIRECT] 
2026-05-04 12:12:08,165 [ERROR] LogOutputStream:75 - [STDERR_REDIRECT] [Fatal Error] :1:1: Premature end of file.
2026-05-04 12:12:08,166 [ERROR] LogOutputStream:75 - [STDERR_REDIRECT] 
2026-05-04 12:12:09,181 [ERROR] LogOutputStream:75 - [STDERR_REDIRECT] [Fatal Error] :1:1: Premature end of file.
2026-05-04 12:12:09,181 [ERROR] LogOutputStream:75 - [STDERR_REDIRECT] 
2026-05-04 12:12:10,177 [ERROR] LogOutputStream:75 - [STDERR_REDIRECT] [Fatal Error] :1:1: Premature end of file.
2026-05-04 12:12:10,177 [ERROR] LogOutputStream:75 - [STDERR_REDIRECT] 
2026-05-04 12:12:11,170 [ERROR] LogOutputStream:75 - [STDERR_REDIRECT] [Fatal Error] :1:1: Premature end of file.
2026-05-04 12:12:11,171 [ERROR] LogOutputStream:75 - [STDERR_REDIRECT] 
2026-05-04 12:12:12,181 [ERROR] LogOutputStream:75 - [STDERR_REDIRECT] [Fatal Error] :1:1: Premature end of file.
2026-05-04 12:12:12,182 [ERROR] LogOutputStream:75 - [STDERR_REDIRECT] 
2026-05-04 12:12:13,170 [ERROR] LogOutputStream:75 - [STDERR_REDIRECT] [Fatal Error] :1:1: Premature end of file.
2026-05-04 12:12:13,171 [ERROR] LogOutputStream:75 - [STDERR_REDIRECT] 
2026-05-04 12:12:14,148 [ERROR] LogOutputStream:75 - [STDERR_REDIRECT] [Fatal Error] :1:1: Premature end of file.
2026-05-04 12:12:14,148 [ERROR] LogOutputStream:75 - [STDERR_REDIRECT] 
2026-05-04 12:12:15,180 [ERROR] LogOutputStream:75 - [STDERR_REDIRECT] [Fatal Error] :1:1: Premature end of file.
2026-05-04 12:12:15,181 [ERROR] LogOutputStream:75 - [STDERR_REDIRECT] 
2026-05-04 12:12:16,161 [ERROR] LogOutputStream:75 - [STDERR_REDIRECT] [Fatal Error] :1:1: Premature end of file.
2026-05-04 12:12:16,162 [ERROR] LogOutputStream:75 - [STDERR_REDIRECT] 
2026-05-04 12:12:17,153 [ERROR] LogOutputStream:75 - [STDERR_REDIRECT] [Fatal Error] :1:1: Premature end of file.
2026-05-04 12:12:17,154 [ERROR] LogOutputStream:75 - [STDERR_REDIRECT] 
2026-05-04 12:12:18,179 [ERROR] LogOutputStream:75 - [STDERR_REDIRECT] [Fatal Error] :1:1: Premature end of file.
2026-05-04 12:12:18,180 [ERROR] LogOutputStream:75 - [STDERR_REDIRECT] 
2026-05-04 12:12:19,175 [ERROR] LogOutputStream:75 - [STDERR_REDIRECT] [Fatal Error] :1:1: Premature end of file.
2026-05-04 12:12:19,175 [ERROR] LogOutputStream:75 - [STDERR_REDIRECT] 
2026-05-04 12:12:20,149 [ERROR] LogOutputStream:75 - [STDERR_REDIRECT] [Fatal Error] :1:1: Premature end of file.
2026-05-04 12:12:20,149 [ERROR] LogOutputStream:75 - [STDERR_REDIRECT] 
2026-05-04 12:12:21,150 [ERROR] LogOutputStream:75 - [STDERR_REDIRECT] [Fatal Error] :1:1: Premature end of file.
2026-05-04 12:12:21,150 [ERROR] LogOutputStream:75 - [STDERR_REDIRECT] 
2026-05-04 12:12:22,180 [ERROR] LogOutputStream:75 - [STDERR_REDIRECT] [Fatal Error] :1:1: Premature end of file.
2026-05-04 12:12:22,181 [ERROR] LogOutputStream:75 - [STDERR_REDIRECT] 
2026-05-04 12:12:23,185 [ERROR] LogOutputStream:75 - [STDERR_REDIRECT] [Fatal Error] :1:1: Premature end of file.
2026-05-04 12:12:23,185 [ERROR] LogOutputStream:75 - [STDERR_REDIRECT] 
2026-05-04 12:12:24,160 [ERROR] LogOutputStream:75 - [STDERR_REDIRECT] [Fatal Error] :1:1: Premature end of file.
2026-05-04 12:12:24,161 [ERROR] LogOutputStream:75 - [STDERR_REDIRECT] 
2026-05-04 12:12:25,135 [ERROR] LogOutputStream:75 - [STDERR_REDIRECT] [Fatal Error] :1:1: Premature end of file.
2026-05-04 12:12:25,135 [ERROR] LogOutputStream:75 - [STDERR_REDIRECT] 
2026-05-04 12:12:26,156 [ERROR] LogOutputStream:75 - [STDERR_REDIRECT] [Fatal Error] :1:1: Premature end of file.
2026-05-04 12:12:26,156 [ERROR] LogOutputStream:75 - [STDERR_REDIRECT] 
2026-05-04 12:12:27,167 [ERROR] LogOutputStream:75 - [STDERR_REDIRECT] [Fatal Error] :1:1: Premature end of file.
2026-05-04 12:12:27,167 [ERROR] LogOutputStream:75 - [STDERR_REDIRECT] 
2026-05-04 12:12:28,141 [ERROR] LogOutputStream:75 - [STDERR_REDIRECT] [Fatal Error] :1:1: Premature end of file.
2026-05-04 12:12:28,142 [ERROR] LogOutputStream:75 - [STDERR_REDIRECT] 
2026-05-04 12:12:29,162 [ERROR] LogOutputStream:75 - [STDERR_REDIRECT] [Fatal Error] :1:1: Premature end of file.
2026-05-04 12:12:29,162 [ERROR] LogOutputStream:75 - [STDERR_REDIRECT] 
2026-05-04 12:12:30,171 [ERROR] LogOutputStream:75 - [STDERR_REDIRECT] [Fatal Error] :1:1: Premature end of file.
2026-05-04 12:12:30,172 [ERROR] LogOutputStream:75 - [STDERR_REDIRECT] 
2026-05-04 12:12:31,194 [ERROR] LogOutputStream:75 - [STDERR_REDIRECT] [Fatal Error] :1:1: Premature end of file.
2026-05-04 12:12:31,194 [ERROR] LogOutputStream:75 - [STDERR_REDIRECT] 
2026-05-04 12:12:32,169 [ERROR] LogOutputStream:75 - [STDERR_REDIRECT] [Fatal Error] :1:1: Premature end of file.
2026-05-04 12:12:32,169 [ERROR] LogOutputStream:75 - [STDERR_REDIRECT] 
2026-05-04 12:12:33,167 [ERROR] LogOutputStream:75 - [STDERR_REDIRECT] [Fatal Error] :1:1: Premature end of file.
2026-05-04 12:12:33,168 [ERROR] LogOutputStream:75 - [STDERR_REDIRECT] 
2026-05-04 12:12:34,158 [ERROR] LogOutputStream:75 - [STDERR_REDIRECT] [Fatal Error] :1:1: Premature end of file.
2026-05-04 12:12:34,159 [ERROR] LogOutputStream:75 - [STDERR_REDIRECT] 
2026-05-04 12:12:35,182 [ERROR] LogOutputStream:75 - [STDERR_REDIRECT] [Fatal Error] :1:1: Premature end of file.
2026-05-04 12:12:35,183 [ERROR] LogOutputStream:75 - [STDERR_REDIRECT] 
2026-05-04 12:12:36,161 [ERROR] LogOutputStream:75 - [STDERR_REDIRECT] [Fatal Error] :1:1: Premature end of file.
2026-05-04 12:12:36,162 [ERROR] LogOutputStream:75 - [STDERR_REDIRECT] 
2026-05-04 12:12:37,193 [ERROR] LogOutputStream:75 - [STDERR_REDIRECT] [Fatal Error] :1:1: Premature end of file.
2026-05-04 12:12:37,193 [ERROR] LogOutputStream:75 - [STDERR_REDIRECT] 
2026-05-04 12:12:38,152 [ERROR] LogOutputStream:75 - [STDERR_REDIRECT] [Fatal Error] :1:1: Premature end of file.
2026-05-04 12:12:38,152 [ERROR] LogOutputStream:75 - [STDERR_REDIRECT] 
2026-05-04 12:12:39,159 [ERROR] LogOutputStream:75 - [STDERR_REDIRECT] [Fatal Error] :1:1: Premature end of file.
2026-05-04 12:12:39,159 [ERROR] LogOutputStream:75 - [STDERR_REDIRECT] 
2026-05-04 12:12:40,192 [ERROR] LogOutputStream:75 - [STDERR_REDIRECT] [Fatal Error] :1:1: Premature end of file.
2026-05-04 12:12:40,192 [ERROR] LogOutputStream:75 - [STDERR_REDIRECT] 
2026-05-04 12:12:41,181 [ERROR] LogOutputStream:75 - [STDERR_REDIRECT] [Fatal Error] :1:1: Premature end of file.
2026-05-04 12:12:41,182 [ERROR] LogOutputStream:75 - [STDERR_REDIRECT] 
2026-05-04 12:12:42,187 [ERROR] LogOutputStream:75 - [STDERR_REDIRECT] [Fatal Error] :1:1: Premature end of file.
2026-05-04 12:12:42,188 [ERROR] LogOutputStream:75 - [STDERR_REDIRECT] 
2026-05-04 12:12:43,159 [ERROR] LogOutputStream:75 - [STDERR_REDIRECT] [Fatal Error] :1:1: Premature end of file.
2026-05-04 12:12:43,159 [ERROR] LogOutputStream:75 - [STDERR_REDIRECT] 
2026-05-04 12:12:44,146 [ERROR] LogOutputStream:75 - [STDERR_REDIRECT] [Fatal Error] :1:1: Premature end of file.
2026-05-04 12:12:44,146 [ERROR] LogOutputStream:75 - [STDERR_REDIRECT] 
2026-05-04 12:12:45,150 [ERROR] LogOutputStream:75 - [STDERR_REDIRECT] [Fatal Error] :1:1: Premature end of file.
2026-05-04 12:12:45,150 [ERROR] LogOutputStream:75 - [STDERR_REDIRECT] 
2026-05-04 12:12:46,154 [ERROR] LogOutputStream:75 - [STDERR_REDIRECT] [Fatal Error] :1:1: Premature end of file.
2026-05-04 12:12:46,155 [ERROR] LogOutputStream:75 - [STDERR_REDIRECT] 
2026-05-04 12:12:47,195 [ERROR] LogOutputStream:75 - [STDERR_REDIRECT] [Fatal Error] :1:1: Premature end of file.
2026-05-04 12:12:47,195 [ERROR] LogOutputStream:75 - [STDERR_REDIRECT] 
2026-05-04 12:12:48,143 [ERROR] LogOutputStream:75 - [STDERR_REDIRECT] [Fatal Error] :1:1: Premature end of file.
2026-05-04 12:12:48,144 [ERROR] LogOutputStream:75 - [STDERR_REDIRECT] 
2026-05-04 12:12:49,152 [ERROR] LogOutputStream:75 - [STDERR_REDIRECT] [Fatal Error] :1:1: Premature end of file.
2026-05-04 12:12:49,153 [ERROR] LogOutputStream:75 - [STDERR_REDIRECT] 
2026-05-04 12:12:50,145 [ERROR] LogOutputStream:75 - [STDERR_REDIRECT] [Fatal Error] :1:1: Premature end of file.
2026-05-04 12:12:50,145 [ERROR] LogOutputStream:75 - [STDERR_REDIRECT] 
2026-05-04 12:12:51,140 [ERROR] LogOutputStream:75 - [STDERR_REDIRECT] [Fatal Error] :1:1: Premature end of file.
2026-05-04 12:12:51,141 [ERROR] LogOutputStream:75 - [STDERR_REDIRECT] 
2026-05-04 12:12:52,156 [ERROR] LogOutputStream:75 - [STDERR_REDIRECT] [Fatal Error] :1:1: Premature end of file.
2026-05-04 12:12:52,156 [ERROR] LogOutputStream:75 - [STDERR_REDIRECT] 
2026-05-04 12:12:53,150 [ERROR] LogOutputStream:75 - [STDERR_REDIRECT] [Fatal Error] :1:1: Premature end of file.
2026-05-04 12:12:53,151 [ERROR] LogOutputStream:75 - [STDERR_REDIRECT] 
2026-05-04 12:12:54,152 [ERROR] LogOutputStream:75 - [STDERR_REDIRECT] [Fatal Error] :1:1: Premature end of file.
2026-05-04 12:12:54,153 [ERROR] LogOutputStream:75 - [STDERR_REDIRECT] 
2026-05-04 12:12:55,163 [ERROR] LogOutputStream:75 - [STDERR_REDIRECT] [Fatal Error] :1:1: Premature end of file.
2026-05-04 12:12:55,163 [ERROR] LogOutputStream:75 - [STDERR_REDIRECT] 
2026-05-04 12:12:56,206 [ERROR] LogOutputStream:75 - [STDERR_REDIRECT] [Fatal Error] :1:1: Premature end of file.
2026-05-04 12:12:56,207 [ERROR] LogOutputStream:75 - [STDERR_REDIRECT] 
2026-05-04 12:12:57,149 [ERROR] LogOutputStream:75 - [STDERR_REDIRECT] [Fatal Error] :1:1: Premature end of file.
2026-05-04 12:12:57,149 [ERROR] LogOutputStream:75 - [STDERR_REDIRECT] 
2026-05-04 12:12:58,139 [ERROR] LogOutputStream:75 - [STDERR_REDIRECT] [Fatal Error] :1:1: Premature end of file.
2026-05-04 12:12:58,140 [ERROR] LogOutputStream:75 - [STDERR_REDIRECT] 
2026-05-04 12:12:59,172 [ERROR] LogOutputStream:75 - [STDERR_REDIRECT] [Fatal Error] :1:1: Premature end of file.
2026-05-04 12:12:59,172 [ERROR] LogOutputStream:75 - [STDERR_REDIRECT] 
2026-05-04 12:13:00,158 [ERROR] LogOutputStream:75 - [STDERR_REDIRECT] [Fatal Error] :1:1: Premature end of file.
2026-05-04 12:13:00,158 [ERROR] LogOutputStream:75 - [STDERR_REDIRECT] 
2026-05-04 12:13:01,193 [ERROR] LogOutputStream:75 - [STDERR_REDIRECT] [Fatal Error] :1:1: Premature end of file.
2026-05-04 12:13:01,193 [ERROR] LogOutputStream:75 - [STDERR_REDIRECT] 
2026-05-04 12:13:02,152 [ERROR] LogOutputStream:75 - [STDERR_REDIRECT] [Fatal Error] :1:1: Premature end of file.
2026-05-04 12:13:02,153 [ERROR] LogOutputStream:75 - [STDERR_REDIRECT] 
2026-05-04 12:13:03,148 [ERROR] LogOutputStream:75 - [STDERR_REDIRECT] [Fatal Error] :1:1: Premature end of file.
2026-05-04 12:13:03,148 [ERROR] LogOutputStream:75 - [STDERR_REDIRECT] 
2026-05-04 12:13:04,141 [ERROR] LogOutputStream:75 - [STDERR_REDIRECT] [Fatal Error] :1:1: Premature end of file.
2026-05-04 12:13:04,142 [ERROR] LogOutputStream:75 - [STDERR_REDIRECT] 
2026-05-04 12:13:05,156 [ERROR] LogOutputStream:75 - [STDERR_REDIRECT] [Fatal Error] :1:1: Premature end of file.
2026-05-04 12:13:05,156 [ERROR] LogOutputStream:75 - [STDERR_REDIRECT] 
2026-05-04 12:13:06,178 [ERROR] LogOutputStream:75 - [STDERR_REDIRECT] [Fatal Error] :1:1: Premature end of file.
2026-05-04 12:13:06,179 [ERROR] LogOutputStream:75 - [STDERR_REDIRECT] 
2026-05-04 12:13:07,199 [ERROR] LogOutputStream:75 - [STDERR_REDIRECT] [Fatal Error] :1:1: Premature end of file.
2026-05-04 12:13:07,199 [ERROR] LogOutputStream:75 - [STDERR_REDIRECT] 
2026-05-04 12:13:08,209 [ERROR] LogOutputStream:75 - [STDERR_REDIRECT] [Fatal Error] :1:1: Premature end of file.
2026-05-04 12:13:08,209 [ERROR] LogOutputStream:75 - [STDERR_REDIRECT] 
2026-05-04 12:13:09,169 [ERROR] LogOutputStream:75 - [STDERR_REDIRECT] [Fatal Error] :1:1: Premature end of file.
2026-05-04 12:13:09,169 [ERROR] LogOutputStream:75 - [STDERR_REDIRECT] 
2026-05-04 12:13:10,128 [ERROR] LogOutputStream:75 - [STDERR_REDIRECT] [Fatal Error] :1:1: Premature end of file.
2026-05-04 12:13:10,128 [ERROR] LogOutputStream:75 - [STDERR_REDIRECT] 
2026-05-04 12:13:11,162 [ERROR] LogOutputStream:75 - [STDERR_REDIRECT] [Fatal Error] :1:1: Premature end of file.
2026-05-04 12:13:11,163 [ERROR] LogOutputStream:75 - [STDERR_REDIRECT] 
2026-05-04 12:13:12,170 [ERROR] LogOutputStream:75 - [STDERR_REDIRECT] [Fatal Error] :1:1: Premature end of file.
2026-05-04 12:13:12,171 [ERROR] LogOutputStream:75 - [STDERR_REDIRECT] 
2026-05-04 12:13:13,149 [ERROR] LogOutputStream:75 - [STDERR_REDIRECT] [Fatal Error] :1:1: Premature end of file.
2026-05-04 12:13:13,149 [ERROR] LogOutputStream:75 - [STDERR_REDIRECT] 
2026-05-04 12:13:14,167 [ERROR] LogOutputStream:75 - [STDERR_REDIRECT] [Fatal Error] :1:1: Premature end of file.
2026-05-04 12:13:14,167 [ERROR] LogOutputStream:75 - [STDERR_REDIRECT] 
2026-05-04 12:13:15,158 [ERROR] LogOutputStream:75 - [STDERR_REDIRECT] [Fatal Error] :1:1: Premature end of file.
2026-05-04 12:13:15,159 [ERROR] LogOutputStream:75 - [STDERR_REDIRECT] 
2026-05-04 12:13:16,159 [ERROR] LogOutputStream:75 - [STDERR_REDIRECT] [Fatal Error] :1:1: Premature end of file.
2026-05-04 12:13:16,159 [ERROR] LogOutputStream:75 - [STDERR_REDIRECT] 
2026-05-04 12:13:17,167 [ERROR] LogOutputStream:75 - [STDERR_REDIRECT] [Fatal Error] :1:1: Premature end of file.
2026-05-04 12:13:17,167 [ERROR] LogOutputStream:75 - [STDERR_REDIRECT] 
2026-05-04 12:13:18,181 [ERROR] LogOutputStream:75 - [STDERR_REDIRECT] [Fatal Error] :1:1: Premature end of file.
2026-05-04 12:13:18,181 [ERROR] LogOutputStream:75 - [STDERR_REDIRECT] 
2026-05-04 12:13:19,172 [ERROR] LogOutputStream:75 - [STDERR_REDIRECT] [Fatal Error] :1:1: Premature end of file.
2026-05-04 12:13:19,173 [ERROR] LogOutputStream:75 - [STDERR_REDIRECT] 
2026-05-04 12:13:20,147 [ERROR] LogOutputStream:75 - [STDERR_REDIRECT] [Fatal Error] :1:1: Premature end of file.
2026-05-04 12:13:20,147 [ERROR] LogOutputStream:75 - [STDERR_REDIRECT] 
2026-05-04 12:13:21,149 [ERROR] LogOutputStream:75 - [STDERR_REDIRECT] [Fatal Error] :1:1: Premature end of file.
2026-05-04 12:13:21,150 [ERROR] LogOutputStream:75 - [STDERR_REDIRECT] 
2026-05-04 12:13:22,155 [ERROR] LogOutputStream:75 - [STDERR_REDIRECT] [Fatal Error] :1:1: Premature end of file.
2026-05-04 12:13:22,155 [ERROR] LogOutputStream:75 - [STDERR_REDIRECT] 
2026-05-04 12:13:23,159 [ERROR] LogOutputStream:75 - [STDERR_REDIRECT] [Fatal Error] :1:1: Premature end of file.
2026-05-04 12:13:23,160 [ERROR] LogOutputStream:75 - [STDERR_REDIRECT] 
2026-05-04 12:13:24,190 [ERROR] LogOutputStream:75 - [STDERR_REDIRECT] [Fatal Error] :1:1: Premature end of file.
2026-05-04 12:13:24,191 [ERROR] LogOutputStream:75 - [STDERR_REDIRECT] 
2026-05-04 12:13:25,162 [ERROR] LogOutputStream:75 - [STDERR_REDIRECT] [Fatal Error] :1:1: Premature end of file.
2026-05-04 12:13:25,162 [ERROR] LogOutputStream:75 - [STDERR_REDIRECT] 
2026-05-04 12:13:26,192 [ERROR] LogOutputStream:75 - [STDERR_REDIRECT] [Fatal Error] :1:1: Premature end of file.
2026-05-04 12:13:26,192 [ERROR] LogOutputStream:75 - [STDERR_REDIRECT] 
2026-05-04 12:13:27,163 [ERROR] LogOutputStream:75 - [STDERR_REDIRECT] [Fatal Error] :1:1: Premature end of file.
2026-05-04 12:13:27,163 [ERROR] LogOutputStream:75 - [STDERR_REDIRECT] 
2026-05-04 12:13:28,157 [ERROR] LogOutputStream:75 - [STDERR_REDIRECT] [Fatal Error] :1:1: Premature end of file.
2026-05-04 12:13:28,157 [ERROR] LogOutputStream:75 - [STDERR_REDIRECT] 
2026-05-04 12:13:29,178 [ERROR] LogOutputStream:75 - [STDERR_REDIRECT] [Fatal Error] :1:1: Premature end of file.
2026-05-04 12:13:29,178 [ERROR] LogOutputStream:75 - [STDERR_REDIRECT] 
2026-05-04 12:13:30,189 [ERROR] LogOutputStream:75 - [STDERR_REDIRECT] [Fatal Error] :1:1: Premature end of file.
2026-05-04 12:13:30,190 [ERROR] LogOutputStream:75 - [STDERR_REDIRECT] 
2026-05-04 12:13:31,150 [ERROR] LogOutputStream:75 - [STDERR_REDIRECT] [Fatal Error] :1:1: Premature end of file.
2026-05-04 12:13:31,150 [ERROR] LogOutputStream:75 - [STDERR_REDIRECT] 
2026-05-04 12:13:32,169 [ERROR] LogOutputStream:75 - [STDERR_REDIRECT] [Fatal Error] :1:1: Premature end of file.
2026-05-04 12:13:32,170 [ERROR] LogOutputStream:75 - [STDERR_REDIRECT] 
2026-05-04 12:13:33,162 [ERROR] LogOutputStream:75 - [STDERR_REDIRECT] [Fatal Error] :1:1: Premature end of file.
2026-05-04 12:13:33,162 [ERROR] LogOutputStream:75 - [STDERR_REDIRECT] 
2026-05-04 12:13:34,186 [ERROR] LogOutputStream:75 - [STDERR_REDIRECT] [Fatal Error] :1:1: Premature end of file.
2026-05-04 12:13:34,187 [ERROR] LogOutputStream:75 - [STDERR_REDIRECT] 
2026-05-04 12:13:35,174 [ERROR] LogOutputStream:75 - [STDERR_REDIRECT] [Fatal Error] :1:1: Premature end of file.
2026-05-04 12:13:35,174 [ERROR] LogOutputStream:75 - [STDERR_REDIRECT] 
2026-05-04 12:13:36,169 [ERROR] LogOutputStream:75 - [STDERR_REDIRECT] [Fatal Error] :1:1: Premature end of file.
2026-05-04 12:13:36,170 [ERROR] LogOutputStream:75 - [STDERR_REDIRECT] 
2026-05-04 12:13:37,162 [ERROR] LogOutputStream:75 - [STDERR_REDIRECT] [Fatal Error] :1:1: Premature end of file.
2026-05-04 12:13:37,162 [ERROR] LogOutputStream:75 - [STDERR_REDIRECT] 
2026-05-04 12:13:38,185 [ERROR] LogOutputStream:75 - [STDERR_REDIRECT] [Fatal Error] :1:1: Premature end of file.
2026-05-04 12:13:38,185 [ERROR] LogOutputStream:75 - [STDERR_REDIRECT] 
2026-05-04 12:13:39,158 [ERROR] LogOutputStream:75 - [STDERR_REDIRECT] [Fatal Error] :1:1: Premature end of file.
2026-05-04 12:13:39,158 [ERROR] LogOutputStream:75 - [STDERR_REDIRECT] 
2026-05-04 12:13:40,151 [ERROR] LogOutputStream:75 - [STDERR_REDIRECT] [Fatal Error] :1:1: Premature end of file.
2026-05-04 12:13:40,151 [ERROR] LogOutputStream:75 - [STDERR_REDIRECT] 
2026-05-04 12:13:41,153 [ERROR] LogOutputStream:75 - [STDERR_REDIRECT] [Fatal Error] :1:1: Premature end of file.
2026-05-04 12:13:41,153 [ERROR] LogOutputStream:75 - [STDERR_REDIRECT] 
2026-05-04 12:13:42,168 [ERROR] LogOutputStream:75 - [STDERR_REDIRECT] [Fatal Error] :1:1: Premature end of file.
2026-05-04 12:13:42,168 [ERROR] LogOutputStream:75 - [STDERR_REDIRECT] 
2026-05-04 12:13:43,142 [ERROR] LogOutputStream:75 - [STDERR_REDIRECT] [Fatal Error] :1:1: Premature end of file.
2026-05-04 12:13:43,142 [ERROR] LogOutputStream:75 - [STDERR_REDIRECT] 
2026-05-04 12:13:44,137 [ERROR] LogOutputStream:75 - [STDERR_REDIRECT] [Fatal Error] :1:1: Premature end of file.
2026-05-04 12:13:44,138 [ERROR] LogOutputStream:75 - [STDERR_REDIRECT] 
2026-05-04 12:13:45,164 [ERROR] LogOutputStream:75 - [STDERR_REDIRECT] [Fatal Error] :1:1: Premature end of file.
2026-05-04 12:13:45,164 [ERROR] LogOutputStream:75 - [STDERR_REDIRECT] 
2026-05-04 12:13:46,167 [ERROR] LogOutputStream:75 - [STDERR_REDIRECT] [Fatal Error] :1:1: Premature end of file.
2026-05-04 12:13:46,167 [ERROR] LogOutputStream:75 - [STDERR_REDIRECT] 
2026-05-04 12:13:47,144 [ERROR] LogOutputStream:75 - [STDERR_REDIRECT] [Fatal Error] :1:1: Premature end of file.
2026-05-04 12:13:47,145 [ERROR] LogOutputStream:75 - [STDERR_REDIRECT] 
2026-05-04 12:13:48,157 [ERROR] LogOutputStream:75 - [STDERR_REDIRECT] [Fatal Error] :1:1: Premature end of file.
2026-05-04 12:13:48,158 [ERROR] LogOutputStream:75 - [STDERR_REDIRECT] 
2026-05-04 12:13:49,134 [ERROR] LogOutputStream:75 - [STDERR_REDIRECT] [Fatal Error] :1:1: Premature end of file.
2026-05-04 12:13:49,134 [ERROR] LogOutputStream:75 - [STDERR_REDIRECT] 
2026-05-04 12:13:50,126 [ERROR] LogOutputStream:75 - [STDERR_REDIRECT] [Fatal Error] :1:1: Premature end of file.
2026-05-04 12:13:50,126 [ERROR] LogOutputStream:75 - [STDERR_REDIRECT] 
2026-05-04 12:13:51,156 [ERROR] LogOutputStream:75 - [STDERR_REDIRECT] [Fatal Error] :1:1: Premature end of file.
2026-05-04 12:13:51,156 [ERROR] LogOutputStream:75 - [STDERR_REDIRECT] 
2026-05-04 12:13:52,148 [ERROR] LogOutputStream:75 - [STDERR_REDIRECT] [Fatal Error] :1:1: Premature end of file.
2026-05-04 12:13:52,148 [ERROR] LogOutputStream:75 - [STDERR_REDIRECT] 
2026-05-04 12:13:53,160 [ERROR] LogOutputStream:75 - [STDERR_REDIRECT] [Fatal Error] :1:1: Premature end of file.
2026-05-04 12:13:53,160 [ERROR] LogOutputStream:75 - [STDERR_REDIRECT] 
2026-05-04 12:13:54,183 [ERROR] LogOutputStream:75 - [STDERR_REDIRECT] [Fatal Error] :1:1: Premature end of file.
2026-05-04 12:13:54,183 [ERROR] LogOutputStream:75 - [STDERR_REDIRECT] 
2026-05-04 12:13:55,187 [ERROR] LogOutputStream:75 - [STDERR_REDIRECT] [Fatal Error] :1:1: Premature end of file.
2026-05-04 12:13:55,187 [ERROR] LogOutputStream:75 - [STDERR_REDIRECT] 
2026-05-04 12:13:56,185 [ERROR] LogOutputStream:75 - [STDERR_REDIRECT] [Fatal Error] :1:1: Premature end of file.
2026-05-04 12:13:56,185 [ERROR] LogOutputStream:75 - [STDERR_REDIRECT] 
2026-05-04 12:13:57,166 [ERROR] LogOutputStream:75 - [STDERR_REDIRECT] [Fatal Error] :1:1: Premature end of file.
2026-05-04 12:13:57,167 [ERROR] LogOutputStream:75 - [STDERR_REDIRECT] 
2026-05-04 12:13:58,153 [ERROR] LogOutputStream:75 - [STDERR_REDIRECT] [Fatal Error] :1:1: Premature end of file.
2026-05-04 12:13:58,154 [ERROR] LogOutputStream:75 - [STDERR_REDIRECT] 
2026-05-04 12:13:59,186 [ERROR] LogOutputStream:75 - [STDERR_REDIRECT] [Fatal Error] :1:1: Premature end of file.
2026-05-04 12:13:59,186 [ERROR] LogOutputStream:75 - [STDERR_REDIRECT] 
2026-05-04 12:14:00,163 [ERROR] LogOutputStream:75 - [STDERR_REDIRECT] [Fatal Error] :1:1: Premature end of file.
2026-05-04 12:14:00,164 [ERROR] LogOutputStream:75 - [STDERR_REDIRECT] 
2026-05-04 12:14:01,162 [ERROR] LogOutputStream:75 - [STDERR_REDIRECT] [Fatal Error] :1:1: Premature end of file.
2026-05-04 12:14:01,162 [ERROR] LogOutputStream:75 - [STDERR_REDIRECT] 
2026-05-04 12:14:02,162 [ERROR] LogOutputStream:75 - [STDERR_REDIRECT] [Fatal Error] :1:1: Premature end of file.
2026-05-04 12:14:02,162 [ERROR] LogOutputStream:75 - [STDERR_REDIRECT] 
2026-05-04 12:14:03,182 [ERROR] LogOutputStream:75 - [STDERR_REDIRECT] [Fatal Error] :1:1: Premature end of file.
2026-05-04 12:14:03,182 [ERROR] LogOutputStream:75 - [STDERR_REDIRECT] 
2026-05-04 12:14:04,168 [ERROR] LogOutputStream:75 - [STDERR_REDIRECT] [Fatal Error] :1:1: Premature end of file.
2026-05-04 12:14:04,168 [ERROR] LogOutputStream:75 - [STDERR_REDIRECT] 
2026-05-04 12:14:05,200 [ERROR] LogOutputStream:75 - [STDERR_REDIRECT] [Fatal Error] :1:1: Premature end of file.
2026-05-04 12:14:05,200 [ERROR] LogOutputStream:75 - [STDERR_REDIRECT] 
2026-05-04 12:14:06,175 [ERROR] LogOutputStream:75 - [STDERR_REDIRECT] [Fatal Error] :1:1: Premature end of file.
2026-05-04 12:14:06,175 [ERROR] LogOutputStream:75 - [STDERR_REDIRECT] 
2026-05-04 12:14:07,186 [ERROR] LogOutputStream:75 - [STDERR_REDIRECT] [Fatal Error] :1:1: Premature end of file.
2026-05-04 12:14:07,187 [ERROR] LogOutputStream:75 - [STDERR_REDIRECT] 
2026-05-04 12:14:08,190 [ERROR] LogOutputStream:75 - [STDERR_REDIRECT] [Fatal Error] :1:1: Premature end of file.
2026-05-04 12:14:08,190 [ERROR] LogOutputStream:75 - [STDERR_REDIRECT] 
2026-05-04 12:14:09,172 [ERROR] LogOutputStream:75 - [STDERR_REDIRECT] [Fatal Error] :1:1: Premature end of file.
2026-05-04 12:14:09,173 [ERROR] LogOutputStream:75 - [STDERR_REDIRECT] 
2026-05-04 12:14:10,195 [ERROR] LogOutputStream:75 - [STDERR_REDIRECT] [Fatal Error] :1:1: Premature end of file.
2026-05-04 12:14:10,196 [ERROR] LogOutputStream:75 - [STDERR_REDIRECT] 
2026-05-04 12:14:11,161 [ERROR] LogOutputStream:75 - [STDERR_REDIRECT] [Fatal Error] :1:1: Premature end of file.
2026-05-04 12:14:11,162 [ERROR] LogOutputStream:75 - [STDERR_REDIRECT] 
2026-05-04 12:14:12,190 [ERROR] LogOutputStream:75 - [STDERR_REDIRECT] [Fatal Error] :1:1: Premature end of file.
2026-05-04 12:14:12,190 [ERROR] LogOutputStream:75 - [STDERR_REDIRECT] 
2026-05-04 12:14:13,175 [ERROR] LogOutputStream:75 - [STDERR_REDIRECT] [Fatal Error] :1:1: Premature end of file.
2026-05-04 12:14:13,176 [ERROR] LogOutputStream:75 - [STDERR_REDIRECT] 
2026-05-04 12:14:14,166 [ERROR] LogOutputStream:75 - [STDERR_REDIRECT] [Fatal Error] :1:1: Premature end of file.
2026-05-04 12:14:14,166 [ERROR] LogOutputStream:75 - [STDERR_REDIRECT] 
2026-05-04 12:14:15,177 [ERROR] LogOutputStream:75 - [STDERR_REDIRECT] [Fatal Error] :1:1: Premature end of file.
2026-05-04 12:14:15,177 [ERROR] LogOutputStream:75 - [STDERR_REDIRECT] 
2026-05-04 12:14:16,148 [ERROR] LogOutputStream:75 - [STDERR_REDIRECT] [Fatal Error] :1:1: Premature end of file.
2026-05-04 12:14:16,148 [ERROR] LogOutputStream:75 - [STDERR_REDIRECT] 
2026-05-04 12:14:17,159 [ERROR] LogOutputStream:75 - [STDERR_REDIRECT] [Fatal Error] :1:1: Premature end of file.
2026-05-04 12:14:17,159 [ERROR] LogOutputStream:75 - [STDERR_REDIRECT] 
2026-05-04 12:14:18,162 [ERROR] LogOutputStream:75 - [STDERR_REDIRECT] [Fatal Error] :1:1: Premature end of file.
2026-05-04 12:14:18,163 [ERROR] LogOutputStream:75 - [STDERR_REDIRECT] 
2026-05-04 12:14:19,178 [ERROR] LogOutputStream:75 - [STDERR_REDIRECT] [Fatal Error] :1:1: Premature end of file.
2026-05-04 12:14:19,178 [ERROR] LogOutputStream:75 - [STDERR_REDIRECT] 
2026-05-04 12:14:20,176 [ERROR] LogOutputStream:75 - [STDERR_REDIRECT] [Fatal Error] :1:1: Premature end of file.
2026-05-04 12:14:20,176 [ERROR] LogOutputStream:75 - [STDERR_REDIRECT] 
2026-05-04 12:14:21,148 [ERROR] LogOutputStream:75 - [STDERR_REDIRECT] [Fatal Error] :1:1: Premature end of file.
2026-05-04 12:14:21,149 [ERROR] LogOutputStream:75 - [STDERR_REDIRECT] 
2026-05-04 12:14:22,200 [ERROR] LogOutputStream:75 - [STDERR_REDIRECT] [Fatal Error] :1:1: Premature end of file.
2026-05-04 12:14:22,200 [ERROR] LogOutputStream:75 - [STDERR_REDIRECT] 
2026-05-04 12:14:23,173 [ERROR] LogOutputStream:75 - [STDERR_REDIRECT] [Fatal Error] :1:1: Premature end of file.
2026-05-04 12:14:23,173 [ERROR] LogOutputStream:75 - [STDERR_REDIRECT] 
2026-05-04 12:14:24,185 [ERROR] LogOutputStream:75 - [STDERR_REDIRECT] [Fatal Error] :1:1: Premature end of file.
2026-05-04 12:14:24,186 [ERROR] LogOutputStream:75 - [STDERR_REDIRECT] 
2026-05-04 12:14:25,179 [ERROR] LogOutputStream:75 - [STDERR_REDIRECT] [Fatal Error] :1:1: Premature end of file.
2026-05-04 12:14:25,179 [ERROR] LogOutputStream:75 - [STDERR_REDIRECT] 
2026-05-04 12:14:26,157 [ERROR] LogOutputStream:75 - [STDERR_REDIRECT] [Fatal Error] :1:1: Premature end of file.
2026-05-04 12:14:26,157 [ERROR] LogOutputStream:75 - [STDERR_REDIRECT] 
2026-05-04 12:14:27,179 [ERROR] LogOutputStream:75 - [STDERR_REDIRECT] [Fatal Error] :1:1: Premature end of file.
2026-05-04 12:14:27,179 [ERROR] LogOutputStream:75 - [STDERR_REDIRECT] 
2026-05-04 12:14:28,158 [ERROR] LogOutputStream:75 - [STDERR_REDIRECT] [Fatal Error] :1:1: Premature end of file.
2026-05-04 12:14:28,158 [ERROR] LogOutputStream:75 - [STDERR_REDIRECT] 
2026-05-04 12:14:29,177 [ERROR] LogOutputStream:75 - [STDERR_REDIRECT] [Fatal Error] :1:1: Premature end of file.
2026-05-04 12:14:29,178 [ERROR] LogOutputStream:75 - [STDERR_REDIRECT] 
2026-05-04 12:14:30,177 [ERROR] LogOutputStream:75 - [STDERR_REDIRECT] [Fatal Error] :1:1: Premature end of file.
2026-05-04 12:14:30,177 [ERROR] LogOutputStream:75 - [STDERR_REDIRECT] 
2026-05-04 12:14:31,169 [ERROR] LogOutputStream:75 - [STDERR_REDIRECT] [Fatal Error] :1:1: Premature end of file.
2026-05-04 12:14:31,169 [ERROR] LogOutputStream:75 - [STDERR_REDIRECT] 
2026-05-04 12:14:32,130 [ERROR] LogOutputStream:75 - [STDERR_REDIRECT] [Fatal Error] :1:1: Premature end of file.
2026-05-04 12:14:32,131 [ERROR] LogOutputStream:75 - [STDERR_REDIRECT] 
2026-05-04 12:14:33,178 [ERROR] LogOutputStream:75 - [STDERR_REDIRECT] [Fatal Error] :1:1: Premature end of file.
2026-05-04 12:14:33,178 [ERROR] LogOutputStream:75 - [STDERR_REDIRECT] 
2026-05-04 12:14:34,135 [ERROR] LogOutputStream:75 - [STDERR_REDIRECT] [Fatal Error] :1:1: Premature end of file.
2026-05-04 12:14:34,135 [ERROR] LogOutputStream:75 - [STDERR_REDIRECT] 
2026-05-04 12:14:35,156 [ERROR] LogOutputStream:75 - [STDERR_REDIRECT] [Fatal Error] :1:1: Premature end of file.
2026-05-04 12:14:35,156 [ERROR] LogOutputStream:75 - [STDERR_REDIRECT] 
2026-05-04 12:14:36,158 [ERROR] LogOutputStream:75 - [STDERR_REDIRECT] [Fatal Error] :1:1: Premature end of file.
2026-05-04 12:14:36,158 [ERROR] LogOutputStream:75 - [STDERR_REDIRECT] 
2026-05-04 12:14:37,157 [ERROR] LogOutputStream:75 - [STDERR_REDIRECT] [Fatal Error] :1:1: Premature end of file.
2026-05-04 12:14:37,157 [ERROR] LogOutputStream:75 - [STDERR_REDIRECT] 
2026-05-04 12:14:38,147 [ERROR] LogOutputStream:75 - [STDERR_REDIRECT] [Fatal Error] :1:1: Premature end of file.
2026-05-04 12:14:38,147 [ERROR] LogOutputStream:75 - [STDERR_REDIRECT] 
2026-05-04 12:14:39,161 [ERROR] LogOutputStream:75 - [STDERR_REDIRECT] [Fatal Error] :1:1: Premature end of file.
2026-05-04 12:14:39,161 [ERROR] LogOutputStream:75 - [STDERR_REDIRECT] 
2026-05-04 12:14:40,160 [ERROR] LogOutputStream:75 - [STDERR_REDIRECT] [Fatal Error] :1:1: Premature end of file.
2026-05-04 12:14:40,161 [ERROR] LogOutputStream:75 - [STDERR_REDIRECT] 
2026-05-04 12:14:41,156 [ERROR] LogOutputStream:75 - [STDERR_REDIRECT] [Fatal Error] :1:1: Premature end of file.
2026-05-04 12:14:41,156 [ERROR] LogOutputStream:75 - [STDERR_REDIRECT] 
2026-05-04 12:14:42,169 [ERROR] LogOutputStream:75 - [STDERR_REDIRECT] [Fatal Error] :1:1: Premature end of file.
2026-05-04 12:14:42,169 [ERROR] LogOutputStream:75 - [STDERR_REDIRECT] 
2026-05-04 12:14:43,146 [ERROR] LogOutputStream:75 - [STDERR_REDIRECT] [Fatal Error] :1:1: Premature end of file.
2026-05-04 12:14:43,146 [ERROR] LogOutputStream:75 - [STDERR_REDIRECT] 
2026-05-04 12:14:44,161 [ERROR] LogOutputStream:75 - [STDERR_REDIRECT] [Fatal Error] :1:1: Premature end of file.
2026-05-04 12:14:44,161 [ERROR] LogOutputStream:75 - [STDERR_REDIRECT] 
2026-05-04 12:14:45,179 [ERROR] LogOutputStream:75 - [STDERR_REDIRECT] [Fatal Error] :1:1: Premature end of file.
2026-05-04 12:14:45,179 [ERROR] LogOutputStream:75 - [STDERR_REDIRECT] 
2026-05-04 12:14:46,162 [ERROR] LogOutputStream:75 - [STDERR_REDIRECT] [Fatal Error] :1:1: Premature end of file.
2026-05-04 12:14:46,162 [ERROR] LogOutputStream:75 - [STDERR_REDIRECT] 
2026-05-04 12:14:47,176 [ERROR] LogOutputStream:75 - [STDERR_REDIRECT] [Fatal Error] :1:1: Premature end of file.
2026-05-04 12:14:47,176 [ERROR] LogOutputStream:75 - [STDERR_REDIRECT] 
2026-05-04 12:14:48,161 [ERROR] LogOutputStream:75 - [STDERR_REDIRECT] [Fatal Error] :1:1: Premature end of file.
2026-05-04 12:14:48,161 [ERROR] LogOutputStream:75 - [STDERR_REDIRECT] 
2026-05-04 12:14:49,147 [ERROR] LogOutputStream:75 - [STDERR_REDIRECT] [Fatal Error] :1:1: Premature end of file.
2026-05-04 12:14:49,147 [ERROR] LogOutputStream:75 - [STDERR_REDIRECT] 
2026-05-04 12:14:50,178 [ERROR] LogOutputStream:75 - [STDERR_REDIRECT] [Fatal Error] :1:1: Premature end of file.
2026-05-04 12:14:50,178 [ERROR] LogOutputStream:75 - [STDERR_REDIRECT] 
2026-05-04 12:14:51,159 [ERROR] LogOutputStream:75 - [STDERR_REDIRECT] [Fatal Error] :1:1: Premature end of file.
2026-05-04 12:14:51,159 [ERROR] LogOutputStream:75 - [STDERR_REDIRECT] 
2026-05-04 12:14:52,146 [ERROR] LogOutputStream:75 - [STDERR_REDIRECT] [Fatal Error] :1:1: Premature end of file.
2026-05-04 12:14:52,146 [ERROR] LogOutputStream:75 - [STDERR_REDIRECT] 
2026-05-04 12:14:53,166 [ERROR] LogOutputStream:75 - [STDERR_REDIRECT] [Fatal Error] :1:1: Premature end of file.
2026-05-04 12:14:53,166 [ERROR] LogOutputStream:75 - [STDERR_REDIRECT] 
2026-05-04 12:14:54,160 [ERROR] LogOutputStream:75 - [STDERR_REDIRECT] [Fatal Error] :1:1: Premature end of file.
2026-05-04 12:14:54,160 [ERROR] LogOutputStream:75 - [STDERR_REDIRECT] 
2026-05-04 12:14:55,158 [ERROR] LogOutputStream:75 - [STDERR_REDIRECT] [Fatal Error] :1:1: Premature end of file.
2026-05-04 12:14:55,158 [ERROR] LogOutputStream:75 - [STDERR_REDIRECT] 
2026-05-04 12:14:56,140 [ERROR] LogOutputStream:75 - [STDERR_REDIRECT] [Fatal Error] :1:1: Premature end of file.
2026-05-04 12:14:56,140 [ERROR] LogOutputStream:75 - [STDERR_REDIRECT] 
2026-05-04 12:14:57,174 [ERROR] LogOutputStream:75 - [STDERR_REDIRECT] [Fatal Error] :1:1: Premature end of file.
2026-05-04 12:14:57,175 [ERROR] LogOutputStream:75 - [STDERR_REDIRECT] 
2026-05-04 12:14:58,155 [ERROR] LogOutputStream:75 - [STDERR_REDIRECT] [Fatal Error] :1:1: Premature end of file.
2026-05-04 12:14:58,156 [ERROR] LogOutputStream:75 - [STDERR_REDIRECT] 
2026-05-04 12:14:59,156 [ERROR] LogOutputStream:75 - [STDERR_REDIRECT] [Fatal Error] :1:1: Premature end of file.
2026-05-04 12:14:59,157 [ERROR] LogOutputStream:75 - [STDERR_REDIRECT] 
2026-05-04 12:15:00,165 [ERROR] LogOutputStream:75 - [STDERR_REDIRECT] [Fatal Error] :1:1: Premature end of file.
2026-05-04 12:15:00,166 [ERROR] LogOutputStream:75 - [STDERR_REDIRECT] 
2026-05-04 12:15:01,176 [ERROR] LogOutputStream:75 - [STDERR_REDIRECT] [Fatal Error] :1:1: Premature end of file.
2026-05-04 12:15:01,177 [ERROR] LogOutputStream:75 - [STDERR_REDIRECT] 
2026-05-04 12:15:02,173 [ERROR] LogOutputStream:75 - [STDERR_REDIRECT] [Fatal Error] :1:1: Premature end of file.
2026-05-04 12:15:02,173 [ERROR] LogOutputStream:75 - [STDERR_REDIRECT] 
2026-05-04 12:15:03,180 [ERROR] LogOutputStream:75 - [STDERR_REDIRECT] [Fatal Error] :1:1: Premature end of file.
2026-05-04 12:15:03,180 [ERROR] LogOutputStream:75 - [STDERR_REDIRECT] 
2026-05-04 12:15:04,159 [ERROR] LogOutputStream:75 - [STDERR_REDIRECT] [Fatal Error] :1:1: Premature end of file.
2026-05-04 12:15:04,159 [ERROR] LogOutputStream:75 - [STDERR_REDIRECT] 
2026-05-04 12:15:05,144 [ERROR] LogOutputStream:75 - [STDERR_REDIRECT] [Fatal Error] :1:1: Premature end of file.
2026-05-04 12:15:05,145 [ERROR] LogOutputStream:75 - [STDERR_REDIRECT] 
2026-05-04 12:15:06,165 [ERROR] LogOutputStream:75 - [STDERR_REDIRECT] [Fatal Error] :1:1: Premature end of file.
2026-05-04 12:15:06,165 [ERROR] LogOutputStream:75 - [STDERR_REDIRECT] 
2026-05-04 12:15:07,195 [ERROR] LogOutputStream:75 - [STDERR_REDIRECT] [Fatal Error] :1:1: Premature end of file.
2026-05-04 12:15:07,196 [ERROR] LogOutputStream:75 - [STDERR_REDIRECT] 
2026-05-04 12:15:08,152 [ERROR] LogOutputStream:75 - [STDERR_REDIRECT] [Fatal Error] :1:1: Premature end of file.
2026-05-04 12:15:08,152 [ERROR] LogOutputStream:75 - [STDERR_REDIRECT] 
2026-05-04 12:15:09,165 [ERROR] LogOutputStream:75 - [STDERR_REDIRECT] [Fatal Error] :1:1: Premature end of file.
2026-05-04 12:15:09,166 [ERROR] LogOutputStream:75 - [STDERR_REDIRECT] 
2026-05-04 12:15:10,162 [ERROR] LogOutputStream:75 - [STDERR_REDIRECT] [Fatal Error] :1:1: Premature end of file.
2026-05-04 12:15:10,162 [ERROR] LogOutputStream:75 - [STDERR_REDIRECT] 
2026-05-04 12:15:11,173 [ERROR] LogOutputStream:75 - [STDERR_REDIRECT] [Fatal Error] :1:1: Premature end of file.
2026-05-04 12:15:11,174 [ERROR] LogOutputStream:75 - [STDERR_REDIRECT] 
2026-05-04 12:15:12,175 [ERROR] LogOutputStream:75 - [STDERR_REDIRECT] [Fatal Error] :1:1: Premature end of file.
2026-05-04 12:15:12,176 [ERROR] LogOutputStream:75 - [STDERR_REDIRECT] 
2026-05-04 12:15:13,191 [ERROR] LogOutputStream:75 - [STDERR_REDIRECT] [Fatal Error] :1:1: Premature end of file.
2026-05-04 12:15:13,192 [ERROR] LogOutputStream:75 - [STDERR_REDIRECT] 
2026-05-04 12:15:14,135 [ERROR] LogOutputStream:75 - [STDERR_REDIRECT] [Fatal Error] :1:1: Premature end of file.
2026-05-04 12:15:14,135 [ERROR] LogOutputStream:75 - [STDERR_REDIRECT] 
2026-05-04 12:15:15,165 [ERROR] LogOutputStream:75 - [STDERR_REDIRECT] [Fatal Error] :1:1: Premature end of file.
2026-05-04 12:15:15,166 [ERROR] LogOutputStream:75 - [STDERR_REDIRECT] 
2026-05-04 12:15:16,177 [ERROR] LogOutputStream:75 - [STDERR_REDIRECT] [Fatal Error] :1:1: Premature end of file.
2026-05-04 12:15:16,177 [ERROR] LogOutputStream:75 - [STDERR_REDIRECT] 
2026-05-04 12:15:17,161 [ERROR] LogOutputStream:75 - [STDERR_REDIRECT] [Fatal Error] :1:1: Premature end of file.
2026-05-04 12:15:17,161 [ERROR] LogOutputStream:75 - [STDERR_REDIRECT] 
2026-05-04 12:15:18,181 [ERROR] LogOutputStream:75 - [STDERR_REDIRECT] [Fatal Error] :1:1: Premature end of file.
2026-05-04 12:15:18,181 [ERROR] LogOutputStream:75 - [STDERR_REDIRECT] 
2026-05-04 12:15:19,184 [ERROR] LogOutputStream:75 - [STDERR_REDIRECT] [Fatal Error] :1:1: Premature end of file.
2026-05-04 12:15:19,184 [ERROR] LogOutputStream:75 - [STDERR_REDIRECT] 
2026-05-04 12:15:20,163 [ERROR] LogOutputStream:75 - [STDERR_REDIRECT] [Fatal Error] :1:1: Premature end of file.
2026-05-04 12:15:20,164 [ERROR] LogOutputStream:75 - [STDERR_REDIRECT] 
2026-05-04 12:15:21,164 [ERROR] LogOutputStream:75 - [STDERR_REDIRECT] [Fatal Error] :1:1: Premature end of file.
2026-05-04 12:15:21,164 [ERROR] LogOutputStream:75 - [STDERR_REDIRECT] 
2026-05-04 12:15:22,139 [ERROR] LogOutputStream:75 - [STDERR_REDIRECT] [Fatal Error] :1:1: Premature end of file.
2026-05-04 12:15:22,139 [ERROR] LogOutputStream:75 - [STDERR_REDIRECT] 
2026-05-04 12:15:23,241 [ERROR] LogOutputStream:75 - [STDERR_REDIRECT] [Fatal Error] :1:1: Premature end of file.
2026-05-04 12:15:23,367 [ERROR] LogOutputStream:75 - [STDERR_REDIRECT] 
2026-05-04 12:15:24,157 [ERROR] LogOutputStream:75 - [STDERR_REDIRECT] [Fatal Error] :1:1: Premature end of file.
2026-05-04 12:15:24,158 [ERROR] LogOutputStream:75 - [STDERR_REDIRECT] 
2026-05-04 12:15:25,151 [ERROR] LogOutputStream:75 - [STDERR_REDIRECT] [Fatal Error] :1:1: Premature end of file.
2026-05-04 12:15:25,152 [ERROR] LogOutputStream:75 - [STDERR_REDIRECT] 
2026-05-04 12:15:26,173 [ERROR] LogOutputStream:75 - [STDERR_REDIRECT] [Fatal Error] :1:1: Premature end of file.
2026-05-04 12:15:26,174 [ERROR] LogOutputStream:75 - [STDERR_REDIRECT] 
2026-05-04 12:15:27,189 [ERROR] LogOutputStream:75 - [STDERR_REDIRECT] [Fatal Error] :1:1: Premature end of file.
2026-05-04 12:15:27,190 [ERROR] LogOutputStream:75 - [STDERR_REDIRECT] 
2026-05-04 12:15:28,211 [ERROR] LogOutputStream:75 - [STDERR_REDIRECT] [Fatal Error] :1:1: Premature end of file.
2026-05-04 12:15:28,211 [ERROR] LogOutputStream:75 - [STDERR_REDIRECT] 
2026-05-04 12:15:29,179 [ERROR] LogOutputStream:75 - [STDERR_REDIRECT] [Fatal Error] :1:1: Premature end of file.
2026-05-04 12:15:29,180 [ERROR] LogOutputStream:75 - [STDERR_REDIRECT] 
2026-05-04 12:15:30,174 [ERROR] LogOutputStream:75 - [STDERR_REDIRECT] [Fatal Error] :1:1: Premature end of file.
2026-05-04 12:15:30,175 [ERROR] LogOutputStream:75 - [STDERR_REDIRECT] 
2026-05-04 12:15:31,183 [ERROR] LogOutputStream:75 - [STDERR_REDIRECT] [Fatal Error] :1:1: Premature end of file.
2026-05-04 12:15:31,184 [ERROR] LogOutputStream:75 - [STDERR_REDIRECT] 
2026-05-04 12:15:32,177 [ERROR] LogOutputStream:75 - [STDERR_REDIRECT] [Fatal Error] :1:1: Premature end of file.
2026-05-04 12:15:32,177 [ERROR] LogOutputStream:75 - [STDERR_REDIRECT] 
2026-05-04 12:15:33,152 [ERROR] LogOutputStream:75 - [STDERR_REDIRECT] [Fatal Error] :1:1: Premature end of file.
2026-05-04 12:15:33,152 [ERROR] LogOutputStream:75 - [STDERR_REDIRECT] 
2026-05-04 12:15:34,169 [ERROR] LogOutputStream:75 - [STDERR_REDIRECT] [Fatal Error] :1:1: Premature end of file.
2026-05-04 12:15:34,169 [ERROR] LogOutputStream:75 - [STDERR_REDIRECT] 
2026-05-04 12:15:35,170 [ERROR] LogOutputStream:75 - [STDERR_REDIRECT] [Fatal Error] :1:1: Premature end of file.
2026-05-04 12:15:35,170 [ERROR] LogOutputStream:75 - [STDERR_REDIRECT] 
2026-05-04 12:15:36,158 [ERROR] LogOutputStream:75 - [STDERR_REDIRECT] [Fatal Error] :1:1: Premature end of file.
2026-05-04 12:15:36,159 [ERROR] LogOutputStream:75 - [STDERR_REDIRECT] 
2026-05-04 12:15:37,141 [ERROR] LogOutputStream:75 - [STDERR_REDIRECT] [Fatal Error] :1:1: Premature end of file.
2026-05-04 12:15:37,141 [ERROR] LogOutputStream:75 - [STDERR_REDIRECT] 
2026-05-04 12:15:38,170 [ERROR] LogOutputStream:75 - [STDERR_REDIRECT] [Fatal Error] :1:1: Premature end of file.
2026-05-04 12:15:38,171 [ERROR] LogOutputStream:75 - [STDERR_REDIRECT] 
2026-05-04 12:15:39,171 [ERROR] LogOutputStream:75 - [STDERR_REDIRECT] [Fatal Error] :1:1: Premature end of file.
2026-05-04 12:15:39,171 [ERROR] LogOutputStream:75 - [STDERR_REDIRECT] 
2026-05-04 12:15:40,165 [ERROR] LogOutputStream:75 - [STDERR_REDIRECT] [Fatal Error] :1:1: Premature end of file.
2026-05-04 12:15:40,166 [ERROR] LogOutputStream:75 - [STDERR_REDIRECT] 
2026-05-04 12:15:41,178 [ERROR] LogOutputStream:75 - [STDERR_REDIRECT] [Fatal Error] :1:1: Premature end of file.
2026-05-04 12:15:41,179 [ERROR] LogOutputStream:75 - [STDERR_REDIRECT] 
2026-05-04 12:15:42,188 [ERROR] LogOutputStream:75 - [STDERR_REDIRECT] [Fatal Error] :1:1: Premature end of file.
2026-05-04 12:15:42,188 [ERROR] LogOutputStream:75 - [STDERR_REDIRECT] 
2026-05-04 12:15:43,163 [ERROR] LogOutputStream:75 - [STDERR_REDIRECT] [Fatal Error] :1:1: Premature end of file.
2026-05-04 12:15:43,164 [ERROR] LogOutputStream:75 - [STDERR_REDIRECT] 
2026-05-04 12:15:44,180 [ERROR] LogOutputStream:75 - [STDERR_REDIRECT] [Fatal Error] :1:1: Premature end of file.
2026-05-04 12:15:44,181 [ERROR] LogOutputStream:75 - [STDERR_REDIRECT] 
2026-05-04 12:15:45,172 [ERROR] LogOutputStream:75 - [STDERR_REDIRECT] [Fatal Error] :1:1: Premature end of file.
2026-05-04 12:15:45,173 [ERROR] LogOutputStream:75 - [STDERR_REDIRECT] 
2026-05-04 12:15:46,164 [ERROR] LogOutputStream:75 - [STDERR_REDIRECT] [Fatal Error] :1:1: Premature end of file.
2026-05-04 12:15:46,165 [ERROR] LogOutputStream:75 - [STDERR_REDIRECT] 
2026-05-04 12:15:47,164 [ERROR] LogOutputStream:75 - [STDERR_REDIRECT] [Fatal Error] :1:1: Premature end of file.
2026-05-04 12:15:47,165 [ERROR] LogOutputStream:75 - [STDERR_REDIRECT] 
2026-05-04 12:15:48,167 [ERROR] LogOutputStream:75 - [STDERR_REDIRECT] [Fatal Error] :1:1: Premature end of file.
2026-05-04 12:15:48,167 [ERROR] LogOutputStream:75 - [STDERR_REDIRECT] 
2026-05-04 12:15:49,179 [ERROR] LogOutputStream:75 - [STDERR_REDIRECT] [Fatal Error] :1:1: Premature end of file.
2026-05-04 12:15:49,179 [ERROR] LogOutputStream:75 - [STDERR_REDIRECT] 
2026-05-04 12:15:50,145 [ERROR] LogOutputStream:75 - [STDERR_REDIRECT] [Fatal Error] :1:1: Premature end of file.
2026-05-04 12:15:50,145 [ERROR] LogOutputStream:75 - [STDERR_REDIRECT] 
2026-05-04 12:15:51,175 [ERROR] LogOutputStream:75 - [STDERR_REDIRECT] [Fatal Error] :1:1: Premature end of file.
2026-05-04 12:15:51,175 [ERROR] LogOutputStream:75 - [STDERR_REDIRECT] 
2026-05-04 12:15:52,159 [ERROR] LogOutputStream:75 - [STDERR_REDIRECT] [Fatal Error] :1:1: Premature end of file.
2026-05-04 12:15:52,159 [ERROR] LogOutputStream:75 - [STDERR_REDIRECT] 
2026-05-04 12:15:53,160 [ERROR] LogOutputStream:75 - [STDERR_REDIRECT] [Fatal Error] :1:1: Premature end of file.
2026-05-04 12:15:53,161 [ERROR] LogOutputStream:75 - [STDERR_REDIRECT] 
2026-05-04 12:15:54,159 [ERROR] LogOutputStream:75 - [STDERR_REDIRECT] [Fatal Error] :1:1: Premature end of file.
2026-05-04 12:15:54,159 [ERROR] LogOutputStream:75 - [STDERR_REDIRECT] 
2026-05-04 12:15:55,168 [ERROR] LogOutputStream:75 - [STDERR_REDIRECT] [Fatal Error] :1:1: Premature end of file.
2026-05-04 12:15:55,169 [ERROR] LogOutputStream:75 - [STDERR_REDIRECT] 
2026-05-04 12:15:56,169 [ERROR] LogOutputStream:75 - [STDERR_REDIRECT] [Fatal Error] :1:1: Premature end of file.
2026-05-04 12:15:56,169 [ERROR] LogOutputStream:75 - [STDERR_REDIRECT] 
2026-05-04 12:15:57,180 [ERROR] LogOutputStream:75 - [STDERR_REDIRECT] [Fatal Error] :1:1: Premature end of file.
2026-05-04 12:15:57,180 [ERROR] LogOutputStream:75 - [STDERR_REDIRECT] 
2026-05-04 12:15:58,154 [ERROR] LogOutputStream:75 - [STDERR_REDIRECT] [Fatal Error] :1:1: Premature end of file.
2026-05-04 12:15:58,154 [ERROR] LogOutputStream:75 - [STDERR_REDIRECT] 
2026-05-04 12:15:59,169 [ERROR] LogOutputStream:75 - [STDERR_REDIRECT] [Fatal Error] :1:1: Premature end of file.
2026-05-04 12:15:59,169 [ERROR] LogOutputStream:75 - [STDERR_REDIRECT] 
2026-05-04 12:16:00,158 [ERROR] LogOutputStream:75 - [STDERR_REDIRECT] [Fatal Error] :1:1: Premature end of file.
2026-05-04 12:16:00,158 [ERROR] LogOutputStream:75 - [STDERR_REDIRECT] 
2026-05-04 12:16:01,168 [ERROR] LogOutputStream:75 - [STDERR_REDIRECT] [Fatal Error] :1:1: Premature end of file.
2026-05-04 12:16:01,169 [ERROR] LogOutputStream:75 - [STDERR_REDIRECT] 
2026-05-04 12:16:02,182 [ERROR] LogOutputStream:75 - [STDERR_REDIRECT] [Fatal Error] :1:1: Premature end of file.
2026-05-04 12:16:02,182 [ERROR] LogOutputStream:75 - [STDERR_REDIRECT] 
2026-05-04 12:16:03,154 [ERROR] LogOutputStream:75 - [STDERR_REDIRECT] [Fatal Error] :1:1: Premature end of file.
2026-05-04 12:16:03,154 [ERROR] LogOutputStream:75 - [STDERR_REDIRECT] 
2026-05-04 12:16:04,158 [ERROR] LogOutputStream:75 - [STDERR_REDIRECT] [Fatal Error] :1:1: Premature end of file.
2026-05-04 12:16:04,158 [ERROR] LogOutputStream:75 - [STDERR_REDIRECT] 
2026-05-04 12:16:05,178 [ERROR] LogOutputStream:75 - [STDERR_REDIRECT] [Fatal Error] :1:1: Premature end of file.
2026-05-04 12:16:05,179 [ERROR] LogOutputStream:75 - [STDERR_REDIRECT] 
2026-05-04 12:16:06,188 [ERROR] LogOutputStream:75 - [STDERR_REDIRECT] [Fatal Error] :1:1: Premature end of file.
2026-05-04 12:16:06,188 [ERROR] LogOutputStream:75 - [STDERR_REDIRECT] 
2026-05-04 12:16:07,166 [ERROR] LogOutputStream:75 - [STDERR_REDIRECT] [Fatal Error] :1:1: Premature end of file.
2026-05-04 12:16:07,166 [ERROR] LogOutputStream:75 - [STDERR_REDIRECT] 
2026-05-04 12:16:08,165 [ERROR] LogOutputStream:75 - [STDERR_REDIRECT] [Fatal Error] :1:1: Premature end of file.
2026-05-04 12:16:08,165 [ERROR] LogOutputStream:75 - [STDERR_REDIRECT] 
2026-05-04 12:16:09,156 [ERROR] LogOutputStream:75 - [STDERR_REDIRECT] [Fatal Error] :1:1: Premature end of file.
2026-05-04 12:16:09,156 [ERROR] LogOutputStream:75 - [STDERR_REDIRECT] 
2026-05-04 12:16:10,144 [ERROR] LogOutputStream:75 - [STDERR_REDIRECT] [Fatal Error] :1:1: Premature end of file.
2026-05-04 12:16:10,145 [ERROR] LogOutputStream:75 - [STDERR_REDIRECT] 
2026-05-04 12:16:11,151 [ERROR] LogOutputStream:75 - [STDERR_REDIRECT] [Fatal Error] :1:1: Premature end of file.
2026-05-04 12:16:11,152 [ERROR] LogOutputStream:75 - [STDERR_REDIRECT] 
2026-05-04 12:16:12,156 [ERROR] LogOutputStream:75 - [STDERR_REDIRECT] [Fatal Error] :1:1: Premature end of file.
2026-05-04 12:16:12,157 [ERROR] LogOutputStream:75 - [STDERR_REDIRECT] 
2026-05-04 12:16:13,177 [ERROR] LogOutputStream:75 - [STDERR_REDIRECT] [Fatal Error] :1:1: Premature end of file.
2026-05-04 12:16:13,178 [ERROR] LogOutputStream:75 - [STDERR_REDIRECT] 
2026-05-04 12:16:14,183 [ERROR] LogOutputStream:75 - [STDERR_REDIRECT] [Fatal Error] :1:1: Premature end of file.
2026-05-04 12:16:14,183 [ERROR] LogOutputStream:75 - [STDERR_REDIRECT] 
2026-05-04 12:16:15,155 [ERROR] LogOutputStream:75 - [STDERR_REDIRECT] [Fatal Error] :1:1: Premature end of file.
2026-05-04 12:16:15,156 [ERROR] LogOutputStream:75 - [STDERR_REDIRECT] 
2026-05-04 12:16:16,169 [ERROR] LogOutputStream:75 - [STDERR_REDIRECT] [Fatal Error] :1:1: Premature end of file.
2026-05-04 12:16:16,169 [ERROR] LogOutputStream:75 - [STDERR_REDIRECT] 
2026-05-04 12:16:17,154 [ERROR] LogOutputStream:75 - [STDERR_REDIRECT] [Fatal Error] :1:1: Premature end of file.
2026-05-04 12:16:17,154 [ERROR] LogOutputStream:75 - [STDERR_REDIRECT] 
2026-05-04 12:16:18,149 [ERROR] LogOutputStream:75 - [STDERR_REDIRECT] [Fatal Error] :1:1: Premature end of file.
2026-05-04 12:16:18,149 [ERROR] LogOutputStream:75 - [STDERR_REDIRECT] 
2026-05-04 12:16:19,176 [ERROR] LogOutputStream:75 - [STDERR_REDIRECT] [Fatal Error] :1:1: Premature end of file.
2026-05-04 12:16:19,176 [ERROR] LogOutputStream:75 - [STDERR_REDIRECT] 
2026-05-04 12:16:20,170 [ERROR] LogOutputStream:75 - [STDERR_REDIRECT] [Fatal Error] :1:1: Premature end of file.
2026-05-04 12:16:20,170 [ERROR] LogOutputStream:75 - [STDERR_REDIRECT] 
2026-05-04 12:16:21,173 [ERROR] LogOutputStream:75 - [STDERR_REDIRECT] [Fatal Error] :1:1: Premature end of file.
2026-05-04 12:16:21,173 [ERROR] LogOutputStream:75 - [STDERR_REDIRECT] 
2026-05-04 12:16:22,162 [ERROR] LogOutputStream:75 - [STDERR_REDIRECT] [Fatal Error] :1:1: Premature end of file.
2026-05-04 12:16:22,162 [ERROR] LogOutputStream:75 - [STDERR_REDIRECT] 
2026-05-04 12:16:23,169 [ERROR] LogOutputStream:75 - [STDERR_REDIRECT] [Fatal Error] :1:1: Premature end of file.
2026-05-04 12:16:23,169 [ERROR] LogOutputStream:75 - [STDERR_REDIRECT] 
2026-05-04 12:16:24,160 [ERROR] LogOutputStream:75 - [STDERR_REDIRECT] [Fatal Error] :1:1: Premature end of file.
2026-05-04 12:16:24,160 [ERROR] LogOutputStream:75 - [STDERR_REDIRECT] 
2026-05-04 12:16:25,203 [ERROR] LogOutputStream:75 - [STDERR_REDIRECT] [Fatal Error] :1:1: Premature end of file.
2026-05-04 12:16:25,203 [ERROR] LogOutputStream:75 - [STDERR_REDIRECT] 
2026-05-04 12:16:26,162 [ERROR] LogOutputStream:75 - [STDERR_REDIRECT] [Fatal Error] :1:1: Premature end of file.
2026-05-04 12:16:26,162 [ERROR] LogOutputStream:75 - [STDERR_REDIRECT] 
2026-05-04 12:16:27,133 [ERROR] LogOutputStream:75 - [STDERR_REDIRECT] [Fatal Error] :1:1: Premature end of file.
2026-05-04 12:16:27,133 [ERROR] LogOutputStream:75 - [STDERR_REDIRECT] 
2026-05-04 12:16:28,162 [ERROR] LogOutputStream:75 - [STDERR_REDIRECT] [Fatal Error] :1:1: Premature end of file.
2026-05-04 12:16:28,162 [ERROR] LogOutputStream:75 - [STDERR_REDIRECT] 
2026-05-04 12:16:29,156 [ERROR] LogOutputStream:75 - [STDERR_REDIRECT] [Fatal Error] :1:1: Premature end of file.
2026-05-04 12:16:29,156 [ERROR] LogOutputStream:75 - [STDERR_REDIRECT] 
2026-05-04 12:16:30,178 [ERROR] LogOutputStream:75 - [STDERR_REDIRECT] [Fatal Error] :1:1: Premature end of file.
2026-05-04 12:16:30,179 [ERROR] LogOutputStream:75 - [STDERR_REDIRECT] 
2026-05-04 12:16:31,170 [ERROR] LogOutputStream:75 - [STDERR_REDIRECT] [Fatal Error] :1:1: Premature end of file.
2026-05-04 12:16:31,170 [ERROR] LogOutputStream:75 - [STDERR_REDIRECT] 
2026-05-04 12:16:32,161 [ERROR] LogOutputStream:75 - [STDERR_REDIRECT] [Fatal Error] :1:1: Premature end of file.
2026-05-04 12:16:32,161 [ERROR] LogOutputStream:75 - [STDERR_REDIRECT] 
2026-05-04 12:16:33,140 [ERROR] LogOutputStream:75 - [STDERR_REDIRECT] [Fatal Error] :1:1: Premature end of file.
2026-05-04 12:16:33,140 [ERROR] LogOutputStream:75 - [STDERR_REDIRECT] 
2026-05-04 12:16:34,182 [ERROR] LogOutputStream:75 - [STDERR_REDIRECT] [Fatal Error] :1:1: Premature end of file.
2026-05-04 12:16:34,183 [ERROR] LogOutputStream:75 - [STDERR_REDIRECT] 
2026-05-04 12:16:35,159 [ERROR] LogOutputStream:75 - [STDERR_REDIRECT] [Fatal Error] :1:1: Premature end of file.
2026-05-04 12:16:35,160 [ERROR] LogOutputStream:75 - [STDERR_REDIRECT] 
2026-05-04 12:16:36,185 [ERROR] LogOutputStream:75 - [STDERR_REDIRECT] [Fatal Error] :1:1: Premature end of file.
2026-05-04 12:16:36,186 [ERROR] LogOutputStream:75 - [STDERR_REDIRECT] 
2026-05-04 12:16:37,154 [ERROR] LogOutputStream:75 - [STDERR_REDIRECT] [Fatal Error] :1:1: Premature end of file.
2026-05-04 12:16:37,154 [ERROR] LogOutputStream:75 - [STDERR_REDIRECT] 
2026-05-04 12:16:38,170 [ERROR] LogOutputStream:75 - [STDERR_REDIRECT] [Fatal Error] :1:1: Premature end of file.
2026-05-04 12:16:38,171 [ERROR] LogOutputStream:75 - [STDERR_REDIRECT] 
2026-05-04 12:16:39,173 [ERROR] LogOutputStream:75 - [STDERR_REDIRECT] [Fatal Error] :1:1: Premature end of file.
2026-05-04 12:16:39,174 [ERROR] LogOutputStream:75 - [STDERR_REDIRECT] 
2026-05-04 12:16:40,197 [ERROR] LogOutputStream:75 - [STDERR_REDIRECT] [Fatal Error] :1:1: Premature end of file.
2026-05-04 12:16:40,197 [ERROR] LogOutputStream:75 - [STDERR_REDIRECT] 
2026-05-04 12:16:41,185 [ERROR] LogOutputStream:75 - [STDERR_REDIRECT] [Fatal Error] :1:1: Premature end of file.
2026-05-04 12:16:41,186 [ERROR] LogOutputStream:75 - [STDERR_REDIRECT] 
2026-05-04 12:16:42,229 [ERROR] LogOutputStream:75 - [STDERR_REDIRECT] [Fatal Error] :1:1: Premature end of file.
2026-05-04 12:16:42,230 [ERROR] LogOutputStream:75 - [STDERR_REDIRECT] 
2026-05-04 12:16:43,180 [ERROR] LogOutputStream:75 - [STDERR_REDIRECT] [Fatal Error] :1:1: Premature end of file.
2026-05-04 12:16:43,180 [ERROR] LogOutputStream:75 - [STDERR_REDIRECT] 
2026-05-04 12:16:44,233 [ERROR] LogOutputStream:75 - [STDERR_REDIRECT] [Fatal Error] :1:1: Premature end of file.
2026-05-04 12:16:44,233 [ERROR] LogOutputStream:75 - [STDERR_REDIRECT] 
2026-05-04 12:16:45,171 [ERROR] LogOutputStream:75 - [STDERR_REDIRECT] [Fatal Error] :1:1: Premature end of file.
2026-05-04 12:16:45,171 [ERROR] LogOutputStream:75 - [STDERR_REDIRECT] 
2026-05-04 12:16:46,172 [ERROR] LogOutputStream:75 - [STDERR_REDIRECT] [Fatal Error] :1:1: Premature end of file.
2026-05-04 12:16:46,172 [ERROR] LogOutputStream:75 - [STDERR_REDIRECT] 
2026-05-04 12:16:47,196 [ERROR] LogOutputStream:75 - [STDERR_REDIRECT] [Fatal Error] :1:1: Premature end of file.
2026-05-04 12:16:47,197 [ERROR] LogOutputStream:75 - [STDERR_REDIRECT] 
2026-05-04 12:16:48,154 [ERROR] LogOutputStream:75 - [STDERR_REDIRECT] [Fatal Error] :1:1: Premature end of file.
2026-05-04 12:16:48,155 [ERROR] LogOutputStream:75 - [STDERR_REDIRECT] 
2026-05-04 12:16:49,172 [ERROR] LogOutputStream:75 - [STDERR_REDIRECT] [Fatal Error] :1:1: Premature end of file.
2026-05-04 12:16:49,174 [ERROR] LogOutputStream:75 - [STDERR_REDIRECT] 
2026-05-04 12:16:50,180 [ERROR] LogOutputStream:75 - [STDERR_REDIRECT] [Fatal Error] :1:1: Premature end of file.
2026-05-04 12:16:50,180 [ERROR] LogOutputStream:75 - [STDERR_REDIRECT] 
2026-05-04 12:16:51,164 [ERROR] LogOutputStream:75 - [STDERR_REDIRECT] [Fatal Error] :1:1: Premature end of file.
2026-05-04 12:16:51,165 [ERROR] LogOutputStream:75 - [STDERR_REDIRECT] 
2026-05-04 12:16:52,181 [ERROR] LogOutputStream:75 - [STDERR_REDIRECT] [Fatal Error] :1:1: Premature end of file.
2026-05-04 12:16:52,181 [ERROR] LogOutputStream:75 - [STDERR_REDIRECT] 
2026-05-04 12:16:53,161 [ERROR] LogOutputStream:75 - [STDERR_REDIRECT] [Fatal Error] :1:1: Premature end of file.
2026-05-04 12:16:53,161 [ERROR] LogOutputStream:75 - [STDERR_REDIRECT] 
2026-05-04 12:16:54,164 [ERROR] LogOutputStream:75 - [STDERR_REDIRECT] [Fatal Error] :1:1: Premature end of file.
2026-05-04 12:16:54,164 [ERROR] LogOutputStream:75 - [STDERR_REDIRECT] 
2026-05-04 12:16:55,183 [ERROR] LogOutputStream:75 - [STDERR_REDIRECT] [Fatal Error] :1:1: Premature end of file.
2026-05-04 12:16:55,183 [ERROR] LogOutputStream:75 - [STDERR_REDIRECT] 
2026-05-04 12:16:56,175 [ERROR] LogOutputStream:75 - [STDERR_REDIRECT] [Fatal Error] :1:1: Premature end of file.
2026-05-04 12:16:56,175 [ERROR] LogOutputStream:75 - [STDERR_REDIRECT] 
2026-05-04 12:16:57,163 [ERROR] LogOutputStream:75 - [STDERR_REDIRECT] [Fatal Error] :1:1: Premature end of file.
2026-05-04 12:16:57,163 [ERROR] LogOutputStream:75 - [STDERR_REDIRECT] 
2026-05-04 12:16:58,172 [ERROR] LogOutputStream:75 - [STDERR_REDIRECT] [Fatal Error] :1:1: Premature end of file.
2026-05-04 12:16:58,172 [ERROR] LogOutputStream:75 - [STDERR_REDIRECT] 
2026-05-04 12:16:59,148 [ERROR] LogOutputStream:75 - [STDERR_REDIRECT] [Fatal Error] :1:1: Premature end of file.
2026-05-04 12:16:59,148 [ERROR] LogOutputStream:75 - [STDERR_REDIRECT] 
2026-05-04 12:17:00,176 [ERROR] LogOutputStream:75 - [STDERR_REDIRECT] [Fatal Error] :1:1: Premature end of file.
2026-05-04 12:17:00,176 [ERROR] LogOutputStream:75 - [STDERR_REDIRECT] 
2026-05-04 12:17:01,149 [ERROR] LogOutputStream:75 - [STDERR_REDIRECT] [Fatal Error] :1:1: Premature end of file.
2026-05-04 12:17:01,149 [ERROR] LogOutputStream:75 - [STDERR_REDIRECT] 
2026-05-04 12:17:02,163 [ERROR] LogOutputStream:75 - [STDERR_REDIRECT] [Fatal Error] :1:1: Premature end of file.
2026-05-04 12:17:02,163 [ERROR] LogOutputStream:75 - [STDERR_REDIRECT] 
2026-05-04 12:17:03,187 [ERROR] LogOutputStream:75 - [STDERR_REDIRECT] [Fatal Error] :1:1: Premature end of file.
2026-05-04 12:17:03,188 [ERROR] LogOutputStream:75 - [STDERR_REDIRECT] 
2026-05-04 12:17:04,190 [ERROR] LogOutputStream:75 - [STDERR_REDIRECT] [Fatal Error] :1:1: Premature end of file.
2026-05-04 12:17:04,190 [ERROR] LogOutputStream:75 - [STDERR_REDIRECT] 
2026-05-04 12:17:05,181 [ERROR] LogOutputStream:75 - [STDERR_REDIRECT] [Fatal Error] :1:1: Premature end of file.
2026-05-04 12:17:05,182 [ERROR] LogOutputStream:75 - [STDERR_REDIRECT] 
2026-05-04 12:17:06,172 [ERROR] LogOutputStream:75 - [STDERR_REDIRECT] [Fatal Error] :1:1: Premature end of file.
2026-05-04 12:17:06,173 [ERROR] LogOutputStream:75 - [STDERR_REDIRECT] 
2026-05-04 12:17:07,194 [ERROR] LogOutputStream:75 - [STDERR_REDIRECT] [Fatal Error] :1:1: Premature end of file.
2026-05-04 12:17:07,194 [ERROR] LogOutputStream:75 - [STDERR_REDIRECT] 
2026-05-04 12:17:08,166 [ERROR] LogOutputStream:75 - [STDERR_REDIRECT] [Fatal Error] :1:1: Premature end of file.
2026-05-04 12:17:08,166 [ERROR] LogOutputStream:75 - [STDERR_REDIRECT] 
2026-05-04 12:17:09,170 [ERROR] LogOutputStream:75 - [STDERR_REDIRECT] [Fatal Error] :1:1: Premature end of file.
2026-05-04 12:17:09,170 [ERROR] LogOutputStream:75 - [STDERR_REDIRECT] 
2026-05-04 12:17:10,229 [ERROR] LogOutputStream:75 - [STDERR_REDIRECT] [Fatal Error] :1:1: Premature end of file.
2026-05-04 12:17:10,230 [ERROR] LogOutputStream:75 - [STDERR_REDIRECT] 
2026-05-04 12:17:11,168 [ERROR] LogOutputStream:75 - [STDERR_REDIRECT] [Fatal Error] :1:1: Premature end of file.
2026-05-04 12:17:11,168 [ERROR] LogOutputStream:75 - [STDERR_REDIRECT] 
2026-05-04 12:17:12,200 [ERROR] LogOutputStream:75 - [STDERR_REDIRECT] [Fatal Error] :1:1: Premature end of file.
2026-05-04 12:17:12,201 [ERROR] LogOutputStream:75 - [STDERR_REDIRECT] 
2026-05-04 12:17:13,187 [ERROR] LogOutputStream:75 - [STDERR_REDIRECT] [Fatal Error] :1:1: Premature end of file.
2026-05-04 12:17:13,188 [ERROR] LogOutputStream:75 - [STDERR_REDIRECT] 
2026-05-04 12:17:14,164 [ERROR] LogOutputStream:75 - [STDERR_REDIRECT] [Fatal Error] :1:1: Premature end of file.
2026-05-04 12:17:14,165 [ERROR] LogOutputStream:75 - [STDERR_REDIRECT] 
2026-05-04 12:17:15,165 [ERROR] LogOutputStream:75 - [STDERR_REDIRECT] [Fatal Error] :1:1: Premature end of file.
2026-05-04 12:17:15,166 [ERROR] LogOutputStream:75 - [STDERR_REDIRECT] 
2026-05-04 12:17:16,169 [ERROR] LogOutputStream:75 - [STDERR_REDIRECT] [Fatal Error] :1:1: Premature end of file.
2026-05-04 12:17:16,169 [ERROR] LogOutputStream:75 - [STDERR_REDIRECT] 
2026-05-04 12:17:17,165 [ERROR] LogOutputStream:75 - [STDERR_REDIRECT] [Fatal Error] :1:1: Premature end of file.
2026-05-04 12:17:17,166 [ERROR] LogOutputStream:75 - [STDERR_REDIRECT] 
2026-05-04 12:17:18,183 [ERROR] LogOutputStream:75 - [STDERR_REDIRECT] [Fatal Error] :1:1: Premature end of file.
2026-05-04 12:17:18,183 [ERROR] LogOutputStream:75 - [STDERR_REDIRECT] 
2026-05-04 12:17:19,191 [ERROR] LogOutputStream:75 - [STDERR_REDIRECT] [Fatal Error] :1:1: Premature end of file.
2026-05-04 12:17:19,192 [ERROR] LogOutputStream:75 - [STDERR_REDIRECT] 
2026-05-04 12:17:20,183 [ERROR] LogOutputStream:75 - [STDERR_REDIRECT] [Fatal Error] :1:1: Premature end of file.
2026-05-04 12:17:20,183 [ERROR] LogOutputStream:75 - [STDERR_REDIRECT] 
2026-05-04 12:17:21,166 [ERROR] LogOutputStream:75 - [STDERR_REDIRECT] [Fatal Error] :1:1: Premature end of file.
2026-05-04 12:17:21,166 [ERROR] LogOutputStream:75 - [STDERR_REDIRECT] 
2026-05-04 12:17:22,171 [ERROR] LogOutputStream:75 - [STDERR_REDIRECT] [Fatal Error] :1:1: Premature end of file.
2026-05-04 12:17:22,172 [ERROR] LogOutputStream:75 - [STDERR_REDIRECT] 
2026-05-04 12:17:23,209 [ERROR] LogOutputStream:75 - [STDERR_REDIRECT] [Fatal Error] :1:1: Premature end of file.
2026-05-04 12:17:23,211 [ERROR] LogOutputStream:75 - [STDERR_REDIRECT] 
2026-05-04 12:17:24,176 [ERROR] LogOutputStream:75 - [STDERR_REDIRECT] [Fatal Error] :1:1: Premature end of file.
2026-05-04 12:17:24,176 [ERROR] LogOutputStream:75 - [STDERR_REDIRECT] 
2026-05-04 12:17:25,160 [ERROR] LogOutputStream:75 - [STDERR_REDIRECT] [Fatal Error] :1:1: Premature end of file.
2026-05-04 12:17:25,161 [ERROR] LogOutputStream:75 - [STDERR_REDIRECT] 
2026-05-04 12:17:26,162 [ERROR] LogOutputStream:75 - [STDERR_REDIRECT] [Fatal Error] :1:1: Premature end of file.
2026-05-04 12:17:26,162 [ERROR] LogOutputStream:75 - [STDERR_REDIRECT] 
2026-05-04 12:17:27,175 [ERROR] LogOutputStream:75 - [STDERR_REDIRECT] [Fatal Error] :1:1: Premature end of file.
2026-05-04 12:17:27,175 [ERROR] LogOutputStream:75 - [STDERR_REDIRECT] 
2026-05-04 12:17:28,180 [ERROR] LogOutputStream:75 - [STDERR_REDIRECT] [Fatal Error] :1:1: Premature end of file.
2026-05-04 12:17:28,180 [ERROR] LogOutputStream:75 - [STDERR_REDIRECT] 
2026-05-04 12:17:29,186 [ERROR] LogOutputStream:75 - [STDERR_REDIRECT] [Fatal Error] :1:1: Premature end of file.
2026-05-04 12:17:29,187 [ERROR] LogOutputStream:75 - [STDERR_REDIRECT] 
2026-05-04 12:17:30,153 [ERROR] LogOutputStream:75 - [STDERR_REDIRECT] [Fatal Error] :1:1: Premature end of file.
2026-05-04 12:17:30,156 [ERROR] LogOutputStream:75 - [STDERR_REDIRECT] 
2026-05-04 12:17:31,175 [ERROR] LogOutputStream:75 - [STDERR_REDIRECT] [Fatal Error] :1:1: Premature end of file.
2026-05-04 12:17:31,176 [ERROR] LogOutputStream:75 - [STDERR_REDIRECT] 
2026-05-04 12:17:32,180 [ERROR] LogOutputStream:75 - [STDERR_REDIRECT] [Fatal Error] :1:1: Premature end of file.
2026-05-04 12:17:32,181 [ERROR] LogOutputStream:75 - [STDERR_REDIRECT] 
2026-05-04 12:17:33,169 [ERROR] LogOutputStream:75 - [STDERR_REDIRECT] [Fatal Error] :1:1: Premature end of file.
2026-05-04 12:17:33,169 [ERROR] LogOutputStream:75 - [STDERR_REDIRECT] 
2026-05-04 12:17:34,183 [ERROR] LogOutputStream:75 - [STDERR_REDIRECT] [Fatal Error] :1:1: Premature end of file.
2026-05-04 12:17:34,183 [ERROR] LogOutputStream:75 - [STDERR_REDIRECT] 
2026-05-04 12:17:35,171 [ERROR] LogOutputStream:75 - [STDERR_REDIRECT] [Fatal Error] :1:1: Premature end of file.
2026-05-04 12:17:35,171 [ERROR] LogOutputStream:75 - [STDERR_REDIRECT] 
2026-05-04 12:17:36,174 [ERROR] LogOutputStream:75 - [STDERR_REDIRECT] [Fatal Error] :1:1: Premature end of file.
2026-05-04 12:17:36,174 [ERROR] LogOutputStream:75 - [STDERR_REDIRECT] 
2026-05-04 12:17:37,176 [ERROR] LogOutputStream:75 - [STDERR_REDIRECT] [Fatal Error] :1:1: Premature end of file.
2026-05-04 12:17:37,176 [ERROR] LogOutputStream:75 - [STDERR_REDIRECT] 
2026-05-04 12:17:38,175 [ERROR] LogOutputStream:75 - [STDERR_REDIRECT] [Fatal Error] :1:1: Premature end of file.
2026-05-04 12:17:38,175 [ERROR] LogOutputStream:75 - [STDERR_REDIRECT] 
2026-05-04 12:17:39,164 [ERROR] LogOutputStream:75 - [STDERR_REDIRECT] [Fatal Error] :1:1: Premature end of file.
2026-05-04 12:17:39,164 [ERROR] LogOutputStream:75 - [STDERR_REDIRECT] 
2026-05-04 12:17:40,175 [ERROR] LogOutputStream:75 - [STDERR_REDIRECT] [Fatal Error] :1:1: Premature end of file.
2026-05-04 12:17:40,176 [ERROR] LogOutputStream:75 - [STDERR_REDIRECT] 
2026-05-04 12:17:41,144 [ERROR] LogOutputStream:75 - [STDERR_REDIRECT] [Fatal Error] :1:1: Premature end of file.
2026-05-04 12:17:41,144 [ERROR] LogOutputStream:75 - [STDERR_REDIRECT] 
2026-05-04 12:17:42,156 [ERROR] LogOutputStream:75 - [STDERR_REDIRECT] [Fatal Error] :1:1: Premature end of file.
2026-05-04 12:17:42,156 [ERROR] LogOutputStream:75 - [STDERR_REDIRECT] 
2026-05-04 12:17:43,163 [ERROR] LogOutputStream:75 - [STDERR_REDIRECT] [Fatal Error] :1:1: Premature end of file.
2026-05-04 12:17:43,163 [ERROR] LogOutputStream:75 - [STDERR_REDIRECT] 
2026-05-04 12:17:44,163 [ERROR] LogOutputStream:75 - [STDERR_REDIRECT] [Fatal Error] :1:1: Premature end of file.
2026-05-04 12:17:44,163 [ERROR] LogOutputStream:75 - [STDERR_REDIRECT] 
2026-05-04 12:17:45,163 [ERROR] LogOutputStream:75 - [STDERR_REDIRECT] [Fatal Error] :1:1: Premature end of file.
2026-05-04 12:17:45,163 [ERROR] LogOutputStream:75 - [STDERR_REDIRECT] 
2026-05-04 12:17:46,158 [ERROR] LogOutputStream:75 - [STDERR_REDIRECT] [Fatal Error] :1:1: Premature end of file.
2026-05-04 12:17:46,158 [ERROR] LogOutputStream:75 - [STDERR_REDIRECT] 
2026-05-04 12:17:47,162 [ERROR] LogOutputStream:75 - [STDERR_REDIRECT] [Fatal Error] :1:1: Premature end of file.
2026-05-04 12:17:47,163 [ERROR] LogOutputStream:75 - [STDERR_REDIRECT] 
2026-05-04 12:17:48,173 [ERROR] LogOutputStream:75 - [STDERR_REDIRECT] [Fatal Error] :1:1: Premature end of file.
2026-05-04 12:17:48,173 [ERROR] LogOutputStream:75 - [STDERR_REDIRECT] 
2026-05-04 12:17:49,172 [ERROR] LogOutputStream:75 - [STDERR_REDIRECT] [Fatal Error] :1:1: Premature end of file.
2026-05-04 12:17:49,172 [ERROR] LogOutputStream:75 - [STDERR_REDIRECT] 
2026-05-04 12:17:50,171 [ERROR] LogOutputStream:75 - [STDERR_REDIRECT] [Fatal Error] :1:1: Premature end of file.
2026-05-04 12:17:50,171 [ERROR] LogOutputStream:75 - [STDERR_REDIRECT] 
2026-05-04 12:17:51,203 [ERROR] LogOutputStream:75 - [STDERR_REDIRECT] [Fatal Error] :1:1: Premature end of file.
2026-05-04 12:17:51,204 [ERROR] LogOutputStream:75 - [STDERR_REDIRECT] 
2026-05-04 12:17:52,218 [ERROR] LogOutputStream:75 - [STDERR_REDIRECT] [Fatal Error] :1:1: Premature end of file.
2026-05-04 12:17:52,219 [ERROR] LogOutputStream:75 - [STDERR_REDIRECT] 
2026-05-04 12:17:53,173 [ERROR] LogOutputStream:75 - [STDERR_REDIRECT] [Fatal Error] :1:1: Premature end of file.
2026-05-04 12:17:53,174 [ERROR] LogOutputStream:75 - [STDERR_REDIRECT] 
2026-05-04 12:17:54,169 [ERROR] LogOutputStream:75 - [STDERR_REDIRECT] [Fatal Error] :1:1: Premature end of file.
2026-05-04 12:17:54,170 [ERROR] LogOutputStream:75 - [STDERR_REDIRECT] 
2026-05-04 12:17:55,168 [ERROR] LogOutputStream:75 - [STDERR_REDIRECT] [Fatal Error] :1:1: Premature end of file.
2026-05-04 12:17:55,169 [ERROR] LogOutputStream:75 - [STDERR_REDIRECT] 
2026-05-04 12:17:56,163 [ERROR] LogOutputStream:75 - [STDERR_REDIRECT] [Fatal Error] :1:1: Premature end of file.
2026-05-04 12:17:56,164 [ERROR] LogOutputStream:75 - [STDERR_REDIRECT] 
2026-05-04 12:17:57,184 [ERROR] LogOutputStream:75 - [STDERR_REDIRECT] [Fatal Error] :1:1: Premature end of file.
2026-05-04 12:17:57,184 [ERROR] LogOutputStream:75 - [STDERR_REDIRECT] 
2026-05-04 12:17:58,184 [ERROR] LogOutputStream:75 - [STDERR_REDIRECT] [Fatal Error] :1:1: Premature end of file.
2026-05-04 12:17:58,184 [ERROR] LogOutputStream:75 - [STDERR_REDIRECT] 
2026-05-04 12:17:59,183 [ERROR] LogOutputStream:75 - [STDERR_REDIRECT] [Fatal Error] :1:1: Premature end of file.
2026-05-04 12:17:59,183 [ERROR] LogOutputStream:75 - [STDERR_REDIRECT] 
2026-05-04 12:18:00,150 [ERROR] LogOutputStream:75 - [STDERR_REDIRECT] [Fatal Error] :1:1: Premature end of file.
2026-05-04 12:18:00,150 [ERROR] LogOutputStream:75 - [STDERR_REDIRECT] 
2026-05-04 12:18:01,154 [ERROR] LogOutputStream:75 - [STDERR_REDIRECT] [Fatal Error] :1:1: Premature end of file.
2026-05-04 12:18:01,154 [ERROR] LogOutputStream:75 - [STDERR_REDIRECT] 
2026-05-04 12:18:02,166 [ERROR] LogOutputStream:75 - [STDERR_REDIRECT] [Fatal Error] :1:1: Premature end of file.
2026-05-04 12:18:02,168 [ERROR] LogOutputStream:75 - [STDERR_REDIRECT] 
2026-05-04 12:18:03,162 [ERROR] LogOutputStream:75 - [STDERR_REDIRECT] [Fatal Error] :1:1: Premature end of file.
2026-05-04 12:18:03,163 [ERROR] LogOutputStream:75 - [STDERR_REDIRECT] 
2026-05-04 12:18:04,171 [ERROR] LogOutputStream:75 - [STDERR_REDIRECT] [Fatal Error] :1:1: Premature end of file.
2026-05-04 12:18:04,171 [ERROR] LogOutputStream:75 - [STDERR_REDIRECT] 
2026-05-04 12:18:05,165 [ERROR] LogOutputStream:75 - [STDERR_REDIRECT] [Fatal Error] :1:1: Premature end of file.
2026-05-04 12:18:05,165 [ERROR] LogOutputStream:75 - [STDERR_REDIRECT] 
2026-05-04 12:18:06,172 [ERROR] LogOutputStream:75 - [STDERR_REDIRECT] [Fatal Error] :1:1: Premature end of file.
2026-05-04 12:18:06,172 [ERROR] LogOutputStream:75 - [STDERR_REDIRECT] 
2026-05-04 12:18:07,187 [ERROR] LogOutputStream:75 - [STDERR_REDIRECT] [Fatal Error] :1:1: Premature end of file.
2026-05-04 12:18:07,188 [ERROR] LogOutputStream:75 - [STDERR_REDIRECT] 
2026-05-04 12:18:08,179 [ERROR] LogOutputStream:75 - [STDERR_REDIRECT] [Fatal Error] :1:1: Premature end of file.
2026-05-04 12:18:08,180 [ERROR] LogOutputStream:75 - [STDERR_REDIRECT] 
2026-05-04 12:18:09,186 [ERROR] LogOutputStream:75 - [STDERR_REDIRECT] [Fatal Error] :1:1: Premature end of file.
2026-05-04 12:18:09,186 [ERROR] LogOutputStream:75 - [STDERR_REDIRECT] 
2026-05-04 12:18:10,170 [ERROR] LogOutputStream:75 - [STDERR_REDIRECT] [Fatal Error] :1:1: Premature end of file.
2026-05-04 12:18:10,171 [ERROR] LogOutputStream:75 - [STDERR_REDIRECT] 
2026-05-04 12:18:11,188 [ERROR] LogOutputStream:75 - [STDERR_REDIRECT] [Fatal Error] :1:1: Premature end of file.
2026-05-04 12:18:11,188 [ERROR] LogOutputStream:75 - [STDERR_REDIRECT] 
2026-05-04 12:18:12,197 [ERROR] LogOutputStream:75 - [STDERR_REDIRECT] [Fatal Error] :1:1: Premature end of file.
2026-05-04 12:18:12,198 [ERROR] LogOutputStream:75 - [STDERR_REDIRECT] 
2026-05-04 12:18:13,202 [ERROR] LogOutputStream:75 - [STDERR_REDIRECT] [Fatal Error] :1:1: Premature end of file.
2026-05-04 12:18:13,203 [ERROR] LogOutputStream:75 - [STDERR_REDIRECT] 
2026-05-04 12:18:14,190 [ERROR] LogOutputStream:75 - [STDERR_REDIRECT] [Fatal Error] :1:1: Premature end of file.
2026-05-04 12:18:14,191 [ERROR] LogOutputStream:75 - [STDERR_REDIRECT] 
2026-05-04 12:18:15,205 [ERROR] LogOutputStream:75 - [STDERR_REDIRECT] [Fatal Error] :1:1: Premature end of file.
2026-05-04 12:18:15,206 [ERROR] LogOutputStream:75 - [STDERR_REDIRECT] 
2026-05-04 12:18:16,194 [ERROR] LogOutputStream:75 - [STDERR_REDIRECT] [Fatal Error] :1:1: Premature end of file.
2026-05-04 12:18:16,194 [ERROR] LogOutputStream:75 - [STDERR_REDIRECT] 
2026-05-04 12:18:17,187 [ERROR] LogOutputStream:75 - [STDERR_REDIRECT] [Fatal Error] :1:1: Premature end of file.
2026-05-04 12:18:17,188 [ERROR] LogOutputStream:75 - [STDERR_REDIRECT] 
2026-05-04 12:18:18,209 [ERROR] LogOutputStream:75 - [STDERR_REDIRECT] [Fatal Error] :1:1: Premature end of file.
2026-05-04 12:18:18,210 [ERROR] LogOutputStream:75 - [STDERR_REDIRECT] 
2026-05-04 12:18:19,182 [ERROR] LogOutputStream:75 - [STDERR_REDIRECT] [Fatal Error] :1:1: Premature end of file.
2026-05-04 12:18:19,183 [ERROR] LogOutputStream:75 - [STDERR_REDIRECT] 
2026-05-04 12:18:20,181 [ERROR] LogOutputStream:75 - [STDERR_REDIRECT] [Fatal Error] :1:1: Premature end of file.
2026-05-04 12:18:20,181 [ERROR] LogOutputStream:75 - [STDERR_REDIRECT] 
2026-05-04 12:18:21,198 [ERROR] LogOutputStream:75 - [STDERR_REDIRECT] [Fatal Error] :1:1: Premature end of file.
2026-05-04 12:18:21,199 [ERROR] LogOutputStream:75 - [STDERR_REDIRECT] 
2026-05-04 12:18:22,277 [ERROR] LogOutputStream:75 - [STDERR_REDIRECT] [Fatal Error] :1:1: Premature end of file.
2026-05-04 12:18:22,277 [ERROR] LogOutputStream:75 - [STDERR_REDIRECT] 
2026-05-04 12:18:23,145 [ERROR] LogOutputStream:75 - [STDERR_REDIRECT] [Fatal Error] :1:1: Premature end of file.
2026-05-04 12:18:23,146 [ERROR] LogOutputStream:75 - [STDERR_REDIRECT] 
2026-05-04 12:18:24,166 [ERROR] LogOutputStream:75 - [STDERR_REDIRECT] [Fatal Error] :1:1: Premature end of file.
2026-05-04 12:18:24,166 [ERROR] LogOutputStream:75 - [STDERR_REDIRECT] 
2026-05-04 12:18:25,200 [ERROR] LogOutputStream:75 - [STDERR_REDIRECT] [Fatal Error] :1:1: Premature end of file.
2026-05-04 12:18:25,201 [ERROR] LogOutputStream:75 - [STDERR_REDIRECT] 
2026-05-04 12:18:26,212 [ERROR] LogOutputStream:75 - [STDERR_REDIRECT] [Fatal Error] :1:1: Premature end of file.
2026-05-04 12:18:26,213 [ERROR] LogOutputStream:75 - [STDERR_REDIRECT] 
2026-05-04 12:18:27,188 [ERROR] LogOutputStream:75 - [STDERR_REDIRECT] [Fatal Error] :1:1: Premature end of file.
2026-05-04 12:18:27,189 [ERROR] LogOutputStream:75 - [STDERR_REDIRECT] 
2026-05-04 12:18:28,213 [ERROR] LogOutputStream:75 - [STDERR_REDIRECT] [Fatal Error] :1:1: Premature end of file.
2026-05-04 12:18:28,213 [ERROR] LogOutputStream:75 - [STDERR_REDIRECT] 
2026-05-04 12:18:29,167 [ERROR] LogOutputStream:75 - [STDERR_REDIRECT] [Fatal Error] :1:1: Premature end of file.
2026-05-04 12:18:29,168 [ERROR] LogOutputStream:75 - [STDERR_REDIRECT] 
2026-05-04 12:18:30,122 [ERROR] LogOutputStream:75 - [STDERR_REDIRECT] [Fatal Error] :1:1: Premature end of file.
2026-05-04 12:18:30,122 [ERROR] LogOutputStream:75 - [STDERR_REDIRECT] 
2026-05-04 12:18:31,149 [ERROR] LogOutputStream:75 - [STDERR_REDIRECT] [Fatal Error] :1:1: Premature end of file.
2026-05-04 12:18:31,149 [ERROR] LogOutputStream:75 - [STDERR_REDIRECT] 
2026-05-04 12:18:32,165 [ERROR] LogOutputStream:75 - [STDERR_REDIRECT] [Fatal Error] :1:1: Premature end of file.
2026-05-04 12:18:32,165 [ERROR] LogOutputStream:75 - [STDERR_REDIRECT] 
2026-05-04 12:18:33,171 [ERROR] LogOutputStream:75 - [STDERR_REDIRECT] [Fatal Error] :1:1: Premature end of file.
2026-05-04 12:18:33,171 [ERROR] LogOutputStream:75 - [STDERR_REDIRECT] 
2026-05-04 12:18:34,169 [ERROR] LogOutputStream:75 - [STDERR_REDIRECT] [Fatal Error] :1:1: Premature end of file.
2026-05-04 12:18:34,169 [ERROR] LogOutputStream:75 - [STDERR_REDIRECT] 
2026-05-04 12:18:35,178 [ERROR] LogOutputStream:75 - [STDERR_REDIRECT] [Fatal Error] :1:1: Premature end of file.
2026-05-04 12:18:35,178 [ERROR] LogOutputStream:75 - [STDERR_REDIRECT] 
2026-05-04 12:18:36,151 [ERROR] LogOutputStream:75 - [STDERR_REDIRECT] [Fatal Error] :1:1: Premature end of file.
2026-05-04 12:18:36,151 [ERROR] LogOutputStream:75 - [STDERR_REDIRECT] 
2026-05-04 12:18:37,162 [ERROR] LogOutputStream:75 - [STDERR_REDIRECT] [Fatal Error] :1:1: Premature end of file.
2026-05-04 12:18:37,162 [ERROR] LogOutputStream:75 - [STDERR_REDIRECT] 
2026-05-04 12:18:38,164 [ERROR] LogOutputStream:75 - [STDERR_REDIRECT] [Fatal Error] :1:1: Premature end of file.
2026-05-04 12:18:38,164 [ERROR] LogOutputStream:75 - [STDERR_REDIRECT] 
2026-05-04 12:18:39,207 [ERROR] LogOutputStream:75 - [STDERR_REDIRECT] [Fatal Error] :1:1: Premature end of file.
2026-05-04 12:18:39,208 [ERROR] LogOutputStream:75 - [STDERR_REDIRECT] 
2026-05-04 12:18:40,149 [ERROR] LogOutputStream:75 - [STDERR_REDIRECT] [Fatal Error] :1:1: Premature end of file.
2026-05-04 12:18:40,149 [ERROR] LogOutputStream:75 - [STDERR_REDIRECT] 
2026-05-04 12:18:41,130 [ERROR] LogOutputStream:75 - [STDERR_REDIRECT] [Fatal Error] :1:1: Premature end of file.
2026-05-04 12:18:41,130 [ERROR] LogOutputStream:75 - [STDERR_REDIRECT] 
2026-05-04 12:18:42,178 [ERROR] LogOutputStream:75 - [STDERR_REDIRECT] [Fatal Error] :1:1: Premature end of file.
2026-05-04 12:18:42,179 [ERROR] LogOutputStream:75 - [STDERR_REDIRECT] 
2026-05-04 12:18:43,143 [ERROR] LogOutputStream:75 - [STDERR_REDIRECT] [Fatal Error] :1:1: Premature end of file.
2026-05-04 12:18:43,143 [ERROR] LogOutputStream:75 - [STDERR_REDIRECT] 
2026-05-04 12:18:44,178 [ERROR] LogOutputStream:75 - [STDERR_REDIRECT] [Fatal Error] :1:1: Premature end of file.
2026-05-04 12:18:44,179 [ERROR] LogOutputStream:75 - [STDERR_REDIRECT] 
2026-05-04 12:18:45,156 [ERROR] LogOutputStream:75 - [STDERR_REDIRECT] [Fatal Error] :1:1: Premature end of file.
2026-05-04 12:18:45,156 [ERROR] LogOutputStream:75 - [STDERR_REDIRECT] 
2026-05-04 12:18:46,163 [ERROR] LogOutputStream:75 - [STDERR_REDIRECT] [Fatal Error] :1:1: Premature end of file.
2026-05-04 12:18:46,164 [ERROR] LogOutputStream:75 - [STDERR_REDIRECT] 
2026-05-04 12:18:47,169 [ERROR] LogOutputStream:75 - [STDERR_REDIRECT] [Fatal Error] :1:1: Premature end of file.
2026-05-04 12:18:47,169 [ERROR] LogOutputStream:75 - [STDERR_REDIRECT] 
2026-05-04 12:18:48,156 [ERROR] LogOutputStream:75 - [STDERR_REDIRECT] [Fatal Error] :1:1: Premature end of file.
2026-05-04 12:18:48,156 [ERROR] LogOutputStream:75 - [STDERR_REDIRECT] 
2026-05-04 12:18:49,171 [ERROR] LogOutputStream:75 - [STDERR_REDIRECT] [Fatal Error] :1:1: Premature end of file.
2026-05-04 12:18:49,171 [ERROR] LogOutputStream:75 - [STDERR_REDIRECT] 
2026-05-04 12:18:50,168 [ERROR] LogOutputStream:75 - [STDERR_REDIRECT] [Fatal Error] :1:1: Premature end of file.
2026-05-04 12:18:50,168 [ERROR] LogOutputStream:75 - [STDERR_REDIRECT] 
2026-05-04 12:18:51,155 [ERROR] LogOutputStream:75 - [STDERR_REDIRECT] [Fatal Error] :1:1: Premature end of file.
2026-05-04 12:18:51,155 [ERROR] LogOutputStream:75 - [STDERR_REDIRECT] 
2026-05-04 12:18:52,144 [ERROR] LogOutputStream:75 - [STDERR_REDIRECT] [Fatal Error] :1:1: Premature end of file.
2026-05-04 12:18:52,144 [ERROR] LogOutputStream:75 - [STDERR_REDIRECT] 
2026-05-04 12:18:53,155 [ERROR] LogOutputStream:75 - [STDERR_REDIRECT] [Fatal Error] :1:1: Premature end of file.
2026-05-04 12:18:53,155 [ERROR] LogOutputStream:75 - [STDERR_REDIRECT] 
2026-05-04 12:18:54,162 [ERROR] LogOutputStream:75 - [STDERR_REDIRECT] [Fatal Error] :1:1: Premature end of file.
2026-05-04 12:18:54,163 [ERROR] LogOutputStream:75 - [STDERR_REDIRECT] 
2026-05-04 12:18:55,161 [ERROR] LogOutputStream:75 - [STDERR_REDIRECT] [Fatal Error] :1:1: Premature end of file.
2026-05-04 12:18:55,161 [ERROR] LogOutputStream:75 - [STDERR_REDIRECT] 
2026-05-04 12:18:56,159 [ERROR] LogOutputStream:75 - [STDERR_REDIRECT] [Fatal Error] :1:1: Premature end of file.
2026-05-04 12:18:56,159 [ERROR] LogOutputStream:75 - [STDERR_REDIRECT] 
2026-05-04 12:18:57,147 [ERROR] LogOutputStream:75 - [STDERR_REDIRECT] [Fatal Error] :1:1: Premature end of file.
2026-05-04 12:18:57,147 [ERROR] LogOutputStream:75 - [STDERR_REDIRECT] 
2026-05-04 12:18:58,157 [ERROR] LogOutputStream:75 - [STDERR_REDIRECT] [Fatal Error] :1:1: Premature end of file.
2026-05-04 12:18:58,157 [ERROR] LogOutputStream:75 - [STDERR_REDIRECT] 
2026-05-04 12:18:59,138 [ERROR] LogOutputStream:75 - [STDERR_REDIRECT] [Fatal Error] :1:1: Premature end of file.
2026-05-04 12:18:59,138 [ERROR] LogOutputStream:75 - [STDERR_REDIRECT] 
2026-05-04 12:19:00,145 [ERROR] LogOutputStream:75 - [STDERR_REDIRECT] [Fatal Error] :1:1: Premature end of file.
2026-05-04 12:19:00,145 [ERROR] LogOutputStream:75 - [STDERR_REDIRECT] 
2026-05-04 12:19:01,164 [ERROR] LogOutputStream:75 - [STDERR_REDIRECT] [Fatal Error] :1:1: Premature end of file.
2026-05-04 12:19:01,164 [ERROR] LogOutputStream:75 - [STDERR_REDIRECT] 
2026-05-04 12:19:02,161 [ERROR] LogOutputStream:75 - [STDERR_REDIRECT] [Fatal Error] :1:1: Premature end of file.
2026-05-04 12:19:02,161 [ERROR] LogOutputStream:75 - [STDERR_REDIRECT] 
2026-05-04 12:19:03,169 [ERROR] LogOutputStream:75 - [STDERR_REDIRECT] [Fatal Error] :1:1: Premature end of file.
2026-05-04 12:19:03,170 [ERROR] LogOutputStream:75 - [STDERR_REDIRECT] 
2026-05-04 12:19:04,158 [ERROR] LogOutputStream:75 - [STDERR_REDIRECT] [Fatal Error] :1:1: Premature end of file.
2026-05-04 12:19:04,158 [ERROR] LogOutputStream:75 - [STDERR_REDIRECT] 
2026-05-04 12:19:05,164 [ERROR] LogOutputStream:75 - [STDERR_REDIRECT] [Fatal Error] :1:1: Premature end of file.
2026-05-04 12:19:05,164 [ERROR] LogOutputStream:75 - [STDERR_REDIRECT] 
2026-05-04 12:19:06,154 [ERROR] LogOutputStream:75 - [STDERR_REDIRECT] [Fatal Error] :1:1: Premature end of file.
2026-05-04 12:19:06,154 [ERROR] LogOutputStream:75 - [STDERR_REDIRECT] 
2026-05-04 12:19:07,204 [ERROR] LogOutputStream:75 - [STDERR_REDIRECT] [Fatal Error] :1:1: Premature end of file.
2026-05-04 12:19:07,204 [ERROR] LogOutputStream:75 - [STDERR_REDIRECT] 
2026-05-04 12:19:08,179 [ERROR] LogOutputStream:75 - [STDERR_REDIRECT] [Fatal Error] :1:1: Premature end of file.
2026-05-04 12:19:08,179 [ERROR] LogOutputStream:75 - [STDERR_REDIRECT] 
2026-05-04 12:19:09,148 [ERROR] LogOutputStream:75 - [STDERR_REDIRECT] [Fatal Error] :1:1: Premature end of file.
2026-05-04 12:19:09,148 [ERROR] LogOutputStream:75 - [STDERR_REDIRECT] 
2026-05-04 12:19:10,165 [ERROR] LogOutputStream:75 - [STDERR_REDIRECT] [Fatal Error] :1:1: Premature end of file.
2026-05-04 12:19:10,165 [ERROR] LogOutputStream:75 - [STDERR_REDIRECT] 
2026-05-04 12:19:11,169 [ERROR] LogOutputStream:75 - [STDERR_REDIRECT] [Fatal Error] :1:1: Premature end of file.
2026-05-04 12:19:11,169 [ERROR] LogOutputStream:75 - [STDERR_REDIRECT] 
2026-05-04 12:19:12,183 [ERROR] LogOutputStream:75 - [STDERR_REDIRECT] [Fatal Error] :1:1: Premature end of file.
2026-05-04 12:19:12,184 [ERROR] LogOutputStream:75 - [STDERR_REDIRECT] 
2026-05-04 12:19:13,169 [ERROR] LogOutputStream:75 - [STDERR_REDIRECT] [Fatal Error] :1:1: Premature end of file.
2026-05-04 12:19:13,169 [ERROR] LogOutputStream:75 - [STDERR_REDIRECT] 
2026-05-04 12:19:14,168 [ERROR] LogOutputStream:75 - [STDERR_REDIRECT] [Fatal Error] :1:1: Premature end of file.
2026-05-04 12:19:14,168 [ERROR] LogOutputStream:75 - [STDERR_REDIRECT] 
2026-05-04 12:19:15,193 [ERROR] LogOutputStream:75 - [STDERR_REDIRECT] [Fatal Error] :1:1: Premature end of file.
2026-05-04 12:19:15,193 [ERROR] LogOutputStream:75 - [STDERR_REDIRECT] 
2026-05-04 12:19:16,161 [ERROR] LogOutputStream:75 - [STDERR_REDIRECT] [Fatal Error] :1:1: Premature end of file.
2026-05-04 12:19:16,161 [ERROR] LogOutputStream:75 - [STDERR_REDIRECT] 
2026-05-04 12:19:17,167 [ERROR] LogOutputStream:75 - [STDERR_REDIRECT] [Fatal Error] :1:1: Premature end of file.
2026-05-04 12:19:17,168 [ERROR] LogOutputStream:75 - [STDERR_REDIRECT] 
2026-05-04 12:19:18,157 [ERROR] LogOutputStream:75 - [STDERR_REDIRECT] [Fatal Error] :1:1: Premature end of file.
2026-05-04 12:19:18,158 [ERROR] LogOutputStream:75 - [STDERR_REDIRECT] 
2026-05-04 12:19:19,157 [ERROR] LogOutputStream:75 - [STDERR_REDIRECT] [Fatal Error] :1:1: Premature end of file.
2026-05-04 12:19:19,157 [ERROR] LogOutputStream:75 - [STDERR_REDIRECT] 
2026-05-04 12:19:20,164 [ERROR] LogOutputStream:75 - [STDERR_REDIRECT] [Fatal Error] :1:1: Premature end of file.
2026-05-04 12:19:20,165 [ERROR] LogOutputStream:75 - [STDERR_REDIRECT] 
2026-05-04 12:19:21,164 [ERROR] LogOutputStream:75 - [STDERR_REDIRECT] [Fatal Error] :1:1: Premature end of file.
2026-05-04 12:19:21,165 [ERROR] LogOutputStream:75 - [STDERR_REDIRECT] 
2026-05-04 12:19:22,186 [ERROR] LogOutputStream:75 - [STDERR_REDIRECT] [Fatal Error] :1:1: Premature end of file.
2026-05-04 12:19:22,187 [ERROR] LogOutputStream:75 - [STDERR_REDIRECT] 
2026-05-04 12:19:23,188 [ERROR] LogOutputStream:75 - [STDERR_REDIRECT] [Fatal Error] :1:1: Premature end of file.
2026-05-04 12:19:23,191 [ERROR] LogOutputStream:75 - [STDERR_REDIRECT] 
2026-05-04 12:19:24,199 [ERROR] LogOutputStream:75 - [STDERR_REDIRECT] [Fatal Error] :1:1: Premature end of file.
2026-05-04 12:19:24,200 [ERROR] LogOutputStream:75 - [STDERR_REDIRECT] 
2026-05-04 12:19:25,170 [ERROR] LogOutputStream:75 - [STDERR_REDIRECT] [Fatal Error] :1:1: Premature end of file.
2026-05-04 12:19:25,171 [ERROR] LogOutputStream:75 - [STDERR_REDIRECT] 
2026-05-04 12:19:26,205 [ERROR] LogOutputStream:75 - [STDERR_REDIRECT] [Fatal Error] :1:1: Premature end of file.
2026-05-04 12:19:26,206 [ERROR] LogOutputStream:75 - [STDERR_REDIRECT] 
2026-05-04 12:19:27,182 [ERROR] LogOutputStream:75 - [STDERR_REDIRECT] [Fatal Error] :1:1: Premature end of file.
2026-05-04 12:19:27,182 [ERROR] LogOutputStream:75 - [STDERR_REDIRECT] 
2026-05-04 12:19:28,185 [ERROR] LogOutputStream:75 - [STDERR_REDIRECT] [Fatal Error] :1:1: Premature end of file.
2026-05-04 12:19:28,186 [ERROR] LogOutputStream:75 - [STDERR_REDIRECT] 
2026-05-04 12:19:29,170 [ERROR] LogOutputStream:75 - [STDERR_REDIRECT] [Fatal Error] :1:1: Premature end of file.
2026-05-04 12:19:29,171 [ERROR] LogOutputStream:75 - [STDERR_REDIRECT] 
2026-05-04 12:19:30,170 [ERROR] LogOutputStream:75 - [STDERR_REDIRECT] [Fatal Error] :1:1: Premature end of file.
2026-05-04 12:19:30,171 [ERROR] LogOutputStream:75 - [STDERR_REDIRECT] 
2026-05-04 12:19:31,171 [ERROR] LogOutputStream:75 - [STDERR_REDIRECT] [Fatal Error] :1:1: Premature end of file.
2026-05-04 12:19:31,172 [ERROR] LogOutputStream:75 - [STDERR_REDIRECT] 
2026-05-04 12:19:32,173 [ERROR] LogOutputStream:75 - [STDERR_REDIRECT] [Fatal Error] :1:1: Premature end of file.
2026-05-04 12:19:32,173 [ERROR] LogOutputStream:75 - [STDERR_REDIRECT] 
2026-05-04 12:19:33,184 [ERROR] LogOutputStream:75 - [STDERR_REDIRECT] [Fatal Error] :1:1: Premature end of file.
2026-05-04 12:19:33,184 [ERROR] LogOutputStream:75 - [STDERR_REDIRECT] 
2026-05-04 12:19:34,192 [ERROR] LogOutputStream:75 - [STDERR_REDIRECT] [Fatal Error] :1:1: Premature end of file.
2026-05-04 12:19:34,192 [ERROR] LogOutputStream:75 - [STDERR_REDIRECT] 
2026-05-04 12:19:35,165 [ERROR] LogOutputStream:75 - [STDERR_REDIRECT] [Fatal Error] :1:1: Premature end of file.
2026-05-04 12:19:35,166 [ERROR] LogOutputStream:75 - [STDERR_REDIRECT] 
2026-05-04 12:19:36,185 [ERROR] LogOutputStream:75 - [STDERR_REDIRECT] [Fatal Error] :1:1: Premature end of file.
2026-05-04 12:19:36,185 [ERROR] LogOutputStream:75 - [STDERR_REDIRECT] 
2026-05-04 12:19:37,185 [ERROR] LogOutputStream:75 - [STDERR_REDIRECT] [Fatal Error] :1:1: Premature end of file.
2026-05-04 12:19:37,185 [ERROR] LogOutputStream:75 - [STDERR_REDIRECT] 
2026-05-04 12:19:38,163 [ERROR] LogOutputStream:75 - [STDERR_REDIRECT] [Fatal Error] :1:1: Premature end of file.
2026-05-04 12:19:38,163 [ERROR] LogOutputStream:75 - [STDERR_REDIRECT] 
2026-05-04 12:19:39,158 [ERROR] LogOutputStream:75 - [STDERR_REDIRECT] [Fatal Error] :1:1: Premature end of file.
2026-05-04 12:19:39,158 [ERROR] LogOutputStream:75 - [STDERR_REDIRECT] 
2026-05-04 12:19:40,152 [ERROR] LogOutputStream:75 - [STDERR_REDIRECT] [Fatal Error] :1:1: Premature end of file.
2026-05-04 12:19:40,152 [ERROR] LogOutputStream:75 - [STDERR_REDIRECT] 
2026-05-04 12:19:41,180 [ERROR] LogOutputStream:75 - [STDERR_REDIRECT] [Fatal Error] :1:1: Premature end of file.
2026-05-04 12:19:41,180 [ERROR] LogOutputStream:75 - [STDERR_REDIRECT] 
2026-05-04 12:19:42,179 [ERROR] LogOutputStream:75 - [STDERR_REDIRECT] [Fatal Error] :1:1: Premature end of file.
2026-05-04 12:19:42,180 [ERROR] LogOutputStream:75 - [STDERR_REDIRECT] 
2026-05-04 12:19:43,162 [ERROR] LogOutputStream:75 - [STDERR_REDIRECT] [Fatal Error] :1:1: Premature end of file.
2026-05-04 12:19:43,162 [ERROR] LogOutputStream:75 - [STDERR_REDIRECT] 
2026-05-04 12:19:44,177 [ERROR] LogOutputStream:75 - [STDERR_REDIRECT] [Fatal Error] :1:1: Premature end of file.
2026-05-04 12:19:44,178 [ERROR] LogOutputStream:75 - [STDERR_REDIRECT] 
2026-05-04 12:19:45,162 [ERROR] LogOutputStream:75 - [STDERR_REDIRECT] [Fatal Error] :1:1: Premature end of file.
2026-05-04 12:19:45,163 [ERROR] LogOutputStream:75 - [STDERR_REDIRECT] 
2026-05-04 12:19:46,141 [ERROR] LogOutputStream:75 - [STDERR_REDIRECT] [Fatal Error] :1:1: Premature end of file.
2026-05-04 12:19:46,141 [ERROR] LogOutputStream:75 - [STDERR_REDIRECT] 
2026-05-04 12:19:47,172 [ERROR] LogOutputStream:75 - [STDERR_REDIRECT] [Fatal Error] :1:1: Premature end of file.
2026-05-04 12:19:47,173 [ERROR] LogOutputStream:75 - [STDERR_REDIRECT] 
2026-05-04 12:19:48,153 [ERROR] LogOutputStream:75 - [STDERR_REDIRECT] [Fatal Error] :1:1: Premature end of file.
2026-05-04 12:19:48,153 [ERROR] LogOutputStream:75 - [STDERR_REDIRECT] 
2026-05-04 12:19:49,162 [ERROR] LogOutputStream:75 - [STDERR_REDIRECT] [Fatal Error] :1:1: Premature end of file.
2026-05-04 12:19:49,162 [ERROR] LogOutputStream:75 - [STDERR_REDIRECT] 
2026-05-04 12:19:50,178 [ERROR] LogOutputStream:75 - [STDERR_REDIRECT] [Fatal Error] :1:1: Premature end of file.
2026-05-04 12:19:50,179 [ERROR] LogOutputStream:75 - [STDERR_REDIRECT] 
2026-05-04 12:19:51,171 [ERROR] LogOutputStream:75 - [STDERR_REDIRECT] [Fatal Error] :1:1: Premature end of file.
2026-05-04 12:19:51,171 [ERROR] LogOutputStream:75 - [STDERR_REDIRECT] 
2026-05-04 12:19:52,158 [ERROR] LogOutputStream:75 - [STDERR_REDIRECT] [Fatal Error] :1:1: Premature end of file.
2026-05-04 12:19:52,159 [ERROR] LogOutputStream:75 - [STDERR_REDIRECT] 
2026-05-04 12:19:53,188 [ERROR] LogOutputStream:75 - [STDERR_REDIRECT] [Fatal Error] :1:1: Premature end of file.
2026-05-04 12:19:53,189 [ERROR] LogOutputStream:75 - [STDERR_REDIRECT] 
2026-05-04 12:19:54,162 [ERROR] LogOutputStream:75 - [STDERR_REDIRECT] [Fatal Error] :1:1: Premature end of file.
2026-05-04 12:19:54,163 [ERROR] LogOutputStream:75 - [STDERR_REDIRECT] 
2026-05-04 12:19:55,204 [ERROR] LogOutputStream:75 - [STDERR_REDIRECT] [Fatal Error] :1:1: Premature end of file.
2026-05-04 12:19:55,205 [ERROR] LogOutputStream:75 - [STDERR_REDIRECT] 
2026-05-04 12:19:56,165 [ERROR] LogOutputStream:75 - [STDERR_REDIRECT] [Fatal Error] :1:1: Premature end of file.
2026-05-04 12:19:56,166 [ERROR] LogOutputStream:75 - [STDERR_REDIRECT] 
2026-05-04 12:19:57,149 [ERROR] LogOutputStream:75 - [STDERR_REDIRECT] [Fatal Error] :1:1: Premature end of file.
2026-05-04 12:19:57,149 [ERROR] LogOutputStream:75 - [STDERR_REDIRECT] 
2026-05-04 12:19:58,183 [ERROR] LogOutputStream:75 - [STDERR_REDIRECT] [Fatal Error] :1:1: Premature end of file.
2026-05-04 12:19:58,184 [ERROR] LogOutputStream:75 - [STDERR_REDIRECT] 
2026-05-04 12:19:59,163 [ERROR] LogOutputStream:75 - [STDERR_REDIRECT] [Fatal Error] :1:1: Premature end of file.
2026-05-04 12:19:59,164 [ERROR] LogOutputStream:75 - [STDERR_REDIRECT] 
2026-05-04 12:20:00,160 [ERROR] LogOutputStream:75 - [STDERR_REDIRECT] [Fatal Error] :1:1: Premature end of file.
2026-05-04 12:20:00,160 [ERROR] LogOutputStream:75 - [STDERR_REDIRECT] 
2026-05-04 12:20:01,181 [ERROR] LogOutputStream:75 - [STDERR_REDIRECT] [Fatal Error] :1:1: Premature end of file.
2026-05-04 12:20:01,181 [ERROR] LogOutputStream:75 - [STDERR_REDIRECT] 
2026-05-04 12:20:02,187 [ERROR] LogOutputStream:75 - [STDERR_REDIRECT] [Fatal Error] :1:1: Premature end of file.
2026-05-04 12:20:02,187 [ERROR] LogOutputStream:75 - [STDERR_REDIRECT] 
2026-05-04 12:20:03,158 [ERROR] LogOutputStream:75 - [STDERR_REDIRECT] [Fatal Error] :1:1: Premature end of file.
2026-05-04 12:20:03,158 [ERROR] LogOutputStream:75 - [STDERR_REDIRECT] 
2026-05-04 12:20:04,158 [ERROR] LogOutputStream:75 - [STDERR_REDIRECT] [Fatal Error] :1:1: Premature end of file.
2026-05-04 12:20:04,159 [ERROR] LogOutputStream:75 - [STDERR_REDIRECT] 
2026-05-04 12:20:05,200 [ERROR] LogOutputStream:75 - [STDERR_REDIRECT] [Fatal Error] :1:1: Premature end of file.
2026-05-04 12:20:05,200 [ERROR] LogOutputStream:75 - [STDERR_REDIRECT] 
2026-05-04 12:20:06,173 [ERROR] LogOutputStream:75 - [STDERR_REDIRECT] [Fatal Error] :1:1: Premature end of file.
2026-05-04 12:20:06,173 [ERROR] LogOutputStream:75 - [STDERR_REDIRECT] 
2026-05-04 12:20:07,178 [ERROR] LogOutputStream:75 - [STDERR_REDIRECT] [Fatal Error] :1:1: Premature end of file.
2026-05-04 12:20:07,178 [ERROR] LogOutputStream:75 - [STDERR_REDIRECT] 
2026-05-04 12:20:08,160 [ERROR] LogOutputStream:75 - [STDERR_REDIRECT] [Fatal Error] :1:1: Premature end of file.
2026-05-04 12:20:08,160 [ERROR] LogOutputStream:75 - [STDERR_REDIRECT] 
2026-05-04 12:20:09,167 [ERROR] LogOutputStream:75 - [STDERR_REDIRECT] [Fatal Error] :1:1: Premature end of file.
2026-05-04 12:20:09,167 [ERROR] LogOutputStream:75 - [STDERR_REDIRECT] 
2026-05-04 12:20:10,156 [ERROR] LogOutputStream:75 - [STDERR_REDIRECT] [Fatal Error] :1:1: Premature end of file.
2026-05-04 12:20:10,157 [ERROR] LogOutputStream:75 - [STDERR_REDIRECT] 
2026-05-04 12:20:11,139 [ERROR] LogOutputStream:75 - [STDERR_REDIRECT] [Fatal Error] :1:1: Premature end of file.
2026-05-04 12:20:11,139 [ERROR] LogOutputStream:75 - [STDERR_REDIRECT] 
2026-05-04 12:20:12,179 [ERROR] LogOutputStream:75 - [STDERR_REDIRECT] [Fatal Error] :1:1: Premature end of file.
2026-05-04 12:20:12,179 [ERROR] LogOutputStream:75 - [STDERR_REDIRECT] 
2026-05-04 12:20:13,158 [ERROR] LogOutputStream:75 - [STDERR_REDIRECT] [Fatal Error] :1:1: Premature end of file.
2026-05-04 12:20:13,158 [ERROR] LogOutputStream:75 - [STDERR_REDIRECT] 
2026-05-04 12:20:14,125 [ERROR] LogOutputStream:75 - [STDERR_REDIRECT] [Fatal Error] :1:1: Premature end of file.
2026-05-04 12:20:14,125 [ERROR] LogOutputStream:75 - [STDERR_REDIRECT] 
2026-05-04 12:20:15,157 [ERROR] LogOutputStream:75 - [STDERR_REDIRECT] [Fatal Error] :1:1: Premature end of file.
2026-05-04 12:20:15,157 [ERROR] LogOutputStream:75 - [STDERR_REDIRECT] 
2026-05-04 12:20:16,165 [ERROR] LogOutputStream:75 - [STDERR_REDIRECT] [Fatal Error] :1:1: Premature end of file.
2026-05-04 12:20:16,166 [ERROR] LogOutputStream:75 - [STDERR_REDIRECT] 
2026-05-04 12:20:17,165 [ERROR] LogOutputStream:75 - [STDERR_REDIRECT] [Fatal Error] :1:1: Premature end of file.
2026-05-04 12:20:17,165 [ERROR] LogOutputStream:75 - [STDERR_REDIRECT] 
2026-05-04 12:20:18,158 [ERROR] LogOutputStream:75 - [STDERR_REDIRECT] [Fatal Error] :1:1: Premature end of file.
2026-05-04 12:20:18,158 [ERROR] LogOutputStream:75 - [STDERR_REDIRECT] 
2026-05-04 12:20:19,177 [ERROR] LogOutputStream:75 - [STDERR_REDIRECT] [Fatal Error] :1:1: Premature end of file.
2026-05-04 12:20:19,177 [ERROR] LogOutputStream:75 - [STDERR_REDIRECT] 
2026-05-04 12:20:20,168 [ERROR] LogOutputStream:75 - [STDERR_REDIRECT] [Fatal Error] :1:1: Premature end of file.
2026-05-04 12:20:20,168 [ERROR] LogOutputStream:75 - [STDERR_REDIRECT] 
2026-05-04 12:20:21,174 [ERROR] LogOutputStream:75 - [STDERR_REDIRECT] [Fatal Error] :1:1: Premature end of file.
2026-05-04 12:20:21,175 [ERROR] LogOutputStream:75 - [STDERR_REDIRECT] 
2026-05-04 12:20:22,178 [ERROR] LogOutputStream:75 - [STDERR_REDIRECT] [Fatal Error] :1:1: Premature end of file.
2026-05-04 12:20:22,178 [ERROR] LogOutputStream:75 - [STDERR_REDIRECT] 
2026-05-04 12:20:23,181 [ERROR] LogOutputStream:75 - [STDERR_REDIRECT] [Fatal Error] :1:1: Premature end of file.
2026-05-04 12:20:23,181 [ERROR] LogOutputStream:75 - [STDERR_REDIRECT] 
2026-05-04 12:20:24,159 [ERROR] LogOutputStream:75 - [STDERR_REDIRECT] [Fatal Error] :1:1: Premature end of file.
2026-05-04 12:20:24,159 [ERROR] LogOutputStream:75 - [STDERR_REDIRECT] 
2026-05-04 12:20:25,169 [ERROR] LogOutputStream:75 - [STDERR_REDIRECT] [Fatal Error] :1:1: Premature end of file.
2026-05-04 12:20:25,169 [ERROR] LogOutputStream:75 - [STDERR_REDIRECT] 
2026-05-04 12:20:26,182 [ERROR] LogOutputStream:75 - [STDERR_REDIRECT] [Fatal Error] :1:1: Premature end of file.
2026-05-04 12:20:26,183 [ERROR] LogOutputStream:75 - [STDERR_REDIRECT] 
2026-05-04 12:20:27,169 [ERROR] LogOutputStream:75 - [STDERR_REDIRECT] [Fatal Error] :1:1: Premature end of file.
2026-05-04 12:20:27,169 [ERROR] LogOutputStream:75 - [STDERR_REDIRECT] 
2026-05-04 12:20:28,156 [ERROR] LogOutputStream:75 - [STDERR_REDIRECT] [Fatal Error] :1:1: Premature end of file.
2026-05-04 12:20:28,156 [ERROR] LogOutputStream:75 - [STDERR_REDIRECT] 
2026-05-04 12:20:29,155 [ERROR] LogOutputStream:75 - [STDERR_REDIRECT] [Fatal Error] :1:1: Premature end of file.
2026-05-04 12:20:29,155 [ERROR] LogOutputStream:75 - [STDERR_REDIRECT] 
2026-05-04 12:20:30,156 [ERROR] LogOutputStream:75 - [STDERR_REDIRECT] [Fatal Error] :1:1: Premature end of file.
2026-05-04 12:20:30,156 [ERROR] LogOutputStream:75 - [STDERR_REDIRECT] 
2026-05-04 12:20:31,177 [ERROR] LogOutputStream:75 - [STDERR_REDIRECT] [Fatal Error] :1:1: Premature end of file.
2026-05-04 12:20:31,178 [ERROR] LogOutputStream:75 - [STDERR_REDIRECT] 
2026-05-04 12:20:32,160 [ERROR] LogOutputStream:75 - [STDERR_REDIRECT] [Fatal Error] :1:1: Premature end of file.
2026-05-04 12:20:32,160 [ERROR] LogOutputStream:75 - [STDERR_REDIRECT] 
2026-05-04 12:20:33,169 [ERROR] LogOutputStream:75 - [STDERR_REDIRECT] [Fatal Error] :1:1: Premature end of file.
2026-05-04 12:20:33,169 [ERROR] LogOutputStream:75 - [STDERR_REDIRECT] 
2026-05-04 12:20:34,126 [ERROR] LogOutputStream:75 - [STDERR_REDIRECT] [Fatal Error] :1:1: Premature end of file.
2026-05-04 12:20:34,127 [ERROR] LogOutputStream:75 - [STDERR_REDIRECT] 
2026-05-04 12:20:35,182 [ERROR] LogOutputStream:75 - [STDERR_REDIRECT] [Fatal Error] :1:1: Premature end of file.
2026-05-04 12:20:35,183 [ERROR] LogOutputStream:75 - [STDERR_REDIRECT] 
2026-05-04 12:20:36,163 [ERROR] LogOutputStream:75 - [STDERR_REDIRECT] [Fatal Error] :1:1: Premature end of file.
2026-05-04 12:20:36,163 [ERROR] LogOutputStream:75 - [STDERR_REDIRECT] 
2026-05-04 12:20:37,161 [ERROR] LogOutputStream:75 - [STDERR_REDIRECT] [Fatal Error] :1:1: Premature end of file.
2026-05-04 12:20:37,161 [ERROR] LogOutputStream:75 - [STDERR_REDIRECT] 
2026-05-04 12:20:38,172 [ERROR] LogOutputStream:75 - [STDERR_REDIRECT] [Fatal Error] :1:1: Premature end of file.
2026-05-04 12:20:38,172 [ERROR] LogOutputStream:75 - [STDERR_REDIRECT] 
2026-05-04 12:20:39,170 [ERROR] LogOutputStream:75 - [STDERR_REDIRECT] [Fatal Error] :1:1: Premature end of file.
2026-05-04 12:20:39,170 [ERROR] LogOutputStream:75 - [STDERR_REDIRECT] 
2026-05-04 12:20:40,149 [ERROR] LogOutputStream:75 - [STDERR_REDIRECT] [Fatal Error] :1:1: Premature end of file.
2026-05-04 12:20:40,149 [ERROR] LogOutputStream:75 - [STDERR_REDIRECT] 
2026-05-04 12:20:41,161 [ERROR] LogOutputStream:75 - [STDERR_REDIRECT] [Fatal Error] :1:1: Premature end of file.
2026-05-04 12:20:41,161 [ERROR] LogOutputStream:75 - [STDERR_REDIRECT] 
2026-05-04 12:20:42,189 [ERROR] LogOutputStream:75 - [STDERR_REDIRECT] [Fatal Error] :1:1: Premature end of file.
2026-05-04 12:20:42,189 [ERROR] LogOutputStream:75 - [STDERR_REDIRECT] 
2026-05-04 12:20:43,140 [ERROR] LogOutputStream:75 - [STDERR_REDIRECT] [Fatal Error] :1:1: Premature end of file.
2026-05-04 12:20:43,140 [ERROR] LogOutputStream:75 - [STDERR_REDIRECT] 
2026-05-04 12:20:44,181 [ERROR] LogOutputStream:75 - [STDERR_REDIRECT] [Fatal Error] :1:1: Premature end of file.
2026-05-04 12:20:44,181 [ERROR] LogOutputStream:75 - [STDERR_REDIRECT] 
2026-05-04 12:20:45,154 [ERROR] LogOutputStream:75 - [STDERR_REDIRECT] [Fatal Error] :1:1: Premature end of file.
2026-05-04 12:20:45,154 [ERROR] LogOutputStream:75 - [STDERR_REDIRECT] 
2026-05-04 12:20:46,166 [ERROR] LogOutputStream:75 - [STDERR_REDIRECT] [Fatal Error] :1:1: Premature end of file.
2026-05-04 12:20:46,166 [ERROR] LogOutputStream:75 - [STDERR_REDIRECT] 
2026-05-04 12:20:47,158 [ERROR] LogOutputStream:75 - [STDERR_REDIRECT] [Fatal Error] :1:1: Premature end of file.
2026-05-04 12:20:47,158 [ERROR] LogOutputStream:75 - [STDERR_REDIRECT] 
2026-05-04 12:20:48,187 [ERROR] LogOutputStream:75 - [STDERR_REDIRECT] [Fatal Error] :1:1: Premature end of file.
2026-05-04 12:20:48,188 [ERROR] LogOutputStream:75 - [STDERR_REDIRECT] 
2026-05-04 12:20:49,166 [ERROR] LogOutputStream:75 - [STDERR_REDIRECT] [Fatal Error] :1:1: Premature end of file.
2026-05-04 12:20:49,168 [ERROR] LogOutputStream:75 - [STDERR_REDIRECT] 
2026-05-04 12:20:50,163 [ERROR] LogOutputStream:75 - [STDERR_REDIRECT] [Fatal Error] :1:1: Premature end of file.
2026-05-04 12:20:50,163 [ERROR] LogOutputStream:75 - [STDERR_REDIRECT] 
2026-05-04 12:20:51,182 [ERROR] LogOutputStream:75 - [STDERR_REDIRECT] [Fatal Error] :1:1: Premature end of file.
2026-05-04 12:20:51,183 [ERROR] LogOutputStream:75 - [STDERR_REDIRECT] 
2026-05-04 12:20:52,176 [ERROR] LogOutputStream:75 - [STDERR_REDIRECT] [Fatal Error] :1:1: Premature end of file.
2026-05-04 12:20:52,177 [ERROR] LogOutputStream:75 - [STDERR_REDIRECT] 
2026-05-04 12:20:53,153 [ERROR] LogOutputStream:75 - [STDERR_REDIRECT] [Fatal Error] :1:1: Premature end of file.
2026-05-04 12:20:53,153 [ERROR] LogOutputStream:75 - [STDERR_REDIRECT] 
2026-05-04 12:20:54,159 [ERROR] LogOutputStream:75 - [STDERR_REDIRECT] [Fatal Error] :1:1: Premature end of file.
2026-05-04 12:20:54,159 [ERROR] LogOutputStream:75 - [STDERR_REDIRECT] 
2026-05-04 12:20:55,171 [ERROR] LogOutputStream:75 - [STDERR_REDIRECT] [Fatal Error] :1:1: Premature end of file.
2026-05-04 12:20:55,171 [ERROR] LogOutputStream:75 - [STDERR_REDIRECT] 
2026-05-04 12:20:56,157 [ERROR] LogOutputStream:75 - [STDERR_REDIRECT] [Fatal Error] :1:1: Premature end of file.
2026-05-04 12:20:56,157 [ERROR] LogOutputStream:75 - [STDERR_REDIRECT] 
2026-05-04 12:20:57,149 [ERROR] LogOutputStream:75 - [STDERR_REDIRECT] [Fatal Error] :1:1: Premature end of file.
2026-05-04 12:20:57,150 [ERROR] LogOutputStream:75 - [STDERR_REDIRECT] 
2026-05-04 12:20:58,138 [ERROR] LogOutputStream:75 - [STDERR_REDIRECT] [Fatal Error] :1:1: Premature end of file.
2026-05-04 12:20:58,139 [ERROR] LogOutputStream:75 - [STDERR_REDIRECT] 
2026-05-04 12:20:59,157 [ERROR] LogOutputStream:75 - [STDERR_REDIRECT] [Fatal Error] :1:1: Premature end of file.
2026-05-04 12:20:59,157 [ERROR] LogOutputStream:75 - [STDERR_REDIRECT] 
2026-05-04 12:21:00,141 [ERROR] LogOutputStream:75 - [STDERR_REDIRECT] [Fatal Error] :1:1: Premature end of file.
2026-05-04 12:21:00,141 [ERROR] LogOutputStream:75 - [STDERR_REDIRECT] 
2026-05-04 12:21:01,143 [ERROR] LogOutputStream:75 - [STDERR_REDIRECT] [Fatal Error] :1:1: Premature end of file.
2026-05-04 12:21:01,143 [ERROR] LogOutputStream:75 - [STDERR_REDIRECT] 
2026-05-04 12:21:02,151 [ERROR] LogOutputStream:75 - [STDERR_REDIRECT] [Fatal Error] :1:1: Premature end of file.
2026-05-04 12:21:02,151 [ERROR] LogOutputStream:75 - [STDERR_REDIRECT] 
2026-05-04 12:21:03,153 [ERROR] LogOutputStream:75 - [STDERR_REDIRECT] [Fatal Error] :1:1: Premature end of file.
2026-05-04 12:21:03,153 [ERROR] LogOutputStream:75 - [STDERR_REDIRECT] 
2026-05-04 12:21:04,155 [ERROR] LogOutputStream:75 - [STDERR_REDIRECT] [Fatal Error] :1:1: Premature end of file.
2026-05-04 12:21:04,156 [ERROR] LogOutputStream:75 - [STDERR_REDIRECT] 
2026-05-04 12:21:05,158 [ERROR] LogOutputStream:75 - [STDERR_REDIRECT] [Fatal Error] :1:1: Premature end of file.
2026-05-04 12:21:05,158 [ERROR] LogOutputStream:75 - [STDERR_REDIRECT] 
2026-05-04 12:21:06,184 [ERROR] LogOutputStream:75 - [STDERR_REDIRECT] [Fatal Error] :1:1: Premature end of file.
2026-05-04 12:21:06,184 [ERROR] LogOutputStream:75 - [STDERR_REDIRECT] 
2026-05-04 12:21:07,148 [ERROR] LogOutputStream:75 - [STDERR_REDIRECT] [Fatal Error] :1:1: Premature end of file.
2026-05-04 12:21:07,148 [ERROR] LogOutputStream:75 - [STDERR_REDIRECT] 
2026-05-04 12:21:08,162 [ERROR] LogOutputStream:75 - [STDERR_REDIRECT] [Fatal Error] :1:1: Premature end of file.
2026-05-04 12:21:08,163 [ERROR] LogOutputStream:75 - [STDERR_REDIRECT] 
2026-05-04 12:21:09,156 [ERROR] LogOutputStream:75 - [STDERR_REDIRECT] [Fatal Error] :1:1: Premature end of file.
2026-05-04 12:21:09,157 [ERROR] LogOutputStream:75 - [STDERR_REDIRECT] 
2026-05-04 12:21:10,161 [ERROR] LogOutputStream:75 - [STDERR_REDIRECT] [Fatal Error] :1:1: Premature end of file.
2026-05-04 12:21:10,161 [ERROR] LogOutputStream:75 - [STDERR_REDIRECT] 
2026-05-04 12:21:11,178 [ERROR] LogOutputStream:75 - [STDERR_REDIRECT] [Fatal Error] :1:1: Premature end of file.
2026-05-04 12:21:11,178 [ERROR] LogOutputStream:75 - [STDERR_REDIRECT] 
2026-05-04 12:21:12,150 [ERROR] LogOutputStream:75 - [STDERR_REDIRECT] [Fatal Error] :1:1: Premature end of file.
2026-05-04 12:21:12,150 [ERROR] LogOutputStream:75 - [STDERR_REDIRECT] 
2026-05-04 12:21:13,149 [ERROR] LogOutputStream:75 - [STDERR_REDIRECT] [Fatal Error] :1:1: Premature end of file.
2026-05-04 12:21:13,149 [ERROR] LogOutputStream:75 - [STDERR_REDIRECT] 
2026-05-04 12:21:14,157 [ERROR] LogOutputStream:75 - [STDERR_REDIRECT] [Fatal Error] :1:1: Premature end of file.
2026-05-04 12:21:14,157 [ERROR] LogOutputStream:75 - [STDERR_REDIRECT] 
2026-05-04 12:21:15,165 [ERROR] LogOutputStream:75 - [STDERR_REDIRECT] [Fatal Error] :1:1: Premature end of file.
2026-05-04 12:21:15,166 [ERROR] LogOutputStream:75 - [STDERR_REDIRECT] 
2026-05-04 12:21:16,154 [ERROR] LogOutputStream:75 - [STDERR_REDIRECT] [Fatal Error] :1:1: Premature end of file.
2026-05-04 12:21:16,154 [ERROR] LogOutputStream:75 - [STDERR_REDIRECT] 
2026-05-04 12:21:17,156 [ERROR] LogOutputStream:75 - [STDERR_REDIRECT] [Fatal Error] :1:1: Premature end of file.
2026-05-04 12:21:17,156 [ERROR] LogOutputStream:75 - [STDERR_REDIRECT] 
2026-05-04 12:21:18,170 [ERROR] LogOutputStream:75 - [STDERR_REDIRECT] [Fatal Error] :1:1: Premature end of file.
2026-05-04 12:21:18,170 [ERROR] LogOutputStream:75 - [STDERR_REDIRECT] 
2026-05-04 12:21:19,158 [ERROR] LogOutputStream:75 - [STDERR_REDIRECT] [Fatal Error] :1:1: Premature end of file.
2026-05-04 12:21:19,158 [ERROR] LogOutputStream:75 - [STDERR_REDIRECT] 
2026-05-04 12:21:20,170 [ERROR] LogOutputStream:75 - [STDERR_REDIRECT] [Fatal Error] :1:1: Premature end of file.
2026-05-04 12:21:20,170 [ERROR] LogOutputStream:75 - [STDERR_REDIRECT] 
2026-05-04 12:21:21,156 [ERROR] LogOutputStream:75 - [STDERR_REDIRECT] [Fatal Error] :1:1: Premature end of file.
2026-05-04 12:21:21,156 [ERROR] LogOutputStream:75 - [STDERR_REDIRECT] 
2026-05-04 12:21:22,158 [ERROR] LogOutputStream:75 - [STDERR_REDIRECT] [Fatal Error] :1:1: Premature end of file.
2026-05-04 12:21:22,158 [ERROR] LogOutputStream:75 - [STDERR_REDIRECT] 
2026-05-04 12:21:23,161 [ERROR] LogOutputStream:75 - [STDERR_REDIRECT] [Fatal Error] :1:1: Premature end of file.
2026-05-04 12:21:23,161 [ERROR] LogOutputStream:75 - [STDERR_REDIRECT] 
2026-05-04 12:21:24,171 [ERROR] LogOutputStream:75 - [STDERR_REDIRECT] [Fatal Error] :1:1: Premature end of file.
2026-05-04 12:21:24,171 [ERROR] LogOutputStream:75 - [STDERR_REDIRECT] 
2026-05-04 12:21:25,166 [ERROR] LogOutputStream:75 - [STDERR_REDIRECT] [Fatal Error] :1:1: Premature end of file.
2026-05-04 12:21:25,166 [ERROR] LogOutputStream:75 - [STDERR_REDIRECT] 
2026-05-04 12:21:26,171 [ERROR] LogOutputStream:75 - [STDERR_REDIRECT] [Fatal Error] :1:1: Premature end of file.
2026-05-04 12:21:26,171 [ERROR] LogOutputStream:75 - [STDERR_REDIRECT] 
2026-05-04 12:21:27,209 [ERROR] LogOutputStream:75 - [STDERR_REDIRECT] [Fatal Error] :1:1: Premature end of file.
2026-05-04 12:21:27,209 [ERROR] LogOutputStream:75 - [STDERR_REDIRECT] 
2026-05-04 12:21:28,154 [ERROR] LogOutputStream:75 - [STDERR_REDIRECT] [Fatal Error] :1:1: Premature end of file.
2026-05-04 12:21:28,154 [ERROR] LogOutputStream:75 - [STDERR_REDIRECT] 
2026-05-04 12:21:29,162 [ERROR] LogOutputStream:75 - [STDERR_REDIRECT] [Fatal Error] :1:1: Premature end of file.
2026-05-04 12:21:29,162 [ERROR] LogOutputStream:75 - [STDERR_REDIRECT] 
2026-05-04 12:21:30,140 [ERROR] LogOutputStream:75 - [STDERR_REDIRECT] [Fatal Error] :1:1: Premature end of file.
2026-05-04 12:21:30,140 [ERROR] LogOutputStream:75 - [STDERR_REDIRECT] 
2026-05-04 12:21:31,158 [ERROR] LogOutputStream:75 - [STDERR_REDIRECT] [Fatal Error] :1:1: Premature end of file.
2026-05-04 12:21:31,158 [ERROR] LogOutputStream:75 - [STDERR_REDIRECT] 
2026-05-04 12:21:32,158 [ERROR] LogOutputStream:75 - [STDERR_REDIRECT] [Fatal Error] :1:1: Premature end of file.
2026-05-04 12:21:32,158 [ERROR] LogOutputStream:75 - [STDERR_REDIRECT] 
2026-05-04 12:21:33,154 [ERROR] LogOutputStream:75 - [STDERR_REDIRECT] [Fatal Error] :1:1: Premature end of file.
2026-05-04 12:21:33,154 [ERROR] LogOutputStream:75 - [STDERR_REDIRECT] 
2026-05-04 12:21:34,154 [ERROR] LogOutputStream:75 - [STDERR_REDIRECT] [Fatal Error] :1:1: Premature end of file.
2026-05-04 12:21:34,155 [ERROR] LogOutputStream:75 - [STDERR_REDIRECT] 
2026-05-04 12:21:35,152 [ERROR] LogOutputStream:75 - [STDERR_REDIRECT] [Fatal Error] :1:1: Premature end of file.
2026-05-04 12:21:35,152 [ERROR] LogOutputStream:75 - [STDERR_REDIRECT] 
2026-05-04 12:21:36,157 [ERROR] LogOutputStream:75 - [STDERR_REDIRECT] [Fatal Error] :1:1: Premature end of file.
2026-05-04 12:21:36,158 [ERROR] LogOutputStream:75 - [STDERR_REDIRECT] 
2026-05-04 12:21:37,165 [ERROR] LogOutputStream:75 - [STDERR_REDIRECT] [Fatal Error] :1:1: Premature end of file.
2026-05-04 12:21:37,165 [ERROR] LogOutputStream:75 - [STDERR_REDIRECT] 
2026-05-04 12:21:38,159 [ERROR] LogOutputStream:75 - [STDERR_REDIRECT] [Fatal Error] :1:1: Premature end of file.
2026-05-04 12:21:38,160 [ERROR] LogOutputStream:75 - [STDERR_REDIRECT] 
2026-05-04 12:21:39,150 [ERROR] LogOutputStream:75 - [STDERR_REDIRECT] [Fatal Error] :1:1: Premature end of file.
2026-05-04 12:21:39,150 [ERROR] LogOutputStream:75 - [STDERR_REDIRECT] 
2026-05-04 12:21:40,176 [ERROR] LogOutputStream:75 - [STDERR_REDIRECT] [Fatal Error] :1:1: Premature end of file.
2026-05-04 12:21:40,177 [ERROR] LogOutputStream:75 - [STDERR_REDIRECT] 
2026-05-04 12:21:41,173 [ERROR] LogOutputStream:75 - [STDERR_REDIRECT] [Fatal Error] :1:1: Premature end of file.
2026-05-04 12:21:41,173 [ERROR] LogOutputStream:75 - [STDERR_REDIRECT] 
2026-05-04 12:21:42,173 [ERROR] LogOutputStream:75 - [STDERR_REDIRECT] [Fatal Error] :1:1: Premature end of file.
2026-05-04 12:21:42,173 [ERROR] LogOutputStream:75 - [STDERR_REDIRECT] 
2026-05-04 12:21:43,193 [ERROR] LogOutputStream:75 - [STDERR_REDIRECT] [Fatal Error] :1:1: Premature end of file.
2026-05-04 12:21:43,193 [ERROR] LogOutputStream:75 - [STDERR_REDIRECT] 
2026-05-04 12:21:44,162 [ERROR] LogOutputStream:75 - [STDERR_REDIRECT] [Fatal Error] :1:1: Premature end of file.
2026-05-04 12:21:44,163 [ERROR] LogOutputStream:75 - [STDERR_REDIRECT] 
2026-05-04 12:21:45,185 [ERROR] LogOutputStream:75 - [STDERR_REDIRECT] [Fatal Error] :1:1: Premature end of file.
2026-05-04 12:21:45,185 [ERROR] LogOutputStream:75 - [STDERR_REDIRECT] 
2026-05-04 12:21:46,160 [ERROR] LogOutputStream:75 - [STDERR_REDIRECT] [Fatal Error] :1:1: Premature end of file.
2026-05-04 12:21:46,160 [ERROR] LogOutputStream:75 - [STDERR_REDIRECT] 
2026-05-04 12:21:47,175 [ERROR] LogOutputStream:75 - [STDERR_REDIRECT] [Fatal Error] :1:1: Premature end of file.
2026-05-04 12:21:47,176 [ERROR] LogOutputStream:75 - [STDERR_REDIRECT] 
2026-05-04 12:21:48,153 [ERROR] LogOutputStream:75 - [STDERR_REDIRECT] [Fatal Error] :1:1: Premature end of file.
2026-05-04 12:21:48,154 [ERROR] LogOutputStream:75 - [STDERR_REDIRECT] 
2026-05-04 12:21:49,173 [ERROR] LogOutputStream:75 - [STDERR_REDIRECT] [Fatal Error] :1:1: Premature end of file.
2026-05-04 12:21:49,173 [ERROR] LogOutputStream:75 - [STDERR_REDIRECT] 
2026-05-04 12:21:50,157 [ERROR] LogOutputStream:75 - [STDERR_REDIRECT] [Fatal Error] :1:1: Premature end of file.
2026-05-04 12:21:50,157 [ERROR] LogOutputStream:75 - [STDERR_REDIRECT] 
2026-05-04 12:21:51,159 [ERROR] LogOutputStream:75 - [STDERR_REDIRECT] [Fatal Error] :1:1: Premature end of file.
2026-05-04 12:21:51,159 [ERROR] LogOutputStream:75 - [STDERR_REDIRECT] 
2026-05-04 12:21:52,154 [ERROR] LogOutputStream:75 - [STDERR_REDIRECT] [Fatal Error] :1:1: Premature end of file.
2026-05-04 12:21:52,154 [ERROR] LogOutputStream:75 - [STDERR_REDIRECT] 
2026-05-04 12:21:53,157 [ERROR] LogOutputStream:75 - [STDERR_REDIRECT] [Fatal Error] :1:1: Premature end of file.
2026-05-04 12:21:53,157 [ERROR] LogOutputStream:75 - [STDERR_REDIRECT] 
2026-05-04 12:21:54,134 [ERROR] LogOutputStream:75 - [STDERR_REDIRECT] [Fatal Error] :1:1: Premature end of file.
2026-05-04 12:21:54,134 [ERROR] LogOutputStream:75 - [STDERR_REDIRECT] 
2026-05-04 12:21:55,158 [ERROR] LogOutputStream:75 - [STDERR_REDIRECT] [Fatal Error] :1:1: Premature end of file.
2026-05-04 12:21:55,158 [ERROR] LogOutputStream:75 - [STDERR_REDIRECT] 
2026-05-04 12:21:56,162 [ERROR] LogOutputStream:75 - [STDERR_REDIRECT] [Fatal Error] :1:1: Premature end of file.
2026-05-04 12:21:56,162 [ERROR] LogOutputStream:75 - [STDERR_REDIRECT] 
2026-05-04 12:21:57,178 [ERROR] LogOutputStream:75 - [STDERR_REDIRECT] [Fatal Error] :1:1: Premature end of file.
2026-05-04 12:21:57,178 [ERROR] LogOutputStream:75 - [STDERR_REDIRECT] 
2026-05-04 12:21:58,191 [ERROR] LogOutputStream:75 - [STDERR_REDIRECT] [Fatal Error] :1:1: Premature end of file.
2026-05-04 12:21:58,191 [ERROR] LogOutputStream:75 - [STDERR_REDIRECT] 
2026-05-04 12:21:59,138 [ERROR] LogOutputStream:75 - [STDERR_REDIRECT] [Fatal Error] :1:1: Premature end of file.
2026-05-04 12:21:59,138 [ERROR] LogOutputStream:75 - [STDERR_REDIRECT] 
2026-05-04 12:22:00,175 [ERROR] LogOutputStream:75 - [STDERR_REDIRECT] [Fatal Error] :1:1: Premature end of file.
2026-05-04 12:22:00,175 [ERROR] LogOutputStream:75 - [STDERR_REDIRECT] 
2026-05-04 12:22:01,156 [ERROR] LogOutputStream:75 - [STDERR_REDIRECT] [Fatal Error] :1:1: Premature end of file.
2026-05-04 12:22:01,156 [ERROR] LogOutputStream:75 - [STDERR_REDIRECT] 
2026-05-04 12:22:02,159 [ERROR] LogOutputStream:75 - [STDERR_REDIRECT] [Fatal Error] :1:1: Premature end of file.
2026-05-04 12:22:02,159 [ERROR] LogOutputStream:75 - [STDERR_REDIRECT] 
2026-05-04 12:22:03,152 [ERROR] LogOutputStream:75 - [STDERR_REDIRECT] [Fatal Error] :1:1: Premature end of file.
2026-05-04 12:22:03,152 [ERROR] LogOutputStream:75 - [STDERR_REDIRECT] 
2026-05-04 12:22:04,168 [ERROR] LogOutputStream:75 - [STDERR_REDIRECT] [Fatal Error] :1:1: Premature end of file.
2026-05-04 12:22:04,168 [ERROR] LogOutputStream:75 - [STDERR_REDIRECT] 
2026-05-04 12:22:05,153 [ERROR] LogOutputStream:75 - [STDERR_REDIRECT] [Fatal Error] :1:1: Premature end of file.
2026-05-04 12:22:05,154 [ERROR] LogOutputStream:75 - [STDERR_REDIRECT] 
2026-05-04 12:22:06,142 [ERROR] LogOutputStream:75 - [STDERR_REDIRECT] [Fatal Error] :1:1: Premature end of file.
2026-05-04 12:22:06,142 [ERROR] LogOutputStream:75 - [STDERR_REDIRECT] 
2026-05-04 12:22:07,152 [ERROR] LogOutputStream:75 - [STDERR_REDIRECT] [Fatal Error] :1:1: Premature end of file.
2026-05-04 12:22:07,153 [ERROR] LogOutputStream:75 - [STDERR_REDIRECT] 
2026-05-04 12:22:08,162 [ERROR] LogOutputStream:75 - [STDERR_REDIRECT] [Fatal Error] :1:1: Premature end of file.
2026-05-04 12:22:08,162 [ERROR] LogOutputStream:75 - [STDERR_REDIRECT] 
2026-05-04 12:22:09,157 [ERROR] LogOutputStream:75 - [STDERR_REDIRECT] [Fatal Error] :1:1: Premature end of file.
2026-05-04 12:22:09,157 [ERROR] LogOutputStream:75 - [STDERR_REDIRECT] 
2026-05-04 12:22:10,162 [ERROR] LogOutputStream:75 - [STDERR_REDIRECT] [Fatal Error] :1:1: Premature end of file.
2026-05-04 12:22:10,162 [ERROR] LogOutputStream:75 - [STDERR_REDIRECT] 
2026-05-04 12:22:11,134 [ERROR] LogOutputStream:75 - [STDERR_REDIRECT] [Fatal Error] :1:1: Premature end of file.
2026-05-04 12:22:11,134 [ERROR] LogOutputStream:75 - [STDERR_REDIRECT] 
2026-05-04 12:22:12,156 [ERROR] LogOutputStream:75 - [STDERR_REDIRECT] [Fatal Error] :1:1: Premature end of file.
2026-05-04 12:22:12,156 [ERROR] LogOutputStream:75 - [STDERR_REDIRECT] 
2026-05-04 12:22:13,165 [ERROR] LogOutputStream:75 - [STDERR_REDIRECT] [Fatal Error] :1:1: Premature end of file.
2026-05-04 12:22:13,165 [ERROR] LogOutputStream:75 - [STDERR_REDIRECT] 
2026-05-04 12:22:14,164 [ERROR] LogOutputStream:75 - [STDERR_REDIRECT] [Fatal Error] :1:1: Premature end of file.
2026-05-04 12:22:14,164 [ERROR] LogOutputStream:75 - [STDERR_REDIRECT] 
2026-05-04 12:22:15,204 [ERROR] LogOutputStream:75 - [STDERR_REDIRECT] [Fatal Error] :1:1: Premature end of file.
2026-05-04 12:22:15,204 [ERROR] LogOutputStream:75 - [STDERR_REDIRECT] 
2026-05-04 12:22:16,161 [ERROR] LogOutputStream:75 - [STDERR_REDIRECT] [Fatal Error] :1:1: Premature end of file.
2026-05-04 12:22:16,161 [ERROR] LogOutputStream:75 - [STDERR_REDIRECT] 
2026-05-04 12:22:17,169 [ERROR] LogOutputStream:75 - [STDERR_REDIRECT] [Fatal Error] :1:1: Premature end of file.
2026-05-04 12:22:17,169 [ERROR] LogOutputStream:75 - [STDERR_REDIRECT] 
2026-05-04 12:22:18,162 [ERROR] LogOutputStream:75 - [STDERR_REDIRECT] [Fatal Error] :1:1: Premature end of file.
2026-05-04 12:22:18,163 [ERROR] LogOutputStream:75 - [STDERR_REDIRECT] 
2026-05-04 12:22:19,201 [ERROR] LogOutputStream:75 - [STDERR_REDIRECT] [Fatal Error] :1:1: Premature end of file.
2026-05-04 12:22:19,201 [ERROR] LogOutputStream:75 - [STDERR_REDIRECT] 
2026-05-04 12:22:20,154 [ERROR] LogOutputStream:75 - [STDERR_REDIRECT] [Fatal Error] :1:1: Premature end of file.
2026-05-04 12:22:20,154 [ERROR] LogOutputStream:75 - [STDERR_REDIRECT] 
2026-05-04 12:22:21,161 [ERROR] LogOutputStream:75 - [STDERR_REDIRECT] [Fatal Error] :1:1: Premature end of file.
2026-05-04 12:22:21,161 [ERROR] LogOutputStream:75 - [STDERR_REDIRECT] 
2026-05-04 12:22:22,161 [ERROR] LogOutputStream:75 - [STDERR_REDIRECT] [Fatal Error] :1:1: Premature end of file.
2026-05-04 12:22:22,161 [ERROR] LogOutputStream:75 - [STDERR_REDIRECT] 
2026-05-04 12:22:23,179 [ERROR] LogOutputStream:75 - [STDERR_REDIRECT] [Fatal Error] :1:1: Premature end of file.
2026-05-04 12:22:23,179 [ERROR] LogOutputStream:75 - [STDERR_REDIRECT] 
2026-05-04 12:22:24,148 [ERROR] LogOutputStream:75 - [STDERR_REDIRECT] [Fatal Error] :1:1: Premature end of file.
2026-05-04 12:22:24,148 [ERROR] LogOutputStream:75 - [STDERR_REDIRECT] 
2026-05-04 12:22:25,153 [ERROR] LogOutputStream:75 - [STDERR_REDIRECT] [Fatal Error] :1:1: Premature end of file.
2026-05-04 12:22:25,153 [ERROR] LogOutputStream:75 - [STDERR_REDIRECT] 
2026-05-04 12:22:26,160 [ERROR] LogOutputStream:75 - [STDERR_REDIRECT] [Fatal Error] :1:1: Premature end of file.
2026-05-04 12:22:26,160 [ERROR] LogOutputStream:75 - [STDERR_REDIRECT] 
2026-05-04 12:22:27,157 [ERROR] LogOutputStream:75 - [STDERR_REDIRECT] [Fatal Error] :1:1: Premature end of file.
2026-05-04 12:22:27,157 [ERROR] LogOutputStream:75 - [STDERR_REDIRECT] 
2026-05-04 12:22:28,174 [ERROR] LogOutputStream:75 - [STDERR_REDIRECT] [Fatal Error] :1:1: Premature end of file.
2026-05-04 12:22:28,175 [ERROR] LogOutputStream:75 - [STDERR_REDIRECT] 
2026-05-04 12:22:29,149 [ERROR] LogOutputStream:75 - [STDERR_REDIRECT] [Fatal Error] :1:1: Premature end of file.
2026-05-04 12:22:29,150 [ERROR] LogOutputStream:75 - [STDERR_REDIRECT] 
2026-05-04 12:22:30,164 [ERROR] LogOutputStream:75 - [STDERR_REDIRECT] [Fatal Error] :1:1: Premature end of file.
2026-05-04 12:22:30,165 [ERROR] LogOutputStream:75 - [STDERR_REDIRECT] 
2026-05-04 12:22:31,160 [ERROR] LogOutputStream:75 - [STDERR_REDIRECT] [Fatal Error] :1:1: Premature end of file.
2026-05-04 12:22:31,160 [ERROR] LogOutputStream:75 - [STDERR_REDIRECT] 
2026-05-04 12:22:32,154 [ERROR] LogOutputStream:75 - [STDERR_REDIRECT] [Fatal Error] :1:1: Premature end of file.
2026-05-04 12:22:32,154 [ERROR] LogOutputStream:75 - [STDERR_REDIRECT] 
2026-05-04 12:22:33,149 [ERROR] LogOutputStream:75 - [STDERR_REDIRECT] [Fatal Error] :1:1: Premature end of file.
2026-05-04 12:22:33,150 [ERROR] LogOutputStream:75 - [STDERR_REDIRECT] 
2026-05-04 12:22:34,151 [ERROR] LogOutputStream:75 - [STDERR_REDIRECT] [Fatal Error] :1:1: Premature end of file.
2026-05-04 12:22:34,151 [ERROR] LogOutputStream:75 - [STDERR_REDIRECT] 
2026-05-04 12:22:35,175 [ERROR] LogOutputStream:75 - [STDERR_REDIRECT] [Fatal Error] :1:1: Premature end of file.
2026-05-04 12:22:35,175 [ERROR] LogOutputStream:75 - [STDERR_REDIRECT] 
2026-05-04 12:22:36,171 [ERROR] LogOutputStream:75 - [STDERR_REDIRECT] [Fatal Error] :1:1: Premature end of file.
2026-05-04 12:22:36,172 [ERROR] LogOutputStream:75 - [STDERR_REDIRECT] 
2026-05-04 12:22:37,156 [ERROR] LogOutputStream:75 - [STDERR_REDIRECT] [Fatal Error] :1:1: Premature end of file.
2026-05-04 12:22:37,157 [ERROR] LogOutputStream:75 - [STDERR_REDIRECT] 
2026-05-04 12:22:38,151 [ERROR] LogOutputStream:75 - [STDERR_REDIRECT] [Fatal Error] :1:1: Premature end of file.
2026-05-04 12:22:38,151 [ERROR] LogOutputStream:75 - [STDERR_REDIRECT] 
2026-05-04 12:22:39,153 [ERROR] LogOutputStream:75 - [STDERR_REDIRECT] [Fatal Error] :1:1: Premature end of file.
2026-05-04 12:22:39,153 [ERROR] LogOutputStream:75 - [STDERR_REDIRECT] 
2026-05-04 12:22:40,137 [ERROR] LogOutputStream:75 - [STDERR_REDIRECT] [Fatal Error] :1:1: Premature end of file.
2026-05-04 12:22:40,137 [ERROR] LogOutputStream:75 - [STDERR_REDIRECT] 
2026-05-04 12:22:41,159 [ERROR] LogOutputStream:75 - [STDERR_REDIRECT] [Fatal Error] :1:1: Premature end of file.
2026-05-04 12:22:41,159 [ERROR] LogOutputStream:75 - [STDERR_REDIRECT] 
2026-05-04 12:22:42,158 [ERROR] LogOutputStream:75 - [STDERR_REDIRECT] [Fatal Error] :1:1: Premature end of file.
2026-05-04 12:22:42,158 [ERROR] LogOutputStream:75 - [STDERR_REDIRECT] 
2026-05-04 12:22:43,153 [ERROR] LogOutputStream:75 - [STDERR_REDIRECT] [Fatal Error] :1:1: Premature end of file.
2026-05-04 12:22:43,153 [ERROR] LogOutputStream:75 - [STDERR_REDIRECT] 
2026-05-04 12:22:44,178 [ERROR] LogOutputStream:75 - [STDERR_REDIRECT] [Fatal Error] :1:1: Premature end of file.
2026-05-04 12:22:44,179 [ERROR] LogOutputStream:75 - [STDERR_REDIRECT] 
2026-05-04 12:22:45,149 [ERROR] LogOutputStream:75 - [STDERR_REDIRECT] [Fatal Error] :1:1: Premature end of file.
2026-05-04 12:22:45,149 [ERROR] LogOutputStream:75 - [STDERR_REDIRECT] 
2026-05-04 12:22:46,147 [ERROR] LogOutputStream:75 - [STDERR_REDIRECT] [Fatal Error] :1:1: Premature end of file.
2026-05-04 12:22:46,147 [ERROR] LogOutputStream:75 - [STDERR_REDIRECT] 
2026-05-04 12:22:47,164 [ERROR] LogOutputStream:75 - [STDERR_REDIRECT] [Fatal Error] :1:1: Premature end of file.
2026-05-04 12:22:47,164 [ERROR] LogOutputStream:75 - [STDERR_REDIRECT] 
2026-05-04 12:22:48,156 [ERROR] LogOutputStream:75 - [STDERR_REDIRECT] [Fatal Error] :1:1: Premature end of file.
2026-05-04 12:22:48,156 [ERROR] LogOutputStream:75 - [STDERR_REDIRECT] 
2026-05-04 12:22:49,173 [ERROR] LogOutputStream:75 - [STDERR_REDIRECT] [Fatal Error] :1:1: Premature end of file.
2026-05-04 12:22:49,174 [ERROR] LogOutputStream:75 - [STDERR_REDIRECT] 
2026-05-04 12:22:50,180 [ERROR] LogOutputStream:75 - [STDERR_REDIRECT] [Fatal Error] :1:1: Premature end of file.
2026-05-04 12:22:50,180 [ERROR] LogOutputStream:75 - [STDERR_REDIRECT] 
2026-05-04 12:22:51,142 [ERROR] LogOutputStream:75 - [STDERR_REDIRECT] [Fatal Error] :1:1: Premature end of file.
2026-05-04 12:22:51,142 [ERROR] LogOutputStream:75 - [STDERR_REDIRECT] 
2026-05-04 12:22:52,159 [ERROR] LogOutputStream:75 - [STDERR_REDIRECT] [Fatal Error] :1:1: Premature end of file.
2026-05-04 12:22:52,160 [ERROR] LogOutputStream:75 - [STDERR_REDIRECT] 
2026-05-04 12:22:53,161 [ERROR] LogOutputStream:75 - [STDERR_REDIRECT] [Fatal Error] :1:1: Premature end of file.
2026-05-04 12:22:53,161 [ERROR] LogOutputStream:75 - [STDERR_REDIRECT] 
2026-05-04 12:22:54,163 [ERROR] LogOutputStream:75 - [STDERR_REDIRECT] [Fatal Error] :1:1: Premature end of file.
2026-05-04 12:22:54,163 [ERROR] LogOutputStream:75 - [STDERR_REDIRECT] 
2026-05-04 12:22:55,149 [ERROR] LogOutputStream:75 - [STDERR_REDIRECT] [Fatal Error] :1:1: Premature end of file.
2026-05-04 12:22:55,149 [ERROR] LogOutputStream:75 - [STDERR_REDIRECT] 
2026-05-04 12:22:56,157 [ERROR] LogOutputStream:75 - [STDERR_REDIRECT] [Fatal Error] :1:1: Premature end of file.
2026-05-04 12:22:56,158 [ERROR] LogOutputStream:75 - [STDERR_REDIRECT] 
2026-05-04 12:22:57,149 [ERROR] LogOutputStream:75 - [STDERR_REDIRECT] [Fatal Error] :1:1: Premature end of file.
2026-05-04 12:22:57,149 [ERROR] LogOutputStream:75 - [STDERR_REDIRECT] 
2026-05-04 12:22:58,162 [ERROR] LogOutputStream:75 - [STDERR_REDIRECT] [Fatal Error] :1:1: Premature end of file.
2026-05-04 12:22:58,162 [ERROR] LogOutputStream:75 - [STDERR_REDIRECT] 
2026-05-04 12:22:59,155 [ERROR] LogOutputStream:75 - [STDERR_REDIRECT] [Fatal Error] :1:1: Premature end of file.
2026-05-04 12:22:59,155 [ERROR] LogOutputStream:75 - [STDERR_REDIRECT] 
2026-05-04 12:23:00,155 [ERROR] LogOutputStream:75 - [STDERR_REDIRECT] [Fatal Error] :1:1: Premature end of file.
2026-05-04 12:23:00,155 [ERROR] LogOutputStream:75 - [STDERR_REDIRECT] 
2026-05-04 12:23:01,153 [ERROR] LogOutputStream:75 - [STDERR_REDIRECT] [Fatal Error] :1:1: Premature end of file.
2026-05-04 12:23:01,153 [ERROR] LogOutputStream:75 - [STDERR_REDIRECT] 
2026-05-04 12:23:02,170 [ERROR] LogOutputStream:75 - [STDERR_REDIRECT] [Fatal Error] :1:1: Premature end of file.
2026-05-04 12:23:02,170 [ERROR] LogOutputStream:75 - [STDERR_REDIRECT] 
2026-05-04 12:23:03,173 [ERROR] LogOutputStream:75 - [STDERR_REDIRECT] [Fatal Error] :1:1: Premature end of file.
2026-05-04 12:23:03,173 [ERROR] LogOutputStream:75 - [STDERR_REDIRECT] 
2026-05-04 12:23:04,174 [ERROR] LogOutputStream:75 - [STDERR_REDIRECT] [Fatal Error] :1:1: Premature end of file.
2026-05-04 12:23:04,174 [ERROR] LogOutputStream:75 - [STDERR_REDIRECT] 
2026-05-04 12:23:05,158 [ERROR] LogOutputStream:75 - [STDERR_REDIRECT] [Fatal Error] :1:1: Premature end of file.
2026-05-04 12:23:05,158 [ERROR] LogOutputStream:75 - [STDERR_REDIRECT] 
2026-05-04 12:23:06,177 [ERROR] LogOutputStream:75 - [STDERR_REDIRECT] [Fatal Error] :1:1: Premature end of file.
2026-05-04 12:23:06,177 [ERROR] LogOutputStream:75 - [STDERR_REDIRECT] 
2026-05-04 12:23:07,143 [ERROR] LogOutputStream:75 - [STDERR_REDIRECT] [Fatal Error] :1:1: Premature end of file.
2026-05-04 12:23:07,144 [ERROR] LogOutputStream:75 - [STDERR_REDIRECT] 
2026-05-04 12:23:08,158 [ERROR] LogOutputStream:75 - [STDERR_REDIRECT] [Fatal Error] :1:1: Premature end of file.
2026-05-04 12:23:08,158 [ERROR] LogOutputStream:75 - [STDERR_REDIRECT] 
2026-05-04 12:23:09,125 [ERROR] LogOutputStream:75 - [STDERR_REDIRECT] [Fatal Error] :1:1: Premature end of file.
2026-05-04 12:23:09,125 [ERROR] LogOutputStream:75 - [STDERR_REDIRECT] 
2026-05-04 12:23:10,154 [ERROR] LogOutputStream:75 - [STDERR_REDIRECT] [Fatal Error] :1:1: Premature end of file.
2026-05-04 12:23:10,154 [ERROR] LogOutputStream:75 - [STDERR_REDIRECT] 
2026-05-04 12:23:11,155 [ERROR] LogOutputStream:75 - [STDERR_REDIRECT] [Fatal Error] :1:1: Premature end of file.
2026-05-04 12:23:11,155 [ERROR] LogOutputStream:75 - [STDERR_REDIRECT] 
2026-05-04 12:23:12,157 [ERROR] LogOutputStream:75 - [STDERR_REDIRECT] [Fatal Error] :1:1: Premature end of file.
2026-05-04 12:23:12,157 [ERROR] LogOutputStream:75 - [STDERR_REDIRECT] 
2026-05-04 12:23:13,162 [ERROR] LogOutputStream:75 - [STDERR_REDIRECT] [Fatal Error] :1:1: Premature end of file.
2026-05-04 12:23:13,163 [ERROR] LogOutputStream:75 - [STDERR_REDIRECT] 
2026-05-04 12:23:14,161 [ERROR] LogOutputStream:75 - [STDERR_REDIRECT] [Fatal Error] :1:1: Premature end of file.
2026-05-04 12:23:14,161 [ERROR] LogOutputStream:75 - [STDERR_REDIRECT] 
2026-05-04 12:23:15,157 [ERROR] LogOutputStream:75 - [STDERR_REDIRECT] [Fatal Error] :1:1: Premature end of file.
2026-05-04 12:23:15,157 [ERROR] LogOutputStream:75 - [STDERR_REDIRECT] 
2026-05-04 12:23:16,173 [ERROR] LogOutputStream:75 - [STDERR_REDIRECT] [Fatal Error] :1:1: Premature end of file.
2026-05-04 12:23:16,173 [ERROR] LogOutputStream:75 - [STDERR_REDIRECT] 
2026-05-04 12:23:17,174 [ERROR] LogOutputStream:75 - [STDERR_REDIRECT] [Fatal Error] :1:1: Premature end of file.
2026-05-04 12:23:17,174 [ERROR] LogOutputStream:75 - [STDERR_REDIRECT] 
2026-05-04 12:23:18,172 [ERROR] LogOutputStream:75 - [STDERR_REDIRECT] [Fatal Error] :1:1: Premature end of file.
2026-05-04 12:23:18,172 [ERROR] LogOutputStream:75 - [STDERR_REDIRECT] 
2026-05-04 12:23:19,156 [ERROR] LogOutputStream:75 - [STDERR_REDIRECT] [Fatal Error] :1:1: Premature end of file.
2026-05-04 12:23:19,156 [ERROR] LogOutputStream:75 - [STDERR_REDIRECT] 
2026-05-04 12:23:20,158 [ERROR] LogOutputStream:75 - [STDERR_REDIRECT] [Fatal Error] :1:1: Premature end of file.
2026-05-04 12:23:20,159 [ERROR] LogOutputStream:75 - [STDERR_REDIRECT] 
2026-05-04 12:23:21,159 [ERROR] LogOutputStream:75 - [STDERR_REDIRECT] [Fatal Error] :1:1: Premature end of file.
2026-05-04 12:23:21,160 [ERROR] LogOutputStream:75 - [STDERR_REDIRECT] 
2026-05-04 12:23:22,157 [ERROR] LogOutputStream:75 - [STDERR_REDIRECT] [Fatal Error] :1:1: Premature end of file.
2026-05-04 12:23:22,158 [ERROR] LogOutputStream:75 - [STDERR_REDIRECT] 
2026-05-04 12:23:23,158 [ERROR] LogOutputStream:75 - [STDERR_REDIRECT] [Fatal Error] :1:1: Premature end of file.
2026-05-04 12:23:23,158 [ERROR] LogOutputStream:75 - [STDERR_REDIRECT] 
2026-05-04 12:23:24,173 [ERROR] LogOutputStream:75 - [STDERR_REDIRECT] [Fatal Error] :1:1: Premature end of file.
2026-05-04 12:23:24,174 [ERROR] LogOutputStream:75 - [STDERR_REDIRECT] 
2026-05-04 12:23:25,155 [ERROR] LogOutputStream:75 - [STDERR_REDIRECT] [Fatal Error] :1:1: Premature end of file.
2026-05-04 12:23:25,155 [ERROR] LogOutputStream:75 - [STDERR_REDIRECT] 
2026-05-04 12:23:26,164 [ERROR] LogOutputStream:75 - [STDERR_REDIRECT] [Fatal Error] :1:1: Premature end of file.
2026-05-04 12:23:26,164 [ERROR] LogOutputStream:75 - [STDERR_REDIRECT] 
2026-05-04 12:23:27,171 [ERROR] LogOutputStream:75 - [STDERR_REDIRECT] [Fatal Error] :1:1: Premature end of file.
2026-05-04 12:23:27,172 [ERROR] LogOutputStream:75 - [STDERR_REDIRECT] 
2026-05-04 12:23:28,174 [ERROR] LogOutputStream:75 - [STDERR_REDIRECT] [Fatal Error] :1:1: Premature end of file.
2026-05-04 12:23:28,175 [ERROR] LogOutputStream:75 - [STDERR_REDIRECT] 
2026-05-04 12:23:29,172 [ERROR] LogOutputStream:75 - [STDERR_REDIRECT] [Fatal Error] :1:1: Premature end of file.
2026-05-04 12:23:29,173 [ERROR] LogOutputStream:75 - [STDERR_REDIRECT] 
2026-05-04 12:23:30,181 [ERROR] LogOutputStream:75 - [STDERR_REDIRECT] [Fatal Error] :1:1: Premature end of file.
2026-05-04 12:23:30,181 [ERROR] LogOutputStream:75 - [STDERR_REDIRECT] 
2026-05-04 12:23:31,154 [ERROR] LogOutputStream:75 - [STDERR_REDIRECT] [Fatal Error] :1:1: Premature end of file.
2026-05-04 12:23:31,154 [ERROR] LogOutputStream:75 - [STDERR_REDIRECT] 
2026-05-04 12:23:32,165 [ERROR] LogOutputStream:75 - [STDERR_REDIRECT] [Fatal Error] :1:1: Premature end of file.
2026-05-04 12:23:32,165 [ERROR] LogOutputStream:75 - [STDERR_REDIRECT] 
2026-05-04 12:23:33,169 [ERROR] LogOutputStream:75 - [STDERR_REDIRECT] [Fatal Error] :1:1: Premature end of file.
2026-05-04 12:23:33,170 [ERROR] LogOutputStream:75 - [STDERR_REDIRECT] 
2026-05-04 12:23:34,157 [ERROR] LogOutputStream:75 - [STDERR_REDIRECT] [Fatal Error] :1:1: Premature end of file.
2026-05-04 12:23:34,157 [ERROR] LogOutputStream:75 - [STDERR_REDIRECT] 
2026-05-04 12:23:35,172 [ERROR] LogOutputStream:75 - [STDERR_REDIRECT] [Fatal Error] :1:1: Premature end of file.
2026-05-04 12:23:35,173 [ERROR] LogOutputStream:75 - [STDERR_REDIRECT] 
2026-05-04 12:23:36,188 [ERROR] LogOutputStream:75 - [STDERR_REDIRECT] [Fatal Error] :1:1: Premature end of file.
2026-05-04 12:23:36,188 [ERROR] LogOutputStream:75 - [STDERR_REDIRECT] 
2026-05-04 12:23:37,152 [ERROR] LogOutputStream:75 - [STDERR_REDIRECT] [Fatal Error] :1:1: Premature end of file.
2026-05-04 12:23:37,152 [ERROR] LogOutputStream:75 - [STDERR_REDIRECT] 
2026-05-04 12:23:38,150 [ERROR] LogOutputStream:75 - [STDERR_REDIRECT] [Fatal Error] :1:1: Premature end of file.
2026-05-04 12:23:38,150 [ERROR] LogOutputStream:75 - [STDERR_REDIRECT] 
2026-05-04 12:23:39,151 [ERROR] LogOutputStream:75 - [STDERR_REDIRECT] [Fatal Error] :1:1: Premature end of file.
2026-05-04 12:23:39,151 [ERROR] LogOutputStream:75 - [STDERR_REDIRECT] 
2026-05-04 12:23:40,156 [ERROR] LogOutputStream:75 - [STDERR_REDIRECT] [Fatal Error] :1:1: Premature end of file.
2026-05-04 12:23:40,156 [ERROR] LogOutputStream:75 - [STDERR_REDIRECT] 
2026-05-04 12:23:41,151 [ERROR] LogOutputStream:75 - [STDERR_REDIRECT] [Fatal Error] :1:1: Premature end of file.
2026-05-04 12:23:41,152 [ERROR] LogOutputStream:75 - [STDERR_REDIRECT] 
2026-05-04 12:23:42,166 [ERROR] LogOutputStream:75 - [STDERR_REDIRECT] [Fatal Error] :1:1: Premature end of file.
2026-05-04 12:23:42,166 [ERROR] LogOutputStream:75 - [STDERR_REDIRECT] 
2026-05-04 12:23:43,163 [ERROR] LogOutputStream:75 - [STDERR_REDIRECT] [Fatal Error] :1:1: Premature end of file.
2026-05-04 12:23:43,163 [ERROR] LogOutputStream:75 - [STDERR_REDIRECT] 
2026-05-04 12:23:44,170 [ERROR] LogOutputStream:75 - [STDERR_REDIRECT] [Fatal Error] :1:1: Premature end of file.
2026-05-04 12:23:44,170 [ERROR] LogOutputStream:75 - [STDERR_REDIRECT] 
2026-05-04 12:23:45,158 [ERROR] LogOutputStream:75 - [STDERR_REDIRECT] [Fatal Error] :1:1: Premature end of file.
2026-05-04 12:23:45,159 [ERROR] LogOutputStream:75 - [STDERR_REDIRECT] 
2026-05-04 12:23:46,153 [ERROR] LogOutputStream:75 - [STDERR_REDIRECT] [Fatal Error] :1:1: Premature end of file.
2026-05-04 12:23:46,154 [ERROR] LogOutputStream:75 - [STDERR_REDIRECT] 
2026-05-04 12:23:47,148 [ERROR] LogOutputStream:75 - [STDERR_REDIRECT] [Fatal Error] :1:1: Premature end of file.
2026-05-04 12:23:47,148 [ERROR] LogOutputStream:75 - [STDERR_REDIRECT] 
2026-05-04 12:23:48,152 [ERROR] LogOutputStream:75 - [STDERR_REDIRECT] [Fatal Error] :1:1: Premature end of file.
2026-05-04 12:23:48,152 [ERROR] LogOutputStream:75 - [STDERR_REDIRECT] 
2026-05-04 12:23:49,167 [ERROR] LogOutputStream:75 - [STDERR_REDIRECT] [Fatal Error] :1:1: Premature end of file.
2026-05-04 12:23:49,167 [ERROR] LogOutputStream:75 - [STDERR_REDIRECT] 
2026-05-04 12:23:50,167 [ERROR] LogOutputStream:75 - [STDERR_REDIRECT] [Fatal Error] :1:1: Premature end of file.
2026-05-04 12:23:50,168 [ERROR] LogOutputStream:75 - [STDERR_REDIRECT] 
2026-05-04 12:23:51,169 [ERROR] LogOutputStream:75 - [STDERR_REDIRECT] [Fatal Error] :1:1: Premature end of file.
2026-05-04 12:23:51,169 [ERROR] LogOutputStream:75 - [STDERR_REDIRECT] 
2026-05-04 12:23:52,177 [ERROR] LogOutputStream:75 - [STDERR_REDIRECT] [Fatal Error] :1:1: Premature end of file.
2026-05-04 12:23:52,178 [ERROR] LogOutputStream:75 - [STDERR_REDIRECT] 
2026-05-04 12:23:53,175 [ERROR] LogOutputStream:75 - [STDERR_REDIRECT] [Fatal Error] :1:1: Premature end of file.
2026-05-04 12:23:53,175 [ERROR] LogOutputStream:75 - [STDERR_REDIRECT] 
2026-05-04 12:23:54,154 [ERROR] LogOutputStream:75 - [STDERR_REDIRECT] [Fatal Error] :1:1: Premature end of file.
2026-05-04 12:23:54,154 [ERROR] LogOutputStream:75 - [STDERR_REDIRECT] 
2026-05-04 12:23:55,195 [ERROR] LogOutputStream:75 - [STDERR_REDIRECT] [Fatal Error] :1:1: Premature end of file.
2026-05-04 12:23:55,195 [ERROR] LogOutputStream:75 - [STDERR_REDIRECT] 
2026-05-04 12:23:56,148 [ERROR] LogOutputStream:75 - [STDERR_REDIRECT] [Fatal Error] :1:1: Premature end of file.
2026-05-04 12:23:56,148 [ERROR] LogOutputStream:75 - [STDERR_REDIRECT] 
2026-05-04 12:23:57,162 [ERROR] LogOutputStream:75 - [STDERR_REDIRECT] [Fatal Error] :1:1: Premature end of file.
2026-05-04 12:23:57,162 [ERROR] LogOutputStream:75 - [STDERR_REDIRECT] 
2026-05-04 12:23:58,162 [ERROR] LogOutputStream:75 - [STDERR_REDIRECT] [Fatal Error] :1:1: Premature end of file.
2026-05-04 12:23:58,163 [ERROR] LogOutputStream:75 - [STDERR_REDIRECT] 
2026-05-04 12:23:59,152 [ERROR] LogOutputStream:75 - [STDERR_REDIRECT] [Fatal Error] :1:1: Premature end of file.
2026-05-04 12:23:59,152 [ERROR] LogOutputStream:75 - [STDERR_REDIRECT] 
2026-05-04 12:24:00,171 [ERROR] LogOutputStream:75 - [STDERR_REDIRECT] [Fatal Error] :1:1: Premature end of file.
2026-05-04 12:24:00,171 [ERROR] LogOutputStream:75 - [STDERR_REDIRECT] 
2026-05-04 12:24:01,156 [ERROR] LogOutputStream:75 - [STDERR_REDIRECT] [Fatal Error] :1:1: Premature end of file.
2026-05-04 12:24:01,157 [ERROR] LogOutputStream:75 - [STDERR_REDIRECT] 
2026-05-04 12:24:02,154 [ERROR] LogOutputStream:75 - [STDERR_REDIRECT] [Fatal Error] :1:1: Premature end of file.
2026-05-04 12:24:02,155 [ERROR] LogOutputStream:75 - [STDERR_REDIRECT] 
2026-05-04 12:24:03,162 [ERROR] LogOutputStream:75 - [STDERR_REDIRECT] [Fatal Error] :1:1: Premature end of file.
2026-05-04 12:24:03,162 [ERROR] LogOutputStream:75 - [STDERR_REDIRECT] 
2026-05-04 12:24:04,196 [ERROR] LogOutputStream:75 - [STDERR_REDIRECT] [Fatal Error] :1:1: Premature end of file.
2026-05-04 12:24:04,197 [ERROR] LogOutputStream:75 - [STDERR_REDIRECT] 
2026-05-04 12:24:05,171 [ERROR] LogOutputStream:75 - [STDERR_REDIRECT] [Fatal Error] :1:1: Premature end of file.
2026-05-04 12:24:05,171 [ERROR] LogOutputStream:75 - [STDERR_REDIRECT] 
2026-05-04 12:24:06,165 [ERROR] LogOutputStream:75 - [STDERR_REDIRECT] [Fatal Error] :1:1: Premature end of file.
2026-05-04 12:24:06,165 [ERROR] LogOutputStream:75 - [STDERR_REDIRECT] 
2026-05-04 12:24:07,181 [ERROR] LogOutputStream:75 - [STDERR_REDIRECT] [Fatal Error] :1:1: Premature end of file.
2026-05-04 12:24:07,181 [ERROR] LogOutputStream:75 - [STDERR_REDIRECT] 
2026-05-04 12:24:08,159 [ERROR] LogOutputStream:75 - [STDERR_REDIRECT] [Fatal Error] :1:1: Premature end of file.
2026-05-04 12:24:08,159 [ERROR] LogOutputStream:75 - [STDERR_REDIRECT] 
2026-05-04 12:24:09,159 [ERROR] LogOutputStream:75 - [STDERR_REDIRECT] [Fatal Error] :1:1: Premature end of file.
2026-05-04 12:24:09,159 [ERROR] LogOutputStream:75 - [STDERR_REDIRECT] 
2026-05-04 12:24:10,159 [ERROR] LogOutputStream:75 - [STDERR_REDIRECT] [Fatal Error] :1:1: Premature end of file.
2026-05-04 12:24:10,159 [ERROR] LogOutputStream:75 - [STDERR_REDIRECT] 
2026-05-04 12:24:11,160 [ERROR] LogOutputStream:75 - [STDERR_REDIRECT] [Fatal Error] :1:1: Premature end of file.
2026-05-04 12:24:11,160 [ERROR] LogOutputStream:75 - [STDERR_REDIRECT] 
2026-05-04 12:24:12,164 [ERROR] LogOutputStream:75 - [STDERR_REDIRECT] [Fatal Error] :1:1: Premature end of file.
2026-05-04 12:24:12,164 [ERROR] LogOutputStream:75 - [STDERR_REDIRECT] 
2026-05-04 12:24:13,152 [ERROR] LogOutputStream:75 - [STDERR_REDIRECT] [Fatal Error] :1:1: Premature end of file.
2026-05-04 12:24:13,152 [ERROR] LogOutputStream:75 - [STDERR_REDIRECT] 
2026-05-04 12:24:14,161 [ERROR] LogOutputStream:75 - [STDERR_REDIRECT] [Fatal Error] :1:1: Premature end of file.
2026-05-04 12:24:14,162 [ERROR] LogOutputStream:75 - [STDERR_REDIRECT] 
2026-05-04 12:24:15,160 [ERROR] LogOutputStream:75 - [STDERR_REDIRECT] [Fatal Error] :1:1: Premature end of file.
2026-05-04 12:24:15,161 [ERROR] LogOutputStream:75 - [STDERR_REDIRECT] 
2026-05-04 12:24:16,155 [ERROR] LogOutputStream:75 - [STDERR_REDIRECT] [Fatal Error] :1:1: Premature end of file.
2026-05-04 12:24:16,155 [ERROR] LogOutputStream:75 - [STDERR_REDIRECT] 
2026-05-04 12:24:17,161 [ERROR] LogOutputStream:75 - [STDERR_REDIRECT] [Fatal Error] :1:1: Premature end of file.
2026-05-04 12:24:17,161 [ERROR] LogOutputStream:75 - [STDERR_REDIRECT] 
2026-05-04 12:24:18,180 [ERROR] LogOutputStream:75 - [STDERR_REDIRECT] [Fatal Error] :1:1: Premature end of file.
2026-05-04 12:24:18,180 [ERROR] LogOutputStream:75 - [STDERR_REDIRECT] 
2026-05-04 12:24:19,185 [ERROR] LogOutputStream:75 - [STDERR_REDIRECT] [Fatal Error] :1:1: Premature end of file.
2026-05-04 12:24:19,185 [ERROR] LogOutputStream:75 - [STDERR_REDIRECT] 
2026-05-04 12:24:20,153 [ERROR] LogOutputStream:75 - [STDERR_REDIRECT] [Fatal Error] :1:1: Premature end of file.
2026-05-04 12:24:20,153 [ERROR] LogOutputStream:75 - [STDERR_REDIRECT] 
2026-05-04 12:24:21,159 [ERROR] LogOutputStream:75 - [STDERR_REDIRECT] [Fatal Error] :1:1: Premature end of file.
2026-05-04 12:24:21,159 [ERROR] LogOutputStream:75 - [STDERR_REDIRECT] 
2026-05-04 12:24:22,177 [ERROR] LogOutputStream:75 - [STDERR_REDIRECT] [Fatal Error] :1:1: Premature end of file.
2026-05-04 12:24:22,177 [ERROR] LogOutputStream:75 - [STDERR_REDIRECT] 
2026-05-04 12:24:23,162 [ERROR] LogOutputStream:75 - [STDERR_REDIRECT] [Fatal Error] :1:1: Premature end of file.
2026-05-04 12:24:23,162 [ERROR] LogOutputStream:75 - [STDERR_REDIRECT] 
2026-05-04 12:24:24,152 [ERROR] LogOutputStream:75 - [STDERR_REDIRECT] [Fatal Error] :1:1: Premature end of file.
2026-05-04 12:24:24,152 [ERROR] LogOutputStream:75 - [STDERR_REDIRECT] 
2026-05-04 12:24:25,133 [ERROR] LogOutputStream:75 - [STDERR_REDIRECT] [Fatal Error] :1:1: Premature end of file.
2026-05-04 12:24:25,133 [ERROR] LogOutputStream:75 - [STDERR_REDIRECT] 
2026-05-04 12:24:26,158 [ERROR] LogOutputStream:75 - [STDERR_REDIRECT] [Fatal Error] :1:1: Premature end of file.
2026-05-04 12:24:26,159 [ERROR] LogOutputStream:75 - [STDERR_REDIRECT] 
2026-05-04 12:24:27,158 [ERROR] LogOutputStream:75 - [STDERR_REDIRECT] [Fatal Error] :1:1: Premature end of file.
2026-05-04 12:24:27,158 [ERROR] LogOutputStream:75 - [STDERR_REDIRECT] 
2026-05-04 12:24:28,157 [ERROR] LogOutputStream:75 - [STDERR_REDIRECT] [Fatal Error] :1:1: Premature end of file.
2026-05-04 12:24:28,157 [ERROR] LogOutputStream:75 - [STDERR_REDIRECT] 
2026-05-04 12:24:29,158 [ERROR] LogOutputStream:75 - [STDERR_REDIRECT] [Fatal Error] :1:1: Premature end of file.
2026-05-04 12:24:29,158 [ERROR] LogOutputStream:75 - [STDERR_REDIRECT] 
2026-05-04 12:24:30,168 [ERROR] LogOutputStream:75 - [STDERR_REDIRECT] [Fatal Error] :1:1: Premature end of file.
2026-05-04 12:24:30,168 [ERROR] LogOutputStream:75 - [STDERR_REDIRECT] 
2026-05-04 12:24:31,158 [ERROR] LogOutputStream:75 - [STDERR_REDIRECT] [Fatal Error] :1:1: Premature end of file.
2026-05-04 12:24:31,158 [ERROR] LogOutputStream:75 - [STDERR_REDIRECT] 
2026-05-04 12:24:32,177 [ERROR] LogOutputStream:75 - [STDERR_REDIRECT] [Fatal Error] :1:1: Premature end of file.
2026-05-04 12:24:32,177 [ERROR] LogOutputStream:75 - [STDERR_REDIRECT] 
2026-05-04 12:24:33,163 [ERROR] LogOutputStream:75 - [STDERR_REDIRECT] [Fatal Error] :1:1: Premature end of file.
2026-05-04 12:24:33,163 [ERROR] LogOutputStream:75 - [STDERR_REDIRECT] 
2026-05-04 12:24:34,156 [ERROR] LogOutputStream:75 - [STDERR_REDIRECT] [Fatal Error] :1:1: Premature end of file.
2026-05-04 12:24:34,156 [ERROR] LogOutputStream:75 - [STDERR_REDIRECT] 
2026-05-04 12:24:35,154 [ERROR] LogOutputStream:75 - [STDERR_REDIRECT] [Fatal Error] :1:1: Premature end of file.
2026-05-04 12:24:35,155 [ERROR] LogOutputStream:75 - [STDERR_REDIRECT] 
2026-05-04 12:24:36,156 [ERROR] LogOutputStream:75 - [STDERR_REDIRECT] [Fatal Error] :1:1: Premature end of file.
2026-05-04 12:24:36,156 [ERROR] LogOutputStream:75 - [STDERR_REDIRECT] 
2026-05-04 12:24:37,172 [ERROR] LogOutputStream:75 - [STDERR_REDIRECT] [Fatal Error] :1:1: Premature end of file.
2026-05-04 12:24:37,172 [ERROR] LogOutputStream:75 - [STDERR_REDIRECT] 
2026-05-04 12:24:38,149 [ERROR] LogOutputStream:75 - [STDERR_REDIRECT] [Fatal Error] :1:1: Premature end of file.
2026-05-04 12:24:38,149 [ERROR] LogOutputStream:75 - [STDERR_REDIRECT] 
2026-05-04 12:24:39,162 [ERROR] LogOutputStream:75 - [STDERR_REDIRECT] [Fatal Error] :1:1: Premature end of file.
2026-05-04 12:24:39,162 [ERROR] LogOutputStream:75 - [STDERR_REDIRECT] 
2026-05-04 12:24:40,168 [ERROR] LogOutputStream:75 - [STDERR_REDIRECT] [Fatal Error] :1:1: Premature end of file.
2026-05-04 12:24:40,168 [ERROR] LogOutputStream:75 - [STDERR_REDIRECT] 
2026-05-04 12:24:41,149 [ERROR] LogOutputStream:75 - [STDERR_REDIRECT] [Fatal Error] :1:1: Premature end of file.
2026-05-04 12:24:41,149 [ERROR] LogOutputStream:75 - [STDERR_REDIRECT] 
2026-05-04 12:24:42,157 [ERROR] LogOutputStream:75 - [STDERR_REDIRECT] [Fatal Error] :1:1: Premature end of file.
2026-05-04 12:24:42,158 [ERROR] LogOutputStream:75 - [STDERR_REDIRECT] 
2026-05-04 12:24:43,159 [ERROR] LogOutputStream:75 - [STDERR_REDIRECT] [Fatal Error] :1:1: Premature end of file.
2026-05-04 12:24:43,160 [ERROR] LogOutputStream:75 - [STDERR_REDIRECT] 
2026-05-04 12:24:44,154 [ERROR] LogOutputStream:75 - [STDERR_REDIRECT] [Fatal Error] :1:1: Premature end of file.
2026-05-04 12:24:44,154 [ERROR] LogOutputStream:75 - [STDERR_REDIRECT] 
2026-05-04 12:24:45,167 [ERROR] LogOutputStream:75 - [STDERR_REDIRECT] [Fatal Error] :1:1: Premature end of file.
2026-05-04 12:24:45,167 [ERROR] LogOutputStream:75 - [STDERR_REDIRECT] 
2026-05-04 12:24:46,178 [ERROR] LogOutputStream:75 - [STDERR_REDIRECT] [Fatal Error] :1:1: Premature end of file.
2026-05-04 12:24:46,178 [ERROR] LogOutputStream:75 - [STDERR_REDIRECT] 
2026-05-04 12:24:47,163 [ERROR] LogOutputStream:75 - [STDERR_REDIRECT] [Fatal Error] :1:1: Premature end of file.
2026-05-04 12:24:47,163 [ERROR] LogOutputStream:75 - [STDERR_REDIRECT] 
2026-05-04 12:24:48,147 [ERROR] LogOutputStream:75 - [STDERR_REDIRECT] [Fatal Error] :1:1: Premature end of file.
2026-05-04 12:24:48,147 [ERROR] LogOutputStream:75 - [STDERR_REDIRECT] 
2026-05-04 12:24:49,149 [ERROR] LogOutputStream:75 - [STDERR_REDIRECT] [Fatal Error] :1:1: Premature end of file.
2026-05-04 12:24:49,149 [ERROR] LogOutputStream:75 - [STDERR_REDIRECT] 
2026-05-04 12:24:50,143 [ERROR] LogOutputStream:75 - [STDERR_REDIRECT] [Fatal Error] :1:1: Premature end of file.
2026-05-04 12:24:50,143 [ERROR] LogOutputStream:75 - [STDERR_REDIRECT] 
2026-05-04 12:24:51,159 [ERROR] LogOutputStream:75 - [STDERR_REDIRECT] [Fatal Error] :1:1: Premature end of file.
2026-05-04 12:24:51,159 [ERROR] LogOutputStream:75 - [STDERR_REDIRECT] 
2026-05-04 12:24:52,169 [ERROR] LogOutputStream:75 - [STDERR_REDIRECT] [Fatal Error] :1:1: Premature end of file.
2026-05-04 12:24:52,170 [ERROR] LogOutputStream:75 - [STDERR_REDIRECT] 
2026-05-04 12:24:53,158 [ERROR] LogOutputStream:75 - [STDERR_REDIRECT] [Fatal Error] :1:1: Premature end of file.
2026-05-04 12:24:53,158 [ERROR] LogOutputStream:75 - [STDERR_REDIRECT] 
2026-05-04 12:24:54,163 [ERROR] LogOutputStream:75 - [STDERR_REDIRECT] [Fatal Error] :1:1: Premature end of file.
2026-05-04 12:24:54,164 [ERROR] LogOutputStream:75 - [STDERR_REDIRECT] 
2026-05-04 12:24:55,172 [ERROR] LogOutputStream:75 - [STDERR_REDIRECT] [Fatal Error] :1:1: Premature end of file.
2026-05-04 12:24:55,173 [ERROR] LogOutputStream:75 - [STDERR_REDIRECT] 
2026-05-04 12:24:56,174 [ERROR] LogOutputStream:75 - [STDERR_REDIRECT] [Fatal Error] :1:1: Premature end of file.
2026-05-04 12:24:56,175 [ERROR] LogOutputStream:75 - [STDERR_REDIRECT] 
2026-05-04 12:24:57,156 [ERROR] LogOutputStream:75 - [STDERR_REDIRECT] [Fatal Error] :1:1: Premature end of file.
2026-05-04 12:24:57,157 [ERROR] LogOutputStream:75 - [STDERR_REDIRECT] 
2026-05-04 12:24:58,157 [ERROR] LogOutputStream:75 - [STDERR_REDIRECT] [Fatal Error] :1:1: Premature end of file.
2026-05-04 12:24:58,157 [ERROR] LogOutputStream:75 - [STDERR_REDIRECT] 
2026-05-04 12:24:59,160 [ERROR] LogOutputStream:75 - [STDERR_REDIRECT] [Fatal Error] :1:1: Premature end of file.
2026-05-04 12:24:59,160 [ERROR] LogOutputStream:75 - [STDERR_REDIRECT] 
2026-05-04 12:25:00,153 [ERROR] LogOutputStream:75 - [STDERR_REDIRECT] [Fatal Error] :1:1: Premature end of file.
2026-05-04 12:25:00,153 [ERROR] LogOutputStream:75 - [STDERR_REDIRECT] 
2026-05-04 12:25:01,165 [ERROR] LogOutputStream:75 - [STDERR_REDIRECT] [Fatal Error] :1:1: Premature end of file.
2026-05-04 12:25:01,165 [ERROR] LogOutputStream:75 - [STDERR_REDIRECT] 
2026-05-04 12:25:02,159 [ERROR] LogOutputStream:75 - [STDERR_REDIRECT] [Fatal Error] :1:1: Premature end of file.
2026-05-04 12:25:02,159 [ERROR] LogOutputStream:75 - [STDERR_REDIRECT] 
2026-05-04 12:25:03,159 [ERROR] LogOutputStream:75 - [STDERR_REDIRECT] [Fatal Error] :1:1: Premature end of file.
2026-05-04 12:25:03,159 [ERROR] LogOutputStream:75 - [STDERR_REDIRECT] 
2026-05-04 12:25:04,160 [ERROR] LogOutputStream:75 - [STDERR_REDIRECT] [Fatal Error] :1:1: Premature end of file.
2026-05-04 12:25:04,161 [ERROR] LogOutputStream:75 - [STDERR_REDIRECT] 
2026-05-04 12:25:05,187 [ERROR] LogOutputStream:75 - [STDERR_REDIRECT] [Fatal Error] :1:1: Premature end of file.
2026-05-04 12:25:05,187 [ERROR] LogOutputStream:75 - [STDERR_REDIRECT] 
2026-05-04 12:25:06,164 [ERROR] LogOutputStream:75 - [STDERR_REDIRECT] [Fatal Error] :1:1: Premature end of file.
2026-05-04 12:25:06,164 [ERROR] LogOutputStream:75 - [STDERR_REDIRECT] 
2026-05-04 12:25:07,160 [ERROR] LogOutputStream:75 - [STDERR_REDIRECT] [Fatal Error] :1:1: Premature end of file.
2026-05-04 12:25:07,160 [ERROR] LogOutputStream:75 - [STDERR_REDIRECT] 
2026-05-04 12:25:08,167 [ERROR] LogOutputStream:75 - [STDERR_REDIRECT] [Fatal Error] :1:1: Premature end of file.
2026-05-04 12:25:08,167 [ERROR] LogOutputStream:75 - [STDERR_REDIRECT] 
2026-05-04 12:25:09,165 [ERROR] LogOutputStream:75 - [STDERR_REDIRECT] [Fatal Error] :1:1: Premature end of file.
2026-05-04 12:25:09,165 [ERROR] LogOutputStream:75 - [STDERR_REDIRECT] 
2026-05-04 12:25:10,163 [ERROR] LogOutputStream:75 - [STDERR_REDIRECT] [Fatal Error] :1:1: Premature end of file.
2026-05-04 12:25:10,163 [ERROR] LogOutputStream:75 - [STDERR_REDIRECT] 
2026-05-04 12:25:11,199 [ERROR] LogOutputStream:75 - [STDERR_REDIRECT] [Fatal Error] :1:1: Premature end of file.
2026-05-04 12:25:11,199 [ERROR] LogOutputStream:75 - [STDERR_REDIRECT] 
2026-05-04 12:25:12,159 [ERROR] LogOutputStream:75 - [STDERR_REDIRECT] [Fatal Error] :1:1: Premature end of file.
2026-05-04 12:25:12,159 [ERROR] LogOutputStream:75 - [STDERR_REDIRECT] 
2026-05-04 12:25:13,171 [ERROR] LogOutputStream:75 - [STDERR_REDIRECT] [Fatal Error] :1:1: Premature end of file.
2026-05-04 12:25:13,171 [ERROR] LogOutputStream:75 - [STDERR_REDIRECT] 
2026-05-04 12:25:14,169 [ERROR] LogOutputStream:75 - [STDERR_REDIRECT] [Fatal Error] :1:1: Premature end of file.
2026-05-04 12:25:14,169 [ERROR] LogOutputStream:75 - [STDERR_REDIRECT] 
2026-05-04 12:25:15,161 [ERROR] LogOutputStream:75 - [STDERR_REDIRECT] [Fatal Error] :1:1: Premature end of file.
2026-05-04 12:25:15,162 [ERROR] LogOutputStream:75 - [STDERR_REDIRECT] 
2026-05-04 12:25:16,169 [ERROR] LogOutputStream:75 - [STDERR_REDIRECT] [Fatal Error] :1:1: Premature end of file.
2026-05-04 12:25:16,169 [ERROR] LogOutputStream:75 - [STDERR_REDIRECT] 
2026-05-04 12:25:17,172 [ERROR] LogOutputStream:75 - [STDERR_REDIRECT] [Fatal Error] :1:1: Premature end of file.
2026-05-04 12:25:17,172 [ERROR] LogOutputStream:75 - [STDERR_REDIRECT] 
2026-05-04 12:25:18,169 [ERROR] LogOutputStream:75 - [STDERR_REDIRECT] [Fatal Error] :1:1: Premature end of file.
2026-05-04 12:25:18,169 [ERROR] LogOutputStream:75 - [STDERR_REDIRECT] 
2026-05-04 12:25:19,176 [ERROR] LogOutputStream:75 - [STDERR_REDIRECT] [Fatal Error] :1:1: Premature end of file.
2026-05-04 12:25:19,176 [ERROR] LogOutputStream:75 - [STDERR_REDIRECT] 
2026-05-04 12:25:20,156 [ERROR] LogOutputStream:75 - [STDERR_REDIRECT] [Fatal Error] :1:1: Premature end of file.
2026-05-04 12:25:20,156 [ERROR] LogOutputStream:75 - [STDERR_REDIRECT] 
2026-05-04 12:25:21,156 [ERROR] LogOutputStream:75 - [STDERR_REDIRECT] [Fatal Error] :1:1: Premature end of file.
2026-05-04 12:25:21,156 [ERROR] LogOutputStream:75 - [STDERR_REDIRECT] 
2026-05-04 12:25:22,153 [ERROR] LogOutputStream:75 - [STDERR_REDIRECT] [Fatal Error] :1:1: Premature end of file.
2026-05-04 12:25:22,154 [ERROR] LogOutputStream:75 - [STDERR_REDIRECT] 
2026-05-04 12:25:23,157 [ERROR] LogOutputStream:75 - [STDERR_REDIRECT] [Fatal Error] :1:1: Premature end of file.
2026-05-04 12:25:23,157 [ERROR] LogOutputStream:75 - [STDERR_REDIRECT] 
2026-05-04 12:25:24,164 [ERROR] LogOutputStream:75 - [STDERR_REDIRECT] [Fatal Error] :1:1: Premature end of file.
2026-05-04 12:25:24,164 [ERROR] LogOutputStream:75 - [STDERR_REDIRECT] 
2026-05-04 12:25:25,162 [ERROR] LogOutputStream:75 - [STDERR_REDIRECT] [Fatal Error] :1:1: Premature end of file.
2026-05-04 12:25:25,162 [ERROR] LogOutputStream:75 - [STDERR_REDIRECT] 
2026-05-04 12:25:26,162 [ERROR] LogOutputStream:75 - [STDERR_REDIRECT] [Fatal Error] :1:1: Premature end of file.
2026-05-04 12:25:26,162 [ERROR] LogOutputStream:75 - [STDERR_REDIRECT] 
2026-05-04 12:25:27,149 [ERROR] LogOutputStream:75 - [STDERR_REDIRECT] [Fatal Error] :1:1: Premature end of file.
2026-05-04 12:25:27,149 [ERROR] LogOutputStream:75 - [STDERR_REDIRECT] 
2026-05-04 12:25:28,161 [ERROR] LogOutputStream:75 - [STDERR_REDIRECT] [Fatal Error] :1:1: Premature end of file.
2026-05-04 12:25:28,161 [ERROR] LogOutputStream:75 - [STDERR_REDIRECT] 
2026-05-04 12:25:29,154 [ERROR] LogOutputStream:75 - [STDERR_REDIRECT] [Fatal Error] :1:1: Premature end of file.
2026-05-04 12:25:29,154 [ERROR] LogOutputStream:75 - [STDERR_REDIRECT] 
2026-05-04 12:25:30,158 [ERROR] LogOutputStream:75 - [STDERR_REDIRECT] [Fatal Error] :1:1: Premature end of file.
2026-05-04 12:25:30,158 [ERROR] LogOutputStream:75 - [STDERR_REDIRECT] 
2026-05-04 12:25:31,163 [ERROR] LogOutputStream:75 - [STDERR_REDIRECT] [Fatal Error] :1:1: Premature end of file.
2026-05-04 12:25:31,163 [ERROR] LogOutputStream:75 - [STDERR_REDIRECT] 
2026-05-04 12:25:32,170 [ERROR] LogOutputStream:75 - [STDERR_REDIRECT] [Fatal Error] :1:1: Premature end of file.
2026-05-04 12:25:32,170 [ERROR] LogOutputStream:75 - [STDERR_REDIRECT] 
2026-05-04 12:25:33,165 [ERROR] LogOutputStream:75 - [STDERR_REDIRECT] [Fatal Error] :1:1: Premature end of file.
2026-05-04 12:25:33,165 [ERROR] LogOutputStream:75 - [STDERR_REDIRECT] 
2026-05-04 12:25:34,164 [ERROR] LogOutputStream:75 - [STDERR_REDIRECT] [Fatal Error] :1:1: Premature end of file.
2026-05-04 12:25:34,165 [ERROR] LogOutputStream:75 - [STDERR_REDIRECT] 
2026-05-04 12:25:35,170 [ERROR] LogOutputStream:75 - [STDERR_REDIRECT] [Fatal Error] :1:1: Premature end of file.
2026-05-04 12:25:35,171 [ERROR] LogOutputStream:75 - [STDERR_REDIRECT] 
2026-05-04 12:25:36,153 [ERROR] LogOutputStream:75 - [STDERR_REDIRECT] [Fatal Error] :1:1: Premature end of file.
2026-05-04 12:25:36,154 [ERROR] LogOutputStream:75 - [STDERR_REDIRECT] 
2026-05-04 12:25:37,167 [ERROR] LogOutputStream:75 - [STDERR_REDIRECT] [Fatal Error] :1:1: Premature end of file.
2026-05-04 12:25:37,167 [ERROR] LogOutputStream:75 - [STDERR_REDIRECT] 
2026-05-04 12:25:38,164 [ERROR] LogOutputStream:75 - [STDERR_REDIRECT] [Fatal Error] :1:1: Premature end of file.
2026-05-04 12:25:38,165 [ERROR] LogOutputStream:75 - [STDERR_REDIRECT] 
2026-05-04 12:25:39,161 [ERROR] LogOutputStream:75 - [STDERR_REDIRECT] [Fatal Error] :1:1: Premature end of file.
2026-05-04 12:25:39,161 [ERROR] LogOutputStream:75 - [STDERR_REDIRECT] 
2026-05-04 12:25:40,157 [ERROR] LogOutputStream:75 - [STDERR_REDIRECT] [Fatal Error] :1:1: Premature end of file.
2026-05-04 12:25:40,157 [ERROR] LogOutputStream:75 - [STDERR_REDIRECT] 
2026-05-04 12:25:41,157 [ERROR] LogOutputStream:75 - [STDERR_REDIRECT] [Fatal Error] :1:1: Premature end of file.
2026-05-04 12:25:41,158 [ERROR] LogOutputStream:75 - [STDERR_REDIRECT] 
2026-05-04 12:25:42,169 [ERROR] LogOutputStream:75 - [STDERR_REDIRECT] [Fatal Error] :1:1: Premature end of file.
2026-05-04 12:25:42,169 [ERROR] LogOutputStream:75 - [STDERR_REDIRECT] 
2026-05-04 12:25:43,176 [ERROR] LogOutputStream:75 - [STDERR_REDIRECT] [Fatal Error] :1:1: Premature end of file.
2026-05-04 12:25:43,176 [ERROR] LogOutputStream:75 - [STDERR_REDIRECT] 
2026-05-04 12:25:44,175 [ERROR] LogOutputStream:75 - [STDERR_REDIRECT] [Fatal Error] :1:1: Premature end of file.
2026-05-04 12:25:44,176 [ERROR] LogOutputStream:75 - [STDERR_REDIRECT] 
2026-05-04 12:25:45,159 [ERROR] LogOutputStream:75 - [STDERR_REDIRECT] [Fatal Error] :1:1: Premature end of file.
2026-05-04 12:25:45,159 [ERROR] LogOutputStream:75 - [STDERR_REDIRECT] 
2026-05-04 12:25:46,162 [ERROR] LogOutputStream:75 - [STDERR_REDIRECT] [Fatal Error] :1:1: Premature end of file.
2026-05-04 12:25:46,163 [ERROR] LogOutputStream:75 - [STDERR_REDIRECT] 
2026-05-04 12:25:47,167 [ERROR] LogOutputStream:75 - [STDERR_REDIRECT] [Fatal Error] :1:1: Premature end of file.
2026-05-04 12:25:47,167 [ERROR] LogOutputStream:75 - [STDERR_REDIRECT] 
2026-05-04 12:25:48,160 [ERROR] LogOutputStream:75 - [STDERR_REDIRECT] [Fatal Error] :1:1: Premature end of file.
2026-05-04 12:25:48,160 [ERROR] LogOutputStream:75 - [STDERR_REDIRECT] 
2026-05-04 12:25:49,170 [ERROR] LogOutputStream:75 - [STDERR_REDIRECT] [Fatal Error] :1:1: Premature end of file.
2026-05-04 12:25:49,171 [ERROR] LogOutputStream:75 - [STDERR_REDIRECT] 
2026-05-04 12:25:50,162 [ERROR] LogOutputStream:75 - [STDERR_REDIRECT] [Fatal Error] :1:1: Premature end of file.
2026-05-04 12:25:50,162 [ERROR] LogOutputStream:75 - [STDERR_REDIRECT] 
2026-05-04 12:25:51,165 [ERROR] LogOutputStream:75 - [STDERR_REDIRECT] [Fatal Error] :1:1: Premature end of file.
2026-05-04 12:25:51,165 [ERROR] LogOutputStream:75 - [STDERR_REDIRECT] 
2026-05-04 12:25:52,167 [ERROR] LogOutputStream:75 - [STDERR_REDIRECT] [Fatal Error] :1:1: Premature end of file.
2026-05-04 12:25:52,167 [ERROR] LogOutputStream:75 - [STDERR_REDIRECT] 
2026-05-04 12:25:53,169 [ERROR] LogOutputStream:75 - [STDERR_REDIRECT] [Fatal Error] :1:1: Premature end of file.
2026-05-04 12:25:53,170 [ERROR] LogOutputStream:75 - [STDERR_REDIRECT] 
2026-05-04 12:25:54,177 [ERROR] LogOutputStream:75 - [STDERR_REDIRECT] [Fatal Error] :1:1: Premature end of file.
2026-05-04 12:25:54,177 [ERROR] LogOutputStream:75 - [STDERR_REDIRECT] 
2026-05-04 12:25:55,162 [ERROR] LogOutputStream:75 - [STDERR_REDIRECT] [Fatal Error] :1:1: Premature end of file.
2026-05-04 12:25:55,162 [ERROR] LogOutputStream:75 - [STDERR_REDIRECT] 
2026-05-04 12:25:56,151 [ERROR] LogOutputStream:75 - [STDERR_REDIRECT] [Fatal Error] :1:1: Premature end of file.
2026-05-04 12:25:56,152 [ERROR] LogOutputStream:75 - [STDERR_REDIRECT] 
2026-05-04 12:25:57,155 [ERROR] LogOutputStream:75 - [STDERR_REDIRECT] [Fatal Error] :1:1: Premature end of file.
2026-05-04 12:25:57,156 [ERROR] LogOutputStream:75 - [STDERR_REDIRECT] 
2026-05-04 12:25:58,181 [ERROR] LogOutputStream:75 - [STDERR_REDIRECT] [Fatal Error] :1:1: Premature end of file.
2026-05-04 12:25:58,182 [ERROR] LogOutputStream:75 - [STDERR_REDIRECT] 
2026-05-04 12:25:59,152 [ERROR] LogOutputStream:75 - [STDERR_REDIRECT] [Fatal Error] :1:1: Premature end of file.
2026-05-04 12:25:59,152 [ERROR] LogOutputStream:75 - [STDERR_REDIRECT] 
2026-05-04 12:26:00,149 [ERROR] LogOutputStream:75 - [STDERR_REDIRECT] [Fatal Error] :1:1: Premature end of file.
2026-05-04 12:26:00,149 [ERROR] LogOutputStream:75 - [STDERR_REDIRECT] 
2026-05-04 12:26:01,179 [ERROR] LogOutputStream:75 - [STDERR_REDIRECT] [Fatal Error] :1:1: Premature end of file.
2026-05-04 12:26:01,179 [ERROR] LogOutputStream:75 - [STDERR_REDIRECT] 
2026-05-04 12:26:02,152 [ERROR] LogOutputStream:75 - [STDERR_REDIRECT] [Fatal Error] :1:1: Premature end of file.
2026-05-04 12:26:02,152 [ERROR] LogOutputStream:75 - [STDERR_REDIRECT] 
2026-05-04 12:26:03,156 [ERROR] LogOutputStream:75 - [STDERR_REDIRECT] [Fatal Error] :1:1: Premature end of file.
2026-05-04 12:26:03,156 [ERROR] LogOutputStream:75 - [STDERR_REDIRECT] 
2026-05-04 12:26:04,158 [ERROR] LogOutputStream:75 - [STDERR_REDIRECT] [Fatal Error] :1:1: Premature end of file.
2026-05-04 12:26:04,158 [ERROR] LogOutputStream:75 - [STDERR_REDIRECT] 
2026-05-04 12:26:05,169 [ERROR] LogOutputStream:75 - [STDERR_REDIRECT] [Fatal Error] :1:1: Premature end of file.
2026-05-04 12:26:05,169 [ERROR] LogOutputStream:75 - [STDERR_REDIRECT] 
2026-05-04 12:26:06,165 [ERROR] LogOutputStream:75 - [STDERR_REDIRECT] [Fatal Error] :1:1: Premature end of file.
2026-05-04 12:26:06,165 [ERROR] LogOutputStream:75 - [STDERR_REDIRECT] 
2026-05-04 12:26:07,151 [ERROR] LogOutputStream:75 - [STDERR_REDIRECT] [Fatal Error] :1:1: Premature end of file.
2026-05-04 12:26:07,151 [ERROR] LogOutputStream:75 - [STDERR_REDIRECT] 
2026-05-04 12:26:08,156 [ERROR] LogOutputStream:75 - [STDERR_REDIRECT] [Fatal Error] :1:1: Premature end of file.
2026-05-04 12:26:08,157 [ERROR] LogOutputStream:75 - [STDERR_REDIRECT] 
2026-05-04 12:26:09,160 [ERROR] LogOutputStream:75 - [STDERR_REDIRECT] [Fatal Error] :1:1: Premature end of file.
2026-05-04 12:26:09,160 [ERROR] LogOutputStream:75 - [STDERR_REDIRECT] 
2026-05-04 12:26:10,161 [ERROR] LogOutputStream:75 - [STDERR_REDIRECT] [Fatal Error] :1:1: Premature end of file.
2026-05-04 12:26:10,162 [ERROR] LogOutputStream:75 - [STDERR_REDIRECT] 
2026-05-04 12:26:11,171 [ERROR] LogOutputStream:75 - [STDERR_REDIRECT] [Fatal Error] :1:1: Premature end of file.
2026-05-04 12:26:11,171 [ERROR] LogOutputStream:75 - [STDERR_REDIRECT] 
2026-05-04 12:26:12,171 [ERROR] LogOutputStream:75 - [STDERR_REDIRECT] [Fatal Error] :1:1: Premature end of file.
2026-05-04 12:26:12,172 [ERROR] LogOutputStream:75 - [STDERR_REDIRECT] 
2026-05-04 12:26:13,166 [ERROR] LogOutputStream:75 - [STDERR_REDIRECT] [Fatal Error] :1:1: Premature end of file.
2026-05-04 12:26:13,166 [ERROR] LogOutputStream:75 - [STDERR_REDIRECT] 
2026-05-04 12:26:14,162 [ERROR] LogOutputStream:75 - [STDERR_REDIRECT] [Fatal Error] :1:1: Premature end of file.
2026-05-04 12:26:14,162 [ERROR] LogOutputStream:75 - [STDERR_REDIRECT] 
2026-05-04 12:26:15,176 [ERROR] LogOutputStream:75 - [STDERR_REDIRECT] [Fatal Error] :1:1: Premature end of file.
2026-05-04 12:26:15,176 [ERROR] LogOutputStream:75 - [STDERR_REDIRECT] 
2026-05-04 12:26:16,158 [ERROR] LogOutputStream:75 - [STDERR_REDIRECT] [Fatal Error] :1:1: Premature end of file.
2026-05-04 12:26:16,158 [ERROR] LogOutputStream:75 - [STDERR_REDIRECT] 
2026-05-04 12:26:17,156 [ERROR] LogOutputStream:75 - [STDERR_REDIRECT] [Fatal Error] :1:1: Premature end of file.
2026-05-04 12:26:17,156 [ERROR] LogOutputStream:75 - [STDERR_REDIRECT] 
2026-05-04 12:26:18,171 [ERROR] LogOutputStream:75 - [STDERR_REDIRECT] [Fatal Error] :1:1: Premature end of file.
2026-05-04 12:26:18,171 [ERROR] LogOutputStream:75 - [STDERR_REDIRECT] 
2026-05-04 12:26:19,178 [ERROR] LogOutputStream:75 - [STDERR_REDIRECT] [Fatal Error] :1:1: Premature end of file.
2026-05-04 12:26:19,178 [ERROR] LogOutputStream:75 - [STDERR_REDIRECT] 
2026-05-04 12:26:20,185 [ERROR] LogOutputStream:75 - [STDERR_REDIRECT] [Fatal Error] :1:1: Premature end of file.
2026-05-04 12:26:20,186 [ERROR] LogOutputStream:75 - [STDERR_REDIRECT] 
2026-05-04 12:26:21,153 [ERROR] LogOutputStream:75 - [STDERR_REDIRECT] [Fatal Error] :1:1: Premature end of file.
2026-05-04 12:26:21,154 [ERROR] LogOutputStream:75 - [STDERR_REDIRECT] 
2026-05-04 12:26:22,159 [ERROR] LogOutputStream:75 - [STDERR_REDIRECT] [Fatal Error] :1:1: Premature end of file.
2026-05-04 12:26:22,159 [ERROR] LogOutputStream:75 - [STDERR_REDIRECT] 
2026-05-04 12:26:23,154 [ERROR] LogOutputStream:75 - [STDERR_REDIRECT] [Fatal Error] :1:1: Premature end of file.
2026-05-04 12:26:23,154 [ERROR] LogOutputStream:75 - [STDERR_REDIRECT] 
2026-05-04 12:26:24,159 [ERROR] LogOutputStream:75 - [STDERR_REDIRECT] [Fatal Error] :1:1: Premature end of file.
2026-05-04 12:26:24,161 [ERROR] LogOutputStream:75 - [STDERR_REDIRECT] 
2026-05-04 12:26:25,160 [ERROR] LogOutputStream:75 - [STDERR_REDIRECT] [Fatal Error] :1:1: Premature end of file.
2026-05-04 12:26:25,160 [ERROR] LogOutputStream:75 - [STDERR_REDIRECT] 
2026-05-04 12:26:26,159 [ERROR] LogOutputStream:75 - [STDERR_REDIRECT] [Fatal Error] :1:1: Premature end of file.
2026-05-04 12:26:26,159 [ERROR] LogOutputStream:75 - [STDERR_REDIRECT] 
2026-05-04 12:26:27,158 [ERROR] LogOutputStream:75 - [STDERR_REDIRECT] [Fatal Error] :1:1: Premature end of file.
2026-05-04 12:26:27,159 [ERROR] LogOutputStream:75 - [STDERR_REDIRECT] 
2026-05-04 12:26:28,164 [ERROR] LogOutputStream:75 - [STDERR_REDIRECT] [Fatal Error] :1:1: Premature end of file.
2026-05-04 12:26:28,164 [ERROR] LogOutputStream:75 - [STDERR_REDIRECT] 
2026-05-04 12:26:29,153 [ERROR] LogOutputStream:75 - [STDERR_REDIRECT] [Fatal Error] :1:1: Premature end of file.
2026-05-04 12:26:29,153 [ERROR] LogOutputStream:75 - [STDERR_REDIRECT] 
2026-05-04 12:26:30,176 [ERROR] LogOutputStream:75 - [STDERR_REDIRECT] [Fatal Error] :1:1: Premature end of file.
2026-05-04 12:26:30,176 [ERROR] LogOutputStream:75 - [STDERR_REDIRECT] 
2026-05-04 12:26:31,175 [ERROR] LogOutputStream:75 - [STDERR_REDIRECT] [Fatal Error] :1:1: Premature end of file.
2026-05-04 12:26:31,175 [ERROR] LogOutputStream:75 - [STDERR_REDIRECT] 
2026-05-04 12:26:32,153 [ERROR] LogOutputStream:75 - [STDERR_REDIRECT] [Fatal Error] :1:1: Premature end of file.
2026-05-04 12:26:32,154 [ERROR] LogOutputStream:75 - [STDERR_REDIRECT] 
2026-05-04 12:26:33,151 [ERROR] LogOutputStream:75 - [STDERR_REDIRECT] [Fatal Error] :1:1: Premature end of file.
2026-05-04 12:26:33,152 [ERROR] LogOutputStream:75 - [STDERR_REDIRECT] 
2026-05-04 12:26:34,167 [ERROR] LogOutputStream:75 - [STDERR_REDIRECT] [Fatal Error] :1:1: Premature end of file.
2026-05-04 12:26:34,167 [ERROR] LogOutputStream:75 - [STDERR_REDIRECT] 
2026-05-04 12:26:35,157 [ERROR] LogOutputStream:75 - [STDERR_REDIRECT] [Fatal Error] :1:1: Premature end of file.
2026-05-04 12:26:35,157 [ERROR] LogOutputStream:75 - [STDERR_REDIRECT] 
2026-05-04 12:26:36,161 [ERROR] LogOutputStream:75 - [STDERR_REDIRECT] [Fatal Error] :1:1: Premature end of file.
2026-05-04 12:26:36,161 [ERROR] LogOutputStream:75 - [STDERR_REDIRECT] 
2026-05-04 12:26:37,163 [ERROR] LogOutputStream:75 - [STDERR_REDIRECT] [Fatal Error] :1:1: Premature end of file.
2026-05-04 12:26:37,163 [ERROR] LogOutputStream:75 - [STDERR_REDIRECT] 
2026-05-04 12:26:38,152 [ERROR] LogOutputStream:75 - [STDERR_REDIRECT] [Fatal Error] :1:1: Premature end of file.
2026-05-04 12:26:38,152 [ERROR] LogOutputStream:75 - [STDERR_REDIRECT] 
2026-05-04 12:26:39,160 [ERROR] LogOutputStream:75 - [STDERR_REDIRECT] [Fatal Error] :1:1: Premature end of file.
2026-05-04 12:26:39,160 [ERROR] LogOutputStream:75 - [STDERR_REDIRECT] 
2026-05-04 12:26:40,158 [ERROR] LogOutputStream:75 - [STDERR_REDIRECT] [Fatal Error] :1:1: Premature end of file.
2026-05-04 12:26:40,158 [ERROR] LogOutputStream:75 - [STDERR_REDIRECT] 
2026-05-04 12:26:41,153 [ERROR] LogOutputStream:75 - [STDERR_REDIRECT] [Fatal Error] :1:1: Premature end of file.
2026-05-04 12:26:41,154 [ERROR] LogOutputStream:75 - [STDERR_REDIRECT] 
2026-05-04 12:26:42,159 [ERROR] LogOutputStream:75 - [STDERR_REDIRECT] [Fatal Error] :1:1: Premature end of file.
2026-05-04 12:26:42,159 [ERROR] LogOutputStream:75 - [STDERR_REDIRECT] 
2026-05-04 12:26:43,164 [ERROR] LogOutputStream:75 - [STDERR_REDIRECT] [Fatal Error] :1:1: Premature end of file.
2026-05-04 12:26:43,164 [ERROR] LogOutputStream:75 - [STDERR_REDIRECT] 
2026-05-04 12:26:44,151 [ERROR] LogOutputStream:75 - [STDERR_REDIRECT] [Fatal Error] :1:1: Premature end of file.
2026-05-04 12:26:44,151 [ERROR] LogOutputStream:75 - [STDERR_REDIRECT] 
2026-05-04 12:26:45,167 [ERROR] LogOutputStream:75 - [STDERR_REDIRECT] [Fatal Error] :1:1: Premature end of file.
2026-05-04 12:26:45,168 [ERROR] LogOutputStream:75 - [STDERR_REDIRECT] 
2026-05-04 12:26:46,159 [ERROR] LogOutputStream:75 - [STDERR_REDIRECT] [Fatal Error] :1:1: Premature end of file.
2026-05-04 12:26:46,160 [ERROR] LogOutputStream:75 - [STDERR_REDIRECT] 
2026-05-04 12:26:47,151 [ERROR] LogOutputStream:75 - [STDERR_REDIRECT] [Fatal Error] :1:1: Premature end of file.
2026-05-04 12:26:47,151 [ERROR] LogOutputStream:75 - [STDERR_REDIRECT] 
2026-05-04 12:26:48,173 [ERROR] LogOutputStream:75 - [STDERR_REDIRECT] [Fatal Error] :1:1: Premature end of file.
2026-05-04 12:26:48,173 [ERROR] LogOutputStream:75 - [STDERR_REDIRECT] 
2026-05-04 12:26:49,157 [ERROR] LogOutputStream:75 - [STDERR_REDIRECT] [Fatal Error] :1:1: Premature end of file.
2026-05-04 12:26:49,157 [ERROR] LogOutputStream:75 - [STDERR_REDIRECT] 
2026-05-04 12:26:50,152 [ERROR] LogOutputStream:75 - [STDERR_REDIRECT] [Fatal Error] :1:1: Premature end of file.
2026-05-04 12:26:50,152 [ERROR] LogOutputStream:75 - [STDERR_REDIRECT] 
2026-05-04 12:26:51,156 [ERROR] LogOutputStream:75 - [STDERR_REDIRECT] [Fatal Error] :1:1: Premature end of file.
2026-05-04 12:26:51,156 [ERROR] LogOutputStream:75 - [STDERR_REDIRECT] 
2026-05-04 12:26:52,175 [ERROR] LogOutputStream:75 - [STDERR_REDIRECT] [Fatal Error] :1:1: Premature end of file.
2026-05-04 12:26:52,176 [ERROR] LogOutputStream:75 - [STDERR_REDIRECT] 
2026-05-04 12:26:53,165 [ERROR] LogOutputStream:75 - [STDERR_REDIRECT] [Fatal Error] :1:1: Premature end of file.
2026-05-04 12:26:53,165 [ERROR] LogOutputStream:75 - [STDERR_REDIRECT] 
2026-05-04 12:26:54,164 [ERROR] LogOutputStream:75 - [STDERR_REDIRECT] [Fatal Error] :1:1: Premature end of file.
2026-05-04 12:26:54,164 [ERROR] LogOutputStream:75 - [STDERR_REDIRECT] 
2026-05-04 12:26:55,144 [ERROR] LogOutputStream:75 - [STDERR_REDIRECT] [Fatal Error] :1:1: Premature end of file.
2026-05-04 12:26:55,150 [ERROR] LogOutputStream:75 - [STDERR_REDIRECT] 
2026-05-04 12:26:56,172 [ERROR] LogOutputStream:75 - [STDERR_REDIRECT] [Fatal Error] :1:1: Premature end of file.
2026-05-04 12:26:56,173 [ERROR] LogOutputStream:75 - [STDERR_REDIRECT] 
2026-05-04 12:26:57,155 [ERROR] LogOutputStream:75 - [STDERR_REDIRECT] [Fatal Error] :1:1: Premature end of file.
2026-05-04 12:26:57,156 [ERROR] LogOutputStream:75 - [STDERR_REDIRECT] 
2026-05-04 12:26:58,168 [ERROR] LogOutputStream:75 - [STDERR_REDIRECT] [Fatal Error] :1:1: Premature end of file.
2026-05-04 12:26:58,168 [ERROR] LogOutputStream:75 - [STDERR_REDIRECT] 
2026-05-04 12:26:59,175 [ERROR] LogOutputStream:75 - [STDERR_REDIRECT] [Fatal Error] :1:1: Premature end of file.
2026-05-04 12:26:59,175 [ERROR] LogOutputStream:75 - [STDERR_REDIRECT] 
2026-05-04 12:27:00,155 [ERROR] LogOutputStream:75 - [STDERR_REDIRECT] [Fatal Error] :1:1: Premature end of file.
2026-05-04 12:27:00,155 [ERROR] LogOutputStream:75 - [STDERR_REDIRECT] 
2026-05-04 12:27:01,213 [ERROR] LogOutputStream:75 - [STDERR_REDIRECT] [Fatal Error] :1:1: Premature end of file.
2026-05-04 12:27:01,214 [ERROR] LogOutputStream:75 - [STDERR_REDIRECT] 
2026-05-04 12:27:02,162 [ERROR] LogOutputStream:75 - [STDERR_REDIRECT] [Fatal Error] :1:1: Premature end of file.
2026-05-04 12:27:02,163 [ERROR] LogOutputStream:75 - [STDERR_REDIRECT] 
2026-05-04 12:27:02,193 [ERROR] LogOutputStream:75 - [STDERR_REDIRECT] Exception in thread "Serial Ports Filter" java.lang.NullPointerException: Cannot invoke "org.eclipse.core.resources.ResourcesPlugin.getLog()" because the return value of "org.eclipse.core.resources.ResourcesPlugin.getPlugin()" is null
2026-05-04 12:27:02,195 [ERROR] LogOutputStream:75 - [STDERR_REDIRECT] 	at com.st.stm32cube.common.logger.MCULoggerPlugin.log(MCULoggerPlugin.java:84)
2026-05-04 12:27:02,197 [ERROR] LogOutputStream:75 - [STDERR_REDIRECT] 	at com.st.stm32cube.common.logger.MCULoggerPlugin.logException(MCULoggerPlugin.java:116)
2026-05-04 12:27:02,198 [ERROR] LogOutputStream:75 - [STDERR_REDIRECT] 	at com.st.stm32cube.ide.mpu.remote.serial.internal.SerialPortProviderWindows.run(SerialPortProviderWindows.java:156)
2026-05-04 12:27:02,200 [ERROR] LogOutputStream:75 - [STDERR_REDIRECT] 	at java.base/java.util.TimerThread.mainLoop(Timer.java:566)
2026-05-04 12:27:02,201 [ERROR] LogOutputStream:75 - [STDERR_REDIRECT] 	at java.base/java.util.TimerThread.run(Timer.java:516)
2026-05-04 12:27:02,570 [ERROR] LogOutputStream:75 - [STDERR_REDIRECT] 
2026-05-04 12:27:02,579 [ERROR] LogOutputStream:75 - [STDERR_REDIRECT] 
