2026-05-19 00:42:56,433 [INFO] MainUpdater:2872 - connection check result : 10
2026-05-19 00:42:56,481 [INFO] McuFinderGlobals:76 - Set McuFinderConnectedMode to true
2026-05-19 00:42:56,758 [ERROR] LogOutputStream:75 - [STDERR_REDIRECT] [Fatal Error] :1:1: Premature end of file.
2026-05-19 00:42:56,758 [ERROR] LogOutputStream:75 - [STDERR_REDIRECT] 
2026-05-19 00:42:57,095 [INFO] ServerAccessManage:452 - Complete download http(s) 200
2026-05-19 00:42:57,099 [INFO] ServerAccessManage:509 - Download File mcusAds.json._tmp_
2026-05-19 00:42:57,245 [INFO] LoadUrlFilesThread:156 - End of LoadUrlFiles Thread
2026-05-19 00:42:57,471 [INFO] ServerAccessManage:452 - Partial download http(s) 206
2026-05-19 00:42:57,477 [INFO] ServerAccessManage:509 - Download File cube-finder-db.zip
2026-05-19 00:42:57,737 [ERROR] LogOutputStream:75 - [STDERR_REDIRECT] [Fatal Error] :1:1: Premature end of file.
2026-05-19 00:42:57,737 [ERROR] LogOutputStream:75 - [STDERR_REDIRECT] 
2026-05-19 00:42:58,731 [ERROR] LogOutputStream:75 - [STDERR_REDIRECT] [Fatal Error] :1:1: Premature end of file.
2026-05-19 00:42:58,731 [ERROR] LogOutputStream:75 - [STDERR_REDIRECT] 
2026-05-19 00:42:59,753 [ERROR] LogOutputStream:75 - [STDERR_REDIRECT] [Fatal Error] :1:1: Premature end of file.
2026-05-19 00:42:59,753 [ERROR] LogOutputStream:75 - [STDERR_REDIRECT] 
2026-05-19 00:43:00,754 [ERROR] LogOutputStream:75 - [STDERR_REDIRECT] [Fatal Error] :1:1: Premature end of file.
2026-05-19 00:43:00,754 [ERROR] LogOutputStream:75 - [STDERR_REDIRECT] 
2026-05-19 00:43:01,734 [ERROR] LogOutputStream:75 - [STDERR_REDIRECT] [Fatal Error] :1:1: Premature end of file.
2026-05-19 00:43:01,734 [ERROR] LogOutputStream:75 - [STDERR_REDIRECT] 
2026-05-19 00:43:02,753 [ERROR] LogOutputStream:75 - [STDERR_REDIRECT] [Fatal Error] :1:1: Premature end of file.
2026-05-19 00:43:02,753 [ERROR] LogOutputStream:75 - [STDERR_REDIRECT] 
2026-05-19 00:43:03,755 [ERROR] LogOutputStream:75 - [STDERR_REDIRECT] [Fatal Error] :1:1: Premature end of file.
2026-05-19 00:43:03,756 [ERROR] LogOutputStream:75 - [STDERR_REDIRECT] 
2026-05-19 00:43:04,745 [ERROR] LogOutputStream:75 - [STDERR_REDIRECT] [Fatal Error] :1:1: Premature end of file.
2026-05-19 00:43:04,745 [ERROR] LogOutputStream:75 - [STDERR_REDIRECT] 
2026-05-19 00:43:05,756 [ERROR] LogOutputStream:75 - [STDERR_REDIRECT] [Fatal Error] :1:1: Premature end of file.
2026-05-19 00:43:05,757 [ERROR] LogOutputStream:75 - [STDERR_REDIRECT] 
2026-05-19 00:43:06,757 [ERROR] LogOutputStream:75 - [STDERR_REDIRECT] [Fatal Error] :1:1: Premature end of file.
2026-05-19 00:43:06,757 [ERROR] LogOutputStream:75 - [STDERR_REDIRECT] 
2026-05-19 00:43:07,751 [ERROR] LogOutputStream:75 - [STDERR_REDIRECT] [Fatal Error] :1:1: Premature end of file.
2026-05-19 00:43:07,751 [ERROR] LogOutputStream:75 - [STDERR_REDIRECT] 
2026-05-19 00:43:08,749 [ERROR] LogOutputStream:75 - [STDERR_REDIRECT] [Fatal Error] :1:1: Premature end of file.
2026-05-19 00:43:08,750 [ERROR] LogOutputStream:75 - [STDERR_REDIRECT] 
2026-05-19 00:43:09,736 [ERROR] LogOutputStream:75 - [STDERR_REDIRECT] [Fatal Error] :1:1: Premature end of file.
2026-05-19 00:43:09,736 [ERROR] LogOutputStream:75 - [STDERR_REDIRECT] 
2026-05-19 00:43:10,767 [ERROR] LogOutputStream:75 - [STDERR_REDIRECT] [Fatal Error] :1:1: Premature end of file.
2026-05-19 00:43:10,767 [ERROR] LogOutputStream:75 - [STDERR_REDIRECT] 
2026-05-19 00:43:11,741 [ERROR] LogOutputStream:75 - [STDERR_REDIRECT] [Fatal Error] :1:1: Premature end of file.
2026-05-19 00:43:11,741 [ERROR] LogOutputStream:75 - [STDERR_REDIRECT] 
2026-05-19 00:43:12,757 [ERROR] LogOutputStream:75 - [STDERR_REDIRECT] [Fatal Error] :1:1: Premature end of file.
2026-05-19 00:43:12,757 [ERROR] LogOutputStream:75 - [STDERR_REDIRECT] 
2026-05-19 00:43:13,762 [ERROR] LogOutputStream:75 - [STDERR_REDIRECT] [Fatal Error] :1:1: Premature end of file.
2026-05-19 00:43:13,762 [ERROR] LogOutputStream:75 - [STDERR_REDIRECT] 
2026-05-19 00:43:14,276 [INFO] FileExtend:248 - Unzip File : cube-finder-db.zip
2026-05-19 00:43:14,277 [INFO] FileExtend:263 - Standard Zip Deflate
2026-05-19 00:43:14,760 [ERROR] LogOutputStream:75 - [STDERR_REDIRECT] [Fatal Error] :1:1: Premature end of file.
2026-05-19 00:43:14,760 [ERROR] LogOutputStream:75 - [STDERR_REDIRECT] 
2026-05-19 00:43:15,653 [INFO] LoadUrlFilesThread:156 - End of LoadUrlFiles Thread
2026-05-19 00:43:15,751 [ERROR] LogOutputStream:75 - [STDERR_REDIRECT] [Fatal Error] :1:1: Premature end of file.
2026-05-19 00:43:15,751 [ERROR] LogOutputStream:75 - [STDERR_REDIRECT] 
2026-05-19 00:43:16,633 [INFO] ServerAccessManage:452 - Complete download http(s) 200
2026-05-19 00:43:16,636 [INFO] ServerAccessManage:509 - Download File crdb.zip
2026-05-19 00:43:16,751 [ERROR] LogOutputStream:75 - [STDERR_REDIRECT] [Fatal Error] :1:1: Premature end of file.
2026-05-19 00:43:16,751 [ERROR] LogOutputStream:75 - [STDERR_REDIRECT] 
2026-05-19 00:43:17,742 [ERROR] LogOutputStream:75 - [STDERR_REDIRECT] [Fatal Error] :1:1: Premature end of file.
2026-05-19 00:43:17,742 [ERROR] LogOutputStream:75 - [STDERR_REDIRECT] 
2026-05-19 00:43:17,960 [INFO] FileExtend:248 - Unzip File : crdb.zip
2026-05-19 00:43:17,961 [INFO] FileExtend:263 - Standard Zip Deflate
2026-05-19 00:43:18,154 [INFO] LoadUrlFilesThread:156 - End of LoadUrlFiles Thread
2026-05-19 00:43:18,325 [INFO] ServerAccessManage:452 - Complete download http(s) 200
2026-05-19 00:43:18,326 [INFO] ServerAccessManage:509 - Download File tutoVideoDB.zip
2026-05-19 00:43:18,403 [INFO] FileExtend:248 - Unzip File : tutoVideoDB.zip
2026-05-19 00:43:18,403 [INFO] FileExtend:263 - Standard Zip Deflate
2026-05-19 00:43:18,607 [INFO] LoadUrlFilesThread:156 - End of LoadUrlFiles Thread
2026-05-19 00:43:18,618 [WARN] DbFile:41 - Overriding database path with different value: C:\Users\Mujaid\.stmcufinder\plugins\mcufinder/ => C:\Users\Mujaid\.stmcufinder\plugins\mcufinder
2026-05-19 00:43:18,751 [ERROR] LogOutputStream:75 - [STDERR_REDIRECT] [Fatal Error] :1:1: Premature end of file.
2026-05-19 00:43:18,751 [ERROR] LogOutputStream:75 - [STDERR_REDIRECT] 
2026-05-19 00:43:19,251 [ERROR] ServerAccessManage:1212 - Problem, file not found on Server
2026-05-19 00:43:19,257 [ERROR] ServerAccessManage:740 - Problem, file not found on Server : api_config.json.
2026-05-19 00:43:19,743 [ERROR] LogOutputStream:75 - [STDERR_REDIRECT] [Fatal Error] :1:1: Premature end of file.
2026-05-19 00:43:19,743 [ERROR] LogOutputStream:75 - [STDERR_REDIRECT] 
2026-05-19 00:43:20,759 [ERROR] LogOutputStream:75 - [STDERR_REDIRECT] [Fatal Error] :1:1: Premature end of file.
2026-05-19 00:43:20,759 [ERROR] LogOutputStream:75 - [STDERR_REDIRECT] 
2026-05-19 00:43:21,731 [ERROR] LogOutputStream:75 - [STDERR_REDIRECT] [Fatal Error] :1:1: Premature end of file.
2026-05-19 00:43:21,732 [ERROR] LogOutputStream:75 - [STDERR_REDIRECT] 
2026-05-19 00:43:22,736 [ERROR] LogOutputStream:75 - [STDERR_REDIRECT] [Fatal Error] :1:1: Premature end of file.
2026-05-19 00:43:22,737 [ERROR] LogOutputStream:75 - [STDERR_REDIRECT] 
2026-05-19 00:43:23,733 [ERROR] LogOutputStream:75 - [STDERR_REDIRECT] [Fatal Error] :1:1: Premature end of file.
2026-05-19 00:43:23,733 [ERROR] LogOutputStream:75 - [STDERR_REDIRECT] 
2026-05-19 00:43:24,729 [ERROR] LogOutputStream:75 - [STDERR_REDIRECT] [Fatal Error] :1:1: Premature end of file.
2026-05-19 00:43:24,729 [ERROR] LogOutputStream:75 - [STDERR_REDIRECT] 
2026-05-19 00:43:25,733 [ERROR] LogOutputStream:75 - [STDERR_REDIRECT] [Fatal Error] :1:1: Premature end of file.
2026-05-19 00:43:25,733 [ERROR] LogOutputStream:75 - [STDERR_REDIRECT] 
2026-05-19 00:43:26,754 [ERROR] LogOutputStream:75 - [STDERR_REDIRECT] [Fatal Error] :1:1: Premature end of file.
2026-05-19 00:43:26,754 [ERROR] LogOutputStream:75 - [STDERR_REDIRECT] 
2026-05-19 00:43:27,757 [ERROR] LogOutputStream:75 - [STDERR_REDIRECT] [Fatal Error] :1:1: Premature end of file.
2026-05-19 00:43:27,757 [ERROR] LogOutputStream:75 - [STDERR_REDIRECT] 
2026-05-19 00:43:28,769 [ERROR] LogOutputStream:75 - [STDERR_REDIRECT] [Fatal Error] :1:1: Premature end of file.
2026-05-19 00:43:28,769 [ERROR] LogOutputStream:75 - [STDERR_REDIRECT] 
2026-05-19 00:43:29,754 [ERROR] LogOutputStream:75 - [STDERR_REDIRECT] [Fatal Error] :1:1: Premature end of file.
2026-05-19 00:43:29,754 [ERROR] LogOutputStream:75 - [STDERR_REDIRECT] 
2026-05-19 00:43:30,762 [ERROR] LogOutputStream:75 - [STDERR_REDIRECT] [Fatal Error] :1:1: Premature end of file.
2026-05-19 00:43:30,762 [ERROR] LogOutputStream:75 - [STDERR_REDIRECT] 
2026-05-19 00:43:31,752 [ERROR] LogOutputStream:75 - [STDERR_REDIRECT] [Fatal Error] :1:1: Premature end of file.
2026-05-19 00:43:31,752 [ERROR] LogOutputStream:75 - [STDERR_REDIRECT] 
2026-05-19 00:43:32,756 [ERROR] LogOutputStream:75 - [STDERR_REDIRECT] [Fatal Error] :1:1: Premature end of file.
2026-05-19 00:43:32,756 [ERROR] LogOutputStream:75 - [STDERR_REDIRECT] 
2026-05-19 00:43:33,760 [ERROR] LogOutputStream:75 - [STDERR_REDIRECT] [Fatal Error] :1:1: Premature end of file.
2026-05-19 00:43:33,760 [ERROR] LogOutputStream:75 - [STDERR_REDIRECT] 
2026-05-19 00:43:34,756 [ERROR] LogOutputStream:75 - [STDERR_REDIRECT] [Fatal Error] :1:1: Premature end of file.
2026-05-19 00:43:34,756 [ERROR] LogOutputStream:75 - [STDERR_REDIRECT] 
2026-05-19 00:43:35,759 [ERROR] LogOutputStream:75 - [STDERR_REDIRECT] [Fatal Error] :1:1: Premature end of file.
2026-05-19 00:43:35,759 [ERROR] LogOutputStream:75 - [STDERR_REDIRECT] 
2026-05-19 00:43:36,739 [ERROR] LogOutputStream:75 - [STDERR_REDIRECT] [Fatal Error] :1:1: Premature end of file.
2026-05-19 00:43:36,739 [ERROR] LogOutputStream:75 - [STDERR_REDIRECT] 
2026-05-19 00:43:37,755 [ERROR] LogOutputStream:75 - [STDERR_REDIRECT] [Fatal Error] :1:1: Premature end of file.
2026-05-19 00:43:37,755 [ERROR] LogOutputStream:75 - [STDERR_REDIRECT] 
2026-05-19 00:43:38,733 [ERROR] LogOutputStream:75 - [STDERR_REDIRECT] [Fatal Error] :1:1: Premature end of file.
2026-05-19 00:43:38,733 [ERROR] LogOutputStream:75 - [STDERR_REDIRECT] 
2026-05-19 00:43:39,758 [ERROR] LogOutputStream:75 - [STDERR_REDIRECT] [Fatal Error] :1:1: Premature end of file.
2026-05-19 00:43:39,758 [ERROR] LogOutputStream:75 - [STDERR_REDIRECT] 
2026-05-19 00:43:40,947 [ERROR] LogOutputStream:75 - [STDERR_REDIRECT] [Fatal Error] :1:1: Premature end of file.
2026-05-19 00:43:40,947 [ERROR] LogOutputStream:75 - [STDERR_REDIRECT] 
2026-05-19 00:43:41,759 [ERROR] LogOutputStream:75 - [STDERR_REDIRECT] [Fatal Error] :1:1: Premature end of file.
2026-05-19 00:43:41,759 [ERROR] LogOutputStream:75 - [STDERR_REDIRECT] 
2026-05-19 00:43:42,758 [ERROR] LogOutputStream:75 - [STDERR_REDIRECT] [Fatal Error] :1:1: Premature end of file.
2026-05-19 00:43:42,758 [ERROR] LogOutputStream:75 - [STDERR_REDIRECT] 
2026-05-19 00:43:43,753 [ERROR] LogOutputStream:75 - [STDERR_REDIRECT] [Fatal Error] :1:1: Premature end of file.
2026-05-19 00:43:43,754 [ERROR] LogOutputStream:75 - [STDERR_REDIRECT] 
2026-05-19 00:43:44,757 [ERROR] LogOutputStream:75 - [STDERR_REDIRECT] [Fatal Error] :1:1: Premature end of file.
2026-05-19 00:43:44,757 [ERROR] LogOutputStream:75 - [STDERR_REDIRECT] 
2026-05-19 00:43:45,769 [ERROR] LogOutputStream:75 - [STDERR_REDIRECT] [Fatal Error] :1:1: Premature end of file.
2026-05-19 00:43:45,770 [ERROR] LogOutputStream:75 - [STDERR_REDIRECT] 
2026-05-19 00:43:46,743 [ERROR] LogOutputStream:75 - [STDERR_REDIRECT] [Fatal Error] :1:1: Premature end of file.
2026-05-19 00:43:46,743 [ERROR] LogOutputStream:75 - [STDERR_REDIRECT] 
2026-05-19 00:43:47,731 [ERROR] LogOutputStream:75 - [STDERR_REDIRECT] [Fatal Error] :1:1: Premature end of file.
2026-05-19 00:43:47,731 [ERROR] LogOutputStream:75 - [STDERR_REDIRECT] 
2026-05-19 00:43:48,736 [ERROR] LogOutputStream:75 - [STDERR_REDIRECT] [Fatal Error] :1:1: Premature end of file.
2026-05-19 00:43:48,737 [ERROR] LogOutputStream:75 - [STDERR_REDIRECT] 
2026-05-19 00:43:49,761 [ERROR] LogOutputStream:75 - [STDERR_REDIRECT] [Fatal Error] :1:1: Premature end of file.
2026-05-19 00:43:49,762 [ERROR] LogOutputStream:75 - [STDERR_REDIRECT] 
2026-05-19 00:43:50,755 [ERROR] LogOutputStream:75 - [STDERR_REDIRECT] [Fatal Error] :1:1: Premature end of file.
2026-05-19 00:43:50,755 [ERROR] LogOutputStream:75 - [STDERR_REDIRECT] 
2026-05-19 00:43:51,756 [ERROR] LogOutputStream:75 - [STDERR_REDIRECT] [Fatal Error] :1:1: Premature end of file.
2026-05-19 00:43:51,756 [ERROR] LogOutputStream:75 - [STDERR_REDIRECT] 
2026-05-19 00:43:52,754 [ERROR] LogOutputStream:75 - [STDERR_REDIRECT] [Fatal Error] :1:1: Premature end of file.
2026-05-19 00:43:52,754 [ERROR] LogOutputStream:75 - [STDERR_REDIRECT] 
2026-05-19 00:43:53,759 [ERROR] LogOutputStream:75 - [STDERR_REDIRECT] [Fatal Error] :1:1: Premature end of file.
2026-05-19 00:43:53,759 [ERROR] LogOutputStream:75 - [STDERR_REDIRECT] 
2026-05-19 00:43:54,736 [ERROR] LogOutputStream:75 - [STDERR_REDIRECT] [Fatal Error] :1:1: Premature end of file.
2026-05-19 00:43:54,736 [ERROR] LogOutputStream:75 - [STDERR_REDIRECT] 
2026-05-19 00:43:55,756 [ERROR] LogOutputStream:75 - [STDERR_REDIRECT] [Fatal Error] :1:1: Premature end of file.
2026-05-19 00:43:55,756 [ERROR] LogOutputStream:75 - [STDERR_REDIRECT] 
2026-05-19 00:43:56,756 [ERROR] LogOutputStream:75 - [STDERR_REDIRECT] [Fatal Error] :1:1: Premature end of file.
2026-05-19 00:43:56,757 [ERROR] LogOutputStream:75 - [STDERR_REDIRECT] 
2026-05-19 00:43:57,758 [ERROR] LogOutputStream:75 - [STDERR_REDIRECT] [Fatal Error] :1:1: Premature end of file.
2026-05-19 00:43:57,758 [ERROR] LogOutputStream:75 - [STDERR_REDIRECT] 
2026-05-19 00:43:58,755 [ERROR] LogOutputStream:75 - [STDERR_REDIRECT] [Fatal Error] :1:1: Premature end of file.
2026-05-19 00:43:58,755 [ERROR] LogOutputStream:75 - [STDERR_REDIRECT] 
2026-05-19 00:43:59,752 [ERROR] LogOutputStream:75 - [STDERR_REDIRECT] [Fatal Error] :1:1: Premature end of file.
2026-05-19 00:43:59,753 [ERROR] LogOutputStream:75 - [STDERR_REDIRECT] 
2026-05-19 00:44:00,748 [ERROR] LogOutputStream:75 - [STDERR_REDIRECT] [Fatal Error] :1:1: Premature end of file.
2026-05-19 00:44:00,748 [ERROR] LogOutputStream:75 - [STDERR_REDIRECT] 
2026-05-19 00:44:01,768 [ERROR] LogOutputStream:75 - [STDERR_REDIRECT] [Fatal Error] :1:1: Premature end of file.
2026-05-19 00:44:01,768 [ERROR] LogOutputStream:75 - [STDERR_REDIRECT] 
2026-05-19 00:44:02,770 [ERROR] LogOutputStream:75 - [STDERR_REDIRECT] [Fatal Error] :1:1: Premature end of file.
2026-05-19 00:44:02,770 [ERROR] LogOutputStream:75 - [STDERR_REDIRECT] 
2026-05-19 00:44:03,758 [ERROR] LogOutputStream:75 - [STDERR_REDIRECT] [Fatal Error] :1:1: Premature end of file.
2026-05-19 00:44:03,758 [ERROR] LogOutputStream:75 - [STDERR_REDIRECT] 
2026-05-19 00:44:04,753 [ERROR] LogOutputStream:75 - [STDERR_REDIRECT] [Fatal Error] :1:1: Premature end of file.
2026-05-19 00:44:04,754 [ERROR] LogOutputStream:75 - [STDERR_REDIRECT] 
2026-05-19 00:44:05,760 [ERROR] LogOutputStream:75 - [STDERR_REDIRECT] [Fatal Error] :1:1: Premature end of file.
2026-05-19 00:44:05,760 [ERROR] LogOutputStream:75 - [STDERR_REDIRECT] 
2026-05-19 00:44:06,756 [ERROR] LogOutputStream:75 - [STDERR_REDIRECT] [Fatal Error] :1:1: Premature end of file.
2026-05-19 00:44:06,757 [ERROR] LogOutputStream:75 - [STDERR_REDIRECT] 
2026-05-19 00:44:07,760 [ERROR] LogOutputStream:75 - [STDERR_REDIRECT] [Fatal Error] :1:1: Premature end of file.
2026-05-19 00:44:07,760 [ERROR] LogOutputStream:75 - [STDERR_REDIRECT] 
2026-05-19 00:44:08,769 [ERROR] LogOutputStream:75 - [STDERR_REDIRECT] [Fatal Error] :1:1: Premature end of file.
2026-05-19 00:44:08,769 [ERROR] LogOutputStream:75 - [STDERR_REDIRECT] 
2026-05-19 00:44:09,759 [ERROR] LogOutputStream:75 - [STDERR_REDIRECT] [Fatal Error] :1:1: Premature end of file.
2026-05-19 00:44:09,759 [ERROR] LogOutputStream:75 - [STDERR_REDIRECT] 
2026-05-19 00:44:10,765 [ERROR] LogOutputStream:75 - [STDERR_REDIRECT] [Fatal Error] :1:1: Premature end of file.
2026-05-19 00:44:10,765 [ERROR] LogOutputStream:75 - [STDERR_REDIRECT] 
2026-05-19 00:44:11,763 [ERROR] LogOutputStream:75 - [STDERR_REDIRECT] [Fatal Error] :1:1: Premature end of file.
2026-05-19 00:44:11,763 [ERROR] LogOutputStream:75 - [STDERR_REDIRECT] 
2026-05-19 00:44:12,753 [ERROR] LogOutputStream:75 - [STDERR_REDIRECT] [Fatal Error] :1:1: Premature end of file.
2026-05-19 00:44:12,753 [ERROR] LogOutputStream:75 - [STDERR_REDIRECT] 
2026-05-19 00:44:13,752 [ERROR] LogOutputStream:75 - [STDERR_REDIRECT] [Fatal Error] :1:1: Premature end of file.
2026-05-19 00:44:13,752 [ERROR] LogOutputStream:75 - [STDERR_REDIRECT] 
2026-05-19 00:44:14,749 [ERROR] LogOutputStream:75 - [STDERR_REDIRECT] [Fatal Error] :1:1: Premature end of file.
2026-05-19 00:44:14,749 [ERROR] LogOutputStream:75 - [STDERR_REDIRECT] 
2026-05-19 00:44:15,760 [ERROR] LogOutputStream:75 - [STDERR_REDIRECT] [Fatal Error] :1:1: Premature end of file.
2026-05-19 00:44:15,760 [ERROR] LogOutputStream:75 - [STDERR_REDIRECT] 
2026-05-19 00:44:16,748 [ERROR] LogOutputStream:75 - [STDERR_REDIRECT] [Fatal Error] :1:1: Premature end of file.
2026-05-19 00:44:16,748 [ERROR] LogOutputStream:75 - [STDERR_REDIRECT] 
2026-05-19 00:44:17,748 [ERROR] LogOutputStream:75 - [STDERR_REDIRECT] [Fatal Error] :1:1: Premature end of file.
2026-05-19 00:44:17,748 [ERROR] LogOutputStream:75 - [STDERR_REDIRECT] 
2026-05-19 00:44:18,753 [ERROR] LogOutputStream:75 - [STDERR_REDIRECT] [Fatal Error] :1:1: Premature end of file.
2026-05-19 00:44:18,753 [ERROR] LogOutputStream:75 - [STDERR_REDIRECT] 
2026-05-19 00:44:19,764 [ERROR] LogOutputStream:75 - [STDERR_REDIRECT] [Fatal Error] :1:1: Premature end of file.
2026-05-19 00:44:19,764 [ERROR] LogOutputStream:75 - [STDERR_REDIRECT] 
2026-05-19 00:44:20,759 [ERROR] LogOutputStream:75 - [STDERR_REDIRECT] [Fatal Error] :1:1: Premature end of file.
2026-05-19 00:44:20,759 [ERROR] LogOutputStream:75 - [STDERR_REDIRECT] 
2026-05-19 00:44:21,757 [ERROR] LogOutputStream:75 - [STDERR_REDIRECT] [Fatal Error] :1:1: Premature end of file.
2026-05-19 00:44:21,757 [ERROR] LogOutputStream:75 - [STDERR_REDIRECT] 
2026-05-19 00:44:22,752 [ERROR] LogOutputStream:75 - [STDERR_REDIRECT] [Fatal Error] :1:1: Premature end of file.
2026-05-19 00:44:22,752 [ERROR] LogOutputStream:75 - [STDERR_REDIRECT] 
2026-05-19 00:44:23,757 [ERROR] LogOutputStream:75 - [STDERR_REDIRECT] [Fatal Error] :1:1: Premature end of file.
2026-05-19 00:44:23,757 [ERROR] LogOutputStream:75 - [STDERR_REDIRECT] 
2026-05-19 00:44:24,757 [ERROR] LogOutputStream:75 - [STDERR_REDIRECT] [Fatal Error] :1:1: Premature end of file.
2026-05-19 00:44:24,757 [ERROR] LogOutputStream:75 - [STDERR_REDIRECT] 
2026-05-19 00:44:25,757 [ERROR] LogOutputStream:75 - [STDERR_REDIRECT] [Fatal Error] :1:1: Premature end of file.
2026-05-19 00:44:25,758 [ERROR] LogOutputStream:75 - [STDERR_REDIRECT] 
2026-05-19 00:44:26,752 [ERROR] LogOutputStream:75 - [STDERR_REDIRECT] [Fatal Error] :1:1: Premature end of file.
2026-05-19 00:44:26,752 [ERROR] LogOutputStream:75 - [STDERR_REDIRECT] 
2026-05-19 00:44:27,755 [ERROR] LogOutputStream:75 - [STDERR_REDIRECT] [Fatal Error] :1:1: Premature end of file.
2026-05-19 00:44:27,755 [ERROR] LogOutputStream:75 - [STDERR_REDIRECT] 
2026-05-19 00:44:28,697 [INFO] LoadUrlFilesThread:156 - End of LoadUrlFiles Thread
2026-05-19 00:44:28,775 [ERROR] LogOutputStream:75 - [STDERR_REDIRECT] [Fatal Error] :1:1: Premature end of file.
2026-05-19 00:44:28,775 [ERROR] LogOutputStream:75 - [STDERR_REDIRECT] 
2026-05-19 00:44:29,753 [ERROR] LogOutputStream:75 - [STDERR_REDIRECT] [Fatal Error] :1:1: Premature end of file.
2026-05-19 00:44:29,753 [ERROR] LogOutputStream:75 - [STDERR_REDIRECT] 
2026-05-19 00:44:30,057 [INFO] DbMcusAds:53 - JSON generation date=Mon Apr 27 13:44:29 IST 2026 (1777277669577)
2026-05-19 00:44:30,068 [INFO] ApiDb:448 - Save user favorites file C:\Users\Mujaid/.stm32cubeide/favorites.mcus.txt: 0 item(s)
2026-05-19 00:44:30,068 [INFO] ApiDb:452 - User favorites MCUs=[]
2026-05-19 00:44:30,113 [INFO] ApiDb:581 - Connected to CubeFinder SQLite database (C:\Users\Mujaid\.stmcufinder\plugins\mcufinder\mcu\cube-finder-db.db)
2026-05-19 00:44:30,206 [INFO] ApiDb:668 - CubeFinder database Data Model version=2.1
2026-05-19 00:44:30,206 [INFO] ApiDb:669 - CubeFinder database Configuration version=3.0.42
2026-05-19 00:44:30,206 [INFO] ApiDb:670 - CubeFinder database generation date=2026-05-06 (1778060171)
2026-05-19 00:44:30,206 [INFO] ApiDb:671 - CubeFinder database FW Pack versions=[FP-ATR-ASTRA1_V2.0.0, FP-SNS-FLIGHT1_V5.1.0, FP-SNS-MOTENV1_V5.1.0, FP-SNS-MOTENVWB1_V1.5.0, FP-SNS-SMARTAG2_V1.2.0, FP-SNS-STBOX1_V2.1.0, STM32Cube_FW_C0_V1.4.0, STM32Cube_FW_F4_V1.28.3, STM32Cube_FW_F7_V1.17.4, STM32Cube_FW_G0_V1.6.3, STM32Cube_FW_G4_V1.6.2, STM32Cube_FW_H5_V1.6.0, STM32Cube_FW_H7RS_V1.3.0, STM32Cube_FW_H7_V1.13.0, STM32Cube_FW_L0_V1.12.2, STM32Cube_FW_L4_V1.18.2, STM32Cube_FW_L5_V1.6.0, STM32Cube_FW_N6_V1.3.0, STM32Cube_FW_U0_V1.3.0, STM32Cube_FW_U3_V1.3.0, STM32Cube_FW_U5_V1.8.0, STM32Cube_FW_WB0_V1.4.0, STM32Cube_FW_WBA_V1.9.0, STM32Cube_FW_WB_V1.24.0, STM32Cube_FW_WL3_V1.4.0, STM32Cube_FW_WL_V1.5.0, X-CUBE-ALGOBUILD_V1.4.0, X-CUBE-ALS_V1.0.2, X-CUBE-AZRTOS-F4_V1.1.0, X-CUBE-AZRTOS-F7_V1.1.0, X-CUBE-AZRTOS-G0_V1.1.0, X-CUBE-AZRTOS-G4_V2.0.0, X-CUBE-AZRTOS-H7RS_V1.1.0, X-CUBE-AZRTOS-H7_V3.5.0, X-CUBE-AZRTOS-L4_V2.0.0, X-CUBE-AZRTOS-L5_V2.0.0, X-CUBE-AZRTOS-WB_V2.0.0, X-CUBE-AZRTOS-WL_V2.0.0, X-CUBE-BLE1_V7.1.0, X-CUBE-BLE2_V3.3.0, X-CUBE-BLEMGR_V4.1.0, X-CUBE-EEPRMA1_V5.2.0, X-CUBE-FREERTOS_V1.5.0, X-CUBE-GNSS1_V6.0.0, X-CUBE-MEMS1_V12.0.0, X-CUBE-NFC4_V3.0.0, X-CUBE-NFC7_V2.0.0, X-CUBE-SFXS2LP1_V4.0.0, X-CUBE-ST67W61_V1.2.0, X-CUBE-SUBG2_V5.0.0, X-CUBE-TOF1_V3.4.3]
2026-05-19 00:44:30,736 [ERROR] LogOutputStream:75 - [STDERR_REDIRECT] [Fatal Error] :1:1: Premature end of file.
2026-05-19 00:44:30,736 [ERROR] LogOutputStream:75 - [STDERR_REDIRECT] 
2026-05-19 00:44:31,727 [ERROR] LogOutputStream:75 - [STDERR_REDIRECT] [Fatal Error] :1:1: Premature end of file.
2026-05-19 00:44:31,727 [ERROR] LogOutputStream:75 - [STDERR_REDIRECT] 
2026-05-19 00:44:32,640 [INFO] ApiDb:240 - Found 880 in-development CPN: [B-G473E-ZEST1S, B-WB1M-WPAN1, B-WBA5M-WPAN, B-WL5M-SUBG1, NUCLEO-C031C6, NUCLEO-C051C8, NUCLEO-C071RB, NUCLEO-C092RC, NUCLEO-H503RB, NUCLEO-H533RE, NUCLEO-H563ZI, NUCLEO-H7S3L8, NUCLEO-N657X0-Q, NUCLEO-U031R8, NUCLEO-U083RC, NUCLEO-U385RG-Q, NUCLEO-U545RE-Q, NUCLEO-U5A5ZJ-Q, NUCLEO-WB05KZ, NUCLEO-WB07CC, NUCLEO-WB09KE, NUCLEO-WBA52CG, NUCLEO-WBA55CG, NUCLEO-WL33CC1, NUCLEO-WL33CC2, STEVAL-PROTEUS1, STEVAL-SMARTAG2, STEVAL-STWINBX1, STM320518-EVAL, STM32C0116-DK, STM32C011D6Y3TR, STM32C011D6Y6TR, STM32C011F4P3, STM32C011F4P6, STM32C011F4U3, STM32C011F4U6TR, STM32C011F6P3, STM32C011F6P6, STM32C011F6U3, STM32C011F6U6TR, STM32C011J4M3, STM32C011J4M6, STM32C011J6M3, STM32C011J6M6, STM32C0316-DK, STM32C031C4T3, STM32C031C4T6, STM32C031C4U3, STM32C031C4U6, STM32C031C6T3, STM32C031C6T6, STM32C031C6U3, STM32C031C6U6, STM32C031F4P3, STM32C031F4P6, STM32C031F6P3, STM32C031F6P6, STM32C031G4U3, STM32C031G4U6, STM32C031G6U3, STM32C031G6U6, STM32C031K4T3, STM32C031K4T6, STM32C031K4U3, STM32C031K4U6, STM32C031K6T3, STM32C031K6T6, STM32C031K6U3, STM32C031K6U6, STM32C051C6T6, STM32C051C6U6, STM32C051C8T6, STM32C051C8U6, STM32C051D8Y6TR, STM32C051F6P6, STM32C051F8P6, STM32C051G6U6, STM32C051G8U6, STM32C051K6T6, STM32C051K6U6, STM32C051K8T6, STM32C071C8T6, STM32C071C8T6N, STM32C071C8U6, STM32C071C8U6N, STM32C071CBT6, STM32C071CBT6N, STM32C071CBU6, STM32C071CBU6N, STM32C071F8P6, STM32C071F8P6N, STM32C071FBP6, STM32C071FBP6N, STM32C071FBY6TR, STM32C071G8U6, STM32C071G8U6N, STM32C071GBU6, STM32C071GBU6N, STM32C071K8T6, STM32C071K8T6N, STM32C071K8U6, STM32C071K8U6N, STM32C071KBT6, STM32C071KBT6N, STM32C071KBU6, STM32C071KBU6N, STM32C071R8T6, STM32C071R8T6N, STM32C071RBI6N, STM32C071RBT6, STM32C071RBT6N, STM32C091CBT6, STM32C091CBU6, STM32C091CCT6, STM32C091CCU6, STM32C091ECY6TR, STM32C091FBP6, STM32C091FCP6, STM32C091GBU6, STM32C091GCU6, STM32C091KBT6, STM32C091KBU6, STM32C091KCT6, STM32C091KCU6, STM32C091RBT6, STM32C091RCI6, STM32C091RCT6, STM32C092CBT6, STM32C092CBU6, STM32C092CCT6, STM32C092CCU6, STM32C092ECY6TR, STM32C092FBP6, STM32C092FCP6, STM32C092GBU6, STM32C092GCU6, STM32C092KBT6, STM32C092KBU6, STM32C092KCT6, STM32C092KCU6, STM32C092RBT6, STM32C092RCI6, STM32C092RCT6, STM32G071K8TXN, STM32G071K8UXN, STM32G081GBU6N, STM32G081KBT6N, STM32G081KBUXN, STM32G0B1CCT6N, STM32G0B1KCT6, STM32G0B1NEY6TR, STM32G0B1RCT6N, STM32G0C1CCT6, STM32G0C1CCT6N, STM32G0C1CCU6N, STM32G0C1CET6N, STM32G0C1CEU6N, STM32G0C1KCT6, STM32G0C1NEY6TR, STM32G0C1RCI6N, STM32G0C1RCT6N, STM32G0C1REI6N, STM32G0C1RET6N, STM32G0C1VCI6, STM32G0C1VEI6, STM32G411C6T3, STM32G411C6T6, STM32G411C6U3, STM32G411C6U6, STM32G411C8T3, STM32G411C8T6, STM32G411C8U3, STM32G411C8U6, STM32G411CBT3, STM32G411CBT6, STM32G411CBU3, STM32G411CBU6, STM32G411K6T3, STM32G411K6T6, STM32G411K6U3, STM32G411K6U6, STM32G411K8T3, STM32G411K8T6, STM32G411K8U3, STM32G411K8U6, STM32G411KBT3, STM32G411KBT6, STM32G411KBU3, STM32G411KBU6, STM32G411M6T3, STM32G411M6T6, STM32G411M8T3, STM32G411M8T6, STM32G411MBT3, STM32G411MBT6, STM32G411R6T3, STM32G411R6T6, STM32G411R8T3, STM32G411R8T6, STM32G411RBT3, STM32G411RBT6, STM32G414CBT3, STM32G414CBT6, STM32G414CBU3, STM32G414CBU6, STM32G414CCT3, STM32G414CCT6, STM32G414CCU3, STM32G414CCU6, STM32G414MBT3, STM32G414MBT6, STM32G414MCT3, STM32G414MCT6, STM32G414RBT3, STM32G414RBT6, STM32G414RCT3, STM32G414RCT6, STM32G414VBT3, STM32G414VBT6, STM32G414VCT3, STM32G414VCT6, STM32G431CBT3Z, STM32G431RBT3Z, STM32G471CCT6, STM32G471CCU6, STM32G471CET3, STM32G471CET6, STM32G471CEU3, STM32G471CEU6, STM32G471MCT6, STM32G471MET3, STM32G471MET6, STM32G471MEY6TR, STM32G471QCT6, STM32G471QET3, STM32G471RCT6, STM32G471RET3, STM32G471RET6, STM32G471VCH6, STM32G471VCI6, STM32G471VCT6, STM32G471VEH3, STM32G471VEH6, STM32G471VEI3, STM32G471VEI6, STM32G471VET3, STM32G471VET6, STM32G473QET3Z, STM32G473RET3Z, STM32G474CCT6, STM32G491RET3Z, STM32H503CBT6, STM32H503CBU6, STM32H503EBY6TR, STM32H503KBU6, STM32H503RBT6, STM32H523CCT6, STM32H523CCU6, STM32H523CET6, STM32H523CEU6, STM32H523HEY6TR, STM32H523RCT6, STM32H523RET6, STM32H523VCI6, STM32H523VCT6, STM32H523VEI6, STM32H523VET6, STM32H523ZCJ6, STM32H523ZCT6, STM32H523ZEJ6, STM32H523ZET6, STM32H533CET6, STM32H533CEU6, STM32H533HEY6TR, STM32H533RET6, STM32H533VEI6, STM32H533VET6, STM32H533ZEJ6, STM32H533ZET6, STM32H562AGI6, STM32H562AII6, STM32H562IGK6, STM32H562IGT6, STM32H562IIK6, STM32H562IIT6, STM32H562RGT6, STM32H562RGV6, STM32H562RIT6, STM32H562RIV6, STM32H562VGT6, STM32H562VIT6, STM32H562ZGT6, STM32H562ZIT6, STM32H563AGI6, STM32H563AII3Q, STM32H563AII6, STM32H563IGK6, STM32H563IGT6, STM32H563IIK3Q, STM32H563IIK6, STM32H563IIT3Q, STM32H563IIT6, STM32H563MIY3QTR, STM32H563RGT6, STM32H563RGV6, STM32H563RIT6, STM32H563RIV6, STM32H563VGT6, STM32H563VIT3Q, STM32H563VIT6, STM32H563ZGT6, STM32H563ZIT3Q, STM32H563ZIT6, STM32H573AII3Q, STM32H573AII6, STM32H573I-DK, STM32H573IIK3Q, STM32H573IIK6, STM32H573IIT3Q, STM32H573IIT6, STM32H573MIY3QTR, STM32H573RIT6, STM32H573RIV6, STM32H573VIT3Q, STM32H573VIT6, STM32H573ZIT3Q, STM32H573ZIT6, STM32H7R3A8I6, STM32H7R3I8K6, STM32H7R3I8T6, STM32H7R3L8H6, STM32H7R3L8H6H, STM32H7R3R8V6, STM32H7R3V8H6, STM32H7R3V8T6, STM32H7R3V8Y6TR, STM32H7R3Z8J6, STM32H7R3Z8T6, STM32H7R7A8I6, STM32H7R7I8K6, STM32H7R7I8T6, STM32H7R7L8H6, STM32H7R7L8H6H, STM32H7R7Z8J6, STM32H7S3A8I6, STM32H7S3I8K6, STM32H7S3I8T6, STM32H7S3L8H6, STM32H7S3L8H6H, STM32H7S3R8V6, STM32H7S3V8H6, STM32H7S3V8T6, STM32H7S3V8Y6TR, STM32H7S3Z8J6, STM32H7S3Z8T6, STM32H7S78-DK, STM32H7S7A8I6, STM32H7S7I8K6, STM32H7S7I8T6, STM32H7S7L8H6, STM32H7S7L8H6H, STM32H7S7Z8J6, STM32L4R5QGI6STR, STM32MP131AAE3, STM32MP131AAF3, STM32MP131AAG3, STM32MP131CAE3, STM32MP131CAF3, STM32MP131CAG3, STM32MP131DAE7, STM32MP131DAF7, STM32MP131DAG7, STM32MP131FAE7, STM32MP131FAF7, STM32MP131FAG7, STM32MP133AAE3, STM32MP133AAF3, STM32MP133AAG3, STM32MP133CAE3, STM32MP133CAF3, STM32MP133CAG3, STM32MP133DAE7, STM32MP133DAF7, STM32MP133DAG7, STM32MP133FAE7, STM32MP133FAF7, STM32MP133FAG7, STM32MP135AAE3, STM32MP135AAF3, STM32MP135AAG3, STM32MP135CAE3, STM32MP135CAF3, STM32MP135CAG3, STM32MP135DAE7, STM32MP135DAF7, STM32MP135DAG7, STM32MP135F-DK, STM32MP135FAE7, STM32MP135FAF7, STM32MP135FAF7T, STM32MP135FAF7U, STM32MP135FAG7, STM32MP211AAL3, STM32MP211AAM3, STM32MP211AAN3, STM32MP211AAO3, STM32MP211CAL3, STM32MP211CAM3, STM32MP211CAN3, STM32MP211CAO3, STM32MP211DAL3, STM32MP211DAM3, STM32MP211DAN3, STM32MP211DAO3, STM32MP211FAL3, STM32MP211FAM3, STM32MP211FAN3, STM32MP211FAO3, STM32MP213AAL3, STM32MP213AAM3, STM32MP213AAN3, STM32MP213AAO3, STM32MP213CAL3, STM32MP213CAM3, STM32MP213CAN3, STM32MP213CAO3, STM32MP213DAL3, STM32MP213DAM3, STM32MP213DAN3, STM32MP213DAO3, STM32MP213FAL3, STM32MP213FAM3, STM32MP213FAN3, STM32MP213FAO3, STM32MP215AAL3, STM32MP215AAM3, STM32MP215AAN3, STM32MP215AAO3, STM32MP215CAL3, STM32MP215CAM3, STM32MP215CAN3, STM32MP215CAO3, STM32MP215DAL3, STM32MP215DAM3, STM32MP215DAN3, STM32MP215DAO3, STM32MP215F-DK, STM32MP215FAL3, STM32MP215FAM3, STM32MP215FAN3, STM32MP215FAO3, STM32MP231AAJ3, STM32MP231AAK3, STM32MP231AAL3, STM32MP231CAJ3, STM32MP231CAK3, STM32MP231CAL3, STM32MP231DAJ3, STM32MP231DAK3, STM32MP231DAL3, STM32MP231FAJ3, STM32MP231FAK3, STM32MP231FAL3, STM32MP233AAJ3, STM32MP233AAK3, STM32MP233AAL3, STM32MP233CAJ3, STM32MP233CAK3, STM32MP233CAL3, STM32MP233DAJ3, STM32MP233DAK3, STM32MP233DAL3, STM32MP233FAJ3, STM32MP233FAK3, STM32MP233FAL3, STM32MP235AAJ3, STM32MP235AAK3, STM32MP235AAL3, STM32MP235CAJ3, STM32MP235CAK3, STM32MP235CAL3, STM32MP235DAJ3, STM32MP235DAK3, STM32MP235DAL3, STM32MP235FAJ3, STM32MP235FAK3, STM32MP235FAL3, STM32MP251AAI3, STM32MP251AAK3, STM32MP251AAL3, STM32MP251CAI3, STM32MP251CAK3, STM32MP251CAL3, STM32MP251DAI3, STM32MP251DAK3, STM32MP251DAL3, STM32MP251FAI3, STM32MP251FAK3, STM32MP251FAL3, STM32MP253AAI3, STM32MP253AAK3, STM32MP253AAL3, STM32MP253CAI3, STM32MP253CAK3, STM32MP253CAL3, STM32MP253DAI3, STM32MP253DAK3, STM32MP253DAL3, STM32MP253FAI3, STM32MP253FAK3, STM32MP253FAL3, STM32MP255AAI3, STM32MP255AAK3, STM32MP255AAL3, STM32MP255CAI3, STM32MP255CAK3, STM32MP255CAL3, STM32MP255DAI3, STM32MP255DAK3, STM32MP255DAL3, STM32MP255FAI3, STM32MP255FAK3, STM32MP255FAL3, STM32MP257AAI3, STM32MP257AAK3, STM32MP257AAL3, STM32MP257CAI3, STM32MP257CAK3, STM32MP257CAL3, STM32MP257DAI3, STM32MP257DAK3, STM32MP257DAL3, STM32MP257F-DK, STM32MP257F-EV1, STM32MP257FAI3, STM32MP257FAK3, STM32MP257FAL3, STM32N645A0H3Q, STM32N645B0H3Q, STM32N645I0H3Q, STM32N645L0H3Q, STM32N645X0H3Q, STM32N645Z0H3Q, STM32N647A0H3Q, STM32N647B0H3Q, STM32N647I0H3Q, STM32N647L0H3Q, STM32N647X0H3Q, STM32N647Z0H3Q, STM32N655A0H3Q, STM32N655B0H3Q, STM32N655I0H3Q, STM32N655L0H3Q, STM32N655X0H3Q, STM32N655Z0H3Q, STM32N6570-DK, STM32N657A0H3Q, STM32N657B0H3Q, STM32N657I0H3Q, STM32N657L0H3Q, STM32N657X0H3Q, STM32N657Z0H3Q, STM32U031C6T6, STM32U031C6U6, STM32U031C8T6, STM32U031C8U6, STM32U031F4P6, STM32U031F6P6, STM32U031F8P6, STM32U031G6Y6TR, STM32U031G8Y6TR, STM32U031K4U6, STM32U031K6U6, STM32U031K8U6, STM32U031R6I6, STM32U031R6T6, STM32U031R8I6, STM32U031R8T6, STM32U073C8T6, STM32U073C8U6, STM32U073CBT6, STM32U073CBU6, STM32U073CCT6, STM32U073CCU6, STM32U073H8Y6TR, STM32U073HBY6TR, STM32U073HCY6TR, STM32U073K8U6, STM32U073KBU6, STM32U073KCU6, STM32U073M8I6, STM32U073M8T6, STM32U073MBI6, STM32U073MBT6, STM32U073MCI6, STM32U073MCT6, STM32U073R8I6, STM32U073R8T6, STM32U073RBI6, STM32U073RBT6, STM32U073RCI6, STM32U073RCT6, STM32U083C-DK, STM32U083CCT6, STM32U083CCU6, STM32U083HCY6TR, STM32U083KCU6, STM32U083MCI6, STM32U083MCT6, STM32U083RCI6, STM32U083RCT6, STM32U375CET6, STM32U375CET6Q, STM32U375CEU6, STM32U375CEU6Q, STM32U375CEY6QTR, STM32U375CGT6, STM32U375CGT6Q, STM32U375CGU6, STM32U375CGU6Q, STM32U375CGY6QTR, STM32U375KEU6, STM32U375KGU6, STM32U375REI6, STM32U375REI6Q, STM32U375RET6, STM32U375RET6Q, STM32U375REY6GTR, STM32U375REY6QTR, STM32U375RGI6, STM32U375RGI6Q, STM32U375RGT6, STM32U375RGT6Q, STM32U375RGY6GTR, STM32U375RGY6QTR, STM32U375VEI6, STM32U375VEI6Q, STM32U375VET6, STM32U375VET6Q, STM32U375VGI6, STM32U375VGI6Q, STM32U375VGT6, STM32U375VGT6Q, STM32U385CGT6, STM32U385CGT6Q, STM32U385CGU6, STM32U385CGU6Q, STM32U385CGY6QTR, STM32U385KGU6, STM32U385RGI6, STM32U385RGI6Q, STM32U385RGT6, STM32U385RGT6Q, STM32U385RGY6GTR, STM32U385RGY6QTR, STM32U385VGI6, STM32U385VGI6Q, STM32U385VGT6, STM32U385VGT6Q, STM32U535CBT6, STM32U535CBT6Q, STM32U535CBU6, STM32U535CBU6Q, STM32U535CCT6, STM32U535CCT6Q, STM32U535CCU6, STM32U535CCU6Q, STM32U535CET6, STM32U535CET6Q, STM32U535CEU6, STM32U535CEU6Q, STM32U535JEY6QTR, STM32U535NCY6QTR, STM32U535NEY6QTR, STM32U535RBI6, STM32U535RBI6Q, STM32U535RBT6, STM32U535RBT6Q, STM32U535RCI6, STM32U535RCI6Q, STM32U535RCT6, STM32U535RCT6Q, STM32U535REI6, STM32U535REI6Q, STM32U535RET6, STM32U535RET6Q, STM32U535VCI6, STM32U535VCI6Q, STM32U535VCT6, STM32U535VCT6Q, STM32U535VEI6, STM32U535VEI6Q, STM32U535VET6, STM32U535VET6Q, STM32U545CET6, STM32U545CET6Q, STM32U545CEU6, STM32U545CEU6Q, STM32U545JEY6QTR, STM32U545NEY6QTR, STM32U545REI6, STM32U545REI6Q, STM32U545RET6, STM32U545RET6Q, STM32U545VEI6, STM32U545VEI6Q, STM32U545VET6, STM32U545VET6Q, STM32U595AIH6, STM32U595AIH6Q, STM32U595AJH6, STM32U595AJH6Q, STM32U595QII6, STM32U595QII6Q, STM32U595QJI6, STM32U595QJI6Q, STM32U595RIT6, STM32U595RIT6Q, STM32U595RJT6, STM32U595RJT6Q, STM32U595VIT6, STM32U595VIT6Q, STM32U595VJT6, STM32U595VJT6Q, STM32U595ZIT6, STM32U595ZIT6Q, STM32U595ZIY6QTR, STM32U595ZJT6, STM32U595ZJT6Q, STM32U595ZJY6QTR, STM32U599BJY6QTR, STM32U599NIH6Q, STM32U599NJH6Q, STM32U599VIT6Q, STM32U599VJT6, STM32U599VJT6Q, STM32U599ZIT6Q, STM32U599ZIY6QTR, STM32U599ZJT6Q, STM32U599ZJY6QTR, STM32U5A5AJH6, STM32U5A5AJH6Q, STM32U5A5QII3Q , STM32U5A5QJI6, STM32U5A5QJI6Q, STM32U5A5RJT6, STM32U5A5RJT6Q, STM32U5A5VJT6, STM32U5A5VJT6Q, STM32U5A5ZJT6, STM32U5A5ZJT6Q, STM32U5A5ZJY6QTR, STM32U5A9BJY6QTR, STM32U5A9J-DK, STM32U5A9NJH6Q, STM32U5A9VJT6Q, STM32U5A9ZJT6Q, STM32U5A9ZJY6QTR, STM32U5F7VIT6, STM32U5F7VIT6Q, STM32U5F7VJT6, STM32U5F7VJT6Q, STM32U5F9BJY6QTR, STM32U5F9NJH6Q, STM32U5F9VIT6Q, STM32U5F9VJT6Q, STM32U5F9ZIJ6QTR, STM32U5F9ZIT6Q, STM32U5F9ZJJ6QTR, STM32U5F9ZJT6Q, STM32U5G7VJT6, STM32U5G7VJT6Q, STM32U5G9BJY6QTR, STM32U5G9J-DK1, STM32U5G9J-DK2, STM32U5G9NJH6Q, STM32U5G9VJT6Q, STM32U5G9ZJJ6QTR, STM32U5G9ZJT6Q, STM32WB05KZV6TR, STM32WB05KZV7TR, STM32WB05TZF6TR, STM32WB05TZF7TR, STM32WB06CCF6TR, STM32WB06CCF7TR, STM32WB06CCV6TR, STM32WB06CCV7TR, STM32WB06KCV6TR, STM32WB06KCV7TR, STM32WB07CCF6TR, STM32WB07CCF7TR, STM32WB07CCV6TR, STM32WB07CCV7TR, STM32WB07KCV6TR, STM32WB07KCV7TR, STM32WB09KEV6TR, STM32WB09KEV7TR, STM32WB09TEF6TR, STM32WB09TEF7TR, STM32WB1MMCH6, STM32WBA50KGU6, STM32WBA50KGU6TR, STM32WBA52CEU6, STM32WBA52CEU6TR, STM32WBA52CEU7, STM32WBA52CEU7TR, STM32WBA52CGU6, STM32WBA52CGU6TR, STM32WBA52CGU6U, STM32WBA52CGU7, STM32WBA52CGU7TR, STM32WBA52KEU6, STM32WBA52KEU6TR, STM32WBA52KGU6, STM32WBA52KGU6TR, STM32WBA54CEU6, STM32WBA54CEU6TR, STM32WBA54CEU7, STM32WBA54CEU7TR, STM32WBA54CGU6, STM32WBA54CGU6TR, STM32WBA54CGU7, STM32WBA54CGU7TR, STM32WBA54KEU6, STM32WBA54KEU6TR, STM32WBA54KEU7, STM32WBA54KEU7TR, STM32WBA54KGU6, STM32WBA54KGU6TR, STM32WBA54KGU7, STM32WBA54KGU7TR, STM32WBA55CEU6, STM32WBA55CEU6TR, STM32WBA55CEU7, STM32WBA55CEU7TR, STM32WBA55CGU6, STM32WBA55CGU6TR, STM32WBA55CGU6U, STM32WBA55CGU7, STM32WBA55CGU7TR, STM32WBA55G-DK1, STM32WBA55HEF6, STM32WBA55HEF7, STM32WBA55HGF6, STM32WBA55HGF7, STM32WBA55UEI6, STM32WBA55UEI6TR, STM32WBA55UEI7, STM32WBA55UEI7TR, STM32WBA55UGI6, STM32WBA55UGI6TR, STM32WBA55UGI7, STM32WBA55UGI7TR, STM32WBA5MMGH6TR, STM32WBA62MGF6, STM32WBA62MIF6, STM32WBA65MGF7, STM32WBA65MIF6, STM32WBA65MIF7, STM32WL30K8V6, STM32WL30KBV6, STM32WL31C8V6, STM32WL31CBV6, STM32WL31K8V6, STM32WL31KBV6, STM32WL33C8V6, STM32WL33C8V6X, STM32WL33CBV6, STM32WL33CBV6X, STM32WL33CCV6, STM32WL33CCV6A, STM32WL33CCV6X, STM32WL33K8V7, STM32WL33K8V7X, STM32WL33KBV7 , STM32WL33KBV7X, STM32WL33KCV7, STM32WL33KCV7X, STM32WL5MOCH6, STM32WL5MOCH6TR]
2026-05-19 00:44:32,645 [INFO] DbMcus:218 - Found 5086 MCUs, 4968 are supported
2026-05-19 00:44:32,646 [INFO] ApiDb:423 - Load user favorites file C:\Users\Mujaid/.stm32cubeide/favorites.mcus.txt: 0 item(s)
2026-05-19 00:44:32,646 [INFO] ApiDb:427 - User favorites MCUs=[]
2026-05-19 00:44:32,646 [INFO] DbMcus:224 - Set 0 / 0 favorites MCUs
2026-05-19 00:44:32,738 [ERROR] LogOutputStream:75 - [STDERR_REDIRECT] [Fatal Error] :1:1: Premature end of file.
2026-05-19 00:44:32,739 [ERROR] LogOutputStream:75 - [STDERR_REDIRECT] 
2026-05-19 00:44:33,094 [INFO] ApiDb:448 - Save user favorites file C:\Users\Mujaid/.stm32cubeide/favorites.boards.txt: 0 item(s)
2026-05-19 00:44:33,095 [INFO] ApiDb:452 - User favorites Boards=[]
2026-05-19 00:44:33,097 [INFO] ApiDb:581 - Connected to CubeFinder SQLite database (C:\Users\Mujaid\.stmcufinder\plugins\mcufinder\mcu\cube-finder-db.db)
2026-05-19 00:44:33,152 [INFO] ApiDb:668 - CubeFinder database Data Model version=2.1
2026-05-19 00:44:33,152 [INFO] ApiDb:669 - CubeFinder database Configuration version=3.0.42
2026-05-19 00:44:33,152 [INFO] ApiDb:670 - CubeFinder database generation date=2026-05-06 (1778060171)
2026-05-19 00:44:33,152 [INFO] ApiDb:671 - CubeFinder database FW Pack versions=[FP-ATR-ASTRA1_V2.0.0, FP-SNS-FLIGHT1_V5.1.0, FP-SNS-MOTENV1_V5.1.0, FP-SNS-MOTENVWB1_V1.5.0, FP-SNS-SMARTAG2_V1.2.0, FP-SNS-STBOX1_V2.1.0, STM32Cube_FW_C0_V1.4.0, STM32Cube_FW_F4_V1.28.3, STM32Cube_FW_F7_V1.17.4, STM32Cube_FW_G0_V1.6.3, STM32Cube_FW_G4_V1.6.2, STM32Cube_FW_H5_V1.6.0, STM32Cube_FW_H7RS_V1.3.0, STM32Cube_FW_H7_V1.13.0, STM32Cube_FW_L0_V1.12.2, STM32Cube_FW_L4_V1.18.2, STM32Cube_FW_L5_V1.6.0, STM32Cube_FW_N6_V1.3.0, STM32Cube_FW_U0_V1.3.0, STM32Cube_FW_U3_V1.3.0, STM32Cube_FW_U5_V1.8.0, STM32Cube_FW_WB0_V1.4.0, STM32Cube_FW_WBA_V1.9.0, STM32Cube_FW_WB_V1.24.0, STM32Cube_FW_WL3_V1.4.0, STM32Cube_FW_WL_V1.5.0, X-CUBE-ALGOBUILD_V1.4.0, X-CUBE-ALS_V1.0.2, X-CUBE-AZRTOS-F4_V1.1.0, X-CUBE-AZRTOS-F7_V1.1.0, X-CUBE-AZRTOS-G0_V1.1.0, X-CUBE-AZRTOS-G4_V2.0.0, X-CUBE-AZRTOS-H7RS_V1.1.0, X-CUBE-AZRTOS-H7_V3.5.0, X-CUBE-AZRTOS-L4_V2.0.0, X-CUBE-AZRTOS-L5_V2.0.0, X-CUBE-AZRTOS-WB_V2.0.0, X-CUBE-AZRTOS-WL_V2.0.0, X-CUBE-BLE1_V7.1.0, X-CUBE-BLE2_V3.3.0, X-CUBE-BLEMGR_V4.1.0, X-CUBE-EEPRMA1_V5.2.0, X-CUBE-FREERTOS_V1.5.0, X-CUBE-GNSS1_V6.0.0, X-CUBE-MEMS1_V12.0.0, X-CUBE-NFC4_V3.0.0, X-CUBE-NFC7_V2.0.0, X-CUBE-SFXS2LP1_V4.0.0, X-CUBE-ST67W61_V1.2.0, X-CUBE-SUBG2_V5.0.0, X-CUBE-TOF1_V3.4.3]
2026-05-19 00:44:33,191 [INFO] DbBoardsSqlite:226 - include board P-NUCLEO-WB55-NUCLEO as a kit item of type 'Nucleo-64'
2026-05-19 00:44:33,191 [INFO] DbBoardsSqlite:226 - include board P-NUCLEO-WB55-USBDONGLE as a kit item of type 'Nucleo USB Dongle'
2026-05-19 00:44:33,191 [INFO] DbBoardsSqlite:226 - include board STEVAL-IDP005V1 as a kit item of type 'Evaluation Board'
2026-05-19 00:44:33,191 [INFO] DbBoardsSqlite:226 - include board STEVAL-IDP005V2 as a kit item of type 'Evaluation Board'
2026-05-19 00:44:33,254 [INFO] ApiDb:240 - Found 880 in-development CPN: [B-G473E-ZEST1S, B-WB1M-WPAN1, B-WBA5M-WPAN, B-WL5M-SUBG1, NUCLEO-C031C6, NUCLEO-C051C8, NUCLEO-C071RB, NUCLEO-C092RC, NUCLEO-H503RB, NUCLEO-H533RE, NUCLEO-H563ZI, NUCLEO-H7S3L8, NUCLEO-N657X0-Q, NUCLEO-U031R8, NUCLEO-U083RC, NUCLEO-U385RG-Q, NUCLEO-U545RE-Q, NUCLEO-U5A5ZJ-Q, NUCLEO-WB05KZ, NUCLEO-WB07CC, NUCLEO-WB09KE, NUCLEO-WBA52CG, NUCLEO-WBA55CG, NUCLEO-WL33CC1, NUCLEO-WL33CC2, STEVAL-PROTEUS1, STEVAL-SMARTAG2, STEVAL-STWINBX1, STM320518-EVAL, STM32C0116-DK, STM32C011D6Y3TR, STM32C011D6Y6TR, STM32C011F4P3, STM32C011F4P6, STM32C011F4U3, STM32C011F4U6TR, STM32C011F6P3, STM32C011F6P6, STM32C011F6U3, STM32C011F6U6TR, STM32C011J4M3, STM32C011J4M6, STM32C011J6M3, STM32C011J6M6, STM32C0316-DK, STM32C031C4T3, STM32C031C4T6, STM32C031C4U3, STM32C031C4U6, STM32C031C6T3, STM32C031C6T6, STM32C031C6U3, STM32C031C6U6, STM32C031F4P3, STM32C031F4P6, STM32C031F6P3, STM32C031F6P6, STM32C031G4U3, STM32C031G4U6, STM32C031G6U3, STM32C031G6U6, STM32C031K4T3, STM32C031K4T6, STM32C031K4U3, STM32C031K4U6, STM32C031K6T3, STM32C031K6T6, STM32C031K6U3, STM32C031K6U6, STM32C051C6T6, STM32C051C6U6, STM32C051C8T6, STM32C051C8U6, STM32C051D8Y6TR, STM32C051F6P6, STM32C051F8P6, STM32C051G6U6, STM32C051G8U6, STM32C051K6T6, STM32C051K6U6, STM32C051K8T6, STM32C071C8T6, STM32C071C8T6N, STM32C071C8U6, STM32C071C8U6N, STM32C071CBT6, STM32C071CBT6N, STM32C071CBU6, STM32C071CBU6N, STM32C071F8P6, STM32C071F8P6N, STM32C071FBP6, STM32C071FBP6N, STM32C071FBY6TR, STM32C071G8U6, STM32C071G8U6N, STM32C071GBU6, STM32C071GBU6N, STM32C071K8T6, STM32C071K8T6N, STM32C071K8U6, STM32C071K8U6N, STM32C071KBT6, STM32C071KBT6N, STM32C071KBU6, STM32C071KBU6N, STM32C071R8T6, STM32C071R8T6N, STM32C071RBI6N, STM32C071RBT6, STM32C071RBT6N, STM32C091CBT6, STM32C091CBU6, STM32C091CCT6, STM32C091CCU6, STM32C091ECY6TR, STM32C091FBP6, STM32C091FCP6, STM32C091GBU6, STM32C091GCU6, STM32C091KBT6, STM32C091KBU6, STM32C091KCT6, STM32C091KCU6, STM32C091RBT6, STM32C091RCI6, STM32C091RCT6, STM32C092CBT6, STM32C092CBU6, STM32C092CCT6, STM32C092CCU6, STM32C092ECY6TR, STM32C092FBP6, STM32C092FCP6, STM32C092GBU6, STM32C092GCU6, STM32C092KBT6, STM32C092KBU6, STM32C092KCT6, STM32C092KCU6, STM32C092RBT6, STM32C092RCI6, STM32C092RCT6, STM32G071K8TXN, STM32G071K8UXN, STM32G081GBU6N, STM32G081KBT6N, STM32G081KBUXN, STM32G0B1CCT6N, STM32G0B1KCT6, STM32G0B1NEY6TR, STM32G0B1RCT6N, STM32G0C1CCT6, STM32G0C1CCT6N, STM32G0C1CCU6N, STM32G0C1CET6N, STM32G0C1CEU6N, STM32G0C1KCT6, STM32G0C1NEY6TR, STM32G0C1RCI6N, STM32G0C1RCT6N, STM32G0C1REI6N, STM32G0C1RET6N, STM32G0C1VCI6, STM32G0C1VEI6, STM32G411C6T3, STM32G411C6T6, STM32G411C6U3, STM32G411C6U6, STM32G411C8T3, STM32G411C8T6, STM32G411C8U3, STM32G411C8U6, STM32G411CBT3, STM32G411CBT6, STM32G411CBU3, STM32G411CBU6, STM32G411K6T3, STM32G411K6T6, STM32G411K6U3, STM32G411K6U6, STM32G411K8T3, STM32G411K8T6, STM32G411K8U3, STM32G411K8U6, STM32G411KBT3, STM32G411KBT6, STM32G411KBU3, STM32G411KBU6, STM32G411M6T3, STM32G411M6T6, STM32G411M8T3, STM32G411M8T6, STM32G411MBT3, STM32G411MBT6, STM32G411R6T3, STM32G411R6T6, STM32G411R8T3, STM32G411R8T6, STM32G411RBT3, STM32G411RBT6, STM32G414CBT3, STM32G414CBT6, STM32G414CBU3, STM32G414CBU6, STM32G414CCT3, STM32G414CCT6, STM32G414CCU3, STM32G414CCU6, STM32G414MBT3, STM32G414MBT6, STM32G414MCT3, STM32G414MCT6, STM32G414RBT3, STM32G414RBT6, STM32G414RCT3, STM32G414RCT6, STM32G414VBT3, STM32G414VBT6, STM32G414VCT3, STM32G414VCT6, STM32G431CBT3Z, STM32G431RBT3Z, STM32G471CCT6, STM32G471CCU6, STM32G471CET3, STM32G471CET6, STM32G471CEU3, STM32G471CEU6, STM32G471MCT6, STM32G471MET3, STM32G471MET6, STM32G471MEY6TR, STM32G471QCT6, STM32G471QET3, STM32G471RCT6, STM32G471RET3, STM32G471RET6, STM32G471VCH6, STM32G471VCI6, STM32G471VCT6, STM32G471VEH3, STM32G471VEH6, STM32G471VEI3, STM32G471VEI6, STM32G471VET3, STM32G471VET6, STM32G473QET3Z, STM32G473RET3Z, STM32G474CCT6, STM32G491RET3Z, STM32H503CBT6, STM32H503CBU6, STM32H503EBY6TR, STM32H503KBU6, STM32H503RBT6, STM32H523CCT6, STM32H523CCU6, STM32H523CET6, STM32H523CEU6, STM32H523HEY6TR, STM32H523RCT6, STM32H523RET6, STM32H523VCI6, STM32H523VCT6, STM32H523VEI6, STM32H523VET6, STM32H523ZCJ6, STM32H523ZCT6, STM32H523ZEJ6, STM32H523ZET6, STM32H533CET6, STM32H533CEU6, STM32H533HEY6TR, STM32H533RET6, STM32H533VEI6, STM32H533VET6, STM32H533ZEJ6, STM32H533ZET6, STM32H562AGI6, STM32H562AII6, STM32H562IGK6, STM32H562IGT6, STM32H562IIK6, STM32H562IIT6, STM32H562RGT6, STM32H562RGV6, STM32H562RIT6, STM32H562RIV6, STM32H562VGT6, STM32H562VIT6, STM32H562ZGT6, STM32H562ZIT6, STM32H563AGI6, STM32H563AII3Q, STM32H563AII6, STM32H563IGK6, STM32H563IGT6, STM32H563IIK3Q, STM32H563IIK6, STM32H563IIT3Q, STM32H563IIT6, STM32H563MIY3QTR, STM32H563RGT6, STM32H563RGV6, STM32H563RIT6, STM32H563RIV6, STM32H563VGT6, STM32H563VIT3Q, STM32H563VIT6, STM32H563ZGT6, STM32H563ZIT3Q, STM32H563ZIT6, STM32H573AII3Q, STM32H573AII6, STM32H573I-DK, STM32H573IIK3Q, STM32H573IIK6, STM32H573IIT3Q, STM32H573IIT6, STM32H573MIY3QTR, STM32H573RIT6, STM32H573RIV6, STM32H573VIT3Q, STM32H573VIT6, STM32H573ZIT3Q, STM32H573ZIT6, STM32H7R3A8I6, STM32H7R3I8K6, STM32H7R3I8T6, STM32H7R3L8H6, STM32H7R3L8H6H, STM32H7R3R8V6, STM32H7R3V8H6, STM32H7R3V8T6, STM32H7R3V8Y6TR, STM32H7R3Z8J6, STM32H7R3Z8T6, STM32H7R7A8I6, STM32H7R7I8K6, STM32H7R7I8T6, STM32H7R7L8H6, STM32H7R7L8H6H, STM32H7R7Z8J6, STM32H7S3A8I6, STM32H7S3I8K6, STM32H7S3I8T6, STM32H7S3L8H6, STM32H7S3L8H6H, STM32H7S3R8V6, STM32H7S3V8H6, STM32H7S3V8T6, STM32H7S3V8Y6TR, STM32H7S3Z8J6, STM32H7S3Z8T6, STM32H7S78-DK, STM32H7S7A8I6, STM32H7S7I8K6, STM32H7S7I8T6, STM32H7S7L8H6, STM32H7S7L8H6H, STM32H7S7Z8J6, STM32L4R5QGI6STR, STM32MP131AAE3, STM32MP131AAF3, STM32MP131AAG3, STM32MP131CAE3, STM32MP131CAF3, STM32MP131CAG3, STM32MP131DAE7, STM32MP131DAF7, STM32MP131DAG7, STM32MP131FAE7, STM32MP131FAF7, STM32MP131FAG7, STM32MP133AAE3, STM32MP133AAF3, STM32MP133AAG3, STM32MP133CAE3, STM32MP133CAF3, STM32MP133CAG3, STM32MP133DAE7, STM32MP133DAF7, STM32MP133DAG7, STM32MP133FAE7, STM32MP133FAF7, STM32MP133FAG7, STM32MP135AAE3, STM32MP135AAF3, STM32MP135AAG3, STM32MP135CAE3, STM32MP135CAF3, STM32MP135CAG3, STM32MP135DAE7, STM32MP135DAF7, STM32MP135DAG7, STM32MP135F-DK, STM32MP135FAE7, STM32MP135FAF7, STM32MP135FAF7T, STM32MP135FAF7U, STM32MP135FAG7, STM32MP211AAL3, STM32MP211AAM3, STM32MP211AAN3, STM32MP211AAO3, STM32MP211CAL3, STM32MP211CAM3, STM32MP211CAN3, STM32MP211CAO3, STM32MP211DAL3, STM32MP211DAM3, STM32MP211DAN3, STM32MP211DAO3, STM32MP211FAL3, STM32MP211FAM3, STM32MP211FAN3, STM32MP211FAO3, STM32MP213AAL3, STM32MP213AAM3, STM32MP213AAN3, STM32MP213AAO3, STM32MP213CAL3, STM32MP213CAM3, STM32MP213CAN3, STM32MP213CAO3, STM32MP213DAL3, STM32MP213DAM3, STM32MP213DAN3, STM32MP213DAO3, STM32MP213FAL3, STM32MP213FAM3, STM32MP213FAN3, STM32MP213FAO3, STM32MP215AAL3, STM32MP215AAM3, STM32MP215AAN3, STM32MP215AAO3, STM32MP215CAL3, STM32MP215CAM3, STM32MP215CAN3, STM32MP215CAO3, STM32MP215DAL3, STM32MP215DAM3, STM32MP215DAN3, STM32MP215DAO3, STM32MP215F-DK, STM32MP215FAL3, STM32MP215FAM3, STM32MP215FAN3, STM32MP215FAO3, STM32MP231AAJ3, STM32MP231AAK3, STM32MP231AAL3, STM32MP231CAJ3, STM32MP231CAK3, STM32MP231CAL3, STM32MP231DAJ3, STM32MP231DAK3, STM32MP231DAL3, STM32MP231FAJ3, STM32MP231FAK3, STM32MP231FAL3, STM32MP233AAJ3, STM32MP233AAK3, STM32MP233AAL3, STM32MP233CAJ3, STM32MP233CAK3, STM32MP233CAL3, STM32MP233DAJ3, STM32MP233DAK3, STM32MP233DAL3, STM32MP233FAJ3, STM32MP233FAK3, STM32MP233FAL3, STM32MP235AAJ3, STM32MP235AAK3, STM32MP235AAL3, STM32MP235CAJ3, STM32MP235CAK3, STM32MP235CAL3, STM32MP235DAJ3, STM32MP235DAK3, STM32MP235DAL3, STM32MP235FAJ3, STM32MP235FAK3, STM32MP235FAL3, STM32MP251AAI3, STM32MP251AAK3, STM32MP251AAL3, STM32MP251CAI3, STM32MP251CAK3, STM32MP251CAL3, STM32MP251DAI3, STM32MP251DAK3, STM32MP251DAL3, STM32MP251FAI3, STM32MP251FAK3, STM32MP251FAL3, STM32MP253AAI3, STM32MP253AAK3, STM32MP253AAL3, STM32MP253CAI3, STM32MP253CAK3, STM32MP253CAL3, STM32MP253DAI3, STM32MP253DAK3, STM32MP253DAL3, STM32MP253FAI3, STM32MP253FAK3, STM32MP253FAL3, STM32MP255AAI3, STM32MP255AAK3, STM32MP255AAL3, STM32MP255CAI3, STM32MP255CAK3, STM32MP255CAL3, STM32MP255DAI3, STM32MP255DAK3, STM32MP255DAL3, STM32MP255FAI3, STM32MP255FAK3, STM32MP255FAL3, STM32MP257AAI3, STM32MP257AAK3, STM32MP257AAL3, STM32MP257CAI3, STM32MP257CAK3, STM32MP257CAL3, STM32MP257DAI3, STM32MP257DAK3, STM32MP257DAL3, STM32MP257F-DK, STM32MP257F-EV1, STM32MP257FAI3, STM32MP257FAK3, STM32MP257FAL3, STM32N645A0H3Q, STM32N645B0H3Q, STM32N645I0H3Q, STM32N645L0H3Q, STM32N645X0H3Q, STM32N645Z0H3Q, STM32N647A0H3Q, STM32N647B0H3Q, STM32N647I0H3Q, STM32N647L0H3Q, STM32N647X0H3Q, STM32N647Z0H3Q, STM32N655A0H3Q, STM32N655B0H3Q, STM32N655I0H3Q, STM32N655L0H3Q, STM32N655X0H3Q, STM32N655Z0H3Q, STM32N6570-DK, STM32N657A0H3Q, STM32N657B0H3Q, STM32N657I0H3Q, STM32N657L0H3Q, STM32N657X0H3Q, STM32N657Z0H3Q, STM32U031C6T6, STM32U031C6U6, STM32U031C8T6, STM32U031C8U6, STM32U031F4P6, STM32U031F6P6, STM32U031F8P6, STM32U031G6Y6TR, STM32U031G8Y6TR, STM32U031K4U6, STM32U031K6U6, STM32U031K8U6, STM32U031R6I6, STM32U031R6T6, STM32U031R8I6, STM32U031R8T6, STM32U073C8T6, STM32U073C8U6, STM32U073CBT6, STM32U073CBU6, STM32U073CCT6, STM32U073CCU6, STM32U073H8Y6TR, STM32U073HBY6TR, STM32U073HCY6TR, STM32U073K8U6, STM32U073KBU6, STM32U073KCU6, STM32U073M8I6, STM32U073M8T6, STM32U073MBI6, STM32U073MBT6, STM32U073MCI6, STM32U073MCT6, STM32U073R8I6, STM32U073R8T6, STM32U073RBI6, STM32U073RBT6, STM32U073RCI6, STM32U073RCT6, STM32U083C-DK, STM32U083CCT6, STM32U083CCU6, STM32U083HCY6TR, STM32U083KCU6, STM32U083MCI6, STM32U083MCT6, STM32U083RCI6, STM32U083RCT6, STM32U375CET6, STM32U375CET6Q, STM32U375CEU6, STM32U375CEU6Q, STM32U375CEY6QTR, STM32U375CGT6, STM32U375CGT6Q, STM32U375CGU6, STM32U375CGU6Q, STM32U375CGY6QTR, STM32U375KEU6, STM32U375KGU6, STM32U375REI6, STM32U375REI6Q, STM32U375RET6, STM32U375RET6Q, STM32U375REY6GTR, STM32U375REY6QTR, STM32U375RGI6, STM32U375RGI6Q, STM32U375RGT6, STM32U375RGT6Q, STM32U375RGY6GTR, STM32U375RGY6QTR, STM32U375VEI6, STM32U375VEI6Q, STM32U375VET6, STM32U375VET6Q, STM32U375VGI6, STM32U375VGI6Q, STM32U375VGT6, STM32U375VGT6Q, STM32U385CGT6, STM32U385CGT6Q, STM32U385CGU6, STM32U385CGU6Q, STM32U385CGY6QTR, STM32U385KGU6, STM32U385RGI6, STM32U385RGI6Q, STM32U385RGT6, STM32U385RGT6Q, STM32U385RGY6GTR, STM32U385RGY6QTR, STM32U385VGI6, STM32U385VGI6Q, STM32U385VGT6, STM32U385VGT6Q, STM32U535CBT6, STM32U535CBT6Q, STM32U535CBU6, STM32U535CBU6Q, STM32U535CCT6, STM32U535CCT6Q, STM32U535CCU6, STM32U535CCU6Q, STM32U535CET6, STM32U535CET6Q, STM32U535CEU6, STM32U535CEU6Q, STM32U535JEY6QTR, STM32U535NCY6QTR, STM32U535NEY6QTR, STM32U535RBI6, STM32U535RBI6Q, STM32U535RBT6, STM32U535RBT6Q, STM32U535RCI6, STM32U535RCI6Q, STM32U535RCT6, STM32U535RCT6Q, STM32U535REI6, STM32U535REI6Q, STM32U535RET6, STM32U535RET6Q, STM32U535VCI6, STM32U535VCI6Q, STM32U535VCT6, STM32U535VCT6Q, STM32U535VEI6, STM32U535VEI6Q, STM32U535VET6, STM32U535VET6Q, STM32U545CET6, STM32U545CET6Q, STM32U545CEU6, STM32U545CEU6Q, STM32U545JEY6QTR, STM32U545NEY6QTR, STM32U545REI6, STM32U545REI6Q, STM32U545RET6, STM32U545RET6Q, STM32U545VEI6, STM32U545VEI6Q, STM32U545VET6, STM32U545VET6Q, STM32U595AIH6, STM32U595AIH6Q, STM32U595AJH6, STM32U595AJH6Q, STM32U595QII6, STM32U595QII6Q, STM32U595QJI6, STM32U595QJI6Q, STM32U595RIT6, STM32U595RIT6Q, STM32U595RJT6, STM32U595RJT6Q, STM32U595VIT6, STM32U595VIT6Q, STM32U595VJT6, STM32U595VJT6Q, STM32U595ZIT6, STM32U595ZIT6Q, STM32U595ZIY6QTR, STM32U595ZJT6, STM32U595ZJT6Q, STM32U595ZJY6QTR, STM32U599BJY6QTR, STM32U599NIH6Q, STM32U599NJH6Q, STM32U599VIT6Q, STM32U599VJT6, STM32U599VJT6Q, STM32U599ZIT6Q, STM32U599ZIY6QTR, STM32U599ZJT6Q, STM32U599ZJY6QTR, STM32U5A5AJH6, STM32U5A5AJH6Q, STM32U5A5QII3Q , STM32U5A5QJI6, STM32U5A5QJI6Q, STM32U5A5RJT6, STM32U5A5RJT6Q, STM32U5A5VJT6, STM32U5A5VJT6Q, STM32U5A5ZJT6, STM32U5A5ZJT6Q, STM32U5A5ZJY6QTR, STM32U5A9BJY6QTR, STM32U5A9J-DK, STM32U5A9NJH6Q, STM32U5A9VJT6Q, STM32U5A9ZJT6Q, STM32U5A9ZJY6QTR, STM32U5F7VIT6, STM32U5F7VIT6Q, STM32U5F7VJT6, STM32U5F7VJT6Q, STM32U5F9BJY6QTR, STM32U5F9NJH6Q, STM32U5F9VIT6Q, STM32U5F9VJT6Q, STM32U5F9ZIJ6QTR, STM32U5F9ZIT6Q, STM32U5F9ZJJ6QTR, STM32U5F9ZJT6Q, STM32U5G7VJT6, STM32U5G7VJT6Q, STM32U5G9BJY6QTR, STM32U5G9J-DK1, STM32U5G9J-DK2, STM32U5G9NJH6Q, STM32U5G9VJT6Q, STM32U5G9ZJJ6QTR, STM32U5G9ZJT6Q, STM32WB05KZV6TR, STM32WB05KZV7TR, STM32WB05TZF6TR, STM32WB05TZF7TR, STM32WB06CCF6TR, STM32WB06CCF7TR, STM32WB06CCV6TR, STM32WB06CCV7TR, STM32WB06KCV6TR, STM32WB06KCV7TR, STM32WB07CCF6TR, STM32WB07CCF7TR, STM32WB07CCV6TR, STM32WB07CCV7TR, STM32WB07KCV6TR, STM32WB07KCV7TR, STM32WB09KEV6TR, STM32WB09KEV7TR, STM32WB09TEF6TR, STM32WB09TEF7TR, STM32WB1MMCH6, STM32WBA50KGU6, STM32WBA50KGU6TR, STM32WBA52CEU6, STM32WBA52CEU6TR, STM32WBA52CEU7, STM32WBA52CEU7TR, STM32WBA52CGU6, STM32WBA52CGU6TR, STM32WBA52CGU6U, STM32WBA52CGU7, STM32WBA52CGU7TR, STM32WBA52KEU6, STM32WBA52KEU6TR, STM32WBA52KGU6, STM32WBA52KGU6TR, STM32WBA54CEU6, STM32WBA54CEU6TR, STM32WBA54CEU7, STM32WBA54CEU7TR, STM32WBA54CGU6, STM32WBA54CGU6TR, STM32WBA54CGU7, STM32WBA54CGU7TR, STM32WBA54KEU6, STM32WBA54KEU6TR, STM32WBA54KEU7, STM32WBA54KEU7TR, STM32WBA54KGU6, STM32WBA54KGU6TR, STM32WBA54KGU7, STM32WBA54KGU7TR, STM32WBA55CEU6, STM32WBA55CEU6TR, STM32WBA55CEU7, STM32WBA55CEU7TR, STM32WBA55CGU6, STM32WBA55CGU6TR, STM32WBA55CGU6U, STM32WBA55CGU7, STM32WBA55CGU7TR, STM32WBA55G-DK1, STM32WBA55HEF6, STM32WBA55HEF7, STM32WBA55HGF6, STM32WBA55HGF7, STM32WBA55UEI6, STM32WBA55UEI6TR, STM32WBA55UEI7, STM32WBA55UEI7TR, STM32WBA55UGI6, STM32WBA55UGI6TR, STM32WBA55UGI7, STM32WBA55UGI7TR, STM32WBA5MMGH6TR, STM32WBA62MGF6, STM32WBA62MIF6, STM32WBA65MGF7, STM32WBA65MIF6, STM32WBA65MIF7, STM32WL30K8V6, STM32WL30KBV6, STM32WL31C8V6, STM32WL31CBV6, STM32WL31K8V6, STM32WL31KBV6, STM32WL33C8V6, STM32WL33C8V6X, STM32WL33CBV6, STM32WL33CBV6X, STM32WL33CCV6, STM32WL33CCV6A, STM32WL33CCV6X, STM32WL33K8V7, STM32WL33K8V7X, STM32WL33KBV7 , STM32WL33KBV7X, STM32WL33KCV7, STM32WL33KCV7X, STM32WL5MOCH6, STM32WL5MOCH6TR]
2026-05-19 00:44:33,370 [INFO] BoardInfo:889 - No configuration file found for board NUCLEO-H5E5ZJ
2026-05-19 00:44:33,371 [INFO] DbBoards:161 - Board is not supported: NUCLEO-H5E5ZJ
2026-05-19 00:44:33,435 [INFO] BoardInfo:889 - No configuration file found for board NUCLEO-U3C5ZI-Q
2026-05-19 00:44:33,436 [INFO] DbBoards:161 - Board is not supported: NUCLEO-U3C5ZI-Q
2026-05-19 00:44:33,456 [INFO] BoardInfo:889 - No configuration file found for board NUCLEO-WBA25CE1
2026-05-19 00:44:33,461 [INFO] DbBoards:161 - Board is not supported: NUCLEO-WBA25CE1
2026-05-19 00:44:33,479 [INFO] BoardInfo:889 - No configuration file found for board NUCLEO-WL3RKB1
2026-05-19 00:44:33,481 [INFO] DbBoards:161 - Board is not supported: NUCLEO-WL3RKB1
2026-05-19 00:44:33,483 [INFO] BoardInfo:889 - No configuration file found for board NUCLEO-WL3RKB2
2026-05-19 00:44:33,485 [INFO] DbBoards:161 - Board is not supported: NUCLEO-WL3RKB2
2026-05-19 00:44:33,500 [INFO] BoardInfo:889 - No configuration file found for board P-NUCLEO-WB55
2026-05-19 00:44:33,502 [INFO] DbBoards:161 - Kit is not supported: P-NUCLEO-WB55
2026-05-19 00:44:33,509 [INFO] BoardInfo:889 - No configuration file found for board STEVAL-BFA001V1B
2026-05-19 00:44:33,511 [INFO] DbBoards:161 - Kit is not supported: STEVAL-BFA001V1B
2026-05-19 00:44:33,512 [INFO] BoardInfo:889 - No configuration file found for board STEVAL-BFA001V2B
2026-05-19 00:44:33,514 [INFO] DbBoards:161 - Kit is not supported: STEVAL-BFA001V2B
2026-05-19 00:44:33,672 [INFO] BoardInfo:889 - No configuration file found for board STM32H5F5J-DK
2026-05-19 00:44:33,673 [INFO] DbBoards:161 - Board is not supported: STM32H5F5J-DK
2026-05-19 00:44:33,731 [ERROR] LogOutputStream:75 - [STDERR_REDIRECT] [Fatal Error] :1:1: Premature end of file.
2026-05-19 00:44:33,731 [ERROR] LogOutputStream:75 - [STDERR_REDIRECT] 
2026-05-19 00:44:33,780 [INFO] DbBoards:168 - Found 218 boards, 209 are supported
2026-05-19 00:44:33,781 [INFO] DbBoards:169 - Found 218 boards, 43 of them is supported for  Bsp
2026-05-19 00:44:33,787 [INFO] ApiDb:423 - Load user favorites file C:\Users\Mujaid/.stm32cubeide/favorites.boards.txt: 0 item(s)
2026-05-19 00:44:33,787 [INFO] ApiDb:427 - User favorites Boards=[]
2026-05-19 00:44:33,787 [INFO] DbBoards:198 - Set 0 / 0 favorites Boards
2026-05-19 00:44:33,855 [ERROR] TargetSelectorAdapter:267 - Unable to refresh data
2026-05-19 00:44:33,946 [INFO] McuFinderGlobals:76 - Set McuFinderConnectedMode to true
2026-05-19 00:44:33,950 [INFO] MultiScanPanel:200 - Auto-refresh data requested => check proxy status ongoing
2026-05-19 00:44:33,953 [INFO] FinderPluginLoader:96 - Searching for filters in installed packs
2026-05-19 00:44:34,759 [ERROR] LogOutputStream:75 - [STDERR_REDIRECT] [Fatal Error] :1:1: Premature end of file.
2026-05-19 00:44:34,759 [ERROR] LogOutputStream:75 - [STDERR_REDIRECT] 
2026-05-19 00:44:35,749 [ERROR] LogOutputStream:75 - [STDERR_REDIRECT] [Fatal Error] :1:1: Premature end of file.
2026-05-19 00:44:35,749 [ERROR] LogOutputStream:75 - [STDERR_REDIRECT] 
2026-05-19 00:44:36,611 [INFO] LoadUrlFilesThread:185 - End of LoadServerUrlFiles without Thread
2026-05-19 00:44:36,612 [INFO] DetailPanel:341 - Set advertising image to C:/Users/Mujaid/STM32Cube/Repository/\en.prom-stm32wba2-stm32-nucleo-board-0426.png
2026-05-19 00:44:36,737 [ERROR] LogOutputStream:75 - [STDERR_REDIRECT] [Fatal Error] :1:1: Premature end of file.
2026-05-19 00:44:36,737 [ERROR] LogOutputStream:75 - [STDERR_REDIRECT] 
2026-05-19 00:44:37,763 [ERROR] LogOutputStream:75 - [STDERR_REDIRECT] [Fatal Error] :1:1: Premature end of file.
2026-05-19 00:44:37,764 [ERROR] LogOutputStream:75 - [STDERR_REDIRECT] 
2026-05-19 00:44:38,775 [ERROR] LogOutputStream:75 - [STDERR_REDIRECT] [Fatal Error] :1:1: Premature end of file.
2026-05-19 00:44:38,776 [ERROR] LogOutputStream:75 - [STDERR_REDIRECT] 
2026-05-19 00:44:39,741 [ERROR] LogOutputStream:75 - [STDERR_REDIRECT] [Fatal Error] :1:1: Premature end of file.
2026-05-19 00:44:39,741 [ERROR] LogOutputStream:75 - [STDERR_REDIRECT] 
2026-05-19 00:44:40,743 [ERROR] LogOutputStream:75 - [STDERR_REDIRECT] [Fatal Error] :1:1: Premature end of file.
2026-05-19 00:44:40,744 [ERROR] LogOutputStream:75 - [STDERR_REDIRECT] 
2026-05-19 00:44:41,657 [INFO] MultiScanPanel:200 - Auto-refresh data requested => check proxy status ongoing
2026-05-19 00:44:41,745 [ERROR] LogOutputStream:75 - [STDERR_REDIRECT] [Fatal Error] :1:1: Premature end of file.
2026-05-19 00:44:41,745 [ERROR] LogOutputStream:75 - [STDERR_REDIRECT] 
2026-05-19 00:44:41,771 [INFO] LoadUrlFilesThread:185 - End of LoadServerUrlFiles without Thread
2026-05-19 00:44:41,772 [INFO] DetailPanel:341 - Set advertising image to C:/Users/Mujaid/STM32Cube/Repository/\en.prom-stm32wba2-stm32-nucleo-board-0426.png
2026-05-19 00:44:41,780 [INFO] DbBoards:642 - Loading board mini-images...
2026-05-19 00:44:42,749 [ERROR] LogOutputStream:75 - [STDERR_REDIRECT] [Fatal Error] :1:1: Premature end of file.
2026-05-19 00:44:42,749 [ERROR] LogOutputStream:75 - [STDERR_REDIRECT] 
2026-05-19 00:44:43,936 [ERROR] LogOutputStream:75 - [STDERR_REDIRECT] [Fatal Error] :1:1: Premature end of file.
2026-05-19 00:44:43,936 [ERROR] LogOutputStream:75 - [STDERR_REDIRECT] 
2026-05-19 00:44:44,624 [INFO] DbBoards:665 - Loaded 218 board mini-images
2026-05-19 00:44:44,743 [ERROR] LogOutputStream:75 - [STDERR_REDIRECT] [Fatal Error] :1:1: Premature end of file.
2026-05-19 00:44:44,743 [ERROR] LogOutputStream:75 - [STDERR_REDIRECT] 
2026-05-19 00:44:45,736 [ERROR] LogOutputStream:75 - [STDERR_REDIRECT] [Fatal Error] :1:1: Premature end of file.
2026-05-19 00:44:45,736 [ERROR] LogOutputStream:75 - [STDERR_REDIRECT] 
2026-05-19 00:44:46,730 [ERROR] LogOutputStream:75 - [STDERR_REDIRECT] [Fatal Error] :1:1: Premature end of file.
2026-05-19 00:44:46,730 [ERROR] LogOutputStream:75 - [STDERR_REDIRECT] 
2026-05-19 00:44:47,739 [ERROR] LogOutputStream:75 - [STDERR_REDIRECT] [Fatal Error] :1:1: Premature end of file.
2026-05-19 00:44:47,740 [ERROR] LogOutputStream:75 - [STDERR_REDIRECT] 
2026-05-19 00:44:48,735 [ERROR] LogOutputStream:75 - [STDERR_REDIRECT] [Fatal Error] :1:1: Premature end of file.
2026-05-19 00:44:48,735 [ERROR] LogOutputStream:75 - [STDERR_REDIRECT] 
2026-05-19 00:44:49,733 [ERROR] LogOutputStream:75 - [STDERR_REDIRECT] [Fatal Error] :1:1: Premature end of file.
2026-05-19 00:44:49,733 [ERROR] LogOutputStream:75 - [STDERR_REDIRECT] 
2026-05-19 00:44:50,753 [ERROR] LogOutputStream:75 - [STDERR_REDIRECT] [Fatal Error] :1:1: Premature end of file.
2026-05-19 00:44:50,753 [ERROR] LogOutputStream:75 - [STDERR_REDIRECT] 
2026-05-19 00:44:51,754 [ERROR] LogOutputStream:75 - [STDERR_REDIRECT] [Fatal Error] :1:1: Premature end of file.
2026-05-19 00:44:51,754 [ERROR] LogOutputStream:75 - [STDERR_REDIRECT] 
2026-05-19 00:44:52,755 [ERROR] LogOutputStream:75 - [STDERR_REDIRECT] [Fatal Error] :1:1: Premature end of file.
2026-05-19 00:44:52,755 [ERROR] LogOutputStream:75 - [STDERR_REDIRECT] 
2026-05-19 00:44:53,734 [ERROR] LogOutputStream:75 - [STDERR_REDIRECT] [Fatal Error] :1:1: Premature end of file.
2026-05-19 00:44:53,734 [ERROR] LogOutputStream:75 - [STDERR_REDIRECT] 
2026-05-19 00:44:54,757 [ERROR] LogOutputStream:75 - [STDERR_REDIRECT] [Fatal Error] :1:1: Premature end of file.
2026-05-19 00:44:54,757 [ERROR] LogOutputStream:75 - [STDERR_REDIRECT] 
2026-05-19 00:44:55,756 [ERROR] LogOutputStream:75 - [STDERR_REDIRECT] [Fatal Error] :1:1: Premature end of file.
2026-05-19 00:44:55,757 [ERROR] LogOutputStream:75 - [STDERR_REDIRECT] 
2026-05-19 00:44:56,763 [ERROR] LogOutputStream:75 - [STDERR_REDIRECT] [Fatal Error] :1:1: Premature end of file.
2026-05-19 00:44:56,763 [ERROR] LogOutputStream:75 - [STDERR_REDIRECT] 
2026-05-19 00:44:57,744 [ERROR] LogOutputStream:75 - [STDERR_REDIRECT] [Fatal Error] :1:1: Premature end of file.
2026-05-19 00:44:57,744 [ERROR] LogOutputStream:75 - [STDERR_REDIRECT] 
2026-05-19 00:44:58,732 [ERROR] LogOutputStream:75 - [STDERR_REDIRECT] [Fatal Error] :1:1: Premature end of file.
2026-05-19 00:44:58,732 [ERROR] LogOutputStream:75 - [STDERR_REDIRECT] 
2026-05-19 00:44:59,733 [ERROR] LogOutputStream:75 - [STDERR_REDIRECT] [Fatal Error] :1:1: Premature end of file.
2026-05-19 00:44:59,733 [ERROR] LogOutputStream:75 - [STDERR_REDIRECT] 
2026-05-19 00:45:00,730 [ERROR] LogOutputStream:75 - [STDERR_REDIRECT] [Fatal Error] :1:1: Premature end of file.
2026-05-19 00:45:00,730 [ERROR] LogOutputStream:75 - [STDERR_REDIRECT] 
2026-05-19 00:45:01,734 [ERROR] LogOutputStream:75 - [STDERR_REDIRECT] [Fatal Error] :1:1: Premature end of file.
2026-05-19 00:45:01,734 [ERROR] LogOutputStream:75 - [STDERR_REDIRECT] 
2026-05-19 00:45:02,751 [ERROR] LogOutputStream:75 - [STDERR_REDIRECT] [Fatal Error] :1:1: Premature end of file.
2026-05-19 00:45:02,751 [ERROR] LogOutputStream:75 - [STDERR_REDIRECT] 
2026-05-19 00:45:03,761 [ERROR] LogOutputStream:75 - [STDERR_REDIRECT] [Fatal Error] :1:1: Premature end of file.
2026-05-19 00:45:03,761 [ERROR] LogOutputStream:75 - [STDERR_REDIRECT] 
2026-05-19 00:45:04,755 [ERROR] LogOutputStream:75 - [STDERR_REDIRECT] [Fatal Error] :1:1: Premature end of file.
2026-05-19 00:45:04,755 [ERROR] LogOutputStream:75 - [STDERR_REDIRECT] 
2026-05-19 00:45:05,752 [ERROR] LogOutputStream:75 - [STDERR_REDIRECT] [Fatal Error] :1:1: Premature end of file.
2026-05-19 00:45:05,752 [ERROR] LogOutputStream:75 - [STDERR_REDIRECT] 
2026-05-19 00:45:06,747 [ERROR] LogOutputStream:75 - [STDERR_REDIRECT] [Fatal Error] :1:1: Premature end of file.
2026-05-19 00:45:06,747 [ERROR] LogOutputStream:75 - [STDERR_REDIRECT] 
2026-05-19 00:45:07,737 [ERROR] LogOutputStream:75 - [STDERR_REDIRECT] [Fatal Error] :1:1: Premature end of file.
2026-05-19 00:45:07,737 [ERROR] LogOutputStream:75 - [STDERR_REDIRECT] 
2026-05-19 00:45:08,754 [ERROR] LogOutputStream:75 - [STDERR_REDIRECT] [Fatal Error] :1:1: Premature end of file.
2026-05-19 00:45:08,754 [ERROR] LogOutputStream:75 - [STDERR_REDIRECT] 
2026-05-19 00:45:09,754 [ERROR] LogOutputStream:75 - [STDERR_REDIRECT] [Fatal Error] :1:1: Premature end of file.
2026-05-19 00:45:09,754 [ERROR] LogOutputStream:75 - [STDERR_REDIRECT] 
2026-05-19 00:45:10,771 [ERROR] LogOutputStream:75 - [STDERR_REDIRECT] [Fatal Error] :1:1: Premature end of file.
2026-05-19 00:45:10,771 [ERROR] LogOutputStream:75 - [STDERR_REDIRECT] 
2026-05-19 00:45:11,748 [ERROR] LogOutputStream:75 - [STDERR_REDIRECT] [Fatal Error] :1:1: Premature end of file.
2026-05-19 00:45:11,748 [ERROR] LogOutputStream:75 - [STDERR_REDIRECT] 
2026-05-19 00:45:12,748 [ERROR] LogOutputStream:75 - [STDERR_REDIRECT] [Fatal Error] :1:1: Premature end of file.
2026-05-19 00:45:12,748 [ERROR] LogOutputStream:75 - [STDERR_REDIRECT] 
2026-05-19 00:45:13,757 [ERROR] LogOutputStream:75 - [STDERR_REDIRECT] [Fatal Error] :1:1: Premature end of file.
2026-05-19 00:45:13,763 [ERROR] LogOutputStream:75 - [STDERR_REDIRECT] 
2026-05-19 00:45:14,754 [ERROR] LogOutputStream:75 - [STDERR_REDIRECT] [Fatal Error] :1:1: Premature end of file.
2026-05-19 00:45:14,754 [ERROR] LogOutputStream:75 - [STDERR_REDIRECT] 
2026-05-19 00:45:15,748 [ERROR] LogOutputStream:75 - [STDERR_REDIRECT] [Fatal Error] :1:1: Premature end of file.
2026-05-19 00:45:15,748 [ERROR] LogOutputStream:75 - [STDERR_REDIRECT] 
2026-05-19 00:45:16,759 [ERROR] LogOutputStream:75 - [STDERR_REDIRECT] [Fatal Error] :1:1: Premature end of file.
2026-05-19 00:45:16,760 [ERROR] LogOutputStream:75 - [STDERR_REDIRECT] 
2026-05-19 00:45:17,747 [ERROR] LogOutputStream:75 - [STDERR_REDIRECT] [Fatal Error] :1:1: Premature end of file.
2026-05-19 00:45:17,747 [ERROR] LogOutputStream:75 - [STDERR_REDIRECT] 
2026-05-19 00:45:18,752 [ERROR] LogOutputStream:75 - [STDERR_REDIRECT] [Fatal Error] :1:1: Premature end of file.
2026-05-19 00:45:18,752 [ERROR] LogOutputStream:75 - [STDERR_REDIRECT] 
2026-05-19 00:45:19,753 [ERROR] LogOutputStream:75 - [STDERR_REDIRECT] [Fatal Error] :1:1: Premature end of file.
2026-05-19 00:45:19,753 [ERROR] LogOutputStream:75 - [STDERR_REDIRECT] 
2026-05-19 00:45:20,756 [ERROR] LogOutputStream:75 - [STDERR_REDIRECT] [Fatal Error] :1:1: Premature end of file.
2026-05-19 00:45:20,756 [ERROR] LogOutputStream:75 - [STDERR_REDIRECT] 
2026-05-19 00:45:21,753 [ERROR] LogOutputStream:75 - [STDERR_REDIRECT] [Fatal Error] :1:1: Premature end of file.
2026-05-19 00:45:21,753 [ERROR] LogOutputStream:75 - [STDERR_REDIRECT] 
2026-05-19 00:45:22,757 [ERROR] LogOutputStream:75 - [STDERR_REDIRECT] [Fatal Error] :1:1: Premature end of file.
2026-05-19 00:45:22,757 [ERROR] LogOutputStream:75 - [STDERR_REDIRECT] 
2026-05-19 00:45:23,742 [ERROR] LogOutputStream:75 - [STDERR_REDIRECT] [Fatal Error] :1:1: Premature end of file.
2026-05-19 00:45:23,742 [ERROR] LogOutputStream:75 - [STDERR_REDIRECT] 
2026-05-19 00:45:24,755 [ERROR] LogOutputStream:75 - [STDERR_REDIRECT] [Fatal Error] :1:1: Premature end of file.
2026-05-19 00:45:24,755 [ERROR] LogOutputStream:75 - [STDERR_REDIRECT] 
2026-05-19 00:45:25,739 [ERROR] LogOutputStream:75 - [STDERR_REDIRECT] [Fatal Error] :1:1: Premature end of file.
2026-05-19 00:45:25,739 [ERROR] LogOutputStream:75 - [STDERR_REDIRECT] 
2026-05-19 00:45:26,759 [ERROR] LogOutputStream:75 - [STDERR_REDIRECT] [Fatal Error] :1:1: Premature end of file.
2026-05-19 00:45:26,759 [ERROR] LogOutputStream:75 - [STDERR_REDIRECT] 
2026-05-19 00:45:27,757 [ERROR] LogOutputStream:75 - [STDERR_REDIRECT] [Fatal Error] :1:1: Premature end of file.
2026-05-19 00:45:27,757 [ERROR] LogOutputStream:75 - [STDERR_REDIRECT] 
2026-05-19 00:45:28,757 [ERROR] LogOutputStream:75 - [STDERR_REDIRECT] [Fatal Error] :1:1: Premature end of file.
2026-05-19 00:45:28,757 [ERROR] LogOutputStream:75 - [STDERR_REDIRECT] 
2026-05-19 00:45:29,730 [ERROR] LogOutputStream:75 - [STDERR_REDIRECT] [Fatal Error] :1:1: Premature end of file.
2026-05-19 00:45:29,730 [ERROR] LogOutputStream:75 - [STDERR_REDIRECT] 
2026-05-19 00:45:30,732 [ERROR] LogOutputStream:75 - [STDERR_REDIRECT] [Fatal Error] :1:1: Premature end of file.
2026-05-19 00:45:30,732 [ERROR] LogOutputStream:75 - [STDERR_REDIRECT] 
2026-05-19 00:45:31,729 [ERROR] LogOutputStream:75 - [STDERR_REDIRECT] [Fatal Error] :1:1: Premature end of file.
2026-05-19 00:45:31,729 [ERROR] LogOutputStream:75 - [STDERR_REDIRECT] 
2026-05-19 00:45:32,748 [ERROR] LogOutputStream:75 - [STDERR_REDIRECT] [Fatal Error] :1:1: Premature end of file.
2026-05-19 00:45:32,748 [ERROR] LogOutputStream:75 - [STDERR_REDIRECT] 
2026-05-19 00:45:33,015 [INFO] McuFinderGlobals:76 - Set McuFinderConnectedMode to true
2026-05-19 00:45:33,017 [INFO] ApiDb:448 - Save user favorites file C:\Users\Mujaid/.stm32cubeide/favorites.mcus.txt: 0 item(s)
2026-05-19 00:45:33,018 [INFO] ApiDb:452 - User favorites MCUs=[]
2026-05-19 00:45:33,021 [INFO] ApiDb:448 - Save user favorites file C:\Users\Mujaid/.stm32cubeide/favorites.boards.txt: 0 item(s)
2026-05-19 00:45:33,021 [INFO] ApiDb:452 - User favorites Boards=[]
2026-05-19 00:45:33,731 [ERROR] LogOutputStream:75 - [STDERR_REDIRECT] [Fatal Error] :1:1: Premature end of file.
2026-05-19 00:45:33,731 [ERROR] LogOutputStream:75 - [STDERR_REDIRECT] 
2026-05-19 00:45:34,735 [ERROR] LogOutputStream:75 - [STDERR_REDIRECT] [Fatal Error] :1:1: Premature end of file.
2026-05-19 00:45:34,735 [ERROR] LogOutputStream:75 - [STDERR_REDIRECT] 
2026-05-19 00:45:35,744 [ERROR] LogOutputStream:75 - [STDERR_REDIRECT] [Fatal Error] :1:1: Premature end of file.
2026-05-19 00:45:35,744 [ERROR] LogOutputStream:75 - [STDERR_REDIRECT] 
2026-05-19 00:45:36,749 [ERROR] LogOutputStream:75 - [STDERR_REDIRECT] [Fatal Error] :1:1: Premature end of file.
2026-05-19 00:45:36,749 [ERROR] LogOutputStream:75 - [STDERR_REDIRECT] 
2026-05-19 00:45:37,738 [ERROR] LogOutputStream:75 - [STDERR_REDIRECT] [Fatal Error] :1:1: Premature end of file.
2026-05-19 00:45:37,738 [ERROR] LogOutputStream:75 - [STDERR_REDIRECT] 
2026-05-19 00:45:38,740 [ERROR] LogOutputStream:75 - [STDERR_REDIRECT] [Fatal Error] :1:1: Premature end of file.
2026-05-19 00:45:38,740 [ERROR] LogOutputStream:75 - [STDERR_REDIRECT] 
2026-05-19 00:45:39,756 [ERROR] LogOutputStream:75 - [STDERR_REDIRECT] [Fatal Error] :1:1: Premature end of file.
2026-05-19 00:45:39,756 [ERROR] LogOutputStream:75 - [STDERR_REDIRECT] 
2026-05-19 00:45:40,761 [ERROR] LogOutputStream:75 - [STDERR_REDIRECT] [Fatal Error] :1:1: Premature end of file.
2026-05-19 00:45:40,761 [ERROR] LogOutputStream:75 - [STDERR_REDIRECT] 
2026-05-19 00:45:41,754 [ERROR] LogOutputStream:75 - [STDERR_REDIRECT] [Fatal Error] :1:1: Premature end of file.
2026-05-19 00:45:41,754 [ERROR] LogOutputStream:75 - [STDERR_REDIRECT] 
2026-05-19 00:45:42,751 [ERROR] LogOutputStream:75 - [STDERR_REDIRECT] [Fatal Error] :1:1: Premature end of file.
2026-05-19 00:45:42,752 [ERROR] LogOutputStream:75 - [STDERR_REDIRECT] 
2026-05-19 00:45:43,761 [ERROR] LogOutputStream:75 - [STDERR_REDIRECT] [Fatal Error] :1:1: Premature end of file.
2026-05-19 00:45:43,761 [ERROR] LogOutputStream:75 - [STDERR_REDIRECT] 
2026-05-19 00:45:44,744 [ERROR] LogOutputStream:75 - [STDERR_REDIRECT] [Fatal Error] :1:1: Premature end of file.
2026-05-19 00:45:44,744 [ERROR] LogOutputStream:75 - [STDERR_REDIRECT] 
2026-05-19 00:45:45,738 [ERROR] LogOutputStream:75 - [STDERR_REDIRECT] [Fatal Error] :1:1: Premature end of file.
2026-05-19 00:45:45,739 [ERROR] LogOutputStream:75 - [STDERR_REDIRECT] 
2026-05-19 00:45:46,754 [ERROR] LogOutputStream:75 - [STDERR_REDIRECT] [Fatal Error] :1:1: Premature end of file.
2026-05-19 00:45:46,754 [ERROR] LogOutputStream:75 - [STDERR_REDIRECT] 
2026-05-19 00:45:47,738 [ERROR] LogOutputStream:75 - [STDERR_REDIRECT] [Fatal Error] :1:1: Premature end of file.
2026-05-19 00:45:47,738 [ERROR] LogOutputStream:75 - [STDERR_REDIRECT] 
2026-05-19 00:45:48,758 [ERROR] LogOutputStream:75 - [STDERR_REDIRECT] [Fatal Error] :1:1: Premature end of file.
2026-05-19 00:45:48,759 [ERROR] LogOutputStream:75 - [STDERR_REDIRECT] 
2026-05-19 00:45:49,756 [ERROR] LogOutputStream:75 - [STDERR_REDIRECT] [Fatal Error] :1:1: Premature end of file.
2026-05-19 00:45:49,756 [ERROR] LogOutputStream:75 - [STDERR_REDIRECT] 
2026-05-19 00:45:50,757 [ERROR] LogOutputStream:75 - [STDERR_REDIRECT] [Fatal Error] :1:1: Premature end of file.
2026-05-19 00:45:50,757 [ERROR] LogOutputStream:75 - [STDERR_REDIRECT] 
2026-05-19 00:45:51,751 [ERROR] LogOutputStream:75 - [STDERR_REDIRECT] [Fatal Error] :1:1: Premature end of file.
2026-05-19 00:45:51,752 [ERROR] LogOutputStream:75 - [STDERR_REDIRECT] 
2026-05-19 00:45:52,754 [ERROR] LogOutputStream:75 - [STDERR_REDIRECT] [Fatal Error] :1:1: Premature end of file.
2026-05-19 00:45:52,754 [ERROR] LogOutputStream:75 - [STDERR_REDIRECT] 
2026-05-19 00:45:53,736 [ERROR] LogOutputStream:75 - [STDERR_REDIRECT] [Fatal Error] :1:1: Premature end of file.
2026-05-19 00:45:53,736 [ERROR] LogOutputStream:75 - [STDERR_REDIRECT] 
2026-05-19 00:45:54,763 [ERROR] LogOutputStream:75 - [STDERR_REDIRECT] [Fatal Error] :1:1: Premature end of file.
2026-05-19 00:45:54,763 [ERROR] LogOutputStream:75 - [STDERR_REDIRECT] 
2026-05-19 00:45:55,754 [ERROR] LogOutputStream:75 - [STDERR_REDIRECT] [Fatal Error] :1:1: Premature end of file.
2026-05-19 00:45:55,754 [ERROR] LogOutputStream:75 - [STDERR_REDIRECT] 
2026-05-19 00:45:56,779 [ERROR] LogOutputStream:75 - [STDERR_REDIRECT] [Fatal Error] :1:1: Premature end of file.
2026-05-19 00:45:56,779 [ERROR] LogOutputStream:75 - [STDERR_REDIRECT] 
2026-05-19 00:45:57,763 [ERROR] LogOutputStream:75 - [STDERR_REDIRECT] [Fatal Error] :1:1: Premature end of file.
2026-05-19 00:45:57,763 [ERROR] LogOutputStream:75 - [STDERR_REDIRECT] 
2026-05-19 00:45:58,738 [ERROR] LogOutputStream:75 - [STDERR_REDIRECT] [Fatal Error] :1:1: Premature end of file.
2026-05-19 00:45:58,738 [ERROR] LogOutputStream:75 - [STDERR_REDIRECT] 
2026-05-19 00:45:59,736 [ERROR] LogOutputStream:75 - [STDERR_REDIRECT] [Fatal Error] :1:1: Premature end of file.
2026-05-19 00:45:59,736 [ERROR] LogOutputStream:75 - [STDERR_REDIRECT] 
2026-05-19 00:46:00,730 [ERROR] LogOutputStream:75 - [STDERR_REDIRECT] [Fatal Error] :1:1: Premature end of file.
2026-05-19 00:46:00,730 [ERROR] LogOutputStream:75 - [STDERR_REDIRECT] 
2026-05-19 00:46:01,756 [ERROR] LogOutputStream:75 - [STDERR_REDIRECT] [Fatal Error] :1:1: Premature end of file.
2026-05-19 00:46:01,757 [ERROR] LogOutputStream:75 - [STDERR_REDIRECT] 
2026-05-19 00:46:02,739 [ERROR] LogOutputStream:75 - [STDERR_REDIRECT] [Fatal Error] :1:1: Premature end of file.
2026-05-19 00:46:02,739 [ERROR] LogOutputStream:75 - [STDERR_REDIRECT] 
2026-05-19 00:46:03,747 [ERROR] LogOutputStream:75 - [STDERR_REDIRECT] [Fatal Error] :1:1: Premature end of file.
2026-05-19 00:46:03,747 [ERROR] LogOutputStream:75 - [STDERR_REDIRECT] 
2026-05-19 00:46:04,761 [ERROR] LogOutputStream:75 - [STDERR_REDIRECT] [Fatal Error] :1:1: Premature end of file.
2026-05-19 00:46:04,761 [ERROR] LogOutputStream:75 - [STDERR_REDIRECT] 
2026-05-19 00:46:05,767 [ERROR] LogOutputStream:75 - [STDERR_REDIRECT] [Fatal Error] :1:1: Premature end of file.
2026-05-19 00:46:05,767 [ERROR] LogOutputStream:75 - [STDERR_REDIRECT] 
2026-05-19 00:46:06,748 [ERROR] LogOutputStream:75 - [STDERR_REDIRECT] [Fatal Error] :1:1: Premature end of file.
2026-05-19 00:46:06,748 [ERROR] LogOutputStream:75 - [STDERR_REDIRECT] 
2026-05-19 00:46:07,757 [ERROR] LogOutputStream:75 - [STDERR_REDIRECT] [Fatal Error] :1:1: Premature end of file.
2026-05-19 00:46:07,757 [ERROR] LogOutputStream:75 - [STDERR_REDIRECT] 
2026-05-19 00:46:08,737 [ERROR] LogOutputStream:75 - [STDERR_REDIRECT] [Fatal Error] :1:1: Premature end of file.
2026-05-19 00:46:08,737 [ERROR] LogOutputStream:75 - [STDERR_REDIRECT] 
2026-05-19 00:46:09,768 [ERROR] LogOutputStream:75 - [STDERR_REDIRECT] [Fatal Error] :1:1: Premature end of file.
2026-05-19 00:46:09,768 [ERROR] LogOutputStream:75 - [STDERR_REDIRECT] 
2026-05-19 00:46:10,772 [ERROR] LogOutputStream:75 - [STDERR_REDIRECT] [Fatal Error] :1:1: Premature end of file.
2026-05-19 00:46:10,772 [ERROR] LogOutputStream:75 - [STDERR_REDIRECT] 
2026-05-19 00:46:11,758 [ERROR] LogOutputStream:75 - [STDERR_REDIRECT] [Fatal Error] :1:1: Premature end of file.
2026-05-19 00:46:11,758 [ERROR] LogOutputStream:75 - [STDERR_REDIRECT] 
2026-05-19 00:46:12,770 [ERROR] LogOutputStream:75 - [STDERR_REDIRECT] [Fatal Error] :1:1: Premature end of file.
2026-05-19 00:46:12,770 [ERROR] LogOutputStream:75 - [STDERR_REDIRECT] 
2026-05-19 00:46:13,770 [ERROR] LogOutputStream:75 - [STDERR_REDIRECT] [Fatal Error] :1:1: Premature end of file.
2026-05-19 00:46:13,770 [ERROR] LogOutputStream:75 - [STDERR_REDIRECT] 
2026-05-19 00:46:14,754 [ERROR] LogOutputStream:75 - [STDERR_REDIRECT] [Fatal Error] :1:1: Premature end of file.
2026-05-19 00:46:14,754 [ERROR] LogOutputStream:75 - [STDERR_REDIRECT] 
2026-05-19 00:46:15,756 [ERROR] LogOutputStream:75 - [STDERR_REDIRECT] [Fatal Error] :1:1: Premature end of file.
2026-05-19 00:46:15,756 [ERROR] LogOutputStream:75 - [STDERR_REDIRECT] 
2026-05-19 00:46:16,760 [ERROR] LogOutputStream:75 - [STDERR_REDIRECT] [Fatal Error] :1:1: Premature end of file.
2026-05-19 00:46:16,760 [ERROR] LogOutputStream:75 - [STDERR_REDIRECT] 
2026-05-19 00:46:17,760 [ERROR] LogOutputStream:75 - [STDERR_REDIRECT] [Fatal Error] :1:1: Premature end of file.
2026-05-19 00:46:17,761 [ERROR] LogOutputStream:75 - [STDERR_REDIRECT] 
2026-05-19 00:46:18,764 [ERROR] LogOutputStream:75 - [STDERR_REDIRECT] [Fatal Error] :1:1: Premature end of file.
2026-05-19 00:46:18,765 [ERROR] LogOutputStream:75 - [STDERR_REDIRECT] 
2026-05-19 00:46:19,759 [ERROR] LogOutputStream:75 - [STDERR_REDIRECT] [Fatal Error] :1:1: Premature end of file.
2026-05-19 00:46:19,759 [ERROR] LogOutputStream:75 - [STDERR_REDIRECT] 
2026-05-19 00:46:20,754 [ERROR] LogOutputStream:75 - [STDERR_REDIRECT] [Fatal Error] :1:1: Premature end of file.
2026-05-19 00:46:20,754 [ERROR] LogOutputStream:75 - [STDERR_REDIRECT] 
2026-05-19 00:46:21,753 [ERROR] LogOutputStream:75 - [STDERR_REDIRECT] [Fatal Error] :1:1: Premature end of file.
2026-05-19 00:46:21,753 [ERROR] LogOutputStream:75 - [STDERR_REDIRECT] 
2026-05-19 00:46:22,763 [ERROR] LogOutputStream:75 - [STDERR_REDIRECT] [Fatal Error] :1:1: Premature end of file.
2026-05-19 00:46:22,763 [ERROR] LogOutputStream:75 - [STDERR_REDIRECT] 
2026-05-19 00:46:23,751 [ERROR] LogOutputStream:75 - [STDERR_REDIRECT] [Fatal Error] :1:1: Premature end of file.
2026-05-19 00:46:23,751 [ERROR] LogOutputStream:75 - [STDERR_REDIRECT] 
2026-05-19 00:46:24,749 [ERROR] LogOutputStream:75 - [STDERR_REDIRECT] [Fatal Error] :1:1: Premature end of file.
2026-05-19 00:46:24,750 [ERROR] LogOutputStream:75 - [STDERR_REDIRECT] 
2026-05-19 00:46:25,752 [ERROR] LogOutputStream:75 - [STDERR_REDIRECT] [Fatal Error] :1:1: Premature end of file.
2026-05-19 00:46:25,752 [ERROR] LogOutputStream:75 - [STDERR_REDIRECT] 
2026-05-19 00:46:26,757 [ERROR] LogOutputStream:75 - [STDERR_REDIRECT] [Fatal Error] :1:1: Premature end of file.
2026-05-19 00:46:26,757 [ERROR] LogOutputStream:75 - [STDERR_REDIRECT] 
2026-05-19 00:46:27,753 [ERROR] LogOutputStream:75 - [STDERR_REDIRECT] [Fatal Error] :1:1: Premature end of file.
2026-05-19 00:46:27,753 [ERROR] LogOutputStream:75 - [STDERR_REDIRECT] 
2026-05-19 00:46:28,758 [ERROR] LogOutputStream:75 - [STDERR_REDIRECT] [Fatal Error] :1:1: Premature end of file.
2026-05-19 00:46:28,758 [ERROR] LogOutputStream:75 - [STDERR_REDIRECT] 
2026-05-19 00:46:29,766 [ERROR] LogOutputStream:75 - [STDERR_REDIRECT] [Fatal Error] :1:1: Premature end of file.
2026-05-19 00:46:29,766 [ERROR] LogOutputStream:75 - [STDERR_REDIRECT] 
2026-05-19 00:46:30,761 [ERROR] LogOutputStream:75 - [STDERR_REDIRECT] [Fatal Error] :1:1: Premature end of file.
2026-05-19 00:46:30,761 [ERROR] LogOutputStream:75 - [STDERR_REDIRECT] 
2026-05-19 00:46:31,755 [ERROR] LogOutputStream:75 - [STDERR_REDIRECT] [Fatal Error] :1:1: Premature end of file.
2026-05-19 00:46:31,755 [ERROR] LogOutputStream:75 - [STDERR_REDIRECT] 
2026-05-19 00:46:32,760 [ERROR] LogOutputStream:75 - [STDERR_REDIRECT] [Fatal Error] :1:1: Premature end of file.
2026-05-19 00:46:32,760 [ERROR] LogOutputStream:75 - [STDERR_REDIRECT] 
2026-05-19 00:46:33,761 [ERROR] LogOutputStream:75 - [STDERR_REDIRECT] [Fatal Error] :1:1: Premature end of file.
2026-05-19 00:46:33,761 [ERROR] LogOutputStream:75 - [STDERR_REDIRECT] 
2026-05-19 00:46:34,752 [ERROR] LogOutputStream:75 - [STDERR_REDIRECT] [Fatal Error] :1:1: Premature end of file.
2026-05-19 00:46:34,752 [ERROR] LogOutputStream:75 - [STDERR_REDIRECT] 
2026-05-19 00:46:35,754 [ERROR] LogOutputStream:75 - [STDERR_REDIRECT] [Fatal Error] :1:1: Premature end of file.
2026-05-19 00:46:35,754 [ERROR] LogOutputStream:75 - [STDERR_REDIRECT] 
2026-05-19 00:46:36,755 [ERROR] LogOutputStream:75 - [STDERR_REDIRECT] [Fatal Error] :1:1: Premature end of file.
2026-05-19 00:46:36,756 [ERROR] LogOutputStream:75 - [STDERR_REDIRECT] 
2026-05-19 00:46:37,752 [ERROR] LogOutputStream:75 - [STDERR_REDIRECT] [Fatal Error] :1:1: Premature end of file.
2026-05-19 00:46:37,752 [ERROR] LogOutputStream:75 - [STDERR_REDIRECT] 
2026-05-19 00:46:38,764 [ERROR] LogOutputStream:75 - [STDERR_REDIRECT] [Fatal Error] :1:1: Premature end of file.
2026-05-19 00:46:38,764 [ERROR] LogOutputStream:75 - [STDERR_REDIRECT] 
2026-05-19 00:46:39,753 [ERROR] LogOutputStream:75 - [STDERR_REDIRECT] [Fatal Error] :1:1: Premature end of file.
2026-05-19 00:46:39,753 [ERROR] LogOutputStream:75 - [STDERR_REDIRECT] 
2026-05-19 00:46:40,756 [ERROR] LogOutputStream:75 - [STDERR_REDIRECT] [Fatal Error] :1:1: Premature end of file.
2026-05-19 00:46:40,756 [ERROR] LogOutputStream:75 - [STDERR_REDIRECT] 
2026-05-19 00:46:41,752 [ERROR] LogOutputStream:75 - [STDERR_REDIRECT] [Fatal Error] :1:1: Premature end of file.
2026-05-19 00:46:41,752 [ERROR] LogOutputStream:75 - [STDERR_REDIRECT] 
2026-05-19 00:46:42,743 [ERROR] LogOutputStream:75 - [STDERR_REDIRECT] [Fatal Error] :1:1: Premature end of file.
2026-05-19 00:46:42,744 [ERROR] LogOutputStream:75 - [STDERR_REDIRECT] 
2026-05-19 00:46:43,760 [ERROR] LogOutputStream:75 - [STDERR_REDIRECT] [Fatal Error] :1:1: Premature end of file.
2026-05-19 00:46:43,760 [ERROR] LogOutputStream:75 - [STDERR_REDIRECT] 
2026-05-19 00:46:44,758 [ERROR] LogOutputStream:75 - [STDERR_REDIRECT] [Fatal Error] :1:1: Premature end of file.
2026-05-19 00:46:44,758 [ERROR] LogOutputStream:75 - [STDERR_REDIRECT] 
2026-05-19 00:46:45,759 [ERROR] LogOutputStream:75 - [STDERR_REDIRECT] [Fatal Error] :1:1: Premature end of file.
2026-05-19 00:46:45,760 [ERROR] LogOutputStream:75 - [STDERR_REDIRECT] 
2026-05-19 00:46:46,739 [ERROR] LogOutputStream:75 - [STDERR_REDIRECT] [Fatal Error] :1:1: Premature end of file.
2026-05-19 00:46:46,739 [ERROR] LogOutputStream:75 - [STDERR_REDIRECT] 
2026-05-19 00:46:47,755 [ERROR] LogOutputStream:75 - [STDERR_REDIRECT] [Fatal Error] :1:1: Premature end of file.
2026-05-19 00:46:47,755 [ERROR] LogOutputStream:75 - [STDERR_REDIRECT] 
2026-05-19 00:46:48,761 [ERROR] LogOutputStream:75 - [STDERR_REDIRECT] [Fatal Error] :1:1: Premature end of file.
2026-05-19 00:46:48,761 [ERROR] LogOutputStream:75 - [STDERR_REDIRECT] 
2026-05-19 00:46:49,751 [ERROR] LogOutputStream:75 - [STDERR_REDIRECT] [Fatal Error] :1:1: Premature end of file.
2026-05-19 00:46:49,751 [ERROR] LogOutputStream:75 - [STDERR_REDIRECT] 
2026-05-19 00:46:50,748 [ERROR] LogOutputStream:75 - [STDERR_REDIRECT] [Fatal Error] :1:1: Premature end of file.
2026-05-19 00:46:50,748 [ERROR] LogOutputStream:75 - [STDERR_REDIRECT] 
2026-05-19 00:46:51,758 [ERROR] LogOutputStream:75 - [STDERR_REDIRECT] [Fatal Error] :1:1: Premature end of file.
2026-05-19 00:46:51,758 [ERROR] LogOutputStream:75 - [STDERR_REDIRECT] 
2026-05-19 00:46:52,752 [ERROR] LogOutputStream:75 - [STDERR_REDIRECT] [Fatal Error] :1:1: Premature end of file.
2026-05-19 00:46:52,752 [ERROR] LogOutputStream:75 - [STDERR_REDIRECT] 
2026-05-19 00:46:53,752 [ERROR] LogOutputStream:75 - [STDERR_REDIRECT] [Fatal Error] :1:1: Premature end of file.
2026-05-19 00:46:53,752 [ERROR] LogOutputStream:75 - [STDERR_REDIRECT] 
2026-05-19 00:46:54,735 [ERROR] LogOutputStream:75 - [STDERR_REDIRECT] [Fatal Error] :1:1: Premature end of file.
2026-05-19 00:46:54,735 [ERROR] LogOutputStream:75 - [STDERR_REDIRECT] 
2026-05-19 00:46:55,729 [ERROR] LogOutputStream:75 - [STDERR_REDIRECT] [Fatal Error] :1:1: Premature end of file.
2026-05-19 00:46:55,729 [ERROR] LogOutputStream:75 - [STDERR_REDIRECT] 
2026-05-19 00:46:56,736 [ERROR] LogOutputStream:75 - [STDERR_REDIRECT] [Fatal Error] :1:1: Premature end of file.
2026-05-19 00:46:56,736 [ERROR] LogOutputStream:75 - [STDERR_REDIRECT] 
2026-05-19 00:46:57,731 [ERROR] LogOutputStream:75 - [STDERR_REDIRECT] [Fatal Error] :1:1: Premature end of file.
2026-05-19 00:46:57,731 [ERROR] LogOutputStream:75 - [STDERR_REDIRECT] 
2026-05-19 00:46:58,730 [ERROR] LogOutputStream:75 - [STDERR_REDIRECT] [Fatal Error] :1:1: Premature end of file.
2026-05-19 00:46:58,730 [ERROR] LogOutputStream:75 - [STDERR_REDIRECT] 
2026-05-19 00:46:59,739 [ERROR] LogOutputStream:75 - [STDERR_REDIRECT] [Fatal Error] :1:1: Premature end of file.
2026-05-19 00:46:59,739 [ERROR] LogOutputStream:75 - [STDERR_REDIRECT] 
2026-05-19 00:47:00,743 [ERROR] LogOutputStream:75 - [STDERR_REDIRECT] [Fatal Error] :1:1: Premature end of file.
2026-05-19 00:47:00,743 [ERROR] LogOutputStream:75 - [STDERR_REDIRECT] 
2026-05-19 00:47:01,742 [ERROR] LogOutputStream:75 - [STDERR_REDIRECT] [Fatal Error] :1:1: Premature end of file.
2026-05-19 00:47:01,742 [ERROR] LogOutputStream:75 - [STDERR_REDIRECT] 
2026-05-19 00:47:02,739 [ERROR] LogOutputStream:75 - [STDERR_REDIRECT] [Fatal Error] :1:1: Premature end of file.
2026-05-19 00:47:02,739 [ERROR] LogOutputStream:75 - [STDERR_REDIRECT] 
2026-05-19 00:47:03,749 [ERROR] LogOutputStream:75 - [STDERR_REDIRECT] [Fatal Error] :1:1: Premature end of file.
2026-05-19 00:47:03,750 [ERROR] LogOutputStream:75 - [STDERR_REDIRECT] 
2026-05-19 00:47:04,751 [ERROR] LogOutputStream:75 - [STDERR_REDIRECT] [Fatal Error] :1:1: Premature end of file.
2026-05-19 00:47:04,751 [ERROR] LogOutputStream:75 - [STDERR_REDIRECT] 
2026-05-19 00:47:05,758 [ERROR] LogOutputStream:75 - [STDERR_REDIRECT] [Fatal Error] :1:1: Premature end of file.
2026-05-19 00:47:05,758 [ERROR] LogOutputStream:75 - [STDERR_REDIRECT] 
2026-05-19 00:47:06,753 [ERROR] LogOutputStream:75 - [STDERR_REDIRECT] [Fatal Error] :1:1: Premature end of file.
2026-05-19 00:47:06,753 [ERROR] LogOutputStream:75 - [STDERR_REDIRECT] 
2026-05-19 00:47:07,760 [ERROR] LogOutputStream:75 - [STDERR_REDIRECT] [Fatal Error] :1:1: Premature end of file.
2026-05-19 00:47:07,760 [ERROR] LogOutputStream:75 - [STDERR_REDIRECT] 
2026-05-19 00:47:08,755 [ERROR] LogOutputStream:75 - [STDERR_REDIRECT] [Fatal Error] :1:1: Premature end of file.
2026-05-19 00:47:08,755 [ERROR] LogOutputStream:75 - [STDERR_REDIRECT] 
2026-05-19 00:47:09,757 [ERROR] LogOutputStream:75 - [STDERR_REDIRECT] [Fatal Error] :1:1: Premature end of file.
2026-05-19 00:47:09,757 [ERROR] LogOutputStream:75 - [STDERR_REDIRECT] 
2026-05-19 00:47:10,750 [ERROR] LogOutputStream:75 - [STDERR_REDIRECT] [Fatal Error] :1:1: Premature end of file.
2026-05-19 00:47:10,750 [ERROR] LogOutputStream:75 - [STDERR_REDIRECT] 
2026-05-19 00:47:11,760 [ERROR] LogOutputStream:75 - [STDERR_REDIRECT] [Fatal Error] :1:1: Premature end of file.
2026-05-19 00:47:11,760 [ERROR] LogOutputStream:75 - [STDERR_REDIRECT] 
2026-05-19 00:47:12,747 [ERROR] LogOutputStream:75 - [STDERR_REDIRECT] [Fatal Error] :1:1: Premature end of file.
2026-05-19 00:47:12,747 [ERROR] LogOutputStream:75 - [STDERR_REDIRECT] 
2026-05-19 00:47:13,755 [ERROR] LogOutputStream:75 - [STDERR_REDIRECT] [Fatal Error] :1:1: Premature end of file.
2026-05-19 00:47:13,755 [ERROR] LogOutputStream:75 - [STDERR_REDIRECT] 
2026-05-19 00:47:14,773 [ERROR] LogOutputStream:75 - [STDERR_REDIRECT] [Fatal Error] :1:1: Premature end of file.
2026-05-19 00:47:14,773 [ERROR] LogOutputStream:75 - [STDERR_REDIRECT] 
2026-05-19 00:47:15,746 [ERROR] LogOutputStream:75 - [STDERR_REDIRECT] [Fatal Error] :1:1: Premature end of file.
2026-05-19 00:47:15,746 [ERROR] LogOutputStream:75 - [STDERR_REDIRECT] 
2026-05-19 00:47:16,735 [ERROR] LogOutputStream:75 - [STDERR_REDIRECT] [Fatal Error] :1:1: Premature end of file.
2026-05-19 00:47:16,735 [ERROR] LogOutputStream:75 - [STDERR_REDIRECT] 
2026-05-19 00:47:17,748 [ERROR] LogOutputStream:75 - [STDERR_REDIRECT] [Fatal Error] :1:1: Premature end of file.
2026-05-19 00:47:17,749 [ERROR] LogOutputStream:75 - [STDERR_REDIRECT] 
2026-05-19 00:47:18,754 [ERROR] LogOutputStream:75 - [STDERR_REDIRECT] [Fatal Error] :1:1: Premature end of file.
2026-05-19 00:47:18,754 [ERROR] LogOutputStream:75 - [STDERR_REDIRECT] 
2026-05-19 00:47:19,757 [ERROR] LogOutputStream:75 - [STDERR_REDIRECT] [Fatal Error] :1:1: Premature end of file.
2026-05-19 00:47:19,757 [ERROR] LogOutputStream:75 - [STDERR_REDIRECT] 
2026-05-19 00:47:20,761 [ERROR] LogOutputStream:75 - [STDERR_REDIRECT] [Fatal Error] :1:1: Premature end of file.
2026-05-19 00:47:20,761 [ERROR] LogOutputStream:75 - [STDERR_REDIRECT] 
2026-05-19 00:47:21,752 [ERROR] LogOutputStream:75 - [STDERR_REDIRECT] [Fatal Error] :1:1: Premature end of file.
2026-05-19 00:47:21,752 [ERROR] LogOutputStream:75 - [STDERR_REDIRECT] 
2026-05-19 00:47:22,756 [ERROR] LogOutputStream:75 - [STDERR_REDIRECT] [Fatal Error] :1:1: Premature end of file.
2026-05-19 00:47:22,756 [ERROR] LogOutputStream:75 - [STDERR_REDIRECT] 
2026-05-19 00:47:23,735 [ERROR] LogOutputStream:75 - [STDERR_REDIRECT] [Fatal Error] :1:1: Premature end of file.
2026-05-19 00:47:23,735 [ERROR] LogOutputStream:75 - [STDERR_REDIRECT] 
2026-05-19 00:47:24,750 [ERROR] LogOutputStream:75 - [STDERR_REDIRECT] [Fatal Error] :1:1: Premature end of file.
2026-05-19 00:47:24,751 [ERROR] LogOutputStream:75 - [STDERR_REDIRECT] 
2026-05-19 00:47:25,755 [ERROR] LogOutputStream:75 - [STDERR_REDIRECT] [Fatal Error] :1:1: Premature end of file.
2026-05-19 00:47:25,755 [ERROR] LogOutputStream:75 - [STDERR_REDIRECT] 
2026-05-19 00:47:26,760 [ERROR] LogOutputStream:75 - [STDERR_REDIRECT] [Fatal Error] :1:1: Premature end of file.
2026-05-19 00:47:26,760 [ERROR] LogOutputStream:75 - [STDERR_REDIRECT] 
2026-05-19 00:47:27,754 [ERROR] LogOutputStream:75 - [STDERR_REDIRECT] [Fatal Error] :1:1: Premature end of file.
2026-05-19 00:47:27,754 [ERROR] LogOutputStream:75 - [STDERR_REDIRECT] 
2026-05-19 00:47:28,758 [ERROR] LogOutputStream:75 - [STDERR_REDIRECT] [Fatal Error] :1:1: Premature end of file.
2026-05-19 00:47:28,758 [ERROR] LogOutputStream:75 - [STDERR_REDIRECT] 
2026-05-19 00:47:29,759 [ERROR] LogOutputStream:75 - [STDERR_REDIRECT] [Fatal Error] :1:1: Premature end of file.
2026-05-19 00:47:29,759 [ERROR] LogOutputStream:75 - [STDERR_REDIRECT] 
2026-05-19 00:47:30,758 [ERROR] LogOutputStream:75 - [STDERR_REDIRECT] [Fatal Error] :1:1: Premature end of file.
2026-05-19 00:47:30,758 [ERROR] LogOutputStream:75 - [STDERR_REDIRECT] 
2026-05-19 00:47:31,746 [ERROR] LogOutputStream:75 - [STDERR_REDIRECT] [Fatal Error] :1:1: Premature end of file.
2026-05-19 00:47:31,746 [ERROR] LogOutputStream:75 - [STDERR_REDIRECT] 
2026-05-19 00:47:32,754 [ERROR] LogOutputStream:75 - [STDERR_REDIRECT] [Fatal Error] :1:1: Premature end of file.
2026-05-19 00:47:32,754 [ERROR] LogOutputStream:75 - [STDERR_REDIRECT] 
2026-05-19 00:47:33,758 [ERROR] LogOutputStream:75 - [STDERR_REDIRECT] [Fatal Error] :1:1: Premature end of file.
2026-05-19 00:47:33,758 [ERROR] LogOutputStream:75 - [STDERR_REDIRECT] 
2026-05-19 00:47:34,752 [ERROR] LogOutputStream:75 - [STDERR_REDIRECT] [Fatal Error] :1:1: Premature end of file.
2026-05-19 00:47:34,752 [ERROR] LogOutputStream:75 - [STDERR_REDIRECT] 
2026-05-19 00:47:35,756 [ERROR] LogOutputStream:75 - [STDERR_REDIRECT] [Fatal Error] :1:1: Premature end of file.
2026-05-19 00:47:35,756 [ERROR] LogOutputStream:75 - [STDERR_REDIRECT] 
2026-05-19 00:47:36,756 [ERROR] LogOutputStream:75 - [STDERR_REDIRECT] [Fatal Error] :1:1: Premature end of file.
2026-05-19 00:47:36,756 [ERROR] LogOutputStream:75 - [STDERR_REDIRECT] 
2026-05-19 00:47:37,757 [ERROR] LogOutputStream:75 - [STDERR_REDIRECT] [Fatal Error] :1:1: Premature end of file.
2026-05-19 00:47:37,757 [ERROR] LogOutputStream:75 - [STDERR_REDIRECT] 
2026-05-19 00:47:38,759 [ERROR] LogOutputStream:75 - [STDERR_REDIRECT] [Fatal Error] :1:1: Premature end of file.
2026-05-19 00:47:38,759 [ERROR] LogOutputStream:75 - [STDERR_REDIRECT] 
2026-05-19 00:47:39,749 [ERROR] LogOutputStream:75 - [STDERR_REDIRECT] [Fatal Error] :1:1: Premature end of file.
2026-05-19 00:47:39,749 [ERROR] LogOutputStream:75 - [STDERR_REDIRECT] 
2026-05-19 00:47:40,754 [ERROR] LogOutputStream:75 - [STDERR_REDIRECT] [Fatal Error] :1:1: Premature end of file.
2026-05-19 00:47:40,754 [ERROR] LogOutputStream:75 - [STDERR_REDIRECT] 
2026-05-19 00:47:41,753 [ERROR] LogOutputStream:75 - [STDERR_REDIRECT] [Fatal Error] :1:1: Premature end of file.
2026-05-19 00:47:41,753 [ERROR] LogOutputStream:75 - [STDERR_REDIRECT] 
2026-05-19 00:47:42,747 [ERROR] LogOutputStream:75 - [STDERR_REDIRECT] [Fatal Error] :1:1: Premature end of file.
2026-05-19 00:47:42,747 [ERROR] LogOutputStream:75 - [STDERR_REDIRECT] 
2026-05-19 00:47:43,755 [ERROR] LogOutputStream:75 - [STDERR_REDIRECT] [Fatal Error] :1:1: Premature end of file.
2026-05-19 00:47:43,755 [ERROR] LogOutputStream:75 - [STDERR_REDIRECT] 
2026-05-19 00:47:44,754 [ERROR] LogOutputStream:75 - [STDERR_REDIRECT] [Fatal Error] :1:1: Premature end of file.
2026-05-19 00:47:44,755 [ERROR] LogOutputStream:75 - [STDERR_REDIRECT] 
2026-05-19 00:47:45,754 [ERROR] LogOutputStream:75 - [STDERR_REDIRECT] [Fatal Error] :1:1: Premature end of file.
2026-05-19 00:47:45,754 [ERROR] LogOutputStream:75 - [STDERR_REDIRECT] 
2026-05-19 00:47:46,758 [ERROR] LogOutputStream:75 - [STDERR_REDIRECT] [Fatal Error] :1:1: Premature end of file.
2026-05-19 00:47:46,758 [ERROR] LogOutputStream:75 - [STDERR_REDIRECT] 
2026-05-19 00:47:47,750 [ERROR] LogOutputStream:75 - [STDERR_REDIRECT] [Fatal Error] :1:1: Premature end of file.
2026-05-19 00:47:47,750 [ERROR] LogOutputStream:75 - [STDERR_REDIRECT] 
2026-05-19 00:47:48,733 [ERROR] LogOutputStream:75 - [STDERR_REDIRECT] [Fatal Error] :1:1: Premature end of file.
2026-05-19 00:47:48,733 [ERROR] LogOutputStream:75 - [STDERR_REDIRECT] 
2026-05-19 00:47:49,746 [ERROR] LogOutputStream:75 - [STDERR_REDIRECT] [Fatal Error] :1:1: Premature end of file.
2026-05-19 00:47:49,746 [ERROR] LogOutputStream:75 - [STDERR_REDIRECT] 
2026-05-19 00:47:50,753 [ERROR] LogOutputStream:75 - [STDERR_REDIRECT] [Fatal Error] :1:1: Premature end of file.
2026-05-19 00:47:50,753 [ERROR] LogOutputStream:75 - [STDERR_REDIRECT] 
2026-05-19 00:47:51,758 [ERROR] LogOutputStream:75 - [STDERR_REDIRECT] [Fatal Error] :1:1: Premature end of file.
2026-05-19 00:47:51,758 [ERROR] LogOutputStream:75 - [STDERR_REDIRECT] 
2026-05-19 00:47:52,753 [ERROR] LogOutputStream:75 - [STDERR_REDIRECT] [Fatal Error] :1:1: Premature end of file.
2026-05-19 00:47:52,753 [ERROR] LogOutputStream:75 - [STDERR_REDIRECT] 
2026-05-19 00:47:53,755 [ERROR] LogOutputStream:75 - [STDERR_REDIRECT] [Fatal Error] :1:1: Premature end of file.
2026-05-19 00:47:53,755 [ERROR] LogOutputStream:75 - [STDERR_REDIRECT] 
2026-05-19 00:47:54,746 [ERROR] LogOutputStream:75 - [STDERR_REDIRECT] [Fatal Error] :1:1: Premature end of file.
2026-05-19 00:47:54,746 [ERROR] LogOutputStream:75 - [STDERR_REDIRECT] 
2026-05-19 00:47:55,756 [ERROR] LogOutputStream:75 - [STDERR_REDIRECT] [Fatal Error] :1:1: Premature end of file.
2026-05-19 00:47:55,756 [ERROR] LogOutputStream:75 - [STDERR_REDIRECT] 
2026-05-19 00:47:56,742 [ERROR] LogOutputStream:75 - [STDERR_REDIRECT] [Fatal Error] :1:1: Premature end of file.
2026-05-19 00:47:56,742 [ERROR] LogOutputStream:75 - [STDERR_REDIRECT] 
2026-05-19 00:47:57,733 [ERROR] LogOutputStream:75 - [STDERR_REDIRECT] [Fatal Error] :1:1: Premature end of file.
2026-05-19 00:47:57,733 [ERROR] LogOutputStream:75 - [STDERR_REDIRECT] 
2026-05-19 00:47:58,741 [ERROR] LogOutputStream:75 - [STDERR_REDIRECT] [Fatal Error] :1:1: Premature end of file.
2026-05-19 00:47:58,741 [ERROR] LogOutputStream:75 - [STDERR_REDIRECT] 
2026-05-19 00:47:59,738 [ERROR] LogOutputStream:75 - [STDERR_REDIRECT] [Fatal Error] :1:1: Premature end of file.
2026-05-19 00:47:59,738 [ERROR] LogOutputStream:75 - [STDERR_REDIRECT] 
2026-05-19 00:48:00,744 [ERROR] LogOutputStream:75 - [STDERR_REDIRECT] [Fatal Error] :1:1: Premature end of file.
2026-05-19 00:48:00,744 [ERROR] LogOutputStream:75 - [STDERR_REDIRECT] 
2026-05-19 00:48:01,742 [ERROR] LogOutputStream:75 - [STDERR_REDIRECT] [Fatal Error] :1:1: Premature end of file.
2026-05-19 00:48:01,742 [ERROR] LogOutputStream:75 - [STDERR_REDIRECT] 
2026-05-19 00:48:02,740 [ERROR] LogOutputStream:75 - [STDERR_REDIRECT] [Fatal Error] :1:1: Premature end of file.
2026-05-19 00:48:02,740 [ERROR] LogOutputStream:75 - [STDERR_REDIRECT] 
2026-05-19 00:48:03,737 [ERROR] LogOutputStream:75 - [STDERR_REDIRECT] [Fatal Error] :1:1: Premature end of file.
2026-05-19 00:48:03,737 [ERROR] LogOutputStream:75 - [STDERR_REDIRECT] 
2026-05-19 00:48:04,747 [ERROR] LogOutputStream:75 - [STDERR_REDIRECT] [Fatal Error] :1:1: Premature end of file.
2026-05-19 00:48:04,747 [ERROR] LogOutputStream:75 - [STDERR_REDIRECT] 
2026-05-19 00:48:05,756 [ERROR] LogOutputStream:75 - [STDERR_REDIRECT] [Fatal Error] :1:1: Premature end of file.
2026-05-19 00:48:05,756 [ERROR] LogOutputStream:75 - [STDERR_REDIRECT] 
2026-05-19 00:48:06,756 [ERROR] LogOutputStream:75 - [STDERR_REDIRECT] [Fatal Error] :1:1: Premature end of file.
2026-05-19 00:48:06,757 [ERROR] LogOutputStream:75 - [STDERR_REDIRECT] 
2026-05-19 00:48:07,755 [ERROR] LogOutputStream:75 - [STDERR_REDIRECT] [Fatal Error] :1:1: Premature end of file.
2026-05-19 00:48:07,756 [ERROR] LogOutputStream:75 - [STDERR_REDIRECT] 
2026-05-19 00:48:08,751 [ERROR] LogOutputStream:75 - [STDERR_REDIRECT] [Fatal Error] :1:1: Premature end of file.
2026-05-19 00:48:08,752 [ERROR] LogOutputStream:75 - [STDERR_REDIRECT] 
2026-05-19 00:48:09,755 [ERROR] LogOutputStream:75 - [STDERR_REDIRECT] [Fatal Error] :1:1: Premature end of file.
2026-05-19 00:48:09,755 [ERROR] LogOutputStream:75 - [STDERR_REDIRECT] 
2026-05-19 00:48:10,755 [ERROR] LogOutputStream:75 - [STDERR_REDIRECT] [Fatal Error] :1:1: Premature end of file.
2026-05-19 00:48:10,755 [ERROR] LogOutputStream:75 - [STDERR_REDIRECT] 
2026-05-19 00:48:11,755 [ERROR] LogOutputStream:75 - [STDERR_REDIRECT] [Fatal Error] :1:1: Premature end of file.
2026-05-19 00:48:11,755 [ERROR] LogOutputStream:75 - [STDERR_REDIRECT] 
2026-05-19 00:48:12,763 [ERROR] LogOutputStream:75 - [STDERR_REDIRECT] [Fatal Error] :1:1: Premature end of file.
2026-05-19 00:48:12,763 [ERROR] LogOutputStream:75 - [STDERR_REDIRECT] 
2026-05-19 00:48:13,751 [ERROR] LogOutputStream:75 - [STDERR_REDIRECT] [Fatal Error] :1:1: Premature end of file.
2026-05-19 00:48:13,751 [ERROR] LogOutputStream:75 - [STDERR_REDIRECT] 
2026-05-19 00:48:14,753 [ERROR] LogOutputStream:75 - [STDERR_REDIRECT] [Fatal Error] :1:1: Premature end of file.
2026-05-19 00:48:14,753 [ERROR] LogOutputStream:75 - [STDERR_REDIRECT] 
2026-05-19 00:48:15,752 [ERROR] LogOutputStream:75 - [STDERR_REDIRECT] [Fatal Error] :1:1: Premature end of file.
2026-05-19 00:48:15,752 [ERROR] LogOutputStream:75 - [STDERR_REDIRECT] 
2026-05-19 00:48:16,754 [ERROR] LogOutputStream:75 - [STDERR_REDIRECT] [Fatal Error] :1:1: Premature end of file.
2026-05-19 00:48:16,754 [ERROR] LogOutputStream:75 - [STDERR_REDIRECT] 
2026-05-19 00:48:17,753 [ERROR] LogOutputStream:75 - [STDERR_REDIRECT] [Fatal Error] :1:1: Premature end of file.
2026-05-19 00:48:17,753 [ERROR] LogOutputStream:75 - [STDERR_REDIRECT] 
2026-05-19 00:48:18,749 [ERROR] LogOutputStream:75 - [STDERR_REDIRECT] [Fatal Error] :1:1: Premature end of file.
2026-05-19 00:48:18,749 [ERROR] LogOutputStream:75 - [STDERR_REDIRECT] 
2026-05-19 00:48:19,752 [ERROR] LogOutputStream:75 - [STDERR_REDIRECT] [Fatal Error] :1:1: Premature end of file.
2026-05-19 00:48:19,752 [ERROR] LogOutputStream:75 - [STDERR_REDIRECT] 
2026-05-19 00:48:20,758 [ERROR] LogOutputStream:75 - [STDERR_REDIRECT] [Fatal Error] :1:1: Premature end of file.
2026-05-19 00:48:20,758 [ERROR] LogOutputStream:75 - [STDERR_REDIRECT] 
2026-05-19 00:48:21,755 [ERROR] LogOutputStream:75 - [STDERR_REDIRECT] [Fatal Error] :1:1: Premature end of file.
2026-05-19 00:48:21,755 [ERROR] LogOutputStream:75 - [STDERR_REDIRECT] 
2026-05-19 00:48:22,754 [ERROR] LogOutputStream:75 - [STDERR_REDIRECT] [Fatal Error] :1:1: Premature end of file.
2026-05-19 00:48:22,755 [ERROR] LogOutputStream:75 - [STDERR_REDIRECT] 
2026-05-19 00:48:23,754 [ERROR] LogOutputStream:75 - [STDERR_REDIRECT] [Fatal Error] :1:1: Premature end of file.
2026-05-19 00:48:23,754 [ERROR] LogOutputStream:75 - [STDERR_REDIRECT] 
2026-05-19 00:48:24,756 [ERROR] LogOutputStream:75 - [STDERR_REDIRECT] [Fatal Error] :1:1: Premature end of file.
2026-05-19 00:48:24,756 [ERROR] LogOutputStream:75 - [STDERR_REDIRECT] 
2026-05-19 00:48:25,755 [ERROR] LogOutputStream:75 - [STDERR_REDIRECT] [Fatal Error] :1:1: Premature end of file.
2026-05-19 00:48:25,755 [ERROR] LogOutputStream:75 - [STDERR_REDIRECT] 
2026-05-19 00:48:26,757 [ERROR] LogOutputStream:75 - [STDERR_REDIRECT] [Fatal Error] :1:1: Premature end of file.
2026-05-19 00:48:26,757 [ERROR] LogOutputStream:75 - [STDERR_REDIRECT] 
2026-05-19 00:48:27,759 [ERROR] LogOutputStream:75 - [STDERR_REDIRECT] [Fatal Error] :1:1: Premature end of file.
2026-05-19 00:48:27,759 [ERROR] LogOutputStream:75 - [STDERR_REDIRECT] 
2026-05-19 00:48:28,755 [ERROR] LogOutputStream:75 - [STDERR_REDIRECT] [Fatal Error] :1:1: Premature end of file.
2026-05-19 00:48:28,755 [ERROR] LogOutputStream:75 - [STDERR_REDIRECT] 
2026-05-19 00:48:29,766 [ERROR] LogOutputStream:75 - [STDERR_REDIRECT] [Fatal Error] :1:1: Premature end of file.
2026-05-19 00:48:29,766 [ERROR] LogOutputStream:75 - [STDERR_REDIRECT] 
2026-05-19 00:48:30,753 [ERROR] LogOutputStream:75 - [STDERR_REDIRECT] [Fatal Error] :1:1: Premature end of file.
2026-05-19 00:48:30,754 [ERROR] LogOutputStream:75 - [STDERR_REDIRECT] 
2026-05-19 00:48:31,754 [ERROR] LogOutputStream:75 - [STDERR_REDIRECT] [Fatal Error] :1:1: Premature end of file.
2026-05-19 00:48:31,754 [ERROR] LogOutputStream:75 - [STDERR_REDIRECT] 
2026-05-19 00:48:32,736 [ERROR] LogOutputStream:75 - [STDERR_REDIRECT] [Fatal Error] :1:1: Premature end of file.
2026-05-19 00:48:32,736 [ERROR] LogOutputStream:75 - [STDERR_REDIRECT] 
2026-05-19 00:48:33,733 [ERROR] LogOutputStream:75 - [STDERR_REDIRECT] [Fatal Error] :1:1: Premature end of file.
2026-05-19 00:48:33,733 [ERROR] LogOutputStream:75 - [STDERR_REDIRECT] 
2026-05-19 00:48:34,736 [ERROR] LogOutputStream:75 - [STDERR_REDIRECT] [Fatal Error] :1:1: Premature end of file.
2026-05-19 00:48:34,736 [ERROR] LogOutputStream:75 - [STDERR_REDIRECT] 
2026-05-19 00:48:35,742 [ERROR] LogOutputStream:75 - [STDERR_REDIRECT] [Fatal Error] :1:1: Premature end of file.
2026-05-19 00:48:35,742 [ERROR] LogOutputStream:75 - [STDERR_REDIRECT] 
2026-05-19 00:48:36,734 [ERROR] LogOutputStream:75 - [STDERR_REDIRECT] [Fatal Error] :1:1: Premature end of file.
2026-05-19 00:48:36,734 [ERROR] LogOutputStream:75 - [STDERR_REDIRECT] 
2026-05-19 00:48:37,740 [ERROR] LogOutputStream:75 - [STDERR_REDIRECT] [Fatal Error] :1:1: Premature end of file.
2026-05-19 00:48:37,740 [ERROR] LogOutputStream:75 - [STDERR_REDIRECT] 
2026-05-19 00:48:38,748 [ERROR] LogOutputStream:75 - [STDERR_REDIRECT] [Fatal Error] :1:1: Premature end of file.
2026-05-19 00:48:38,749 [ERROR] LogOutputStream:75 - [STDERR_REDIRECT] 
2026-05-19 00:48:39,744 [ERROR] LogOutputStream:75 - [STDERR_REDIRECT] [Fatal Error] :1:1: Premature end of file.
2026-05-19 00:48:39,744 [ERROR] LogOutputStream:75 - [STDERR_REDIRECT] 
2026-05-19 00:48:40,740 [ERROR] LogOutputStream:75 - [STDERR_REDIRECT] [Fatal Error] :1:1: Premature end of file.
2026-05-19 00:48:40,740 [ERROR] LogOutputStream:75 - [STDERR_REDIRECT] 
2026-05-19 00:48:41,738 [ERROR] LogOutputStream:75 - [STDERR_REDIRECT] [Fatal Error] :1:1: Premature end of file.
2026-05-19 00:48:41,739 [ERROR] LogOutputStream:75 - [STDERR_REDIRECT] 
2026-05-19 00:48:42,740 [ERROR] LogOutputStream:75 - [STDERR_REDIRECT] [Fatal Error] :1:1: Premature end of file.
2026-05-19 00:48:42,741 [ERROR] LogOutputStream:75 - [STDERR_REDIRECT] 
2026-05-19 00:48:43,736 [ERROR] LogOutputStream:75 - [STDERR_REDIRECT] [Fatal Error] :1:1: Premature end of file.
2026-05-19 00:48:43,736 [ERROR] LogOutputStream:75 - [STDERR_REDIRECT] 
2026-05-19 00:48:44,743 [ERROR] LogOutputStream:75 - [STDERR_REDIRECT] [Fatal Error] :1:1: Premature end of file.
2026-05-19 00:48:44,743 [ERROR] LogOutputStream:75 - [STDERR_REDIRECT] 
2026-05-19 00:48:45,732 [ERROR] LogOutputStream:75 - [STDERR_REDIRECT] [Fatal Error] :1:1: Premature end of file.
2026-05-19 00:48:45,732 [ERROR] LogOutputStream:75 - [STDERR_REDIRECT] 
2026-05-19 00:48:46,751 [ERROR] LogOutputStream:75 - [STDERR_REDIRECT] [Fatal Error] :1:1: Premature end of file.
2026-05-19 00:48:46,751 [ERROR] LogOutputStream:75 - [STDERR_REDIRECT] 
2026-05-19 00:48:47,731 [ERROR] LogOutputStream:75 - [STDERR_REDIRECT] [Fatal Error] :1:1: Premature end of file.
2026-05-19 00:48:47,731 [ERROR] LogOutputStream:75 - [STDERR_REDIRECT] 
2026-05-19 00:48:48,744 [ERROR] LogOutputStream:75 - [STDERR_REDIRECT] [Fatal Error] :1:1: Premature end of file.
2026-05-19 00:48:48,744 [ERROR] LogOutputStream:75 - [STDERR_REDIRECT] 
2026-05-19 00:48:49,730 [ERROR] LogOutputStream:75 - [STDERR_REDIRECT] [Fatal Error] :1:1: Premature end of file.
2026-05-19 00:48:49,730 [ERROR] LogOutputStream:75 - [STDERR_REDIRECT] 
2026-05-19 00:48:50,736 [ERROR] LogOutputStream:75 - [STDERR_REDIRECT] [Fatal Error] :1:1: Premature end of file.
2026-05-19 00:48:50,736 [ERROR] LogOutputStream:75 - [STDERR_REDIRECT] 
2026-05-19 00:48:51,735 [ERROR] LogOutputStream:75 - [STDERR_REDIRECT] [Fatal Error] :1:1: Premature end of file.
2026-05-19 00:48:51,735 [ERROR] LogOutputStream:75 - [STDERR_REDIRECT] 
2026-05-19 00:48:52,736 [ERROR] LogOutputStream:75 - [STDERR_REDIRECT] [Fatal Error] :1:1: Premature end of file.
2026-05-19 00:48:52,736 [ERROR] LogOutputStream:75 - [STDERR_REDIRECT] 
2026-05-19 00:48:53,754 [ERROR] LogOutputStream:75 - [STDERR_REDIRECT] [Fatal Error] :1:1: Premature end of file.
2026-05-19 00:48:53,754 [ERROR] LogOutputStream:75 - [STDERR_REDIRECT] 
2026-05-19 00:48:54,746 [ERROR] LogOutputStream:75 - [STDERR_REDIRECT] [Fatal Error] :1:1: Premature end of file.
2026-05-19 00:48:54,746 [ERROR] LogOutputStream:75 - [STDERR_REDIRECT] 
2026-05-19 00:48:55,746 [ERROR] LogOutputStream:75 - [STDERR_REDIRECT] [Fatal Error] :1:1: Premature end of file.
2026-05-19 00:48:55,746 [ERROR] LogOutputStream:75 - [STDERR_REDIRECT] 
2026-05-19 00:48:56,729 [ERROR] LogOutputStream:75 - [STDERR_REDIRECT] [Fatal Error] :1:1: Premature end of file.
2026-05-19 00:48:56,729 [ERROR] LogOutputStream:75 - [STDERR_REDIRECT] 
2026-05-19 00:48:57,737 [ERROR] LogOutputStream:75 - [STDERR_REDIRECT] [Fatal Error] :1:1: Premature end of file.
2026-05-19 00:48:57,737 [ERROR] LogOutputStream:75 - [STDERR_REDIRECT] 
2026-05-19 00:48:58,775 [ERROR] LogOutputStream:75 - [STDERR_REDIRECT] [Fatal Error] :1:1: Premature end of file.
2026-05-19 00:48:58,776 [ERROR] LogOutputStream:75 - [STDERR_REDIRECT] 
2026-05-19 00:48:59,733 [ERROR] LogOutputStream:75 - [STDERR_REDIRECT] [Fatal Error] :1:1: Premature end of file.
2026-05-19 00:48:59,733 [ERROR] LogOutputStream:75 - [STDERR_REDIRECT] 
2026-05-19 00:49:00,736 [ERROR] LogOutputStream:75 - [STDERR_REDIRECT] [Fatal Error] :1:1: Premature end of file.
2026-05-19 00:49:00,736 [ERROR] LogOutputStream:75 - [STDERR_REDIRECT] 
2026-05-19 00:49:01,742 [ERROR] LogOutputStream:75 - [STDERR_REDIRECT] [Fatal Error] :1:1: Premature end of file.
2026-05-19 00:49:01,742 [ERROR] LogOutputStream:75 - [STDERR_REDIRECT] 
2026-05-19 00:49:02,733 [ERROR] LogOutputStream:75 - [STDERR_REDIRECT] [Fatal Error] :1:1: Premature end of file.
2026-05-19 00:49:02,733 [ERROR] LogOutputStream:75 - [STDERR_REDIRECT] 
2026-05-19 00:49:03,735 [ERROR] LogOutputStream:75 - [STDERR_REDIRECT] [Fatal Error] :1:1: Premature end of file.
2026-05-19 00:49:03,735 [ERROR] LogOutputStream:75 - [STDERR_REDIRECT] 
2026-05-19 00:49:04,757 [ERROR] LogOutputStream:75 - [STDERR_REDIRECT] [Fatal Error] :1:1: Premature end of file.
2026-05-19 00:49:04,757 [ERROR] LogOutputStream:75 - [STDERR_REDIRECT] 
2026-05-19 00:49:05,734 [ERROR] LogOutputStream:75 - [STDERR_REDIRECT] [Fatal Error] :1:1: Premature end of file.
2026-05-19 00:49:05,734 [ERROR] LogOutputStream:75 - [STDERR_REDIRECT] 
2026-05-19 00:49:06,748 [ERROR] LogOutputStream:75 - [STDERR_REDIRECT] [Fatal Error] :1:1: Premature end of file.
2026-05-19 00:49:06,748 [ERROR] LogOutputStream:75 - [STDERR_REDIRECT] 
2026-05-19 00:49:07,750 [ERROR] LogOutputStream:75 - [STDERR_REDIRECT] [Fatal Error] :1:1: Premature end of file.
2026-05-19 00:49:07,750 [ERROR] LogOutputStream:75 - [STDERR_REDIRECT] 
2026-05-19 00:49:08,733 [ERROR] LogOutputStream:75 - [STDERR_REDIRECT] [Fatal Error] :1:1: Premature end of file.
2026-05-19 00:49:08,733 [ERROR] LogOutputStream:75 - [STDERR_REDIRECT] 
2026-05-19 00:49:09,736 [ERROR] LogOutputStream:75 - [STDERR_REDIRECT] [Fatal Error] :1:1: Premature end of file.
2026-05-19 00:49:09,736 [ERROR] LogOutputStream:75 - [STDERR_REDIRECT] 
2026-05-19 00:49:10,746 [ERROR] LogOutputStream:75 - [STDERR_REDIRECT] [Fatal Error] :1:1: Premature end of file.
2026-05-19 00:49:10,746 [ERROR] LogOutputStream:75 - [STDERR_REDIRECT] 
2026-05-19 00:49:11,750 [ERROR] LogOutputStream:75 - [STDERR_REDIRECT] [Fatal Error] :1:1: Premature end of file.
2026-05-19 00:49:11,750 [ERROR] LogOutputStream:75 - [STDERR_REDIRECT] 
2026-05-19 00:49:12,735 [ERROR] LogOutputStream:75 - [STDERR_REDIRECT] [Fatal Error] :1:1: Premature end of file.
2026-05-19 00:49:12,736 [ERROR] LogOutputStream:75 - [STDERR_REDIRECT] 
2026-05-19 00:49:13,740 [ERROR] LogOutputStream:75 - [STDERR_REDIRECT] [Fatal Error] :1:1: Premature end of file.
2026-05-19 00:49:13,740 [ERROR] LogOutputStream:75 - [STDERR_REDIRECT] 
2026-05-19 00:49:14,754 [ERROR] LogOutputStream:75 - [STDERR_REDIRECT] [Fatal Error] :1:1: Premature end of file.
2026-05-19 00:49:14,754 [ERROR] LogOutputStream:75 - [STDERR_REDIRECT] 
2026-05-19 00:49:15,758 [ERROR] LogOutputStream:75 - [STDERR_REDIRECT] [Fatal Error] :1:1: Premature end of file.
2026-05-19 00:49:15,758 [ERROR] LogOutputStream:75 - [STDERR_REDIRECT] 
2026-05-19 00:49:16,759 [ERROR] LogOutputStream:75 - [STDERR_REDIRECT] [Fatal Error] :1:1: Premature end of file.
2026-05-19 00:49:16,759 [ERROR] LogOutputStream:75 - [STDERR_REDIRECT] 
2026-05-19 00:49:17,758 [ERROR] LogOutputStream:75 - [STDERR_REDIRECT] [Fatal Error] :1:1: Premature end of file.
2026-05-19 00:49:17,758 [ERROR] LogOutputStream:75 - [STDERR_REDIRECT] 
2026-05-19 00:49:18,737 [ERROR] LogOutputStream:75 - [STDERR_REDIRECT] [Fatal Error] :1:1: Premature end of file.
2026-05-19 00:49:18,737 [ERROR] LogOutputStream:75 - [STDERR_REDIRECT] 
2026-05-19 00:49:19,748 [ERROR] LogOutputStream:75 - [STDERR_REDIRECT] [Fatal Error] :1:1: Premature end of file.
2026-05-19 00:49:19,748 [ERROR] LogOutputStream:75 - [STDERR_REDIRECT] 
2026-05-19 00:49:20,748 [ERROR] LogOutputStream:75 - [STDERR_REDIRECT] [Fatal Error] :1:1: Premature end of file.
2026-05-19 00:49:20,748 [ERROR] LogOutputStream:75 - [STDERR_REDIRECT] 
2026-05-19 00:49:21,738 [ERROR] LogOutputStream:75 - [STDERR_REDIRECT] [Fatal Error] :1:1: Premature end of file.
2026-05-19 00:49:21,738 [ERROR] LogOutputStream:75 - [STDERR_REDIRECT] 
2026-05-19 00:49:22,741 [ERROR] LogOutputStream:75 - [STDERR_REDIRECT] [Fatal Error] :1:1: Premature end of file.
2026-05-19 00:49:22,741 [ERROR] LogOutputStream:75 - [STDERR_REDIRECT] 
2026-05-19 00:49:23,737 [ERROR] LogOutputStream:75 - [STDERR_REDIRECT] [Fatal Error] :1:1: Premature end of file.
2026-05-19 00:49:23,737 [ERROR] LogOutputStream:75 - [STDERR_REDIRECT] 
2026-05-19 00:49:24,751 [ERROR] LogOutputStream:75 - [STDERR_REDIRECT] [Fatal Error] :1:1: Premature end of file.
2026-05-19 00:49:24,751 [ERROR] LogOutputStream:75 - [STDERR_REDIRECT] 
2026-05-19 00:49:25,770 [ERROR] LogOutputStream:75 - [STDERR_REDIRECT] [Fatal Error] :1:1: Premature end of file.
2026-05-19 00:49:25,770 [ERROR] LogOutputStream:75 - [STDERR_REDIRECT] 
2026-05-19 00:49:26,772 [ERROR] LogOutputStream:75 - [STDERR_REDIRECT] [Fatal Error] :1:1: Premature end of file.
2026-05-19 00:49:26,772 [ERROR] LogOutputStream:75 - [STDERR_REDIRECT] 
2026-05-19 00:49:27,738 [ERROR] LogOutputStream:75 - [STDERR_REDIRECT] [Fatal Error] :1:1: Premature end of file.
2026-05-19 00:49:27,738 [ERROR] LogOutputStream:75 - [STDERR_REDIRECT] 
2026-05-19 00:49:28,746 [ERROR] LogOutputStream:75 - [STDERR_REDIRECT] [Fatal Error] :1:1: Premature end of file.
2026-05-19 00:49:28,746 [ERROR] LogOutputStream:75 - [STDERR_REDIRECT] 
2026-05-19 00:49:29,737 [ERROR] LogOutputStream:75 - [STDERR_REDIRECT] [Fatal Error] :1:1: Premature end of file.
2026-05-19 00:49:29,737 [ERROR] LogOutputStream:75 - [STDERR_REDIRECT] 
2026-05-19 00:49:30,740 [ERROR] LogOutputStream:75 - [STDERR_REDIRECT] [Fatal Error] :1:1: Premature end of file.
2026-05-19 00:49:30,740 [ERROR] LogOutputStream:75 - [STDERR_REDIRECT] 
2026-05-19 00:49:31,731 [ERROR] LogOutputStream:75 - [STDERR_REDIRECT] [Fatal Error] :1:1: Premature end of file.
2026-05-19 00:49:31,731 [ERROR] LogOutputStream:75 - [STDERR_REDIRECT] 
2026-05-19 00:49:32,765 [ERROR] LogOutputStream:75 - [STDERR_REDIRECT] [Fatal Error] :1:1: Premature end of file.
2026-05-19 00:49:32,766 [ERROR] LogOutputStream:75 - [STDERR_REDIRECT] 
2026-05-19 00:49:33,748 [ERROR] LogOutputStream:75 - [STDERR_REDIRECT] [Fatal Error] :1:1: Premature end of file.
2026-05-19 00:49:33,748 [ERROR] LogOutputStream:75 - [STDERR_REDIRECT] 
2026-05-19 00:49:34,774 [ERROR] LogOutputStream:75 - [STDERR_REDIRECT] [Fatal Error] :1:1: Premature end of file.
2026-05-19 00:49:34,775 [ERROR] LogOutputStream:75 - [STDERR_REDIRECT] 
2026-05-19 00:49:35,799 [ERROR] LogOutputStream:75 - [STDERR_REDIRECT] [Fatal Error] :1:1: Premature end of file.
2026-05-19 00:49:35,800 [ERROR] LogOutputStream:75 - [STDERR_REDIRECT] 
2026-05-19 00:49:36,773 [ERROR] LogOutputStream:75 - [STDERR_REDIRECT] [Fatal Error] :1:1: Premature end of file.
2026-05-19 00:49:36,773 [ERROR] LogOutputStream:75 - [STDERR_REDIRECT] 
2026-05-19 00:49:37,794 [ERROR] LogOutputStream:75 - [STDERR_REDIRECT] [Fatal Error] :1:1: Premature end of file.
2026-05-19 00:49:37,795 [ERROR] LogOutputStream:75 - [STDERR_REDIRECT] 
2026-05-19 00:49:38,780 [ERROR] LogOutputStream:75 - [STDERR_REDIRECT] [Fatal Error] :1:1: Premature end of file.
2026-05-19 00:49:38,780 [ERROR] LogOutputStream:75 - [STDERR_REDIRECT] 
2026-05-19 00:49:39,761 [ERROR] LogOutputStream:75 - [STDERR_REDIRECT] [Fatal Error] :1:1: Premature end of file.
2026-05-19 00:49:39,762 [ERROR] LogOutputStream:75 - [STDERR_REDIRECT] 
2026-05-19 00:49:40,765 [ERROR] LogOutputStream:75 - [STDERR_REDIRECT] [Fatal Error] :1:1: Premature end of file.
2026-05-19 00:49:40,765 [ERROR] LogOutputStream:75 - [STDERR_REDIRECT] 
2026-05-19 00:49:41,757 [ERROR] LogOutputStream:75 - [STDERR_REDIRECT] [Fatal Error] :1:1: Premature end of file.
2026-05-19 00:49:41,757 [ERROR] LogOutputStream:75 - [STDERR_REDIRECT] 
2026-05-19 00:49:42,764 [ERROR] LogOutputStream:75 - [STDERR_REDIRECT] [Fatal Error] :1:1: Premature end of file.
2026-05-19 00:49:42,765 [ERROR] LogOutputStream:75 - [STDERR_REDIRECT] 
2026-05-19 00:49:43,743 [ERROR] LogOutputStream:75 - [STDERR_REDIRECT] [Fatal Error] :1:1: Premature end of file.
2026-05-19 00:49:43,743 [ERROR] LogOutputStream:75 - [STDERR_REDIRECT] 
2026-05-19 00:49:44,756 [ERROR] LogOutputStream:75 - [STDERR_REDIRECT] [Fatal Error] :1:1: Premature end of file.
2026-05-19 00:49:44,756 [ERROR] LogOutputStream:75 - [STDERR_REDIRECT] 
2026-05-19 00:49:45,747 [ERROR] LogOutputStream:75 - [STDERR_REDIRECT] [Fatal Error] :1:1: Premature end of file.
2026-05-19 00:49:45,747 [ERROR] LogOutputStream:75 - [STDERR_REDIRECT] 
2026-05-19 00:49:46,767 [ERROR] LogOutputStream:75 - [STDERR_REDIRECT] [Fatal Error] :1:1: Premature end of file.
2026-05-19 00:49:46,767 [ERROR] LogOutputStream:75 - [STDERR_REDIRECT] 
2026-05-19 00:49:47,737 [ERROR] LogOutputStream:75 - [STDERR_REDIRECT] [Fatal Error] :1:1: Premature end of file.
2026-05-19 00:49:47,737 [ERROR] LogOutputStream:75 - [STDERR_REDIRECT] 
2026-05-19 00:49:48,730 [ERROR] LogOutputStream:75 - [STDERR_REDIRECT] [Fatal Error] :1:1: Premature end of file.
2026-05-19 00:49:48,730 [ERROR] LogOutputStream:75 - [STDERR_REDIRECT] 
2026-05-19 00:49:49,750 [ERROR] LogOutputStream:75 - [STDERR_REDIRECT] [Fatal Error] :1:1: Premature end of file.
2026-05-19 00:49:49,750 [ERROR] LogOutputStream:75 - [STDERR_REDIRECT] 
2026-05-19 00:49:50,736 [ERROR] LogOutputStream:75 - [STDERR_REDIRECT] [Fatal Error] :1:1: Premature end of file.
2026-05-19 00:49:50,736 [ERROR] LogOutputStream:75 - [STDERR_REDIRECT] 
2026-05-19 00:49:51,743 [ERROR] LogOutputStream:75 - [STDERR_REDIRECT] [Fatal Error] :1:1: Premature end of file.
2026-05-19 00:49:51,743 [ERROR] LogOutputStream:75 - [STDERR_REDIRECT] 
2026-05-19 00:49:52,746 [ERROR] LogOutputStream:75 - [STDERR_REDIRECT] [Fatal Error] :1:1: Premature end of file.
2026-05-19 00:49:52,746 [ERROR] LogOutputStream:75 - [STDERR_REDIRECT] 
2026-05-19 00:49:53,743 [ERROR] LogOutputStream:75 - [STDERR_REDIRECT] [Fatal Error] :1:1: Premature end of file.
2026-05-19 00:49:53,743 [ERROR] LogOutputStream:75 - [STDERR_REDIRECT] 
2026-05-19 00:49:54,733 [ERROR] LogOutputStream:75 - [STDERR_REDIRECT] [Fatal Error] :1:1: Premature end of file.
2026-05-19 00:49:54,733 [ERROR] LogOutputStream:75 - [STDERR_REDIRECT] 
2026-05-19 00:49:55,756 [ERROR] LogOutputStream:75 - [STDERR_REDIRECT] [Fatal Error] :1:1: Premature end of file.
2026-05-19 00:49:55,756 [ERROR] LogOutputStream:75 - [STDERR_REDIRECT] 
2026-05-19 00:49:56,738 [ERROR] LogOutputStream:75 - [STDERR_REDIRECT] [Fatal Error] :1:1: Premature end of file.
2026-05-19 00:49:56,738 [ERROR] LogOutputStream:75 - [STDERR_REDIRECT] 
2026-05-19 00:49:57,736 [ERROR] LogOutputStream:75 - [STDERR_REDIRECT] [Fatal Error] :1:1: Premature end of file.
2026-05-19 00:49:57,736 [ERROR] LogOutputStream:75 - [STDERR_REDIRECT] 
2026-05-19 00:49:58,751 [ERROR] LogOutputStream:75 - [STDERR_REDIRECT] [Fatal Error] :1:1: Premature end of file.
2026-05-19 00:49:58,751 [ERROR] LogOutputStream:75 - [STDERR_REDIRECT] 
2026-05-19 00:49:59,738 [ERROR] LogOutputStream:75 - [STDERR_REDIRECT] [Fatal Error] :1:1: Premature end of file.
2026-05-19 00:49:59,738 [ERROR] LogOutputStream:75 - [STDERR_REDIRECT] 
2026-05-19 00:50:00,742 [ERROR] LogOutputStream:75 - [STDERR_REDIRECT] [Fatal Error] :1:1: Premature end of file.
2026-05-19 00:50:00,742 [ERROR] LogOutputStream:75 - [STDERR_REDIRECT] 
2026-05-19 00:50:01,748 [ERROR] LogOutputStream:75 - [STDERR_REDIRECT] [Fatal Error] :1:1: Premature end of file.
2026-05-19 00:50:01,748 [ERROR] LogOutputStream:75 - [STDERR_REDIRECT] 
2026-05-19 00:50:02,738 [ERROR] LogOutputStream:75 - [STDERR_REDIRECT] [Fatal Error] :1:1: Premature end of file.
2026-05-19 00:50:02,738 [ERROR] LogOutputStream:75 - [STDERR_REDIRECT] 
2026-05-19 00:50:03,733 [ERROR] LogOutputStream:75 - [STDERR_REDIRECT] [Fatal Error] :1:1: Premature end of file.
2026-05-19 00:50:03,733 [ERROR] LogOutputStream:75 - [STDERR_REDIRECT] 
2026-05-19 00:50:04,736 [ERROR] LogOutputStream:75 - [STDERR_REDIRECT] [Fatal Error] :1:1: Premature end of file.
2026-05-19 00:50:04,736 [ERROR] LogOutputStream:75 - [STDERR_REDIRECT] 
2026-05-19 00:50:05,736 [ERROR] LogOutputStream:75 - [STDERR_REDIRECT] [Fatal Error] :1:1: Premature end of file.
2026-05-19 00:50:05,736 [ERROR] LogOutputStream:75 - [STDERR_REDIRECT] 
2026-05-19 00:50:06,731 [ERROR] LogOutputStream:75 - [STDERR_REDIRECT] [Fatal Error] :1:1: Premature end of file.
2026-05-19 00:50:06,731 [ERROR] LogOutputStream:75 - [STDERR_REDIRECT] 
2026-05-19 00:50:07,741 [ERROR] LogOutputStream:75 - [STDERR_REDIRECT] [Fatal Error] :1:1: Premature end of file.
2026-05-19 00:50:07,741 [ERROR] LogOutputStream:75 - [STDERR_REDIRECT] 
2026-05-19 00:50:08,754 [ERROR] LogOutputStream:75 - [STDERR_REDIRECT] [Fatal Error] :1:1: Premature end of file.
2026-05-19 00:50:08,754 [ERROR] LogOutputStream:75 - [STDERR_REDIRECT] 
2026-05-19 00:50:09,775 [ERROR] LogOutputStream:75 - [STDERR_REDIRECT] [Fatal Error] :1:1: Premature end of file.
2026-05-19 00:50:09,775 [ERROR] LogOutputStream:75 - [STDERR_REDIRECT] 
2026-05-19 00:50:10,748 [ERROR] LogOutputStream:75 - [STDERR_REDIRECT] [Fatal Error] :1:1: Premature end of file.
2026-05-19 00:50:10,748 [ERROR] LogOutputStream:75 - [STDERR_REDIRECT] 
2026-05-19 00:50:11,759 [ERROR] LogOutputStream:75 - [STDERR_REDIRECT] [Fatal Error] :1:1: Premature end of file.
2026-05-19 00:50:11,759 [ERROR] LogOutputStream:75 - [STDERR_REDIRECT] 
2026-05-19 00:50:12,739 [ERROR] LogOutputStream:75 - [STDERR_REDIRECT] [Fatal Error] :1:1: Premature end of file.
2026-05-19 00:50:12,739 [ERROR] LogOutputStream:75 - [STDERR_REDIRECT] 
2026-05-19 00:50:13,766 [ERROR] LogOutputStream:75 - [STDERR_REDIRECT] [Fatal Error] :1:1: Premature end of file.
2026-05-19 00:50:13,766 [ERROR] LogOutputStream:75 - [STDERR_REDIRECT] 
2026-05-19 00:50:14,743 [ERROR] LogOutputStream:75 - [STDERR_REDIRECT] [Fatal Error] :1:1: Premature end of file.
2026-05-19 00:50:14,743 [ERROR] LogOutputStream:75 - [STDERR_REDIRECT] 
2026-05-19 00:50:15,737 [ERROR] LogOutputStream:75 - [STDERR_REDIRECT] [Fatal Error] :1:1: Premature end of file.
2026-05-19 00:50:15,738 [ERROR] LogOutputStream:75 - [STDERR_REDIRECT] 
2026-05-19 00:50:16,759 [ERROR] LogOutputStream:75 - [STDERR_REDIRECT] [Fatal Error] :1:1: Premature end of file.
2026-05-19 00:50:16,759 [ERROR] LogOutputStream:75 - [STDERR_REDIRECT] 
2026-05-19 00:50:17,738 [ERROR] LogOutputStream:75 - [STDERR_REDIRECT] [Fatal Error] :1:1: Premature end of file.
2026-05-19 00:50:17,738 [ERROR] LogOutputStream:75 - [STDERR_REDIRECT] 
2026-05-19 00:50:18,740 [ERROR] LogOutputStream:75 - [STDERR_REDIRECT] [Fatal Error] :1:1: Premature end of file.
2026-05-19 00:50:18,740 [ERROR] LogOutputStream:75 - [STDERR_REDIRECT] 
2026-05-19 00:50:19,750 [ERROR] LogOutputStream:75 - [STDERR_REDIRECT] [Fatal Error] :1:1: Premature end of file.
2026-05-19 00:50:19,750 [ERROR] LogOutputStream:75 - [STDERR_REDIRECT] 
2026-05-19 00:50:20,742 [ERROR] LogOutputStream:75 - [STDERR_REDIRECT] [Fatal Error] :1:1: Premature end of file.
2026-05-19 00:50:20,742 [ERROR] LogOutputStream:75 - [STDERR_REDIRECT] 
2026-05-19 00:50:21,734 [ERROR] LogOutputStream:75 - [STDERR_REDIRECT] [Fatal Error] :1:1: Premature end of file.
2026-05-19 00:50:21,734 [ERROR] LogOutputStream:75 - [STDERR_REDIRECT] 
2026-05-19 00:50:22,747 [ERROR] LogOutputStream:75 - [STDERR_REDIRECT] [Fatal Error] :1:1: Premature end of file.
2026-05-19 00:50:22,747 [ERROR] LogOutputStream:75 - [STDERR_REDIRECT] 
2026-05-19 00:50:23,740 [ERROR] LogOutputStream:75 - [STDERR_REDIRECT] [Fatal Error] :1:1: Premature end of file.
2026-05-19 00:50:23,740 [ERROR] LogOutputStream:75 - [STDERR_REDIRECT] 
2026-05-19 00:50:24,761 [ERROR] LogOutputStream:75 - [STDERR_REDIRECT] [Fatal Error] :1:1: Premature end of file.
2026-05-19 00:50:24,761 [ERROR] LogOutputStream:75 - [STDERR_REDIRECT] 
2026-05-19 00:50:25,733 [ERROR] LogOutputStream:75 - [STDERR_REDIRECT] [Fatal Error] :1:1: Premature end of file.
2026-05-19 00:50:25,733 [ERROR] LogOutputStream:75 - [STDERR_REDIRECT] 
2026-05-19 00:50:26,742 [ERROR] LogOutputStream:75 - [STDERR_REDIRECT] [Fatal Error] :1:1: Premature end of file.
2026-05-19 00:50:26,742 [ERROR] LogOutputStream:75 - [STDERR_REDIRECT] 
2026-05-19 00:50:27,757 [ERROR] LogOutputStream:75 - [STDERR_REDIRECT] [Fatal Error] :1:1: Premature end of file.
2026-05-19 00:50:27,757 [ERROR] LogOutputStream:75 - [STDERR_REDIRECT] 
2026-05-19 00:50:28,764 [ERROR] LogOutputStream:75 - [STDERR_REDIRECT] [Fatal Error] :1:1: Premature end of file.
2026-05-19 00:50:28,764 [ERROR] LogOutputStream:75 - [STDERR_REDIRECT] 
2026-05-19 00:50:29,755 [ERROR] LogOutputStream:75 - [STDERR_REDIRECT] [Fatal Error] :1:1: Premature end of file.
2026-05-19 00:50:29,755 [ERROR] LogOutputStream:75 - [STDERR_REDIRECT] 
2026-05-19 00:50:30,750 [ERROR] LogOutputStream:75 - [STDERR_REDIRECT] [Fatal Error] :1:1: Premature end of file.
2026-05-19 00:50:30,751 [ERROR] LogOutputStream:75 - [STDERR_REDIRECT] 
2026-05-19 00:50:31,739 [ERROR] LogOutputStream:75 - [STDERR_REDIRECT] [Fatal Error] :1:1: Premature end of file.
2026-05-19 00:50:31,739 [ERROR] LogOutputStream:75 - [STDERR_REDIRECT] 
2026-05-19 00:50:32,759 [ERROR] LogOutputStream:75 - [STDERR_REDIRECT] [Fatal Error] :1:1: Premature end of file.
2026-05-19 00:50:32,759 [ERROR] LogOutputStream:75 - [STDERR_REDIRECT] 
2026-05-19 00:50:33,759 [ERROR] LogOutputStream:75 - [STDERR_REDIRECT] [Fatal Error] :1:1: Premature end of file.
2026-05-19 00:50:33,759 [ERROR] LogOutputStream:75 - [STDERR_REDIRECT] 
2026-05-19 00:50:34,751 [ERROR] LogOutputStream:75 - [STDERR_REDIRECT] [Fatal Error] :1:1: Premature end of file.
2026-05-19 00:50:34,752 [ERROR] LogOutputStream:75 - [STDERR_REDIRECT] 
2026-05-19 00:50:35,775 [ERROR] LogOutputStream:75 - [STDERR_REDIRECT] [Fatal Error] :1:1: Premature end of file.
2026-05-19 00:50:35,775 [ERROR] LogOutputStream:75 - [STDERR_REDIRECT] 
2026-05-19 00:50:36,746 [ERROR] LogOutputStream:75 - [STDERR_REDIRECT] [Fatal Error] :1:1: Premature end of file.
2026-05-19 00:50:36,783 [ERROR] LogOutputStream:75 - [STDERR_REDIRECT] 
2026-05-19 00:50:38,145 [ERROR] LogOutputStream:75 - [STDERR_REDIRECT] [Fatal Error] :1:1: Premature end of file.
2026-05-19 00:50:38,145 [ERROR] LogOutputStream:75 - [STDERR_REDIRECT] 
2026-05-19 00:50:38,742 [ERROR] LogOutputStream:75 - [STDERR_REDIRECT] [Fatal Error] :1:1: Premature end of file.
2026-05-19 00:50:38,742 [ERROR] LogOutputStream:75 - [STDERR_REDIRECT] 
2026-05-19 00:50:39,749 [ERROR] LogOutputStream:75 - [STDERR_REDIRECT] [Fatal Error] :1:1: Premature end of file.
2026-05-19 00:50:39,749 [ERROR] LogOutputStream:75 - [STDERR_REDIRECT] 
2026-05-19 00:50:40,755 [ERROR] LogOutputStream:75 - [STDERR_REDIRECT] [Fatal Error] :1:1: Premature end of file.
2026-05-19 00:50:40,755 [ERROR] LogOutputStream:75 - [STDERR_REDIRECT] 
2026-05-19 00:50:41,754 [ERROR] LogOutputStream:75 - [STDERR_REDIRECT] [Fatal Error] :1:1: Premature end of file.
2026-05-19 00:50:41,754 [ERROR] LogOutputStream:75 - [STDERR_REDIRECT] 
2026-05-19 00:50:42,743 [ERROR] LogOutputStream:75 - [STDERR_REDIRECT] [Fatal Error] :1:1: Premature end of file.
2026-05-19 00:50:42,745 [ERROR] LogOutputStream:75 - [STDERR_REDIRECT] 
2026-05-19 00:50:43,970 [ERROR] LogOutputStream:75 - [STDERR_REDIRECT] [Fatal Error] :1:1: Premature end of file.
2026-05-19 00:50:43,970 [ERROR] LogOutputStream:75 - [STDERR_REDIRECT] 
2026-05-19 00:50:44,750 [ERROR] LogOutputStream:75 - [STDERR_REDIRECT] [Fatal Error] :1:1: Premature end of file.
2026-05-19 00:50:44,750 [ERROR] LogOutputStream:75 - [STDERR_REDIRECT] 
2026-05-19 00:50:45,754 [ERROR] LogOutputStream:75 - [STDERR_REDIRECT] [Fatal Error] :1:1: Premature end of file.
2026-05-19 00:50:45,755 [ERROR] LogOutputStream:75 - [STDERR_REDIRECT] 
2026-05-19 00:50:46,762 [ERROR] LogOutputStream:75 - [STDERR_REDIRECT] [Fatal Error] :1:1: Premature end of file.
2026-05-19 00:50:46,762 [ERROR] LogOutputStream:75 - [STDERR_REDIRECT] 
2026-05-19 00:50:47,741 [ERROR] LogOutputStream:75 - [STDERR_REDIRECT] [Fatal Error] :1:1: Premature end of file.
2026-05-19 00:50:47,741 [ERROR] LogOutputStream:75 - [STDERR_REDIRECT] 
2026-05-19 00:50:48,729 [ERROR] LogOutputStream:75 - [STDERR_REDIRECT] [Fatal Error] :1:1: Premature end of file.
2026-05-19 00:50:48,729 [ERROR] LogOutputStream:75 - [STDERR_REDIRECT] 
2026-05-19 00:50:49,744 [ERROR] LogOutputStream:75 - [STDERR_REDIRECT] [Fatal Error] :1:1: Premature end of file.
2026-05-19 00:50:49,744 [ERROR] LogOutputStream:75 - [STDERR_REDIRECT] 
2026-05-19 00:50:50,756 [ERROR] LogOutputStream:75 - [STDERR_REDIRECT] [Fatal Error] :1:1: Premature end of file.
2026-05-19 00:50:50,756 [ERROR] LogOutputStream:75 - [STDERR_REDIRECT] 
2026-05-19 00:50:51,742 [ERROR] LogOutputStream:75 - [STDERR_REDIRECT] [Fatal Error] :1:1: Premature end of file.
2026-05-19 00:50:51,742 [ERROR] LogOutputStream:75 - [STDERR_REDIRECT] 
2026-05-19 00:50:52,746 [ERROR] LogOutputStream:75 - [STDERR_REDIRECT] [Fatal Error] :1:1: Premature end of file.
2026-05-19 00:50:52,746 [ERROR] LogOutputStream:75 - [STDERR_REDIRECT] 
2026-05-19 00:50:53,734 [ERROR] LogOutputStream:75 - [STDERR_REDIRECT] [Fatal Error] :1:1: Premature end of file.
2026-05-19 00:50:53,734 [ERROR] LogOutputStream:75 - [STDERR_REDIRECT] 
2026-05-19 00:50:54,755 [ERROR] LogOutputStream:75 - [STDERR_REDIRECT] [Fatal Error] :1:1: Premature end of file.
2026-05-19 00:50:54,755 [ERROR] LogOutputStream:75 - [STDERR_REDIRECT] 
2026-05-19 00:50:55,733 [ERROR] LogOutputStream:75 - [STDERR_REDIRECT] [Fatal Error] :1:1: Premature end of file.
2026-05-19 00:50:55,733 [ERROR] LogOutputStream:75 - [STDERR_REDIRECT] 
2026-05-19 00:50:56,738 [ERROR] LogOutputStream:75 - [STDERR_REDIRECT] [Fatal Error] :1:1: Premature end of file.
2026-05-19 00:50:56,739 [ERROR] LogOutputStream:75 - [STDERR_REDIRECT] 
2026-05-19 00:50:57,755 [ERROR] LogOutputStream:75 - [STDERR_REDIRECT] [Fatal Error] :1:1: Premature end of file.
2026-05-19 00:50:57,755 [ERROR] LogOutputStream:75 - [STDERR_REDIRECT] 
2026-05-19 00:50:58,745 [ERROR] LogOutputStream:75 - [STDERR_REDIRECT] [Fatal Error] :1:1: Premature end of file.
2026-05-19 00:50:58,745 [ERROR] LogOutputStream:75 - [STDERR_REDIRECT] 
2026-05-19 00:50:59,747 [ERROR] LogOutputStream:75 - [STDERR_REDIRECT] [Fatal Error] :1:1: Premature end of file.
2026-05-19 00:50:59,747 [ERROR] LogOutputStream:75 - [STDERR_REDIRECT] 
2026-05-19 00:51:00,746 [ERROR] LogOutputStream:75 - [STDERR_REDIRECT] [Fatal Error] :1:1: Premature end of file.
2026-05-19 00:51:00,746 [ERROR] LogOutputStream:75 - [STDERR_REDIRECT] 
2026-05-19 00:51:01,738 [ERROR] LogOutputStream:75 - [STDERR_REDIRECT] [Fatal Error] :1:1: Premature end of file.
2026-05-19 00:51:01,738 [ERROR] LogOutputStream:75 - [STDERR_REDIRECT] 
2026-05-19 00:51:02,739 [ERROR] LogOutputStream:75 - [STDERR_REDIRECT] [Fatal Error] :1:1: Premature end of file.
2026-05-19 00:51:02,739 [ERROR] LogOutputStream:75 - [STDERR_REDIRECT] 
2026-05-19 00:51:03,752 [ERROR] LogOutputStream:75 - [STDERR_REDIRECT] [Fatal Error] :1:1: Premature end of file.
2026-05-19 00:51:03,752 [ERROR] LogOutputStream:75 - [STDERR_REDIRECT] 
2026-05-19 00:51:04,747 [ERROR] LogOutputStream:75 - [STDERR_REDIRECT] [Fatal Error] :1:1: Premature end of file.
2026-05-19 00:51:04,747 [ERROR] LogOutputStream:75 - [STDERR_REDIRECT] 
2026-05-19 00:51:05,754 [ERROR] LogOutputStream:75 - [STDERR_REDIRECT] [Fatal Error] :1:1: Premature end of file.
2026-05-19 00:51:05,755 [ERROR] LogOutputStream:75 - [STDERR_REDIRECT] 
2026-05-19 00:51:06,741 [ERROR] LogOutputStream:75 - [STDERR_REDIRECT] [Fatal Error] :1:1: Premature end of file.
2026-05-19 00:51:06,741 [ERROR] LogOutputStream:75 - [STDERR_REDIRECT] 
2026-05-19 00:51:07,747 [ERROR] LogOutputStream:75 - [STDERR_REDIRECT] [Fatal Error] :1:1: Premature end of file.
2026-05-19 00:51:07,747 [ERROR] LogOutputStream:75 - [STDERR_REDIRECT] 
2026-05-19 00:51:08,757 [ERROR] LogOutputStream:75 - [STDERR_REDIRECT] [Fatal Error] :1:1: Premature end of file.
2026-05-19 00:51:08,757 [ERROR] LogOutputStream:75 - [STDERR_REDIRECT] 
2026-05-19 00:51:09,749 [ERROR] LogOutputStream:75 - [STDERR_REDIRECT] [Fatal Error] :1:1: Premature end of file.
2026-05-19 00:51:09,749 [ERROR] LogOutputStream:75 - [STDERR_REDIRECT] 
2026-05-19 00:51:10,754 [ERROR] LogOutputStream:75 - [STDERR_REDIRECT] [Fatal Error] :1:1: Premature end of file.
2026-05-19 00:51:10,754 [ERROR] LogOutputStream:75 - [STDERR_REDIRECT] 
2026-05-19 00:51:11,764 [ERROR] LogOutputStream:75 - [STDERR_REDIRECT] [Fatal Error] :1:1: Premature end of file.
2026-05-19 00:51:11,764 [ERROR] LogOutputStream:75 - [STDERR_REDIRECT] 
2026-05-19 00:51:12,742 [ERROR] LogOutputStream:75 - [STDERR_REDIRECT] [Fatal Error] :1:1: Premature end of file.
2026-05-19 00:51:12,742 [ERROR] LogOutputStream:75 - [STDERR_REDIRECT] 
2026-05-19 00:51:13,754 [ERROR] LogOutputStream:75 - [STDERR_REDIRECT] [Fatal Error] :1:1: Premature end of file.
2026-05-19 00:51:13,754 [ERROR] LogOutputStream:75 - [STDERR_REDIRECT] 
2026-05-19 00:51:14,754 [ERROR] LogOutputStream:75 - [STDERR_REDIRECT] [Fatal Error] :1:1: Premature end of file.
2026-05-19 00:51:14,755 [ERROR] LogOutputStream:75 - [STDERR_REDIRECT] 
2026-05-19 00:51:15,750 [ERROR] LogOutputStream:75 - [STDERR_REDIRECT] [Fatal Error] :1:1: Premature end of file.
2026-05-19 00:51:15,750 [ERROR] LogOutputStream:75 - [STDERR_REDIRECT] 
2026-05-19 00:51:16,760 [ERROR] LogOutputStream:75 - [STDERR_REDIRECT] [Fatal Error] :1:1: Premature end of file.
2026-05-19 00:51:16,761 [ERROR] LogOutputStream:75 - [STDERR_REDIRECT] 
2026-05-19 00:51:17,751 [ERROR] LogOutputStream:75 - [STDERR_REDIRECT] [Fatal Error] :1:1: Premature end of file.
2026-05-19 00:51:17,752 [ERROR] LogOutputStream:75 - [STDERR_REDIRECT] 
2026-05-19 00:51:18,752 [ERROR] LogOutputStream:75 - [STDERR_REDIRECT] [Fatal Error] :1:1: Premature end of file.
2026-05-19 00:51:18,753 [ERROR] LogOutputStream:75 - [STDERR_REDIRECT] 
2026-05-19 00:51:19,757 [ERROR] LogOutputStream:75 - [STDERR_REDIRECT] [Fatal Error] :1:1: Premature end of file.
2026-05-19 00:51:19,758 [ERROR] LogOutputStream:75 - [STDERR_REDIRECT] 
2026-05-19 00:51:20,742 [ERROR] LogOutputStream:75 - [STDERR_REDIRECT] [Fatal Error] :1:1: Premature end of file.
2026-05-19 00:51:20,742 [ERROR] LogOutputStream:75 - [STDERR_REDIRECT] 
2026-05-19 00:51:21,738 [ERROR] LogOutputStream:75 - [STDERR_REDIRECT] [Fatal Error] :1:1: Premature end of file.
2026-05-19 00:51:21,738 [ERROR] LogOutputStream:75 - [STDERR_REDIRECT] 
2026-05-19 00:51:22,741 [ERROR] LogOutputStream:75 - [STDERR_REDIRECT] [Fatal Error] :1:1: Premature end of file.
2026-05-19 00:51:22,741 [ERROR] LogOutputStream:75 - [STDERR_REDIRECT] 
2026-05-19 00:51:23,764 [ERROR] LogOutputStream:75 - [STDERR_REDIRECT] [Fatal Error] :1:1: Premature end of file.
2026-05-19 00:51:23,764 [ERROR] LogOutputStream:75 - [STDERR_REDIRECT] 
2026-05-19 00:51:24,744 [ERROR] LogOutputStream:75 - [STDERR_REDIRECT] [Fatal Error] :1:1: Premature end of file.
2026-05-19 00:51:24,744 [ERROR] LogOutputStream:75 - [STDERR_REDIRECT] 
2026-05-19 00:51:25,760 [ERROR] LogOutputStream:75 - [STDERR_REDIRECT] [Fatal Error] :1:1: Premature end of file.
2026-05-19 00:51:25,760 [ERROR] LogOutputStream:75 - [STDERR_REDIRECT] 
2026-05-19 00:51:26,760 [ERROR] LogOutputStream:75 - [STDERR_REDIRECT] [Fatal Error] :1:1: Premature end of file.
2026-05-19 00:51:26,760 [ERROR] LogOutputStream:75 - [STDERR_REDIRECT] 
2026-05-19 00:51:27,775 [ERROR] LogOutputStream:75 - [STDERR_REDIRECT] [Fatal Error] :1:1: Premature end of file.
2026-05-19 00:51:27,775 [ERROR] LogOutputStream:75 - [STDERR_REDIRECT] 
2026-05-19 00:51:28,762 [ERROR] LogOutputStream:75 - [STDERR_REDIRECT] [Fatal Error] :1:1: Premature end of file.
2026-05-19 00:51:28,762 [ERROR] LogOutputStream:75 - [STDERR_REDIRECT] 
2026-05-19 00:51:29,775 [ERROR] LogOutputStream:75 - [STDERR_REDIRECT] [Fatal Error] :1:1: Premature end of file.
2026-05-19 00:51:29,775 [ERROR] LogOutputStream:75 - [STDERR_REDIRECT] 
2026-05-19 00:51:30,749 [ERROR] LogOutputStream:75 - [STDERR_REDIRECT] [Fatal Error] :1:1: Premature end of file.
2026-05-19 00:51:30,749 [ERROR] LogOutputStream:75 - [STDERR_REDIRECT] 
2026-05-19 00:51:31,770 [ERROR] LogOutputStream:75 - [STDERR_REDIRECT] [Fatal Error] :1:1: Premature end of file.
2026-05-19 00:51:31,770 [ERROR] LogOutputStream:75 - [STDERR_REDIRECT] 
2026-05-19 00:51:32,797 [ERROR] LogOutputStream:75 - [STDERR_REDIRECT] [Fatal Error] :1:1: Premature end of file.
2026-05-19 00:51:32,797 [ERROR] LogOutputStream:75 - [STDERR_REDIRECT] 
2026-05-19 00:51:33,786 [ERROR] LogOutputStream:75 - [STDERR_REDIRECT] [Fatal Error] :1:1: Premature end of file.
2026-05-19 00:51:33,787 [ERROR] LogOutputStream:75 - [STDERR_REDIRECT] 
2026-05-19 00:51:34,770 [ERROR] LogOutputStream:75 - [STDERR_REDIRECT] [Fatal Error] :1:1: Premature end of file.
2026-05-19 00:51:34,771 [ERROR] LogOutputStream:75 - [STDERR_REDIRECT] 
2026-05-19 00:51:35,784 [ERROR] LogOutputStream:75 - [STDERR_REDIRECT] [Fatal Error] :1:1: Premature end of file.
2026-05-19 00:51:35,784 [ERROR] LogOutputStream:75 - [STDERR_REDIRECT] 
2026-05-19 00:51:36,789 [ERROR] LogOutputStream:75 - [STDERR_REDIRECT] [Fatal Error] :1:1: Premature end of file.
2026-05-19 00:51:36,789 [ERROR] LogOutputStream:75 - [STDERR_REDIRECT] 
2026-05-19 00:51:37,780 [ERROR] LogOutputStream:75 - [STDERR_REDIRECT] [Fatal Error] :1:1: Premature end of file.
2026-05-19 00:51:37,780 [ERROR] LogOutputStream:75 - [STDERR_REDIRECT] 
2026-05-19 00:51:38,747 [ERROR] LogOutputStream:75 - [STDERR_REDIRECT] [Fatal Error] :1:1: Premature end of file.
2026-05-19 00:51:38,747 [ERROR] LogOutputStream:75 - [STDERR_REDIRECT] 
2026-05-19 00:51:39,744 [ERROR] LogOutputStream:75 - [STDERR_REDIRECT] [Fatal Error] :1:1: Premature end of file.
2026-05-19 00:51:39,745 [ERROR] LogOutputStream:75 - [STDERR_REDIRECT] 
2026-05-19 00:51:40,735 [ERROR] LogOutputStream:75 - [STDERR_REDIRECT] [Fatal Error] :1:1: Premature end of file.
2026-05-19 00:51:40,736 [ERROR] LogOutputStream:75 - [STDERR_REDIRECT] 
2026-05-19 00:51:41,764 [ERROR] LogOutputStream:75 - [STDERR_REDIRECT] [Fatal Error] :1:1: Premature end of file.
2026-05-19 00:51:41,764 [ERROR] LogOutputStream:75 - [STDERR_REDIRECT] 
2026-05-19 00:51:42,729 [ERROR] LogOutputStream:75 - [STDERR_REDIRECT] [Fatal Error] :1:1: Premature end of file.
2026-05-19 00:51:42,729 [ERROR] LogOutputStream:75 - [STDERR_REDIRECT] 
2026-05-19 00:51:43,747 [ERROR] LogOutputStream:75 - [STDERR_REDIRECT] [Fatal Error] :1:1: Premature end of file.
2026-05-19 00:51:43,747 [ERROR] LogOutputStream:75 - [STDERR_REDIRECT] 
2026-05-19 00:51:44,772 [ERROR] LogOutputStream:75 - [STDERR_REDIRECT] [Fatal Error] :1:1: Premature end of file.
2026-05-19 00:51:44,772 [ERROR] LogOutputStream:75 - [STDERR_REDIRECT] 
2026-05-19 00:51:45,767 [ERROR] LogOutputStream:75 - [STDERR_REDIRECT] [Fatal Error] :1:1: Premature end of file.
2026-05-19 00:51:45,767 [ERROR] LogOutputStream:75 - [STDERR_REDIRECT] 
2026-05-19 00:51:46,739 [ERROR] LogOutputStream:75 - [STDERR_REDIRECT] [Fatal Error] :1:1: Premature end of file.
2026-05-19 00:51:46,739 [ERROR] LogOutputStream:75 - [STDERR_REDIRECT] 
2026-05-19 00:51:47,734 [ERROR] LogOutputStream:75 - [STDERR_REDIRECT] [Fatal Error] :1:1: Premature end of file.
2026-05-19 00:51:47,734 [ERROR] LogOutputStream:75 - [STDERR_REDIRECT] 
2026-05-19 00:51:48,749 [ERROR] LogOutputStream:75 - [STDERR_REDIRECT] [Fatal Error] :1:1: Premature end of file.
2026-05-19 00:51:48,749 [ERROR] LogOutputStream:75 - [STDERR_REDIRECT] 
2026-05-19 00:51:49,747 [ERROR] LogOutputStream:75 - [STDERR_REDIRECT] [Fatal Error] :1:1: Premature end of file.
2026-05-19 00:51:49,747 [ERROR] LogOutputStream:75 - [STDERR_REDIRECT] 
2026-05-19 00:51:50,751 [ERROR] LogOutputStream:75 - [STDERR_REDIRECT] [Fatal Error] :1:1: Premature end of file.
2026-05-19 00:51:50,751 [ERROR] LogOutputStream:75 - [STDERR_REDIRECT] 
2026-05-19 00:51:51,759 [ERROR] LogOutputStream:75 - [STDERR_REDIRECT] [Fatal Error] :1:1: Premature end of file.
2026-05-19 00:51:51,759 [ERROR] LogOutputStream:75 - [STDERR_REDIRECT] 
2026-05-19 00:51:52,731 [ERROR] LogOutputStream:75 - [STDERR_REDIRECT] [Fatal Error] :1:1: Premature end of file.
2026-05-19 00:51:52,731 [ERROR] LogOutputStream:75 - [STDERR_REDIRECT] 
2026-05-19 00:51:53,746 [ERROR] LogOutputStream:75 - [STDERR_REDIRECT] [Fatal Error] :1:1: Premature end of file.
2026-05-19 00:51:53,746 [ERROR] LogOutputStream:75 - [STDERR_REDIRECT] 
2026-05-19 00:51:54,752 [ERROR] LogOutputStream:75 - [STDERR_REDIRECT] [Fatal Error] :1:1: Premature end of file.
2026-05-19 00:51:54,752 [ERROR] LogOutputStream:75 - [STDERR_REDIRECT] 
2026-05-19 00:51:55,746 [ERROR] LogOutputStream:75 - [STDERR_REDIRECT] [Fatal Error] :1:1: Premature end of file.
2026-05-19 00:51:55,746 [ERROR] LogOutputStream:75 - [STDERR_REDIRECT] 
2026-05-19 00:51:56,755 [ERROR] LogOutputStream:75 - [STDERR_REDIRECT] [Fatal Error] :1:1: Premature end of file.
2026-05-19 00:51:56,755 [ERROR] LogOutputStream:75 - [STDERR_REDIRECT] 
2026-05-19 00:51:57,752 [ERROR] LogOutputStream:75 - [STDERR_REDIRECT] [Fatal Error] :1:1: Premature end of file.
2026-05-19 00:51:57,752 [ERROR] LogOutputStream:75 - [STDERR_REDIRECT] 
2026-05-19 00:51:58,752 [ERROR] LogOutputStream:75 - [STDERR_REDIRECT] [Fatal Error] :1:1: Premature end of file.
2026-05-19 00:51:58,753 [ERROR] LogOutputStream:75 - [STDERR_REDIRECT] 
2026-05-19 00:51:59,758 [ERROR] LogOutputStream:75 - [STDERR_REDIRECT] [Fatal Error] :1:1: Premature end of file.
2026-05-19 00:51:59,758 [ERROR] LogOutputStream:75 - [STDERR_REDIRECT] 
2026-05-19 00:52:00,755 [ERROR] LogOutputStream:75 - [STDERR_REDIRECT] [Fatal Error] :1:1: Premature end of file.
2026-05-19 00:52:00,755 [ERROR] LogOutputStream:75 - [STDERR_REDIRECT] 
2026-05-19 00:52:01,755 [ERROR] LogOutputStream:75 - [STDERR_REDIRECT] [Fatal Error] :1:1: Premature end of file.
2026-05-19 00:52:01,755 [ERROR] LogOutputStream:75 - [STDERR_REDIRECT] 
2026-05-19 00:52:02,747 [ERROR] LogOutputStream:75 - [STDERR_REDIRECT] [Fatal Error] :1:1: Premature end of file.
2026-05-19 00:52:02,747 [ERROR] LogOutputStream:75 - [STDERR_REDIRECT] 
2026-05-19 00:52:03,742 [ERROR] LogOutputStream:75 - [STDERR_REDIRECT] [Fatal Error] :1:1: Premature end of file.
2026-05-19 00:52:03,742 [ERROR] LogOutputStream:75 - [STDERR_REDIRECT] 
2026-05-19 00:52:04,747 [ERROR] LogOutputStream:75 - [STDERR_REDIRECT] [Fatal Error] :1:1: Premature end of file.
2026-05-19 00:52:04,747 [ERROR] LogOutputStream:75 - [STDERR_REDIRECT] 
2026-05-19 00:52:05,754 [ERROR] LogOutputStream:75 - [STDERR_REDIRECT] [Fatal Error] :1:1: Premature end of file.
2026-05-19 00:52:05,754 [ERROR] LogOutputStream:75 - [STDERR_REDIRECT] 
2026-05-19 00:52:06,748 [ERROR] LogOutputStream:75 - [STDERR_REDIRECT] [Fatal Error] :1:1: Premature end of file.
2026-05-19 00:52:06,748 [ERROR] LogOutputStream:75 - [STDERR_REDIRECT] 
2026-05-19 00:52:07,749 [ERROR] LogOutputStream:75 - [STDERR_REDIRECT] [Fatal Error] :1:1: Premature end of file.
2026-05-19 00:52:07,749 [ERROR] LogOutputStream:75 - [STDERR_REDIRECT] 
2026-05-19 00:52:08,750 [ERROR] LogOutputStream:75 - [STDERR_REDIRECT] [Fatal Error] :1:1: Premature end of file.
2026-05-19 00:52:08,751 [ERROR] LogOutputStream:75 - [STDERR_REDIRECT] 
2026-05-19 00:52:09,731 [ERROR] LogOutputStream:75 - [STDERR_REDIRECT] [Fatal Error] :1:1: Premature end of file.
2026-05-19 00:52:09,731 [ERROR] LogOutputStream:75 - [STDERR_REDIRECT] 
2026-05-19 00:52:10,772 [ERROR] LogOutputStream:75 - [STDERR_REDIRECT] [Fatal Error] :1:1: Premature end of file.
2026-05-19 00:52:10,772 [ERROR] LogOutputStream:75 - [STDERR_REDIRECT] 
2026-05-19 00:52:11,764 [ERROR] LogOutputStream:75 - [STDERR_REDIRECT] [Fatal Error] :1:1: Premature end of file.
2026-05-19 00:52:11,764 [ERROR] LogOutputStream:75 - [STDERR_REDIRECT] 
2026-05-19 00:52:12,751 [ERROR] LogOutputStream:75 - [STDERR_REDIRECT] [Fatal Error] :1:1: Premature end of file.
2026-05-19 00:52:12,751 [ERROR] LogOutputStream:75 - [STDERR_REDIRECT] 
2026-05-19 00:52:13,754 [ERROR] LogOutputStream:75 - [STDERR_REDIRECT] [Fatal Error] :1:1: Premature end of file.
2026-05-19 00:52:13,754 [ERROR] LogOutputStream:75 - [STDERR_REDIRECT] 
2026-05-19 00:52:14,737 [ERROR] LogOutputStream:75 - [STDERR_REDIRECT] [Fatal Error] :1:1: Premature end of file.
2026-05-19 00:52:14,737 [ERROR] LogOutputStream:75 - [STDERR_REDIRECT] 
2026-05-19 00:52:15,753 [ERROR] LogOutputStream:75 - [STDERR_REDIRECT] [Fatal Error] :1:1: Premature end of file.
2026-05-19 00:52:15,753 [ERROR] LogOutputStream:75 - [STDERR_REDIRECT] 
2026-05-19 00:52:16,756 [ERROR] LogOutputStream:75 - [STDERR_REDIRECT] [Fatal Error] :1:1: Premature end of file.
2026-05-19 00:52:16,756 [ERROR] LogOutputStream:75 - [STDERR_REDIRECT] 
2026-05-19 00:52:17,732 [ERROR] LogOutputStream:75 - [STDERR_REDIRECT] [Fatal Error] :1:1: Premature end of file.
2026-05-19 00:52:17,732 [ERROR] LogOutputStream:75 - [STDERR_REDIRECT] 
2026-05-19 00:52:18,745 [ERROR] LogOutputStream:75 - [STDERR_REDIRECT] [Fatal Error] :1:1: Premature end of file.
2026-05-19 00:52:18,745 [ERROR] LogOutputStream:75 - [STDERR_REDIRECT] 
2026-05-19 00:52:19,757 [ERROR] LogOutputStream:75 - [STDERR_REDIRECT] [Fatal Error] :1:1: Premature end of file.
2026-05-19 00:52:19,757 [ERROR] LogOutputStream:75 - [STDERR_REDIRECT] 
2026-05-19 00:52:20,755 [ERROR] LogOutputStream:75 - [STDERR_REDIRECT] [Fatal Error] :1:1: Premature end of file.
2026-05-19 00:52:20,756 [ERROR] LogOutputStream:75 - [STDERR_REDIRECT] 
2026-05-19 00:52:21,769 [ERROR] LogOutputStream:75 - [STDERR_REDIRECT] [Fatal Error] :1:1: Premature end of file.
2026-05-19 00:52:21,769 [ERROR] LogOutputStream:75 - [STDERR_REDIRECT] 
2026-05-19 00:52:22,756 [ERROR] LogOutputStream:75 - [STDERR_REDIRECT] [Fatal Error] :1:1: Premature end of file.
2026-05-19 00:52:22,756 [ERROR] LogOutputStream:75 - [STDERR_REDIRECT] 
2026-05-19 00:52:23,754 [ERROR] LogOutputStream:75 - [STDERR_REDIRECT] [Fatal Error] :1:1: Premature end of file.
2026-05-19 00:52:23,754 [ERROR] LogOutputStream:75 - [STDERR_REDIRECT] 
2026-05-19 00:52:24,755 [ERROR] LogOutputStream:75 - [STDERR_REDIRECT] [Fatal Error] :1:1: Premature end of file.
2026-05-19 00:52:24,756 [ERROR] LogOutputStream:75 - [STDERR_REDIRECT] 
2026-05-19 00:52:25,748 [ERROR] LogOutputStream:75 - [STDERR_REDIRECT] [Fatal Error] :1:1: Premature end of file.
2026-05-19 00:52:25,748 [ERROR] LogOutputStream:75 - [STDERR_REDIRECT] 
2026-05-19 00:52:26,762 [ERROR] LogOutputStream:75 - [STDERR_REDIRECT] [Fatal Error] :1:1: Premature end of file.
2026-05-19 00:52:26,762 [ERROR] LogOutputStream:75 - [STDERR_REDIRECT] 
2026-05-19 00:52:27,749 [ERROR] LogOutputStream:75 - [STDERR_REDIRECT] [Fatal Error] :1:1: Premature end of file.
2026-05-19 00:52:27,750 [ERROR] LogOutputStream:75 - [STDERR_REDIRECT] 
2026-05-19 00:52:28,781 [ERROR] LogOutputStream:75 - [STDERR_REDIRECT] [Fatal Error] :1:1: Premature end of file.
2026-05-19 00:52:28,781 [ERROR] LogOutputStream:75 - [STDERR_REDIRECT] 
2026-05-19 00:52:29,771 [ERROR] LogOutputStream:75 - [STDERR_REDIRECT] [Fatal Error] :1:1: Premature end of file.
2026-05-19 00:52:29,771 [ERROR] LogOutputStream:75 - [STDERR_REDIRECT] 
2026-05-19 00:52:30,750 [ERROR] LogOutputStream:75 - [STDERR_REDIRECT] [Fatal Error] :1:1: Premature end of file.
2026-05-19 00:52:30,751 [ERROR] LogOutputStream:75 - [STDERR_REDIRECT] 
2026-05-19 00:52:31,747 [ERROR] LogOutputStream:75 - [STDERR_REDIRECT] [Fatal Error] :1:1: Premature end of file.
2026-05-19 00:52:31,747 [ERROR] LogOutputStream:75 - [STDERR_REDIRECT] 
2026-05-19 00:52:32,761 [ERROR] LogOutputStream:75 - [STDERR_REDIRECT] [Fatal Error] :1:1: Premature end of file.
2026-05-19 00:52:32,762 [ERROR] LogOutputStream:75 - [STDERR_REDIRECT] 
2026-05-19 00:52:33,760 [ERROR] LogOutputStream:75 - [STDERR_REDIRECT] [Fatal Error] :1:1: Premature end of file.
2026-05-19 00:52:33,760 [ERROR] LogOutputStream:75 - [STDERR_REDIRECT] 
2026-05-19 00:52:34,745 [ERROR] LogOutputStream:75 - [STDERR_REDIRECT] [Fatal Error] :1:1: Premature end of file.
2026-05-19 00:52:34,746 [ERROR] LogOutputStream:75 - [STDERR_REDIRECT] 
2026-05-19 00:52:35,759 [ERROR] LogOutputStream:75 - [STDERR_REDIRECT] [Fatal Error] :1:1: Premature end of file.
2026-05-19 00:52:35,759 [ERROR] LogOutputStream:75 - [STDERR_REDIRECT] 
2026-05-19 00:52:36,738 [ERROR] LogOutputStream:75 - [STDERR_REDIRECT] [Fatal Error] :1:1: Premature end of file.
2026-05-19 00:52:36,738 [ERROR] LogOutputStream:75 - [STDERR_REDIRECT] 
2026-05-19 00:52:37,750 [ERROR] LogOutputStream:75 - [STDERR_REDIRECT] [Fatal Error] :1:1: Premature end of file.
2026-05-19 00:52:37,750 [ERROR] LogOutputStream:75 - [STDERR_REDIRECT] 
2026-05-19 00:52:38,783 [ERROR] LogOutputStream:75 - [STDERR_REDIRECT] [Fatal Error] :1:1: Premature end of file.
2026-05-19 00:52:38,783 [ERROR] LogOutputStream:75 - [STDERR_REDIRECT] 
2026-05-19 00:52:39,754 [ERROR] LogOutputStream:75 - [STDERR_REDIRECT] [Fatal Error] :1:1: Premature end of file.
2026-05-19 00:52:39,754 [ERROR] LogOutputStream:75 - [STDERR_REDIRECT] 
2026-05-19 00:52:40,790 [ERROR] LogOutputStream:75 - [STDERR_REDIRECT] [Fatal Error] :1:1: Premature end of file.
2026-05-19 00:52:40,790 [ERROR] LogOutputStream:75 - [STDERR_REDIRECT] 
2026-05-19 00:52:41,758 [ERROR] LogOutputStream:75 - [STDERR_REDIRECT] [Fatal Error] :1:1: Premature end of file.
2026-05-19 00:52:41,758 [ERROR] LogOutputStream:75 - [STDERR_REDIRECT] 
2026-05-19 00:52:42,742 [ERROR] LogOutputStream:75 - [STDERR_REDIRECT] [Fatal Error] :1:1: Premature end of file.
2026-05-19 00:52:42,743 [ERROR] LogOutputStream:75 - [STDERR_REDIRECT] 
2026-05-19 00:52:43,742 [ERROR] LogOutputStream:75 - [STDERR_REDIRECT] [Fatal Error] :1:1: Premature end of file.
2026-05-19 00:52:43,742 [ERROR] LogOutputStream:75 - [STDERR_REDIRECT] 
2026-05-19 00:52:44,749 [ERROR] LogOutputStream:75 - [STDERR_REDIRECT] [Fatal Error] :1:1: Premature end of file.
2026-05-19 00:52:44,749 [ERROR] LogOutputStream:75 - [STDERR_REDIRECT] 
2026-05-19 00:52:45,738 [ERROR] LogOutputStream:75 - [STDERR_REDIRECT] [Fatal Error] :1:1: Premature end of file.
2026-05-19 00:52:45,738 [ERROR] LogOutputStream:75 - [STDERR_REDIRECT] 
2026-05-19 00:52:46,744 [ERROR] LogOutputStream:75 - [STDERR_REDIRECT] [Fatal Error] :1:1: Premature end of file.
2026-05-19 00:52:46,746 [ERROR] LogOutputStream:75 - [STDERR_REDIRECT] 
2026-05-19 00:52:47,734 [ERROR] LogOutputStream:75 - [STDERR_REDIRECT] [Fatal Error] :1:1: Premature end of file.
2026-05-19 00:52:47,735 [ERROR] LogOutputStream:75 - [STDERR_REDIRECT] 
2026-05-19 00:52:48,742 [ERROR] LogOutputStream:75 - [STDERR_REDIRECT] [Fatal Error] :1:1: Premature end of file.
2026-05-19 00:52:48,742 [ERROR] LogOutputStream:75 - [STDERR_REDIRECT] 
2026-05-19 00:52:49,750 [ERROR] LogOutputStream:75 - [STDERR_REDIRECT] [Fatal Error] :1:1: Premature end of file.
2026-05-19 00:52:49,751 [ERROR] LogOutputStream:75 - [STDERR_REDIRECT] 
2026-05-19 00:52:50,763 [ERROR] LogOutputStream:75 - [STDERR_REDIRECT] [Fatal Error] :1:1: Premature end of file.
2026-05-19 00:52:50,764 [ERROR] LogOutputStream:75 - [STDERR_REDIRECT] 
2026-05-19 00:52:51,749 [ERROR] LogOutputStream:75 - [STDERR_REDIRECT] [Fatal Error] :1:1: Premature end of file.
2026-05-19 00:52:51,749 [ERROR] LogOutputStream:75 - [STDERR_REDIRECT] 
2026-05-19 00:52:52,801 [ERROR] LogOutputStream:75 - [STDERR_REDIRECT] [Fatal Error] :1:1: Premature end of file.
2026-05-19 00:52:52,802 [ERROR] LogOutputStream:75 - [STDERR_REDIRECT] 
2026-05-19 00:52:53,735 [ERROR] LogOutputStream:75 - [STDERR_REDIRECT] [Fatal Error] :1:1: Premature end of file.
2026-05-19 00:52:53,735 [ERROR] LogOutputStream:75 - [STDERR_REDIRECT] 
2026-05-19 00:52:54,760 [ERROR] LogOutputStream:75 - [STDERR_REDIRECT] [Fatal Error] :1:1: Premature end of file.
2026-05-19 00:52:54,760 [ERROR] LogOutputStream:75 - [STDERR_REDIRECT] 
2026-05-19 00:52:55,766 [ERROR] LogOutputStream:75 - [STDERR_REDIRECT] [Fatal Error] :1:1: Premature end of file.
2026-05-19 00:52:55,767 [ERROR] LogOutputStream:75 - [STDERR_REDIRECT] 
2026-05-19 00:52:56,749 [ERROR] LogOutputStream:75 - [STDERR_REDIRECT] [Fatal Error] :1:1: Premature end of file.
2026-05-19 00:52:56,749 [ERROR] LogOutputStream:75 - [STDERR_REDIRECT] 
2026-05-19 00:52:57,746 [ERROR] LogOutputStream:75 - [STDERR_REDIRECT] [Fatal Error] :1:1: Premature end of file.
2026-05-19 00:52:57,746 [ERROR] LogOutputStream:75 - [STDERR_REDIRECT] 
2026-05-19 00:52:58,756 [ERROR] LogOutputStream:75 - [STDERR_REDIRECT] [Fatal Error] :1:1: Premature end of file.
2026-05-19 00:52:58,756 [ERROR] LogOutputStream:75 - [STDERR_REDIRECT] 
2026-05-19 00:52:59,758 [ERROR] LogOutputStream:75 - [STDERR_REDIRECT] [Fatal Error] :1:1: Premature end of file.
2026-05-19 00:52:59,759 [ERROR] LogOutputStream:75 - [STDERR_REDIRECT] 
2026-05-19 00:53:00,751 [ERROR] LogOutputStream:75 - [STDERR_REDIRECT] [Fatal Error] :1:1: Premature end of file.
2026-05-19 00:53:00,751 [ERROR] LogOutputStream:75 - [STDERR_REDIRECT] 
2026-05-19 00:53:01,768 [ERROR] LogOutputStream:75 - [STDERR_REDIRECT] [Fatal Error] :1:1: Premature end of file.
2026-05-19 00:53:01,768 [ERROR] LogOutputStream:75 - [STDERR_REDIRECT] 
2026-05-19 00:53:02,757 [ERROR] LogOutputStream:75 - [STDERR_REDIRECT] [Fatal Error] :1:1: Premature end of file.
2026-05-19 00:53:02,757 [ERROR] LogOutputStream:75 - [STDERR_REDIRECT] 
2026-05-19 00:53:03,752 [ERROR] LogOutputStream:75 - [STDERR_REDIRECT] [Fatal Error] :1:1: Premature end of file.
2026-05-19 00:53:03,752 [ERROR] LogOutputStream:75 - [STDERR_REDIRECT] 
2026-05-19 00:53:04,769 [ERROR] LogOutputStream:75 - [STDERR_REDIRECT] [Fatal Error] :1:1: Premature end of file.
2026-05-19 00:53:04,769 [ERROR] LogOutputStream:75 - [STDERR_REDIRECT] 
2026-05-19 00:53:05,750 [ERROR] LogOutputStream:75 - [STDERR_REDIRECT] [Fatal Error] :1:1: Premature end of file.
2026-05-19 00:53:05,750 [ERROR] LogOutputStream:75 - [STDERR_REDIRECT] 
2026-05-19 00:53:06,746 [ERROR] LogOutputStream:75 - [STDERR_REDIRECT] [Fatal Error] :1:1: Premature end of file.
2026-05-19 00:53:06,746 [ERROR] LogOutputStream:75 - [STDERR_REDIRECT] 
2026-05-19 00:53:07,762 [ERROR] LogOutputStream:75 - [STDERR_REDIRECT] [Fatal Error] :1:1: Premature end of file.
2026-05-19 00:53:07,763 [ERROR] LogOutputStream:75 - [STDERR_REDIRECT] 
2026-05-19 00:53:08,746 [ERROR] LogOutputStream:75 - [STDERR_REDIRECT] [Fatal Error] :1:1: Premature end of file.
2026-05-19 00:53:08,747 [ERROR] LogOutputStream:75 - [STDERR_REDIRECT] 
2026-05-19 00:53:09,739 [ERROR] LogOutputStream:75 - [STDERR_REDIRECT] [Fatal Error] :1:1: Premature end of file.
2026-05-19 00:53:09,739 [ERROR] LogOutputStream:75 - [STDERR_REDIRECT] 
2026-05-19 00:53:10,769 [ERROR] LogOutputStream:75 - [STDERR_REDIRECT] [Fatal Error] :1:1: Premature end of file.
2026-05-19 00:53:10,769 [ERROR] LogOutputStream:75 - [STDERR_REDIRECT] 
2026-05-19 00:53:11,771 [ERROR] LogOutputStream:75 - [STDERR_REDIRECT] [Fatal Error] :1:1: Premature end of file.
2026-05-19 00:53:11,771 [ERROR] LogOutputStream:75 - [STDERR_REDIRECT] 
2026-05-19 00:53:12,748 [ERROR] LogOutputStream:75 - [STDERR_REDIRECT] [Fatal Error] :1:1: Premature end of file.
2026-05-19 00:53:12,748 [ERROR] LogOutputStream:75 - [STDERR_REDIRECT] 
2026-05-19 00:53:13,745 [ERROR] LogOutputStream:75 - [STDERR_REDIRECT] [Fatal Error] :1:1: Premature end of file.
2026-05-19 00:53:13,745 [ERROR] LogOutputStream:75 - [STDERR_REDIRECT] 
2026-05-19 00:53:14,755 [ERROR] LogOutputStream:75 - [STDERR_REDIRECT] [Fatal Error] :1:1: Premature end of file.
2026-05-19 00:53:14,756 [ERROR] LogOutputStream:75 - [STDERR_REDIRECT] 
2026-05-19 00:53:15,763 [ERROR] LogOutputStream:75 - [STDERR_REDIRECT] [Fatal Error] :1:1: Premature end of file.
2026-05-19 00:53:15,763 [ERROR] LogOutputStream:75 - [STDERR_REDIRECT] 
2026-05-19 00:53:16,770 [ERROR] LogOutputStream:75 - [STDERR_REDIRECT] [Fatal Error] :1:1: Premature end of file.
2026-05-19 00:53:16,770 [ERROR] LogOutputStream:75 - [STDERR_REDIRECT] 
2026-05-19 00:53:17,761 [ERROR] LogOutputStream:75 - [STDERR_REDIRECT] [Fatal Error] :1:1: Premature end of file.
2026-05-19 00:53:17,761 [ERROR] LogOutputStream:75 - [STDERR_REDIRECT] 
2026-05-19 00:53:18,762 [ERROR] LogOutputStream:75 - [STDERR_REDIRECT] [Fatal Error] :1:1: Premature end of file.
2026-05-19 00:53:18,762 [ERROR] LogOutputStream:75 - [STDERR_REDIRECT] 
2026-05-19 00:53:19,739 [ERROR] LogOutputStream:75 - [STDERR_REDIRECT] [Fatal Error] :1:1: Premature end of file.
2026-05-19 00:53:19,739 [ERROR] LogOutputStream:75 - [STDERR_REDIRECT] 
2026-05-19 00:53:20,791 [ERROR] LogOutputStream:75 - [STDERR_REDIRECT] [Fatal Error] :1:1: Premature end of file.
2026-05-19 00:53:20,791 [ERROR] LogOutputStream:75 - [STDERR_REDIRECT] 
2026-05-19 00:53:21,786 [ERROR] LogOutputStream:75 - [STDERR_REDIRECT] [Fatal Error] :1:1: Premature end of file.
2026-05-19 00:53:21,786 [ERROR] LogOutputStream:75 - [STDERR_REDIRECT] 
2026-05-19 00:53:22,753 [ERROR] LogOutputStream:75 - [STDERR_REDIRECT] [Fatal Error] :1:1: Premature end of file.
2026-05-19 00:53:22,753 [ERROR] LogOutputStream:75 - [STDERR_REDIRECT] 
2026-05-19 00:53:23,742 [ERROR] LogOutputStream:75 - [STDERR_REDIRECT] [Fatal Error] :1:1: Premature end of file.
2026-05-19 00:53:23,742 [ERROR] LogOutputStream:75 - [STDERR_REDIRECT] 
2026-05-19 00:53:24,762 [ERROR] LogOutputStream:75 - [STDERR_REDIRECT] [Fatal Error] :1:1: Premature end of file.
2026-05-19 00:53:24,762 [ERROR] LogOutputStream:75 - [STDERR_REDIRECT] 
2026-05-19 00:53:25,771 [ERROR] LogOutputStream:75 - [STDERR_REDIRECT] [Fatal Error] :1:1: Premature end of file.
2026-05-19 00:53:25,771 [ERROR] LogOutputStream:75 - [STDERR_REDIRECT] 
2026-05-19 00:53:26,748 [ERROR] LogOutputStream:75 - [STDERR_REDIRECT] [Fatal Error] :1:1: Premature end of file.
2026-05-19 00:53:26,748 [ERROR] LogOutputStream:75 - [STDERR_REDIRECT] 
2026-05-19 00:53:27,746 [ERROR] LogOutputStream:75 - [STDERR_REDIRECT] [Fatal Error] :1:1: Premature end of file.
2026-05-19 00:53:27,746 [ERROR] LogOutputStream:75 - [STDERR_REDIRECT] 
2026-05-19 00:53:28,754 [ERROR] LogOutputStream:75 - [STDERR_REDIRECT] [Fatal Error] :1:1: Premature end of file.
2026-05-19 00:53:28,754 [ERROR] LogOutputStream:75 - [STDERR_REDIRECT] 
2026-05-19 00:53:29,756 [ERROR] LogOutputStream:75 - [STDERR_REDIRECT] [Fatal Error] :1:1: Premature end of file.
2026-05-19 00:53:29,756 [ERROR] LogOutputStream:75 - [STDERR_REDIRECT] 
2026-05-19 00:53:30,752 [ERROR] LogOutputStream:75 - [STDERR_REDIRECT] [Fatal Error] :1:1: Premature end of file.
2026-05-19 00:53:30,752 [ERROR] LogOutputStream:75 - [STDERR_REDIRECT] 
2026-05-19 00:53:31,759 [ERROR] LogOutputStream:75 - [STDERR_REDIRECT] [Fatal Error] :1:1: Premature end of file.
2026-05-19 00:53:31,759 [ERROR] LogOutputStream:75 - [STDERR_REDIRECT] 
2026-05-19 00:53:32,760 [ERROR] LogOutputStream:75 - [STDERR_REDIRECT] [Fatal Error] :1:1: Premature end of file.
2026-05-19 00:53:32,761 [ERROR] LogOutputStream:75 - [STDERR_REDIRECT] 
2026-05-19 00:53:33,759 [ERROR] LogOutputStream:75 - [STDERR_REDIRECT] [Fatal Error] :1:1: Premature end of file.
2026-05-19 00:53:33,759 [ERROR] LogOutputStream:75 - [STDERR_REDIRECT] 
2026-05-19 00:53:34,758 [ERROR] LogOutputStream:75 - [STDERR_REDIRECT] [Fatal Error] :1:1: Premature end of file.
2026-05-19 00:53:34,758 [ERROR] LogOutputStream:75 - [STDERR_REDIRECT] 
2026-05-19 00:53:35,765 [ERROR] LogOutputStream:75 - [STDERR_REDIRECT] [Fatal Error] :1:1: Premature end of file.
2026-05-19 00:53:35,765 [ERROR] LogOutputStream:75 - [STDERR_REDIRECT] 
2026-05-19 00:53:36,779 [ERROR] LogOutputStream:75 - [STDERR_REDIRECT] [Fatal Error] :1:1: Premature end of file.
2026-05-19 00:53:36,780 [ERROR] LogOutputStream:75 - [STDERR_REDIRECT] 
2026-05-19 00:53:37,750 [ERROR] LogOutputStream:75 - [STDERR_REDIRECT] [Fatal Error] :1:1: Premature end of file.
2026-05-19 00:53:37,751 [ERROR] LogOutputStream:75 - [STDERR_REDIRECT] 
2026-05-19 00:53:38,759 [ERROR] LogOutputStream:75 - [STDERR_REDIRECT] [Fatal Error] :1:1: Premature end of file.
2026-05-19 00:53:38,760 [ERROR] LogOutputStream:75 - [STDERR_REDIRECT] 
2026-05-19 00:53:39,759 [ERROR] LogOutputStream:75 - [STDERR_REDIRECT] [Fatal Error] :1:1: Premature end of file.
2026-05-19 00:53:39,759 [ERROR] LogOutputStream:75 - [STDERR_REDIRECT] 
2026-05-19 00:53:40,763 [ERROR] LogOutputStream:75 - [STDERR_REDIRECT] [Fatal Error] :1:1: Premature end of file.
2026-05-19 00:53:40,763 [ERROR] LogOutputStream:75 - [STDERR_REDIRECT] 
2026-05-19 00:53:41,785 [ERROR] LogOutputStream:75 - [STDERR_REDIRECT] [Fatal Error] :1:1: Premature end of file.
2026-05-19 00:53:41,785 [ERROR] LogOutputStream:75 - [STDERR_REDIRECT] 
2026-05-19 00:53:42,756 [ERROR] LogOutputStream:75 - [STDERR_REDIRECT] [Fatal Error] :1:1: Premature end of file.
2026-05-19 00:53:42,756 [ERROR] LogOutputStream:75 - [STDERR_REDIRECT] 
2026-05-19 00:53:43,732 [ERROR] LogOutputStream:75 - [STDERR_REDIRECT] [Fatal Error] :1:1: Premature end of file.
2026-05-19 00:53:43,732 [ERROR] LogOutputStream:75 - [STDERR_REDIRECT] 
2026-05-19 00:53:44,730 [ERROR] LogOutputStream:75 - [STDERR_REDIRECT] [Fatal Error] :1:1: Premature end of file.
2026-05-19 00:53:44,731 [ERROR] LogOutputStream:75 - [STDERR_REDIRECT] 
2026-05-19 00:53:45,732 [ERROR] LogOutputStream:75 - [STDERR_REDIRECT] [Fatal Error] :1:1: Premature end of file.
2026-05-19 00:53:45,732 [ERROR] LogOutputStream:75 - [STDERR_REDIRECT] 
2026-05-19 00:53:46,729 [ERROR] LogOutputStream:75 - [STDERR_REDIRECT] [Fatal Error] :1:1: Premature end of file.
2026-05-19 00:53:46,729 [ERROR] LogOutputStream:75 - [STDERR_REDIRECT] 
2026-05-19 00:53:47,758 [ERROR] LogOutputStream:75 - [STDERR_REDIRECT] [Fatal Error] :1:1: Premature end of file.
2026-05-19 00:53:47,759 [ERROR] LogOutputStream:75 - [STDERR_REDIRECT] 
2026-05-19 00:53:48,793 [ERROR] LogOutputStream:75 - [STDERR_REDIRECT] [Fatal Error] :1:1: Premature end of file.
2026-05-19 00:53:48,793 [ERROR] LogOutputStream:75 - [STDERR_REDIRECT] 
2026-05-19 00:53:49,792 [ERROR] LogOutputStream:75 - [STDERR_REDIRECT] [Fatal Error] :1:1: Premature end of file.
2026-05-19 00:53:49,793 [ERROR] LogOutputStream:75 - [STDERR_REDIRECT] 
2026-05-19 00:53:50,749 [ERROR] LogOutputStream:75 - [STDERR_REDIRECT] [Fatal Error] :1:1: Premature end of file.
2026-05-19 00:53:50,749 [ERROR] LogOutputStream:75 - [STDERR_REDIRECT] 
2026-05-19 00:53:51,753 [ERROR] LogOutputStream:75 - [STDERR_REDIRECT] [Fatal Error] :1:1: Premature end of file.
2026-05-19 00:53:51,793 [ERROR] LogOutputStream:75 - [STDERR_REDIRECT] 
2026-05-19 00:53:52,770 [ERROR] LogOutputStream:75 - [STDERR_REDIRECT] [Fatal Error] :1:1: Premature end of file.
2026-05-19 00:53:52,770 [ERROR] LogOutputStream:75 - [STDERR_REDIRECT] 
2026-05-19 00:53:53,767 [ERROR] LogOutputStream:75 - [STDERR_REDIRECT] [Fatal Error] :1:1: Premature end of file.
2026-05-19 00:53:53,768 [ERROR] LogOutputStream:75 - [STDERR_REDIRECT] 
2026-05-19 00:53:54,759 [ERROR] LogOutputStream:75 - [STDERR_REDIRECT] [Fatal Error] :1:1: Premature end of file.
2026-05-19 00:53:54,759 [ERROR] LogOutputStream:75 - [STDERR_REDIRECT] 
2026-05-19 00:53:55,758 [ERROR] LogOutputStream:75 - [STDERR_REDIRECT] [Fatal Error] :1:1: Premature end of file.
2026-05-19 00:53:55,758 [ERROR] LogOutputStream:75 - [STDERR_REDIRECT] 
2026-05-19 00:53:56,766 [ERROR] LogOutputStream:75 - [STDERR_REDIRECT] [Fatal Error] :1:1: Premature end of file.
2026-05-19 00:53:56,766 [ERROR] LogOutputStream:75 - [STDERR_REDIRECT] 
2026-05-19 00:53:57,756 [ERROR] LogOutputStream:75 - [STDERR_REDIRECT] [Fatal Error] :1:1: Premature end of file.
2026-05-19 00:53:57,757 [ERROR] LogOutputStream:75 - [STDERR_REDIRECT] 
2026-05-19 00:53:58,755 [ERROR] LogOutputStream:75 - [STDERR_REDIRECT] [Fatal Error] :1:1: Premature end of file.
2026-05-19 00:53:58,755 [ERROR] LogOutputStream:75 - [STDERR_REDIRECT] 
2026-05-19 00:53:59,785 [ERROR] LogOutputStream:75 - [STDERR_REDIRECT] [Fatal Error] :1:1: Premature end of file.
2026-05-19 00:53:59,785 [ERROR] LogOutputStream:75 - [STDERR_REDIRECT] 
2026-05-19 00:54:00,756 [ERROR] LogOutputStream:75 - [STDERR_REDIRECT] [Fatal Error] :1:1: Premature end of file.
2026-05-19 00:54:00,756 [ERROR] LogOutputStream:75 - [STDERR_REDIRECT] 
2026-05-19 00:54:01,800 [ERROR] LogOutputStream:75 - [STDERR_REDIRECT] [Fatal Error] :1:1: Premature end of file.
2026-05-19 00:54:01,800 [ERROR] LogOutputStream:75 - [STDERR_REDIRECT] 
2026-05-19 00:54:02,755 [ERROR] LogOutputStream:75 - [STDERR_REDIRECT] [Fatal Error] :1:1: Premature end of file.
2026-05-19 00:54:02,755 [ERROR] LogOutputStream:75 - [STDERR_REDIRECT] 
2026-05-19 00:54:03,753 [ERROR] LogOutputStream:75 - [STDERR_REDIRECT] [Fatal Error] :1:1: Premature end of file.
2026-05-19 00:54:03,753 [ERROR] LogOutputStream:75 - [STDERR_REDIRECT] 
2026-05-19 00:54:04,737 [ERROR] LogOutputStream:75 - [STDERR_REDIRECT] [Fatal Error] :1:1: Premature end of file.
2026-05-19 00:54:04,737 [ERROR] LogOutputStream:75 - [STDERR_REDIRECT] 
2026-05-19 00:54:05,764 [ERROR] LogOutputStream:75 - [STDERR_REDIRECT] [Fatal Error] :1:1: Premature end of file.
2026-05-19 00:54:05,765 [ERROR] LogOutputStream:75 - [STDERR_REDIRECT] 
2026-05-19 00:54:06,769 [ERROR] LogOutputStream:75 - [STDERR_REDIRECT] [Fatal Error] :1:1: Premature end of file.
2026-05-19 00:54:06,769 [ERROR] LogOutputStream:75 - [STDERR_REDIRECT] 
2026-05-19 00:54:07,759 [ERROR] LogOutputStream:75 - [STDERR_REDIRECT] [Fatal Error] :1:1: Premature end of file.
2026-05-19 00:54:07,760 [ERROR] LogOutputStream:75 - [STDERR_REDIRECT] 
2026-05-19 00:54:08,730 [ERROR] LogOutputStream:75 - [STDERR_REDIRECT] [Fatal Error] :1:1: Premature end of file.
2026-05-19 00:54:08,731 [ERROR] LogOutputStream:75 - [STDERR_REDIRECT] 
2026-05-19 00:54:09,757 [ERROR] LogOutputStream:75 - [STDERR_REDIRECT] [Fatal Error] :1:1: Premature end of file.
2026-05-19 00:54:09,757 [ERROR] LogOutputStream:75 - [STDERR_REDIRECT] 
2026-05-19 00:54:10,746 [ERROR] LogOutputStream:75 - [STDERR_REDIRECT] [Fatal Error] :1:1: Premature end of file.
2026-05-19 00:54:10,746 [ERROR] LogOutputStream:75 - [STDERR_REDIRECT] 
2026-05-19 00:54:11,754 [ERROR] LogOutputStream:75 - [STDERR_REDIRECT] [Fatal Error] :1:1: Premature end of file.
2026-05-19 00:54:11,754 [ERROR] LogOutputStream:75 - [STDERR_REDIRECT] 
2026-05-19 00:54:12,759 [ERROR] LogOutputStream:75 - [STDERR_REDIRECT] [Fatal Error] :1:1: Premature end of file.
2026-05-19 00:54:12,759 [ERROR] LogOutputStream:75 - [STDERR_REDIRECT] 
2026-05-19 00:54:13,762 [ERROR] LogOutputStream:75 - [STDERR_REDIRECT] [Fatal Error] :1:1: Premature end of file.
2026-05-19 00:54:13,762 [ERROR] LogOutputStream:75 - [STDERR_REDIRECT] 
2026-05-19 00:54:14,753 [ERROR] LogOutputStream:75 - [STDERR_REDIRECT] [Fatal Error] :1:1: Premature end of file.
2026-05-19 00:54:14,753 [ERROR] LogOutputStream:75 - [STDERR_REDIRECT] 
2026-05-19 00:54:15,775 [ERROR] LogOutputStream:75 - [STDERR_REDIRECT] [Fatal Error] :1:1: Premature end of file.
2026-05-19 00:54:15,775 [ERROR] LogOutputStream:75 - [STDERR_REDIRECT] 
2026-05-19 00:54:16,758 [ERROR] LogOutputStream:75 - [STDERR_REDIRECT] [Fatal Error] :1:1: Premature end of file.
2026-05-19 00:54:16,758 [ERROR] LogOutputStream:75 - [STDERR_REDIRECT] 
2026-05-19 00:54:17,787 [ERROR] LogOutputStream:75 - [STDERR_REDIRECT] [Fatal Error] :1:1: Premature end of file.
2026-05-19 00:54:17,787 [ERROR] LogOutputStream:75 - [STDERR_REDIRECT] 
2026-05-19 00:54:18,769 [ERROR] LogOutputStream:75 - [STDERR_REDIRECT] [Fatal Error] :1:1: Premature end of file.
2026-05-19 00:54:18,769 [ERROR] LogOutputStream:75 - [STDERR_REDIRECT] 
2026-05-19 00:54:19,761 [ERROR] LogOutputStream:75 - [STDERR_REDIRECT] [Fatal Error] :1:1: Premature end of file.
2026-05-19 00:54:19,762 [ERROR] LogOutputStream:75 - [STDERR_REDIRECT] 
2026-05-19 00:54:20,737 [ERROR] LogOutputStream:75 - [STDERR_REDIRECT] [Fatal Error] :1:1: Premature end of file.
2026-05-19 00:54:20,737 [ERROR] LogOutputStream:75 - [STDERR_REDIRECT] 
2026-05-19 00:54:21,746 [ERROR] LogOutputStream:75 - [STDERR_REDIRECT] [Fatal Error] :1:1: Premature end of file.
2026-05-19 00:54:21,746 [ERROR] LogOutputStream:75 - [STDERR_REDIRECT] 
2026-05-19 00:54:22,755 [ERROR] LogOutputStream:75 - [STDERR_REDIRECT] [Fatal Error] :1:1: Premature end of file.
2026-05-19 00:54:22,755 [ERROR] LogOutputStream:75 - [STDERR_REDIRECT] 
2026-05-19 00:54:23,731 [ERROR] LogOutputStream:75 - [STDERR_REDIRECT] [Fatal Error] :1:1: Premature end of file.
2026-05-19 00:54:23,731 [ERROR] LogOutputStream:75 - [STDERR_REDIRECT] 
2026-05-19 00:54:24,738 [ERROR] LogOutputStream:75 - [STDERR_REDIRECT] [Fatal Error] :1:1: Premature end of file.
2026-05-19 00:54:24,738 [ERROR] LogOutputStream:75 - [STDERR_REDIRECT] 
2026-05-19 00:54:25,733 [ERROR] LogOutputStream:75 - [STDERR_REDIRECT] [Fatal Error] :1:1: Premature end of file.
2026-05-19 00:54:25,733 [ERROR] LogOutputStream:75 - [STDERR_REDIRECT] 
2026-05-19 00:54:26,738 [ERROR] LogOutputStream:75 - [STDERR_REDIRECT] [Fatal Error] :1:1: Premature end of file.
2026-05-19 00:54:26,738 [ERROR] LogOutputStream:75 - [STDERR_REDIRECT] 
2026-05-19 00:54:27,741 [ERROR] LogOutputStream:75 - [STDERR_REDIRECT] [Fatal Error] :1:1: Premature end of file.
2026-05-19 00:54:27,741 [ERROR] LogOutputStream:75 - [STDERR_REDIRECT] 
2026-05-19 00:54:28,736 [ERROR] LogOutputStream:75 - [STDERR_REDIRECT] [Fatal Error] :1:1: Premature end of file.
2026-05-19 00:54:28,737 [ERROR] LogOutputStream:75 - [STDERR_REDIRECT] 
2026-05-19 00:54:29,746 [ERROR] LogOutputStream:75 - [STDERR_REDIRECT] [Fatal Error] :1:1: Premature end of file.
2026-05-19 00:54:29,746 [ERROR] LogOutputStream:75 - [STDERR_REDIRECT] 
2026-05-19 00:54:30,753 [ERROR] LogOutputStream:75 - [STDERR_REDIRECT] [Fatal Error] :1:1: Premature end of file.
2026-05-19 00:54:30,753 [ERROR] LogOutputStream:75 - [STDERR_REDIRECT] 
2026-05-19 00:54:31,744 [ERROR] LogOutputStream:75 - [STDERR_REDIRECT] [Fatal Error] :1:1: Premature end of file.
2026-05-19 00:54:31,744 [ERROR] LogOutputStream:75 - [STDERR_REDIRECT] 
2026-05-19 00:54:32,742 [ERROR] LogOutputStream:75 - [STDERR_REDIRECT] [Fatal Error] :1:1: Premature end of file.
2026-05-19 00:54:32,742 [ERROR] LogOutputStream:75 - [STDERR_REDIRECT] 
2026-05-19 00:54:33,755 [ERROR] LogOutputStream:75 - [STDERR_REDIRECT] [Fatal Error] :1:1: Premature end of file.
2026-05-19 00:54:33,755 [ERROR] LogOutputStream:75 - [STDERR_REDIRECT] 
2026-05-19 00:54:34,757 [ERROR] LogOutputStream:75 - [STDERR_REDIRECT] [Fatal Error] :1:1: Premature end of file.
2026-05-19 00:54:34,758 [ERROR] LogOutputStream:75 - [STDERR_REDIRECT] 
2026-05-19 00:54:35,746 [ERROR] LogOutputStream:75 - [STDERR_REDIRECT] [Fatal Error] :1:1: Premature end of file.
2026-05-19 00:54:35,746 [ERROR] LogOutputStream:75 - [STDERR_REDIRECT] 
2026-05-19 00:54:36,753 [ERROR] LogOutputStream:75 - [STDERR_REDIRECT] [Fatal Error] :1:1: Premature end of file.
2026-05-19 00:54:36,753 [ERROR] LogOutputStream:75 - [STDERR_REDIRECT] 
2026-05-19 00:54:37,743 [ERROR] LogOutputStream:75 - [STDERR_REDIRECT] [Fatal Error] :1:1: Premature end of file.
2026-05-19 00:54:37,743 [ERROR] LogOutputStream:75 - [STDERR_REDIRECT] 
2026-05-19 00:54:38,748 [ERROR] LogOutputStream:75 - [STDERR_REDIRECT] [Fatal Error] :1:1: Premature end of file.
2026-05-19 00:54:38,748 [ERROR] LogOutputStream:75 - [STDERR_REDIRECT] 
2026-05-19 00:54:39,769 [ERROR] LogOutputStream:75 - [STDERR_REDIRECT] [Fatal Error] :1:1: Premature end of file.
2026-05-19 00:54:39,769 [ERROR] LogOutputStream:75 - [STDERR_REDIRECT] 
2026-05-19 00:54:40,744 [ERROR] LogOutputStream:75 - [STDERR_REDIRECT] [Fatal Error] :1:1: Premature end of file.
2026-05-19 00:54:40,744 [ERROR] LogOutputStream:75 - [STDERR_REDIRECT] 
2026-05-19 00:54:41,752 [ERROR] LogOutputStream:75 - [STDERR_REDIRECT] [Fatal Error] :1:1: Premature end of file.
2026-05-19 00:54:41,753 [ERROR] LogOutputStream:75 - [STDERR_REDIRECT] 
2026-05-19 00:54:42,754 [ERROR] LogOutputStream:75 - [STDERR_REDIRECT] [Fatal Error] :1:1: Premature end of file.
2026-05-19 00:54:42,754 [ERROR] LogOutputStream:75 - [STDERR_REDIRECT] 
2026-05-19 00:54:43,768 [ERROR] LogOutputStream:75 - [STDERR_REDIRECT] [Fatal Error] :1:1: Premature end of file.
2026-05-19 00:54:43,769 [ERROR] LogOutputStream:75 - [STDERR_REDIRECT] 
2026-05-19 00:54:44,770 [ERROR] LogOutputStream:75 - [STDERR_REDIRECT] [Fatal Error] :1:1: Premature end of file.
2026-05-19 00:54:44,770 [ERROR] LogOutputStream:75 - [STDERR_REDIRECT] 
2026-05-19 00:54:45,765 [ERROR] LogOutputStream:75 - [STDERR_REDIRECT] [Fatal Error] :1:1: Premature end of file.
2026-05-19 00:54:45,766 [ERROR] LogOutputStream:75 - [STDERR_REDIRECT] 
2026-05-19 00:54:46,769 [ERROR] LogOutputStream:75 - [STDERR_REDIRECT] [Fatal Error] :1:1: Premature end of file.
2026-05-19 00:54:46,770 [ERROR] LogOutputStream:75 - [STDERR_REDIRECT] 
2026-05-19 00:54:47,755 [ERROR] LogOutputStream:75 - [STDERR_REDIRECT] [Fatal Error] :1:1: Premature end of file.
2026-05-19 00:54:47,755 [ERROR] LogOutputStream:75 - [STDERR_REDIRECT] 
2026-05-19 00:54:48,753 [ERROR] LogOutputStream:75 - [STDERR_REDIRECT] [Fatal Error] :1:1: Premature end of file.
2026-05-19 00:54:48,753 [ERROR] LogOutputStream:75 - [STDERR_REDIRECT] 
2026-05-19 00:54:49,749 [ERROR] LogOutputStream:75 - [STDERR_REDIRECT] [Fatal Error] :1:1: Premature end of file.
2026-05-19 00:54:49,749 [ERROR] LogOutputStream:75 - [STDERR_REDIRECT] 
2026-05-19 00:54:50,757 [ERROR] LogOutputStream:75 - [STDERR_REDIRECT] [Fatal Error] :1:1: Premature end of file.
2026-05-19 00:54:50,757 [ERROR] LogOutputStream:75 - [STDERR_REDIRECT] 
2026-05-19 00:54:51,756 [ERROR] LogOutputStream:75 - [STDERR_REDIRECT] [Fatal Error] :1:1: Premature end of file.
2026-05-19 00:54:51,756 [ERROR] LogOutputStream:75 - [STDERR_REDIRECT] 
2026-05-19 00:54:52,752 [ERROR] LogOutputStream:75 - [STDERR_REDIRECT] [Fatal Error] :1:1: Premature end of file.
2026-05-19 00:54:52,752 [ERROR] LogOutputStream:75 - [STDERR_REDIRECT] 
2026-05-19 00:54:53,750 [ERROR] LogOutputStream:75 - [STDERR_REDIRECT] [Fatal Error] :1:1: Premature end of file.
2026-05-19 00:54:53,750 [ERROR] LogOutputStream:75 - [STDERR_REDIRECT] 
2026-05-19 00:54:54,754 [ERROR] LogOutputStream:75 - [STDERR_REDIRECT] [Fatal Error] :1:1: Premature end of file.
2026-05-19 00:54:54,754 [ERROR] LogOutputStream:75 - [STDERR_REDIRECT] 
2026-05-19 00:54:55,751 [ERROR] LogOutputStream:75 - [STDERR_REDIRECT] [Fatal Error] :1:1: Premature end of file.
2026-05-19 00:54:55,752 [ERROR] LogOutputStream:75 - [STDERR_REDIRECT] 
2026-05-19 00:54:56,752 [ERROR] LogOutputStream:75 - [STDERR_REDIRECT] [Fatal Error] :1:1: Premature end of file.
2026-05-19 00:54:56,752 [ERROR] LogOutputStream:75 - [STDERR_REDIRECT] 
2026-05-19 00:54:57,762 [ERROR] LogOutputStream:75 - [STDERR_REDIRECT] [Fatal Error] :1:1: Premature end of file.
2026-05-19 00:54:57,762 [ERROR] LogOutputStream:75 - [STDERR_REDIRECT] 
2026-05-19 00:54:58,806 [ERROR] LogOutputStream:75 - [STDERR_REDIRECT] [Fatal Error] :1:1: Premature end of file.
2026-05-19 00:54:58,807 [ERROR] LogOutputStream:75 - [STDERR_REDIRECT] 
2026-05-19 00:54:59,762 [ERROR] LogOutputStream:75 - [STDERR_REDIRECT] [Fatal Error] :1:1: Premature end of file.
2026-05-19 00:54:59,762 [ERROR] LogOutputStream:75 - [STDERR_REDIRECT] 
2026-05-19 00:55:00,798 [ERROR] LogOutputStream:75 - [STDERR_REDIRECT] [Fatal Error] :1:1: Premature end of file.
2026-05-19 00:55:00,799 [ERROR] LogOutputStream:75 - [STDERR_REDIRECT] 
2026-05-19 00:55:01,760 [ERROR] LogOutputStream:75 - [STDERR_REDIRECT] [Fatal Error] :1:1: Premature end of file.
2026-05-19 00:55:01,760 [ERROR] LogOutputStream:75 - [STDERR_REDIRECT] 
2026-05-19 00:55:02,760 [ERROR] LogOutputStream:75 - [STDERR_REDIRECT] [Fatal Error] :1:1: Premature end of file.
2026-05-19 00:55:02,760 [ERROR] LogOutputStream:75 - [STDERR_REDIRECT] 
2026-05-19 00:55:03,769 [ERROR] LogOutputStream:75 - [STDERR_REDIRECT] [Fatal Error] :1:1: Premature end of file.
2026-05-19 00:55:03,769 [ERROR] LogOutputStream:75 - [STDERR_REDIRECT] 
2026-05-19 00:55:04,785 [ERROR] LogOutputStream:75 - [STDERR_REDIRECT] [Fatal Error] :1:1: Premature end of file.
2026-05-19 00:55:04,785 [ERROR] LogOutputStream:75 - [STDERR_REDIRECT] 
2026-05-19 00:55:05,753 [ERROR] LogOutputStream:75 - [STDERR_REDIRECT] [Fatal Error] :1:1: Premature end of file.
2026-05-19 00:55:05,753 [ERROR] LogOutputStream:75 - [STDERR_REDIRECT] 
2026-05-19 00:55:06,752 [ERROR] LogOutputStream:75 - [STDERR_REDIRECT] [Fatal Error] :1:1: Premature end of file.
2026-05-19 00:55:06,752 [ERROR] LogOutputStream:75 - [STDERR_REDIRECT] 
2026-05-19 00:55:07,753 [ERROR] LogOutputStream:75 - [STDERR_REDIRECT] [Fatal Error] :1:1: Premature end of file.
2026-05-19 00:55:07,753 [ERROR] LogOutputStream:75 - [STDERR_REDIRECT] 
2026-05-19 00:55:08,757 [ERROR] LogOutputStream:75 - [STDERR_REDIRECT] [Fatal Error] :1:1: Premature end of file.
2026-05-19 00:55:08,757 [ERROR] LogOutputStream:75 - [STDERR_REDIRECT] 
2026-05-19 00:55:09,750 [ERROR] LogOutputStream:75 - [STDERR_REDIRECT] [Fatal Error] :1:1: Premature end of file.
2026-05-19 00:55:09,751 [ERROR] LogOutputStream:75 - [STDERR_REDIRECT] 
2026-05-19 00:55:10,756 [ERROR] LogOutputStream:75 - [STDERR_REDIRECT] [Fatal Error] :1:1: Premature end of file.
2026-05-19 00:55:10,756 [ERROR] LogOutputStream:75 - [STDERR_REDIRECT] 
2026-05-19 00:55:11,748 [ERROR] LogOutputStream:75 - [STDERR_REDIRECT] [Fatal Error] :1:1: Premature end of file.
2026-05-19 00:55:11,748 [ERROR] LogOutputStream:75 - [STDERR_REDIRECT] 
2026-05-19 00:55:12,746 [ERROR] LogOutputStream:75 - [STDERR_REDIRECT] [Fatal Error] :1:1: Premature end of file.
2026-05-19 00:55:12,746 [ERROR] LogOutputStream:75 - [STDERR_REDIRECT] 
2026-05-19 00:55:13,748 [ERROR] LogOutputStream:75 - [STDERR_REDIRECT] [Fatal Error] :1:1: Premature end of file.
2026-05-19 00:55:13,749 [ERROR] LogOutputStream:75 - [STDERR_REDIRECT] 
2026-05-19 00:55:14,745 [ERROR] LogOutputStream:75 - [STDERR_REDIRECT] [Fatal Error] :1:1: Premature end of file.
2026-05-19 00:55:14,745 [ERROR] LogOutputStream:75 - [STDERR_REDIRECT] 
2026-05-19 00:55:15,745 [ERROR] LogOutputStream:75 - [STDERR_REDIRECT] [Fatal Error] :1:1: Premature end of file.
2026-05-19 00:55:15,745 [ERROR] LogOutputStream:75 - [STDERR_REDIRECT] 
2026-05-19 00:55:16,752 [ERROR] LogOutputStream:75 - [STDERR_REDIRECT] [Fatal Error] :1:1: Premature end of file.
2026-05-19 00:55:16,752 [ERROR] LogOutputStream:75 - [STDERR_REDIRECT] 
2026-05-19 00:55:17,752 [ERROR] LogOutputStream:75 - [STDERR_REDIRECT] [Fatal Error] :1:1: Premature end of file.
2026-05-19 00:55:17,753 [ERROR] LogOutputStream:75 - [STDERR_REDIRECT] 
2026-05-19 00:55:18,777 [ERROR] LogOutputStream:75 - [STDERR_REDIRECT] [Fatal Error] :1:1: Premature end of file.
2026-05-19 00:55:18,777 [ERROR] LogOutputStream:75 - [STDERR_REDIRECT] 
2026-05-19 00:55:19,752 [ERROR] LogOutputStream:75 - [STDERR_REDIRECT] [Fatal Error] :1:1: Premature end of file.
2026-05-19 00:55:19,752 [ERROR] LogOutputStream:75 - [STDERR_REDIRECT] 
2026-05-19 00:55:20,757 [ERROR] LogOutputStream:75 - [STDERR_REDIRECT] [Fatal Error] :1:1: Premature end of file.
2026-05-19 00:55:20,757 [ERROR] LogOutputStream:75 - [STDERR_REDIRECT] 
2026-05-19 00:55:21,753 [ERROR] LogOutputStream:75 - [STDERR_REDIRECT] [Fatal Error] :1:1: Premature end of file.
2026-05-19 00:55:21,753 [ERROR] LogOutputStream:75 - [STDERR_REDIRECT] 
2026-05-19 00:55:22,758 [ERROR] LogOutputStream:75 - [STDERR_REDIRECT] [Fatal Error] :1:1: Premature end of file.
2026-05-19 00:55:22,758 [ERROR] LogOutputStream:75 - [STDERR_REDIRECT] 
2026-05-19 00:55:23,729 [ERROR] LogOutputStream:75 - [STDERR_REDIRECT] [Fatal Error] :1:1: Premature end of file.
2026-05-19 00:55:23,729 [ERROR] LogOutputStream:75 - [STDERR_REDIRECT] 
2026-05-19 00:55:24,752 [ERROR] LogOutputStream:75 - [STDERR_REDIRECT] [Fatal Error] :1:1: Premature end of file.
2026-05-19 00:55:24,753 [ERROR] LogOutputStream:75 - [STDERR_REDIRECT] 
2026-05-19 00:55:25,746 [ERROR] LogOutputStream:75 - [STDERR_REDIRECT] [Fatal Error] :1:1: Premature end of file.
2026-05-19 00:55:25,746 [ERROR] LogOutputStream:75 - [STDERR_REDIRECT] 
2026-05-19 00:55:26,751 [ERROR] LogOutputStream:75 - [STDERR_REDIRECT] [Fatal Error] :1:1: Premature end of file.
2026-05-19 00:55:26,751 [ERROR] LogOutputStream:75 - [STDERR_REDIRECT] 
2026-05-19 00:55:27,738 [ERROR] LogOutputStream:75 - [STDERR_REDIRECT] [Fatal Error] :1:1: Premature end of file.
2026-05-19 00:55:27,738 [ERROR] LogOutputStream:75 - [STDERR_REDIRECT] 
2026-05-19 00:55:28,750 [ERROR] LogOutputStream:75 - [STDERR_REDIRECT] [Fatal Error] :1:1: Premature end of file.
2026-05-19 00:55:28,750 [ERROR] LogOutputStream:75 - [STDERR_REDIRECT] 
2026-05-19 00:55:29,754 [ERROR] LogOutputStream:75 - [STDERR_REDIRECT] [Fatal Error] :1:1: Premature end of file.
2026-05-19 00:55:29,754 [ERROR] LogOutputStream:75 - [STDERR_REDIRECT] 
2026-05-19 00:55:30,754 [ERROR] LogOutputStream:75 - [STDERR_REDIRECT] [Fatal Error] :1:1: Premature end of file.
2026-05-19 00:55:30,754 [ERROR] LogOutputStream:75 - [STDERR_REDIRECT] 
2026-05-19 00:55:31,745 [ERROR] LogOutputStream:75 - [STDERR_REDIRECT] [Fatal Error] :1:1: Premature end of file.
2026-05-19 00:55:31,745 [ERROR] LogOutputStream:75 - [STDERR_REDIRECT] 
2026-05-19 00:55:32,753 [ERROR] LogOutputStream:75 - [STDERR_REDIRECT] [Fatal Error] :1:1: Premature end of file.
2026-05-19 00:55:32,753 [ERROR] LogOutputStream:75 - [STDERR_REDIRECT] 
2026-05-19 00:55:33,756 [ERROR] LogOutputStream:75 - [STDERR_REDIRECT] [Fatal Error] :1:1: Premature end of file.
2026-05-19 00:55:33,756 [ERROR] LogOutputStream:75 - [STDERR_REDIRECT] 
2026-05-19 00:55:34,755 [ERROR] LogOutputStream:75 - [STDERR_REDIRECT] [Fatal Error] :1:1: Premature end of file.
2026-05-19 00:55:34,755 [ERROR] LogOutputStream:75 - [STDERR_REDIRECT] 
2026-05-19 00:55:35,750 [ERROR] LogOutputStream:75 - [STDERR_REDIRECT] [Fatal Error] :1:1: Premature end of file.
2026-05-19 00:55:35,750 [ERROR] LogOutputStream:75 - [STDERR_REDIRECT] 
2026-05-19 00:55:36,755 [ERROR] LogOutputStream:75 - [STDERR_REDIRECT] [Fatal Error] :1:1: Premature end of file.
2026-05-19 00:55:36,755 [ERROR] LogOutputStream:75 - [STDERR_REDIRECT] 
2026-05-19 00:55:37,753 [ERROR] LogOutputStream:75 - [STDERR_REDIRECT] [Fatal Error] :1:1: Premature end of file.
2026-05-19 00:55:37,753 [ERROR] LogOutputStream:75 - [STDERR_REDIRECT] 
2026-05-19 00:55:38,768 [ERROR] LogOutputStream:75 - [STDERR_REDIRECT] [Fatal Error] :1:1: Premature end of file.
2026-05-19 00:55:38,768 [ERROR] LogOutputStream:75 - [STDERR_REDIRECT] 
2026-05-19 00:55:39,751 [ERROR] LogOutputStream:75 - [STDERR_REDIRECT] [Fatal Error] :1:1: Premature end of file.
2026-05-19 00:55:39,751 [ERROR] LogOutputStream:75 - [STDERR_REDIRECT] 
2026-05-19 00:55:40,751 [ERROR] LogOutputStream:75 - [STDERR_REDIRECT] [Fatal Error] :1:1: Premature end of file.
2026-05-19 00:55:40,751 [ERROR] LogOutputStream:75 - [STDERR_REDIRECT] 
2026-05-19 00:55:41,754 [ERROR] LogOutputStream:75 - [STDERR_REDIRECT] [Fatal Error] :1:1: Premature end of file.
2026-05-19 00:55:41,754 [ERROR] LogOutputStream:75 - [STDERR_REDIRECT] 
2026-05-19 00:55:42,757 [ERROR] LogOutputStream:75 - [STDERR_REDIRECT] [Fatal Error] :1:1: Premature end of file.
2026-05-19 00:55:42,757 [ERROR] LogOutputStream:75 - [STDERR_REDIRECT] 
2026-05-19 00:55:43,768 [ERROR] LogOutputStream:75 - [STDERR_REDIRECT] [Fatal Error] :1:1: Premature end of file.
2026-05-19 00:55:43,768 [ERROR] LogOutputStream:75 - [STDERR_REDIRECT] 
2026-05-19 00:55:44,759 [ERROR] LogOutputStream:75 - [STDERR_REDIRECT] [Fatal Error] :1:1: Premature end of file.
2026-05-19 00:55:44,759 [ERROR] LogOutputStream:75 - [STDERR_REDIRECT] 
2026-05-19 00:55:45,757 [ERROR] LogOutputStream:75 - [STDERR_REDIRECT] [Fatal Error] :1:1: Premature end of file.
2026-05-19 00:55:45,757 [ERROR] LogOutputStream:75 - [STDERR_REDIRECT] 
2026-05-19 00:55:46,755 [ERROR] LogOutputStream:75 - [STDERR_REDIRECT] [Fatal Error] :1:1: Premature end of file.
2026-05-19 00:55:46,755 [ERROR] LogOutputStream:75 - [STDERR_REDIRECT] 
2026-05-19 00:55:47,771 [ERROR] LogOutputStream:75 - [STDERR_REDIRECT] [Fatal Error] :1:1: Premature end of file.
2026-05-19 00:55:47,771 [ERROR] LogOutputStream:75 - [STDERR_REDIRECT] 
2026-05-19 00:55:48,755 [ERROR] LogOutputStream:75 - [STDERR_REDIRECT] [Fatal Error] :1:1: Premature end of file.
2026-05-19 00:55:48,755 [ERROR] LogOutputStream:75 - [STDERR_REDIRECT] 
2026-05-19 00:55:49,750 [ERROR] LogOutputStream:75 - [STDERR_REDIRECT] [Fatal Error] :1:1: Premature end of file.
2026-05-19 00:55:49,751 [ERROR] LogOutputStream:75 - [STDERR_REDIRECT] 
2026-05-19 00:55:50,754 [ERROR] LogOutputStream:75 - [STDERR_REDIRECT] [Fatal Error] :1:1: Premature end of file.
2026-05-19 00:55:50,754 [ERROR] LogOutputStream:75 - [STDERR_REDIRECT] 
2026-05-19 00:55:51,753 [ERROR] LogOutputStream:75 - [STDERR_REDIRECT] [Fatal Error] :1:1: Premature end of file.
2026-05-19 00:55:51,753 [ERROR] LogOutputStream:75 - [STDERR_REDIRECT] 
2026-05-19 00:55:52,749 [ERROR] LogOutputStream:75 - [STDERR_REDIRECT] [Fatal Error] :1:1: Premature end of file.
2026-05-19 00:55:52,749 [ERROR] LogOutputStream:75 - [STDERR_REDIRECT] 
2026-05-19 00:55:53,740 [ERROR] LogOutputStream:75 - [STDERR_REDIRECT] [Fatal Error] :1:1: Premature end of file.
2026-05-19 00:55:53,740 [ERROR] LogOutputStream:75 - [STDERR_REDIRECT] 
2026-05-19 00:55:54,749 [ERROR] LogOutputStream:75 - [STDERR_REDIRECT] [Fatal Error] :1:1: Premature end of file.
2026-05-19 00:55:54,749 [ERROR] LogOutputStream:75 - [STDERR_REDIRECT] 
2026-05-19 00:55:55,753 [ERROR] LogOutputStream:75 - [STDERR_REDIRECT] [Fatal Error] :1:1: Premature end of file.
2026-05-19 00:55:55,754 [ERROR] LogOutputStream:75 - [STDERR_REDIRECT] 
2026-05-19 00:55:56,761 [ERROR] LogOutputStream:75 - [STDERR_REDIRECT] [Fatal Error] :1:1: Premature end of file.
2026-05-19 00:55:56,761 [ERROR] LogOutputStream:75 - [STDERR_REDIRECT] 
2026-05-19 00:55:57,755 [ERROR] LogOutputStream:75 - [STDERR_REDIRECT] [Fatal Error] :1:1: Premature end of file.
2026-05-19 00:55:57,755 [ERROR] LogOutputStream:75 - [STDERR_REDIRECT] 
2026-05-19 00:55:58,743 [ERROR] LogOutputStream:75 - [STDERR_REDIRECT] [Fatal Error] :1:1: Premature end of file.
2026-05-19 00:55:58,743 [ERROR] LogOutputStream:75 - [STDERR_REDIRECT] 
2026-05-19 00:55:59,750 [ERROR] LogOutputStream:75 - [STDERR_REDIRECT] [Fatal Error] :1:1: Premature end of file.
2026-05-19 00:55:59,751 [ERROR] LogOutputStream:75 - [STDERR_REDIRECT] 
2026-05-19 00:56:00,749 [ERROR] LogOutputStream:75 - [STDERR_REDIRECT] [Fatal Error] :1:1: Premature end of file.
2026-05-19 00:56:00,749 [ERROR] LogOutputStream:75 - [STDERR_REDIRECT] 
2026-05-19 00:56:01,756 [ERROR] LogOutputStream:75 - [STDERR_REDIRECT] [Fatal Error] :1:1: Premature end of file.
2026-05-19 00:56:01,756 [ERROR] LogOutputStream:75 - [STDERR_REDIRECT] 
2026-05-19 00:56:02,756 [ERROR] LogOutputStream:75 - [STDERR_REDIRECT] [Fatal Error] :1:1: Premature end of file.
2026-05-19 00:56:02,756 [ERROR] LogOutputStream:75 - [STDERR_REDIRECT] 
2026-05-19 00:56:03,759 [ERROR] LogOutputStream:75 - [STDERR_REDIRECT] [Fatal Error] :1:1: Premature end of file.
2026-05-19 00:56:03,759 [ERROR] LogOutputStream:75 - [STDERR_REDIRECT] 
2026-05-19 00:56:04,757 [ERROR] LogOutputStream:75 - [STDERR_REDIRECT] [Fatal Error] :1:1: Premature end of file.
2026-05-19 00:56:04,758 [ERROR] LogOutputStream:75 - [STDERR_REDIRECT] 
2026-05-19 00:56:05,759 [ERROR] LogOutputStream:75 - [STDERR_REDIRECT] [Fatal Error] :1:1: Premature end of file.
2026-05-19 00:56:05,759 [ERROR] LogOutputStream:75 - [STDERR_REDIRECT] 
2026-05-19 00:56:06,752 [ERROR] LogOutputStream:75 - [STDERR_REDIRECT] [Fatal Error] :1:1: Premature end of file.
2026-05-19 00:56:06,752 [ERROR] LogOutputStream:75 - [STDERR_REDIRECT] 
2026-05-19 00:56:07,745 [ERROR] LogOutputStream:75 - [STDERR_REDIRECT] [Fatal Error] :1:1: Premature end of file.
2026-05-19 00:56:07,745 [ERROR] LogOutputStream:75 - [STDERR_REDIRECT] 
2026-05-19 00:56:08,746 [ERROR] LogOutputStream:75 - [STDERR_REDIRECT] [Fatal Error] :1:1: Premature end of file.
2026-05-19 00:56:08,746 [ERROR] LogOutputStream:75 - [STDERR_REDIRECT] 
2026-05-19 00:56:09,756 [ERROR] LogOutputStream:75 - [STDERR_REDIRECT] [Fatal Error] :1:1: Premature end of file.
2026-05-19 00:56:09,756 [ERROR] LogOutputStream:75 - [STDERR_REDIRECT] 
2026-05-19 00:56:10,750 [ERROR] LogOutputStream:75 - [STDERR_REDIRECT] [Fatal Error] :1:1: Premature end of file.
2026-05-19 00:56:10,750 [ERROR] LogOutputStream:75 - [STDERR_REDIRECT] 
2026-05-19 00:56:11,750 [ERROR] LogOutputStream:75 - [STDERR_REDIRECT] [Fatal Error] :1:1: Premature end of file.
2026-05-19 00:56:11,750 [ERROR] LogOutputStream:75 - [STDERR_REDIRECT] 
2026-05-19 00:56:12,753 [ERROR] LogOutputStream:75 - [STDERR_REDIRECT] [Fatal Error] :1:1: Premature end of file.
2026-05-19 00:56:12,753 [ERROR] LogOutputStream:75 - [STDERR_REDIRECT] 
2026-05-19 00:56:13,738 [ERROR] LogOutputStream:75 - [STDERR_REDIRECT] [Fatal Error] :1:1: Premature end of file.
2026-05-19 00:56:13,738 [ERROR] LogOutputStream:75 - [STDERR_REDIRECT] 
2026-05-19 00:56:14,745 [ERROR] LogOutputStream:75 - [STDERR_REDIRECT] [Fatal Error] :1:1: Premature end of file.
2026-05-19 00:56:14,745 [ERROR] LogOutputStream:75 - [STDERR_REDIRECT] 
2026-05-19 00:56:15,738 [ERROR] LogOutputStream:75 - [STDERR_REDIRECT] [Fatal Error] :1:1: Premature end of file.
2026-05-19 00:56:15,738 [ERROR] LogOutputStream:75 - [STDERR_REDIRECT] 
2026-05-19 00:56:16,731 [ERROR] LogOutputStream:75 - [STDERR_REDIRECT] [Fatal Error] :1:1: Premature end of file.
2026-05-19 00:56:16,732 [ERROR] LogOutputStream:75 - [STDERR_REDIRECT] 
2026-05-19 00:56:17,757 [ERROR] LogOutputStream:75 - [STDERR_REDIRECT] [Fatal Error] :1:1: Premature end of file.
2026-05-19 00:56:17,757 [ERROR] LogOutputStream:75 - [STDERR_REDIRECT] 
2026-05-19 00:56:18,751 [ERROR] LogOutputStream:75 - [STDERR_REDIRECT] [Fatal Error] :1:1: Premature end of file.
2026-05-19 00:56:18,751 [ERROR] LogOutputStream:75 - [STDERR_REDIRECT] 
2026-05-19 00:56:19,746 [ERROR] LogOutputStream:75 - [STDERR_REDIRECT] [Fatal Error] :1:1: Premature end of file.
2026-05-19 00:56:19,746 [ERROR] LogOutputStream:75 - [STDERR_REDIRECT] 
2026-05-19 00:56:20,737 [ERROR] LogOutputStream:75 - [STDERR_REDIRECT] [Fatal Error] :1:1: Premature end of file.
2026-05-19 00:56:20,737 [ERROR] LogOutputStream:75 - [STDERR_REDIRECT] 
2026-05-19 00:56:21,753 [ERROR] LogOutputStream:75 - [STDERR_REDIRECT] [Fatal Error] :1:1: Premature end of file.
2026-05-19 00:56:21,753 [ERROR] LogOutputStream:75 - [STDERR_REDIRECT] 
2026-05-19 00:56:22,757 [ERROR] LogOutputStream:75 - [STDERR_REDIRECT] [Fatal Error] :1:1: Premature end of file.
2026-05-19 00:56:22,757 [ERROR] LogOutputStream:75 - [STDERR_REDIRECT] 
2026-05-19 00:56:23,757 [ERROR] LogOutputStream:75 - [STDERR_REDIRECT] [Fatal Error] :1:1: Premature end of file.
2026-05-19 00:56:23,757 [ERROR] LogOutputStream:75 - [STDERR_REDIRECT] 
2026-05-19 00:56:24,753 [ERROR] LogOutputStream:75 - [STDERR_REDIRECT] [Fatal Error] :1:1: Premature end of file.
2026-05-19 00:56:24,753 [ERROR] LogOutputStream:75 - [STDERR_REDIRECT] 
2026-05-19 00:56:25,755 [ERROR] LogOutputStream:75 - [STDERR_REDIRECT] [Fatal Error] :1:1: Premature end of file.
2026-05-19 00:56:25,755 [ERROR] LogOutputStream:75 - [STDERR_REDIRECT] 
2026-05-19 00:56:26,756 [ERROR] LogOutputStream:75 - [STDERR_REDIRECT] [Fatal Error] :1:1: Premature end of file.
2026-05-19 00:56:26,757 [ERROR] LogOutputStream:75 - [STDERR_REDIRECT] 
2026-05-19 00:56:27,741 [ERROR] LogOutputStream:75 - [STDERR_REDIRECT] [Fatal Error] :1:1: Premature end of file.
2026-05-19 00:56:27,741 [ERROR] LogOutputStream:75 - [STDERR_REDIRECT] 
2026-05-19 00:56:28,755 [ERROR] LogOutputStream:75 - [STDERR_REDIRECT] [Fatal Error] :1:1: Premature end of file.
2026-05-19 00:56:28,755 [ERROR] LogOutputStream:75 - [STDERR_REDIRECT] 
2026-05-19 00:56:29,742 [ERROR] LogOutputStream:75 - [STDERR_REDIRECT] [Fatal Error] :1:1: Premature end of file.
2026-05-19 00:56:29,742 [ERROR] LogOutputStream:75 - [STDERR_REDIRECT] 
2026-05-19 00:56:30,754 [ERROR] LogOutputStream:75 - [STDERR_REDIRECT] [Fatal Error] :1:1: Premature end of file.
2026-05-19 00:56:30,755 [ERROR] LogOutputStream:75 - [STDERR_REDIRECT] 
2026-05-19 00:56:31,757 [ERROR] LogOutputStream:75 - [STDERR_REDIRECT] [Fatal Error] :1:1: Premature end of file.
2026-05-19 00:56:31,757 [ERROR] LogOutputStream:75 - [STDERR_REDIRECT] 
2026-05-19 00:56:32,750 [ERROR] LogOutputStream:75 - [STDERR_REDIRECT] [Fatal Error] :1:1: Premature end of file.
2026-05-19 00:56:32,750 [ERROR] LogOutputStream:75 - [STDERR_REDIRECT] 
2026-05-19 00:56:33,734 [ERROR] LogOutputStream:75 - [STDERR_REDIRECT] [Fatal Error] :1:1: Premature end of file.
2026-05-19 00:56:33,734 [ERROR] LogOutputStream:75 - [STDERR_REDIRECT] 
2026-05-19 00:56:34,746 [ERROR] LogOutputStream:75 - [STDERR_REDIRECT] [Fatal Error] :1:1: Premature end of file.
2026-05-19 00:56:34,746 [ERROR] LogOutputStream:75 - [STDERR_REDIRECT] 
2026-05-19 00:56:35,752 [ERROR] LogOutputStream:75 - [STDERR_REDIRECT] [Fatal Error] :1:1: Premature end of file.
2026-05-19 00:56:35,752 [ERROR] LogOutputStream:75 - [STDERR_REDIRECT] 
2026-05-19 00:56:36,761 [ERROR] LogOutputStream:75 - [STDERR_REDIRECT] [Fatal Error] :1:1: Premature end of file.
2026-05-19 00:56:36,761 [ERROR] LogOutputStream:75 - [STDERR_REDIRECT] 
2026-05-19 00:56:37,751 [ERROR] LogOutputStream:75 - [STDERR_REDIRECT] [Fatal Error] :1:1: Premature end of file.
2026-05-19 00:56:37,751 [ERROR] LogOutputStream:75 - [STDERR_REDIRECT] 
2026-05-19 00:56:38,760 [ERROR] LogOutputStream:75 - [STDERR_REDIRECT] [Fatal Error] :1:1: Premature end of file.
2026-05-19 00:56:38,760 [ERROR] LogOutputStream:75 - [STDERR_REDIRECT] 
2026-05-19 00:56:39,746 [ERROR] LogOutputStream:75 - [STDERR_REDIRECT] [Fatal Error] :1:1: Premature end of file.
2026-05-19 00:56:39,746 [ERROR] LogOutputStream:75 - [STDERR_REDIRECT] 
2026-05-19 00:56:40,778 [ERROR] LogOutputStream:75 - [STDERR_REDIRECT] [Fatal Error] :1:1: Premature end of file.
2026-05-19 00:56:40,779 [ERROR] LogOutputStream:75 - [STDERR_REDIRECT] 
2026-05-19 00:56:41,756 [ERROR] LogOutputStream:75 - [STDERR_REDIRECT] [Fatal Error] :1:1: Premature end of file.
2026-05-19 00:56:41,756 [ERROR] LogOutputStream:75 - [STDERR_REDIRECT] 
2026-05-19 00:56:42,747 [ERROR] LogOutputStream:75 - [STDERR_REDIRECT] [Fatal Error] :1:1: Premature end of file.
2026-05-19 00:56:42,747 [ERROR] LogOutputStream:75 - [STDERR_REDIRECT] 
2026-05-19 00:56:43,762 [ERROR] LogOutputStream:75 - [STDERR_REDIRECT] [Fatal Error] :1:1: Premature end of file.
2026-05-19 00:56:43,762 [ERROR] LogOutputStream:75 - [STDERR_REDIRECT] 
2026-05-19 00:56:44,732 [ERROR] LogOutputStream:75 - [STDERR_REDIRECT] [Fatal Error] :1:1: Premature end of file.
2026-05-19 00:56:44,732 [ERROR] LogOutputStream:75 - [STDERR_REDIRECT] 
2026-05-19 00:56:45,740 [ERROR] LogOutputStream:75 - [STDERR_REDIRECT] [Fatal Error] :1:1: Premature end of file.
2026-05-19 00:56:45,740 [ERROR] LogOutputStream:75 - [STDERR_REDIRECT] 
2026-05-19 00:56:46,753 [ERROR] LogOutputStream:75 - [STDERR_REDIRECT] [Fatal Error] :1:1: Premature end of file.
2026-05-19 00:56:46,753 [ERROR] LogOutputStream:75 - [STDERR_REDIRECT] 
2026-05-19 00:56:47,752 [ERROR] LogOutputStream:75 - [STDERR_REDIRECT] [Fatal Error] :1:1: Premature end of file.
2026-05-19 00:56:47,752 [ERROR] LogOutputStream:75 - [STDERR_REDIRECT] 
2026-05-19 00:56:48,775 [ERROR] LogOutputStream:75 - [STDERR_REDIRECT] [Fatal Error] :1:1: Premature end of file.
2026-05-19 00:56:48,775 [ERROR] LogOutputStream:75 - [STDERR_REDIRECT] 
2026-05-19 00:56:49,757 [ERROR] LogOutputStream:75 - [STDERR_REDIRECT] [Fatal Error] :1:1: Premature end of file.
2026-05-19 00:56:49,757 [ERROR] LogOutputStream:75 - [STDERR_REDIRECT] 
2026-05-19 00:56:50,756 [ERROR] LogOutputStream:75 - [STDERR_REDIRECT] [Fatal Error] :1:1: Premature end of file.
2026-05-19 00:56:50,757 [ERROR] LogOutputStream:75 - [STDERR_REDIRECT] 
2026-05-19 00:56:51,768 [ERROR] LogOutputStream:75 - [STDERR_REDIRECT] [Fatal Error] :1:1: Premature end of file.
2026-05-19 00:56:51,768 [ERROR] LogOutputStream:75 - [STDERR_REDIRECT] 
2026-05-19 00:56:52,759 [ERROR] LogOutputStream:75 - [STDERR_REDIRECT] [Fatal Error] :1:1: Premature end of file.
2026-05-19 00:56:52,759 [ERROR] LogOutputStream:75 - [STDERR_REDIRECT] 
2026-05-19 00:56:53,746 [ERROR] LogOutputStream:75 - [STDERR_REDIRECT] [Fatal Error] :1:1: Premature end of file.
2026-05-19 00:56:53,746 [ERROR] LogOutputStream:75 - [STDERR_REDIRECT] 
2026-05-19 00:56:54,758 [ERROR] LogOutputStream:75 - [STDERR_REDIRECT] [Fatal Error] :1:1: Premature end of file.
2026-05-19 00:56:54,759 [ERROR] LogOutputStream:75 - [STDERR_REDIRECT] 
2026-05-19 00:56:55,752 [ERROR] LogOutputStream:75 - [STDERR_REDIRECT] [Fatal Error] :1:1: Premature end of file.
2026-05-19 00:56:55,753 [ERROR] LogOutputStream:75 - [STDERR_REDIRECT] 
2026-05-19 00:56:56,772 [ERROR] LogOutputStream:75 - [STDERR_REDIRECT] [Fatal Error] :1:1: Premature end of file.
2026-05-19 00:56:56,772 [ERROR] LogOutputStream:75 - [STDERR_REDIRECT] 
2026-05-19 00:56:57,766 [ERROR] LogOutputStream:75 - [STDERR_REDIRECT] [Fatal Error] :1:1: Premature end of file.
2026-05-19 00:56:57,766 [ERROR] LogOutputStream:75 - [STDERR_REDIRECT] 
2026-05-19 00:56:58,786 [ERROR] LogOutputStream:75 - [STDERR_REDIRECT] [Fatal Error] :1:1: Premature end of file.
2026-05-19 00:56:58,787 [ERROR] LogOutputStream:75 - [STDERR_REDIRECT] 
2026-05-19 00:56:59,791 [ERROR] LogOutputStream:75 - [STDERR_REDIRECT] [Fatal Error] :1:1: Premature end of file.
2026-05-19 00:56:59,792 [ERROR] LogOutputStream:75 - [STDERR_REDIRECT] 
2026-05-19 00:57:00,734 [ERROR] LogOutputStream:75 - [STDERR_REDIRECT] [Fatal Error] :1:1: Premature end of file.
2026-05-19 00:57:00,735 [ERROR] LogOutputStream:75 - [STDERR_REDIRECT] 
2026-05-19 00:57:01,764 [ERROR] LogOutputStream:75 - [STDERR_REDIRECT] [Fatal Error] :1:1: Premature end of file.
2026-05-19 00:57:01,764 [ERROR] LogOutputStream:75 - [STDERR_REDIRECT] 
2026-05-19 00:57:02,758 [ERROR] LogOutputStream:75 - [STDERR_REDIRECT] [Fatal Error] :1:1: Premature end of file.
2026-05-19 00:57:02,759 [ERROR] LogOutputStream:75 - [STDERR_REDIRECT] 
2026-05-19 00:57:03,772 [ERROR] LogOutputStream:75 - [STDERR_REDIRECT] [Fatal Error] :1:1: Premature end of file.
2026-05-19 00:57:03,772 [ERROR] LogOutputStream:75 - [STDERR_REDIRECT] 
2026-05-19 00:57:04,736 [ERROR] LogOutputStream:75 - [STDERR_REDIRECT] [Fatal Error] :1:1: Premature end of file.
2026-05-19 00:57:04,736 [ERROR] LogOutputStream:75 - [STDERR_REDIRECT] 
2026-05-19 00:57:05,755 [ERROR] LogOutputStream:75 - [STDERR_REDIRECT] [Fatal Error] :1:1: Premature end of file.
2026-05-19 00:57:05,756 [ERROR] LogOutputStream:75 - [STDERR_REDIRECT] 
2026-05-19 00:57:06,769 [ERROR] LogOutputStream:75 - [STDERR_REDIRECT] [Fatal Error] :1:1: Premature end of file.
2026-05-19 00:57:06,770 [ERROR] LogOutputStream:75 - [STDERR_REDIRECT] 
2026-05-19 00:57:07,751 [ERROR] LogOutputStream:75 - [STDERR_REDIRECT] [Fatal Error] :1:1: Premature end of file.
2026-05-19 00:57:07,751 [ERROR] LogOutputStream:75 - [STDERR_REDIRECT] 
2026-05-19 00:57:08,750 [ERROR] LogOutputStream:75 - [STDERR_REDIRECT] [Fatal Error] :1:1: Premature end of file.
2026-05-19 00:57:08,750 [ERROR] LogOutputStream:75 - [STDERR_REDIRECT] 
2026-05-19 00:57:09,752 [ERROR] LogOutputStream:75 - [STDERR_REDIRECT] [Fatal Error] :1:1: Premature end of file.
2026-05-19 00:57:09,753 [ERROR] LogOutputStream:75 - [STDERR_REDIRECT] 
2026-05-19 00:57:10,756 [ERROR] LogOutputStream:75 - [STDERR_REDIRECT] [Fatal Error] :1:1: Premature end of file.
2026-05-19 00:57:10,756 [ERROR] LogOutputStream:75 - [STDERR_REDIRECT] 
2026-05-19 00:57:11,741 [ERROR] LogOutputStream:75 - [STDERR_REDIRECT] [Fatal Error] :1:1: Premature end of file.
2026-05-19 00:57:11,741 [ERROR] LogOutputStream:75 - [STDERR_REDIRECT] 
2026-05-19 00:57:12,736 [ERROR] LogOutputStream:75 - [STDERR_REDIRECT] [Fatal Error] :1:1: Premature end of file.
2026-05-19 00:57:12,736 [ERROR] LogOutputStream:75 - [STDERR_REDIRECT] 
2026-05-19 00:57:13,751 [ERROR] LogOutputStream:75 - [STDERR_REDIRECT] [Fatal Error] :1:1: Premature end of file.
2026-05-19 00:57:13,751 [ERROR] LogOutputStream:75 - [STDERR_REDIRECT] 
2026-05-19 00:57:14,736 [ERROR] LogOutputStream:75 - [STDERR_REDIRECT] [Fatal Error] :1:1: Premature end of file.
2026-05-19 00:57:14,737 [ERROR] LogOutputStream:75 - [STDERR_REDIRECT] 
2026-05-19 00:57:15,764 [ERROR] LogOutputStream:75 - [STDERR_REDIRECT] [Fatal Error] :1:1: Premature end of file.
2026-05-19 00:57:15,764 [ERROR] LogOutputStream:75 - [STDERR_REDIRECT] 
2026-05-19 00:57:16,752 [ERROR] LogOutputStream:75 - [STDERR_REDIRECT] [Fatal Error] :1:1: Premature end of file.
2026-05-19 00:57:16,753 [ERROR] LogOutputStream:75 - [STDERR_REDIRECT] 
2026-05-19 00:57:17,780 [ERROR] LogOutputStream:75 - [STDERR_REDIRECT] [Fatal Error] :1:1: Premature end of file.
2026-05-19 00:57:17,780 [ERROR] LogOutputStream:75 - [STDERR_REDIRECT] 
2026-05-19 00:57:18,752 [ERROR] LogOutputStream:75 - [STDERR_REDIRECT] [Fatal Error] :1:1: Premature end of file.
2026-05-19 00:57:18,752 [ERROR] LogOutputStream:75 - [STDERR_REDIRECT] 
2026-05-19 00:57:19,749 [ERROR] LogOutputStream:75 - [STDERR_REDIRECT] [Fatal Error] :1:1: Premature end of file.
2026-05-19 00:57:19,750 [ERROR] LogOutputStream:75 - [STDERR_REDIRECT] 
2026-05-19 00:57:20,755 [ERROR] LogOutputStream:75 - [STDERR_REDIRECT] [Fatal Error] :1:1: Premature end of file.
2026-05-19 00:57:20,755 [ERROR] LogOutputStream:75 - [STDERR_REDIRECT] 
2026-05-19 00:57:21,745 [ERROR] LogOutputStream:75 - [STDERR_REDIRECT] [Fatal Error] :1:1: Premature end of file.
2026-05-19 00:57:21,745 [ERROR] LogOutputStream:75 - [STDERR_REDIRECT] 
2026-05-19 00:57:22,760 [ERROR] LogOutputStream:75 - [STDERR_REDIRECT] [Fatal Error] :1:1: Premature end of file.
2026-05-19 00:57:22,760 [ERROR] LogOutputStream:75 - [STDERR_REDIRECT] 
2026-05-19 00:57:23,762 [ERROR] LogOutputStream:75 - [STDERR_REDIRECT] [Fatal Error] :1:1: Premature end of file.
2026-05-19 00:57:23,762 [ERROR] LogOutputStream:75 - [STDERR_REDIRECT] 
2026-05-19 00:57:24,756 [ERROR] LogOutputStream:75 - [STDERR_REDIRECT] [Fatal Error] :1:1: Premature end of file.
2026-05-19 00:57:24,756 [ERROR] LogOutputStream:75 - [STDERR_REDIRECT] 
2026-05-19 00:57:25,746 [ERROR] LogOutputStream:75 - [STDERR_REDIRECT] [Fatal Error] :1:1: Premature end of file.
2026-05-19 00:57:25,746 [ERROR] LogOutputStream:75 - [STDERR_REDIRECT] 
2026-05-19 00:57:26,753 [ERROR] LogOutputStream:75 - [STDERR_REDIRECT] [Fatal Error] :1:1: Premature end of file.
2026-05-19 00:57:26,753 [ERROR] LogOutputStream:75 - [STDERR_REDIRECT] 
2026-05-19 00:57:27,789 [ERROR] LogOutputStream:75 - [STDERR_REDIRECT] [Fatal Error] :1:1: Premature end of file.
2026-05-19 00:57:27,789 [ERROR] LogOutputStream:75 - [STDERR_REDIRECT] 
2026-05-19 00:57:28,767 [ERROR] LogOutputStream:75 - [STDERR_REDIRECT] [Fatal Error] :1:1: Premature end of file.
2026-05-19 00:57:28,767 [ERROR] LogOutputStream:75 - [STDERR_REDIRECT] 
2026-05-19 00:57:29,770 [ERROR] LogOutputStream:75 - [STDERR_REDIRECT] [Fatal Error] :1:1: Premature end of file.
2026-05-19 00:57:29,771 [ERROR] LogOutputStream:75 - [STDERR_REDIRECT] 
2026-05-19 00:57:30,769 [ERROR] LogOutputStream:75 - [STDERR_REDIRECT] [Fatal Error] :1:1: Premature end of file.
2026-05-19 00:57:30,769 [ERROR] LogOutputStream:75 - [STDERR_REDIRECT] 
2026-05-19 00:57:31,760 [ERROR] LogOutputStream:75 - [STDERR_REDIRECT] [Fatal Error] :1:1: Premature end of file.
2026-05-19 00:57:31,760 [ERROR] LogOutputStream:75 - [STDERR_REDIRECT] 
2026-05-19 00:57:32,752 [ERROR] LogOutputStream:75 - [STDERR_REDIRECT] [Fatal Error] :1:1: Premature end of file.
2026-05-19 00:57:32,753 [ERROR] LogOutputStream:75 - [STDERR_REDIRECT] 
2026-05-19 00:57:33,763 [ERROR] LogOutputStream:75 - [STDERR_REDIRECT] [Fatal Error] :1:1: Premature end of file.
2026-05-19 00:57:33,763 [ERROR] LogOutputStream:75 - [STDERR_REDIRECT] 
2026-05-19 00:57:34,796 [ERROR] LogOutputStream:75 - [STDERR_REDIRECT] [Fatal Error] :1:1: Premature end of file.
2026-05-19 00:57:34,796 [ERROR] LogOutputStream:75 - [STDERR_REDIRECT] 
2026-05-19 00:57:35,761 [ERROR] LogOutputStream:75 - [STDERR_REDIRECT] [Fatal Error] :1:1: Premature end of file.
2026-05-19 00:57:35,761 [ERROR] LogOutputStream:75 - [STDERR_REDIRECT] 
2026-05-19 00:57:36,792 [ERROR] LogOutputStream:75 - [STDERR_REDIRECT] [Fatal Error] :1:1: Premature end of file.
2026-05-19 00:57:36,793 [ERROR] LogOutputStream:75 - [STDERR_REDIRECT] 
2026-05-19 00:57:37,785 [ERROR] LogOutputStream:75 - [STDERR_REDIRECT] [Fatal Error] :1:1: Premature end of file.
2026-05-19 00:57:37,785 [ERROR] LogOutputStream:75 - [STDERR_REDIRECT] 
2026-05-19 00:57:38,767 [ERROR] LogOutputStream:75 - [STDERR_REDIRECT] [Fatal Error] :1:1: Premature end of file.
2026-05-19 00:57:38,767 [ERROR] LogOutputStream:75 - [STDERR_REDIRECT] 
2026-05-19 00:57:39,762 [ERROR] LogOutputStream:75 - [STDERR_REDIRECT] [Fatal Error] :1:1: Premature end of file.
2026-05-19 00:57:39,762 [ERROR] LogOutputStream:75 - [STDERR_REDIRECT] 
2026-05-19 00:57:40,787 [ERROR] LogOutputStream:75 - [STDERR_REDIRECT] [Fatal Error] :1:1: Premature end of file.
2026-05-19 00:57:40,787 [ERROR] LogOutputStream:75 - [STDERR_REDIRECT] 
2026-05-19 00:57:41,774 [ERROR] LogOutputStream:75 - [STDERR_REDIRECT] [Fatal Error] :1:1: Premature end of file.
2026-05-19 00:57:41,774 [ERROR] LogOutputStream:75 - [STDERR_REDIRECT] 
2026-05-19 00:57:42,766 [ERROR] LogOutputStream:75 - [STDERR_REDIRECT] [Fatal Error] :1:1: Premature end of file.
2026-05-19 00:57:42,766 [ERROR] LogOutputStream:75 - [STDERR_REDIRECT] 
2026-05-19 00:57:43,752 [ERROR] LogOutputStream:75 - [STDERR_REDIRECT] [Fatal Error] :1:1: Premature end of file.
2026-05-19 00:57:43,752 [ERROR] LogOutputStream:75 - [STDERR_REDIRECT] 
2026-05-19 00:57:44,771 [ERROR] LogOutputStream:75 - [STDERR_REDIRECT] [Fatal Error] :1:1: Premature end of file.
2026-05-19 00:57:44,771 [ERROR] LogOutputStream:75 - [STDERR_REDIRECT] 
2026-05-19 00:57:45,763 [ERROR] LogOutputStream:75 - [STDERR_REDIRECT] [Fatal Error] :1:1: Premature end of file.
2026-05-19 00:57:45,763 [ERROR] LogOutputStream:75 - [STDERR_REDIRECT] 
2026-05-19 00:57:46,759 [ERROR] LogOutputStream:75 - [STDERR_REDIRECT] [Fatal Error] :1:1: Premature end of file.
2026-05-19 00:57:46,759 [ERROR] LogOutputStream:75 - [STDERR_REDIRECT] 
2026-05-19 00:57:47,772 [ERROR] LogOutputStream:75 - [STDERR_REDIRECT] [Fatal Error] :1:1: Premature end of file.
2026-05-19 00:57:47,772 [ERROR] LogOutputStream:75 - [STDERR_REDIRECT] 
2026-05-19 00:57:48,753 [ERROR] LogOutputStream:75 - [STDERR_REDIRECT] [Fatal Error] :1:1: Premature end of file.
2026-05-19 00:57:48,753 [ERROR] LogOutputStream:75 - [STDERR_REDIRECT] 
2026-05-19 00:57:49,733 [ERROR] LogOutputStream:75 - [STDERR_REDIRECT] [Fatal Error] :1:1: Premature end of file.
2026-05-19 00:57:49,733 [ERROR] LogOutputStream:75 - [STDERR_REDIRECT] 
2026-05-19 00:57:50,753 [ERROR] LogOutputStream:75 - [STDERR_REDIRECT] [Fatal Error] :1:1: Premature end of file.
2026-05-19 00:57:50,753 [ERROR] LogOutputStream:75 - [STDERR_REDIRECT] 
2026-05-19 00:57:51,753 [ERROR] LogOutputStream:75 - [STDERR_REDIRECT] [Fatal Error] :1:1: Premature end of file.
2026-05-19 00:57:51,753 [ERROR] LogOutputStream:75 - [STDERR_REDIRECT] 
2026-05-19 00:57:52,744 [ERROR] LogOutputStream:75 - [STDERR_REDIRECT] [Fatal Error] :1:1: Premature end of file.
2026-05-19 00:57:52,745 [ERROR] LogOutputStream:75 - [STDERR_REDIRECT] 
2026-05-19 00:57:53,763 [ERROR] LogOutputStream:75 - [STDERR_REDIRECT] [Fatal Error] :1:1: Premature end of file.
2026-05-19 00:57:53,763 [ERROR] LogOutputStream:75 - [STDERR_REDIRECT] 
2026-05-19 00:57:54,776 [ERROR] LogOutputStream:75 - [STDERR_REDIRECT] [Fatal Error] :1:1: Premature end of file.
2026-05-19 00:57:54,777 [ERROR] LogOutputStream:75 - [STDERR_REDIRECT] 
2026-05-19 00:57:55,762 [ERROR] LogOutputStream:75 - [STDERR_REDIRECT] [Fatal Error] :1:1: Premature end of file.
2026-05-19 00:57:55,763 [ERROR] LogOutputStream:75 - [STDERR_REDIRECT] 
2026-05-19 00:57:56,765 [ERROR] LogOutputStream:75 - [STDERR_REDIRECT] [Fatal Error] :1:1: Premature end of file.
2026-05-19 00:57:56,765 [ERROR] LogOutputStream:75 - [STDERR_REDIRECT] 
2026-05-19 00:57:57,758 [ERROR] LogOutputStream:75 - [STDERR_REDIRECT] [Fatal Error] :1:1: Premature end of file.
2026-05-19 00:57:57,758 [ERROR] LogOutputStream:75 - [STDERR_REDIRECT] 
2026-05-19 00:57:58,761 [ERROR] LogOutputStream:75 - [STDERR_REDIRECT] [Fatal Error] :1:1: Premature end of file.
2026-05-19 00:57:58,761 [ERROR] LogOutputStream:75 - [STDERR_REDIRECT] 
2026-05-19 00:57:59,757 [ERROR] LogOutputStream:75 - [STDERR_REDIRECT] [Fatal Error] :1:1: Premature end of file.
2026-05-19 00:57:59,757 [ERROR] LogOutputStream:75 - [STDERR_REDIRECT] 
2026-05-19 00:58:00,802 [ERROR] LogOutputStream:75 - [STDERR_REDIRECT] [Fatal Error] :1:1: Premature end of file.
2026-05-19 00:58:00,804 [ERROR] LogOutputStream:75 - [STDERR_REDIRECT] 
2026-05-19 00:58:01,747 [ERROR] LogOutputStream:75 - [STDERR_REDIRECT] [Fatal Error] :1:1: Premature end of file.
2026-05-19 00:58:01,747 [ERROR] LogOutputStream:75 - [STDERR_REDIRECT] 
2026-05-19 00:58:02,756 [ERROR] LogOutputStream:75 - [STDERR_REDIRECT] [Fatal Error] :1:1: Premature end of file.
2026-05-19 00:58:02,756 [ERROR] LogOutputStream:75 - [STDERR_REDIRECT] 
2026-05-19 00:58:03,748 [ERROR] LogOutputStream:75 - [STDERR_REDIRECT] [Fatal Error] :1:1: Premature end of file.
2026-05-19 00:58:03,749 [ERROR] LogOutputStream:75 - [STDERR_REDIRECT] 
2026-05-19 00:58:04,736 [ERROR] LogOutputStream:75 - [STDERR_REDIRECT] [Fatal Error] :1:1: Premature end of file.
2026-05-19 00:58:04,736 [ERROR] LogOutputStream:75 - [STDERR_REDIRECT] 
2026-05-19 00:58:05,776 [ERROR] LogOutputStream:75 - [STDERR_REDIRECT] [Fatal Error] :1:1: Premature end of file.
2026-05-19 00:58:05,776 [ERROR] LogOutputStream:75 - [STDERR_REDIRECT] 
2026-05-19 00:58:06,741 [ERROR] LogOutputStream:75 - [STDERR_REDIRECT] [Fatal Error] :1:1: Premature end of file.
2026-05-19 00:58:06,741 [ERROR] LogOutputStream:75 - [STDERR_REDIRECT] 
2026-05-19 00:58:07,768 [ERROR] LogOutputStream:75 - [STDERR_REDIRECT] [Fatal Error] :1:1: Premature end of file.
2026-05-19 00:58:07,768 [ERROR] LogOutputStream:75 - [STDERR_REDIRECT] 
2026-05-19 00:58:08,750 [ERROR] LogOutputStream:75 - [STDERR_REDIRECT] [Fatal Error] :1:1: Premature end of file.
2026-05-19 00:58:08,750 [ERROR] LogOutputStream:75 - [STDERR_REDIRECT] 
2026-05-19 00:58:09,764 [ERROR] LogOutputStream:75 - [STDERR_REDIRECT] [Fatal Error] :1:1: Premature end of file.
2026-05-19 00:58:09,764 [ERROR] LogOutputStream:75 - [STDERR_REDIRECT] 
2026-05-19 00:58:10,768 [ERROR] LogOutputStream:75 - [STDERR_REDIRECT] [Fatal Error] :1:1: Premature end of file.
2026-05-19 00:58:10,768 [ERROR] LogOutputStream:75 - [STDERR_REDIRECT] 
2026-05-19 00:58:11,751 [ERROR] LogOutputStream:75 - [STDERR_REDIRECT] [Fatal Error] :1:1: Premature end of file.
2026-05-19 00:58:11,751 [ERROR] LogOutputStream:75 - [STDERR_REDIRECT] 
2026-05-19 00:58:12,760 [ERROR] LogOutputStream:75 - [STDERR_REDIRECT] [Fatal Error] :1:1: Premature end of file.
2026-05-19 00:58:12,760 [ERROR] LogOutputStream:75 - [STDERR_REDIRECT] 
2026-05-19 00:58:13,747 [ERROR] LogOutputStream:75 - [STDERR_REDIRECT] [Fatal Error] :1:1: Premature end of file.
2026-05-19 00:58:13,748 [ERROR] LogOutputStream:75 - [STDERR_REDIRECT] 
2026-05-19 00:58:14,763 [ERROR] LogOutputStream:75 - [STDERR_REDIRECT] [Fatal Error] :1:1: Premature end of file.
2026-05-19 00:58:14,763 [ERROR] LogOutputStream:75 - [STDERR_REDIRECT] 
2026-05-19 00:58:15,747 [ERROR] LogOutputStream:75 - [STDERR_REDIRECT] [Fatal Error] :1:1: Premature end of file.
2026-05-19 00:58:15,747 [ERROR] LogOutputStream:75 - [STDERR_REDIRECT] 
2026-05-19 00:58:16,764 [ERROR] LogOutputStream:75 - [STDERR_REDIRECT] [Fatal Error] :1:1: Premature end of file.
2026-05-19 00:58:16,764 [ERROR] LogOutputStream:75 - [STDERR_REDIRECT] 
2026-05-19 00:58:17,756 [ERROR] LogOutputStream:75 - [STDERR_REDIRECT] [Fatal Error] :1:1: Premature end of file.
2026-05-19 00:58:17,756 [ERROR] LogOutputStream:75 - [STDERR_REDIRECT] 
2026-05-19 00:58:18,768 [ERROR] LogOutputStream:75 - [STDERR_REDIRECT] [Fatal Error] :1:1: Premature end of file.
2026-05-19 00:58:18,768 [ERROR] LogOutputStream:75 - [STDERR_REDIRECT] 
2026-05-19 00:58:19,760 [ERROR] LogOutputStream:75 - [STDERR_REDIRECT] [Fatal Error] :1:1: Premature end of file.
2026-05-19 00:58:19,760 [ERROR] LogOutputStream:75 - [STDERR_REDIRECT] 
2026-05-19 00:58:20,752 [ERROR] LogOutputStream:75 - [STDERR_REDIRECT] [Fatal Error] :1:1: Premature end of file.
2026-05-19 00:58:20,752 [ERROR] LogOutputStream:75 - [STDERR_REDIRECT] 
2026-05-19 00:58:21,769 [ERROR] LogOutputStream:75 - [STDERR_REDIRECT] [Fatal Error] :1:1: Premature end of file.
2026-05-19 00:58:21,769 [ERROR] LogOutputStream:75 - [STDERR_REDIRECT] 
2026-05-19 00:58:22,774 [ERROR] LogOutputStream:75 - [STDERR_REDIRECT] [Fatal Error] :1:1: Premature end of file.
2026-05-19 00:58:22,774 [ERROR] LogOutputStream:75 - [STDERR_REDIRECT] 
2026-05-19 00:58:23,779 [ERROR] LogOutputStream:75 - [STDERR_REDIRECT] [Fatal Error] :1:1: Premature end of file.
2026-05-19 00:58:23,780 [ERROR] LogOutputStream:75 - [STDERR_REDIRECT] 
2026-05-19 00:58:24,775 [ERROR] LogOutputStream:75 - [STDERR_REDIRECT] [Fatal Error] :1:1: Premature end of file.
2026-05-19 00:58:24,775 [ERROR] LogOutputStream:75 - [STDERR_REDIRECT] 
2026-05-19 00:58:25,771 [ERROR] LogOutputStream:75 - [STDERR_REDIRECT] [Fatal Error] :1:1: Premature end of file.
2026-05-19 00:58:25,772 [ERROR] LogOutputStream:75 - [STDERR_REDIRECT] 
2026-05-19 00:58:26,765 [ERROR] LogOutputStream:75 - [STDERR_REDIRECT] [Fatal Error] :1:1: Premature end of file.
2026-05-19 00:58:26,765 [ERROR] LogOutputStream:75 - [STDERR_REDIRECT] 
2026-05-19 00:58:27,768 [ERROR] LogOutputStream:75 - [STDERR_REDIRECT] [Fatal Error] :1:1: Premature end of file.
2026-05-19 00:58:27,768 [ERROR] LogOutputStream:75 - [STDERR_REDIRECT] 
2026-05-19 00:58:28,763 [ERROR] LogOutputStream:75 - [STDERR_REDIRECT] [Fatal Error] :1:1: Premature end of file.
2026-05-19 00:58:28,763 [ERROR] LogOutputStream:75 - [STDERR_REDIRECT] 
2026-05-19 00:58:29,766 [ERROR] LogOutputStream:75 - [STDERR_REDIRECT] [Fatal Error] :1:1: Premature end of file.
2026-05-19 00:58:29,767 [ERROR] LogOutputStream:75 - [STDERR_REDIRECT] 
2026-05-19 00:58:30,762 [ERROR] LogOutputStream:75 - [STDERR_REDIRECT] [Fatal Error] :1:1: Premature end of file.
2026-05-19 00:58:30,762 [ERROR] LogOutputStream:75 - [STDERR_REDIRECT] 
2026-05-19 00:58:31,762 [ERROR] LogOutputStream:75 - [STDERR_REDIRECT] [Fatal Error] :1:1: Premature end of file.
2026-05-19 00:58:31,763 [ERROR] LogOutputStream:75 - [STDERR_REDIRECT] 
2026-05-19 00:58:32,759 [ERROR] LogOutputStream:75 - [STDERR_REDIRECT] [Fatal Error] :1:1: Premature end of file.
2026-05-19 00:58:32,759 [ERROR] LogOutputStream:75 - [STDERR_REDIRECT] 
2026-05-19 00:58:33,762 [ERROR] LogOutputStream:75 - [STDERR_REDIRECT] [Fatal Error] :1:1: Premature end of file.
2026-05-19 00:58:33,763 [ERROR] LogOutputStream:75 - [STDERR_REDIRECT] 
2026-05-19 00:58:34,781 [ERROR] LogOutputStream:75 - [STDERR_REDIRECT] [Fatal Error] :1:1: Premature end of file.
2026-05-19 00:58:34,782 [ERROR] LogOutputStream:75 - [STDERR_REDIRECT] 
2026-05-19 00:58:35,749 [ERROR] LogOutputStream:75 - [STDERR_REDIRECT] [Fatal Error] :1:1: Premature end of file.
2026-05-19 00:58:35,749 [ERROR] LogOutputStream:75 - [STDERR_REDIRECT] 
2026-05-19 00:58:36,746 [ERROR] LogOutputStream:75 - [STDERR_REDIRECT] [Fatal Error] :1:1: Premature end of file.
2026-05-19 00:58:36,747 [ERROR] LogOutputStream:75 - [STDERR_REDIRECT] 
2026-05-19 00:58:37,757 [ERROR] LogOutputStream:75 - [STDERR_REDIRECT] [Fatal Error] :1:1: Premature end of file.
2026-05-19 00:58:37,758 [ERROR] LogOutputStream:75 - [STDERR_REDIRECT] 
2026-05-19 00:58:38,759 [ERROR] LogOutputStream:75 - [STDERR_REDIRECT] [Fatal Error] :1:1: Premature end of file.
2026-05-19 00:58:38,759 [ERROR] LogOutputStream:75 - [STDERR_REDIRECT] 
2026-05-19 00:58:39,771 [ERROR] LogOutputStream:75 - [STDERR_REDIRECT] [Fatal Error] :1:1: Premature end of file.
2026-05-19 00:58:39,771 [ERROR] LogOutputStream:75 - [STDERR_REDIRECT] 
2026-05-19 00:58:40,762 [ERROR] LogOutputStream:75 - [STDERR_REDIRECT] [Fatal Error] :1:1: Premature end of file.
2026-05-19 00:58:40,762 [ERROR] LogOutputStream:75 - [STDERR_REDIRECT] 
2026-05-19 00:58:41,787 [ERROR] LogOutputStream:75 - [STDERR_REDIRECT] [Fatal Error] :1:1: Premature end of file.
2026-05-19 00:58:41,787 [ERROR] LogOutputStream:75 - [STDERR_REDIRECT] 
2026-05-19 00:58:42,752 [ERROR] LogOutputStream:75 - [STDERR_REDIRECT] [Fatal Error] :1:1: Premature end of file.
2026-05-19 00:58:42,753 [ERROR] LogOutputStream:75 - [STDERR_REDIRECT] 
2026-05-19 00:58:43,769 [ERROR] LogOutputStream:75 - [STDERR_REDIRECT] [Fatal Error] :1:1: Premature end of file.
2026-05-19 00:58:43,770 [ERROR] LogOutputStream:75 - [STDERR_REDIRECT] 
2026-05-19 00:58:44,756 [ERROR] LogOutputStream:75 - [STDERR_REDIRECT] [Fatal Error] :1:1: Premature end of file.
2026-05-19 00:58:44,756 [ERROR] LogOutputStream:75 - [STDERR_REDIRECT] 
2026-05-19 00:58:45,764 [ERROR] LogOutputStream:75 - [STDERR_REDIRECT] [Fatal Error] :1:1: Premature end of file.
2026-05-19 00:58:45,764 [ERROR] LogOutputStream:75 - [STDERR_REDIRECT] 
2026-05-19 00:58:46,764 [ERROR] LogOutputStream:75 - [STDERR_REDIRECT] [Fatal Error] :1:1: Premature end of file.
2026-05-19 00:58:46,764 [ERROR] LogOutputStream:75 - [STDERR_REDIRECT] 
2026-05-19 00:58:47,760 [ERROR] LogOutputStream:75 - [STDERR_REDIRECT] [Fatal Error] :1:1: Premature end of file.
2026-05-19 00:58:47,760 [ERROR] LogOutputStream:75 - [STDERR_REDIRECT] 
2026-05-19 00:58:48,765 [ERROR] LogOutputStream:75 - [STDERR_REDIRECT] [Fatal Error] :1:1: Premature end of file.
2026-05-19 00:58:48,765 [ERROR] LogOutputStream:75 - [STDERR_REDIRECT] 
2026-05-19 00:58:49,770 [ERROR] LogOutputStream:75 - [STDERR_REDIRECT] [Fatal Error] :1:1: Premature end of file.
2026-05-19 00:58:49,770 [ERROR] LogOutputStream:75 - [STDERR_REDIRECT] 
2026-05-19 00:58:50,764 [ERROR] LogOutputStream:75 - [STDERR_REDIRECT] [Fatal Error] :1:1: Premature end of file.
2026-05-19 00:58:50,765 [ERROR] LogOutputStream:75 - [STDERR_REDIRECT] 
2026-05-19 00:58:51,764 [ERROR] LogOutputStream:75 - [STDERR_REDIRECT] [Fatal Error] :1:1: Premature end of file.
2026-05-19 00:58:51,764 [ERROR] LogOutputStream:75 - [STDERR_REDIRECT] 
2026-05-19 00:58:52,763 [ERROR] LogOutputStream:75 - [STDERR_REDIRECT] [Fatal Error] :1:1: Premature end of file.
2026-05-19 00:58:52,763 [ERROR] LogOutputStream:75 - [STDERR_REDIRECT] 
2026-05-19 00:58:53,786 [ERROR] LogOutputStream:75 - [STDERR_REDIRECT] [Fatal Error] :1:1: Premature end of file.
2026-05-19 00:58:53,787 [ERROR] LogOutputStream:75 - [STDERR_REDIRECT] 
2026-05-19 00:58:54,757 [ERROR] LogOutputStream:75 - [STDERR_REDIRECT] [Fatal Error] :1:1: Premature end of file.
2026-05-19 00:58:54,757 [ERROR] LogOutputStream:75 - [STDERR_REDIRECT] 
2026-05-19 00:58:55,756 [ERROR] LogOutputStream:75 - [STDERR_REDIRECT] [Fatal Error] :1:1: Premature end of file.
2026-05-19 00:58:55,756 [ERROR] LogOutputStream:75 - [STDERR_REDIRECT] 
2026-05-19 00:58:56,762 [ERROR] LogOutputStream:75 - [STDERR_REDIRECT] [Fatal Error] :1:1: Premature end of file.
2026-05-19 00:58:56,762 [ERROR] LogOutputStream:75 - [STDERR_REDIRECT] 
2026-05-19 00:58:57,796 [ERROR] LogOutputStream:75 - [STDERR_REDIRECT] [Fatal Error] :1:1: Premature end of file.
2026-05-19 00:58:57,796 [ERROR] LogOutputStream:75 - [STDERR_REDIRECT] 
2026-05-19 00:58:58,764 [ERROR] LogOutputStream:75 - [STDERR_REDIRECT] [Fatal Error] :1:1: Premature end of file.
2026-05-19 00:58:58,765 [ERROR] LogOutputStream:75 - [STDERR_REDIRECT] 
2026-05-19 00:58:59,780 [ERROR] LogOutputStream:75 - [STDERR_REDIRECT] [Fatal Error] :1:1: Premature end of file.
2026-05-19 00:58:59,780 [ERROR] LogOutputStream:75 - [STDERR_REDIRECT] 
2026-05-19 00:59:00,789 [ERROR] LogOutputStream:75 - [STDERR_REDIRECT] [Fatal Error] :1:1: Premature end of file.
2026-05-19 00:59:00,790 [ERROR] LogOutputStream:75 - [STDERR_REDIRECT] 
2026-05-19 00:59:01,762 [ERROR] LogOutputStream:75 - [STDERR_REDIRECT] [Fatal Error] :1:1: Premature end of file.
2026-05-19 00:59:01,762 [ERROR] LogOutputStream:75 - [STDERR_REDIRECT] 
2026-05-19 00:59:02,759 [ERROR] LogOutputStream:75 - [STDERR_REDIRECT] [Fatal Error] :1:1: Premature end of file.
2026-05-19 00:59:02,760 [ERROR] LogOutputStream:75 - [STDERR_REDIRECT] 
2026-05-19 00:59:03,762 [ERROR] LogOutputStream:75 - [STDERR_REDIRECT] [Fatal Error] :1:1: Premature end of file.
2026-05-19 00:59:03,763 [ERROR] LogOutputStream:75 - [STDERR_REDIRECT] 
2026-05-19 00:59:04,760 [ERROR] LogOutputStream:75 - [STDERR_REDIRECT] [Fatal Error] :1:1: Premature end of file.
2026-05-19 00:59:04,761 [ERROR] LogOutputStream:75 - [STDERR_REDIRECT] 
2026-05-19 00:59:05,771 [ERROR] LogOutputStream:75 - [STDERR_REDIRECT] [Fatal Error] :1:1: Premature end of file.
2026-05-19 00:59:05,771 [ERROR] LogOutputStream:75 - [STDERR_REDIRECT] 
2026-05-19 00:59:06,792 [ERROR] LogOutputStream:75 - [STDERR_REDIRECT] [Fatal Error] :1:1: Premature end of file.
2026-05-19 00:59:06,792 [ERROR] LogOutputStream:75 - [STDERR_REDIRECT] 
2026-05-19 00:59:07,761 [ERROR] LogOutputStream:75 - [STDERR_REDIRECT] [Fatal Error] :1:1: Premature end of file.
2026-05-19 00:59:07,761 [ERROR] LogOutputStream:75 - [STDERR_REDIRECT] 
2026-05-19 00:59:08,768 [ERROR] LogOutputStream:75 - [STDERR_REDIRECT] [Fatal Error] :1:1: Premature end of file.
2026-05-19 00:59:08,768 [ERROR] LogOutputStream:75 - [STDERR_REDIRECT] 
2026-05-19 00:59:09,780 [ERROR] LogOutputStream:75 - [STDERR_REDIRECT] [Fatal Error] :1:1: Premature end of file.
2026-05-19 00:59:09,781 [ERROR] LogOutputStream:75 - [STDERR_REDIRECT] 
2026-05-19 00:59:10,773 [ERROR] LogOutputStream:75 - [STDERR_REDIRECT] [Fatal Error] :1:1: Premature end of file.
2026-05-19 00:59:10,774 [ERROR] LogOutputStream:75 - [STDERR_REDIRECT] 
2026-05-19 00:59:11,769 [ERROR] LogOutputStream:75 - [STDERR_REDIRECT] [Fatal Error] :1:1: Premature end of file.
2026-05-19 00:59:11,769 [ERROR] LogOutputStream:75 - [STDERR_REDIRECT] 
2026-05-19 00:59:12,756 [ERROR] LogOutputStream:75 - [STDERR_REDIRECT] [Fatal Error] :1:1: Premature end of file.
2026-05-19 00:59:12,756 [ERROR] LogOutputStream:75 - [STDERR_REDIRECT] 
2026-05-19 00:59:13,754 [ERROR] LogOutputStream:75 - [STDERR_REDIRECT] [Fatal Error] :1:1: Premature end of file.
2026-05-19 00:59:13,754 [ERROR] LogOutputStream:75 - [STDERR_REDIRECT] 
2026-05-19 00:59:14,783 [ERROR] LogOutputStream:75 - [STDERR_REDIRECT] [Fatal Error] :1:1: Premature end of file.
2026-05-19 00:59:14,783 [ERROR] LogOutputStream:75 - [STDERR_REDIRECT] 
2026-05-19 00:59:15,751 [ERROR] LogOutputStream:75 - [STDERR_REDIRECT] [Fatal Error] :1:1: Premature end of file.
2026-05-19 00:59:15,752 [ERROR] LogOutputStream:75 - [STDERR_REDIRECT] 
2026-05-19 00:59:16,752 [ERROR] LogOutputStream:75 - [STDERR_REDIRECT] [Fatal Error] :1:1: Premature end of file.
2026-05-19 00:59:16,752 [ERROR] LogOutputStream:75 - [STDERR_REDIRECT] 
2026-05-19 00:59:17,768 [ERROR] LogOutputStream:75 - [STDERR_REDIRECT] [Fatal Error] :1:1: Premature end of file.
2026-05-19 00:59:17,769 [ERROR] LogOutputStream:75 - [STDERR_REDIRECT] 
2026-05-19 00:59:18,771 [ERROR] LogOutputStream:75 - [STDERR_REDIRECT] [Fatal Error] :1:1: Premature end of file.
2026-05-19 00:59:18,772 [ERROR] LogOutputStream:75 - [STDERR_REDIRECT] 
2026-05-19 00:59:19,794 [ERROR] LogOutputStream:75 - [STDERR_REDIRECT] [Fatal Error] :1:1: Premature end of file.
2026-05-19 00:59:19,794 [ERROR] LogOutputStream:75 - [STDERR_REDIRECT] 
2026-05-19 00:59:20,745 [ERROR] LogOutputStream:75 - [STDERR_REDIRECT] [Fatal Error] :1:1: Premature end of file.
2026-05-19 00:59:20,746 [ERROR] LogOutputStream:75 - [STDERR_REDIRECT] 
2026-05-19 00:59:21,767 [ERROR] LogOutputStream:75 - [STDERR_REDIRECT] [Fatal Error] :1:1: Premature end of file.
2026-05-19 00:59:21,767 [ERROR] LogOutputStream:75 - [STDERR_REDIRECT] 
2026-05-19 00:59:22,757 [ERROR] LogOutputStream:75 - [STDERR_REDIRECT] [Fatal Error] :1:1: Premature end of file.
2026-05-19 00:59:22,758 [ERROR] LogOutputStream:75 - [STDERR_REDIRECT] 
2026-05-19 00:59:23,764 [ERROR] LogOutputStream:75 - [STDERR_REDIRECT] [Fatal Error] :1:1: Premature end of file.
2026-05-19 00:59:23,764 [ERROR] LogOutputStream:75 - [STDERR_REDIRECT] 
2026-05-19 00:59:24,767 [ERROR] LogOutputStream:75 - [STDERR_REDIRECT] [Fatal Error] :1:1: Premature end of file.
2026-05-19 00:59:24,767 [ERROR] LogOutputStream:75 - [STDERR_REDIRECT] 
2026-05-19 00:59:25,766 [ERROR] LogOutputStream:75 - [STDERR_REDIRECT] [Fatal Error] :1:1: Premature end of file.
2026-05-19 00:59:25,766 [ERROR] LogOutputStream:75 - [STDERR_REDIRECT] 
2026-05-19 00:59:26,759 [ERROR] LogOutputStream:75 - [STDERR_REDIRECT] [Fatal Error] :1:1: Premature end of file.
2026-05-19 00:59:26,759 [ERROR] LogOutputStream:75 - [STDERR_REDIRECT] 
2026-05-19 00:59:27,756 [ERROR] LogOutputStream:75 - [STDERR_REDIRECT] [Fatal Error] :1:1: Premature end of file.
2026-05-19 00:59:27,756 [ERROR] LogOutputStream:75 - [STDERR_REDIRECT] 
2026-05-19 00:59:28,789 [ERROR] LogOutputStream:75 - [STDERR_REDIRECT] [Fatal Error] :1:1: Premature end of file.
2026-05-19 00:59:28,790 [ERROR] LogOutputStream:75 - [STDERR_REDIRECT] 
2026-05-19 00:59:29,753 [ERROR] LogOutputStream:75 - [STDERR_REDIRECT] [Fatal Error] :1:1: Premature end of file.
2026-05-19 00:59:29,753 [ERROR] LogOutputStream:75 - [STDERR_REDIRECT] 
2026-05-19 00:59:30,769 [ERROR] LogOutputStream:75 - [STDERR_REDIRECT] [Fatal Error] :1:1: Premature end of file.
2026-05-19 00:59:30,770 [ERROR] LogOutputStream:75 - [STDERR_REDIRECT] 
2026-05-19 00:59:31,782 [ERROR] LogOutputStream:75 - [STDERR_REDIRECT] [Fatal Error] :1:1: Premature end of file.
2026-05-19 00:59:31,782 [ERROR] LogOutputStream:75 - [STDERR_REDIRECT] 
2026-05-19 00:59:32,764 [ERROR] LogOutputStream:75 - [STDERR_REDIRECT] [Fatal Error] :1:1: Premature end of file.
2026-05-19 00:59:32,764 [ERROR] LogOutputStream:75 - [STDERR_REDIRECT] 
2026-05-19 00:59:33,774 [ERROR] LogOutputStream:75 - [STDERR_REDIRECT] [Fatal Error] :1:1: Premature end of file.
2026-05-19 00:59:33,775 [ERROR] LogOutputStream:75 - [STDERR_REDIRECT] 
2026-05-19 00:59:34,771 [ERROR] LogOutputStream:75 - [STDERR_REDIRECT] [Fatal Error] :1:1: Premature end of file.
2026-05-19 00:59:34,771 [ERROR] LogOutputStream:75 - [STDERR_REDIRECT] 
2026-05-19 00:59:35,767 [ERROR] LogOutputStream:75 - [STDERR_REDIRECT] [Fatal Error] :1:1: Premature end of file.
2026-05-19 00:59:35,769 [ERROR] LogOutputStream:75 - [STDERR_REDIRECT] 
2026-05-19 00:59:36,769 [ERROR] LogOutputStream:75 - [STDERR_REDIRECT] [Fatal Error] :1:1: Premature end of file.
2026-05-19 00:59:36,770 [ERROR] LogOutputStream:75 - [STDERR_REDIRECT] 
2026-05-19 00:59:37,759 [ERROR] LogOutputStream:75 - [STDERR_REDIRECT] [Fatal Error] :1:1: Premature end of file.
2026-05-19 00:59:37,759 [ERROR] LogOutputStream:75 - [STDERR_REDIRECT] 
2026-05-19 00:59:38,753 [ERROR] LogOutputStream:75 - [STDERR_REDIRECT] [Fatal Error] :1:1: Premature end of file.
2026-05-19 00:59:38,753 [ERROR] LogOutputStream:75 - [STDERR_REDIRECT] 
2026-05-19 00:59:39,751 [ERROR] LogOutputStream:75 - [STDERR_REDIRECT] [Fatal Error] :1:1: Premature end of file.
2026-05-19 00:59:39,751 [ERROR] LogOutputStream:75 - [STDERR_REDIRECT] 
2026-05-19 00:59:40,794 [ERROR] LogOutputStream:75 - [STDERR_REDIRECT] [Fatal Error] :1:1: Premature end of file.
2026-05-19 00:59:40,794 [ERROR] LogOutputStream:75 - [STDERR_REDIRECT] 
2026-05-19 00:59:41,755 [ERROR] LogOutputStream:75 - [STDERR_REDIRECT] [Fatal Error] :1:1: Premature end of file.
2026-05-19 00:59:41,756 [ERROR] LogOutputStream:75 - [STDERR_REDIRECT] 
2026-05-19 00:59:42,756 [ERROR] LogOutputStream:75 - [STDERR_REDIRECT] [Fatal Error] :1:1: Premature end of file.
2026-05-19 00:59:42,757 [ERROR] LogOutputStream:75 - [STDERR_REDIRECT] 
2026-05-19 00:59:43,755 [ERROR] LogOutputStream:75 - [STDERR_REDIRECT] [Fatal Error] :1:1: Premature end of file.
2026-05-19 00:59:43,756 [ERROR] LogOutputStream:75 - [STDERR_REDIRECT] 
2026-05-19 00:59:44,773 [ERROR] LogOutputStream:75 - [STDERR_REDIRECT] [Fatal Error] :1:1: Premature end of file.
2026-05-19 00:59:44,773 [ERROR] LogOutputStream:75 - [STDERR_REDIRECT] 
2026-05-19 00:59:45,785 [ERROR] LogOutputStream:75 - [STDERR_REDIRECT] [Fatal Error] :1:1: Premature end of file.
2026-05-19 00:59:45,785 [ERROR] LogOutputStream:75 - [STDERR_REDIRECT] 
2026-05-19 00:59:46,776 [ERROR] LogOutputStream:75 - [STDERR_REDIRECT] [Fatal Error] :1:1: Premature end of file.
2026-05-19 00:59:46,776 [ERROR] LogOutputStream:75 - [STDERR_REDIRECT] 
2026-05-19 00:59:47,787 [ERROR] LogOutputStream:75 - [STDERR_REDIRECT] [Fatal Error] :1:1: Premature end of file.
2026-05-19 00:59:47,787 [ERROR] LogOutputStream:75 - [STDERR_REDIRECT] 
2026-05-19 00:59:48,763 [ERROR] LogOutputStream:75 - [STDERR_REDIRECT] [Fatal Error] :1:1: Premature end of file.
2026-05-19 00:59:48,764 [ERROR] LogOutputStream:75 - [STDERR_REDIRECT] 
2026-05-19 00:59:49,771 [ERROR] LogOutputStream:75 - [STDERR_REDIRECT] [Fatal Error] :1:1: Premature end of file.
2026-05-19 00:59:49,771 [ERROR] LogOutputStream:75 - [STDERR_REDIRECT] 
2026-05-19 00:59:50,754 [ERROR] LogOutputStream:75 - [STDERR_REDIRECT] [Fatal Error] :1:1: Premature end of file.
2026-05-19 00:59:50,755 [ERROR] LogOutputStream:75 - [STDERR_REDIRECT] 
2026-05-19 00:59:51,759 [ERROR] LogOutputStream:75 - [STDERR_REDIRECT] [Fatal Error] :1:1: Premature end of file.
2026-05-19 00:59:51,760 [ERROR] LogOutputStream:75 - [STDERR_REDIRECT] 
2026-05-19 00:59:52,764 [ERROR] LogOutputStream:75 - [STDERR_REDIRECT] [Fatal Error] :1:1: Premature end of file.
2026-05-19 00:59:52,764 [ERROR] LogOutputStream:75 - [STDERR_REDIRECT] 
2026-05-19 00:59:53,764 [ERROR] LogOutputStream:75 - [STDERR_REDIRECT] [Fatal Error] :1:1: Premature end of file.
2026-05-19 00:59:53,764 [ERROR] LogOutputStream:75 - [STDERR_REDIRECT] 
2026-05-19 00:59:54,778 [ERROR] LogOutputStream:75 - [STDERR_REDIRECT] [Fatal Error] :1:1: Premature end of file.
2026-05-19 00:59:54,778 [ERROR] LogOutputStream:75 - [STDERR_REDIRECT] 
2026-05-19 00:59:55,774 [ERROR] LogOutputStream:75 - [STDERR_REDIRECT] [Fatal Error] :1:1: Premature end of file.
2026-05-19 00:59:55,774 [ERROR] LogOutputStream:75 - [STDERR_REDIRECT] 
2026-05-19 00:59:56,773 [ERROR] LogOutputStream:75 - [STDERR_REDIRECT] [Fatal Error] :1:1: Premature end of file.
2026-05-19 00:59:56,774 [ERROR] LogOutputStream:75 - [STDERR_REDIRECT] 
2026-05-19 00:59:57,749 [ERROR] LogOutputStream:75 - [STDERR_REDIRECT] [Fatal Error] :1:1: Premature end of file.
2026-05-19 00:59:57,749 [ERROR] LogOutputStream:75 - [STDERR_REDIRECT] 
2026-05-19 00:59:58,760 [ERROR] LogOutputStream:75 - [STDERR_REDIRECT] [Fatal Error] :1:1: Premature end of file.
2026-05-19 00:59:58,760 [ERROR] LogOutputStream:75 - [STDERR_REDIRECT] 
2026-05-19 00:59:59,759 [ERROR] LogOutputStream:75 - [STDERR_REDIRECT] [Fatal Error] :1:1: Premature end of file.
2026-05-19 00:59:59,760 [ERROR] LogOutputStream:75 - [STDERR_REDIRECT] 
2026-05-19 01:00:00,756 [ERROR] LogOutputStream:75 - [STDERR_REDIRECT] [Fatal Error] :1:1: Premature end of file.
2026-05-19 01:00:00,757 [ERROR] LogOutputStream:75 - [STDERR_REDIRECT] 
2026-05-19 01:00:01,773 [ERROR] LogOutputStream:75 - [STDERR_REDIRECT] [Fatal Error] :1:1: Premature end of file.
2026-05-19 01:00:01,773 [ERROR] LogOutputStream:75 - [STDERR_REDIRECT] 
2026-05-19 01:00:02,757 [ERROR] LogOutputStream:75 - [STDERR_REDIRECT] [Fatal Error] :1:1: Premature end of file.
2026-05-19 01:00:02,757 [ERROR] LogOutputStream:75 - [STDERR_REDIRECT] 
2026-05-19 01:00:03,765 [ERROR] LogOutputStream:75 - [STDERR_REDIRECT] [Fatal Error] :1:1: Premature end of file.
2026-05-19 01:00:03,765 [ERROR] LogOutputStream:75 - [STDERR_REDIRECT] 
2026-05-19 01:00:04,788 [ERROR] LogOutputStream:75 - [STDERR_REDIRECT] [Fatal Error] :1:1: Premature end of file.
2026-05-19 01:00:04,789 [ERROR] LogOutputStream:75 - [STDERR_REDIRECT] 
2026-05-19 01:00:05,749 [ERROR] LogOutputStream:75 - [STDERR_REDIRECT] [Fatal Error] :1:1: Premature end of file.
2026-05-19 01:00:05,749 [ERROR] LogOutputStream:75 - [STDERR_REDIRECT] 
2026-05-19 01:00:06,745 [ERROR] LogOutputStream:75 - [STDERR_REDIRECT] [Fatal Error] :1:1: Premature end of file.
2026-05-19 01:00:06,745 [ERROR] LogOutputStream:75 - [STDERR_REDIRECT] 
2026-05-19 01:00:07,775 [ERROR] LogOutputStream:75 - [STDERR_REDIRECT] [Fatal Error] :1:1: Premature end of file.
2026-05-19 01:00:07,775 [ERROR] LogOutputStream:75 - [STDERR_REDIRECT] 
2026-05-19 01:00:08,769 [ERROR] LogOutputStream:75 - [STDERR_REDIRECT] [Fatal Error] :1:1: Premature end of file.
2026-05-19 01:00:08,769 [ERROR] LogOutputStream:75 - [STDERR_REDIRECT] 
2026-05-19 01:00:09,767 [ERROR] LogOutputStream:75 - [STDERR_REDIRECT] [Fatal Error] :1:1: Premature end of file.
2026-05-19 01:00:09,767 [ERROR] LogOutputStream:75 - [STDERR_REDIRECT] 
2026-05-19 01:00:10,766 [ERROR] LogOutputStream:75 - [STDERR_REDIRECT] [Fatal Error] :1:1: Premature end of file.
2026-05-19 01:00:10,766 [ERROR] LogOutputStream:75 - [STDERR_REDIRECT] 
2026-05-19 01:00:11,760 [ERROR] LogOutputStream:75 - [STDERR_REDIRECT] [Fatal Error] :1:1: Premature end of file.
2026-05-19 01:00:11,761 [ERROR] LogOutputStream:75 - [STDERR_REDIRECT] 
2026-05-19 01:00:12,766 [ERROR] LogOutputStream:75 - [STDERR_REDIRECT] [Fatal Error] :1:1: Premature end of file.
2026-05-19 01:00:12,767 [ERROR] LogOutputStream:75 - [STDERR_REDIRECT] 
2026-05-19 01:00:13,753 [ERROR] LogOutputStream:75 - [STDERR_REDIRECT] [Fatal Error] :1:1: Premature end of file.
2026-05-19 01:00:13,753 [ERROR] LogOutputStream:75 - [STDERR_REDIRECT] 
2026-05-19 01:00:14,793 [ERROR] LogOutputStream:75 - [STDERR_REDIRECT] [Fatal Error] :1:1: Premature end of file.
2026-05-19 01:00:14,794 [ERROR] LogOutputStream:75 - [STDERR_REDIRECT] 
2026-05-19 01:00:15,760 [ERROR] LogOutputStream:75 - [STDERR_REDIRECT] [Fatal Error] :1:1: Premature end of file.
2026-05-19 01:00:15,760 [ERROR] LogOutputStream:75 - [STDERR_REDIRECT] 
2026-05-19 01:00:16,775 [ERROR] LogOutputStream:75 - [STDERR_REDIRECT] [Fatal Error] :1:1: Premature end of file.
2026-05-19 01:00:16,776 [ERROR] LogOutputStream:75 - [STDERR_REDIRECT] 
2026-05-19 01:00:17,760 [ERROR] LogOutputStream:75 - [STDERR_REDIRECT] [Fatal Error] :1:1: Premature end of file.
2026-05-19 01:00:17,760 [ERROR] LogOutputStream:75 - [STDERR_REDIRECT] 
2026-05-19 01:00:18,801 [ERROR] LogOutputStream:75 - [STDERR_REDIRECT] [Fatal Error] :1:1: Premature end of file.
2026-05-19 01:00:18,801 [ERROR] LogOutputStream:75 - [STDERR_REDIRECT] 
2026-05-19 01:00:19,771 [ERROR] LogOutputStream:75 - [STDERR_REDIRECT] [Fatal Error] :1:1: Premature end of file.
2026-05-19 01:00:19,773 [ERROR] LogOutputStream:75 - [STDERR_REDIRECT] 
2026-05-19 01:00:20,754 [ERROR] LogOutputStream:75 - [STDERR_REDIRECT] [Fatal Error] :1:1: Premature end of file.
2026-05-19 01:00:20,755 [ERROR] LogOutputStream:75 - [STDERR_REDIRECT] 
2026-05-19 01:00:21,759 [ERROR] LogOutputStream:75 - [STDERR_REDIRECT] [Fatal Error] :1:1: Premature end of file.
2026-05-19 01:00:21,759 [ERROR] LogOutputStream:75 - [STDERR_REDIRECT] 
2026-05-19 01:00:22,764 [ERROR] LogOutputStream:75 - [STDERR_REDIRECT] [Fatal Error] :1:1: Premature end of file.
2026-05-19 01:00:22,765 [ERROR] LogOutputStream:75 - [STDERR_REDIRECT] 
2026-05-19 01:00:23,764 [ERROR] LogOutputStream:75 - [STDERR_REDIRECT] [Fatal Error] :1:1: Premature end of file.
2026-05-19 01:00:23,764 [ERROR] LogOutputStream:75 - [STDERR_REDIRECT] 
2026-05-19 01:00:24,753 [ERROR] LogOutputStream:75 - [STDERR_REDIRECT] [Fatal Error] :1:1: Premature end of file.
2026-05-19 01:00:24,753 [ERROR] LogOutputStream:75 - [STDERR_REDIRECT] 
2026-05-19 01:00:25,760 [ERROR] LogOutputStream:75 - [STDERR_REDIRECT] [Fatal Error] :1:1: Premature end of file.
2026-05-19 01:00:25,760 [ERROR] LogOutputStream:75 - [STDERR_REDIRECT] 
2026-05-19 01:00:26,766 [ERROR] LogOutputStream:75 - [STDERR_REDIRECT] [Fatal Error] :1:1: Premature end of file.
2026-05-19 01:00:26,766 [ERROR] LogOutputStream:75 - [STDERR_REDIRECT] 
2026-05-19 01:00:27,755 [ERROR] LogOutputStream:75 - [STDERR_REDIRECT] [Fatal Error] :1:1: Premature end of file.
2026-05-19 01:00:27,756 [ERROR] LogOutputStream:75 - [STDERR_REDIRECT] 
2026-05-19 01:00:28,772 [ERROR] LogOutputStream:75 - [STDERR_REDIRECT] [Fatal Error] :1:1: Premature end of file.
2026-05-19 01:00:28,773 [ERROR] LogOutputStream:75 - [STDERR_REDIRECT] 
2026-05-19 01:00:29,758 [ERROR] LogOutputStream:75 - [STDERR_REDIRECT] [Fatal Error] :1:1: Premature end of file.
2026-05-19 01:00:29,759 [ERROR] LogOutputStream:75 - [STDERR_REDIRECT] 
2026-05-19 01:00:30,776 [ERROR] LogOutputStream:75 - [STDERR_REDIRECT] [Fatal Error] :1:1: Premature end of file.
2026-05-19 01:00:30,776 [ERROR] LogOutputStream:75 - [STDERR_REDIRECT] 
2026-05-19 01:00:31,757 [ERROR] LogOutputStream:75 - [STDERR_REDIRECT] [Fatal Error] :1:1: Premature end of file.
2026-05-19 01:00:31,757 [ERROR] LogOutputStream:75 - [STDERR_REDIRECT] 
2026-05-19 01:00:32,795 [ERROR] LogOutputStream:75 - [STDERR_REDIRECT] [Fatal Error] :1:1: Premature end of file.
2026-05-19 01:00:32,796 [ERROR] LogOutputStream:75 - [STDERR_REDIRECT] 
2026-05-19 01:00:33,781 [ERROR] LogOutputStream:75 - [STDERR_REDIRECT] [Fatal Error] :1:1: Premature end of file.
2026-05-19 01:00:33,781 [ERROR] LogOutputStream:75 - [STDERR_REDIRECT] 
2026-05-19 01:00:34,776 [ERROR] LogOutputStream:75 - [STDERR_REDIRECT] [Fatal Error] :1:1: Premature end of file.
2026-05-19 01:00:34,777 [ERROR] LogOutputStream:75 - [STDERR_REDIRECT] 
2026-05-19 01:00:35,756 [ERROR] LogOutputStream:75 - [STDERR_REDIRECT] [Fatal Error] :1:1: Premature end of file.
2026-05-19 01:00:35,756 [ERROR] LogOutputStream:75 - [STDERR_REDIRECT] 
2026-05-19 01:00:36,754 [ERROR] LogOutputStream:75 - [STDERR_REDIRECT] [Fatal Error] :1:1: Premature end of file.
2026-05-19 01:00:36,754 [ERROR] LogOutputStream:75 - [STDERR_REDIRECT] 
2026-05-19 01:00:37,748 [ERROR] LogOutputStream:75 - [STDERR_REDIRECT] [Fatal Error] :1:1: Premature end of file.
2026-05-19 01:00:37,748 [ERROR] LogOutputStream:75 - [STDERR_REDIRECT] 
2026-05-19 01:00:38,737 [ERROR] LogOutputStream:75 - [STDERR_REDIRECT] [Fatal Error] :1:1: Premature end of file.
2026-05-19 01:00:38,738 [ERROR] LogOutputStream:75 - [STDERR_REDIRECT] 
2026-05-19 01:00:39,786 [ERROR] LogOutputStream:75 - [STDERR_REDIRECT] [Fatal Error] :1:1: Premature end of file.
2026-05-19 01:00:39,786 [ERROR] LogOutputStream:75 - [STDERR_REDIRECT] 
2026-05-19 01:00:40,774 [ERROR] LogOutputStream:75 - [STDERR_REDIRECT] [Fatal Error] :1:1: Premature end of file.
2026-05-19 01:00:40,774 [ERROR] LogOutputStream:75 - [STDERR_REDIRECT] 
2026-05-19 01:00:41,791 [ERROR] LogOutputStream:75 - [STDERR_REDIRECT] [Fatal Error] :1:1: Premature end of file.
2026-05-19 01:00:41,792 [ERROR] LogOutputStream:75 - [STDERR_REDIRECT] 
2026-05-19 01:00:42,791 [ERROR] LogOutputStream:75 - [STDERR_REDIRECT] [Fatal Error] :1:1: Premature end of file.
2026-05-19 01:00:42,791 [ERROR] LogOutputStream:75 - [STDERR_REDIRECT] 
2026-05-19 01:00:43,768 [ERROR] LogOutputStream:75 - [STDERR_REDIRECT] [Fatal Error] :1:1: Premature end of file.
2026-05-19 01:00:43,768 [ERROR] LogOutputStream:75 - [STDERR_REDIRECT] 
2026-05-19 01:00:44,762 [ERROR] LogOutputStream:75 - [STDERR_REDIRECT] [Fatal Error] :1:1: Premature end of file.
2026-05-19 01:00:44,762 [ERROR] LogOutputStream:75 - [STDERR_REDIRECT] 
2026-05-19 01:00:45,763 [ERROR] LogOutputStream:75 - [STDERR_REDIRECT] [Fatal Error] :1:1: Premature end of file.
2026-05-19 01:00:45,763 [ERROR] LogOutputStream:75 - [STDERR_REDIRECT] 
2026-05-19 01:00:46,774 [ERROR] LogOutputStream:75 - [STDERR_REDIRECT] [Fatal Error] :1:1: Premature end of file.
2026-05-19 01:00:46,774 [ERROR] LogOutputStream:75 - [STDERR_REDIRECT] 
2026-05-19 01:00:47,686 [INFO] WebApp:194 - Connection lost
2026-05-19 01:00:47,755 [ERROR] LogOutputStream:75 - [STDERR_REDIRECT] [Fatal Error] :1:1: Premature end of file.
2026-05-19 01:00:47,755 [ERROR] LogOutputStream:75 - [STDERR_REDIRECT] 
2026-05-19 01:00:48,757 [ERROR] LogOutputStream:75 - [STDERR_REDIRECT] [Fatal Error] :1:1: Premature end of file.
2026-05-19 01:00:48,758 [ERROR] LogOutputStream:75 - [STDERR_REDIRECT] 
2026-05-19 01:00:49,739 [ERROR] LogOutputStream:75 - [STDERR_REDIRECT] [Fatal Error] :1:1: Premature end of file.
2026-05-19 01:00:49,740 [ERROR] LogOutputStream:75 - [STDERR_REDIRECT] 
2026-05-19 01:00:50,749 [ERROR] LogOutputStream:75 - [STDERR_REDIRECT] [Fatal Error] :1:1: Premature end of file.
2026-05-19 01:00:50,749 [ERROR] LogOutputStream:75 - [STDERR_REDIRECT] 
2026-05-19 01:00:51,810 [ERROR] LogOutputStream:75 - [STDERR_REDIRECT] [Fatal Error] :1:1: Premature end of file.
2026-05-19 01:00:51,810 [ERROR] LogOutputStream:75 - [STDERR_REDIRECT] 
2026-05-19 01:00:52,756 [ERROR] LogOutputStream:75 - [STDERR_REDIRECT] [Fatal Error] :1:1: Premature end of file.
2026-05-19 01:00:52,756 [ERROR] LogOutputStream:75 - [STDERR_REDIRECT] 
2026-05-19 01:00:53,773 [ERROR] LogOutputStream:75 - [STDERR_REDIRECT] [Fatal Error] :1:1: Premature end of file.
2026-05-19 01:00:53,773 [ERROR] LogOutputStream:75 - [STDERR_REDIRECT] 
2026-05-19 01:00:54,769 [ERROR] LogOutputStream:75 - [STDERR_REDIRECT] [Fatal Error] :1:1: Premature end of file.
2026-05-19 01:00:54,769 [ERROR] LogOutputStream:75 - [STDERR_REDIRECT] 
2026-05-19 01:00:55,773 [ERROR] LogOutputStream:75 - [STDERR_REDIRECT] [Fatal Error] :1:1: Premature end of file.
2026-05-19 01:00:55,773 [ERROR] LogOutputStream:75 - [STDERR_REDIRECT] 
2026-05-19 01:00:56,763 [ERROR] LogOutputStream:75 - [STDERR_REDIRECT] [Fatal Error] :1:1: Premature end of file.
2026-05-19 01:00:56,763 [ERROR] LogOutputStream:75 - [STDERR_REDIRECT] 
2026-05-19 01:00:57,744 [ERROR] LogOutputStream:75 - [STDERR_REDIRECT] [Fatal Error] :1:1: Premature end of file.
2026-05-19 01:00:57,744 [ERROR] LogOutputStream:75 - [STDERR_REDIRECT] 
2026-05-19 01:00:58,771 [ERROR] LogOutputStream:75 - [STDERR_REDIRECT] [Fatal Error] :1:1: Premature end of file.
2026-05-19 01:00:58,771 [ERROR] LogOutputStream:75 - [STDERR_REDIRECT] 
2026-05-19 01:00:59,752 [ERROR] LogOutputStream:75 - [STDERR_REDIRECT] [Fatal Error] :1:1: Premature end of file.
2026-05-19 01:00:59,752 [ERROR] LogOutputStream:75 - [STDERR_REDIRECT] 
2026-05-19 01:01:00,753 [ERROR] LogOutputStream:75 - [STDERR_REDIRECT] [Fatal Error] :1:1: Premature end of file.
2026-05-19 01:01:00,753 [ERROR] LogOutputStream:75 - [STDERR_REDIRECT] 
2026-05-19 01:01:01,781 [ERROR] LogOutputStream:75 - [STDERR_REDIRECT] [Fatal Error] :1:1: Premature end of file.
2026-05-19 01:01:01,781 [ERROR] LogOutputStream:75 - [STDERR_REDIRECT] 
2026-05-19 01:01:02,734 [ERROR] LogOutputStream:75 - [STDERR_REDIRECT] [Fatal Error] :1:1: Premature end of file.
2026-05-19 01:01:02,735 [ERROR] LogOutputStream:75 - [STDERR_REDIRECT] 
2026-05-19 01:01:03,749 [ERROR] LogOutputStream:75 - [STDERR_REDIRECT] [Fatal Error] :1:1: Premature end of file.
2026-05-19 01:01:03,749 [ERROR] LogOutputStream:75 - [STDERR_REDIRECT] 
2026-05-19 01:01:04,733 [ERROR] LogOutputStream:75 - [STDERR_REDIRECT] [Fatal Error] :1:1: Premature end of file.
2026-05-19 01:01:04,733 [ERROR] LogOutputStream:75 - [STDERR_REDIRECT] 
2026-05-19 01:01:05,772 [ERROR] LogOutputStream:75 - [STDERR_REDIRECT] [Fatal Error] :1:1: Premature end of file.
2026-05-19 01:01:05,772 [ERROR] LogOutputStream:75 - [STDERR_REDIRECT] 
2026-05-19 01:01:06,754 [ERROR] LogOutputStream:75 - [STDERR_REDIRECT] [Fatal Error] :1:1: Premature end of file.
2026-05-19 01:01:06,755 [ERROR] LogOutputStream:75 - [STDERR_REDIRECT] 
2026-05-19 01:01:07,738 [ERROR] LogOutputStream:75 - [STDERR_REDIRECT] [Fatal Error] :1:1: Premature end of file.
2026-05-19 01:01:07,738 [ERROR] LogOutputStream:75 - [STDERR_REDIRECT] 
2026-05-19 01:01:08,760 [ERROR] LogOutputStream:75 - [STDERR_REDIRECT] [Fatal Error] :1:1: Premature end of file.
2026-05-19 01:01:08,760 [ERROR] LogOutputStream:75 - [STDERR_REDIRECT] 
2026-05-19 01:01:09,758 [ERROR] LogOutputStream:75 - [STDERR_REDIRECT] [Fatal Error] :1:1: Premature end of file.
2026-05-19 01:01:09,758 [ERROR] LogOutputStream:75 - [STDERR_REDIRECT] 
2026-05-19 01:01:10,786 [ERROR] LogOutputStream:75 - [STDERR_REDIRECT] [Fatal Error] :1:1: Premature end of file.
2026-05-19 01:01:10,786 [ERROR] LogOutputStream:75 - [STDERR_REDIRECT] 
2026-05-19 01:01:11,770 [ERROR] LogOutputStream:75 - [STDERR_REDIRECT] [Fatal Error] :1:1: Premature end of file.
2026-05-19 01:01:11,770 [ERROR] LogOutputStream:75 - [STDERR_REDIRECT] 
2026-05-19 01:01:12,741 [ERROR] LogOutputStream:75 - [STDERR_REDIRECT] [Fatal Error] :1:1: Premature end of file.
2026-05-19 01:01:12,741 [ERROR] LogOutputStream:75 - [STDERR_REDIRECT] 
2026-05-19 01:01:13,271 [INFO] WebApp:191 - Connection restablished
2026-05-19 01:01:13,747 [ERROR] LogOutputStream:75 - [STDERR_REDIRECT] [Fatal Error] :1:1: Premature end of file.
2026-05-19 01:01:13,748 [ERROR] LogOutputStream:75 - [STDERR_REDIRECT] 
2026-05-19 01:01:14,740 [ERROR] LogOutputStream:75 - [STDERR_REDIRECT] [Fatal Error] :1:1: Premature end of file.
2026-05-19 01:01:14,740 [ERROR] LogOutputStream:75 - [STDERR_REDIRECT] 
2026-05-19 01:01:15,285 [INFO] WebApp:194 - Connection lost
2026-05-19 01:01:15,838 [ERROR] LogOutputStream:75 - [STDERR_REDIRECT] [Fatal Error] :1:1: Premature end of file.
2026-05-19 01:01:15,838 [ERROR] LogOutputStream:75 - [STDERR_REDIRECT] 
2026-05-19 01:01:16,758 [ERROR] LogOutputStream:75 - [STDERR_REDIRECT] [Fatal Error] :1:1: Premature end of file.
2026-05-19 01:01:16,759 [ERROR] LogOutputStream:75 - [STDERR_REDIRECT] 
2026-05-19 01:01:17,755 [ERROR] LogOutputStream:75 - [STDERR_REDIRECT] [Fatal Error] :1:1: Premature end of file.
2026-05-19 01:01:17,755 [ERROR] LogOutputStream:75 - [STDERR_REDIRECT] 
2026-05-19 01:01:18,804 [ERROR] LogOutputStream:75 - [STDERR_REDIRECT] [Fatal Error] :1:1: Premature end of file.
2026-05-19 01:01:18,804 [ERROR] LogOutputStream:75 - [STDERR_REDIRECT] 
2026-05-19 01:01:19,626 [INFO] WebApp:191 - Connection restablished
2026-05-19 01:01:19,779 [ERROR] LogOutputStream:75 - [STDERR_REDIRECT] [Fatal Error] :1:1: Premature end of file.
2026-05-19 01:01:19,779 [ERROR] LogOutputStream:75 - [STDERR_REDIRECT] 
2026-05-19 01:01:20,790 [ERROR] LogOutputStream:75 - [STDERR_REDIRECT] [Fatal Error] :1:1: Premature end of file.
2026-05-19 01:01:20,790 [ERROR] LogOutputStream:75 - [STDERR_REDIRECT] 
2026-05-19 01:01:21,814 [ERROR] LogOutputStream:75 - [STDERR_REDIRECT] [Fatal Error] :1:1: Premature end of file.
2026-05-19 01:01:21,815 [ERROR] LogOutputStream:75 - [STDERR_REDIRECT] 
2026-05-19 01:01:22,770 [ERROR] LogOutputStream:75 - [STDERR_REDIRECT] [Fatal Error] :1:1: Premature end of file.
2026-05-19 01:01:22,770 [ERROR] LogOutputStream:75 - [STDERR_REDIRECT] 
2026-05-19 01:01:23,755 [ERROR] LogOutputStream:75 - [STDERR_REDIRECT] [Fatal Error] :1:1: Premature end of file.
2026-05-19 01:01:23,756 [ERROR] LogOutputStream:75 - [STDERR_REDIRECT] 
2026-05-19 01:01:24,756 [ERROR] LogOutputStream:75 - [STDERR_REDIRECT] [Fatal Error] :1:1: Premature end of file.
2026-05-19 01:01:24,756 [ERROR] LogOutputStream:75 - [STDERR_REDIRECT] 
2026-05-19 01:01:25,744 [ERROR] LogOutputStream:75 - [STDERR_REDIRECT] [Fatal Error] :1:1: Premature end of file.
2026-05-19 01:01:25,744 [ERROR] LogOutputStream:75 - [STDERR_REDIRECT] 
2026-05-19 01:01:26,768 [ERROR] LogOutputStream:75 - [STDERR_REDIRECT] [Fatal Error] :1:1: Premature end of file.
2026-05-19 01:01:26,768 [ERROR] LogOutputStream:75 - [STDERR_REDIRECT] 
2026-05-19 01:01:27,771 [ERROR] LogOutputStream:75 - [STDERR_REDIRECT] [Fatal Error] :1:1: Premature end of file.
2026-05-19 01:01:27,771 [ERROR] LogOutputStream:75 - [STDERR_REDIRECT] 
2026-05-19 01:01:28,747 [ERROR] LogOutputStream:75 - [STDERR_REDIRECT] [Fatal Error] :1:1: Premature end of file.
2026-05-19 01:01:28,747 [ERROR] LogOutputStream:75 - [STDERR_REDIRECT] 
2026-05-19 01:01:29,767 [ERROR] LogOutputStream:75 - [STDERR_REDIRECT] [Fatal Error] :1:1: Premature end of file.
2026-05-19 01:01:29,768 [ERROR] LogOutputStream:75 - [STDERR_REDIRECT] 
2026-05-19 01:01:30,797 [ERROR] LogOutputStream:75 - [STDERR_REDIRECT] [Fatal Error] :1:1: Premature end of file.
2026-05-19 01:01:30,798 [ERROR] LogOutputStream:75 - [STDERR_REDIRECT] 
2026-05-19 01:01:31,770 [ERROR] LogOutputStream:75 - [STDERR_REDIRECT] [Fatal Error] :1:1: Premature end of file.
2026-05-19 01:01:31,771 [ERROR] LogOutputStream:75 - [STDERR_REDIRECT] 
2026-05-19 01:01:32,787 [ERROR] LogOutputStream:75 - [STDERR_REDIRECT] [Fatal Error] :1:1: Premature end of file.
2026-05-19 01:01:32,788 [ERROR] LogOutputStream:75 - [STDERR_REDIRECT] 
2026-05-19 01:01:33,753 [ERROR] LogOutputStream:75 - [STDERR_REDIRECT] [Fatal Error] :1:1: Premature end of file.
2026-05-19 01:01:33,753 [ERROR] LogOutputStream:75 - [STDERR_REDIRECT] 
2026-05-19 01:01:34,775 [ERROR] LogOutputStream:75 - [STDERR_REDIRECT] [Fatal Error] :1:1: Premature end of file.
2026-05-19 01:01:34,776 [ERROR] LogOutputStream:75 - [STDERR_REDIRECT] 
2026-05-19 01:01:35,761 [ERROR] LogOutputStream:75 - [STDERR_REDIRECT] [Fatal Error] :1:1: Premature end of file.
2026-05-19 01:01:35,761 [ERROR] LogOutputStream:75 - [STDERR_REDIRECT] 
2026-05-19 01:01:36,757 [ERROR] LogOutputStream:75 - [STDERR_REDIRECT] [Fatal Error] :1:1: Premature end of file.
2026-05-19 01:01:36,757 [ERROR] LogOutputStream:75 - [STDERR_REDIRECT] 
2026-05-19 01:01:37,832 [ERROR] LogOutputStream:75 - [STDERR_REDIRECT] [Fatal Error] :1:1: Premature end of file.
2026-05-19 01:01:37,833 [ERROR] LogOutputStream:75 - [STDERR_REDIRECT] 
2026-05-19 01:01:38,798 [ERROR] LogOutputStream:75 - [STDERR_REDIRECT] [Fatal Error] :1:1: Premature end of file.
2026-05-19 01:01:38,798 [ERROR] LogOutputStream:75 - [STDERR_REDIRECT] 
2026-05-19 01:01:39,765 [ERROR] LogOutputStream:75 - [STDERR_REDIRECT] [Fatal Error] :1:1: Premature end of file.
2026-05-19 01:01:39,765 [ERROR] LogOutputStream:75 - [STDERR_REDIRECT] 
2026-05-19 01:01:40,786 [ERROR] LogOutputStream:75 - [STDERR_REDIRECT] [Fatal Error] :1:1: Premature end of file.
2026-05-19 01:01:40,787 [ERROR] LogOutputStream:75 - [STDERR_REDIRECT] 
2026-05-19 01:01:41,753 [ERROR] LogOutputStream:75 - [STDERR_REDIRECT] [Fatal Error] :1:1: Premature end of file.
2026-05-19 01:01:41,753 [ERROR] LogOutputStream:75 - [STDERR_REDIRECT] 
2026-05-19 01:01:42,744 [ERROR] LogOutputStream:75 - [STDERR_REDIRECT] [Fatal Error] :1:1: Premature end of file.
2026-05-19 01:01:42,745 [ERROR] LogOutputStream:75 - [STDERR_REDIRECT] 
2026-05-19 01:01:43,763 [ERROR] LogOutputStream:75 - [STDERR_REDIRECT] [Fatal Error] :1:1: Premature end of file.
2026-05-19 01:01:43,764 [ERROR] LogOutputStream:75 - [STDERR_REDIRECT] 
2026-05-19 01:01:44,746 [ERROR] LogOutputStream:75 - [STDERR_REDIRECT] [Fatal Error] :1:1: Premature end of file.
2026-05-19 01:01:44,746 [ERROR] LogOutputStream:75 - [STDERR_REDIRECT] 
2026-05-19 01:01:45,762 [ERROR] LogOutputStream:75 - [STDERR_REDIRECT] [Fatal Error] :1:1: Premature end of file.
2026-05-19 01:01:45,763 [ERROR] LogOutputStream:75 - [STDERR_REDIRECT] 
2026-05-19 01:01:46,752 [ERROR] LogOutputStream:75 - [STDERR_REDIRECT] [Fatal Error] :1:1: Premature end of file.
2026-05-19 01:01:46,752 [ERROR] LogOutputStream:75 - [STDERR_REDIRECT] 
2026-05-19 01:01:47,756 [ERROR] LogOutputStream:75 - [STDERR_REDIRECT] [Fatal Error] :1:1: Premature end of file.
2026-05-19 01:01:47,756 [ERROR] LogOutputStream:75 - [STDERR_REDIRECT] 
2026-05-19 01:01:48,746 [ERROR] LogOutputStream:75 - [STDERR_REDIRECT] [Fatal Error] :1:1: Premature end of file.
2026-05-19 01:01:48,746 [ERROR] LogOutputStream:75 - [STDERR_REDIRECT] 
2026-05-19 01:01:49,763 [ERROR] LogOutputStream:75 - [STDERR_REDIRECT] [Fatal Error] :1:1: Premature end of file.
2026-05-19 01:01:49,764 [ERROR] LogOutputStream:75 - [STDERR_REDIRECT] 
2026-05-19 01:01:50,785 [ERROR] LogOutputStream:75 - [STDERR_REDIRECT] [Fatal Error] :1:1: Premature end of file.
2026-05-19 01:01:50,785 [ERROR] LogOutputStream:75 - [STDERR_REDIRECT] 
2026-05-19 01:01:51,790 [ERROR] LogOutputStream:75 - [STDERR_REDIRECT] [Fatal Error] :1:1: Premature end of file.
2026-05-19 01:01:51,790 [ERROR] LogOutputStream:75 - [STDERR_REDIRECT] 
2026-05-19 01:01:52,758 [ERROR] LogOutputStream:75 - [STDERR_REDIRECT] [Fatal Error] :1:1: Premature end of file.
2026-05-19 01:01:52,759 [ERROR] LogOutputStream:75 - [STDERR_REDIRECT] 
2026-05-19 01:01:53,766 [ERROR] LogOutputStream:75 - [STDERR_REDIRECT] [Fatal Error] :1:1: Premature end of file.
2026-05-19 01:01:53,766 [ERROR] LogOutputStream:75 - [STDERR_REDIRECT] 
2026-05-19 01:01:54,764 [ERROR] LogOutputStream:75 - [STDERR_REDIRECT] [Fatal Error] :1:1: Premature end of file.
2026-05-19 01:01:54,764 [ERROR] LogOutputStream:75 - [STDERR_REDIRECT] 
2026-05-19 01:01:55,774 [ERROR] LogOutputStream:75 - [STDERR_REDIRECT] [Fatal Error] :1:1: Premature end of file.
2026-05-19 01:01:55,775 [ERROR] LogOutputStream:75 - [STDERR_REDIRECT] 
2026-05-19 01:01:56,761 [ERROR] LogOutputStream:75 - [STDERR_REDIRECT] [Fatal Error] :1:1: Premature end of file.
2026-05-19 01:01:56,761 [ERROR] LogOutputStream:75 - [STDERR_REDIRECT] 
2026-05-19 01:01:57,759 [ERROR] LogOutputStream:75 - [STDERR_REDIRECT] [Fatal Error] :1:1: Premature end of file.
2026-05-19 01:01:57,759 [ERROR] LogOutputStream:75 - [STDERR_REDIRECT] 
2026-05-19 01:01:58,756 [ERROR] LogOutputStream:75 - [STDERR_REDIRECT] [Fatal Error] :1:1: Premature end of file.
2026-05-19 01:01:58,756 [ERROR] LogOutputStream:75 - [STDERR_REDIRECT] 
2026-05-19 01:01:59,744 [ERROR] LogOutputStream:75 - [STDERR_REDIRECT] [Fatal Error] :1:1: Premature end of file.
2026-05-19 01:01:59,744 [ERROR] LogOutputStream:75 - [STDERR_REDIRECT] 
2026-05-19 01:02:00,772 [ERROR] LogOutputStream:75 - [STDERR_REDIRECT] [Fatal Error] :1:1: Premature end of file.
2026-05-19 01:02:00,772 [ERROR] LogOutputStream:75 - [STDERR_REDIRECT] 
2026-05-19 01:02:01,761 [ERROR] LogOutputStream:75 - [STDERR_REDIRECT] [Fatal Error] :1:1: Premature end of file.
2026-05-19 01:02:01,763 [ERROR] LogOutputStream:75 - [STDERR_REDIRECT] 
2026-05-19 01:02:02,770 [ERROR] LogOutputStream:75 - [STDERR_REDIRECT] [Fatal Error] :1:1: Premature end of file.
2026-05-19 01:02:02,771 [ERROR] LogOutputStream:75 - [STDERR_REDIRECT] 
2026-05-19 01:02:03,759 [ERROR] LogOutputStream:75 - [STDERR_REDIRECT] [Fatal Error] :1:1: Premature end of file.
2026-05-19 01:02:03,759 [ERROR] LogOutputStream:75 - [STDERR_REDIRECT] 
2026-05-19 01:02:04,758 [ERROR] LogOutputStream:75 - [STDERR_REDIRECT] [Fatal Error] :1:1: Premature end of file.
2026-05-19 01:02:04,758 [ERROR] LogOutputStream:75 - [STDERR_REDIRECT] 
2026-05-19 01:02:05,786 [ERROR] LogOutputStream:75 - [STDERR_REDIRECT] [Fatal Error] :1:1: Premature end of file.
2026-05-19 01:02:05,786 [ERROR] LogOutputStream:75 - [STDERR_REDIRECT] 
2026-05-19 01:02:06,746 [ERROR] LogOutputStream:75 - [STDERR_REDIRECT] [Fatal Error] :1:1: Premature end of file.
2026-05-19 01:02:06,746 [ERROR] LogOutputStream:75 - [STDERR_REDIRECT] 
2026-05-19 01:02:07,754 [ERROR] LogOutputStream:75 - [STDERR_REDIRECT] [Fatal Error] :1:1: Premature end of file.
2026-05-19 01:02:07,755 [ERROR] LogOutputStream:75 - [STDERR_REDIRECT] 
2026-05-19 01:02:08,751 [ERROR] LogOutputStream:75 - [STDERR_REDIRECT] [Fatal Error] :1:1: Premature end of file.
2026-05-19 01:02:08,751 [ERROR] LogOutputStream:75 - [STDERR_REDIRECT] 
2026-05-19 01:02:09,763 [ERROR] LogOutputStream:75 - [STDERR_REDIRECT] [Fatal Error] :1:1: Premature end of file.
2026-05-19 01:02:09,763 [ERROR] LogOutputStream:75 - [STDERR_REDIRECT] 
2026-05-19 01:02:10,784 [ERROR] LogOutputStream:75 - [STDERR_REDIRECT] [Fatal Error] :1:1: Premature end of file.
2026-05-19 01:02:10,784 [ERROR] LogOutputStream:75 - [STDERR_REDIRECT] 
2026-05-19 01:02:11,758 [ERROR] LogOutputStream:75 - [STDERR_REDIRECT] [Fatal Error] :1:1: Premature end of file.
2026-05-19 01:02:11,759 [ERROR] LogOutputStream:75 - [STDERR_REDIRECT] 
2026-05-19 01:02:12,756 [ERROR] LogOutputStream:75 - [STDERR_REDIRECT] [Fatal Error] :1:1: Premature end of file.
2026-05-19 01:02:12,757 [ERROR] LogOutputStream:75 - [STDERR_REDIRECT] 
2026-05-19 01:02:13,758 [ERROR] LogOutputStream:75 - [STDERR_REDIRECT] [Fatal Error] :1:1: Premature end of file.
2026-05-19 01:02:13,758 [ERROR] LogOutputStream:75 - [STDERR_REDIRECT] 
2026-05-19 01:02:14,745 [ERROR] LogOutputStream:75 - [STDERR_REDIRECT] [Fatal Error] :1:1: Premature end of file.
2026-05-19 01:02:14,746 [ERROR] LogOutputStream:75 - [STDERR_REDIRECT] 
2026-05-19 01:02:15,771 [ERROR] LogOutputStream:75 - [STDERR_REDIRECT] [Fatal Error] :1:1: Premature end of file.
2026-05-19 01:02:15,771 [ERROR] LogOutputStream:75 - [STDERR_REDIRECT] 
2026-05-19 01:02:16,766 [ERROR] LogOutputStream:75 - [STDERR_REDIRECT] [Fatal Error] :1:1: Premature end of file.
2026-05-19 01:02:16,767 [ERROR] LogOutputStream:75 - [STDERR_REDIRECT] 
2026-05-19 01:02:17,777 [ERROR] LogOutputStream:75 - [STDERR_REDIRECT] [Fatal Error] :1:1: Premature end of file.
2026-05-19 01:02:17,778 [ERROR] LogOutputStream:75 - [STDERR_REDIRECT] 
2026-05-19 01:02:18,770 [ERROR] LogOutputStream:75 - [STDERR_REDIRECT] [Fatal Error] :1:1: Premature end of file.
2026-05-19 01:02:18,770 [ERROR] LogOutputStream:75 - [STDERR_REDIRECT] 
2026-05-19 01:02:19,770 [ERROR] LogOutputStream:75 - [STDERR_REDIRECT] [Fatal Error] :1:1: Premature end of file.
2026-05-19 01:02:19,771 [ERROR] LogOutputStream:75 - [STDERR_REDIRECT] 
2026-05-19 01:02:20,770 [ERROR] LogOutputStream:75 - [STDERR_REDIRECT] [Fatal Error] :1:1: Premature end of file.
2026-05-19 01:02:20,771 [ERROR] LogOutputStream:75 - [STDERR_REDIRECT] 
2026-05-19 01:02:21,792 [ERROR] LogOutputStream:75 - [STDERR_REDIRECT] [Fatal Error] :1:1: Premature end of file.
2026-05-19 01:02:21,792 [ERROR] LogOutputStream:75 - [STDERR_REDIRECT] 
2026-05-19 01:02:22,779 [ERROR] LogOutputStream:75 - [STDERR_REDIRECT] [Fatal Error] :1:1: Premature end of file.
2026-05-19 01:02:22,780 [ERROR] LogOutputStream:75 - [STDERR_REDIRECT] 
2026-05-19 01:02:23,738 [ERROR] LogOutputStream:75 - [STDERR_REDIRECT] [Fatal Error] :1:1: Premature end of file.
2026-05-19 01:02:23,739 [ERROR] LogOutputStream:75 - [STDERR_REDIRECT] 
2026-05-19 01:02:24,752 [ERROR] LogOutputStream:75 - [STDERR_REDIRECT] [Fatal Error] :1:1: Premature end of file.
2026-05-19 01:02:24,753 [ERROR] LogOutputStream:75 - [STDERR_REDIRECT] 
2026-05-19 01:02:25,779 [ERROR] LogOutputStream:75 - [STDERR_REDIRECT] [Fatal Error] :1:1: Premature end of file.
2026-05-19 01:02:25,779 [ERROR] LogOutputStream:75 - [STDERR_REDIRECT] 
2026-05-19 01:02:26,754 [ERROR] LogOutputStream:75 - [STDERR_REDIRECT] [Fatal Error] :1:1: Premature end of file.
2026-05-19 01:02:26,754 [ERROR] LogOutputStream:75 - [STDERR_REDIRECT] 
2026-05-19 01:02:27,758 [ERROR] LogOutputStream:75 - [STDERR_REDIRECT] [Fatal Error] :1:1: Premature end of file.
2026-05-19 01:02:27,758 [ERROR] LogOutputStream:75 - [STDERR_REDIRECT] 
2026-05-19 01:02:28,766 [ERROR] LogOutputStream:75 - [STDERR_REDIRECT] [Fatal Error] :1:1: Premature end of file.
2026-05-19 01:02:28,766 [ERROR] LogOutputStream:75 - [STDERR_REDIRECT] 
2026-05-19 01:02:29,776 [ERROR] LogOutputStream:75 - [STDERR_REDIRECT] [Fatal Error] :1:1: Premature end of file.
2026-05-19 01:02:29,776 [ERROR] LogOutputStream:75 - [STDERR_REDIRECT] 
2026-05-19 01:02:30,756 [ERROR] LogOutputStream:75 - [STDERR_REDIRECT] [Fatal Error] :1:1: Premature end of file.
2026-05-19 01:02:30,757 [ERROR] LogOutputStream:75 - [STDERR_REDIRECT] 
2026-05-19 01:02:31,764 [ERROR] LogOutputStream:75 - [STDERR_REDIRECT] [Fatal Error] :1:1: Premature end of file.
2026-05-19 01:02:31,765 [ERROR] LogOutputStream:75 - [STDERR_REDIRECT] 
2026-05-19 01:02:32,770 [ERROR] LogOutputStream:75 - [STDERR_REDIRECT] [Fatal Error] :1:1: Premature end of file.
2026-05-19 01:02:32,770 [ERROR] LogOutputStream:75 - [STDERR_REDIRECT] 
2026-05-19 01:02:33,776 [ERROR] LogOutputStream:75 - [STDERR_REDIRECT] [Fatal Error] :1:1: Premature end of file.
2026-05-19 01:02:33,776 [ERROR] LogOutputStream:75 - [STDERR_REDIRECT] 
2026-05-19 01:02:34,776 [ERROR] LogOutputStream:75 - [STDERR_REDIRECT] [Fatal Error] :1:1: Premature end of file.
2026-05-19 01:02:34,776 [ERROR] LogOutputStream:75 - [STDERR_REDIRECT] 
2026-05-19 01:02:35,778 [ERROR] LogOutputStream:75 - [STDERR_REDIRECT] [Fatal Error] :1:1: Premature end of file.
2026-05-19 01:02:35,778 [ERROR] LogOutputStream:75 - [STDERR_REDIRECT] 
2026-05-19 01:02:36,779 [ERROR] LogOutputStream:75 - [STDERR_REDIRECT] [Fatal Error] :1:1: Premature end of file.
2026-05-19 01:02:36,780 [ERROR] LogOutputStream:75 - [STDERR_REDIRECT] 
2026-05-19 01:02:37,746 [ERROR] LogOutputStream:75 - [STDERR_REDIRECT] [Fatal Error] :1:1: Premature end of file.
2026-05-19 01:02:37,746 [ERROR] LogOutputStream:75 - [STDERR_REDIRECT] 
2026-05-19 01:02:38,760 [ERROR] LogOutputStream:75 - [STDERR_REDIRECT] [Fatal Error] :1:1: Premature end of file.
2026-05-19 01:02:38,761 [ERROR] LogOutputStream:75 - [STDERR_REDIRECT] 
2026-05-19 01:02:39,761 [ERROR] LogOutputStream:75 - [STDERR_REDIRECT] [Fatal Error] :1:1: Premature end of file.
2026-05-19 01:02:39,762 [ERROR] LogOutputStream:75 - [STDERR_REDIRECT] 
2026-05-19 01:02:40,767 [ERROR] LogOutputStream:75 - [STDERR_REDIRECT] [Fatal Error] :1:1: Premature end of file.
2026-05-19 01:02:40,767 [ERROR] LogOutputStream:75 - [STDERR_REDIRECT] 
2026-05-19 01:02:41,751 [ERROR] LogOutputStream:75 - [STDERR_REDIRECT] [Fatal Error] :1:1: Premature end of file.
2026-05-19 01:02:41,751 [ERROR] LogOutputStream:75 - [STDERR_REDIRECT] 
2026-05-19 01:02:42,813 [ERROR] LogOutputStream:75 - [STDERR_REDIRECT] [Fatal Error] :1:1: Premature end of file.
2026-05-19 01:02:42,814 [ERROR] LogOutputStream:75 - [STDERR_REDIRECT] 
2026-05-19 01:02:43,785 [ERROR] LogOutputStream:75 - [STDERR_REDIRECT] [Fatal Error] :1:1: Premature end of file.
2026-05-19 01:02:43,786 [ERROR] LogOutputStream:75 - [STDERR_REDIRECT] 
2026-05-19 01:02:44,774 [ERROR] LogOutputStream:75 - [STDERR_REDIRECT] [Fatal Error] :1:1: Premature end of file.
2026-05-19 01:02:44,774 [ERROR] LogOutputStream:75 - [STDERR_REDIRECT] 
2026-05-19 01:02:45,756 [ERROR] LogOutputStream:75 - [STDERR_REDIRECT] [Fatal Error] :1:1: Premature end of file.
2026-05-19 01:02:45,756 [ERROR] LogOutputStream:75 - [STDERR_REDIRECT] 
2026-05-19 01:02:46,751 [ERROR] LogOutputStream:75 - [STDERR_REDIRECT] [Fatal Error] :1:1: Premature end of file.
2026-05-19 01:02:46,751 [ERROR] LogOutputStream:75 - [STDERR_REDIRECT] 
2026-05-19 01:02:47,759 [ERROR] LogOutputStream:75 - [STDERR_REDIRECT] [Fatal Error] :1:1: Premature end of file.
2026-05-19 01:02:47,759 [ERROR] LogOutputStream:75 - [STDERR_REDIRECT] 
2026-05-19 01:02:48,767 [ERROR] LogOutputStream:75 - [STDERR_REDIRECT] [Fatal Error] :1:1: Premature end of file.
2026-05-19 01:02:48,767 [ERROR] LogOutputStream:75 - [STDERR_REDIRECT] 
2026-05-19 01:02:49,758 [ERROR] LogOutputStream:75 - [STDERR_REDIRECT] [Fatal Error] :1:1: Premature end of file.
2026-05-19 01:02:49,759 [ERROR] LogOutputStream:75 - [STDERR_REDIRECT] 
2026-05-19 01:02:50,763 [ERROR] LogOutputStream:75 - [STDERR_REDIRECT] [Fatal Error] :1:1: Premature end of file.
2026-05-19 01:02:50,763 [ERROR] LogOutputStream:75 - [STDERR_REDIRECT] 
2026-05-19 01:02:51,772 [ERROR] LogOutputStream:75 - [STDERR_REDIRECT] [Fatal Error] :1:1: Premature end of file.
2026-05-19 01:02:51,772 [ERROR] LogOutputStream:75 - [STDERR_REDIRECT] 
2026-05-19 01:02:52,752 [ERROR] LogOutputStream:75 - [STDERR_REDIRECT] [Fatal Error] :1:1: Premature end of file.
2026-05-19 01:02:52,752 [ERROR] LogOutputStream:75 - [STDERR_REDIRECT] 
2026-05-19 01:02:53,730 [ERROR] LogOutputStream:75 - [STDERR_REDIRECT] [Fatal Error] :1:1: Premature end of file.
2026-05-19 01:02:53,731 [ERROR] LogOutputStream:75 - [STDERR_REDIRECT] 
2026-05-19 01:02:54,744 [ERROR] LogOutputStream:75 - [STDERR_REDIRECT] [Fatal Error] :1:1: Premature end of file.
2026-05-19 01:02:54,744 [ERROR] LogOutputStream:75 - [STDERR_REDIRECT] 
2026-05-19 01:02:55,774 [ERROR] LogOutputStream:75 - [STDERR_REDIRECT] [Fatal Error] :1:1: Premature end of file.
2026-05-19 01:02:55,774 [ERROR] LogOutputStream:75 - [STDERR_REDIRECT] 
2026-05-19 01:02:56,770 [ERROR] LogOutputStream:75 - [STDERR_REDIRECT] [Fatal Error] :1:1: Premature end of file.
2026-05-19 01:02:56,770 [ERROR] LogOutputStream:75 - [STDERR_REDIRECT] 
2026-05-19 01:02:57,787 [ERROR] LogOutputStream:75 - [STDERR_REDIRECT] [Fatal Error] :1:1: Premature end of file.
2026-05-19 01:02:57,788 [ERROR] LogOutputStream:75 - [STDERR_REDIRECT] 
2026-05-19 01:02:58,751 [ERROR] LogOutputStream:75 - [STDERR_REDIRECT] [Fatal Error] :1:1: Premature end of file.
2026-05-19 01:02:58,752 [ERROR] LogOutputStream:75 - [STDERR_REDIRECT] 
2026-05-19 01:02:59,763 [ERROR] LogOutputStream:75 - [STDERR_REDIRECT] [Fatal Error] :1:1: Premature end of file.
2026-05-19 01:02:59,764 [ERROR] LogOutputStream:75 - [STDERR_REDIRECT] 
2026-05-19 01:03:00,755 [ERROR] LogOutputStream:75 - [STDERR_REDIRECT] [Fatal Error] :1:1: Premature end of file.
2026-05-19 01:03:00,755 [ERROR] LogOutputStream:75 - [STDERR_REDIRECT] 
2026-05-19 01:03:01,788 [ERROR] LogOutputStream:75 - [STDERR_REDIRECT] [Fatal Error] :1:1: Premature end of file.
2026-05-19 01:03:01,788 [ERROR] LogOutputStream:75 - [STDERR_REDIRECT] 
2026-05-19 01:03:02,761 [ERROR] LogOutputStream:75 - [STDERR_REDIRECT] [Fatal Error] :1:1: Premature end of file.
2026-05-19 01:03:02,761 [ERROR] LogOutputStream:75 - [STDERR_REDIRECT] 
2026-05-19 01:03:03,348 [INFO] WebApp:194 - Connection lost
2026-05-19 01:03:03,557 [INFO] WebApp:191 - Connection restablished
2026-05-19 01:03:03,815 [ERROR] LogOutputStream:75 - [STDERR_REDIRECT] [Fatal Error] :1:1: Premature end of file.
2026-05-19 01:03:03,815 [ERROR] LogOutputStream:75 - [STDERR_REDIRECT] 
2026-05-19 01:03:04,765 [ERROR] LogOutputStream:75 - [STDERR_REDIRECT] [Fatal Error] :1:1: Premature end of file.
2026-05-19 01:03:04,766 [ERROR] LogOutputStream:75 - [STDERR_REDIRECT] 
2026-05-19 01:03:05,750 [ERROR] LogOutputStream:75 - [STDERR_REDIRECT] [Fatal Error] :1:1: Premature end of file.
2026-05-19 01:03:05,750 [ERROR] LogOutputStream:75 - [STDERR_REDIRECT] 
2026-05-19 01:03:06,762 [ERROR] LogOutputStream:75 - [STDERR_REDIRECT] [Fatal Error] :1:1: Premature end of file.
2026-05-19 01:03:06,762 [ERROR] LogOutputStream:75 - [STDERR_REDIRECT] 
2026-05-19 01:03:07,753 [ERROR] LogOutputStream:75 - [STDERR_REDIRECT] [Fatal Error] :1:1: Premature end of file.
2026-05-19 01:03:07,753 [ERROR] LogOutputStream:75 - [STDERR_REDIRECT] 
2026-05-19 01:03:08,764 [ERROR] LogOutputStream:75 - [STDERR_REDIRECT] [Fatal Error] :1:1: Premature end of file.
2026-05-19 01:03:08,764 [ERROR] LogOutputStream:75 - [STDERR_REDIRECT] 
2026-05-19 01:03:09,737 [ERROR] LogOutputStream:75 - [STDERR_REDIRECT] [Fatal Error] :1:1: Premature end of file.
2026-05-19 01:03:09,737 [ERROR] LogOutputStream:75 - [STDERR_REDIRECT] 
2026-05-19 01:03:10,743 [ERROR] LogOutputStream:75 - [STDERR_REDIRECT] [Fatal Error] :1:1: Premature end of file.
2026-05-19 01:03:10,743 [ERROR] LogOutputStream:75 - [STDERR_REDIRECT] 
2026-05-19 01:03:11,735 [ERROR] LogOutputStream:75 - [STDERR_REDIRECT] [Fatal Error] :1:1: Premature end of file.
2026-05-19 01:03:11,735 [ERROR] LogOutputStream:75 - [STDERR_REDIRECT] 
2026-05-19 01:03:12,735 [ERROR] LogOutputStream:75 - [STDERR_REDIRECT] [Fatal Error] :1:1: Premature end of file.
2026-05-19 01:03:12,735 [ERROR] LogOutputStream:75 - [STDERR_REDIRECT] 
2026-05-19 01:03:13,736 [ERROR] LogOutputStream:75 - [STDERR_REDIRECT] [Fatal Error] :1:1: Premature end of file.
2026-05-19 01:03:13,736 [ERROR] LogOutputStream:75 - [STDERR_REDIRECT] 
2026-05-19 01:03:14,750 [ERROR] LogOutputStream:75 - [STDERR_REDIRECT] [Fatal Error] :1:1: Premature end of file.
2026-05-19 01:03:14,751 [ERROR] LogOutputStream:75 - [STDERR_REDIRECT] 
2026-05-19 01:03:15,759 [ERROR] LogOutputStream:75 - [STDERR_REDIRECT] [Fatal Error] :1:1: Premature end of file.
2026-05-19 01:03:15,760 [ERROR] LogOutputStream:75 - [STDERR_REDIRECT] 
2026-05-19 01:03:16,749 [ERROR] LogOutputStream:75 - [STDERR_REDIRECT] [Fatal Error] :1:1: Premature end of file.
2026-05-19 01:03:16,749 [ERROR] LogOutputStream:75 - [STDERR_REDIRECT] 
2026-05-19 01:03:17,759 [ERROR] LogOutputStream:75 - [STDERR_REDIRECT] [Fatal Error] :1:1: Premature end of file.
2026-05-19 01:03:17,759 [ERROR] LogOutputStream:75 - [STDERR_REDIRECT] 
2026-05-19 01:03:18,763 [ERROR] LogOutputStream:75 - [STDERR_REDIRECT] [Fatal Error] :1:1: Premature end of file.
2026-05-19 01:03:18,763 [ERROR] LogOutputStream:75 - [STDERR_REDIRECT] 
2026-05-19 01:03:19,742 [ERROR] LogOutputStream:75 - [STDERR_REDIRECT] [Fatal Error] :1:1: Premature end of file.
2026-05-19 01:03:19,742 [ERROR] LogOutputStream:75 - [STDERR_REDIRECT] 
2026-05-19 01:03:20,766 [ERROR] LogOutputStream:75 - [STDERR_REDIRECT] [Fatal Error] :1:1: Premature end of file.
2026-05-19 01:03:20,766 [ERROR] LogOutputStream:75 - [STDERR_REDIRECT] 
2026-05-19 01:03:21,753 [ERROR] LogOutputStream:75 - [STDERR_REDIRECT] [Fatal Error] :1:1: Premature end of file.
2026-05-19 01:03:21,753 [ERROR] LogOutputStream:75 - [STDERR_REDIRECT] 
2026-05-19 01:03:22,767 [ERROR] LogOutputStream:75 - [STDERR_REDIRECT] [Fatal Error] :1:1: Premature end of file.
2026-05-19 01:03:22,767 [ERROR] LogOutputStream:75 - [STDERR_REDIRECT] 
2026-05-19 01:03:23,740 [ERROR] LogOutputStream:75 - [STDERR_REDIRECT] [Fatal Error] :1:1: Premature end of file.
2026-05-19 01:03:23,740 [ERROR] LogOutputStream:75 - [STDERR_REDIRECT] 
2026-05-19 01:03:24,754 [ERROR] LogOutputStream:75 - [STDERR_REDIRECT] [Fatal Error] :1:1: Premature end of file.
2026-05-19 01:03:24,755 [ERROR] LogOutputStream:75 - [STDERR_REDIRECT] 
2026-05-19 01:03:25,774 [ERROR] LogOutputStream:75 - [STDERR_REDIRECT] [Fatal Error] :1:1: Premature end of file.
2026-05-19 01:03:25,774 [ERROR] LogOutputStream:75 - [STDERR_REDIRECT] 
2026-05-19 01:03:26,779 [ERROR] LogOutputStream:75 - [STDERR_REDIRECT] [Fatal Error] :1:1: Premature end of file.
2026-05-19 01:03:26,780 [ERROR] LogOutputStream:75 - [STDERR_REDIRECT] 
2026-05-19 01:03:27,752 [ERROR] LogOutputStream:75 - [STDERR_REDIRECT] [Fatal Error] :1:1: Premature end of file.
2026-05-19 01:03:27,752 [ERROR] LogOutputStream:75 - [STDERR_REDIRECT] 
2026-05-19 01:03:28,746 [ERROR] LogOutputStream:75 - [STDERR_REDIRECT] [Fatal Error] :1:1: Premature end of file.
2026-05-19 01:03:28,746 [ERROR] LogOutputStream:75 - [STDERR_REDIRECT] 
2026-05-19 01:03:29,750 [ERROR] LogOutputStream:75 - [STDERR_REDIRECT] [Fatal Error] :1:1: Premature end of file.
2026-05-19 01:03:29,751 [ERROR] LogOutputStream:75 - [STDERR_REDIRECT] 
2026-05-19 01:03:30,751 [ERROR] LogOutputStream:75 - [STDERR_REDIRECT] [Fatal Error] :1:1: Premature end of file.
2026-05-19 01:03:30,751 [ERROR] LogOutputStream:75 - [STDERR_REDIRECT] 
2026-05-19 01:03:31,746 [ERROR] LogOutputStream:75 - [STDERR_REDIRECT] [Fatal Error] :1:1: Premature end of file.
2026-05-19 01:03:31,747 [ERROR] LogOutputStream:75 - [STDERR_REDIRECT] 
2026-05-19 01:03:32,754 [ERROR] LogOutputStream:75 - [STDERR_REDIRECT] [Fatal Error] :1:1: Premature end of file.
2026-05-19 01:03:32,754 [ERROR] LogOutputStream:75 - [STDERR_REDIRECT] 
2026-05-19 01:03:33,750 [ERROR] LogOutputStream:75 - [STDERR_REDIRECT] [Fatal Error] :1:1: Premature end of file.
2026-05-19 01:03:33,750 [ERROR] LogOutputStream:75 - [STDERR_REDIRECT] 
2026-05-19 01:03:34,769 [ERROR] LogOutputStream:75 - [STDERR_REDIRECT] [Fatal Error] :1:1: Premature end of file.
2026-05-19 01:03:34,770 [ERROR] LogOutputStream:75 - [STDERR_REDIRECT] 
2026-05-19 01:03:35,743 [ERROR] LogOutputStream:75 - [STDERR_REDIRECT] [Fatal Error] :1:1: Premature end of file.
2026-05-19 01:03:35,743 [ERROR] LogOutputStream:75 - [STDERR_REDIRECT] 
2026-05-19 01:03:36,752 [ERROR] LogOutputStream:75 - [STDERR_REDIRECT] [Fatal Error] :1:1: Premature end of file.
2026-05-19 01:03:36,752 [ERROR] LogOutputStream:75 - [STDERR_REDIRECT] 
2026-05-19 01:03:37,768 [ERROR] LogOutputStream:75 - [STDERR_REDIRECT] [Fatal Error] :1:1: Premature end of file.
2026-05-19 01:03:37,768 [ERROR] LogOutputStream:75 - [STDERR_REDIRECT] 
2026-05-19 01:03:38,758 [ERROR] LogOutputStream:75 - [STDERR_REDIRECT] [Fatal Error] :1:1: Premature end of file.
2026-05-19 01:03:38,759 [ERROR] LogOutputStream:75 - [STDERR_REDIRECT] 
2026-05-19 01:03:39,791 [ERROR] LogOutputStream:75 - [STDERR_REDIRECT] [Fatal Error] :1:1: Premature end of file.
2026-05-19 01:03:39,791 [ERROR] LogOutputStream:75 - [STDERR_REDIRECT] 
2026-05-19 01:03:40,745 [ERROR] LogOutputStream:75 - [STDERR_REDIRECT] [Fatal Error] :1:1: Premature end of file.
2026-05-19 01:03:40,745 [ERROR] LogOutputStream:75 - [STDERR_REDIRECT] 
2026-05-19 01:03:41,753 [ERROR] LogOutputStream:75 - [STDERR_REDIRECT] [Fatal Error] :1:1: Premature end of file.
2026-05-19 01:03:41,753 [ERROR] LogOutputStream:75 - [STDERR_REDIRECT] 
2026-05-19 01:03:42,750 [ERROR] LogOutputStream:75 - [STDERR_REDIRECT] [Fatal Error] :1:1: Premature end of file.
2026-05-19 01:03:42,750 [ERROR] LogOutputStream:75 - [STDERR_REDIRECT] 
2026-05-19 01:03:43,756 [ERROR] LogOutputStream:75 - [STDERR_REDIRECT] [Fatal Error] :1:1: Premature end of file.
2026-05-19 01:03:43,756 [ERROR] LogOutputStream:75 - [STDERR_REDIRECT] 
2026-05-19 01:03:44,753 [ERROR] LogOutputStream:75 - [STDERR_REDIRECT] [Fatal Error] :1:1: Premature end of file.
2026-05-19 01:03:44,754 [ERROR] LogOutputStream:75 - [STDERR_REDIRECT] 
2026-05-19 01:03:45,744 [ERROR] LogOutputStream:75 - [STDERR_REDIRECT] [Fatal Error] :1:1: Premature end of file.
2026-05-19 01:03:45,744 [ERROR] LogOutputStream:75 - [STDERR_REDIRECT] 
2026-05-19 01:03:46,751 [ERROR] LogOutputStream:75 - [STDERR_REDIRECT] [Fatal Error] :1:1: Premature end of file.
2026-05-19 01:03:46,751 [ERROR] LogOutputStream:75 - [STDERR_REDIRECT] 
2026-05-19 01:03:47,760 [ERROR] LogOutputStream:75 - [STDERR_REDIRECT] [Fatal Error] :1:1: Premature end of file.
2026-05-19 01:03:47,760 [ERROR] LogOutputStream:75 - [STDERR_REDIRECT] 
2026-05-19 01:03:48,759 [ERROR] LogOutputStream:75 - [STDERR_REDIRECT] [Fatal Error] :1:1: Premature end of file.
2026-05-19 01:03:48,760 [ERROR] LogOutputStream:75 - [STDERR_REDIRECT] 
2026-05-19 01:03:49,756 [ERROR] LogOutputStream:75 - [STDERR_REDIRECT] [Fatal Error] :1:1: Premature end of file.
2026-05-19 01:03:49,757 [ERROR] LogOutputStream:75 - [STDERR_REDIRECT] 
2026-05-19 01:03:50,797 [ERROR] LogOutputStream:75 - [STDERR_REDIRECT] [Fatal Error] :1:1: Premature end of file.
2026-05-19 01:03:50,797 [ERROR] LogOutputStream:75 - [STDERR_REDIRECT] 
2026-05-19 01:03:51,749 [ERROR] LogOutputStream:75 - [STDERR_REDIRECT] [Fatal Error] :1:1: Premature end of file.
2026-05-19 01:03:51,750 [ERROR] LogOutputStream:75 - [STDERR_REDIRECT] 
2026-05-19 01:03:52,770 [ERROR] LogOutputStream:75 - [STDERR_REDIRECT] [Fatal Error] :1:1: Premature end of file.
2026-05-19 01:03:52,771 [ERROR] LogOutputStream:75 - [STDERR_REDIRECT] 
2026-05-19 01:03:53,764 [ERROR] LogOutputStream:75 - [STDERR_REDIRECT] [Fatal Error] :1:1: Premature end of file.
2026-05-19 01:03:53,764 [ERROR] LogOutputStream:75 - [STDERR_REDIRECT] 
2026-05-19 01:03:54,752 [ERROR] LogOutputStream:75 - [STDERR_REDIRECT] [Fatal Error] :1:1: Premature end of file.
2026-05-19 01:03:54,752 [ERROR] LogOutputStream:75 - [STDERR_REDIRECT] 
2026-05-19 01:03:55,749 [ERROR] LogOutputStream:75 - [STDERR_REDIRECT] [Fatal Error] :1:1: Premature end of file.
2026-05-19 01:03:55,749 [ERROR] LogOutputStream:75 - [STDERR_REDIRECT] 
2026-05-19 01:03:56,745 [ERROR] LogOutputStream:75 - [STDERR_REDIRECT] [Fatal Error] :1:1: Premature end of file.
2026-05-19 01:03:56,745 [ERROR] LogOutputStream:75 - [STDERR_REDIRECT] 
2026-05-19 01:03:57,754 [ERROR] LogOutputStream:75 - [STDERR_REDIRECT] [Fatal Error] :1:1: Premature end of file.
2026-05-19 01:03:57,754 [ERROR] LogOutputStream:75 - [STDERR_REDIRECT] 
2026-05-19 01:03:58,754 [ERROR] LogOutputStream:75 - [STDERR_REDIRECT] [Fatal Error] :1:1: Premature end of file.
2026-05-19 01:03:58,754 [ERROR] LogOutputStream:75 - [STDERR_REDIRECT] 
2026-05-19 01:03:59,770 [ERROR] LogOutputStream:75 - [STDERR_REDIRECT] [Fatal Error] :1:1: Premature end of file.
2026-05-19 01:03:59,770 [ERROR] LogOutputStream:75 - [STDERR_REDIRECT] 
2026-05-19 01:04:00,769 [ERROR] LogOutputStream:75 - [STDERR_REDIRECT] [Fatal Error] :1:1: Premature end of file.
2026-05-19 01:04:00,769 [ERROR] LogOutputStream:75 - [STDERR_REDIRECT] 
2026-05-19 01:04:01,750 [ERROR] LogOutputStream:75 - [STDERR_REDIRECT] [Fatal Error] :1:1: Premature end of file.
2026-05-19 01:04:01,751 [ERROR] LogOutputStream:75 - [STDERR_REDIRECT] 
2026-05-19 01:04:02,742 [ERROR] LogOutputStream:75 - [STDERR_REDIRECT] [Fatal Error] :1:1: Premature end of file.
2026-05-19 01:04:02,742 [ERROR] LogOutputStream:75 - [STDERR_REDIRECT] 
2026-05-19 01:04:03,764 [ERROR] LogOutputStream:75 - [STDERR_REDIRECT] [Fatal Error] :1:1: Premature end of file.
2026-05-19 01:04:03,764 [ERROR] LogOutputStream:75 - [STDERR_REDIRECT] 
2026-05-19 01:04:04,742 [ERROR] LogOutputStream:75 - [STDERR_REDIRECT] [Fatal Error] :1:1: Premature end of file.
2026-05-19 01:04:04,743 [ERROR] LogOutputStream:75 - [STDERR_REDIRECT] 
2026-05-19 01:04:05,752 [ERROR] LogOutputStream:75 - [STDERR_REDIRECT] [Fatal Error] :1:1: Premature end of file.
2026-05-19 01:04:05,752 [ERROR] LogOutputStream:75 - [STDERR_REDIRECT] 
2026-05-19 01:04:06,763 [ERROR] LogOutputStream:75 - [STDERR_REDIRECT] [Fatal Error] :1:1: Premature end of file.
2026-05-19 01:04:06,763 [ERROR] LogOutputStream:75 - [STDERR_REDIRECT] 
2026-05-19 01:04:07,754 [ERROR] LogOutputStream:75 - [STDERR_REDIRECT] [Fatal Error] :1:1: Premature end of file.
2026-05-19 01:04:07,754 [ERROR] LogOutputStream:75 - [STDERR_REDIRECT] 
2026-05-19 01:04:08,780 [ERROR] LogOutputStream:75 - [STDERR_REDIRECT] [Fatal Error] :1:1: Premature end of file.
2026-05-19 01:04:08,780 [ERROR] LogOutputStream:75 - [STDERR_REDIRECT] 
2026-05-19 01:04:09,753 [ERROR] LogOutputStream:75 - [STDERR_REDIRECT] [Fatal Error] :1:1: Premature end of file.
2026-05-19 01:04:09,753 [ERROR] LogOutputStream:75 - [STDERR_REDIRECT] 
2026-05-19 01:04:10,747 [ERROR] LogOutputStream:75 - [STDERR_REDIRECT] [Fatal Error] :1:1: Premature end of file.
2026-05-19 01:04:10,747 [ERROR] LogOutputStream:75 - [STDERR_REDIRECT] 
2026-05-19 01:04:11,749 [ERROR] LogOutputStream:75 - [STDERR_REDIRECT] [Fatal Error] :1:1: Premature end of file.
2026-05-19 01:04:11,750 [ERROR] LogOutputStream:75 - [STDERR_REDIRECT] 
2026-05-19 01:04:12,745 [ERROR] LogOutputStream:75 - [STDERR_REDIRECT] [Fatal Error] :1:1: Premature end of file.
2026-05-19 01:04:12,745 [ERROR] LogOutputStream:75 - [STDERR_REDIRECT] 
2026-05-19 01:04:13,752 [ERROR] LogOutputStream:75 - [STDERR_REDIRECT] [Fatal Error] :1:1: Premature end of file.
2026-05-19 01:04:13,753 [ERROR] LogOutputStream:75 - [STDERR_REDIRECT] 
2026-05-19 01:04:14,766 [ERROR] LogOutputStream:75 - [STDERR_REDIRECT] [Fatal Error] :1:1: Premature end of file.
2026-05-19 01:04:14,766 [ERROR] LogOutputStream:75 - [STDERR_REDIRECT] 
2026-05-19 01:04:15,773 [ERROR] LogOutputStream:75 - [STDERR_REDIRECT] [Fatal Error] :1:1: Premature end of file.
2026-05-19 01:04:15,773 [ERROR] LogOutputStream:75 - [STDERR_REDIRECT] 
2026-05-19 01:04:16,787 [ERROR] LogOutputStream:75 - [STDERR_REDIRECT] [Fatal Error] :1:1: Premature end of file.
2026-05-19 01:04:16,787 [ERROR] LogOutputStream:75 - [STDERR_REDIRECT] 
2026-05-19 01:04:17,765 [ERROR] LogOutputStream:75 - [STDERR_REDIRECT] [Fatal Error] :1:1: Premature end of file.
2026-05-19 01:04:17,766 [ERROR] LogOutputStream:75 - [STDERR_REDIRECT] 
2026-05-19 01:04:18,742 [ERROR] LogOutputStream:75 - [STDERR_REDIRECT] [Fatal Error] :1:1: Premature end of file.
2026-05-19 01:04:18,743 [ERROR] LogOutputStream:75 - [STDERR_REDIRECT] 
2026-05-19 01:04:19,746 [ERROR] LogOutputStream:75 - [STDERR_REDIRECT] [Fatal Error] :1:1: Premature end of file.
2026-05-19 01:04:19,747 [ERROR] LogOutputStream:75 - [STDERR_REDIRECT] 
2026-05-19 01:04:20,758 [ERROR] LogOutputStream:75 - [STDERR_REDIRECT] [Fatal Error] :1:1: Premature end of file.
2026-05-19 01:04:20,758 [ERROR] LogOutputStream:75 - [STDERR_REDIRECT] 
2026-05-19 01:04:21,750 [ERROR] LogOutputStream:75 - [STDERR_REDIRECT] [Fatal Error] :1:1: Premature end of file.
2026-05-19 01:04:21,751 [ERROR] LogOutputStream:75 - [STDERR_REDIRECT] 
2026-05-19 01:04:22,753 [ERROR] LogOutputStream:75 - [STDERR_REDIRECT] [Fatal Error] :1:1: Premature end of file.
2026-05-19 01:04:22,753 [ERROR] LogOutputStream:75 - [STDERR_REDIRECT] 
2026-05-19 01:04:23,790 [ERROR] LogOutputStream:75 - [STDERR_REDIRECT] [Fatal Error] :1:1: Premature end of file.
2026-05-19 01:04:23,791 [ERROR] LogOutputStream:75 - [STDERR_REDIRECT] 
2026-05-19 01:04:24,768 [ERROR] LogOutputStream:75 - [STDERR_REDIRECT] [Fatal Error] :1:1: Premature end of file.
2026-05-19 01:04:24,768 [ERROR] LogOutputStream:75 - [STDERR_REDIRECT] 
2026-05-19 01:04:25,773 [ERROR] LogOutputStream:75 - [STDERR_REDIRECT] [Fatal Error] :1:1: Premature end of file.
2026-05-19 01:04:25,773 [ERROR] LogOutputStream:75 - [STDERR_REDIRECT] 
2026-05-19 01:04:26,773 [ERROR] LogOutputStream:75 - [STDERR_REDIRECT] [Fatal Error] :1:1: Premature end of file.
2026-05-19 01:04:26,773 [ERROR] LogOutputStream:75 - [STDERR_REDIRECT] 
2026-05-19 01:04:27,794 [ERROR] LogOutputStream:75 - [STDERR_REDIRECT] [Fatal Error] :1:1: Premature end of file.
2026-05-19 01:04:27,795 [ERROR] LogOutputStream:75 - [STDERR_REDIRECT] 
2026-05-19 01:04:28,762 [ERROR] LogOutputStream:75 - [STDERR_REDIRECT] [Fatal Error] :1:1: Premature end of file.
2026-05-19 01:04:28,763 [ERROR] LogOutputStream:75 - [STDERR_REDIRECT] 
2026-05-19 01:04:29,795 [ERROR] LogOutputStream:75 - [STDERR_REDIRECT] [Fatal Error] :1:1: Premature end of file.
2026-05-19 01:04:29,795 [ERROR] LogOutputStream:75 - [STDERR_REDIRECT] 
2026-05-19 01:04:30,754 [ERROR] LogOutputStream:75 - [STDERR_REDIRECT] [Fatal Error] :1:1: Premature end of file.
2026-05-19 01:04:30,755 [ERROR] LogOutputStream:75 - [STDERR_REDIRECT] 
2026-05-19 01:04:31,753 [ERROR] LogOutputStream:75 - [STDERR_REDIRECT] [Fatal Error] :1:1: Premature end of file.
2026-05-19 01:04:31,753 [ERROR] LogOutputStream:75 - [STDERR_REDIRECT] 
2026-05-19 01:04:32,755 [ERROR] LogOutputStream:75 - [STDERR_REDIRECT] [Fatal Error] :1:1: Premature end of file.
2026-05-19 01:04:32,755 [ERROR] LogOutputStream:75 - [STDERR_REDIRECT] 
2026-05-19 01:04:33,768 [ERROR] LogOutputStream:75 - [STDERR_REDIRECT] [Fatal Error] :1:1: Premature end of file.
2026-05-19 01:04:33,768 [ERROR] LogOutputStream:75 - [STDERR_REDIRECT] 
2026-05-19 01:04:34,783 [ERROR] LogOutputStream:75 - [STDERR_REDIRECT] [Fatal Error] :1:1: Premature end of file.
2026-05-19 01:04:34,784 [ERROR] LogOutputStream:75 - [STDERR_REDIRECT] 
2026-05-19 01:04:35,766 [ERROR] LogOutputStream:75 - [STDERR_REDIRECT] [Fatal Error] :1:1: Premature end of file.
2026-05-19 01:04:35,766 [ERROR] LogOutputStream:75 - [STDERR_REDIRECT] 
2026-05-19 01:04:36,762 [ERROR] LogOutputStream:75 - [STDERR_REDIRECT] [Fatal Error] :1:1: Premature end of file.
2026-05-19 01:04:36,762 [ERROR] LogOutputStream:75 - [STDERR_REDIRECT] 
2026-05-19 01:04:37,753 [ERROR] LogOutputStream:75 - [STDERR_REDIRECT] [Fatal Error] :1:1: Premature end of file.
2026-05-19 01:04:37,753 [ERROR] LogOutputStream:75 - [STDERR_REDIRECT] 
2026-05-19 01:04:38,766 [ERROR] LogOutputStream:75 - [STDERR_REDIRECT] [Fatal Error] :1:1: Premature end of file.
2026-05-19 01:04:38,766 [ERROR] LogOutputStream:75 - [STDERR_REDIRECT] 
2026-05-19 01:04:39,765 [ERROR] LogOutputStream:75 - [STDERR_REDIRECT] [Fatal Error] :1:1: Premature end of file.
2026-05-19 01:04:39,766 [ERROR] LogOutputStream:75 - [STDERR_REDIRECT] 
2026-05-19 01:04:40,759 [ERROR] LogOutputStream:75 - [STDERR_REDIRECT] [Fatal Error] :1:1: Premature end of file.
2026-05-19 01:04:40,759 [ERROR] LogOutputStream:75 - [STDERR_REDIRECT] 
2026-05-19 01:04:41,750 [ERROR] LogOutputStream:75 - [STDERR_REDIRECT] [Fatal Error] :1:1: Premature end of file.
2026-05-19 01:04:41,750 [ERROR] LogOutputStream:75 - [STDERR_REDIRECT] 
2026-05-19 01:04:42,744 [ERROR] LogOutputStream:75 - [STDERR_REDIRECT] [Fatal Error] :1:1: Premature end of file.
2026-05-19 01:04:42,745 [ERROR] LogOutputStream:75 - [STDERR_REDIRECT] 
2026-05-19 01:04:43,736 [ERROR] LogOutputStream:75 - [STDERR_REDIRECT] [Fatal Error] :1:1: Premature end of file.
2026-05-19 01:04:43,737 [ERROR] LogOutputStream:75 - [STDERR_REDIRECT] 
2026-05-19 01:04:44,752 [ERROR] LogOutputStream:75 - [STDERR_REDIRECT] [Fatal Error] :1:1: Premature end of file.
2026-05-19 01:04:44,753 [ERROR] LogOutputStream:75 - [STDERR_REDIRECT] 
2026-05-19 01:04:45,757 [ERROR] LogOutputStream:75 - [STDERR_REDIRECT] [Fatal Error] :1:1: Premature end of file.
2026-05-19 01:04:45,757 [ERROR] LogOutputStream:75 - [STDERR_REDIRECT] 
2026-05-19 01:04:46,777 [ERROR] LogOutputStream:75 - [STDERR_REDIRECT] [Fatal Error] :1:1: Premature end of file.
2026-05-19 01:04:46,778 [ERROR] LogOutputStream:75 - [STDERR_REDIRECT] 
2026-05-19 01:04:47,787 [ERROR] LogOutputStream:75 - [STDERR_REDIRECT] [Fatal Error] :1:1: Premature end of file.
2026-05-19 01:04:47,787 [ERROR] LogOutputStream:75 - [STDERR_REDIRECT] 
2026-05-19 01:04:48,778 [ERROR] LogOutputStream:75 - [STDERR_REDIRECT] [Fatal Error] :1:1: Premature end of file.
2026-05-19 01:04:48,778 [ERROR] LogOutputStream:75 - [STDERR_REDIRECT] 
2026-05-19 01:04:49,768 [ERROR] LogOutputStream:75 - [STDERR_REDIRECT] [Fatal Error] :1:1: Premature end of file.
2026-05-19 01:04:49,768 [ERROR] LogOutputStream:75 - [STDERR_REDIRECT] 
2026-05-19 01:04:50,742 [ERROR] LogOutputStream:75 - [STDERR_REDIRECT] [Fatal Error] :1:1: Premature end of file.
2026-05-19 01:04:50,742 [ERROR] LogOutputStream:75 - [STDERR_REDIRECT] 
2026-05-19 01:04:51,745 [ERROR] LogOutputStream:75 - [STDERR_REDIRECT] [Fatal Error] :1:1: Premature end of file.
2026-05-19 01:04:51,745 [ERROR] LogOutputStream:75 - [STDERR_REDIRECT] 
2026-05-19 01:04:52,811 [ERROR] LogOutputStream:75 - [STDERR_REDIRECT] [Fatal Error] :1:1: Premature end of file.
2026-05-19 01:04:52,812 [ERROR] LogOutputStream:75 - [STDERR_REDIRECT] 
2026-05-19 01:04:53,752 [ERROR] LogOutputStream:75 - [STDERR_REDIRECT] [Fatal Error] :1:1: Premature end of file.
2026-05-19 01:04:53,752 [ERROR] LogOutputStream:75 - [STDERR_REDIRECT] 
2026-05-19 01:04:54,765 [ERROR] LogOutputStream:75 - [STDERR_REDIRECT] [Fatal Error] :1:1: Premature end of file.
2026-05-19 01:04:54,765 [ERROR] LogOutputStream:75 - [STDERR_REDIRECT] 
2026-05-19 01:04:55,812 [ERROR] LogOutputStream:75 - [STDERR_REDIRECT] [Fatal Error] :1:1: Premature end of file.
2026-05-19 01:04:55,813 [ERROR] LogOutputStream:75 - [STDERR_REDIRECT] 
2026-05-19 01:04:56,765 [ERROR] LogOutputStream:75 - [STDERR_REDIRECT] [Fatal Error] :1:1: Premature end of file.
2026-05-19 01:04:56,765 [ERROR] LogOutputStream:75 - [STDERR_REDIRECT] 
2026-05-19 01:04:57,762 [ERROR] LogOutputStream:75 - [STDERR_REDIRECT] [Fatal Error] :1:1: Premature end of file.
2026-05-19 01:04:57,762 [ERROR] LogOutputStream:75 - [STDERR_REDIRECT] 
2026-05-19 01:04:58,762 [ERROR] LogOutputStream:75 - [STDERR_REDIRECT] [Fatal Error] :1:1: Premature end of file.
2026-05-19 01:04:58,762 [ERROR] LogOutputStream:75 - [STDERR_REDIRECT] 
2026-05-19 01:04:59,763 [ERROR] LogOutputStream:75 - [STDERR_REDIRECT] [Fatal Error] :1:1: Premature end of file.
2026-05-19 01:04:59,763 [ERROR] LogOutputStream:75 - [STDERR_REDIRECT] 
2026-05-19 01:05:00,761 [ERROR] LogOutputStream:75 - [STDERR_REDIRECT] [Fatal Error] :1:1: Premature end of file.
2026-05-19 01:05:00,761 [ERROR] LogOutputStream:75 - [STDERR_REDIRECT] 
2026-05-19 01:05:01,756 [ERROR] LogOutputStream:75 - [STDERR_REDIRECT] [Fatal Error] :1:1: Premature end of file.
2026-05-19 01:05:01,756 [ERROR] LogOutputStream:75 - [STDERR_REDIRECT] 
2026-05-19 01:05:02,767 [ERROR] LogOutputStream:75 - [STDERR_REDIRECT] [Fatal Error] :1:1: Premature end of file.
2026-05-19 01:05:02,767 [ERROR] LogOutputStream:75 - [STDERR_REDIRECT] 
2026-05-19 01:05:03,793 [ERROR] LogOutputStream:75 - [STDERR_REDIRECT] [Fatal Error] :1:1: Premature end of file.
2026-05-19 01:05:03,794 [ERROR] LogOutputStream:75 - [STDERR_REDIRECT] 
2026-05-19 01:05:04,790 [ERROR] LogOutputStream:75 - [STDERR_REDIRECT] [Fatal Error] :1:1: Premature end of file.
2026-05-19 01:05:04,790 [ERROR] LogOutputStream:75 - [STDERR_REDIRECT] 
2026-05-19 01:05:05,779 [ERROR] LogOutputStream:75 - [STDERR_REDIRECT] [Fatal Error] :1:1: Premature end of file.
2026-05-19 01:05:05,780 [ERROR] LogOutputStream:75 - [STDERR_REDIRECT] 
2026-05-19 01:05:06,780 [ERROR] LogOutputStream:75 - [STDERR_REDIRECT] [Fatal Error] :1:1: Premature end of file.
2026-05-19 01:05:06,780 [ERROR] LogOutputStream:75 - [STDERR_REDIRECT] 
2026-05-19 01:05:07,755 [ERROR] LogOutputStream:75 - [STDERR_REDIRECT] [Fatal Error] :1:1: Premature end of file.
2026-05-19 01:05:07,755 [ERROR] LogOutputStream:75 - [STDERR_REDIRECT] 
2026-05-19 01:05:08,754 [ERROR] LogOutputStream:75 - [STDERR_REDIRECT] [Fatal Error] :1:1: Premature end of file.
2026-05-19 01:05:08,754 [ERROR] LogOutputStream:75 - [STDERR_REDIRECT] 
2026-05-19 01:05:09,773 [ERROR] LogOutputStream:75 - [STDERR_REDIRECT] [Fatal Error] :1:1: Premature end of file.
2026-05-19 01:05:09,774 [ERROR] LogOutputStream:75 - [STDERR_REDIRECT] 
2026-05-19 01:05:10,765 [ERROR] LogOutputStream:75 - [STDERR_REDIRECT] [Fatal Error] :1:1: Premature end of file.
2026-05-19 01:05:10,766 [ERROR] LogOutputStream:75 - [STDERR_REDIRECT] 
2026-05-19 01:05:11,753 [ERROR] LogOutputStream:75 - [STDERR_REDIRECT] [Fatal Error] :1:1: Premature end of file.
2026-05-19 01:05:11,753 [ERROR] LogOutputStream:75 - [STDERR_REDIRECT] 
2026-05-19 01:05:12,757 [ERROR] LogOutputStream:75 - [STDERR_REDIRECT] [Fatal Error] :1:1: Premature end of file.
2026-05-19 01:05:12,757 [ERROR] LogOutputStream:75 - [STDERR_REDIRECT] 
2026-05-19 01:05:13,760 [ERROR] LogOutputStream:75 - [STDERR_REDIRECT] [Fatal Error] :1:1: Premature end of file.
2026-05-19 01:05:13,760 [ERROR] LogOutputStream:75 - [STDERR_REDIRECT] 
2026-05-19 01:05:14,765 [ERROR] LogOutputStream:75 - [STDERR_REDIRECT] [Fatal Error] :1:1: Premature end of file.
2026-05-19 01:05:14,765 [ERROR] LogOutputStream:75 - [STDERR_REDIRECT] 
2026-05-19 01:05:15,758 [ERROR] LogOutputStream:75 - [STDERR_REDIRECT] [Fatal Error] :1:1: Premature end of file.
2026-05-19 01:05:15,759 [ERROR] LogOutputStream:75 - [STDERR_REDIRECT] 
2026-05-19 01:05:16,756 [ERROR] LogOutputStream:75 - [STDERR_REDIRECT] [Fatal Error] :1:1: Premature end of file.
2026-05-19 01:05:16,756 [ERROR] LogOutputStream:75 - [STDERR_REDIRECT] 
2026-05-19 01:05:17,760 [ERROR] LogOutputStream:75 - [STDERR_REDIRECT] [Fatal Error] :1:1: Premature end of file.
2026-05-19 01:05:17,760 [ERROR] LogOutputStream:75 - [STDERR_REDIRECT] 
2026-05-19 01:05:18,748 [ERROR] LogOutputStream:75 - [STDERR_REDIRECT] [Fatal Error] :1:1: Premature end of file.
2026-05-19 01:05:18,748 [ERROR] LogOutputStream:75 - [STDERR_REDIRECT] 
2026-05-19 01:05:19,785 [ERROR] LogOutputStream:75 - [STDERR_REDIRECT] [Fatal Error] :1:1: Premature end of file.
2026-05-19 01:05:19,785 [ERROR] LogOutputStream:75 - [STDERR_REDIRECT] 
2026-05-19 01:05:20,777 [ERROR] LogOutputStream:75 - [STDERR_REDIRECT] [Fatal Error] :1:1: Premature end of file.
2026-05-19 01:05:20,777 [ERROR] LogOutputStream:75 - [STDERR_REDIRECT] 
2026-05-19 01:05:21,764 [ERROR] LogOutputStream:75 - [STDERR_REDIRECT] [Fatal Error] :1:1: Premature end of file.
2026-05-19 01:05:21,764 [ERROR] LogOutputStream:75 - [STDERR_REDIRECT] 
2026-05-19 01:05:22,765 [ERROR] LogOutputStream:75 - [STDERR_REDIRECT] [Fatal Error] :1:1: Premature end of file.
2026-05-19 01:05:22,766 [ERROR] LogOutputStream:75 - [STDERR_REDIRECT] 
2026-05-19 01:05:23,771 [ERROR] LogOutputStream:75 - [STDERR_REDIRECT] [Fatal Error] :1:1: Premature end of file.
2026-05-19 01:05:23,772 [ERROR] LogOutputStream:75 - [STDERR_REDIRECT] 
2026-05-19 01:05:24,752 [ERROR] LogOutputStream:75 - [STDERR_REDIRECT] [Fatal Error] :1:1: Premature end of file.
2026-05-19 01:05:24,752 [ERROR] LogOutputStream:75 - [STDERR_REDIRECT] 
2026-05-19 01:05:25,751 [ERROR] LogOutputStream:75 - [STDERR_REDIRECT] [Fatal Error] :1:1: Premature end of file.
2026-05-19 01:05:25,752 [ERROR] LogOutputStream:75 - [STDERR_REDIRECT] 
2026-05-19 01:05:26,766 [ERROR] LogOutputStream:75 - [STDERR_REDIRECT] [Fatal Error] :1:1: Premature end of file.
2026-05-19 01:05:26,768 [ERROR] LogOutputStream:75 - [STDERR_REDIRECT] 
2026-05-19 01:05:27,770 [ERROR] LogOutputStream:75 - [STDERR_REDIRECT] [Fatal Error] :1:1: Premature end of file.
2026-05-19 01:05:27,770 [ERROR] LogOutputStream:75 - [STDERR_REDIRECT] 
2026-05-19 01:05:28,765 [ERROR] LogOutputStream:75 - [STDERR_REDIRECT] [Fatal Error] :1:1: Premature end of file.
2026-05-19 01:05:28,765 [ERROR] LogOutputStream:75 - [STDERR_REDIRECT] 
2026-05-19 01:05:29,746 [ERROR] LogOutputStream:75 - [STDERR_REDIRECT] [Fatal Error] :1:1: Premature end of file.
2026-05-19 01:05:29,746 [ERROR] LogOutputStream:75 - [STDERR_REDIRECT] 
2026-05-19 01:05:30,764 [ERROR] LogOutputStream:75 - [STDERR_REDIRECT] [Fatal Error] :1:1: Premature end of file.
2026-05-19 01:05:30,764 [ERROR] LogOutputStream:75 - [STDERR_REDIRECT] 
2026-05-19 01:05:31,763 [ERROR] LogOutputStream:75 - [STDERR_REDIRECT] [Fatal Error] :1:1: Premature end of file.
2026-05-19 01:05:31,763 [ERROR] LogOutputStream:75 - [STDERR_REDIRECT] 
2026-05-19 01:05:32,761 [ERROR] LogOutputStream:75 - [STDERR_REDIRECT] [Fatal Error] :1:1: Premature end of file.
2026-05-19 01:05:32,762 [ERROR] LogOutputStream:75 - [STDERR_REDIRECT] 
2026-05-19 01:05:33,749 [ERROR] LogOutputStream:75 - [STDERR_REDIRECT] [Fatal Error] :1:1: Premature end of file.
2026-05-19 01:05:33,749 [ERROR] LogOutputStream:75 - [STDERR_REDIRECT] 
2026-05-19 01:05:34,762 [ERROR] LogOutputStream:75 - [STDERR_REDIRECT] [Fatal Error] :1:1: Premature end of file.
2026-05-19 01:05:34,763 [ERROR] LogOutputStream:75 - [STDERR_REDIRECT] 
2026-05-19 01:05:35,762 [ERROR] LogOutputStream:75 - [STDERR_REDIRECT] [Fatal Error] :1:1: Premature end of file.
2026-05-19 01:05:35,762 [ERROR] LogOutputStream:75 - [STDERR_REDIRECT] 
2026-05-19 01:05:36,775 [ERROR] LogOutputStream:75 - [STDERR_REDIRECT] [Fatal Error] :1:1: Premature end of file.
2026-05-19 01:05:36,776 [ERROR] LogOutputStream:75 - [STDERR_REDIRECT] 
2026-05-19 01:05:37,772 [ERROR] LogOutputStream:75 - [STDERR_REDIRECT] [Fatal Error] :1:1: Premature end of file.
2026-05-19 01:05:37,773 [ERROR] LogOutputStream:75 - [STDERR_REDIRECT] 
2026-05-19 01:05:38,764 [ERROR] LogOutputStream:75 - [STDERR_REDIRECT] [Fatal Error] :1:1: Premature end of file.
2026-05-19 01:05:38,764 [ERROR] LogOutputStream:75 - [STDERR_REDIRECT] 
2026-05-19 01:05:39,769 [ERROR] LogOutputStream:75 - [STDERR_REDIRECT] [Fatal Error] :1:1: Premature end of file.
2026-05-19 01:05:39,769 [ERROR] LogOutputStream:75 - [STDERR_REDIRECT] 
2026-05-19 01:05:40,777 [ERROR] LogOutputStream:75 - [STDERR_REDIRECT] [Fatal Error] :1:1: Premature end of file.
2026-05-19 01:05:40,777 [ERROR] LogOutputStream:75 - [STDERR_REDIRECT] 
2026-05-19 01:05:41,760 [ERROR] LogOutputStream:75 - [STDERR_REDIRECT] [Fatal Error] :1:1: Premature end of file.
2026-05-19 01:05:41,761 [ERROR] LogOutputStream:75 - [STDERR_REDIRECT] 
2026-05-19 01:05:42,758 [ERROR] LogOutputStream:75 - [STDERR_REDIRECT] [Fatal Error] :1:1: Premature end of file.
2026-05-19 01:05:42,759 [ERROR] LogOutputStream:75 - [STDERR_REDIRECT] 
2026-05-19 01:05:43,756 [ERROR] LogOutputStream:75 - [STDERR_REDIRECT] [Fatal Error] :1:1: Premature end of file.
2026-05-19 01:05:43,756 [ERROR] LogOutputStream:75 - [STDERR_REDIRECT] 
2026-05-19 01:05:44,763 [ERROR] LogOutputStream:75 - [STDERR_REDIRECT] [Fatal Error] :1:1: Premature end of file.
2026-05-19 01:05:44,763 [ERROR] LogOutputStream:75 - [STDERR_REDIRECT] 
2026-05-19 01:05:45,767 [ERROR] LogOutputStream:75 - [STDERR_REDIRECT] [Fatal Error] :1:1: Premature end of file.
2026-05-19 01:05:45,767 [ERROR] LogOutputStream:75 - [STDERR_REDIRECT] 
2026-05-19 01:05:46,772 [ERROR] LogOutputStream:75 - [STDERR_REDIRECT] [Fatal Error] :1:1: Premature end of file.
2026-05-19 01:05:46,773 [ERROR] LogOutputStream:75 - [STDERR_REDIRECT] 
2026-05-19 01:05:47,761 [ERROR] LogOutputStream:75 - [STDERR_REDIRECT] [Fatal Error] :1:1: Premature end of file.
2026-05-19 01:05:47,761 [ERROR] LogOutputStream:75 - [STDERR_REDIRECT] 
2026-05-19 01:05:48,768 [ERROR] LogOutputStream:75 - [STDERR_REDIRECT] [Fatal Error] :1:1: Premature end of file.
2026-05-19 01:05:48,768 [ERROR] LogOutputStream:75 - [STDERR_REDIRECT] 
2026-05-19 01:05:49,774 [ERROR] LogOutputStream:75 - [STDERR_REDIRECT] [Fatal Error] :1:1: Premature end of file.
2026-05-19 01:05:49,774 [ERROR] LogOutputStream:75 - [STDERR_REDIRECT] 
2026-05-19 01:05:50,758 [ERROR] LogOutputStream:75 - [STDERR_REDIRECT] [Fatal Error] :1:1: Premature end of file.
2026-05-19 01:05:50,759 [ERROR] LogOutputStream:75 - [STDERR_REDIRECT] 
2026-05-19 01:05:51,773 [ERROR] LogOutputStream:75 - [STDERR_REDIRECT] [Fatal Error] :1:1: Premature end of file.
2026-05-19 01:05:51,773 [ERROR] LogOutputStream:75 - [STDERR_REDIRECT] 
2026-05-19 01:05:52,760 [ERROR] LogOutputStream:75 - [STDERR_REDIRECT] [Fatal Error] :1:1: Premature end of file.
2026-05-19 01:05:52,760 [ERROR] LogOutputStream:75 - [STDERR_REDIRECT] 
2026-05-19 01:05:53,761 [ERROR] LogOutputStream:75 - [STDERR_REDIRECT] [Fatal Error] :1:1: Premature end of file.
2026-05-19 01:05:53,762 [ERROR] LogOutputStream:75 - [STDERR_REDIRECT] 
2026-05-19 01:05:54,767 [ERROR] LogOutputStream:75 - [STDERR_REDIRECT] [Fatal Error] :1:1: Premature end of file.
2026-05-19 01:05:54,767 [ERROR] LogOutputStream:75 - [STDERR_REDIRECT] 
2026-05-19 01:05:55,741 [ERROR] LogOutputStream:75 - [STDERR_REDIRECT] [Fatal Error] :1:1: Premature end of file.
2026-05-19 01:05:55,741 [ERROR] LogOutputStream:75 - [STDERR_REDIRECT] 
2026-05-19 01:05:56,746 [ERROR] LogOutputStream:75 - [STDERR_REDIRECT] [Fatal Error] :1:1: Premature end of file.
2026-05-19 01:05:56,746 [ERROR] LogOutputStream:75 - [STDERR_REDIRECT] 
2026-05-19 01:05:57,771 [ERROR] LogOutputStream:75 - [STDERR_REDIRECT] [Fatal Error] :1:1: Premature end of file.
2026-05-19 01:05:57,771 [ERROR] LogOutputStream:75 - [STDERR_REDIRECT] 
2026-05-19 01:05:58,774 [ERROR] LogOutputStream:75 - [STDERR_REDIRECT] [Fatal Error] :1:1: Premature end of file.
2026-05-19 01:05:58,774 [ERROR] LogOutputStream:75 - [STDERR_REDIRECT] 
2026-05-19 01:05:59,760 [ERROR] LogOutputStream:75 - [STDERR_REDIRECT] [Fatal Error] :1:1: Premature end of file.
2026-05-19 01:05:59,761 [ERROR] LogOutputStream:75 - [STDERR_REDIRECT] 
2026-05-19 01:06:00,761 [ERROR] LogOutputStream:75 - [STDERR_REDIRECT] [Fatal Error] :1:1: Premature end of file.
2026-05-19 01:06:00,762 [ERROR] LogOutputStream:75 - [STDERR_REDIRECT] 
2026-05-19 01:06:01,773 [ERROR] LogOutputStream:75 - [STDERR_REDIRECT] [Fatal Error] :1:1: Premature end of file.
2026-05-19 01:06:01,773 [ERROR] LogOutputStream:75 - [STDERR_REDIRECT] 
2026-05-19 01:06:02,752 [ERROR] LogOutputStream:75 - [STDERR_REDIRECT] [Fatal Error] :1:1: Premature end of file.
2026-05-19 01:06:02,752 [ERROR] LogOutputStream:75 - [STDERR_REDIRECT] 
2026-05-19 01:06:03,767 [ERROR] LogOutputStream:75 - [STDERR_REDIRECT] [Fatal Error] :1:1: Premature end of file.
2026-05-19 01:06:03,767 [ERROR] LogOutputStream:75 - [STDERR_REDIRECT] 
2026-05-19 01:06:04,770 [ERROR] LogOutputStream:75 - [STDERR_REDIRECT] [Fatal Error] :1:1: Premature end of file.
2026-05-19 01:06:04,770 [ERROR] LogOutputStream:75 - [STDERR_REDIRECT] 
2026-05-19 01:06:05,751 [ERROR] LogOutputStream:75 - [STDERR_REDIRECT] [Fatal Error] :1:1: Premature end of file.
2026-05-19 01:06:05,751 [ERROR] LogOutputStream:75 - [STDERR_REDIRECT] 
2026-05-19 01:06:06,759 [ERROR] LogOutputStream:75 - [STDERR_REDIRECT] [Fatal Error] :1:1: Premature end of file.
2026-05-19 01:06:06,759 [ERROR] LogOutputStream:75 - [STDERR_REDIRECT] 
2026-05-19 01:06:07,760 [ERROR] LogOutputStream:75 - [STDERR_REDIRECT] [Fatal Error] :1:1: Premature end of file.
2026-05-19 01:06:07,760 [ERROR] LogOutputStream:75 - [STDERR_REDIRECT] 
2026-05-19 01:06:08,759 [ERROR] LogOutputStream:75 - [STDERR_REDIRECT] [Fatal Error] :1:1: Premature end of file.
2026-05-19 01:06:08,759 [ERROR] LogOutputStream:75 - [STDERR_REDIRECT] 
2026-05-19 01:06:09,754 [ERROR] LogOutputStream:75 - [STDERR_REDIRECT] [Fatal Error] :1:1: Premature end of file.
2026-05-19 01:06:09,754 [ERROR] LogOutputStream:75 - [STDERR_REDIRECT] 
2026-05-19 01:06:10,751 [ERROR] LogOutputStream:75 - [STDERR_REDIRECT] [Fatal Error] :1:1: Premature end of file.
2026-05-19 01:06:10,752 [ERROR] LogOutputStream:75 - [STDERR_REDIRECT] 
2026-05-19 01:06:11,750 [ERROR] LogOutputStream:75 - [STDERR_REDIRECT] [Fatal Error] :1:1: Premature end of file.
2026-05-19 01:06:11,750 [ERROR] LogOutputStream:75 - [STDERR_REDIRECT] 
2026-05-19 01:06:12,749 [ERROR] LogOutputStream:75 - [STDERR_REDIRECT] [Fatal Error] :1:1: Premature end of file.
2026-05-19 01:06:12,749 [ERROR] LogOutputStream:75 - [STDERR_REDIRECT] 
2026-05-19 01:06:13,752 [ERROR] LogOutputStream:75 - [STDERR_REDIRECT] [Fatal Error] :1:1: Premature end of file.
2026-05-19 01:06:13,752 [ERROR] LogOutputStream:75 - [STDERR_REDIRECT] 
2026-05-19 01:06:14,762 [ERROR] LogOutputStream:75 - [STDERR_REDIRECT] [Fatal Error] :1:1: Premature end of file.
2026-05-19 01:06:14,763 [ERROR] LogOutputStream:75 - [STDERR_REDIRECT] 
2026-05-19 01:06:15,755 [ERROR] LogOutputStream:75 - [STDERR_REDIRECT] [Fatal Error] :1:1: Premature end of file.
2026-05-19 01:06:15,755 [ERROR] LogOutputStream:75 - [STDERR_REDIRECT] 
2026-05-19 01:06:16,759 [ERROR] LogOutputStream:75 - [STDERR_REDIRECT] [Fatal Error] :1:1: Premature end of file.
2026-05-19 01:06:16,759 [ERROR] LogOutputStream:75 - [STDERR_REDIRECT] 
2026-05-19 01:06:17,806 [ERROR] LogOutputStream:75 - [STDERR_REDIRECT] [Fatal Error] :1:1: Premature end of file.
2026-05-19 01:06:17,807 [ERROR] LogOutputStream:75 - [STDERR_REDIRECT] 
2026-05-19 01:06:18,762 [ERROR] LogOutputStream:75 - [STDERR_REDIRECT] [Fatal Error] :1:1: Premature end of file.
2026-05-19 01:06:18,762 [ERROR] LogOutputStream:75 - [STDERR_REDIRECT] 
2026-05-19 01:06:19,806 [ERROR] LogOutputStream:75 - [STDERR_REDIRECT] [Fatal Error] :1:1: Premature end of file.
2026-05-19 01:06:19,806 [ERROR] LogOutputStream:75 - [STDERR_REDIRECT] 
2026-05-19 01:06:20,767 [ERROR] LogOutputStream:75 - [STDERR_REDIRECT] [Fatal Error] :1:1: Premature end of file.
2026-05-19 01:06:20,768 [ERROR] LogOutputStream:75 - [STDERR_REDIRECT] 
2026-05-19 01:06:21,775 [ERROR] LogOutputStream:75 - [STDERR_REDIRECT] [Fatal Error] :1:1: Premature end of file.
2026-05-19 01:06:21,777 [ERROR] LogOutputStream:75 - [STDERR_REDIRECT] 
2026-05-19 01:06:22,779 [ERROR] LogOutputStream:75 - [STDERR_REDIRECT] [Fatal Error] :1:1: Premature end of file.
2026-05-19 01:06:22,779 [ERROR] LogOutputStream:75 - [STDERR_REDIRECT] 
2026-05-19 01:06:23,777 [ERROR] LogOutputStream:75 - [STDERR_REDIRECT] [Fatal Error] :1:1: Premature end of file.
2026-05-19 01:06:23,777 [ERROR] LogOutputStream:75 - [STDERR_REDIRECT] 
2026-05-19 01:06:24,768 [ERROR] LogOutputStream:75 - [STDERR_REDIRECT] [Fatal Error] :1:1: Premature end of file.
2026-05-19 01:06:24,769 [ERROR] LogOutputStream:75 - [STDERR_REDIRECT] 
2026-05-19 01:06:25,759 [ERROR] LogOutputStream:75 - [STDERR_REDIRECT] [Fatal Error] :1:1: Premature end of file.
2026-05-19 01:06:25,760 [ERROR] LogOutputStream:75 - [STDERR_REDIRECT] 
2026-05-19 01:06:26,718 [ERROR] LogOutputStream:75 - [STDERR_REDIRECT] [Fatal Error] :1:1: Premature end of file.
2026-05-19 01:06:26,718 [ERROR] LogOutputStream:75 - [STDERR_REDIRECT] 
2026-05-19 01:06:27,329 [INFO] WebApp:403 - JxBrowser engine has been closed 
2026-05-19 01:06:27,712 [ERROR] LogOutputStream:75 - [STDERR_REDIRECT] [Fatal Error] :1:1: Premature end of file.
2026-05-19 01:06:27,712 [ERROR] LogOutputStream:75 - [STDERR_REDIRECT] 
2026-05-19 01:06:28,714 [ERROR] LogOutputStream:75 - [STDERR_REDIRECT] [Fatal Error] :1:1: Premature end of file.
2026-05-19 01:06:28,714 [ERROR] LogOutputStream:75 - [STDERR_REDIRECT] 
2026-05-19 01:06:29,713 [ERROR] LogOutputStream:75 - [STDERR_REDIRECT] [Fatal Error] :1:1: Premature end of file.
2026-05-19 01:06:29,713 [ERROR] LogOutputStream:75 - [STDERR_REDIRECT] 
2026-05-19 01:06:30,712 [ERROR] LogOutputStream:75 - [STDERR_REDIRECT] [Fatal Error] :1:1: Premature end of file.
2026-05-19 01:06:30,712 [ERROR] LogOutputStream:75 - [STDERR_REDIRECT] 
2026-05-19 01:06:31,711 [ERROR] LogOutputStream:75 - [STDERR_REDIRECT] [Fatal Error] :1:1: Premature end of file.
2026-05-19 01:06:31,712 [ERROR] LogOutputStream:75 - [STDERR_REDIRECT] 
2026-05-19 01:06:32,712 [ERROR] LogOutputStream:75 - [STDERR_REDIRECT] [Fatal Error] :1:1: Premature end of file.
2026-05-19 01:06:32,712 [ERROR] LogOutputStream:75 - [STDERR_REDIRECT] 
2026-05-19 01:06:33,712 [ERROR] LogOutputStream:75 - [STDERR_REDIRECT] [Fatal Error] :1:1: Premature end of file.
2026-05-19 01:06:33,713 [ERROR] LogOutputStream:75 - [STDERR_REDIRECT] 
