2026-03-27 15:00:28,562 [INFO] Activator:176 - 


2026-03-27 15:00:28,563 [INFO] Activator:177 - !SESSION log4j initialized
2026-03-27 15:00:37,359 [INFO] LogOutputStream:77 - [STDOUT_REDIRECT] 
2026-03-27 16:12:24,171 [INFO] Activator:176 - 


2026-03-27 16:12:24,174 [INFO] Activator:177 - !SESSION log4j initialized
2026-03-27 16:12:32,792 [INFO] LogOutputStream:77 - [STDOUT_REDIRECT] 
2026-03-27 16:13:03,932 [INFO] ApplicationProperties:184 - Using Application install path: C:\ST\STM32CubeIDE_1.19.0\STM32CubeIDE\plugins\com.st.stm32cube.common.mx_6.15.0.202507011659
2026-03-27 16:13:03,972 [INFO] DbMcusXml:78 - Set database path to: C:\ST\STM32CubeIDE_1.19.0\STM32CubeIDE\plugins\com.st.stm32cube.common.mx_6.15.0.202507011659\\db\/mcu/
2026-03-27 16:13:03,972 [INFO] ApiDb:274 - Set plugin database path to: C:\ST\STM32CubeIDE_1.19.0\STM32CubeIDE\plugins\com.st.stm32cube.common.mx_6.15.0.202507011659\\db\/plugins/boardmanager/
2026-03-27 16:13:03,972 [WARN] ApiDb:259 - Overriding images path with different value:  => C:\ST\STM32CubeIDE_1.19.0\STM32CubeIDE\plugins\com.st.stm32cube.common.mx_6.15.0.202507011659\\db\/plugins/mcufinder/images/
2026-03-27 16:13:06,759 [WARN] ApiFinderProperties:113 - C:\Users\Mujaid\.stmcufinder\plugins\mcufinder\mcu\mcuFinder.mfd doesn't exist
2026-03-27 16:13:06,762 [INFO] ApiDb:250 - Set database path to: C:\Users\Mujaid\.stmcufinder\plugins\mcufinder//mcu/
2026-03-27 16:13:06,768 [INFO] DbMcusAds:125 - Set database path to: C:\Users\Mujaid\.stmcufinder\plugins\mcufinder//mcu/
2026-03-27 16:13:06,790 [INFO] CrossReferenceDbSqlite:203 - Set database path to: C:\Users\Mujaid\.stmcufinder\plugins\mcufinder//mcu/cs/
2026-03-27 16:13:07,005 [INFO] RulesReader:64 - Compatibility file has been processed (317 Rules)
2026-03-27 16:13:07,144 [INFO] DbMcusXml:78 - Set database path to: C:\ST\STM32CubeIDE_1.19.0\STM32CubeIDE\plugins\com.st.stm32cube.common.mx_6.15.0.202507011659\\db\/mcu/
2026-03-27 16:13:07,144 [INFO] ApiDb:274 - Set plugin database path to: C:\ST\STM32CubeIDE_1.19.0\STM32CubeIDE\plugins\com.st.stm32cube.common.mx_6.15.0.202507011659\\db\/plugins/boardmanager/
2026-03-27 16:13:07,144 [INFO] ApiDb:261 - Set plugin images path to: C:\ST\STM32CubeIDE_1.19.0\STM32CubeIDE\plugins\com.st.stm32cube.common.mx_6.15.0.202507011659\\db\/plugins/mcufinder/images/
2026-03-27 16:13:07,145 [WARN] DbFile:41 - Overriding database path with different value: C:\Users\Mujaid\.stmcufinder\plugins\mcufinder/ => C:\Users\Mujaid\.stmcufinder\plugins\mcufinder
2026-03-27 16:13:07,145 [INFO] ApiDb:250 - Set database path to: C:\Users\Mujaid\.stmcufinder\plugins\mcufinder//mcu/
2026-03-27 16:13:07,145 [WARN] DbFile:41 - Overriding database path with different value: C:\Users\Mujaid\.stmcufinder\plugins\mcufinder/ => C:\Users\Mujaid\.stmcufinder\plugins\mcufinder
2026-03-27 16:13:07,145 [INFO] DbMcusAds:125 - Set database path to: C:\Users\Mujaid\.stmcufinder\plugins\mcufinder//mcu/
2026-03-27 16:13:07,145 [WARN] DbFile:41 - Overriding database path with different value: C:\Users\Mujaid\.stmcufinder\plugins\mcufinder/ => C:\Users\Mujaid\.stmcufinder\plugins\mcufinder
2026-03-27 16:13:07,145 [WARN] DbFile:41 - Overriding database path with different value: C:\Users\Mujaid\.stmcufinder\plugins\mcufinder/ => C:\Users\Mujaid\.stmcufinder\plugins\mcufinder
2026-03-27 16:13:07,145 [INFO] CrossReferenceDbSqlite:203 - Set database path to: C:\Users\Mujaid\.stmcufinder\plugins\mcufinder//mcu/cs/
2026-03-27 16:13:07,294 [INFO] MainPanel:274 - HeapMemory: 268435456
2026-03-27 16:13:07,338 [INFO] McuFinderGlobals:63 - Set McuFinder mode to 2 (CubeIDE integrated)
2026-03-27 16:13:07,557 [INFO] DbMcusXml:78 - Set database path to: C:\ST\STM32CubeIDE_1.19.0\STM32CubeIDE\plugins\com.st.stm32cube.common.mx_6.15.0.202507011659\\db\/mcu/
2026-03-27 16:13:07,558 [INFO] ApiDb:274 - Set plugin database path to: C:\ST\STM32CubeIDE_1.19.0\STM32CubeIDE\plugins\com.st.stm32cube.common.mx_6.15.0.202507011659\\db\/plugins/boardmanager/
2026-03-27 16:13:07,559 [INFO] ApiDb:261 - Set plugin images path to: C:\ST\STM32CubeIDE_1.19.0\STM32CubeIDE\plugins\com.st.stm32cube.common.mx_6.15.0.202507011659\\db\/plugins/mcufinder/images/
2026-03-27 16:13:07,560 [WARN] DbFile:41 - Overriding database path with different value: C:\Users\Mujaid\.stmcufinder\plugins\mcufinder/ => C:\Users\Mujaid\.stmcufinder\plugins\mcufinder
2026-03-27 16:13:07,560 [INFO] ApiDb:250 - Set database path to: C:\Users\Mujaid\.stmcufinder\plugins\mcufinder//mcu/
2026-03-27 16:13:07,562 [WARN] DbFile:41 - Overriding database path with different value: C:\Users\Mujaid\.stmcufinder\plugins\mcufinder/ => C:\Users\Mujaid\.stmcufinder\plugins\mcufinder
2026-03-27 16:13:07,562 [INFO] DbMcusAds:125 - Set database path to: C:\Users\Mujaid\.stmcufinder\plugins\mcufinder//mcu/
2026-03-27 16:13:07,562 [WARN] DbFile:41 - Overriding database path with different value: C:\Users\Mujaid\.stmcufinder\plugins\mcufinder/ => C:\Users\Mujaid\.stmcufinder\plugins\mcufinder
2026-03-27 16:13:07,562 [WARN] DbFile:41 - Overriding database path with different value: C:\Users\Mujaid\.stmcufinder\plugins\mcufinder/ => C:\Users\Mujaid\.stmcufinder\plugins\mcufinder
2026-03-27 16:13:07,563 [INFO] CrossReferenceDbSqlite:203 - Set database path to: C:\Users\Mujaid\.stmcufinder\plugins\mcufinder//mcu/cs/
2026-03-27 16:13:07,623 [INFO] ApplicationProperties:184 - Using Application install path: C:\ST\STM32CubeIDE_1.19.0\STM32CubeIDE\plugins\com.st.stm32cube.common.mx_6.15.0.202507011659
2026-03-27 16:13:07,626 [INFO] PluginManage:196 - Search for loadable plugins [exclusion list=, ]
2026-03-27 16:13:07,629 [INFO] PluginManage:310 - Check plugin analytics
2026-03-27 16:13:07,914 [INFO] AnalyticsPlugin:253 - Accepted Software Licenses: 
2026-03-27 16:13:07,914 [INFO] AnalyticsPlugin:255 - Accepted CMSIS Pack Licenses: 
2026-03-27 16:13:07,915 [INFO] AnalyticsPlugin:257 - Accepted Firmware Licenses: 
2026-03-27 16:13:07,920 [INFO] PluginManage:359 - Loaded plugin analytics (category:tool,tabindex:-1)
2026-03-27 16:13:07,921 [INFO] PluginManage:310 - Check plugin cadmodel
2026-03-27 16:13:07,928 [INFO] CADModel:105 - Init CAD model plugin
2026-03-27 16:13:07,929 [INFO] PluginManage:359 - Loaded plugin cadmodel (category:power,tabindex:5)
2026-03-27 16:13:07,929 [INFO] PluginManage:310 - Check plugin clock
2026-03-27 16:13:07,945 [INFO] PluginManage:359 - Loaded plugin clock (category:base,tabindex:2)
2026-03-27 16:13:07,945 [INFO] PluginManage:310 - Check plugin ddr
2026-03-27 16:13:07,948 [INFO] PluginManage:359 - Loaded plugin ddr (category:tool,tabindex:6)
2026-03-27 16:13:07,948 [INFO] PluginManage:310 - Check plugin filemanager
2026-03-27 16:13:08,166 [INFO] PluginManage:359 - Loaded plugin filemanager (category:base,tabindex:10)
2026-03-27 16:13:08,166 [INFO] PluginManage:310 - Check plugin ipmanager
2026-03-27 16:13:08,178 [INFO] PluginManage:359 - Loaded plugin ipmanager (category:base,tabindex:5)
2026-03-27 16:13:08,179 [INFO] PluginManage:310 - Check plugin lpbam
2026-03-27 16:13:08,194 [INFO] PluginManage:359 - Loaded plugin lpbam (category:base,tabindex:0)
2026-03-27 16:13:08,194 [INFO] PluginManage:310 - Check plugin memorymap
2026-03-27 16:13:08,224 [INFO] PluginManage:359 - Loaded plugin memorymap (category:base,tabindex:4)
2026-03-27 16:13:08,226 [INFO] PluginManage:310 - Check plugin pinoutandconfiguration
2026-03-27 16:13:08,243 [INFO] PluginManage:359 - Loaded plugin pinoutandconfiguration (category:base,tabindex:1)
2026-03-27 16:13:08,243 [INFO] PluginManage:310 - Check plugin pinoutconfig
2026-03-27 16:13:08,403 [WARN] SupportedApi:132 - Cannot load RTOS API schema: s4s-elt-must-match.1: The content of 'definitions' must match (annotation?, (simpleType | complexType)?, (unique | key | keyref)*)). A problem was found starting at: attribute.
2026-03-27 16:13:08,633 [INFO] PluginManage:359 - Loaded plugin pinoutconfig (category:base,tabindex:0)
2026-03-27 16:13:08,633 [INFO] PluginManage:310 - Check plugin power
2026-03-27 16:13:08,658 [INFO] PluginManage:359 - Loaded plugin power (category:power,tabindex:4)
2026-03-27 16:13:08,658 [INFO] PluginManage:310 - Check plugin projectmanager
2026-03-27 16:13:08,695 [INFO] PluginManage:359 - Loaded plugin projectmanager (category:projectmanager,tabindex:4)
2026-03-27 16:13:08,695 [INFO] PluginManage:310 - Check plugin rif
2026-03-27 16:13:08,725 [INFO] PluginManage:359 - Loaded plugin rif (category:base,tabindex:3)
2026-03-27 16:13:08,726 [INFO] PluginManage:310 - Check plugin thirdparty
2026-03-27 16:13:08,987 [WARN] IntegrityCheckThread:84 - waiting for thirdparty lock release [integrity check]
2026-03-27 16:13:08,987 [INFO] PluginManage:359 - Loaded plugin thirdparty (category:base,tabindex:-1)
2026-03-27 16:13:08,987 [INFO] IntegrityCheckThread:86 - entering critical section [integrity check]
2026-03-27 16:13:08,987 [INFO] PluginManage:310 - Check plugin tools
2026-03-27 16:13:08,987 [INFO] ThirdPartyUpdaterWithRetryManager:70 - Updater plugin not ready yet. [1/15]
2026-03-27 16:13:08,995 [INFO] PluginManage:359 - Loaded plugin tools (category:base,tabindex:7)
2026-03-27 16:13:08,995 [INFO] PluginManage:310 - Check plugin tutovideos
2026-03-27 16:13:09,356 [INFO] PluginManage:359 - Loaded plugin tutovideos (category:base,tabindex:-1)
2026-03-27 16:13:09,356 [INFO] PluginManage:310 - Check plugin updater
2026-03-27 16:13:09,393 [INFO] PluginManage:359 - Loaded plugin updater (category:base,tabindex:12)
2026-03-27 16:13:09,394 [INFO] PluginManage:310 - Check plugin userauth
2026-03-27 16:13:09,403 [INFO] UserAuth:118 - Init User Auth plugin
2026-03-27 16:13:09,404 [INFO] PluginManage:359 - Loaded plugin userauth (category:base,tabindex:14)
2026-03-27 16:13:09,405 [INFO] PluginManage:283 - PluginManage : Loaded plugins [18]
2026-03-27 16:13:09,788 [INFO] PinOutPanel:1589 - setPackage(No Configuration,No Configuration)
2026-03-27 16:13:09,917 [INFO] CADModel:165 - CPN selected for project level
2026-03-27 16:13:09,917 [INFO] CADModel:114 - Register for checkConnection events
2026-03-27 16:13:09,951 [INFO] IPUIPlugin:80 - create IPUIPlugin
2026-03-27 16:13:09,951 [INFO] PluginManager:220 - loadIPPluginJar : add adc
2026-03-27 16:13:09,955 [INFO] IPUIPlugin:80 - create IPUIPlugin
2026-03-27 16:13:09,956 [INFO] PluginManager:220 - loadIPPluginJar : add aes
2026-03-27 16:13:09,959 [INFO] IPUIPlugin:80 - create IPUIPlugin
2026-03-27 16:13:09,959 [INFO] PluginManager:220 - loadIPPluginJar : add can
2026-03-27 16:13:09,962 [INFO] IPUIPlugin:80 - create IPUIPlugin
2026-03-27 16:13:09,962 [INFO] PluginManager:220 - loadIPPluginJar : add comp
2026-03-27 16:13:09,965 [INFO] IPUIPlugin:80 - create IPUIPlugin
2026-03-27 16:13:09,965 [INFO] PluginManager:220 - loadIPPluginJar : add cryp
2026-03-27 16:13:09,970 [INFO] IPUIPlugin:80 - create IPUIPlugin
2026-03-27 16:13:09,970 [INFO] PluginManager:220 - loadIPPluginJar : add ddr_ctrl_phy
2026-03-27 16:13:09,974 [INFO] IPUIPlugin:80 - create IPUIPlugin
2026-03-27 16:13:09,974 [INFO] PluginManager:220 - loadIPPluginJar : add dfsdm
2026-03-27 16:13:09,983 [INFO] IPUIPlugin:80 - create IPUIPlugin
2026-03-27 16:13:09,985 [INFO] PluginManager:220 - loadIPPluginJar : add dma
2026-03-27 16:13:09,988 [INFO] IPUIPlugin:80 - create IPUIPlugin
2026-03-27 16:13:09,988 [INFO] PluginManager:220 - loadIPPluginJar : add dma3
2026-03-27 16:13:09,992 [INFO] IPUIPlugin:80 - create IPUIPlugin
2026-03-27 16:13:09,992 [INFO] PluginManager:220 - loadIPPluginJar : add extmemmanager
2026-03-27 16:13:09,995 [INFO] IPUIPlugin:80 - create IPUIPlugin
2026-03-27 16:13:09,995 [INFO] PluginManager:220 - loadIPPluginJar : add fatfs
2026-03-27 16:13:10,000 [INFO] IPUIPlugin:80 - create IPUIPlugin
2026-03-27 16:13:10,000 [INFO] PluginManager:220 - loadIPPluginJar : add fmc
2026-03-27 16:13:10,010 [INFO] IPUIPlugin:80 - create IPUIPlugin
2026-03-27 16:13:10,010 [INFO] PluginManager:220 - loadIPPluginJar : add freertos
2026-03-27 16:13:10,011 [INFO] IPUIPlugin:80 - create IPUIPlugin
2026-03-27 16:13:10,011 [INFO] PluginManager:220 - loadIPPluginJar : add genericplugin
2026-03-27 16:13:10,015 [INFO] IPUIPlugin:80 - create IPUIPlugin
2026-03-27 16:13:10,015 [INFO] PluginManager:220 - loadIPPluginJar : add gfxmmu
2026-03-27 16:13:10,021 [INFO] IPUIPlugin:80 - create IPUIPlugin
2026-03-27 16:13:10,021 [INFO] PluginManager:220 - loadIPPluginJar : add gic
2026-03-27 16:13:10,026 [INFO] IPUIPlugin:80 - create IPUIPlugin
2026-03-27 16:13:10,026 [INFO] PluginManager:220 - loadIPPluginJar : add gpio
2026-03-27 16:13:10,029 [INFO] IPUIPlugin:80 - create IPUIPlugin
2026-03-27 16:13:10,030 [INFO] PluginManager:220 - loadIPPluginJar : add gtzc
2026-03-27 16:13:10,033 [INFO] IPUIPlugin:80 - create IPUIPlugin
2026-03-27 16:13:10,033 [INFO] PluginManager:220 - loadIPPluginJar : add hash
2026-03-27 16:13:10,036 [INFO] IPUIPlugin:80 - create IPUIPlugin
2026-03-27 16:13:10,036 [INFO] PluginManager:220 - loadIPPluginJar : add i2c
2026-03-27 16:13:10,039 [INFO] IPUIPlugin:80 - create IPUIPlugin
2026-03-27 16:13:10,039 [INFO] PluginManager:220 - loadIPPluginJar : add i2s
2026-03-27 16:13:10,042 [INFO] IPUIPlugin:80 - create IPUIPlugin
2026-03-27 16:13:10,042 [INFO] PluginManager:220 - loadIPPluginJar : add i3c
2026-03-27 16:13:10,047 [INFO] IPUIPlugin:80 - create IPUIPlugin
2026-03-27 16:13:10,047 [INFO] PluginManager:220 - loadIPPluginJar : add ipddr
2026-03-27 16:13:10,056 [INFO] IPUIPlugin:80 - create IPUIPlugin
2026-03-27 16:13:10,056 [INFO] PluginManager:220 - loadIPPluginJar : add linkedlist
2026-03-27 16:13:10,060 [INFO] IPUIPlugin:80 - create IPUIPlugin
2026-03-27 16:13:10,060 [INFO] PluginManager:220 - loadIPPluginJar : add lorawan
2026-03-27 16:13:10,062 [INFO] IPUIPlugin:80 - create IPUIPlugin
2026-03-27 16:13:10,062 [INFO] PluginManager:220 - loadIPPluginJar : add ltdc
2026-03-27 16:13:10,070 [INFO] IPUIPlugin:80 - create IPUIPlugin
2026-03-27 16:13:10,070 [INFO] PluginManager:220 - loadIPPluginJar : add mdma
2026-03-27 16:13:10,075 [INFO] IPUIPlugin:80 - create IPUIPlugin
2026-03-27 16:13:10,075 [INFO] PluginManager:220 - loadIPPluginJar : add nvic
2026-03-27 16:13:10,079 [INFO] IPUIPlugin:80 - create IPUIPlugin
2026-03-27 16:13:10,079 [INFO] PluginManager:220 - loadIPPluginJar : add opamp
2026-03-27 16:13:10,082 [INFO] IPUIPlugin:80 - create IPUIPlugin
2026-03-27 16:13:10,083 [INFO] PluginManager:220 - loadIPPluginJar : add openamp
2026-03-27 16:13:10,087 [INFO] IPUIPlugin:80 - create IPUIPlugin
2026-03-27 16:13:10,087 [INFO] PluginManager:220 - loadIPPluginJar : add pdm2pcm
2026-03-27 16:13:10,095 [INFO] IPUIPlugin:80 - create IPUIPlugin
2026-03-27 16:13:10,099 [INFO] PluginManager:220 - loadIPPluginJar : add plateformsettings
2026-03-27 16:13:10,102 [INFO] IPUIPlugin:80 - create IPUIPlugin
2026-03-27 16:13:10,102 [INFO] PluginManager:220 - loadIPPluginJar : add quadspi
2026-03-27 16:13:10,106 [INFO] IPUIPlugin:80 - create IPUIPlugin
2026-03-27 16:13:10,107 [INFO] PluginManager:220 - loadIPPluginJar : add radio
2026-03-27 16:13:10,112 [INFO] IPUIPlugin:80 - create IPUIPlugin
2026-03-27 16:13:10,112 [INFO] PluginManager:220 - loadIPPluginJar : add resmgrutility
2026-03-27 16:13:10,117 [INFO] IPUIPlugin:80 - create IPUIPlugin
2026-03-27 16:13:10,117 [INFO] PluginManager:220 - loadIPPluginJar : add sai
2026-03-27 16:13:10,120 [INFO] IPUIPlugin:80 - create IPUIPlugin
2026-03-27 16:13:10,122 [INFO] PluginManager:220 - loadIPPluginJar : add spi
2026-03-27 16:13:10,132 [INFO] IPUIPlugin:80 - create IPUIPlugin
2026-03-27 16:13:10,132 [INFO] PluginManager:220 - loadIPPluginJar : add stm32_wpan
2026-03-27 16:13:10,135 [INFO] IPUIPlugin:80 - create IPUIPlugin
2026-03-27 16:13:10,136 [INFO] PluginManager:220 - loadIPPluginJar : add tim
2026-03-27 16:13:10,141 [INFO] IPUIPlugin:80 - create IPUIPlugin
2026-03-27 16:13:10,141 [INFO] PluginManager:220 - loadIPPluginJar : add touchsensing
2026-03-27 16:13:10,145 [INFO] IPUIPlugin:80 - create IPUIPlugin
2026-03-27 16:13:10,146 [INFO] PluginManager:220 - loadIPPluginJar : add tracer_emb
2026-03-27 16:13:10,149 [INFO] IPUIPlugin:80 - create IPUIPlugin
2026-03-27 16:13:10,149 [INFO] PluginManager:220 - loadIPPluginJar : add ts
2026-03-27 16:13:10,152 [INFO] IPUIPlugin:80 - create IPUIPlugin
2026-03-27 16:13:10,152 [INFO] PluginManager:220 - loadIPPluginJar : add tsc
2026-03-27 16:13:10,155 [INFO] IPUIPlugin:80 - create IPUIPlugin
2026-03-27 16:13:10,156 [INFO] PluginManager:220 - loadIPPluginJar : add ucpd
2026-03-27 16:13:10,159 [INFO] IPUIPlugin:80 - create IPUIPlugin
2026-03-27 16:13:10,159 [INFO] PluginManager:220 - loadIPPluginJar : add usart
2026-03-27 16:13:10,165 [INFO] IPUIPlugin:80 - create IPUIPlugin
2026-03-27 16:13:10,165 [INFO] PluginManager:220 - loadIPPluginJar : add usbx
2026-03-27 16:13:10,324 [FATAL] Updater:351 - Updater called before beeing initialized
2026-03-27 16:13:10,373 [INFO] RulesReader:64 - Compatibility file has been processed (317 Rules)
2026-03-27 16:13:10,406 [INFO] RulesReader:64 - Compatibility file has been processed (317 Rules)
2026-03-27 16:13:10,438 [INFO] CADModel:165 - CPN selected for project level
2026-03-27 16:13:10,439 [INFO] CADModel:114 - Register for checkConnection events
2026-03-27 16:13:10,439 [FATAL] Updater:351 - Updater called before beeing initialized
2026-03-27 16:13:10,439 [ERROR] CADModel:125 - Updater not yet initialized, retry later 
2026-03-27 16:13:10,710 [FATAL] Updater:351 - Updater called before beeing initialized
2026-03-27 16:13:10,714 [INFO] CADModel:165 - CPN selected for project level
2026-03-27 16:13:10,714 [INFO] CADModel:114 - Register for checkConnection events
2026-03-27 16:13:10,714 [FATAL] Updater:351 - Updater called before beeing initialized
2026-03-27 16:13:10,714 [ERROR] CADModel:125 - Updater not yet initialized, retry later 
2026-03-27 16:13:10,717 [FATAL] Updater:351 - Updater called before beeing initialized
2026-03-27 16:13:10,859 [FATAL] Updater:351 - Updater called before beeing initialized
2026-03-27 16:13:10,864 [INFO] DbMcusAds:53 - JSON generation date=Thu Sep 30 12:25:09 IST 2021 (1632984909247)
2026-03-27 16:13:10,865 [FATAL] Updater:351 - Updater called before beeing initialized
2026-03-27 16:13:10,911 [WARN] DetailPanel:346 - Failed to get advertising image, set to default
2026-03-27 16:13:11,134 [FATAL] Updater:351 - Updater called before beeing initialized
2026-03-27 16:13:11,139 [FATAL] Updater:351 - Updater called before beeing initialized
2026-03-27 16:13:11,140 [FATAL] Updater:351 - Updater called before beeing initialized
2026-03-27 16:13:11,140 [WARN] DetailPanel:346 - Failed to get advertising image, set to default
2026-03-27 16:13:11,142 [FATAL] Updater:351 - Updater called before beeing initialized
2026-03-27 16:13:11,312 [ERROR] Updater:1198 - MainUpdater not yet initialized. External WinMGr cannot be set.
2026-03-27 16:13:11,317 [INFO] Updater:1134 - Updater Version found : 6.15.0
2026-03-27 16:13:11,364 [INFO] ApplicationProperties:184 - Using Application install path: C:\ST\STM32CubeIDE_1.19.0\STM32CubeIDE\plugins\com.st.stm32cube.common.mx_6.15.0.202507011659
2026-03-27 16:13:11,998 [INFO] ThirdPartyUpdaterWithRetryManager:70 - Updater plugin not ready yet. [2/15]
2026-03-27 16:13:13,024 [ERROR] LogOutputStream:75 - [STDERR_REDIRECT] Mar 27, 2026 4:13:13 PM java.util.prefs.WindowsPreferences <init>
2026-03-27 16:13:13,027 [ERROR] LogOutputStream:75 - [STDERR_REDIRECT] WARNING: Could not open/create prefs root node Software\JavaSoft\Prefs at root 0xffffffff80000002. Windows RegCreateKeyEx(...) returned error code 5.
2026-03-27 16:13:13,027 [ERROR] LogOutputStream:75 - [STDERR_REDIRECT] 
2026-03-27 16:13:13,098 [INFO] MainUpdater:525 - Copy updater definitions from MX database
2026-03-27 16:13:13,218 [INFO] MainUpdater:558 - Copy flag file definitions from MX database
2026-03-27 16:13:13,223 [INFO] MainUpdater:574 - Copy thirdparty index definitions from MX database
2026-03-27 16:13:13,223 [INFO] MainUpdater:593 - Copy default thirdparty db definitions from MX database
2026-03-27 16:13:14,063 [INFO] MainUpdater:2872 - connection check result : 10
2026-03-27 16:13:14,063 [INFO] MainUpdater:3604 - Updater definition file requires update
2026-03-27 16:13:14,063 [INFO] MainUpdater:289 - Updater Check For Update Now.
2026-03-27 16:13:14,072 [INFO] MicroXplorer:498 - Change Database Version : DB.6.0.150
2026-03-27 16:13:14,092 [INFO] McuFinderGlobals:63 - Set McuFinder mode to 2 (CubeIDE integrated)
2026-03-27 16:13:14,092 [INFO] UserAuth:171 - activating auth plugin
2026-03-27 16:13:14,106 [INFO] UserAuth:487 - Internet connection configuration mode: 1
2026-03-27 16:13:14,164 [INFO] JxBrowserEngine:152 - Initiate JxBrowser Engine with user profile folder
2026-03-27 16:13:14,223 [INFO] ServerAccessManage:452 - Complete download http(s) 200
2026-03-27 16:13:14,227 [INFO] ServerAccessManage:509 - Download File updaters.zip
2026-03-27 16:13:14,554 [INFO] FileExtend:248 - Unzip File : updaters.zip
2026-03-27 16:13:14,554 [INFO] FileExtend:263 - Standard Zip Deflate
2026-03-27 16:13:15,014 [WARN] MainUpdater:1193 - Updater busy. Cannot search thirdparties
2026-03-27 16:13:15,014 [INFO] ThirdPartyUpdaterWithRetryManager:96 - Updater plugin is busy. [1/15]
2026-03-27 16:13:15,902 [INFO] ServerAccessManage:452 - Complete download http(s) 200
2026-03-27 16:13:15,904 [INFO] ServerAccessManage:509 - Download File PacksControlFlags.xml
2026-03-27 16:13:16,278 [INFO] ServerAccessManage:452 - Complete download http(s) 200
2026-03-27 16:13:16,280 [INFO] ServerAccessManage:509 - Download File cubemx.pidx
2026-03-27 16:13:16,704 [INFO] ServerAccessManage:452 - Complete download http(s) 200
2026-03-27 16:13:16,707 [INFO] ServerAccessManage:509 - Download File STMicroelectronics.FP-ATR-ASTRA1.pdsc
2026-03-27 16:13:17,693 [INFO] ServerAccessManage:452 - Complete download http(s) 200
2026-03-27 16:13:17,695 [INFO] ServerAccessManage:509 - Download File STMicroelectronics.FP-ATR-SIGFOX1.pdsc
2026-03-27 16:13:18,017 [WARN] MainUpdater:1193 - Updater busy. Cannot search thirdparties
2026-03-27 16:13:18,017 [INFO] ThirdPartyUpdaterWithRetryManager:96 - Updater plugin is busy. [2/15]
2026-03-27 16:13:18,159 [INFO] ServerAccessManage:452 - Complete download http(s) 200
2026-03-27 16:13:18,160 [INFO] ServerAccessManage:509 - Download File STMicroelectronics.FP-SNS-STBOX1.pdsc
2026-03-27 16:13:19,064 [INFO] ServerAccessManage:452 - Complete download http(s) 200
2026-03-27 16:13:19,071 [INFO] ServerAccessManage:509 - Download File STMicroelectronics.FP-SNS-FLIGHT1.pdsc
2026-03-27 16:13:20,167 [INFO] ServerAccessManage:452 - Complete download http(s) 200
2026-03-27 16:13:20,167 [INFO] ServerAccessManage:509 - Download File STMicroelectronics.FP-SNS-MOTENV1.pdsc
2026-03-27 16:13:21,022 [WARN] MainUpdater:1193 - Updater busy. Cannot search thirdparties
2026-03-27 16:13:21,023 [INFO] ThirdPartyUpdaterWithRetryManager:96 - Updater plugin is busy. [3/15]
2026-03-27 16:13:21,590 [INFO] ServerAccessManage:452 - Complete download http(s) 200
2026-03-27 16:13:21,590 [INFO] ServerAccessManage:509 - Download File STMicroelectronics.FP-SNS-MOTENVWB1.pdsc
2026-03-27 16:13:22,454 [INFO] ServerAccessManage:452 - Complete download http(s) 200
2026-03-27 16:13:22,454 [INFO] ServerAccessManage:509 - Download File STMicroelectronics.FP-SNS-SMARTAG2.pdsc
2026-03-27 16:13:22,736 [INFO] ServerAccessManage:452 - Complete download http(s) 200
2026-03-27 16:13:22,742 [INFO] ServerAccessManage:509 - Download File STMicroelectronics.FP-SNS-STAIOTCFT.pdsc
2026-03-27 16:13:23,435 [INFO] ServerAccessManage:452 - Complete download http(s) 200
2026-03-27 16:13:24,033 [WARN] MainUpdater:1193 - Updater busy. Cannot search thirdparties
2026-03-27 16:13:24,070 [INFO] ServerAccessManage:509 - Download File STMicroelectronics.X-CUBE-AI.pdsc
2026-03-27 16:13:24,074 [INFO] ThirdPartyUpdaterWithRetryManager:96 - Updater plugin is busy. [4/15]
2026-03-27 16:13:27,083 [WARN] MainUpdater:1193 - Updater busy. Cannot search thirdparties
2026-03-27 16:13:27,084 [INFO] ThirdPartyUpdaterWithRetryManager:96 - Updater plugin is busy. [5/15]
2026-03-27 16:13:27,923 [INFO] ServerAccessManage:452 - Complete download http(s) 200
2026-03-27 16:13:27,925 [INFO] ServerAccessManage:509 - Download File STMicroelectronics.X-CUBE-ALS.pdsc
2026-03-27 16:13:29,104 [INFO] ServerAccessManage:452 - Complete download http(s) 200
2026-03-27 16:13:29,104 [INFO] ServerAccessManage:509 - Download File STMicroelectronics.X-CUBE-BLE1.pdsc
2026-03-27 16:13:30,090 [WARN] MainUpdater:1193 - Updater busy. Cannot search thirdparties
2026-03-27 16:13:30,090 [INFO] ThirdPartyUpdaterWithRetryManager:96 - Updater plugin is busy. [6/15]
2026-03-27 16:13:32,293 [ERROR] ServerAccessManage:1212 - Problem, file not found on Server
2026-03-27 16:13:32,433 [INFO] ServerAccessManage:452 - Complete download http(s) 200
2026-03-27 16:13:32,433 [INFO] ServerAccessManage:509 - Download File STMicroelectronics.X-CUBE-BLE2.pdsc
2026-03-27 16:13:33,136 [WARN] MainUpdater:1193 - Updater busy. Cannot search thirdparties
2026-03-27 16:13:33,136 [INFO] ThirdPartyUpdaterWithRetryManager:96 - Updater plugin is busy. [7/15]
2026-03-27 16:13:34,483 [INFO] ServerAccessManage:452 - Complete download http(s) 200
2026-03-27 16:13:35,385 [INFO] ServerAccessManage:509 - Download File STMicroelectronics.X-CUBE-BLEMGR.pdsc
2026-03-27 16:13:34,776 [INFO] MainUpdater:2872 - connection check result : 10
2026-03-27 16:13:36,149 [WARN] MainUpdater:1193 - Updater busy. Cannot search thirdparties
2026-03-27 16:13:36,150 [INFO] ThirdPartyUpdaterWithRetryManager:96 - Updater plugin is busy. [8/15]
2026-03-27 16:13:36,575 [ERROR] ServerAccessManage:1212 - Problem, file not found on Server
2026-03-27 16:13:38,344 [INFO] ServerAccessManage:452 - Complete download http(s) 200
2026-03-27 16:13:38,345 [INFO] ServerAccessManage:509 - Download File STMicroelectronics.X-CUBE-DISPLAY.pdsc
2026-03-27 16:13:39,150 [WARN] MainUpdater:1193 - Updater busy. Cannot search thirdparties
2026-03-27 16:13:39,614 [INFO] ServerAccessManage:452 - Complete download http(s) 200
2026-03-27 16:13:39,687 [INFO] ThirdPartyUpdaterWithRetryManager:96 - Updater plugin is busy. [9/15]
2026-03-27 16:13:39,687 [INFO] ServerAccessManage:509 - Download File STMicroelectronics.X-CUBE-DPOWER.pdsc
2026-03-27 16:13:41,613 [ERROR] ServerAccessManage:1212 - Problem, file not found on Server
2026-03-27 16:13:41,877 [ERROR] ServerAccessManage:1212 - Problem, file not found on Server
2026-03-27 16:13:42,583 [ERROR] ServerAccessManage:1212 - Problem, file not found on Server
2026-03-27 16:13:42,691 [WARN] MainUpdater:1193 - Updater busy. Cannot search thirdparties
2026-03-27 16:13:42,691 [INFO] ThirdPartyUpdaterWithRetryManager:96 - Updater plugin is busy. [10/15]
2026-03-27 16:13:43,218 [ERROR] ServerAccessManage:1212 - Problem, file not found on Server
2026-03-27 16:13:43,863 [ERROR] ServerAccessManage:1212 - Problem, file not found on Server
2026-03-27 16:13:44,506 [ERROR] ServerAccessManage:1212 - Problem, file not found on Server
2026-03-27 16:13:45,150 [ERROR] ServerAccessManage:1212 - Problem, file not found on Server
2026-03-27 16:13:45,442 [ERROR] ServerAccessManage:1212 - Problem, file not found on Server
2026-03-27 16:13:45,596 [INFO] WebApp:169 - Instantiating new browser for Auth
2026-03-27 16:13:45,704 [WARN] MainUpdater:1193 - Updater busy. Cannot search thirdparties
2026-03-27 16:13:45,705 [INFO] ThirdPartyUpdaterWithRetryManager:96 - Updater plugin is busy. [11/15]
2026-03-27 16:13:46,115 [ERROR] ServerAccessManage:1212 - Problem, file not found on Server
2026-03-27 16:13:46,749 [ERROR] ServerAccessManage:1212 - Problem, file not found on Server
2026-03-27 16:13:47,388 [ERROR] ServerAccessManage:1212 - Problem, file not found on Server
2026-03-27 16:13:47,710 [INFO] ServerAccessManage:452 - Complete download http(s) 200
2026-03-27 16:13:47,710 [INFO] ServerAccessManage:509 - Download File STMicroelectronics.X-CUBE-EEPRMA1.pdsc
2026-03-27 16:13:48,546 [INFO] WebApp:463 - Apply proxy settings
2026-03-27 16:13:48,547 [INFO] WebApp:548 - Chromium requires no authentication
2026-03-27 16:13:48,568 [INFO] WebApp:491 - Direct internet connection detected
2026-03-27 16:13:48,586 [ERROR] ServerAccessManage:1212 - Problem, file not found on Server
2026-03-27 16:13:48,607 [INFO] WebApp:900 - Register for checkConnection events
2026-03-27 16:13:48,607 [INFO] WebApp:463 - Apply proxy settings
2026-03-27 16:13:48,607 [INFO] WebApp:548 - Chromium requires no authentication
2026-03-27 16:13:48,608 [INFO] WebApp:491 - Direct internet connection detected
2026-03-27 16:13:48,706 [WARN] MainUpdater:1193 - Updater busy. Cannot search thirdparties
2026-03-27 16:13:48,706 [INFO] ThirdPartyUpdaterWithRetryManager:96 - Updater plugin is busy. [12/15]
2026-03-27 16:13:49,015 [INFO] WebApp:191 - Connection restablished
2026-03-27 16:13:49,041 [INFO] WebApp:225 - Starting web application
2026-03-27 16:13:49,041 [INFO] WebApp:593 - Web application path used C:\ST\STM32CubeIDE_1.19.0\STM32CubeIDE\plugins\com.st.stm32cube.common.mx_6.15.0.202507011659\db\plugins\mcufinder\reactClient1\index.html
2026-03-27 16:13:49,392 [ERROR] ServerAccessManage:1212 - Problem, file not found on Server
2026-03-27 16:13:49,955 [ERROR] LogOutputStream:75 - [STDERR_REDIRECT] [Fatal Error] :1:1: Premature end of file.
2026-03-27 16:13:49,956 [ERROR] LogOutputStream:75 - [STDERR_REDIRECT] 
2026-03-27 16:13:49,966 [INFO] ServerAccessManage:452 - Complete download http(s) 200
2026-03-27 16:13:49,967 [INFO] ServerAccessManage:509 - Download File STMicroelectronics.X-CUBE-FREERTOS.pdsc
2026-03-27 16:13:50,884 [ERROR] LogOutputStream:75 - [STDERR_REDIRECT] [Fatal Error] :1:1: Premature end of file.
2026-03-27 16:13:50,885 [ERROR] LogOutputStream:75 - [STDERR_REDIRECT] 
2026-03-27 16:13:51,342 [INFO] ServerAccessManage:452 - Complete download http(s) 200
2026-03-27 16:13:51,343 [INFO] ServerAccessManage:509 - Download File STMicroelectronics.X-CUBE-GNSS1.pdsc
2026-03-27 16:13:51,706 [WARN] MainUpdater:1193 - Updater busy. Cannot search thirdparties
2026-03-27 16:13:51,706 [INFO] ThirdPartyUpdaterWithRetryManager:96 - Updater plugin is busy. [13/15]
2026-03-27 16:13:51,875 [ERROR] LogOutputStream:75 - [STDERR_REDIRECT] [Fatal Error] :1:1: Premature end of file.
2026-03-27 16:13:51,875 [ERROR] LogOutputStream:75 - [STDERR_REDIRECT] 
2026-03-27 16:13:52,885 [ERROR] LogOutputStream:75 - [STDERR_REDIRECT] [Fatal Error] :1:1: Premature end of file.
2026-03-27 16:13:52,886 [ERROR] LogOutputStream:75 - [STDERR_REDIRECT] 
2026-03-27 16:13:53,889 [ERROR] LogOutputStream:75 - [STDERR_REDIRECT] [Fatal Error] :1:1: Premature end of file.
2026-03-27 16:13:53,889 [ERROR] LogOutputStream:75 - [STDERR_REDIRECT] 
2026-03-27 16:13:54,111 [ERROR] ServerAccessManage:1212 - Problem, file not found on Server
2026-03-27 16:13:54,707 [WARN] MainUpdater:1193 - Updater busy. Cannot search thirdparties
2026-03-27 16:13:54,707 [INFO] ThirdPartyUpdaterWithRetryManager:96 - Updater plugin is busy. [14/15]
2026-03-27 16:13:54,739 [ERROR] ServerAccessManage:1212 - Problem, file not found on Server
2026-03-27 16:13:54,894 [ERROR] LogOutputStream:75 - [STDERR_REDIRECT] [Fatal Error] :1:1: Premature end of file.
2026-03-27 16:13:54,894 [ERROR] LogOutputStream:75 - [STDERR_REDIRECT] 
2026-03-27 16:13:55,010 [ERROR] ServerAccessManage:1212 - Problem, file not found on Server
2026-03-27 16:13:55,633 [ERROR] ServerAccessManage:1212 - Problem, file not found on Server
2026-03-27 16:13:55,882 [ERROR] LogOutputStream:75 - [STDERR_REDIRECT] [Fatal Error] :1:1: Premature end of file.
2026-03-27 16:13:55,883 [ERROR] LogOutputStream:75 - [STDERR_REDIRECT] 
2026-03-27 16:13:56,354 [ERROR] ServerAccessManage:1212 - Problem, file not found on Server
2026-03-27 16:13:56,599 [INFO] ApiDb:581 - Connected to CubeFinder SQLite database (C:\Users\Mujaid\.stmcufinder\plugins\mcufinder\mcu\cube-finder-db.db)
2026-03-27 16:13:56,671 [ERROR] ServerAccessManage:1212 - Problem, file not found on Server
2026-03-27 16:13:56,714 [INFO] ApiDb:668 - CubeFinder database Data Model version=2.1
2026-03-27 16:13:56,714 [INFO] ApiDb:669 - CubeFinder database Configuration version=3.0.39
2026-03-27 16:13:56,715 [INFO] ApiDb:670 - CubeFinder database generation date=2025-06-24 (1750757100)
2026-03-27 16:13:56,715 [INFO] ApiDb:671 - CubeFinder database FW Pack versions=[FP-ATR-ASTRA1_V2.0.0, FP-SNS-FLIGHT1_V5.1.0, FP-SNS-MOTENV1_V5.0.0, FP-SNS-MOTENVWB1_V1.4.0, FP-SNS-SMARTAG2_V1.2.0, FP-SNS-STBOX1_V2.0.0, STM32Cube_FW_C0_V1.4.0, STM32Cube_FW_F4_V1.28.2, STM32Cube_FW_F7_V1.17.3, STM32Cube_FW_G0_V1.6.2, STM32Cube_FW_G4_V1.6.1, STM32Cube_FW_H5_V1.5.0, STM32Cube_FW_H7RS_V1.2.0, STM32Cube_FW_H7_V1.12.1, STM32Cube_FW_L0_V1.12.2, STM32Cube_FW_L4_V1.18.1, STM32Cube_FW_L5_V1.5.1, STM32Cube_FW_N6_V1.2.0, STM32Cube_FW_U0_V1.3.0, STM32Cube_FW_U3_V1.2.0, STM32Cube_FW_U5_V1.8.0, STM32Cube_FW_WB0_V1.3.0, STM32Cube_FW_WBA_V1.7.0, STM32Cube_FW_WB_V1.23.0, STM32Cube_FW_WL3_V1.2.0, STM32Cube_FW_WL_V1.3.1, X-CUBE-ALGOBUILD_V1.4.0, X-CUBE-ALS_V1.0.2, X-CUBE-AZRTOS-F4_V1.1.0, X-CUBE-AZRTOS-F7_V1.1.0, X-CUBE-AZRTOS-G0_V1.1.0, X-CUBE-AZRTOS-G4_V2.0.0, X-CUBE-AZRTOS-H7RS_V1.1.0, X-CUBE-AZRTOS-H7_V3.3.0, X-CUBE-AZRTOS-L4_V2.0.0, X-CUBE-AZRTOS-L5_V2.0.0, X-CUBE-AZRTOS-WB_V2.0.0, X-CUBE-AZRTOS-WL_V2.0.0, X-CUBE-BLE1_V7.1.0, X-CUBE-BLE2_V3.3.0, X-CUBE-BLEMGR_V4.0.0, X-CUBE-EEPRMA1_V5.1.0, X-CUBE-FREERTOS_V1.3.1, X-CUBE-GNSS1_V6.0.0, X-CUBE-MEMS1_V11.3.0, X-CUBE-NFC4_V3.0.0, X-CUBE-NFC7_V2.0.0, X-CUBE-SFXS2LP1_V4.0.0, X-CUBE-SUBG2_V5.0.0, X-CUBE-TOF1_V3.4.3]
2026-03-27 16:13:56,851 [INFO] ServerAccessManage:452 - Complete download http(s) 200
2026-03-27 16:13:56,852 [INFO] ServerAccessManage:509 - Download File STMicroelectronics.X-CUBE-ISPU.pdsc
2026-03-27 16:13:56,854 [ERROR] LogOutputStream:75 - [STDERR_REDIRECT] [Fatal Error] :1:1: Premature end of file.
2026-03-27 16:13:56,855 [ERROR] LogOutputStream:75 - [STDERR_REDIRECT] 
2026-03-27 16:13:57,562 [INFO] ServerAccessManage:452 - Complete download http(s) 200
2026-03-27 16:13:57,562 [INFO] ServerAccessManage:509 - Download File STMicroelectronics.X-CUBE-IPS.pdsc
2026-03-27 16:13:57,710 [WARN] MainUpdater:1193 - Updater busy. Cannot search thirdparties
2026-03-27 16:13:57,710 [INFO] ThirdPartyUpdaterWithRetryManager:96 - Updater plugin is busy. [15/15]
2026-03-27 16:13:57,710 [ERROR] IntegrityCheckThread:130 - Cannot retrieve database content from updater: error -1
2026-03-27 16:13:57,711 [INFO] ThirdParty:978 - Integrity check success = false
2026-03-27 16:13:57,711 [INFO] IntegrityCheckThread:100 - exiting critical section [integrity check]
2026-03-27 16:13:57,711 [INFO] IntegrityCheckThread:103 - End integrity checks thread
2026-03-27 16:13:57,861 [ERROR] LogOutputStream:75 - [STDERR_REDIRECT] [Fatal Error] :1:1: Premature end of file.
2026-03-27 16:13:57,862 [ERROR] LogOutputStream:75 - [STDERR_REDIRECT] 
2026-03-27 16:13:58,099 [INFO] ServerAccessManage:452 - Complete download http(s) 200
2026-03-27 16:13:58,099 [INFO] ServerAccessManage:509 - Download File STMicroelectronics.X-CUBE-MEMS1.pdsc
2026-03-27 16:13:58,851 [ERROR] LogOutputStream:75 - [STDERR_REDIRECT] [Fatal Error] :1:1: Premature end of file.
2026-03-27 16:13:58,851 [ERROR] LogOutputStream:75 - [STDERR_REDIRECT] 
2026-03-27 16:13:59,847 [ERROR] LogOutputStream:75 - [STDERR_REDIRECT] [Fatal Error] :1:1: Premature end of file.
2026-03-27 16:13:59,847 [ERROR] LogOutputStream:75 - [STDERR_REDIRECT] 
2026-03-27 16:14:00,650 [INFO] ApiDb:240 - Found 880 in-development CPN: [B-G473E-ZEST1S, B-WB1M-WPAN1, B-WBA5M-WPAN, B-WL5M-SUBG1, NUCLEO-C031C6, NUCLEO-C051C8, NUCLEO-C071RB, NUCLEO-C092RC, NUCLEO-H503RB, NUCLEO-H533RE, NUCLEO-H563ZI, NUCLEO-H7S3L8, NUCLEO-N657X0-Q, NUCLEO-U031R8, NUCLEO-U083RC, NUCLEO-U385RG-Q, NUCLEO-U545RE-Q, NUCLEO-U5A5ZJ-Q, NUCLEO-WB05KZ, NUCLEO-WB07CC, NUCLEO-WB09KE, NUCLEO-WBA52CG, NUCLEO-WBA55CG, NUCLEO-WL33CC1, NUCLEO-WL33CC2, STEVAL-PROTEUS1, STEVAL-SMARTAG2, STEVAL-STWINBX1, STM320518-EVAL, STM32C0116-DK, STM32C011D6Y3TR, STM32C011D6Y6TR, STM32C011F4P3, STM32C011F4P6, STM32C011F4U3, STM32C011F4U6TR, STM32C011F6P3, STM32C011F6P6, STM32C011F6U3, STM32C011F6U6TR, STM32C011J4M3, STM32C011J4M6, STM32C011J6M3, STM32C011J6M6, STM32C0316-DK, STM32C031C4T3, STM32C031C4T6, STM32C031C4U3, STM32C031C4U6, STM32C031C6T3, STM32C031C6T6, STM32C031C6U3, STM32C031C6U6, STM32C031F4P3, STM32C031F4P6, STM32C031F6P3, STM32C031F6P6, STM32C031G4U3, STM32C031G4U6, STM32C031G6U3, STM32C031G6U6, STM32C031K4T3, STM32C031K4T6, STM32C031K4U3, STM32C031K4U6, STM32C031K6T3, STM32C031K6T6, STM32C031K6U3, STM32C031K6U6, STM32C051C6T6, STM32C051C6U6, STM32C051C8T6, STM32C051C8U6, STM32C051D8Y6TR, STM32C051F6P6, STM32C051F8P6, STM32C051G6U6, STM32C051G8U6, STM32C051K6T6, STM32C051K6U6, STM32C051K8T6, STM32C071C8T6, STM32C071C8T6N, STM32C071C8U6, STM32C071C8U6N, STM32C071CBT6, STM32C071CBT6N, STM32C071CBU6, STM32C071CBU6N, STM32C071F8P6, STM32C071F8P6N, STM32C071FBP6, STM32C071FBP6N, STM32C071FBY6TR, STM32C071G8U6, STM32C071G8U6N, STM32C071GBU6, STM32C071GBU6N, STM32C071K8T6, STM32C071K8T6N, STM32C071K8U6, STM32C071K8U6N, STM32C071KBT6, STM32C071KBT6N, STM32C071KBU6, STM32C071KBU6N, STM32C071R8T6, STM32C071R8T6N, STM32C071RBI6N, STM32C071RBT6, STM32C071RBT6N, STM32C091CBT6, STM32C091CBU6, STM32C091CCT6, STM32C091CCU6, STM32C091ECY6TR, STM32C091FBP6, STM32C091FCP6, STM32C091GBU6, STM32C091GCU6, STM32C091KBT6, STM32C091KBU6, STM32C091KCT6, STM32C091KCU6, STM32C091RBT6, STM32C091RCI6, STM32C091RCT6, STM32C092CBT6, STM32C092CBU6, STM32C092CCT6, STM32C092CCU6, STM32C092ECY6TR, STM32C092FBP6, STM32C092FCP6, STM32C092GBU6, STM32C092GCU6, STM32C092KBT6, STM32C092KBU6, STM32C092KCT6, STM32C092KCU6, STM32C092RBT6, STM32C092RCI6, STM32C092RCT6, STM32G071K8TXN, STM32G071K8UXN, STM32G081GBU6N, STM32G081KBT6N, STM32G081KBUXN, STM32G0B1CCT6N, STM32G0B1KCT6, STM32G0B1NEY6TR, STM32G0B1RCT6N, STM32G0C1CCT6, STM32G0C1CCT6N, STM32G0C1CCU6N, STM32G0C1CET6N, STM32G0C1CEU6N, STM32G0C1KCT6, STM32G0C1NEY6TR, STM32G0C1RCI6N, STM32G0C1RCT6N, STM32G0C1REI6N, STM32G0C1RET6N, STM32G0C1VCI6, STM32G0C1VEI6, STM32G411C6T3, STM32G411C6T6, STM32G411C6U3, STM32G411C6U6, STM32G411C8T3, STM32G411C8T6, STM32G411C8U3, STM32G411C8U6, STM32G411CBT3, STM32G411CBT6, STM32G411CBU3, STM32G411CBU6, STM32G411K6T3, STM32G411K6T6, STM32G411K6U3, STM32G411K6U6, STM32G411K8T3, STM32G411K8T6, STM32G411K8U3, STM32G411K8U6, STM32G411KBT3, STM32G411KBT6, STM32G411KBU3, STM32G411KBU6, STM32G411M6T3, STM32G411M6T6, STM32G411M8T3, STM32G411M8T6, STM32G411MBT3, STM32G411MBT6, STM32G411R6T3, STM32G411R6T6, STM32G411R8T3, STM32G411R8T6, STM32G411RBT3, STM32G411RBT6, STM32G414CBT3, STM32G414CBT6, STM32G414CBU3, STM32G414CBU6, STM32G414CCT3, STM32G414CCT6, STM32G414CCU3, STM32G414CCU6, STM32G414MBT3, STM32G414MBT6, STM32G414MCT3, STM32G414MCT6, STM32G414RBT3, STM32G414RBT6, STM32G414RCT3, STM32G414RCT6, STM32G414VBT3, STM32G414VBT6, STM32G414VCT3, STM32G414VCT6, STM32G431CBT3Z, STM32G431RBT3Z, STM32G471CCT6, STM32G471CCU6, STM32G471CET3, STM32G471CET6, STM32G471CEU3, STM32G471CEU6, STM32G471MCT6, STM32G471MET3, STM32G471MET6, STM32G471MEY6TR, STM32G471QCT6, STM32G471QET3, STM32G471RCT6, STM32G471RET3, STM32G471RET6, STM32G471VCH6, STM32G471VCI6, STM32G471VCT6, STM32G471VEH3, STM32G471VEH6, STM32G471VEI3, STM32G471VEI6, STM32G471VET3, STM32G471VET6, STM32G473QET3Z, STM32G473RET3Z, STM32G474CCT6, STM32G491RET3Z, STM32H503CBT6, STM32H503CBU6, STM32H503EBY6TR, STM32H503KBU6, STM32H503RBT6, STM32H523CCT6, STM32H523CCU6, STM32H523CET6, STM32H523CEU6, STM32H523HEY6TR, STM32H523RCT6, STM32H523RET6, STM32H523VCI6, STM32H523VCT6, STM32H523VEI6, STM32H523VET6, STM32H523ZCJ6, STM32H523ZCT6, STM32H523ZEJ6, STM32H523ZET6, STM32H533CET6, STM32H533CEU6, STM32H533HEY6TR, STM32H533RET6, STM32H533VEI6, STM32H533VET6, STM32H533ZEJ6, STM32H533ZET6, STM32H562AGI6, STM32H562AII6, STM32H562IGK6, STM32H562IGT6, STM32H562IIK6, STM32H562IIT6, STM32H562RGT6, STM32H562RGV6, STM32H562RIT6, STM32H562RIV6, STM32H562VGT6, STM32H562VIT6, STM32H562ZGT6, STM32H562ZIT6, STM32H563AGI6, STM32H563AII3Q, STM32H563AII6, STM32H563IGK6, STM32H563IGT6, STM32H563IIK3Q, STM32H563IIK6, STM32H563IIT3Q, STM32H563IIT6, STM32H563MIY3QTR, STM32H563RGT6, STM32H563RGV6, STM32H563RIT6, STM32H563RIV6, STM32H563VGT6, STM32H563VIT3Q, STM32H563VIT6, STM32H563ZGT6, STM32H563ZIT3Q, STM32H563ZIT6, STM32H573AII3Q, STM32H573AII6, STM32H573I-DK, STM32H573IIK3Q, STM32H573IIK6, STM32H573IIT3Q, STM32H573IIT6, STM32H573MIY3QTR, STM32H573RIT6, STM32H573RIV6, STM32H573VIT3Q, STM32H573VIT6, STM32H573ZIT3Q, STM32H573ZIT6, STM32H7R3A8I6, STM32H7R3I8K6, STM32H7R3I8T6, STM32H7R3L8H6, STM32H7R3L8H6H, STM32H7R3R8V6, STM32H7R3V8H6, STM32H7R3V8T6, STM32H7R3V8Y6TR, STM32H7R3Z8J6, STM32H7R3Z8T6, STM32H7R7A8I6, STM32H7R7I8K6, STM32H7R7I8T6, STM32H7R7L8H6, STM32H7R7L8H6H, STM32H7R7Z8J6, STM32H7S3A8I6, STM32H7S3I8K6, STM32H7S3I8T6, STM32H7S3L8H6, STM32H7S3L8H6H, STM32H7S3R8V6, STM32H7S3V8H6, STM32H7S3V8T6, STM32H7S3V8Y6TR, STM32H7S3Z8J6, STM32H7S3Z8T6, STM32H7S78-DK, STM32H7S7A8I6, STM32H7S7I8K6, STM32H7S7I8T6, STM32H7S7L8H6, STM32H7S7L8H6H, STM32H7S7Z8J6, STM32L4R5QGI6STR, STM32MP131AAE3, STM32MP131AAF3, STM32MP131AAG3, STM32MP131CAE3, STM32MP131CAF3, STM32MP131CAG3, STM32MP131DAE7, STM32MP131DAF7, STM32MP131DAG7, STM32MP131FAE7, STM32MP131FAF7, STM32MP131FAG7, STM32MP133AAE3, STM32MP133AAF3, STM32MP133AAG3, STM32MP133CAE3, STM32MP133CAF3, STM32MP133CAG3, STM32MP133DAE7, STM32MP133DAF7, STM32MP133DAG7, STM32MP133FAE7, STM32MP133FAF7, STM32MP133FAG7, STM32MP135AAE3, STM32MP135AAF3, STM32MP135AAG3, STM32MP135CAE3, STM32MP135CAF3, STM32MP135CAG3, STM32MP135DAE7, STM32MP135DAF7, STM32MP135DAG7, STM32MP135F-DK, STM32MP135FAE7, STM32MP135FAF7, STM32MP135FAF7T, STM32MP135FAF7U, STM32MP135FAG7, STM32MP211AAL3, STM32MP211AAM3, STM32MP211AAN3, STM32MP211AAO3, STM32MP211CAL3, STM32MP211CAM3, STM32MP211CAN3, STM32MP211CAO3, STM32MP211DAL3, STM32MP211DAM3, STM32MP211DAN3, STM32MP211DAO3, STM32MP211FAL3, STM32MP211FAM3, STM32MP211FAN3, STM32MP211FAO3, STM32MP213AAL3, STM32MP213AAM3, STM32MP213AAN3, STM32MP213AAO3, STM32MP213CAL3, STM32MP213CAM3, STM32MP213CAN3, STM32MP213CAO3, STM32MP213DAL3, STM32MP213DAM3, STM32MP213DAN3, STM32MP213DAO3, STM32MP213FAL3, STM32MP213FAM3, STM32MP213FAN3, STM32MP213FAO3, STM32MP215AAL3, STM32MP215AAM3, STM32MP215AAN3, STM32MP215AAO3, STM32MP215CAL3, STM32MP215CAM3, STM32MP215CAN3, STM32MP215CAO3, STM32MP215DAL3, STM32MP215DAM3, STM32MP215DAN3, STM32MP215DAO3, STM32MP215F-DK, STM32MP215FAL3, STM32MP215FAM3, STM32MP215FAN3, STM32MP215FAO3, STM32MP231AAJ3, STM32MP231AAK3, STM32MP231AAL3, STM32MP231CAJ3, STM32MP231CAK3, STM32MP231CAL3, STM32MP231DAJ3, STM32MP231DAK3, STM32MP231DAL3, STM32MP231FAJ3, STM32MP231FAK3, STM32MP231FAL3, STM32MP233AAJ3, STM32MP233AAK3, STM32MP233AAL3, STM32MP233CAJ3, STM32MP233CAK3, STM32MP233CAL3, STM32MP233DAJ3, STM32MP233DAK3, STM32MP233DAL3, STM32MP233FAJ3, STM32MP233FAK3, STM32MP233FAL3, STM32MP235AAJ3, STM32MP235AAK3, STM32MP235AAL3, STM32MP235CAJ3, STM32MP235CAK3, STM32MP235CAL3, STM32MP235DAJ3, STM32MP235DAK3, STM32MP235DAL3, STM32MP235FAJ3, STM32MP235FAK3, STM32MP235FAL3, STM32MP251AAI3, STM32MP251AAK3, STM32MP251AAL3, STM32MP251CAI3, STM32MP251CAK3, STM32MP251CAL3, STM32MP251DAI3, STM32MP251DAK3, STM32MP251DAL3, STM32MP251FAI3, STM32MP251FAK3, STM32MP251FAL3, STM32MP253AAI3, STM32MP253AAK3, STM32MP253AAL3, STM32MP253CAI3, STM32MP253CAK3, STM32MP253CAL3, STM32MP253DAI3, STM32MP253DAK3, STM32MP253DAL3, STM32MP253FAI3, STM32MP253FAK3, STM32MP253FAL3, STM32MP255AAI3, STM32MP255AAK3, STM32MP255AAL3, STM32MP255CAI3, STM32MP255CAK3, STM32MP255CAL3, STM32MP255DAI3, STM32MP255DAK3, STM32MP255DAL3, STM32MP255FAI3, STM32MP255FAK3, STM32MP255FAL3, STM32MP257AAI3, STM32MP257AAK3, STM32MP257AAL3, STM32MP257CAI3, STM32MP257CAK3, STM32MP257CAL3, STM32MP257DAI3, STM32MP257DAK3, STM32MP257DAL3, STM32MP257F-DK, STM32MP257F-EV1, STM32MP257FAI3, STM32MP257FAK3, STM32MP257FAL3, STM32N645A0H3Q, STM32N645B0H3Q, STM32N645I0H3Q, STM32N645L0H3Q, STM32N645X0H3Q, STM32N645Z0H3Q, STM32N647A0H3Q, STM32N647B0H3Q, STM32N647I0H3Q, STM32N647L0H3Q, STM32N647X0H3Q, STM32N647Z0H3Q, STM32N655A0H3Q, STM32N655B0H3Q, STM32N655I0H3Q, STM32N655L0H3Q, STM32N655X0H3Q, STM32N655Z0H3Q, STM32N6570-DK, STM32N657A0H3Q, STM32N657B0H3Q, STM32N657I0H3Q, STM32N657L0H3Q, STM32N657X0H3Q, STM32N657Z0H3Q, STM32U031C6T6, STM32U031C6U6, STM32U031C8T6, STM32U031C8U6, STM32U031F4P6, STM32U031F6P6, STM32U031F8P6, STM32U031G6Y6TR, STM32U031G8Y6TR, STM32U031K4U6, STM32U031K6U6, STM32U031K8U6, STM32U031R6I6, STM32U031R6T6, STM32U031R8I6, STM32U031R8T6, STM32U073C8T6, STM32U073C8U6, STM32U073CBT6, STM32U073CBU6, STM32U073CCT6, STM32U073CCU6, STM32U073H8Y6TR, STM32U073HBY6TR, STM32U073HCY6TR, STM32U073K8U6, STM32U073KBU6, STM32U073KCU6, STM32U073M8I6, STM32U073M8T6, STM32U073MBI6, STM32U073MBT6, STM32U073MCI6, STM32U073MCT6, STM32U073R8I6, STM32U073R8T6, STM32U073RBI6, STM32U073RBT6, STM32U073RCI6, STM32U073RCT6, STM32U083C-DK, STM32U083CCT6, STM32U083CCU6, STM32U083HCY6TR, STM32U083KCU6, STM32U083MCI6, STM32U083MCT6, STM32U083RCI6, STM32U083RCT6, STM32U375CET6, STM32U375CET6Q, STM32U375CEU6, STM32U375CEU6Q, STM32U375CEY6QTR, STM32U375CGT6, STM32U375CGT6Q, STM32U375CGU6, STM32U375CGU6Q, STM32U375CGY6QTR, STM32U375KEU6, STM32U375KGU6, STM32U375REI6, STM32U375REI6Q, STM32U375RET6, STM32U375RET6Q, STM32U375REY6GTR, STM32U375REY6QTR, STM32U375RGI6, STM32U375RGI6Q, STM32U375RGT6, STM32U375RGT6Q, STM32U375RGY6GTR, STM32U375RGY6QTR, STM32U375VEI6, STM32U375VEI6Q, STM32U375VET6, STM32U375VET6Q, STM32U375VGI6, STM32U375VGI6Q, STM32U375VGT6, STM32U375VGT6Q, STM32U385CGT6, STM32U385CGT6Q, STM32U385CGU6, STM32U385CGU6Q, STM32U385CGY6QTR, STM32U385KGU6, STM32U385RGI6, STM32U385RGI6Q, STM32U385RGT6, STM32U385RGT6Q, STM32U385RGY6GTR, STM32U385RGY6QTR, STM32U385VGI6, STM32U385VGI6Q, STM32U385VGT6, STM32U385VGT6Q, STM32U535CBT6, STM32U535CBT6Q, STM32U535CBU6, STM32U535CBU6Q, STM32U535CCT6, STM32U535CCT6Q, STM32U535CCU6, STM32U535CCU6Q, STM32U535CET6, STM32U535CET6Q, STM32U535CEU6, STM32U535CEU6Q, STM32U535JEY6QTR, STM32U535NCY6QTR, STM32U535NEY6QTR, STM32U535RBI6, STM32U535RBI6Q, STM32U535RBT6, STM32U535RBT6Q, STM32U535RCI6, STM32U535RCI6Q, STM32U535RCT6, STM32U535RCT6Q, STM32U535REI6, STM32U535REI6Q, STM32U535RET6, STM32U535RET6Q, STM32U535VCI6, STM32U535VCI6Q, STM32U535VCT6, STM32U535VCT6Q, STM32U535VEI6, STM32U535VEI6Q, STM32U535VET6, STM32U535VET6Q, STM32U545CET6, STM32U545CET6Q, STM32U545CEU6, STM32U545CEU6Q, STM32U545JEY6QTR, STM32U545NEY6QTR, STM32U545REI6, STM32U545REI6Q, STM32U545RET6, STM32U545RET6Q, STM32U545VEI6, STM32U545VEI6Q, STM32U545VET6, STM32U545VET6Q, STM32U595AIH6, STM32U595AIH6Q, STM32U595AJH6, STM32U595AJH6Q, STM32U595QII6, STM32U595QII6Q, STM32U595QJI6, STM32U595QJI6Q, STM32U595RIT6, STM32U595RIT6Q, STM32U595RJT6, STM32U595RJT6Q, STM32U595VIT6, STM32U595VIT6Q, STM32U595VJT6, STM32U595VJT6Q, STM32U595ZIT6, STM32U595ZIT6Q, STM32U595ZIY6QTR, STM32U595ZJT6, STM32U595ZJT6Q, STM32U595ZJY6QTR, STM32U599BJY6QTR, STM32U599NIH6Q, STM32U599NJH6Q, STM32U599VIT6Q, STM32U599VJT6, STM32U599VJT6Q, STM32U599ZIT6Q, STM32U599ZIY6QTR, STM32U599ZJT6Q, STM32U599ZJY6QTR, STM32U5A5AJH6, STM32U5A5AJH6Q, STM32U5A5QII3Q , STM32U5A5QJI6, STM32U5A5QJI6Q, STM32U5A5RJT6, STM32U5A5RJT6Q, STM32U5A5VJT6, STM32U5A5VJT6Q, STM32U5A5ZJT6, STM32U5A5ZJT6Q, STM32U5A5ZJY6QTR, STM32U5A9BJY6QTR, STM32U5A9J-DK, STM32U5A9NJH6Q, STM32U5A9VJT6Q, STM32U5A9ZJT6Q, STM32U5A9ZJY6QTR, STM32U5F7VIT6, STM32U5F7VIT6Q, STM32U5F7VJT6, STM32U5F7VJT6Q, STM32U5F9BJY6QTR, STM32U5F9NJH6Q, STM32U5F9VIT6Q, STM32U5F9VJT6Q, STM32U5F9ZIJ6QTR, STM32U5F9ZIT6Q, STM32U5F9ZJJ6QTR, STM32U5F9ZJT6Q, STM32U5G7VJT6, STM32U5G7VJT6Q, STM32U5G9BJY6QTR, STM32U5G9J-DK1, STM32U5G9J-DK2, STM32U5G9NJH6Q, STM32U5G9VJT6Q, STM32U5G9ZJJ6QTR, STM32U5G9ZJT6Q, STM32WB05KZV6TR, STM32WB05KZV7TR, STM32WB05TZF6TR, STM32WB05TZF7TR, STM32WB06CCF6TR, STM32WB06CCF7TR, STM32WB06CCV6TR, STM32WB06CCV7TR, STM32WB06KCV6TR, STM32WB06KCV7TR, STM32WB07CCF6TR, STM32WB07CCF7TR, STM32WB07CCV6TR, STM32WB07CCV7TR, STM32WB07KCV6TR, STM32WB07KCV7TR, STM32WB09KEV6TR, STM32WB09KEV7TR, STM32WB09TEF6TR, STM32WB09TEF7TR, STM32WB1MMCH6, STM32WBA50KGU6, STM32WBA50KGU6TR, STM32WBA52CEU6, STM32WBA52CEU6TR, STM32WBA52CEU7, STM32WBA52CEU7TR, STM32WBA52CGU6, STM32WBA52CGU6TR, STM32WBA52CGU6U, STM32WBA52CGU7, STM32WBA52CGU7TR, STM32WBA52KEU6, STM32WBA52KEU6TR, STM32WBA52KGU6, STM32WBA52KGU6TR, STM32WBA54CEU6, STM32WBA54CEU6TR, STM32WBA54CEU7, STM32WBA54CEU7TR, STM32WBA54CGU6, STM32WBA54CGU6TR, STM32WBA54CGU7, STM32WBA54CGU7TR, STM32WBA54KEU6, STM32WBA54KEU6TR, STM32WBA54KEU7, STM32WBA54KEU7TR, STM32WBA54KGU6, STM32WBA54KGU6TR, STM32WBA54KGU7, STM32WBA54KGU7TR, STM32WBA55CEU6, STM32WBA55CEU6TR, STM32WBA55CEU7, STM32WBA55CEU7TR, STM32WBA55CGU6, STM32WBA55CGU6TR, STM32WBA55CGU6U, STM32WBA55CGU7, STM32WBA55CGU7TR, STM32WBA55G-DK1, STM32WBA55HEF6, STM32WBA55HEF7, STM32WBA55HGF6, STM32WBA55HGF7, STM32WBA55UEI6, STM32WBA55UEI6TR, STM32WBA55UEI7, STM32WBA55UEI7TR, STM32WBA55UGI6, STM32WBA55UGI6TR, STM32WBA55UGI7, STM32WBA55UGI7TR, STM32WBA5MMGH6TR, STM32WBA62MGF6, STM32WBA62MIF6, STM32WBA65MGF7, STM32WBA65MIF6, STM32WBA65MIF7, STM32WL30K8V6, STM32WL30KBV6, STM32WL31C8V6, STM32WL31CBV6, STM32WL31K8V6, STM32WL31KBV6, STM32WL33C8V6, STM32WL33C8V6X, STM32WL33CBV6, STM32WL33CBV6X, STM32WL33CCV6, STM32WL33CCV6A, STM32WL33CCV6X, STM32WL33K8V7, STM32WL33K8V7X, STM32WL33KBV7 , STM32WL33KBV7X, STM32WL33KCV7, STM32WL33KCV7X, STM32WL5MOCH6, STM32WL5MOCH6TR]
2026-03-27 16:14:00,661 [INFO] DbMcus:218 - Found 4801 MCUs, 4801 are supported
2026-03-27 16:14:00,663 [INFO] ApiDb:414 - User favorites file not found: C:\Users\Mujaid/.stm32cubeide/favorites.mcus.txt
2026-03-27 16:14:00,663 [INFO] DbMcus:224 - Set 0 / 0 favorites MCUs
2026-03-27 16:14:00,859 [ERROR] LogOutputStream:75 - [STDERR_REDIRECT] [Fatal Error] :1:1: Premature end of file.
2026-03-27 16:14:00,859 [ERROR] LogOutputStream:75 - [STDERR_REDIRECT] 
2026-03-27 16:14:01,335 [INFO] ApiDb:668 - CubeFinder database Data Model version=2.1
2026-03-27 16:14:01,335 [INFO] ApiDb:669 - CubeFinder database Configuration version=3.0.39
2026-03-27 16:14:01,336 [INFO] ApiDb:670 - CubeFinder database generation date=2025-06-24 (1750757100)
2026-03-27 16:14:01,336 [INFO] ApiDb:671 - CubeFinder database FW Pack versions=[FP-ATR-ASTRA1_V2.0.0, FP-SNS-FLIGHT1_V5.1.0, FP-SNS-MOTENV1_V5.0.0, FP-SNS-MOTENVWB1_V1.4.0, FP-SNS-SMARTAG2_V1.2.0, FP-SNS-STBOX1_V2.0.0, STM32Cube_FW_C0_V1.4.0, STM32Cube_FW_F4_V1.28.2, STM32Cube_FW_F7_V1.17.3, STM32Cube_FW_G0_V1.6.2, STM32Cube_FW_G4_V1.6.1, STM32Cube_FW_H5_V1.5.0, STM32Cube_FW_H7RS_V1.2.0, STM32Cube_FW_H7_V1.12.1, STM32Cube_FW_L0_V1.12.2, STM32Cube_FW_L4_V1.18.1, STM32Cube_FW_L5_V1.5.1, STM32Cube_FW_N6_V1.2.0, STM32Cube_FW_U0_V1.3.0, STM32Cube_FW_U3_V1.2.0, STM32Cube_FW_U5_V1.8.0, STM32Cube_FW_WB0_V1.3.0, STM32Cube_FW_WBA_V1.7.0, STM32Cube_FW_WB_V1.23.0, STM32Cube_FW_WL3_V1.2.0, STM32Cube_FW_WL_V1.3.1, X-CUBE-ALGOBUILD_V1.4.0, X-CUBE-ALS_V1.0.2, X-CUBE-AZRTOS-F4_V1.1.0, X-CUBE-AZRTOS-F7_V1.1.0, X-CUBE-AZRTOS-G0_V1.1.0, X-CUBE-AZRTOS-G4_V2.0.0, X-CUBE-AZRTOS-H7RS_V1.1.0, X-CUBE-AZRTOS-H7_V3.3.0, X-CUBE-AZRTOS-L4_V2.0.0, X-CUBE-AZRTOS-L5_V2.0.0, X-CUBE-AZRTOS-WB_V2.0.0, X-CUBE-AZRTOS-WL_V2.0.0, X-CUBE-BLE1_V7.1.0, X-CUBE-BLE2_V3.3.0, X-CUBE-BLEMGR_V4.0.0, X-CUBE-EEPRMA1_V5.1.0, X-CUBE-FREERTOS_V1.3.1, X-CUBE-GNSS1_V6.0.0, X-CUBE-MEMS1_V11.3.0, X-CUBE-NFC4_V3.0.0, X-CUBE-NFC7_V2.0.0, X-CUBE-SFXS2LP1_V4.0.0, X-CUBE-SUBG2_V5.0.0, X-CUBE-TOF1_V3.4.3]
2026-03-27 16:14:01,418 [INFO] DbBoardsSqlite:226 - include board P-NUCLEO-WB55-NUCLEO as a kit item of type 'Nucleo-64'
2026-03-27 16:14:01,418 [INFO] DbBoardsSqlite:226 - include board P-NUCLEO-WB55-USBDONGLE as a kit item of type 'Nucleo USB Dongle'
2026-03-27 16:14:01,418 [INFO] DbBoardsSqlite:226 - include board STEVAL-IDP005V1 as a kit item of type 'Evaluation Board'
2026-03-27 16:14:01,418 [INFO] DbBoardsSqlite:226 - include board STEVAL-IDP005V2 as a kit item of type 'Evaluation Board'
2026-03-27 16:14:01,503 [INFO] ApiDb:240 - Found 880 in-development CPN: [B-G473E-ZEST1S, B-WB1M-WPAN1, B-WBA5M-WPAN, B-WL5M-SUBG1, NUCLEO-C031C6, NUCLEO-C051C8, NUCLEO-C071RB, NUCLEO-C092RC, NUCLEO-H503RB, NUCLEO-H533RE, NUCLEO-H563ZI, NUCLEO-H7S3L8, NUCLEO-N657X0-Q, NUCLEO-U031R8, NUCLEO-U083RC, NUCLEO-U385RG-Q, NUCLEO-U545RE-Q, NUCLEO-U5A5ZJ-Q, NUCLEO-WB05KZ, NUCLEO-WB07CC, NUCLEO-WB09KE, NUCLEO-WBA52CG, NUCLEO-WBA55CG, NUCLEO-WL33CC1, NUCLEO-WL33CC2, STEVAL-PROTEUS1, STEVAL-SMARTAG2, STEVAL-STWINBX1, STM320518-EVAL, STM32C0116-DK, STM32C011D6Y3TR, STM32C011D6Y6TR, STM32C011F4P3, STM32C011F4P6, STM32C011F4U3, STM32C011F4U6TR, STM32C011F6P3, STM32C011F6P6, STM32C011F6U3, STM32C011F6U6TR, STM32C011J4M3, STM32C011J4M6, STM32C011J6M3, STM32C011J6M6, STM32C0316-DK, STM32C031C4T3, STM32C031C4T6, STM32C031C4U3, STM32C031C4U6, STM32C031C6T3, STM32C031C6T6, STM32C031C6U3, STM32C031C6U6, STM32C031F4P3, STM32C031F4P6, STM32C031F6P3, STM32C031F6P6, STM32C031G4U3, STM32C031G4U6, STM32C031G6U3, STM32C031G6U6, STM32C031K4T3, STM32C031K4T6, STM32C031K4U3, STM32C031K4U6, STM32C031K6T3, STM32C031K6T6, STM32C031K6U3, STM32C031K6U6, STM32C051C6T6, STM32C051C6U6, STM32C051C8T6, STM32C051C8U6, STM32C051D8Y6TR, STM32C051F6P6, STM32C051F8P6, STM32C051G6U6, STM32C051G8U6, STM32C051K6T6, STM32C051K6U6, STM32C051K8T6, STM32C071C8T6, STM32C071C8T6N, STM32C071C8U6, STM32C071C8U6N, STM32C071CBT6, STM32C071CBT6N, STM32C071CBU6, STM32C071CBU6N, STM32C071F8P6, STM32C071F8P6N, STM32C071FBP6, STM32C071FBP6N, STM32C071FBY6TR, STM32C071G8U6, STM32C071G8U6N, STM32C071GBU6, STM32C071GBU6N, STM32C071K8T6, STM32C071K8T6N, STM32C071K8U6, STM32C071K8U6N, STM32C071KBT6, STM32C071KBT6N, STM32C071KBU6, STM32C071KBU6N, STM32C071R8T6, STM32C071R8T6N, STM32C071RBI6N, STM32C071RBT6, STM32C071RBT6N, STM32C091CBT6, STM32C091CBU6, STM32C091CCT6, STM32C091CCU6, STM32C091ECY6TR, STM32C091FBP6, STM32C091FCP6, STM32C091GBU6, STM32C091GCU6, STM32C091KBT6, STM32C091KBU6, STM32C091KCT6, STM32C091KCU6, STM32C091RBT6, STM32C091RCI6, STM32C091RCT6, STM32C092CBT6, STM32C092CBU6, STM32C092CCT6, STM32C092CCU6, STM32C092ECY6TR, STM32C092FBP6, STM32C092FCP6, STM32C092GBU6, STM32C092GCU6, STM32C092KBT6, STM32C092KBU6, STM32C092KCT6, STM32C092KCU6, STM32C092RBT6, STM32C092RCI6, STM32C092RCT6, STM32G071K8TXN, STM32G071K8UXN, STM32G081GBU6N, STM32G081KBT6N, STM32G081KBUXN, STM32G0B1CCT6N, STM32G0B1KCT6, STM32G0B1NEY6TR, STM32G0B1RCT6N, STM32G0C1CCT6, STM32G0C1CCT6N, STM32G0C1CCU6N, STM32G0C1CET6N, STM32G0C1CEU6N, STM32G0C1KCT6, STM32G0C1NEY6TR, STM32G0C1RCI6N, STM32G0C1RCT6N, STM32G0C1REI6N, STM32G0C1RET6N, STM32G0C1VCI6, STM32G0C1VEI6, STM32G411C6T3, STM32G411C6T6, STM32G411C6U3, STM32G411C6U6, STM32G411C8T3, STM32G411C8T6, STM32G411C8U3, STM32G411C8U6, STM32G411CBT3, STM32G411CBT6, STM32G411CBU3, STM32G411CBU6, STM32G411K6T3, STM32G411K6T6, STM32G411K6U3, STM32G411K6U6, STM32G411K8T3, STM32G411K8T6, STM32G411K8U3, STM32G411K8U6, STM32G411KBT3, STM32G411KBT6, STM32G411KBU3, STM32G411KBU6, STM32G411M6T3, STM32G411M6T6, STM32G411M8T3, STM32G411M8T6, STM32G411MBT3, STM32G411MBT6, STM32G411R6T3, STM32G411R6T6, STM32G411R8T3, STM32G411R8T6, STM32G411RBT3, STM32G411RBT6, STM32G414CBT3, STM32G414CBT6, STM32G414CBU3, STM32G414CBU6, STM32G414CCT3, STM32G414CCT6, STM32G414CCU3, STM32G414CCU6, STM32G414MBT3, STM32G414MBT6, STM32G414MCT3, STM32G414MCT6, STM32G414RBT3, STM32G414RBT6, STM32G414RCT3, STM32G414RCT6, STM32G414VBT3, STM32G414VBT6, STM32G414VCT3, STM32G414VCT6, STM32G431CBT3Z, STM32G431RBT3Z, STM32G471CCT6, STM32G471CCU6, STM32G471CET3, STM32G471CET6, STM32G471CEU3, STM32G471CEU6, STM32G471MCT6, STM32G471MET3, STM32G471MET6, STM32G471MEY6TR, STM32G471QCT6, STM32G471QET3, STM32G471RCT6, STM32G471RET3, STM32G471RET6, STM32G471VCH6, STM32G471VCI6, STM32G471VCT6, STM32G471VEH3, STM32G471VEH6, STM32G471VEI3, STM32G471VEI6, STM32G471VET3, STM32G471VET6, STM32G473QET3Z, STM32G473RET3Z, STM32G474CCT6, STM32G491RET3Z, STM32H503CBT6, STM32H503CBU6, STM32H503EBY6TR, STM32H503KBU6, STM32H503RBT6, STM32H523CCT6, STM32H523CCU6, STM32H523CET6, STM32H523CEU6, STM32H523HEY6TR, STM32H523RCT6, STM32H523RET6, STM32H523VCI6, STM32H523VCT6, STM32H523VEI6, STM32H523VET6, STM32H523ZCJ6, STM32H523ZCT6, STM32H523ZEJ6, STM32H523ZET6, STM32H533CET6, STM32H533CEU6, STM32H533HEY6TR, STM32H533RET6, STM32H533VEI6, STM32H533VET6, STM32H533ZEJ6, STM32H533ZET6, STM32H562AGI6, STM32H562AII6, STM32H562IGK6, STM32H562IGT6, STM32H562IIK6, STM32H562IIT6, STM32H562RGT6, STM32H562RGV6, STM32H562RIT6, STM32H562RIV6, STM32H562VGT6, STM32H562VIT6, STM32H562ZGT6, STM32H562ZIT6, STM32H563AGI6, STM32H563AII3Q, STM32H563AII6, STM32H563IGK6, STM32H563IGT6, STM32H563IIK3Q, STM32H563IIK6, STM32H563IIT3Q, STM32H563IIT6, STM32H563MIY3QTR, STM32H563RGT6, STM32H563RGV6, STM32H563RIT6, STM32H563RIV6, STM32H563VGT6, STM32H563VIT3Q, STM32H563VIT6, STM32H563ZGT6, STM32H563ZIT3Q, STM32H563ZIT6, STM32H573AII3Q, STM32H573AII6, STM32H573I-DK, STM32H573IIK3Q, STM32H573IIK6, STM32H573IIT3Q, STM32H573IIT6, STM32H573MIY3QTR, STM32H573RIT6, STM32H573RIV6, STM32H573VIT3Q, STM32H573VIT6, STM32H573ZIT3Q, STM32H573ZIT6, STM32H7R3A8I6, STM32H7R3I8K6, STM32H7R3I8T6, STM32H7R3L8H6, STM32H7R3L8H6H, STM32H7R3R8V6, STM32H7R3V8H6, STM32H7R3V8T6, STM32H7R3V8Y6TR, STM32H7R3Z8J6, STM32H7R3Z8T6, STM32H7R7A8I6, STM32H7R7I8K6, STM32H7R7I8T6, STM32H7R7L8H6, STM32H7R7L8H6H, STM32H7R7Z8J6, STM32H7S3A8I6, STM32H7S3I8K6, STM32H7S3I8T6, STM32H7S3L8H6, STM32H7S3L8H6H, STM32H7S3R8V6, STM32H7S3V8H6, STM32H7S3V8T6, STM32H7S3V8Y6TR, STM32H7S3Z8J6, STM32H7S3Z8T6, STM32H7S78-DK, STM32H7S7A8I6, STM32H7S7I8K6, STM32H7S7I8T6, STM32H7S7L8H6, STM32H7S7L8H6H, STM32H7S7Z8J6, STM32L4R5QGI6STR, STM32MP131AAE3, STM32MP131AAF3, STM32MP131AAG3, STM32MP131CAE3, STM32MP131CAF3, STM32MP131CAG3, STM32MP131DAE7, STM32MP131DAF7, STM32MP131DAG7, STM32MP131FAE7, STM32MP131FAF7, STM32MP131FAG7, STM32MP133AAE3, STM32MP133AAF3, STM32MP133AAG3, STM32MP133CAE3, STM32MP133CAF3, STM32MP133CAG3, STM32MP133DAE7, STM32MP133DAF7, STM32MP133DAG7, STM32MP133FAE7, STM32MP133FAF7, STM32MP133FAG7, STM32MP135AAE3, STM32MP135AAF3, STM32MP135AAG3, STM32MP135CAE3, STM32MP135CAF3, STM32MP135CAG3, STM32MP135DAE7, STM32MP135DAF7, STM32MP135DAG7, STM32MP135F-DK, STM32MP135FAE7, STM32MP135FAF7, STM32MP135FAF7T, STM32MP135FAF7U, STM32MP135FAG7, STM32MP211AAL3, STM32MP211AAM3, STM32MP211AAN3, STM32MP211AAO3, STM32MP211CAL3, STM32MP211CAM3, STM32MP211CAN3, STM32MP211CAO3, STM32MP211DAL3, STM32MP211DAM3, STM32MP211DAN3, STM32MP211DAO3, STM32MP211FAL3, STM32MP211FAM3, STM32MP211FAN3, STM32MP211FAO3, STM32MP213AAL3, STM32MP213AAM3, STM32MP213AAN3, STM32MP213AAO3, STM32MP213CAL3, STM32MP213CAM3, STM32MP213CAN3, STM32MP213CAO3, STM32MP213DAL3, STM32MP213DAM3, STM32MP213DAN3, STM32MP213DAO3, STM32MP213FAL3, STM32MP213FAM3, STM32MP213FAN3, STM32MP213FAO3, STM32MP215AAL3, STM32MP215AAM3, STM32MP215AAN3, STM32MP215AAO3, STM32MP215CAL3, STM32MP215CAM3, STM32MP215CAN3, STM32MP215CAO3, STM32MP215DAL3, STM32MP215DAM3, STM32MP215DAN3, STM32MP215DAO3, STM32MP215F-DK, STM32MP215FAL3, STM32MP215FAM3, STM32MP215FAN3, STM32MP215FAO3, STM32MP231AAJ3, STM32MP231AAK3, STM32MP231AAL3, STM32MP231CAJ3, STM32MP231CAK3, STM32MP231CAL3, STM32MP231DAJ3, STM32MP231DAK3, STM32MP231DAL3, STM32MP231FAJ3, STM32MP231FAK3, STM32MP231FAL3, STM32MP233AAJ3, STM32MP233AAK3, STM32MP233AAL3, STM32MP233CAJ3, STM32MP233CAK3, STM32MP233CAL3, STM32MP233DAJ3, STM32MP233DAK3, STM32MP233DAL3, STM32MP233FAJ3, STM32MP233FAK3, STM32MP233FAL3, STM32MP235AAJ3, STM32MP235AAK3, STM32MP235AAL3, STM32MP235CAJ3, STM32MP235CAK3, STM32MP235CAL3, STM32MP235DAJ3, STM32MP235DAK3, STM32MP235DAL3, STM32MP235FAJ3, STM32MP235FAK3, STM32MP235FAL3, STM32MP251AAI3, STM32MP251AAK3, STM32MP251AAL3, STM32MP251CAI3, STM32MP251CAK3, STM32MP251CAL3, STM32MP251DAI3, STM32MP251DAK3, STM32MP251DAL3, STM32MP251FAI3, STM32MP251FAK3, STM32MP251FAL3, STM32MP253AAI3, STM32MP253AAK3, STM32MP253AAL3, STM32MP253CAI3, STM32MP253CAK3, STM32MP253CAL3, STM32MP253DAI3, STM32MP253DAK3, STM32MP253DAL3, STM32MP253FAI3, STM32MP253FAK3, STM32MP253FAL3, STM32MP255AAI3, STM32MP255AAK3, STM32MP255AAL3, STM32MP255CAI3, STM32MP255CAK3, STM32MP255CAL3, STM32MP255DAI3, STM32MP255DAK3, STM32MP255DAL3, STM32MP255FAI3, STM32MP255FAK3, STM32MP255FAL3, STM32MP257AAI3, STM32MP257AAK3, STM32MP257AAL3, STM32MP257CAI3, STM32MP257CAK3, STM32MP257CAL3, STM32MP257DAI3, STM32MP257DAK3, STM32MP257DAL3, STM32MP257F-DK, STM32MP257F-EV1, STM32MP257FAI3, STM32MP257FAK3, STM32MP257FAL3, STM32N645A0H3Q, STM32N645B0H3Q, STM32N645I0H3Q, STM32N645L0H3Q, STM32N645X0H3Q, STM32N645Z0H3Q, STM32N647A0H3Q, STM32N647B0H3Q, STM32N647I0H3Q, STM32N647L0H3Q, STM32N647X0H3Q, STM32N647Z0H3Q, STM32N655A0H3Q, STM32N655B0H3Q, STM32N655I0H3Q, STM32N655L0H3Q, STM32N655X0H3Q, STM32N655Z0H3Q, STM32N6570-DK, STM32N657A0H3Q, STM32N657B0H3Q, STM32N657I0H3Q, STM32N657L0H3Q, STM32N657X0H3Q, STM32N657Z0H3Q, STM32U031C6T6, STM32U031C6U6, STM32U031C8T6, STM32U031C8U6, STM32U031F4P6, STM32U031F6P6, STM32U031F8P6, STM32U031G6Y6TR, STM32U031G8Y6TR, STM32U031K4U6, STM32U031K6U6, STM32U031K8U6, STM32U031R6I6, STM32U031R6T6, STM32U031R8I6, STM32U031R8T6, STM32U073C8T6, STM32U073C8U6, STM32U073CBT6, STM32U073CBU6, STM32U073CCT6, STM32U073CCU6, STM32U073H8Y6TR, STM32U073HBY6TR, STM32U073HCY6TR, STM32U073K8U6, STM32U073KBU6, STM32U073KCU6, STM32U073M8I6, STM32U073M8T6, STM32U073MBI6, STM32U073MBT6, STM32U073MCI6, STM32U073MCT6, STM32U073R8I6, STM32U073R8T6, STM32U073RBI6, STM32U073RBT6, STM32U073RCI6, STM32U073RCT6, STM32U083C-DK, STM32U083CCT6, STM32U083CCU6, STM32U083HCY6TR, STM32U083KCU6, STM32U083MCI6, STM32U083MCT6, STM32U083RCI6, STM32U083RCT6, STM32U375CET6, STM32U375CET6Q, STM32U375CEU6, STM32U375CEU6Q, STM32U375CEY6QTR, STM32U375CGT6, STM32U375CGT6Q, STM32U375CGU6, STM32U375CGU6Q, STM32U375CGY6QTR, STM32U375KEU6, STM32U375KGU6, STM32U375REI6, STM32U375REI6Q, STM32U375RET6, STM32U375RET6Q, STM32U375REY6GTR, STM32U375REY6QTR, STM32U375RGI6, STM32U375RGI6Q, STM32U375RGT6, STM32U375RGT6Q, STM32U375RGY6GTR, STM32U375RGY6QTR, STM32U375VEI6, STM32U375VEI6Q, STM32U375VET6, STM32U375VET6Q, STM32U375VGI6, STM32U375VGI6Q, STM32U375VGT6, STM32U375VGT6Q, STM32U385CGT6, STM32U385CGT6Q, STM32U385CGU6, STM32U385CGU6Q, STM32U385CGY6QTR, STM32U385KGU6, STM32U385RGI6, STM32U385RGI6Q, STM32U385RGT6, STM32U385RGT6Q, STM32U385RGY6GTR, STM32U385RGY6QTR, STM32U385VGI6, STM32U385VGI6Q, STM32U385VGT6, STM32U385VGT6Q, STM32U535CBT6, STM32U535CBT6Q, STM32U535CBU6, STM32U535CBU6Q, STM32U535CCT6, STM32U535CCT6Q, STM32U535CCU6, STM32U535CCU6Q, STM32U535CET6, STM32U535CET6Q, STM32U535CEU6, STM32U535CEU6Q, STM32U535JEY6QTR, STM32U535NCY6QTR, STM32U535NEY6QTR, STM32U535RBI6, STM32U535RBI6Q, STM32U535RBT6, STM32U535RBT6Q, STM32U535RCI6, STM32U535RCI6Q, STM32U535RCT6, STM32U535RCT6Q, STM32U535REI6, STM32U535REI6Q, STM32U535RET6, STM32U535RET6Q, STM32U535VCI6, STM32U535VCI6Q, STM32U535VCT6, STM32U535VCT6Q, STM32U535VEI6, STM32U535VEI6Q, STM32U535VET6, STM32U535VET6Q, STM32U545CET6, STM32U545CET6Q, STM32U545CEU6, STM32U545CEU6Q, STM32U545JEY6QTR, STM32U545NEY6QTR, STM32U545REI6, STM32U545REI6Q, STM32U545RET6, STM32U545RET6Q, STM32U545VEI6, STM32U545VEI6Q, STM32U545VET6, STM32U545VET6Q, STM32U595AIH6, STM32U595AIH6Q, STM32U595AJH6, STM32U595AJH6Q, STM32U595QII6, STM32U595QII6Q, STM32U595QJI6, STM32U595QJI6Q, STM32U595RIT6, STM32U595RIT6Q, STM32U595RJT6, STM32U595RJT6Q, STM32U595VIT6, STM32U595VIT6Q, STM32U595VJT6, STM32U595VJT6Q, STM32U595ZIT6, STM32U595ZIT6Q, STM32U595ZIY6QTR, STM32U595ZJT6, STM32U595ZJT6Q, STM32U595ZJY6QTR, STM32U599BJY6QTR, STM32U599NIH6Q, STM32U599NJH6Q, STM32U599VIT6Q, STM32U599VJT6, STM32U599VJT6Q, STM32U599ZIT6Q, STM32U599ZIY6QTR, STM32U599ZJT6Q, STM32U599ZJY6QTR, STM32U5A5AJH6, STM32U5A5AJH6Q, STM32U5A5QII3Q , STM32U5A5QJI6, STM32U5A5QJI6Q, STM32U5A5RJT6, STM32U5A5RJT6Q, STM32U5A5VJT6, STM32U5A5VJT6Q, STM32U5A5ZJT6, STM32U5A5ZJT6Q, STM32U5A5ZJY6QTR, STM32U5A9BJY6QTR, STM32U5A9J-DK, STM32U5A9NJH6Q, STM32U5A9VJT6Q, STM32U5A9ZJT6Q, STM32U5A9ZJY6QTR, STM32U5F7VIT6, STM32U5F7VIT6Q, STM32U5F7VJT6, STM32U5F7VJT6Q, STM32U5F9BJY6QTR, STM32U5F9NJH6Q, STM32U5F9VIT6Q, STM32U5F9VJT6Q, STM32U5F9ZIJ6QTR, STM32U5F9ZIT6Q, STM32U5F9ZJJ6QTR, STM32U5F9ZJT6Q, STM32U5G7VJT6, STM32U5G7VJT6Q, STM32U5G9BJY6QTR, STM32U5G9J-DK1, STM32U5G9J-DK2, STM32U5G9NJH6Q, STM32U5G9VJT6Q, STM32U5G9ZJJ6QTR, STM32U5G9ZJT6Q, STM32WB05KZV6TR, STM32WB05KZV7TR, STM32WB05TZF6TR, STM32WB05TZF7TR, STM32WB06CCF6TR, STM32WB06CCF7TR, STM32WB06CCV6TR, STM32WB06CCV7TR, STM32WB06KCV6TR, STM32WB06KCV7TR, STM32WB07CCF6TR, STM32WB07CCF7TR, STM32WB07CCV6TR, STM32WB07CCV7TR, STM32WB07KCV6TR, STM32WB07KCV7TR, STM32WB09KEV6TR, STM32WB09KEV7TR, STM32WB09TEF6TR, STM32WB09TEF7TR, STM32WB1MMCH6, STM32WBA50KGU6, STM32WBA50KGU6TR, STM32WBA52CEU6, STM32WBA52CEU6TR, STM32WBA52CEU7, STM32WBA52CEU7TR, STM32WBA52CGU6, STM32WBA52CGU6TR, STM32WBA52CGU6U, STM32WBA52CGU7, STM32WBA52CGU7TR, STM32WBA52KEU6, STM32WBA52KEU6TR, STM32WBA52KGU6, STM32WBA52KGU6TR, STM32WBA54CEU6, STM32WBA54CEU6TR, STM32WBA54CEU7, STM32WBA54CEU7TR, STM32WBA54CGU6, STM32WBA54CGU6TR, STM32WBA54CGU7, STM32WBA54CGU7TR, STM32WBA54KEU6, STM32WBA54KEU6TR, STM32WBA54KEU7, STM32WBA54KEU7TR, STM32WBA54KGU6, STM32WBA54KGU6TR, STM32WBA54KGU7, STM32WBA54KGU7TR, STM32WBA55CEU6, STM32WBA55CEU6TR, STM32WBA55CEU7, STM32WBA55CEU7TR, STM32WBA55CGU6, STM32WBA55CGU6TR, STM32WBA55CGU6U, STM32WBA55CGU7, STM32WBA55CGU7TR, STM32WBA55G-DK1, STM32WBA55HEF6, STM32WBA55HEF7, STM32WBA55HGF6, STM32WBA55HGF7, STM32WBA55UEI6, STM32WBA55UEI6TR, STM32WBA55UEI7, STM32WBA55UEI7TR, STM32WBA55UGI6, STM32WBA55UGI6TR, STM32WBA55UGI7, STM32WBA55UGI7TR, STM32WBA5MMGH6TR, STM32WBA62MGF6, STM32WBA62MIF6, STM32WBA65MGF7, STM32WBA65MIF6, STM32WBA65MIF7, STM32WL30K8V6, STM32WL30KBV6, STM32WL31C8V6, STM32WL31CBV6, STM32WL31K8V6, STM32WL31KBV6, STM32WL33C8V6, STM32WL33C8V6X, STM32WL33CBV6, STM32WL33CBV6X, STM32WL33CCV6, STM32WL33CCV6A, STM32WL33CCV6X, STM32WL33K8V7, STM32WL33K8V7X, STM32WL33KBV7 , STM32WL33KBV7X, STM32WL33KCV7, STM32WL33KCV7X, STM32WL5MOCH6, STM32WL5MOCH6TR]
2026-03-27 16:14:01,877 [ERROR] LogOutputStream:75 - [STDERR_REDIRECT] [Fatal Error] :1:1: Premature end of file.
2026-03-27 16:14:01,877 [ERROR] LogOutputStream:75 - [STDERR_REDIRECT] 
2026-03-27 16:14:01,901 [INFO] BoardInfo:889 - No configuration file found for board P-NUCLEO-WB55
2026-03-27 16:14:01,903 [INFO] DbBoards:161 - Kit is not supported: P-NUCLEO-WB55
2026-03-27 16:14:01,912 [INFO] BoardInfo:889 - No configuration file found for board STEVAL-BFA001V1B
2026-03-27 16:14:01,914 [INFO] DbBoards:161 - Kit is not supported: STEVAL-BFA001V1B
2026-03-27 16:14:01,916 [INFO] BoardInfo:889 - No configuration file found for board STEVAL-BFA001V2B
2026-03-27 16:14:01,917 [INFO] DbBoards:161 - Kit is not supported: STEVAL-BFA001V2B
2026-03-27 16:14:02,263 [INFO] DbBoards:168 - Found 212 boards, 209 are supported
2026-03-27 16:14:02,264 [INFO] DbBoards:169 - Found 212 boards, 43 of them is supported for  Bsp
2026-03-27 16:14:02,268 [INFO] ApiDb:414 - User favorites file not found: C:\Users\Mujaid/.stm32cubeide/favorites.boards.txt
2026-03-27 16:14:02,268 [INFO] DbBoards:198 - Set 0 / 0 favorites Boards
2026-03-27 16:14:02,269 [INFO] McuFinderGlobals:76 - Set McuFinderConnectedMode to true
2026-03-27 16:14:02,282 [INFO] MultiScanPanel:200 - Auto-refresh data requested => check proxy status ongoing
2026-03-27 16:14:02,286 [INFO] FinderPluginLoader:96 - Searching for filters in installed packs
2026-03-27 16:14:02,860 [ERROR] LogOutputStream:75 - [STDERR_REDIRECT] [Fatal Error] :1:1: Premature end of file.
2026-03-27 16:14:02,860 [ERROR] LogOutputStream:75 - [STDERR_REDIRECT] 
2026-03-27 16:14:03,140 [INFO] ServerAccessManage:452 - Complete download http(s) 200
2026-03-27 16:14:03,140 [INFO] ServerAccessManage:509 - Download File STMicroelectronics.X-CUBE-NFC4.pdsc
2026-03-27 16:14:03,861 [ERROR] LogOutputStream:75 - [STDERR_REDIRECT] [Fatal Error] :1:1: Premature end of file.
2026-03-27 16:14:03,862 [ERROR] LogOutputStream:75 - [STDERR_REDIRECT] 
2026-03-27 16:14:04,610 [ERROR] WebUtils:398 - Updater is busy
2026-03-27 16:14:04,611 [WARN] DetailPanel:346 - Failed to get advertising image, set to default
2026-03-27 16:14:04,904 [ERROR] LogOutputStream:75 - [STDERR_REDIRECT] [Fatal Error] :1:1: Premature end of file.
2026-03-27 16:14:04,905 [ERROR] LogOutputStream:75 - [STDERR_REDIRECT] 
2026-03-27 16:14:05,550 [INFO] ServerAccessManage:452 - Complete download http(s) 200
2026-03-27 16:14:05,554 [INFO] ServerAccessManage:509 - Download File STMicroelectronics.X-CUBE-NFC6.pdsc
2026-03-27 16:14:05,869 [ERROR] LogOutputStream:75 - [STDERR_REDIRECT] [Fatal Error] :1:1: Premature end of file.
2026-03-27 16:14:05,873 [ERROR] LogOutputStream:75 - [STDERR_REDIRECT] 
2026-03-27 16:14:06,375 [INFO] ServerAccessManage:452 - Complete download http(s) 200
2026-03-27 16:14:06,375 [INFO] ServerAccessManage:509 - Download File STMicroelectronics.X-CUBE-NFC7.pdsc
2026-03-27 16:14:06,883 [ERROR] LogOutputStream:75 - [STDERR_REDIRECT] [Fatal Error] :1:1: Premature end of file.
2026-03-27 16:14:06,884 [ERROR] LogOutputStream:75 - [STDERR_REDIRECT] 
2026-03-27 16:14:06,935 [INFO] ServerAccessManage:452 - Complete download http(s) 200
2026-03-27 16:14:06,935 [INFO] ServerAccessManage:509 - Download File STMicroelectronics.X-CUBE-NFC9.pdsc
2026-03-27 16:14:07,775 [INFO] ServerAccessManage:452 - Complete download http(s) 200
2026-03-27 16:14:07,775 [INFO] ServerAccessManage:509 - Download File STMicroelectronics.X-CUBE-NFC10.pdsc
2026-03-27 16:14:07,873 [ERROR] LogOutputStream:75 - [STDERR_REDIRECT] [Fatal Error] :1:1: Premature end of file.
2026-03-27 16:14:07,873 [ERROR] LogOutputStream:75 - [STDERR_REDIRECT] 
2026-03-27 16:14:08,045 [INFO] ServerAccessManage:452 - Complete download http(s) 200
2026-03-27 16:14:08,046 [INFO] ServerAccessManage:509 - Download File STMicroelectronics.X-CUBE-NFC12.pdsc
2026-03-27 16:14:08,342 [INFO] ServerAccessManage:452 - Complete download http(s) 200
2026-03-27 16:14:08,342 [INFO] ServerAccessManage:509 - Download File STMicroelectronics.X-CUBE-SFXS2LP1.pdsc
2026-03-27 16:14:08,860 [ERROR] LogOutputStream:75 - [STDERR_REDIRECT] [Fatal Error] :1:1: Premature end of file.
2026-03-27 16:14:08,862 [ERROR] LogOutputStream:75 - [STDERR_REDIRECT] 
2026-03-27 16:14:09,527 [INFO] ServerAccessManage:452 - Complete download http(s) 200
2026-03-27 16:14:09,528 [INFO] ServerAccessManage:509 - Download File STMicroelectronics.X-CUBE-SUBG2.pdsc
2026-03-27 16:14:09,884 [ERROR] LogOutputStream:75 - [STDERR_REDIRECT] [Fatal Error] :1:1: Premature end of file.
2026-03-27 16:14:09,885 [ERROR] LogOutputStream:75 - [STDERR_REDIRECT] 
2026-03-27 16:14:10,066 [INFO] MultiScanPanel:200 - Auto-refresh data requested => check proxy status ongoing
2026-03-27 16:14:10,673 [ERROR] WebUtils:398 - Updater is busy
2026-03-27 16:14:10,673 [WARN] DetailPanel:346 - Failed to get advertising image, set to default
2026-03-27 16:14:10,709 [INFO] DbBoards:642 - Loading board mini-images...
2026-03-27 16:14:10,855 [ERROR] LogOutputStream:75 - [STDERR_REDIRECT] [Fatal Error] :1:1: Premature end of file.
2026-03-27 16:14:10,857 [ERROR] LogOutputStream:75 - [STDERR_REDIRECT] 
2026-03-27 16:14:11,606 [INFO] ServerAccessManage:452 - Complete download http(s) 200
2026-03-27 16:14:11,606 [INFO] ServerAccessManage:509 - Download File STMicroelectronics.X-CUBE-SMBUS.pdsc
2026-03-27 16:14:11,865 [ERROR] LogOutputStream:75 - [STDERR_REDIRECT] [Fatal Error] :1:1: Premature end of file.
2026-03-27 16:14:11,867 [ERROR] LogOutputStream:75 - [STDERR_REDIRECT] 
2026-03-27 16:14:12,520 [ERROR] ServerAccessManage:1212 - Problem, file not found on Server
2026-03-27 16:14:12,679 [INFO] ServerAccessManage:452 - Complete download http(s) 200
2026-03-27 16:14:12,680 [INFO] ServerAccessManage:509 - Download File STMicroelectronics.X-CUBE-ST60.pdsc
2026-03-27 16:14:12,903 [ERROR] LogOutputStream:75 - [STDERR_REDIRECT] [Fatal Error] :1:1: Premature end of file.
2026-03-27 16:14:12,904 [ERROR] LogOutputStream:75 - [STDERR_REDIRECT] 
2026-03-27 16:14:13,161 [INFO] ServerAccessManage:452 - Complete download http(s) 200
2026-03-27 16:14:13,161 [INFO] ServerAccessManage:509 - Download File STMicroelectronics.X-CUBE-ST67W61.pdsc
2026-03-27 16:14:13,515 [INFO] ServerAccessManage:452 - Complete download http(s) 200
2026-03-27 16:14:13,516 [INFO] ServerAccessManage:509 - Download File STMicroelectronics.X-CUBE-STSE01.pdsc
2026-03-27 16:14:13,870 [ERROR] LogOutputStream:75 - [STDERR_REDIRECT] [Fatal Error] :1:1: Premature end of file.
2026-03-27 16:14:13,870 [ERROR] LogOutputStream:75 - [STDERR_REDIRECT] 
2026-03-27 16:14:13,948 [ERROR] DbBoards:659 - Image file not found for board STM32MP215F-DK: C:\Users\Mujaid\.stmcufinder\plugins\mcufinder//mcu//boards_images/STM32MP215F-DK.jpg
2026-03-27 16:14:14,084 [INFO] ServerAccessManage:452 - Complete download http(s) 200
2026-03-27 16:14:14,085 [INFO] ServerAccessManage:509 - Download File STMicroelectronics.X-CUBE-PM33A1.pdsc
2026-03-27 16:14:14,106 [INFO] DbBoards:665 - Loaded 211 board mini-images
2026-03-27 16:14:14,459 [INFO] ServerAccessManage:452 - Complete download http(s) 200
2026-03-27 16:14:14,459 [INFO] ServerAccessManage:509 - Download File STMicroelectronics.X-CUBE-TCPP.pdsc
2026-03-27 16:14:14,892 [ERROR] LogOutputStream:75 - [STDERR_REDIRECT] [Fatal Error] :1:1: Premature end of file.
2026-03-27 16:14:14,893 [ERROR] LogOutputStream:75 - [STDERR_REDIRECT] 
2026-03-27 16:14:14,990 [INFO] ServerAccessManage:452 - Complete download http(s) 200
2026-03-27 16:14:14,990 [INFO] ServerAccessManage:509 - Download File STMicroelectronics.X-CUBE-TOF1.pdsc
2026-03-27 16:14:15,883 [ERROR] LogOutputStream:75 - [STDERR_REDIRECT] [Fatal Error] :1:1: Premature end of file.
2026-03-27 16:14:15,883 [ERROR] LogOutputStream:75 - [STDERR_REDIRECT] 
2026-03-27 16:14:16,890 [ERROR] LogOutputStream:75 - [STDERR_REDIRECT] [Fatal Error] :1:1: Premature end of file.
2026-03-27 16:14:16,891 [ERROR] LogOutputStream:75 - [STDERR_REDIRECT] 
2026-03-27 16:14:16,994 [ERROR] ServerAccessManage:1212 - Problem, file not found on Server
2026-03-27 16:14:17,391 [INFO] ServerAccessManage:452 - Complete download http(s) 200
2026-03-27 16:14:17,391 [INFO] ServerAccessManage:509 - Download File STMicroelectronics.X-CUBE-TOUCHGFX.pdsc
2026-03-27 16:14:17,891 [ERROR] LogOutputStream:75 - [STDERR_REDIRECT] [Fatal Error] :1:1: Premature end of file.
2026-03-27 16:14:17,891 [ERROR] LogOutputStream:75 - [STDERR_REDIRECT] 
2026-03-27 16:14:18,869 [ERROR] LogOutputStream:75 - [STDERR_REDIRECT] [Fatal Error] :1:1: Premature end of file.
2026-03-27 16:14:18,869 [ERROR] LogOutputStream:75 - [STDERR_REDIRECT] 
2026-03-27 16:14:19,883 [ERROR] LogOutputStream:75 - [STDERR_REDIRECT] [Fatal Error] :1:1: Premature end of file.
2026-03-27 16:14:19,884 [ERROR] LogOutputStream:75 - [STDERR_REDIRECT] 
2026-03-27 16:14:20,887 [ERROR] LogOutputStream:75 - [STDERR_REDIRECT] [Fatal Error] :1:1: Premature end of file.
2026-03-27 16:14:20,889 [ERROR] LogOutputStream:75 - [STDERR_REDIRECT] 
2026-03-27 16:14:21,542 [INFO] ServerAccessManage:452 - Complete download http(s) 200
2026-03-27 16:14:21,543 [INFO] ServerAccessManage:509 - Download File STMicroelectronics.X-CUBE-ALGOBUILD.pdsc
2026-03-27 16:14:21,904 [ERROR] LogOutputStream:75 - [STDERR_REDIRECT] [Fatal Error] :1:1: Premature end of file.
2026-03-27 16:14:21,906 [ERROR] LogOutputStream:75 - [STDERR_REDIRECT] 
2026-03-27 16:14:22,651 [INFO] ServerAccessManage:452 - Complete download http(s) 200
2026-03-27 16:14:22,651 [INFO] ServerAccessManage:509 - Download File STMicroelectronics.X-CUBE-AZRTOS-H7.pdsc
2026-03-27 16:14:22,886 [ERROR] LogOutputStream:75 - [STDERR_REDIRECT] [Fatal Error] :1:1: Premature end of file.
2026-03-27 16:14:22,886 [ERROR] LogOutputStream:75 - [STDERR_REDIRECT] 
2026-03-27 16:14:23,856 [ERROR] LogOutputStream:75 - [STDERR_REDIRECT] [Fatal Error] :1:1: Premature end of file.
2026-03-27 16:14:23,856 [ERROR] LogOutputStream:75 - [STDERR_REDIRECT] 
2026-03-27 16:14:24,666 [INFO] ServerAccessManage:452 - Complete download http(s) 200
2026-03-27 16:14:24,666 [INFO] ServerAccessManage:509 - Download File STMicroelectronics.X-CUBE-AZRTOS-H7RS.pdsc
2026-03-27 16:14:24,917 [ERROR] LogOutputStream:75 - [STDERR_REDIRECT] [Fatal Error] :1:1: Premature end of file.
2026-03-27 16:14:24,918 [ERROR] LogOutputStream:75 - [STDERR_REDIRECT] 
2026-03-27 16:14:25,789 [INFO] ServerAccessManage:452 - Complete download http(s) 200
2026-03-27 16:14:25,790 [INFO] ServerAccessManage:509 - Download File STMicroelectronics.X-CUBE-AZRTOS-F4.pdsc
2026-03-27 16:14:25,862 [ERROR] LogOutputStream:75 - [STDERR_REDIRECT] [Fatal Error] :1:1: Premature end of file.
2026-03-27 16:14:25,862 [ERROR] LogOutputStream:75 - [STDERR_REDIRECT] 
2026-03-27 16:14:26,402 [INFO] ServerAccessManage:452 - Complete download http(s) 200
2026-03-27 16:14:26,402 [INFO] ServerAccessManage:509 - Download File STMicroelectronics.X-CUBE-AZRTOS-F7.pdsc
2026-03-27 16:14:26,882 [ERROR] LogOutputStream:75 - [STDERR_REDIRECT] [Fatal Error] :1:1: Premature end of file.
2026-03-27 16:14:26,883 [ERROR] LogOutputStream:75 - [STDERR_REDIRECT] 
2026-03-27 16:14:26,967 [INFO] ServerAccessManage:452 - Complete download http(s) 200
2026-03-27 16:14:26,967 [INFO] ServerAccessManage:509 - Download File STMicroelectronics.X-CUBE-AZRTOS-L4.pdsc
2026-03-27 16:14:27,630 [INFO] ServerAccessManage:452 - Complete download http(s) 200
2026-03-27 16:14:27,631 [INFO] ServerAccessManage:509 - Download File STMicroelectronics.X-CUBE-AZRTOS-L5.pdsc
2026-03-27 16:14:27,910 [ERROR] LogOutputStream:75 - [STDERR_REDIRECT] [Fatal Error] :1:1: Premature end of file.
2026-03-27 16:14:27,912 [ERROR] LogOutputStream:75 - [STDERR_REDIRECT] 
2026-03-27 16:14:28,323 [INFO] ServerAccessManage:452 - Complete download http(s) 200
2026-03-27 16:14:28,323 [INFO] ServerAccessManage:509 - Download File STMicroelectronics.X-CUBE-AZRTOS-G0.pdsc
2026-03-27 16:14:28,876 [ERROR] LogOutputStream:75 - [STDERR_REDIRECT] [Fatal Error] :1:1: Premature end of file.
2026-03-27 16:14:28,876 [ERROR] LogOutputStream:75 - [STDERR_REDIRECT] 
2026-03-27 16:14:29,244 [INFO] ServerAccessManage:452 - Complete download http(s) 200
2026-03-27 16:14:29,244 [INFO] ServerAccessManage:509 - Download File STMicroelectronics.X-CUBE-AZRTOS-G4.pdsc
2026-03-27 16:14:29,686 [INFO] ServerAccessManage:452 - Complete download http(s) 200
2026-03-27 16:14:29,687 [INFO] ServerAccessManage:509 - Download File STMicroelectronics.X-CUBE-AZRTOS-WB.pdsc
2026-03-27 16:14:29,985 [ERROR] LogOutputStream:75 - [STDERR_REDIRECT] [Fatal Error] :1:1: Premature end of file.
2026-03-27 16:14:29,985 [ERROR] LogOutputStream:75 - [STDERR_REDIRECT] 
2026-03-27 16:14:30,804 [INFO] ServerAccessManage:452 - Complete download http(s) 200
2026-03-27 16:14:30,804 [INFO] ServerAccessManage:509 - Download File STMicroelectronics.X-CUBE-AZRTOS-WL.pdsc
2026-03-27 16:14:30,905 [ERROR] LogOutputStream:75 - [STDERR_REDIRECT] [Fatal Error] :1:1: Premature end of file.
2026-03-27 16:14:30,905 [ERROR] LogOutputStream:75 - [STDERR_REDIRECT] 
2026-03-27 16:14:31,301 [INFO] ServerAccessManage:452 - Complete download http(s) 200
2026-03-27 16:14:31,301 [INFO] ServerAccessManage:509 - Download File STMicroelectronics.X-CUBE-WB05N.pdsc
2026-03-27 16:14:31,892 [ERROR] LogOutputStream:75 - [STDERR_REDIRECT] [Fatal Error] :1:1: Premature end of file.
2026-03-27 16:14:31,893 [ERROR] LogOutputStream:75 - [STDERR_REDIRECT] 
2026-03-27 16:14:32,913 [ERROR] LogOutputStream:75 - [STDERR_REDIRECT] [Fatal Error] :1:1: Premature end of file.
2026-03-27 16:14:32,913 [ERROR] LogOutputStream:75 - [STDERR_REDIRECT] 
2026-03-27 16:14:33,504 [INFO] ServerAccessManage:452 - Complete download http(s) 200
2026-03-27 16:14:33,504 [INFO] ServerAccessManage:509 - Download File wolfSSL.I-CUBE-wolfSSL.pdsc
2026-03-27 16:14:34,083 [ERROR] LogOutputStream:75 - [STDERR_REDIRECT] [Fatal Error] :1:1: Premature end of file.
2026-03-27 16:14:34,085 [ERROR] LogOutputStream:75 - [STDERR_REDIRECT] 
2026-03-27 16:14:34,878 [ERROR] LogOutputStream:75 - [STDERR_REDIRECT] [Fatal Error] :1:1: Premature end of file.
2026-03-27 16:14:34,878 [ERROR] LogOutputStream:75 - [STDERR_REDIRECT] 
2026-03-27 16:14:35,885 [ERROR] LogOutputStream:75 - [STDERR_REDIRECT] [Fatal Error] :1:1: Premature end of file.
2026-03-27 16:14:35,885 [ERROR] LogOutputStream:75 - [STDERR_REDIRECT] 
2026-03-27 16:14:36,884 [ERROR] LogOutputStream:75 - [STDERR_REDIRECT] [Fatal Error] :1:1: Premature end of file.
2026-03-27 16:14:36,884 [ERROR] LogOutputStream:75 - [STDERR_REDIRECT] 
2026-03-27 16:14:37,883 [ERROR] LogOutputStream:75 - [STDERR_REDIRECT] [Fatal Error] :1:1: Premature end of file.
2026-03-27 16:14:37,883 [ERROR] LogOutputStream:75 - [STDERR_REDIRECT] 
2026-03-27 16:14:38,887 [ERROR] LogOutputStream:75 - [STDERR_REDIRECT] [Fatal Error] :1:1: Premature end of file.
2026-03-27 16:14:38,891 [ERROR] LogOutputStream:75 - [STDERR_REDIRECT] 
2026-03-27 16:14:39,872 [ERROR] LogOutputStream:75 - [STDERR_REDIRECT] [Fatal Error] :1:1: Premature end of file.
2026-03-27 16:14:39,872 [ERROR] LogOutputStream:75 - [STDERR_REDIRECT] 
2026-03-27 16:14:40,859 [ERROR] LogOutputStream:75 - [STDERR_REDIRECT] [Fatal Error] :1:1: Premature end of file.
2026-03-27 16:14:40,859 [ERROR] LogOutputStream:75 - [STDERR_REDIRECT] 
2026-03-27 16:14:41,853 [ERROR] LogOutputStream:75 - [STDERR_REDIRECT] [Fatal Error] :1:1: Premature end of file.
2026-03-27 16:14:41,855 [ERROR] LogOutputStream:75 - [STDERR_REDIRECT] 
2026-03-27 16:14:42,866 [ERROR] LogOutputStream:75 - [STDERR_REDIRECT] [Fatal Error] :1:1: Premature end of file.
2026-03-27 16:14:42,878 [ERROR] LogOutputStream:75 - [STDERR_REDIRECT] 
2026-03-27 16:14:43,854 [ERROR] LogOutputStream:75 - [STDERR_REDIRECT] [Fatal Error] :1:1: Premature end of file.
2026-03-27 16:14:43,854 [ERROR] LogOutputStream:75 - [STDERR_REDIRECT] 
2026-03-27 16:14:44,866 [ERROR] LogOutputStream:75 - [STDERR_REDIRECT] [Fatal Error] :1:1: Premature end of file.
2026-03-27 16:14:44,866 [ERROR] LogOutputStream:75 - [STDERR_REDIRECT] 
2026-03-27 16:14:45,879 [ERROR] LogOutputStream:75 - [STDERR_REDIRECT] [Fatal Error] :1:1: Premature end of file.
2026-03-27 16:14:45,891 [ERROR] LogOutputStream:75 - [STDERR_REDIRECT] 
2026-03-27 16:14:46,875 [ERROR] LogOutputStream:75 - [STDERR_REDIRECT] [Fatal Error] :1:1: Premature end of file.
2026-03-27 16:14:46,875 [ERROR] LogOutputStream:75 - [STDERR_REDIRECT] 
2026-03-27 16:14:47,227 [ERROR] ServerAccessManage:1212 - Problem, file not found on Server
2026-03-27 16:14:47,651 [ERROR] ServerAccessManage:1212 - Problem, file not found on Server
2026-03-27 16:14:47,906 [ERROR] LogOutputStream:75 - [STDERR_REDIRECT] [Fatal Error] :1:1: Premature end of file.
2026-03-27 16:14:47,910 [ERROR] LogOutputStream:75 - [STDERR_REDIRECT] 
2026-03-27 16:14:48,699 [ERROR] ServerAccessManage:1212 - Problem, file not found on Server
2026-03-27 16:14:48,991 [INFO] ServerAccessManage:452 - Complete download http(s) 200
2026-03-27 16:14:48,991 [INFO] ServerAccessManage:509 - Download File wolfSSL.I-CUBE-wolfMQTT.pdsc
2026-03-27 16:14:49,022 [ERROR] LogOutputStream:75 - [STDERR_REDIRECT] [Fatal Error] :1:1: Premature end of file.
2026-03-27 16:14:49,022 [ERROR] LogOutputStream:75 - [STDERR_REDIRECT] 
2026-03-27 16:14:49,883 [ERROR] LogOutputStream:75 - [STDERR_REDIRECT] [Fatal Error] :1:1: Premature end of file.
2026-03-27 16:14:49,892 [ERROR] LogOutputStream:75 - [STDERR_REDIRECT] 
2026-03-27 16:14:50,865 [ERROR] LogOutputStream:75 - [STDERR_REDIRECT] [Fatal Error] :1:1: Premature end of file.
2026-03-27 16:14:50,865 [ERROR] LogOutputStream:75 - [STDERR_REDIRECT] 
2026-03-27 16:14:50,897 [ERROR] ServerAccessManage:1212 - Problem, file not found on Server
2026-03-27 16:14:51,808 [INFO] ServerAccessManage:452 - Complete download http(s) 200
2026-03-27 16:14:51,808 [INFO] ServerAccessManage:509 - Download File wolfSSL.I-CUBE-wolfTPM.pdsc
2026-03-27 16:14:51,896 [ERROR] LogOutputStream:75 - [STDERR_REDIRECT] [Fatal Error] :1:1: Premature end of file.
2026-03-27 16:14:51,896 [ERROR] LogOutputStream:75 - [STDERR_REDIRECT] 
2026-03-27 16:14:52,892 [ERROR] LogOutputStream:75 - [STDERR_REDIRECT] [Fatal Error] :1:1: Premature end of file.
2026-03-27 16:14:52,892 [ERROR] LogOutputStream:75 - [STDERR_REDIRECT] 
2026-03-27 16:14:53,883 [ERROR] LogOutputStream:75 - [STDERR_REDIRECT] [Fatal Error] :1:1: Premature end of file.
2026-03-27 16:14:53,883 [ERROR] LogOutputStream:75 - [STDERR_REDIRECT] 
2026-03-27 16:14:54,877 [ERROR] LogOutputStream:75 - [STDERR_REDIRECT] [Fatal Error] :1:1: Premature end of file.
2026-03-27 16:14:54,886 [ERROR] LogOutputStream:75 - [STDERR_REDIRECT] 
2026-03-27 16:14:55,768 [INFO] ServerAccessManage:452 - Complete download http(s) 200
2026-03-27 16:14:55,768 [INFO] ServerAccessManage:509 - Download File wolfSSL.I-CUBE-wolfSSH.pdsc
2026-03-27 16:14:55,882 [ERROR] LogOutputStream:75 - [STDERR_REDIRECT] [Fatal Error] :1:1: Premature end of file.
2026-03-27 16:14:55,882 [ERROR] LogOutputStream:75 - [STDERR_REDIRECT] 
2026-03-27 16:14:56,872 [ERROR] LogOutputStream:75 - [STDERR_REDIRECT] [Fatal Error] :1:1: Premature end of file.
2026-03-27 16:14:56,872 [ERROR] LogOutputStream:75 - [STDERR_REDIRECT] 
2026-03-27 16:14:57,864 [ERROR] LogOutputStream:75 - [STDERR_REDIRECT] [Fatal Error] :1:1: Premature end of file.
2026-03-27 16:14:57,864 [ERROR] LogOutputStream:75 - [STDERR_REDIRECT] 
2026-03-27 16:14:58,865 [ERROR] LogOutputStream:75 - [STDERR_REDIRECT] [Fatal Error] :1:1: Premature end of file.
2026-03-27 16:14:58,865 [ERROR] LogOutputStream:75 - [STDERR_REDIRECT] 
2026-03-27 16:14:59,860 [ERROR] LogOutputStream:75 - [STDERR_REDIRECT] [Fatal Error] :1:1: Premature end of file.
2026-03-27 16:14:59,860 [ERROR] LogOutputStream:75 - [STDERR_REDIRECT] 
2026-03-27 16:15:00,853 [ERROR] LogOutputStream:75 - [STDERR_REDIRECT] [Fatal Error] :1:1: Premature end of file.
2026-03-27 16:15:00,856 [ERROR] LogOutputStream:75 - [STDERR_REDIRECT] 
2026-03-27 16:15:01,890 [ERROR] LogOutputStream:75 - [STDERR_REDIRECT] [Fatal Error] :1:1: Premature end of file.
2026-03-27 16:15:01,892 [ERROR] LogOutputStream:75 - [STDERR_REDIRECT] 
2026-03-27 16:15:02,430 [INFO] ServerAccessManage:452 - Complete download http(s) 200
2026-03-27 16:15:02,430 [INFO] ServerAccessManage:509 - Download File RealThread.X-CUBE-RT-Thread_Nano.pdsc
2026-03-27 16:15:02,893 [ERROR] LogOutputStream:75 - [STDERR_REDIRECT] [Fatal Error] :1:1: Premature end of file.
2026-03-27 16:15:02,893 [ERROR] LogOutputStream:75 - [STDERR_REDIRECT] 
2026-03-27 16:15:03,875 [ERROR] LogOutputStream:75 - [STDERR_REDIRECT] [Fatal Error] :1:1: Premature end of file.
2026-03-27 16:15:03,875 [ERROR] LogOutputStream:75 - [STDERR_REDIRECT] 
2026-03-27 16:15:04,865 [ERROR] LogOutputStream:75 - [STDERR_REDIRECT] [Fatal Error] :1:1: Premature end of file.
2026-03-27 16:15:04,865 [ERROR] LogOutputStream:75 - [STDERR_REDIRECT] 
2026-03-27 16:15:05,325 [INFO] ServerAccessManage:452 - Complete download http(s) 200
2026-03-27 16:15:05,325 [INFO] ServerAccessManage:509 - Download File SEGGER.I-CUBE-embOS.pdsc
2026-03-27 16:15:05,881 [ERROR] LogOutputStream:75 - [STDERR_REDIRECT] [Fatal Error] :1:1: Premature end of file.
2026-03-27 16:15:05,881 [ERROR] LogOutputStream:75 - [STDERR_REDIRECT] 
2026-03-27 16:15:06,872 [ERROR] LogOutputStream:75 - [STDERR_REDIRECT] [Fatal Error] :1:1: Premature end of file.
2026-03-27 16:15:06,877 [ERROR] LogOutputStream:75 - [STDERR_REDIRECT] 
2026-03-27 16:15:07,861 [ERROR] LogOutputStream:75 - [STDERR_REDIRECT] [Fatal Error] :1:1: Premature end of file.
2026-03-27 16:15:07,861 [ERROR] LogOutputStream:75 - [STDERR_REDIRECT] 
2026-03-27 16:15:08,890 [ERROR] LogOutputStream:75 - [STDERR_REDIRECT] [Fatal Error] :1:1: Premature end of file.
2026-03-27 16:15:08,890 [ERROR] LogOutputStream:75 - [STDERR_REDIRECT] 
2026-03-27 16:15:09,891 [ERROR] LogOutputStream:75 - [STDERR_REDIRECT] [Fatal Error] :1:1: Premature end of file.
2026-03-27 16:15:09,891 [ERROR] LogOutputStream:75 - [STDERR_REDIRECT] 
2026-03-27 16:15:09,971 [INFO] ServerAccessManage:452 - Complete download http(s) 200
2026-03-27 16:15:09,971 [INFO] ServerAccessManage:509 - Download File emotas.I-CUBE-CANOPEN.pdsc
2026-03-27 16:15:10,892 [ERROR] LogOutputStream:75 - [STDERR_REDIRECT] [Fatal Error] :1:1: Premature end of file.
2026-03-27 16:15:10,892 [ERROR] LogOutputStream:75 - [STDERR_REDIRECT] 
2026-03-27 16:15:11,899 [ERROR] LogOutputStream:75 - [STDERR_REDIRECT] [Fatal Error] :1:1: Premature end of file.
2026-03-27 16:15:11,899 [ERROR] LogOutputStream:75 - [STDERR_REDIRECT] 
2026-03-27 16:15:12,883 [ERROR] LogOutputStream:75 - [STDERR_REDIRECT] [Fatal Error] :1:1: Premature end of file.
2026-03-27 16:15:12,883 [ERROR] LogOutputStream:75 - [STDERR_REDIRECT] 
2026-03-27 16:15:13,871 [ERROR] LogOutputStream:75 - [STDERR_REDIRECT] [Fatal Error] :1:1: Premature end of file.
2026-03-27 16:15:13,871 [ERROR] LogOutputStream:75 - [STDERR_REDIRECT] 
2026-03-27 16:15:14,103 [INFO] ServerAccessManage:452 - Complete download http(s) 200
2026-03-27 16:15:14,103 [INFO] ServerAccessManage:509 - Download File WES.I-CUBE-Cesium.pdsc
2026-03-27 16:15:14,867 [ERROR] LogOutputStream:75 - [STDERR_REDIRECT] [Fatal Error] :1:1: Premature end of file.
2026-03-27 16:15:14,880 [ERROR] LogOutputStream:75 - [STDERR_REDIRECT] 
2026-03-27 16:15:15,867 [ERROR] LogOutputStream:75 - [STDERR_REDIRECT] [Fatal Error] :1:1: Premature end of file.
2026-03-27 16:15:15,867 [ERROR] LogOutputStream:75 - [STDERR_REDIRECT] 
2026-03-27 16:15:16,318 [ERROR] ServerAccessManage:1212 - Problem, file not found on Server
2026-03-27 16:15:16,878 [ERROR] LogOutputStream:75 - [STDERR_REDIRECT] [Fatal Error] :1:1: Premature end of file.
2026-03-27 16:15:16,878 [ERROR] LogOutputStream:75 - [STDERR_REDIRECT] 
2026-03-27 16:15:17,019 [ERROR] ServerAccessManage:1212 - Problem, file not found on Server
2026-03-27 16:15:17,884 [ERROR] LogOutputStream:75 - [STDERR_REDIRECT] [Fatal Error] :1:1: Premature end of file.
2026-03-27 16:15:17,886 [ERROR] LogOutputStream:75 - [STDERR_REDIRECT] 
2026-03-27 16:15:18,897 [ERROR] LogOutputStream:75 - [STDERR_REDIRECT] [Fatal Error] :1:1: Premature end of file.
2026-03-27 16:15:18,897 [ERROR] LogOutputStream:75 - [STDERR_REDIRECT] 
2026-03-27 16:15:19,871 [ERROR] LogOutputStream:75 - [STDERR_REDIRECT] [Fatal Error] :1:1: Premature end of file.
2026-03-27 16:15:19,871 [ERROR] LogOutputStream:75 - [STDERR_REDIRECT] 
2026-03-27 16:15:20,632 [INFO] ServerAccessManage:452 - Complete download http(s) 200
2026-03-27 16:15:20,632 [INFO] ServerAccessManage:509 - Download File ITTIA_DB.I-CUBE-ITTIADB.pdsc
2026-03-27 16:15:20,872 [ERROR] LogOutputStream:75 - [STDERR_REDIRECT] [Fatal Error] :1:1: Premature end of file.
2026-03-27 16:15:20,872 [ERROR] LogOutputStream:75 - [STDERR_REDIRECT] 
2026-03-27 16:15:21,872 [ERROR] LogOutputStream:75 - [STDERR_REDIRECT] [Fatal Error] :1:1: Premature end of file.
2026-03-27 16:15:21,872 [ERROR] LogOutputStream:75 - [STDERR_REDIRECT] 
2026-03-27 16:15:22,869 [ERROR] LogOutputStream:75 - [STDERR_REDIRECT] [Fatal Error] :1:1: Premature end of file.
2026-03-27 16:15:22,869 [ERROR] LogOutputStream:75 - [STDERR_REDIRECT] 
2026-03-27 16:15:23,880 [ERROR] LogOutputStream:75 - [STDERR_REDIRECT] [Fatal Error] :1:1: Premature end of file.
2026-03-27 16:15:23,880 [ERROR] LogOutputStream:75 - [STDERR_REDIRECT] 
2026-03-27 16:15:24,893 [ERROR] LogOutputStream:75 - [STDERR_REDIRECT] [Fatal Error] :1:1: Premature end of file.
2026-03-27 16:15:24,893 [ERROR] LogOutputStream:75 - [STDERR_REDIRECT] 
2026-03-27 16:15:25,877 [ERROR] LogOutputStream:75 - [STDERR_REDIRECT] [Fatal Error] :1:1: Premature end of file.
2026-03-27 16:15:25,877 [ERROR] LogOutputStream:75 - [STDERR_REDIRECT] 
2026-03-27 16:15:26,866 [ERROR] LogOutputStream:75 - [STDERR_REDIRECT] [Fatal Error] :1:1: Premature end of file.
2026-03-27 16:15:26,866 [ERROR] LogOutputStream:75 - [STDERR_REDIRECT] 
2026-03-27 16:15:27,812 [INFO] ServerAccessManage:452 - Complete download http(s) 200
2026-03-27 16:15:27,814 [INFO] ServerAccessManage:509 - Download File Infineon.AIROC-Wi-Fi-Bluetooth-STM32.pdsc
2026-03-27 16:15:27,870 [ERROR] LogOutputStream:75 - [STDERR_REDIRECT] [Fatal Error] :1:1: Premature end of file.
2026-03-27 16:15:27,870 [ERROR] LogOutputStream:75 - [STDERR_REDIRECT] 
2026-03-27 16:15:28,865 [ERROR] LogOutputStream:75 - [STDERR_REDIRECT] [Fatal Error] :1:1: Premature end of file.
2026-03-27 16:15:28,865 [ERROR] LogOutputStream:75 - [STDERR_REDIRECT] 
2026-03-27 16:15:29,882 [ERROR] LogOutputStream:75 - [STDERR_REDIRECT] [Fatal Error] :1:1: Premature end of file.
2026-03-27 16:15:29,882 [ERROR] LogOutputStream:75 - [STDERR_REDIRECT] 
2026-03-27 16:15:30,858 [ERROR] LogOutputStream:75 - [STDERR_REDIRECT] [Fatal Error] :1:1: Premature end of file.
2026-03-27 16:15:30,858 [ERROR] LogOutputStream:75 - [STDERR_REDIRECT] 
2026-03-27 16:15:31,849 [ERROR] LogOutputStream:75 - [STDERR_REDIRECT] [Fatal Error] :1:1: Premature end of file.
2026-03-27 16:15:31,865 [ERROR] LogOutputStream:75 - [STDERR_REDIRECT] 
2026-03-27 16:15:32,846 [ERROR] LogOutputStream:75 - [STDERR_REDIRECT] [Fatal Error] :1:1: Premature end of file.
2026-03-27 16:15:32,862 [ERROR] LogOutputStream:75 - [STDERR_REDIRECT] 
2026-03-27 16:15:33,853 [ERROR] LogOutputStream:75 - [STDERR_REDIRECT] [Fatal Error] :1:1: Premature end of file.
2026-03-27 16:15:33,853 [ERROR] LogOutputStream:75 - [STDERR_REDIRECT] 
2026-03-27 16:15:34,861 [ERROR] LogOutputStream:75 - [STDERR_REDIRECT] [Fatal Error] :1:1: Premature end of file.
2026-03-27 16:15:34,861 [ERROR] LogOutputStream:75 - [STDERR_REDIRECT] 
2026-03-27 16:15:35,869 [ERROR] LogOutputStream:75 - [STDERR_REDIRECT] [Fatal Error] :1:1: Premature end of file.
2026-03-27 16:15:35,869 [ERROR] LogOutputStream:75 - [STDERR_REDIRECT] 
2026-03-27 16:15:36,893 [ERROR] LogOutputStream:75 - [STDERR_REDIRECT] [Fatal Error] :1:1: Premature end of file.
2026-03-27 16:15:36,897 [ERROR] LogOutputStream:75 - [STDERR_REDIRECT] 
2026-03-27 16:15:37,860 [ERROR] LogOutputStream:75 - [STDERR_REDIRECT] [Fatal Error] :1:1: Premature end of file.
2026-03-27 16:15:37,860 [ERROR] LogOutputStream:75 - [STDERR_REDIRECT] 
2026-03-27 16:15:38,879 [ERROR] LogOutputStream:75 - [STDERR_REDIRECT] [Fatal Error] :1:1: Premature end of file.
2026-03-27 16:15:38,879 [ERROR] LogOutputStream:75 - [STDERR_REDIRECT] 
2026-03-27 16:15:39,891 [ERROR] LogOutputStream:75 - [STDERR_REDIRECT] [Fatal Error] :1:1: Premature end of file.
2026-03-27 16:15:39,893 [ERROR] LogOutputStream:75 - [STDERR_REDIRECT] 
2026-03-27 16:15:40,843 [INFO] ServerAccessManage:452 - Complete download http(s) 200
2026-03-27 16:15:40,843 [INFO] ServerAccessManage:509 - Download File Cesanta.I-CUBE-Mongoose.pdsc
2026-03-27 16:15:40,865 [ERROR] LogOutputStream:75 - [STDERR_REDIRECT] [Fatal Error] :1:1: Premature end of file.
2026-03-27 16:15:40,865 [ERROR] LogOutputStream:75 - [STDERR_REDIRECT] 
2026-03-27 16:15:41,865 [ERROR] LogOutputStream:75 - [STDERR_REDIRECT] [Fatal Error] :1:1: Premature end of file.
2026-03-27 16:15:41,865 [ERROR] LogOutputStream:75 - [STDERR_REDIRECT] 
2026-03-27 16:15:42,863 [ERROR] LogOutputStream:75 - [STDERR_REDIRECT] [Fatal Error] :1:1: Premature end of file.
2026-03-27 16:15:42,863 [ERROR] LogOutputStream:75 - [STDERR_REDIRECT] 
2026-03-27 16:15:43,866 [ERROR] LogOutputStream:75 - [STDERR_REDIRECT] [Fatal Error] :1:1: Premature end of file.
2026-03-27 16:15:43,866 [ERROR] LogOutputStream:75 - [STDERR_REDIRECT] 
2026-03-27 16:15:44,876 [ERROR] LogOutputStream:75 - [STDERR_REDIRECT] [Fatal Error] :1:1: Premature end of file.
2026-03-27 16:15:44,876 [ERROR] LogOutputStream:75 - [STDERR_REDIRECT] 
2026-03-27 16:15:45,870 [ERROR] LogOutputStream:75 - [STDERR_REDIRECT] [Fatal Error] :1:1: Premature end of file.
2026-03-27 16:15:45,870 [ERROR] LogOutputStream:75 - [STDERR_REDIRECT] 
2026-03-27 16:15:46,892 [ERROR] LogOutputStream:75 - [STDERR_REDIRECT] [Fatal Error] :1:1: Premature end of file.
2026-03-27 16:15:46,892 [ERROR] LogOutputStream:75 - [STDERR_REDIRECT] 
2026-03-27 16:15:47,890 [ERROR] LogOutputStream:75 - [STDERR_REDIRECT] [Fatal Error] :1:1: Premature end of file.
2026-03-27 16:15:47,890 [ERROR] LogOutputStream:75 - [STDERR_REDIRECT] 
2026-03-27 16:15:48,910 [ERROR] LogOutputStream:75 - [STDERR_REDIRECT] [Fatal Error] :1:1: Premature end of file.
2026-03-27 16:15:48,910 [ERROR] LogOutputStream:75 - [STDERR_REDIRECT] 
2026-03-27 16:15:49,900 [ERROR] LogOutputStream:75 - [STDERR_REDIRECT] [Fatal Error] :1:1: Premature end of file.
2026-03-27 16:15:49,900 [ERROR] LogOutputStream:75 - [STDERR_REDIRECT] 
2026-03-27 16:15:50,905 [ERROR] LogOutputStream:75 - [STDERR_REDIRECT] [Fatal Error] :1:1: Premature end of file.
2026-03-27 16:15:50,905 [ERROR] LogOutputStream:75 - [STDERR_REDIRECT] 
2026-03-27 16:15:51,895 [ERROR] LogOutputStream:75 - [STDERR_REDIRECT] [Fatal Error] :1:1: Premature end of file.
2026-03-27 16:15:51,896 [ERROR] LogOutputStream:75 - [STDERR_REDIRECT] 
2026-03-27 16:15:52,892 [ERROR] LogOutputStream:75 - [STDERR_REDIRECT] [Fatal Error] :1:1: Premature end of file.
2026-03-27 16:15:52,892 [ERROR] LogOutputStream:75 - [STDERR_REDIRECT] 
2026-03-27 16:15:53,892 [ERROR] LogOutputStream:75 - [STDERR_REDIRECT] [Fatal Error] :1:1: Premature end of file.
2026-03-27 16:15:53,892 [ERROR] LogOutputStream:75 - [STDERR_REDIRECT] 
2026-03-27 16:15:54,887 [ERROR] LogOutputStream:75 - [STDERR_REDIRECT] [Fatal Error] :1:1: Premature end of file.
2026-03-27 16:15:54,888 [ERROR] LogOutputStream:75 - [STDERR_REDIRECT] 
2026-03-27 16:15:55,907 [ERROR] LogOutputStream:75 - [STDERR_REDIRECT] [Fatal Error] :1:1: Premature end of file.
2026-03-27 16:15:55,909 [ERROR] LogOutputStream:75 - [STDERR_REDIRECT] 
2026-03-27 16:15:56,914 [ERROR] LogOutputStream:75 - [STDERR_REDIRECT] [Fatal Error] :1:1: Premature end of file.
2026-03-27 16:15:56,914 [ERROR] LogOutputStream:75 - [STDERR_REDIRECT] 
2026-03-27 16:15:57,906 [ERROR] LogOutputStream:75 - [STDERR_REDIRECT] [Fatal Error] :1:1: Premature end of file.
2026-03-27 16:15:57,908 [ERROR] LogOutputStream:75 - [STDERR_REDIRECT] 
2026-03-27 16:15:58,898 [ERROR] LogOutputStream:75 - [STDERR_REDIRECT] [Fatal Error] :1:1: Premature end of file.
2026-03-27 16:15:58,898 [ERROR] LogOutputStream:75 - [STDERR_REDIRECT] 
2026-03-27 16:15:59,884 [ERROR] LogOutputStream:75 - [STDERR_REDIRECT] [Fatal Error] :1:1: Premature end of file.
2026-03-27 16:15:59,884 [ERROR] LogOutputStream:75 - [STDERR_REDIRECT] 
2026-03-27 16:16:00,893 [ERROR] LogOutputStream:75 - [STDERR_REDIRECT] [Fatal Error] :1:1: Premature end of file.
2026-03-27 16:16:00,897 [ERROR] LogOutputStream:75 - [STDERR_REDIRECT] 
2026-03-27 16:16:01,967 [ERROR] LogOutputStream:75 - [STDERR_REDIRECT] [Fatal Error] :1:1: Premature end of file.
2026-03-27 16:16:01,967 [ERROR] LogOutputStream:75 - [STDERR_REDIRECT] 
2026-03-27 16:16:02,889 [ERROR] LogOutputStream:75 - [STDERR_REDIRECT] [Fatal Error] :1:1: Premature end of file.
2026-03-27 16:16:02,889 [ERROR] LogOutputStream:75 - [STDERR_REDIRECT] 
2026-03-27 16:16:03,886 [ERROR] LogOutputStream:75 - [STDERR_REDIRECT] [Fatal Error] :1:1: Premature end of file.
2026-03-27 16:16:03,893 [ERROR] LogOutputStream:75 - [STDERR_REDIRECT] 
2026-03-27 16:16:04,903 [ERROR] LogOutputStream:75 - [STDERR_REDIRECT] [Fatal Error] :1:1: Premature end of file.
2026-03-27 16:16:04,903 [ERROR] LogOutputStream:75 - [STDERR_REDIRECT] 
2026-03-27 16:16:05,911 [ERROR] LogOutputStream:75 - [STDERR_REDIRECT] [Fatal Error] :1:1: Premature end of file.
2026-03-27 16:16:05,917 [ERROR] LogOutputStream:75 - [STDERR_REDIRECT] 
2026-03-27 16:16:06,890 [ERROR] LogOutputStream:75 - [STDERR_REDIRECT] [Fatal Error] :1:1: Premature end of file.
2026-03-27 16:16:06,890 [ERROR] LogOutputStream:75 - [STDERR_REDIRECT] 
2026-03-27 16:16:06,930 [ERROR] ServerAccessManage:1295 - Problem during Server Connection :  IO error Connection timed out: getsockopt
2026-03-27 16:16:06,930 [ERROR] ServerAccessManage:740 - Problem during Server Connection :  : EmbeddedOffice.I-CUBE-FS-RTOS.pdsc.
2026-03-27 16:16:07,901 [ERROR] LogOutputStream:75 - [STDERR_REDIRECT] [Fatal Error] :1:1: Premature end of file.
2026-03-27 16:16:07,901 [ERROR] LogOutputStream:75 - [STDERR_REDIRECT] 
2026-03-27 16:16:08,914 [ERROR] LogOutputStream:75 - [STDERR_REDIRECT] [Fatal Error] :1:1: Premature end of file.
2026-03-27 16:16:08,914 [ERROR] LogOutputStream:75 - [STDERR_REDIRECT] 
2026-03-27 16:16:09,051 [INFO] ServerAccessManage:452 - Complete download http(s) 200
2026-03-27 16:16:09,053 [INFO] ServerAccessManage:509 - Download File quantropi.X-CUBE-qispace-sdk-base.pdsc
2026-03-27 16:16:09,880 [ERROR] LogOutputStream:75 - [STDERR_REDIRECT] [Fatal Error] :1:1: Premature end of file.
2026-03-27 16:16:09,880 [ERROR] LogOutputStream:75 - [STDERR_REDIRECT] 
2026-03-27 16:16:10,890 [ERROR] LogOutputStream:75 - [STDERR_REDIRECT] [Fatal Error] :1:1: Premature end of file.
2026-03-27 16:16:10,890 [ERROR] LogOutputStream:75 - [STDERR_REDIRECT] 
2026-03-27 16:16:11,391 [INFO] ServerAccessManage:452 - Complete download http(s) 200
2026-03-27 16:16:11,391 [INFO] ServerAccessManage:509 - Download File Avnet-IOTCONNECT.X-CUBE-iotc-st67-sdk.pdsc
2026-03-27 16:16:12,049 [ERROR] LogOutputStream:75 - [STDERR_REDIRECT] [Fatal Error] :1:1: Premature end of file.
2026-03-27 16:16:12,060 [ERROR] LogOutputStream:75 - [STDERR_REDIRECT] 
2026-03-27 16:16:12,260 [WARN] PackLoader:240 - Cannot read IP mode file for STMicroelectronics.FP-ATR-ASTRA1.2.0.2
2026-03-27 16:16:12,267 [WARN] CheckServerUpdateThread:151 - Open CheckUpdateFile Fail
2026-03-27 16:16:12,300 [WARN] PackLoader:240 - Cannot read IP mode file for STMicroelectronics.FP-ATR-SIGFOX1.3.2.0
2026-03-27 16:16:12,376 [WARN] PackLoader:240 - Cannot read IP mode file for STMicroelectronics.FP-SNS-STBOX1.2.1.0
2026-03-27 16:16:12,426 [WARN] PackLoader:240 - Cannot read IP mode file for STMicroelectronics.FP-SNS-FLIGHT1.5.1.0
2026-03-27 16:16:12,443 [WARN] PackLoader:240 - Cannot read IP mode file for STMicroelectronics.FP-SNS-MOTENV1.5.1.0
2026-03-27 16:16:12,464 [WARN] PackLoader:240 - Cannot read IP mode file for STMicroelectronics.FP-SNS-MOTENVWB1.1.5.0
2026-03-27 16:16:12,482 [WARN] PackLoader:240 - Cannot read IP mode file for STMicroelectronics.FP-SNS-SMARTAG2.1.2.0
2026-03-27 16:16:12,520 [WARN] PackLoader:240 - Cannot read IP mode file for STMicroelectronics.FP-SNS-STAIOTCFT.1.0.0
2026-03-27 16:16:12,540 [WARN] PackLoader:240 - Cannot read IP mode file for STMicroelectronics.X-CUBE-AI.10.2.0
2026-03-27 16:16:12,540 [INFO] CheckServerUpdateThread:120 - End of CheckServer Thread
2026-03-27 16:16:12,560 [WARN] PackLoader:240 - Cannot read IP mode file for STMicroelectronics.X-CUBE-ALS.1.0.2
2026-03-27 16:16:12,609 [WARN] PackLoader:240 - Cannot read IP mode file for STMicroelectronics.X-CUBE-BLE1.7.1.0
2026-03-27 16:16:12,634 [WARN] PackLoader:240 - Cannot read IP mode file for STMicroelectronics.X-CUBE-BLE2.3.3.0
2026-03-27 16:16:12,700 [WARN] PackLoader:240 - Cannot read IP mode file for STMicroelectronics.X-CUBE-BLEMGR.4.1.0
2026-03-27 16:16:12,811 [WARN] PackLoader:240 - Cannot read IP mode file for STMicroelectronics.X-CUBE-DISPLAY.3.0.0
2026-03-27 16:16:12,878 [WARN] PackLoader:240 - Cannot read IP mode file for STMicroelectronics.X-CUBE-DPower.1.3.0
2026-03-27 16:16:12,892 [ERROR] LogOutputStream:75 - [STDERR_REDIRECT] [Fatal Error] :1:1: Premature end of file.
2026-03-27 16:16:12,899 [ERROR] LogOutputStream:75 - [STDERR_REDIRECT] 
2026-03-27 16:16:12,911 [WARN] PackLoader:240 - Cannot read IP mode file for STMicroelectronics.X-CUBE-EEPRMA1.5.2.0
2026-03-27 16:16:12,950 [WARN] PackLoader:240 - Cannot read IP mode file for STMicroelectronics.X-CUBE-FREERTOS.1.5.0
2026-03-27 16:16:12,981 [WARN] PackLoader:240 - Cannot read IP mode file for STMicroelectronics.X-CUBE-GNSS1.7.1.0
2026-03-27 16:16:13,016 [WARN] PackLoader:240 - Cannot read IP mode file for STMicroelectronics.X-CUBE-ISPU.2.1.0
2026-03-27 16:16:13,066 [WARN] PackLoader:240 - Cannot read IP mode file for STMicroelectronics.X-CUBE-IPS.3.2.0
2026-03-27 16:16:13,341 [WARN] PackLoader:240 - Cannot read IP mode file for STMicroelectronics.X-CUBE-MEMS1.12.0.0
2026-03-27 16:16:13,762 [WARN] PackLoader:240 - Cannot read IP mode file for STMicroelectronics.X-CUBE-NFC4.3.0.0
2026-03-27 16:16:13,794 [WARN] PackLoader:240 - Cannot read IP mode file for STMicroelectronics.X-CUBE-NFC6.3.2.0
2026-03-27 16:16:13,811 [WARN] PackLoader:240 - Cannot read IP mode file for STMicroelectronics.X-CUBE-NFC7.2.0.0
2026-03-27 16:16:13,843 [WARN] PackLoader:240 - Cannot read IP mode file for STMicroelectronics.X-CUBE-NFC9.1.0.0
2026-03-27 16:16:13,884 [WARN] PackLoader:240 - Cannot read IP mode file for STMicroelectronics.X-CUBE-NFC10.1.0.0
2026-03-27 16:16:13,908 [ERROR] LogOutputStream:75 - [STDERR_REDIRECT] [Fatal Error] :1:1: Premature end of file.
2026-03-27 16:16:13,910 [WARN] PackLoader:240 - Cannot read IP mode file for STMicroelectronics.X-CUBE-NFC12.1.0.0
2026-03-27 16:16:13,910 [ERROR] LogOutputStream:75 - [STDERR_REDIRECT] 
2026-03-27 16:16:13,935 [WARN] PackLoader:240 - Cannot read IP mode file for STMicroelectronics.X-CUBE-SFXS2LP1.4.0.0
2026-03-27 16:16:13,960 [WARN] PackLoader:240 - Cannot read IP mode file for STMicroelectronics.X-CUBE-SUBG2.5.0.0
2026-03-27 16:16:13,991 [WARN] PackLoader:240 - Cannot read IP mode file for STMicroelectronics.X-CUBE-SMBUS.2.1.0
2026-03-27 16:16:14,010 [WARN] PackLoader:240 - Cannot read IP mode file for STMicroelectronics.X-CUBE-ST60.1.1.0
2026-03-27 16:16:14,024 [WARN] PackLoader:240 - Cannot read IP mode file for STMicroelectronics.X-CUBE-ST67W61.1.2.0
2026-03-27 16:16:14,051 [WARN] PackLoader:240 - Cannot read IP mode file for STMicroelectronics.X-CUBE-STSE01.2.0.0
2026-03-27 16:16:14,074 [WARN] PackLoader:240 - Cannot read IP mode file for STMicroelectronics.X-CUBE-PM33A1.1.0.0
2026-03-27 16:16:14,091 [WARN] PackLoader:240 - Cannot read IP mode file for STMicroelectronics.X-CUBE-TCPP.4.2.0
2026-03-27 16:16:14,127 [WARN] PackLoader:240 - Cannot read IP mode file for STMicroelectronics.X-CUBE-TOF1.3.4.3
2026-03-27 16:16:14,181 [WARN] PackLoader:240 - Cannot read IP mode file for STMicroelectronics.X-CUBE-TOUCHGFX.4.26.1
2026-03-27 16:16:14,204 [WARN] PackLoader:240 - Cannot read IP mode file for STMicroelectronics.X-CUBE-ALGOBUILD.1.4.0
2026-03-27 16:16:14,300 [WARN] PackLoader:240 - Cannot read IP mode file for STMicroelectronics.X-CUBE-AZRTOS-H7.3.5.0
2026-03-27 16:16:14,368 [WARN] PackLoader:240 - Cannot read IP mode file for STMicroelectronics.X-CUBE-AZRTOS-H7RS.1.2.0
2026-03-27 16:16:14,417 [WARN] PackLoader:240 - Cannot read IP mode file for STMicroelectronics.X-CUBE-AZRTOS-F4.1.1.0
2026-03-27 16:16:14,470 [WARN] PackLoader:240 - Cannot read IP mode file for STMicroelectronics.X-CUBE-AZRTOS-F7.1.1.0
2026-03-27 16:16:14,542 [WARN] ConditionMgr:438 - getConditionDescription Invalid condition id : LAN8742 Phy interface Condition cause : null
2026-03-27 16:16:14,542 [WARN] PackLoader:240 - Cannot read IP mode file for STMicroelectronics.X-CUBE-AZRTOS-L4.2.0.0
2026-03-27 16:16:14,550 [WARN] ConditionMgr:1044 - genDependencies : Invalid condition id : LAN8742 Phy interface Condition cause : null
2026-03-27 16:16:14,550 [WARN] ConditionMgr:1044 - genDependencies : Invalid condition id : LAN8742 Phy interface Condition cause : null
2026-03-27 16:16:14,550 [WARN] ConditionMgr:1044 - genDependencies : Invalid condition id : LAN8742 Phy interface Condition cause : null
2026-03-27 16:16:14,641 [WARN] PackLoader:240 - Cannot read IP mode file for STMicroelectronics.X-CUBE-AZRTOS-L5.2.0.0
2026-03-27 16:16:14,716 [WARN] PackLoader:240 - Cannot read IP mode file for STMicroelectronics.X-CUBE-AZRTOS-G0.1.1.0
2026-03-27 16:16:14,827 [WARN] PackLoader:240 - Cannot read IP mode file for STMicroelectronics.X-CUBE-AZRTOS-G4.2.0.0
2026-03-27 16:16:14,931 [ERROR] LogOutputStream:75 - [STDERR_REDIRECT] [Fatal Error] :1:1: Premature end of file.
2026-03-27 16:16:14,933 [ERROR] LogOutputStream:75 - [STDERR_REDIRECT] 
2026-03-27 16:16:14,933 [WARN] ConditionMgr:438 - getConditionDescription Invalid condition id : UX DEVICE CLASS RTOS Condition cause : null
2026-03-27 16:16:14,938 [WARN] ConditionMgr:438 - getConditionDescription Invalid condition id : UX DEVICE CLASS RTOS Condition cause : null
2026-03-27 16:16:14,951 [WARN] PackLoader:240 - Cannot read IP mode file for STMicroelectronics.X-CUBE-AZRTOS-WB.2.0.0
2026-03-27 16:16:14,957 [WARN] ConditionMgr:1044 - genDependencies : Invalid condition id : UX DEVICE CLASS RTOS Condition cause : null
2026-03-27 16:16:14,957 [WARN] ConditionMgr:1044 - genDependencies : Invalid condition id : UX DEVICE CLASS RTOS Condition cause : null
2026-03-27 16:16:14,962 [WARN] ConditionMgr:1044 - genDependencies : Invalid condition id : UX DEVICE CLASS RTOS Condition cause : null
2026-03-27 16:16:14,962 [WARN] ConditionMgr:1044 - genDependencies : Invalid condition id : UX DEVICE CLASS RTOS Condition cause : null
2026-03-27 16:16:14,964 [WARN] ConditionMgr:1044 - genDependencies : Invalid condition id : UX DEVICE CLASS RTOS Condition cause : null
2026-03-27 16:16:14,994 [INFO] LogOutputStream:77 - [STDOUT_REDIRECT] 1 : Invalid condition id : UX_CORESTACK_Condition cause : null
2026-03-27 16:16:15,000 [INFO] LogOutputStream:77 - [STDOUT_REDIRECT] 1 : Invalid condition id : UX_CORESTACK_Condition cause : null
2026-03-27 16:16:15,003 [INFO] LogOutputStream:77 - [STDOUT_REDIRECT] 1 : Invalid condition id : UX_CORESTACK_Condition cause : null
2026-03-27 16:16:15,009 [INFO] LogOutputStream:77 - [STDOUT_REDIRECT] 1 : Invalid condition id : UX_CORESTACK_Condition cause : null
2026-03-27 16:16:15,011 [INFO] LogOutputStream:77 - [STDOUT_REDIRECT] 1 : Invalid condition id : UX_CORESTACK_Condition cause : null
2026-03-27 16:16:15,020 [WARN] PackLoader:240 - Cannot read IP mode file for STMicroelectronics.X-CUBE-AZRTOS-WL.2.0.0
2026-03-27 16:16:15,040 [WARN] PackLoader:240 - Cannot read IP mode file for STMicroelectronics.X-CUBE-WB05N.2.0.0
2026-03-27 16:16:15,060 [WARN] PackLoader:240 - Cannot read IP mode file for wolfSSL.I-CUBE-wolfSSL.5.8.4
2026-03-27 16:16:15,080 [WARN] PackLoader:240 - Cannot read IP mode file for wolfSSL.I-CUBE-wolfMQTT.1.19.2
2026-03-27 16:16:15,094 [WARN] PackLoader:240 - Cannot read IP mode file for wolfSSL.I-CUBE-wolfTPM.3.8.0
2026-03-27 16:16:15,111 [WARN] PackLoader:240 - Cannot read IP mode file for wolfSSL.I-CUBE-wolfSSH.1.4.20
2026-03-27 16:16:15,131 [WARN] PackLoader:240 - Cannot read IP mode file for RealThread.X-CUBE-RT-Thread_Nano.4.1.1
2026-03-27 16:16:15,227 [WARN] PackLoader:240 - Cannot read IP mode file for SEGGER.I-CUBE-embOS.1.3.1
2026-03-27 16:16:15,355 [WARN] PackLoader:240 - Cannot read IP mode file for emotas.I-CUBE-CANOPEN.1.3.0
2026-03-27 16:16:15,400 [WARN] PackLoader:240 - Cannot read IP mode file for WES.I-CUBE-Cesium.1.4.0
2026-03-27 16:16:15,445 [WARN] PackLoader:240 - Cannot read IP mode file for ITTIA_DB.I-CUBE-ITTIADB.8.9.0
2026-03-27 16:16:15,545 [WARN] PackLoader:240 - Cannot read IP mode file for Infineon.AIROC-Wi-Fi-Bluetooth-STM32.1.8.0
2026-03-27 16:16:15,581 [WARN] PackLoader:240 - Cannot read IP mode file for Cesanta.I-CUBE-Mongoose.7.20.0
2026-03-27 16:16:15,605 [WARN] ConditionMgr:438 - getConditionDescription Invalid condition id : Cortex-A Device cause : null
2026-03-27 16:16:15,669 [WARN] ConditionMgr:1044 - genDependencies : Invalid condition id : Cortex-A Device cause : null
2026-03-27 16:16:15,670 [WARN] ConditionMgr:1044 - genDependencies : Invalid condition id : Cortex-A Device cause : null
2026-03-27 16:16:15,670 [WARN] ConditionMgr:1044 - genDependencies : Invalid condition id : Cortex-A Device cause : null
2026-03-27 16:16:15,728 [INFO] PopulateThirdPartyThread:66 - Ending populate Thread
2026-03-27 16:16:15,742 [INFO] ThirdParty:1030 - CMSIS Pack Vendor :STMicroelectronics X-CUBE-AZRTOS-H7 3.5.0
2026-03-27 16:16:15,742 [INFO] ThirdParty:1030 - CMSIS Pack Vendor :STMicroelectronics X-CUBE-PM33A1 1.0.0
2026-03-27 16:16:15,742 [INFO] ThirdParty:1030 - CMSIS Pack Vendor :STMicroelectronics X-CUBE-NFC9 1.0.0
2026-03-27 16:16:15,742 [INFO] ThirdParty:1030 - CMSIS Pack Vendor :STMicroelectronics X-CUBE-AZRTOS-F4 1.1.0
2026-03-27 16:16:15,742 [INFO] ThirdParty:1030 - CMSIS Pack Vendor :STMicroelectronics FP-ATR-ASTRA1 2.0.2
2026-03-27 16:16:15,742 [INFO] ThirdParty:1030 - CMSIS Pack Vendor :STMicroelectronics X-CUBE-BLE1 7.1.0
2026-03-27 16:16:15,742 [INFO] ThirdParty:1030 - CMSIS Pack Vendor :STMicroelectronics X-CUBE-SMBUS 2.1.0
2026-03-27 16:16:15,742 [INFO] ThirdParty:1030 - CMSIS Pack Vendor :wolfSSL I-CUBE-wolfMQTT 1.19.2
2026-03-27 16:16:15,742 [INFO] ThirdParty:1030 - CMSIS Pack Vendor :STMicroelectronics X-CUBE-ISPU 2.1.0
2026-03-27 16:16:15,742 [INFO] ThirdParty:1030 - CMSIS Pack Vendor :STMicroelectronics X-CUBE-BLEMGR 4.1.0
2026-03-27 16:16:15,742 [INFO] ThirdParty:1030 - CMSIS Pack Vendor :STMicroelectronics X-CUBE-EEPRMA1 5.2.0
2026-03-27 16:16:15,742 [INFO] ThirdParty:1030 - CMSIS Pack Vendor :STMicroelectronics X-CUBE-IPS 3.2.0
2026-03-27 16:16:15,742 [INFO] ThirdParty:1030 - CMSIS Pack Vendor :STMicroelectronics X-CUBE-AZRTOS-WB 2.0.0
2026-03-27 16:16:15,742 [INFO] ThirdParty:1030 - CMSIS Pack Vendor :wolfSSL I-CUBE-wolfSSL 5.8.4
2026-03-27 16:16:15,742 [INFO] ThirdParty:1030 - CMSIS Pack Vendor :Cesanta I-CUBE-Mongoose 7.20.0
2026-03-27 16:16:15,742 [INFO] ThirdParty:1030 - CMSIS Pack Vendor :STMicroelectronics X-CUBE-NFC12 1.0.0
2026-03-27 16:16:15,749 [INFO] ThirdParty:1030 - CMSIS Pack Vendor :STMicroelectronics X-CUBE-AZRTOS-F7 1.1.0
2026-03-27 16:16:15,749 [INFO] ThirdParty:1030 - CMSIS Pack Vendor :STMicroelectronics X-CUBE-AZRTOS-L5 2.0.0
2026-03-27 16:16:15,750 [INFO] ThirdParty:1030 - CMSIS Pack Vendor :quantropi X-CUBE-qispace-sdk-base 2.1.0
2026-03-27 16:16:15,751 [INFO] ThirdParty:1030 - CMSIS Pack Vendor :STMicroelectronics X-CUBE-MEMS1 12.0.0
2026-03-27 16:16:15,751 [INFO] ThirdParty:1030 - CMSIS Pack Vendor :STMicroelectronics X-CUBE-STSE01 2.0.0
2026-03-27 16:16:15,751 [INFO] ThirdParty:1030 - CMSIS Pack Vendor :STMicroelectronics FP-SNS-MOTENV1 5.1.0
2026-03-27 16:16:15,751 [INFO] ThirdParty:1030 - CMSIS Pack Vendor :STMicroelectronics X-CUBE-AZRTOS-G0 1.1.0
2026-03-27 16:16:15,751 [INFO] ThirdParty:1030 - CMSIS Pack Vendor :STMicroelectronics X-CUBE-NFC4 3.0.0
2026-03-27 16:16:15,751 [INFO] ThirdParty:1030 - CMSIS Pack Vendor :STMicroelectronics X-CUBE-SUBG2 5.0.0
2026-03-27 16:16:15,751 [INFO] ThirdParty:1030 - CMSIS Pack Vendor :WES I-CUBE-Cesium 1.4.0
2026-03-27 16:16:15,751 [INFO] ThirdParty:1030 - CMSIS Pack Vendor :STMicroelectronics X-CUBE-AZRTOS-G4 2.0.0
2026-03-27 16:16:15,751 [INFO] ThirdParty:1030 - CMSIS Pack Vendor :STMicroelectronics X-CUBE-WB05N 2.0.0
2026-03-27 16:16:15,751 [INFO] ThirdParty:1030 - CMSIS Pack Vendor :wolfSSL I-CUBE-wolfTPM 3.8.0
2026-03-27 16:16:15,751 [INFO] ThirdParty:1030 - CMSIS Pack Vendor :STMicroelectronics X-CUBE-DISPLAY 3.0.0
2026-03-27 16:16:15,751 [INFO] ThirdParty:1030 - CMSIS Pack Vendor :wolfSSL I-CUBE-wolfSSH 1.4.20
2026-03-27 16:16:15,751 [INFO] ThirdParty:1030 - CMSIS Pack Vendor :STMicroelectronics X-CUBE-NFC7 2.0.0
2026-03-27 16:16:15,751 [INFO] ThirdParty:1030 - CMSIS Pack Vendor :STMicroelectronics FP-SNS-MOTENVWB1 1.5.0
2026-03-27 16:16:15,751 [INFO] ThirdParty:1030 - CMSIS Pack Vendor :STMicroelectronics X-CUBE-TCPP 4.2.0
2026-03-27 16:16:15,751 [INFO] ThirdParty:1030 - CMSIS Pack Vendor :RealThread X-CUBE-RT-Thread_Nano 4.1.1
2026-03-27 16:16:15,751 [INFO] ThirdParty:1030 - CMSIS Pack Vendor :STMicroelectronics FP-ATR-SIGFOX1 3.2.0
2026-03-27 16:16:15,751 [INFO] ThirdParty:1030 - CMSIS Pack Vendor :STMicroelectronics X-CUBE-NFC10 1.0.0
2026-03-27 16:16:15,751 [INFO] ThirdParty:1030 - CMSIS Pack Vendor :STMicroelectronics X-CUBE-FREERTOS 1.5.0
2026-03-27 16:16:15,751 [INFO] ThirdParty:1030 - CMSIS Pack Vendor :STMicroelectronics X-CUBE-ALS 1.0.2
2026-03-27 16:16:15,751 [INFO] ThirdParty:1030 - CMSIS Pack Vendor :STMicroelectronics X-CUBE-ST60 1.1.0
2026-03-27 16:16:15,751 [INFO] ThirdParty:1030 - CMSIS Pack Vendor :emotas I-CUBE-CANOPEN 1.3.0
2026-03-27 16:16:15,751 [INFO] ThirdParty:1030 - CMSIS Pack Vendor :STMicroelectronics X-CUBE-GNSS1 7.1.0
2026-03-27 16:16:15,751 [INFO] ThirdParty:1030 - CMSIS Pack Vendor :ITTIA_DB I-CUBE-ITTIADB 8.9.0
2026-03-27 16:16:15,751 [INFO] ThirdParty:1030 - CMSIS Pack Vendor :STMicroelectronics X-CUBE-TOUCHGFX 4.26.1
2026-03-27 16:16:15,751 [INFO] ThirdParty:1030 - CMSIS Pack Vendor :STMicroelectronics X-CUBE-NFC6 3.2.0
2026-03-27 16:16:15,751 [INFO] ThirdParty:1030 - CMSIS Pack Vendor :STMicroelectronics FP-SNS-STBOX1 2.1.0
2026-03-27 16:16:15,751 [INFO] ThirdParty:1030 - CMSIS Pack Vendor :STMicroelectronics FP-SNS-STAIOTCFT 1.0.0
2026-03-27 16:16:15,751 [INFO] ThirdParty:1030 - CMSIS Pack Vendor :STMicroelectronics X-CUBE-AI 10.2.0
2026-03-27 16:16:15,751 [INFO] ThirdParty:1030 - CMSIS Pack Vendor :STMicroelectronics FP-SNS-SMARTAG2 1.2.0
2026-03-27 16:16:15,751 [INFO] ThirdParty:1030 - CMSIS Pack Vendor :STMicroelectronics FP-SNS-FLIGHT1 5.1.0
2026-03-27 16:16:15,751 [INFO] ThirdParty:1030 - CMSIS Pack Vendor :STMicroelectronics X-CUBE-AZRTOS-WL 2.0.0
2026-03-27 16:16:15,751 [INFO] ThirdParty:1030 - CMSIS Pack Vendor :SEGGER I-CUBE-embOS 1.3.1
2026-03-27 16:16:15,751 [INFO] ThirdParty:1030 - CMSIS Pack Vendor :STMicroelectronics X-CUBE-DPower 1.3.0
2026-03-27 16:16:15,751 [INFO] ThirdParty:1030 - CMSIS Pack Vendor :STMicroelectronics X-CUBE-ALGOBUILD 1.4.0
2026-03-27 16:16:15,751 [INFO] ThirdParty:1030 - CMSIS Pack Vendor :STMicroelectronics X-CUBE-AZRTOS-H7RS 1.2.0
2026-03-27 16:16:15,751 [INFO] ThirdParty:1030 - CMSIS Pack Vendor :STMicroelectronics X-CUBE-AZRTOS-L4 2.0.0
2026-03-27 16:16:15,751 [INFO] ThirdParty:1030 - CMSIS Pack Vendor :STMicroelectronics X-CUBE-SFXS2LP1 4.0.0
2026-03-27 16:16:15,751 [INFO] ThirdParty:1030 - CMSIS Pack Vendor :STMicroelectronics X-CUBE-BLE2 3.3.0
2026-03-27 16:16:15,751 [INFO] ThirdParty:1030 - CMSIS Pack Vendor :Avnet-IOTCONNECT X-CUBE-iotc-st67-sdk 1.0.0
2026-03-27 16:16:15,751 [INFO] ThirdParty:1030 - CMSIS Pack Vendor :STMicroelectronics X-CUBE-TOF1 3.4.3
2026-03-27 16:16:15,751 [INFO] ThirdParty:1030 - CMSIS Pack Vendor :Infineon AIROC-Wi-Fi-Bluetooth-STM32 1.8.0
2026-03-27 16:16:15,751 [INFO] ThirdParty:1030 - CMSIS Pack Vendor :STMicroelectronics X-CUBE-ST67W61 1.2.0
2026-03-27 16:16:15,761 [INFO] LoadServerUpdatesThread:375 - End of LoadServerUpdate Thread
2026-03-27 16:16:15,910 [ERROR] LogOutputStream:75 - [STDERR_REDIRECT] [Fatal Error] :1:1: Premature end of file.
2026-03-27 16:16:15,923 [ERROR] LogOutputStream:75 - [STDERR_REDIRECT] 
2026-03-27 16:16:16,902 [ERROR] LogOutputStream:75 - [STDERR_REDIRECT] [Fatal Error] :1:1: Premature end of file.
2026-03-27 16:16:16,902 [ERROR] LogOutputStream:75 - [STDERR_REDIRECT] 
2026-03-27 16:16:17,873 [ERROR] LogOutputStream:75 - [STDERR_REDIRECT] [Fatal Error] :1:1: Premature end of file.
2026-03-27 16:16:17,873 [ERROR] LogOutputStream:75 - [STDERR_REDIRECT] 
2026-03-27 16:16:18,893 [ERROR] LogOutputStream:75 - [STDERR_REDIRECT] [Fatal Error] :1:1: Premature end of file.
2026-03-27 16:16:18,893 [ERROR] LogOutputStream:75 - [STDERR_REDIRECT] 
2026-03-27 16:16:19,891 [ERROR] LogOutputStream:75 - [STDERR_REDIRECT] [Fatal Error] :1:1: Premature end of file.
2026-03-27 16:16:19,891 [ERROR] LogOutputStream:75 - [STDERR_REDIRECT] 
2026-03-27 16:16:20,874 [ERROR] LogOutputStream:75 - [STDERR_REDIRECT] [Fatal Error] :1:1: Premature end of file.
2026-03-27 16:16:20,875 [ERROR] LogOutputStream:75 - [STDERR_REDIRECT] 
2026-03-27 16:16:21,883 [ERROR] LogOutputStream:75 - [STDERR_REDIRECT] [Fatal Error] :1:1: Premature end of file.
2026-03-27 16:16:21,883 [ERROR] LogOutputStream:75 - [STDERR_REDIRECT] 
2026-03-27 16:16:22,858 [ERROR] LogOutputStream:75 - [STDERR_REDIRECT] [Fatal Error] :1:1: Premature end of file.
2026-03-27 16:16:22,858 [ERROR] LogOutputStream:75 - [STDERR_REDIRECT] 
2026-03-27 16:16:23,883 [ERROR] LogOutputStream:75 - [STDERR_REDIRECT] [Fatal Error] :1:1: Premature end of file.
2026-03-27 16:16:23,885 [ERROR] LogOutputStream:75 - [STDERR_REDIRECT] 
2026-03-27 16:16:24,871 [ERROR] LogOutputStream:75 - [STDERR_REDIRECT] [Fatal Error] :1:1: Premature end of file.
2026-03-27 16:16:24,871 [ERROR] LogOutputStream:75 - [STDERR_REDIRECT] 
2026-03-27 16:16:25,870 [ERROR] LogOutputStream:75 - [STDERR_REDIRECT] [Fatal Error] :1:1: Premature end of file.
2026-03-27 16:16:25,871 [ERROR] LogOutputStream:75 - [STDERR_REDIRECT] 
2026-03-27 16:16:26,895 [ERROR] LogOutputStream:75 - [STDERR_REDIRECT] [Fatal Error] :1:1: Premature end of file.
2026-03-27 16:16:26,897 [ERROR] LogOutputStream:75 - [STDERR_REDIRECT] 
2026-03-27 16:16:27,900 [ERROR] LogOutputStream:75 - [STDERR_REDIRECT] [Fatal Error] :1:1: Premature end of file.
2026-03-27 16:16:27,902 [ERROR] LogOutputStream:75 - [STDERR_REDIRECT] 
2026-03-27 16:16:28,890 [ERROR] LogOutputStream:75 - [STDERR_REDIRECT] [Fatal Error] :1:1: Premature end of file.
2026-03-27 16:16:28,891 [ERROR] LogOutputStream:75 - [STDERR_REDIRECT] 
2026-03-27 16:16:29,893 [ERROR] LogOutputStream:75 - [STDERR_REDIRECT] [Fatal Error] :1:1: Premature end of file.
2026-03-27 16:16:29,893 [ERROR] LogOutputStream:75 - [STDERR_REDIRECT] 
2026-03-27 16:16:30,910 [ERROR] LogOutputStream:75 - [STDERR_REDIRECT] [Fatal Error] :1:1: Premature end of file.
2026-03-27 16:16:30,910 [ERROR] LogOutputStream:75 - [STDERR_REDIRECT] 
2026-03-27 16:16:31,915 [ERROR] LogOutputStream:75 - [STDERR_REDIRECT] [Fatal Error] :1:1: Premature end of file.
2026-03-27 16:16:31,915 [ERROR] LogOutputStream:75 - [STDERR_REDIRECT] 
2026-03-27 16:16:32,920 [ERROR] LogOutputStream:75 - [STDERR_REDIRECT] [Fatal Error] :1:1: Premature end of file.
2026-03-27 16:16:32,920 [ERROR] LogOutputStream:75 - [STDERR_REDIRECT] 
2026-03-27 16:16:33,889 [ERROR] LogOutputStream:75 - [STDERR_REDIRECT] [Fatal Error] :1:1: Premature end of file.
2026-03-27 16:16:33,890 [ERROR] LogOutputStream:75 - [STDERR_REDIRECT] 
2026-03-27 16:16:34,864 [ERROR] LogOutputStream:75 - [STDERR_REDIRECT] [Fatal Error] :1:1: Premature end of file.
2026-03-27 16:16:34,864 [ERROR] LogOutputStream:75 - [STDERR_REDIRECT] 
2026-03-27 16:16:35,924 [ERROR] LogOutputStream:75 - [STDERR_REDIRECT] [Fatal Error] :1:1: Premature end of file.
2026-03-27 16:16:35,924 [ERROR] LogOutputStream:75 - [STDERR_REDIRECT] 
2026-03-27 16:16:36,903 [ERROR] LogOutputStream:75 - [STDERR_REDIRECT] [Fatal Error] :1:1: Premature end of file.
2026-03-27 16:16:36,906 [ERROR] LogOutputStream:75 - [STDERR_REDIRECT] 
2026-03-27 16:16:37,891 [ERROR] LogOutputStream:75 - [STDERR_REDIRECT] [Fatal Error] :1:1: Premature end of file.
2026-03-27 16:16:37,891 [ERROR] LogOutputStream:75 - [STDERR_REDIRECT] 
2026-03-27 16:16:38,890 [ERROR] LogOutputStream:75 - [STDERR_REDIRECT] [Fatal Error] :1:1: Premature end of file.
2026-03-27 16:16:38,890 [ERROR] LogOutputStream:75 - [STDERR_REDIRECT] 
2026-03-27 16:16:39,899 [ERROR] LogOutputStream:75 - [STDERR_REDIRECT] [Fatal Error] :1:1: Premature end of file.
2026-03-27 16:16:39,900 [ERROR] LogOutputStream:75 - [STDERR_REDIRECT] 
2026-03-27 16:16:40,911 [ERROR] LogOutputStream:75 - [STDERR_REDIRECT] [Fatal Error] :1:1: Premature end of file.
2026-03-27 16:16:40,911 [ERROR] LogOutputStream:75 - [STDERR_REDIRECT] 
2026-03-27 16:16:41,881 [ERROR] LogOutputStream:75 - [STDERR_REDIRECT] [Fatal Error] :1:1: Premature end of file.
2026-03-27 16:16:41,882 [ERROR] LogOutputStream:75 - [STDERR_REDIRECT] 
2026-03-27 16:16:42,888 [ERROR] LogOutputStream:75 - [STDERR_REDIRECT] [Fatal Error] :1:1: Premature end of file.
2026-03-27 16:16:42,888 [ERROR] LogOutputStream:75 - [STDERR_REDIRECT] 
2026-03-27 16:16:43,876 [ERROR] LogOutputStream:75 - [STDERR_REDIRECT] [Fatal Error] :1:1: Premature end of file.
2026-03-27 16:16:43,877 [ERROR] LogOutputStream:75 - [STDERR_REDIRECT] 
2026-03-27 16:16:44,904 [ERROR] LogOutputStream:75 - [STDERR_REDIRECT] [Fatal Error] :1:1: Premature end of file.
2026-03-27 16:16:44,905 [ERROR] LogOutputStream:75 - [STDERR_REDIRECT] 
2026-03-27 16:16:45,873 [ERROR] LogOutputStream:75 - [STDERR_REDIRECT] [Fatal Error] :1:1: Premature end of file.
2026-03-27 16:16:45,874 [ERROR] LogOutputStream:75 - [STDERR_REDIRECT] 
2026-03-27 16:16:46,884 [ERROR] LogOutputStream:75 - [STDERR_REDIRECT] [Fatal Error] :1:1: Premature end of file.
2026-03-27 16:16:46,885 [ERROR] LogOutputStream:75 - [STDERR_REDIRECT] 
2026-03-27 16:16:47,910 [ERROR] LogOutputStream:75 - [STDERR_REDIRECT] [Fatal Error] :1:1: Premature end of file.
2026-03-27 16:16:47,910 [ERROR] LogOutputStream:75 - [STDERR_REDIRECT] 
2026-03-27 16:16:48,893 [ERROR] LogOutputStream:75 - [STDERR_REDIRECT] [Fatal Error] :1:1: Premature end of file.
2026-03-27 16:16:48,899 [ERROR] LogOutputStream:75 - [STDERR_REDIRECT] 
2026-03-27 16:16:49,896 [ERROR] LogOutputStream:75 - [STDERR_REDIRECT] [Fatal Error] :1:1: Premature end of file.
2026-03-27 16:16:49,896 [ERROR] LogOutputStream:75 - [STDERR_REDIRECT] 
2026-03-27 16:16:50,924 [ERROR] LogOutputStream:75 - [STDERR_REDIRECT] [Fatal Error] :1:1: Premature end of file.
2026-03-27 16:16:50,927 [ERROR] LogOutputStream:75 - [STDERR_REDIRECT] 
2026-03-27 16:16:51,889 [ERROR] LogOutputStream:75 - [STDERR_REDIRECT] [Fatal Error] :1:1: Premature end of file.
2026-03-27 16:16:51,890 [ERROR] LogOutputStream:75 - [STDERR_REDIRECT] 
2026-03-27 16:16:52,890 [ERROR] LogOutputStream:75 - [STDERR_REDIRECT] [Fatal Error] :1:1: Premature end of file.
2026-03-27 16:16:52,890 [ERROR] LogOutputStream:75 - [STDERR_REDIRECT] 
2026-03-27 16:16:53,900 [ERROR] LogOutputStream:75 - [STDERR_REDIRECT] [Fatal Error] :1:1: Premature end of file.
2026-03-27 16:16:53,900 [ERROR] LogOutputStream:75 - [STDERR_REDIRECT] 
2026-03-27 16:16:54,901 [ERROR] LogOutputStream:75 - [STDERR_REDIRECT] [Fatal Error] :1:1: Premature end of file.
2026-03-27 16:16:54,903 [ERROR] LogOutputStream:75 - [STDERR_REDIRECT] 
2026-03-27 16:16:55,902 [ERROR] LogOutputStream:75 - [STDERR_REDIRECT] [Fatal Error] :1:1: Premature end of file.
2026-03-27 16:16:55,902 [ERROR] LogOutputStream:75 - [STDERR_REDIRECT] 
2026-03-27 16:16:56,890 [ERROR] LogOutputStream:75 - [STDERR_REDIRECT] [Fatal Error] :1:1: Premature end of file.
2026-03-27 16:16:56,893 [ERROR] LogOutputStream:75 - [STDERR_REDIRECT] 
2026-03-27 16:16:57,910 [ERROR] LogOutputStream:75 - [STDERR_REDIRECT] [Fatal Error] :1:1: Premature end of file.
2026-03-27 16:16:57,910 [ERROR] LogOutputStream:75 - [STDERR_REDIRECT] 
2026-03-27 16:16:58,895 [ERROR] LogOutputStream:75 - [STDERR_REDIRECT] [Fatal Error] :1:1: Premature end of file.
2026-03-27 16:16:58,896 [ERROR] LogOutputStream:75 - [STDERR_REDIRECT] 
2026-03-27 16:16:59,897 [ERROR] LogOutputStream:75 - [STDERR_REDIRECT] [Fatal Error] :1:1: Premature end of file.
2026-03-27 16:16:59,897 [ERROR] LogOutputStream:75 - [STDERR_REDIRECT] 
2026-03-27 16:17:00,891 [ERROR] LogOutputStream:75 - [STDERR_REDIRECT] [Fatal Error] :1:1: Premature end of file.
2026-03-27 16:17:00,900 [ERROR] LogOutputStream:75 - [STDERR_REDIRECT] 
2026-03-27 16:17:01,970 [ERROR] LogOutputStream:75 - [STDERR_REDIRECT] [Fatal Error] :1:1: Premature end of file.
2026-03-27 16:17:01,978 [ERROR] LogOutputStream:75 - [STDERR_REDIRECT] 
2026-03-27 16:17:02,902 [ERROR] LogOutputStream:75 - [STDERR_REDIRECT] [Fatal Error] :1:1: Premature end of file.
2026-03-27 16:17:02,903 [ERROR] LogOutputStream:75 - [STDERR_REDIRECT] 
2026-03-27 16:17:03,891 [ERROR] LogOutputStream:75 - [STDERR_REDIRECT] [Fatal Error] :1:1: Premature end of file.
2026-03-27 16:17:03,892 [ERROR] LogOutputStream:75 - [STDERR_REDIRECT] 
2026-03-27 16:17:04,914 [ERROR] LogOutputStream:75 - [STDERR_REDIRECT] [Fatal Error] :1:1: Premature end of file.
2026-03-27 16:17:04,914 [ERROR] LogOutputStream:75 - [STDERR_REDIRECT] 
2026-03-27 16:17:05,930 [ERROR] LogOutputStream:75 - [STDERR_REDIRECT] [Fatal Error] :1:1: Premature end of file.
2026-03-27 16:17:05,930 [ERROR] LogOutputStream:75 - [STDERR_REDIRECT] 
2026-03-27 16:17:06,890 [ERROR] LogOutputStream:75 - [STDERR_REDIRECT] [Fatal Error] :1:1: Premature end of file.
2026-03-27 16:17:06,893 [ERROR] LogOutputStream:75 - [STDERR_REDIRECT] 
2026-03-27 16:17:07,892 [ERROR] LogOutputStream:75 - [STDERR_REDIRECT] [Fatal Error] :1:1: Premature end of file.
2026-03-27 16:17:07,892 [ERROR] LogOutputStream:75 - [STDERR_REDIRECT] 
2026-03-27 16:17:08,888 [ERROR] LogOutputStream:75 - [STDERR_REDIRECT] [Fatal Error] :1:1: Premature end of file.
2026-03-27 16:17:08,889 [ERROR] LogOutputStream:75 - [STDERR_REDIRECT] 
2026-03-27 16:17:09,896 [ERROR] LogOutputStream:75 - [STDERR_REDIRECT] [Fatal Error] :1:1: Premature end of file.
2026-03-27 16:17:09,899 [ERROR] LogOutputStream:75 - [STDERR_REDIRECT] 
2026-03-27 16:17:10,901 [ERROR] LogOutputStream:75 - [STDERR_REDIRECT] [Fatal Error] :1:1: Premature end of file.
2026-03-27 16:17:10,901 [ERROR] LogOutputStream:75 - [STDERR_REDIRECT] 
2026-03-27 16:17:11,900 [ERROR] LogOutputStream:75 - [STDERR_REDIRECT] [Fatal Error] :1:1: Premature end of file.
2026-03-27 16:17:11,901 [ERROR] LogOutputStream:75 - [STDERR_REDIRECT] 
2026-03-27 16:17:12,900 [ERROR] LogOutputStream:75 - [STDERR_REDIRECT] [Fatal Error] :1:1: Premature end of file.
2026-03-27 16:17:12,905 [ERROR] LogOutputStream:75 - [STDERR_REDIRECT] 
2026-03-27 16:17:13,899 [ERROR] LogOutputStream:75 - [STDERR_REDIRECT] [Fatal Error] :1:1: Premature end of file.
2026-03-27 16:17:13,900 [ERROR] LogOutputStream:75 - [STDERR_REDIRECT] 
2026-03-27 16:17:14,945 [ERROR] LogOutputStream:75 - [STDERR_REDIRECT] [Fatal Error] :1:1: Premature end of file.
2026-03-27 16:17:14,945 [ERROR] LogOutputStream:75 - [STDERR_REDIRECT] 
2026-03-27 16:17:15,901 [ERROR] LogOutputStream:75 - [STDERR_REDIRECT] [Fatal Error] :1:1: Premature end of file.
2026-03-27 16:17:15,901 [ERROR] LogOutputStream:75 - [STDERR_REDIRECT] 
2026-03-27 16:17:16,881 [ERROR] LogOutputStream:75 - [STDERR_REDIRECT] [Fatal Error] :1:1: Premature end of file.
2026-03-27 16:17:16,887 [ERROR] LogOutputStream:75 - [STDERR_REDIRECT] 
2026-03-27 16:17:17,920 [ERROR] LogOutputStream:75 - [STDERR_REDIRECT] [Fatal Error] :1:1: Premature end of file.
2026-03-27 16:17:17,923 [ERROR] LogOutputStream:75 - [STDERR_REDIRECT] 
2026-03-27 16:17:18,890 [ERROR] LogOutputStream:75 - [STDERR_REDIRECT] [Fatal Error] :1:1: Premature end of file.
2026-03-27 16:17:18,891 [ERROR] LogOutputStream:75 - [STDERR_REDIRECT] 
2026-03-27 16:17:19,883 [ERROR] LogOutputStream:75 - [STDERR_REDIRECT] [Fatal Error] :1:1: Premature end of file.
2026-03-27 16:17:19,890 [ERROR] LogOutputStream:75 - [STDERR_REDIRECT] 
2026-03-27 16:17:20,930 [ERROR] LogOutputStream:75 - [STDERR_REDIRECT] [Fatal Error] :1:1: Premature end of file.
2026-03-27 16:17:20,930 [ERROR] LogOutputStream:75 - [STDERR_REDIRECT] 
2026-03-27 16:17:21,891 [ERROR] LogOutputStream:75 - [STDERR_REDIRECT] [Fatal Error] :1:1: Premature end of file.
2026-03-27 16:17:21,896 [ERROR] LogOutputStream:75 - [STDERR_REDIRECT] 
2026-03-27 16:17:22,940 [ERROR] LogOutputStream:75 - [STDERR_REDIRECT] [Fatal Error] :1:1: Premature end of file.
2026-03-27 16:17:22,940 [ERROR] LogOutputStream:75 - [STDERR_REDIRECT] 
2026-03-27 16:17:23,913 [ERROR] LogOutputStream:75 - [STDERR_REDIRECT] [Fatal Error] :1:1: Premature end of file.
2026-03-27 16:17:23,913 [ERROR] LogOutputStream:75 - [STDERR_REDIRECT] 
2026-03-27 16:17:24,892 [ERROR] LogOutputStream:75 - [STDERR_REDIRECT] [Fatal Error] :1:1: Premature end of file.
2026-03-27 16:17:24,892 [ERROR] LogOutputStream:75 - [STDERR_REDIRECT] 
2026-03-27 16:17:25,910 [ERROR] LogOutputStream:75 - [STDERR_REDIRECT] [Fatal Error] :1:1: Premature end of file.
2026-03-27 16:17:25,910 [ERROR] LogOutputStream:75 - [STDERR_REDIRECT] 
2026-03-27 16:17:26,908 [ERROR] LogOutputStream:75 - [STDERR_REDIRECT] [Fatal Error] :1:1: Premature end of file.
2026-03-27 16:17:26,910 [ERROR] LogOutputStream:75 - [STDERR_REDIRECT] 
2026-03-27 16:17:27,896 [ERROR] LogOutputStream:75 - [STDERR_REDIRECT] [Fatal Error] :1:1: Premature end of file.
2026-03-27 16:17:27,900 [ERROR] LogOutputStream:75 - [STDERR_REDIRECT] 
2026-03-27 16:17:28,906 [ERROR] LogOutputStream:75 - [STDERR_REDIRECT] [Fatal Error] :1:1: Premature end of file.
2026-03-27 16:17:28,909 [ERROR] LogOutputStream:75 - [STDERR_REDIRECT] 
2026-03-27 16:17:29,895 [ERROR] LogOutputStream:75 - [STDERR_REDIRECT] [Fatal Error] :1:1: Premature end of file.
2026-03-27 16:17:29,898 [ERROR] LogOutputStream:75 - [STDERR_REDIRECT] 
2026-03-27 16:17:30,916 [ERROR] LogOutputStream:75 - [STDERR_REDIRECT] [Fatal Error] :1:1: Premature end of file.
2026-03-27 16:17:30,919 [ERROR] LogOutputStream:75 - [STDERR_REDIRECT] 
2026-03-27 16:17:31,914 [ERROR] LogOutputStream:75 - [STDERR_REDIRECT] [Fatal Error] :1:1: Premature end of file.
2026-03-27 16:17:31,914 [ERROR] LogOutputStream:75 - [STDERR_REDIRECT] 
2026-03-27 16:17:32,916 [ERROR] LogOutputStream:75 - [STDERR_REDIRECT] [Fatal Error] :1:1: Premature end of file.
2026-03-27 16:17:32,917 [ERROR] LogOutputStream:75 - [STDERR_REDIRECT] 
2026-03-27 16:17:33,880 [ERROR] LogOutputStream:75 - [STDERR_REDIRECT] [Fatal Error] :1:1: Premature end of file.
2026-03-27 16:17:33,881 [ERROR] LogOutputStream:75 - [STDERR_REDIRECT] 
2026-03-27 16:17:34,880 [ERROR] LogOutputStream:75 - [STDERR_REDIRECT] [Fatal Error] :1:1: Premature end of file.
2026-03-27 16:17:34,881 [ERROR] LogOutputStream:75 - [STDERR_REDIRECT] 
2026-03-27 16:17:35,874 [ERROR] LogOutputStream:75 - [STDERR_REDIRECT] [Fatal Error] :1:1: Premature end of file.
2026-03-27 16:17:35,877 [ERROR] LogOutputStream:75 - [STDERR_REDIRECT] 
2026-03-27 16:17:36,850 [ERROR] LogOutputStream:75 - [STDERR_REDIRECT] [Fatal Error] :1:1: Premature end of file.
2026-03-27 16:17:36,852 [ERROR] LogOutputStream:75 - [STDERR_REDIRECT] 
2026-03-27 16:17:37,881 [ERROR] LogOutputStream:75 - [STDERR_REDIRECT] [Fatal Error] :1:1: Premature end of file.
2026-03-27 16:17:37,881 [ERROR] LogOutputStream:75 - [STDERR_REDIRECT] 
2026-03-27 16:17:38,886 [ERROR] LogOutputStream:75 - [STDERR_REDIRECT] [Fatal Error] :1:1: Premature end of file.
2026-03-27 16:17:38,886 [ERROR] LogOutputStream:75 - [STDERR_REDIRECT] 
2026-03-27 16:17:39,890 [ERROR] LogOutputStream:75 - [STDERR_REDIRECT] [Fatal Error] :1:1: Premature end of file.
2026-03-27 16:17:39,891 [ERROR] LogOutputStream:75 - [STDERR_REDIRECT] 
2026-03-27 16:17:40,857 [ERROR] LogOutputStream:75 - [STDERR_REDIRECT] [Fatal Error] :1:1: Premature end of file.
2026-03-27 16:17:40,857 [ERROR] LogOutputStream:75 - [STDERR_REDIRECT] 
2026-03-27 16:17:41,885 [ERROR] LogOutputStream:75 - [STDERR_REDIRECT] [Fatal Error] :1:1: Premature end of file.
2026-03-27 16:17:41,885 [ERROR] LogOutputStream:75 - [STDERR_REDIRECT] 
2026-03-27 16:17:42,889 [ERROR] LogOutputStream:75 - [STDERR_REDIRECT] [Fatal Error] :1:1: Premature end of file.
2026-03-27 16:17:42,890 [ERROR] LogOutputStream:75 - [STDERR_REDIRECT] 
2026-03-27 16:17:43,886 [ERROR] LogOutputStream:75 - [STDERR_REDIRECT] [Fatal Error] :1:1: Premature end of file.
2026-03-27 16:17:43,887 [ERROR] LogOutputStream:75 - [STDERR_REDIRECT] 
2026-03-27 16:17:44,881 [ERROR] LogOutputStream:75 - [STDERR_REDIRECT] [Fatal Error] :1:1: Premature end of file.
2026-03-27 16:17:44,881 [ERROR] LogOutputStream:75 - [STDERR_REDIRECT] 
2026-03-27 16:17:45,885 [ERROR] LogOutputStream:75 - [STDERR_REDIRECT] [Fatal Error] :1:1: Premature end of file.
2026-03-27 16:17:45,886 [ERROR] LogOutputStream:75 - [STDERR_REDIRECT] 
2026-03-27 16:17:46,868 [ERROR] LogOutputStream:75 - [STDERR_REDIRECT] [Fatal Error] :1:1: Premature end of file.
2026-03-27 16:17:46,869 [ERROR] LogOutputStream:75 - [STDERR_REDIRECT] 
2026-03-27 16:17:47,886 [ERROR] LogOutputStream:75 - [STDERR_REDIRECT] [Fatal Error] :1:1: Premature end of file.
2026-03-27 16:17:47,887 [ERROR] LogOutputStream:75 - [STDERR_REDIRECT] 
2026-03-27 16:17:48,879 [ERROR] LogOutputStream:75 - [STDERR_REDIRECT] [Fatal Error] :1:1: Premature end of file.
2026-03-27 16:17:48,879 [ERROR] LogOutputStream:75 - [STDERR_REDIRECT] 
2026-03-27 16:17:49,878 [ERROR] LogOutputStream:75 - [STDERR_REDIRECT] [Fatal Error] :1:1: Premature end of file.
2026-03-27 16:17:49,878 [ERROR] LogOutputStream:75 - [STDERR_REDIRECT] 
2026-03-27 16:17:50,883 [ERROR] LogOutputStream:75 - [STDERR_REDIRECT] [Fatal Error] :1:1: Premature end of file.
2026-03-27 16:17:50,884 [ERROR] LogOutputStream:75 - [STDERR_REDIRECT] 
2026-03-27 16:17:51,871 [ERROR] LogOutputStream:75 - [STDERR_REDIRECT] [Fatal Error] :1:1: Premature end of file.
2026-03-27 16:17:51,871 [ERROR] LogOutputStream:75 - [STDERR_REDIRECT] 
2026-03-27 16:17:52,885 [ERROR] LogOutputStream:75 - [STDERR_REDIRECT] [Fatal Error] :1:1: Premature end of file.
2026-03-27 16:17:52,886 [ERROR] LogOutputStream:75 - [STDERR_REDIRECT] 
2026-03-27 16:17:53,896 [ERROR] LogOutputStream:75 - [STDERR_REDIRECT] [Fatal Error] :1:1: Premature end of file.
2026-03-27 16:17:53,897 [ERROR] LogOutputStream:75 - [STDERR_REDIRECT] 
2026-03-27 16:17:54,887 [ERROR] LogOutputStream:75 - [STDERR_REDIRECT] [Fatal Error] :1:1: Premature end of file.
2026-03-27 16:17:54,887 [ERROR] LogOutputStream:75 - [STDERR_REDIRECT] 
2026-03-27 16:17:55,902 [ERROR] LogOutputStream:75 - [STDERR_REDIRECT] [Fatal Error] :1:1: Premature end of file.
2026-03-27 16:17:55,902 [ERROR] LogOutputStream:75 - [STDERR_REDIRECT] 
2026-03-27 16:17:56,910 [ERROR] LogOutputStream:75 - [STDERR_REDIRECT] [Fatal Error] :1:1: Premature end of file.
2026-03-27 16:17:56,913 [ERROR] LogOutputStream:75 - [STDERR_REDIRECT] 
2026-03-27 16:17:57,906 [ERROR] LogOutputStream:75 - [STDERR_REDIRECT] [Fatal Error] :1:1: Premature end of file.
2026-03-27 16:17:57,906 [ERROR] LogOutputStream:75 - [STDERR_REDIRECT] 
2026-03-27 16:17:58,906 [ERROR] LogOutputStream:75 - [STDERR_REDIRECT] [Fatal Error] :1:1: Premature end of file.
2026-03-27 16:17:58,906 [ERROR] LogOutputStream:75 - [STDERR_REDIRECT] 
2026-03-27 16:17:59,898 [ERROR] LogOutputStream:75 - [STDERR_REDIRECT] [Fatal Error] :1:1: Premature end of file.
2026-03-27 16:17:59,900 [ERROR] LogOutputStream:75 - [STDERR_REDIRECT] 
2026-03-27 16:18:00,894 [ERROR] LogOutputStream:75 - [STDERR_REDIRECT] [Fatal Error] :1:1: Premature end of file.
2026-03-27 16:18:00,894 [ERROR] LogOutputStream:75 - [STDERR_REDIRECT] 
2026-03-27 16:18:01,910 [ERROR] LogOutputStream:75 - [STDERR_REDIRECT] [Fatal Error] :1:1: Premature end of file.
2026-03-27 16:18:01,910 [ERROR] LogOutputStream:75 - [STDERR_REDIRECT] 
2026-03-27 16:18:02,909 [ERROR] LogOutputStream:75 - [STDERR_REDIRECT] [Fatal Error] :1:1: Premature end of file.
2026-03-27 16:18:02,909 [ERROR] LogOutputStream:75 - [STDERR_REDIRECT] 
2026-03-27 16:18:03,911 [ERROR] LogOutputStream:75 - [STDERR_REDIRECT] [Fatal Error] :1:1: Premature end of file.
2026-03-27 16:18:03,913 [ERROR] LogOutputStream:75 - [STDERR_REDIRECT] 
2026-03-27 16:18:04,880 [ERROR] LogOutputStream:75 - [STDERR_REDIRECT] [Fatal Error] :1:1: Premature end of file.
2026-03-27 16:18:04,880 [ERROR] LogOutputStream:75 - [STDERR_REDIRECT] 
2026-03-27 16:18:05,905 [ERROR] LogOutputStream:75 - [STDERR_REDIRECT] [Fatal Error] :1:1: Premature end of file.
2026-03-27 16:18:05,905 [ERROR] LogOutputStream:75 - [STDERR_REDIRECT] 
2026-03-27 16:18:06,890 [ERROR] LogOutputStream:75 - [STDERR_REDIRECT] [Fatal Error] :1:1: Premature end of file.
2026-03-27 16:18:06,890 [ERROR] LogOutputStream:75 - [STDERR_REDIRECT] 
2026-03-27 16:18:07,895 [ERROR] LogOutputStream:75 - [STDERR_REDIRECT] [Fatal Error] :1:1: Premature end of file.
2026-03-27 16:18:07,898 [ERROR] LogOutputStream:75 - [STDERR_REDIRECT] 
2026-03-27 16:18:08,907 [ERROR] LogOutputStream:75 - [STDERR_REDIRECT] [Fatal Error] :1:1: Premature end of file.
2026-03-27 16:18:08,907 [ERROR] LogOutputStream:75 - [STDERR_REDIRECT] 
2026-03-27 16:18:09,912 [ERROR] LogOutputStream:75 - [STDERR_REDIRECT] [Fatal Error] :1:1: Premature end of file.
2026-03-27 16:18:09,912 [ERROR] LogOutputStream:75 - [STDERR_REDIRECT] 
2026-03-27 16:18:10,900 [ERROR] LogOutputStream:75 - [STDERR_REDIRECT] [Fatal Error] :1:1: Premature end of file.
2026-03-27 16:18:10,901 [ERROR] LogOutputStream:75 - [STDERR_REDIRECT] 
2026-03-27 16:18:11,885 [ERROR] LogOutputStream:75 - [STDERR_REDIRECT] [Fatal Error] :1:1: Premature end of file.
2026-03-27 16:18:11,885 [ERROR] LogOutputStream:75 - [STDERR_REDIRECT] 
2026-03-27 16:18:12,881 [ERROR] LogOutputStream:75 - [STDERR_REDIRECT] [Fatal Error] :1:1: Premature end of file.
2026-03-27 16:18:12,881 [ERROR] LogOutputStream:75 - [STDERR_REDIRECT] 
2026-03-27 16:18:13,900 [ERROR] LogOutputStream:75 - [STDERR_REDIRECT] [Fatal Error] :1:1: Premature end of file.
2026-03-27 16:18:13,902 [ERROR] LogOutputStream:75 - [STDERR_REDIRECT] 
2026-03-27 16:18:14,896 [ERROR] LogOutputStream:75 - [STDERR_REDIRECT] [Fatal Error] :1:1: Premature end of file.
2026-03-27 16:18:14,896 [ERROR] LogOutputStream:75 - [STDERR_REDIRECT] 
2026-03-27 16:18:15,900 [ERROR] LogOutputStream:75 - [STDERR_REDIRECT] [Fatal Error] :1:1: Premature end of file.
2026-03-27 16:18:15,901 [ERROR] LogOutputStream:75 - [STDERR_REDIRECT] 
2026-03-27 16:18:16,900 [ERROR] LogOutputStream:75 - [STDERR_REDIRECT] [Fatal Error] :1:1: Premature end of file.
2026-03-27 16:18:16,900 [ERROR] LogOutputStream:75 - [STDERR_REDIRECT] 
2026-03-27 16:18:17,904 [ERROR] LogOutputStream:75 - [STDERR_REDIRECT] [Fatal Error] :1:1: Premature end of file.
2026-03-27 16:18:17,904 [ERROR] LogOutputStream:75 - [STDERR_REDIRECT] 
2026-03-27 16:18:18,910 [ERROR] LogOutputStream:75 - [STDERR_REDIRECT] [Fatal Error] :1:1: Premature end of file.
2026-03-27 16:18:18,910 [ERROR] LogOutputStream:75 - [STDERR_REDIRECT] 
2026-03-27 16:18:19,910 [ERROR] LogOutputStream:75 - [STDERR_REDIRECT] [Fatal Error] :1:1: Premature end of file.
2026-03-27 16:18:19,913 [ERROR] LogOutputStream:75 - [STDERR_REDIRECT] 
2026-03-27 16:18:20,904 [ERROR] LogOutputStream:75 - [STDERR_REDIRECT] [Fatal Error] :1:1: Premature end of file.
2026-03-27 16:18:20,904 [ERROR] LogOutputStream:75 - [STDERR_REDIRECT] 
2026-03-27 16:18:21,900 [ERROR] LogOutputStream:75 - [STDERR_REDIRECT] [Fatal Error] :1:1: Premature end of file.
2026-03-27 16:18:21,900 [ERROR] LogOutputStream:75 - [STDERR_REDIRECT] 
2026-03-27 16:18:22,891 [ERROR] LogOutputStream:75 - [STDERR_REDIRECT] [Fatal Error] :1:1: Premature end of file.
2026-03-27 16:18:22,891 [ERROR] LogOutputStream:75 - [STDERR_REDIRECT] 
2026-03-27 16:18:23,891 [ERROR] LogOutputStream:75 - [STDERR_REDIRECT] [Fatal Error] :1:1: Premature end of file.
2026-03-27 16:18:23,891 [ERROR] LogOutputStream:75 - [STDERR_REDIRECT] 
2026-03-27 16:18:24,860 [ERROR] LogOutputStream:75 - [STDERR_REDIRECT] [Fatal Error] :1:1: Premature end of file.
2026-03-27 16:18:24,861 [ERROR] LogOutputStream:75 - [STDERR_REDIRECT] 
2026-03-27 16:18:25,881 [ERROR] LogOutputStream:75 - [STDERR_REDIRECT] [Fatal Error] :1:1: Premature end of file.
2026-03-27 16:18:25,882 [ERROR] LogOutputStream:75 - [STDERR_REDIRECT] 
2026-03-27 16:18:26,888 [ERROR] LogOutputStream:75 - [STDERR_REDIRECT] [Fatal Error] :1:1: Premature end of file.
2026-03-27 16:18:26,888 [ERROR] LogOutputStream:75 - [STDERR_REDIRECT] 
2026-03-27 16:18:27,899 [ERROR] LogOutputStream:75 - [STDERR_REDIRECT] [Fatal Error] :1:1: Premature end of file.
2026-03-27 16:18:27,900 [ERROR] LogOutputStream:75 - [STDERR_REDIRECT] 
2026-03-27 16:18:28,882 [ERROR] LogOutputStream:75 - [STDERR_REDIRECT] [Fatal Error] :1:1: Premature end of file.
2026-03-27 16:18:28,883 [ERROR] LogOutputStream:75 - [STDERR_REDIRECT] 
2026-03-27 16:18:29,880 [ERROR] LogOutputStream:75 - [STDERR_REDIRECT] [Fatal Error] :1:1: Premature end of file.
2026-03-27 16:18:29,881 [ERROR] LogOutputStream:75 - [STDERR_REDIRECT] 
2026-03-27 16:18:30,882 [ERROR] LogOutputStream:75 - [STDERR_REDIRECT] [Fatal Error] :1:1: Premature end of file.
2026-03-27 16:18:30,882 [ERROR] LogOutputStream:75 - [STDERR_REDIRECT] 
2026-03-27 16:18:31,885 [ERROR] LogOutputStream:75 - [STDERR_REDIRECT] [Fatal Error] :1:1: Premature end of file.
2026-03-27 16:18:31,885 [ERROR] LogOutputStream:75 - [STDERR_REDIRECT] 
2026-03-27 16:18:32,881 [ERROR] LogOutputStream:75 - [STDERR_REDIRECT] [Fatal Error] :1:1: Premature end of file.
2026-03-27 16:18:32,881 [ERROR] LogOutputStream:75 - [STDERR_REDIRECT] 
2026-03-27 16:18:33,886 [ERROR] LogOutputStream:75 - [STDERR_REDIRECT] [Fatal Error] :1:1: Premature end of file.
2026-03-27 16:18:33,886 [ERROR] LogOutputStream:75 - [STDERR_REDIRECT] 
2026-03-27 16:18:34,887 [ERROR] LogOutputStream:75 - [STDERR_REDIRECT] [Fatal Error] :1:1: Premature end of file.
2026-03-27 16:18:34,887 [ERROR] LogOutputStream:75 - [STDERR_REDIRECT] 
2026-03-27 16:18:35,886 [ERROR] LogOutputStream:75 - [STDERR_REDIRECT] [Fatal Error] :1:1: Premature end of file.
2026-03-27 16:18:35,886 [ERROR] LogOutputStream:75 - [STDERR_REDIRECT] 
2026-03-27 16:18:36,888 [ERROR] LogOutputStream:75 - [STDERR_REDIRECT] [Fatal Error] :1:1: Premature end of file.
2026-03-27 16:18:36,888 [ERROR] LogOutputStream:75 - [STDERR_REDIRECT] 
2026-03-27 16:18:37,888 [ERROR] LogOutputStream:75 - [STDERR_REDIRECT] [Fatal Error] :1:1: Premature end of file.
2026-03-27 16:18:37,888 [ERROR] LogOutputStream:75 - [STDERR_REDIRECT] 
2026-03-27 16:18:38,885 [ERROR] LogOutputStream:75 - [STDERR_REDIRECT] [Fatal Error] :1:1: Premature end of file.
2026-03-27 16:18:38,886 [ERROR] LogOutputStream:75 - [STDERR_REDIRECT] 
2026-03-27 16:18:39,881 [ERROR] LogOutputStream:75 - [STDERR_REDIRECT] [Fatal Error] :1:1: Premature end of file.
2026-03-27 16:18:39,881 [ERROR] LogOutputStream:75 - [STDERR_REDIRECT] 
2026-03-27 16:18:40,887 [ERROR] LogOutputStream:75 - [STDERR_REDIRECT] [Fatal Error] :1:1: Premature end of file.
2026-03-27 16:18:40,887 [ERROR] LogOutputStream:75 - [STDERR_REDIRECT] 
2026-03-27 16:18:41,882 [ERROR] LogOutputStream:75 - [STDERR_REDIRECT] [Fatal Error] :1:1: Premature end of file.
2026-03-27 16:18:41,883 [ERROR] LogOutputStream:75 - [STDERR_REDIRECT] 
2026-03-27 16:18:42,893 [ERROR] LogOutputStream:75 - [STDERR_REDIRECT] [Fatal Error] :1:1: Premature end of file.
2026-03-27 16:18:42,893 [ERROR] LogOutputStream:75 - [STDERR_REDIRECT] 
2026-03-27 16:18:43,883 [ERROR] LogOutputStream:75 - [STDERR_REDIRECT] [Fatal Error] :1:1: Premature end of file.
2026-03-27 16:18:43,883 [ERROR] LogOutputStream:75 - [STDERR_REDIRECT] 
2026-03-27 16:18:44,884 [ERROR] LogOutputStream:75 - [STDERR_REDIRECT] [Fatal Error] :1:1: Premature end of file.
2026-03-27 16:18:44,884 [ERROR] LogOutputStream:75 - [STDERR_REDIRECT] 
2026-03-27 16:18:45,887 [ERROR] LogOutputStream:75 - [STDERR_REDIRECT] [Fatal Error] :1:1: Premature end of file.
2026-03-27 16:18:45,888 [ERROR] LogOutputStream:75 - [STDERR_REDIRECT] 
2026-03-27 16:18:46,856 [ERROR] LogOutputStream:75 - [STDERR_REDIRECT] [Fatal Error] :1:1: Premature end of file.
2026-03-27 16:18:46,856 [ERROR] LogOutputStream:75 - [STDERR_REDIRECT] 
2026-03-27 16:18:47,888 [ERROR] LogOutputStream:75 - [STDERR_REDIRECT] [Fatal Error] :1:1: Premature end of file.
2026-03-27 16:18:47,888 [ERROR] LogOutputStream:75 - [STDERR_REDIRECT] 
2026-03-27 16:18:48,886 [ERROR] LogOutputStream:75 - [STDERR_REDIRECT] [Fatal Error] :1:1: Premature end of file.
2026-03-27 16:18:48,886 [ERROR] LogOutputStream:75 - [STDERR_REDIRECT] 
2026-03-27 16:18:49,887 [ERROR] LogOutputStream:75 - [STDERR_REDIRECT] [Fatal Error] :1:1: Premature end of file.
2026-03-27 16:18:49,887 [ERROR] LogOutputStream:75 - [STDERR_REDIRECT] 
2026-03-27 16:18:50,892 [ERROR] LogOutputStream:75 - [STDERR_REDIRECT] [Fatal Error] :1:1: Premature end of file.
2026-03-27 16:18:50,893 [ERROR] LogOutputStream:75 - [STDERR_REDIRECT] 
2026-03-27 16:18:51,882 [ERROR] LogOutputStream:75 - [STDERR_REDIRECT] [Fatal Error] :1:1: Premature end of file.
2026-03-27 16:18:51,882 [ERROR] LogOutputStream:75 - [STDERR_REDIRECT] 
2026-03-27 16:18:52,888 [ERROR] LogOutputStream:75 - [STDERR_REDIRECT] [Fatal Error] :1:1: Premature end of file.
2026-03-27 16:18:52,888 [ERROR] LogOutputStream:75 - [STDERR_REDIRECT] 
2026-03-27 16:18:53,883 [ERROR] LogOutputStream:75 - [STDERR_REDIRECT] [Fatal Error] :1:1: Premature end of file.
2026-03-27 16:18:53,883 [ERROR] LogOutputStream:75 - [STDERR_REDIRECT] 
2026-03-27 16:18:54,873 [ERROR] LogOutputStream:75 - [STDERR_REDIRECT] [Fatal Error] :1:1: Premature end of file.
2026-03-27 16:18:54,874 [ERROR] LogOutputStream:75 - [STDERR_REDIRECT] 
2026-03-27 16:18:55,863 [ERROR] LogOutputStream:75 - [STDERR_REDIRECT] [Fatal Error] :1:1: Premature end of file.
2026-03-27 16:18:55,863 [ERROR] LogOutputStream:75 - [STDERR_REDIRECT] 
2026-03-27 16:18:56,849 [ERROR] LogOutputStream:75 - [STDERR_REDIRECT] [Fatal Error] :1:1: Premature end of file.
2026-03-27 16:18:56,850 [ERROR] LogOutputStream:75 - [STDERR_REDIRECT] 
2026-03-27 16:18:57,860 [ERROR] LogOutputStream:75 - [STDERR_REDIRECT] [Fatal Error] :1:1: Premature end of file.
2026-03-27 16:18:57,862 [ERROR] LogOutputStream:75 - [STDERR_REDIRECT] 
2026-03-27 16:18:58,858 [ERROR] LogOutputStream:75 - [STDERR_REDIRECT] [Fatal Error] :1:1: Premature end of file.
2026-03-27 16:18:58,858 [ERROR] LogOutputStream:75 - [STDERR_REDIRECT] 
2026-03-27 16:18:59,841 [ERROR] LogOutputStream:75 - [STDERR_REDIRECT] [Fatal Error] :1:1: Premature end of file.
2026-03-27 16:18:59,841 [ERROR] LogOutputStream:75 - [STDERR_REDIRECT] 
2026-03-27 16:19:00,864 [ERROR] LogOutputStream:75 - [STDERR_REDIRECT] [Fatal Error] :1:1: Premature end of file.
2026-03-27 16:19:00,866 [ERROR] LogOutputStream:75 - [STDERR_REDIRECT] 
2026-03-27 16:19:01,922 [ERROR] LogOutputStream:75 - [STDERR_REDIRECT] [Fatal Error] :1:1: Premature end of file.
2026-03-27 16:19:01,925 [ERROR] LogOutputStream:75 - [STDERR_REDIRECT] 
2026-03-27 16:19:02,886 [ERROR] LogOutputStream:75 - [STDERR_REDIRECT] [Fatal Error] :1:1: Premature end of file.
2026-03-27 16:19:02,887 [ERROR] LogOutputStream:75 - [STDERR_REDIRECT] 
2026-03-27 16:19:03,973 [ERROR] LogOutputStream:75 - [STDERR_REDIRECT] [Fatal Error] :1:1: Premature end of file.
2026-03-27 16:19:03,974 [ERROR] LogOutputStream:75 - [STDERR_REDIRECT] 
2026-03-27 16:19:04,901 [ERROR] LogOutputStream:75 - [STDERR_REDIRECT] [Fatal Error] :1:1: Premature end of file.
2026-03-27 16:19:04,903 [ERROR] LogOutputStream:75 - [STDERR_REDIRECT] 
2026-03-27 16:19:05,897 [ERROR] LogOutputStream:75 - [STDERR_REDIRECT] [Fatal Error] :1:1: Premature end of file.
2026-03-27 16:19:05,897 [ERROR] LogOutputStream:75 - [STDERR_REDIRECT] 
2026-03-27 16:19:06,911 [ERROR] LogOutputStream:75 - [STDERR_REDIRECT] [Fatal Error] :1:1: Premature end of file.
2026-03-27 16:19:06,911 [ERROR] LogOutputStream:75 - [STDERR_REDIRECT] 
2026-03-27 16:19:07,988 [ERROR] LogOutputStream:75 - [STDERR_REDIRECT] [Fatal Error] :1:1: Premature end of file.
2026-03-27 16:19:07,988 [ERROR] LogOutputStream:75 - [STDERR_REDIRECT] 
2026-03-27 16:19:08,868 [ERROR] LogOutputStream:75 - [STDERR_REDIRECT] [Fatal Error] :1:1: Premature end of file.
2026-03-27 16:19:08,870 [ERROR] LogOutputStream:75 - [STDERR_REDIRECT] 
2026-03-27 16:19:09,344 [INFO] McuFinderGlobals:76 - Set McuFinderConnectedMode to true
2026-03-27 16:19:09,351 [INFO] ApiDb:448 - Save user favorites file C:\Users\Mujaid/.stm32cubeide/favorites.mcus.txt: 0 item(s)
2026-03-27 16:19:09,351 [INFO] ApiDb:452 - User favorites MCUs=[]
2026-03-27 16:19:09,355 [INFO] ApiDb:448 - Save user favorites file C:\Users\Mujaid/.stm32cubeide/favorites.boards.txt: 0 item(s)
2026-03-27 16:19:09,355 [INFO] ApiDb:452 - User favorites Boards=[]
2026-03-27 16:19:09,877 [ERROR] LogOutputStream:75 - [STDERR_REDIRECT] [Fatal Error] :1:1: Premature end of file.
2026-03-27 16:19:09,878 [ERROR] LogOutputStream:75 - [STDERR_REDIRECT] 
2026-03-27 16:19:10,846 [ERROR] LogOutputStream:75 - [STDERR_REDIRECT] [Fatal Error] :1:1: Premature end of file.
2026-03-27 16:19:10,847 [ERROR] LogOutputStream:75 - [STDERR_REDIRECT] 
2026-03-27 16:19:11,862 [ERROR] LogOutputStream:75 - [STDERR_REDIRECT] [Fatal Error] :1:1: Premature end of file.
2026-03-27 16:19:11,862 [ERROR] LogOutputStream:75 - [STDERR_REDIRECT] 
2026-03-27 16:19:12,854 [ERROR] LogOutputStream:75 - [STDERR_REDIRECT] [Fatal Error] :1:1: Premature end of file.
2026-03-27 16:19:12,854 [ERROR] LogOutputStream:75 - [STDERR_REDIRECT] 
2026-03-27 16:19:13,848 [ERROR] LogOutputStream:75 - [STDERR_REDIRECT] [Fatal Error] :1:1: Premature end of file.
2026-03-27 16:19:13,849 [ERROR] LogOutputStream:75 - [STDERR_REDIRECT] 
2026-03-27 16:19:14,883 [ERROR] LogOutputStream:75 - [STDERR_REDIRECT] [Fatal Error] :1:1: Premature end of file.
2026-03-27 16:19:14,883 [ERROR] LogOutputStream:75 - [STDERR_REDIRECT] 
2026-03-27 16:19:15,879 [ERROR] LogOutputStream:75 - [STDERR_REDIRECT] [Fatal Error] :1:1: Premature end of file.
2026-03-27 16:19:15,880 [ERROR] LogOutputStream:75 - [STDERR_REDIRECT] 
2026-03-27 16:19:16,920 [ERROR] LogOutputStream:75 - [STDERR_REDIRECT] [Fatal Error] :1:1: Premature end of file.
2026-03-27 16:19:16,923 [ERROR] LogOutputStream:75 - [STDERR_REDIRECT] 
2026-03-27 16:19:17,893 [ERROR] LogOutputStream:75 - [STDERR_REDIRECT] [Fatal Error] :1:1: Premature end of file.
2026-03-27 16:19:17,893 [ERROR] LogOutputStream:75 - [STDERR_REDIRECT] 
2026-03-27 16:19:18,893 [ERROR] LogOutputStream:75 - [STDERR_REDIRECT] [Fatal Error] :1:1: Premature end of file.
2026-03-27 16:19:18,893 [ERROR] LogOutputStream:75 - [STDERR_REDIRECT] 
2026-03-27 16:19:19,879 [ERROR] LogOutputStream:75 - [STDERR_REDIRECT] [Fatal Error] :1:1: Premature end of file.
2026-03-27 16:19:19,879 [ERROR] LogOutputStream:75 - [STDERR_REDIRECT] 
2026-03-27 16:19:20,856 [ERROR] LogOutputStream:75 - [STDERR_REDIRECT] [Fatal Error] :1:1: Premature end of file.
2026-03-27 16:19:20,856 [ERROR] LogOutputStream:75 - [STDERR_REDIRECT] 
2026-03-27 16:19:21,867 [ERROR] LogOutputStream:75 - [STDERR_REDIRECT] [Fatal Error] :1:1: Premature end of file.
2026-03-27 16:19:21,867 [ERROR] LogOutputStream:75 - [STDERR_REDIRECT] 
2026-03-27 16:19:22,855 [ERROR] LogOutputStream:75 - [STDERR_REDIRECT] [Fatal Error] :1:1: Premature end of file.
2026-03-27 16:19:22,856 [ERROR] LogOutputStream:75 - [STDERR_REDIRECT] 
2026-03-27 16:19:23,889 [ERROR] LogOutputStream:75 - [STDERR_REDIRECT] [Fatal Error] :1:1: Premature end of file.
2026-03-27 16:19:23,889 [ERROR] LogOutputStream:75 - [STDERR_REDIRECT] 
2026-03-27 16:19:24,868 [ERROR] LogOutputStream:75 - [STDERR_REDIRECT] [Fatal Error] :1:1: Premature end of file.
2026-03-27 16:19:24,868 [ERROR] LogOutputStream:75 - [STDERR_REDIRECT] 
2026-03-27 16:19:25,867 [ERROR] LogOutputStream:75 - [STDERR_REDIRECT] [Fatal Error] :1:1: Premature end of file.
2026-03-27 16:19:25,867 [ERROR] LogOutputStream:75 - [STDERR_REDIRECT] 
2026-03-27 16:19:26,876 [ERROR] LogOutputStream:75 - [STDERR_REDIRECT] [Fatal Error] :1:1: Premature end of file.
2026-03-27 16:19:26,878 [ERROR] LogOutputStream:75 - [STDERR_REDIRECT] 
2026-03-27 16:19:27,881 [ERROR] LogOutputStream:75 - [STDERR_REDIRECT] [Fatal Error] :1:1: Premature end of file.
2026-03-27 16:19:27,881 [ERROR] LogOutputStream:75 - [STDERR_REDIRECT] 
2026-03-27 16:19:28,874 [ERROR] LogOutputStream:75 - [STDERR_REDIRECT] [Fatal Error] :1:1: Premature end of file.
2026-03-27 16:19:28,874 [ERROR] LogOutputStream:75 - [STDERR_REDIRECT] 
2026-03-27 16:19:29,870 [ERROR] LogOutputStream:75 - [STDERR_REDIRECT] [Fatal Error] :1:1: Premature end of file.
2026-03-27 16:19:29,870 [ERROR] LogOutputStream:75 - [STDERR_REDIRECT] 
2026-03-27 16:19:30,862 [ERROR] LogOutputStream:75 - [STDERR_REDIRECT] [Fatal Error] :1:1: Premature end of file.
2026-03-27 16:19:30,863 [ERROR] LogOutputStream:75 - [STDERR_REDIRECT] 
2026-03-27 16:19:31,865 [ERROR] LogOutputStream:75 - [STDERR_REDIRECT] [Fatal Error] :1:1: Premature end of file.
2026-03-27 16:19:31,866 [ERROR] LogOutputStream:75 - [STDERR_REDIRECT] 
2026-03-27 16:19:32,916 [ERROR] LogOutputStream:75 - [STDERR_REDIRECT] [Fatal Error] :1:1: Premature end of file.
2026-03-27 16:19:32,916 [ERROR] LogOutputStream:75 - [STDERR_REDIRECT] 
2026-03-27 16:19:33,874 [ERROR] LogOutputStream:75 - [STDERR_REDIRECT] [Fatal Error] :1:1: Premature end of file.
2026-03-27 16:19:33,874 [ERROR] LogOutputStream:75 - [STDERR_REDIRECT] 
2026-03-27 16:19:34,874 [ERROR] LogOutputStream:75 - [STDERR_REDIRECT] [Fatal Error] :1:1: Premature end of file.
2026-03-27 16:19:34,874 [ERROR] LogOutputStream:75 - [STDERR_REDIRECT] 
2026-03-27 16:19:35,873 [ERROR] LogOutputStream:75 - [STDERR_REDIRECT] [Fatal Error] :1:1: Premature end of file.
2026-03-27 16:19:35,873 [ERROR] LogOutputStream:75 - [STDERR_REDIRECT] 
2026-03-27 16:19:36,872 [ERROR] LogOutputStream:75 - [STDERR_REDIRECT] [Fatal Error] :1:1: Premature end of file.
2026-03-27 16:19:36,872 [ERROR] LogOutputStream:75 - [STDERR_REDIRECT] 
2026-03-27 16:19:37,888 [ERROR] LogOutputStream:75 - [STDERR_REDIRECT] [Fatal Error] :1:1: Premature end of file.
2026-03-27 16:19:37,889 [ERROR] LogOutputStream:75 - [STDERR_REDIRECT] 
2026-03-27 16:19:38,899 [ERROR] LogOutputStream:75 - [STDERR_REDIRECT] [Fatal Error] :1:1: Premature end of file.
2026-03-27 16:19:38,900 [ERROR] LogOutputStream:75 - [STDERR_REDIRECT] 
2026-03-27 16:19:39,881 [ERROR] LogOutputStream:75 - [STDERR_REDIRECT] [Fatal Error] :1:1: Premature end of file.
2026-03-27 16:19:39,881 [ERROR] LogOutputStream:75 - [STDERR_REDIRECT] 
2026-03-27 16:19:40,881 [ERROR] LogOutputStream:75 - [STDERR_REDIRECT] [Fatal Error] :1:1: Premature end of file.
2026-03-27 16:19:40,881 [ERROR] LogOutputStream:75 - [STDERR_REDIRECT] 
2026-03-27 16:19:41,866 [ERROR] LogOutputStream:75 - [STDERR_REDIRECT] [Fatal Error] :1:1: Premature end of file.
2026-03-27 16:19:41,866 [ERROR] LogOutputStream:75 - [STDERR_REDIRECT] 
2026-03-27 16:19:42,879 [ERROR] LogOutputStream:75 - [STDERR_REDIRECT] [Fatal Error] :1:1: Premature end of file.
2026-03-27 16:19:42,879 [ERROR] LogOutputStream:75 - [STDERR_REDIRECT] 
2026-03-27 16:19:43,873 [ERROR] LogOutputStream:75 - [STDERR_REDIRECT] [Fatal Error] :1:1: Premature end of file.
2026-03-27 16:19:43,880 [ERROR] LogOutputStream:75 - [STDERR_REDIRECT] 
2026-03-27 16:19:44,893 [ERROR] LogOutputStream:75 - [STDERR_REDIRECT] [Fatal Error] :1:1: Premature end of file.
2026-03-27 16:19:44,893 [ERROR] LogOutputStream:75 - [STDERR_REDIRECT] 
2026-03-27 16:19:45,882 [ERROR] LogOutputStream:75 - [STDERR_REDIRECT] [Fatal Error] :1:1: Premature end of file.
2026-03-27 16:19:45,882 [ERROR] LogOutputStream:75 - [STDERR_REDIRECT] 
2026-03-27 16:19:46,881 [ERROR] LogOutputStream:75 - [STDERR_REDIRECT] [Fatal Error] :1:1: Premature end of file.
2026-03-27 16:19:46,882 [ERROR] LogOutputStream:75 - [STDERR_REDIRECT] 
2026-03-27 16:19:47,876 [ERROR] LogOutputStream:75 - [STDERR_REDIRECT] [Fatal Error] :1:1: Premature end of file.
2026-03-27 16:19:47,876 [ERROR] LogOutputStream:75 - [STDERR_REDIRECT] 
2026-03-27 16:19:48,881 [ERROR] LogOutputStream:75 - [STDERR_REDIRECT] [Fatal Error] :1:1: Premature end of file.
2026-03-27 16:19:48,881 [ERROR] LogOutputStream:75 - [STDERR_REDIRECT] 
2026-03-27 16:19:49,888 [ERROR] LogOutputStream:75 - [STDERR_REDIRECT] [Fatal Error] :1:1: Premature end of file.
2026-03-27 16:19:49,888 [ERROR] LogOutputStream:75 - [STDERR_REDIRECT] 
2026-03-27 16:19:50,872 [ERROR] LogOutputStream:75 - [STDERR_REDIRECT] [Fatal Error] :1:1: Premature end of file.
2026-03-27 16:19:50,872 [ERROR] LogOutputStream:75 - [STDERR_REDIRECT] 
2026-03-27 16:19:51,881 [ERROR] LogOutputStream:75 - [STDERR_REDIRECT] [Fatal Error] :1:1: Premature end of file.
2026-03-27 16:19:51,881 [ERROR] LogOutputStream:75 - [STDERR_REDIRECT] 
2026-03-27 16:19:52,880 [ERROR] LogOutputStream:75 - [STDERR_REDIRECT] [Fatal Error] :1:1: Premature end of file.
2026-03-27 16:19:52,880 [ERROR] LogOutputStream:75 - [STDERR_REDIRECT] 
2026-03-27 16:19:53,871 [ERROR] LogOutputStream:75 - [STDERR_REDIRECT] [Fatal Error] :1:1: Premature end of file.
2026-03-27 16:19:53,871 [ERROR] LogOutputStream:75 - [STDERR_REDIRECT] 
2026-03-27 16:19:54,881 [ERROR] LogOutputStream:75 - [STDERR_REDIRECT] [Fatal Error] :1:1: Premature end of file.
2026-03-27 16:19:54,881 [ERROR] LogOutputStream:75 - [STDERR_REDIRECT] 
2026-03-27 16:19:55,884 [ERROR] LogOutputStream:75 - [STDERR_REDIRECT] [Fatal Error] :1:1: Premature end of file.
2026-03-27 16:19:55,884 [ERROR] LogOutputStream:75 - [STDERR_REDIRECT] 
2026-03-27 16:19:56,875 [ERROR] LogOutputStream:75 - [STDERR_REDIRECT] [Fatal Error] :1:1: Premature end of file.
2026-03-27 16:19:56,875 [ERROR] LogOutputStream:75 - [STDERR_REDIRECT] 
2026-03-27 16:19:57,891 [ERROR] LogOutputStream:75 - [STDERR_REDIRECT] [Fatal Error] :1:1: Premature end of file.
2026-03-27 16:19:57,891 [ERROR] LogOutputStream:75 - [STDERR_REDIRECT] 
2026-03-27 16:19:58,898 [ERROR] LogOutputStream:75 - [STDERR_REDIRECT] [Fatal Error] :1:1: Premature end of file.
2026-03-27 16:19:58,899 [ERROR] LogOutputStream:75 - [STDERR_REDIRECT] 
2026-03-27 16:19:59,902 [ERROR] LogOutputStream:75 - [STDERR_REDIRECT] [Fatal Error] :1:1: Premature end of file.
2026-03-27 16:19:59,902 [ERROR] LogOutputStream:75 - [STDERR_REDIRECT] 
2026-03-27 16:20:00,873 [ERROR] LogOutputStream:75 - [STDERR_REDIRECT] [Fatal Error] :1:1: Premature end of file.
2026-03-27 16:20:00,879 [ERROR] LogOutputStream:75 - [STDERR_REDIRECT] 
2026-03-27 16:20:01,880 [ERROR] LogOutputStream:75 - [STDERR_REDIRECT] [Fatal Error] :1:1: Premature end of file.
2026-03-27 16:20:01,880 [ERROR] LogOutputStream:75 - [STDERR_REDIRECT] 
2026-03-27 16:20:02,884 [ERROR] LogOutputStream:75 - [STDERR_REDIRECT] [Fatal Error] :1:1: Premature end of file.
2026-03-27 16:20:02,884 [ERROR] LogOutputStream:75 - [STDERR_REDIRECT] 
2026-03-27 16:20:03,870 [ERROR] LogOutputStream:75 - [STDERR_REDIRECT] [Fatal Error] :1:1: Premature end of file.
2026-03-27 16:20:03,870 [ERROR] LogOutputStream:75 - [STDERR_REDIRECT] 
2026-03-27 16:20:04,881 [ERROR] LogOutputStream:75 - [STDERR_REDIRECT] [Fatal Error] :1:1: Premature end of file.
2026-03-27 16:20:04,881 [ERROR] LogOutputStream:75 - [STDERR_REDIRECT] 
2026-03-27 16:20:05,881 [ERROR] LogOutputStream:75 - [STDERR_REDIRECT] [Fatal Error] :1:1: Premature end of file.
2026-03-27 16:20:05,881 [ERROR] LogOutputStream:75 - [STDERR_REDIRECT] 
2026-03-27 16:20:06,886 [ERROR] LogOutputStream:75 - [STDERR_REDIRECT] [Fatal Error] :1:1: Premature end of file.
2026-03-27 16:20:06,886 [ERROR] LogOutputStream:75 - [STDERR_REDIRECT] 
2026-03-27 16:20:07,875 [ERROR] LogOutputStream:75 - [STDERR_REDIRECT] [Fatal Error] :1:1: Premature end of file.
2026-03-27 16:20:07,875 [ERROR] LogOutputStream:75 - [STDERR_REDIRECT] 
2026-03-27 16:20:08,889 [ERROR] LogOutputStream:75 - [STDERR_REDIRECT] [Fatal Error] :1:1: Premature end of file.
2026-03-27 16:20:08,889 [ERROR] LogOutputStream:75 - [STDERR_REDIRECT] 
2026-03-27 16:20:09,880 [ERROR] LogOutputStream:75 - [STDERR_REDIRECT] [Fatal Error] :1:1: Premature end of file.
2026-03-27 16:20:09,880 [ERROR] LogOutputStream:75 - [STDERR_REDIRECT] 
2026-03-27 16:20:10,880 [ERROR] LogOutputStream:75 - [STDERR_REDIRECT] [Fatal Error] :1:1: Premature end of file.
2026-03-27 16:20:10,881 [ERROR] LogOutputStream:75 - [STDERR_REDIRECT] 
2026-03-27 16:20:11,880 [ERROR] LogOutputStream:75 - [STDERR_REDIRECT] [Fatal Error] :1:1: Premature end of file.
2026-03-27 16:20:11,880 [ERROR] LogOutputStream:75 - [STDERR_REDIRECT] 
2026-03-27 16:20:12,891 [ERROR] LogOutputStream:75 - [STDERR_REDIRECT] [Fatal Error] :1:1: Premature end of file.
2026-03-27 16:20:12,891 [ERROR] LogOutputStream:75 - [STDERR_REDIRECT] 
2026-03-27 16:20:13,888 [ERROR] LogOutputStream:75 - [STDERR_REDIRECT] [Fatal Error] :1:1: Premature end of file.
2026-03-27 16:20:13,888 [ERROR] LogOutputStream:75 - [STDERR_REDIRECT] 
2026-03-27 16:20:14,874 [ERROR] LogOutputStream:75 - [STDERR_REDIRECT] [Fatal Error] :1:1: Premature end of file.
2026-03-27 16:20:14,874 [ERROR] LogOutputStream:75 - [STDERR_REDIRECT] 
2026-03-27 16:20:15,877 [ERROR] LogOutputStream:75 - [STDERR_REDIRECT] [Fatal Error] :1:1: Premature end of file.
2026-03-27 16:20:15,877 [ERROR] LogOutputStream:75 - [STDERR_REDIRECT] 
2026-03-27 16:20:16,880 [ERROR] LogOutputStream:75 - [STDERR_REDIRECT] [Fatal Error] :1:1: Premature end of file.
2026-03-27 16:20:16,880 [ERROR] LogOutputStream:75 - [STDERR_REDIRECT] 
2026-03-27 16:20:17,890 [ERROR] LogOutputStream:75 - [STDERR_REDIRECT] [Fatal Error] :1:1: Premature end of file.
2026-03-27 16:20:17,890 [ERROR] LogOutputStream:75 - [STDERR_REDIRECT] 
2026-03-27 16:20:18,876 [ERROR] LogOutputStream:75 - [STDERR_REDIRECT] [Fatal Error] :1:1: Premature end of file.
2026-03-27 16:20:18,876 [ERROR] LogOutputStream:75 - [STDERR_REDIRECT] 
2026-03-27 16:20:19,856 [ERROR] LogOutputStream:75 - [STDERR_REDIRECT] [Fatal Error] :1:1: Premature end of file.
2026-03-27 16:20:19,856 [ERROR] LogOutputStream:75 - [STDERR_REDIRECT] 
2026-03-27 16:20:20,886 [ERROR] LogOutputStream:75 - [STDERR_REDIRECT] [Fatal Error] :1:1: Premature end of file.
2026-03-27 16:20:20,886 [ERROR] LogOutputStream:75 - [STDERR_REDIRECT] 
2026-03-27 16:20:21,877 [ERROR] LogOutputStream:75 - [STDERR_REDIRECT] [Fatal Error] :1:1: Premature end of file.
2026-03-27 16:20:21,877 [ERROR] LogOutputStream:75 - [STDERR_REDIRECT] 
2026-03-27 16:20:22,872 [ERROR] LogOutputStream:75 - [STDERR_REDIRECT] [Fatal Error] :1:1: Premature end of file.
2026-03-27 16:20:22,872 [ERROR] LogOutputStream:75 - [STDERR_REDIRECT] 
2026-03-27 16:20:23,890 [ERROR] LogOutputStream:75 - [STDERR_REDIRECT] [Fatal Error] :1:1: Premature end of file.
2026-03-27 16:20:23,890 [ERROR] LogOutputStream:75 - [STDERR_REDIRECT] 
2026-03-27 16:20:24,866 [ERROR] LogOutputStream:75 - [STDERR_REDIRECT] [Fatal Error] :1:1: Premature end of file.
2026-03-27 16:20:24,866 [ERROR] LogOutputStream:75 - [STDERR_REDIRECT] 
2026-03-27 16:20:25,886 [ERROR] LogOutputStream:75 - [STDERR_REDIRECT] [Fatal Error] :1:1: Premature end of file.
2026-03-27 16:20:25,886 [ERROR] LogOutputStream:75 - [STDERR_REDIRECT] 
2026-03-27 16:20:26,856 [ERROR] LogOutputStream:75 - [STDERR_REDIRECT] [Fatal Error] :1:1: Premature end of file.
2026-03-27 16:20:26,856 [ERROR] LogOutputStream:75 - [STDERR_REDIRECT] 
2026-03-27 16:20:27,869 [ERROR] LogOutputStream:75 - [STDERR_REDIRECT] [Fatal Error] :1:1: Premature end of file.
2026-03-27 16:20:27,869 [ERROR] LogOutputStream:75 - [STDERR_REDIRECT] 
2026-03-27 16:20:28,871 [ERROR] LogOutputStream:75 - [STDERR_REDIRECT] [Fatal Error] :1:1: Premature end of file.
2026-03-27 16:20:28,873 [ERROR] LogOutputStream:75 - [STDERR_REDIRECT] 
2026-03-27 16:20:29,880 [ERROR] LogOutputStream:75 - [STDERR_REDIRECT] [Fatal Error] :1:1: Premature end of file.
2026-03-27 16:20:29,880 [ERROR] LogOutputStream:75 - [STDERR_REDIRECT] 
2026-03-27 16:20:30,880 [ERROR] LogOutputStream:75 - [STDERR_REDIRECT] [Fatal Error] :1:1: Premature end of file.
2026-03-27 16:20:30,880 [ERROR] LogOutputStream:75 - [STDERR_REDIRECT] 
2026-03-27 16:20:31,881 [ERROR] LogOutputStream:75 - [STDERR_REDIRECT] [Fatal Error] :1:1: Premature end of file.
2026-03-27 16:20:31,884 [ERROR] LogOutputStream:75 - [STDERR_REDIRECT] 
2026-03-27 16:20:32,888 [ERROR] LogOutputStream:75 - [STDERR_REDIRECT] [Fatal Error] :1:1: Premature end of file.
2026-03-27 16:20:32,888 [ERROR] LogOutputStream:75 - [STDERR_REDIRECT] 
2026-03-27 16:20:33,901 [ERROR] LogOutputStream:75 - [STDERR_REDIRECT] [Fatal Error] :1:1: Premature end of file.
2026-03-27 16:20:33,901 [ERROR] LogOutputStream:75 - [STDERR_REDIRECT] 
2026-03-27 16:20:34,871 [ERROR] LogOutputStream:75 - [STDERR_REDIRECT] [Fatal Error] :1:1: Premature end of file.
2026-03-27 16:20:34,871 [ERROR] LogOutputStream:75 - [STDERR_REDIRECT] 
2026-03-27 16:20:35,876 [ERROR] LogOutputStream:75 - [STDERR_REDIRECT] [Fatal Error] :1:1: Premature end of file.
2026-03-27 16:20:35,876 [ERROR] LogOutputStream:75 - [STDERR_REDIRECT] 
2026-03-27 16:20:36,884 [ERROR] LogOutputStream:75 - [STDERR_REDIRECT] [Fatal Error] :1:1: Premature end of file.
2026-03-27 16:20:36,887 [ERROR] LogOutputStream:75 - [STDERR_REDIRECT] 
2026-03-27 16:20:37,873 [ERROR] LogOutputStream:75 - [STDERR_REDIRECT] [Fatal Error] :1:1: Premature end of file.
2026-03-27 16:20:37,873 [ERROR] LogOutputStream:75 - [STDERR_REDIRECT] 
2026-03-27 16:20:38,895 [ERROR] LogOutputStream:75 - [STDERR_REDIRECT] [Fatal Error] :1:1: Premature end of file.
2026-03-27 16:20:38,895 [ERROR] LogOutputStream:75 - [STDERR_REDIRECT] 
2026-03-27 16:20:39,885 [ERROR] LogOutputStream:75 - [STDERR_REDIRECT] [Fatal Error] :1:1: Premature end of file.
2026-03-27 16:20:39,885 [ERROR] LogOutputStream:75 - [STDERR_REDIRECT] 
2026-03-27 16:20:40,882 [ERROR] LogOutputStream:75 - [STDERR_REDIRECT] [Fatal Error] :1:1: Premature end of file.
2026-03-27 16:20:40,882 [ERROR] LogOutputStream:75 - [STDERR_REDIRECT] 
2026-03-27 16:20:41,881 [ERROR] LogOutputStream:75 - [STDERR_REDIRECT] [Fatal Error] :1:1: Premature end of file.
2026-03-27 16:20:41,881 [ERROR] LogOutputStream:75 - [STDERR_REDIRECT] 
2026-03-27 16:20:42,877 [ERROR] LogOutputStream:75 - [STDERR_REDIRECT] [Fatal Error] :1:1: Premature end of file.
2026-03-27 16:20:42,877 [ERROR] LogOutputStream:75 - [STDERR_REDIRECT] 
2026-03-27 16:20:43,877 [ERROR] LogOutputStream:75 - [STDERR_REDIRECT] [Fatal Error] :1:1: Premature end of file.
2026-03-27 16:20:43,877 [ERROR] LogOutputStream:75 - [STDERR_REDIRECT] 
2026-03-27 16:20:44,862 [ERROR] LogOutputStream:75 - [STDERR_REDIRECT] [Fatal Error] :1:1: Premature end of file.
2026-03-27 16:20:44,869 [ERROR] LogOutputStream:75 - [STDERR_REDIRECT] 
2026-03-27 16:20:45,877 [ERROR] LogOutputStream:75 - [STDERR_REDIRECT] [Fatal Error] :1:1: Premature end of file.
2026-03-27 16:20:45,878 [ERROR] LogOutputStream:75 - [STDERR_REDIRECT] 
2026-03-27 16:20:46,873 [ERROR] LogOutputStream:75 - [STDERR_REDIRECT] [Fatal Error] :1:1: Premature end of file.
2026-03-27 16:20:46,873 [ERROR] LogOutputStream:75 - [STDERR_REDIRECT] 
2026-03-27 16:20:47,878 [ERROR] LogOutputStream:75 - [STDERR_REDIRECT] [Fatal Error] :1:1: Premature end of file.
2026-03-27 16:20:47,880 [ERROR] LogOutputStream:75 - [STDERR_REDIRECT] 
2026-03-27 16:20:48,876 [ERROR] LogOutputStream:75 - [STDERR_REDIRECT] [Fatal Error] :1:1: Premature end of file.
2026-03-27 16:20:48,876 [ERROR] LogOutputStream:75 - [STDERR_REDIRECT] 
2026-03-27 16:20:49,876 [ERROR] LogOutputStream:75 - [STDERR_REDIRECT] [Fatal Error] :1:1: Premature end of file.
2026-03-27 16:20:49,876 [ERROR] LogOutputStream:75 - [STDERR_REDIRECT] 
2026-03-27 16:20:50,914 [ERROR] LogOutputStream:75 - [STDERR_REDIRECT] [Fatal Error] :1:1: Premature end of file.
2026-03-27 16:20:50,914 [ERROR] LogOutputStream:75 - [STDERR_REDIRECT] 
2026-03-27 16:20:51,882 [ERROR] LogOutputStream:75 - [STDERR_REDIRECT] [Fatal Error] :1:1: Premature end of file.
2026-03-27 16:20:51,882 [ERROR] LogOutputStream:75 - [STDERR_REDIRECT] 
2026-03-27 16:20:52,920 [ERROR] LogOutputStream:75 - [STDERR_REDIRECT] [Fatal Error] :1:1: Premature end of file.
2026-03-27 16:20:52,920 [ERROR] LogOutputStream:75 - [STDERR_REDIRECT] 
2026-03-27 16:20:53,871 [ERROR] LogOutputStream:75 - [STDERR_REDIRECT] [Fatal Error] :1:1: Premature end of file.
2026-03-27 16:20:53,871 [ERROR] LogOutputStream:75 - [STDERR_REDIRECT] 
2026-03-27 16:20:54,854 [ERROR] LogOutputStream:75 - [STDERR_REDIRECT] [Fatal Error] :1:1: Premature end of file.
2026-03-27 16:20:54,857 [ERROR] LogOutputStream:75 - [STDERR_REDIRECT] 
2026-03-27 16:20:55,865 [ERROR] LogOutputStream:75 - [STDERR_REDIRECT] [Fatal Error] :1:1: Premature end of file.
2026-03-27 16:20:55,867 [ERROR] LogOutputStream:75 - [STDERR_REDIRECT] 
2026-03-27 16:20:56,884 [ERROR] LogOutputStream:75 - [STDERR_REDIRECT] [Fatal Error] :1:1: Premature end of file.
2026-03-27 16:20:56,884 [ERROR] LogOutputStream:75 - [STDERR_REDIRECT] 
2026-03-27 16:20:57,879 [ERROR] LogOutputStream:75 - [STDERR_REDIRECT] [Fatal Error] :1:1: Premature end of file.
2026-03-27 16:20:57,880 [ERROR] LogOutputStream:75 - [STDERR_REDIRECT] 
2026-03-27 16:20:58,860 [ERROR] LogOutputStream:75 - [STDERR_REDIRECT] [Fatal Error] :1:1: Premature end of file.
2026-03-27 16:20:58,864 [ERROR] LogOutputStream:75 - [STDERR_REDIRECT] 
2026-03-27 16:20:59,883 [ERROR] LogOutputStream:75 - [STDERR_REDIRECT] [Fatal Error] :1:1: Premature end of file.
2026-03-27 16:20:59,883 [ERROR] LogOutputStream:75 - [STDERR_REDIRECT] 
2026-03-27 16:21:00,864 [ERROR] LogOutputStream:75 - [STDERR_REDIRECT] [Fatal Error] :1:1: Premature end of file.
2026-03-27 16:21:00,864 [ERROR] LogOutputStream:75 - [STDERR_REDIRECT] 
2026-03-27 16:21:01,880 [ERROR] LogOutputStream:75 - [STDERR_REDIRECT] [Fatal Error] :1:1: Premature end of file.
2026-03-27 16:21:01,880 [ERROR] LogOutputStream:75 - [STDERR_REDIRECT] 
2026-03-27 16:21:02,890 [ERROR] LogOutputStream:75 - [STDERR_REDIRECT] [Fatal Error] :1:1: Premature end of file.
2026-03-27 16:21:02,891 [ERROR] LogOutputStream:75 - [STDERR_REDIRECT] 
2026-03-27 16:21:03,900 [ERROR] LogOutputStream:75 - [STDERR_REDIRECT] [Fatal Error] :1:1: Premature end of file.
2026-03-27 16:21:03,901 [ERROR] LogOutputStream:75 - [STDERR_REDIRECT] 
2026-03-27 16:21:04,914 [ERROR] LogOutputStream:75 - [STDERR_REDIRECT] [Fatal Error] :1:1: Premature end of file.
2026-03-27 16:21:04,914 [ERROR] LogOutputStream:75 - [STDERR_REDIRECT] 
2026-03-27 16:21:05,891 [ERROR] LogOutputStream:75 - [STDERR_REDIRECT] [Fatal Error] :1:1: Premature end of file.
2026-03-27 16:21:05,891 [ERROR] LogOutputStream:75 - [STDERR_REDIRECT] 
2026-03-27 16:21:06,904 [ERROR] LogOutputStream:75 - [STDERR_REDIRECT] [Fatal Error] :1:1: Premature end of file.
2026-03-27 16:21:06,904 [ERROR] LogOutputStream:75 - [STDERR_REDIRECT] 
2026-03-27 16:21:07,894 [ERROR] LogOutputStream:75 - [STDERR_REDIRECT] [Fatal Error] :1:1: Premature end of file.
2026-03-27 16:21:07,897 [ERROR] LogOutputStream:75 - [STDERR_REDIRECT] 
2026-03-27 16:21:08,880 [ERROR] LogOutputStream:75 - [STDERR_REDIRECT] [Fatal Error] :1:1: Premature end of file.
2026-03-27 16:21:08,880 [ERROR] LogOutputStream:75 - [STDERR_REDIRECT] 
2026-03-27 16:21:09,903 [ERROR] LogOutputStream:75 - [STDERR_REDIRECT] [Fatal Error] :1:1: Premature end of file.
2026-03-27 16:21:09,903 [ERROR] LogOutputStream:75 - [STDERR_REDIRECT] 
2026-03-27 16:21:10,898 [ERROR] LogOutputStream:75 - [STDERR_REDIRECT] [Fatal Error] :1:1: Premature end of file.
2026-03-27 16:21:10,898 [ERROR] LogOutputStream:75 - [STDERR_REDIRECT] 
2026-03-27 16:21:11,890 [ERROR] LogOutputStream:75 - [STDERR_REDIRECT] [Fatal Error] :1:1: Premature end of file.
2026-03-27 16:21:11,891 [ERROR] LogOutputStream:75 - [STDERR_REDIRECT] 
2026-03-27 16:21:12,881 [ERROR] LogOutputStream:75 - [STDERR_REDIRECT] [Fatal Error] :1:1: Premature end of file.
2026-03-27 16:21:12,881 [ERROR] LogOutputStream:75 - [STDERR_REDIRECT] 
2026-03-27 16:21:13,901 [ERROR] LogOutputStream:75 - [STDERR_REDIRECT] [Fatal Error] :1:1: Premature end of file.
2026-03-27 16:21:13,901 [ERROR] LogOutputStream:75 - [STDERR_REDIRECT] 
2026-03-27 16:21:14,900 [ERROR] LogOutputStream:75 - [STDERR_REDIRECT] [Fatal Error] :1:1: Premature end of file.
2026-03-27 16:21:14,900 [ERROR] LogOutputStream:75 - [STDERR_REDIRECT] 
2026-03-27 16:21:15,907 [ERROR] LogOutputStream:75 - [STDERR_REDIRECT] [Fatal Error] :1:1: Premature end of file.
2026-03-27 16:21:15,907 [ERROR] LogOutputStream:75 - [STDERR_REDIRECT] 
2026-03-27 16:21:16,900 [ERROR] LogOutputStream:75 - [STDERR_REDIRECT] [Fatal Error] :1:1: Premature end of file.
2026-03-27 16:21:16,900 [ERROR] LogOutputStream:75 - [STDERR_REDIRECT] 
2026-03-27 16:21:17,890 [ERROR] LogOutputStream:75 - [STDERR_REDIRECT] [Fatal Error] :1:1: Premature end of file.
2026-03-27 16:21:17,890 [ERROR] LogOutputStream:75 - [STDERR_REDIRECT] 
2026-03-27 16:21:18,892 [ERROR] LogOutputStream:75 - [STDERR_REDIRECT] [Fatal Error] :1:1: Premature end of file.
2026-03-27 16:21:18,900 [ERROR] LogOutputStream:75 - [STDERR_REDIRECT] 
2026-03-27 16:21:19,895 [ERROR] LogOutputStream:75 - [STDERR_REDIRECT] [Fatal Error] :1:1: Premature end of file.
2026-03-27 16:21:19,895 [ERROR] LogOutputStream:75 - [STDERR_REDIRECT] 
2026-03-27 16:21:20,920 [ERROR] LogOutputStream:75 - [STDERR_REDIRECT] [Fatal Error] :1:1: Premature end of file.
2026-03-27 16:21:20,920 [ERROR] LogOutputStream:75 - [STDERR_REDIRECT] 
2026-03-27 16:21:21,910 [ERROR] LogOutputStream:75 - [STDERR_REDIRECT] [Fatal Error] :1:1: Premature end of file.
2026-03-27 16:21:21,910 [ERROR] LogOutputStream:75 - [STDERR_REDIRECT] 
2026-03-27 16:21:22,876 [ERROR] LogOutputStream:75 - [STDERR_REDIRECT] [Fatal Error] :1:1: Premature end of file.
2026-03-27 16:21:22,876 [ERROR] LogOutputStream:75 - [STDERR_REDIRECT] 
2026-03-27 16:21:23,902 [ERROR] LogOutputStream:75 - [STDERR_REDIRECT] [Fatal Error] :1:1: Premature end of file.
2026-03-27 16:21:23,902 [ERROR] LogOutputStream:75 - [STDERR_REDIRECT] 
2026-03-27 16:21:24,891 [ERROR] LogOutputStream:75 - [STDERR_REDIRECT] [Fatal Error] :1:1: Premature end of file.
2026-03-27 16:21:24,891 [ERROR] LogOutputStream:75 - [STDERR_REDIRECT] 
2026-03-27 16:21:25,900 [ERROR] LogOutputStream:75 - [STDERR_REDIRECT] [Fatal Error] :1:1: Premature end of file.
2026-03-27 16:21:25,900 [ERROR] LogOutputStream:75 - [STDERR_REDIRECT] 
2026-03-27 16:21:26,902 [ERROR] LogOutputStream:75 - [STDERR_REDIRECT] [Fatal Error] :1:1: Premature end of file.
2026-03-27 16:21:26,902 [ERROR] LogOutputStream:75 - [STDERR_REDIRECT] 
2026-03-27 16:21:27,901 [ERROR] LogOutputStream:75 - [STDERR_REDIRECT] [Fatal Error] :1:1: Premature end of file.
2026-03-27 16:21:27,901 [ERROR] LogOutputStream:75 - [STDERR_REDIRECT] 
2026-03-27 16:21:28,909 [ERROR] LogOutputStream:75 - [STDERR_REDIRECT] [Fatal Error] :1:1: Premature end of file.
2026-03-27 16:21:28,910 [ERROR] LogOutputStream:75 - [STDERR_REDIRECT] 
2026-03-27 16:21:29,900 [ERROR] LogOutputStream:75 - [STDERR_REDIRECT] [Fatal Error] :1:1: Premature end of file.
2026-03-27 16:21:29,900 [ERROR] LogOutputStream:75 - [STDERR_REDIRECT] 
2026-03-27 16:21:30,896 [ERROR] LogOutputStream:75 - [STDERR_REDIRECT] [Fatal Error] :1:1: Premature end of file.
2026-03-27 16:21:30,899 [ERROR] LogOutputStream:75 - [STDERR_REDIRECT] 
2026-03-27 16:21:31,912 [ERROR] LogOutputStream:75 - [STDERR_REDIRECT] [Fatal Error] :1:1: Premature end of file.
2026-03-27 16:21:31,912 [ERROR] LogOutputStream:75 - [STDERR_REDIRECT] 
2026-03-27 16:21:32,901 [ERROR] LogOutputStream:75 - [STDERR_REDIRECT] [Fatal Error] :1:1: Premature end of file.
2026-03-27 16:21:32,901 [ERROR] LogOutputStream:75 - [STDERR_REDIRECT] 
2026-03-27 16:21:33,917 [ERROR] LogOutputStream:75 - [STDERR_REDIRECT] [Fatal Error] :1:1: Premature end of file.
2026-03-27 16:21:33,917 [ERROR] LogOutputStream:75 - [STDERR_REDIRECT] 
2026-03-27 16:21:34,901 [ERROR] LogOutputStream:75 - [STDERR_REDIRECT] [Fatal Error] :1:1: Premature end of file.
2026-03-27 16:21:34,901 [ERROR] LogOutputStream:75 - [STDERR_REDIRECT] 
2026-03-27 16:21:35,900 [ERROR] LogOutputStream:75 - [STDERR_REDIRECT] [Fatal Error] :1:1: Premature end of file.
2026-03-27 16:21:35,900 [ERROR] LogOutputStream:75 - [STDERR_REDIRECT] 
2026-03-27 16:21:36,910 [ERROR] LogOutputStream:75 - [STDERR_REDIRECT] [Fatal Error] :1:1: Premature end of file.
2026-03-27 16:21:36,910 [ERROR] LogOutputStream:75 - [STDERR_REDIRECT] 
2026-03-27 16:21:37,903 [ERROR] LogOutputStream:75 - [STDERR_REDIRECT] [Fatal Error] :1:1: Premature end of file.
2026-03-27 16:21:37,907 [ERROR] LogOutputStream:75 - [STDERR_REDIRECT] 
2026-03-27 16:21:38,906 [ERROR] LogOutputStream:75 - [STDERR_REDIRECT] [Fatal Error] :1:1: Premature end of file.
2026-03-27 16:21:38,906 [ERROR] LogOutputStream:75 - [STDERR_REDIRECT] 
2026-03-27 16:21:39,891 [ERROR] LogOutputStream:75 - [STDERR_REDIRECT] [Fatal Error] :1:1: Premature end of file.
2026-03-27 16:21:39,891 [ERROR] LogOutputStream:75 - [STDERR_REDIRECT] 
2026-03-27 16:21:40,910 [ERROR] LogOutputStream:75 - [STDERR_REDIRECT] [Fatal Error] :1:1: Premature end of file.
2026-03-27 16:21:40,910 [ERROR] LogOutputStream:75 - [STDERR_REDIRECT] 
2026-03-27 16:21:41,905 [ERROR] LogOutputStream:75 - [STDERR_REDIRECT] [Fatal Error] :1:1: Premature end of file.
2026-03-27 16:21:41,909 [ERROR] LogOutputStream:75 - [STDERR_REDIRECT] 
2026-03-27 16:21:42,906 [ERROR] LogOutputStream:75 - [STDERR_REDIRECT] [Fatal Error] :1:1: Premature end of file.
2026-03-27 16:21:42,906 [ERROR] LogOutputStream:75 - [STDERR_REDIRECT] 
2026-03-27 16:21:43,900 [ERROR] LogOutputStream:75 - [STDERR_REDIRECT] [Fatal Error] :1:1: Premature end of file.
2026-03-27 16:21:43,900 [ERROR] LogOutputStream:75 - [STDERR_REDIRECT] 
2026-03-27 16:21:44,901 [ERROR] LogOutputStream:75 - [STDERR_REDIRECT] [Fatal Error] :1:1: Premature end of file.
2026-03-27 16:21:44,901 [ERROR] LogOutputStream:75 - [STDERR_REDIRECT] 
2026-03-27 16:21:45,894 [ERROR] LogOutputStream:75 - [STDERR_REDIRECT] [Fatal Error] :1:1: Premature end of file.
2026-03-27 16:21:45,894 [ERROR] LogOutputStream:75 - [STDERR_REDIRECT] 
2026-03-27 16:21:46,903 [ERROR] LogOutputStream:75 - [STDERR_REDIRECT] [Fatal Error] :1:1: Premature end of file.
2026-03-27 16:21:46,903 [ERROR] LogOutputStream:75 - [STDERR_REDIRECT] 
2026-03-27 16:21:47,911 [ERROR] LogOutputStream:75 - [STDERR_REDIRECT] [Fatal Error] :1:1: Premature end of file.
2026-03-27 16:21:47,911 [ERROR] LogOutputStream:75 - [STDERR_REDIRECT] 
2026-03-27 16:21:48,900 [ERROR] LogOutputStream:75 - [STDERR_REDIRECT] [Fatal Error] :1:1: Premature end of file.
2026-03-27 16:21:48,900 [ERROR] LogOutputStream:75 - [STDERR_REDIRECT] 
2026-03-27 16:21:49,901 [ERROR] LogOutputStream:75 - [STDERR_REDIRECT] [Fatal Error] :1:1: Premature end of file.
2026-03-27 16:21:49,901 [ERROR] LogOutputStream:75 - [STDERR_REDIRECT] 
2026-03-27 16:21:50,905 [ERROR] LogOutputStream:75 - [STDERR_REDIRECT] [Fatal Error] :1:1: Premature end of file.
2026-03-27 16:21:50,910 [ERROR] LogOutputStream:75 - [STDERR_REDIRECT] 
2026-03-27 16:21:51,896 [ERROR] LogOutputStream:75 - [STDERR_REDIRECT] [Fatal Error] :1:1: Premature end of file.
2026-03-27 16:21:51,896 [ERROR] LogOutputStream:75 - [STDERR_REDIRECT] 
2026-03-27 16:21:52,895 [ERROR] LogOutputStream:75 - [STDERR_REDIRECT] [Fatal Error] :1:1: Premature end of file.
2026-03-27 16:21:52,895 [ERROR] LogOutputStream:75 - [STDERR_REDIRECT] 
2026-03-27 16:21:53,912 [ERROR] LogOutputStream:75 - [STDERR_REDIRECT] [Fatal Error] :1:1: Premature end of file.
2026-03-27 16:21:53,912 [ERROR] LogOutputStream:75 - [STDERR_REDIRECT] 
2026-03-27 16:21:54,890 [ERROR] LogOutputStream:75 - [STDERR_REDIRECT] [Fatal Error] :1:1: Premature end of file.
2026-03-27 16:21:54,890 [ERROR] LogOutputStream:75 - [STDERR_REDIRECT] 
2026-03-27 16:21:55,897 [ERROR] LogOutputStream:75 - [STDERR_REDIRECT] [Fatal Error] :1:1: Premature end of file.
2026-03-27 16:21:55,900 [ERROR] LogOutputStream:75 - [STDERR_REDIRECT] 
2026-03-27 16:21:56,895 [ERROR] LogOutputStream:75 - [STDERR_REDIRECT] [Fatal Error] :1:1: Premature end of file.
2026-03-27 16:21:56,895 [ERROR] LogOutputStream:75 - [STDERR_REDIRECT] 
2026-03-27 16:21:57,903 [ERROR] LogOutputStream:75 - [STDERR_REDIRECT] [Fatal Error] :1:1: Premature end of file.
2026-03-27 16:21:57,903 [ERROR] LogOutputStream:75 - [STDERR_REDIRECT] 
2026-03-27 16:21:58,903 [ERROR] LogOutputStream:75 - [STDERR_REDIRECT] [Fatal Error] :1:1: Premature end of file.
2026-03-27 16:21:58,903 [ERROR] LogOutputStream:75 - [STDERR_REDIRECT] 
2026-03-27 16:21:59,901 [ERROR] LogOutputStream:75 - [STDERR_REDIRECT] [Fatal Error] :1:1: Premature end of file.
2026-03-27 16:21:59,901 [ERROR] LogOutputStream:75 - [STDERR_REDIRECT] 
2026-03-27 16:22:00,900 [ERROR] LogOutputStream:75 - [STDERR_REDIRECT] [Fatal Error] :1:1: Premature end of file.
2026-03-27 16:22:00,900 [ERROR] LogOutputStream:75 - [STDERR_REDIRECT] 
2026-03-27 16:22:01,904 [ERROR] LogOutputStream:75 - [STDERR_REDIRECT] [Fatal Error] :1:1: Premature end of file.
2026-03-27 16:22:01,907 [ERROR] LogOutputStream:75 - [STDERR_REDIRECT] 
2026-03-27 16:22:02,903 [ERROR] LogOutputStream:75 - [STDERR_REDIRECT] [Fatal Error] :1:1: Premature end of file.
2026-03-27 16:22:02,903 [ERROR] LogOutputStream:75 - [STDERR_REDIRECT] 
2026-03-27 16:22:03,901 [ERROR] LogOutputStream:75 - [STDERR_REDIRECT] [Fatal Error] :1:1: Premature end of file.
2026-03-27 16:22:03,901 [ERROR] LogOutputStream:75 - [STDERR_REDIRECT] 
2026-03-27 16:22:04,899 [ERROR] LogOutputStream:75 - [STDERR_REDIRECT] [Fatal Error] :1:1: Premature end of file.
2026-03-27 16:22:04,900 [ERROR] LogOutputStream:75 - [STDERR_REDIRECT] 
2026-03-27 16:22:05,900 [ERROR] LogOutputStream:75 - [STDERR_REDIRECT] [Fatal Error] :1:1: Premature end of file.
2026-03-27 16:22:05,900 [ERROR] LogOutputStream:75 - [STDERR_REDIRECT] 
2026-03-27 16:22:06,891 [ERROR] LogOutputStream:75 - [STDERR_REDIRECT] [Fatal Error] :1:1: Premature end of file.
2026-03-27 16:22:06,891 [ERROR] LogOutputStream:75 - [STDERR_REDIRECT] 
2026-03-27 16:22:07,892 [ERROR] LogOutputStream:75 - [STDERR_REDIRECT] [Fatal Error] :1:1: Premature end of file.
2026-03-27 16:22:07,892 [ERROR] LogOutputStream:75 - [STDERR_REDIRECT] 
2026-03-27 16:22:08,903 [ERROR] LogOutputStream:75 - [STDERR_REDIRECT] [Fatal Error] :1:1: Premature end of file.
2026-03-27 16:22:08,903 [ERROR] LogOutputStream:75 - [STDERR_REDIRECT] 
2026-03-27 16:22:09,920 [ERROR] LogOutputStream:75 - [STDERR_REDIRECT] [Fatal Error] :1:1: Premature end of file.
2026-03-27 16:22:09,920 [ERROR] LogOutputStream:75 - [STDERR_REDIRECT] 
2026-03-27 16:22:10,913 [ERROR] LogOutputStream:75 - [STDERR_REDIRECT] [Fatal Error] :1:1: Premature end of file.
2026-03-27 16:22:10,913 [ERROR] LogOutputStream:75 - [STDERR_REDIRECT] 
2026-03-27 16:22:11,900 [ERROR] LogOutputStream:75 - [STDERR_REDIRECT] [Fatal Error] :1:1: Premature end of file.
2026-03-27 16:22:11,906 [ERROR] LogOutputStream:75 - [STDERR_REDIRECT] 
2026-03-27 16:22:12,902 [ERROR] LogOutputStream:75 - [STDERR_REDIRECT] [Fatal Error] :1:1: Premature end of file.
2026-03-27 16:22:12,902 [ERROR] LogOutputStream:75 - [STDERR_REDIRECT] 
2026-03-27 16:22:13,893 [ERROR] LogOutputStream:75 - [STDERR_REDIRECT] [Fatal Error] :1:1: Premature end of file.
2026-03-27 16:22:13,893 [ERROR] LogOutputStream:75 - [STDERR_REDIRECT] 
2026-03-27 16:22:14,894 [ERROR] LogOutputStream:75 - [STDERR_REDIRECT] [Fatal Error] :1:1: Premature end of file.
2026-03-27 16:22:14,895 [ERROR] LogOutputStream:75 - [STDERR_REDIRECT] 
2026-03-27 16:22:15,900 [ERROR] LogOutputStream:75 - [STDERR_REDIRECT] [Fatal Error] :1:1: Premature end of file.
2026-03-27 16:22:15,900 [ERROR] LogOutputStream:75 - [STDERR_REDIRECT] 
2026-03-27 16:22:16,901 [ERROR] LogOutputStream:75 - [STDERR_REDIRECT] [Fatal Error] :1:1: Premature end of file.
2026-03-27 16:22:16,901 [ERROR] LogOutputStream:75 - [STDERR_REDIRECT] 
2026-03-27 16:22:17,910 [ERROR] LogOutputStream:75 - [STDERR_REDIRECT] [Fatal Error] :1:1: Premature end of file.
2026-03-27 16:22:17,910 [ERROR] LogOutputStream:75 - [STDERR_REDIRECT] 
2026-03-27 16:22:18,904 [ERROR] LogOutputStream:75 - [STDERR_REDIRECT] [Fatal Error] :1:1: Premature end of file.
2026-03-27 16:22:18,904 [ERROR] LogOutputStream:75 - [STDERR_REDIRECT] 
2026-03-27 16:22:19,891 [ERROR] LogOutputStream:75 - [STDERR_REDIRECT] [Fatal Error] :1:1: Premature end of file.
2026-03-27 16:22:19,891 [ERROR] LogOutputStream:75 - [STDERR_REDIRECT] 
2026-03-27 16:22:20,884 [ERROR] LogOutputStream:75 - [STDERR_REDIRECT] [Fatal Error] :1:1: Premature end of file.
2026-03-27 16:22:20,884 [ERROR] LogOutputStream:75 - [STDERR_REDIRECT] 
2026-03-27 16:22:21,901 [ERROR] LogOutputStream:75 - [STDERR_REDIRECT] [Fatal Error] :1:1: Premature end of file.
2026-03-27 16:22:21,901 [ERROR] LogOutputStream:75 - [STDERR_REDIRECT] 
2026-03-27 16:22:22,882 [ERROR] LogOutputStream:75 - [STDERR_REDIRECT] [Fatal Error] :1:1: Premature end of file.
2026-03-27 16:22:22,889 [ERROR] LogOutputStream:75 - [STDERR_REDIRECT] 
2026-03-27 16:22:23,891 [ERROR] LogOutputStream:75 - [STDERR_REDIRECT] [Fatal Error] :1:1: Premature end of file.
2026-03-27 16:22:23,891 [ERROR] LogOutputStream:75 - [STDERR_REDIRECT] 
2026-03-27 16:22:24,891 [ERROR] LogOutputStream:75 - [STDERR_REDIRECT] [Fatal Error] :1:1: Premature end of file.
2026-03-27 16:22:24,891 [ERROR] LogOutputStream:75 - [STDERR_REDIRECT] 
2026-03-27 16:22:25,893 [ERROR] LogOutputStream:75 - [STDERR_REDIRECT] [Fatal Error] :1:1: Premature end of file.
2026-03-27 16:22:25,893 [ERROR] LogOutputStream:75 - [STDERR_REDIRECT] 
2026-03-27 16:22:26,901 [ERROR] LogOutputStream:75 - [STDERR_REDIRECT] [Fatal Error] :1:1: Premature end of file.
2026-03-27 16:22:26,901 [ERROR] LogOutputStream:75 - [STDERR_REDIRECT] 
2026-03-27 16:22:27,895 [ERROR] LogOutputStream:75 - [STDERR_REDIRECT] [Fatal Error] :1:1: Premature end of file.
2026-03-27 16:22:27,895 [ERROR] LogOutputStream:75 - [STDERR_REDIRECT] 
2026-03-27 16:22:28,902 [ERROR] LogOutputStream:75 - [STDERR_REDIRECT] [Fatal Error] :1:1: Premature end of file.
2026-03-27 16:22:28,902 [ERROR] LogOutputStream:75 - [STDERR_REDIRECT] 
2026-03-27 16:22:29,887 [ERROR] LogOutputStream:75 - [STDERR_REDIRECT] [Fatal Error] :1:1: Premature end of file.
2026-03-27 16:22:29,889 [ERROR] LogOutputStream:75 - [STDERR_REDIRECT] 
2026-03-27 16:22:30,890 [ERROR] LogOutputStream:75 - [STDERR_REDIRECT] [Fatal Error] :1:1: Premature end of file.
2026-03-27 16:22:30,890 [ERROR] LogOutputStream:75 - [STDERR_REDIRECT] 
2026-03-27 16:22:31,900 [ERROR] LogOutputStream:75 - [STDERR_REDIRECT] [Fatal Error] :1:1: Premature end of file.
2026-03-27 16:22:31,902 [ERROR] LogOutputStream:75 - [STDERR_REDIRECT] 
2026-03-27 16:22:32,887 [ERROR] LogOutputStream:75 - [STDERR_REDIRECT] [Fatal Error] :1:1: Premature end of file.
2026-03-27 16:22:32,887 [ERROR] LogOutputStream:75 - [STDERR_REDIRECT] 
2026-03-27 16:22:33,916 [ERROR] LogOutputStream:75 - [STDERR_REDIRECT] [Fatal Error] :1:1: Premature end of file.
2026-03-27 16:22:33,916 [ERROR] LogOutputStream:75 - [STDERR_REDIRECT] 
2026-03-27 16:22:34,901 [ERROR] LogOutputStream:75 - [STDERR_REDIRECT] [Fatal Error] :1:1: Premature end of file.
2026-03-27 16:22:34,901 [ERROR] LogOutputStream:75 - [STDERR_REDIRECT] 
2026-03-27 16:22:35,890 [ERROR] LogOutputStream:75 - [STDERR_REDIRECT] [Fatal Error] :1:1: Premature end of file.
2026-03-27 16:22:35,890 [ERROR] LogOutputStream:75 - [STDERR_REDIRECT] 
2026-03-27 16:22:36,886 [ERROR] LogOutputStream:75 - [STDERR_REDIRECT] [Fatal Error] :1:1: Premature end of file.
2026-03-27 16:22:36,886 [ERROR] LogOutputStream:75 - [STDERR_REDIRECT] 
2026-03-27 16:22:37,886 [ERROR] LogOutputStream:75 - [STDERR_REDIRECT] [Fatal Error] :1:1: Premature end of file.
2026-03-27 16:22:37,886 [ERROR] LogOutputStream:75 - [STDERR_REDIRECT] 
2026-03-27 16:22:38,864 [ERROR] LogOutputStream:75 - [STDERR_REDIRECT] [Fatal Error] :1:1: Premature end of file.
2026-03-27 16:22:38,864 [ERROR] LogOutputStream:75 - [STDERR_REDIRECT] 
2026-03-27 16:22:39,876 [ERROR] LogOutputStream:75 - [STDERR_REDIRECT] [Fatal Error] :1:1: Premature end of file.
2026-03-27 16:22:39,876 [ERROR] LogOutputStream:75 - [STDERR_REDIRECT] 
2026-03-27 16:22:40,885 [ERROR] LogOutputStream:75 - [STDERR_REDIRECT] [Fatal Error] :1:1: Premature end of file.
2026-03-27 16:22:40,885 [ERROR] LogOutputStream:75 - [STDERR_REDIRECT] 
2026-03-27 16:22:41,885 [ERROR] LogOutputStream:75 - [STDERR_REDIRECT] [Fatal Error] :1:1: Premature end of file.
2026-03-27 16:22:41,885 [ERROR] LogOutputStream:75 - [STDERR_REDIRECT] 
2026-03-27 16:22:42,879 [ERROR] LogOutputStream:75 - [STDERR_REDIRECT] [Fatal Error] :1:1: Premature end of file.
2026-03-27 16:22:42,879 [ERROR] LogOutputStream:75 - [STDERR_REDIRECT] 
2026-03-27 16:22:43,874 [ERROR] LogOutputStream:75 - [STDERR_REDIRECT] [Fatal Error] :1:1: Premature end of file.
2026-03-27 16:22:43,874 [ERROR] LogOutputStream:75 - [STDERR_REDIRECT] 
2026-03-27 16:22:44,884 [ERROR] LogOutputStream:75 - [STDERR_REDIRECT] [Fatal Error] :1:1: Premature end of file.
2026-03-27 16:22:44,884 [ERROR] LogOutputStream:75 - [STDERR_REDIRECT] 
2026-03-27 16:22:45,894 [ERROR] LogOutputStream:75 - [STDERR_REDIRECT] [Fatal Error] :1:1: Premature end of file.
2026-03-27 16:22:45,894 [ERROR] LogOutputStream:75 - [STDERR_REDIRECT] 
2026-03-27 16:22:46,901 [ERROR] LogOutputStream:75 - [STDERR_REDIRECT] [Fatal Error] :1:1: Premature end of file.
2026-03-27 16:22:46,901 [ERROR] LogOutputStream:75 - [STDERR_REDIRECT] 
2026-03-27 16:22:47,896 [ERROR] LogOutputStream:75 - [STDERR_REDIRECT] [Fatal Error] :1:1: Premature end of file.
2026-03-27 16:22:47,897 [ERROR] LogOutputStream:75 - [STDERR_REDIRECT] 
2026-03-27 16:22:48,877 [ERROR] LogOutputStream:75 - [STDERR_REDIRECT] [Fatal Error] :1:1: Premature end of file.
2026-03-27 16:22:48,886 [ERROR] LogOutputStream:75 - [STDERR_REDIRECT] 
2026-03-27 16:22:49,871 [ERROR] LogOutputStream:75 - [STDERR_REDIRECT] [Fatal Error] :1:1: Premature end of file.
2026-03-27 16:22:49,871 [ERROR] LogOutputStream:75 - [STDERR_REDIRECT] 
2026-03-27 16:22:50,877 [ERROR] LogOutputStream:75 - [STDERR_REDIRECT] [Fatal Error] :1:1: Premature end of file.
2026-03-27 16:22:50,878 [ERROR] LogOutputStream:75 - [STDERR_REDIRECT] 
2026-03-27 16:22:51,879 [ERROR] LogOutputStream:75 - [STDERR_REDIRECT] [Fatal Error] :1:1: Premature end of file.
2026-03-27 16:22:51,879 [ERROR] LogOutputStream:75 - [STDERR_REDIRECT] 
2026-03-27 16:22:52,886 [ERROR] LogOutputStream:75 - [STDERR_REDIRECT] [Fatal Error] :1:1: Premature end of file.
2026-03-27 16:22:52,890 [ERROR] LogOutputStream:75 - [STDERR_REDIRECT] 
2026-03-27 16:22:53,875 [ERROR] LogOutputStream:75 - [STDERR_REDIRECT] [Fatal Error] :1:1: Premature end of file.
2026-03-27 16:22:53,875 [ERROR] LogOutputStream:75 - [STDERR_REDIRECT] 
2026-03-27 16:22:54,858 [ERROR] LogOutputStream:75 - [STDERR_REDIRECT] [Fatal Error] :1:1: Premature end of file.
2026-03-27 16:22:54,858 [ERROR] LogOutputStream:75 - [STDERR_REDIRECT] 
2026-03-27 16:22:55,871 [ERROR] LogOutputStream:75 - [STDERR_REDIRECT] [Fatal Error] :1:1: Premature end of file.
2026-03-27 16:22:55,871 [ERROR] LogOutputStream:75 - [STDERR_REDIRECT] 
2026-03-27 16:22:56,854 [ERROR] LogOutputStream:75 - [STDERR_REDIRECT] [Fatal Error] :1:1: Premature end of file.
2026-03-27 16:22:56,854 [ERROR] LogOutputStream:75 - [STDERR_REDIRECT] 
2026-03-27 16:22:57,879 [ERROR] LogOutputStream:75 - [STDERR_REDIRECT] [Fatal Error] :1:1: Premature end of file.
2026-03-27 16:22:57,879 [ERROR] LogOutputStream:75 - [STDERR_REDIRECT] 
2026-03-27 16:22:58,864 [ERROR] LogOutputStream:75 - [STDERR_REDIRECT] [Fatal Error] :1:1: Premature end of file.
2026-03-27 16:22:58,864 [ERROR] LogOutputStream:75 - [STDERR_REDIRECT] 
2026-03-27 16:22:59,887 [ERROR] LogOutputStream:75 - [STDERR_REDIRECT] [Fatal Error] :1:1: Premature end of file.
2026-03-27 16:22:59,887 [ERROR] LogOutputStream:75 - [STDERR_REDIRECT] 
2026-03-27 16:23:00,850 [ERROR] LogOutputStream:75 - [STDERR_REDIRECT] [Fatal Error] :1:1: Premature end of file.
2026-03-27 16:23:00,850 [ERROR] LogOutputStream:75 - [STDERR_REDIRECT] 
2026-03-27 16:23:01,875 [ERROR] LogOutputStream:75 - [STDERR_REDIRECT] [Fatal Error] :1:1: Premature end of file.
2026-03-27 16:23:01,875 [ERROR] LogOutputStream:75 - [STDERR_REDIRECT] 
2026-03-27 16:23:02,853 [ERROR] LogOutputStream:75 - [STDERR_REDIRECT] [Fatal Error] :1:1: Premature end of file.
2026-03-27 16:23:02,853 [ERROR] LogOutputStream:75 - [STDERR_REDIRECT] 
2026-03-27 16:23:03,863 [ERROR] LogOutputStream:75 - [STDERR_REDIRECT] [Fatal Error] :1:1: Premature end of file.
2026-03-27 16:23:03,863 [ERROR] LogOutputStream:75 - [STDERR_REDIRECT] 
2026-03-27 16:23:04,860 [ERROR] LogOutputStream:75 - [STDERR_REDIRECT] [Fatal Error] :1:1: Premature end of file.
2026-03-27 16:23:04,860 [ERROR] LogOutputStream:75 - [STDERR_REDIRECT] 
2026-03-27 16:23:05,871 [ERROR] LogOutputStream:75 - [STDERR_REDIRECT] [Fatal Error] :1:1: Premature end of file.
2026-03-27 16:23:05,871 [ERROR] LogOutputStream:75 - [STDERR_REDIRECT] 
2026-03-27 16:23:06,866 [ERROR] LogOutputStream:75 - [STDERR_REDIRECT] [Fatal Error] :1:1: Premature end of file.
2026-03-27 16:23:06,866 [ERROR] LogOutputStream:75 - [STDERR_REDIRECT] 
2026-03-27 16:23:07,896 [ERROR] LogOutputStream:75 - [STDERR_REDIRECT] [Fatal Error] :1:1: Premature end of file.
2026-03-27 16:23:07,897 [ERROR] LogOutputStream:75 - [STDERR_REDIRECT] 
2026-03-27 16:23:08,886 [ERROR] LogOutputStream:75 - [STDERR_REDIRECT] [Fatal Error] :1:1: Premature end of file.
2026-03-27 16:23:08,886 [ERROR] LogOutputStream:75 - [STDERR_REDIRECT] 
2026-03-27 16:23:09,864 [ERROR] LogOutputStream:75 - [STDERR_REDIRECT] [Fatal Error] :1:1: Premature end of file.
2026-03-27 16:23:09,864 [ERROR] LogOutputStream:75 - [STDERR_REDIRECT] 
2026-03-27 16:23:10,890 [ERROR] LogOutputStream:75 - [STDERR_REDIRECT] [Fatal Error] :1:1: Premature end of file.
2026-03-27 16:23:10,890 [ERROR] LogOutputStream:75 - [STDERR_REDIRECT] 
2026-03-27 16:23:11,867 [ERROR] LogOutputStream:75 - [STDERR_REDIRECT] [Fatal Error] :1:1: Premature end of file.
2026-03-27 16:23:11,867 [ERROR] LogOutputStream:75 - [STDERR_REDIRECT] 
2026-03-27 16:23:12,882 [ERROR] LogOutputStream:75 - [STDERR_REDIRECT] [Fatal Error] :1:1: Premature end of file.
2026-03-27 16:23:12,882 [ERROR] LogOutputStream:75 - [STDERR_REDIRECT] 
2026-03-27 16:23:13,858 [ERROR] LogOutputStream:75 - [STDERR_REDIRECT] [Fatal Error] :1:1: Premature end of file.
2026-03-27 16:23:13,858 [ERROR] LogOutputStream:75 - [STDERR_REDIRECT] 
2026-03-27 16:23:14,883 [ERROR] LogOutputStream:75 - [STDERR_REDIRECT] [Fatal Error] :1:1: Premature end of file.
2026-03-27 16:23:14,885 [ERROR] LogOutputStream:75 - [STDERR_REDIRECT] 
2026-03-27 16:23:15,869 [ERROR] LogOutputStream:75 - [STDERR_REDIRECT] [Fatal Error] :1:1: Premature end of file.
2026-03-27 16:23:15,869 [ERROR] LogOutputStream:75 - [STDERR_REDIRECT] 
2026-03-27 16:23:16,850 [ERROR] LogOutputStream:75 - [STDERR_REDIRECT] [Fatal Error] :1:1: Premature end of file.
2026-03-27 16:23:16,858 [ERROR] LogOutputStream:75 - [STDERR_REDIRECT] 
2026-03-27 16:23:17,899 [ERROR] LogOutputStream:75 - [STDERR_REDIRECT] [Fatal Error] :1:1: Premature end of file.
2026-03-27 16:23:17,901 [ERROR] LogOutputStream:75 - [STDERR_REDIRECT] 
2026-03-27 16:23:18,897 [ERROR] LogOutputStream:75 - [STDERR_REDIRECT] [Fatal Error] :1:1: Premature end of file.
2026-03-27 16:23:18,897 [ERROR] LogOutputStream:75 - [STDERR_REDIRECT] 
2026-03-27 16:23:19,905 [ERROR] LogOutputStream:75 - [STDERR_REDIRECT] [Fatal Error] :1:1: Premature end of file.
2026-03-27 16:23:19,905 [ERROR] LogOutputStream:75 - [STDERR_REDIRECT] 
2026-03-27 16:23:20,908 [ERROR] LogOutputStream:75 - [STDERR_REDIRECT] [Fatal Error] :1:1: Premature end of file.
2026-03-27 16:23:20,910 [ERROR] LogOutputStream:75 - [STDERR_REDIRECT] 
2026-03-27 16:23:21,884 [ERROR] LogOutputStream:75 - [STDERR_REDIRECT] [Fatal Error] :1:1: Premature end of file.
2026-03-27 16:23:21,884 [ERROR] LogOutputStream:75 - [STDERR_REDIRECT] 
2026-03-27 16:23:22,870 [ERROR] LogOutputStream:75 - [STDERR_REDIRECT] [Fatal Error] :1:1: Premature end of file.
2026-03-27 16:23:22,872 [ERROR] LogOutputStream:75 - [STDERR_REDIRECT] 
2026-03-27 16:23:23,912 [ERROR] LogOutputStream:75 - [STDERR_REDIRECT] [Fatal Error] :1:1: Premature end of file.
2026-03-27 16:23:23,912 [ERROR] LogOutputStream:75 - [STDERR_REDIRECT] 
2026-03-27 16:23:24,872 [ERROR] LogOutputStream:75 - [STDERR_REDIRECT] [Fatal Error] :1:1: Premature end of file.
2026-03-27 16:23:24,872 [ERROR] LogOutputStream:75 - [STDERR_REDIRECT] 
2026-03-27 16:23:25,879 [ERROR] LogOutputStream:75 - [STDERR_REDIRECT] [Fatal Error] :1:1: Premature end of file.
2026-03-27 16:23:25,879 [ERROR] LogOutputStream:75 - [STDERR_REDIRECT] 
2026-03-27 16:23:26,890 [ERROR] LogOutputStream:75 - [STDERR_REDIRECT] [Fatal Error] :1:1: Premature end of file.
2026-03-27 16:23:26,890 [ERROR] LogOutputStream:75 - [STDERR_REDIRECT] 
2026-03-27 16:23:27,857 [ERROR] LogOutputStream:75 - [STDERR_REDIRECT] [Fatal Error] :1:1: Premature end of file.
2026-03-27 16:23:27,857 [ERROR] LogOutputStream:75 - [STDERR_REDIRECT] 
2026-03-27 16:23:28,869 [ERROR] LogOutputStream:75 - [STDERR_REDIRECT] [Fatal Error] :1:1: Premature end of file.
2026-03-27 16:23:28,869 [ERROR] LogOutputStream:75 - [STDERR_REDIRECT] 
2026-03-27 16:23:29,860 [ERROR] LogOutputStream:75 - [STDERR_REDIRECT] [Fatal Error] :1:1: Premature end of file.
2026-03-27 16:23:29,865 [ERROR] LogOutputStream:75 - [STDERR_REDIRECT] 
2026-03-27 16:23:30,857 [ERROR] LogOutputStream:75 - [STDERR_REDIRECT] [Fatal Error] :1:1: Premature end of file.
2026-03-27 16:23:30,857 [ERROR] LogOutputStream:75 - [STDERR_REDIRECT] 
2026-03-27 16:23:31,899 [ERROR] LogOutputStream:75 - [STDERR_REDIRECT] [Fatal Error] :1:1: Premature end of file.
2026-03-27 16:23:31,899 [ERROR] LogOutputStream:75 - [STDERR_REDIRECT] 
2026-03-27 16:23:32,889 [ERROR] LogOutputStream:75 - [STDERR_REDIRECT] [Fatal Error] :1:1: Premature end of file.
2026-03-27 16:23:32,889 [ERROR] LogOutputStream:75 - [STDERR_REDIRECT] 
2026-03-27 16:23:33,867 [ERROR] LogOutputStream:75 - [STDERR_REDIRECT] [Fatal Error] :1:1: Premature end of file.
2026-03-27 16:23:33,867 [ERROR] LogOutputStream:75 - [STDERR_REDIRECT] 
2026-03-27 16:23:34,881 [ERROR] LogOutputStream:75 - [STDERR_REDIRECT] [Fatal Error] :1:1: Premature end of file.
2026-03-27 16:23:34,881 [ERROR] LogOutputStream:75 - [STDERR_REDIRECT] 
2026-03-27 16:23:35,865 [ERROR] LogOutputStream:75 - [STDERR_REDIRECT] [Fatal Error] :1:1: Premature end of file.
2026-03-27 16:23:35,865 [ERROR] LogOutputStream:75 - [STDERR_REDIRECT] 
2026-03-27 16:23:36,867 [ERROR] LogOutputStream:75 - [STDERR_REDIRECT] [Fatal Error] :1:1: Premature end of file.
2026-03-27 16:23:36,867 [ERROR] LogOutputStream:75 - [STDERR_REDIRECT] 
2026-03-27 16:23:37,867 [ERROR] LogOutputStream:75 - [STDERR_REDIRECT] [Fatal Error] :1:1: Premature end of file.
2026-03-27 16:23:37,867 [ERROR] LogOutputStream:75 - [STDERR_REDIRECT] 
2026-03-27 16:23:38,871 [ERROR] LogOutputStream:75 - [STDERR_REDIRECT] [Fatal Error] :1:1: Premature end of file.
2026-03-27 16:23:38,873 [ERROR] LogOutputStream:75 - [STDERR_REDIRECT] 
2026-03-27 16:23:39,883 [ERROR] LogOutputStream:75 - [STDERR_REDIRECT] [Fatal Error] :1:1: Premature end of file.
2026-03-27 16:23:39,883 [ERROR] LogOutputStream:75 - [STDERR_REDIRECT] 
2026-03-27 16:23:40,856 [ERROR] LogOutputStream:75 - [STDERR_REDIRECT] [Fatal Error] :1:1: Premature end of file.
2026-03-27 16:23:40,856 [ERROR] LogOutputStream:75 - [STDERR_REDIRECT] 
2026-03-27 16:23:41,885 [ERROR] LogOutputStream:75 - [STDERR_REDIRECT] [Fatal Error] :1:1: Premature end of file.
2026-03-27 16:23:41,885 [ERROR] LogOutputStream:75 - [STDERR_REDIRECT] 
2026-03-27 16:23:42,876 [ERROR] LogOutputStream:75 - [STDERR_REDIRECT] [Fatal Error] :1:1: Premature end of file.
2026-03-27 16:23:42,876 [ERROR] LogOutputStream:75 - [STDERR_REDIRECT] 
2026-03-27 16:23:43,862 [ERROR] LogOutputStream:75 - [STDERR_REDIRECT] [Fatal Error] :1:1: Premature end of file.
2026-03-27 16:23:43,862 [ERROR] LogOutputStream:75 - [STDERR_REDIRECT] 
2026-03-27 16:23:44,877 [ERROR] LogOutputStream:75 - [STDERR_REDIRECT] [Fatal Error] :1:1: Premature end of file.
2026-03-27 16:23:44,877 [ERROR] LogOutputStream:75 - [STDERR_REDIRECT] 
2026-03-27 16:23:45,873 [ERROR] LogOutputStream:75 - [STDERR_REDIRECT] [Fatal Error] :1:1: Premature end of file.
2026-03-27 16:23:45,876 [ERROR] LogOutputStream:75 - [STDERR_REDIRECT] 
2026-03-27 16:23:46,866 [ERROR] LogOutputStream:75 - [STDERR_REDIRECT] [Fatal Error] :1:1: Premature end of file.
2026-03-27 16:23:46,882 [ERROR] LogOutputStream:75 - [STDERR_REDIRECT] 
2026-03-27 16:23:47,868 [ERROR] LogOutputStream:75 - [STDERR_REDIRECT] [Fatal Error] :1:1: Premature end of file.
2026-03-27 16:23:47,868 [ERROR] LogOutputStream:75 - [STDERR_REDIRECT] 
2026-03-27 16:23:48,854 [ERROR] LogOutputStream:75 - [STDERR_REDIRECT] [Fatal Error] :1:1: Premature end of file.
2026-03-27 16:23:48,854 [ERROR] LogOutputStream:75 - [STDERR_REDIRECT] 
2026-03-27 16:23:49,863 [ERROR] LogOutputStream:75 - [STDERR_REDIRECT] [Fatal Error] :1:1: Premature end of file.
2026-03-27 16:23:49,865 [ERROR] LogOutputStream:75 - [STDERR_REDIRECT] 
2026-03-27 16:23:50,864 [ERROR] LogOutputStream:75 - [STDERR_REDIRECT] [Fatal Error] :1:1: Premature end of file.
2026-03-27 16:23:50,864 [ERROR] LogOutputStream:75 - [STDERR_REDIRECT] 
2026-03-27 16:23:51,867 [ERROR] LogOutputStream:75 - [STDERR_REDIRECT] [Fatal Error] :1:1: Premature end of file.
2026-03-27 16:23:51,867 [ERROR] LogOutputStream:75 - [STDERR_REDIRECT] 
2026-03-27 16:23:52,857 [ERROR] LogOutputStream:75 - [STDERR_REDIRECT] [Fatal Error] :1:1: Premature end of file.
2026-03-27 16:23:52,859 [ERROR] LogOutputStream:75 - [STDERR_REDIRECT] 
2026-03-27 16:23:53,878 [ERROR] LogOutputStream:75 - [STDERR_REDIRECT] [Fatal Error] :1:1: Premature end of file.
2026-03-27 16:23:53,878 [ERROR] LogOutputStream:75 - [STDERR_REDIRECT] 
2026-03-27 16:23:54,887 [ERROR] LogOutputStream:75 - [STDERR_REDIRECT] [Fatal Error] :1:1: Premature end of file.
2026-03-27 16:23:54,887 [ERROR] LogOutputStream:75 - [STDERR_REDIRECT] 
2026-03-27 16:23:55,863 [ERROR] LogOutputStream:75 - [STDERR_REDIRECT] [Fatal Error] :1:1: Premature end of file.
2026-03-27 16:23:55,863 [ERROR] LogOutputStream:75 - [STDERR_REDIRECT] 
2026-03-27 16:23:56,868 [ERROR] LogOutputStream:75 - [STDERR_REDIRECT] [Fatal Error] :1:1: Premature end of file.
2026-03-27 16:23:56,868 [ERROR] LogOutputStream:75 - [STDERR_REDIRECT] 
2026-03-27 16:23:57,872 [ERROR] LogOutputStream:75 - [STDERR_REDIRECT] [Fatal Error] :1:1: Premature end of file.
2026-03-27 16:23:57,878 [ERROR] LogOutputStream:75 - [STDERR_REDIRECT] 
2026-03-27 16:23:58,857 [ERROR] LogOutputStream:75 - [STDERR_REDIRECT] [Fatal Error] :1:1: Premature end of file.
2026-03-27 16:23:58,857 [ERROR] LogOutputStream:75 - [STDERR_REDIRECT] 
2026-03-27 16:23:59,859 [ERROR] LogOutputStream:75 - [STDERR_REDIRECT] [Fatal Error] :1:1: Premature end of file.
2026-03-27 16:23:59,859 [ERROR] LogOutputStream:75 - [STDERR_REDIRECT] 
2026-03-27 16:24:00,879 [ERROR] LogOutputStream:75 - [STDERR_REDIRECT] [Fatal Error] :1:1: Premature end of file.
2026-03-27 16:24:00,879 [ERROR] LogOutputStream:75 - [STDERR_REDIRECT] 
2026-03-27 16:24:01,862 [ERROR] LogOutputStream:75 - [STDERR_REDIRECT] [Fatal Error] :1:1: Premature end of file.
2026-03-27 16:24:01,862 [ERROR] LogOutputStream:75 - [STDERR_REDIRECT] 
2026-03-27 16:24:02,872 [ERROR] LogOutputStream:75 - [STDERR_REDIRECT] [Fatal Error] :1:1: Premature end of file.
2026-03-27 16:24:02,872 [ERROR] LogOutputStream:75 - [STDERR_REDIRECT] 
2026-03-27 16:24:03,850 [ERROR] LogOutputStream:75 - [STDERR_REDIRECT] [Fatal Error] :1:1: Premature end of file.
2026-03-27 16:24:03,850 [ERROR] LogOutputStream:75 - [STDERR_REDIRECT] 
2026-03-27 16:24:04,856 [ERROR] LogOutputStream:75 - [STDERR_REDIRECT] [Fatal Error] :1:1: Premature end of file.
2026-03-27 16:24:04,856 [ERROR] LogOutputStream:75 - [STDERR_REDIRECT] 
2026-03-27 16:24:05,847 [ERROR] LogOutputStream:75 - [STDERR_REDIRECT] [Fatal Error] :1:1: Premature end of file.
2026-03-27 16:24:05,847 [ERROR] LogOutputStream:75 - [STDERR_REDIRECT] 
2026-03-27 16:24:06,877 [ERROR] LogOutputStream:75 - [STDERR_REDIRECT] [Fatal Error] :1:1: Premature end of file.
2026-03-27 16:24:06,877 [ERROR] LogOutputStream:75 - [STDERR_REDIRECT] 
2026-03-27 16:24:07,877 [ERROR] LogOutputStream:75 - [STDERR_REDIRECT] [Fatal Error] :1:1: Premature end of file.
2026-03-27 16:24:07,877 [ERROR] LogOutputStream:75 - [STDERR_REDIRECT] 
2026-03-27 16:24:08,860 [ERROR] LogOutputStream:75 - [STDERR_REDIRECT] [Fatal Error] :1:1: Premature end of file.
2026-03-27 16:24:08,860 [ERROR] LogOutputStream:75 - [STDERR_REDIRECT] 
2026-03-27 16:24:09,873 [ERROR] LogOutputStream:75 - [STDERR_REDIRECT] [Fatal Error] :1:1: Premature end of file.
2026-03-27 16:24:09,873 [ERROR] LogOutputStream:75 - [STDERR_REDIRECT] 
2026-03-27 16:24:10,884 [ERROR] LogOutputStream:75 - [STDERR_REDIRECT] [Fatal Error] :1:1: Premature end of file.
2026-03-27 16:24:10,884 [ERROR] LogOutputStream:75 - [STDERR_REDIRECT] 
2026-03-27 16:24:11,878 [ERROR] LogOutputStream:75 - [STDERR_REDIRECT] [Fatal Error] :1:1: Premature end of file.
2026-03-27 16:24:11,878 [ERROR] LogOutputStream:75 - [STDERR_REDIRECT] 
2026-03-27 16:24:12,884 [ERROR] LogOutputStream:75 - [STDERR_REDIRECT] [Fatal Error] :1:1: Premature end of file.
2026-03-27 16:24:12,884 [ERROR] LogOutputStream:75 - [STDERR_REDIRECT] 
2026-03-27 16:24:13,865 [ERROR] LogOutputStream:75 - [STDERR_REDIRECT] [Fatal Error] :1:1: Premature end of file.
2026-03-27 16:24:13,865 [ERROR] LogOutputStream:75 - [STDERR_REDIRECT] 
2026-03-27 16:24:14,862 [ERROR] LogOutputStream:75 - [STDERR_REDIRECT] [Fatal Error] :1:1: Premature end of file.
2026-03-27 16:24:14,862 [ERROR] LogOutputStream:75 - [STDERR_REDIRECT] 
2026-03-27 16:24:15,878 [ERROR] LogOutputStream:75 - [STDERR_REDIRECT] [Fatal Error] :1:1: Premature end of file.
2026-03-27 16:24:15,878 [ERROR] LogOutputStream:75 - [STDERR_REDIRECT] 
2026-03-27 16:24:16,870 [ERROR] LogOutputStream:75 - [STDERR_REDIRECT] [Fatal Error] :1:1: Premature end of file.
2026-03-27 16:24:16,870 [ERROR] LogOutputStream:75 - [STDERR_REDIRECT] 
2026-03-27 16:24:17,856 [ERROR] LogOutputStream:75 - [STDERR_REDIRECT] [Fatal Error] :1:1: Premature end of file.
2026-03-27 16:24:17,856 [ERROR] LogOutputStream:75 - [STDERR_REDIRECT] 
2026-03-27 16:24:18,882 [ERROR] LogOutputStream:75 - [STDERR_REDIRECT] [Fatal Error] :1:1: Premature end of file.
2026-03-27 16:24:18,882 [ERROR] LogOutputStream:75 - [STDERR_REDIRECT] 
2026-03-27 16:24:19,883 [ERROR] LogOutputStream:75 - [STDERR_REDIRECT] [Fatal Error] :1:1: Premature end of file.
2026-03-27 16:24:19,883 [ERROR] LogOutputStream:75 - [STDERR_REDIRECT] 
2026-03-27 16:24:20,905 [ERROR] LogOutputStream:75 - [STDERR_REDIRECT] [Fatal Error] :1:1: Premature end of file.
2026-03-27 16:24:20,905 [ERROR] LogOutputStream:75 - [STDERR_REDIRECT] 
2026-03-27 16:24:21,875 [ERROR] LogOutputStream:75 - [STDERR_REDIRECT] [Fatal Error] :1:1: Premature end of file.
2026-03-27 16:24:21,875 [ERROR] LogOutputStream:75 - [STDERR_REDIRECT] 
2026-03-27 16:24:22,870 [ERROR] LogOutputStream:75 - [STDERR_REDIRECT] [Fatal Error] :1:1: Premature end of file.
2026-03-27 16:24:22,876 [ERROR] LogOutputStream:75 - [STDERR_REDIRECT] 
2026-03-27 16:24:23,869 [ERROR] LogOutputStream:75 - [STDERR_REDIRECT] [Fatal Error] :1:1: Premature end of file.
2026-03-27 16:24:23,869 [ERROR] LogOutputStream:75 - [STDERR_REDIRECT] 
2026-03-27 16:24:24,873 [ERROR] LogOutputStream:75 - [STDERR_REDIRECT] [Fatal Error] :1:1: Premature end of file.
2026-03-27 16:24:24,873 [ERROR] LogOutputStream:75 - [STDERR_REDIRECT] 
2026-03-27 16:24:25,880 [ERROR] LogOutputStream:75 - [STDERR_REDIRECT] [Fatal Error] :1:1: Premature end of file.
2026-03-27 16:24:25,880 [ERROR] LogOutputStream:75 - [STDERR_REDIRECT] 
2026-03-27 16:24:26,898 [ERROR] LogOutputStream:75 - [STDERR_REDIRECT] [Fatal Error] :1:1: Premature end of file.
2026-03-27 16:24:26,905 [ERROR] LogOutputStream:75 - [STDERR_REDIRECT] 
2026-03-27 16:24:27,888 [ERROR] LogOutputStream:75 - [STDERR_REDIRECT] [Fatal Error] :1:1: Premature end of file.
2026-03-27 16:24:27,888 [ERROR] LogOutputStream:75 - [STDERR_REDIRECT] 
2026-03-27 16:24:28,861 [ERROR] LogOutputStream:75 - [STDERR_REDIRECT] [Fatal Error] :1:1: Premature end of file.
2026-03-27 16:24:28,861 [ERROR] LogOutputStream:75 - [STDERR_REDIRECT] 
2026-03-27 16:24:29,923 [ERROR] LogOutputStream:75 - [STDERR_REDIRECT] [Fatal Error] :1:1: Premature end of file.
2026-03-27 16:24:29,925 [ERROR] LogOutputStream:75 - [STDERR_REDIRECT] 
2026-03-27 16:24:30,893 [ERROR] LogOutputStream:75 - [STDERR_REDIRECT] [Fatal Error] :1:1: Premature end of file.
2026-03-27 16:24:30,897 [ERROR] LogOutputStream:75 - [STDERR_REDIRECT] 
2026-03-27 16:24:31,894 [ERROR] LogOutputStream:75 - [STDERR_REDIRECT] [Fatal Error] :1:1: Premature end of file.
2026-03-27 16:24:31,894 [ERROR] LogOutputStream:75 - [STDERR_REDIRECT] 
2026-03-27 16:24:32,876 [ERROR] LogOutputStream:75 - [STDERR_REDIRECT] [Fatal Error] :1:1: Premature end of file.
2026-03-27 16:24:32,876 [ERROR] LogOutputStream:75 - [STDERR_REDIRECT] 
2026-03-27 16:24:33,881 [ERROR] LogOutputStream:75 - [STDERR_REDIRECT] [Fatal Error] :1:1: Premature end of file.
2026-03-27 16:24:33,881 [ERROR] LogOutputStream:75 - [STDERR_REDIRECT] 
2026-03-27 16:24:34,932 [ERROR] LogOutputStream:75 - [STDERR_REDIRECT] [Fatal Error] :1:1: Premature end of file.
2026-03-27 16:24:34,932 [ERROR] LogOutputStream:75 - [STDERR_REDIRECT] 
2026-03-27 16:24:35,925 [ERROR] LogOutputStream:75 - [STDERR_REDIRECT] [Fatal Error] :1:1: Premature end of file.
2026-03-27 16:24:35,930 [ERROR] LogOutputStream:75 - [STDERR_REDIRECT] 
2026-03-27 16:24:36,920 [ERROR] LogOutputStream:75 - [STDERR_REDIRECT] [Fatal Error] :1:1: Premature end of file.
2026-03-27 16:24:36,920 [ERROR] LogOutputStream:75 - [STDERR_REDIRECT] 
2026-03-27 16:24:37,899 [ERROR] LogOutputStream:75 - [STDERR_REDIRECT] [Fatal Error] :1:1: Premature end of file.
2026-03-27 16:24:37,899 [ERROR] LogOutputStream:75 - [STDERR_REDIRECT] 
2026-03-27 16:24:38,888 [ERROR] LogOutputStream:75 - [STDERR_REDIRECT] [Fatal Error] :1:1: Premature end of file.
2026-03-27 16:24:38,888 [ERROR] LogOutputStream:75 - [STDERR_REDIRECT] 
2026-03-27 16:24:39,882 [ERROR] LogOutputStream:75 - [STDERR_REDIRECT] [Fatal Error] :1:1: Premature end of file.
2026-03-27 16:24:39,882 [ERROR] LogOutputStream:75 - [STDERR_REDIRECT] 
2026-03-27 16:24:40,877 [ERROR] LogOutputStream:75 - [STDERR_REDIRECT] [Fatal Error] :1:1: Premature end of file.
2026-03-27 16:24:40,877 [ERROR] LogOutputStream:75 - [STDERR_REDIRECT] 
2026-03-27 16:24:41,879 [ERROR] LogOutputStream:75 - [STDERR_REDIRECT] [Fatal Error] :1:1: Premature end of file.
2026-03-27 16:24:41,879 [ERROR] LogOutputStream:75 - [STDERR_REDIRECT] 
2026-03-27 16:24:42,859 [ERROR] LogOutputStream:75 - [STDERR_REDIRECT] [Fatal Error] :1:1: Premature end of file.
2026-03-27 16:24:42,859 [ERROR] LogOutputStream:75 - [STDERR_REDIRECT] 
2026-03-27 16:24:43,894 [ERROR] LogOutputStream:75 - [STDERR_REDIRECT] [Fatal Error] :1:1: Premature end of file.
2026-03-27 16:24:43,894 [ERROR] LogOutputStream:75 - [STDERR_REDIRECT] 
2026-03-27 16:24:44,868 [ERROR] LogOutputStream:75 - [STDERR_REDIRECT] [Fatal Error] :1:1: Premature end of file.
2026-03-27 16:24:44,868 [ERROR] LogOutputStream:75 - [STDERR_REDIRECT] 
2026-03-27 16:24:45,871 [ERROR] LogOutputStream:75 - [STDERR_REDIRECT] [Fatal Error] :1:1: Premature end of file.
2026-03-27 16:24:45,871 [ERROR] LogOutputStream:75 - [STDERR_REDIRECT] 
2026-03-27 16:24:46,887 [ERROR] LogOutputStream:75 - [STDERR_REDIRECT] [Fatal Error] :1:1: Premature end of file.
2026-03-27 16:24:46,889 [ERROR] LogOutputStream:75 - [STDERR_REDIRECT] 
2026-03-27 16:24:47,880 [ERROR] LogOutputStream:75 - [STDERR_REDIRECT] [Fatal Error] :1:1: Premature end of file.
2026-03-27 16:24:47,881 [ERROR] LogOutputStream:75 - [STDERR_REDIRECT] 
2026-03-27 16:24:48,845 [ERROR] LogOutputStream:75 - [STDERR_REDIRECT] [Fatal Error] :1:1: Premature end of file.
2026-03-27 16:24:48,845 [ERROR] LogOutputStream:75 - [STDERR_REDIRECT] 
2026-03-27 16:24:49,862 [ERROR] LogOutputStream:75 - [STDERR_REDIRECT] [Fatal Error] :1:1: Premature end of file.
2026-03-27 16:24:49,862 [ERROR] LogOutputStream:75 - [STDERR_REDIRECT] 
2026-03-27 16:24:50,866 [ERROR] LogOutputStream:75 - [STDERR_REDIRECT] [Fatal Error] :1:1: Premature end of file.
2026-03-27 16:24:50,866 [ERROR] LogOutputStream:75 - [STDERR_REDIRECT] 
2026-03-27 16:24:51,868 [ERROR] LogOutputStream:75 - [STDERR_REDIRECT] [Fatal Error] :1:1: Premature end of file.
2026-03-27 16:24:51,868 [ERROR] LogOutputStream:75 - [STDERR_REDIRECT] 
2026-03-27 16:24:52,871 [ERROR] LogOutputStream:75 - [STDERR_REDIRECT] [Fatal Error] :1:1: Premature end of file.
2026-03-27 16:24:52,871 [ERROR] LogOutputStream:75 - [STDERR_REDIRECT] 
2026-03-27 16:24:53,871 [ERROR] LogOutputStream:75 - [STDERR_REDIRECT] [Fatal Error] :1:1: Premature end of file.
2026-03-27 16:24:53,873 [ERROR] LogOutputStream:75 - [STDERR_REDIRECT] 
2026-03-27 16:24:54,881 [ERROR] LogOutputStream:75 - [STDERR_REDIRECT] [Fatal Error] :1:1: Premature end of file.
2026-03-27 16:24:54,881 [ERROR] LogOutputStream:75 - [STDERR_REDIRECT] 
2026-03-27 16:24:55,881 [ERROR] LogOutputStream:75 - [STDERR_REDIRECT] [Fatal Error] :1:1: Premature end of file.
2026-03-27 16:24:55,889 [ERROR] LogOutputStream:75 - [STDERR_REDIRECT] 
2026-03-27 16:24:56,868 [ERROR] LogOutputStream:75 - [STDERR_REDIRECT] [Fatal Error] :1:1: Premature end of file.
2026-03-27 16:24:56,868 [ERROR] LogOutputStream:75 - [STDERR_REDIRECT] 
2026-03-27 16:24:57,875 [ERROR] LogOutputStream:75 - [STDERR_REDIRECT] [Fatal Error] :1:1: Premature end of file.
2026-03-27 16:24:57,875 [ERROR] LogOutputStream:75 - [STDERR_REDIRECT] 
2026-03-27 16:24:58,874 [ERROR] LogOutputStream:75 - [STDERR_REDIRECT] [Fatal Error] :1:1: Premature end of file.
2026-03-27 16:24:58,874 [ERROR] LogOutputStream:75 - [STDERR_REDIRECT] 
2026-03-27 16:24:59,862 [ERROR] LogOutputStream:75 - [STDERR_REDIRECT] [Fatal Error] :1:1: Premature end of file.
2026-03-27 16:24:59,862 [ERROR] LogOutputStream:75 - [STDERR_REDIRECT] 
2026-03-27 16:25:00,868 [ERROR] LogOutputStream:75 - [STDERR_REDIRECT] [Fatal Error] :1:1: Premature end of file.
2026-03-27 16:25:00,868 [ERROR] LogOutputStream:75 - [STDERR_REDIRECT] 
2026-03-27 16:25:01,915 [ERROR] LogOutputStream:75 - [STDERR_REDIRECT] [Fatal Error] :1:1: Premature end of file.
2026-03-27 16:25:01,915 [ERROR] LogOutputStream:75 - [STDERR_REDIRECT] 
2026-03-27 16:25:02,887 [ERROR] LogOutputStream:75 - [STDERR_REDIRECT] [Fatal Error] :1:1: Premature end of file.
2026-03-27 16:25:02,887 [ERROR] LogOutputStream:75 - [STDERR_REDIRECT] 
2026-03-27 16:25:03,886 [ERROR] LogOutputStream:75 - [STDERR_REDIRECT] [Fatal Error] :1:1: Premature end of file.
2026-03-27 16:25:03,886 [ERROR] LogOutputStream:75 - [STDERR_REDIRECT] 
2026-03-27 16:25:04,870 [ERROR] LogOutputStream:75 - [STDERR_REDIRECT] [Fatal Error] :1:1: Premature end of file.
2026-03-27 16:25:04,870 [ERROR] LogOutputStream:75 - [STDERR_REDIRECT] 
2026-03-27 16:25:05,883 [ERROR] LogOutputStream:75 - [STDERR_REDIRECT] [Fatal Error] :1:1: Premature end of file.
2026-03-27 16:25:05,892 [ERROR] LogOutputStream:75 - [STDERR_REDIRECT] 
2026-03-27 16:25:06,872 [ERROR] LogOutputStream:75 - [STDERR_REDIRECT] [Fatal Error] :1:1: Premature end of file.
2026-03-27 16:25:06,872 [ERROR] LogOutputStream:75 - [STDERR_REDIRECT] 
2026-03-27 16:25:07,865 [ERROR] LogOutputStream:75 - [STDERR_REDIRECT] [Fatal Error] :1:1: Premature end of file.
2026-03-27 16:25:07,865 [ERROR] LogOutputStream:75 - [STDERR_REDIRECT] 
2026-03-27 16:25:08,854 [ERROR] LogOutputStream:75 - [STDERR_REDIRECT] [Fatal Error] :1:1: Premature end of file.
2026-03-27 16:25:08,860 [ERROR] LogOutputStream:75 - [STDERR_REDIRECT] 
2026-03-27 16:25:09,881 [ERROR] LogOutputStream:75 - [STDERR_REDIRECT] [Fatal Error] :1:1: Premature end of file.
2026-03-27 16:25:09,881 [ERROR] LogOutputStream:75 - [STDERR_REDIRECT] 
2026-03-27 16:25:10,881 [ERROR] LogOutputStream:75 - [STDERR_REDIRECT] [Fatal Error] :1:1: Premature end of file.
2026-03-27 16:25:10,881 [ERROR] LogOutputStream:75 - [STDERR_REDIRECT] 
2026-03-27 16:25:11,867 [ERROR] LogOutputStream:75 - [STDERR_REDIRECT] [Fatal Error] :1:1: Premature end of file.
2026-03-27 16:25:11,867 [ERROR] LogOutputStream:75 - [STDERR_REDIRECT] 
2026-03-27 16:25:12,880 [ERROR] LogOutputStream:75 - [STDERR_REDIRECT] [Fatal Error] :1:1: Premature end of file.
2026-03-27 16:25:12,880 [ERROR] LogOutputStream:75 - [STDERR_REDIRECT] 
2026-03-27 16:25:13,871 [ERROR] LogOutputStream:75 - [STDERR_REDIRECT] [Fatal Error] :1:1: Premature end of file.
2026-03-27 16:25:13,871 [ERROR] LogOutputStream:75 - [STDERR_REDIRECT] 
2026-03-27 16:25:14,889 [ERROR] LogOutputStream:75 - [STDERR_REDIRECT] [Fatal Error] :1:1: Premature end of file.
2026-03-27 16:25:14,889 [ERROR] LogOutputStream:75 - [STDERR_REDIRECT] 
2026-03-27 16:25:15,871 [ERROR] LogOutputStream:75 - [STDERR_REDIRECT] [Fatal Error] :1:1: Premature end of file.
2026-03-27 16:25:15,871 [ERROR] LogOutputStream:75 - [STDERR_REDIRECT] 
2026-03-27 16:25:16,881 [ERROR] LogOutputStream:75 - [STDERR_REDIRECT] [Fatal Error] :1:1: Premature end of file.
2026-03-27 16:25:16,881 [ERROR] LogOutputStream:75 - [STDERR_REDIRECT] 
2026-03-27 16:25:17,870 [ERROR] LogOutputStream:75 - [STDERR_REDIRECT] [Fatal Error] :1:1: Premature end of file.
2026-03-27 16:25:17,870 [ERROR] LogOutputStream:75 - [STDERR_REDIRECT] 
2026-03-27 16:25:18,889 [ERROR] LogOutputStream:75 - [STDERR_REDIRECT] [Fatal Error] :1:1: Premature end of file.
2026-03-27 16:25:18,889 [ERROR] LogOutputStream:75 - [STDERR_REDIRECT] 
2026-03-27 16:25:19,878 [ERROR] LogOutputStream:75 - [STDERR_REDIRECT] [Fatal Error] :1:1: Premature end of file.
2026-03-27 16:25:19,878 [ERROR] LogOutputStream:75 - [STDERR_REDIRECT] 
2026-03-27 16:25:20,882 [ERROR] LogOutputStream:75 - [STDERR_REDIRECT] [Fatal Error] :1:1: Premature end of file.
2026-03-27 16:25:20,882 [ERROR] LogOutputStream:75 - [STDERR_REDIRECT] 
2026-03-27 16:25:21,884 [ERROR] LogOutputStream:75 - [STDERR_REDIRECT] [Fatal Error] :1:1: Premature end of file.
2026-03-27 16:25:21,884 [ERROR] LogOutputStream:75 - [STDERR_REDIRECT] 
2026-03-27 16:25:22,875 [ERROR] LogOutputStream:75 - [STDERR_REDIRECT] [Fatal Error] :1:1: Premature end of file.
2026-03-27 16:25:22,875 [ERROR] LogOutputStream:75 - [STDERR_REDIRECT] 
2026-03-27 16:25:23,872 [ERROR] LogOutputStream:75 - [STDERR_REDIRECT] [Fatal Error] :1:1: Premature end of file.
2026-03-27 16:25:23,872 [ERROR] LogOutputStream:75 - [STDERR_REDIRECT] 
2026-03-27 16:25:24,876 [ERROR] LogOutputStream:75 - [STDERR_REDIRECT] [Fatal Error] :1:1: Premature end of file.
2026-03-27 16:25:24,876 [ERROR] LogOutputStream:75 - [STDERR_REDIRECT] 
2026-03-27 16:25:25,874 [ERROR] LogOutputStream:75 - [STDERR_REDIRECT] [Fatal Error] :1:1: Premature end of file.
2026-03-27 16:25:25,874 [ERROR] LogOutputStream:75 - [STDERR_REDIRECT] 
2026-03-27 16:25:26,889 [ERROR] LogOutputStream:75 - [STDERR_REDIRECT] [Fatal Error] :1:1: Premature end of file.
2026-03-27 16:25:26,889 [ERROR] LogOutputStream:75 - [STDERR_REDIRECT] 
2026-03-27 16:25:27,860 [ERROR] LogOutputStream:75 - [STDERR_REDIRECT] [Fatal Error] :1:1: Premature end of file.
2026-03-27 16:25:27,860 [ERROR] LogOutputStream:75 - [STDERR_REDIRECT] 
2026-03-27 16:25:28,903 [ERROR] LogOutputStream:75 - [STDERR_REDIRECT] [Fatal Error] :1:1: Premature end of file.
2026-03-27 16:25:28,903 [ERROR] LogOutputStream:75 - [STDERR_REDIRECT] 
2026-03-27 16:25:29,880 [ERROR] LogOutputStream:75 - [STDERR_REDIRECT] [Fatal Error] :1:1: Premature end of file.
2026-03-27 16:25:29,880 [ERROR] LogOutputStream:75 - [STDERR_REDIRECT] 
2026-03-27 16:25:30,870 [ERROR] LogOutputStream:75 - [STDERR_REDIRECT] [Fatal Error] :1:1: Premature end of file.
2026-03-27 16:25:30,870 [ERROR] LogOutputStream:75 - [STDERR_REDIRECT] 
2026-03-27 16:25:31,886 [ERROR] LogOutputStream:75 - [STDERR_REDIRECT] [Fatal Error] :1:1: Premature end of file.
2026-03-27 16:25:31,886 [ERROR] LogOutputStream:75 - [STDERR_REDIRECT] 
2026-03-27 16:25:32,872 [ERROR] LogOutputStream:75 - [STDERR_REDIRECT] [Fatal Error] :1:1: Premature end of file.
2026-03-27 16:25:32,872 [ERROR] LogOutputStream:75 - [STDERR_REDIRECT] 
2026-03-27 16:25:33,890 [ERROR] LogOutputStream:75 - [STDERR_REDIRECT] [Fatal Error] :1:1: Premature end of file.
2026-03-27 16:25:33,892 [ERROR] LogOutputStream:75 - [STDERR_REDIRECT] 
2026-03-27 16:25:34,881 [ERROR] LogOutputStream:75 - [STDERR_REDIRECT] [Fatal Error] :1:1: Premature end of file.
2026-03-27 16:25:34,881 [ERROR] LogOutputStream:75 - [STDERR_REDIRECT] 
2026-03-27 16:25:35,881 [ERROR] LogOutputStream:75 - [STDERR_REDIRECT] [Fatal Error] :1:1: Premature end of file.
2026-03-27 16:25:35,881 [ERROR] LogOutputStream:75 - [STDERR_REDIRECT] 
2026-03-27 16:25:36,849 [ERROR] LogOutputStream:75 - [STDERR_REDIRECT] [Fatal Error] :1:1: Premature end of file.
2026-03-27 16:25:36,849 [ERROR] LogOutputStream:75 - [STDERR_REDIRECT] 
2026-03-27 16:25:37,866 [ERROR] LogOutputStream:75 - [STDERR_REDIRECT] [Fatal Error] :1:1: Premature end of file.
2026-03-27 16:25:37,866 [ERROR] LogOutputStream:75 - [STDERR_REDIRECT] 
2026-03-27 16:25:38,848 [ERROR] LogOutputStream:75 - [STDERR_REDIRECT] [Fatal Error] :1:1: Premature end of file.
2026-03-27 16:25:38,848 [ERROR] LogOutputStream:75 - [STDERR_REDIRECT] 
2026-03-27 16:25:39,865 [ERROR] LogOutputStream:75 - [STDERR_REDIRECT] [Fatal Error] :1:1: Premature end of file.
2026-03-27 16:25:39,867 [ERROR] LogOutputStream:75 - [STDERR_REDIRECT] 
2026-03-27 16:25:40,878 [ERROR] LogOutputStream:75 - [STDERR_REDIRECT] [Fatal Error] :1:1: Premature end of file.
2026-03-27 16:25:40,878 [ERROR] LogOutputStream:75 - [STDERR_REDIRECT] 
2026-03-27 16:25:41,855 [ERROR] LogOutputStream:75 - [STDERR_REDIRECT] [Fatal Error] :1:1: Premature end of file.
2026-03-27 16:25:41,855 [ERROR] LogOutputStream:75 - [STDERR_REDIRECT] 
2026-03-27 16:25:42,840 [ERROR] LogOutputStream:75 - [STDERR_REDIRECT] [Fatal Error] :1:1: Premature end of file.
2026-03-27 16:25:42,840 [ERROR] LogOutputStream:75 - [STDERR_REDIRECT] 
2026-03-27 16:25:43,875 [ERROR] LogOutputStream:75 - [STDERR_REDIRECT] [Fatal Error] :1:1: Premature end of file.
2026-03-27 16:25:43,875 [ERROR] LogOutputStream:75 - [STDERR_REDIRECT] 
2026-03-27 16:25:44,886 [ERROR] LogOutputStream:75 - [STDERR_REDIRECT] [Fatal Error] :1:1: Premature end of file.
2026-03-27 16:25:44,886 [ERROR] LogOutputStream:75 - [STDERR_REDIRECT] 
2026-03-27 16:25:45,869 [ERROR] LogOutputStream:75 - [STDERR_REDIRECT] [Fatal Error] :1:1: Premature end of file.
2026-03-27 16:25:45,869 [ERROR] LogOutputStream:75 - [STDERR_REDIRECT] 
2026-03-27 16:25:46,882 [ERROR] LogOutputStream:75 - [STDERR_REDIRECT] [Fatal Error] :1:1: Premature end of file.
2026-03-27 16:25:46,882 [ERROR] LogOutputStream:75 - [STDERR_REDIRECT] 
2026-03-27 16:25:47,874 [ERROR] LogOutputStream:75 - [STDERR_REDIRECT] [Fatal Error] :1:1: Premature end of file.
2026-03-27 16:25:47,874 [ERROR] LogOutputStream:75 - [STDERR_REDIRECT] 
2026-03-27 16:25:48,909 [ERROR] LogOutputStream:75 - [STDERR_REDIRECT] [Fatal Error] :1:1: Premature end of file.
2026-03-27 16:25:48,909 [ERROR] LogOutputStream:75 - [STDERR_REDIRECT] 
2026-03-27 16:25:49,874 [ERROR] LogOutputStream:75 - [STDERR_REDIRECT] [Fatal Error] :1:1: Premature end of file.
2026-03-27 16:25:49,874 [ERROR] LogOutputStream:75 - [STDERR_REDIRECT] 
2026-03-27 16:25:50,877 [ERROR] LogOutputStream:75 - [STDERR_REDIRECT] [Fatal Error] :1:1: Premature end of file.
2026-03-27 16:25:50,877 [ERROR] LogOutputStream:75 - [STDERR_REDIRECT] 
2026-03-27 16:25:51,885 [ERROR] LogOutputStream:75 - [STDERR_REDIRECT] [Fatal Error] :1:1: Premature end of file.
2026-03-27 16:25:51,885 [ERROR] LogOutputStream:75 - [STDERR_REDIRECT] 
2026-03-27 16:25:52,870 [ERROR] LogOutputStream:75 - [STDERR_REDIRECT] [Fatal Error] :1:1: Premature end of file.
2026-03-27 16:25:52,870 [ERROR] LogOutputStream:75 - [STDERR_REDIRECT] 
2026-03-27 16:25:53,897 [ERROR] LogOutputStream:75 - [STDERR_REDIRECT] [Fatal Error] :1:1: Premature end of file.
2026-03-27 16:25:53,897 [ERROR] LogOutputStream:75 - [STDERR_REDIRECT] 
2026-03-27 16:25:54,891 [ERROR] LogOutputStream:75 - [STDERR_REDIRECT] [Fatal Error] :1:1: Premature end of file.
2026-03-27 16:25:54,891 [ERROR] LogOutputStream:75 - [STDERR_REDIRECT] 
2026-03-27 16:25:55,877 [ERROR] LogOutputStream:75 - [STDERR_REDIRECT] [Fatal Error] :1:1: Premature end of file.
2026-03-27 16:25:55,877 [ERROR] LogOutputStream:75 - [STDERR_REDIRECT] 
2026-03-27 16:25:56,875 [ERROR] LogOutputStream:75 - [STDERR_REDIRECT] [Fatal Error] :1:1: Premature end of file.
2026-03-27 16:25:56,875 [ERROR] LogOutputStream:75 - [STDERR_REDIRECT] 
2026-03-27 16:25:57,885 [ERROR] LogOutputStream:75 - [STDERR_REDIRECT] [Fatal Error] :1:1: Premature end of file.
2026-03-27 16:25:57,885 [ERROR] LogOutputStream:75 - [STDERR_REDIRECT] 
2026-03-27 16:25:58,881 [ERROR] LogOutputStream:75 - [STDERR_REDIRECT] [Fatal Error] :1:1: Premature end of file.
2026-03-27 16:25:58,883 [ERROR] LogOutputStream:75 - [STDERR_REDIRECT] 
2026-03-27 16:25:59,891 [ERROR] LogOutputStream:75 - [STDERR_REDIRECT] [Fatal Error] :1:1: Premature end of file.
2026-03-27 16:25:59,891 [ERROR] LogOutputStream:75 - [STDERR_REDIRECT] 
2026-03-27 16:26:00,876 [ERROR] LogOutputStream:75 - [STDERR_REDIRECT] [Fatal Error] :1:1: Premature end of file.
2026-03-27 16:26:00,876 [ERROR] LogOutputStream:75 - [STDERR_REDIRECT] 
2026-03-27 16:26:01,887 [ERROR] LogOutputStream:75 - [STDERR_REDIRECT] [Fatal Error] :1:1: Premature end of file.
2026-03-27 16:26:01,887 [ERROR] LogOutputStream:75 - [STDERR_REDIRECT] 
2026-03-27 16:26:02,893 [ERROR] LogOutputStream:75 - [STDERR_REDIRECT] [Fatal Error] :1:1: Premature end of file.
2026-03-27 16:26:02,893 [ERROR] LogOutputStream:75 - [STDERR_REDIRECT] 
2026-03-27 16:26:03,875 [ERROR] LogOutputStream:75 - [STDERR_REDIRECT] [Fatal Error] :1:1: Premature end of file.
2026-03-27 16:26:03,875 [ERROR] LogOutputStream:75 - [STDERR_REDIRECT] 
2026-03-27 16:26:04,881 [ERROR] LogOutputStream:75 - [STDERR_REDIRECT] [Fatal Error] :1:1: Premature end of file.
2026-03-27 16:26:04,881 [ERROR] LogOutputStream:75 - [STDERR_REDIRECT] 
2026-03-27 16:26:05,878 [ERROR] LogOutputStream:75 - [STDERR_REDIRECT] [Fatal Error] :1:1: Premature end of file.
2026-03-27 16:26:05,878 [ERROR] LogOutputStream:75 - [STDERR_REDIRECT] 
2026-03-27 16:26:06,869 [ERROR] LogOutputStream:75 - [STDERR_REDIRECT] [Fatal Error] :1:1: Premature end of file.
2026-03-27 16:26:06,869 [ERROR] LogOutputStream:75 - [STDERR_REDIRECT] 
2026-03-27 16:26:07,859 [ERROR] LogOutputStream:75 - [STDERR_REDIRECT] [Fatal Error] :1:1: Premature end of file.
2026-03-27 16:26:07,859 [ERROR] LogOutputStream:75 - [STDERR_REDIRECT] 
2026-03-27 16:26:08,865 [ERROR] LogOutputStream:75 - [STDERR_REDIRECT] [Fatal Error] :1:1: Premature end of file.
2026-03-27 16:26:08,865 [ERROR] LogOutputStream:75 - [STDERR_REDIRECT] 
2026-03-27 16:26:09,878 [ERROR] LogOutputStream:75 - [STDERR_REDIRECT] [Fatal Error] :1:1: Premature end of file.
2026-03-27 16:26:09,878 [ERROR] LogOutputStream:75 - [STDERR_REDIRECT] 
2026-03-27 16:26:10,881 [ERROR] LogOutputStream:75 - [STDERR_REDIRECT] [Fatal Error] :1:1: Premature end of file.
2026-03-27 16:26:10,889 [ERROR] LogOutputStream:75 - [STDERR_REDIRECT] 
2026-03-27 16:26:11,877 [ERROR] LogOutputStream:75 - [STDERR_REDIRECT] [Fatal Error] :1:1: Premature end of file.
2026-03-27 16:26:11,877 [ERROR] LogOutputStream:75 - [STDERR_REDIRECT] 
2026-03-27 16:26:12,885 [ERROR] LogOutputStream:75 - [STDERR_REDIRECT] [Fatal Error] :1:1: Premature end of file.
2026-03-27 16:26:12,885 [ERROR] LogOutputStream:75 - [STDERR_REDIRECT] 
2026-03-27 16:26:13,881 [ERROR] LogOutputStream:75 - [STDERR_REDIRECT] [Fatal Error] :1:1: Premature end of file.
2026-03-27 16:26:13,881 [ERROR] LogOutputStream:75 - [STDERR_REDIRECT] 
2026-03-27 16:26:14,887 [ERROR] LogOutputStream:75 - [STDERR_REDIRECT] [Fatal Error] :1:1: Premature end of file.
2026-03-27 16:26:14,887 [ERROR] LogOutputStream:75 - [STDERR_REDIRECT] 
2026-03-27 16:26:15,879 [ERROR] LogOutputStream:75 - [STDERR_REDIRECT] [Fatal Error] :1:1: Premature end of file.
2026-03-27 16:26:15,879 [ERROR] LogOutputStream:75 - [STDERR_REDIRECT] 
2026-03-27 16:26:16,884 [ERROR] LogOutputStream:75 - [STDERR_REDIRECT] [Fatal Error] :1:1: Premature end of file.
2026-03-27 16:26:16,884 [ERROR] LogOutputStream:75 - [STDERR_REDIRECT] 
2026-03-27 16:26:17,856 [ERROR] LogOutputStream:75 - [STDERR_REDIRECT] [Fatal Error] :1:1: Premature end of file.
2026-03-27 16:26:17,862 [ERROR] LogOutputStream:75 - [STDERR_REDIRECT] 
2026-03-27 16:26:18,900 [ERROR] LogOutputStream:75 - [STDERR_REDIRECT] [Fatal Error] :1:1: Premature end of file.
2026-03-27 16:26:18,900 [ERROR] LogOutputStream:75 - [STDERR_REDIRECT] 
2026-03-27 16:26:19,860 [ERROR] LogOutputStream:75 - [STDERR_REDIRECT] [Fatal Error] :1:1: Premature end of file.
2026-03-27 16:26:19,860 [ERROR] LogOutputStream:75 - [STDERR_REDIRECT] 
2026-03-27 16:26:20,882 [ERROR] LogOutputStream:75 - [STDERR_REDIRECT] [Fatal Error] :1:1: Premature end of file.
2026-03-27 16:26:20,882 [ERROR] LogOutputStream:75 - [STDERR_REDIRECT] 
2026-03-27 16:26:21,877 [ERROR] LogOutputStream:75 - [STDERR_REDIRECT] [Fatal Error] :1:1: Premature end of file.
2026-03-27 16:26:21,882 [ERROR] LogOutputStream:75 - [STDERR_REDIRECT] 
2026-03-27 16:26:22,873 [ERROR] LogOutputStream:75 - [STDERR_REDIRECT] [Fatal Error] :1:1: Premature end of file.
2026-03-27 16:26:22,873 [ERROR] LogOutputStream:75 - [STDERR_REDIRECT] 
2026-03-27 16:26:23,880 [ERROR] LogOutputStream:75 - [STDERR_REDIRECT] [Fatal Error] :1:1: Premature end of file.
2026-03-27 16:26:23,880 [ERROR] LogOutputStream:75 - [STDERR_REDIRECT] 
2026-03-27 16:26:24,879 [ERROR] LogOutputStream:75 - [STDERR_REDIRECT] [Fatal Error] :1:1: Premature end of file.
2026-03-27 16:26:24,879 [ERROR] LogOutputStream:75 - [STDERR_REDIRECT] 
2026-03-27 16:26:25,869 [ERROR] LogOutputStream:75 - [STDERR_REDIRECT] [Fatal Error] :1:1: Premature end of file.
2026-03-27 16:26:25,869 [ERROR] LogOutputStream:75 - [STDERR_REDIRECT] 
2026-03-27 16:26:26,880 [ERROR] LogOutputStream:75 - [STDERR_REDIRECT] [Fatal Error] :1:1: Premature end of file.
2026-03-27 16:26:26,880 [ERROR] LogOutputStream:75 - [STDERR_REDIRECT] 
2026-03-27 16:26:27,872 [ERROR] LogOutputStream:75 - [STDERR_REDIRECT] [Fatal Error] :1:1: Premature end of file.
2026-03-27 16:26:27,872 [ERROR] LogOutputStream:75 - [STDERR_REDIRECT] 
2026-03-27 16:26:28,870 [ERROR] LogOutputStream:75 - [STDERR_REDIRECT] [Fatal Error] :1:1: Premature end of file.
2026-03-27 16:26:28,870 [ERROR] LogOutputStream:75 - [STDERR_REDIRECT] 
2026-03-27 16:26:29,874 [ERROR] LogOutputStream:75 - [STDERR_REDIRECT] [Fatal Error] :1:1: Premature end of file.
2026-03-27 16:26:29,874 [ERROR] LogOutputStream:75 - [STDERR_REDIRECT] 
2026-03-27 16:26:30,886 [ERROR] LogOutputStream:75 - [STDERR_REDIRECT] [Fatal Error] :1:1: Premature end of file.
2026-03-27 16:26:30,886 [ERROR] LogOutputStream:75 - [STDERR_REDIRECT] 
2026-03-27 16:26:31,869 [ERROR] LogOutputStream:75 - [STDERR_REDIRECT] [Fatal Error] :1:1: Premature end of file.
2026-03-27 16:26:31,869 [ERROR] LogOutputStream:75 - [STDERR_REDIRECT] 
2026-03-27 16:26:32,882 [ERROR] LogOutputStream:75 - [STDERR_REDIRECT] [Fatal Error] :1:1: Premature end of file.
2026-03-27 16:26:32,882 [ERROR] LogOutputStream:75 - [STDERR_REDIRECT] 
2026-03-27 16:26:33,879 [ERROR] LogOutputStream:75 - [STDERR_REDIRECT] [Fatal Error] :1:1: Premature end of file.
2026-03-27 16:26:33,879 [ERROR] LogOutputStream:75 - [STDERR_REDIRECT] 
2026-03-27 16:26:34,887 [ERROR] LogOutputStream:75 - [STDERR_REDIRECT] [Fatal Error] :1:1: Premature end of file.
2026-03-27 16:26:34,887 [ERROR] LogOutputStream:75 - [STDERR_REDIRECT] 
2026-03-27 16:26:35,896 [ERROR] LogOutputStream:75 - [STDERR_REDIRECT] [Fatal Error] :1:1: Premature end of file.
2026-03-27 16:26:35,896 [ERROR] LogOutputStream:75 - [STDERR_REDIRECT] 
2026-03-27 16:26:36,879 [ERROR] LogOutputStream:75 - [STDERR_REDIRECT] [Fatal Error] :1:1: Premature end of file.
2026-03-27 16:26:36,879 [ERROR] LogOutputStream:75 - [STDERR_REDIRECT] 
2026-03-27 16:26:37,885 [ERROR] LogOutputStream:75 - [STDERR_REDIRECT] [Fatal Error] :1:1: Premature end of file.
2026-03-27 16:26:37,885 [ERROR] LogOutputStream:75 - [STDERR_REDIRECT] 
2026-03-27 16:26:38,883 [ERROR] LogOutputStream:75 - [STDERR_REDIRECT] [Fatal Error] :1:1: Premature end of file.
2026-03-27 16:26:38,891 [ERROR] LogOutputStream:75 - [STDERR_REDIRECT] 
2026-03-27 16:26:39,875 [ERROR] LogOutputStream:75 - [STDERR_REDIRECT] [Fatal Error] :1:1: Premature end of file.
2026-03-27 16:26:39,875 [ERROR] LogOutputStream:75 - [STDERR_REDIRECT] 
2026-03-27 16:26:40,882 [ERROR] LogOutputStream:75 - [STDERR_REDIRECT] [Fatal Error] :1:1: Premature end of file.
2026-03-27 16:26:40,882 [ERROR] LogOutputStream:75 - [STDERR_REDIRECT] 
2026-03-27 16:26:41,872 [ERROR] LogOutputStream:75 - [STDERR_REDIRECT] [Fatal Error] :1:1: Premature end of file.
2026-03-27 16:26:41,872 [ERROR] LogOutputStream:75 - [STDERR_REDIRECT] 
2026-03-27 16:26:42,884 [ERROR] LogOutputStream:75 - [STDERR_REDIRECT] [Fatal Error] :1:1: Premature end of file.
2026-03-27 16:26:42,884 [ERROR] LogOutputStream:75 - [STDERR_REDIRECT] 
2026-03-27 16:26:43,868 [ERROR] LogOutputStream:75 - [STDERR_REDIRECT] [Fatal Error] :1:1: Premature end of file.
2026-03-27 16:26:43,868 [ERROR] LogOutputStream:75 - [STDERR_REDIRECT] 
2026-03-27 16:26:44,890 [ERROR] LogOutputStream:75 - [STDERR_REDIRECT] [Fatal Error] :1:1: Premature end of file.
2026-03-27 16:26:44,890 [ERROR] LogOutputStream:75 - [STDERR_REDIRECT] 
2026-03-27 16:26:45,874 [ERROR] LogOutputStream:75 - [STDERR_REDIRECT] [Fatal Error] :1:1: Premature end of file.
2026-03-27 16:26:45,874 [ERROR] LogOutputStream:75 - [STDERR_REDIRECT] 
2026-03-27 16:26:46,880 [ERROR] LogOutputStream:75 - [STDERR_REDIRECT] [Fatal Error] :1:1: Premature end of file.
2026-03-27 16:26:46,880 [ERROR] LogOutputStream:75 - [STDERR_REDIRECT] 
2026-03-27 16:26:47,877 [ERROR] LogOutputStream:75 - [STDERR_REDIRECT] [Fatal Error] :1:1: Premature end of file.
2026-03-27 16:26:47,877 [ERROR] LogOutputStream:75 - [STDERR_REDIRECT] 
2026-03-27 16:26:48,885 [ERROR] LogOutputStream:75 - [STDERR_REDIRECT] [Fatal Error] :1:1: Premature end of file.
2026-03-27 16:26:48,885 [ERROR] LogOutputStream:75 - [STDERR_REDIRECT] 
2026-03-27 16:26:49,845 [ERROR] LogOutputStream:75 - [STDERR_REDIRECT] [Fatal Error] :1:1: Premature end of file.
2026-03-27 16:26:49,845 [ERROR] LogOutputStream:75 - [STDERR_REDIRECT] 
2026-03-27 16:26:50,873 [ERROR] LogOutputStream:75 - [STDERR_REDIRECT] [Fatal Error] :1:1: Premature end of file.
2026-03-27 16:26:50,873 [ERROR] LogOutputStream:75 - [STDERR_REDIRECT] 
2026-03-27 16:26:51,880 [ERROR] LogOutputStream:75 - [STDERR_REDIRECT] [Fatal Error] :1:1: Premature end of file.
2026-03-27 16:26:51,880 [ERROR] LogOutputStream:75 - [STDERR_REDIRECT] 
2026-03-27 16:26:52,871 [ERROR] LogOutputStream:75 - [STDERR_REDIRECT] [Fatal Error] :1:1: Premature end of file.
2026-03-27 16:26:52,871 [ERROR] LogOutputStream:75 - [STDERR_REDIRECT] 
2026-03-27 16:26:53,873 [ERROR] LogOutputStream:75 - [STDERR_REDIRECT] [Fatal Error] :1:1: Premature end of file.
2026-03-27 16:26:53,873 [ERROR] LogOutputStream:75 - [STDERR_REDIRECT] 
2026-03-27 16:26:54,873 [ERROR] LogOutputStream:75 - [STDERR_REDIRECT] [Fatal Error] :1:1: Premature end of file.
2026-03-27 16:26:54,873 [ERROR] LogOutputStream:75 - [STDERR_REDIRECT] 
2026-03-27 16:26:55,885 [ERROR] LogOutputStream:75 - [STDERR_REDIRECT] [Fatal Error] :1:1: Premature end of file.
2026-03-27 16:26:55,885 [ERROR] LogOutputStream:75 - [STDERR_REDIRECT] 
2026-03-27 16:26:56,876 [ERROR] LogOutputStream:75 - [STDERR_REDIRECT] [Fatal Error] :1:1: Premature end of file.
2026-03-27 16:26:56,876 [ERROR] LogOutputStream:75 - [STDERR_REDIRECT] 
2026-03-27 16:26:57,870 [ERROR] LogOutputStream:75 - [STDERR_REDIRECT] [Fatal Error] :1:1: Premature end of file.
2026-03-27 16:26:57,870 [ERROR] LogOutputStream:75 - [STDERR_REDIRECT] 
2026-03-27 16:26:58,883 [ERROR] LogOutputStream:75 - [STDERR_REDIRECT] [Fatal Error] :1:1: Premature end of file.
2026-03-27 16:26:58,883 [ERROR] LogOutputStream:75 - [STDERR_REDIRECT] 
2026-03-27 16:26:59,873 [ERROR] LogOutputStream:75 - [STDERR_REDIRECT] [Fatal Error] :1:1: Premature end of file.
2026-03-27 16:26:59,873 [ERROR] LogOutputStream:75 - [STDERR_REDIRECT] 
2026-03-27 16:27:00,881 [ERROR] LogOutputStream:75 - [STDERR_REDIRECT] [Fatal Error] :1:1: Premature end of file.
2026-03-27 16:27:00,881 [ERROR] LogOutputStream:75 - [STDERR_REDIRECT] 
2026-03-27 16:27:01,858 [ERROR] LogOutputStream:75 - [STDERR_REDIRECT] [Fatal Error] :1:1: Premature end of file.
2026-03-27 16:27:01,858 [ERROR] LogOutputStream:75 - [STDERR_REDIRECT] 
2026-03-27 16:27:02,878 [ERROR] LogOutputStream:75 - [STDERR_REDIRECT] [Fatal Error] :1:1: Premature end of file.
2026-03-27 16:27:02,878 [ERROR] LogOutputStream:75 - [STDERR_REDIRECT] 
2026-03-27 16:27:03,903 [ERROR] LogOutputStream:75 - [STDERR_REDIRECT] [Fatal Error] :1:1: Premature end of file.
2026-03-27 16:27:03,903 [ERROR] LogOutputStream:75 - [STDERR_REDIRECT] 
2026-03-27 16:27:04,883 [ERROR] LogOutputStream:75 - [STDERR_REDIRECT] [Fatal Error] :1:1: Premature end of file.
2026-03-27 16:27:04,883 [ERROR] LogOutputStream:75 - [STDERR_REDIRECT] 
2026-03-27 16:27:05,868 [ERROR] LogOutputStream:75 - [STDERR_REDIRECT] [Fatal Error] :1:1: Premature end of file.
2026-03-27 16:27:05,868 [ERROR] LogOutputStream:75 - [STDERR_REDIRECT] 
2026-03-27 16:27:06,880 [ERROR] LogOutputStream:75 - [STDERR_REDIRECT] [Fatal Error] :1:1: Premature end of file.
2026-03-27 16:27:06,880 [ERROR] LogOutputStream:75 - [STDERR_REDIRECT] 
2026-03-27 16:27:07,873 [ERROR] LogOutputStream:75 - [STDERR_REDIRECT] [Fatal Error] :1:1: Premature end of file.
2026-03-27 16:27:07,873 [ERROR] LogOutputStream:75 - [STDERR_REDIRECT] 
2026-03-27 16:27:08,886 [ERROR] LogOutputStream:75 - [STDERR_REDIRECT] [Fatal Error] :1:1: Premature end of file.
2026-03-27 16:27:08,886 [ERROR] LogOutputStream:75 - [STDERR_REDIRECT] 
2026-03-27 16:27:09,876 [ERROR] LogOutputStream:75 - [STDERR_REDIRECT] [Fatal Error] :1:1: Premature end of file.
2026-03-27 16:27:09,876 [ERROR] LogOutputStream:75 - [STDERR_REDIRECT] 
2026-03-27 16:27:10,870 [ERROR] LogOutputStream:75 - [STDERR_REDIRECT] [Fatal Error] :1:1: Premature end of file.
2026-03-27 16:27:10,870 [ERROR] LogOutputStream:75 - [STDERR_REDIRECT] 
2026-03-27 16:27:11,881 [ERROR] LogOutputStream:75 - [STDERR_REDIRECT] [Fatal Error] :1:1: Premature end of file.
2026-03-27 16:27:11,881 [ERROR] LogOutputStream:75 - [STDERR_REDIRECT] 
2026-03-27 16:27:12,868 [ERROR] LogOutputStream:75 - [STDERR_REDIRECT] [Fatal Error] :1:1: Premature end of file.
2026-03-27 16:27:12,868 [ERROR] LogOutputStream:75 - [STDERR_REDIRECT] 
2026-03-27 16:27:13,871 [ERROR] LogOutputStream:75 - [STDERR_REDIRECT] [Fatal Error] :1:1: Premature end of file.
2026-03-27 16:27:13,871 [ERROR] LogOutputStream:75 - [STDERR_REDIRECT] 
2026-03-27 16:27:14,869 [ERROR] LogOutputStream:75 - [STDERR_REDIRECT] [Fatal Error] :1:1: Premature end of file.
2026-03-27 16:27:14,869 [ERROR] LogOutputStream:75 - [STDERR_REDIRECT] 
2026-03-27 16:27:15,862 [ERROR] LogOutputStream:75 - [STDERR_REDIRECT] [Fatal Error] :1:1: Premature end of file.
2026-03-27 16:27:15,862 [ERROR] LogOutputStream:75 - [STDERR_REDIRECT] 
2026-03-27 16:27:16,876 [ERROR] LogOutputStream:75 - [STDERR_REDIRECT] [Fatal Error] :1:1: Premature end of file.
2026-03-27 16:27:16,876 [ERROR] LogOutputStream:75 - [STDERR_REDIRECT] 
2026-03-27 16:27:17,863 [ERROR] LogOutputStream:75 - [STDERR_REDIRECT] [Fatal Error] :1:1: Premature end of file.
2026-03-27 16:27:17,863 [ERROR] LogOutputStream:75 - [STDERR_REDIRECT] 
2026-03-27 16:27:18,869 [ERROR] LogOutputStream:75 - [STDERR_REDIRECT] [Fatal Error] :1:1: Premature end of file.
2026-03-27 16:27:18,869 [ERROR] LogOutputStream:75 - [STDERR_REDIRECT] 
2026-03-27 16:27:19,879 [ERROR] LogOutputStream:75 - [STDERR_REDIRECT] [Fatal Error] :1:1: Premature end of file.
2026-03-27 16:27:19,879 [ERROR] LogOutputStream:75 - [STDERR_REDIRECT] 
2026-03-27 16:27:20,877 [ERROR] LogOutputStream:75 - [STDERR_REDIRECT] [Fatal Error] :1:1: Premature end of file.
2026-03-27 16:27:20,877 [ERROR] LogOutputStream:75 - [STDERR_REDIRECT] 
2026-03-27 16:27:21,863 [ERROR] LogOutputStream:75 - [STDERR_REDIRECT] [Fatal Error] :1:1: Premature end of file.
2026-03-27 16:27:21,863 [ERROR] LogOutputStream:75 - [STDERR_REDIRECT] 
2026-03-27 16:27:22,851 [ERROR] LogOutputStream:75 - [STDERR_REDIRECT] [Fatal Error] :1:1: Premature end of file.
2026-03-27 16:27:22,851 [ERROR] LogOutputStream:75 - [STDERR_REDIRECT] 
2026-03-27 16:27:23,875 [ERROR] LogOutputStream:75 - [STDERR_REDIRECT] [Fatal Error] :1:1: Premature end of file.
2026-03-27 16:27:23,875 [ERROR] LogOutputStream:75 - [STDERR_REDIRECT] 
2026-03-27 16:27:24,868 [ERROR] LogOutputStream:75 - [STDERR_REDIRECT] [Fatal Error] :1:1: Premature end of file.
2026-03-27 16:27:24,883 [ERROR] LogOutputStream:75 - [STDERR_REDIRECT] 
2026-03-27 16:27:25,884 [ERROR] LogOutputStream:75 - [STDERR_REDIRECT] [Fatal Error] :1:1: Premature end of file.
2026-03-27 16:27:25,886 [ERROR] LogOutputStream:75 - [STDERR_REDIRECT] 
2026-03-27 16:27:26,886 [ERROR] LogOutputStream:75 - [STDERR_REDIRECT] [Fatal Error] :1:1: Premature end of file.
2026-03-27 16:27:26,886 [ERROR] LogOutputStream:75 - [STDERR_REDIRECT] 
2026-03-27 16:27:27,872 [ERROR] LogOutputStream:75 - [STDERR_REDIRECT] [Fatal Error] :1:1: Premature end of file.
2026-03-27 16:27:27,872 [ERROR] LogOutputStream:75 - [STDERR_REDIRECT] 
2026-03-27 16:27:28,870 [ERROR] LogOutputStream:75 - [STDERR_REDIRECT] [Fatal Error] :1:1: Premature end of file.
2026-03-27 16:27:28,870 [ERROR] LogOutputStream:75 - [STDERR_REDIRECT] 
2026-03-27 16:27:29,878 [ERROR] LogOutputStream:75 - [STDERR_REDIRECT] [Fatal Error] :1:1: Premature end of file.
2026-03-27 16:27:29,878 [ERROR] LogOutputStream:75 - [STDERR_REDIRECT] 
2026-03-27 16:27:30,873 [ERROR] LogOutputStream:75 - [STDERR_REDIRECT] [Fatal Error] :1:1: Premature end of file.
2026-03-27 16:27:30,873 [ERROR] LogOutputStream:75 - [STDERR_REDIRECT] 
2026-03-27 16:27:31,869 [ERROR] LogOutputStream:75 - [STDERR_REDIRECT] [Fatal Error] :1:1: Premature end of file.
2026-03-27 16:27:31,869 [ERROR] LogOutputStream:75 - [STDERR_REDIRECT] 
2026-03-27 16:27:32,870 [ERROR] LogOutputStream:75 - [STDERR_REDIRECT] [Fatal Error] :1:1: Premature end of file.
2026-03-27 16:27:32,870 [ERROR] LogOutputStream:75 - [STDERR_REDIRECT] 
2026-03-27 16:27:33,875 [ERROR] LogOutputStream:75 - [STDERR_REDIRECT] [Fatal Error] :1:1: Premature end of file.
2026-03-27 16:27:33,875 [ERROR] LogOutputStream:75 - [STDERR_REDIRECT] 
2026-03-27 16:27:34,875 [ERROR] LogOutputStream:75 - [STDERR_REDIRECT] [Fatal Error] :1:1: Premature end of file.
2026-03-27 16:27:34,875 [ERROR] LogOutputStream:75 - [STDERR_REDIRECT] 
2026-03-27 16:27:35,873 [ERROR] LogOutputStream:75 - [STDERR_REDIRECT] [Fatal Error] :1:1: Premature end of file.
2026-03-27 16:27:35,873 [ERROR] LogOutputStream:75 - [STDERR_REDIRECT] 
2026-03-27 16:27:36,884 [ERROR] LogOutputStream:75 - [STDERR_REDIRECT] [Fatal Error] :1:1: Premature end of file.
2026-03-27 16:27:36,884 [ERROR] LogOutputStream:75 - [STDERR_REDIRECT] 
2026-03-27 16:27:37,890 [ERROR] LogOutputStream:75 - [STDERR_REDIRECT] [Fatal Error] :1:1: Premature end of file.
2026-03-27 16:27:37,890 [ERROR] LogOutputStream:75 - [STDERR_REDIRECT] 
2026-03-27 16:27:38,868 [ERROR] LogOutputStream:75 - [STDERR_REDIRECT] [Fatal Error] :1:1: Premature end of file.
2026-03-27 16:27:38,868 [ERROR] LogOutputStream:75 - [STDERR_REDIRECT] 
2026-03-27 16:27:39,870 [ERROR] LogOutputStream:75 - [STDERR_REDIRECT] [Fatal Error] :1:1: Premature end of file.
2026-03-27 16:27:39,870 [ERROR] LogOutputStream:75 - [STDERR_REDIRECT] 
2026-03-27 16:27:40,880 [ERROR] LogOutputStream:75 - [STDERR_REDIRECT] [Fatal Error] :1:1: Premature end of file.
2026-03-27 16:27:40,880 [ERROR] LogOutputStream:75 - [STDERR_REDIRECT] 
2026-03-27 16:27:41,883 [ERROR] LogOutputStream:75 - [STDERR_REDIRECT] [Fatal Error] :1:1: Premature end of file.
2026-03-27 16:27:41,883 [ERROR] LogOutputStream:75 - [STDERR_REDIRECT] 
2026-03-27 16:27:42,877 [ERROR] LogOutputStream:75 - [STDERR_REDIRECT] [Fatal Error] :1:1: Premature end of file.
2026-03-27 16:27:42,885 [ERROR] LogOutputStream:75 - [STDERR_REDIRECT] 
2026-03-27 16:27:43,866 [ERROR] LogOutputStream:75 - [STDERR_REDIRECT] [Fatal Error] :1:1: Premature end of file.
2026-03-27 16:27:43,866 [ERROR] LogOutputStream:75 - [STDERR_REDIRECT] 
2026-03-27 16:27:44,868 [ERROR] LogOutputStream:75 - [STDERR_REDIRECT] [Fatal Error] :1:1: Premature end of file.
2026-03-27 16:27:44,868 [ERROR] LogOutputStream:75 - [STDERR_REDIRECT] 
2026-03-27 16:27:45,875 [ERROR] LogOutputStream:75 - [STDERR_REDIRECT] [Fatal Error] :1:1: Premature end of file.
2026-03-27 16:27:45,875 [ERROR] LogOutputStream:75 - [STDERR_REDIRECT] 
2026-03-27 16:27:46,878 [ERROR] LogOutputStream:75 - [STDERR_REDIRECT] [Fatal Error] :1:1: Premature end of file.
2026-03-27 16:27:46,878 [ERROR] LogOutputStream:75 - [STDERR_REDIRECT] 
2026-03-27 16:27:47,875 [ERROR] LogOutputStream:75 - [STDERR_REDIRECT] [Fatal Error] :1:1: Premature end of file.
2026-03-27 16:27:47,875 [ERROR] LogOutputStream:75 - [STDERR_REDIRECT] 
2026-03-27 16:27:48,870 [ERROR] LogOutputStream:75 - [STDERR_REDIRECT] [Fatal Error] :1:1: Premature end of file.
2026-03-27 16:27:48,870 [ERROR] LogOutputStream:75 - [STDERR_REDIRECT] 
2026-03-27 16:27:49,873 [ERROR] LogOutputStream:75 - [STDERR_REDIRECT] [Fatal Error] :1:1: Premature end of file.
2026-03-27 16:27:49,873 [ERROR] LogOutputStream:75 - [STDERR_REDIRECT] 
2026-03-27 16:27:50,876 [ERROR] LogOutputStream:75 - [STDERR_REDIRECT] [Fatal Error] :1:1: Premature end of file.
2026-03-27 16:27:50,876 [ERROR] LogOutputStream:75 - [STDERR_REDIRECT] 
2026-03-27 16:27:51,878 [ERROR] LogOutputStream:75 - [STDERR_REDIRECT] [Fatal Error] :1:1: Premature end of file.
2026-03-27 16:27:51,878 [ERROR] LogOutputStream:75 - [STDERR_REDIRECT] 
2026-03-27 16:27:52,886 [ERROR] LogOutputStream:75 - [STDERR_REDIRECT] [Fatal Error] :1:1: Premature end of file.
2026-03-27 16:27:52,886 [ERROR] LogOutputStream:75 - [STDERR_REDIRECT] 
2026-03-27 16:27:53,876 [ERROR] LogOutputStream:75 - [STDERR_REDIRECT] [Fatal Error] :1:1: Premature end of file.
2026-03-27 16:27:53,876 [ERROR] LogOutputStream:75 - [STDERR_REDIRECT] 
2026-03-27 16:27:54,876 [ERROR] LogOutputStream:75 - [STDERR_REDIRECT] [Fatal Error] :1:1: Premature end of file.
2026-03-27 16:27:54,876 [ERROR] LogOutputStream:75 - [STDERR_REDIRECT] 
2026-03-27 16:27:55,883 [ERROR] LogOutputStream:75 - [STDERR_REDIRECT] [Fatal Error] :1:1: Premature end of file.
2026-03-27 16:27:55,883 [ERROR] LogOutputStream:75 - [STDERR_REDIRECT] 
2026-03-27 16:27:56,882 [ERROR] LogOutputStream:75 - [STDERR_REDIRECT] [Fatal Error] :1:1: Premature end of file.
2026-03-27 16:27:56,883 [ERROR] LogOutputStream:75 - [STDERR_REDIRECT] 
2026-03-27 16:27:57,877 [ERROR] LogOutputStream:75 - [STDERR_REDIRECT] [Fatal Error] :1:1: Premature end of file.
2026-03-27 16:27:57,877 [ERROR] LogOutputStream:75 - [STDERR_REDIRECT] 
2026-03-27 16:27:58,873 [ERROR] LogOutputStream:75 - [STDERR_REDIRECT] [Fatal Error] :1:1: Premature end of file.
2026-03-27 16:27:58,873 [ERROR] LogOutputStream:75 - [STDERR_REDIRECT] 
2026-03-27 16:27:59,895 [ERROR] LogOutputStream:75 - [STDERR_REDIRECT] [Fatal Error] :1:1: Premature end of file.
2026-03-27 16:27:59,895 [ERROR] LogOutputStream:75 - [STDERR_REDIRECT] 
2026-03-27 16:28:00,882 [ERROR] LogOutputStream:75 - [STDERR_REDIRECT] [Fatal Error] :1:1: Premature end of file.
2026-03-27 16:28:00,882 [ERROR] LogOutputStream:75 - [STDERR_REDIRECT] 
2026-03-27 16:28:01,874 [ERROR] LogOutputStream:75 - [STDERR_REDIRECT] [Fatal Error] :1:1: Premature end of file.
2026-03-27 16:28:01,874 [ERROR] LogOutputStream:75 - [STDERR_REDIRECT] 
2026-03-27 16:28:02,875 [ERROR] LogOutputStream:75 - [STDERR_REDIRECT] [Fatal Error] :1:1: Premature end of file.
2026-03-27 16:28:02,875 [ERROR] LogOutputStream:75 - [STDERR_REDIRECT] 
2026-03-27 16:28:03,868 [ERROR] LogOutputStream:75 - [STDERR_REDIRECT] [Fatal Error] :1:1: Premature end of file.
2026-03-27 16:28:03,868 [ERROR] LogOutputStream:75 - [STDERR_REDIRECT] 
2026-03-27 16:28:04,877 [ERROR] LogOutputStream:75 - [STDERR_REDIRECT] [Fatal Error] :1:1: Premature end of file.
2026-03-27 16:28:04,877 [ERROR] LogOutputStream:75 - [STDERR_REDIRECT] 
2026-03-27 16:28:05,892 [ERROR] LogOutputStream:75 - [STDERR_REDIRECT] [Fatal Error] :1:1: Premature end of file.
2026-03-27 16:28:05,892 [ERROR] LogOutputStream:75 - [STDERR_REDIRECT] 
2026-03-27 16:28:06,875 [ERROR] LogOutputStream:75 - [STDERR_REDIRECT] [Fatal Error] :1:1: Premature end of file.
2026-03-27 16:28:06,875 [ERROR] LogOutputStream:75 - [STDERR_REDIRECT] 
2026-03-27 16:28:07,875 [ERROR] LogOutputStream:75 - [STDERR_REDIRECT] [Fatal Error] :1:1: Premature end of file.
2026-03-27 16:28:07,875 [ERROR] LogOutputStream:75 - [STDERR_REDIRECT] 
2026-03-27 16:28:08,865 [ERROR] LogOutputStream:75 - [STDERR_REDIRECT] [Fatal Error] :1:1: Premature end of file.
2026-03-27 16:28:08,865 [ERROR] LogOutputStream:75 - [STDERR_REDIRECT] 
2026-03-27 16:28:09,869 [ERROR] LogOutputStream:75 - [STDERR_REDIRECT] [Fatal Error] :1:1: Premature end of file.
2026-03-27 16:28:09,869 [ERROR] LogOutputStream:75 - [STDERR_REDIRECT] 
2026-03-27 16:28:10,876 [ERROR] LogOutputStream:75 - [STDERR_REDIRECT] [Fatal Error] :1:1: Premature end of file.
2026-03-27 16:28:10,876 [ERROR] LogOutputStream:75 - [STDERR_REDIRECT] 
2026-03-27 16:28:11,885 [ERROR] LogOutputStream:75 - [STDERR_REDIRECT] [Fatal Error] :1:1: Premature end of file.
2026-03-27 16:28:11,885 [ERROR] LogOutputStream:75 - [STDERR_REDIRECT] 
2026-03-27 16:28:12,872 [ERROR] LogOutputStream:75 - [STDERR_REDIRECT] [Fatal Error] :1:1: Premature end of file.
2026-03-27 16:28:12,872 [ERROR] LogOutputStream:75 - [STDERR_REDIRECT] 
2026-03-27 16:28:13,882 [ERROR] LogOutputStream:75 - [STDERR_REDIRECT] [Fatal Error] :1:1: Premature end of file.
2026-03-27 16:28:13,882 [ERROR] LogOutputStream:75 - [STDERR_REDIRECT] 
2026-03-27 16:28:14,872 [ERROR] LogOutputStream:75 - [STDERR_REDIRECT] [Fatal Error] :1:1: Premature end of file.
2026-03-27 16:28:14,872 [ERROR] LogOutputStream:75 - [STDERR_REDIRECT] 
2026-03-27 16:28:15,888 [ERROR] LogOutputStream:75 - [STDERR_REDIRECT] [Fatal Error] :1:1: Premature end of file.
2026-03-27 16:28:15,888 [ERROR] LogOutputStream:75 - [STDERR_REDIRECT] 
2026-03-27 16:28:16,877 [ERROR] LogOutputStream:75 - [STDERR_REDIRECT] [Fatal Error] :1:1: Premature end of file.
2026-03-27 16:28:16,877 [ERROR] LogOutputStream:75 - [STDERR_REDIRECT] 
2026-03-27 16:28:17,862 [ERROR] LogOutputStream:75 - [STDERR_REDIRECT] [Fatal Error] :1:1: Premature end of file.
2026-03-27 16:28:17,862 [ERROR] LogOutputStream:75 - [STDERR_REDIRECT] 
2026-03-27 16:28:18,878 [ERROR] LogOutputStream:75 - [STDERR_REDIRECT] [Fatal Error] :1:1: Premature end of file.
2026-03-27 16:28:18,880 [ERROR] LogOutputStream:75 - [STDERR_REDIRECT] 
2026-03-27 16:28:19,874 [ERROR] LogOutputStream:75 - [STDERR_REDIRECT] [Fatal Error] :1:1: Premature end of file.
2026-03-27 16:28:19,874 [ERROR] LogOutputStream:75 - [STDERR_REDIRECT] 
2026-03-27 16:28:20,870 [ERROR] LogOutputStream:75 - [STDERR_REDIRECT] [Fatal Error] :1:1: Premature end of file.
2026-03-27 16:28:20,870 [ERROR] LogOutputStream:75 - [STDERR_REDIRECT] 
2026-03-27 16:28:21,885 [ERROR] LogOutputStream:75 - [STDERR_REDIRECT] [Fatal Error] :1:1: Premature end of file.
2026-03-27 16:28:21,885 [ERROR] LogOutputStream:75 - [STDERR_REDIRECT] 
2026-03-27 16:28:22,888 [ERROR] LogOutputStream:75 - [STDERR_REDIRECT] [Fatal Error] :1:1: Premature end of file.
2026-03-27 16:28:22,888 [ERROR] LogOutputStream:75 - [STDERR_REDIRECT] 
2026-03-27 16:28:23,866 [ERROR] LogOutputStream:75 - [STDERR_REDIRECT] [Fatal Error] :1:1: Premature end of file.
2026-03-27 16:28:23,866 [ERROR] LogOutputStream:75 - [STDERR_REDIRECT] 
2026-03-27 16:28:24,876 [ERROR] LogOutputStream:75 - [STDERR_REDIRECT] [Fatal Error] :1:1: Premature end of file.
2026-03-27 16:28:24,876 [ERROR] LogOutputStream:75 - [STDERR_REDIRECT] 
2026-03-27 16:28:25,873 [ERROR] LogOutputStream:75 - [STDERR_REDIRECT] [Fatal Error] :1:1: Premature end of file.
2026-03-27 16:28:25,873 [ERROR] LogOutputStream:75 - [STDERR_REDIRECT] 
2026-03-27 16:28:26,885 [ERROR] LogOutputStream:75 - [STDERR_REDIRECT] [Fatal Error] :1:1: Premature end of file.
2026-03-27 16:28:26,885 [ERROR] LogOutputStream:75 - [STDERR_REDIRECT] 
2026-03-27 16:28:27,878 [ERROR] LogOutputStream:75 - [STDERR_REDIRECT] [Fatal Error] :1:1: Premature end of file.
2026-03-27 16:28:27,878 [ERROR] LogOutputStream:75 - [STDERR_REDIRECT] 
2026-03-27 16:28:28,875 [ERROR] LogOutputStream:75 - [STDERR_REDIRECT] [Fatal Error] :1:1: Premature end of file.
2026-03-27 16:28:28,875 [ERROR] LogOutputStream:75 - [STDERR_REDIRECT] 
2026-03-27 16:28:29,884 [ERROR] LogOutputStream:75 - [STDERR_REDIRECT] [Fatal Error] :1:1: Premature end of file.
2026-03-27 16:28:29,884 [ERROR] LogOutputStream:75 - [STDERR_REDIRECT] 
2026-03-27 16:28:30,889 [ERROR] LogOutputStream:75 - [STDERR_REDIRECT] [Fatal Error] :1:1: Premature end of file.
2026-03-27 16:28:30,889 [ERROR] LogOutputStream:75 - [STDERR_REDIRECT] 
2026-03-27 16:28:31,869 [ERROR] LogOutputStream:75 - [STDERR_REDIRECT] [Fatal Error] :1:1: Premature end of file.
2026-03-27 16:28:31,869 [ERROR] LogOutputStream:75 - [STDERR_REDIRECT] 
2026-03-27 16:28:32,897 [ERROR] LogOutputStream:75 - [STDERR_REDIRECT] [Fatal Error] :1:1: Premature end of file.
2026-03-27 16:28:32,897 [ERROR] LogOutputStream:75 - [STDERR_REDIRECT] 
2026-03-27 16:28:33,881 [ERROR] LogOutputStream:75 - [STDERR_REDIRECT] [Fatal Error] :1:1: Premature end of file.
2026-03-27 16:28:33,881 [ERROR] LogOutputStream:75 - [STDERR_REDIRECT] 
2026-03-27 16:28:34,885 [ERROR] LogOutputStream:75 - [STDERR_REDIRECT] [Fatal Error] :1:1: Premature end of file.
2026-03-27 16:28:34,887 [ERROR] LogOutputStream:75 - [STDERR_REDIRECT] 
2026-03-27 16:28:35,884 [ERROR] LogOutputStream:75 - [STDERR_REDIRECT] [Fatal Error] :1:1: Premature end of file.
2026-03-27 16:28:35,884 [ERROR] LogOutputStream:75 - [STDERR_REDIRECT] 
2026-03-27 16:28:36,884 [ERROR] LogOutputStream:75 - [STDERR_REDIRECT] [Fatal Error] :1:1: Premature end of file.
2026-03-27 16:28:36,884 [ERROR] LogOutputStream:75 - [STDERR_REDIRECT] 
2026-03-27 16:28:37,870 [ERROR] LogOutputStream:75 - [STDERR_REDIRECT] [Fatal Error] :1:1: Premature end of file.
2026-03-27 16:28:37,870 [ERROR] LogOutputStream:75 - [STDERR_REDIRECT] 
2026-03-27 16:28:38,889 [ERROR] LogOutputStream:75 - [STDERR_REDIRECT] [Fatal Error] :1:1: Premature end of file.
2026-03-27 16:28:38,889 [ERROR] LogOutputStream:75 - [STDERR_REDIRECT] 
2026-03-27 16:28:39,872 [ERROR] LogOutputStream:75 - [STDERR_REDIRECT] [Fatal Error] :1:1: Premature end of file.
2026-03-27 16:28:39,872 [ERROR] LogOutputStream:75 - [STDERR_REDIRECT] 
2026-03-27 16:28:40,883 [ERROR] LogOutputStream:75 - [STDERR_REDIRECT] [Fatal Error] :1:1: Premature end of file.
2026-03-27 16:28:40,883 [ERROR] LogOutputStream:75 - [STDERR_REDIRECT] 
2026-03-27 16:28:41,881 [ERROR] LogOutputStream:75 - [STDERR_REDIRECT] [Fatal Error] :1:1: Premature end of file.
2026-03-27 16:28:41,881 [ERROR] LogOutputStream:75 - [STDERR_REDIRECT] 
2026-03-27 16:28:42,879 [ERROR] LogOutputStream:75 - [STDERR_REDIRECT] [Fatal Error] :1:1: Premature end of file.
2026-03-27 16:28:42,879 [ERROR] LogOutputStream:75 - [STDERR_REDIRECT] 
2026-03-27 16:28:43,883 [ERROR] LogOutputStream:75 - [STDERR_REDIRECT] [Fatal Error] :1:1: Premature end of file.
2026-03-27 16:28:43,883 [ERROR] LogOutputStream:75 - [STDERR_REDIRECT] 
2026-03-27 16:28:44,886 [ERROR] LogOutputStream:75 - [STDERR_REDIRECT] [Fatal Error] :1:1: Premature end of file.
2026-03-27 16:28:44,886 [ERROR] LogOutputStream:75 - [STDERR_REDIRECT] 
2026-03-27 16:28:45,887 [ERROR] LogOutputStream:75 - [STDERR_REDIRECT] [Fatal Error] :1:1: Premature end of file.
2026-03-27 16:28:45,887 [ERROR] LogOutputStream:75 - [STDERR_REDIRECT] 
2026-03-27 16:28:46,888 [ERROR] LogOutputStream:75 - [STDERR_REDIRECT] [Fatal Error] :1:1: Premature end of file.
2026-03-27 16:28:46,888 [ERROR] LogOutputStream:75 - [STDERR_REDIRECT] 
2026-03-27 16:28:47,881 [ERROR] LogOutputStream:75 - [STDERR_REDIRECT] [Fatal Error] :1:1: Premature end of file.
2026-03-27 16:28:47,881 [ERROR] LogOutputStream:75 - [STDERR_REDIRECT] 
2026-03-27 16:28:48,877 [ERROR] LogOutputStream:75 - [STDERR_REDIRECT] [Fatal Error] :1:1: Premature end of file.
2026-03-27 16:28:48,877 [ERROR] LogOutputStream:75 - [STDERR_REDIRECT] 
2026-03-27 16:28:49,888 [ERROR] LogOutputStream:75 - [STDERR_REDIRECT] [Fatal Error] :1:1: Premature end of file.
2026-03-27 16:28:49,888 [ERROR] LogOutputStream:75 - [STDERR_REDIRECT] 
2026-03-27 16:28:50,874 [ERROR] LogOutputStream:75 - [STDERR_REDIRECT] [Fatal Error] :1:1: Premature end of file.
2026-03-27 16:28:50,874 [ERROR] LogOutputStream:75 - [STDERR_REDIRECT] 
2026-03-27 16:28:51,895 [ERROR] LogOutputStream:75 - [STDERR_REDIRECT] [Fatal Error] :1:1: Premature end of file.
2026-03-27 16:28:51,895 [ERROR] LogOutputStream:75 - [STDERR_REDIRECT] 
2026-03-27 16:28:52,874 [ERROR] LogOutputStream:75 - [STDERR_REDIRECT] [Fatal Error] :1:1: Premature end of file.
2026-03-27 16:28:52,874 [ERROR] LogOutputStream:75 - [STDERR_REDIRECT] 
2026-03-27 16:28:53,876 [ERROR] LogOutputStream:75 - [STDERR_REDIRECT] [Fatal Error] :1:1: Premature end of file.
2026-03-27 16:28:53,876 [ERROR] LogOutputStream:75 - [STDERR_REDIRECT] 
2026-03-27 16:28:54,883 [ERROR] LogOutputStream:75 - [STDERR_REDIRECT] [Fatal Error] :1:1: Premature end of file.
2026-03-27 16:28:54,883 [ERROR] LogOutputStream:75 - [STDERR_REDIRECT] 
2026-03-27 16:28:55,882 [ERROR] LogOutputStream:75 - [STDERR_REDIRECT] [Fatal Error] :1:1: Premature end of file.
2026-03-27 16:28:55,882 [ERROR] LogOutputStream:75 - [STDERR_REDIRECT] 
2026-03-27 16:28:56,874 [ERROR] LogOutputStream:75 - [STDERR_REDIRECT] [Fatal Error] :1:1: Premature end of file.
2026-03-27 16:28:56,874 [ERROR] LogOutputStream:75 - [STDERR_REDIRECT] 
2026-03-27 16:28:57,883 [ERROR] LogOutputStream:75 - [STDERR_REDIRECT] [Fatal Error] :1:1: Premature end of file.
2026-03-27 16:28:57,883 [ERROR] LogOutputStream:75 - [STDERR_REDIRECT] 
2026-03-27 16:28:58,893 [ERROR] LogOutputStream:75 - [STDERR_REDIRECT] [Fatal Error] :1:1: Premature end of file.
2026-03-27 16:28:58,893 [ERROR] LogOutputStream:75 - [STDERR_REDIRECT] 
2026-03-27 16:28:59,866 [ERROR] LogOutputStream:75 - [STDERR_REDIRECT] [Fatal Error] :1:1: Premature end of file.
2026-03-27 16:28:59,879 [ERROR] LogOutputStream:75 - [STDERR_REDIRECT] 
2026-03-27 16:29:00,885 [ERROR] LogOutputStream:75 - [STDERR_REDIRECT] [Fatal Error] :1:1: Premature end of file.
2026-03-27 16:29:00,885 [ERROR] LogOutputStream:75 - [STDERR_REDIRECT] 
2026-03-27 16:29:01,874 [ERROR] LogOutputStream:75 - [STDERR_REDIRECT] [Fatal Error] :1:1: Premature end of file.
2026-03-27 16:29:01,874 [ERROR] LogOutputStream:75 - [STDERR_REDIRECT] 
2026-03-27 16:29:02,882 [ERROR] LogOutputStream:75 - [STDERR_REDIRECT] [Fatal Error] :1:1: Premature end of file.
2026-03-27 16:29:02,882 [ERROR] LogOutputStream:75 - [STDERR_REDIRECT] 
2026-03-27 16:29:03,876 [ERROR] LogOutputStream:75 - [STDERR_REDIRECT] [Fatal Error] :1:1: Premature end of file.
2026-03-27 16:29:03,876 [ERROR] LogOutputStream:75 - [STDERR_REDIRECT] 
2026-03-27 16:29:04,872 [ERROR] LogOutputStream:75 - [STDERR_REDIRECT] [Fatal Error] :1:1: Premature end of file.
2026-03-27 16:29:04,882 [ERROR] LogOutputStream:75 - [STDERR_REDIRECT] 
2026-03-27 16:29:05,871 [ERROR] LogOutputStream:75 - [STDERR_REDIRECT] [Fatal Error] :1:1: Premature end of file.
2026-03-27 16:29:05,871 [ERROR] LogOutputStream:75 - [STDERR_REDIRECT] 
2026-03-27 16:29:06,872 [ERROR] LogOutputStream:75 - [STDERR_REDIRECT] [Fatal Error] :1:1: Premature end of file.
2026-03-27 16:29:06,872 [ERROR] LogOutputStream:75 - [STDERR_REDIRECT] 
2026-03-27 16:29:07,876 [ERROR] LogOutputStream:75 - [STDERR_REDIRECT] [Fatal Error] :1:1: Premature end of file.
2026-03-27 16:29:07,876 [ERROR] LogOutputStream:75 - [STDERR_REDIRECT] 
2026-03-27 16:29:08,884 [ERROR] LogOutputStream:75 - [STDERR_REDIRECT] [Fatal Error] :1:1: Premature end of file.
2026-03-27 16:29:08,884 [ERROR] LogOutputStream:75 - [STDERR_REDIRECT] 
2026-03-27 16:29:09,878 [ERROR] LogOutputStream:75 - [STDERR_REDIRECT] [Fatal Error] :1:1: Premature end of file.
2026-03-27 16:29:09,878 [ERROR] LogOutputStream:75 - [STDERR_REDIRECT] 
2026-03-27 16:29:10,888 [ERROR] LogOutputStream:75 - [STDERR_REDIRECT] [Fatal Error] :1:1: Premature end of file.
2026-03-27 16:29:10,888 [ERROR] LogOutputStream:75 - [STDERR_REDIRECT] 
2026-03-27 16:29:11,880 [ERROR] LogOutputStream:75 - [STDERR_REDIRECT] [Fatal Error] :1:1: Premature end of file.
2026-03-27 16:29:11,880 [ERROR] LogOutputStream:75 - [STDERR_REDIRECT] 
2026-03-27 16:29:12,884 [ERROR] LogOutputStream:75 - [STDERR_REDIRECT] [Fatal Error] :1:1: Premature end of file.
2026-03-27 16:29:12,884 [ERROR] LogOutputStream:75 - [STDERR_REDIRECT] 
2026-03-27 16:29:13,878 [ERROR] LogOutputStream:75 - [STDERR_REDIRECT] [Fatal Error] :1:1: Premature end of file.
2026-03-27 16:29:13,878 [ERROR] LogOutputStream:75 - [STDERR_REDIRECT] 
2026-03-27 16:29:14,881 [ERROR] LogOutputStream:75 - [STDERR_REDIRECT] [Fatal Error] :1:1: Premature end of file.
2026-03-27 16:29:14,881 [ERROR] LogOutputStream:75 - [STDERR_REDIRECT] 
2026-03-27 16:29:15,892 [ERROR] LogOutputStream:75 - [STDERR_REDIRECT] [Fatal Error] :1:1: Premature end of file.
2026-03-27 16:29:15,892 [ERROR] LogOutputStream:75 - [STDERR_REDIRECT] 
2026-03-27 16:29:16,879 [ERROR] LogOutputStream:75 - [STDERR_REDIRECT] [Fatal Error] :1:1: Premature end of file.
2026-03-27 16:29:16,879 [ERROR] LogOutputStream:75 - [STDERR_REDIRECT] 
2026-03-27 16:29:17,870 [ERROR] LogOutputStream:75 - [STDERR_REDIRECT] [Fatal Error] :1:1: Premature end of file.
2026-03-27 16:29:17,870 [ERROR] LogOutputStream:75 - [STDERR_REDIRECT] 
2026-03-27 16:29:18,878 [ERROR] LogOutputStream:75 - [STDERR_REDIRECT] [Fatal Error] :1:1: Premature end of file.
2026-03-27 16:29:18,878 [ERROR] LogOutputStream:75 - [STDERR_REDIRECT] 
2026-03-27 16:29:19,881 [ERROR] LogOutputStream:75 - [STDERR_REDIRECT] [Fatal Error] :1:1: Premature end of file.
2026-03-27 16:29:19,881 [ERROR] LogOutputStream:75 - [STDERR_REDIRECT] 
2026-03-27 16:29:20,882 [ERROR] LogOutputStream:75 - [STDERR_REDIRECT] [Fatal Error] :1:1: Premature end of file.
2026-03-27 16:29:20,882 [ERROR] LogOutputStream:75 - [STDERR_REDIRECT] 
2026-03-27 16:29:21,878 [ERROR] LogOutputStream:75 - [STDERR_REDIRECT] [Fatal Error] :1:1: Premature end of file.
2026-03-27 16:29:21,878 [ERROR] LogOutputStream:75 - [STDERR_REDIRECT] 
2026-03-27 16:29:22,881 [ERROR] LogOutputStream:75 - [STDERR_REDIRECT] [Fatal Error] :1:1: Premature end of file.
2026-03-27 16:29:22,881 [ERROR] LogOutputStream:75 - [STDERR_REDIRECT] 
2026-03-27 16:29:23,869 [ERROR] LogOutputStream:75 - [STDERR_REDIRECT] [Fatal Error] :1:1: Premature end of file.
2026-03-27 16:29:23,869 [ERROR] LogOutputStream:75 - [STDERR_REDIRECT] 
2026-03-27 16:29:24,891 [ERROR] LogOutputStream:75 - [STDERR_REDIRECT] [Fatal Error] :1:1: Premature end of file.
2026-03-27 16:29:24,891 [ERROR] LogOutputStream:75 - [STDERR_REDIRECT] 
2026-03-27 16:29:25,883 [ERROR] LogOutputStream:75 - [STDERR_REDIRECT] [Fatal Error] :1:1: Premature end of file.
2026-03-27 16:29:25,883 [ERROR] LogOutputStream:75 - [STDERR_REDIRECT] 
2026-03-27 16:29:26,884 [ERROR] LogOutputStream:75 - [STDERR_REDIRECT] [Fatal Error] :1:1: Premature end of file.
2026-03-27 16:29:26,884 [ERROR] LogOutputStream:75 - [STDERR_REDIRECT] 
2026-03-27 16:29:27,883 [ERROR] LogOutputStream:75 - [STDERR_REDIRECT] [Fatal Error] :1:1: Premature end of file.
2026-03-27 16:29:27,883 [ERROR] LogOutputStream:75 - [STDERR_REDIRECT] 
2026-03-27 16:29:28,880 [ERROR] LogOutputStream:75 - [STDERR_REDIRECT] [Fatal Error] :1:1: Premature end of file.
2026-03-27 16:29:28,880 [ERROR] LogOutputStream:75 - [STDERR_REDIRECT] 
2026-03-27 16:29:29,881 [ERROR] LogOutputStream:75 - [STDERR_REDIRECT] [Fatal Error] :1:1: Premature end of file.
2026-03-27 16:29:29,881 [ERROR] LogOutputStream:75 - [STDERR_REDIRECT] 
2026-03-27 16:29:30,897 [ERROR] LogOutputStream:75 - [STDERR_REDIRECT] [Fatal Error] :1:1: Premature end of file.
2026-03-27 16:29:30,897 [ERROR] LogOutputStream:75 - [STDERR_REDIRECT] 
2026-03-27 16:29:31,884 [ERROR] LogOutputStream:75 - [STDERR_REDIRECT] [Fatal Error] :1:1: Premature end of file.
2026-03-27 16:29:31,884 [ERROR] LogOutputStream:75 - [STDERR_REDIRECT] 
2026-03-27 16:29:32,879 [ERROR] LogOutputStream:75 - [STDERR_REDIRECT] [Fatal Error] :1:1: Premature end of file.
2026-03-27 16:29:32,879 [ERROR] LogOutputStream:75 - [STDERR_REDIRECT] 
2026-03-27 16:29:33,871 [ERROR] LogOutputStream:75 - [STDERR_REDIRECT] [Fatal Error] :1:1: Premature end of file.
2026-03-27 16:29:33,871 [ERROR] LogOutputStream:75 - [STDERR_REDIRECT] 
2026-03-27 16:29:34,887 [ERROR] LogOutputStream:75 - [STDERR_REDIRECT] [Fatal Error] :1:1: Premature end of file.
2026-03-27 16:29:34,887 [ERROR] LogOutputStream:75 - [STDERR_REDIRECT] 
2026-03-27 16:29:35,877 [ERROR] LogOutputStream:75 - [STDERR_REDIRECT] [Fatal Error] :1:1: Premature end of file.
2026-03-27 16:29:35,877 [ERROR] LogOutputStream:75 - [STDERR_REDIRECT] 
2026-03-27 16:29:36,895 [ERROR] LogOutputStream:75 - [STDERR_REDIRECT] [Fatal Error] :1:1: Premature end of file.
2026-03-27 16:29:36,895 [ERROR] LogOutputStream:75 - [STDERR_REDIRECT] 
2026-03-27 16:29:37,883 [ERROR] LogOutputStream:75 - [STDERR_REDIRECT] [Fatal Error] :1:1: Premature end of file.
2026-03-27 16:29:37,883 [ERROR] LogOutputStream:75 - [STDERR_REDIRECT] 
2026-03-27 16:29:38,894 [ERROR] LogOutputStream:75 - [STDERR_REDIRECT] [Fatal Error] :1:1: Premature end of file.
2026-03-27 16:29:38,894 [ERROR] LogOutputStream:75 - [STDERR_REDIRECT] 
2026-03-27 16:29:39,887 [ERROR] LogOutputStream:75 - [STDERR_REDIRECT] [Fatal Error] :1:1: Premature end of file.
2026-03-27 16:29:39,887 [ERROR] LogOutputStream:75 - [STDERR_REDIRECT] 
2026-03-27 16:29:40,885 [ERROR] LogOutputStream:75 - [STDERR_REDIRECT] [Fatal Error] :1:1: Premature end of file.
2026-03-27 16:29:40,885 [ERROR] LogOutputStream:75 - [STDERR_REDIRECT] 
2026-03-27 16:29:41,881 [ERROR] LogOutputStream:75 - [STDERR_REDIRECT] [Fatal Error] :1:1: Premature end of file.
2026-03-27 16:29:41,881 [ERROR] LogOutputStream:75 - [STDERR_REDIRECT] 
2026-03-27 16:29:42,880 [ERROR] LogOutputStream:75 - [STDERR_REDIRECT] [Fatal Error] :1:1: Premature end of file.
2026-03-27 16:29:42,880 [ERROR] LogOutputStream:75 - [STDERR_REDIRECT] 
2026-03-27 16:29:43,882 [ERROR] LogOutputStream:75 - [STDERR_REDIRECT] [Fatal Error] :1:1: Premature end of file.
2026-03-27 16:29:43,882 [ERROR] LogOutputStream:75 - [STDERR_REDIRECT] 
2026-03-27 16:29:44,882 [ERROR] LogOutputStream:75 - [STDERR_REDIRECT] [Fatal Error] :1:1: Premature end of file.
2026-03-27 16:29:44,882 [ERROR] LogOutputStream:75 - [STDERR_REDIRECT] 
2026-03-27 16:29:45,883 [ERROR] LogOutputStream:75 - [STDERR_REDIRECT] [Fatal Error] :1:1: Premature end of file.
2026-03-27 16:29:45,886 [ERROR] LogOutputStream:75 - [STDERR_REDIRECT] 
2026-03-27 16:29:46,879 [ERROR] LogOutputStream:75 - [STDERR_REDIRECT] [Fatal Error] :1:1: Premature end of file.
2026-03-27 16:29:46,879 [ERROR] LogOutputStream:75 - [STDERR_REDIRECT] 
2026-03-27 16:29:47,881 [ERROR] LogOutputStream:75 - [STDERR_REDIRECT] [Fatal Error] :1:1: Premature end of file.
2026-03-27 16:29:47,881 [ERROR] LogOutputStream:75 - [STDERR_REDIRECT] 
2026-03-27 16:29:48,893 [ERROR] LogOutputStream:75 - [STDERR_REDIRECT] [Fatal Error] :1:1: Premature end of file.
2026-03-27 16:29:48,893 [ERROR] LogOutputStream:75 - [STDERR_REDIRECT] 
2026-03-27 16:29:49,891 [ERROR] LogOutputStream:75 - [STDERR_REDIRECT] [Fatal Error] :1:1: Premature end of file.
2026-03-27 16:29:49,891 [ERROR] LogOutputStream:75 - [STDERR_REDIRECT] 
2026-03-27 16:29:50,889 [ERROR] LogOutputStream:75 - [STDERR_REDIRECT] [Fatal Error] :1:1: Premature end of file.
2026-03-27 16:29:50,889 [ERROR] LogOutputStream:75 - [STDERR_REDIRECT] 
2026-03-27 16:29:51,887 [ERROR] LogOutputStream:75 - [STDERR_REDIRECT] [Fatal Error] :1:1: Premature end of file.
2026-03-27 16:29:51,887 [ERROR] LogOutputStream:75 - [STDERR_REDIRECT] 
2026-03-27 16:29:52,887 [ERROR] LogOutputStream:75 - [STDERR_REDIRECT] [Fatal Error] :1:1: Premature end of file.
2026-03-27 16:29:52,887 [ERROR] LogOutputStream:75 - [STDERR_REDIRECT] 
2026-03-27 16:29:53,890 [ERROR] LogOutputStream:75 - [STDERR_REDIRECT] [Fatal Error] :1:1: Premature end of file.
2026-03-27 16:29:53,890 [ERROR] LogOutputStream:75 - [STDERR_REDIRECT] 
2026-03-27 16:29:54,882 [ERROR] LogOutputStream:75 - [STDERR_REDIRECT] [Fatal Error] :1:1: Premature end of file.
2026-03-27 16:29:54,882 [ERROR] LogOutputStream:75 - [STDERR_REDIRECT] 
2026-03-27 16:29:55,882 [ERROR] LogOutputStream:75 - [STDERR_REDIRECT] [Fatal Error] :1:1: Premature end of file.
2026-03-27 16:29:55,882 [ERROR] LogOutputStream:75 - [STDERR_REDIRECT] 
2026-03-27 16:29:56,903 [ERROR] LogOutputStream:75 - [STDERR_REDIRECT] [Fatal Error] :1:1: Premature end of file.
2026-03-27 16:29:56,903 [ERROR] LogOutputStream:75 - [STDERR_REDIRECT] 
2026-03-27 16:29:57,899 [ERROR] LogOutputStream:75 - [STDERR_REDIRECT] [Fatal Error] :1:1: Premature end of file.
2026-03-27 16:29:57,899 [ERROR] LogOutputStream:75 - [STDERR_REDIRECT] 
2026-03-27 16:29:58,872 [ERROR] LogOutputStream:75 - [STDERR_REDIRECT] [Fatal Error] :1:1: Premature end of file.
2026-03-27 16:29:58,872 [ERROR] LogOutputStream:75 - [STDERR_REDIRECT] 
2026-03-27 16:29:59,882 [ERROR] LogOutputStream:75 - [STDERR_REDIRECT] [Fatal Error] :1:1: Premature end of file.
2026-03-27 16:29:59,882 [ERROR] LogOutputStream:75 - [STDERR_REDIRECT] 
2026-03-27 16:30:00,877 [ERROR] LogOutputStream:75 - [STDERR_REDIRECT] [Fatal Error] :1:1: Premature end of file.
2026-03-27 16:30:00,877 [ERROR] LogOutputStream:75 - [STDERR_REDIRECT] 
2026-03-27 16:30:01,881 [ERROR] LogOutputStream:75 - [STDERR_REDIRECT] [Fatal Error] :1:1: Premature end of file.
2026-03-27 16:30:01,881 [ERROR] LogOutputStream:75 - [STDERR_REDIRECT] 
2026-03-27 16:30:02,881 [ERROR] LogOutputStream:75 - [STDERR_REDIRECT] [Fatal Error] :1:1: Premature end of file.
2026-03-27 16:30:02,881 [ERROR] LogOutputStream:75 - [STDERR_REDIRECT] 
2026-03-27 16:30:03,883 [ERROR] LogOutputStream:75 - [STDERR_REDIRECT] [Fatal Error] :1:1: Premature end of file.
2026-03-27 16:30:03,883 [ERROR] LogOutputStream:75 - [STDERR_REDIRECT] 
2026-03-27 16:30:04,891 [ERROR] LogOutputStream:75 - [STDERR_REDIRECT] [Fatal Error] :1:1: Premature end of file.
2026-03-27 16:30:04,891 [ERROR] LogOutputStream:75 - [STDERR_REDIRECT] 
2026-03-27 16:30:05,878 [ERROR] LogOutputStream:75 - [STDERR_REDIRECT] [Fatal Error] :1:1: Premature end of file.
2026-03-27 16:30:05,878 [ERROR] LogOutputStream:75 - [STDERR_REDIRECT] 
2026-03-27 16:30:06,893 [ERROR] LogOutputStream:75 - [STDERR_REDIRECT] [Fatal Error] :1:1: Premature end of file.
2026-03-27 16:30:06,893 [ERROR] LogOutputStream:75 - [STDERR_REDIRECT] 
2026-03-27 16:30:07,889 [ERROR] LogOutputStream:75 - [STDERR_REDIRECT] [Fatal Error] :1:1: Premature end of file.
2026-03-27 16:30:07,889 [ERROR] LogOutputStream:75 - [STDERR_REDIRECT] 
2026-03-27 16:30:08,890 [ERROR] LogOutputStream:75 - [STDERR_REDIRECT] [Fatal Error] :1:1: Premature end of file.
2026-03-27 16:30:08,890 [ERROR] LogOutputStream:75 - [STDERR_REDIRECT] 
2026-03-27 16:30:09,893 [ERROR] LogOutputStream:75 - [STDERR_REDIRECT] [Fatal Error] :1:1: Premature end of file.
2026-03-27 16:30:09,893 [ERROR] LogOutputStream:75 - [STDERR_REDIRECT] 
2026-03-27 16:30:10,869 [ERROR] LogOutputStream:75 - [STDERR_REDIRECT] [Fatal Error] :1:1: Premature end of file.
2026-03-27 16:30:10,869 [ERROR] LogOutputStream:75 - [STDERR_REDIRECT] 
2026-03-27 16:30:11,878 [ERROR] LogOutputStream:75 - [STDERR_REDIRECT] [Fatal Error] :1:1: Premature end of file.
2026-03-27 16:30:11,878 [ERROR] LogOutputStream:75 - [STDERR_REDIRECT] 
2026-03-27 16:30:12,896 [ERROR] LogOutputStream:75 - [STDERR_REDIRECT] [Fatal Error] :1:1: Premature end of file.
2026-03-27 16:30:12,896 [ERROR] LogOutputStream:75 - [STDERR_REDIRECT] 
2026-03-27 16:30:13,882 [ERROR] LogOutputStream:75 - [STDERR_REDIRECT] [Fatal Error] :1:1: Premature end of file.
2026-03-27 16:30:13,882 [ERROR] LogOutputStream:75 - [STDERR_REDIRECT] 
2026-03-27 16:30:14,888 [ERROR] LogOutputStream:75 - [STDERR_REDIRECT] [Fatal Error] :1:1: Premature end of file.
2026-03-27 16:30:14,888 [ERROR] LogOutputStream:75 - [STDERR_REDIRECT] 
2026-03-27 16:30:15,882 [ERROR] LogOutputStream:75 - [STDERR_REDIRECT] [Fatal Error] :1:1: Premature end of file.
2026-03-27 16:30:15,882 [ERROR] LogOutputStream:75 - [STDERR_REDIRECT] 
2026-03-27 16:30:16,879 [ERROR] LogOutputStream:75 - [STDERR_REDIRECT] [Fatal Error] :1:1: Premature end of file.
2026-03-27 16:30:16,879 [ERROR] LogOutputStream:75 - [STDERR_REDIRECT] 
2026-03-27 16:30:17,884 [ERROR] LogOutputStream:75 - [STDERR_REDIRECT] [Fatal Error] :1:1: Premature end of file.
2026-03-27 16:30:17,886 [ERROR] LogOutputStream:75 - [STDERR_REDIRECT] 
2026-03-27 16:30:18,881 [ERROR] LogOutputStream:75 - [STDERR_REDIRECT] [Fatal Error] :1:1: Premature end of file.
2026-03-27 16:30:18,881 [ERROR] LogOutputStream:75 - [STDERR_REDIRECT] 
2026-03-27 16:30:19,892 [ERROR] LogOutputStream:75 - [STDERR_REDIRECT] [Fatal Error] :1:1: Premature end of file.
2026-03-27 16:30:19,892 [ERROR] LogOutputStream:75 - [STDERR_REDIRECT] 
2026-03-27 16:30:20,871 [ERROR] LogOutputStream:75 - [STDERR_REDIRECT] [Fatal Error] :1:1: Premature end of file.
2026-03-27 16:30:20,871 [ERROR] LogOutputStream:75 - [STDERR_REDIRECT] 
2026-03-27 16:30:21,881 [ERROR] LogOutputStream:75 - [STDERR_REDIRECT] [Fatal Error] :1:1: Premature end of file.
2026-03-27 16:30:21,881 [ERROR] LogOutputStream:75 - [STDERR_REDIRECT] 
2026-03-27 16:30:22,888 [ERROR] LogOutputStream:75 - [STDERR_REDIRECT] [Fatal Error] :1:1: Premature end of file.
2026-03-27 16:30:22,888 [ERROR] LogOutputStream:75 - [STDERR_REDIRECT] 
2026-03-27 16:30:23,891 [ERROR] LogOutputStream:75 - [STDERR_REDIRECT] [Fatal Error] :1:1: Premature end of file.
2026-03-27 16:30:23,891 [ERROR] LogOutputStream:75 - [STDERR_REDIRECT] 
2026-03-27 16:30:24,884 [ERROR] LogOutputStream:75 - [STDERR_REDIRECT] [Fatal Error] :1:1: Premature end of file.
2026-03-27 16:30:24,884 [ERROR] LogOutputStream:75 - [STDERR_REDIRECT] 
2026-03-27 16:30:25,891 [ERROR] LogOutputStream:75 - [STDERR_REDIRECT] [Fatal Error] :1:1: Premature end of file.
2026-03-27 16:30:25,891 [ERROR] LogOutputStream:75 - [STDERR_REDIRECT] 
2026-03-27 16:30:26,862 [ERROR] LogOutputStream:75 - [STDERR_REDIRECT] [Fatal Error] :1:1: Premature end of file.
2026-03-27 16:30:26,862 [ERROR] LogOutputStream:75 - [STDERR_REDIRECT] 
2026-03-27 16:30:27,871 [ERROR] LogOutputStream:75 - [STDERR_REDIRECT] [Fatal Error] :1:1: Premature end of file.
2026-03-27 16:30:27,871 [ERROR] LogOutputStream:75 - [STDERR_REDIRECT] 
2026-03-27 16:30:28,876 [ERROR] LogOutputStream:75 - [STDERR_REDIRECT] [Fatal Error] :1:1: Premature end of file.
2026-03-27 16:30:28,876 [ERROR] LogOutputStream:75 - [STDERR_REDIRECT] 
2026-03-27 16:30:29,893 [ERROR] LogOutputStream:75 - [STDERR_REDIRECT] [Fatal Error] :1:1: Premature end of file.
2026-03-27 16:30:29,893 [ERROR] LogOutputStream:75 - [STDERR_REDIRECT] 
2026-03-27 16:30:30,880 [ERROR] LogOutputStream:75 - [STDERR_REDIRECT] [Fatal Error] :1:1: Premature end of file.
2026-03-27 16:30:30,880 [ERROR] LogOutputStream:75 - [STDERR_REDIRECT] 
2026-03-27 16:30:31,883 [ERROR] LogOutputStream:75 - [STDERR_REDIRECT] [Fatal Error] :1:1: Premature end of file.
2026-03-27 16:30:31,883 [ERROR] LogOutputStream:75 - [STDERR_REDIRECT] 
2026-03-27 16:30:32,877 [ERROR] LogOutputStream:75 - [STDERR_REDIRECT] [Fatal Error] :1:1: Premature end of file.
2026-03-27 16:30:32,877 [ERROR] LogOutputStream:75 - [STDERR_REDIRECT] 
2026-03-27 16:30:33,880 [ERROR] LogOutputStream:75 - [STDERR_REDIRECT] [Fatal Error] :1:1: Premature end of file.
2026-03-27 16:30:33,880 [ERROR] LogOutputStream:75 - [STDERR_REDIRECT] 
2026-03-27 16:30:34,888 [ERROR] LogOutputStream:75 - [STDERR_REDIRECT] [Fatal Error] :1:1: Premature end of file.
2026-03-27 16:30:34,888 [ERROR] LogOutputStream:75 - [STDERR_REDIRECT] 
2026-03-27 16:30:35,879 [ERROR] LogOutputStream:75 - [STDERR_REDIRECT] [Fatal Error] :1:1: Premature end of file.
2026-03-27 16:30:35,879 [ERROR] LogOutputStream:75 - [STDERR_REDIRECT] 
2026-03-27 16:30:36,891 [ERROR] LogOutputStream:75 - [STDERR_REDIRECT] [Fatal Error] :1:1: Premature end of file.
2026-03-27 16:30:36,898 [ERROR] LogOutputStream:75 - [STDERR_REDIRECT] 
2026-03-27 16:30:37,877 [ERROR] LogOutputStream:75 - [STDERR_REDIRECT] [Fatal Error] :1:1: Premature end of file.
2026-03-27 16:30:37,877 [ERROR] LogOutputStream:75 - [STDERR_REDIRECT] 
2026-03-27 16:30:38,886 [ERROR] LogOutputStream:75 - [STDERR_REDIRECT] [Fatal Error] :1:1: Premature end of file.
2026-03-27 16:30:38,886 [ERROR] LogOutputStream:75 - [STDERR_REDIRECT] 
2026-03-27 16:30:39,881 [ERROR] LogOutputStream:75 - [STDERR_REDIRECT] [Fatal Error] :1:1: Premature end of file.
2026-03-27 16:30:39,881 [ERROR] LogOutputStream:75 - [STDERR_REDIRECT] 
2026-03-27 16:30:40,872 [ERROR] LogOutputStream:75 - [STDERR_REDIRECT] [Fatal Error] :1:1: Premature end of file.
2026-03-27 16:30:40,872 [ERROR] LogOutputStream:75 - [STDERR_REDIRECT] 
2026-03-27 16:30:41,867 [ERROR] LogOutputStream:75 - [STDERR_REDIRECT] [Fatal Error] :1:1: Premature end of file.
2026-03-27 16:30:41,867 [ERROR] LogOutputStream:75 - [STDERR_REDIRECT] 
2026-03-27 16:30:42,883 [ERROR] LogOutputStream:75 - [STDERR_REDIRECT] [Fatal Error] :1:1: Premature end of file.
2026-03-27 16:30:42,883 [ERROR] LogOutputStream:75 - [STDERR_REDIRECT] 
2026-03-27 16:30:43,894 [ERROR] LogOutputStream:75 - [STDERR_REDIRECT] [Fatal Error] :1:1: Premature end of file.
2026-03-27 16:30:43,894 [ERROR] LogOutputStream:75 - [STDERR_REDIRECT] 
2026-03-27 16:30:44,878 [ERROR] LogOutputStream:75 - [STDERR_REDIRECT] [Fatal Error] :1:1: Premature end of file.
2026-03-27 16:30:44,878 [ERROR] LogOutputStream:75 - [STDERR_REDIRECT] 
2026-03-27 16:30:45,885 [ERROR] LogOutputStream:75 - [STDERR_REDIRECT] [Fatal Error] :1:1: Premature end of file.
2026-03-27 16:30:45,885 [ERROR] LogOutputStream:75 - [STDERR_REDIRECT] 
2026-03-27 16:30:46,882 [ERROR] LogOutputStream:75 - [STDERR_REDIRECT] [Fatal Error] :1:1: Premature end of file.
2026-03-27 16:30:46,882 [ERROR] LogOutputStream:75 - [STDERR_REDIRECT] 
2026-03-27 16:30:47,880 [ERROR] LogOutputStream:75 - [STDERR_REDIRECT] [Fatal Error] :1:1: Premature end of file.
2026-03-27 16:30:47,889 [ERROR] LogOutputStream:75 - [STDERR_REDIRECT] 
2026-03-27 16:30:48,877 [ERROR] LogOutputStream:75 - [STDERR_REDIRECT] [Fatal Error] :1:1: Premature end of file.
2026-03-27 16:30:48,877 [ERROR] LogOutputStream:75 - [STDERR_REDIRECT] 
2026-03-27 16:30:49,879 [ERROR] LogOutputStream:75 - [STDERR_REDIRECT] [Fatal Error] :1:1: Premature end of file.
2026-03-27 16:30:49,879 [ERROR] LogOutputStream:75 - [STDERR_REDIRECT] 
2026-03-27 16:30:50,885 [ERROR] LogOutputStream:75 - [STDERR_REDIRECT] [Fatal Error] :1:1: Premature end of file.
2026-03-27 16:30:50,885 [ERROR] LogOutputStream:75 - [STDERR_REDIRECT] 
2026-03-27 16:30:51,870 [ERROR] LogOutputStream:75 - [STDERR_REDIRECT] [Fatal Error] :1:1: Premature end of file.
2026-03-27 16:30:51,870 [ERROR] LogOutputStream:75 - [STDERR_REDIRECT] 
2026-03-27 16:30:52,886 [ERROR] LogOutputStream:75 - [STDERR_REDIRECT] [Fatal Error] :1:1: Premature end of file.
2026-03-27 16:30:52,886 [ERROR] LogOutputStream:75 - [STDERR_REDIRECT] 
2026-03-27 16:30:53,887 [ERROR] LogOutputStream:75 - [STDERR_REDIRECT] [Fatal Error] :1:1: Premature end of file.
2026-03-27 16:30:53,887 [ERROR] LogOutputStream:75 - [STDERR_REDIRECT] 
2026-03-27 16:30:54,873 [ERROR] LogOutputStream:75 - [STDERR_REDIRECT] [Fatal Error] :1:1: Premature end of file.
2026-03-27 16:30:54,873 [ERROR] LogOutputStream:75 - [STDERR_REDIRECT] 
2026-03-27 16:30:55,880 [ERROR] LogOutputStream:75 - [STDERR_REDIRECT] [Fatal Error] :1:1: Premature end of file.
2026-03-27 16:30:55,880 [ERROR] LogOutputStream:75 - [STDERR_REDIRECT] 
2026-03-27 16:30:56,877 [ERROR] LogOutputStream:75 - [STDERR_REDIRECT] [Fatal Error] :1:1: Premature end of file.
2026-03-27 16:30:56,877 [ERROR] LogOutputStream:75 - [STDERR_REDIRECT] 
2026-03-27 16:30:57,873 [ERROR] LogOutputStream:75 - [STDERR_REDIRECT] [Fatal Error] :1:1: Premature end of file.
2026-03-27 16:30:57,885 [ERROR] LogOutputStream:75 - [STDERR_REDIRECT] 
2026-03-27 16:30:58,881 [ERROR] LogOutputStream:75 - [STDERR_REDIRECT] [Fatal Error] :1:1: Premature end of file.
2026-03-27 16:30:58,881 [ERROR] LogOutputStream:75 - [STDERR_REDIRECT] 
2026-03-27 16:30:59,887 [ERROR] LogOutputStream:75 - [STDERR_REDIRECT] [Fatal Error] :1:1: Premature end of file.
2026-03-27 16:30:59,887 [ERROR] LogOutputStream:75 - [STDERR_REDIRECT] 
2026-03-27 16:31:00,891 [ERROR] LogOutputStream:75 - [STDERR_REDIRECT] [Fatal Error] :1:1: Premature end of file.
2026-03-27 16:31:00,891 [ERROR] LogOutputStream:75 - [STDERR_REDIRECT] 
2026-03-27 16:31:01,879 [ERROR] LogOutputStream:75 - [STDERR_REDIRECT] [Fatal Error] :1:1: Premature end of file.
2026-03-27 16:31:01,879 [ERROR] LogOutputStream:75 - [STDERR_REDIRECT] 
2026-03-27 16:31:02,890 [ERROR] LogOutputStream:75 - [STDERR_REDIRECT] [Fatal Error] :1:1: Premature end of file.
2026-03-27 16:31:02,890 [ERROR] LogOutputStream:75 - [STDERR_REDIRECT] 
2026-03-27 16:31:03,899 [ERROR] LogOutputStream:75 - [STDERR_REDIRECT] [Fatal Error] :1:1: Premature end of file.
2026-03-27 16:31:03,899 [ERROR] LogOutputStream:75 - [STDERR_REDIRECT] 
2026-03-27 16:31:04,880 [ERROR] LogOutputStream:75 - [STDERR_REDIRECT] [Fatal Error] :1:1: Premature end of file.
2026-03-27 16:31:04,880 [ERROR] LogOutputStream:75 - [STDERR_REDIRECT] 
2026-03-27 16:31:05,878 [ERROR] LogOutputStream:75 - [STDERR_REDIRECT] [Fatal Error] :1:1: Premature end of file.
2026-03-27 16:31:05,878 [ERROR] LogOutputStream:75 - [STDERR_REDIRECT] 
2026-03-27 16:31:06,889 [ERROR] LogOutputStream:75 - [STDERR_REDIRECT] [Fatal Error] :1:1: Premature end of file.
2026-03-27 16:31:06,889 [ERROR] LogOutputStream:75 - [STDERR_REDIRECT] 
2026-03-27 16:31:07,880 [ERROR] LogOutputStream:75 - [STDERR_REDIRECT] [Fatal Error] :1:1: Premature end of file.
2026-03-27 16:31:07,880 [ERROR] LogOutputStream:75 - [STDERR_REDIRECT] 
2026-03-27 16:31:08,872 [ERROR] LogOutputStream:75 - [STDERR_REDIRECT] [Fatal Error] :1:1: Premature end of file.
2026-03-27 16:31:08,872 [ERROR] LogOutputStream:75 - [STDERR_REDIRECT] 
2026-03-27 16:31:09,882 [ERROR] LogOutputStream:75 - [STDERR_REDIRECT] [Fatal Error] :1:1: Premature end of file.
2026-03-27 16:31:09,882 [ERROR] LogOutputStream:75 - [STDERR_REDIRECT] 
2026-03-27 16:31:10,879 [ERROR] LogOutputStream:75 - [STDERR_REDIRECT] [Fatal Error] :1:1: Premature end of file.
2026-03-27 16:31:10,881 [ERROR] LogOutputStream:75 - [STDERR_REDIRECT] 
2026-03-27 16:31:11,879 [ERROR] LogOutputStream:75 - [STDERR_REDIRECT] [Fatal Error] :1:1: Premature end of file.
2026-03-27 16:31:11,879 [ERROR] LogOutputStream:75 - [STDERR_REDIRECT] 
2026-03-27 16:31:12,869 [ERROR] LogOutputStream:75 - [STDERR_REDIRECT] [Fatal Error] :1:1: Premature end of file.
2026-03-27 16:31:12,869 [ERROR] LogOutputStream:75 - [STDERR_REDIRECT] 
2026-03-27 16:31:13,886 [ERROR] LogOutputStream:75 - [STDERR_REDIRECT] [Fatal Error] :1:1: Premature end of file.
2026-03-27 16:31:13,886 [ERROR] LogOutputStream:75 - [STDERR_REDIRECT] 
2026-03-27 16:31:14,882 [ERROR] LogOutputStream:75 - [STDERR_REDIRECT] [Fatal Error] :1:1: Premature end of file.
2026-03-27 16:31:14,891 [ERROR] LogOutputStream:75 - [STDERR_REDIRECT] 
2026-03-27 16:31:15,876 [ERROR] LogOutputStream:75 - [STDERR_REDIRECT] [Fatal Error] :1:1: Premature end of file.
2026-03-27 16:31:15,959 [ERROR] LogOutputStream:75 - [STDERR_REDIRECT] 
2026-03-27 16:31:16,871 [ERROR] LogOutputStream:75 - [STDERR_REDIRECT] [Fatal Error] :1:1: Premature end of file.
2026-03-27 16:31:16,871 [ERROR] LogOutputStream:75 - [STDERR_REDIRECT] 
2026-03-27 16:31:17,874 [ERROR] LogOutputStream:75 - [STDERR_REDIRECT] [Fatal Error] :1:1: Premature end of file.
2026-03-27 16:31:17,874 [ERROR] LogOutputStream:75 - [STDERR_REDIRECT] 
2026-03-27 16:31:18,887 [ERROR] LogOutputStream:75 - [STDERR_REDIRECT] [Fatal Error] :1:1: Premature end of file.
2026-03-27 16:31:18,887 [ERROR] LogOutputStream:75 - [STDERR_REDIRECT] 
2026-03-27 16:31:19,881 [ERROR] LogOutputStream:75 - [STDERR_REDIRECT] [Fatal Error] :1:1: Premature end of file.
2026-03-27 16:31:19,881 [ERROR] LogOutputStream:75 - [STDERR_REDIRECT] 
2026-03-27 16:31:20,886 [ERROR] LogOutputStream:75 - [STDERR_REDIRECT] [Fatal Error] :1:1: Premature end of file.
2026-03-27 16:31:20,886 [ERROR] LogOutputStream:75 - [STDERR_REDIRECT] 
2026-03-27 16:31:21,889 [ERROR] LogOutputStream:75 - [STDERR_REDIRECT] [Fatal Error] :1:1: Premature end of file.
2026-03-27 16:31:21,889 [ERROR] LogOutputStream:75 - [STDERR_REDIRECT] 
2026-03-27 16:31:22,880 [ERROR] LogOutputStream:75 - [STDERR_REDIRECT] [Fatal Error] :1:1: Premature end of file.
2026-03-27 16:31:22,880 [ERROR] LogOutputStream:75 - [STDERR_REDIRECT] 
2026-03-27 16:31:23,879 [ERROR] LogOutputStream:75 - [STDERR_REDIRECT] [Fatal Error] :1:1: Premature end of file.
2026-03-27 16:31:23,879 [ERROR] LogOutputStream:75 - [STDERR_REDIRECT] 
2026-03-27 16:31:24,881 [ERROR] LogOutputStream:75 - [STDERR_REDIRECT] [Fatal Error] :1:1: Premature end of file.
2026-03-27 16:31:24,881 [ERROR] LogOutputStream:75 - [STDERR_REDIRECT] 
2026-03-27 16:31:25,874 [ERROR] LogOutputStream:75 - [STDERR_REDIRECT] [Fatal Error] :1:1: Premature end of file.
2026-03-27 16:31:25,879 [ERROR] LogOutputStream:75 - [STDERR_REDIRECT] 
2026-03-27 16:31:26,892 [ERROR] LogOutputStream:75 - [STDERR_REDIRECT] [Fatal Error] :1:1: Premature end of file.
2026-03-27 16:31:26,892 [ERROR] LogOutputStream:75 - [STDERR_REDIRECT] 
2026-03-27 16:31:27,888 [ERROR] LogOutputStream:75 - [STDERR_REDIRECT] [Fatal Error] :1:1: Premature end of file.
2026-03-27 16:31:27,888 [ERROR] LogOutputStream:75 - [STDERR_REDIRECT] 
2026-03-27 16:31:28,892 [ERROR] LogOutputStream:75 - [STDERR_REDIRECT] [Fatal Error] :1:1: Premature end of file.
2026-03-27 16:31:28,892 [ERROR] LogOutputStream:75 - [STDERR_REDIRECT] 
2026-03-27 16:31:29,879 [ERROR] LogOutputStream:75 - [STDERR_REDIRECT] [Fatal Error] :1:1: Premature end of file.
2026-03-27 16:31:29,879 [ERROR] LogOutputStream:75 - [STDERR_REDIRECT] 
2026-03-27 16:31:30,883 [ERROR] LogOutputStream:75 - [STDERR_REDIRECT] [Fatal Error] :1:1: Premature end of file.
2026-03-27 16:31:30,883 [ERROR] LogOutputStream:75 - [STDERR_REDIRECT] 
2026-03-27 16:31:31,885 [ERROR] LogOutputStream:75 - [STDERR_REDIRECT] [Fatal Error] :1:1: Premature end of file.
2026-03-27 16:31:31,885 [ERROR] LogOutputStream:75 - [STDERR_REDIRECT] 
2026-03-27 16:31:32,877 [ERROR] LogOutputStream:75 - [STDERR_REDIRECT] [Fatal Error] :1:1: Premature end of file.
2026-03-27 16:31:32,877 [ERROR] LogOutputStream:75 - [STDERR_REDIRECT] 
2026-03-27 16:31:33,894 [ERROR] LogOutputStream:75 - [STDERR_REDIRECT] [Fatal Error] :1:1: Premature end of file.
2026-03-27 16:31:33,894 [ERROR] LogOutputStream:75 - [STDERR_REDIRECT] 
2026-03-27 16:31:34,870 [ERROR] LogOutputStream:75 - [STDERR_REDIRECT] [Fatal Error] :1:1: Premature end of file.
2026-03-27 16:31:34,870 [ERROR] LogOutputStream:75 - [STDERR_REDIRECT] 
2026-03-27 16:31:35,884 [ERROR] LogOutputStream:75 - [STDERR_REDIRECT] [Fatal Error] :1:1: Premature end of file.
2026-03-27 16:31:35,884 [ERROR] LogOutputStream:75 - [STDERR_REDIRECT] 
2026-03-27 16:31:36,884 [ERROR] LogOutputStream:75 - [STDERR_REDIRECT] [Fatal Error] :1:1: Premature end of file.
2026-03-27 16:31:36,884 [ERROR] LogOutputStream:75 - [STDERR_REDIRECT] 
2026-03-27 16:31:37,888 [ERROR] LogOutputStream:75 - [STDERR_REDIRECT] [Fatal Error] :1:1: Premature end of file.
2026-03-27 16:31:37,888 [ERROR] LogOutputStream:75 - [STDERR_REDIRECT] 
2026-03-27 16:31:38,885 [ERROR] LogOutputStream:75 - [STDERR_REDIRECT] [Fatal Error] :1:1: Premature end of file.
2026-03-27 16:31:38,885 [ERROR] LogOutputStream:75 - [STDERR_REDIRECT] 
2026-03-27 16:31:39,892 [ERROR] LogOutputStream:75 - [STDERR_REDIRECT] [Fatal Error] :1:1: Premature end of file.
2026-03-27 16:31:39,892 [ERROR] LogOutputStream:75 - [STDERR_REDIRECT] 
2026-03-27 16:31:40,892 [ERROR] LogOutputStream:75 - [STDERR_REDIRECT] [Fatal Error] :1:1: Premature end of file.
2026-03-27 16:31:40,892 [ERROR] LogOutputStream:75 - [STDERR_REDIRECT] 
2026-03-27 16:31:41,875 [ERROR] LogOutputStream:75 - [STDERR_REDIRECT] [Fatal Error] :1:1: Premature end of file.
2026-03-27 16:31:41,885 [ERROR] LogOutputStream:75 - [STDERR_REDIRECT] 
2026-03-27 16:31:42,882 [ERROR] LogOutputStream:75 - [STDERR_REDIRECT] [Fatal Error] :1:1: Premature end of file.
2026-03-27 16:31:42,882 [ERROR] LogOutputStream:75 - [STDERR_REDIRECT] 
2026-03-27 16:31:43,890 [ERROR] LogOutputStream:75 - [STDERR_REDIRECT] [Fatal Error] :1:1: Premature end of file.
2026-03-27 16:31:43,890 [ERROR] LogOutputStream:75 - [STDERR_REDIRECT] 
2026-03-27 16:31:44,878 [ERROR] LogOutputStream:75 - [STDERR_REDIRECT] [Fatal Error] :1:1: Premature end of file.
2026-03-27 16:31:44,878 [ERROR] LogOutputStream:75 - [STDERR_REDIRECT] 
2026-03-27 16:31:45,882 [ERROR] LogOutputStream:75 - [STDERR_REDIRECT] [Fatal Error] :1:1: Premature end of file.
2026-03-27 16:31:45,882 [ERROR] LogOutputStream:75 - [STDERR_REDIRECT] 
2026-03-27 16:31:46,882 [ERROR] LogOutputStream:75 - [STDERR_REDIRECT] [Fatal Error] :1:1: Premature end of file.
2026-03-27 16:31:46,882 [ERROR] LogOutputStream:75 - [STDERR_REDIRECT] 
2026-03-27 16:31:47,883 [ERROR] LogOutputStream:75 - [STDERR_REDIRECT] [Fatal Error] :1:1: Premature end of file.
2026-03-27 16:31:47,883 [ERROR] LogOutputStream:75 - [STDERR_REDIRECT] 
2026-03-27 16:31:48,881 [ERROR] LogOutputStream:75 - [STDERR_REDIRECT] [Fatal Error] :1:1: Premature end of file.
2026-03-27 16:31:48,881 [ERROR] LogOutputStream:75 - [STDERR_REDIRECT] 
2026-03-27 16:31:49,874 [ERROR] LogOutputStream:75 - [STDERR_REDIRECT] [Fatal Error] :1:1: Premature end of file.
2026-03-27 16:31:49,874 [ERROR] LogOutputStream:75 - [STDERR_REDIRECT] 
2026-03-27 16:31:50,884 [ERROR] LogOutputStream:75 - [STDERR_REDIRECT] [Fatal Error] :1:1: Premature end of file.
2026-03-27 16:31:50,884 [ERROR] LogOutputStream:75 - [STDERR_REDIRECT] 
2026-03-27 16:31:51,874 [ERROR] LogOutputStream:75 - [STDERR_REDIRECT] [Fatal Error] :1:1: Premature end of file.
2026-03-27 16:31:51,874 [ERROR] LogOutputStream:75 - [STDERR_REDIRECT] 
2026-03-27 16:31:52,882 [ERROR] LogOutputStream:75 - [STDERR_REDIRECT] [Fatal Error] :1:1: Premature end of file.
2026-03-27 16:31:52,882 [ERROR] LogOutputStream:75 - [STDERR_REDIRECT] 
2026-03-27 16:31:53,893 [ERROR] LogOutputStream:75 - [STDERR_REDIRECT] [Fatal Error] :1:1: Premature end of file.
2026-03-27 16:31:53,893 [ERROR] LogOutputStream:75 - [STDERR_REDIRECT] 
2026-03-27 16:31:54,878 [ERROR] LogOutputStream:75 - [STDERR_REDIRECT] [Fatal Error] :1:1: Premature end of file.
2026-03-27 16:31:54,878 [ERROR] LogOutputStream:75 - [STDERR_REDIRECT] 
2026-03-27 16:31:55,887 [ERROR] LogOutputStream:75 - [STDERR_REDIRECT] [Fatal Error] :1:1: Premature end of file.
2026-03-27 16:31:55,887 [ERROR] LogOutputStream:75 - [STDERR_REDIRECT] 
2026-03-27 16:31:56,883 [ERROR] LogOutputStream:75 - [STDERR_REDIRECT] [Fatal Error] :1:1: Premature end of file.
2026-03-27 16:31:56,883 [ERROR] LogOutputStream:75 - [STDERR_REDIRECT] 
2026-03-27 16:31:57,877 [ERROR] LogOutputStream:75 - [STDERR_REDIRECT] [Fatal Error] :1:1: Premature end of file.
2026-03-27 16:31:57,877 [ERROR] LogOutputStream:75 - [STDERR_REDIRECT] 
2026-03-27 16:31:58,894 [ERROR] LogOutputStream:75 - [STDERR_REDIRECT] [Fatal Error] :1:1: Premature end of file.
2026-03-27 16:31:58,894 [ERROR] LogOutputStream:75 - [STDERR_REDIRECT] 
2026-03-27 16:31:59,868 [ERROR] LogOutputStream:75 - [STDERR_REDIRECT] [Fatal Error] :1:1: Premature end of file.
2026-03-27 16:31:59,868 [ERROR] LogOutputStream:75 - [STDERR_REDIRECT] 
2026-03-27 16:32:00,878 [ERROR] LogOutputStream:75 - [STDERR_REDIRECT] [Fatal Error] :1:1: Premature end of file.
2026-03-27 16:32:00,878 [ERROR] LogOutputStream:75 - [STDERR_REDIRECT] 
2026-03-27 16:32:01,885 [ERROR] LogOutputStream:75 - [STDERR_REDIRECT] [Fatal Error] :1:1: Premature end of file.
2026-03-27 16:32:01,885 [ERROR] LogOutputStream:75 - [STDERR_REDIRECT] 
2026-03-27 16:32:02,880 [ERROR] LogOutputStream:75 - [STDERR_REDIRECT] [Fatal Error] :1:1: Premature end of file.
2026-03-27 16:32:02,880 [ERROR] LogOutputStream:75 - [STDERR_REDIRECT] 
2026-03-27 16:32:03,886 [ERROR] LogOutputStream:75 - [STDERR_REDIRECT] [Fatal Error] :1:1: Premature end of file.
2026-03-27 16:32:03,886 [ERROR] LogOutputStream:75 - [STDERR_REDIRECT] 
2026-03-27 16:32:04,885 [ERROR] LogOutputStream:75 - [STDERR_REDIRECT] [Fatal Error] :1:1: Premature end of file.
2026-03-27 16:32:04,885 [ERROR] LogOutputStream:75 - [STDERR_REDIRECT] 
2026-03-27 16:32:05,884 [ERROR] LogOutputStream:75 - [STDERR_REDIRECT] [Fatal Error] :1:1: Premature end of file.
2026-03-27 16:32:05,884 [ERROR] LogOutputStream:75 - [STDERR_REDIRECT] 
2026-03-27 16:32:06,882 [ERROR] LogOutputStream:75 - [STDERR_REDIRECT] [Fatal Error] :1:1: Premature end of file.
2026-03-27 16:32:06,882 [ERROR] LogOutputStream:75 - [STDERR_REDIRECT] 
2026-03-27 16:32:07,882 [ERROR] LogOutputStream:75 - [STDERR_REDIRECT] [Fatal Error] :1:1: Premature end of file.
2026-03-27 16:32:07,882 [ERROR] LogOutputStream:75 - [STDERR_REDIRECT] 
2026-03-27 16:32:08,870 [ERROR] LogOutputStream:75 - [STDERR_REDIRECT] [Fatal Error] :1:1: Premature end of file.
2026-03-27 16:32:08,870 [ERROR] LogOutputStream:75 - [STDERR_REDIRECT] 
2026-03-27 16:32:09,887 [ERROR] LogOutputStream:75 - [STDERR_REDIRECT] [Fatal Error] :1:1: Premature end of file.
2026-03-27 16:32:09,887 [ERROR] LogOutputStream:75 - [STDERR_REDIRECT] 
2026-03-27 16:32:10,878 [ERROR] LogOutputStream:75 - [STDERR_REDIRECT] [Fatal Error] :1:1: Premature end of file.
2026-03-27 16:32:10,878 [ERROR] LogOutputStream:75 - [STDERR_REDIRECT] 
2026-03-27 16:32:11,881 [ERROR] LogOutputStream:75 - [STDERR_REDIRECT] [Fatal Error] :1:1: Premature end of file.
2026-03-27 16:32:11,881 [ERROR] LogOutputStream:75 - [STDERR_REDIRECT] 
2026-03-27 16:32:12,891 [ERROR] LogOutputStream:75 - [STDERR_REDIRECT] [Fatal Error] :1:1: Premature end of file.
2026-03-27 16:32:12,891 [ERROR] LogOutputStream:75 - [STDERR_REDIRECT] 
2026-03-27 16:32:13,877 [ERROR] LogOutputStream:75 - [STDERR_REDIRECT] [Fatal Error] :1:1: Premature end of file.
2026-03-27 16:32:13,877 [ERROR] LogOutputStream:75 - [STDERR_REDIRECT] 
2026-03-27 16:32:14,870 [ERROR] LogOutputStream:75 - [STDERR_REDIRECT] [Fatal Error] :1:1: Premature end of file.
2026-03-27 16:32:14,870 [ERROR] LogOutputStream:75 - [STDERR_REDIRECT] 
2026-03-27 16:32:15,890 [ERROR] LogOutputStream:75 - [STDERR_REDIRECT] [Fatal Error] :1:1: Premature end of file.
2026-03-27 16:32:15,892 [ERROR] LogOutputStream:75 - [STDERR_REDIRECT] 
2026-03-27 16:32:16,881 [ERROR] LogOutputStream:75 - [STDERR_REDIRECT] [Fatal Error] :1:1: Premature end of file.
2026-03-27 16:32:16,881 [ERROR] LogOutputStream:75 - [STDERR_REDIRECT] 
2026-03-27 16:32:17,871 [ERROR] LogOutputStream:75 - [STDERR_REDIRECT] [Fatal Error] :1:1: Premature end of file.
2026-03-27 16:32:17,871 [ERROR] LogOutputStream:75 - [STDERR_REDIRECT] 
2026-03-27 16:32:18,882 [ERROR] LogOutputStream:75 - [STDERR_REDIRECT] [Fatal Error] :1:1: Premature end of file.
2026-03-27 16:32:18,882 [ERROR] LogOutputStream:75 - [STDERR_REDIRECT] 
2026-03-27 16:32:19,878 [ERROR] LogOutputStream:75 - [STDERR_REDIRECT] [Fatal Error] :1:1: Premature end of file.
2026-03-27 16:32:19,878 [ERROR] LogOutputStream:75 - [STDERR_REDIRECT] 
2026-03-27 16:32:20,892 [ERROR] LogOutputStream:75 - [STDERR_REDIRECT] [Fatal Error] :1:1: Premature end of file.
2026-03-27 16:32:20,892 [ERROR] LogOutputStream:75 - [STDERR_REDIRECT] 
2026-03-27 16:32:21,890 [ERROR] LogOutputStream:75 - [STDERR_REDIRECT] [Fatal Error] :1:1: Premature end of file.
2026-03-27 16:32:21,890 [ERROR] LogOutputStream:75 - [STDERR_REDIRECT] 
2026-03-27 16:32:22,868 [ERROR] LogOutputStream:75 - [STDERR_REDIRECT] [Fatal Error] :1:1: Premature end of file.
2026-03-27 16:32:22,868 [ERROR] LogOutputStream:75 - [STDERR_REDIRECT] 
2026-03-27 16:32:23,874 [ERROR] LogOutputStream:75 - [STDERR_REDIRECT] [Fatal Error] :1:1: Premature end of file.
2026-03-27 16:32:23,874 [ERROR] LogOutputStream:75 - [STDERR_REDIRECT] 
2026-03-27 16:32:24,882 [ERROR] LogOutputStream:75 - [STDERR_REDIRECT] [Fatal Error] :1:1: Premature end of file.
2026-03-27 16:32:24,882 [ERROR] LogOutputStream:75 - [STDERR_REDIRECT] 
2026-03-27 16:32:25,903 [ERROR] LogOutputStream:75 - [STDERR_REDIRECT] [Fatal Error] :1:1: Premature end of file.
2026-03-27 16:32:25,903 [ERROR] LogOutputStream:75 - [STDERR_REDIRECT] 
2026-03-27 16:32:26,874 [ERROR] LogOutputStream:75 - [STDERR_REDIRECT] [Fatal Error] :1:1: Premature end of file.
2026-03-27 16:32:26,874 [ERROR] LogOutputStream:75 - [STDERR_REDIRECT] 
2026-03-27 16:32:27,895 [ERROR] LogOutputStream:75 - [STDERR_REDIRECT] [Fatal Error] :1:1: Premature end of file.
2026-03-27 16:32:27,897 [ERROR] LogOutputStream:75 - [STDERR_REDIRECT] 
2026-03-27 16:32:28,877 [ERROR] LogOutputStream:75 - [STDERR_REDIRECT] [Fatal Error] :1:1: Premature end of file.
2026-03-27 16:32:28,877 [ERROR] LogOutputStream:75 - [STDERR_REDIRECT] 
2026-03-27 16:32:29,870 [ERROR] LogOutputStream:75 - [STDERR_REDIRECT] [Fatal Error] :1:1: Premature end of file.
2026-03-27 16:32:29,870 [ERROR] LogOutputStream:75 - [STDERR_REDIRECT] 
2026-03-27 16:32:30,899 [ERROR] LogOutputStream:75 - [STDERR_REDIRECT] [Fatal Error] :1:1: Premature end of file.
2026-03-27 16:32:30,899 [ERROR] LogOutputStream:75 - [STDERR_REDIRECT] 
2026-03-27 16:32:31,882 [ERROR] LogOutputStream:75 - [STDERR_REDIRECT] [Fatal Error] :1:1: Premature end of file.
2026-03-27 16:32:31,882 [ERROR] LogOutputStream:75 - [STDERR_REDIRECT] 
2026-03-27 16:32:32,893 [ERROR] LogOutputStream:75 - [STDERR_REDIRECT] [Fatal Error] :1:1: Premature end of file.
2026-03-27 16:32:32,893 [ERROR] LogOutputStream:75 - [STDERR_REDIRECT] 
2026-03-27 16:32:33,874 [ERROR] LogOutputStream:75 - [STDERR_REDIRECT] [Fatal Error] :1:1: Premature end of file.
2026-03-27 16:32:33,874 [ERROR] LogOutputStream:75 - [STDERR_REDIRECT] 
2026-03-27 16:32:34,885 [ERROR] LogOutputStream:75 - [STDERR_REDIRECT] [Fatal Error] :1:1: Premature end of file.
2026-03-27 16:32:34,885 [ERROR] LogOutputStream:75 - [STDERR_REDIRECT] 
2026-03-27 16:32:35,878 [ERROR] LogOutputStream:75 - [STDERR_REDIRECT] [Fatal Error] :1:1: Premature end of file.
2026-03-27 16:32:35,878 [ERROR] LogOutputStream:75 - [STDERR_REDIRECT] 
2026-03-27 16:32:36,871 [ERROR] LogOutputStream:75 - [STDERR_REDIRECT] [Fatal Error] :1:1: Premature end of file.
2026-03-27 16:32:36,871 [ERROR] LogOutputStream:75 - [STDERR_REDIRECT] 
2026-03-27 16:32:37,887 [ERROR] LogOutputStream:75 - [STDERR_REDIRECT] [Fatal Error] :1:1: Premature end of file.
2026-03-27 16:32:37,887 [ERROR] LogOutputStream:75 - [STDERR_REDIRECT] 
2026-03-27 16:32:38,876 [ERROR] LogOutputStream:75 - [STDERR_REDIRECT] [Fatal Error] :1:1: Premature end of file.
2026-03-27 16:32:38,876 [ERROR] LogOutputStream:75 - [STDERR_REDIRECT] 
2026-03-27 16:32:39,888 [ERROR] LogOutputStream:75 - [STDERR_REDIRECT] [Fatal Error] :1:1: Premature end of file.
2026-03-27 16:32:39,888 [ERROR] LogOutputStream:75 - [STDERR_REDIRECT] 
2026-03-27 16:32:40,880 [ERROR] LogOutputStream:75 - [STDERR_REDIRECT] [Fatal Error] :1:1: Premature end of file.
2026-03-27 16:32:40,880 [ERROR] LogOutputStream:75 - [STDERR_REDIRECT] 
2026-03-27 16:32:41,881 [ERROR] LogOutputStream:75 - [STDERR_REDIRECT] [Fatal Error] :1:1: Premature end of file.
2026-03-27 16:32:41,881 [ERROR] LogOutputStream:75 - [STDERR_REDIRECT] 
2026-03-27 16:32:42,885 [ERROR] LogOutputStream:75 - [STDERR_REDIRECT] [Fatal Error] :1:1: Premature end of file.
2026-03-27 16:32:42,885 [ERROR] LogOutputStream:75 - [STDERR_REDIRECT] 
2026-03-27 16:32:43,882 [ERROR] LogOutputStream:75 - [STDERR_REDIRECT] [Fatal Error] :1:1: Premature end of file.
2026-03-27 16:32:43,882 [ERROR] LogOutputStream:75 - [STDERR_REDIRECT] 
2026-03-27 16:32:44,895 [ERROR] LogOutputStream:75 - [STDERR_REDIRECT] [Fatal Error] :1:1: Premature end of file.
2026-03-27 16:32:44,895 [ERROR] LogOutputStream:75 - [STDERR_REDIRECT] 
2026-03-27 16:32:45,879 [ERROR] LogOutputStream:75 - [STDERR_REDIRECT] [Fatal Error] :1:1: Premature end of file.
2026-03-27 16:32:45,879 [ERROR] LogOutputStream:75 - [STDERR_REDIRECT] 
2026-03-27 16:32:46,871 [ERROR] LogOutputStream:75 - [STDERR_REDIRECT] [Fatal Error] :1:1: Premature end of file.
2026-03-27 16:32:46,871 [ERROR] LogOutputStream:75 - [STDERR_REDIRECT] 
2026-03-27 16:32:47,888 [ERROR] LogOutputStream:75 - [STDERR_REDIRECT] [Fatal Error] :1:1: Premature end of file.
2026-03-27 16:32:47,888 [ERROR] LogOutputStream:75 - [STDERR_REDIRECT] 
2026-03-27 16:32:48,885 [ERROR] LogOutputStream:75 - [STDERR_REDIRECT] [Fatal Error] :1:1: Premature end of file.
2026-03-27 16:32:48,886 [ERROR] LogOutputStream:75 - [STDERR_REDIRECT] 
2026-03-27 16:32:49,897 [ERROR] LogOutputStream:75 - [STDERR_REDIRECT] [Fatal Error] :1:1: Premature end of file.
2026-03-27 16:32:49,900 [ERROR] LogOutputStream:75 - [STDERR_REDIRECT] 
2026-03-27 16:32:50,874 [ERROR] LogOutputStream:75 - [STDERR_REDIRECT] [Fatal Error] :1:1: Premature end of file.
2026-03-27 16:32:50,874 [ERROR] LogOutputStream:75 - [STDERR_REDIRECT] 
2026-03-27 16:32:51,886 [ERROR] LogOutputStream:75 - [STDERR_REDIRECT] [Fatal Error] :1:1: Premature end of file.
2026-03-27 16:32:51,886 [ERROR] LogOutputStream:75 - [STDERR_REDIRECT] 
2026-03-27 16:32:52,881 [ERROR] LogOutputStream:75 - [STDERR_REDIRECT] [Fatal Error] :1:1: Premature end of file.
2026-03-27 16:32:52,881 [ERROR] LogOutputStream:75 - [STDERR_REDIRECT] 
2026-03-27 16:32:53,894 [ERROR] LogOutputStream:75 - [STDERR_REDIRECT] [Fatal Error] :1:1: Premature end of file.
2026-03-27 16:32:53,894 [ERROR] LogOutputStream:75 - [STDERR_REDIRECT] 
2026-03-27 16:32:54,895 [ERROR] LogOutputStream:75 - [STDERR_REDIRECT] [Fatal Error] :1:1: Premature end of file.
2026-03-27 16:32:54,895 [ERROR] LogOutputStream:75 - [STDERR_REDIRECT] 
2026-03-27 16:32:55,887 [ERROR] LogOutputStream:75 - [STDERR_REDIRECT] [Fatal Error] :1:1: Premature end of file.
2026-03-27 16:32:55,887 [ERROR] LogOutputStream:75 - [STDERR_REDIRECT] 
2026-03-27 16:32:56,891 [ERROR] LogOutputStream:75 - [STDERR_REDIRECT] [Fatal Error] :1:1: Premature end of file.
2026-03-27 16:32:56,891 [ERROR] LogOutputStream:75 - [STDERR_REDIRECT] 
2026-03-27 16:32:57,881 [ERROR] LogOutputStream:75 - [STDERR_REDIRECT] [Fatal Error] :1:1: Premature end of file.
2026-03-27 16:32:57,881 [ERROR] LogOutputStream:75 - [STDERR_REDIRECT] 
2026-03-27 16:32:58,884 [ERROR] LogOutputStream:75 - [STDERR_REDIRECT] [Fatal Error] :1:1: Premature end of file.
2026-03-27 16:32:58,884 [ERROR] LogOutputStream:75 - [STDERR_REDIRECT] 
2026-03-27 16:32:59,870 [ERROR] LogOutputStream:75 - [STDERR_REDIRECT] [Fatal Error] :1:1: Premature end of file.
2026-03-27 16:32:59,870 [ERROR] LogOutputStream:75 - [STDERR_REDIRECT] 
2026-03-27 16:33:00,881 [ERROR] LogOutputStream:75 - [STDERR_REDIRECT] [Fatal Error] :1:1: Premature end of file.
2026-03-27 16:33:00,881 [ERROR] LogOutputStream:75 - [STDERR_REDIRECT] 
2026-03-27 16:33:01,896 [ERROR] LogOutputStream:75 - [STDERR_REDIRECT] [Fatal Error] :1:1: Premature end of file.
2026-03-27 16:33:01,896 [ERROR] LogOutputStream:75 - [STDERR_REDIRECT] 
2026-03-27 16:33:02,885 [ERROR] LogOutputStream:75 - [STDERR_REDIRECT] [Fatal Error] :1:1: Premature end of file.
2026-03-27 16:33:02,885 [ERROR] LogOutputStream:75 - [STDERR_REDIRECT] 
2026-03-27 16:33:03,881 [ERROR] LogOutputStream:75 - [STDERR_REDIRECT] [Fatal Error] :1:1: Premature end of file.
2026-03-27 16:33:03,881 [ERROR] LogOutputStream:75 - [STDERR_REDIRECT] 
2026-03-27 16:33:04,887 [ERROR] LogOutputStream:75 - [STDERR_REDIRECT] [Fatal Error] :1:1: Premature end of file.
2026-03-27 16:33:04,887 [ERROR] LogOutputStream:75 - [STDERR_REDIRECT] 
2026-03-27 16:33:05,887 [ERROR] LogOutputStream:75 - [STDERR_REDIRECT] [Fatal Error] :1:1: Premature end of file.
2026-03-27 16:33:05,887 [ERROR] LogOutputStream:75 - [STDERR_REDIRECT] 
2026-03-27 16:33:06,875 [ERROR] LogOutputStream:75 - [STDERR_REDIRECT] [Fatal Error] :1:1: Premature end of file.
2026-03-27 16:33:06,875 [ERROR] LogOutputStream:75 - [STDERR_REDIRECT] 
2026-03-27 16:33:07,890 [ERROR] LogOutputStream:75 - [STDERR_REDIRECT] [Fatal Error] :1:1: Premature end of file.
2026-03-27 16:33:07,890 [ERROR] LogOutputStream:75 - [STDERR_REDIRECT] 
2026-03-27 16:33:08,887 [ERROR] LogOutputStream:75 - [STDERR_REDIRECT] [Fatal Error] :1:1: Premature end of file.
2026-03-27 16:33:08,887 [ERROR] LogOutputStream:75 - [STDERR_REDIRECT] 
2026-03-27 16:33:09,873 [ERROR] LogOutputStream:75 - [STDERR_REDIRECT] [Fatal Error] :1:1: Premature end of file.
2026-03-27 16:33:09,873 [ERROR] LogOutputStream:75 - [STDERR_REDIRECT] 
2026-03-27 16:33:10,880 [ERROR] LogOutputStream:75 - [STDERR_REDIRECT] [Fatal Error] :1:1: Premature end of file.
2026-03-27 16:33:10,880 [ERROR] LogOutputStream:75 - [STDERR_REDIRECT] 
2026-03-27 16:33:11,893 [ERROR] LogOutputStream:75 - [STDERR_REDIRECT] [Fatal Error] :1:1: Premature end of file.
2026-03-27 16:33:11,893 [ERROR] LogOutputStream:75 - [STDERR_REDIRECT] 
2026-03-27 16:33:12,881 [ERROR] LogOutputStream:75 - [STDERR_REDIRECT] [Fatal Error] :1:1: Premature end of file.
2026-03-27 16:33:12,881 [ERROR] LogOutputStream:75 - [STDERR_REDIRECT] 
2026-03-27 16:33:13,899 [ERROR] LogOutputStream:75 - [STDERR_REDIRECT] [Fatal Error] :1:1: Premature end of file.
2026-03-27 16:33:13,899 [ERROR] LogOutputStream:75 - [STDERR_REDIRECT] 
2026-03-27 16:33:14,896 [ERROR] LogOutputStream:75 - [STDERR_REDIRECT] [Fatal Error] :1:1: Premature end of file.
2026-03-27 16:33:14,896 [ERROR] LogOutputStream:75 - [STDERR_REDIRECT] 
2026-03-27 16:33:15,880 [ERROR] LogOutputStream:75 - [STDERR_REDIRECT] [Fatal Error] :1:1: Premature end of file.
2026-03-27 16:33:15,880 [ERROR] LogOutputStream:75 - [STDERR_REDIRECT] 
2026-03-27 16:33:16,883 [ERROR] LogOutputStream:75 - [STDERR_REDIRECT] [Fatal Error] :1:1: Premature end of file.
2026-03-27 16:33:16,883 [ERROR] LogOutputStream:75 - [STDERR_REDIRECT] 
2026-03-27 16:33:17,893 [ERROR] LogOutputStream:75 - [STDERR_REDIRECT] [Fatal Error] :1:1: Premature end of file.
2026-03-27 16:33:17,895 [ERROR] LogOutputStream:75 - [STDERR_REDIRECT] 
2026-03-27 16:33:18,869 [ERROR] LogOutputStream:75 - [STDERR_REDIRECT] [Fatal Error] :1:1: Premature end of file.
2026-03-27 16:33:18,869 [ERROR] LogOutputStream:75 - [STDERR_REDIRECT] 
2026-03-27 16:33:19,886 [ERROR] LogOutputStream:75 - [STDERR_REDIRECT] [Fatal Error] :1:1: Premature end of file.
2026-03-27 16:33:19,886 [ERROR] LogOutputStream:75 - [STDERR_REDIRECT] 
2026-03-27 16:33:20,870 [ERROR] LogOutputStream:75 - [STDERR_REDIRECT] [Fatal Error] :1:1: Premature end of file.
2026-03-27 16:33:20,870 [ERROR] LogOutputStream:75 - [STDERR_REDIRECT] 
2026-03-27 16:33:21,883 [ERROR] LogOutputStream:75 - [STDERR_REDIRECT] [Fatal Error] :1:1: Premature end of file.
2026-03-27 16:33:21,883 [ERROR] LogOutputStream:75 - [STDERR_REDIRECT] 
2026-03-27 16:33:22,885 [ERROR] LogOutputStream:75 - [STDERR_REDIRECT] [Fatal Error] :1:1: Premature end of file.
2026-03-27 16:33:22,885 [ERROR] LogOutputStream:75 - [STDERR_REDIRECT] 
2026-03-27 16:33:23,888 [ERROR] LogOutputStream:75 - [STDERR_REDIRECT] [Fatal Error] :1:1: Premature end of file.
2026-03-27 16:33:23,888 [ERROR] LogOutputStream:75 - [STDERR_REDIRECT] 
2026-03-27 16:33:24,892 [ERROR] LogOutputStream:75 - [STDERR_REDIRECT] [Fatal Error] :1:1: Premature end of file.
2026-03-27 16:33:24,892 [ERROR] LogOutputStream:75 - [STDERR_REDIRECT] 
2026-03-27 16:33:25,890 [ERROR] LogOutputStream:75 - [STDERR_REDIRECT] [Fatal Error] :1:1: Premature end of file.
2026-03-27 16:33:25,890 [ERROR] LogOutputStream:75 - [STDERR_REDIRECT] 
2026-03-27 16:33:26,886 [ERROR] LogOutputStream:75 - [STDERR_REDIRECT] [Fatal Error] :1:1: Premature end of file.
2026-03-27 16:33:26,886 [ERROR] LogOutputStream:75 - [STDERR_REDIRECT] 
2026-03-27 16:33:27,880 [ERROR] LogOutputStream:75 - [STDERR_REDIRECT] [Fatal Error] :1:1: Premature end of file.
2026-03-27 16:33:27,880 [ERROR] LogOutputStream:75 - [STDERR_REDIRECT] 
2026-03-27 16:33:28,881 [ERROR] LogOutputStream:75 - [STDERR_REDIRECT] [Fatal Error] :1:1: Premature end of file.
2026-03-27 16:33:28,882 [ERROR] LogOutputStream:75 - [STDERR_REDIRECT] 
2026-03-27 16:33:29,892 [ERROR] LogOutputStream:75 - [STDERR_REDIRECT] [Fatal Error] :1:1: Premature end of file.
2026-03-27 16:33:29,892 [ERROR] LogOutputStream:75 - [STDERR_REDIRECT] 
2026-03-27 16:33:30,882 [ERROR] LogOutputStream:75 - [STDERR_REDIRECT] [Fatal Error] :1:1: Premature end of file.
2026-03-27 16:33:30,882 [ERROR] LogOutputStream:75 - [STDERR_REDIRECT] 
2026-03-27 16:33:31,895 [ERROR] LogOutputStream:75 - [STDERR_REDIRECT] [Fatal Error] :1:1: Premature end of file.
2026-03-27 16:33:31,895 [ERROR] LogOutputStream:75 - [STDERR_REDIRECT] 
2026-03-27 16:33:32,875 [ERROR] LogOutputStream:75 - [STDERR_REDIRECT] [Fatal Error] :1:1: Premature end of file.
2026-03-27 16:33:32,875 [ERROR] LogOutputStream:75 - [STDERR_REDIRECT] 
2026-03-27 16:33:33,872 [ERROR] LogOutputStream:75 - [STDERR_REDIRECT] [Fatal Error] :1:1: Premature end of file.
2026-03-27 16:33:33,883 [ERROR] LogOutputStream:75 - [STDERR_REDIRECT] 
2026-03-27 16:33:34,881 [ERROR] LogOutputStream:75 - [STDERR_REDIRECT] [Fatal Error] :1:1: Premature end of file.
2026-03-27 16:33:34,881 [ERROR] LogOutputStream:75 - [STDERR_REDIRECT] 
2026-03-27 16:33:35,886 [ERROR] LogOutputStream:75 - [STDERR_REDIRECT] [Fatal Error] :1:1: Premature end of file.
2026-03-27 16:33:35,886 [ERROR] LogOutputStream:75 - [STDERR_REDIRECT] 
2026-03-27 16:33:36,883 [ERROR] LogOutputStream:75 - [STDERR_REDIRECT] [Fatal Error] :1:1: Premature end of file.
2026-03-27 16:33:36,883 [ERROR] LogOutputStream:75 - [STDERR_REDIRECT] 
2026-03-27 16:33:37,889 [ERROR] LogOutputStream:75 - [STDERR_REDIRECT] [Fatal Error] :1:1: Premature end of file.
2026-03-27 16:33:37,889 [ERROR] LogOutputStream:75 - [STDERR_REDIRECT] 
2026-03-27 16:33:38,897 [ERROR] LogOutputStream:75 - [STDERR_REDIRECT] [Fatal Error] :1:1: Premature end of file.
2026-03-27 16:33:38,897 [ERROR] LogOutputStream:75 - [STDERR_REDIRECT] 
2026-03-27 16:33:39,888 [ERROR] LogOutputStream:75 - [STDERR_REDIRECT] [Fatal Error] :1:1: Premature end of file.
2026-03-27 16:33:39,888 [ERROR] LogOutputStream:75 - [STDERR_REDIRECT] 
2026-03-27 16:33:40,896 [ERROR] LogOutputStream:75 - [STDERR_REDIRECT] [Fatal Error] :1:1: Premature end of file.
2026-03-27 16:33:40,896 [ERROR] LogOutputStream:75 - [STDERR_REDIRECT] 
2026-03-27 16:33:41,887 [ERROR] LogOutputStream:75 - [STDERR_REDIRECT] [Fatal Error] :1:1: Premature end of file.
2026-03-27 16:33:41,887 [ERROR] LogOutputStream:75 - [STDERR_REDIRECT] 
2026-03-27 16:33:42,879 [ERROR] LogOutputStream:75 - [STDERR_REDIRECT] [Fatal Error] :1:1: Premature end of file.
2026-03-27 16:33:42,879 [ERROR] LogOutputStream:75 - [STDERR_REDIRECT] 
2026-03-27 16:33:43,898 [ERROR] LogOutputStream:75 - [STDERR_REDIRECT] [Fatal Error] :1:1: Premature end of file.
2026-03-27 16:33:43,898 [ERROR] LogOutputStream:75 - [STDERR_REDIRECT] 
2026-03-27 16:33:44,882 [ERROR] LogOutputStream:75 - [STDERR_REDIRECT] [Fatal Error] :1:1: Premature end of file.
2026-03-27 16:33:44,882 [ERROR] LogOutputStream:75 - [STDERR_REDIRECT] 
2026-03-27 16:33:45,882 [ERROR] LogOutputStream:75 - [STDERR_REDIRECT] [Fatal Error] :1:1: Premature end of file.
2026-03-27 16:33:45,882 [ERROR] LogOutputStream:75 - [STDERR_REDIRECT] 
2026-03-27 16:33:46,885 [ERROR] LogOutputStream:75 - [STDERR_REDIRECT] [Fatal Error] :1:1: Premature end of file.
2026-03-27 16:33:46,885 [ERROR] LogOutputStream:75 - [STDERR_REDIRECT] 
2026-03-27 16:33:47,876 [ERROR] LogOutputStream:75 - [STDERR_REDIRECT] [Fatal Error] :1:1: Premature end of file.
2026-03-27 16:33:47,876 [ERROR] LogOutputStream:75 - [STDERR_REDIRECT] 
2026-03-27 16:33:48,881 [ERROR] LogOutputStream:75 - [STDERR_REDIRECT] [Fatal Error] :1:1: Premature end of file.
2026-03-27 16:33:48,881 [ERROR] LogOutputStream:75 - [STDERR_REDIRECT] 
2026-03-27 16:33:49,882 [ERROR] LogOutputStream:75 - [STDERR_REDIRECT] [Fatal Error] :1:1: Premature end of file.
2026-03-27 16:33:49,882 [ERROR] LogOutputStream:75 - [STDERR_REDIRECT] 
2026-03-27 16:33:50,882 [ERROR] LogOutputStream:75 - [STDERR_REDIRECT] [Fatal Error] :1:1: Premature end of file.
2026-03-27 16:33:50,882 [ERROR] LogOutputStream:75 - [STDERR_REDIRECT] 
2026-03-27 16:33:51,889 [ERROR] LogOutputStream:75 - [STDERR_REDIRECT] [Fatal Error] :1:1: Premature end of file.
2026-03-27 16:33:51,889 [ERROR] LogOutputStream:75 - [STDERR_REDIRECT] 
2026-03-27 16:33:52,879 [ERROR] LogOutputStream:75 - [STDERR_REDIRECT] [Fatal Error] :1:1: Premature end of file.
2026-03-27 16:33:52,879 [ERROR] LogOutputStream:75 - [STDERR_REDIRECT] 
2026-03-27 16:33:53,873 [ERROR] LogOutputStream:75 - [STDERR_REDIRECT] [Fatal Error] :1:1: Premature end of file.
2026-03-27 16:33:53,873 [ERROR] LogOutputStream:75 - [STDERR_REDIRECT] 
2026-03-27 16:33:54,882 [ERROR] LogOutputStream:75 - [STDERR_REDIRECT] [Fatal Error] :1:1: Premature end of file.
2026-03-27 16:33:54,882 [ERROR] LogOutputStream:75 - [STDERR_REDIRECT] 
2026-03-27 16:33:55,879 [ERROR] LogOutputStream:75 - [STDERR_REDIRECT] [Fatal Error] :1:1: Premature end of file.
2026-03-27 16:33:55,879 [ERROR] LogOutputStream:75 - [STDERR_REDIRECT] 
2026-03-27 16:33:56,877 [ERROR] LogOutputStream:75 - [STDERR_REDIRECT] [Fatal Error] :1:1: Premature end of file.
2026-03-27 16:33:56,877 [ERROR] LogOutputStream:75 - [STDERR_REDIRECT] 
2026-03-27 16:33:57,878 [ERROR] LogOutputStream:75 - [STDERR_REDIRECT] [Fatal Error] :1:1: Premature end of file.
2026-03-27 16:33:57,878 [ERROR] LogOutputStream:75 - [STDERR_REDIRECT] 
2026-03-27 16:33:58,887 [ERROR] LogOutputStream:75 - [STDERR_REDIRECT] [Fatal Error] :1:1: Premature end of file.
2026-03-27 16:33:58,887 [ERROR] LogOutputStream:75 - [STDERR_REDIRECT] 
2026-03-27 16:33:59,880 [ERROR] LogOutputStream:75 - [STDERR_REDIRECT] [Fatal Error] :1:1: Premature end of file.
2026-03-27 16:33:59,880 [ERROR] LogOutputStream:75 - [STDERR_REDIRECT] 
2026-03-27 16:34:00,876 [ERROR] LogOutputStream:75 - [STDERR_REDIRECT] [Fatal Error] :1:1: Premature end of file.
2026-03-27 16:34:00,876 [ERROR] LogOutputStream:75 - [STDERR_REDIRECT] 
2026-03-27 16:34:01,902 [ERROR] LogOutputStream:75 - [STDERR_REDIRECT] [Fatal Error] :1:1: Premature end of file.
2026-03-27 16:34:01,902 [ERROR] LogOutputStream:75 - [STDERR_REDIRECT] 
2026-03-27 16:34:02,885 [ERROR] LogOutputStream:75 - [STDERR_REDIRECT] [Fatal Error] :1:1: Premature end of file.
2026-03-27 16:34:02,885 [ERROR] LogOutputStream:75 - [STDERR_REDIRECT] 
2026-03-27 16:34:03,876 [ERROR] LogOutputStream:75 - [STDERR_REDIRECT] [Fatal Error] :1:1: Premature end of file.
2026-03-27 16:34:03,876 [ERROR] LogOutputStream:75 - [STDERR_REDIRECT] 
2026-03-27 16:34:04,887 [ERROR] LogOutputStream:75 - [STDERR_REDIRECT] [Fatal Error] :1:1: Premature end of file.
2026-03-27 16:34:04,887 [ERROR] LogOutputStream:75 - [STDERR_REDIRECT] 
2026-03-27 16:34:05,897 [ERROR] LogOutputStream:75 - [STDERR_REDIRECT] [Fatal Error] :1:1: Premature end of file.
2026-03-27 16:34:05,897 [ERROR] LogOutputStream:75 - [STDERR_REDIRECT] 
2026-03-27 16:34:06,890 [ERROR] LogOutputStream:75 - [STDERR_REDIRECT] [Fatal Error] :1:1: Premature end of file.
2026-03-27 16:34:06,890 [ERROR] LogOutputStream:75 - [STDERR_REDIRECT] 
2026-03-27 16:34:07,892 [ERROR] LogOutputStream:75 - [STDERR_REDIRECT] [Fatal Error] :1:1: Premature end of file.
2026-03-27 16:34:07,892 [ERROR] LogOutputStream:75 - [STDERR_REDIRECT] 
2026-03-27 16:34:08,884 [ERROR] LogOutputStream:75 - [STDERR_REDIRECT] [Fatal Error] :1:1: Premature end of file.
2026-03-27 16:34:08,884 [ERROR] LogOutputStream:75 - [STDERR_REDIRECT] 
2026-03-27 16:34:09,888 [ERROR] LogOutputStream:75 - [STDERR_REDIRECT] [Fatal Error] :1:1: Premature end of file.
2026-03-27 16:34:09,888 [ERROR] LogOutputStream:75 - [STDERR_REDIRECT] 
2026-03-27 16:34:10,879 [ERROR] LogOutputStream:75 - [STDERR_REDIRECT] [Fatal Error] :1:1: Premature end of file.
2026-03-27 16:34:10,879 [ERROR] LogOutputStream:75 - [STDERR_REDIRECT] 
2026-03-27 16:34:11,891 [ERROR] LogOutputStream:75 - [STDERR_REDIRECT] [Fatal Error] :1:1: Premature end of file.
2026-03-27 16:34:11,891 [ERROR] LogOutputStream:75 - [STDERR_REDIRECT] 
2026-03-27 16:34:12,889 [ERROR] LogOutputStream:75 - [STDERR_REDIRECT] [Fatal Error] :1:1: Premature end of file.
2026-03-27 16:34:12,889 [ERROR] LogOutputStream:75 - [STDERR_REDIRECT] 
2026-03-27 16:34:13,881 [ERROR] LogOutputStream:75 - [STDERR_REDIRECT] [Fatal Error] :1:1: Premature end of file.
2026-03-27 16:34:13,881 [ERROR] LogOutputStream:75 - [STDERR_REDIRECT] 
2026-03-27 16:34:14,881 [ERROR] LogOutputStream:75 - [STDERR_REDIRECT] [Fatal Error] :1:1: Premature end of file.
2026-03-27 16:34:14,881 [ERROR] LogOutputStream:75 - [STDERR_REDIRECT] 
2026-03-27 16:34:15,884 [ERROR] LogOutputStream:75 - [STDERR_REDIRECT] [Fatal Error] :1:1: Premature end of file.
2026-03-27 16:34:15,884 [ERROR] LogOutputStream:75 - [STDERR_REDIRECT] 
2026-03-27 16:34:16,893 [ERROR] LogOutputStream:75 - [STDERR_REDIRECT] [Fatal Error] :1:1: Premature end of file.
2026-03-27 16:34:16,893 [ERROR] LogOutputStream:75 - [STDERR_REDIRECT] 
2026-03-27 16:34:17,877 [ERROR] LogOutputStream:75 - [STDERR_REDIRECT] [Fatal Error] :1:1: Premature end of file.
2026-03-27 16:34:17,877 [ERROR] LogOutputStream:75 - [STDERR_REDIRECT] 
2026-03-27 16:34:18,877 [ERROR] LogOutputStream:75 - [STDERR_REDIRECT] [Fatal Error] :1:1: Premature end of file.
2026-03-27 16:34:18,877 [ERROR] LogOutputStream:75 - [STDERR_REDIRECT] 
2026-03-27 16:34:19,897 [ERROR] LogOutputStream:75 - [STDERR_REDIRECT] [Fatal Error] :1:1: Premature end of file.
2026-03-27 16:34:19,899 [ERROR] LogOutputStream:75 - [STDERR_REDIRECT] 
2026-03-27 16:34:20,888 [ERROR] LogOutputStream:75 - [STDERR_REDIRECT] [Fatal Error] :1:1: Premature end of file.
2026-03-27 16:34:20,888 [ERROR] LogOutputStream:75 - [STDERR_REDIRECT] 
2026-03-27 16:34:21,877 [ERROR] LogOutputStream:75 - [STDERR_REDIRECT] [Fatal Error] :1:1: Premature end of file.
2026-03-27 16:34:21,877 [ERROR] LogOutputStream:75 - [STDERR_REDIRECT] 
2026-03-27 16:34:22,880 [ERROR] LogOutputStream:75 - [STDERR_REDIRECT] [Fatal Error] :1:1: Premature end of file.
2026-03-27 16:34:22,880 [ERROR] LogOutputStream:75 - [STDERR_REDIRECT] 
2026-03-27 16:34:23,882 [ERROR] LogOutputStream:75 - [STDERR_REDIRECT] [Fatal Error] :1:1: Premature end of file.
2026-03-27 16:34:23,882 [ERROR] LogOutputStream:75 - [STDERR_REDIRECT] 
2026-03-27 16:34:24,868 [ERROR] LogOutputStream:75 - [STDERR_REDIRECT] [Fatal Error] :1:1: Premature end of file.
2026-03-27 16:34:24,868 [ERROR] LogOutputStream:75 - [STDERR_REDIRECT] 
2026-03-27 16:34:25,882 [ERROR] LogOutputStream:75 - [STDERR_REDIRECT] [Fatal Error] :1:1: Premature end of file.
2026-03-27 16:34:25,882 [ERROR] LogOutputStream:75 - [STDERR_REDIRECT] 
2026-03-27 16:34:26,887 [ERROR] LogOutputStream:75 - [STDERR_REDIRECT] [Fatal Error] :1:1: Premature end of file.
2026-03-27 16:34:26,887 [ERROR] LogOutputStream:75 - [STDERR_REDIRECT] 
2026-03-27 16:34:27,878 [ERROR] LogOutputStream:75 - [STDERR_REDIRECT] [Fatal Error] :1:1: Premature end of file.
2026-03-27 16:34:27,878 [ERROR] LogOutputStream:75 - [STDERR_REDIRECT] 
2026-03-27 16:34:28,879 [ERROR] LogOutputStream:75 - [STDERR_REDIRECT] [Fatal Error] :1:1: Premature end of file.
2026-03-27 16:34:28,879 [ERROR] LogOutputStream:75 - [STDERR_REDIRECT] 
2026-03-27 16:34:29,881 [ERROR] LogOutputStream:75 - [STDERR_REDIRECT] [Fatal Error] :1:1: Premature end of file.
2026-03-27 16:34:29,881 [ERROR] LogOutputStream:75 - [STDERR_REDIRECT] 
2026-03-27 16:34:30,881 [ERROR] LogOutputStream:75 - [STDERR_REDIRECT] [Fatal Error] :1:1: Premature end of file.
2026-03-27 16:34:30,881 [ERROR] LogOutputStream:75 - [STDERR_REDIRECT] 
2026-03-27 16:34:31,886 [ERROR] LogOutputStream:75 - [STDERR_REDIRECT] [Fatal Error] :1:1: Premature end of file.
2026-03-27 16:34:31,886 [ERROR] LogOutputStream:75 - [STDERR_REDIRECT] 
2026-03-27 16:34:32,897 [ERROR] LogOutputStream:75 - [STDERR_REDIRECT] [Fatal Error] :1:1: Premature end of file.
2026-03-27 16:34:32,897 [ERROR] LogOutputStream:75 - [STDERR_REDIRECT] 
2026-03-27 16:34:33,888 [ERROR] LogOutputStream:75 - [STDERR_REDIRECT] [Fatal Error] :1:1: Premature end of file.
2026-03-27 16:34:33,888 [ERROR] LogOutputStream:75 - [STDERR_REDIRECT] 
2026-03-27 16:34:34,881 [ERROR] LogOutputStream:75 - [STDERR_REDIRECT] [Fatal Error] :1:1: Premature end of file.
2026-03-27 16:34:34,881 [ERROR] LogOutputStream:75 - [STDERR_REDIRECT] 
2026-03-27 16:34:35,869 [ERROR] LogOutputStream:75 - [STDERR_REDIRECT] [Fatal Error] :1:1: Premature end of file.
2026-03-27 16:34:35,869 [ERROR] LogOutputStream:75 - [STDERR_REDIRECT] 
2026-03-27 16:34:36,884 [ERROR] LogOutputStream:75 - [STDERR_REDIRECT] [Fatal Error] :1:1: Premature end of file.
2026-03-27 16:34:36,886 [ERROR] LogOutputStream:75 - [STDERR_REDIRECT] 
2026-03-27 16:34:37,885 [ERROR] LogOutputStream:75 - [STDERR_REDIRECT] [Fatal Error] :1:1: Premature end of file.
2026-03-27 16:34:37,885 [ERROR] LogOutputStream:75 - [STDERR_REDIRECT] 
2026-03-27 16:34:38,878 [ERROR] LogOutputStream:75 - [STDERR_REDIRECT] [Fatal Error] :1:1: Premature end of file.
2026-03-27 16:34:38,878 [ERROR] LogOutputStream:75 - [STDERR_REDIRECT] 
2026-03-27 16:34:39,888 [ERROR] LogOutputStream:75 - [STDERR_REDIRECT] [Fatal Error] :1:1: Premature end of file.
2026-03-27 16:34:39,888 [ERROR] LogOutputStream:75 - [STDERR_REDIRECT] 
2026-03-27 16:34:40,881 [ERROR] LogOutputStream:75 - [STDERR_REDIRECT] [Fatal Error] :1:1: Premature end of file.
2026-03-27 16:34:40,883 [ERROR] LogOutputStream:75 - [STDERR_REDIRECT] 
2026-03-27 16:34:41,897 [ERROR] LogOutputStream:75 - [STDERR_REDIRECT] [Fatal Error] :1:1: Premature end of file.
2026-03-27 16:34:41,897 [ERROR] LogOutputStream:75 - [STDERR_REDIRECT] 
2026-03-27 16:34:42,885 [ERROR] LogOutputStream:75 - [STDERR_REDIRECT] [Fatal Error] :1:1: Premature end of file.
2026-03-27 16:34:42,885 [ERROR] LogOutputStream:75 - [STDERR_REDIRECT] 
2026-03-27 16:34:43,888 [ERROR] LogOutputStream:75 - [STDERR_REDIRECT] [Fatal Error] :1:1: Premature end of file.
2026-03-27 16:34:43,888 [ERROR] LogOutputStream:75 - [STDERR_REDIRECT] 
2026-03-27 16:34:44,876 [ERROR] LogOutputStream:75 - [STDERR_REDIRECT] [Fatal Error] :1:1: Premature end of file.
2026-03-27 16:34:44,876 [ERROR] LogOutputStream:75 - [STDERR_REDIRECT] 
2026-03-27 16:34:45,884 [ERROR] LogOutputStream:75 - [STDERR_REDIRECT] [Fatal Error] :1:1: Premature end of file.
2026-03-27 16:34:45,884 [ERROR] LogOutputStream:75 - [STDERR_REDIRECT] 
2026-03-27 16:34:46,887 [ERROR] LogOutputStream:75 - [STDERR_REDIRECT] [Fatal Error] :1:1: Premature end of file.
2026-03-27 16:34:46,887 [ERROR] LogOutputStream:75 - [STDERR_REDIRECT] 
2026-03-27 16:34:47,877 [ERROR] LogOutputStream:75 - [STDERR_REDIRECT] [Fatal Error] :1:1: Premature end of file.
2026-03-27 16:34:47,877 [ERROR] LogOutputStream:75 - [STDERR_REDIRECT] 
2026-03-27 16:34:48,892 [ERROR] LogOutputStream:75 - [STDERR_REDIRECT] [Fatal Error] :1:1: Premature end of file.
2026-03-27 16:34:48,894 [ERROR] LogOutputStream:75 - [STDERR_REDIRECT] 
2026-03-27 16:34:49,900 [ERROR] LogOutputStream:75 - [STDERR_REDIRECT] [Fatal Error] :1:1: Premature end of file.
2026-03-27 16:34:49,900 [ERROR] LogOutputStream:75 - [STDERR_REDIRECT] 
2026-03-27 16:34:50,872 [ERROR] LogOutputStream:75 - [STDERR_REDIRECT] [Fatal Error] :1:1: Premature end of file.
2026-03-27 16:34:50,872 [ERROR] LogOutputStream:75 - [STDERR_REDIRECT] 
2026-03-27 16:34:51,880 [ERROR] LogOutputStream:75 - [STDERR_REDIRECT] [Fatal Error] :1:1: Premature end of file.
2026-03-27 16:34:51,880 [ERROR] LogOutputStream:75 - [STDERR_REDIRECT] 
2026-03-27 16:34:52,871 [ERROR] LogOutputStream:75 - [STDERR_REDIRECT] [Fatal Error] :1:1: Premature end of file.
2026-03-27 16:34:52,871 [ERROR] LogOutputStream:75 - [STDERR_REDIRECT] 
2026-03-27 16:34:53,890 [ERROR] LogOutputStream:75 - [STDERR_REDIRECT] [Fatal Error] :1:1: Premature end of file.
2026-03-27 16:34:53,890 [ERROR] LogOutputStream:75 - [STDERR_REDIRECT] 
2026-03-27 16:34:54,885 [ERROR] LogOutputStream:75 - [STDERR_REDIRECT] [Fatal Error] :1:1: Premature end of file.
2026-03-27 16:34:54,885 [ERROR] LogOutputStream:75 - [STDERR_REDIRECT] 
2026-03-27 16:34:55,878 [ERROR] LogOutputStream:75 - [STDERR_REDIRECT] [Fatal Error] :1:1: Premature end of file.
2026-03-27 16:34:55,878 [ERROR] LogOutputStream:75 - [STDERR_REDIRECT] 
2026-03-27 16:34:56,889 [ERROR] LogOutputStream:75 - [STDERR_REDIRECT] [Fatal Error] :1:1: Premature end of file.
2026-03-27 16:34:56,889 [ERROR] LogOutputStream:75 - [STDERR_REDIRECT] 
2026-03-27 16:34:57,886 [ERROR] LogOutputStream:75 - [STDERR_REDIRECT] [Fatal Error] :1:1: Premature end of file.
2026-03-27 16:34:57,886 [ERROR] LogOutputStream:75 - [STDERR_REDIRECT] 
2026-03-27 16:34:58,882 [ERROR] LogOutputStream:75 - [STDERR_REDIRECT] [Fatal Error] :1:1: Premature end of file.
2026-03-27 16:34:58,882 [ERROR] LogOutputStream:75 - [STDERR_REDIRECT] 
2026-03-27 16:34:59,877 [ERROR] LogOutputStream:75 - [STDERR_REDIRECT] [Fatal Error] :1:1: Premature end of file.
2026-03-27 16:34:59,877 [ERROR] LogOutputStream:75 - [STDERR_REDIRECT] 
2026-03-27 16:35:00,888 [ERROR] LogOutputStream:75 - [STDERR_REDIRECT] [Fatal Error] :1:1: Premature end of file.
2026-03-27 16:35:00,888 [ERROR] LogOutputStream:75 - [STDERR_REDIRECT] 
2026-03-27 16:35:01,886 [ERROR] LogOutputStream:75 - [STDERR_REDIRECT] [Fatal Error] :1:1: Premature end of file.
2026-03-27 16:35:01,886 [ERROR] LogOutputStream:75 - [STDERR_REDIRECT] 
2026-03-27 16:35:02,875 [ERROR] LogOutputStream:75 - [STDERR_REDIRECT] [Fatal Error] :1:1: Premature end of file.
2026-03-27 16:35:02,875 [ERROR] LogOutputStream:75 - [STDERR_REDIRECT] 
2026-03-27 16:35:03,893 [ERROR] LogOutputStream:75 - [STDERR_REDIRECT] [Fatal Error] :1:1: Premature end of file.
2026-03-27 16:35:03,893 [ERROR] LogOutputStream:75 - [STDERR_REDIRECT] 
2026-03-27 16:35:04,749 [INFO] WebApp:194 - Connection lost
2026-03-27 16:35:04,880 [ERROR] LogOutputStream:75 - [STDERR_REDIRECT] [Fatal Error] :1:1: Premature end of file.
2026-03-27 16:35:04,880 [ERROR] LogOutputStream:75 - [STDERR_REDIRECT] 
2026-03-27 16:35:05,895 [ERROR] LogOutputStream:75 - [STDERR_REDIRECT] [Fatal Error] :1:1: Premature end of file.
2026-03-27 16:35:05,895 [ERROR] LogOutputStream:75 - [STDERR_REDIRECT] 
2026-03-27 16:35:06,894 [ERROR] LogOutputStream:75 - [STDERR_REDIRECT] [Fatal Error] :1:1: Premature end of file.
2026-03-27 16:35:06,896 [ERROR] LogOutputStream:75 - [STDERR_REDIRECT] 
2026-03-27 16:35:07,886 [ERROR] LogOutputStream:75 - [STDERR_REDIRECT] [Fatal Error] :1:1: Premature end of file.
2026-03-27 16:35:07,886 [ERROR] LogOutputStream:75 - [STDERR_REDIRECT] 
2026-03-27 16:35:08,887 [ERROR] LogOutputStream:75 - [STDERR_REDIRECT] [Fatal Error] :1:1: Premature end of file.
2026-03-27 16:35:08,887 [ERROR] LogOutputStream:75 - [STDERR_REDIRECT] 
2026-03-27 16:35:09,883 [ERROR] LogOutputStream:75 - [STDERR_REDIRECT] [Fatal Error] :1:1: Premature end of file.
2026-03-27 16:35:09,883 [ERROR] LogOutputStream:75 - [STDERR_REDIRECT] 
2026-03-27 16:35:10,883 [ERROR] LogOutputStream:75 - [STDERR_REDIRECT] [Fatal Error] :1:1: Premature end of file.
2026-03-27 16:35:10,883 [ERROR] LogOutputStream:75 - [STDERR_REDIRECT] 
2026-03-27 16:35:11,874 [ERROR] LogOutputStream:75 - [STDERR_REDIRECT] [Fatal Error] :1:1: Premature end of file.
2026-03-27 16:35:11,874 [ERROR] LogOutputStream:75 - [STDERR_REDIRECT] 
2026-03-27 16:35:12,887 [ERROR] LogOutputStream:75 - [STDERR_REDIRECT] [Fatal Error] :1:1: Premature end of file.
2026-03-27 16:35:12,887 [ERROR] LogOutputStream:75 - [STDERR_REDIRECT] 
2026-03-27 16:35:13,891 [ERROR] LogOutputStream:75 - [STDERR_REDIRECT] [Fatal Error] :1:1: Premature end of file.
2026-03-27 16:35:13,891 [ERROR] LogOutputStream:75 - [STDERR_REDIRECT] 
2026-03-27 16:35:14,881 [ERROR] LogOutputStream:75 - [STDERR_REDIRECT] [Fatal Error] :1:1: Premature end of file.
2026-03-27 16:35:14,881 [ERROR] LogOutputStream:75 - [STDERR_REDIRECT] 
2026-03-27 16:35:15,883 [ERROR] LogOutputStream:75 - [STDERR_REDIRECT] [Fatal Error] :1:1: Premature end of file.
2026-03-27 16:35:15,883 [ERROR] LogOutputStream:75 - [STDERR_REDIRECT] 
2026-03-27 16:35:16,873 [ERROR] LogOutputStream:75 - [STDERR_REDIRECT] [Fatal Error] :1:1: Premature end of file.
2026-03-27 16:35:16,873 [ERROR] LogOutputStream:75 - [STDERR_REDIRECT] 
2026-03-27 16:35:17,886 [ERROR] LogOutputStream:75 - [STDERR_REDIRECT] [Fatal Error] :1:1: Premature end of file.
2026-03-27 16:35:17,886 [ERROR] LogOutputStream:75 - [STDERR_REDIRECT] 
2026-03-27 16:35:18,881 [ERROR] LogOutputStream:75 - [STDERR_REDIRECT] [Fatal Error] :1:1: Premature end of file.
2026-03-27 16:35:18,881 [ERROR] LogOutputStream:75 - [STDERR_REDIRECT] 
2026-03-27 16:35:19,881 [ERROR] LogOutputStream:75 - [STDERR_REDIRECT] [Fatal Error] :1:1: Premature end of file.
2026-03-27 16:35:19,881 [ERROR] LogOutputStream:75 - [STDERR_REDIRECT] 
2026-03-27 16:35:20,885 [ERROR] LogOutputStream:75 - [STDERR_REDIRECT] [Fatal Error] :1:1: Premature end of file.
2026-03-27 16:35:20,885 [ERROR] LogOutputStream:75 - [STDERR_REDIRECT] 
2026-03-27 16:35:21,883 [ERROR] LogOutputStream:75 - [STDERR_REDIRECT] [Fatal Error] :1:1: Premature end of file.
2026-03-27 16:35:21,883 [ERROR] LogOutputStream:75 - [STDERR_REDIRECT] 
2026-03-27 16:35:22,887 [ERROR] LogOutputStream:75 - [STDERR_REDIRECT] [Fatal Error] :1:1: Premature end of file.
2026-03-27 16:35:22,887 [ERROR] LogOutputStream:75 - [STDERR_REDIRECT] 
2026-03-27 16:35:23,881 [ERROR] LogOutputStream:75 - [STDERR_REDIRECT] [Fatal Error] :1:1: Premature end of file.
2026-03-27 16:35:23,881 [ERROR] LogOutputStream:75 - [STDERR_REDIRECT] 
2026-03-27 16:35:24,888 [ERROR] LogOutputStream:75 - [STDERR_REDIRECT] [Fatal Error] :1:1: Premature end of file.
2026-03-27 16:35:24,888 [ERROR] LogOutputStream:75 - [STDERR_REDIRECT] 
2026-03-27 16:35:25,895 [ERROR] LogOutputStream:75 - [STDERR_REDIRECT] [Fatal Error] :1:1: Premature end of file.
2026-03-27 16:35:25,895 [ERROR] LogOutputStream:75 - [STDERR_REDIRECT] 
2026-03-27 16:35:26,878 [ERROR] LogOutputStream:75 - [STDERR_REDIRECT] [Fatal Error] :1:1: Premature end of file.
2026-03-27 16:35:26,878 [ERROR] LogOutputStream:75 - [STDERR_REDIRECT] 
2026-03-27 16:35:27,880 [ERROR] LogOutputStream:75 - [STDERR_REDIRECT] [Fatal Error] :1:1: Premature end of file.
2026-03-27 16:35:27,880 [ERROR] LogOutputStream:75 - [STDERR_REDIRECT] 
2026-03-27 16:35:28,898 [ERROR] LogOutputStream:75 - [STDERR_REDIRECT] [Fatal Error] :1:1: Premature end of file.
2026-03-27 16:35:28,898 [ERROR] LogOutputStream:75 - [STDERR_REDIRECT] 
2026-03-27 16:35:29,878 [ERROR] LogOutputStream:75 - [STDERR_REDIRECT] [Fatal Error] :1:1: Premature end of file.
2026-03-27 16:35:29,878 [ERROR] LogOutputStream:75 - [STDERR_REDIRECT] 
2026-03-27 16:35:30,871 [ERROR] LogOutputStream:75 - [STDERR_REDIRECT] [Fatal Error] :1:1: Premature end of file.
2026-03-27 16:35:30,871 [ERROR] LogOutputStream:75 - [STDERR_REDIRECT] 
2026-03-27 16:35:31,882 [ERROR] LogOutputStream:75 - [STDERR_REDIRECT] [Fatal Error] :1:1: Premature end of file.
2026-03-27 16:35:31,882 [ERROR] LogOutputStream:75 - [STDERR_REDIRECT] 
2026-03-27 16:35:32,899 [ERROR] LogOutputStream:75 - [STDERR_REDIRECT] [Fatal Error] :1:1: Premature end of file.
2026-03-27 16:35:32,899 [ERROR] LogOutputStream:75 - [STDERR_REDIRECT] 
2026-03-27 16:35:33,883 [ERROR] LogOutputStream:75 - [STDERR_REDIRECT] [Fatal Error] :1:1: Premature end of file.
2026-03-27 16:35:33,883 [ERROR] LogOutputStream:75 - [STDERR_REDIRECT] 
2026-03-27 16:35:34,892 [ERROR] LogOutputStream:75 - [STDERR_REDIRECT] [Fatal Error] :1:1: Premature end of file.
2026-03-27 16:35:34,892 [ERROR] LogOutputStream:75 - [STDERR_REDIRECT] 
2026-03-27 16:35:35,881 [ERROR] LogOutputStream:75 - [STDERR_REDIRECT] [Fatal Error] :1:1: Premature end of file.
2026-03-27 16:35:35,881 [ERROR] LogOutputStream:75 - [STDERR_REDIRECT] 
2026-03-27 16:35:36,881 [ERROR] LogOutputStream:75 - [STDERR_REDIRECT] [Fatal Error] :1:1: Premature end of file.
2026-03-27 16:35:36,881 [ERROR] LogOutputStream:75 - [STDERR_REDIRECT] 
2026-03-27 16:35:37,881 [ERROR] LogOutputStream:75 - [STDERR_REDIRECT] [Fatal Error] :1:1: Premature end of file.
2026-03-27 16:35:37,881 [ERROR] LogOutputStream:75 - [STDERR_REDIRECT] 
2026-03-27 16:35:38,883 [ERROR] LogOutputStream:75 - [STDERR_REDIRECT] [Fatal Error] :1:1: Premature end of file.
2026-03-27 16:35:38,883 [ERROR] LogOutputStream:75 - [STDERR_REDIRECT] 
2026-03-27 16:35:39,886 [ERROR] LogOutputStream:75 - [STDERR_REDIRECT] [Fatal Error] :1:1: Premature end of file.
2026-03-27 16:35:39,886 [ERROR] LogOutputStream:75 - [STDERR_REDIRECT] 
2026-03-27 16:35:40,886 [ERROR] LogOutputStream:75 - [STDERR_REDIRECT] [Fatal Error] :1:1: Premature end of file.
2026-03-27 16:35:40,886 [ERROR] LogOutputStream:75 - [STDERR_REDIRECT] 
2026-03-27 16:35:41,873 [ERROR] LogOutputStream:75 - [STDERR_REDIRECT] [Fatal Error] :1:1: Premature end of file.
2026-03-27 16:35:41,873 [ERROR] LogOutputStream:75 - [STDERR_REDIRECT] 
2026-03-27 16:35:42,885 [ERROR] LogOutputStream:75 - [STDERR_REDIRECT] [Fatal Error] :1:1: Premature end of file.
2026-03-27 16:35:42,885 [ERROR] LogOutputStream:75 - [STDERR_REDIRECT] 
2026-03-27 16:35:43,898 [ERROR] LogOutputStream:75 - [STDERR_REDIRECT] [Fatal Error] :1:1: Premature end of file.
2026-03-27 16:35:43,898 [ERROR] LogOutputStream:75 - [STDERR_REDIRECT] 
2026-03-27 16:35:44,888 [ERROR] LogOutputStream:75 - [STDERR_REDIRECT] [Fatal Error] :1:1: Premature end of file.
2026-03-27 16:35:44,888 [ERROR] LogOutputStream:75 - [STDERR_REDIRECT] 
2026-03-27 16:35:45,885 [ERROR] LogOutputStream:75 - [STDERR_REDIRECT] [Fatal Error] :1:1: Premature end of file.
2026-03-27 16:35:45,885 [ERROR] LogOutputStream:75 - [STDERR_REDIRECT] 
2026-03-27 16:35:46,882 [ERROR] LogOutputStream:75 - [STDERR_REDIRECT] [Fatal Error] :1:1: Premature end of file.
2026-03-27 16:35:46,882 [ERROR] LogOutputStream:75 - [STDERR_REDIRECT] 
2026-03-27 16:35:47,888 [ERROR] LogOutputStream:75 - [STDERR_REDIRECT] [Fatal Error] :1:1: Premature end of file.
2026-03-27 16:35:47,893 [ERROR] LogOutputStream:75 - [STDERR_REDIRECT] 
2026-03-27 16:35:48,890 [ERROR] LogOutputStream:75 - [STDERR_REDIRECT] [Fatal Error] :1:1: Premature end of file.
2026-03-27 16:35:48,890 [ERROR] LogOutputStream:75 - [STDERR_REDIRECT] 
2026-03-27 16:35:49,882 [ERROR] LogOutputStream:75 - [STDERR_REDIRECT] [Fatal Error] :1:1: Premature end of file.
2026-03-27 16:35:49,882 [ERROR] LogOutputStream:75 - [STDERR_REDIRECT] 
2026-03-27 16:35:50,881 [ERROR] LogOutputStream:75 - [STDERR_REDIRECT] [Fatal Error] :1:1: Premature end of file.
2026-03-27 16:35:50,881 [ERROR] LogOutputStream:75 - [STDERR_REDIRECT] 
2026-03-27 16:35:51,881 [ERROR] LogOutputStream:75 - [STDERR_REDIRECT] [Fatal Error] :1:1: Premature end of file.
2026-03-27 16:35:51,881 [ERROR] LogOutputStream:75 - [STDERR_REDIRECT] 
2026-03-27 16:35:52,884 [ERROR] LogOutputStream:75 - [STDERR_REDIRECT] [Fatal Error] :1:1: Premature end of file.
2026-03-27 16:35:52,884 [ERROR] LogOutputStream:75 - [STDERR_REDIRECT] 
2026-03-27 16:35:53,885 [ERROR] LogOutputStream:75 - [STDERR_REDIRECT] [Fatal Error] :1:1: Premature end of file.
2026-03-27 16:35:53,885 [ERROR] LogOutputStream:75 - [STDERR_REDIRECT] 
2026-03-27 16:35:54,883 [ERROR] LogOutputStream:75 - [STDERR_REDIRECT] [Fatal Error] :1:1: Premature end of file.
2026-03-27 16:35:54,883 [ERROR] LogOutputStream:75 - [STDERR_REDIRECT] 
2026-03-27 16:35:55,887 [ERROR] LogOutputStream:75 - [STDERR_REDIRECT] [Fatal Error] :1:1: Premature end of file.
2026-03-27 16:35:55,887 [ERROR] LogOutputStream:75 - [STDERR_REDIRECT] 
2026-03-27 16:35:56,884 [ERROR] LogOutputStream:75 - [STDERR_REDIRECT] [Fatal Error] :1:1: Premature end of file.
2026-03-27 16:35:56,884 [ERROR] LogOutputStream:75 - [STDERR_REDIRECT] 
2026-03-27 16:35:57,876 [ERROR] LogOutputStream:75 - [STDERR_REDIRECT] [Fatal Error] :1:1: Premature end of file.
2026-03-27 16:35:57,876 [ERROR] LogOutputStream:75 - [STDERR_REDIRECT] 
2026-03-27 16:35:58,867 [ERROR] LogOutputStream:75 - [STDERR_REDIRECT] [Fatal Error] :1:1: Premature end of file.
2026-03-27 16:35:58,867 [ERROR] LogOutputStream:75 - [STDERR_REDIRECT] 
2026-03-27 16:35:59,889 [ERROR] LogOutputStream:75 - [STDERR_REDIRECT] [Fatal Error] :1:1: Premature end of file.
2026-03-27 16:35:59,889 [ERROR] LogOutputStream:75 - [STDERR_REDIRECT] 
2026-03-27 16:36:00,882 [ERROR] LogOutputStream:75 - [STDERR_REDIRECT] [Fatal Error] :1:1: Premature end of file.
2026-03-27 16:36:00,882 [ERROR] LogOutputStream:75 - [STDERR_REDIRECT] 
2026-03-27 16:36:01,884 [ERROR] LogOutputStream:75 - [STDERR_REDIRECT] [Fatal Error] :1:1: Premature end of file.
2026-03-27 16:36:01,884 [ERROR] LogOutputStream:75 - [STDERR_REDIRECT] 
2026-03-27 16:36:02,877 [ERROR] LogOutputStream:75 - [STDERR_REDIRECT] [Fatal Error] :1:1: Premature end of file.
2026-03-27 16:36:02,877 [ERROR] LogOutputStream:75 - [STDERR_REDIRECT] 
2026-03-27 16:36:03,869 [ERROR] LogOutputStream:75 - [STDERR_REDIRECT] [Fatal Error] :1:1: Premature end of file.
2026-03-27 16:36:03,869 [ERROR] LogOutputStream:75 - [STDERR_REDIRECT] 
2026-03-27 16:36:04,879 [ERROR] LogOutputStream:75 - [STDERR_REDIRECT] [Fatal Error] :1:1: Premature end of file.
2026-03-27 16:36:04,882 [ERROR] LogOutputStream:75 - [STDERR_REDIRECT] 
2026-03-27 16:36:05,882 [ERROR] LogOutputStream:75 - [STDERR_REDIRECT] [Fatal Error] :1:1: Premature end of file.
2026-03-27 16:36:05,889 [ERROR] LogOutputStream:75 - [STDERR_REDIRECT] 
2026-03-27 16:36:06,893 [ERROR] LogOutputStream:75 - [STDERR_REDIRECT] [Fatal Error] :1:1: Premature end of file.
2026-03-27 16:36:06,893 [ERROR] LogOutputStream:75 - [STDERR_REDIRECT] 
2026-03-27 16:36:07,893 [ERROR] LogOutputStream:75 - [STDERR_REDIRECT] [Fatal Error] :1:1: Premature end of file.
2026-03-27 16:36:07,893 [ERROR] LogOutputStream:75 - [STDERR_REDIRECT] 
2026-03-27 16:36:08,899 [ERROR] LogOutputStream:75 - [STDERR_REDIRECT] [Fatal Error] :1:1: Premature end of file.
2026-03-27 16:36:08,899 [ERROR] LogOutputStream:75 - [STDERR_REDIRECT] 
2026-03-27 16:36:09,870 [ERROR] LogOutputStream:75 - [STDERR_REDIRECT] [Fatal Error] :1:1: Premature end of file.
2026-03-27 16:36:09,870 [ERROR] LogOutputStream:75 - [STDERR_REDIRECT] 
2026-03-27 16:36:10,877 [ERROR] LogOutputStream:75 - [STDERR_REDIRECT] [Fatal Error] :1:1: Premature end of file.
2026-03-27 16:36:10,877 [ERROR] LogOutputStream:75 - [STDERR_REDIRECT] 
2026-03-27 16:36:11,885 [ERROR] LogOutputStream:75 - [STDERR_REDIRECT] [Fatal Error] :1:1: Premature end of file.
2026-03-27 16:36:11,885 [ERROR] LogOutputStream:75 - [STDERR_REDIRECT] 
2026-03-27 16:36:12,883 [ERROR] LogOutputStream:75 - [STDERR_REDIRECT] [Fatal Error] :1:1: Premature end of file.
2026-03-27 16:36:12,883 [ERROR] LogOutputStream:75 - [STDERR_REDIRECT] 
2026-03-27 16:36:13,894 [ERROR] LogOutputStream:75 - [STDERR_REDIRECT] [Fatal Error] :1:1: Premature end of file.
2026-03-27 16:36:13,894 [ERROR] LogOutputStream:75 - [STDERR_REDIRECT] 
2026-03-27 16:36:14,880 [ERROR] LogOutputStream:75 - [STDERR_REDIRECT] [Fatal Error] :1:1: Premature end of file.
2026-03-27 16:36:14,880 [ERROR] LogOutputStream:75 - [STDERR_REDIRECT] 
2026-03-27 16:36:15,878 [ERROR] LogOutputStream:75 - [STDERR_REDIRECT] [Fatal Error] :1:1: Premature end of file.
2026-03-27 16:36:15,878 [ERROR] LogOutputStream:75 - [STDERR_REDIRECT] 
2026-03-27 16:36:16,883 [ERROR] LogOutputStream:75 - [STDERR_REDIRECT] [Fatal Error] :1:1: Premature end of file.
2026-03-27 16:36:16,883 [ERROR] LogOutputStream:75 - [STDERR_REDIRECT] 
2026-03-27 16:36:17,876 [ERROR] LogOutputStream:75 - [STDERR_REDIRECT] [Fatal Error] :1:1: Premature end of file.
2026-03-27 16:36:17,876 [ERROR] LogOutputStream:75 - [STDERR_REDIRECT] 
2026-03-27 16:36:18,898 [ERROR] LogOutputStream:75 - [STDERR_REDIRECT] [Fatal Error] :1:1: Premature end of file.
2026-03-27 16:36:18,898 [ERROR] LogOutputStream:75 - [STDERR_REDIRECT] 
2026-03-27 16:36:19,882 [ERROR] LogOutputStream:75 - [STDERR_REDIRECT] [Fatal Error] :1:1: Premature end of file.
2026-03-27 16:36:19,882 [ERROR] LogOutputStream:75 - [STDERR_REDIRECT] 
2026-03-27 16:36:20,880 [ERROR] LogOutputStream:75 - [STDERR_REDIRECT] [Fatal Error] :1:1: Premature end of file.
2026-03-27 16:36:20,880 [ERROR] LogOutputStream:75 - [STDERR_REDIRECT] 
2026-03-27 16:36:21,877 [ERROR] LogOutputStream:75 - [STDERR_REDIRECT] [Fatal Error] :1:1: Premature end of file.
2026-03-27 16:36:21,877 [ERROR] LogOutputStream:75 - [STDERR_REDIRECT] 
2026-03-27 16:36:22,875 [ERROR] LogOutputStream:75 - [STDERR_REDIRECT] [Fatal Error] :1:1: Premature end of file.
2026-03-27 16:36:22,879 [ERROR] LogOutputStream:75 - [STDERR_REDIRECT] 
2026-03-27 16:36:23,880 [ERROR] LogOutputStream:75 - [STDERR_REDIRECT] [Fatal Error] :1:1: Premature end of file.
2026-03-27 16:36:23,880 [ERROR] LogOutputStream:75 - [STDERR_REDIRECT] 
2026-03-27 16:36:24,899 [ERROR] LogOutputStream:75 - [STDERR_REDIRECT] [Fatal Error] :1:1: Premature end of file.
2026-03-27 16:36:24,899 [ERROR] LogOutputStream:75 - [STDERR_REDIRECT] 
2026-03-27 16:36:25,873 [ERROR] LogOutputStream:75 - [STDERR_REDIRECT] [Fatal Error] :1:1: Premature end of file.
2026-03-27 16:36:25,873 [ERROR] LogOutputStream:75 - [STDERR_REDIRECT] 
2026-03-27 16:36:26,873 [ERROR] LogOutputStream:75 - [STDERR_REDIRECT] [Fatal Error] :1:1: Premature end of file.
2026-03-27 16:36:26,873 [ERROR] LogOutputStream:75 - [STDERR_REDIRECT] 
2026-03-27 16:36:27,882 [ERROR] LogOutputStream:75 - [STDERR_REDIRECT] [Fatal Error] :1:1: Premature end of file.
2026-03-27 16:36:27,885 [ERROR] LogOutputStream:75 - [STDERR_REDIRECT] 
2026-03-27 16:36:28,876 [ERROR] LogOutputStream:75 - [STDERR_REDIRECT] [Fatal Error] :1:1: Premature end of file.
2026-03-27 16:36:28,876 [ERROR] LogOutputStream:75 - [STDERR_REDIRECT] 
2026-03-27 16:36:29,885 [ERROR] LogOutputStream:75 - [STDERR_REDIRECT] [Fatal Error] :1:1: Premature end of file.
2026-03-27 16:36:29,885 [ERROR] LogOutputStream:75 - [STDERR_REDIRECT] 
2026-03-27 16:36:30,902 [ERROR] LogOutputStream:75 - [STDERR_REDIRECT] [Fatal Error] :1:1: Premature end of file.
2026-03-27 16:36:30,902 [ERROR] LogOutputStream:75 - [STDERR_REDIRECT] 
2026-03-27 16:36:31,884 [ERROR] LogOutputStream:75 - [STDERR_REDIRECT] [Fatal Error] :1:1: Premature end of file.
2026-03-27 16:36:31,884 [ERROR] LogOutputStream:75 - [STDERR_REDIRECT] 
2026-03-27 16:36:32,875 [ERROR] LogOutputStream:75 - [STDERR_REDIRECT] [Fatal Error] :1:1: Premature end of file.
2026-03-27 16:36:32,875 [ERROR] LogOutputStream:75 - [STDERR_REDIRECT] 
2026-03-27 16:36:33,880 [ERROR] LogOutputStream:75 - [STDERR_REDIRECT] [Fatal Error] :1:1: Premature end of file.
2026-03-27 16:36:33,880 [ERROR] LogOutputStream:75 - [STDERR_REDIRECT] 
2026-03-27 16:36:34,882 [ERROR] LogOutputStream:75 - [STDERR_REDIRECT] [Fatal Error] :1:1: Premature end of file.
2026-03-27 16:36:34,882 [ERROR] LogOutputStream:75 - [STDERR_REDIRECT] 
2026-03-27 16:36:35,891 [ERROR] LogOutputStream:75 - [STDERR_REDIRECT] [Fatal Error] :1:1: Premature end of file.
2026-03-27 16:36:35,891 [ERROR] LogOutputStream:75 - [STDERR_REDIRECT] 
2026-03-27 16:36:36,872 [ERROR] LogOutputStream:75 - [STDERR_REDIRECT] [Fatal Error] :1:1: Premature end of file.
2026-03-27 16:36:36,872 [ERROR] LogOutputStream:75 - [STDERR_REDIRECT] 
2026-03-27 16:36:37,889 [ERROR] LogOutputStream:75 - [STDERR_REDIRECT] [Fatal Error] :1:1: Premature end of file.
2026-03-27 16:36:37,889 [ERROR] LogOutputStream:75 - [STDERR_REDIRECT] 
2026-03-27 16:36:38,884 [ERROR] LogOutputStream:75 - [STDERR_REDIRECT] [Fatal Error] :1:1: Premature end of file.
2026-03-27 16:36:38,884 [ERROR] LogOutputStream:75 - [STDERR_REDIRECT] 
2026-03-27 16:36:39,901 [ERROR] LogOutputStream:75 - [STDERR_REDIRECT] [Fatal Error] :1:1: Premature end of file.
2026-03-27 16:36:39,901 [ERROR] LogOutputStream:75 - [STDERR_REDIRECT] 
2026-03-27 16:36:40,881 [ERROR] LogOutputStream:75 - [STDERR_REDIRECT] [Fatal Error] :1:1: Premature end of file.
2026-03-27 16:36:40,881 [ERROR] LogOutputStream:75 - [STDERR_REDIRECT] 
2026-03-27 16:36:41,893 [ERROR] LogOutputStream:75 - [STDERR_REDIRECT] [Fatal Error] :1:1: Premature end of file.
2026-03-27 16:36:41,893 [ERROR] LogOutputStream:75 - [STDERR_REDIRECT] 
2026-03-27 16:36:42,883 [ERROR] LogOutputStream:75 - [STDERR_REDIRECT] [Fatal Error] :1:1: Premature end of file.
2026-03-27 16:36:42,883 [ERROR] LogOutputStream:75 - [STDERR_REDIRECT] 
2026-03-27 16:36:43,870 [ERROR] LogOutputStream:75 - [STDERR_REDIRECT] [Fatal Error] :1:1: Premature end of file.
2026-03-27 16:36:43,870 [ERROR] LogOutputStream:75 - [STDERR_REDIRECT] 
2026-03-27 16:36:44,882 [ERROR] LogOutputStream:75 - [STDERR_REDIRECT] [Fatal Error] :1:1: Premature end of file.
2026-03-27 16:36:44,882 [ERROR] LogOutputStream:75 - [STDERR_REDIRECT] 
2026-03-27 16:36:45,885 [ERROR] LogOutputStream:75 - [STDERR_REDIRECT] [Fatal Error] :1:1: Premature end of file.
2026-03-27 16:36:45,885 [ERROR] LogOutputStream:75 - [STDERR_REDIRECT] 
2026-03-27 16:36:46,885 [ERROR] LogOutputStream:75 - [STDERR_REDIRECT] [Fatal Error] :1:1: Premature end of file.
2026-03-27 16:36:46,885 [ERROR] LogOutputStream:75 - [STDERR_REDIRECT] 
2026-03-27 16:36:47,884 [ERROR] LogOutputStream:75 - [STDERR_REDIRECT] [Fatal Error] :1:1: Premature end of file.
2026-03-27 16:36:47,884 [ERROR] LogOutputStream:75 - [STDERR_REDIRECT] 
2026-03-27 16:36:48,879 [ERROR] LogOutputStream:75 - [STDERR_REDIRECT] [Fatal Error] :1:1: Premature end of file.
2026-03-27 16:36:48,879 [ERROR] LogOutputStream:75 - [STDERR_REDIRECT] 
2026-03-27 16:36:49,883 [ERROR] LogOutputStream:75 - [STDERR_REDIRECT] [Fatal Error] :1:1: Premature end of file.
2026-03-27 16:36:49,883 [ERROR] LogOutputStream:75 - [STDERR_REDIRECT] 
2026-03-27 16:36:50,875 [ERROR] LogOutputStream:75 - [STDERR_REDIRECT] [Fatal Error] :1:1: Premature end of file.
2026-03-27 16:36:50,883 [ERROR] LogOutputStream:75 - [STDERR_REDIRECT] 
2026-03-27 16:36:51,878 [ERROR] LogOutputStream:75 - [STDERR_REDIRECT] [Fatal Error] :1:1: Premature end of file.
2026-03-27 16:36:51,878 [ERROR] LogOutputStream:75 - [STDERR_REDIRECT] 
2026-03-27 16:36:52,889 [ERROR] LogOutputStream:75 - [STDERR_REDIRECT] [Fatal Error] :1:1: Premature end of file.
2026-03-27 16:36:52,889 [ERROR] LogOutputStream:75 - [STDERR_REDIRECT] 
2026-03-27 16:36:53,882 [ERROR] LogOutputStream:75 - [STDERR_REDIRECT] [Fatal Error] :1:1: Premature end of file.
2026-03-27 16:36:53,882 [ERROR] LogOutputStream:75 - [STDERR_REDIRECT] 
2026-03-27 16:36:54,875 [ERROR] LogOutputStream:75 - [STDERR_REDIRECT] [Fatal Error] :1:1: Premature end of file.
2026-03-27 16:36:54,875 [ERROR] LogOutputStream:75 - [STDERR_REDIRECT] 
2026-03-27 16:36:55,881 [ERROR] LogOutputStream:75 - [STDERR_REDIRECT] [Fatal Error] :1:1: Premature end of file.
2026-03-27 16:36:55,881 [ERROR] LogOutputStream:75 - [STDERR_REDIRECT] 
2026-03-27 16:36:56,874 [ERROR] LogOutputStream:75 - [STDERR_REDIRECT] [Fatal Error] :1:1: Premature end of file.
2026-03-27 16:36:56,874 [ERROR] LogOutputStream:75 - [STDERR_REDIRECT] 
2026-03-27 16:36:57,884 [ERROR] LogOutputStream:75 - [STDERR_REDIRECT] [Fatal Error] :1:1: Premature end of file.
2026-03-27 16:36:57,884 [ERROR] LogOutputStream:75 - [STDERR_REDIRECT] 
2026-03-27 16:36:58,874 [ERROR] LogOutputStream:75 - [STDERR_REDIRECT] [Fatal Error] :1:1: Premature end of file.
2026-03-27 16:36:58,874 [ERROR] LogOutputStream:75 - [STDERR_REDIRECT] 
2026-03-27 16:36:59,881 [ERROR] LogOutputStream:75 - [STDERR_REDIRECT] [Fatal Error] :1:1: Premature end of file.
2026-03-27 16:36:59,881 [ERROR] LogOutputStream:75 - [STDERR_REDIRECT] 
2026-03-27 16:37:00,872 [ERROR] LogOutputStream:75 - [STDERR_REDIRECT] [Fatal Error] :1:1: Premature end of file.
2026-03-27 16:37:00,872 [ERROR] LogOutputStream:75 - [STDERR_REDIRECT] 
2026-03-27 16:37:01,871 [ERROR] LogOutputStream:75 - [STDERR_REDIRECT] [Fatal Error] :1:1: Premature end of file.
2026-03-27 16:37:01,871 [ERROR] LogOutputStream:75 - [STDERR_REDIRECT] 
2026-03-27 16:37:02,895 [ERROR] LogOutputStream:75 - [STDERR_REDIRECT] [Fatal Error] :1:1: Premature end of file.
2026-03-27 16:37:02,895 [ERROR] LogOutputStream:75 - [STDERR_REDIRECT] 
2026-03-27 16:37:03,877 [ERROR] LogOutputStream:75 - [STDERR_REDIRECT] [Fatal Error] :1:1: Premature end of file.
2026-03-27 16:37:03,877 [ERROR] LogOutputStream:75 - [STDERR_REDIRECT] 
2026-03-27 16:37:04,881 [ERROR] LogOutputStream:75 - [STDERR_REDIRECT] [Fatal Error] :1:1: Premature end of file.
2026-03-27 16:37:04,881 [ERROR] LogOutputStream:75 - [STDERR_REDIRECT] 
2026-03-27 16:37:05,881 [ERROR] LogOutputStream:75 - [STDERR_REDIRECT] [Fatal Error] :1:1: Premature end of file.
2026-03-27 16:37:05,881 [ERROR] LogOutputStream:75 - [STDERR_REDIRECT] 
2026-03-27 16:37:06,868 [ERROR] LogOutputStream:75 - [STDERR_REDIRECT] [Fatal Error] :1:1: Premature end of file.
2026-03-27 16:37:06,868 [ERROR] LogOutputStream:75 - [STDERR_REDIRECT] 
2026-03-27 16:37:07,881 [ERROR] LogOutputStream:75 - [STDERR_REDIRECT] [Fatal Error] :1:1: Premature end of file.
2026-03-27 16:37:07,881 [ERROR] LogOutputStream:75 - [STDERR_REDIRECT] 
2026-03-27 16:37:08,878 [ERROR] LogOutputStream:75 - [STDERR_REDIRECT] [Fatal Error] :1:1: Premature end of file.
2026-03-27 16:37:08,878 [ERROR] LogOutputStream:75 - [STDERR_REDIRECT] 
2026-03-27 16:37:09,893 [ERROR] LogOutputStream:75 - [STDERR_REDIRECT] [Fatal Error] :1:1: Premature end of file.
2026-03-27 16:37:09,893 [ERROR] LogOutputStream:75 - [STDERR_REDIRECT] 
2026-03-27 16:37:10,870 [ERROR] LogOutputStream:75 - [STDERR_REDIRECT] [Fatal Error] :1:1: Premature end of file.
2026-03-27 16:37:10,870 [ERROR] LogOutputStream:75 - [STDERR_REDIRECT] 
2026-03-27 16:37:11,878 [ERROR] LogOutputStream:75 - [STDERR_REDIRECT] [Fatal Error] :1:1: Premature end of file.
2026-03-27 16:37:11,878 [ERROR] LogOutputStream:75 - [STDERR_REDIRECT] 
2026-03-27 16:37:12,879 [ERROR] LogOutputStream:75 - [STDERR_REDIRECT] [Fatal Error] :1:1: Premature end of file.
2026-03-27 16:37:12,879 [ERROR] LogOutputStream:75 - [STDERR_REDIRECT] 
2026-03-27 16:37:13,870 [ERROR] LogOutputStream:75 - [STDERR_REDIRECT] [Fatal Error] :1:1: Premature end of file.
2026-03-27 16:37:13,870 [ERROR] LogOutputStream:75 - [STDERR_REDIRECT] 
2026-03-27 16:37:14,899 [ERROR] LogOutputStream:75 - [STDERR_REDIRECT] [Fatal Error] :1:1: Premature end of file.
2026-03-27 16:37:14,899 [ERROR] LogOutputStream:75 - [STDERR_REDIRECT] 
2026-03-27 16:37:15,891 [ERROR] LogOutputStream:75 - [STDERR_REDIRECT] [Fatal Error] :1:1: Premature end of file.
2026-03-27 16:37:15,891 [ERROR] LogOutputStream:75 - [STDERR_REDIRECT] 
2026-03-27 16:37:16,882 [ERROR] LogOutputStream:75 - [STDERR_REDIRECT] [Fatal Error] :1:1: Premature end of file.
2026-03-27 16:37:16,882 [ERROR] LogOutputStream:75 - [STDERR_REDIRECT] 
2026-03-27 16:37:17,877 [ERROR] LogOutputStream:75 - [STDERR_REDIRECT] [Fatal Error] :1:1: Premature end of file.
2026-03-27 16:37:17,877 [ERROR] LogOutputStream:75 - [STDERR_REDIRECT] 
2026-03-27 16:37:18,890 [ERROR] LogOutputStream:75 - [STDERR_REDIRECT] [Fatal Error] :1:1: Premature end of file.
2026-03-27 16:37:18,890 [ERROR] LogOutputStream:75 - [STDERR_REDIRECT] 
2026-03-27 16:37:19,892 [ERROR] LogOutputStream:75 - [STDERR_REDIRECT] [Fatal Error] :1:1: Premature end of file.
2026-03-27 16:37:19,892 [ERROR] LogOutputStream:75 - [STDERR_REDIRECT] 
2026-03-27 16:37:20,895 [ERROR] LogOutputStream:75 - [STDERR_REDIRECT] [Fatal Error] :1:1: Premature end of file.
2026-03-27 16:37:20,895 [ERROR] LogOutputStream:75 - [STDERR_REDIRECT] 
2026-03-27 16:37:21,882 [ERROR] LogOutputStream:75 - [STDERR_REDIRECT] [Fatal Error] :1:1: Premature end of file.
2026-03-27 16:37:21,882 [ERROR] LogOutputStream:75 - [STDERR_REDIRECT] 
2026-03-27 16:37:22,872 [ERROR] LogOutputStream:75 - [STDERR_REDIRECT] [Fatal Error] :1:1: Premature end of file.
2026-03-27 16:37:22,872 [ERROR] LogOutputStream:75 - [STDERR_REDIRECT] 
2026-03-27 16:37:23,878 [ERROR] LogOutputStream:75 - [STDERR_REDIRECT] [Fatal Error] :1:1: Premature end of file.
2026-03-27 16:37:23,878 [ERROR] LogOutputStream:75 - [STDERR_REDIRECT] 
2026-03-27 16:37:24,870 [ERROR] LogOutputStream:75 - [STDERR_REDIRECT] [Fatal Error] :1:1: Premature end of file.
2026-03-27 16:37:24,870 [ERROR] LogOutputStream:75 - [STDERR_REDIRECT] 
2026-03-27 16:37:25,899 [ERROR] LogOutputStream:75 - [STDERR_REDIRECT] [Fatal Error] :1:1: Premature end of file.
2026-03-27 16:37:25,899 [ERROR] LogOutputStream:75 - [STDERR_REDIRECT] 
2026-03-27 16:37:26,880 [ERROR] LogOutputStream:75 - [STDERR_REDIRECT] [Fatal Error] :1:1: Premature end of file.
2026-03-27 16:37:26,880 [ERROR] LogOutputStream:75 - [STDERR_REDIRECT] 
2026-03-27 16:37:27,884 [ERROR] LogOutputStream:75 - [STDERR_REDIRECT] [Fatal Error] :1:1: Premature end of file.
2026-03-27 16:37:27,884 [ERROR] LogOutputStream:75 - [STDERR_REDIRECT] 
2026-03-27 16:37:28,889 [ERROR] LogOutputStream:75 - [STDERR_REDIRECT] [Fatal Error] :1:1: Premature end of file.
2026-03-27 16:37:28,889 [ERROR] LogOutputStream:75 - [STDERR_REDIRECT] 
2026-03-27 16:37:29,895 [ERROR] LogOutputStream:75 - [STDERR_REDIRECT] [Fatal Error] :1:1: Premature end of file.
2026-03-27 16:37:29,895 [ERROR] LogOutputStream:75 - [STDERR_REDIRECT] 
2026-03-27 16:37:30,892 [ERROR] LogOutputStream:75 - [STDERR_REDIRECT] [Fatal Error] :1:1: Premature end of file.
2026-03-27 16:37:30,892 [ERROR] LogOutputStream:75 - [STDERR_REDIRECT] 
2026-03-27 16:37:31,880 [ERROR] LogOutputStream:75 - [STDERR_REDIRECT] [Fatal Error] :1:1: Premature end of file.
2026-03-27 16:37:31,880 [ERROR] LogOutputStream:75 - [STDERR_REDIRECT] 
2026-03-27 16:37:32,885 [ERROR] LogOutputStream:75 - [STDERR_REDIRECT] [Fatal Error] :1:1: Premature end of file.
2026-03-27 16:37:32,885 [ERROR] LogOutputStream:75 - [STDERR_REDIRECT] 
2026-03-27 16:37:33,884 [ERROR] LogOutputStream:75 - [STDERR_REDIRECT] [Fatal Error] :1:1: Premature end of file.
2026-03-27 16:37:33,884 [ERROR] LogOutputStream:75 - [STDERR_REDIRECT] 
2026-03-27 16:37:34,869 [ERROR] LogOutputStream:75 - [STDERR_REDIRECT] [Fatal Error] :1:1: Premature end of file.
2026-03-27 16:37:34,869 [ERROR] LogOutputStream:75 - [STDERR_REDIRECT] 
2026-03-27 16:37:35,889 [ERROR] LogOutputStream:75 - [STDERR_REDIRECT] [Fatal Error] :1:1: Premature end of file.
2026-03-27 16:37:35,889 [ERROR] LogOutputStream:75 - [STDERR_REDIRECT] 
2026-03-27 16:37:36,871 [ERROR] LogOutputStream:75 - [STDERR_REDIRECT] [Fatal Error] :1:1: Premature end of file.
2026-03-27 16:37:36,879 [ERROR] LogOutputStream:75 - [STDERR_REDIRECT] 
2026-03-27 16:37:37,880 [ERROR] LogOutputStream:75 - [STDERR_REDIRECT] [Fatal Error] :1:1: Premature end of file.
2026-03-27 16:37:37,880 [ERROR] LogOutputStream:75 - [STDERR_REDIRECT] 
2026-03-27 16:37:38,893 [ERROR] LogOutputStream:75 - [STDERR_REDIRECT] [Fatal Error] :1:1: Premature end of file.
2026-03-27 16:37:38,893 [ERROR] LogOutputStream:75 - [STDERR_REDIRECT] 
2026-03-27 16:37:39,883 [ERROR] LogOutputStream:75 - [STDERR_REDIRECT] [Fatal Error] :1:1: Premature end of file.
2026-03-27 16:37:39,883 [ERROR] LogOutputStream:75 - [STDERR_REDIRECT] 
2026-03-27 16:37:40,868 [ERROR] LogOutputStream:75 - [STDERR_REDIRECT] [Fatal Error] :1:1: Premature end of file.
2026-03-27 16:37:40,868 [ERROR] LogOutputStream:75 - [STDERR_REDIRECT] 
2026-03-27 16:37:41,893 [ERROR] LogOutputStream:75 - [STDERR_REDIRECT] [Fatal Error] :1:1: Premature end of file.
2026-03-27 16:37:41,893 [ERROR] LogOutputStream:75 - [STDERR_REDIRECT] 
2026-03-27 16:37:42,883 [ERROR] LogOutputStream:75 - [STDERR_REDIRECT] [Fatal Error] :1:1: Premature end of file.
2026-03-27 16:37:42,883 [ERROR] LogOutputStream:75 - [STDERR_REDIRECT] 
2026-03-27 16:37:43,888 [ERROR] LogOutputStream:75 - [STDERR_REDIRECT] [Fatal Error] :1:1: Premature end of file.
2026-03-27 16:37:43,888 [ERROR] LogOutputStream:75 - [STDERR_REDIRECT] 
2026-03-27 16:37:44,865 [ERROR] LogOutputStream:75 - [STDERR_REDIRECT] [Fatal Error] :1:1: Premature end of file.
2026-03-27 16:37:44,865 [ERROR] LogOutputStream:75 - [STDERR_REDIRECT] 
2026-03-27 16:37:45,894 [ERROR] LogOutputStream:75 - [STDERR_REDIRECT] [Fatal Error] :1:1: Premature end of file.
2026-03-27 16:37:45,894 [ERROR] LogOutputStream:75 - [STDERR_REDIRECT] 
2026-03-27 16:37:46,907 [ERROR] LogOutputStream:75 - [STDERR_REDIRECT] [Fatal Error] :1:1: Premature end of file.
2026-03-27 16:37:46,907 [ERROR] LogOutputStream:75 - [STDERR_REDIRECT] 
2026-03-27 16:37:47,883 [ERROR] LogOutputStream:75 - [STDERR_REDIRECT] [Fatal Error] :1:1: Premature end of file.
2026-03-27 16:37:47,883 [ERROR] LogOutputStream:75 - [STDERR_REDIRECT] 
2026-03-27 16:37:48,876 [ERROR] LogOutputStream:75 - [STDERR_REDIRECT] [Fatal Error] :1:1: Premature end of file.
2026-03-27 16:37:48,876 [ERROR] LogOutputStream:75 - [STDERR_REDIRECT] 
2026-03-27 16:37:49,882 [ERROR] LogOutputStream:75 - [STDERR_REDIRECT] [Fatal Error] :1:1: Premature end of file.
2026-03-27 16:37:49,882 [ERROR] LogOutputStream:75 - [STDERR_REDIRECT] 
2026-03-27 16:37:50,873 [ERROR] LogOutputStream:75 - [STDERR_REDIRECT] [Fatal Error] :1:1: Premature end of file.
2026-03-27 16:37:50,873 [ERROR] LogOutputStream:75 - [STDERR_REDIRECT] 
2026-03-27 16:37:51,877 [ERROR] LogOutputStream:75 - [STDERR_REDIRECT] [Fatal Error] :1:1: Premature end of file.
2026-03-27 16:37:51,877 [ERROR] LogOutputStream:75 - [STDERR_REDIRECT] 
2026-03-27 16:37:52,880 [ERROR] LogOutputStream:75 - [STDERR_REDIRECT] [Fatal Error] :1:1: Premature end of file.
2026-03-27 16:37:52,880 [ERROR] LogOutputStream:75 - [STDERR_REDIRECT] 
2026-03-27 16:37:53,882 [ERROR] LogOutputStream:75 - [STDERR_REDIRECT] [Fatal Error] :1:1: Premature end of file.
2026-03-27 16:37:53,882 [ERROR] LogOutputStream:75 - [STDERR_REDIRECT] 
2026-03-27 16:37:54,894 [ERROR] LogOutputStream:75 - [STDERR_REDIRECT] [Fatal Error] :1:1: Premature end of file.
2026-03-27 16:37:54,894 [ERROR] LogOutputStream:75 - [STDERR_REDIRECT] 
2026-03-27 16:37:55,884 [ERROR] LogOutputStream:75 - [STDERR_REDIRECT] [Fatal Error] :1:1: Premature end of file.
2026-03-27 16:37:55,884 [ERROR] LogOutputStream:75 - [STDERR_REDIRECT] 
2026-03-27 16:37:56,888 [ERROR] LogOutputStream:75 - [STDERR_REDIRECT] [Fatal Error] :1:1: Premature end of file.
2026-03-27 16:37:56,888 [ERROR] LogOutputStream:75 - [STDERR_REDIRECT] 
2026-03-27 16:37:57,868 [ERROR] LogOutputStream:75 - [STDERR_REDIRECT] [Fatal Error] :1:1: Premature end of file.
2026-03-27 16:37:57,868 [ERROR] LogOutputStream:75 - [STDERR_REDIRECT] 
2026-03-27 16:37:58,872 [ERROR] LogOutputStream:75 - [STDERR_REDIRECT] [Fatal Error] :1:1: Premature end of file.
2026-03-27 16:37:58,872 [ERROR] LogOutputStream:75 - [STDERR_REDIRECT] 
2026-03-27 16:37:59,882 [ERROR] LogOutputStream:75 - [STDERR_REDIRECT] [Fatal Error] :1:1: Premature end of file.
2026-03-27 16:37:59,882 [ERROR] LogOutputStream:75 - [STDERR_REDIRECT] 
2026-03-27 16:38:00,880 [ERROR] LogOutputStream:75 - [STDERR_REDIRECT] [Fatal Error] :1:1: Premature end of file.
2026-03-27 16:38:00,880 [ERROR] LogOutputStream:75 - [STDERR_REDIRECT] 
2026-03-27 16:38:01,874 [ERROR] LogOutputStream:75 - [STDERR_REDIRECT] [Fatal Error] :1:1: Premature end of file.
2026-03-27 16:38:01,874 [ERROR] LogOutputStream:75 - [STDERR_REDIRECT] 
2026-03-27 16:38:02,889 [ERROR] LogOutputStream:75 - [STDERR_REDIRECT] [Fatal Error] :1:1: Premature end of file.
2026-03-27 16:38:02,889 [ERROR] LogOutputStream:75 - [STDERR_REDIRECT] 
2026-03-27 16:38:03,890 [ERROR] LogOutputStream:75 - [STDERR_REDIRECT] [Fatal Error] :1:1: Premature end of file.
2026-03-27 16:38:03,890 [ERROR] LogOutputStream:75 - [STDERR_REDIRECT] 
2026-03-27 16:38:04,881 [ERROR] LogOutputStream:75 - [STDERR_REDIRECT] [Fatal Error] :1:1: Premature end of file.
2026-03-27 16:38:04,882 [ERROR] LogOutputStream:75 - [STDERR_REDIRECT] 
2026-03-27 16:38:05,889 [ERROR] LogOutputStream:75 - [STDERR_REDIRECT] [Fatal Error] :1:1: Premature end of file.
2026-03-27 16:38:05,889 [ERROR] LogOutputStream:75 - [STDERR_REDIRECT] 
2026-03-27 16:38:06,884 [ERROR] LogOutputStream:75 - [STDERR_REDIRECT] [Fatal Error] :1:1: Premature end of file.
2026-03-27 16:38:06,884 [ERROR] LogOutputStream:75 - [STDERR_REDIRECT] 
2026-03-27 16:38:07,879 [ERROR] LogOutputStream:75 - [STDERR_REDIRECT] [Fatal Error] :1:1: Premature end of file.
2026-03-27 16:38:07,879 [ERROR] LogOutputStream:75 - [STDERR_REDIRECT] 
2026-03-27 16:38:08,882 [ERROR] LogOutputStream:75 - [STDERR_REDIRECT] [Fatal Error] :1:1: Premature end of file.
2026-03-27 16:38:08,893 [ERROR] LogOutputStream:75 - [STDERR_REDIRECT] 
2026-03-27 16:38:09,868 [ERROR] LogOutputStream:75 - [STDERR_REDIRECT] [Fatal Error] :1:1: Premature end of file.
2026-03-27 16:38:09,868 [ERROR] LogOutputStream:75 - [STDERR_REDIRECT] 
2026-03-27 16:38:10,894 [ERROR] LogOutputStream:75 - [STDERR_REDIRECT] [Fatal Error] :1:1: Premature end of file.
2026-03-27 16:38:10,894 [ERROR] LogOutputStream:75 - [STDERR_REDIRECT] 
2026-03-27 16:38:11,878 [ERROR] LogOutputStream:75 - [STDERR_REDIRECT] [Fatal Error] :1:1: Premature end of file.
2026-03-27 16:38:11,878 [ERROR] LogOutputStream:75 - [STDERR_REDIRECT] 
2026-03-27 16:38:12,881 [ERROR] LogOutputStream:75 - [STDERR_REDIRECT] [Fatal Error] :1:1: Premature end of file.
2026-03-27 16:38:12,881 [ERROR] LogOutputStream:75 - [STDERR_REDIRECT] 
2026-03-27 16:38:13,878 [ERROR] LogOutputStream:75 - [STDERR_REDIRECT] [Fatal Error] :1:1: Premature end of file.
2026-03-27 16:38:13,878 [ERROR] LogOutputStream:75 - [STDERR_REDIRECT] 
2026-03-27 16:38:14,870 [ERROR] LogOutputStream:75 - [STDERR_REDIRECT] [Fatal Error] :1:1: Premature end of file.
2026-03-27 16:38:14,870 [ERROR] LogOutputStream:75 - [STDERR_REDIRECT] 
2026-03-27 16:38:15,877 [ERROR] LogOutputStream:75 - [STDERR_REDIRECT] [Fatal Error] :1:1: Premature end of file.
2026-03-27 16:38:15,877 [ERROR] LogOutputStream:75 - [STDERR_REDIRECT] 
2026-03-27 16:38:16,877 [ERROR] LogOutputStream:75 - [STDERR_REDIRECT] [Fatal Error] :1:1: Premature end of file.
2026-03-27 16:38:16,877 [ERROR] LogOutputStream:75 - [STDERR_REDIRECT] 
2026-03-27 16:38:17,882 [ERROR] LogOutputStream:75 - [STDERR_REDIRECT] [Fatal Error] :1:1: Premature end of file.
2026-03-27 16:38:17,884 [ERROR] LogOutputStream:75 - [STDERR_REDIRECT] 
2026-03-27 16:38:18,876 [ERROR] LogOutputStream:75 - [STDERR_REDIRECT] [Fatal Error] :1:1: Premature end of file.
2026-03-27 16:38:18,876 [ERROR] LogOutputStream:75 - [STDERR_REDIRECT] 
2026-03-27 16:38:19,878 [ERROR] LogOutputStream:75 - [STDERR_REDIRECT] [Fatal Error] :1:1: Premature end of file.
2026-03-27 16:38:19,878 [ERROR] LogOutputStream:75 - [STDERR_REDIRECT] 
2026-03-27 16:38:20,890 [ERROR] LogOutputStream:75 - [STDERR_REDIRECT] [Fatal Error] :1:1: Premature end of file.
2026-03-27 16:38:20,890 [ERROR] LogOutputStream:75 - [STDERR_REDIRECT] 
2026-03-27 16:38:21,883 [ERROR] LogOutputStream:75 - [STDERR_REDIRECT] [Fatal Error] :1:1: Premature end of file.
2026-03-27 16:38:21,883 [ERROR] LogOutputStream:75 - [STDERR_REDIRECT] 
2026-03-27 16:38:22,874 [ERROR] LogOutputStream:75 - [STDERR_REDIRECT] [Fatal Error] :1:1: Premature end of file.
2026-03-27 16:38:22,876 [ERROR] LogOutputStream:75 - [STDERR_REDIRECT] 
2026-03-27 16:38:23,881 [ERROR] LogOutputStream:75 - [STDERR_REDIRECT] [Fatal Error] :1:1: Premature end of file.
2026-03-27 16:38:23,881 [ERROR] LogOutputStream:75 - [STDERR_REDIRECT] 
2026-03-27 16:38:24,889 [ERROR] LogOutputStream:75 - [STDERR_REDIRECT] [Fatal Error] :1:1: Premature end of file.
2026-03-27 16:38:24,889 [ERROR] LogOutputStream:75 - [STDERR_REDIRECT] 
2026-03-27 16:38:25,890 [ERROR] LogOutputStream:75 - [STDERR_REDIRECT] [Fatal Error] :1:1: Premature end of file.
2026-03-27 16:38:25,890 [ERROR] LogOutputStream:75 - [STDERR_REDIRECT] 
2026-03-27 16:38:26,871 [ERROR] LogOutputStream:75 - [STDERR_REDIRECT] [Fatal Error] :1:1: Premature end of file.
2026-03-27 16:38:26,871 [ERROR] LogOutputStream:75 - [STDERR_REDIRECT] 
2026-03-27 16:38:27,895 [ERROR] LogOutputStream:75 - [STDERR_REDIRECT] [Fatal Error] :1:1: Premature end of file.
2026-03-27 16:38:27,895 [ERROR] LogOutputStream:75 - [STDERR_REDIRECT] 
2026-03-27 16:38:28,897 [ERROR] LogOutputStream:75 - [STDERR_REDIRECT] [Fatal Error] :1:1: Premature end of file.
2026-03-27 16:38:28,897 [ERROR] LogOutputStream:75 - [STDERR_REDIRECT] 
2026-03-27 16:38:29,881 [ERROR] LogOutputStream:75 - [STDERR_REDIRECT] [Fatal Error] :1:1: Premature end of file.
2026-03-27 16:38:29,881 [ERROR] LogOutputStream:75 - [STDERR_REDIRECT] 
2026-03-27 16:38:30,904 [ERROR] LogOutputStream:75 - [STDERR_REDIRECT] [Fatal Error] :1:1: Premature end of file.
2026-03-27 16:38:30,904 [ERROR] LogOutputStream:75 - [STDERR_REDIRECT] 
2026-03-27 16:38:31,891 [ERROR] LogOutputStream:75 - [STDERR_REDIRECT] [Fatal Error] :1:1: Premature end of file.
2026-03-27 16:38:31,891 [ERROR] LogOutputStream:75 - [STDERR_REDIRECT] 
2026-03-27 16:38:32,883 [ERROR] LogOutputStream:75 - [STDERR_REDIRECT] [Fatal Error] :1:1: Premature end of file.
2026-03-27 16:38:32,883 [ERROR] LogOutputStream:75 - [STDERR_REDIRECT] 
2026-03-27 16:38:33,880 [ERROR] LogOutputStream:75 - [STDERR_REDIRECT] [Fatal Error] :1:1: Premature end of file.
2026-03-27 16:38:33,886 [ERROR] LogOutputStream:75 - [STDERR_REDIRECT] 
2026-03-27 16:38:34,896 [ERROR] LogOutputStream:75 - [STDERR_REDIRECT] [Fatal Error] :1:1: Premature end of file.
2026-03-27 16:38:34,896 [ERROR] LogOutputStream:75 - [STDERR_REDIRECT] 
2026-03-27 16:38:35,893 [ERROR] LogOutputStream:75 - [STDERR_REDIRECT] [Fatal Error] :1:1: Premature end of file.
2026-03-27 16:38:35,893 [ERROR] LogOutputStream:75 - [STDERR_REDIRECT] 
2026-03-27 16:38:36,887 [ERROR] LogOutputStream:75 - [STDERR_REDIRECT] [Fatal Error] :1:1: Premature end of file.
2026-03-27 16:38:36,890 [ERROR] LogOutputStream:75 - [STDERR_REDIRECT] 
2026-03-27 16:38:37,886 [ERROR] LogOutputStream:75 - [STDERR_REDIRECT] [Fatal Error] :1:1: Premature end of file.
2026-03-27 16:38:37,886 [ERROR] LogOutputStream:75 - [STDERR_REDIRECT] 
2026-03-27 16:38:38,870 [ERROR] LogOutputStream:75 - [STDERR_REDIRECT] [Fatal Error] :1:1: Premature end of file.
2026-03-27 16:38:38,870 [ERROR] LogOutputStream:75 - [STDERR_REDIRECT] 
2026-03-27 16:38:39,868 [ERROR] LogOutputStream:75 - [STDERR_REDIRECT] [Fatal Error] :1:1: Premature end of file.
2026-03-27 16:38:39,868 [ERROR] LogOutputStream:75 - [STDERR_REDIRECT] 
2026-03-27 16:38:40,878 [ERROR] LogOutputStream:75 - [STDERR_REDIRECT] [Fatal Error] :1:1: Premature end of file.
2026-03-27 16:38:40,878 [ERROR] LogOutputStream:75 - [STDERR_REDIRECT] 
2026-03-27 16:38:41,879 [ERROR] LogOutputStream:75 - [STDERR_REDIRECT] [Fatal Error] :1:1: Premature end of file.
2026-03-27 16:38:41,879 [ERROR] LogOutputStream:75 - [STDERR_REDIRECT] 
2026-03-27 16:38:42,883 [ERROR] LogOutputStream:75 - [STDERR_REDIRECT] [Fatal Error] :1:1: Premature end of file.
2026-03-27 16:38:42,883 [ERROR] LogOutputStream:75 - [STDERR_REDIRECT] 
2026-03-27 16:38:43,881 [ERROR] LogOutputStream:75 - [STDERR_REDIRECT] [Fatal Error] :1:1: Premature end of file.
2026-03-27 16:38:43,881 [ERROR] LogOutputStream:75 - [STDERR_REDIRECT] 
2026-03-27 16:38:44,883 [ERROR] LogOutputStream:75 - [STDERR_REDIRECT] [Fatal Error] :1:1: Premature end of file.
2026-03-27 16:38:44,883 [ERROR] LogOutputStream:75 - [STDERR_REDIRECT] 
2026-03-27 16:38:45,874 [ERROR] LogOutputStream:75 - [STDERR_REDIRECT] [Fatal Error] :1:1: Premature end of file.
2026-03-27 16:38:45,874 [ERROR] LogOutputStream:75 - [STDERR_REDIRECT] 
2026-03-27 16:38:46,878 [ERROR] LogOutputStream:75 - [STDERR_REDIRECT] [Fatal Error] :1:1: Premature end of file.
2026-03-27 16:38:46,878 [ERROR] LogOutputStream:75 - [STDERR_REDIRECT] 
2026-03-27 16:38:47,873 [ERROR] LogOutputStream:75 - [STDERR_REDIRECT] [Fatal Error] :1:1: Premature end of file.
2026-03-27 16:38:47,873 [ERROR] LogOutputStream:75 - [STDERR_REDIRECT] 
2026-03-27 16:38:48,882 [ERROR] LogOutputStream:75 - [STDERR_REDIRECT] [Fatal Error] :1:1: Premature end of file.
2026-03-27 16:38:48,882 [ERROR] LogOutputStream:75 - [STDERR_REDIRECT] 
2026-03-27 16:38:49,881 [ERROR] LogOutputStream:75 - [STDERR_REDIRECT] [Fatal Error] :1:1: Premature end of file.
2026-03-27 16:38:49,881 [ERROR] LogOutputStream:75 - [STDERR_REDIRECT] 
2026-03-27 16:38:50,886 [ERROR] LogOutputStream:75 - [STDERR_REDIRECT] [Fatal Error] :1:1: Premature end of file.
2026-03-27 16:38:50,886 [ERROR] LogOutputStream:75 - [STDERR_REDIRECT] 
2026-03-27 16:38:51,893 [ERROR] LogOutputStream:75 - [STDERR_REDIRECT] [Fatal Error] :1:1: Premature end of file.
2026-03-27 16:38:51,893 [ERROR] LogOutputStream:75 - [STDERR_REDIRECT] 
2026-03-27 16:38:52,882 [ERROR] LogOutputStream:75 - [STDERR_REDIRECT] [Fatal Error] :1:1: Premature end of file.
2026-03-27 16:38:52,882 [ERROR] LogOutputStream:75 - [STDERR_REDIRECT] 
2026-03-27 16:38:53,881 [ERROR] LogOutputStream:75 - [STDERR_REDIRECT] [Fatal Error] :1:1: Premature end of file.
2026-03-27 16:38:53,881 [ERROR] LogOutputStream:75 - [STDERR_REDIRECT] 
2026-03-27 16:38:54,894 [ERROR] LogOutputStream:75 - [STDERR_REDIRECT] [Fatal Error] :1:1: Premature end of file.
2026-03-27 16:38:54,895 [ERROR] LogOutputStream:75 - [STDERR_REDIRECT] 
2026-03-27 16:38:55,879 [ERROR] LogOutputStream:75 - [STDERR_REDIRECT] [Fatal Error] :1:1: Premature end of file.
2026-03-27 16:38:55,892 [ERROR] LogOutputStream:75 - [STDERR_REDIRECT] 
2026-03-27 16:38:56,870 [ERROR] LogOutputStream:75 - [STDERR_REDIRECT] [Fatal Error] :1:1: Premature end of file.
2026-03-27 16:38:56,870 [ERROR] LogOutputStream:75 - [STDERR_REDIRECT] 
2026-03-27 16:38:57,881 [ERROR] LogOutputStream:75 - [STDERR_REDIRECT] [Fatal Error] :1:1: Premature end of file.
2026-03-27 16:38:57,881 [ERROR] LogOutputStream:75 - [STDERR_REDIRECT] 
2026-03-27 16:38:58,882 [ERROR] LogOutputStream:75 - [STDERR_REDIRECT] [Fatal Error] :1:1: Premature end of file.
2026-03-27 16:38:58,882 [ERROR] LogOutputStream:75 - [STDERR_REDIRECT] 
2026-03-27 16:38:59,889 [ERROR] LogOutputStream:75 - [STDERR_REDIRECT] [Fatal Error] :1:1: Premature end of file.
2026-03-27 16:38:59,889 [ERROR] LogOutputStream:75 - [STDERR_REDIRECT] 
2026-03-27 16:39:00,894 [ERROR] LogOutputStream:75 - [STDERR_REDIRECT] [Fatal Error] :1:1: Premature end of file.
2026-03-27 16:39:00,894 [ERROR] LogOutputStream:75 - [STDERR_REDIRECT] 
2026-03-27 16:39:01,885 [ERROR] LogOutputStream:75 - [STDERR_REDIRECT] [Fatal Error] :1:1: Premature end of file.
2026-03-27 16:39:01,885 [ERROR] LogOutputStream:75 - [STDERR_REDIRECT] 
2026-03-27 16:39:02,869 [ERROR] LogOutputStream:75 - [STDERR_REDIRECT] [Fatal Error] :1:1: Premature end of file.
2026-03-27 16:39:02,869 [ERROR] LogOutputStream:75 - [STDERR_REDIRECT] 
2026-03-27 16:39:03,869 [ERROR] LogOutputStream:75 - [STDERR_REDIRECT] [Fatal Error] :1:1: Premature end of file.
2026-03-27 16:39:03,869 [ERROR] LogOutputStream:75 - [STDERR_REDIRECT] 
2026-03-27 16:39:04,892 [ERROR] LogOutputStream:75 - [STDERR_REDIRECT] [Fatal Error] :1:1: Premature end of file.
2026-03-27 16:39:04,892 [ERROR] LogOutputStream:75 - [STDERR_REDIRECT] 
2026-03-27 16:39:05,874 [ERROR] LogOutputStream:75 - [STDERR_REDIRECT] [Fatal Error] :1:1: Premature end of file.
2026-03-27 16:39:05,874 [ERROR] LogOutputStream:75 - [STDERR_REDIRECT] 
2026-03-27 16:39:06,890 [ERROR] LogOutputStream:75 - [STDERR_REDIRECT] [Fatal Error] :1:1: Premature end of file.
2026-03-27 16:39:06,891 [ERROR] LogOutputStream:75 - [STDERR_REDIRECT] 
2026-03-27 16:39:07,881 [ERROR] LogOutputStream:75 - [STDERR_REDIRECT] [Fatal Error] :1:1: Premature end of file.
2026-03-27 16:39:07,881 [ERROR] LogOutputStream:75 - [STDERR_REDIRECT] 
2026-03-27 16:39:08,886 [ERROR] LogOutputStream:75 - [STDERR_REDIRECT] [Fatal Error] :1:1: Premature end of file.
2026-03-27 16:39:08,886 [ERROR] LogOutputStream:75 - [STDERR_REDIRECT] 
2026-03-27 16:39:09,882 [ERROR] LogOutputStream:75 - [STDERR_REDIRECT] [Fatal Error] :1:1: Premature end of file.
2026-03-27 16:39:09,884 [ERROR] LogOutputStream:75 - [STDERR_REDIRECT] 
2026-03-27 16:39:10,881 [ERROR] LogOutputStream:75 - [STDERR_REDIRECT] [Fatal Error] :1:1: Premature end of file.
2026-03-27 16:39:10,881 [ERROR] LogOutputStream:75 - [STDERR_REDIRECT] 
2026-03-27 16:39:11,888 [ERROR] LogOutputStream:75 - [STDERR_REDIRECT] [Fatal Error] :1:1: Premature end of file.
2026-03-27 16:39:11,888 [ERROR] LogOutputStream:75 - [STDERR_REDIRECT] 
2026-03-27 16:39:12,880 [ERROR] LogOutputStream:75 - [STDERR_REDIRECT] [Fatal Error] :1:1: Premature end of file.
2026-03-27 16:39:12,880 [ERROR] LogOutputStream:75 - [STDERR_REDIRECT] 
2026-03-27 16:39:13,879 [ERROR] LogOutputStream:75 - [STDERR_REDIRECT] [Fatal Error] :1:1: Premature end of file.
2026-03-27 16:39:13,879 [ERROR] LogOutputStream:75 - [STDERR_REDIRECT] 
2026-03-27 16:39:14,880 [ERROR] LogOutputStream:75 - [STDERR_REDIRECT] [Fatal Error] :1:1: Premature end of file.
2026-03-27 16:39:14,880 [ERROR] LogOutputStream:75 - [STDERR_REDIRECT] 
2026-03-27 16:39:15,880 [ERROR] LogOutputStream:75 - [STDERR_REDIRECT] [Fatal Error] :1:1: Premature end of file.
2026-03-27 16:39:15,880 [ERROR] LogOutputStream:75 - [STDERR_REDIRECT] 
2026-03-27 16:39:16,870 [ERROR] LogOutputStream:75 - [STDERR_REDIRECT] [Fatal Error] :1:1: Premature end of file.
2026-03-27 16:39:16,870 [ERROR] LogOutputStream:75 - [STDERR_REDIRECT] 
2026-03-27 16:39:17,888 [ERROR] LogOutputStream:75 - [STDERR_REDIRECT] [Fatal Error] :1:1: Premature end of file.
2026-03-27 16:39:17,888 [ERROR] LogOutputStream:75 - [STDERR_REDIRECT] 
2026-03-27 16:39:18,887 [ERROR] LogOutputStream:75 - [STDERR_REDIRECT] [Fatal Error] :1:1: Premature end of file.
2026-03-27 16:39:18,887 [ERROR] LogOutputStream:75 - [STDERR_REDIRECT] 
2026-03-27 16:39:19,881 [ERROR] LogOutputStream:75 - [STDERR_REDIRECT] [Fatal Error] :1:1: Premature end of file.
2026-03-27 16:39:19,881 [ERROR] LogOutputStream:75 - [STDERR_REDIRECT] 
2026-03-27 16:39:20,881 [ERROR] LogOutputStream:75 - [STDERR_REDIRECT] [Fatal Error] :1:1: Premature end of file.
2026-03-27 16:39:20,881 [ERROR] LogOutputStream:75 - [STDERR_REDIRECT] 
2026-03-27 16:39:21,882 [ERROR] LogOutputStream:75 - [STDERR_REDIRECT] [Fatal Error] :1:1: Premature end of file.
2026-03-27 16:39:21,882 [ERROR] LogOutputStream:75 - [STDERR_REDIRECT] 
2026-03-27 16:39:22,888 [ERROR] LogOutputStream:75 - [STDERR_REDIRECT] [Fatal Error] :1:1: Premature end of file.
2026-03-27 16:39:22,888 [ERROR] LogOutputStream:75 - [STDERR_REDIRECT] 
2026-03-27 16:39:23,884 [ERROR] LogOutputStream:75 - [STDERR_REDIRECT] [Fatal Error] :1:1: Premature end of file.
2026-03-27 16:39:23,884 [ERROR] LogOutputStream:75 - [STDERR_REDIRECT] 
2026-03-27 16:39:24,882 [ERROR] LogOutputStream:75 - [STDERR_REDIRECT] [Fatal Error] :1:1: Premature end of file.
2026-03-27 16:39:24,882 [ERROR] LogOutputStream:75 - [STDERR_REDIRECT] 
2026-03-27 16:39:25,881 [ERROR] LogOutputStream:75 - [STDERR_REDIRECT] [Fatal Error] :1:1: Premature end of file.
2026-03-27 16:39:25,881 [ERROR] LogOutputStream:75 - [STDERR_REDIRECT] 
2026-03-27 16:39:26,885 [ERROR] LogOutputStream:75 - [STDERR_REDIRECT] [Fatal Error] :1:1: Premature end of file.
2026-03-27 16:39:26,885 [ERROR] LogOutputStream:75 - [STDERR_REDIRECT] 
2026-03-27 16:39:27,893 [ERROR] LogOutputStream:75 - [STDERR_REDIRECT] [Fatal Error] :1:1: Premature end of file.
2026-03-27 16:39:27,893 [ERROR] LogOutputStream:75 - [STDERR_REDIRECT] 
2026-03-27 16:39:28,889 [ERROR] LogOutputStream:75 - [STDERR_REDIRECT] [Fatal Error] :1:1: Premature end of file.
2026-03-27 16:39:28,890 [ERROR] LogOutputStream:75 - [STDERR_REDIRECT] 
2026-03-27 16:39:29,883 [ERROR] LogOutputStream:75 - [STDERR_REDIRECT] [Fatal Error] :1:1: Premature end of file.
2026-03-27 16:39:29,883 [ERROR] LogOutputStream:75 - [STDERR_REDIRECT] 
2026-03-27 16:39:30,886 [ERROR] LogOutputStream:75 - [STDERR_REDIRECT] [Fatal Error] :1:1: Premature end of file.
2026-03-27 16:39:30,886 [ERROR] LogOutputStream:75 - [STDERR_REDIRECT] 
2026-03-27 16:39:31,878 [ERROR] LogOutputStream:75 - [STDERR_REDIRECT] [Fatal Error] :1:1: Premature end of file.
2026-03-27 16:39:31,878 [ERROR] LogOutputStream:75 - [STDERR_REDIRECT] 
2026-03-27 16:39:32,872 [ERROR] LogOutputStream:75 - [STDERR_REDIRECT] [Fatal Error] :1:1: Premature end of file.
2026-03-27 16:39:32,872 [ERROR] LogOutputStream:75 - [STDERR_REDIRECT] 
2026-03-27 16:39:33,884 [ERROR] LogOutputStream:75 - [STDERR_REDIRECT] [Fatal Error] :1:1: Premature end of file.
2026-03-27 16:39:33,884 [ERROR] LogOutputStream:75 - [STDERR_REDIRECT] 
2026-03-27 16:39:34,883 [ERROR] LogOutputStream:75 - [STDERR_REDIRECT] [Fatal Error] :1:1: Premature end of file.
2026-03-27 16:39:34,883 [ERROR] LogOutputStream:75 - [STDERR_REDIRECT] 
2026-03-27 16:39:35,882 [ERROR] LogOutputStream:75 - [STDERR_REDIRECT] [Fatal Error] :1:1: Premature end of file.
2026-03-27 16:39:35,882 [ERROR] LogOutputStream:75 - [STDERR_REDIRECT] 
2026-03-27 16:39:36,887 [ERROR] LogOutputStream:75 - [STDERR_REDIRECT] [Fatal Error] :1:1: Premature end of file.
2026-03-27 16:39:36,887 [ERROR] LogOutputStream:75 - [STDERR_REDIRECT] 
2026-03-27 16:39:37,881 [ERROR] LogOutputStream:75 - [STDERR_REDIRECT] [Fatal Error] :1:1: Premature end of file.
2026-03-27 16:39:37,881 [ERROR] LogOutputStream:75 - [STDERR_REDIRECT] 
2026-03-27 16:39:38,891 [ERROR] LogOutputStream:75 - [STDERR_REDIRECT] [Fatal Error] :1:1: Premature end of file.
2026-03-27 16:39:38,891 [ERROR] LogOutputStream:75 - [STDERR_REDIRECT] 
2026-03-27 16:39:39,891 [ERROR] LogOutputStream:75 - [STDERR_REDIRECT] [Fatal Error] :1:1: Premature end of file.
2026-03-27 16:39:39,891 [ERROR] LogOutputStream:75 - [STDERR_REDIRECT] 
2026-03-27 16:39:40,881 [ERROR] LogOutputStream:75 - [STDERR_REDIRECT] [Fatal Error] :1:1: Premature end of file.
2026-03-27 16:39:40,881 [ERROR] LogOutputStream:75 - [STDERR_REDIRECT] 
2026-03-27 16:39:41,869 [ERROR] LogOutputStream:75 - [STDERR_REDIRECT] [Fatal Error] :1:1: Premature end of file.
2026-03-27 16:39:41,869 [ERROR] LogOutputStream:75 - [STDERR_REDIRECT] 
2026-03-27 16:39:42,878 [ERROR] LogOutputStream:75 - [STDERR_REDIRECT] [Fatal Error] :1:1: Premature end of file.
2026-03-27 16:39:42,878 [ERROR] LogOutputStream:75 - [STDERR_REDIRECT] 
2026-03-27 16:39:43,880 [ERROR] LogOutputStream:75 - [STDERR_REDIRECT] [Fatal Error] :1:1: Premature end of file.
2026-03-27 16:39:43,883 [ERROR] LogOutputStream:75 - [STDERR_REDIRECT] 
2026-03-27 16:39:44,878 [ERROR] LogOutputStream:75 - [STDERR_REDIRECT] [Fatal Error] :1:1: Premature end of file.
2026-03-27 16:39:44,878 [ERROR] LogOutputStream:75 - [STDERR_REDIRECT] 
2026-03-27 16:39:45,877 [ERROR] LogOutputStream:75 - [STDERR_REDIRECT] [Fatal Error] :1:1: Premature end of file.
2026-03-27 16:39:45,877 [ERROR] LogOutputStream:75 - [STDERR_REDIRECT] 
2026-03-27 16:39:46,881 [ERROR] LogOutputStream:75 - [STDERR_REDIRECT] [Fatal Error] :1:1: Premature end of file.
2026-03-27 16:39:46,884 [ERROR] LogOutputStream:75 - [STDERR_REDIRECT] 
2026-03-27 16:39:47,869 [ERROR] LogOutputStream:75 - [STDERR_REDIRECT] [Fatal Error] :1:1: Premature end of file.
2026-03-27 16:39:47,869 [ERROR] LogOutputStream:75 - [STDERR_REDIRECT] 
2026-03-27 16:39:48,892 [ERROR] LogOutputStream:75 - [STDERR_REDIRECT] [Fatal Error] :1:1: Premature end of file.
2026-03-27 16:39:48,892 [ERROR] LogOutputStream:75 - [STDERR_REDIRECT] 
2026-03-27 16:39:49,876 [ERROR] LogOutputStream:75 - [STDERR_REDIRECT] [Fatal Error] :1:1: Premature end of file.
2026-03-27 16:39:49,876 [ERROR] LogOutputStream:75 - [STDERR_REDIRECT] 
2026-03-27 16:39:50,895 [ERROR] LogOutputStream:75 - [STDERR_REDIRECT] [Fatal Error] :1:1: Premature end of file.
2026-03-27 16:39:50,895 [ERROR] LogOutputStream:75 - [STDERR_REDIRECT] 
2026-03-27 16:39:51,872 [ERROR] LogOutputStream:75 - [STDERR_REDIRECT] [Fatal Error] :1:1: Premature end of file.
2026-03-27 16:39:51,872 [ERROR] LogOutputStream:75 - [STDERR_REDIRECT] 
2026-03-27 16:39:52,871 [ERROR] LogOutputStream:75 - [STDERR_REDIRECT] [Fatal Error] :1:1: Premature end of file.
2026-03-27 16:39:52,871 [ERROR] LogOutputStream:75 - [STDERR_REDIRECT] 
2026-03-27 16:39:53,885 [ERROR] LogOutputStream:75 - [STDERR_REDIRECT] [Fatal Error] :1:1: Premature end of file.
2026-03-27 16:39:53,898 [ERROR] LogOutputStream:75 - [STDERR_REDIRECT] 
2026-03-27 16:39:54,880 [ERROR] LogOutputStream:75 - [STDERR_REDIRECT] [Fatal Error] :1:1: Premature end of file.
2026-03-27 16:39:54,880 [ERROR] LogOutputStream:75 - [STDERR_REDIRECT] 
2026-03-27 16:39:55,884 [ERROR] LogOutputStream:75 - [STDERR_REDIRECT] [Fatal Error] :1:1: Premature end of file.
2026-03-27 16:39:55,884 [ERROR] LogOutputStream:75 - [STDERR_REDIRECT] 
2026-03-27 16:39:56,870 [ERROR] LogOutputStream:75 - [STDERR_REDIRECT] [Fatal Error] :1:1: Premature end of file.
2026-03-27 16:39:56,870 [ERROR] LogOutputStream:75 - [STDERR_REDIRECT] 
2026-03-27 16:39:58,053 [ERROR] LogOutputStream:75 - [STDERR_REDIRECT] [Fatal Error] :1:1: Premature end of file.
2026-03-27 16:39:58,053 [ERROR] LogOutputStream:75 - [STDERR_REDIRECT] 
2026-03-27 16:39:58,871 [ERROR] LogOutputStream:75 - [STDERR_REDIRECT] [Fatal Error] :1:1: Premature end of file.
2026-03-27 16:39:58,871 [ERROR] LogOutputStream:75 - [STDERR_REDIRECT] 
2026-03-27 16:39:59,869 [ERROR] LogOutputStream:75 - [STDERR_REDIRECT] [Fatal Error] :1:1: Premature end of file.
2026-03-27 16:39:59,869 [ERROR] LogOutputStream:75 - [STDERR_REDIRECT] 
2026-03-27 16:40:00,879 [ERROR] LogOutputStream:75 - [STDERR_REDIRECT] [Fatal Error] :1:1: Premature end of file.
2026-03-27 16:40:00,879 [ERROR] LogOutputStream:75 - [STDERR_REDIRECT] 
2026-03-27 16:40:01,871 [ERROR] LogOutputStream:75 - [STDERR_REDIRECT] [Fatal Error] :1:1: Premature end of file.
2026-03-27 16:40:01,871 [ERROR] LogOutputStream:75 - [STDERR_REDIRECT] 
2026-03-27 16:40:02,875 [ERROR] LogOutputStream:75 - [STDERR_REDIRECT] [Fatal Error] :1:1: Premature end of file.
2026-03-27 16:40:02,879 [ERROR] LogOutputStream:75 - [STDERR_REDIRECT] 
2026-03-27 16:40:03,884 [ERROR] LogOutputStream:75 - [STDERR_REDIRECT] [Fatal Error] :1:1: Premature end of file.
2026-03-27 16:40:03,884 [ERROR] LogOutputStream:75 - [STDERR_REDIRECT] 
2026-03-27 16:40:34,533 [ERROR] LogOutputStream:75 - [STDERR_REDIRECT] [Fatal Error] :1:1: Premature end of file.
2026-03-27 16:40:34,533 [ERROR] LogOutputStream:75 - [STDERR_REDIRECT] 
2026-03-27 16:40:34,604 [ERROR] LogOutputStream:75 - [STDERR_REDIRECT] [Fatal Error] :1:1: Premature end of file.
2026-03-27 16:40:34,604 [ERROR] LogOutputStream:75 - [STDERR_REDIRECT] 
2026-03-27 16:40:34,667 [ERROR] LogOutputStream:75 - [STDERR_REDIRECT] [Fatal Error] :1:1: Premature end of file.
2026-03-27 16:40:34,667 [ERROR] LogOutputStream:75 - [STDERR_REDIRECT] 
2026-03-27 16:40:34,739 [ERROR] LogOutputStream:75 - [STDERR_REDIRECT] [Fatal Error] :1:1: Premature end of file.
2026-03-27 16:40:34,739 [ERROR] LogOutputStream:75 - [STDERR_REDIRECT] 
2026-03-27 16:40:34,802 [ERROR] LogOutputStream:75 - [STDERR_REDIRECT] [Fatal Error] :1:1: Premature end of file.
2026-03-27 16:40:34,802 [ERROR] LogOutputStream:75 - [STDERR_REDIRECT] 
2026-03-27 16:40:34,850 [ERROR] LogOutputStream:75 - [STDERR_REDIRECT] [Fatal Error] :1:1: Premature end of file.
2026-03-27 16:40:34,850 [ERROR] LogOutputStream:75 - [STDERR_REDIRECT] 
2026-03-27 16:40:34,930 [ERROR] LogOutputStream:75 - [STDERR_REDIRECT] [Fatal Error] :1:1: Premature end of file.
2026-03-27 16:40:34,940 [ERROR] LogOutputStream:75 - [STDERR_REDIRECT] 
2026-03-27 16:40:34,993 [ERROR] LogOutputStream:75 - [STDERR_REDIRECT] [Fatal Error] :1:1: Premature end of file.
2026-03-27 16:40:34,993 [ERROR] LogOutputStream:75 - [STDERR_REDIRECT] 
2026-03-27 16:40:35,041 [ERROR] LogOutputStream:75 - [STDERR_REDIRECT] [Fatal Error] :1:1: Premature end of file.
2026-03-27 16:40:35,041 [ERROR] LogOutputStream:75 - [STDERR_REDIRECT] 
2026-03-27 16:40:35,088 [ERROR] LogOutputStream:75 - [STDERR_REDIRECT] [Fatal Error] :1:1: Premature end of file.
2026-03-27 16:40:35,088 [ERROR] LogOutputStream:75 - [STDERR_REDIRECT] 
2026-03-27 16:40:35,144 [ERROR] LogOutputStream:75 - [STDERR_REDIRECT] [Fatal Error] :1:1: Premature end of file.
2026-03-27 16:40:35,144 [ERROR] LogOutputStream:75 - [STDERR_REDIRECT] 
2026-03-27 16:40:35,192 [ERROR] LogOutputStream:75 - [STDERR_REDIRECT] [Fatal Error] :1:1: Premature end of file.
2026-03-27 16:40:35,194 [ERROR] LogOutputStream:75 - [STDERR_REDIRECT] 
2026-03-27 16:40:35,246 [ERROR] LogOutputStream:75 - [STDERR_REDIRECT] [Fatal Error] :1:1: Premature end of file.
2026-03-27 16:40:35,246 [ERROR] LogOutputStream:75 - [STDERR_REDIRECT] 
2026-03-27 16:40:35,285 [ERROR] LogOutputStream:75 - [STDERR_REDIRECT] [Fatal Error] :1:1: Premature end of file.
2026-03-27 16:40:35,285 [ERROR] LogOutputStream:75 - [STDERR_REDIRECT] 
2026-03-27 16:40:35,325 [ERROR] LogOutputStream:75 - [STDERR_REDIRECT] [Fatal Error] :1:1: Premature end of file.
2026-03-27 16:40:35,325 [ERROR] LogOutputStream:75 - [STDERR_REDIRECT] 
2026-03-27 16:40:35,372 [ERROR] LogOutputStream:75 - [STDERR_REDIRECT] [Fatal Error] :1:1: Premature end of file.
2026-03-27 16:40:35,372 [ERROR] LogOutputStream:75 - [STDERR_REDIRECT] 
2026-03-27 16:40:35,425 [ERROR] LogOutputStream:75 - [STDERR_REDIRECT] [Fatal Error] :1:1: Premature end of file.
2026-03-27 16:40:35,425 [ERROR] LogOutputStream:75 - [STDERR_REDIRECT] 
2026-03-27 16:40:35,469 [ERROR] LogOutputStream:75 - [STDERR_REDIRECT] [Fatal Error] :1:1: Premature end of file.
2026-03-27 16:40:35,469 [ERROR] LogOutputStream:75 - [STDERR_REDIRECT] 
2026-03-27 16:40:35,514 [ERROR] LogOutputStream:75 - [STDERR_REDIRECT] [Fatal Error] :1:1: Premature end of file.
2026-03-27 16:40:35,514 [ERROR] LogOutputStream:75 - [STDERR_REDIRECT] 
2026-03-27 16:40:35,561 [ERROR] LogOutputStream:75 - [STDERR_REDIRECT] [Fatal Error] :1:1: Premature end of file.
2026-03-27 16:40:35,561 [ERROR] LogOutputStream:75 - [STDERR_REDIRECT] 
2026-03-27 16:40:35,606 [ERROR] LogOutputStream:75 - [STDERR_REDIRECT] [Fatal Error] :1:1: Premature end of file.
2026-03-27 16:40:35,606 [ERROR] LogOutputStream:75 - [STDERR_REDIRECT] 
2026-03-27 16:40:35,657 [ERROR] LogOutputStream:75 - [STDERR_REDIRECT] [Fatal Error] :1:1: Premature end of file.
2026-03-27 16:40:35,657 [ERROR] LogOutputStream:75 - [STDERR_REDIRECT] 
2026-03-27 16:40:35,717 [ERROR] LogOutputStream:75 - [STDERR_REDIRECT] [Fatal Error] :1:1: Premature end of file.
2026-03-27 16:40:35,717 [ERROR] LogOutputStream:75 - [STDERR_REDIRECT] 
2026-03-27 16:40:35,779 [ERROR] LogOutputStream:75 - [STDERR_REDIRECT] [Fatal Error] :1:1: Premature end of file.
2026-03-27 16:40:35,782 [ERROR] LogOutputStream:75 - [STDERR_REDIRECT] 
2026-03-27 16:40:35,831 [ERROR] LogOutputStream:75 - [STDERR_REDIRECT] [Fatal Error] :1:1: Premature end of file.
2026-03-27 16:40:35,831 [ERROR] LogOutputStream:75 - [STDERR_REDIRECT] 
2026-03-27 16:40:35,892 [ERROR] LogOutputStream:75 - [STDERR_REDIRECT] [Fatal Error] :1:1: Premature end of file.
2026-03-27 16:40:35,892 [ERROR] LogOutputStream:75 - [STDERR_REDIRECT] 
2026-03-27 16:40:35,949 [ERROR] LogOutputStream:75 - [STDERR_REDIRECT] [Fatal Error] :1:1: Premature end of file.
2026-03-27 16:40:35,949 [ERROR] LogOutputStream:75 - [STDERR_REDIRECT] 
2026-03-27 16:40:36,003 [ERROR] LogOutputStream:75 - [STDERR_REDIRECT] [Fatal Error] :1:1: Premature end of file.
2026-03-27 16:40:36,003 [ERROR] LogOutputStream:75 - [STDERR_REDIRECT] 
2026-03-27 16:40:36,060 [ERROR] LogOutputStream:75 - [STDERR_REDIRECT] [Fatal Error] :1:1: Premature end of file.
2026-03-27 16:40:36,062 [ERROR] LogOutputStream:75 - [STDERR_REDIRECT] 
2026-03-27 16:40:36,121 [ERROR] LogOutputStream:75 - [STDERR_REDIRECT] [Fatal Error] :1:1: Premature end of file.
2026-03-27 16:40:36,121 [ERROR] LogOutputStream:75 - [STDERR_REDIRECT] 
2026-03-27 16:40:36,176 [ERROR] LogOutputStream:75 - [STDERR_REDIRECT] [Fatal Error] :1:1: Premature end of file.
2026-03-27 16:40:36,176 [ERROR] LogOutputStream:75 - [STDERR_REDIRECT] 
2026-03-27 16:40:36,242 [ERROR] LogOutputStream:75 - [STDERR_REDIRECT] [Fatal Error] :1:1: Premature end of file.
2026-03-27 16:40:36,242 [ERROR] LogOutputStream:75 - [STDERR_REDIRECT] 
2026-03-27 16:40:36,850 [ERROR] LogOutputStream:75 - [STDERR_REDIRECT] [Fatal Error] :1:1: Premature end of file.
2026-03-27 16:40:36,850 [ERROR] LogOutputStream:75 - [STDERR_REDIRECT] 
2026-03-27 16:40:37,899 [ERROR] LogOutputStream:75 - [STDERR_REDIRECT] [Fatal Error] :1:1: Premature end of file.
2026-03-27 16:40:37,899 [ERROR] LogOutputStream:75 - [STDERR_REDIRECT] 
2026-03-27 16:40:38,868 [ERROR] LogOutputStream:75 - [STDERR_REDIRECT] [Fatal Error] :1:1: Premature end of file.
2026-03-27 16:40:38,868 [ERROR] LogOutputStream:75 - [STDERR_REDIRECT] 
2026-03-27 16:40:39,876 [ERROR] LogOutputStream:75 - [STDERR_REDIRECT] [Fatal Error] :1:1: Premature end of file.
2026-03-27 16:40:39,877 [ERROR] LogOutputStream:75 - [STDERR_REDIRECT] 
2026-03-27 16:40:40,879 [ERROR] LogOutputStream:75 - [STDERR_REDIRECT] [Fatal Error] :1:1: Premature end of file.
2026-03-27 16:40:40,880 [ERROR] LogOutputStream:75 - [STDERR_REDIRECT] 
2026-03-27 16:40:41,876 [ERROR] LogOutputStream:75 - [STDERR_REDIRECT] [Fatal Error] :1:1: Premature end of file.
2026-03-27 16:40:41,876 [ERROR] LogOutputStream:75 - [STDERR_REDIRECT] 
2026-03-27 16:40:42,880 [ERROR] LogOutputStream:75 - [STDERR_REDIRECT] [Fatal Error] :1:1: Premature end of file.
2026-03-27 16:40:42,881 [ERROR] LogOutputStream:75 - [STDERR_REDIRECT] 
2026-03-27 16:40:43,877 [ERROR] LogOutputStream:75 - [STDERR_REDIRECT] [Fatal Error] :1:1: Premature end of file.
2026-03-27 16:40:43,878 [ERROR] LogOutputStream:75 - [STDERR_REDIRECT] 
2026-03-27 16:40:44,860 [ERROR] LogOutputStream:75 - [STDERR_REDIRECT] [Fatal Error] :1:1: Premature end of file.
2026-03-27 16:40:44,860 [ERROR] LogOutputStream:75 - [STDERR_REDIRECT] 
2026-03-27 16:40:45,870 [ERROR] LogOutputStream:75 - [STDERR_REDIRECT] [Fatal Error] :1:1: Premature end of file.
2026-03-27 16:40:45,870 [ERROR] LogOutputStream:75 - [STDERR_REDIRECT] 
2026-03-27 16:40:46,925 [ERROR] LogOutputStream:75 - [STDERR_REDIRECT] [Fatal Error] :1:1: Premature end of file.
2026-03-27 16:40:46,925 [ERROR] LogOutputStream:75 - [STDERR_REDIRECT] 
2026-03-27 16:40:47,995 [ERROR] LogOutputStream:75 - [STDERR_REDIRECT] [Fatal Error] :1:1: Premature end of file.
2026-03-27 16:40:47,995 [ERROR] LogOutputStream:75 - [STDERR_REDIRECT] 
2026-03-27 16:40:48,876 [ERROR] LogOutputStream:75 - [STDERR_REDIRECT] [Fatal Error] :1:1: Premature end of file.
2026-03-27 16:40:48,901 [ERROR] LogOutputStream:75 - [STDERR_REDIRECT] 
2026-03-27 16:40:50,180 [ERROR] LogOutputStream:75 - [STDERR_REDIRECT] [Fatal Error] :1:1: Premature end of file.
2026-03-27 16:40:50,278 [ERROR] LogOutputStream:75 - [STDERR_REDIRECT] 
2026-03-27 16:40:50,860 [ERROR] LogOutputStream:75 - [STDERR_REDIRECT] [Fatal Error] :1:1: Premature end of file.
2026-03-27 16:40:50,860 [ERROR] LogOutputStream:75 - [STDERR_REDIRECT] 
2026-03-27 16:40:51,875 [ERROR] LogOutputStream:75 - [STDERR_REDIRECT] [Fatal Error] :1:1: Premature end of file.
2026-03-27 16:40:51,875 [ERROR] LogOutputStream:75 - [STDERR_REDIRECT] 
2026-03-27 16:40:52,973 [ERROR] LogOutputStream:75 - [STDERR_REDIRECT] [Fatal Error] :1:1: Premature end of file.
2026-03-27 16:40:52,974 [ERROR] LogOutputStream:75 - [STDERR_REDIRECT] 
2026-03-27 16:40:53,876 [ERROR] LogOutputStream:75 - [STDERR_REDIRECT] [Fatal Error] :1:1: Premature end of file.
2026-03-27 16:40:53,877 [ERROR] LogOutputStream:75 - [STDERR_REDIRECT] 
2026-03-27 16:40:54,962 [ERROR] LogOutputStream:75 - [STDERR_REDIRECT] [Fatal Error] :1:1: Premature end of file.
2026-03-27 16:40:54,964 [ERROR] LogOutputStream:75 - [STDERR_REDIRECT] 
2026-03-27 16:40:56,240 [ERROR] LogOutputStream:75 - [STDERR_REDIRECT] [Fatal Error] :1:1: Premature end of file.
2026-03-27 16:40:56,241 [ERROR] LogOutputStream:75 - [STDERR_REDIRECT] 
2026-03-27 16:40:57,231 [ERROR] LogOutputStream:75 - [STDERR_REDIRECT] [Fatal Error] :1:1: Premature end of file.
2026-03-27 16:40:57,300 [ERROR] LogOutputStream:75 - [STDERR_REDIRECT] 
2026-03-27 16:40:58,379 [ERROR] LogOutputStream:75 - [STDERR_REDIRECT] [Fatal Error] :1:1: Premature end of file.
2026-03-27 16:40:58,380 [ERROR] LogOutputStream:75 - [STDERR_REDIRECT] 
2026-03-27 16:40:59,591 [ERROR] LogOutputStream:75 - [STDERR_REDIRECT] [Fatal Error] :1:1: Premature end of file.
2026-03-27 16:40:59,591 [ERROR] LogOutputStream:75 - [STDERR_REDIRECT] 
2026-03-27 16:41:00,152 [ERROR] LogOutputStream:75 - [STDERR_REDIRECT] [Fatal Error] :1:1: Premature end of file.
2026-03-27 16:41:00,153 [ERROR] LogOutputStream:75 - [STDERR_REDIRECT] 
2026-03-27 16:41:01,935 [ERROR] LogOutputStream:75 - [STDERR_REDIRECT] [Fatal Error] :1:1: Premature end of file.
2026-03-27 16:41:01,935 [ERROR] LogOutputStream:75 - [STDERR_REDIRECT] 
2026-03-27 16:41:01,988 [ERROR] LogOutputStream:75 - [STDERR_REDIRECT] [Fatal Error] :1:1: Premature end of file.
2026-03-27 16:41:01,988 [ERROR] LogOutputStream:75 - [STDERR_REDIRECT] 
2026-03-27 16:41:02,861 [ERROR] LogOutputStream:75 - [STDERR_REDIRECT] [Fatal Error] :1:1: Premature end of file.
2026-03-27 16:41:02,861 [ERROR] LogOutputStream:75 - [STDERR_REDIRECT] 
2026-03-27 16:41:03,856 [ERROR] LogOutputStream:75 - [STDERR_REDIRECT] [Fatal Error] :1:1: Premature end of file.
2026-03-27 16:41:03,896 [ERROR] LogOutputStream:75 - [STDERR_REDIRECT] 
2026-03-27 16:41:04,859 [ERROR] LogOutputStream:75 - [STDERR_REDIRECT] [Fatal Error] :1:1: Premature end of file.
2026-03-27 16:41:04,860 [ERROR] LogOutputStream:75 - [STDERR_REDIRECT] 
2026-03-27 16:41:06,089 [ERROR] LogOutputStream:75 - [STDERR_REDIRECT] [Fatal Error] :1:1: Premature end of file.
2026-03-27 16:41:06,090 [ERROR] LogOutputStream:75 - [STDERR_REDIRECT] 
2026-03-27 16:41:06,991 [ERROR] LogOutputStream:75 - [STDERR_REDIRECT] [Fatal Error] :1:1: Premature end of file.
2026-03-27 16:41:06,992 [ERROR] LogOutputStream:75 - [STDERR_REDIRECT] 
2026-03-27 16:41:08,394 [ERROR] LogOutputStream:75 - [STDERR_REDIRECT] [Fatal Error] :1:1: Premature end of file.
2026-03-27 16:41:08,395 [ERROR] LogOutputStream:75 - [STDERR_REDIRECT] 
2026-03-27 16:41:09,063 [ERROR] LogOutputStream:75 - [STDERR_REDIRECT] [Fatal Error] :1:1: Premature end of file.
2026-03-27 16:41:09,064 [ERROR] LogOutputStream:75 - [STDERR_REDIRECT] 
2026-03-27 16:41:10,049 [ERROR] LogOutputStream:75 - [STDERR_REDIRECT] [Fatal Error] :1:1: Premature end of file.
2026-03-27 16:41:10,049 [ERROR] LogOutputStream:75 - [STDERR_REDIRECT] 
2026-03-27 16:41:10,931 [ERROR] LogOutputStream:75 - [STDERR_REDIRECT] [Fatal Error] :1:1: Premature end of file.
2026-03-27 16:41:10,931 [ERROR] LogOutputStream:75 - [STDERR_REDIRECT] 
2026-03-27 16:41:12,688 [ERROR] LogOutputStream:75 - [STDERR_REDIRECT] [Fatal Error] :1:1: Premature end of file.
2026-03-27 16:41:12,689 [ERROR] LogOutputStream:75 - [STDERR_REDIRECT] 
2026-03-27 16:41:13,321 [ERROR] LogOutputStream:75 - [STDERR_REDIRECT] [Fatal Error] :1:1: Premature end of file.
2026-03-27 16:41:13,322 [ERROR] LogOutputStream:75 - [STDERR_REDIRECT] 
2026-03-27 16:41:14,296 [ERROR] LogOutputStream:75 - [STDERR_REDIRECT] [Fatal Error] :1:1: Premature end of file.
2026-03-27 16:41:14,297 [ERROR] LogOutputStream:75 - [STDERR_REDIRECT] 
2026-03-27 16:41:14,846 [ERROR] LogOutputStream:75 - [STDERR_REDIRECT] [Fatal Error] :1:1: Premature end of file.
2026-03-27 16:41:14,886 [ERROR] LogOutputStream:75 - [STDERR_REDIRECT] 
2026-03-27 16:41:15,872 [ERROR] LogOutputStream:75 - [STDERR_REDIRECT] [Fatal Error] :1:1: Premature end of file.
2026-03-27 16:41:15,872 [ERROR] LogOutputStream:75 - [STDERR_REDIRECT] 
2026-03-27 16:41:17,123 [ERROR] LogOutputStream:75 - [STDERR_REDIRECT] [Fatal Error] :1:1: Premature end of file.
2026-03-27 16:41:17,123 [ERROR] LogOutputStream:75 - [STDERR_REDIRECT] 
2026-03-27 16:41:18,071 [ERROR] LogOutputStream:75 - [STDERR_REDIRECT] [Fatal Error] :1:1: Premature end of file.
2026-03-27 16:41:18,071 [ERROR] LogOutputStream:75 - [STDERR_REDIRECT] 
2026-03-27 16:41:18,871 [ERROR] LogOutputStream:75 - [STDERR_REDIRECT] [Fatal Error] :1:1: Premature end of file.
2026-03-27 16:41:19,018 [ERROR] LogOutputStream:75 - [STDERR_REDIRECT] 
2026-03-27 16:41:19,870 [ERROR] LogOutputStream:75 - [STDERR_REDIRECT] [Fatal Error] :1:1: Premature end of file.
2026-03-27 16:41:19,870 [ERROR] LogOutputStream:75 - [STDERR_REDIRECT] 
2026-03-27 16:41:20,869 [ERROR] LogOutputStream:75 - [STDERR_REDIRECT] [Fatal Error] :1:1: Premature end of file.
2026-03-27 16:41:20,870 [ERROR] LogOutputStream:75 - [STDERR_REDIRECT] 
2026-03-27 16:41:21,848 [ERROR] LogOutputStream:75 - [STDERR_REDIRECT] [Fatal Error] :1:1: Premature end of file.
2026-03-27 16:41:21,848 [ERROR] LogOutputStream:75 - [STDERR_REDIRECT] 
2026-03-27 16:41:22,866 [ERROR] LogOutputStream:75 - [STDERR_REDIRECT] [Fatal Error] :1:1: Premature end of file.
2026-03-27 16:41:23,066 [ERROR] LogOutputStream:75 - [STDERR_REDIRECT] 
2026-03-27 16:41:24,663 [ERROR] LogOutputStream:75 - [STDERR_REDIRECT] [Fatal Error] :1:1: Premature end of file.
2026-03-27 16:41:24,665 [ERROR] LogOutputStream:75 - [STDERR_REDIRECT] 
2026-03-27 16:41:24,863 [ERROR] LogOutputStream:75 - [STDERR_REDIRECT] [Fatal Error] :1:1: Premature end of file.
2026-03-27 16:41:24,864 [ERROR] LogOutputStream:75 - [STDERR_REDIRECT] 
2026-03-27 16:41:25,864 [ERROR] LogOutputStream:75 - [STDERR_REDIRECT] [Fatal Error] :1:1: Premature end of file.
2026-03-27 16:41:25,864 [ERROR] LogOutputStream:75 - [STDERR_REDIRECT] 
2026-03-27 16:41:26,856 [ERROR] LogOutputStream:75 - [STDERR_REDIRECT] [Fatal Error] :1:1: Premature end of file.
2026-03-27 16:41:26,856 [ERROR] LogOutputStream:75 - [STDERR_REDIRECT] 
2026-03-27 16:41:27,873 [ERROR] LogOutputStream:75 - [STDERR_REDIRECT] [Fatal Error] :1:1: Premature end of file.
2026-03-27 16:41:27,873 [ERROR] LogOutputStream:75 - [STDERR_REDIRECT] 
2026-03-27 16:41:28,859 [ERROR] LogOutputStream:75 - [STDERR_REDIRECT] [Fatal Error] :1:1: Premature end of file.
2026-03-27 16:41:28,860 [ERROR] LogOutputStream:75 - [STDERR_REDIRECT] 
2026-03-27 16:41:29,846 [ERROR] LogOutputStream:75 - [STDERR_REDIRECT] [Fatal Error] :1:1: Premature end of file.
2026-03-27 16:41:29,846 [ERROR] LogOutputStream:75 - [STDERR_REDIRECT] 
2026-03-27 16:41:30,855 [ERROR] LogOutputStream:75 - [STDERR_REDIRECT] [Fatal Error] :1:1: Premature end of file.
2026-03-27 16:41:30,855 [ERROR] LogOutputStream:75 - [STDERR_REDIRECT] 
2026-03-27 16:41:31,850 [ERROR] LogOutputStream:75 - [STDERR_REDIRECT] [Fatal Error] :1:1: Premature end of file.
2026-03-27 16:41:31,850 [ERROR] LogOutputStream:75 - [STDERR_REDIRECT] 
2026-03-27 16:41:32,867 [ERROR] LogOutputStream:75 - [STDERR_REDIRECT] [Fatal Error] :1:1: Premature end of file.
2026-03-27 16:41:32,867 [ERROR] LogOutputStream:75 - [STDERR_REDIRECT] 
2026-03-27 16:41:33,871 [ERROR] LogOutputStream:75 - [STDERR_REDIRECT] [Fatal Error] :1:1: Premature end of file.
2026-03-27 16:41:33,871 [ERROR] LogOutputStream:75 - [STDERR_REDIRECT] 
2026-03-27 16:41:34,865 [ERROR] LogOutputStream:75 - [STDERR_REDIRECT] [Fatal Error] :1:1: Premature end of file.
2026-03-27 16:41:34,865 [ERROR] LogOutputStream:75 - [STDERR_REDIRECT] 
2026-03-27 16:41:35,871 [ERROR] LogOutputStream:75 - [STDERR_REDIRECT] [Fatal Error] :1:1: Premature end of file.
2026-03-27 16:41:35,872 [ERROR] LogOutputStream:75 - [STDERR_REDIRECT] 
2026-03-27 16:41:36,864 [ERROR] LogOutputStream:75 - [STDERR_REDIRECT] [Fatal Error] :1:1: Premature end of file.
2026-03-27 16:41:36,864 [ERROR] LogOutputStream:75 - [STDERR_REDIRECT] 
2026-03-27 16:41:37,848 [ERROR] LogOutputStream:75 - [STDERR_REDIRECT] [Fatal Error] :1:1: Premature end of file.
2026-03-27 16:41:37,848 [ERROR] LogOutputStream:75 - [STDERR_REDIRECT] 
2026-03-27 16:41:38,865 [ERROR] LogOutputStream:75 - [STDERR_REDIRECT] [Fatal Error] :1:1: Premature end of file.
2026-03-27 16:41:38,865 [ERROR] LogOutputStream:75 - [STDERR_REDIRECT] 
2026-03-27 16:41:39,867 [ERROR] LogOutputStream:75 - [STDERR_REDIRECT] [Fatal Error] :1:1: Premature end of file.
2026-03-27 16:41:39,867 [ERROR] LogOutputStream:75 - [STDERR_REDIRECT] 
2026-03-27 16:41:40,866 [ERROR] LogOutputStream:75 - [STDERR_REDIRECT] [Fatal Error] :1:1: Premature end of file.
2026-03-27 16:41:40,907 [ERROR] LogOutputStream:75 - [STDERR_REDIRECT] 
2026-03-27 16:41:41,873 [ERROR] LogOutputStream:75 - [STDERR_REDIRECT] [Fatal Error] :1:1: Premature end of file.
2026-03-27 16:41:41,873 [ERROR] LogOutputStream:75 - [STDERR_REDIRECT] 
2026-03-27 16:41:43,050 [ERROR] LogOutputStream:75 - [STDERR_REDIRECT] [Fatal Error] :1:1: Premature end of file.
2026-03-27 16:41:43,050 [ERROR] LogOutputStream:75 - [STDERR_REDIRECT] 
2026-03-27 16:41:43,947 [ERROR] LogOutputStream:75 - [STDERR_REDIRECT] [Fatal Error] :1:1: Premature end of file.
2026-03-27 16:41:43,947 [ERROR] LogOutputStream:75 - [STDERR_REDIRECT] 
2026-03-27 16:41:44,868 [ERROR] LogOutputStream:75 - [STDERR_REDIRECT] [Fatal Error] :1:1: Premature end of file.
2026-03-27 16:41:44,868 [ERROR] LogOutputStream:75 - [STDERR_REDIRECT] 
2026-03-27 16:41:45,869 [ERROR] LogOutputStream:75 - [STDERR_REDIRECT] [Fatal Error] :1:1: Premature end of file.
2026-03-27 16:41:45,869 [ERROR] LogOutputStream:75 - [STDERR_REDIRECT] 
2026-03-27 16:41:49,672 [ERROR] LogOutputStream:75 - [STDERR_REDIRECT] [Fatal Error] :1:1: Premature end of file.
2026-03-27 16:41:49,673 [ERROR] LogOutputStream:75 - [STDERR_REDIRECT] 
2026-03-27 16:41:49,728 [ERROR] LogOutputStream:75 - [STDERR_REDIRECT] [Fatal Error] :1:1: Premature end of file.
2026-03-27 16:41:49,729 [ERROR] LogOutputStream:75 - [STDERR_REDIRECT] 
2026-03-27 16:41:49,765 [ERROR] LogOutputStream:75 - [STDERR_REDIRECT] [Fatal Error] :1:1: Premature end of file.
2026-03-27 16:41:49,766 [ERROR] LogOutputStream:75 - [STDERR_REDIRECT] 
2026-03-27 16:41:49,858 [ERROR] LogOutputStream:75 - [STDERR_REDIRECT] [Fatal Error] :1:1: Premature end of file.
2026-03-27 16:41:49,859 [ERROR] LogOutputStream:75 - [STDERR_REDIRECT] 
2026-03-27 16:41:50,846 [ERROR] LogOutputStream:75 - [STDERR_REDIRECT] [Fatal Error] :1:1: Premature end of file.
2026-03-27 16:41:50,846 [ERROR] LogOutputStream:75 - [STDERR_REDIRECT] 
2026-03-27 16:41:51,864 [ERROR] LogOutputStream:75 - [STDERR_REDIRECT] [Fatal Error] :1:1: Premature end of file.
2026-03-27 16:41:51,866 [ERROR] LogOutputStream:75 - [STDERR_REDIRECT] 
2026-03-27 16:41:52,928 [ERROR] LogOutputStream:75 - [STDERR_REDIRECT] [Fatal Error] :1:1: Premature end of file.
2026-03-27 16:41:52,928 [ERROR] LogOutputStream:75 - [STDERR_REDIRECT] 
2026-03-27 16:41:53,859 [ERROR] LogOutputStream:75 - [STDERR_REDIRECT] [Fatal Error] :1:1: Premature end of file.
2026-03-27 16:41:53,859 [ERROR] LogOutputStream:75 - [STDERR_REDIRECT] 
2026-03-27 16:41:54,846 [ERROR] LogOutputStream:75 - [STDERR_REDIRECT] [Fatal Error] :1:1: Premature end of file.
2026-03-27 16:41:54,846 [ERROR] LogOutputStream:75 - [STDERR_REDIRECT] 
2026-03-27 16:41:55,871 [ERROR] LogOutputStream:75 - [STDERR_REDIRECT] [Fatal Error] :1:1: Premature end of file.
2026-03-27 16:41:55,871 [ERROR] LogOutputStream:75 - [STDERR_REDIRECT] 
2026-03-27 16:41:56,878 [ERROR] LogOutputStream:75 - [STDERR_REDIRECT] [Fatal Error] :1:1: Premature end of file.
2026-03-27 16:41:56,879 [ERROR] LogOutputStream:75 - [STDERR_REDIRECT] 
2026-03-27 16:41:57,868 [ERROR] LogOutputStream:75 - [STDERR_REDIRECT] [Fatal Error] :1:1: Premature end of file.
2026-03-27 16:41:57,868 [ERROR] LogOutputStream:75 - [STDERR_REDIRECT] 
2026-03-27 16:41:58,865 [ERROR] LogOutputStream:75 - [STDERR_REDIRECT] [Fatal Error] :1:1: Premature end of file.
2026-03-27 16:41:58,865 [ERROR] LogOutputStream:75 - [STDERR_REDIRECT] 
2026-03-27 16:41:59,867 [ERROR] LogOutputStream:75 - [STDERR_REDIRECT] [Fatal Error] :1:1: Premature end of file.
2026-03-27 16:41:59,867 [ERROR] LogOutputStream:75 - [STDERR_REDIRECT] 
2026-03-27 16:42:00,869 [ERROR] LogOutputStream:75 - [STDERR_REDIRECT] [Fatal Error] :1:1: Premature end of file.
2026-03-27 16:42:00,869 [ERROR] LogOutputStream:75 - [STDERR_REDIRECT] 
2026-03-27 16:42:01,865 [ERROR] LogOutputStream:75 - [STDERR_REDIRECT] [Fatal Error] :1:1: Premature end of file.
2026-03-27 16:42:01,866 [ERROR] LogOutputStream:75 - [STDERR_REDIRECT] 
2026-03-27 16:42:02,868 [ERROR] LogOutputStream:75 - [STDERR_REDIRECT] [Fatal Error] :1:1: Premature end of file.
2026-03-27 16:42:02,868 [ERROR] LogOutputStream:75 - [STDERR_REDIRECT] 
2026-03-27 16:42:03,844 [ERROR] LogOutputStream:75 - [STDERR_REDIRECT] [Fatal Error] :1:1: Premature end of file.
2026-03-27 16:42:03,844 [ERROR] LogOutputStream:75 - [STDERR_REDIRECT] 
2026-03-27 16:42:04,880 [ERROR] LogOutputStream:75 - [STDERR_REDIRECT] [Fatal Error] :1:1: Premature end of file.
2026-03-27 16:42:04,881 [ERROR] LogOutputStream:75 - [STDERR_REDIRECT] 
2026-03-27 16:42:05,850 [ERROR] LogOutputStream:75 - [STDERR_REDIRECT] [Fatal Error] :1:1: Premature end of file.
2026-03-27 16:42:05,850 [ERROR] LogOutputStream:75 - [STDERR_REDIRECT] 
2026-03-27 16:42:06,871 [ERROR] LogOutputStream:75 - [STDERR_REDIRECT] [Fatal Error] :1:1: Premature end of file.
2026-03-27 16:42:06,871 [ERROR] LogOutputStream:75 - [STDERR_REDIRECT] 
2026-03-27 16:42:07,855 [ERROR] LogOutputStream:75 - [STDERR_REDIRECT] [Fatal Error] :1:1: Premature end of file.
2026-03-27 16:42:07,855 [ERROR] LogOutputStream:75 - [STDERR_REDIRECT] 
2026-03-27 16:42:08,876 [ERROR] LogOutputStream:75 - [STDERR_REDIRECT] [Fatal Error] :1:1: Premature end of file.
2026-03-27 16:42:08,876 [ERROR] LogOutputStream:75 - [STDERR_REDIRECT] 
2026-03-27 16:42:09,869 [ERROR] LogOutputStream:75 - [STDERR_REDIRECT] [Fatal Error] :1:1: Premature end of file.
2026-03-27 16:42:09,869 [ERROR] LogOutputStream:75 - [STDERR_REDIRECT] 
2026-03-27 16:42:10,866 [ERROR] LogOutputStream:75 - [STDERR_REDIRECT] [Fatal Error] :1:1: Premature end of file.
2026-03-27 16:42:10,866 [ERROR] LogOutputStream:75 - [STDERR_REDIRECT] 
2026-03-27 16:42:11,862 [ERROR] LogOutputStream:75 - [STDERR_REDIRECT] [Fatal Error] :1:1: Premature end of file.
2026-03-27 16:42:11,862 [ERROR] LogOutputStream:75 - [STDERR_REDIRECT] 
2026-03-27 16:42:12,856 [ERROR] LogOutputStream:75 - [STDERR_REDIRECT] [Fatal Error] :1:1: Premature end of file.
2026-03-27 16:42:12,856 [ERROR] LogOutputStream:75 - [STDERR_REDIRECT] 
2026-03-27 16:42:13,865 [ERROR] LogOutputStream:75 - [STDERR_REDIRECT] [Fatal Error] :1:1: Premature end of file.
2026-03-27 16:42:13,865 [ERROR] LogOutputStream:75 - [STDERR_REDIRECT] 
2026-03-27 16:42:14,868 [ERROR] LogOutputStream:75 - [STDERR_REDIRECT] [Fatal Error] :1:1: Premature end of file.
2026-03-27 16:42:14,868 [ERROR] LogOutputStream:75 - [STDERR_REDIRECT] 
2026-03-27 16:42:15,864 [ERROR] LogOutputStream:75 - [STDERR_REDIRECT] [Fatal Error] :1:1: Premature end of file.
2026-03-27 16:42:15,864 [ERROR] LogOutputStream:75 - [STDERR_REDIRECT] 
2026-03-27 16:42:16,864 [ERROR] LogOutputStream:75 - [STDERR_REDIRECT] [Fatal Error] :1:1: Premature end of file.
2026-03-27 16:42:16,864 [ERROR] LogOutputStream:75 - [STDERR_REDIRECT] 
2026-03-27 16:42:17,844 [ERROR] LogOutputStream:75 - [STDERR_REDIRECT] [Fatal Error] :1:1: Premature end of file.
2026-03-27 16:42:17,844 [ERROR] LogOutputStream:75 - [STDERR_REDIRECT] 
2026-03-27 16:42:18,842 [ERROR] LogOutputStream:75 - [STDERR_REDIRECT] [Fatal Error] :1:1: Premature end of file.
2026-03-27 16:42:18,842 [ERROR] LogOutputStream:75 - [STDERR_REDIRECT] 
2026-03-27 16:42:19,853 [ERROR] LogOutputStream:75 - [STDERR_REDIRECT] [Fatal Error] :1:1: Premature end of file.
2026-03-27 16:42:19,853 [ERROR] LogOutputStream:75 - [STDERR_REDIRECT] 
2026-03-27 16:42:20,869 [ERROR] LogOutputStream:75 - [STDERR_REDIRECT] [Fatal Error] :1:1: Premature end of file.
2026-03-27 16:42:20,869 [ERROR] LogOutputStream:75 - [STDERR_REDIRECT] 
2026-03-27 16:42:21,853 [ERROR] LogOutputStream:75 - [STDERR_REDIRECT] [Fatal Error] :1:1: Premature end of file.
2026-03-27 16:42:21,853 [ERROR] LogOutputStream:75 - [STDERR_REDIRECT] 
2026-03-27 16:42:22,844 [ERROR] LogOutputStream:75 - [STDERR_REDIRECT] [Fatal Error] :1:1: Premature end of file.
2026-03-27 16:42:22,844 [ERROR] LogOutputStream:75 - [STDERR_REDIRECT] 
2026-03-27 16:42:23,856 [ERROR] LogOutputStream:75 - [STDERR_REDIRECT] [Fatal Error] :1:1: Premature end of file.
2026-03-27 16:42:23,856 [ERROR] LogOutputStream:75 - [STDERR_REDIRECT] 
2026-03-27 16:42:24,844 [ERROR] LogOutputStream:75 - [STDERR_REDIRECT] [Fatal Error] :1:1: Premature end of file.
2026-03-27 16:42:24,844 [ERROR] LogOutputStream:75 - [STDERR_REDIRECT] 
2026-03-27 16:42:25,870 [ERROR] LogOutputStream:75 - [STDERR_REDIRECT] [Fatal Error] :1:1: Premature end of file.
2026-03-27 16:42:25,870 [ERROR] LogOutputStream:75 - [STDERR_REDIRECT] 
2026-03-27 16:42:26,868 [ERROR] LogOutputStream:75 - [STDERR_REDIRECT] [Fatal Error] :1:1: Premature end of file.
2026-03-27 16:42:26,868 [ERROR] LogOutputStream:75 - [STDERR_REDIRECT] 
2026-03-27 16:42:27,838 [ERROR] LogOutputStream:75 - [STDERR_REDIRECT] [Fatal Error] :1:1: Premature end of file.
2026-03-27 16:42:27,838 [ERROR] LogOutputStream:75 - [STDERR_REDIRECT] 
2026-03-27 16:42:28,887 [ERROR] LogOutputStream:75 - [STDERR_REDIRECT] [Fatal Error] :1:1: Premature end of file.
2026-03-27 16:42:28,887 [ERROR] LogOutputStream:75 - [STDERR_REDIRECT] 
2026-03-27 16:42:29,868 [ERROR] LogOutputStream:75 - [STDERR_REDIRECT] [Fatal Error] :1:1: Premature end of file.
2026-03-27 16:42:29,868 [ERROR] LogOutputStream:75 - [STDERR_REDIRECT] 
2026-03-27 16:42:30,867 [ERROR] LogOutputStream:75 - [STDERR_REDIRECT] [Fatal Error] :1:1: Premature end of file.
2026-03-27 16:42:30,867 [ERROR] LogOutputStream:75 - [STDERR_REDIRECT] 
2026-03-27 16:42:31,869 [ERROR] LogOutputStream:75 - [STDERR_REDIRECT] [Fatal Error] :1:1: Premature end of file.
2026-03-27 16:42:31,870 [ERROR] LogOutputStream:75 - [STDERR_REDIRECT] 
2026-03-27 16:42:32,868 [ERROR] LogOutputStream:75 - [STDERR_REDIRECT] [Fatal Error] :1:1: Premature end of file.
2026-03-27 16:42:32,868 [ERROR] LogOutputStream:75 - [STDERR_REDIRECT] 
2026-03-27 16:42:33,860 [ERROR] LogOutputStream:75 - [STDERR_REDIRECT] [Fatal Error] :1:1: Premature end of file.
2026-03-27 16:42:33,860 [ERROR] LogOutputStream:75 - [STDERR_REDIRECT] 
2026-03-27 16:42:34,880 [ERROR] LogOutputStream:75 - [STDERR_REDIRECT] [Fatal Error] :1:1: Premature end of file.
2026-03-27 16:42:34,880 [ERROR] LogOutputStream:75 - [STDERR_REDIRECT] 
2026-03-27 16:42:35,875 [ERROR] LogOutputStream:75 - [STDERR_REDIRECT] [Fatal Error] :1:1: Premature end of file.
2026-03-27 16:42:35,875 [ERROR] LogOutputStream:75 - [STDERR_REDIRECT] 
2026-03-27 16:42:36,870 [ERROR] LogOutputStream:75 - [STDERR_REDIRECT] [Fatal Error] :1:1: Premature end of file.
2026-03-27 16:42:36,870 [ERROR] LogOutputStream:75 - [STDERR_REDIRECT] 
2026-03-27 16:42:37,868 [ERROR] LogOutputStream:75 - [STDERR_REDIRECT] [Fatal Error] :1:1: Premature end of file.
2026-03-27 16:42:37,868 [ERROR] LogOutputStream:75 - [STDERR_REDIRECT] 
2026-03-27 16:42:38,865 [ERROR] LogOutputStream:75 - [STDERR_REDIRECT] [Fatal Error] :1:1: Premature end of file.
2026-03-27 16:42:38,865 [ERROR] LogOutputStream:75 - [STDERR_REDIRECT] 
2026-03-27 16:42:39,868 [ERROR] LogOutputStream:75 - [STDERR_REDIRECT] [Fatal Error] :1:1: Premature end of file.
2026-03-27 16:42:39,868 [ERROR] LogOutputStream:75 - [STDERR_REDIRECT] 
2026-03-27 16:42:40,860 [ERROR] LogOutputStream:75 - [STDERR_REDIRECT] [Fatal Error] :1:1: Premature end of file.
2026-03-27 16:42:40,860 [ERROR] LogOutputStream:75 - [STDERR_REDIRECT] 
2026-03-27 16:42:41,847 [ERROR] LogOutputStream:75 - [STDERR_REDIRECT] [Fatal Error] :1:1: Premature end of file.
2026-03-27 16:42:41,847 [ERROR] LogOutputStream:75 - [STDERR_REDIRECT] 
2026-03-27 16:42:42,852 [ERROR] LogOutputStream:75 - [STDERR_REDIRECT] [Fatal Error] :1:1: Premature end of file.
2026-03-27 16:42:42,852 [ERROR] LogOutputStream:75 - [STDERR_REDIRECT] 
2026-03-27 16:42:43,864 [ERROR] LogOutputStream:75 - [STDERR_REDIRECT] [Fatal Error] :1:1: Premature end of file.
2026-03-27 16:42:43,864 [ERROR] LogOutputStream:75 - [STDERR_REDIRECT] 
2026-03-27 16:42:44,859 [ERROR] LogOutputStream:75 - [STDERR_REDIRECT] [Fatal Error] :1:1: Premature end of file.
2026-03-27 16:42:44,859 [ERROR] LogOutputStream:75 - [STDERR_REDIRECT] 
2026-03-27 16:42:45,847 [ERROR] LogOutputStream:75 - [STDERR_REDIRECT] [Fatal Error] :1:1: Premature end of file.
2026-03-27 16:42:45,847 [ERROR] LogOutputStream:75 - [STDERR_REDIRECT] 
2026-03-27 16:42:46,851 [ERROR] LogOutputStream:75 - [STDERR_REDIRECT] [Fatal Error] :1:1: Premature end of file.
2026-03-27 16:42:46,851 [ERROR] LogOutputStream:75 - [STDERR_REDIRECT] 
2026-03-27 16:42:47,850 [ERROR] LogOutputStream:75 - [STDERR_REDIRECT] [Fatal Error] :1:1: Premature end of file.
2026-03-27 16:42:47,850 [ERROR] LogOutputStream:75 - [STDERR_REDIRECT] 
2026-03-27 16:42:48,859 [ERROR] LogOutputStream:75 - [STDERR_REDIRECT] [Fatal Error] :1:1: Premature end of file.
2026-03-27 16:42:48,859 [ERROR] LogOutputStream:75 - [STDERR_REDIRECT] 
2026-03-27 16:42:49,854 [ERROR] LogOutputStream:75 - [STDERR_REDIRECT] [Fatal Error] :1:1: Premature end of file.
2026-03-27 16:42:49,854 [ERROR] LogOutputStream:75 - [STDERR_REDIRECT] 
2026-03-27 16:42:50,862 [ERROR] LogOutputStream:75 - [STDERR_REDIRECT] [Fatal Error] :1:1: Premature end of file.
2026-03-27 16:42:50,862 [ERROR] LogOutputStream:75 - [STDERR_REDIRECT] 
2026-03-27 16:42:51,859 [ERROR] LogOutputStream:75 - [STDERR_REDIRECT] [Fatal Error] :1:1: Premature end of file.
2026-03-27 16:42:51,860 [ERROR] LogOutputStream:75 - [STDERR_REDIRECT] 
2026-03-27 16:42:52,845 [ERROR] LogOutputStream:75 - [STDERR_REDIRECT] [Fatal Error] :1:1: Premature end of file.
2026-03-27 16:42:52,845 [ERROR] LogOutputStream:75 - [STDERR_REDIRECT] 
2026-03-27 16:42:53,851 [ERROR] LogOutputStream:75 - [STDERR_REDIRECT] [Fatal Error] :1:1: Premature end of file.
2026-03-27 16:42:53,851 [ERROR] LogOutputStream:75 - [STDERR_REDIRECT] 
2026-03-27 16:42:54,846 [ERROR] LogOutputStream:75 - [STDERR_REDIRECT] [Fatal Error] :1:1: Premature end of file.
2026-03-27 16:42:54,846 [ERROR] LogOutputStream:75 - [STDERR_REDIRECT] 
2026-03-27 16:42:55,875 [ERROR] LogOutputStream:75 - [STDERR_REDIRECT] [Fatal Error] :1:1: Premature end of file.
2026-03-27 16:42:55,875 [ERROR] LogOutputStream:75 - [STDERR_REDIRECT] 
2026-03-27 16:42:56,866 [ERROR] LogOutputStream:75 - [STDERR_REDIRECT] [Fatal Error] :1:1: Premature end of file.
2026-03-27 16:42:56,867 [ERROR] LogOutputStream:75 - [STDERR_REDIRECT] 
2026-03-27 16:42:57,870 [ERROR] LogOutputStream:75 - [STDERR_REDIRECT] [Fatal Error] :1:1: Premature end of file.
2026-03-27 16:42:57,870 [ERROR] LogOutputStream:75 - [STDERR_REDIRECT] 
2026-03-27 16:42:58,873 [ERROR] LogOutputStream:75 - [STDERR_REDIRECT] [Fatal Error] :1:1: Premature end of file.
2026-03-27 16:42:58,874 [ERROR] LogOutputStream:75 - [STDERR_REDIRECT] 
2026-03-27 16:42:59,873 [ERROR] LogOutputStream:75 - [STDERR_REDIRECT] [Fatal Error] :1:1: Premature end of file.
2026-03-27 16:42:59,873 [ERROR] LogOutputStream:75 - [STDERR_REDIRECT] 
2026-03-27 16:43:00,881 [ERROR] LogOutputStream:75 - [STDERR_REDIRECT] [Fatal Error] :1:1: Premature end of file.
2026-03-27 16:43:00,881 [ERROR] LogOutputStream:75 - [STDERR_REDIRECT] 
2026-03-27 16:43:01,869 [ERROR] LogOutputStream:75 - [STDERR_REDIRECT] [Fatal Error] :1:1: Premature end of file.
2026-03-27 16:43:01,870 [ERROR] LogOutputStream:75 - [STDERR_REDIRECT] 
2026-03-27 16:43:02,865 [ERROR] LogOutputStream:75 - [STDERR_REDIRECT] [Fatal Error] :1:1: Premature end of file.
2026-03-27 16:43:02,865 [ERROR] LogOutputStream:75 - [STDERR_REDIRECT] 
2026-03-27 16:43:03,875 [ERROR] LogOutputStream:75 - [STDERR_REDIRECT] [Fatal Error] :1:1: Premature end of file.
2026-03-27 16:43:03,875 [ERROR] LogOutputStream:75 - [STDERR_REDIRECT] 
2026-03-27 16:43:04,868 [ERROR] LogOutputStream:75 - [STDERR_REDIRECT] [Fatal Error] :1:1: Premature end of file.
2026-03-27 16:43:04,868 [ERROR] LogOutputStream:75 - [STDERR_REDIRECT] 
2026-03-27 16:43:05,872 [ERROR] LogOutputStream:75 - [STDERR_REDIRECT] [Fatal Error] :1:1: Premature end of file.
2026-03-27 16:43:05,872 [ERROR] LogOutputStream:75 - [STDERR_REDIRECT] 
2026-03-27 16:43:06,869 [ERROR] LogOutputStream:75 - [STDERR_REDIRECT] [Fatal Error] :1:1: Premature end of file.
2026-03-27 16:43:06,870 [ERROR] LogOutputStream:75 - [STDERR_REDIRECT] 
2026-03-27 16:43:07,876 [ERROR] LogOutputStream:75 - [STDERR_REDIRECT] [Fatal Error] :1:1: Premature end of file.
2026-03-27 16:43:07,876 [ERROR] LogOutputStream:75 - [STDERR_REDIRECT] 
2026-03-27 16:43:08,868 [ERROR] LogOutputStream:75 - [STDERR_REDIRECT] [Fatal Error] :1:1: Premature end of file.
2026-03-27 16:43:08,868 [ERROR] LogOutputStream:75 - [STDERR_REDIRECT] 
2026-03-27 16:43:09,870 [ERROR] LogOutputStream:75 - [STDERR_REDIRECT] [Fatal Error] :1:1: Premature end of file.
2026-03-27 16:43:09,870 [ERROR] LogOutputStream:75 - [STDERR_REDIRECT] 
2026-03-27 16:43:10,854 [ERROR] LogOutputStream:75 - [STDERR_REDIRECT] [Fatal Error] :1:1: Premature end of file.
2026-03-27 16:43:10,854 [ERROR] LogOutputStream:75 - [STDERR_REDIRECT] 
2026-03-27 16:43:11,846 [ERROR] LogOutputStream:75 - [STDERR_REDIRECT] [Fatal Error] :1:1: Premature end of file.
2026-03-27 16:43:11,846 [ERROR] LogOutputStream:75 - [STDERR_REDIRECT] 
2026-03-27 16:43:12,853 [ERROR] LogOutputStream:75 - [STDERR_REDIRECT] [Fatal Error] :1:1: Premature end of file.
2026-03-27 16:43:12,853 [ERROR] LogOutputStream:75 - [STDERR_REDIRECT] 
2026-03-27 16:43:13,846 [ERROR] LogOutputStream:75 - [STDERR_REDIRECT] [Fatal Error] :1:1: Premature end of file.
2026-03-27 16:43:13,846 [ERROR] LogOutputStream:75 - [STDERR_REDIRECT] 
2026-03-27 16:43:14,853 [ERROR] LogOutputStream:75 - [STDERR_REDIRECT] [Fatal Error] :1:1: Premature end of file.
2026-03-27 16:43:14,854 [ERROR] LogOutputStream:75 - [STDERR_REDIRECT] 
2026-03-27 16:43:15,860 [ERROR] LogOutputStream:75 - [STDERR_REDIRECT] [Fatal Error] :1:1: Premature end of file.
2026-03-27 16:43:15,860 [ERROR] LogOutputStream:75 - [STDERR_REDIRECT] 
2026-03-27 16:43:16,857 [ERROR] LogOutputStream:75 - [STDERR_REDIRECT] [Fatal Error] :1:1: Premature end of file.
2026-03-27 16:43:16,857 [ERROR] LogOutputStream:75 - [STDERR_REDIRECT] 
2026-03-27 16:43:17,948 [ERROR] LogOutputStream:75 - [STDERR_REDIRECT] [Fatal Error] :1:1: Premature end of file.
2026-03-27 16:43:17,948 [ERROR] LogOutputStream:75 - [STDERR_REDIRECT] 
2026-03-27 16:43:18,866 [ERROR] LogOutputStream:75 - [STDERR_REDIRECT] [Fatal Error] :1:1: Premature end of file.
2026-03-27 16:43:18,866 [ERROR] LogOutputStream:75 - [STDERR_REDIRECT] 
2026-03-27 16:43:19,861 [ERROR] LogOutputStream:75 - [STDERR_REDIRECT] [Fatal Error] :1:1: Premature end of file.
2026-03-27 16:43:19,862 [ERROR] LogOutputStream:75 - [STDERR_REDIRECT] 
2026-03-27 16:43:20,848 [ERROR] LogOutputStream:75 - [STDERR_REDIRECT] [Fatal Error] :1:1: Premature end of file.
2026-03-27 16:43:20,849 [ERROR] LogOutputStream:75 - [STDERR_REDIRECT] 
2026-03-27 16:43:21,853 [ERROR] LogOutputStream:75 - [STDERR_REDIRECT] [Fatal Error] :1:1: Premature end of file.
2026-03-27 16:43:21,854 [ERROR] LogOutputStream:75 - [STDERR_REDIRECT] 
2026-03-27 16:43:22,852 [ERROR] LogOutputStream:75 - [STDERR_REDIRECT] [Fatal Error] :1:1: Premature end of file.
2026-03-27 16:43:22,852 [ERROR] LogOutputStream:75 - [STDERR_REDIRECT] 
2026-03-27 16:43:23,851 [ERROR] LogOutputStream:75 - [STDERR_REDIRECT] [Fatal Error] :1:1: Premature end of file.
2026-03-27 16:43:23,851 [ERROR] LogOutputStream:75 - [STDERR_REDIRECT] 
2026-03-27 16:43:24,852 [ERROR] LogOutputStream:75 - [STDERR_REDIRECT] [Fatal Error] :1:1: Premature end of file.
2026-03-27 16:43:24,852 [ERROR] LogOutputStream:75 - [STDERR_REDIRECT] 
2026-03-27 16:43:25,875 [ERROR] LogOutputStream:75 - [STDERR_REDIRECT] [Fatal Error] :1:1: Premature end of file.
2026-03-27 16:43:25,875 [ERROR] LogOutputStream:75 - [STDERR_REDIRECT] 
2026-03-27 16:43:26,877 [ERROR] LogOutputStream:75 - [STDERR_REDIRECT] [Fatal Error] :1:1: Premature end of file.
2026-03-27 16:43:26,877 [ERROR] LogOutputStream:75 - [STDERR_REDIRECT] 
2026-03-27 16:43:27,866 [ERROR] LogOutputStream:75 - [STDERR_REDIRECT] [Fatal Error] :1:1: Premature end of file.
2026-03-27 16:43:27,866 [ERROR] LogOutputStream:75 - [STDERR_REDIRECT] 
2026-03-27 16:43:28,871 [ERROR] LogOutputStream:75 - [STDERR_REDIRECT] [Fatal Error] :1:1: Premature end of file.
2026-03-27 16:43:28,871 [ERROR] LogOutputStream:75 - [STDERR_REDIRECT] 
2026-03-27 16:43:29,861 [ERROR] LogOutputStream:75 - [STDERR_REDIRECT] [Fatal Error] :1:1: Premature end of file.
2026-03-27 16:43:29,861 [ERROR] LogOutputStream:75 - [STDERR_REDIRECT] 
2026-03-27 16:43:30,870 [ERROR] LogOutputStream:75 - [STDERR_REDIRECT] [Fatal Error] :1:1: Premature end of file.
2026-03-27 16:43:30,870 [ERROR] LogOutputStream:75 - [STDERR_REDIRECT] 
2026-03-27 16:43:31,868 [ERROR] LogOutputStream:75 - [STDERR_REDIRECT] [Fatal Error] :1:1: Premature end of file.
2026-03-27 16:43:31,868 [ERROR] LogOutputStream:75 - [STDERR_REDIRECT] 
2026-03-27 16:43:32,866 [ERROR] LogOutputStream:75 - [STDERR_REDIRECT] [Fatal Error] :1:1: Premature end of file.
2026-03-27 16:43:32,866 [ERROR] LogOutputStream:75 - [STDERR_REDIRECT] 
2026-03-27 16:43:33,868 [ERROR] LogOutputStream:75 - [STDERR_REDIRECT] [Fatal Error] :1:1: Premature end of file.
2026-03-27 16:43:33,869 [ERROR] LogOutputStream:75 - [STDERR_REDIRECT] 
2026-03-27 16:43:34,870 [ERROR] LogOutputStream:75 - [STDERR_REDIRECT] [Fatal Error] :1:1: Premature end of file.
2026-03-27 16:43:34,871 [ERROR] LogOutputStream:75 - [STDERR_REDIRECT] 
2026-03-27 16:43:35,868 [ERROR] LogOutputStream:75 - [STDERR_REDIRECT] [Fatal Error] :1:1: Premature end of file.
2026-03-27 16:43:35,868 [ERROR] LogOutputStream:75 - [STDERR_REDIRECT] 
2026-03-27 16:43:36,869 [ERROR] LogOutputStream:75 - [STDERR_REDIRECT] [Fatal Error] :1:1: Premature end of file.
2026-03-27 16:43:36,869 [ERROR] LogOutputStream:75 - [STDERR_REDIRECT] 
2026-03-27 16:43:37,864 [ERROR] LogOutputStream:75 - [STDERR_REDIRECT] [Fatal Error] :1:1: Premature end of file.
2026-03-27 16:43:37,864 [ERROR] LogOutputStream:75 - [STDERR_REDIRECT] 
2026-03-27 16:43:38,868 [ERROR] LogOutputStream:75 - [STDERR_REDIRECT] [Fatal Error] :1:1: Premature end of file.
2026-03-27 16:43:38,868 [ERROR] LogOutputStream:75 - [STDERR_REDIRECT] 
2026-03-27 16:43:39,867 [ERROR] LogOutputStream:75 - [STDERR_REDIRECT] [Fatal Error] :1:1: Premature end of file.
2026-03-27 16:43:39,867 [ERROR] LogOutputStream:75 - [STDERR_REDIRECT] 
2026-03-27 16:43:40,869 [ERROR] LogOutputStream:75 - [STDERR_REDIRECT] [Fatal Error] :1:1: Premature end of file.
2026-03-27 16:43:40,869 [ERROR] LogOutputStream:75 - [STDERR_REDIRECT] 
2026-03-27 16:43:41,847 [ERROR] LogOutputStream:75 - [STDERR_REDIRECT] [Fatal Error] :1:1: Premature end of file.
2026-03-27 16:43:41,847 [ERROR] LogOutputStream:75 - [STDERR_REDIRECT] 
2026-03-27 16:43:42,854 [ERROR] LogOutputStream:75 - [STDERR_REDIRECT] [Fatal Error] :1:1: Premature end of file.
2026-03-27 16:43:42,854 [ERROR] LogOutputStream:75 - [STDERR_REDIRECT] 
2026-03-27 16:43:43,859 [ERROR] LogOutputStream:75 - [STDERR_REDIRECT] [Fatal Error] :1:1: Premature end of file.
2026-03-27 16:43:43,859 [ERROR] LogOutputStream:75 - [STDERR_REDIRECT] 
2026-03-27 16:43:44,851 [ERROR] LogOutputStream:75 - [STDERR_REDIRECT] [Fatal Error] :1:1: Premature end of file.
2026-03-27 16:43:44,851 [ERROR] LogOutputStream:75 - [STDERR_REDIRECT] 
2026-03-27 16:43:45,850 [ERROR] LogOutputStream:75 - [STDERR_REDIRECT] [Fatal Error] :1:1: Premature end of file.
2026-03-27 16:43:45,852 [ERROR] LogOutputStream:75 - [STDERR_REDIRECT] 
2026-03-27 16:43:46,856 [ERROR] LogOutputStream:75 - [STDERR_REDIRECT] [Fatal Error] :1:1: Premature end of file.
2026-03-27 16:43:46,856 [ERROR] LogOutputStream:75 - [STDERR_REDIRECT] 
2026-03-27 16:43:47,857 [ERROR] LogOutputStream:75 - [STDERR_REDIRECT] [Fatal Error] :1:1: Premature end of file.
2026-03-27 16:43:47,858 [ERROR] LogOutputStream:75 - [STDERR_REDIRECT] 
2026-03-27 16:43:48,853 [ERROR] LogOutputStream:75 - [STDERR_REDIRECT] [Fatal Error] :1:1: Premature end of file.
2026-03-27 16:43:48,853 [ERROR] LogOutputStream:75 - [STDERR_REDIRECT] 
2026-03-27 16:43:49,850 [ERROR] LogOutputStream:75 - [STDERR_REDIRECT] [Fatal Error] :1:1: Premature end of file.
2026-03-27 16:43:49,850 [ERROR] LogOutputStream:75 - [STDERR_REDIRECT] 
2026-03-27 16:43:50,845 [ERROR] LogOutputStream:75 - [STDERR_REDIRECT] [Fatal Error] :1:1: Premature end of file.
2026-03-27 16:43:50,845 [ERROR] LogOutputStream:75 - [STDERR_REDIRECT] 
2026-03-27 16:43:51,848 [ERROR] LogOutputStream:75 - [STDERR_REDIRECT] [Fatal Error] :1:1: Premature end of file.
2026-03-27 16:43:51,848 [ERROR] LogOutputStream:75 - [STDERR_REDIRECT] 
2026-03-27 16:43:52,855 [ERROR] LogOutputStream:75 - [STDERR_REDIRECT] [Fatal Error] :1:1: Premature end of file.
2026-03-27 16:43:52,856 [ERROR] LogOutputStream:75 - [STDERR_REDIRECT] 
2026-03-27 16:43:53,850 [ERROR] LogOutputStream:75 - [STDERR_REDIRECT] [Fatal Error] :1:1: Premature end of file.
2026-03-27 16:43:53,850 [ERROR] LogOutputStream:75 - [STDERR_REDIRECT] 
2026-03-27 16:43:54,847 [ERROR] LogOutputStream:75 - [STDERR_REDIRECT] [Fatal Error] :1:1: Premature end of file.
2026-03-27 16:43:54,847 [ERROR] LogOutputStream:75 - [STDERR_REDIRECT] 
2026-03-27 16:43:55,864 [ERROR] LogOutputStream:75 - [STDERR_REDIRECT] [Fatal Error] :1:1: Premature end of file.
2026-03-27 16:43:55,865 [ERROR] LogOutputStream:75 - [STDERR_REDIRECT] 
2026-03-27 16:43:56,868 [ERROR] LogOutputStream:75 - [STDERR_REDIRECT] [Fatal Error] :1:1: Premature end of file.
2026-03-27 16:43:56,868 [ERROR] LogOutputStream:75 - [STDERR_REDIRECT] 
2026-03-27 16:43:57,868 [ERROR] LogOutputStream:75 - [STDERR_REDIRECT] [Fatal Error] :1:1: Premature end of file.
2026-03-27 16:43:57,868 [ERROR] LogOutputStream:75 - [STDERR_REDIRECT] 
2026-03-27 16:43:58,864 [ERROR] LogOutputStream:75 - [STDERR_REDIRECT] [Fatal Error] :1:1: Premature end of file.
2026-03-27 16:43:58,865 [ERROR] LogOutputStream:75 - [STDERR_REDIRECT] 
2026-03-27 16:43:59,872 [ERROR] LogOutputStream:75 - [STDERR_REDIRECT] [Fatal Error] :1:1: Premature end of file.
2026-03-27 16:43:59,872 [ERROR] LogOutputStream:75 - [STDERR_REDIRECT] 
2026-03-27 16:44:00,881 [ERROR] LogOutputStream:75 - [STDERR_REDIRECT] [Fatal Error] :1:1: Premature end of file.
2026-03-27 16:44:00,881 [ERROR] LogOutputStream:75 - [STDERR_REDIRECT] 
2026-03-27 16:44:01,861 [ERROR] LogOutputStream:75 - [STDERR_REDIRECT] [Fatal Error] :1:1: Premature end of file.
2026-03-27 16:44:01,861 [ERROR] LogOutputStream:75 - [STDERR_REDIRECT] 
2026-03-27 16:44:02,855 [ERROR] LogOutputStream:75 - [STDERR_REDIRECT] [Fatal Error] :1:1: Premature end of file.
2026-03-27 16:44:02,855 [ERROR] LogOutputStream:75 - [STDERR_REDIRECT] 
2026-03-27 16:44:03,882 [ERROR] LogOutputStream:75 - [STDERR_REDIRECT] [Fatal Error] :1:1: Premature end of file.
2026-03-27 16:44:03,882 [ERROR] LogOutputStream:75 - [STDERR_REDIRECT] 
2026-03-27 16:44:04,871 [ERROR] LogOutputStream:75 - [STDERR_REDIRECT] [Fatal Error] :1:1: Premature end of file.
2026-03-27 16:44:04,871 [ERROR] LogOutputStream:75 - [STDERR_REDIRECT] 
2026-03-27 16:44:05,872 [ERROR] LogOutputStream:75 - [STDERR_REDIRECT] [Fatal Error] :1:1: Premature end of file.
2026-03-27 16:44:05,872 [ERROR] LogOutputStream:75 - [STDERR_REDIRECT] 
2026-03-27 16:44:06,878 [ERROR] LogOutputStream:75 - [STDERR_REDIRECT] [Fatal Error] :1:1: Premature end of file.
2026-03-27 16:44:06,879 [ERROR] LogOutputStream:75 - [STDERR_REDIRECT] 
2026-03-27 16:44:07,873 [ERROR] LogOutputStream:75 - [STDERR_REDIRECT] [Fatal Error] :1:1: Premature end of file.
2026-03-27 16:44:07,873 [ERROR] LogOutputStream:75 - [STDERR_REDIRECT] 
2026-03-27 16:44:08,865 [ERROR] LogOutputStream:75 - [STDERR_REDIRECT] [Fatal Error] :1:1: Premature end of file.
2026-03-27 16:44:08,865 [ERROR] LogOutputStream:75 - [STDERR_REDIRECT] 
2026-03-27 16:44:10,005 [ERROR] LogOutputStream:75 - [STDERR_REDIRECT] [Fatal Error] :1:1: Premature end of file.
2026-03-27 16:44:10,005 [ERROR] LogOutputStream:75 - [STDERR_REDIRECT] 
2026-03-27 16:44:10,870 [ERROR] LogOutputStream:75 - [STDERR_REDIRECT] [Fatal Error] :1:1: Premature end of file.
2026-03-27 16:44:10,870 [ERROR] LogOutputStream:75 - [STDERR_REDIRECT] 
2026-03-27 16:44:11,849 [ERROR] LogOutputStream:75 - [STDERR_REDIRECT] [Fatal Error] :1:1: Premature end of file.
2026-03-27 16:44:11,849 [ERROR] LogOutputStream:75 - [STDERR_REDIRECT] 
2026-03-27 16:44:12,855 [ERROR] LogOutputStream:75 - [STDERR_REDIRECT] [Fatal Error] :1:1: Premature end of file.
2026-03-27 16:44:12,855 [ERROR] LogOutputStream:75 - [STDERR_REDIRECT] 
2026-03-27 16:44:13,859 [ERROR] LogOutputStream:75 - [STDERR_REDIRECT] [Fatal Error] :1:1: Premature end of file.
2026-03-27 16:44:13,859 [ERROR] LogOutputStream:75 - [STDERR_REDIRECT] 
2026-03-27 16:44:14,857 [ERROR] LogOutputStream:75 - [STDERR_REDIRECT] [Fatal Error] :1:1: Premature end of file.
2026-03-27 16:44:14,857 [ERROR] LogOutputStream:75 - [STDERR_REDIRECT] 
2026-03-27 16:44:15,867 [ERROR] LogOutputStream:75 - [STDERR_REDIRECT] [Fatal Error] :1:1: Premature end of file.
2026-03-27 16:44:15,867 [ERROR] LogOutputStream:75 - [STDERR_REDIRECT] 
2026-03-27 16:44:16,872 [ERROR] LogOutputStream:75 - [STDERR_REDIRECT] [Fatal Error] :1:1: Premature end of file.
2026-03-27 16:44:16,872 [ERROR] LogOutputStream:75 - [STDERR_REDIRECT] 
2026-03-27 16:44:17,855 [ERROR] LogOutputStream:75 - [STDERR_REDIRECT] [Fatal Error] :1:1: Premature end of file.
2026-03-27 16:44:17,855 [ERROR] LogOutputStream:75 - [STDERR_REDIRECT] 
2026-03-27 16:44:18,883 [ERROR] LogOutputStream:75 - [STDERR_REDIRECT] [Fatal Error] :1:1: Premature end of file.
2026-03-27 16:44:18,883 [ERROR] LogOutputStream:75 - [STDERR_REDIRECT] 
2026-03-27 16:44:19,868 [ERROR] LogOutputStream:75 - [STDERR_REDIRECT] [Fatal Error] :1:1: Premature end of file.
2026-03-27 16:44:19,869 [ERROR] LogOutputStream:75 - [STDERR_REDIRECT] 
2026-03-27 16:44:20,856 [ERROR] LogOutputStream:75 - [STDERR_REDIRECT] [Fatal Error] :1:1: Premature end of file.
2026-03-27 16:44:20,856 [ERROR] LogOutputStream:75 - [STDERR_REDIRECT] 
2026-03-27 16:44:21,896 [ERROR] LogOutputStream:75 - [STDERR_REDIRECT] [Fatal Error] :1:1: Premature end of file.
2026-03-27 16:44:21,896 [ERROR] LogOutputStream:75 - [STDERR_REDIRECT] 
2026-03-27 16:44:22,861 [ERROR] LogOutputStream:75 - [STDERR_REDIRECT] [Fatal Error] :1:1: Premature end of file.
2026-03-27 16:44:22,861 [ERROR] LogOutputStream:75 - [STDERR_REDIRECT] 
2026-03-27 16:44:23,873 [ERROR] LogOutputStream:75 - [STDERR_REDIRECT] [Fatal Error] :1:1: Premature end of file.
2026-03-27 16:44:23,873 [ERROR] LogOutputStream:75 - [STDERR_REDIRECT] 
2026-03-27 16:44:24,849 [ERROR] LogOutputStream:75 - [STDERR_REDIRECT] [Fatal Error] :1:1: Premature end of file.
2026-03-27 16:44:24,849 [ERROR] LogOutputStream:75 - [STDERR_REDIRECT] 
2026-03-27 16:44:25,870 [ERROR] LogOutputStream:75 - [STDERR_REDIRECT] [Fatal Error] :1:1: Premature end of file.
2026-03-27 16:44:25,871 [ERROR] LogOutputStream:75 - [STDERR_REDIRECT] 
2026-03-27 16:44:26,868 [ERROR] LogOutputStream:75 - [STDERR_REDIRECT] [Fatal Error] :1:1: Premature end of file.
2026-03-27 16:44:26,869 [ERROR] LogOutputStream:75 - [STDERR_REDIRECT] 
2026-03-27 16:44:27,870 [ERROR] LogOutputStream:75 - [STDERR_REDIRECT] [Fatal Error] :1:1: Premature end of file.
2026-03-27 16:44:27,870 [ERROR] LogOutputStream:75 - [STDERR_REDIRECT] 
2026-03-27 16:44:28,861 [ERROR] LogOutputStream:75 - [STDERR_REDIRECT] [Fatal Error] :1:1: Premature end of file.
2026-03-27 16:44:28,861 [ERROR] LogOutputStream:75 - [STDERR_REDIRECT] 
2026-03-27 16:44:29,876 [ERROR] LogOutputStream:75 - [STDERR_REDIRECT] [Fatal Error] :1:1: Premature end of file.
2026-03-27 16:44:29,876 [ERROR] LogOutputStream:75 - [STDERR_REDIRECT] 
2026-03-27 16:44:30,871 [ERROR] LogOutputStream:75 - [STDERR_REDIRECT] [Fatal Error] :1:1: Premature end of file.
2026-03-27 16:44:30,872 [ERROR] LogOutputStream:75 - [STDERR_REDIRECT] 
2026-03-27 16:44:31,866 [ERROR] LogOutputStream:75 - [STDERR_REDIRECT] [Fatal Error] :1:1: Premature end of file.
2026-03-27 16:44:31,867 [ERROR] LogOutputStream:75 - [STDERR_REDIRECT] 
2026-03-27 16:44:32,864 [ERROR] LogOutputStream:75 - [STDERR_REDIRECT] [Fatal Error] :1:1: Premature end of file.
2026-03-27 16:44:32,864 [ERROR] LogOutputStream:75 - [STDERR_REDIRECT] 
2026-03-27 16:44:33,872 [ERROR] LogOutputStream:75 - [STDERR_REDIRECT] [Fatal Error] :1:1: Premature end of file.
2026-03-27 16:44:33,872 [ERROR] LogOutputStream:75 - [STDERR_REDIRECT] 
2026-03-27 16:44:34,865 [ERROR] LogOutputStream:75 - [STDERR_REDIRECT] [Fatal Error] :1:1: Premature end of file.
2026-03-27 16:44:34,865 [ERROR] LogOutputStream:75 - [STDERR_REDIRECT] 
2026-03-27 16:44:35,866 [ERROR] LogOutputStream:75 - [STDERR_REDIRECT] [Fatal Error] :1:1: Premature end of file.
2026-03-27 16:44:35,867 [ERROR] LogOutputStream:75 - [STDERR_REDIRECT] 
2026-03-27 16:44:36,868 [ERROR] LogOutputStream:75 - [STDERR_REDIRECT] [Fatal Error] :1:1: Premature end of file.
2026-03-27 16:44:36,868 [ERROR] LogOutputStream:75 - [STDERR_REDIRECT] 
2026-03-27 16:44:37,870 [ERROR] LogOutputStream:75 - [STDERR_REDIRECT] [Fatal Error] :1:1: Premature end of file.
2026-03-27 16:44:37,870 [ERROR] LogOutputStream:75 - [STDERR_REDIRECT] 
2026-03-27 16:44:38,865 [ERROR] LogOutputStream:75 - [STDERR_REDIRECT] [Fatal Error] :1:1: Premature end of file.
2026-03-27 16:44:38,865 [ERROR] LogOutputStream:75 - [STDERR_REDIRECT] 
2026-03-27 16:44:39,870 [ERROR] LogOutputStream:75 - [STDERR_REDIRECT] [Fatal Error] :1:1: Premature end of file.
2026-03-27 16:44:39,870 [ERROR] LogOutputStream:75 - [STDERR_REDIRECT] 
2026-03-27 16:44:40,867 [ERROR] LogOutputStream:75 - [STDERR_REDIRECT] [Fatal Error] :1:1: Premature end of file.
2026-03-27 16:44:40,867 [ERROR] LogOutputStream:75 - [STDERR_REDIRECT] 
2026-03-27 16:44:41,870 [ERROR] LogOutputStream:75 - [STDERR_REDIRECT] [Fatal Error] :1:1: Premature end of file.
2026-03-27 16:44:41,872 [ERROR] LogOutputStream:75 - [STDERR_REDIRECT] 
2026-03-27 16:44:42,884 [ERROR] LogOutputStream:75 - [STDERR_REDIRECT] [Fatal Error] :1:1: Premature end of file.
2026-03-27 16:44:42,884 [ERROR] LogOutputStream:75 - [STDERR_REDIRECT] 
2026-03-27 16:44:43,866 [ERROR] LogOutputStream:75 - [STDERR_REDIRECT] [Fatal Error] :1:1: Premature end of file.
2026-03-27 16:44:43,866 [ERROR] LogOutputStream:75 - [STDERR_REDIRECT] 
2026-03-27 16:44:44,863 [ERROR] LogOutputStream:75 - [STDERR_REDIRECT] [Fatal Error] :1:1: Premature end of file.
2026-03-27 16:44:44,863 [ERROR] LogOutputStream:75 - [STDERR_REDIRECT] 
2026-03-27 16:44:45,866 [ERROR] LogOutputStream:75 - [STDERR_REDIRECT] [Fatal Error] :1:1: Premature end of file.
2026-03-27 16:44:45,866 [ERROR] LogOutputStream:75 - [STDERR_REDIRECT] 
2026-03-27 16:44:46,872 [ERROR] LogOutputStream:75 - [STDERR_REDIRECT] [Fatal Error] :1:1: Premature end of file.
2026-03-27 16:44:46,872 [ERROR] LogOutputStream:75 - [STDERR_REDIRECT] 
2026-03-27 16:44:47,867 [ERROR] LogOutputStream:75 - [STDERR_REDIRECT] [Fatal Error] :1:1: Premature end of file.
2026-03-27 16:44:47,868 [ERROR] LogOutputStream:75 - [STDERR_REDIRECT] 
2026-03-27 16:44:48,870 [ERROR] LogOutputStream:75 - [STDERR_REDIRECT] [Fatal Error] :1:1: Premature end of file.
2026-03-27 16:44:48,870 [ERROR] LogOutputStream:75 - [STDERR_REDIRECT] 
2026-03-27 16:44:49,869 [ERROR] LogOutputStream:75 - [STDERR_REDIRECT] [Fatal Error] :1:1: Premature end of file.
2026-03-27 16:44:49,870 [ERROR] LogOutputStream:75 - [STDERR_REDIRECT] 
2026-03-27 16:44:50,865 [ERROR] LogOutputStream:75 - [STDERR_REDIRECT] [Fatal Error] :1:1: Premature end of file.
2026-03-27 16:44:50,865 [ERROR] LogOutputStream:75 - [STDERR_REDIRECT] 
2026-03-27 16:44:51,864 [ERROR] LogOutputStream:75 - [STDERR_REDIRECT] [Fatal Error] :1:1: Premature end of file.
2026-03-27 16:44:51,864 [ERROR] LogOutputStream:75 - [STDERR_REDIRECT] 
2026-03-27 16:44:52,867 [ERROR] LogOutputStream:75 - [STDERR_REDIRECT] [Fatal Error] :1:1: Premature end of file.
2026-03-27 16:44:52,868 [ERROR] LogOutputStream:75 - [STDERR_REDIRECT] 
2026-03-27 16:44:53,865 [ERROR] LogOutputStream:75 - [STDERR_REDIRECT] [Fatal Error] :1:1: Premature end of file.
2026-03-27 16:44:53,865 [ERROR] LogOutputStream:75 - [STDERR_REDIRECT] 
2026-03-27 16:44:54,866 [ERROR] LogOutputStream:75 - [STDERR_REDIRECT] [Fatal Error] :1:1: Premature end of file.
2026-03-27 16:44:54,866 [ERROR] LogOutputStream:75 - [STDERR_REDIRECT] 
2026-03-27 16:44:55,865 [ERROR] LogOutputStream:75 - [STDERR_REDIRECT] [Fatal Error] :1:1: Premature end of file.
2026-03-27 16:44:55,865 [ERROR] LogOutputStream:75 - [STDERR_REDIRECT] 
2026-03-27 16:44:56,867 [ERROR] LogOutputStream:75 - [STDERR_REDIRECT] [Fatal Error] :1:1: Premature end of file.
2026-03-27 16:44:56,867 [ERROR] LogOutputStream:75 - [STDERR_REDIRECT] 
2026-03-27 16:44:57,868 [ERROR] LogOutputStream:75 - [STDERR_REDIRECT] [Fatal Error] :1:1: Premature end of file.
2026-03-27 16:44:57,868 [ERROR] LogOutputStream:75 - [STDERR_REDIRECT] 
2026-03-27 16:44:58,864 [ERROR] LogOutputStream:75 - [STDERR_REDIRECT] [Fatal Error] :1:1: Premature end of file.
2026-03-27 16:44:58,864 [ERROR] LogOutputStream:75 - [STDERR_REDIRECT] 
2026-03-27 16:44:59,872 [ERROR] LogOutputStream:75 - [STDERR_REDIRECT] [Fatal Error] :1:1: Premature end of file.
2026-03-27 16:44:59,872 [ERROR] LogOutputStream:75 - [STDERR_REDIRECT] 
2026-03-27 16:45:00,870 [ERROR] LogOutputStream:75 - [STDERR_REDIRECT] [Fatal Error] :1:1: Premature end of file.
2026-03-27 16:45:00,870 [ERROR] LogOutputStream:75 - [STDERR_REDIRECT] 
2026-03-27 16:45:01,874 [ERROR] LogOutputStream:75 - [STDERR_REDIRECT] [Fatal Error] :1:1: Premature end of file.
2026-03-27 16:45:01,874 [ERROR] LogOutputStream:75 - [STDERR_REDIRECT] 
2026-03-27 16:45:02,861 [ERROR] LogOutputStream:75 - [STDERR_REDIRECT] [Fatal Error] :1:1: Premature end of file.
2026-03-27 16:45:02,861 [ERROR] LogOutputStream:75 - [STDERR_REDIRECT] 
2026-03-27 16:45:03,870 [ERROR] LogOutputStream:75 - [STDERR_REDIRECT] [Fatal Error] :1:1: Premature end of file.
2026-03-27 16:45:03,870 [ERROR] LogOutputStream:75 - [STDERR_REDIRECT] 
2026-03-27 16:45:04,859 [ERROR] LogOutputStream:75 - [STDERR_REDIRECT] [Fatal Error] :1:1: Premature end of file.
2026-03-27 16:45:04,859 [ERROR] LogOutputStream:75 - [STDERR_REDIRECT] 
2026-03-27 16:45:05,863 [ERROR] LogOutputStream:75 - [STDERR_REDIRECT] [Fatal Error] :1:1: Premature end of file.
2026-03-27 16:45:05,863 [ERROR] LogOutputStream:75 - [STDERR_REDIRECT] 
2026-03-27 16:45:06,866 [ERROR] LogOutputStream:75 - [STDERR_REDIRECT] [Fatal Error] :1:1: Premature end of file.
2026-03-27 16:45:06,866 [ERROR] LogOutputStream:75 - [STDERR_REDIRECT] 
2026-03-27 16:45:07,868 [ERROR] LogOutputStream:75 - [STDERR_REDIRECT] [Fatal Error] :1:1: Premature end of file.
2026-03-27 16:45:07,868 [ERROR] LogOutputStream:75 - [STDERR_REDIRECT] 
2026-03-27 16:45:08,865 [ERROR] LogOutputStream:75 - [STDERR_REDIRECT] [Fatal Error] :1:1: Premature end of file.
2026-03-27 16:45:08,865 [ERROR] LogOutputStream:75 - [STDERR_REDIRECT] 
2026-03-27 16:45:09,869 [ERROR] LogOutputStream:75 - [STDERR_REDIRECT] [Fatal Error] :1:1: Premature end of file.
2026-03-27 16:45:09,869 [ERROR] LogOutputStream:75 - [STDERR_REDIRECT] 
2026-03-27 16:45:10,868 [ERROR] LogOutputStream:75 - [STDERR_REDIRECT] [Fatal Error] :1:1: Premature end of file.
2026-03-27 16:45:10,868 [ERROR] LogOutputStream:75 - [STDERR_REDIRECT] 
2026-03-27 16:45:11,864 [ERROR] LogOutputStream:75 - [STDERR_REDIRECT] [Fatal Error] :1:1: Premature end of file.
2026-03-27 16:45:11,865 [ERROR] LogOutputStream:75 - [STDERR_REDIRECT] 
2026-03-27 16:45:12,886 [ERROR] LogOutputStream:75 - [STDERR_REDIRECT] [Fatal Error] :1:1: Premature end of file.
2026-03-27 16:45:12,886 [ERROR] LogOutputStream:75 - [STDERR_REDIRECT] 
2026-03-27 16:45:13,881 [ERROR] LogOutputStream:75 - [STDERR_REDIRECT] [Fatal Error] :1:1: Premature end of file.
2026-03-27 16:45:13,881 [ERROR] LogOutputStream:75 - [STDERR_REDIRECT] 
2026-03-27 16:45:14,887 [ERROR] LogOutputStream:75 - [STDERR_REDIRECT] [Fatal Error] :1:1: Premature end of file.
2026-03-27 16:45:14,887 [ERROR] LogOutputStream:75 - [STDERR_REDIRECT] 
2026-03-27 16:45:15,886 [ERROR] LogOutputStream:75 - [STDERR_REDIRECT] [Fatal Error] :1:1: Premature end of file.
2026-03-27 16:45:15,886 [ERROR] LogOutputStream:75 - [STDERR_REDIRECT] 
2026-03-27 16:45:16,871 [ERROR] LogOutputStream:75 - [STDERR_REDIRECT] [Fatal Error] :1:1: Premature end of file.
2026-03-27 16:45:16,871 [ERROR] LogOutputStream:75 - [STDERR_REDIRECT] 
2026-03-27 16:45:17,871 [ERROR] LogOutputStream:75 - [STDERR_REDIRECT] [Fatal Error] :1:1: Premature end of file.
2026-03-27 16:45:17,871 [ERROR] LogOutputStream:75 - [STDERR_REDIRECT] 
2026-03-27 16:45:18,873 [ERROR] LogOutputStream:75 - [STDERR_REDIRECT] [Fatal Error] :1:1: Premature end of file.
2026-03-27 16:45:18,887 [ERROR] LogOutputStream:75 - [STDERR_REDIRECT] 
2026-03-27 16:45:19,863 [ERROR] LogOutputStream:75 - [STDERR_REDIRECT] [Fatal Error] :1:1: Premature end of file.
2026-03-27 16:45:19,868 [ERROR] LogOutputStream:75 - [STDERR_REDIRECT] 
2026-03-27 16:45:20,867 [ERROR] LogOutputStream:75 - [STDERR_REDIRECT] [Fatal Error] :1:1: Premature end of file.
2026-03-27 16:45:20,867 [ERROR] LogOutputStream:75 - [STDERR_REDIRECT] 
2026-03-27 16:45:21,849 [ERROR] LogOutputStream:75 - [STDERR_REDIRECT] [Fatal Error] :1:1: Premature end of file.
2026-03-27 16:45:21,849 [ERROR] LogOutputStream:75 - [STDERR_REDIRECT] 
2026-03-27 16:45:22,867 [ERROR] LogOutputStream:75 - [STDERR_REDIRECT] [Fatal Error] :1:1: Premature end of file.
2026-03-27 16:45:22,868 [ERROR] LogOutputStream:75 - [STDERR_REDIRECT] 
2026-03-27 16:45:23,884 [ERROR] LogOutputStream:75 - [STDERR_REDIRECT] [Fatal Error] :1:1: Premature end of file.
2026-03-27 16:45:23,885 [ERROR] LogOutputStream:75 - [STDERR_REDIRECT] 
2026-03-27 16:45:24,891 [ERROR] LogOutputStream:75 - [STDERR_REDIRECT] [Fatal Error] :1:1: Premature end of file.
2026-03-27 16:45:24,892 [ERROR] LogOutputStream:75 - [STDERR_REDIRECT] 
2026-03-27 16:45:25,871 [ERROR] LogOutputStream:75 - [STDERR_REDIRECT] [Fatal Error] :1:1: Premature end of file.
2026-03-27 16:45:25,871 [ERROR] LogOutputStream:75 - [STDERR_REDIRECT] 
2026-03-27 16:45:26,876 [ERROR] LogOutputStream:75 - [STDERR_REDIRECT] [Fatal Error] :1:1: Premature end of file.
2026-03-27 16:45:26,877 [ERROR] LogOutputStream:75 - [STDERR_REDIRECT] 
2026-03-27 16:45:27,889 [ERROR] LogOutputStream:75 - [STDERR_REDIRECT] [Fatal Error] :1:1: Premature end of file.
2026-03-27 16:45:27,889 [ERROR] LogOutputStream:75 - [STDERR_REDIRECT] 
2026-03-27 16:45:28,851 [ERROR] LogOutputStream:75 - [STDERR_REDIRECT] [Fatal Error] :1:1: Premature end of file.
2026-03-27 16:45:28,851 [ERROR] LogOutputStream:75 - [STDERR_REDIRECT] 
2026-03-27 16:45:29,860 [ERROR] LogOutputStream:75 - [STDERR_REDIRECT] [Fatal Error] :1:1: Premature end of file.
2026-03-27 16:45:29,860 [ERROR] LogOutputStream:75 - [STDERR_REDIRECT] 
2026-03-27 16:45:30,869 [ERROR] LogOutputStream:75 - [STDERR_REDIRECT] [Fatal Error] :1:1: Premature end of file.
2026-03-27 16:45:30,869 [ERROR] LogOutputStream:75 - [STDERR_REDIRECT] 
2026-03-27 16:45:31,875 [ERROR] LogOutputStream:75 - [STDERR_REDIRECT] [Fatal Error] :1:1: Premature end of file.
2026-03-27 16:45:31,880 [ERROR] LogOutputStream:75 - [STDERR_REDIRECT] 
2026-03-27 16:45:32,877 [ERROR] LogOutputStream:75 - [STDERR_REDIRECT] [Fatal Error] :1:1: Premature end of file.
2026-03-27 16:45:32,877 [ERROR] LogOutputStream:75 - [STDERR_REDIRECT] 
2026-03-27 16:45:33,874 [ERROR] LogOutputStream:75 - [STDERR_REDIRECT] [Fatal Error] :1:1: Premature end of file.
2026-03-27 16:45:33,874 [ERROR] LogOutputStream:75 - [STDERR_REDIRECT] 
2026-03-27 16:45:34,873 [ERROR] LogOutputStream:75 - [STDERR_REDIRECT] [Fatal Error] :1:1: Premature end of file.
2026-03-27 16:45:34,873 [ERROR] LogOutputStream:75 - [STDERR_REDIRECT] 
2026-03-27 16:45:35,874 [ERROR] LogOutputStream:75 - [STDERR_REDIRECT] [Fatal Error] :1:1: Premature end of file.
2026-03-27 16:45:35,874 [ERROR] LogOutputStream:75 - [STDERR_REDIRECT] 
2026-03-27 16:45:36,875 [ERROR] LogOutputStream:75 - [STDERR_REDIRECT] [Fatal Error] :1:1: Premature end of file.
2026-03-27 16:45:36,875 [ERROR] LogOutputStream:75 - [STDERR_REDIRECT] 
2026-03-27 16:45:37,888 [ERROR] LogOutputStream:75 - [STDERR_REDIRECT] [Fatal Error] :1:1: Premature end of file.
2026-03-27 16:45:37,889 [ERROR] LogOutputStream:75 - [STDERR_REDIRECT] 
2026-03-27 16:45:38,894 [ERROR] LogOutputStream:75 - [STDERR_REDIRECT] [Fatal Error] :1:1: Premature end of file.
2026-03-27 16:45:38,896 [ERROR] LogOutputStream:75 - [STDERR_REDIRECT] 
2026-03-27 16:45:39,902 [ERROR] LogOutputStream:75 - [STDERR_REDIRECT] [Fatal Error] :1:1: Premature end of file.
2026-03-27 16:45:39,902 [ERROR] LogOutputStream:75 - [STDERR_REDIRECT] 
2026-03-27 16:45:40,883 [ERROR] LogOutputStream:75 - [STDERR_REDIRECT] [Fatal Error] :1:1: Premature end of file.
2026-03-27 16:45:40,884 [ERROR] LogOutputStream:75 - [STDERR_REDIRECT] 
2026-03-27 16:45:41,883 [ERROR] LogOutputStream:75 - [STDERR_REDIRECT] [Fatal Error] :1:1: Premature end of file.
2026-03-27 16:45:41,883 [ERROR] LogOutputStream:75 - [STDERR_REDIRECT] 
2026-03-27 16:45:42,900 [ERROR] LogOutputStream:75 - [STDERR_REDIRECT] [Fatal Error] :1:1: Premature end of file.
2026-03-27 16:45:42,901 [ERROR] LogOutputStream:75 - [STDERR_REDIRECT] 
2026-03-27 16:45:43,878 [ERROR] LogOutputStream:75 - [STDERR_REDIRECT] [Fatal Error] :1:1: Premature end of file.
2026-03-27 16:45:43,878 [ERROR] LogOutputStream:75 - [STDERR_REDIRECT] 
2026-03-27 16:45:44,867 [ERROR] LogOutputStream:75 - [STDERR_REDIRECT] [Fatal Error] :1:1: Premature end of file.
2026-03-27 16:45:44,867 [ERROR] LogOutputStream:75 - [STDERR_REDIRECT] 
2026-03-27 16:45:45,894 [ERROR] LogOutputStream:75 - [STDERR_REDIRECT] [Fatal Error] :1:1: Premature end of file.
2026-03-27 16:45:45,895 [ERROR] LogOutputStream:75 - [STDERR_REDIRECT] 
2026-03-27 16:45:46,867 [ERROR] LogOutputStream:75 - [STDERR_REDIRECT] [Fatal Error] :1:1: Premature end of file.
2026-03-27 16:45:46,867 [ERROR] LogOutputStream:75 - [STDERR_REDIRECT] 
2026-03-27 16:45:47,910 [ERROR] LogOutputStream:75 - [STDERR_REDIRECT] [Fatal Error] :1:1: Premature end of file.
2026-03-27 16:45:47,910 [ERROR] LogOutputStream:75 - [STDERR_REDIRECT] 
2026-03-27 16:45:48,891 [ERROR] LogOutputStream:75 - [STDERR_REDIRECT] [Fatal Error] :1:1: Premature end of file.
2026-03-27 16:45:48,891 [ERROR] LogOutputStream:75 - [STDERR_REDIRECT] 
2026-03-27 16:45:49,874 [ERROR] LogOutputStream:75 - [STDERR_REDIRECT] [Fatal Error] :1:1: Premature end of file.
2026-03-27 16:45:49,875 [ERROR] LogOutputStream:75 - [STDERR_REDIRECT] 
2026-03-27 16:45:50,851 [ERROR] LogOutputStream:75 - [STDERR_REDIRECT] [Fatal Error] :1:1: Premature end of file.
2026-03-27 16:45:50,851 [ERROR] LogOutputStream:75 - [STDERR_REDIRECT] 
2026-03-27 16:45:51,874 [ERROR] LogOutputStream:75 - [STDERR_REDIRECT] [Fatal Error] :1:1: Premature end of file.
2026-03-27 16:45:51,874 [ERROR] LogOutputStream:75 - [STDERR_REDIRECT] 
2026-03-27 16:45:52,882 [ERROR] LogOutputStream:75 - [STDERR_REDIRECT] [Fatal Error] :1:1: Premature end of file.
2026-03-27 16:45:52,882 [ERROR] LogOutputStream:75 - [STDERR_REDIRECT] 
2026-03-27 16:45:53,880 [ERROR] LogOutputStream:75 - [STDERR_REDIRECT] [Fatal Error] :1:1: Premature end of file.
2026-03-27 16:45:53,880 [ERROR] LogOutputStream:75 - [STDERR_REDIRECT] 
2026-03-27 16:45:54,853 [ERROR] LogOutputStream:75 - [STDERR_REDIRECT] [Fatal Error] :1:1: Premature end of file.
2026-03-27 16:45:54,853 [ERROR] LogOutputStream:75 - [STDERR_REDIRECT] 
2026-03-27 16:45:55,858 [ERROR] LogOutputStream:75 - [STDERR_REDIRECT] [Fatal Error] :1:1: Premature end of file.
2026-03-27 16:45:55,859 [ERROR] LogOutputStream:75 - [STDERR_REDIRECT] 
2026-03-27 16:45:56,873 [ERROR] LogOutputStream:75 - [STDERR_REDIRECT] [Fatal Error] :1:1: Premature end of file.
2026-03-27 16:45:56,874 [ERROR] LogOutputStream:75 - [STDERR_REDIRECT] 
2026-03-27 16:45:57,883 [ERROR] LogOutputStream:75 - [STDERR_REDIRECT] [Fatal Error] :1:1: Premature end of file.
2026-03-27 16:45:57,885 [ERROR] LogOutputStream:75 - [STDERR_REDIRECT] 
2026-03-27 16:45:58,865 [ERROR] LogOutputStream:75 - [STDERR_REDIRECT] [Fatal Error] :1:1: Premature end of file.
2026-03-27 16:45:58,865 [ERROR] LogOutputStream:75 - [STDERR_REDIRECT] 
2026-03-27 16:45:59,866 [ERROR] LogOutputStream:75 - [STDERR_REDIRECT] [Fatal Error] :1:1: Premature end of file.
2026-03-27 16:45:59,872 [ERROR] LogOutputStream:75 - [STDERR_REDIRECT] 
2026-03-27 16:46:00,878 [ERROR] LogOutputStream:75 - [STDERR_REDIRECT] [Fatal Error] :1:1: Premature end of file.
2026-03-27 16:46:00,878 [ERROR] LogOutputStream:75 - [STDERR_REDIRECT] 
2026-03-27 16:46:01,887 [ERROR] LogOutputStream:75 - [STDERR_REDIRECT] [Fatal Error] :1:1: Premature end of file.
2026-03-27 16:46:01,887 [ERROR] LogOutputStream:75 - [STDERR_REDIRECT] 
2026-03-27 16:46:02,857 [ERROR] LogOutputStream:75 - [STDERR_REDIRECT] [Fatal Error] :1:1: Premature end of file.
2026-03-27 16:46:02,857 [ERROR] LogOutputStream:75 - [STDERR_REDIRECT] 
2026-03-27 16:46:03,880 [ERROR] LogOutputStream:75 - [STDERR_REDIRECT] [Fatal Error] :1:1: Premature end of file.
2026-03-27 16:46:03,880 [ERROR] LogOutputStream:75 - [STDERR_REDIRECT] 
2026-03-27 16:46:04,884 [ERROR] LogOutputStream:75 - [STDERR_REDIRECT] [Fatal Error] :1:1: Premature end of file.
2026-03-27 16:46:04,884 [ERROR] LogOutputStream:75 - [STDERR_REDIRECT] 
2026-03-27 16:46:05,865 [ERROR] LogOutputStream:75 - [STDERR_REDIRECT] [Fatal Error] :1:1: Premature end of file.
2026-03-27 16:46:05,865 [ERROR] LogOutputStream:75 - [STDERR_REDIRECT] 
2026-03-27 16:46:06,861 [ERROR] LogOutputStream:75 - [STDERR_REDIRECT] [Fatal Error] :1:1: Premature end of file.
2026-03-27 16:46:06,861 [ERROR] LogOutputStream:75 - [STDERR_REDIRECT] 
2026-03-27 16:46:07,859 [ERROR] LogOutputStream:75 - [STDERR_REDIRECT] [Fatal Error] :1:1: Premature end of file.
2026-03-27 16:46:07,859 [ERROR] LogOutputStream:75 - [STDERR_REDIRECT] 
2026-03-27 16:46:08,880 [ERROR] LogOutputStream:75 - [STDERR_REDIRECT] [Fatal Error] :1:1: Premature end of file.
2026-03-27 16:46:08,880 [ERROR] LogOutputStream:75 - [STDERR_REDIRECT] 
2026-03-27 16:46:09,909 [ERROR] LogOutputStream:75 - [STDERR_REDIRECT] [Fatal Error] :1:1: Premature end of file.
2026-03-27 16:46:09,910 [ERROR] LogOutputStream:75 - [STDERR_REDIRECT] 
2026-03-27 16:46:10,899 [ERROR] LogOutputStream:75 - [STDERR_REDIRECT] [Fatal Error] :1:1: Premature end of file.
2026-03-27 16:46:10,899 [ERROR] LogOutputStream:75 - [STDERR_REDIRECT] 
2026-03-27 16:46:11,866 [ERROR] LogOutputStream:75 - [STDERR_REDIRECT] [Fatal Error] :1:1: Premature end of file.
2026-03-27 16:46:11,866 [ERROR] LogOutputStream:75 - [STDERR_REDIRECT] 
2026-03-27 16:46:12,890 [ERROR] LogOutputStream:75 - [STDERR_REDIRECT] [Fatal Error] :1:1: Premature end of file.
2026-03-27 16:46:12,890 [ERROR] LogOutputStream:75 - [STDERR_REDIRECT] 
2026-03-27 16:46:13,896 [ERROR] LogOutputStream:75 - [STDERR_REDIRECT] [Fatal Error] :1:1: Premature end of file.
2026-03-27 16:46:13,896 [ERROR] LogOutputStream:75 - [STDERR_REDIRECT] 
2026-03-27 16:46:14,868 [ERROR] LogOutputStream:75 - [STDERR_REDIRECT] [Fatal Error] :1:1: Premature end of file.
2026-03-27 16:46:14,868 [ERROR] LogOutputStream:75 - [STDERR_REDIRECT] 
2026-03-27 16:46:15,850 [ERROR] LogOutputStream:75 - [STDERR_REDIRECT] [Fatal Error] :1:1: Premature end of file.
2026-03-27 16:46:15,850 [ERROR] LogOutputStream:75 - [STDERR_REDIRECT] 
2026-03-27 16:46:16,858 [ERROR] LogOutputStream:75 - [STDERR_REDIRECT] [Fatal Error] :1:1: Premature end of file.
2026-03-27 16:46:16,858 [ERROR] LogOutputStream:75 - [STDERR_REDIRECT] 
2026-03-27 16:46:17,859 [ERROR] LogOutputStream:75 - [STDERR_REDIRECT] [Fatal Error] :1:1: Premature end of file.
2026-03-27 16:46:17,863 [ERROR] LogOutputStream:75 - [STDERR_REDIRECT] 
2026-03-27 16:46:18,889 [ERROR] LogOutputStream:75 - [STDERR_REDIRECT] [Fatal Error] :1:1: Premature end of file.
2026-03-27 16:46:18,889 [ERROR] LogOutputStream:75 - [STDERR_REDIRECT] 
2026-03-27 16:46:19,895 [ERROR] LogOutputStream:75 - [STDERR_REDIRECT] [Fatal Error] :1:1: Premature end of file.
2026-03-27 16:46:19,895 [ERROR] LogOutputStream:75 - [STDERR_REDIRECT] 
2026-03-27 16:46:20,883 [ERROR] LogOutputStream:75 - [STDERR_REDIRECT] [Fatal Error] :1:1: Premature end of file.
2026-03-27 16:46:20,883 [ERROR] LogOutputStream:75 - [STDERR_REDIRECT] 
2026-03-27 16:46:21,860 [ERROR] LogOutputStream:75 - [STDERR_REDIRECT] [Fatal Error] :1:1: Premature end of file.
2026-03-27 16:46:21,868 [ERROR] LogOutputStream:75 - [STDERR_REDIRECT] 
2026-03-27 16:46:22,875 [ERROR] LogOutputStream:75 - [STDERR_REDIRECT] [Fatal Error] :1:1: Premature end of file.
2026-03-27 16:46:22,875 [ERROR] LogOutputStream:75 - [STDERR_REDIRECT] 
2026-03-27 16:46:23,878 [ERROR] LogOutputStream:75 - [STDERR_REDIRECT] [Fatal Error] :1:1: Premature end of file.
2026-03-27 16:46:23,879 [ERROR] LogOutputStream:75 - [STDERR_REDIRECT] 
2026-03-27 16:46:24,870 [ERROR] LogOutputStream:75 - [STDERR_REDIRECT] [Fatal Error] :1:1: Premature end of file.
2026-03-27 16:46:24,870 [ERROR] LogOutputStream:75 - [STDERR_REDIRECT] 
2026-03-27 16:46:25,883 [ERROR] LogOutputStream:75 - [STDERR_REDIRECT] [Fatal Error] :1:1: Premature end of file.
2026-03-27 16:46:25,883 [ERROR] LogOutputStream:75 - [STDERR_REDIRECT] 
2026-03-27 16:46:26,860 [ERROR] LogOutputStream:75 - [STDERR_REDIRECT] [Fatal Error] :1:1: Premature end of file.
2026-03-27 16:46:26,860 [ERROR] LogOutputStream:75 - [STDERR_REDIRECT] 
2026-03-27 16:46:27,880 [ERROR] LogOutputStream:75 - [STDERR_REDIRECT] [Fatal Error] :1:1: Premature end of file.
2026-03-27 16:46:27,881 [ERROR] LogOutputStream:75 - [STDERR_REDIRECT] 
2026-03-27 16:46:28,867 [ERROR] LogOutputStream:75 - [STDERR_REDIRECT] [Fatal Error] :1:1: Premature end of file.
2026-03-27 16:46:28,867 [ERROR] LogOutputStream:75 - [STDERR_REDIRECT] 
2026-03-27 16:46:29,889 [ERROR] LogOutputStream:75 - [STDERR_REDIRECT] [Fatal Error] :1:1: Premature end of file.
2026-03-27 16:46:29,889 [ERROR] LogOutputStream:75 - [STDERR_REDIRECT] 
2026-03-27 16:46:30,884 [ERROR] LogOutputStream:75 - [STDERR_REDIRECT] [Fatal Error] :1:1: Premature end of file.
2026-03-27 16:46:30,884 [ERROR] LogOutputStream:75 - [STDERR_REDIRECT] 
2026-03-27 16:46:31,865 [ERROR] LogOutputStream:75 - [STDERR_REDIRECT] [Fatal Error] :1:1: Premature end of file.
2026-03-27 16:46:31,865 [ERROR] LogOutputStream:75 - [STDERR_REDIRECT] 
2026-03-27 16:46:32,871 [ERROR] LogOutputStream:75 - [STDERR_REDIRECT] [Fatal Error] :1:1: Premature end of file.
2026-03-27 16:46:32,871 [ERROR] LogOutputStream:75 - [STDERR_REDIRECT] 
2026-03-27 16:46:33,874 [ERROR] LogOutputStream:75 - [STDERR_REDIRECT] [Fatal Error] :1:1: Premature end of file.
2026-03-27 16:46:33,874 [ERROR] LogOutputStream:75 - [STDERR_REDIRECT] 
2026-03-27 16:46:34,883 [ERROR] LogOutputStream:75 - [STDERR_REDIRECT] [Fatal Error] :1:1: Premature end of file.
2026-03-27 16:46:34,883 [ERROR] LogOutputStream:75 - [STDERR_REDIRECT] 
2026-03-27 16:46:35,901 [ERROR] LogOutputStream:75 - [STDERR_REDIRECT] [Fatal Error] :1:1: Premature end of file.
2026-03-27 16:46:35,901 [ERROR] LogOutputStream:75 - [STDERR_REDIRECT] 
2026-03-27 16:46:36,870 [ERROR] LogOutputStream:75 - [STDERR_REDIRECT] [Fatal Error] :1:1: Premature end of file.
2026-03-27 16:46:36,870 [ERROR] LogOutputStream:75 - [STDERR_REDIRECT] 
2026-03-27 16:46:37,878 [ERROR] LogOutputStream:75 - [STDERR_REDIRECT] [Fatal Error] :1:1: Premature end of file.
2026-03-27 16:46:37,878 [ERROR] LogOutputStream:75 - [STDERR_REDIRECT] 
2026-03-27 16:46:38,893 [ERROR] LogOutputStream:75 - [STDERR_REDIRECT] [Fatal Error] :1:1: Premature end of file.
2026-03-27 16:46:38,895 [ERROR] LogOutputStream:75 - [STDERR_REDIRECT] 
2026-03-27 16:46:39,882 [ERROR] LogOutputStream:75 - [STDERR_REDIRECT] [Fatal Error] :1:1: Premature end of file.
2026-03-27 16:46:39,882 [ERROR] LogOutputStream:75 - [STDERR_REDIRECT] 
2026-03-27 16:46:40,856 [ERROR] LogOutputStream:75 - [STDERR_REDIRECT] [Fatal Error] :1:1: Premature end of file.
2026-03-27 16:46:40,856 [ERROR] LogOutputStream:75 - [STDERR_REDIRECT] 
2026-03-27 16:46:41,891 [ERROR] LogOutputStream:75 - [STDERR_REDIRECT] [Fatal Error] :1:1: Premature end of file.
2026-03-27 16:46:41,893 [ERROR] LogOutputStream:75 - [STDERR_REDIRECT] 
2026-03-27 16:46:42,864 [ERROR] LogOutputStream:75 - [STDERR_REDIRECT] [Fatal Error] :1:1: Premature end of file.
2026-03-27 16:46:42,865 [ERROR] LogOutputStream:75 - [STDERR_REDIRECT] 
2026-03-27 16:46:43,899 [ERROR] LogOutputStream:75 - [STDERR_REDIRECT] [Fatal Error] :1:1: Premature end of file.
2026-03-27 16:46:43,899 [ERROR] LogOutputStream:75 - [STDERR_REDIRECT] 
2026-03-27 16:46:44,880 [ERROR] LogOutputStream:75 - [STDERR_REDIRECT] [Fatal Error] :1:1: Premature end of file.
2026-03-27 16:46:44,880 [ERROR] LogOutputStream:75 - [STDERR_REDIRECT] 
2026-03-27 16:46:45,882 [ERROR] LogOutputStream:75 - [STDERR_REDIRECT] [Fatal Error] :1:1: Premature end of file.
2026-03-27 16:46:45,882 [ERROR] LogOutputStream:75 - [STDERR_REDIRECT] 
2026-03-27 16:46:46,874 [ERROR] LogOutputStream:75 - [STDERR_REDIRECT] [Fatal Error] :1:1: Premature end of file.
2026-03-27 16:46:46,874 [ERROR] LogOutputStream:75 - [STDERR_REDIRECT] 
2026-03-27 16:46:47,891 [ERROR] LogOutputStream:75 - [STDERR_REDIRECT] [Fatal Error] :1:1: Premature end of file.
2026-03-27 16:46:47,891 [ERROR] LogOutputStream:75 - [STDERR_REDIRECT] 
2026-03-27 16:46:48,848 [ERROR] LogOutputStream:75 - [STDERR_REDIRECT] [Fatal Error] :1:1: Premature end of file.
2026-03-27 16:46:48,848 [ERROR] LogOutputStream:75 - [STDERR_REDIRECT] 
2026-03-27 16:46:49,875 [ERROR] LogOutputStream:75 - [STDERR_REDIRECT] [Fatal Error] :1:1: Premature end of file.
2026-03-27 16:46:49,876 [ERROR] LogOutputStream:75 - [STDERR_REDIRECT] 
2026-03-27 16:46:50,876 [ERROR] LogOutputStream:75 - [STDERR_REDIRECT] [Fatal Error] :1:1: Premature end of file.
2026-03-27 16:46:50,876 [ERROR] LogOutputStream:75 - [STDERR_REDIRECT] 
2026-03-27 16:46:51,864 [ERROR] LogOutputStream:75 - [STDERR_REDIRECT] [Fatal Error] :1:1: Premature end of file.
2026-03-27 16:46:51,864 [ERROR] LogOutputStream:75 - [STDERR_REDIRECT] 
2026-03-27 16:46:52,878 [ERROR] LogOutputStream:75 - [STDERR_REDIRECT] [Fatal Error] :1:1: Premature end of file.
2026-03-27 16:46:52,878 [ERROR] LogOutputStream:75 - [STDERR_REDIRECT] 
2026-03-27 16:46:53,864 [ERROR] LogOutputStream:75 - [STDERR_REDIRECT] [Fatal Error] :1:1: Premature end of file.
2026-03-27 16:46:53,864 [ERROR] LogOutputStream:75 - [STDERR_REDIRECT] 
2026-03-27 16:46:54,884 [ERROR] LogOutputStream:75 - [STDERR_REDIRECT] [Fatal Error] :1:1: Premature end of file.
2026-03-27 16:46:54,884 [ERROR] LogOutputStream:75 - [STDERR_REDIRECT] 
2026-03-27 16:46:55,877 [ERROR] LogOutputStream:75 - [STDERR_REDIRECT] [Fatal Error] :1:1: Premature end of file.
2026-03-27 16:46:55,877 [ERROR] LogOutputStream:75 - [STDERR_REDIRECT] 
2026-03-27 16:46:56,877 [ERROR] LogOutputStream:75 - [STDERR_REDIRECT] [Fatal Error] :1:1: Premature end of file.
2026-03-27 16:46:56,877 [ERROR] LogOutputStream:75 - [STDERR_REDIRECT] 
2026-03-27 16:46:57,864 [ERROR] LogOutputStream:75 - [STDERR_REDIRECT] [Fatal Error] :1:1: Premature end of file.
2026-03-27 16:46:57,864 [ERROR] LogOutputStream:75 - [STDERR_REDIRECT] 
2026-03-27 16:46:58,859 [ERROR] LogOutputStream:75 - [STDERR_REDIRECT] [Fatal Error] :1:1: Premature end of file.
2026-03-27 16:46:58,859 [ERROR] LogOutputStream:75 - [STDERR_REDIRECT] 
2026-03-27 16:46:59,873 [ERROR] LogOutputStream:75 - [STDERR_REDIRECT] [Fatal Error] :1:1: Premature end of file.
2026-03-27 16:46:59,873 [ERROR] LogOutputStream:75 - [STDERR_REDIRECT] 
2026-03-27 16:47:00,871 [ERROR] LogOutputStream:75 - [STDERR_REDIRECT] [Fatal Error] :1:1: Premature end of file.
2026-03-27 16:47:00,871 [ERROR] LogOutputStream:75 - [STDERR_REDIRECT] 
2026-03-27 16:47:01,867 [ERROR] LogOutputStream:75 - [STDERR_REDIRECT] [Fatal Error] :1:1: Premature end of file.
2026-03-27 16:47:01,869 [ERROR] LogOutputStream:75 - [STDERR_REDIRECT] 
2026-03-27 16:47:02,882 [ERROR] LogOutputStream:75 - [STDERR_REDIRECT] [Fatal Error] :1:1: Premature end of file.
2026-03-27 16:47:02,882 [ERROR] LogOutputStream:75 - [STDERR_REDIRECT] 
2026-03-27 16:47:03,868 [ERROR] LogOutputStream:75 - [STDERR_REDIRECT] [Fatal Error] :1:1: Premature end of file.
2026-03-27 16:47:03,868 [ERROR] LogOutputStream:75 - [STDERR_REDIRECT] 
2026-03-27 16:47:04,866 [ERROR] LogOutputStream:75 - [STDERR_REDIRECT] [Fatal Error] :1:1: Premature end of file.
2026-03-27 16:47:04,866 [ERROR] LogOutputStream:75 - [STDERR_REDIRECT] 
2026-03-27 16:47:05,883 [ERROR] LogOutputStream:75 - [STDERR_REDIRECT] [Fatal Error] :1:1: Premature end of file.
2026-03-27 16:47:05,883 [ERROR] LogOutputStream:75 - [STDERR_REDIRECT] 
2026-03-27 16:47:06,871 [ERROR] LogOutputStream:75 - [STDERR_REDIRECT] [Fatal Error] :1:1: Premature end of file.
2026-03-27 16:47:06,871 [ERROR] LogOutputStream:75 - [STDERR_REDIRECT] 
2026-03-27 16:47:07,876 [ERROR] LogOutputStream:75 - [STDERR_REDIRECT] [Fatal Error] :1:1: Premature end of file.
2026-03-27 16:47:07,876 [ERROR] LogOutputStream:75 - [STDERR_REDIRECT] 
2026-03-27 16:47:08,873 [ERROR] LogOutputStream:75 - [STDERR_REDIRECT] [Fatal Error] :1:1: Premature end of file.
2026-03-27 16:47:08,873 [ERROR] LogOutputStream:75 - [STDERR_REDIRECT] 
2026-03-27 16:47:09,888 [ERROR] LogOutputStream:75 - [STDERR_REDIRECT] [Fatal Error] :1:1: Premature end of file.
2026-03-27 16:47:09,888 [ERROR] LogOutputStream:75 - [STDERR_REDIRECT] 
2026-03-27 16:47:10,872 [ERROR] LogOutputStream:75 - [STDERR_REDIRECT] [Fatal Error] :1:1: Premature end of file.
2026-03-27 16:47:10,872 [ERROR] LogOutputStream:75 - [STDERR_REDIRECT] 
2026-03-27 16:47:11,876 [ERROR] LogOutputStream:75 - [STDERR_REDIRECT] [Fatal Error] :1:1: Premature end of file.
2026-03-27 16:47:11,876 [ERROR] LogOutputStream:75 - [STDERR_REDIRECT] 
2026-03-27 16:47:12,882 [ERROR] LogOutputStream:75 - [STDERR_REDIRECT] [Fatal Error] :1:1: Premature end of file.
2026-03-27 16:47:12,882 [ERROR] LogOutputStream:75 - [STDERR_REDIRECT] 
2026-03-27 16:47:13,867 [ERROR] LogOutputStream:75 - [STDERR_REDIRECT] [Fatal Error] :1:1: Premature end of file.
2026-03-27 16:47:13,867 [ERROR] LogOutputStream:75 - [STDERR_REDIRECT] 
2026-03-27 16:47:14,890 [ERROR] LogOutputStream:75 - [STDERR_REDIRECT] [Fatal Error] :1:1: Premature end of file.
2026-03-27 16:47:14,890 [ERROR] LogOutputStream:75 - [STDERR_REDIRECT] 
2026-03-27 16:47:15,877 [ERROR] LogOutputStream:75 - [STDERR_REDIRECT] [Fatal Error] :1:1: Premature end of file.
2026-03-27 16:47:15,877 [ERROR] LogOutputStream:75 - [STDERR_REDIRECT] 
2026-03-27 16:47:16,879 [ERROR] LogOutputStream:75 - [STDERR_REDIRECT] [Fatal Error] :1:1: Premature end of file.
2026-03-27 16:47:16,879 [ERROR] LogOutputStream:75 - [STDERR_REDIRECT] 
2026-03-27 16:47:17,876 [ERROR] LogOutputStream:75 - [STDERR_REDIRECT] [Fatal Error] :1:1: Premature end of file.
2026-03-27 16:47:17,876 [ERROR] LogOutputStream:75 - [STDERR_REDIRECT] 
2026-03-27 16:47:18,892 [ERROR] LogOutputStream:75 - [STDERR_REDIRECT] [Fatal Error] :1:1: Premature end of file.
2026-03-27 16:47:18,894 [ERROR] LogOutputStream:75 - [STDERR_REDIRECT] 
2026-03-27 16:47:19,881 [ERROR] LogOutputStream:75 - [STDERR_REDIRECT] [Fatal Error] :1:1: Premature end of file.
2026-03-27 16:47:19,881 [ERROR] LogOutputStream:75 - [STDERR_REDIRECT] 
2026-03-27 16:47:20,877 [ERROR] LogOutputStream:75 - [STDERR_REDIRECT] [Fatal Error] :1:1: Premature end of file.
2026-03-27 16:47:20,877 [ERROR] LogOutputStream:75 - [STDERR_REDIRECT] 
2026-03-27 16:47:21,877 [ERROR] LogOutputStream:75 - [STDERR_REDIRECT] [Fatal Error] :1:1: Premature end of file.
2026-03-27 16:47:21,877 [ERROR] LogOutputStream:75 - [STDERR_REDIRECT] 
2026-03-27 16:47:22,875 [ERROR] LogOutputStream:75 - [STDERR_REDIRECT] [Fatal Error] :1:1: Premature end of file.
2026-03-27 16:47:22,876 [ERROR] LogOutputStream:75 - [STDERR_REDIRECT] 
2026-03-27 16:47:23,869 [ERROR] LogOutputStream:75 - [STDERR_REDIRECT] [Fatal Error] :1:1: Premature end of file.
2026-03-27 16:47:23,869 [ERROR] LogOutputStream:75 - [STDERR_REDIRECT] 
2026-03-27 16:47:24,907 [ERROR] LogOutputStream:75 - [STDERR_REDIRECT] [Fatal Error] :1:1: Premature end of file.
2026-03-27 16:47:24,907 [ERROR] LogOutputStream:75 - [STDERR_REDIRECT] 
2026-03-27 16:47:25,859 [ERROR] LogOutputStream:75 - [STDERR_REDIRECT] [Fatal Error] :1:1: Premature end of file.
2026-03-27 16:47:25,859 [ERROR] LogOutputStream:75 - [STDERR_REDIRECT] 
2026-03-27 16:47:26,878 [ERROR] LogOutputStream:75 - [STDERR_REDIRECT] [Fatal Error] :1:1: Premature end of file.
2026-03-27 16:47:26,878 [ERROR] LogOutputStream:75 - [STDERR_REDIRECT] 
2026-03-27 16:47:27,888 [ERROR] LogOutputStream:75 - [STDERR_REDIRECT] [Fatal Error] :1:1: Premature end of file.
2026-03-27 16:47:27,888 [ERROR] LogOutputStream:75 - [STDERR_REDIRECT] 
2026-03-27 16:47:28,940 [ERROR] LogOutputStream:75 - [STDERR_REDIRECT] [Fatal Error] :1:1: Premature end of file.
2026-03-27 16:47:28,941 [ERROR] LogOutputStream:75 - [STDERR_REDIRECT] 
2026-03-27 16:47:29,877 [ERROR] LogOutputStream:75 - [STDERR_REDIRECT] [Fatal Error] :1:1: Premature end of file.
2026-03-27 16:47:29,877 [ERROR] LogOutputStream:75 - [STDERR_REDIRECT] 
2026-03-27 16:47:30,883 [ERROR] LogOutputStream:75 - [STDERR_REDIRECT] [Fatal Error] :1:1: Premature end of file.
2026-03-27 16:47:30,883 [ERROR] LogOutputStream:75 - [STDERR_REDIRECT] 
2026-03-27 16:47:31,871 [ERROR] LogOutputStream:75 - [STDERR_REDIRECT] [Fatal Error] :1:1: Premature end of file.
2026-03-27 16:47:31,871 [ERROR] LogOutputStream:75 - [STDERR_REDIRECT] 
2026-03-27 16:47:32,881 [ERROR] LogOutputStream:75 - [STDERR_REDIRECT] [Fatal Error] :1:1: Premature end of file.
2026-03-27 16:47:32,881 [ERROR] LogOutputStream:75 - [STDERR_REDIRECT] 
2026-03-27 16:47:33,881 [ERROR] LogOutputStream:75 - [STDERR_REDIRECT] [Fatal Error] :1:1: Premature end of file.
2026-03-27 16:47:33,881 [ERROR] LogOutputStream:75 - [STDERR_REDIRECT] 
2026-03-27 16:47:34,876 [ERROR] LogOutputStream:75 - [STDERR_REDIRECT] [Fatal Error] :1:1: Premature end of file.
2026-03-27 16:47:34,876 [ERROR] LogOutputStream:75 - [STDERR_REDIRECT] 
2026-03-27 16:47:35,882 [ERROR] LogOutputStream:75 - [STDERR_REDIRECT] [Fatal Error] :1:1: Premature end of file.
2026-03-27 16:47:35,882 [ERROR] LogOutputStream:75 - [STDERR_REDIRECT] 
2026-03-27 16:47:36,869 [ERROR] LogOutputStream:75 - [STDERR_REDIRECT] [Fatal Error] :1:1: Premature end of file.
2026-03-27 16:47:36,869 [ERROR] LogOutputStream:75 - [STDERR_REDIRECT] 
2026-03-27 16:47:37,871 [ERROR] LogOutputStream:75 - [STDERR_REDIRECT] [Fatal Error] :1:1: Premature end of file.
2026-03-27 16:47:37,872 [ERROR] LogOutputStream:75 - [STDERR_REDIRECT] 
2026-03-27 16:47:38,867 [ERROR] LogOutputStream:75 - [STDERR_REDIRECT] [Fatal Error] :1:1: Premature end of file.
2026-03-27 16:47:38,867 [ERROR] LogOutputStream:75 - [STDERR_REDIRECT] 
2026-03-27 16:47:39,872 [ERROR] LogOutputStream:75 - [STDERR_REDIRECT] [Fatal Error] :1:1: Premature end of file.
2026-03-27 16:47:39,873 [ERROR] LogOutputStream:75 - [STDERR_REDIRECT] 
2026-03-27 16:47:40,884 [ERROR] LogOutputStream:75 - [STDERR_REDIRECT] [Fatal Error] :1:1: Premature end of file.
2026-03-27 16:47:40,884 [ERROR] LogOutputStream:75 - [STDERR_REDIRECT] 
2026-03-27 16:47:41,864 [ERROR] LogOutputStream:75 - [STDERR_REDIRECT] [Fatal Error] :1:1: Premature end of file.
2026-03-27 16:47:41,864 [ERROR] LogOutputStream:75 - [STDERR_REDIRECT] 
2026-03-27 16:47:42,865 [ERROR] LogOutputStream:75 - [STDERR_REDIRECT] [Fatal Error] :1:1: Premature end of file.
2026-03-27 16:47:42,865 [ERROR] LogOutputStream:75 - [STDERR_REDIRECT] 
2026-03-27 16:47:43,865 [ERROR] LogOutputStream:75 - [STDERR_REDIRECT] [Fatal Error] :1:1: Premature end of file.
2026-03-27 16:47:43,865 [ERROR] LogOutputStream:75 - [STDERR_REDIRECT] 
2026-03-27 16:47:44,871 [ERROR] LogOutputStream:75 - [STDERR_REDIRECT] [Fatal Error] :1:1: Premature end of file.
2026-03-27 16:47:44,871 [ERROR] LogOutputStream:75 - [STDERR_REDIRECT] 
2026-03-27 16:47:45,896 [ERROR] LogOutputStream:75 - [STDERR_REDIRECT] [Fatal Error] :1:1: Premature end of file.
2026-03-27 16:47:45,896 [ERROR] LogOutputStream:75 - [STDERR_REDIRECT] 
2026-03-27 16:47:46,872 [ERROR] LogOutputStream:75 - [STDERR_REDIRECT] [Fatal Error] :1:1: Premature end of file.
2026-03-27 16:47:46,872 [ERROR] LogOutputStream:75 - [STDERR_REDIRECT] 
2026-03-27 16:47:47,879 [ERROR] LogOutputStream:75 - [STDERR_REDIRECT] [Fatal Error] :1:1: Premature end of file.
2026-03-27 16:47:47,879 [ERROR] LogOutputStream:75 - [STDERR_REDIRECT] 
2026-03-27 16:47:48,879 [ERROR] LogOutputStream:75 - [STDERR_REDIRECT] [Fatal Error] :1:1: Premature end of file.
2026-03-27 16:47:48,879 [ERROR] LogOutputStream:75 - [STDERR_REDIRECT] 
2026-03-27 16:47:49,861 [ERROR] LogOutputStream:75 - [STDERR_REDIRECT] [Fatal Error] :1:1: Premature end of file.
2026-03-27 16:47:49,873 [ERROR] LogOutputStream:75 - [STDERR_REDIRECT] 
2026-03-27 16:47:50,862 [ERROR] LogOutputStream:75 - [STDERR_REDIRECT] [Fatal Error] :1:1: Premature end of file.
2026-03-27 16:47:50,862 [ERROR] LogOutputStream:75 - [STDERR_REDIRECT] 
2026-03-27 16:47:51,881 [ERROR] LogOutputStream:75 - [STDERR_REDIRECT] [Fatal Error] :1:1: Premature end of file.
2026-03-27 16:47:51,881 [ERROR] LogOutputStream:75 - [STDERR_REDIRECT] 
2026-03-27 16:47:52,882 [ERROR] LogOutputStream:75 - [STDERR_REDIRECT] [Fatal Error] :1:1: Premature end of file.
2026-03-27 16:47:52,884 [ERROR] LogOutputStream:75 - [STDERR_REDIRECT] 
2026-03-27 16:47:53,869 [ERROR] LogOutputStream:75 - [STDERR_REDIRECT] [Fatal Error] :1:1: Premature end of file.
2026-03-27 16:47:53,869 [ERROR] LogOutputStream:75 - [STDERR_REDIRECT] 
2026-03-27 16:47:54,873 [ERROR] LogOutputStream:75 - [STDERR_REDIRECT] [Fatal Error] :1:1: Premature end of file.
2026-03-27 16:47:54,873 [ERROR] LogOutputStream:75 - [STDERR_REDIRECT] 
2026-03-27 16:47:55,858 [ERROR] LogOutputStream:75 - [STDERR_REDIRECT] [Fatal Error] :1:1: Premature end of file.
2026-03-27 16:47:55,858 [ERROR] LogOutputStream:75 - [STDERR_REDIRECT] 
2026-03-27 16:47:56,877 [ERROR] LogOutputStream:75 - [STDERR_REDIRECT] [Fatal Error] :1:1: Premature end of file.
2026-03-27 16:47:56,877 [ERROR] LogOutputStream:75 - [STDERR_REDIRECT] 
2026-03-27 16:47:57,886 [ERROR] LogOutputStream:75 - [STDERR_REDIRECT] [Fatal Error] :1:1: Premature end of file.
2026-03-27 16:47:57,886 [ERROR] LogOutputStream:75 - [STDERR_REDIRECT] 
2026-03-27 16:47:58,871 [ERROR] LogOutputStream:75 - [STDERR_REDIRECT] [Fatal Error] :1:1: Premature end of file.
2026-03-27 16:47:58,871 [ERROR] LogOutputStream:75 - [STDERR_REDIRECT] 
2026-03-27 16:47:59,877 [ERROR] LogOutputStream:75 - [STDERR_REDIRECT] [Fatal Error] :1:1: Premature end of file.
2026-03-27 16:47:59,877 [ERROR] LogOutputStream:75 - [STDERR_REDIRECT] 
2026-03-27 16:48:00,866 [ERROR] LogOutputStream:75 - [STDERR_REDIRECT] [Fatal Error] :1:1: Premature end of file.
2026-03-27 16:48:00,866 [ERROR] LogOutputStream:75 - [STDERR_REDIRECT] 
2026-03-27 16:48:01,871 [ERROR] LogOutputStream:75 - [STDERR_REDIRECT] [Fatal Error] :1:1: Premature end of file.
2026-03-27 16:48:01,871 [ERROR] LogOutputStream:75 - [STDERR_REDIRECT] 
2026-03-27 16:48:02,861 [ERROR] LogOutputStream:75 - [STDERR_REDIRECT] [Fatal Error] :1:1: Premature end of file.
2026-03-27 16:48:02,861 [ERROR] LogOutputStream:75 - [STDERR_REDIRECT] 
2026-03-27 16:48:03,883 [ERROR] LogOutputStream:75 - [STDERR_REDIRECT] [Fatal Error] :1:1: Premature end of file.
2026-03-27 16:48:03,883 [ERROR] LogOutputStream:75 - [STDERR_REDIRECT] 
2026-03-27 16:48:04,868 [ERROR] LogOutputStream:75 - [STDERR_REDIRECT] [Fatal Error] :1:1: Premature end of file.
2026-03-27 16:48:04,868 [ERROR] LogOutputStream:75 - [STDERR_REDIRECT] 
2026-03-27 16:48:05,870 [ERROR] LogOutputStream:75 - [STDERR_REDIRECT] [Fatal Error] :1:1: Premature end of file.
2026-03-27 16:48:05,870 [ERROR] LogOutputStream:75 - [STDERR_REDIRECT] 
2026-03-27 16:48:06,858 [ERROR] LogOutputStream:75 - [STDERR_REDIRECT] [Fatal Error] :1:1: Premature end of file.
2026-03-27 16:48:06,858 [ERROR] LogOutputStream:75 - [STDERR_REDIRECT] 
2026-03-27 16:48:07,870 [ERROR] LogOutputStream:75 - [STDERR_REDIRECT] [Fatal Error] :1:1: Premature end of file.
2026-03-27 16:48:07,870 [ERROR] LogOutputStream:75 - [STDERR_REDIRECT] 
2026-03-27 16:48:08,867 [ERROR] LogOutputStream:75 - [STDERR_REDIRECT] [Fatal Error] :1:1: Premature end of file.
2026-03-27 16:48:08,867 [ERROR] LogOutputStream:75 - [STDERR_REDIRECT] 
2026-03-27 16:48:09,871 [ERROR] LogOutputStream:75 - [STDERR_REDIRECT] [Fatal Error] :1:1: Premature end of file.
2026-03-27 16:48:09,871 [ERROR] LogOutputStream:75 - [STDERR_REDIRECT] 
2026-03-27 16:48:10,876 [ERROR] LogOutputStream:75 - [STDERR_REDIRECT] [Fatal Error] :1:1: Premature end of file.
2026-03-27 16:48:10,876 [ERROR] LogOutputStream:75 - [STDERR_REDIRECT] 
2026-03-27 16:48:11,865 [ERROR] LogOutputStream:75 - [STDERR_REDIRECT] [Fatal Error] :1:1: Premature end of file.
2026-03-27 16:48:11,865 [ERROR] LogOutputStream:75 - [STDERR_REDIRECT] 
2026-03-27 16:48:12,869 [ERROR] LogOutputStream:75 - [STDERR_REDIRECT] [Fatal Error] :1:1: Premature end of file.
2026-03-27 16:48:12,869 [ERROR] LogOutputStream:75 - [STDERR_REDIRECT] 
2026-03-27 16:48:13,873 [ERROR] LogOutputStream:75 - [STDERR_REDIRECT] [Fatal Error] :1:1: Premature end of file.
2026-03-27 16:48:13,873 [ERROR] LogOutputStream:75 - [STDERR_REDIRECT] 
2026-03-27 16:48:14,883 [ERROR] LogOutputStream:75 - [STDERR_REDIRECT] [Fatal Error] :1:1: Premature end of file.
2026-03-27 16:48:14,883 [ERROR] LogOutputStream:75 - [STDERR_REDIRECT] 
2026-03-27 16:48:15,867 [ERROR] LogOutputStream:75 - [STDERR_REDIRECT] [Fatal Error] :1:1: Premature end of file.
2026-03-27 16:48:15,867 [ERROR] LogOutputStream:75 - [STDERR_REDIRECT] 
2026-03-27 16:48:16,853 [ERROR] LogOutputStream:75 - [STDERR_REDIRECT] [Fatal Error] :1:1: Premature end of file.
2026-03-27 16:48:16,853 [ERROR] LogOutputStream:75 - [STDERR_REDIRECT] 
2026-03-27 16:48:17,840 [ERROR] LogOutputStream:75 - [STDERR_REDIRECT] [Fatal Error] :1:1: Premature end of file.
2026-03-27 16:48:17,840 [ERROR] LogOutputStream:75 - [STDERR_REDIRECT] 
2026-03-27 16:48:18,860 [ERROR] LogOutputStream:75 - [STDERR_REDIRECT] [Fatal Error] :1:1: Premature end of file.
2026-03-27 16:48:18,860 [ERROR] LogOutputStream:75 - [STDERR_REDIRECT] 
2026-03-27 16:48:19,879 [ERROR] LogOutputStream:75 - [STDERR_REDIRECT] [Fatal Error] :1:1: Premature end of file.
2026-03-27 16:48:19,879 [ERROR] LogOutputStream:75 - [STDERR_REDIRECT] 
2026-03-27 16:48:20,884 [ERROR] LogOutputStream:75 - [STDERR_REDIRECT] [Fatal Error] :1:1: Premature end of file.
2026-03-27 16:48:20,884 [ERROR] LogOutputStream:75 - [STDERR_REDIRECT] 
2026-03-27 16:48:21,872 [ERROR] LogOutputStream:75 - [STDERR_REDIRECT] [Fatal Error] :1:1: Premature end of file.
2026-03-27 16:48:21,872 [ERROR] LogOutputStream:75 - [STDERR_REDIRECT] 
2026-03-27 16:48:22,877 [ERROR] LogOutputStream:75 - [STDERR_REDIRECT] [Fatal Error] :1:1: Premature end of file.
2026-03-27 16:48:22,877 [ERROR] LogOutputStream:75 - [STDERR_REDIRECT] 
2026-03-27 16:48:23,865 [ERROR] LogOutputStream:75 - [STDERR_REDIRECT] [Fatal Error] :1:1: Premature end of file.
2026-03-27 16:48:23,865 [ERROR] LogOutputStream:75 - [STDERR_REDIRECT] 
2026-03-27 16:48:24,870 [ERROR] LogOutputStream:75 - [STDERR_REDIRECT] [Fatal Error] :1:1: Premature end of file.
2026-03-27 16:48:24,870 [ERROR] LogOutputStream:75 - [STDERR_REDIRECT] 
2026-03-27 16:48:25,874 [ERROR] LogOutputStream:75 - [STDERR_REDIRECT] [Fatal Error] :1:1: Premature end of file.
2026-03-27 16:48:25,874 [ERROR] LogOutputStream:75 - [STDERR_REDIRECT] 
2026-03-27 16:48:26,862 [ERROR] LogOutputStream:75 - [STDERR_REDIRECT] [Fatal Error] :1:1: Premature end of file.
2026-03-27 16:48:26,862 [ERROR] LogOutputStream:75 - [STDERR_REDIRECT] 
2026-03-27 16:48:27,882 [ERROR] LogOutputStream:75 - [STDERR_REDIRECT] [Fatal Error] :1:1: Premature end of file.
2026-03-27 16:48:27,882 [ERROR] LogOutputStream:75 - [STDERR_REDIRECT] 
2026-03-27 16:48:28,866 [ERROR] LogOutputStream:75 - [STDERR_REDIRECT] [Fatal Error] :1:1: Premature end of file.
2026-03-27 16:48:28,866 [ERROR] LogOutputStream:75 - [STDERR_REDIRECT] 
2026-03-27 16:48:29,858 [ERROR] LogOutputStream:75 - [STDERR_REDIRECT] [Fatal Error] :1:1: Premature end of file.
2026-03-27 16:48:29,873 [ERROR] LogOutputStream:75 - [STDERR_REDIRECT] 
2026-03-27 16:48:30,881 [ERROR] LogOutputStream:75 - [STDERR_REDIRECT] [Fatal Error] :1:1: Premature end of file.
2026-03-27 16:48:30,881 [ERROR] LogOutputStream:75 - [STDERR_REDIRECT] 
2026-03-27 16:48:31,856 [ERROR] LogOutputStream:75 - [STDERR_REDIRECT] [Fatal Error] :1:1: Premature end of file.
2026-03-27 16:48:31,856 [ERROR] LogOutputStream:75 - [STDERR_REDIRECT] 
2026-03-27 16:48:32,863 [ERROR] LogOutputStream:75 - [STDERR_REDIRECT] [Fatal Error] :1:1: Premature end of file.
2026-03-27 16:48:32,863 [ERROR] LogOutputStream:75 - [STDERR_REDIRECT] 
2026-03-27 16:48:33,863 [ERROR] LogOutputStream:75 - [STDERR_REDIRECT] [Fatal Error] :1:1: Premature end of file.
2026-03-27 16:48:33,863 [ERROR] LogOutputStream:75 - [STDERR_REDIRECT] 
2026-03-27 16:48:34,856 [ERROR] LogOutputStream:75 - [STDERR_REDIRECT] [Fatal Error] :1:1: Premature end of file.
2026-03-27 16:48:34,856 [ERROR] LogOutputStream:75 - [STDERR_REDIRECT] 
2026-03-27 16:48:35,869 [ERROR] LogOutputStream:75 - [STDERR_REDIRECT] [Fatal Error] :1:1: Premature end of file.
2026-03-27 16:48:35,869 [ERROR] LogOutputStream:75 - [STDERR_REDIRECT] 
2026-03-27 16:48:36,885 [ERROR] LogOutputStream:75 - [STDERR_REDIRECT] [Fatal Error] :1:1: Premature end of file.
2026-03-27 16:48:36,885 [ERROR] LogOutputStream:75 - [STDERR_REDIRECT] 
2026-03-27 16:48:37,858 [ERROR] LogOutputStream:75 - [STDERR_REDIRECT] [Fatal Error] :1:1: Premature end of file.
2026-03-27 16:48:37,858 [ERROR] LogOutputStream:75 - [STDERR_REDIRECT] 
2026-03-27 16:48:38,865 [ERROR] LogOutputStream:75 - [STDERR_REDIRECT] [Fatal Error] :1:1: Premature end of file.
2026-03-27 16:48:38,865 [ERROR] LogOutputStream:75 - [STDERR_REDIRECT] 
2026-03-27 16:48:39,868 [ERROR] LogOutputStream:75 - [STDERR_REDIRECT] [Fatal Error] :1:1: Premature end of file.
2026-03-27 16:48:39,868 [ERROR] LogOutputStream:75 - [STDERR_REDIRECT] 
2026-03-27 16:48:40,866 [ERROR] LogOutputStream:75 - [STDERR_REDIRECT] [Fatal Error] :1:1: Premature end of file.
2026-03-27 16:48:40,866 [ERROR] LogOutputStream:75 - [STDERR_REDIRECT] 
2026-03-27 16:48:41,861 [ERROR] LogOutputStream:75 - [STDERR_REDIRECT] [Fatal Error] :1:1: Premature end of file.
2026-03-27 16:48:41,861 [ERROR] LogOutputStream:75 - [STDERR_REDIRECT] 
2026-03-27 16:48:42,859 [ERROR] LogOutputStream:75 - [STDERR_REDIRECT] [Fatal Error] :1:1: Premature end of file.
2026-03-27 16:48:42,859 [ERROR] LogOutputStream:75 - [STDERR_REDIRECT] 
2026-03-27 16:48:43,865 [ERROR] LogOutputStream:75 - [STDERR_REDIRECT] [Fatal Error] :1:1: Premature end of file.
2026-03-27 16:48:43,865 [ERROR] LogOutputStream:75 - [STDERR_REDIRECT] 
2026-03-27 16:48:44,848 [ERROR] LogOutputStream:75 - [STDERR_REDIRECT] [Fatal Error] :1:1: Premature end of file.
2026-03-27 16:48:44,848 [ERROR] LogOutputStream:75 - [STDERR_REDIRECT] 
2026-03-27 16:48:45,877 [ERROR] LogOutputStream:75 - [STDERR_REDIRECT] [Fatal Error] :1:1: Premature end of file.
2026-03-27 16:48:45,877 [ERROR] LogOutputStream:75 - [STDERR_REDIRECT] 
2026-03-27 16:48:46,867 [ERROR] LogOutputStream:75 - [STDERR_REDIRECT] [Fatal Error] :1:1: Premature end of file.
2026-03-27 16:48:46,867 [ERROR] LogOutputStream:75 - [STDERR_REDIRECT] 
2026-03-27 16:48:47,866 [ERROR] LogOutputStream:75 - [STDERR_REDIRECT] [Fatal Error] :1:1: Premature end of file.
2026-03-27 16:48:47,866 [ERROR] LogOutputStream:75 - [STDERR_REDIRECT] 
2026-03-27 16:48:48,864 [ERROR] LogOutputStream:75 - [STDERR_REDIRECT] [Fatal Error] :1:1: Premature end of file.
2026-03-27 16:48:48,864 [ERROR] LogOutputStream:75 - [STDERR_REDIRECT] 
2026-03-27 16:48:49,863 [ERROR] LogOutputStream:75 - [STDERR_REDIRECT] [Fatal Error] :1:1: Premature end of file.
2026-03-27 16:48:49,863 [ERROR] LogOutputStream:75 - [STDERR_REDIRECT] 
2026-03-27 16:48:50,868 [ERROR] LogOutputStream:75 - [STDERR_REDIRECT] [Fatal Error] :1:1: Premature end of file.
2026-03-27 16:48:50,868 [ERROR] LogOutputStream:75 - [STDERR_REDIRECT] 
2026-03-27 16:48:51,858 [ERROR] LogOutputStream:75 - [STDERR_REDIRECT] [Fatal Error] :1:1: Premature end of file.
2026-03-27 16:48:51,858 [ERROR] LogOutputStream:75 - [STDERR_REDIRECT] 
2026-03-27 16:48:52,863 [ERROR] LogOutputStream:75 - [STDERR_REDIRECT] [Fatal Error] :1:1: Premature end of file.
2026-03-27 16:48:52,863 [ERROR] LogOutputStream:75 - [STDERR_REDIRECT] 
2026-03-27 16:48:53,863 [ERROR] LogOutputStream:75 - [STDERR_REDIRECT] [Fatal Error] :1:1: Premature end of file.
2026-03-27 16:48:53,864 [ERROR] LogOutputStream:75 - [STDERR_REDIRECT] 
2026-03-27 16:48:54,865 [ERROR] LogOutputStream:75 - [STDERR_REDIRECT] [Fatal Error] :1:1: Premature end of file.
2026-03-27 16:48:54,865 [ERROR] LogOutputStream:75 - [STDERR_REDIRECT] 
2026-03-27 16:48:55,863 [ERROR] LogOutputStream:75 - [STDERR_REDIRECT] [Fatal Error] :1:1: Premature end of file.
2026-03-27 16:48:55,863 [ERROR] LogOutputStream:75 - [STDERR_REDIRECT] 
2026-03-27 16:48:56,864 [ERROR] LogOutputStream:75 - [STDERR_REDIRECT] [Fatal Error] :1:1: Premature end of file.
2026-03-27 16:48:56,864 [ERROR] LogOutputStream:75 - [STDERR_REDIRECT] 
2026-03-27 16:48:57,867 [ERROR] LogOutputStream:75 - [STDERR_REDIRECT] [Fatal Error] :1:1: Premature end of file.
2026-03-27 16:48:57,867 [ERROR] LogOutputStream:75 - [STDERR_REDIRECT] 
2026-03-27 16:48:58,859 [ERROR] LogOutputStream:75 - [STDERR_REDIRECT] [Fatal Error] :1:1: Premature end of file.
2026-03-27 16:48:58,859 [ERROR] LogOutputStream:75 - [STDERR_REDIRECT] 
2026-03-27 16:48:59,864 [ERROR] LogOutputStream:75 - [STDERR_REDIRECT] [Fatal Error] :1:1: Premature end of file.
2026-03-27 16:48:59,864 [ERROR] LogOutputStream:75 - [STDERR_REDIRECT] 
2026-03-27 16:49:00,863 [ERROR] LogOutputStream:75 - [STDERR_REDIRECT] [Fatal Error] :1:1: Premature end of file.
2026-03-27 16:49:00,864 [ERROR] LogOutputStream:75 - [STDERR_REDIRECT] 
2026-03-27 16:49:01,863 [ERROR] LogOutputStream:75 - [STDERR_REDIRECT] [Fatal Error] :1:1: Premature end of file.
2026-03-27 16:49:01,864 [ERROR] LogOutputStream:75 - [STDERR_REDIRECT] 
2026-03-27 16:49:02,862 [ERROR] LogOutputStream:75 - [STDERR_REDIRECT] [Fatal Error] :1:1: Premature end of file.
2026-03-27 16:49:02,862 [ERROR] LogOutputStream:75 - [STDERR_REDIRECT] 
2026-03-27 16:49:03,863 [ERROR] LogOutputStream:75 - [STDERR_REDIRECT] [Fatal Error] :1:1: Premature end of file.
2026-03-27 16:49:03,863 [ERROR] LogOutputStream:75 - [STDERR_REDIRECT] 
2026-03-27 16:49:04,866 [ERROR] LogOutputStream:75 - [STDERR_REDIRECT] [Fatal Error] :1:1: Premature end of file.
2026-03-27 16:49:04,866 [ERROR] LogOutputStream:75 - [STDERR_REDIRECT] 
2026-03-27 16:49:05,866 [ERROR] LogOutputStream:75 - [STDERR_REDIRECT] [Fatal Error] :1:1: Premature end of file.
2026-03-27 16:49:05,866 [ERROR] LogOutputStream:75 - [STDERR_REDIRECT] 
2026-03-27 16:49:06,863 [ERROR] LogOutputStream:75 - [STDERR_REDIRECT] [Fatal Error] :1:1: Premature end of file.
2026-03-27 16:49:06,864 [ERROR] LogOutputStream:75 - [STDERR_REDIRECT] 
2026-03-27 16:49:07,867 [ERROR] LogOutputStream:75 - [STDERR_REDIRECT] [Fatal Error] :1:1: Premature end of file.
2026-03-27 16:49:07,867 [ERROR] LogOutputStream:75 - [STDERR_REDIRECT] 
2026-03-27 16:49:08,864 [ERROR] LogOutputStream:75 - [STDERR_REDIRECT] [Fatal Error] :1:1: Premature end of file.
2026-03-27 16:49:08,864 [ERROR] LogOutputStream:75 - [STDERR_REDIRECT] 
2026-03-27 16:49:09,864 [ERROR] LogOutputStream:75 - [STDERR_REDIRECT] [Fatal Error] :1:1: Premature end of file.
2026-03-27 16:49:09,865 [ERROR] LogOutputStream:75 - [STDERR_REDIRECT] 
2026-03-27 16:49:10,864 [ERROR] LogOutputStream:75 - [STDERR_REDIRECT] [Fatal Error] :1:1: Premature end of file.
2026-03-27 16:49:10,864 [ERROR] LogOutputStream:75 - [STDERR_REDIRECT] 
2026-03-27 16:49:11,867 [ERROR] LogOutputStream:75 - [STDERR_REDIRECT] [Fatal Error] :1:1: Premature end of file.
2026-03-27 16:49:11,868 [ERROR] LogOutputStream:75 - [STDERR_REDIRECT] 
2026-03-27 16:49:12,864 [ERROR] LogOutputStream:75 - [STDERR_REDIRECT] [Fatal Error] :1:1: Premature end of file.
2026-03-27 16:49:12,864 [ERROR] LogOutputStream:75 - [STDERR_REDIRECT] 
2026-03-27 16:49:13,865 [ERROR] LogOutputStream:75 - [STDERR_REDIRECT] [Fatal Error] :1:1: Premature end of file.
2026-03-27 16:49:13,865 [ERROR] LogOutputStream:75 - [STDERR_REDIRECT] 
2026-03-27 16:49:14,868 [ERROR] LogOutputStream:75 - [STDERR_REDIRECT] [Fatal Error] :1:1: Premature end of file.
2026-03-27 16:49:14,869 [ERROR] LogOutputStream:75 - [STDERR_REDIRECT] 
2026-03-27 16:49:15,866 [ERROR] LogOutputStream:75 - [STDERR_REDIRECT] [Fatal Error] :1:1: Premature end of file.
2026-03-27 16:49:15,867 [ERROR] LogOutputStream:75 - [STDERR_REDIRECT] 
2026-03-27 16:49:16,865 [ERROR] LogOutputStream:75 - [STDERR_REDIRECT] [Fatal Error] :1:1: Premature end of file.
2026-03-27 16:49:16,866 [ERROR] LogOutputStream:75 - [STDERR_REDIRECT] 
2026-03-27 16:49:17,842 [ERROR] LogOutputStream:75 - [STDERR_REDIRECT] [Fatal Error] :1:1: Premature end of file.
2026-03-27 16:49:17,842 [ERROR] LogOutputStream:75 - [STDERR_REDIRECT] 
2026-03-27 16:49:18,865 [ERROR] LogOutputStream:75 - [STDERR_REDIRECT] [Fatal Error] :1:1: Premature end of file.
2026-03-27 16:49:18,866 [ERROR] LogOutputStream:75 - [STDERR_REDIRECT] 
2026-03-27 16:49:19,864 [ERROR] LogOutputStream:75 - [STDERR_REDIRECT] [Fatal Error] :1:1: Premature end of file.
2026-03-27 16:49:19,865 [ERROR] LogOutputStream:75 - [STDERR_REDIRECT] 
2026-03-27 16:49:20,868 [ERROR] LogOutputStream:75 - [STDERR_REDIRECT] [Fatal Error] :1:1: Premature end of file.
2026-03-27 16:49:20,868 [ERROR] LogOutputStream:75 - [STDERR_REDIRECT] 
2026-03-27 16:49:21,856 [ERROR] LogOutputStream:75 - [STDERR_REDIRECT] [Fatal Error] :1:1: Premature end of file.
2026-03-27 16:49:21,856 [ERROR] LogOutputStream:75 - [STDERR_REDIRECT] 
2026-03-27 16:49:22,867 [ERROR] LogOutputStream:75 - [STDERR_REDIRECT] [Fatal Error] :1:1: Premature end of file.
2026-03-27 16:49:22,868 [ERROR] LogOutputStream:75 - [STDERR_REDIRECT] 
2026-03-27 16:49:23,861 [ERROR] LogOutputStream:75 - [STDERR_REDIRECT] [Fatal Error] :1:1: Premature end of file.
2026-03-27 16:49:23,862 [ERROR] LogOutputStream:75 - [STDERR_REDIRECT] 
2026-03-27 16:49:24,866 [ERROR] LogOutputStream:75 - [STDERR_REDIRECT] [Fatal Error] :1:1: Premature end of file.
2026-03-27 16:49:24,866 [ERROR] LogOutputStream:75 - [STDERR_REDIRECT] 
2026-03-27 16:49:25,867 [ERROR] LogOutputStream:75 - [STDERR_REDIRECT] [Fatal Error] :1:1: Premature end of file.
2026-03-27 16:49:25,867 [ERROR] LogOutputStream:75 - [STDERR_REDIRECT] 
2026-03-27 16:49:26,858 [ERROR] LogOutputStream:75 - [STDERR_REDIRECT] [Fatal Error] :1:1: Premature end of file.
2026-03-27 16:49:26,858 [ERROR] LogOutputStream:75 - [STDERR_REDIRECT] 
2026-03-27 16:49:27,863 [ERROR] LogOutputStream:75 - [STDERR_REDIRECT] [Fatal Error] :1:1: Premature end of file.
2026-03-27 16:49:27,863 [ERROR] LogOutputStream:75 - [STDERR_REDIRECT] 
2026-03-27 16:49:28,864 [ERROR] LogOutputStream:75 - [STDERR_REDIRECT] [Fatal Error] :1:1: Premature end of file.
2026-03-27 16:49:28,864 [ERROR] LogOutputStream:75 - [STDERR_REDIRECT] 
2026-03-27 16:49:29,885 [ERROR] LogOutputStream:75 - [STDERR_REDIRECT] [Fatal Error] :1:1: Premature end of file.
2026-03-27 16:49:29,885 [ERROR] LogOutputStream:75 - [STDERR_REDIRECT] 
2026-03-27 16:49:30,880 [ERROR] LogOutputStream:75 - [STDERR_REDIRECT] [Fatal Error] :1:1: Premature end of file.
2026-03-27 16:49:30,880 [ERROR] LogOutputStream:75 - [STDERR_REDIRECT] 
2026-03-27 16:49:31,872 [ERROR] LogOutputStream:75 - [STDERR_REDIRECT] [Fatal Error] :1:1: Premature end of file.
2026-03-27 16:49:31,872 [ERROR] LogOutputStream:75 - [STDERR_REDIRECT] 
2026-03-27 16:49:32,860 [ERROR] LogOutputStream:75 - [STDERR_REDIRECT] [Fatal Error] :1:1: Premature end of file.
2026-03-27 16:49:32,860 [ERROR] LogOutputStream:75 - [STDERR_REDIRECT] 
2026-03-27 16:49:33,896 [ERROR] LogOutputStream:75 - [STDERR_REDIRECT] [Fatal Error] :1:1: Premature end of file.
2026-03-27 16:49:33,897 [ERROR] LogOutputStream:75 - [STDERR_REDIRECT] 
2026-03-27 16:49:34,872 [ERROR] LogOutputStream:75 - [STDERR_REDIRECT] [Fatal Error] :1:1: Premature end of file.
2026-03-27 16:49:34,873 [ERROR] LogOutputStream:75 - [STDERR_REDIRECT] 
2026-03-27 16:49:35,857 [ERROR] LogOutputStream:75 - [STDERR_REDIRECT] [Fatal Error] :1:1: Premature end of file.
2026-03-27 16:49:35,857 [ERROR] LogOutputStream:75 - [STDERR_REDIRECT] 
2026-03-27 16:49:36,877 [ERROR] LogOutputStream:75 - [STDERR_REDIRECT] [Fatal Error] :1:1: Premature end of file.
2026-03-27 16:49:36,877 [ERROR] LogOutputStream:75 - [STDERR_REDIRECT] 
2026-03-27 16:49:37,879 [ERROR] LogOutputStream:75 - [STDERR_REDIRECT] [Fatal Error] :1:1: Premature end of file.
2026-03-27 16:49:37,879 [ERROR] LogOutputStream:75 - [STDERR_REDIRECT] 
2026-03-27 16:49:38,871 [ERROR] LogOutputStream:75 - [STDERR_REDIRECT] [Fatal Error] :1:1: Premature end of file.
2026-03-27 16:49:38,871 [ERROR] LogOutputStream:75 - [STDERR_REDIRECT] 
2026-03-27 16:49:39,860 [ERROR] LogOutputStream:75 - [STDERR_REDIRECT] [Fatal Error] :1:1: Premature end of file.
2026-03-27 16:49:39,876 [ERROR] LogOutputStream:75 - [STDERR_REDIRECT] 
2026-03-27 16:49:40,873 [ERROR] LogOutputStream:75 - [STDERR_REDIRECT] [Fatal Error] :1:1: Premature end of file.
2026-03-27 16:49:40,873 [ERROR] LogOutputStream:75 - [STDERR_REDIRECT] 
2026-03-27 16:49:41,872 [ERROR] LogOutputStream:75 - [STDERR_REDIRECT] [Fatal Error] :1:1: Premature end of file.
2026-03-27 16:49:41,872 [ERROR] LogOutputStream:75 - [STDERR_REDIRECT] 
2026-03-27 16:49:42,863 [ERROR] LogOutputStream:75 - [STDERR_REDIRECT] [Fatal Error] :1:1: Premature end of file.
2026-03-27 16:49:42,863 [ERROR] LogOutputStream:75 - [STDERR_REDIRECT] 
2026-03-27 16:49:43,852 [ERROR] LogOutputStream:75 - [STDERR_REDIRECT] [Fatal Error] :1:1: Premature end of file.
2026-03-27 16:49:43,852 [ERROR] LogOutputStream:75 - [STDERR_REDIRECT] 
2026-03-27 16:49:44,875 [ERROR] LogOutputStream:75 - [STDERR_REDIRECT] [Fatal Error] :1:1: Premature end of file.
2026-03-27 16:49:44,875 [ERROR] LogOutputStream:75 - [STDERR_REDIRECT] 
2026-03-27 16:49:45,859 [ERROR] LogOutputStream:75 - [STDERR_REDIRECT] [Fatal Error] :1:1: Premature end of file.
2026-03-27 16:49:45,859 [ERROR] LogOutputStream:75 - [STDERR_REDIRECT] 
2026-03-27 16:49:46,888 [ERROR] LogOutputStream:75 - [STDERR_REDIRECT] [Fatal Error] :1:1: Premature end of file.
2026-03-27 16:49:46,890 [ERROR] LogOutputStream:75 - [STDERR_REDIRECT] 
2026-03-27 16:49:47,875 [ERROR] LogOutputStream:75 - [STDERR_REDIRECT] [Fatal Error] :1:1: Premature end of file.
2026-03-27 16:49:47,875 [ERROR] LogOutputStream:75 - [STDERR_REDIRECT] 
2026-03-27 16:49:48,882 [ERROR] LogOutputStream:75 - [STDERR_REDIRECT] [Fatal Error] :1:1: Premature end of file.
2026-03-27 16:49:48,882 [ERROR] LogOutputStream:75 - [STDERR_REDIRECT] 
2026-03-27 16:49:49,886 [ERROR] LogOutputStream:75 - [STDERR_REDIRECT] [Fatal Error] :1:1: Premature end of file.
2026-03-27 16:49:49,886 [ERROR] LogOutputStream:75 - [STDERR_REDIRECT] 
2026-03-27 16:49:50,871 [ERROR] LogOutputStream:75 - [STDERR_REDIRECT] [Fatal Error] :1:1: Premature end of file.
2026-03-27 16:49:50,871 [ERROR] LogOutputStream:75 - [STDERR_REDIRECT] 
2026-03-27 16:49:51,875 [ERROR] LogOutputStream:75 - [STDERR_REDIRECT] [Fatal Error] :1:1: Premature end of file.
2026-03-27 16:49:51,875 [ERROR] LogOutputStream:75 - [STDERR_REDIRECT] 
2026-03-27 16:49:52,871 [ERROR] LogOutputStream:75 - [STDERR_REDIRECT] [Fatal Error] :1:1: Premature end of file.
2026-03-27 16:49:52,872 [ERROR] LogOutputStream:75 - [STDERR_REDIRECT] 
2026-03-27 16:49:53,870 [ERROR] LogOutputStream:75 - [STDERR_REDIRECT] [Fatal Error] :1:1: Premature end of file.
2026-03-27 16:49:53,871 [ERROR] LogOutputStream:75 - [STDERR_REDIRECT] 
2026-03-27 16:49:54,865 [ERROR] LogOutputStream:75 - [STDERR_REDIRECT] [Fatal Error] :1:1: Premature end of file.
2026-03-27 16:49:54,866 [ERROR] LogOutputStream:75 - [STDERR_REDIRECT] 
2026-03-27 16:49:55,868 [ERROR] LogOutputStream:75 - [STDERR_REDIRECT] [Fatal Error] :1:1: Premature end of file.
2026-03-27 16:49:55,868 [ERROR] LogOutputStream:75 - [STDERR_REDIRECT] 
2026-03-27 16:49:56,865 [ERROR] LogOutputStream:75 - [STDERR_REDIRECT] [Fatal Error] :1:1: Premature end of file.
2026-03-27 16:49:56,865 [ERROR] LogOutputStream:75 - [STDERR_REDIRECT] 
2026-03-27 16:49:57,866 [ERROR] LogOutputStream:75 - [STDERR_REDIRECT] [Fatal Error] :1:1: Premature end of file.
2026-03-27 16:49:57,866 [ERROR] LogOutputStream:75 - [STDERR_REDIRECT] 
2026-03-27 16:49:58,877 [ERROR] LogOutputStream:75 - [STDERR_REDIRECT] [Fatal Error] :1:1: Premature end of file.
2026-03-27 16:49:58,877 [ERROR] LogOutputStream:75 - [STDERR_REDIRECT] 
2026-03-27 16:49:59,877 [ERROR] LogOutputStream:75 - [STDERR_REDIRECT] [Fatal Error] :1:1: Premature end of file.
2026-03-27 16:49:59,880 [ERROR] LogOutputStream:75 - [STDERR_REDIRECT] 
2026-03-27 16:50:00,873 [ERROR] LogOutputStream:75 - [STDERR_REDIRECT] [Fatal Error] :1:1: Premature end of file.
2026-03-27 16:50:00,873 [ERROR] LogOutputStream:75 - [STDERR_REDIRECT] 
2026-03-27 16:50:01,867 [ERROR] LogOutputStream:75 - [STDERR_REDIRECT] [Fatal Error] :1:1: Premature end of file.
2026-03-27 16:50:01,871 [ERROR] LogOutputStream:75 - [STDERR_REDIRECT] 
2026-03-27 16:50:02,876 [ERROR] LogOutputStream:75 - [STDERR_REDIRECT] [Fatal Error] :1:1: Premature end of file.
2026-03-27 16:50:02,876 [ERROR] LogOutputStream:75 - [STDERR_REDIRECT] 
2026-03-27 16:50:03,882 [ERROR] LogOutputStream:75 - [STDERR_REDIRECT] [Fatal Error] :1:1: Premature end of file.
2026-03-27 16:50:03,882 [ERROR] LogOutputStream:75 - [STDERR_REDIRECT] 
2026-03-27 16:50:04,860 [ERROR] LogOutputStream:75 - [STDERR_REDIRECT] [Fatal Error] :1:1: Premature end of file.
2026-03-27 16:50:04,860 [ERROR] LogOutputStream:75 - [STDERR_REDIRECT] 
2026-03-27 16:50:05,871 [ERROR] LogOutputStream:75 - [STDERR_REDIRECT] [Fatal Error] :1:1: Premature end of file.
2026-03-27 16:50:05,871 [ERROR] LogOutputStream:75 - [STDERR_REDIRECT] 
2026-03-27 16:50:06,874 [ERROR] LogOutputStream:75 - [STDERR_REDIRECT] [Fatal Error] :1:1: Premature end of file.
2026-03-27 16:50:06,875 [ERROR] LogOutputStream:75 - [STDERR_REDIRECT] 
2026-03-27 16:50:07,877 [ERROR] LogOutputStream:75 - [STDERR_REDIRECT] [Fatal Error] :1:1: Premature end of file.
2026-03-27 16:50:07,877 [ERROR] LogOutputStream:75 - [STDERR_REDIRECT] 
2026-03-27 16:50:08,875 [ERROR] LogOutputStream:75 - [STDERR_REDIRECT] [Fatal Error] :1:1: Premature end of file.
2026-03-27 16:50:08,876 [ERROR] LogOutputStream:75 - [STDERR_REDIRECT] 
2026-03-27 16:50:09,878 [ERROR] LogOutputStream:75 - [STDERR_REDIRECT] [Fatal Error] :1:1: Premature end of file.
2026-03-27 16:50:09,878 [ERROR] LogOutputStream:75 - [STDERR_REDIRECT] 
2026-03-27 16:50:10,852 [ERROR] LogOutputStream:75 - [STDERR_REDIRECT] [Fatal Error] :1:1: Premature end of file.
2026-03-27 16:50:10,852 [ERROR] LogOutputStream:75 - [STDERR_REDIRECT] 
2026-03-27 16:50:11,867 [ERROR] LogOutputStream:75 - [STDERR_REDIRECT] [Fatal Error] :1:1: Premature end of file.
2026-03-27 16:50:11,867 [ERROR] LogOutputStream:75 - [STDERR_REDIRECT] 
2026-03-27 16:50:12,847 [ERROR] LogOutputStream:75 - [STDERR_REDIRECT] [Fatal Error] :1:1: Premature end of file.
2026-03-27 16:50:12,847 [ERROR] LogOutputStream:75 - [STDERR_REDIRECT] 
2026-03-27 16:50:13,883 [ERROR] LogOutputStream:75 - [STDERR_REDIRECT] [Fatal Error] :1:1: Premature end of file.
2026-03-27 16:50:13,883 [ERROR] LogOutputStream:75 - [STDERR_REDIRECT] 
2026-03-27 16:50:14,878 [ERROR] LogOutputStream:75 - [STDERR_REDIRECT] [Fatal Error] :1:1: Premature end of file.
2026-03-27 16:50:14,878 [ERROR] LogOutputStream:75 - [STDERR_REDIRECT] 
2026-03-27 16:50:15,876 [ERROR] LogOutputStream:75 - [STDERR_REDIRECT] [Fatal Error] :1:1: Premature end of file.
2026-03-27 16:50:15,876 [ERROR] LogOutputStream:75 - [STDERR_REDIRECT] 
2026-03-27 16:50:16,866 [ERROR] LogOutputStream:75 - [STDERR_REDIRECT] [Fatal Error] :1:1: Premature end of file.
2026-03-27 16:50:16,866 [ERROR] LogOutputStream:75 - [STDERR_REDIRECT] 
2026-03-27 16:50:17,870 [ERROR] LogOutputStream:75 - [STDERR_REDIRECT] [Fatal Error] :1:1: Premature end of file.
2026-03-27 16:50:17,870 [ERROR] LogOutputStream:75 - [STDERR_REDIRECT] 
2026-03-27 16:50:18,884 [ERROR] LogOutputStream:75 - [STDERR_REDIRECT] [Fatal Error] :1:1: Premature end of file.
2026-03-27 16:50:18,884 [ERROR] LogOutputStream:75 - [STDERR_REDIRECT] 
2026-03-27 16:50:19,874 [ERROR] LogOutputStream:75 - [STDERR_REDIRECT] [Fatal Error] :1:1: Premature end of file.
2026-03-27 16:50:19,874 [ERROR] LogOutputStream:75 - [STDERR_REDIRECT] 
2026-03-27 16:50:20,879 [ERROR] LogOutputStream:75 - [STDERR_REDIRECT] [Fatal Error] :1:1: Premature end of file.
2026-03-27 16:50:20,879 [ERROR] LogOutputStream:75 - [STDERR_REDIRECT] 
2026-03-27 16:50:21,865 [ERROR] LogOutputStream:75 - [STDERR_REDIRECT] [Fatal Error] :1:1: Premature end of file.
2026-03-27 16:50:21,882 [ERROR] LogOutputStream:75 - [STDERR_REDIRECT] 
2026-03-27 16:50:22,872 [ERROR] LogOutputStream:75 - [STDERR_REDIRECT] [Fatal Error] :1:1: Premature end of file.
2026-03-27 16:50:22,872 [ERROR] LogOutputStream:75 - [STDERR_REDIRECT] 
2026-03-27 16:50:23,876 [ERROR] LogOutputStream:75 - [STDERR_REDIRECT] [Fatal Error] :1:1: Premature end of file.
2026-03-27 16:50:23,876 [ERROR] LogOutputStream:75 - [STDERR_REDIRECT] 
2026-03-27 16:50:24,882 [ERROR] LogOutputStream:75 - [STDERR_REDIRECT] [Fatal Error] :1:1: Premature end of file.
2026-03-27 16:50:24,882 [ERROR] LogOutputStream:75 - [STDERR_REDIRECT] 
2026-03-27 16:50:25,872 [ERROR] LogOutputStream:75 - [STDERR_REDIRECT] [Fatal Error] :1:1: Premature end of file.
2026-03-27 16:50:25,872 [ERROR] LogOutputStream:75 - [STDERR_REDIRECT] 
2026-03-27 16:50:26,860 [ERROR] LogOutputStream:75 - [STDERR_REDIRECT] [Fatal Error] :1:1: Premature end of file.
2026-03-27 16:50:26,860 [ERROR] LogOutputStream:75 - [STDERR_REDIRECT] 
2026-03-27 16:50:27,877 [ERROR] LogOutputStream:75 - [STDERR_REDIRECT] [Fatal Error] :1:1: Premature end of file.
2026-03-27 16:50:27,877 [ERROR] LogOutputStream:75 - [STDERR_REDIRECT] 
2026-03-27 16:50:28,867 [ERROR] LogOutputStream:75 - [STDERR_REDIRECT] [Fatal Error] :1:1: Premature end of file.
2026-03-27 16:50:28,867 [ERROR] LogOutputStream:75 - [STDERR_REDIRECT] 
2026-03-27 16:50:29,876 [ERROR] LogOutputStream:75 - [STDERR_REDIRECT] [Fatal Error] :1:1: Premature end of file.
2026-03-27 16:50:29,876 [ERROR] LogOutputStream:75 - [STDERR_REDIRECT] 
2026-03-27 16:50:30,881 [ERROR] LogOutputStream:75 - [STDERR_REDIRECT] [Fatal Error] :1:1: Premature end of file.
2026-03-27 16:50:30,881 [ERROR] LogOutputStream:75 - [STDERR_REDIRECT] 
2026-03-27 16:50:31,870 [ERROR] LogOutputStream:75 - [STDERR_REDIRECT] [Fatal Error] :1:1: Premature end of file.
2026-03-27 16:50:31,870 [ERROR] LogOutputStream:75 - [STDERR_REDIRECT] 
2026-03-27 16:50:32,878 [ERROR] LogOutputStream:75 - [STDERR_REDIRECT] [Fatal Error] :1:1: Premature end of file.
2026-03-27 16:50:32,878 [ERROR] LogOutputStream:75 - [STDERR_REDIRECT] 
2026-03-27 16:50:33,883 [ERROR] LogOutputStream:75 - [STDERR_REDIRECT] [Fatal Error] :1:1: Premature end of file.
2026-03-27 16:50:33,883 [ERROR] LogOutputStream:75 - [STDERR_REDIRECT] 
2026-03-27 16:50:34,874 [ERROR] LogOutputStream:75 - [STDERR_REDIRECT] [Fatal Error] :1:1: Premature end of file.
2026-03-27 16:50:34,874 [ERROR] LogOutputStream:75 - [STDERR_REDIRECT] 
2026-03-27 16:50:35,879 [ERROR] LogOutputStream:75 - [STDERR_REDIRECT] [Fatal Error] :1:1: Premature end of file.
2026-03-27 16:50:35,879 [ERROR] LogOutputStream:75 - [STDERR_REDIRECT] 
2026-03-27 16:50:36,856 [ERROR] LogOutputStream:75 - [STDERR_REDIRECT] [Fatal Error] :1:1: Premature end of file.
2026-03-27 16:50:36,856 [ERROR] LogOutputStream:75 - [STDERR_REDIRECT] 
2026-03-27 16:50:37,882 [ERROR] LogOutputStream:75 - [STDERR_REDIRECT] [Fatal Error] :1:1: Premature end of file.
2026-03-27 16:50:37,882 [ERROR] LogOutputStream:75 - [STDERR_REDIRECT] 
2026-03-27 16:50:38,880 [ERROR] LogOutputStream:75 - [STDERR_REDIRECT] [Fatal Error] :1:1: Premature end of file.
2026-03-27 16:50:38,880 [ERROR] LogOutputStream:75 - [STDERR_REDIRECT] 
2026-03-27 16:50:39,870 [ERROR] LogOutputStream:75 - [STDERR_REDIRECT] [Fatal Error] :1:1: Premature end of file.
2026-03-27 16:50:39,870 [ERROR] LogOutputStream:75 - [STDERR_REDIRECT] 
2026-03-27 16:50:40,877 [ERROR] LogOutputStream:75 - [STDERR_REDIRECT] [Fatal Error] :1:1: Premature end of file.
2026-03-27 16:50:40,877 [ERROR] LogOutputStream:75 - [STDERR_REDIRECT] 
2026-03-27 16:50:41,854 [ERROR] LogOutputStream:75 - [STDERR_REDIRECT] [Fatal Error] :1:1: Premature end of file.
2026-03-27 16:50:41,854 [ERROR] LogOutputStream:75 - [STDERR_REDIRECT] 
2026-03-27 16:50:42,861 [ERROR] LogOutputStream:75 - [STDERR_REDIRECT] [Fatal Error] :1:1: Premature end of file.
2026-03-27 16:50:42,861 [ERROR] LogOutputStream:75 - [STDERR_REDIRECT] 
2026-03-27 16:50:43,853 [ERROR] LogOutputStream:75 - [STDERR_REDIRECT] [Fatal Error] :1:1: Premature end of file.
2026-03-27 16:50:43,853 [ERROR] LogOutputStream:75 - [STDERR_REDIRECT] 
2026-03-27 16:50:44,876 [ERROR] LogOutputStream:75 - [STDERR_REDIRECT] [Fatal Error] :1:1: Premature end of file.
2026-03-27 16:50:44,876 [ERROR] LogOutputStream:75 - [STDERR_REDIRECT] 
2026-03-27 16:50:45,909 [ERROR] LogOutputStream:75 - [STDERR_REDIRECT] [Fatal Error] :1:1: Premature end of file.
2026-03-27 16:50:45,909 [ERROR] LogOutputStream:75 - [STDERR_REDIRECT] 
2026-03-27 16:50:46,876 [ERROR] LogOutputStream:75 - [STDERR_REDIRECT] [Fatal Error] :1:1: Premature end of file.
2026-03-27 16:50:46,876 [ERROR] LogOutputStream:75 - [STDERR_REDIRECT] 
2026-03-27 16:50:47,876 [ERROR] LogOutputStream:75 - [STDERR_REDIRECT] [Fatal Error] :1:1: Premature end of file.
2026-03-27 16:50:47,876 [ERROR] LogOutputStream:75 - [STDERR_REDIRECT] 
2026-03-27 16:50:48,853 [ERROR] LogOutputStream:75 - [STDERR_REDIRECT] [Fatal Error] :1:1: Premature end of file.
2026-03-27 16:50:48,853 [ERROR] LogOutputStream:75 - [STDERR_REDIRECT] 
2026-03-27 16:50:49,872 [ERROR] LogOutputStream:75 - [STDERR_REDIRECT] [Fatal Error] :1:1: Premature end of file.
2026-03-27 16:50:49,872 [ERROR] LogOutputStream:75 - [STDERR_REDIRECT] 
2026-03-27 16:50:50,862 [ERROR] LogOutputStream:75 - [STDERR_REDIRECT] [Fatal Error] :1:1: Premature end of file.
2026-03-27 16:50:50,862 [ERROR] LogOutputStream:75 - [STDERR_REDIRECT] 
2026-03-27 16:50:51,867 [ERROR] LogOutputStream:75 - [STDERR_REDIRECT] [Fatal Error] :1:1: Premature end of file.
2026-03-27 16:50:51,867 [ERROR] LogOutputStream:75 - [STDERR_REDIRECT] 
2026-03-27 16:50:52,876 [ERROR] LogOutputStream:75 - [STDERR_REDIRECT] [Fatal Error] :1:1: Premature end of file.
2026-03-27 16:50:52,876 [ERROR] LogOutputStream:75 - [STDERR_REDIRECT] 
2026-03-27 16:50:53,879 [ERROR] LogOutputStream:75 - [STDERR_REDIRECT] [Fatal Error] :1:1: Premature end of file.
2026-03-27 16:50:53,879 [ERROR] LogOutputStream:75 - [STDERR_REDIRECT] 
2026-03-27 16:50:54,884 [ERROR] LogOutputStream:75 - [STDERR_REDIRECT] [Fatal Error] :1:1: Premature end of file.
2026-03-27 16:50:54,884 [ERROR] LogOutputStream:75 - [STDERR_REDIRECT] 
2026-03-27 16:50:55,877 [ERROR] LogOutputStream:75 - [STDERR_REDIRECT] [Fatal Error] :1:1: Premature end of file.
2026-03-27 16:50:55,877 [ERROR] LogOutputStream:75 - [STDERR_REDIRECT] 
2026-03-27 16:50:56,876 [ERROR] LogOutputStream:75 - [STDERR_REDIRECT] [Fatal Error] :1:1: Premature end of file.
2026-03-27 16:50:56,876 [ERROR] LogOutputStream:75 - [STDERR_REDIRECT] 
2026-03-27 16:50:57,864 [ERROR] LogOutputStream:75 - [STDERR_REDIRECT] [Fatal Error] :1:1: Premature end of file.
2026-03-27 16:50:57,864 [ERROR] LogOutputStream:75 - [STDERR_REDIRECT] 
2026-03-27 16:50:58,869 [ERROR] LogOutputStream:75 - [STDERR_REDIRECT] [Fatal Error] :1:1: Premature end of file.
2026-03-27 16:50:58,869 [ERROR] LogOutputStream:75 - [STDERR_REDIRECT] 
2026-03-27 16:50:59,857 [ERROR] LogOutputStream:75 - [STDERR_REDIRECT] [Fatal Error] :1:1: Premature end of file.
2026-03-27 16:50:59,857 [ERROR] LogOutputStream:75 - [STDERR_REDIRECT] 
2026-03-27 16:51:00,878 [ERROR] LogOutputStream:75 - [STDERR_REDIRECT] [Fatal Error] :1:1: Premature end of file.
2026-03-27 16:51:00,878 [ERROR] LogOutputStream:75 - [STDERR_REDIRECT] 
2026-03-27 16:51:01,883 [ERROR] LogOutputStream:75 - [STDERR_REDIRECT] [Fatal Error] :1:1: Premature end of file.
2026-03-27 16:51:01,883 [ERROR] LogOutputStream:75 - [STDERR_REDIRECT] 
2026-03-27 16:51:02,871 [ERROR] LogOutputStream:75 - [STDERR_REDIRECT] [Fatal Error] :1:1: Premature end of file.
2026-03-27 16:51:02,871 [ERROR] LogOutputStream:75 - [STDERR_REDIRECT] 
2026-03-27 16:51:03,874 [ERROR] LogOutputStream:75 - [STDERR_REDIRECT] [Fatal Error] :1:1: Premature end of file.
2026-03-27 16:51:03,874 [ERROR] LogOutputStream:75 - [STDERR_REDIRECT] 
2026-03-27 16:51:04,863 [ERROR] LogOutputStream:75 - [STDERR_REDIRECT] [Fatal Error] :1:1: Premature end of file.
2026-03-27 16:51:04,879 [ERROR] LogOutputStream:75 - [STDERR_REDIRECT] 
2026-03-27 16:51:05,853 [ERROR] LogOutputStream:75 - [STDERR_REDIRECT] [Fatal Error] :1:1: Premature end of file.
2026-03-27 16:51:05,853 [ERROR] LogOutputStream:75 - [STDERR_REDIRECT] 
2026-03-27 16:51:06,874 [ERROR] LogOutputStream:75 - [STDERR_REDIRECT] [Fatal Error] :1:1: Premature end of file.
2026-03-27 16:51:06,874 [ERROR] LogOutputStream:75 - [STDERR_REDIRECT] 
2026-03-27 16:51:07,874 [ERROR] LogOutputStream:75 - [STDERR_REDIRECT] [Fatal Error] :1:1: Premature end of file.
2026-03-27 16:51:07,874 [ERROR] LogOutputStream:75 - [STDERR_REDIRECT] 
2026-03-27 16:51:08,882 [ERROR] LogOutputStream:75 - [STDERR_REDIRECT] [Fatal Error] :1:1: Premature end of file.
2026-03-27 16:51:08,882 [ERROR] LogOutputStream:75 - [STDERR_REDIRECT] 
2026-03-27 16:51:09,869 [ERROR] LogOutputStream:75 - [STDERR_REDIRECT] [Fatal Error] :1:1: Premature end of file.
2026-03-27 16:51:09,869 [ERROR] LogOutputStream:75 - [STDERR_REDIRECT] 
2026-03-27 16:51:10,874 [ERROR] LogOutputStream:75 - [STDERR_REDIRECT] [Fatal Error] :1:1: Premature end of file.
2026-03-27 16:51:10,874 [ERROR] LogOutputStream:75 - [STDERR_REDIRECT] 
2026-03-27 16:51:11,861 [ERROR] LogOutputStream:75 - [STDERR_REDIRECT] [Fatal Error] :1:1: Premature end of file.
2026-03-27 16:51:11,861 [ERROR] LogOutputStream:75 - [STDERR_REDIRECT] 
2026-03-27 16:51:12,881 [ERROR] LogOutputStream:75 - [STDERR_REDIRECT] [Fatal Error] :1:1: Premature end of file.
2026-03-27 16:51:12,881 [ERROR] LogOutputStream:75 - [STDERR_REDIRECT] 
2026-03-27 16:51:13,872 [ERROR] LogOutputStream:75 - [STDERR_REDIRECT] [Fatal Error] :1:1: Premature end of file.
2026-03-27 16:51:13,872 [ERROR] LogOutputStream:75 - [STDERR_REDIRECT] 
2026-03-27 16:51:14,876 [ERROR] LogOutputStream:75 - [STDERR_REDIRECT] [Fatal Error] :1:1: Premature end of file.
2026-03-27 16:51:14,876 [ERROR] LogOutputStream:75 - [STDERR_REDIRECT] 
2026-03-27 16:51:15,880 [ERROR] LogOutputStream:75 - [STDERR_REDIRECT] [Fatal Error] :1:1: Premature end of file.
2026-03-27 16:51:15,880 [ERROR] LogOutputStream:75 - [STDERR_REDIRECT] 
2026-03-27 16:51:16,875 [ERROR] LogOutputStream:75 - [STDERR_REDIRECT] [Fatal Error] :1:1: Premature end of file.
2026-03-27 16:51:16,875 [ERROR] LogOutputStream:75 - [STDERR_REDIRECT] 
2026-03-27 16:51:17,842 [ERROR] LogOutputStream:75 - [STDERR_REDIRECT] [Fatal Error] :1:1: Premature end of file.
2026-03-27 16:51:17,842 [ERROR] LogOutputStream:75 - [STDERR_REDIRECT] 
2026-03-27 16:51:18,881 [ERROR] LogOutputStream:75 - [STDERR_REDIRECT] [Fatal Error] :1:1: Premature end of file.
2026-03-27 16:51:18,881 [ERROR] LogOutputStream:75 - [STDERR_REDIRECT] 
2026-03-27 16:51:19,883 [ERROR] LogOutputStream:75 - [STDERR_REDIRECT] [Fatal Error] :1:1: Premature end of file.
2026-03-27 16:51:19,883 [ERROR] LogOutputStream:75 - [STDERR_REDIRECT] 
2026-03-27 16:51:20,869 [ERROR] LogOutputStream:75 - [STDERR_REDIRECT] [Fatal Error] :1:1: Premature end of file.
2026-03-27 16:51:20,869 [ERROR] LogOutputStream:75 - [STDERR_REDIRECT] 
2026-03-27 16:51:21,875 [ERROR] LogOutputStream:75 - [STDERR_REDIRECT] [Fatal Error] :1:1: Premature end of file.
2026-03-27 16:51:21,875 [ERROR] LogOutputStream:75 - [STDERR_REDIRECT] 
2026-03-27 16:51:22,886 [ERROR] LogOutputStream:75 - [STDERR_REDIRECT] [Fatal Error] :1:1: Premature end of file.
2026-03-27 16:51:22,886 [ERROR] LogOutputStream:75 - [STDERR_REDIRECT] 
2026-03-27 16:51:23,868 [ERROR] LogOutputStream:75 - [STDERR_REDIRECT] [Fatal Error] :1:1: Premature end of file.
2026-03-27 16:51:23,868 [ERROR] LogOutputStream:75 - [STDERR_REDIRECT] 
2026-03-27 16:51:24,873 [ERROR] LogOutputStream:75 - [STDERR_REDIRECT] [Fatal Error] :1:1: Premature end of file.
2026-03-27 16:51:24,879 [ERROR] LogOutputStream:75 - [STDERR_REDIRECT] 
2026-03-27 16:51:25,912 [ERROR] LogOutputStream:75 - [STDERR_REDIRECT] [Fatal Error] :1:1: Premature end of file.
2026-03-27 16:51:25,912 [ERROR] LogOutputStream:75 - [STDERR_REDIRECT] 
2026-03-27 16:51:26,873 [ERROR] LogOutputStream:75 - [STDERR_REDIRECT] [Fatal Error] :1:1: Premature end of file.
2026-03-27 16:51:26,873 [ERROR] LogOutputStream:75 - [STDERR_REDIRECT] 
2026-03-27 16:51:27,867 [ERROR] LogOutputStream:75 - [STDERR_REDIRECT] [Fatal Error] :1:1: Premature end of file.
2026-03-27 16:51:27,867 [ERROR] LogOutputStream:75 - [STDERR_REDIRECT] 
2026-03-27 16:51:28,882 [ERROR] LogOutputStream:75 - [STDERR_REDIRECT] [Fatal Error] :1:1: Premature end of file.
2026-03-27 16:51:28,882 [ERROR] LogOutputStream:75 - [STDERR_REDIRECT] 
2026-03-27 16:51:29,876 [ERROR] LogOutputStream:75 - [STDERR_REDIRECT] [Fatal Error] :1:1: Premature end of file.
2026-03-27 16:51:29,876 [ERROR] LogOutputStream:75 - [STDERR_REDIRECT] 
2026-03-27 16:51:30,876 [ERROR] LogOutputStream:75 - [STDERR_REDIRECT] [Fatal Error] :1:1: Premature end of file.
2026-03-27 16:51:30,876 [ERROR] LogOutputStream:75 - [STDERR_REDIRECT] 
2026-03-27 16:51:31,882 [ERROR] LogOutputStream:75 - [STDERR_REDIRECT] [Fatal Error] :1:1: Premature end of file.
2026-03-27 16:51:31,882 [ERROR] LogOutputStream:75 - [STDERR_REDIRECT] 
2026-03-27 16:51:32,883 [ERROR] LogOutputStream:75 - [STDERR_REDIRECT] [Fatal Error] :1:1: Premature end of file.
2026-03-27 16:51:32,883 [ERROR] LogOutputStream:75 - [STDERR_REDIRECT] 
2026-03-27 16:51:33,876 [ERROR] LogOutputStream:75 - [STDERR_REDIRECT] [Fatal Error] :1:1: Premature end of file.
2026-03-27 16:51:33,876 [ERROR] LogOutputStream:75 - [STDERR_REDIRECT] 
2026-03-27 16:51:34,879 [ERROR] LogOutputStream:75 - [STDERR_REDIRECT] [Fatal Error] :1:1: Premature end of file.
2026-03-27 16:51:34,879 [ERROR] LogOutputStream:75 - [STDERR_REDIRECT] 
2026-03-27 16:51:35,883 [ERROR] LogOutputStream:75 - [STDERR_REDIRECT] [Fatal Error] :1:1: Premature end of file.
2026-03-27 16:51:35,883 [ERROR] LogOutputStream:75 - [STDERR_REDIRECT] 
2026-03-27 16:51:36,863 [ERROR] LogOutputStream:75 - [STDERR_REDIRECT] [Fatal Error] :1:1: Premature end of file.
2026-03-27 16:51:36,863 [ERROR] LogOutputStream:75 - [STDERR_REDIRECT] 
2026-03-27 16:51:37,881 [ERROR] LogOutputStream:75 - [STDERR_REDIRECT] [Fatal Error] :1:1: Premature end of file.
2026-03-27 16:51:37,881 [ERROR] LogOutputStream:75 - [STDERR_REDIRECT] 
2026-03-27 16:51:38,882 [ERROR] LogOutputStream:75 - [STDERR_REDIRECT] [Fatal Error] :1:1: Premature end of file.
2026-03-27 16:51:38,882 [ERROR] LogOutputStream:75 - [STDERR_REDIRECT] 
2026-03-27 16:51:39,882 [ERROR] LogOutputStream:75 - [STDERR_REDIRECT] [Fatal Error] :1:1: Premature end of file.
2026-03-27 16:51:39,882 [ERROR] LogOutputStream:75 - [STDERR_REDIRECT] 
2026-03-27 16:51:40,867 [ERROR] LogOutputStream:75 - [STDERR_REDIRECT] [Fatal Error] :1:1: Premature end of file.
2026-03-27 16:51:40,867 [ERROR] LogOutputStream:75 - [STDERR_REDIRECT] 
2026-03-27 16:51:41,878 [ERROR] LogOutputStream:75 - [STDERR_REDIRECT] [Fatal Error] :1:1: Premature end of file.
2026-03-27 16:51:41,878 [ERROR] LogOutputStream:75 - [STDERR_REDIRECT] 
2026-03-27 16:51:42,893 [ERROR] LogOutputStream:75 - [STDERR_REDIRECT] [Fatal Error] :1:1: Premature end of file.
2026-03-27 16:51:42,893 [ERROR] LogOutputStream:75 - [STDERR_REDIRECT] 
2026-03-27 16:51:43,858 [ERROR] LogOutputStream:75 - [STDERR_REDIRECT] [Fatal Error] :1:1: Premature end of file.
2026-03-27 16:51:43,859 [ERROR] LogOutputStream:75 - [STDERR_REDIRECT] 
2026-03-27 16:51:44,881 [ERROR] LogOutputStream:75 - [STDERR_REDIRECT] [Fatal Error] :1:1: Premature end of file.
2026-03-27 16:51:44,881 [ERROR] LogOutputStream:75 - [STDERR_REDIRECT] 
2026-03-27 16:51:45,892 [ERROR] LogOutputStream:75 - [STDERR_REDIRECT] [Fatal Error] :1:1: Premature end of file.
2026-03-27 16:51:45,892 [ERROR] LogOutputStream:75 - [STDERR_REDIRECT] 
2026-03-27 16:51:46,878 [ERROR] LogOutputStream:75 - [STDERR_REDIRECT] [Fatal Error] :1:1: Premature end of file.
2026-03-27 16:51:46,878 [ERROR] LogOutputStream:75 - [STDERR_REDIRECT] 
2026-03-27 16:51:47,900 [ERROR] LogOutputStream:75 - [STDERR_REDIRECT] [Fatal Error] :1:1: Premature end of file.
2026-03-27 16:51:47,900 [ERROR] LogOutputStream:75 - [STDERR_REDIRECT] 
2026-03-27 16:51:48,880 [ERROR] LogOutputStream:75 - [STDERR_REDIRECT] [Fatal Error] :1:1: Premature end of file.
2026-03-27 16:51:48,880 [ERROR] LogOutputStream:75 - [STDERR_REDIRECT] 
2026-03-27 16:51:49,885 [ERROR] LogOutputStream:75 - [STDERR_REDIRECT] [Fatal Error] :1:1: Premature end of file.
2026-03-27 16:51:49,885 [ERROR] LogOutputStream:75 - [STDERR_REDIRECT] 
2026-03-27 16:51:50,878 [ERROR] LogOutputStream:75 - [STDERR_REDIRECT] [Fatal Error] :1:1: Premature end of file.
2026-03-27 16:51:50,878 [ERROR] LogOutputStream:75 - [STDERR_REDIRECT] 
2026-03-27 16:51:51,882 [ERROR] LogOutputStream:75 - [STDERR_REDIRECT] [Fatal Error] :1:1: Premature end of file.
2026-03-27 16:51:51,882 [ERROR] LogOutputStream:75 - [STDERR_REDIRECT] 
2026-03-27 16:51:52,878 [ERROR] LogOutputStream:75 - [STDERR_REDIRECT] [Fatal Error] :1:1: Premature end of file.
2026-03-27 16:51:52,878 [ERROR] LogOutputStream:75 - [STDERR_REDIRECT] 
2026-03-27 16:51:53,874 [ERROR] LogOutputStream:75 - [STDERR_REDIRECT] [Fatal Error] :1:1: Premature end of file.
2026-03-27 16:51:53,874 [ERROR] LogOutputStream:75 - [STDERR_REDIRECT] 
2026-03-27 16:51:54,884 [ERROR] LogOutputStream:75 - [STDERR_REDIRECT] [Fatal Error] :1:1: Premature end of file.
2026-03-27 16:51:54,884 [ERROR] LogOutputStream:75 - [STDERR_REDIRECT] 
2026-03-27 16:51:55,877 [ERROR] LogOutputStream:75 - [STDERR_REDIRECT] [Fatal Error] :1:1: Premature end of file.
2026-03-27 16:51:55,883 [ERROR] LogOutputStream:75 - [STDERR_REDIRECT] 
2026-03-27 16:51:56,875 [ERROR] LogOutputStream:75 - [STDERR_REDIRECT] [Fatal Error] :1:1: Premature end of file.
2026-03-27 16:51:56,875 [ERROR] LogOutputStream:75 - [STDERR_REDIRECT] 
2026-03-27 16:51:57,880 [ERROR] LogOutputStream:75 - [STDERR_REDIRECT] [Fatal Error] :1:1: Premature end of file.
2026-03-27 16:51:57,880 [ERROR] LogOutputStream:75 - [STDERR_REDIRECT] 
2026-03-27 16:51:58,868 [ERROR] LogOutputStream:75 - [STDERR_REDIRECT] [Fatal Error] :1:1: Premature end of file.
2026-03-27 16:51:58,868 [ERROR] LogOutputStream:75 - [STDERR_REDIRECT] 
2026-03-27 16:51:59,879 [ERROR] LogOutputStream:75 - [STDERR_REDIRECT] [Fatal Error] :1:1: Premature end of file.
2026-03-27 16:51:59,879 [ERROR] LogOutputStream:75 - [STDERR_REDIRECT] 
2026-03-27 16:52:00,873 [ERROR] LogOutputStream:75 - [STDERR_REDIRECT] [Fatal Error] :1:1: Premature end of file.
2026-03-27 16:52:00,873 [ERROR] LogOutputStream:75 - [STDERR_REDIRECT] 
2026-03-27 16:52:01,856 [ERROR] LogOutputStream:75 - [STDERR_REDIRECT] [Fatal Error] :1:1: Premature end of file.
2026-03-27 16:52:01,856 [ERROR] LogOutputStream:75 - [STDERR_REDIRECT] 
2026-03-27 16:52:02,887 [ERROR] LogOutputStream:75 - [STDERR_REDIRECT] [Fatal Error] :1:1: Premature end of file.
2026-03-27 16:52:02,887 [ERROR] LogOutputStream:75 - [STDERR_REDIRECT] 
2026-03-27 16:52:03,891 [ERROR] LogOutputStream:75 - [STDERR_REDIRECT] [Fatal Error] :1:1: Premature end of file.
2026-03-27 16:52:03,891 [ERROR] LogOutputStream:75 - [STDERR_REDIRECT] 
2026-03-27 16:52:04,859 [ERROR] LogOutputStream:75 - [STDERR_REDIRECT] [Fatal Error] :1:1: Premature end of file.
2026-03-27 16:52:04,859 [ERROR] LogOutputStream:75 - [STDERR_REDIRECT] 
2026-03-27 16:52:05,877 [ERROR] LogOutputStream:75 - [STDERR_REDIRECT] [Fatal Error] :1:1: Premature end of file.
2026-03-27 16:52:05,877 [ERROR] LogOutputStream:75 - [STDERR_REDIRECT] 
2026-03-27 16:52:06,869 [ERROR] LogOutputStream:75 - [STDERR_REDIRECT] [Fatal Error] :1:1: Premature end of file.
2026-03-27 16:52:06,869 [ERROR] LogOutputStream:75 - [STDERR_REDIRECT] 
2026-03-27 16:52:07,873 [ERROR] LogOutputStream:75 - [STDERR_REDIRECT] [Fatal Error] :1:1: Premature end of file.
2026-03-27 16:52:07,873 [ERROR] LogOutputStream:75 - [STDERR_REDIRECT] 
2026-03-27 16:52:08,877 [ERROR] LogOutputStream:75 - [STDERR_REDIRECT] [Fatal Error] :1:1: Premature end of file.
2026-03-27 16:52:08,877 [ERROR] LogOutputStream:75 - [STDERR_REDIRECT] 
2026-03-27 16:52:09,883 [ERROR] LogOutputStream:75 - [STDERR_REDIRECT] [Fatal Error] :1:1: Premature end of file.
2026-03-27 16:52:09,883 [ERROR] LogOutputStream:75 - [STDERR_REDIRECT] 
2026-03-27 16:52:10,873 [ERROR] LogOutputStream:75 - [STDERR_REDIRECT] [Fatal Error] :1:1: Premature end of file.
2026-03-27 16:52:10,873 [ERROR] LogOutputStream:75 - [STDERR_REDIRECT] 
2026-03-27 16:52:11,876 [ERROR] LogOutputStream:75 - [STDERR_REDIRECT] [Fatal Error] :1:1: Premature end of file.
2026-03-27 16:52:11,876 [ERROR] LogOutputStream:75 - [STDERR_REDIRECT] 
2026-03-27 16:52:12,882 [ERROR] LogOutputStream:75 - [STDERR_REDIRECT] [Fatal Error] :1:1: Premature end of file.
2026-03-27 16:52:12,882 [ERROR] LogOutputStream:75 - [STDERR_REDIRECT] 
2026-03-27 16:52:13,869 [ERROR] LogOutputStream:75 - [STDERR_REDIRECT] [Fatal Error] :1:1: Premature end of file.
2026-03-27 16:52:13,869 [ERROR] LogOutputStream:75 - [STDERR_REDIRECT] 
2026-03-27 16:52:14,873 [ERROR] LogOutputStream:75 - [STDERR_REDIRECT] [Fatal Error] :1:1: Premature end of file.
2026-03-27 16:52:14,873 [ERROR] LogOutputStream:75 - [STDERR_REDIRECT] 
2026-03-27 16:52:15,867 [ERROR] LogOutputStream:75 - [STDERR_REDIRECT] [Fatal Error] :1:1: Premature end of file.
2026-03-27 16:52:15,867 [ERROR] LogOutputStream:75 - [STDERR_REDIRECT] 
2026-03-27 16:52:16,868 [ERROR] LogOutputStream:75 - [STDERR_REDIRECT] [Fatal Error] :1:1: Premature end of file.
2026-03-27 16:52:16,868 [ERROR] LogOutputStream:75 - [STDERR_REDIRECT] 
2026-03-27 16:52:17,855 [ERROR] LogOutputStream:75 - [STDERR_REDIRECT] [Fatal Error] :1:1: Premature end of file.
2026-03-27 16:52:17,855 [ERROR] LogOutputStream:75 - [STDERR_REDIRECT] 
2026-03-27 16:52:18,861 [ERROR] LogOutputStream:75 - [STDERR_REDIRECT] [Fatal Error] :1:1: Premature end of file.
2026-03-27 16:52:18,861 [ERROR] LogOutputStream:75 - [STDERR_REDIRECT] 
2026-03-27 16:52:19,866 [ERROR] LogOutputStream:75 - [STDERR_REDIRECT] [Fatal Error] :1:1: Premature end of file.
2026-03-27 16:52:19,866 [ERROR] LogOutputStream:75 - [STDERR_REDIRECT] 
2026-03-27 16:52:20,870 [ERROR] LogOutputStream:75 - [STDERR_REDIRECT] [Fatal Error] :1:1: Premature end of file.
2026-03-27 16:52:20,870 [ERROR] LogOutputStream:75 - [STDERR_REDIRECT] 
2026-03-27 16:52:21,879 [ERROR] LogOutputStream:75 - [STDERR_REDIRECT] [Fatal Error] :1:1: Premature end of file.
2026-03-27 16:52:21,879 [ERROR] LogOutputStream:75 - [STDERR_REDIRECT] 
2026-03-27 16:52:22,883 [ERROR] LogOutputStream:75 - [STDERR_REDIRECT] [Fatal Error] :1:1: Premature end of file.
2026-03-27 16:52:22,883 [ERROR] LogOutputStream:75 - [STDERR_REDIRECT] 
2026-03-27 16:52:23,855 [ERROR] LogOutputStream:75 - [STDERR_REDIRECT] [Fatal Error] :1:1: Premature end of file.
2026-03-27 16:52:23,855 [ERROR] LogOutputStream:75 - [STDERR_REDIRECT] 
2026-03-27 16:52:24,879 [ERROR] LogOutputStream:75 - [STDERR_REDIRECT] [Fatal Error] :1:1: Premature end of file.
2026-03-27 16:52:24,879 [ERROR] LogOutputStream:75 - [STDERR_REDIRECT] 
2026-03-27 16:52:25,880 [ERROR] LogOutputStream:75 - [STDERR_REDIRECT] [Fatal Error] :1:1: Premature end of file.
2026-03-27 16:52:25,884 [ERROR] LogOutputStream:75 - [STDERR_REDIRECT] 
2026-03-27 16:52:26,874 [ERROR] LogOutputStream:75 - [STDERR_REDIRECT] [Fatal Error] :1:1: Premature end of file.
2026-03-27 16:52:26,874 [ERROR] LogOutputStream:75 - [STDERR_REDIRECT] 
2026-03-27 16:52:27,888 [ERROR] LogOutputStream:75 - [STDERR_REDIRECT] [Fatal Error] :1:1: Premature end of file.
2026-03-27 16:52:27,888 [ERROR] LogOutputStream:75 - [STDERR_REDIRECT] 
2026-03-27 16:52:28,871 [ERROR] LogOutputStream:75 - [STDERR_REDIRECT] [Fatal Error] :1:1: Premature end of file.
2026-03-27 16:52:28,871 [ERROR] LogOutputStream:75 - [STDERR_REDIRECT] 
2026-03-27 16:52:29,874 [ERROR] LogOutputStream:75 - [STDERR_REDIRECT] [Fatal Error] :1:1: Premature end of file.
2026-03-27 16:52:29,874 [ERROR] LogOutputStream:75 - [STDERR_REDIRECT] 
2026-03-27 16:52:30,888 [ERROR] LogOutputStream:75 - [STDERR_REDIRECT] [Fatal Error] :1:1: Premature end of file.
2026-03-27 16:52:30,888 [ERROR] LogOutputStream:75 - [STDERR_REDIRECT] 
2026-03-27 16:52:31,871 [ERROR] LogOutputStream:75 - [STDERR_REDIRECT] [Fatal Error] :1:1: Premature end of file.
2026-03-27 16:52:31,871 [ERROR] LogOutputStream:75 - [STDERR_REDIRECT] 
2026-03-27 16:52:32,874 [ERROR] LogOutputStream:75 - [STDERR_REDIRECT] [Fatal Error] :1:1: Premature end of file.
2026-03-27 16:52:32,874 [ERROR] LogOutputStream:75 - [STDERR_REDIRECT] 
2026-03-27 16:52:33,887 [ERROR] LogOutputStream:75 - [STDERR_REDIRECT] [Fatal Error] :1:1: Premature end of file.
2026-03-27 16:52:33,887 [ERROR] LogOutputStream:75 - [STDERR_REDIRECT] 
2026-03-27 16:52:34,872 [ERROR] LogOutputStream:75 - [STDERR_REDIRECT] [Fatal Error] :1:1: Premature end of file.
2026-03-27 16:52:34,878 [ERROR] LogOutputStream:75 - [STDERR_REDIRECT] 
2026-03-27 16:52:35,885 [ERROR] LogOutputStream:75 - [STDERR_REDIRECT] [Fatal Error] :1:1: Premature end of file.
2026-03-27 16:52:35,885 [ERROR] LogOutputStream:75 - [STDERR_REDIRECT] 
2026-03-27 16:52:36,871 [ERROR] LogOutputStream:75 - [STDERR_REDIRECT] [Fatal Error] :1:1: Premature end of file.
2026-03-27 16:52:36,871 [ERROR] LogOutputStream:75 - [STDERR_REDIRECT] 
2026-03-27 16:52:37,875 [ERROR] LogOutputStream:75 - [STDERR_REDIRECT] [Fatal Error] :1:1: Premature end of file.
2026-03-27 16:52:37,875 [ERROR] LogOutputStream:75 - [STDERR_REDIRECT] 
2026-03-27 16:52:38,880 [ERROR] LogOutputStream:75 - [STDERR_REDIRECT] [Fatal Error] :1:1: Premature end of file.
2026-03-27 16:52:38,880 [ERROR] LogOutputStream:75 - [STDERR_REDIRECT] 
2026-03-27 16:52:39,869 [ERROR] LogOutputStream:75 - [STDERR_REDIRECT] [Fatal Error] :1:1: Premature end of file.
2026-03-27 16:52:39,869 [ERROR] LogOutputStream:75 - [STDERR_REDIRECT] 
2026-03-27 16:52:40,887 [ERROR] LogOutputStream:75 - [STDERR_REDIRECT] [Fatal Error] :1:1: Premature end of file.
2026-03-27 16:52:40,887 [ERROR] LogOutputStream:75 - [STDERR_REDIRECT] 
2026-03-27 16:52:41,880 [ERROR] LogOutputStream:75 - [STDERR_REDIRECT] [Fatal Error] :1:1: Premature end of file.
2026-03-27 16:52:41,884 [ERROR] LogOutputStream:75 - [STDERR_REDIRECT] 
2026-03-27 16:52:42,871 [ERROR] LogOutputStream:75 - [STDERR_REDIRECT] [Fatal Error] :1:1: Premature end of file.
2026-03-27 16:52:42,871 [ERROR] LogOutputStream:75 - [STDERR_REDIRECT] 
2026-03-27 16:52:43,878 [ERROR] LogOutputStream:75 - [STDERR_REDIRECT] [Fatal Error] :1:1: Premature end of file.
2026-03-27 16:52:43,878 [ERROR] LogOutputStream:75 - [STDERR_REDIRECT] 
2026-03-27 16:52:44,870 [ERROR] LogOutputStream:75 - [STDERR_REDIRECT] [Fatal Error] :1:1: Premature end of file.
2026-03-27 16:52:44,870 [ERROR] LogOutputStream:75 - [STDERR_REDIRECT] 
2026-03-27 16:52:45,872 [ERROR] LogOutputStream:75 - [STDERR_REDIRECT] [Fatal Error] :1:1: Premature end of file.
2026-03-27 16:52:45,872 [ERROR] LogOutputStream:75 - [STDERR_REDIRECT] 
2026-03-27 16:52:46,877 [ERROR] LogOutputStream:75 - [STDERR_REDIRECT] [Fatal Error] :1:1: Premature end of file.
2026-03-27 16:52:46,877 [ERROR] LogOutputStream:75 - [STDERR_REDIRECT] 
2026-03-27 16:52:47,882 [ERROR] LogOutputStream:75 - [STDERR_REDIRECT] [Fatal Error] :1:1: Premature end of file.
2026-03-27 16:52:47,882 [ERROR] LogOutputStream:75 - [STDERR_REDIRECT] 
2026-03-27 16:52:48,886 [ERROR] LogOutputStream:75 - [STDERR_REDIRECT] [Fatal Error] :1:1: Premature end of file.
2026-03-27 16:52:48,886 [ERROR] LogOutputStream:75 - [STDERR_REDIRECT] 
2026-03-27 16:52:49,874 [ERROR] LogOutputStream:75 - [STDERR_REDIRECT] [Fatal Error] :1:1: Premature end of file.
2026-03-27 16:52:49,874 [ERROR] LogOutputStream:75 - [STDERR_REDIRECT] 
2026-03-27 16:52:50,879 [ERROR] LogOutputStream:75 - [STDERR_REDIRECT] [Fatal Error] :1:1: Premature end of file.
2026-03-27 16:52:50,879 [ERROR] LogOutputStream:75 - [STDERR_REDIRECT] 
2026-03-27 16:52:51,877 [ERROR] LogOutputStream:75 - [STDERR_REDIRECT] [Fatal Error] :1:1: Premature end of file.
2026-03-27 16:52:51,877 [ERROR] LogOutputStream:75 - [STDERR_REDIRECT] 
2026-03-27 16:52:52,873 [ERROR] LogOutputStream:75 - [STDERR_REDIRECT] [Fatal Error] :1:1: Premature end of file.
2026-03-27 16:52:52,873 [ERROR] LogOutputStream:75 - [STDERR_REDIRECT] 
2026-03-27 16:52:53,874 [ERROR] LogOutputStream:75 - [STDERR_REDIRECT] [Fatal Error] :1:1: Premature end of file.
2026-03-27 16:52:53,874 [ERROR] LogOutputStream:75 - [STDERR_REDIRECT] 
2026-03-27 16:52:54,870 [ERROR] LogOutputStream:75 - [STDERR_REDIRECT] [Fatal Error] :1:1: Premature end of file.
2026-03-27 16:52:54,870 [ERROR] LogOutputStream:75 - [STDERR_REDIRECT] 
2026-03-27 16:52:55,873 [ERROR] LogOutputStream:75 - [STDERR_REDIRECT] [Fatal Error] :1:1: Premature end of file.
2026-03-27 16:52:55,873 [ERROR] LogOutputStream:75 - [STDERR_REDIRECT] 
2026-03-27 16:52:56,866 [ERROR] LogOutputStream:75 - [STDERR_REDIRECT] [Fatal Error] :1:1: Premature end of file.
2026-03-27 16:52:56,866 [ERROR] LogOutputStream:75 - [STDERR_REDIRECT] 
2026-03-27 16:52:57,879 [ERROR] LogOutputStream:75 - [STDERR_REDIRECT] [Fatal Error] :1:1: Premature end of file.
2026-03-27 16:52:57,879 [ERROR] LogOutputStream:75 - [STDERR_REDIRECT] 
2026-03-27 16:52:58,877 [ERROR] LogOutputStream:75 - [STDERR_REDIRECT] [Fatal Error] :1:1: Premature end of file.
2026-03-27 16:52:58,878 [ERROR] LogOutputStream:75 - [STDERR_REDIRECT] 
2026-03-27 16:52:59,866 [ERROR] LogOutputStream:75 - [STDERR_REDIRECT] [Fatal Error] :1:1: Premature end of file.
2026-03-27 16:52:59,866 [ERROR] LogOutputStream:75 - [STDERR_REDIRECT] 
2026-03-27 16:53:00,871 [ERROR] LogOutputStream:75 - [STDERR_REDIRECT] [Fatal Error] :1:1: Premature end of file.
2026-03-27 16:53:00,871 [ERROR] LogOutputStream:75 - [STDERR_REDIRECT] 
2026-03-27 16:53:01,887 [ERROR] LogOutputStream:75 - [STDERR_REDIRECT] [Fatal Error] :1:1: Premature end of file.
2026-03-27 16:53:01,888 [ERROR] LogOutputStream:75 - [STDERR_REDIRECT] 
2026-03-27 16:53:02,870 [ERROR] LogOutputStream:75 - [STDERR_REDIRECT] [Fatal Error] :1:1: Premature end of file.
2026-03-27 16:53:02,872 [ERROR] LogOutputStream:75 - [STDERR_REDIRECT] 
2026-03-27 16:53:03,853 [ERROR] LogOutputStream:75 - [STDERR_REDIRECT] [Fatal Error] :1:1: Premature end of file.
2026-03-27 16:53:03,854 [ERROR] LogOutputStream:75 - [STDERR_REDIRECT] 
2026-03-27 16:53:04,863 [ERROR] LogOutputStream:75 - [STDERR_REDIRECT] [Fatal Error] :1:1: Premature end of file.
2026-03-27 16:53:04,863 [ERROR] LogOutputStream:75 - [STDERR_REDIRECT] 
2026-03-27 16:53:05,877 [ERROR] LogOutputStream:75 - [STDERR_REDIRECT] [Fatal Error] :1:1: Premature end of file.
2026-03-27 16:53:05,877 [ERROR] LogOutputStream:75 - [STDERR_REDIRECT] 
2026-03-27 16:53:06,867 [ERROR] LogOutputStream:75 - [STDERR_REDIRECT] [Fatal Error] :1:1: Premature end of file.
2026-03-27 16:53:06,867 [ERROR] LogOutputStream:75 - [STDERR_REDIRECT] 
2026-03-27 16:53:07,883 [ERROR] LogOutputStream:75 - [STDERR_REDIRECT] [Fatal Error] :1:1: Premature end of file.
2026-03-27 16:53:07,883 [ERROR] LogOutputStream:75 - [STDERR_REDIRECT] 
2026-03-27 16:53:08,880 [ERROR] LogOutputStream:75 - [STDERR_REDIRECT] [Fatal Error] :1:1: Premature end of file.
2026-03-27 16:53:08,886 [ERROR] LogOutputStream:75 - [STDERR_REDIRECT] 
2026-03-27 16:53:09,875 [ERROR] LogOutputStream:75 - [STDERR_REDIRECT] [Fatal Error] :1:1: Premature end of file.
2026-03-27 16:53:09,878 [ERROR] LogOutputStream:75 - [STDERR_REDIRECT] 
2026-03-27 16:53:10,874 [ERROR] LogOutputStream:75 - [STDERR_REDIRECT] [Fatal Error] :1:1: Premature end of file.
2026-03-27 16:53:10,875 [ERROR] LogOutputStream:75 - [STDERR_REDIRECT] 
2026-03-27 16:53:11,858 [ERROR] LogOutputStream:75 - [STDERR_REDIRECT] [Fatal Error] :1:1: Premature end of file.
2026-03-27 16:53:11,863 [ERROR] LogOutputStream:75 - [STDERR_REDIRECT] 
2026-03-27 16:53:12,869 [ERROR] LogOutputStream:75 - [STDERR_REDIRECT] [Fatal Error] :1:1: Premature end of file.
2026-03-27 16:53:12,871 [ERROR] LogOutputStream:75 - [STDERR_REDIRECT] 
2026-03-27 16:53:13,872 [ERROR] LogOutputStream:75 - [STDERR_REDIRECT] [Fatal Error] :1:1: Premature end of file.
2026-03-27 16:53:13,882 [ERROR] LogOutputStream:75 - [STDERR_REDIRECT] 
2026-03-27 16:53:14,873 [ERROR] LogOutputStream:75 - [STDERR_REDIRECT] [Fatal Error] :1:1: Premature end of file.
2026-03-27 16:53:14,873 [ERROR] LogOutputStream:75 - [STDERR_REDIRECT] 
2026-03-27 16:53:15,881 [ERROR] LogOutputStream:75 - [STDERR_REDIRECT] [Fatal Error] :1:1: Premature end of file.
2026-03-27 16:53:15,881 [ERROR] LogOutputStream:75 - [STDERR_REDIRECT] 
2026-03-27 16:53:16,866 [ERROR] LogOutputStream:75 - [STDERR_REDIRECT] [Fatal Error] :1:1: Premature end of file.
2026-03-27 16:53:16,872 [ERROR] LogOutputStream:75 - [STDERR_REDIRECT] 
2026-03-27 16:53:17,860 [ERROR] LogOutputStream:75 - [STDERR_REDIRECT] [Fatal Error] :1:1: Premature end of file.
2026-03-27 16:53:17,860 [ERROR] LogOutputStream:75 - [STDERR_REDIRECT] 
2026-03-27 16:53:18,886 [ERROR] LogOutputStream:75 - [STDERR_REDIRECT] [Fatal Error] :1:1: Premature end of file.
2026-03-27 16:53:18,892 [ERROR] LogOutputStream:75 - [STDERR_REDIRECT] 
2026-03-27 16:53:19,877 [ERROR] LogOutputStream:75 - [STDERR_REDIRECT] [Fatal Error] :1:1: Premature end of file.
2026-03-27 16:53:19,878 [ERROR] LogOutputStream:75 - [STDERR_REDIRECT] 
2026-03-27 16:53:20,864 [ERROR] LogOutputStream:75 - [STDERR_REDIRECT] [Fatal Error] :1:1: Premature end of file.
2026-03-27 16:53:20,865 [ERROR] LogOutputStream:75 - [STDERR_REDIRECT] 
2026-03-27 16:53:21,864 [ERROR] LogOutputStream:75 - [STDERR_REDIRECT] [Fatal Error] :1:1: Premature end of file.
2026-03-27 16:53:21,864 [ERROR] LogOutputStream:75 - [STDERR_REDIRECT] 
2026-03-27 16:53:22,874 [ERROR] LogOutputStream:75 - [STDERR_REDIRECT] [Fatal Error] :1:1: Premature end of file.
2026-03-27 16:53:22,874 [ERROR] LogOutputStream:75 - [STDERR_REDIRECT] 
2026-03-27 16:53:23,876 [ERROR] LogOutputStream:75 - [STDERR_REDIRECT] [Fatal Error] :1:1: Premature end of file.
2026-03-27 16:53:23,876 [ERROR] LogOutputStream:75 - [STDERR_REDIRECT] 
2026-03-27 16:53:24,871 [ERROR] LogOutputStream:75 - [STDERR_REDIRECT] [Fatal Error] :1:1: Premature end of file.
2026-03-27 16:53:24,871 [ERROR] LogOutputStream:75 - [STDERR_REDIRECT] 
2026-03-27 16:53:25,880 [ERROR] LogOutputStream:75 - [STDERR_REDIRECT] [Fatal Error] :1:1: Premature end of file.
2026-03-27 16:53:25,880 [ERROR] LogOutputStream:75 - [STDERR_REDIRECT] 
2026-03-27 16:53:26,877 [ERROR] LogOutputStream:75 - [STDERR_REDIRECT] [Fatal Error] :1:1: Premature end of file.
2026-03-27 16:53:26,877 [ERROR] LogOutputStream:75 - [STDERR_REDIRECT] 
2026-03-27 16:53:27,874 [ERROR] LogOutputStream:75 - [STDERR_REDIRECT] [Fatal Error] :1:1: Premature end of file.
2026-03-27 16:53:27,874 [ERROR] LogOutputStream:75 - [STDERR_REDIRECT] 
2026-03-27 16:53:28,882 [ERROR] LogOutputStream:75 - [STDERR_REDIRECT] [Fatal Error] :1:1: Premature end of file.
2026-03-27 16:53:28,882 [ERROR] LogOutputStream:75 - [STDERR_REDIRECT] 
2026-03-27 16:53:29,872 [ERROR] LogOutputStream:75 - [STDERR_REDIRECT] [Fatal Error] :1:1: Premature end of file.
2026-03-27 16:53:29,872 [ERROR] LogOutputStream:75 - [STDERR_REDIRECT] 
2026-03-27 16:53:30,874 [ERROR] LogOutputStream:75 - [STDERR_REDIRECT] [Fatal Error] :1:1: Premature end of file.
2026-03-27 16:53:30,874 [ERROR] LogOutputStream:75 - [STDERR_REDIRECT] 
2026-03-27 16:53:31,880 [ERROR] LogOutputStream:75 - [STDERR_REDIRECT] [Fatal Error] :1:1: Premature end of file.
2026-03-27 16:53:31,880 [ERROR] LogOutputStream:75 - [STDERR_REDIRECT] 
2026-03-27 16:53:32,868 [ERROR] LogOutputStream:75 - [STDERR_REDIRECT] [Fatal Error] :1:1: Premature end of file.
2026-03-27 16:53:32,868 [ERROR] LogOutputStream:75 - [STDERR_REDIRECT] 
2026-03-27 16:53:33,873 [ERROR] LogOutputStream:75 - [STDERR_REDIRECT] [Fatal Error] :1:1: Premature end of file.
2026-03-27 16:53:33,873 [ERROR] LogOutputStream:75 - [STDERR_REDIRECT] 
2026-03-27 16:53:34,861 [ERROR] LogOutputStream:75 - [STDERR_REDIRECT] [Fatal Error] :1:1: Premature end of file.
2026-03-27 16:53:34,875 [ERROR] LogOutputStream:75 - [STDERR_REDIRECT] 
2026-03-27 16:53:35,885 [ERROR] LogOutputStream:75 - [STDERR_REDIRECT] [Fatal Error] :1:1: Premature end of file.
2026-03-27 16:53:35,885 [ERROR] LogOutputStream:75 - [STDERR_REDIRECT] 
2026-03-27 16:53:36,872 [ERROR] LogOutputStream:75 - [STDERR_REDIRECT] [Fatal Error] :1:1: Premature end of file.
2026-03-27 16:53:36,872 [ERROR] LogOutputStream:75 - [STDERR_REDIRECT] 
2026-03-27 16:53:37,880 [ERROR] LogOutputStream:75 - [STDERR_REDIRECT] [Fatal Error] :1:1: Premature end of file.
2026-03-27 16:53:37,880 [ERROR] LogOutputStream:75 - [STDERR_REDIRECT] 
2026-03-27 16:53:38,873 [ERROR] LogOutputStream:75 - [STDERR_REDIRECT] [Fatal Error] :1:1: Premature end of file.
2026-03-27 16:53:38,873 [ERROR] LogOutputStream:75 - [STDERR_REDIRECT] 
2026-03-27 16:53:39,873 [ERROR] LogOutputStream:75 - [STDERR_REDIRECT] [Fatal Error] :1:1: Premature end of file.
2026-03-27 16:53:39,873 [ERROR] LogOutputStream:75 - [STDERR_REDIRECT] 
2026-03-27 16:53:40,863 [ERROR] LogOutputStream:75 - [STDERR_REDIRECT] [Fatal Error] :1:1: Premature end of file.
2026-03-27 16:53:40,877 [ERROR] LogOutputStream:75 - [STDERR_REDIRECT] 
2026-03-27 16:53:41,882 [ERROR] LogOutputStream:75 - [STDERR_REDIRECT] [Fatal Error] :1:1: Premature end of file.
2026-03-27 16:53:41,882 [ERROR] LogOutputStream:75 - [STDERR_REDIRECT] 
2026-03-27 16:53:42,870 [ERROR] LogOutputStream:75 - [STDERR_REDIRECT] [Fatal Error] :1:1: Premature end of file.
2026-03-27 16:53:42,870 [ERROR] LogOutputStream:75 - [STDERR_REDIRECT] 
2026-03-27 16:53:43,884 [ERROR] LogOutputStream:75 - [STDERR_REDIRECT] [Fatal Error] :1:1: Premature end of file.
2026-03-27 16:53:43,884 [ERROR] LogOutputStream:75 - [STDERR_REDIRECT] 
2026-03-27 16:53:44,880 [ERROR] LogOutputStream:75 - [STDERR_REDIRECT] [Fatal Error] :1:1: Premature end of file.
2026-03-27 16:53:44,880 [ERROR] LogOutputStream:75 - [STDERR_REDIRECT] 
2026-03-27 16:53:45,884 [ERROR] LogOutputStream:75 - [STDERR_REDIRECT] [Fatal Error] :1:1: Premature end of file.
2026-03-27 16:53:45,884 [ERROR] LogOutputStream:75 - [STDERR_REDIRECT] 
2026-03-27 16:53:46,875 [ERROR] LogOutputStream:75 - [STDERR_REDIRECT] [Fatal Error] :1:1: Premature end of file.
2026-03-27 16:53:46,875 [ERROR] LogOutputStream:75 - [STDERR_REDIRECT] 
2026-03-27 16:53:47,878 [ERROR] LogOutputStream:75 - [STDERR_REDIRECT] [Fatal Error] :1:1: Premature end of file.
2026-03-27 16:53:47,878 [ERROR] LogOutputStream:75 - [STDERR_REDIRECT] 
2026-03-27 16:53:48,864 [ERROR] LogOutputStream:75 - [STDERR_REDIRECT] [Fatal Error] :1:1: Premature end of file.
2026-03-27 16:53:48,864 [ERROR] LogOutputStream:75 - [STDERR_REDIRECT] 
2026-03-27 16:53:49,854 [ERROR] LogOutputStream:75 - [STDERR_REDIRECT] [Fatal Error] :1:1: Premature end of file.
2026-03-27 16:53:49,854 [ERROR] LogOutputStream:75 - [STDERR_REDIRECT] 
2026-03-27 16:53:50,876 [ERROR] LogOutputStream:75 - [STDERR_REDIRECT] [Fatal Error] :1:1: Premature end of file.
2026-03-27 16:53:50,876 [ERROR] LogOutputStream:75 - [STDERR_REDIRECT] 
2026-03-27 16:53:51,897 [ERROR] LogOutputStream:75 - [STDERR_REDIRECT] [Fatal Error] :1:1: Premature end of file.
2026-03-27 16:53:51,897 [ERROR] LogOutputStream:75 - [STDERR_REDIRECT] 
2026-03-27 16:53:52,869 [ERROR] LogOutputStream:75 - [STDERR_REDIRECT] [Fatal Error] :1:1: Premature end of file.
2026-03-27 16:53:52,873 [ERROR] LogOutputStream:75 - [STDERR_REDIRECT] 
2026-03-27 16:53:53,873 [ERROR] LogOutputStream:75 - [STDERR_REDIRECT] [Fatal Error] :1:1: Premature end of file.
2026-03-27 16:53:53,873 [ERROR] LogOutputStream:75 - [STDERR_REDIRECT] 
2026-03-27 16:53:54,872 [ERROR] LogOutputStream:75 - [STDERR_REDIRECT] [Fatal Error] :1:1: Premature end of file.
2026-03-27 16:53:54,874 [ERROR] LogOutputStream:75 - [STDERR_REDIRECT] 
2026-03-27 16:53:55,880 [ERROR] LogOutputStream:75 - [STDERR_REDIRECT] [Fatal Error] :1:1: Premature end of file.
2026-03-27 16:53:55,880 [ERROR] LogOutputStream:75 - [STDERR_REDIRECT] 
2026-03-27 16:53:56,869 [ERROR] LogOutputStream:75 - [STDERR_REDIRECT] [Fatal Error] :1:1: Premature end of file.
2026-03-27 16:53:56,869 [ERROR] LogOutputStream:75 - [STDERR_REDIRECT] 
2026-03-27 16:53:57,877 [ERROR] LogOutputStream:75 - [STDERR_REDIRECT] [Fatal Error] :1:1: Premature end of file.
2026-03-27 16:53:57,877 [ERROR] LogOutputStream:75 - [STDERR_REDIRECT] 
2026-03-27 16:53:58,875 [ERROR] LogOutputStream:75 - [STDERR_REDIRECT] [Fatal Error] :1:1: Premature end of file.
2026-03-27 16:53:58,875 [ERROR] LogOutputStream:75 - [STDERR_REDIRECT] 
2026-03-27 16:53:59,873 [ERROR] LogOutputStream:75 - [STDERR_REDIRECT] [Fatal Error] :1:1: Premature end of file.
2026-03-27 16:53:59,874 [ERROR] LogOutputStream:75 - [STDERR_REDIRECT] 
2026-03-27 16:54:00,878 [ERROR] LogOutputStream:75 - [STDERR_REDIRECT] [Fatal Error] :1:1: Premature end of file.
2026-03-27 16:54:00,878 [ERROR] LogOutputStream:75 - [STDERR_REDIRECT] 
2026-03-27 16:54:01,869 [ERROR] LogOutputStream:75 - [STDERR_REDIRECT] [Fatal Error] :1:1: Premature end of file.
2026-03-27 16:54:01,869 [ERROR] LogOutputStream:75 - [STDERR_REDIRECT] 
2026-03-27 16:54:02,874 [ERROR] LogOutputStream:75 - [STDERR_REDIRECT] [Fatal Error] :1:1: Premature end of file.
2026-03-27 16:54:02,874 [ERROR] LogOutputStream:75 - [STDERR_REDIRECT] 
2026-03-27 16:54:03,878 [ERROR] LogOutputStream:75 - [STDERR_REDIRECT] [Fatal Error] :1:1: Premature end of file.
2026-03-27 16:54:03,878 [ERROR] LogOutputStream:75 - [STDERR_REDIRECT] 
2026-03-27 16:54:04,882 [ERROR] LogOutputStream:75 - [STDERR_REDIRECT] [Fatal Error] :1:1: Premature end of file.
2026-03-27 16:54:04,882 [ERROR] LogOutputStream:75 - [STDERR_REDIRECT] 
2026-03-27 16:54:05,870 [ERROR] LogOutputStream:75 - [STDERR_REDIRECT] [Fatal Error] :1:1: Premature end of file.
2026-03-27 16:54:05,870 [ERROR] LogOutputStream:75 - [STDERR_REDIRECT] 
2026-03-27 16:54:06,873 [ERROR] LogOutputStream:75 - [STDERR_REDIRECT] [Fatal Error] :1:1: Premature end of file.
2026-03-27 16:54:06,873 [ERROR] LogOutputStream:75 - [STDERR_REDIRECT] 
2026-03-27 16:54:07,880 [ERROR] LogOutputStream:75 - [STDERR_REDIRECT] [Fatal Error] :1:1: Premature end of file.
2026-03-27 16:54:07,880 [ERROR] LogOutputStream:75 - [STDERR_REDIRECT] 
2026-03-27 16:54:08,859 [ERROR] LogOutputStream:75 - [STDERR_REDIRECT] [Fatal Error] :1:1: Premature end of file.
2026-03-27 16:54:08,859 [ERROR] LogOutputStream:75 - [STDERR_REDIRECT] 
2026-03-27 16:54:09,874 [ERROR] LogOutputStream:75 - [STDERR_REDIRECT] [Fatal Error] :1:1: Premature end of file.
2026-03-27 16:54:09,874 [ERROR] LogOutputStream:75 - [STDERR_REDIRECT] 
2026-03-27 16:54:10,879 [ERROR] LogOutputStream:75 - [STDERR_REDIRECT] [Fatal Error] :1:1: Premature end of file.
2026-03-27 16:54:10,879 [ERROR] LogOutputStream:75 - [STDERR_REDIRECT] 
2026-03-27 16:54:11,882 [ERROR] LogOutputStream:75 - [STDERR_REDIRECT] [Fatal Error] :1:1: Premature end of file.
2026-03-27 16:54:11,882 [ERROR] LogOutputStream:75 - [STDERR_REDIRECT] 
2026-03-27 16:54:12,851 [ERROR] LogOutputStream:75 - [STDERR_REDIRECT] [Fatal Error] :1:1: Premature end of file.
2026-03-27 16:54:12,851 [ERROR] LogOutputStream:75 - [STDERR_REDIRECT] 
2026-03-27 16:54:13,870 [ERROR] LogOutputStream:75 - [STDERR_REDIRECT] [Fatal Error] :1:1: Premature end of file.
2026-03-27 16:54:13,870 [ERROR] LogOutputStream:75 - [STDERR_REDIRECT] 
2026-03-27 16:54:14,876 [ERROR] LogOutputStream:75 - [STDERR_REDIRECT] [Fatal Error] :1:1: Premature end of file.
2026-03-27 16:54:14,876 [ERROR] LogOutputStream:75 - [STDERR_REDIRECT] 
2026-03-27 16:54:15,881 [ERROR] LogOutputStream:75 - [STDERR_REDIRECT] [Fatal Error] :1:1: Premature end of file.
2026-03-27 16:54:15,881 [ERROR] LogOutputStream:75 - [STDERR_REDIRECT] 
2026-03-27 16:54:16,854 [ERROR] LogOutputStream:75 - [STDERR_REDIRECT] [Fatal Error] :1:1: Premature end of file.
2026-03-27 16:54:16,854 [ERROR] LogOutputStream:75 - [STDERR_REDIRECT] 
2026-03-27 16:54:17,852 [ERROR] LogOutputStream:75 - [STDERR_REDIRECT] [Fatal Error] :1:1: Premature end of file.
2026-03-27 16:54:17,852 [ERROR] LogOutputStream:75 - [STDERR_REDIRECT] 
2026-03-27 16:54:18,871 [ERROR] LogOutputStream:75 - [STDERR_REDIRECT] [Fatal Error] :1:1: Premature end of file.
2026-03-27 16:54:18,875 [ERROR] LogOutputStream:75 - [STDERR_REDIRECT] 
2026-03-27 16:54:19,877 [ERROR] LogOutputStream:75 - [STDERR_REDIRECT] [Fatal Error] :1:1: Premature end of file.
2026-03-27 16:54:19,877 [ERROR] LogOutputStream:75 - [STDERR_REDIRECT] 
2026-03-27 16:54:20,887 [ERROR] LogOutputStream:75 - [STDERR_REDIRECT] [Fatal Error] :1:1: Premature end of file.
2026-03-27 16:54:20,888 [ERROR] LogOutputStream:75 - [STDERR_REDIRECT] 
2026-03-27 16:54:21,877 [ERROR] LogOutputStream:75 - [STDERR_REDIRECT] [Fatal Error] :1:1: Premature end of file.
2026-03-27 16:54:21,878 [ERROR] LogOutputStream:75 - [STDERR_REDIRECT] 
2026-03-27 16:54:22,877 [ERROR] LogOutputStream:75 - [STDERR_REDIRECT] [Fatal Error] :1:1: Premature end of file.
2026-03-27 16:54:22,878 [ERROR] LogOutputStream:75 - [STDERR_REDIRECT] 
2026-03-27 16:54:23,878 [ERROR] LogOutputStream:75 - [STDERR_REDIRECT] [Fatal Error] :1:1: Premature end of file.
2026-03-27 16:54:23,878 [ERROR] LogOutputStream:75 - [STDERR_REDIRECT] 
2026-03-27 16:54:24,857 [ERROR] LogOutputStream:75 - [STDERR_REDIRECT] [Fatal Error] :1:1: Premature end of file.
2026-03-27 16:54:24,857 [ERROR] LogOutputStream:75 - [STDERR_REDIRECT] 
2026-03-27 16:54:25,887 [ERROR] LogOutputStream:75 - [STDERR_REDIRECT] [Fatal Error] :1:1: Premature end of file.
2026-03-27 16:54:25,887 [ERROR] LogOutputStream:75 - [STDERR_REDIRECT] 
2026-03-27 16:54:26,891 [ERROR] LogOutputStream:75 - [STDERR_REDIRECT] [Fatal Error] :1:1: Premature end of file.
2026-03-27 16:54:26,898 [ERROR] LogOutputStream:75 - [STDERR_REDIRECT] 
2026-03-27 16:54:27,883 [ERROR] LogOutputStream:75 - [STDERR_REDIRECT] [Fatal Error] :1:1: Premature end of file.
2026-03-27 16:54:27,884 [ERROR] LogOutputStream:75 - [STDERR_REDIRECT] 
2026-03-27 16:54:28,869 [ERROR] LogOutputStream:75 - [STDERR_REDIRECT] [Fatal Error] :1:1: Premature end of file.
2026-03-27 16:54:28,869 [ERROR] LogOutputStream:75 - [STDERR_REDIRECT] 
2026-03-27 16:54:29,878 [ERROR] LogOutputStream:75 - [STDERR_REDIRECT] [Fatal Error] :1:1: Premature end of file.
2026-03-27 16:54:29,878 [ERROR] LogOutputStream:75 - [STDERR_REDIRECT] 
2026-03-27 16:54:30,879 [ERROR] LogOutputStream:75 - [STDERR_REDIRECT] [Fatal Error] :1:1: Premature end of file.
2026-03-27 16:54:30,879 [ERROR] LogOutputStream:75 - [STDERR_REDIRECT] 
2026-03-27 16:54:31,889 [ERROR] LogOutputStream:75 - [STDERR_REDIRECT] [Fatal Error] :1:1: Premature end of file.
2026-03-27 16:54:31,890 [ERROR] LogOutputStream:75 - [STDERR_REDIRECT] 
2026-03-27 16:54:32,881 [ERROR] LogOutputStream:75 - [STDERR_REDIRECT] [Fatal Error] :1:1: Premature end of file.
2026-03-27 16:54:32,881 [ERROR] LogOutputStream:75 - [STDERR_REDIRECT] 
2026-03-27 16:54:33,865 [ERROR] LogOutputStream:75 - [STDERR_REDIRECT] [Fatal Error] :1:1: Premature end of file.
2026-03-27 16:54:33,866 [ERROR] LogOutputStream:75 - [STDERR_REDIRECT] 
2026-03-27 16:54:34,864 [ERROR] LogOutputStream:75 - [STDERR_REDIRECT] [Fatal Error] :1:1: Premature end of file.
2026-03-27 16:54:34,864 [ERROR] LogOutputStream:75 - [STDERR_REDIRECT] 
2026-03-27 16:54:35,874 [ERROR] LogOutputStream:75 - [STDERR_REDIRECT] [Fatal Error] :1:1: Premature end of file.
2026-03-27 16:54:35,874 [ERROR] LogOutputStream:75 - [STDERR_REDIRECT] 
2026-03-27 16:54:36,884 [ERROR] LogOutputStream:75 - [STDERR_REDIRECT] [Fatal Error] :1:1: Premature end of file.
2026-03-27 16:54:36,884 [ERROR] LogOutputStream:75 - [STDERR_REDIRECT] 
2026-03-27 16:54:37,888 [ERROR] LogOutputStream:75 - [STDERR_REDIRECT] [Fatal Error] :1:1: Premature end of file.
2026-03-27 16:54:37,888 [ERROR] LogOutputStream:75 - [STDERR_REDIRECT] 
2026-03-27 16:54:38,869 [ERROR] LogOutputStream:75 - [STDERR_REDIRECT] [Fatal Error] :1:1: Premature end of file.
2026-03-27 16:54:38,869 [ERROR] LogOutputStream:75 - [STDERR_REDIRECT] 
2026-03-27 16:54:39,871 [ERROR] LogOutputStream:75 - [STDERR_REDIRECT] [Fatal Error] :1:1: Premature end of file.
2026-03-27 16:54:39,871 [ERROR] LogOutputStream:75 - [STDERR_REDIRECT] 
2026-03-27 16:54:40,868 [ERROR] LogOutputStream:75 - [STDERR_REDIRECT] [Fatal Error] :1:1: Premature end of file.
2026-03-27 16:54:40,868 [ERROR] LogOutputStream:75 - [STDERR_REDIRECT] 
2026-03-27 16:54:41,859 [ERROR] LogOutputStream:75 - [STDERR_REDIRECT] [Fatal Error] :1:1: Premature end of file.
2026-03-27 16:54:41,869 [ERROR] LogOutputStream:75 - [STDERR_REDIRECT] 
2026-03-27 16:54:42,872 [ERROR] LogOutputStream:75 - [STDERR_REDIRECT] [Fatal Error] :1:1: Premature end of file.
2026-03-27 16:54:42,877 [ERROR] LogOutputStream:75 - [STDERR_REDIRECT] 
2026-03-27 16:54:43,883 [ERROR] LogOutputStream:75 - [STDERR_REDIRECT] [Fatal Error] :1:1: Premature end of file.
2026-03-27 16:54:43,883 [ERROR] LogOutputStream:75 - [STDERR_REDIRECT] 
2026-03-27 16:54:44,875 [ERROR] LogOutputStream:75 - [STDERR_REDIRECT] [Fatal Error] :1:1: Premature end of file.
2026-03-27 16:54:44,875 [ERROR] LogOutputStream:75 - [STDERR_REDIRECT] 
2026-03-27 16:54:45,879 [ERROR] LogOutputStream:75 - [STDERR_REDIRECT] [Fatal Error] :1:1: Premature end of file.
2026-03-27 16:54:45,879 [ERROR] LogOutputStream:75 - [STDERR_REDIRECT] 
2026-03-27 16:54:46,882 [ERROR] LogOutputStream:75 - [STDERR_REDIRECT] [Fatal Error] :1:1: Premature end of file.
2026-03-27 16:54:46,882 [ERROR] LogOutputStream:75 - [STDERR_REDIRECT] 
2026-03-27 16:54:47,872 [ERROR] LogOutputStream:75 - [STDERR_REDIRECT] [Fatal Error] :1:1: Premature end of file.
2026-03-27 16:54:47,872 [ERROR] LogOutputStream:75 - [STDERR_REDIRECT] 
2026-03-27 16:54:48,853 [ERROR] LogOutputStream:75 - [STDERR_REDIRECT] [Fatal Error] :1:1: Premature end of file.
2026-03-27 16:54:48,853 [ERROR] LogOutputStream:75 - [STDERR_REDIRECT] 
2026-03-27 16:54:49,890 [ERROR] LogOutputStream:75 - [STDERR_REDIRECT] [Fatal Error] :1:1: Premature end of file.
2026-03-27 16:54:49,890 [ERROR] LogOutputStream:75 - [STDERR_REDIRECT] 
2026-03-27 16:54:50,878 [ERROR] LogOutputStream:75 - [STDERR_REDIRECT] [Fatal Error] :1:1: Premature end of file.
2026-03-27 16:54:50,878 [ERROR] LogOutputStream:75 - [STDERR_REDIRECT] 
2026-03-27 16:54:51,882 [ERROR] LogOutputStream:75 - [STDERR_REDIRECT] [Fatal Error] :1:1: Premature end of file.
2026-03-27 16:54:51,882 [ERROR] LogOutputStream:75 - [STDERR_REDIRECT] 
2026-03-27 16:54:52,869 [ERROR] LogOutputStream:75 - [STDERR_REDIRECT] [Fatal Error] :1:1: Premature end of file.
2026-03-27 16:54:52,869 [ERROR] LogOutputStream:75 - [STDERR_REDIRECT] 
2026-03-27 16:54:53,876 [ERROR] LogOutputStream:75 - [STDERR_REDIRECT] [Fatal Error] :1:1: Premature end of file.
2026-03-27 16:54:53,876 [ERROR] LogOutputStream:75 - [STDERR_REDIRECT] 
2026-03-27 16:54:54,878 [ERROR] LogOutputStream:75 - [STDERR_REDIRECT] [Fatal Error] :1:1: Premature end of file.
2026-03-27 16:54:54,878 [ERROR] LogOutputStream:75 - [STDERR_REDIRECT] 
2026-03-27 16:54:55,868 [ERROR] LogOutputStream:75 - [STDERR_REDIRECT] [Fatal Error] :1:1: Premature end of file.
2026-03-27 16:54:55,868 [ERROR] LogOutputStream:75 - [STDERR_REDIRECT] 
2026-03-27 16:54:56,870 [ERROR] LogOutputStream:75 - [STDERR_REDIRECT] [Fatal Error] :1:1: Premature end of file.
2026-03-27 16:54:56,870 [ERROR] LogOutputStream:75 - [STDERR_REDIRECT] 
2026-03-27 16:54:57,877 [ERROR] LogOutputStream:75 - [STDERR_REDIRECT] [Fatal Error] :1:1: Premature end of file.
2026-03-27 16:54:57,877 [ERROR] LogOutputStream:75 - [STDERR_REDIRECT] 
2026-03-27 16:54:58,882 [ERROR] LogOutputStream:75 - [STDERR_REDIRECT] [Fatal Error] :1:1: Premature end of file.
2026-03-27 16:54:58,882 [ERROR] LogOutputStream:75 - [STDERR_REDIRECT] 
2026-03-27 16:54:59,872 [ERROR] LogOutputStream:75 - [STDERR_REDIRECT] [Fatal Error] :1:1: Premature end of file.
2026-03-27 16:54:59,872 [ERROR] LogOutputStream:75 - [STDERR_REDIRECT] 
2026-03-27 16:55:00,873 [ERROR] LogOutputStream:75 - [STDERR_REDIRECT] [Fatal Error] :1:1: Premature end of file.
2026-03-27 16:55:00,873 [ERROR] LogOutputStream:75 - [STDERR_REDIRECT] 
2026-03-27 16:55:01,881 [ERROR] LogOutputStream:75 - [STDERR_REDIRECT] [Fatal Error] :1:1: Premature end of file.
2026-03-27 16:55:01,881 [ERROR] LogOutputStream:75 - [STDERR_REDIRECT] 
2026-03-27 16:55:02,868 [ERROR] LogOutputStream:75 - [STDERR_REDIRECT] [Fatal Error] :1:1: Premature end of file.
2026-03-27 16:55:02,868 [ERROR] LogOutputStream:75 - [STDERR_REDIRECT] 
2026-03-27 16:55:03,871 [ERROR] LogOutputStream:75 - [STDERR_REDIRECT] [Fatal Error] :1:1: Premature end of file.
2026-03-27 16:55:03,871 [ERROR] LogOutputStream:75 - [STDERR_REDIRECT] 
2026-03-27 16:55:04,875 [ERROR] LogOutputStream:75 - [STDERR_REDIRECT] [Fatal Error] :1:1: Premature end of file.
2026-03-27 16:55:04,875 [ERROR] LogOutputStream:75 - [STDERR_REDIRECT] 
2026-03-27 16:55:05,879 [ERROR] LogOutputStream:75 - [STDERR_REDIRECT] [Fatal Error] :1:1: Premature end of file.
2026-03-27 16:55:05,879 [ERROR] LogOutputStream:75 - [STDERR_REDIRECT] 
2026-03-27 16:55:06,879 [ERROR] LogOutputStream:75 - [STDERR_REDIRECT] [Fatal Error] :1:1: Premature end of file.
2026-03-27 16:55:06,879 [ERROR] LogOutputStream:75 - [STDERR_REDIRECT] 
2026-03-27 16:55:07,873 [ERROR] LogOutputStream:75 - [STDERR_REDIRECT] [Fatal Error] :1:1: Premature end of file.
2026-03-27 16:55:07,873 [ERROR] LogOutputStream:75 - [STDERR_REDIRECT] 
2026-03-27 16:55:08,879 [ERROR] LogOutputStream:75 - [STDERR_REDIRECT] [Fatal Error] :1:1: Premature end of file.
2026-03-27 16:55:08,879 [ERROR] LogOutputStream:75 - [STDERR_REDIRECT] 
2026-03-27 16:55:09,886 [ERROR] LogOutputStream:75 - [STDERR_REDIRECT] [Fatal Error] :1:1: Premature end of file.
2026-03-27 16:55:09,886 [ERROR] LogOutputStream:75 - [STDERR_REDIRECT] 
2026-03-27 16:55:10,873 [ERROR] LogOutputStream:75 - [STDERR_REDIRECT] [Fatal Error] :1:1: Premature end of file.
2026-03-27 16:55:10,873 [ERROR] LogOutputStream:75 - [STDERR_REDIRECT] 
2026-03-27 16:55:11,862 [ERROR] LogOutputStream:75 - [STDERR_REDIRECT] [Fatal Error] :1:1: Premature end of file.
2026-03-27 16:55:11,862 [ERROR] LogOutputStream:75 - [STDERR_REDIRECT] 
2026-03-27 16:55:12,869 [ERROR] LogOutputStream:75 - [STDERR_REDIRECT] [Fatal Error] :1:1: Premature end of file.
2026-03-27 16:55:12,869 [ERROR] LogOutputStream:75 - [STDERR_REDIRECT] 
2026-03-27 16:55:13,886 [ERROR] LogOutputStream:75 - [STDERR_REDIRECT] [Fatal Error] :1:1: Premature end of file.
2026-03-27 16:55:13,886 [ERROR] LogOutputStream:75 - [STDERR_REDIRECT] 
2026-03-27 16:55:14,871 [ERROR] LogOutputStream:75 - [STDERR_REDIRECT] [Fatal Error] :1:1: Premature end of file.
2026-03-27 16:55:14,871 [ERROR] LogOutputStream:75 - [STDERR_REDIRECT] 
2026-03-27 16:55:15,878 [ERROR] LogOutputStream:75 - [STDERR_REDIRECT] [Fatal Error] :1:1: Premature end of file.
2026-03-27 16:55:15,878 [ERROR] LogOutputStream:75 - [STDERR_REDIRECT] 
2026-03-27 16:55:16,888 [ERROR] LogOutputStream:75 - [STDERR_REDIRECT] [Fatal Error] :1:1: Premature end of file.
2026-03-27 16:55:16,888 [ERROR] LogOutputStream:75 - [STDERR_REDIRECT] 
2026-03-27 16:55:17,857 [ERROR] LogOutputStream:75 - [STDERR_REDIRECT] [Fatal Error] :1:1: Premature end of file.
2026-03-27 16:55:17,857 [ERROR] LogOutputStream:75 - [STDERR_REDIRECT] 
2026-03-27 16:55:18,877 [ERROR] LogOutputStream:75 - [STDERR_REDIRECT] [Fatal Error] :1:1: Premature end of file.
2026-03-27 16:55:18,877 [ERROR] LogOutputStream:75 - [STDERR_REDIRECT] 
2026-03-27 16:55:19,881 [ERROR] LogOutputStream:75 - [STDERR_REDIRECT] [Fatal Error] :1:1: Premature end of file.
2026-03-27 16:55:19,881 [ERROR] LogOutputStream:75 - [STDERR_REDIRECT] 
2026-03-27 16:55:20,871 [ERROR] LogOutputStream:75 - [STDERR_REDIRECT] [Fatal Error] :1:1: Premature end of file.
2026-03-27 16:55:20,871 [ERROR] LogOutputStream:75 - [STDERR_REDIRECT] 
2026-03-27 16:55:21,875 [ERROR] LogOutputStream:75 - [STDERR_REDIRECT] [Fatal Error] :1:1: Premature end of file.
2026-03-27 16:55:21,875 [ERROR] LogOutputStream:75 - [STDERR_REDIRECT] 
2026-03-27 16:55:22,882 [ERROR] LogOutputStream:75 - [STDERR_REDIRECT] [Fatal Error] :1:1: Premature end of file.
2026-03-27 16:55:22,882 [ERROR] LogOutputStream:75 - [STDERR_REDIRECT] 
2026-03-27 16:55:23,873 [ERROR] LogOutputStream:75 - [STDERR_REDIRECT] [Fatal Error] :1:1: Premature end of file.
2026-03-27 16:55:23,873 [ERROR] LogOutputStream:75 - [STDERR_REDIRECT] 
2026-03-27 16:55:24,862 [ERROR] LogOutputStream:75 - [STDERR_REDIRECT] [Fatal Error] :1:1: Premature end of file.
2026-03-27 16:55:24,862 [ERROR] LogOutputStream:75 - [STDERR_REDIRECT] 
2026-03-27 16:55:25,882 [ERROR] LogOutputStream:75 - [STDERR_REDIRECT] [Fatal Error] :1:1: Premature end of file.
2026-03-27 16:55:25,882 [ERROR] LogOutputStream:75 - [STDERR_REDIRECT] 
2026-03-27 16:55:26,871 [ERROR] LogOutputStream:75 - [STDERR_REDIRECT] [Fatal Error] :1:1: Premature end of file.
2026-03-27 16:55:26,871 [ERROR] LogOutputStream:75 - [STDERR_REDIRECT] 
2026-03-27 16:55:27,866 [ERROR] LogOutputStream:75 - [STDERR_REDIRECT] [Fatal Error] :1:1: Premature end of file.
2026-03-27 16:55:27,866 [ERROR] LogOutputStream:75 - [STDERR_REDIRECT] 
2026-03-27 16:55:28,860 [ERROR] LogOutputStream:75 - [STDERR_REDIRECT] [Fatal Error] :1:1: Premature end of file.
2026-03-27 16:55:28,860 [ERROR] LogOutputStream:75 - [STDERR_REDIRECT] 
2026-03-27 16:55:29,871 [ERROR] LogOutputStream:75 - [STDERR_REDIRECT] [Fatal Error] :1:1: Premature end of file.
2026-03-27 16:55:29,871 [ERROR] LogOutputStream:75 - [STDERR_REDIRECT] 
2026-03-27 16:55:30,866 [ERROR] LogOutputStream:75 - [STDERR_REDIRECT] [Fatal Error] :1:1: Premature end of file.
2026-03-27 16:55:30,866 [ERROR] LogOutputStream:75 - [STDERR_REDIRECT] 
2026-03-27 16:55:31,866 [ERROR] LogOutputStream:75 - [STDERR_REDIRECT] [Fatal Error] :1:1: Premature end of file.
2026-03-27 16:55:31,866 [ERROR] LogOutputStream:75 - [STDERR_REDIRECT] 
2026-03-27 16:55:32,853 [ERROR] LogOutputStream:75 - [STDERR_REDIRECT] [Fatal Error] :1:1: Premature end of file.
2026-03-27 16:55:32,853 [ERROR] LogOutputStream:75 - [STDERR_REDIRECT] 
2026-03-27 16:55:33,871 [ERROR] LogOutputStream:75 - [STDERR_REDIRECT] [Fatal Error] :1:1: Premature end of file.
2026-03-27 16:55:33,871 [ERROR] LogOutputStream:75 - [STDERR_REDIRECT] 
2026-03-27 16:55:34,861 [ERROR] LogOutputStream:75 - [STDERR_REDIRECT] [Fatal Error] :1:1: Premature end of file.
2026-03-27 16:55:34,861 [ERROR] LogOutputStream:75 - [STDERR_REDIRECT] 
2026-03-27 16:55:35,877 [ERROR] LogOutputStream:75 - [STDERR_REDIRECT] [Fatal Error] :1:1: Premature end of file.
2026-03-27 16:55:35,877 [ERROR] LogOutputStream:75 - [STDERR_REDIRECT] 
2026-03-27 16:55:36,865 [ERROR] LogOutputStream:75 - [STDERR_REDIRECT] [Fatal Error] :1:1: Premature end of file.
2026-03-27 16:55:36,865 [ERROR] LogOutputStream:75 - [STDERR_REDIRECT] 
2026-03-27 16:55:37,860 [ERROR] LogOutputStream:75 - [STDERR_REDIRECT] [Fatal Error] :1:1: Premature end of file.
2026-03-27 16:55:37,865 [ERROR] LogOutputStream:75 - [STDERR_REDIRECT] 
2026-03-27 16:55:38,860 [ERROR] LogOutputStream:75 - [STDERR_REDIRECT] [Fatal Error] :1:1: Premature end of file.
2026-03-27 16:55:38,860 [ERROR] LogOutputStream:75 - [STDERR_REDIRECT] 
2026-03-27 16:55:39,866 [ERROR] LogOutputStream:75 - [STDERR_REDIRECT] [Fatal Error] :1:1: Premature end of file.
2026-03-27 16:55:39,866 [ERROR] LogOutputStream:75 - [STDERR_REDIRECT] 
2026-03-27 16:55:40,855 [ERROR] LogOutputStream:75 - [STDERR_REDIRECT] [Fatal Error] :1:1: Premature end of file.
2026-03-27 16:55:40,855 [ERROR] LogOutputStream:75 - [STDERR_REDIRECT] 
2026-03-27 16:55:41,860 [ERROR] LogOutputStream:75 - [STDERR_REDIRECT] [Fatal Error] :1:1: Premature end of file.
2026-03-27 16:55:41,860 [ERROR] LogOutputStream:75 - [STDERR_REDIRECT] 
2026-03-27 16:55:42,870 [ERROR] LogOutputStream:75 - [STDERR_REDIRECT] [Fatal Error] :1:1: Premature end of file.
2026-03-27 16:55:42,870 [ERROR] LogOutputStream:75 - [STDERR_REDIRECT] 
2026-03-27 16:55:43,853 [ERROR] LogOutputStream:75 - [STDERR_REDIRECT] [Fatal Error] :1:1: Premature end of file.
2026-03-27 16:55:43,853 [ERROR] LogOutputStream:75 - [STDERR_REDIRECT] 
2026-03-27 16:55:44,859 [ERROR] LogOutputStream:75 - [STDERR_REDIRECT] [Fatal Error] :1:1: Premature end of file.
2026-03-27 16:55:44,859 [ERROR] LogOutputStream:75 - [STDERR_REDIRECT] 
2026-03-27 16:55:45,865 [ERROR] LogOutputStream:75 - [STDERR_REDIRECT] [Fatal Error] :1:1: Premature end of file.
2026-03-27 16:55:45,865 [ERROR] LogOutputStream:75 - [STDERR_REDIRECT] 
2026-03-27 16:55:46,859 [ERROR] LogOutputStream:75 - [STDERR_REDIRECT] [Fatal Error] :1:1: Premature end of file.
2026-03-27 16:55:46,859 [ERROR] LogOutputStream:75 - [STDERR_REDIRECT] 
2026-03-27 16:55:47,870 [ERROR] LogOutputStream:75 - [STDERR_REDIRECT] [Fatal Error] :1:1: Premature end of file.
2026-03-27 16:55:47,870 [ERROR] LogOutputStream:75 - [STDERR_REDIRECT] 
2026-03-27 16:55:48,878 [ERROR] LogOutputStream:75 - [STDERR_REDIRECT] [Fatal Error] :1:1: Premature end of file.
2026-03-27 16:55:48,878 [ERROR] LogOutputStream:75 - [STDERR_REDIRECT] 
2026-03-27 16:55:49,907 [ERROR] LogOutputStream:75 - [STDERR_REDIRECT] [Fatal Error] :1:1: Premature end of file.
2026-03-27 16:55:49,907 [ERROR] LogOutputStream:75 - [STDERR_REDIRECT] 
2026-03-27 16:55:50,869 [ERROR] LogOutputStream:75 - [STDERR_REDIRECT] [Fatal Error] :1:1: Premature end of file.
2026-03-27 16:55:50,869 [ERROR] LogOutputStream:75 - [STDERR_REDIRECT] 
2026-03-27 16:55:51,869 [ERROR] LogOutputStream:75 - [STDERR_REDIRECT] [Fatal Error] :1:1: Premature end of file.
2026-03-27 16:55:51,869 [ERROR] LogOutputStream:75 - [STDERR_REDIRECT] 
2026-03-27 16:55:52,877 [ERROR] LogOutputStream:75 - [STDERR_REDIRECT] [Fatal Error] :1:1: Premature end of file.
2026-03-27 16:55:52,882 [ERROR] LogOutputStream:75 - [STDERR_REDIRECT] 
2026-03-27 16:55:53,860 [ERROR] LogOutputStream:75 - [STDERR_REDIRECT] [Fatal Error] :1:1: Premature end of file.
2026-03-27 16:55:53,860 [ERROR] LogOutputStream:75 - [STDERR_REDIRECT] 
2026-03-27 16:55:54,848 [ERROR] LogOutputStream:75 - [STDERR_REDIRECT] [Fatal Error] :1:1: Premature end of file.
2026-03-27 16:55:54,848 [ERROR] LogOutputStream:75 - [STDERR_REDIRECT] 
2026-03-27 16:55:55,872 [ERROR] LogOutputStream:75 - [STDERR_REDIRECT] [Fatal Error] :1:1: Premature end of file.
2026-03-27 16:55:55,872 [ERROR] LogOutputStream:75 - [STDERR_REDIRECT] 
2026-03-27 16:55:56,870 [ERROR] LogOutputStream:75 - [STDERR_REDIRECT] [Fatal Error] :1:1: Premature end of file.
2026-03-27 16:55:56,871 [ERROR] LogOutputStream:75 - [STDERR_REDIRECT] 
2026-03-27 16:55:57,863 [ERROR] LogOutputStream:75 - [STDERR_REDIRECT] [Fatal Error] :1:1: Premature end of file.
2026-03-27 16:55:57,863 [ERROR] LogOutputStream:75 - [STDERR_REDIRECT] 
2026-03-27 16:55:58,857 [ERROR] LogOutputStream:75 - [STDERR_REDIRECT] [Fatal Error] :1:1: Premature end of file.
2026-03-27 16:55:58,858 [ERROR] LogOutputStream:75 - [STDERR_REDIRECT] 
2026-03-27 16:55:59,882 [ERROR] LogOutputStream:75 - [STDERR_REDIRECT] [Fatal Error] :1:1: Premature end of file.
2026-03-27 16:55:59,882 [ERROR] LogOutputStream:75 - [STDERR_REDIRECT] 
2026-03-27 16:56:00,863 [ERROR] LogOutputStream:75 - [STDERR_REDIRECT] [Fatal Error] :1:1: Premature end of file.
2026-03-27 16:56:00,863 [ERROR] LogOutputStream:75 - [STDERR_REDIRECT] 
2026-03-27 16:56:01,894 [ERROR] LogOutputStream:75 - [STDERR_REDIRECT] [Fatal Error] :1:1: Premature end of file.
2026-03-27 16:56:01,894 [ERROR] LogOutputStream:75 - [STDERR_REDIRECT] 
2026-03-27 16:56:02,862 [ERROR] LogOutputStream:75 - [STDERR_REDIRECT] [Fatal Error] :1:1: Premature end of file.
2026-03-27 16:56:02,864 [ERROR] LogOutputStream:75 - [STDERR_REDIRECT] 
2026-03-27 16:56:03,880 [ERROR] LogOutputStream:75 - [STDERR_REDIRECT] [Fatal Error] :1:1: Premature end of file.
2026-03-27 16:56:03,880 [ERROR] LogOutputStream:75 - [STDERR_REDIRECT] 
2026-03-27 16:56:04,869 [ERROR] LogOutputStream:75 - [STDERR_REDIRECT] [Fatal Error] :1:1: Premature end of file.
2026-03-27 16:56:04,874 [ERROR] LogOutputStream:75 - [STDERR_REDIRECT] 
2026-03-27 16:56:05,873 [ERROR] LogOutputStream:75 - [STDERR_REDIRECT] [Fatal Error] :1:1: Premature end of file.
2026-03-27 16:56:05,873 [ERROR] LogOutputStream:75 - [STDERR_REDIRECT] 
2026-03-27 16:56:06,858 [ERROR] LogOutputStream:75 - [STDERR_REDIRECT] [Fatal Error] :1:1: Premature end of file.
2026-03-27 16:56:06,858 [ERROR] LogOutputStream:75 - [STDERR_REDIRECT] 
2026-03-27 16:56:07,864 [ERROR] LogOutputStream:75 - [STDERR_REDIRECT] [Fatal Error] :1:1: Premature end of file.
2026-03-27 16:56:07,864 [ERROR] LogOutputStream:75 - [STDERR_REDIRECT] 
2026-03-27 16:56:08,877 [ERROR] LogOutputStream:75 - [STDERR_REDIRECT] [Fatal Error] :1:1: Premature end of file.
2026-03-27 16:56:08,877 [ERROR] LogOutputStream:75 - [STDERR_REDIRECT] 
2026-03-27 16:56:09,878 [ERROR] LogOutputStream:75 - [STDERR_REDIRECT] [Fatal Error] :1:1: Premature end of file.
2026-03-27 16:56:09,878 [ERROR] LogOutputStream:75 - [STDERR_REDIRECT] 
2026-03-27 16:56:10,860 [ERROR] LogOutputStream:75 - [STDERR_REDIRECT] [Fatal Error] :1:1: Premature end of file.
2026-03-27 16:56:10,860 [ERROR] LogOutputStream:75 - [STDERR_REDIRECT] 
2026-03-27 16:56:11,855 [ERROR] LogOutputStream:75 - [STDERR_REDIRECT] [Fatal Error] :1:1: Premature end of file.
2026-03-27 16:56:11,855 [ERROR] LogOutputStream:75 - [STDERR_REDIRECT] 
2026-03-27 16:56:12,867 [ERROR] LogOutputStream:75 - [STDERR_REDIRECT] [Fatal Error] :1:1: Premature end of file.
2026-03-27 16:56:12,876 [ERROR] LogOutputStream:75 - [STDERR_REDIRECT] 
2026-03-27 16:56:13,857 [ERROR] LogOutputStream:75 - [STDERR_REDIRECT] [Fatal Error] :1:1: Premature end of file.
2026-03-27 16:56:13,857 [ERROR] LogOutputStream:75 - [STDERR_REDIRECT] 
2026-03-27 16:56:14,836 [ERROR] LogOutputStream:75 - [STDERR_REDIRECT] [Fatal Error] :1:1: Premature end of file.
2026-03-27 16:56:14,836 [ERROR] LogOutputStream:75 - [STDERR_REDIRECT] 
2026-03-27 16:56:15,848 [ERROR] LogOutputStream:75 - [STDERR_REDIRECT] [Fatal Error] :1:1: Premature end of file.
2026-03-27 16:56:15,848 [ERROR] LogOutputStream:75 - [STDERR_REDIRECT] 
2026-03-27 16:56:16,843 [ERROR] LogOutputStream:75 - [STDERR_REDIRECT] [Fatal Error] :1:1: Premature end of file.
2026-03-27 16:56:16,843 [ERROR] LogOutputStream:75 - [STDERR_REDIRECT] 
2026-03-27 16:56:17,855 [ERROR] LogOutputStream:75 - [STDERR_REDIRECT] [Fatal Error] :1:1: Premature end of file.
2026-03-27 16:56:17,855 [ERROR] LogOutputStream:75 - [STDERR_REDIRECT] 
2026-03-27 16:56:18,849 [ERROR] LogOutputStream:75 - [STDERR_REDIRECT] [Fatal Error] :1:1: Premature end of file.
2026-03-27 16:56:18,849 [ERROR] LogOutputStream:75 - [STDERR_REDIRECT] 
2026-03-27 16:56:19,888 [ERROR] LogOutputStream:75 - [STDERR_REDIRECT] [Fatal Error] :1:1: Premature end of file.
2026-03-27 16:56:19,888 [ERROR] LogOutputStream:75 - [STDERR_REDIRECT] 
2026-03-27 16:56:20,843 [ERROR] LogOutputStream:75 - [STDERR_REDIRECT] [Fatal Error] :1:1: Premature end of file.
2026-03-27 16:56:20,843 [ERROR] LogOutputStream:75 - [STDERR_REDIRECT] 
2026-03-27 16:56:21,838 [ERROR] LogOutputStream:75 - [STDERR_REDIRECT] [Fatal Error] :1:1: Premature end of file.
2026-03-27 16:56:21,838 [ERROR] LogOutputStream:75 - [STDERR_REDIRECT] 
2026-03-27 16:56:22,859 [ERROR] LogOutputStream:75 - [STDERR_REDIRECT] [Fatal Error] :1:1: Premature end of file.
2026-03-27 16:56:22,859 [ERROR] LogOutputStream:75 - [STDERR_REDIRECT] 
2026-03-27 16:56:23,846 [ERROR] LogOutputStream:75 - [STDERR_REDIRECT] [Fatal Error] :1:1: Premature end of file.
2026-03-27 16:56:23,846 [ERROR] LogOutputStream:75 - [STDERR_REDIRECT] 
2026-03-27 16:56:24,859 [ERROR] LogOutputStream:75 - [STDERR_REDIRECT] [Fatal Error] :1:1: Premature end of file.
2026-03-27 16:56:24,859 [ERROR] LogOutputStream:75 - [STDERR_REDIRECT] 
2026-03-27 16:56:25,891 [ERROR] LogOutputStream:75 - [STDERR_REDIRECT] [Fatal Error] :1:1: Premature end of file.
2026-03-27 16:56:25,891 [ERROR] LogOutputStream:75 - [STDERR_REDIRECT] 
2026-03-27 16:56:26,871 [ERROR] LogOutputStream:75 - [STDERR_REDIRECT] [Fatal Error] :1:1: Premature end of file.
2026-03-27 16:56:26,871 [ERROR] LogOutputStream:75 - [STDERR_REDIRECT] 
2026-03-27 16:56:27,899 [ERROR] LogOutputStream:75 - [STDERR_REDIRECT] [Fatal Error] :1:1: Premature end of file.
2026-03-27 16:56:27,900 [ERROR] LogOutputStream:75 - [STDERR_REDIRECT] 
2026-03-27 16:56:28,870 [ERROR] LogOutputStream:75 - [STDERR_REDIRECT] [Fatal Error] :1:1: Premature end of file.
2026-03-27 16:56:28,870 [ERROR] LogOutputStream:75 - [STDERR_REDIRECT] 
2026-03-27 16:56:29,862 [ERROR] LogOutputStream:75 - [STDERR_REDIRECT] [Fatal Error] :1:1: Premature end of file.
2026-03-27 16:56:29,862 [ERROR] LogOutputStream:75 - [STDERR_REDIRECT] 
2026-03-27 16:56:30,869 [ERROR] LogOutputStream:75 - [STDERR_REDIRECT] [Fatal Error] :1:1: Premature end of file.
2026-03-27 16:56:30,874 [ERROR] LogOutputStream:75 - [STDERR_REDIRECT] 
2026-03-27 16:56:31,839 [ERROR] LogOutputStream:75 - [STDERR_REDIRECT] [Fatal Error] :1:1: Premature end of file.
2026-03-27 16:56:31,839 [ERROR] LogOutputStream:75 - [STDERR_REDIRECT] 
2026-03-27 16:56:32,897 [ERROR] LogOutputStream:75 - [STDERR_REDIRECT] [Fatal Error] :1:1: Premature end of file.
2026-03-27 16:56:32,897 [ERROR] LogOutputStream:75 - [STDERR_REDIRECT] 
2026-03-27 16:56:33,874 [ERROR] LogOutputStream:75 - [STDERR_REDIRECT] [Fatal Error] :1:1: Premature end of file.
2026-03-27 16:56:33,874 [ERROR] LogOutputStream:75 - [STDERR_REDIRECT] 
2026-03-27 16:56:34,888 [ERROR] LogOutputStream:75 - [STDERR_REDIRECT] [Fatal Error] :1:1: Premature end of file.
2026-03-27 16:56:34,888 [ERROR] LogOutputStream:75 - [STDERR_REDIRECT] 
2026-03-27 16:56:35,891 [ERROR] LogOutputStream:75 - [STDERR_REDIRECT] [Fatal Error] :1:1: Premature end of file.
2026-03-27 16:56:35,891 [ERROR] LogOutputStream:75 - [STDERR_REDIRECT] 
2026-03-27 16:56:36,865 [ERROR] LogOutputStream:75 - [STDERR_REDIRECT] [Fatal Error] :1:1: Premature end of file.
2026-03-27 16:56:36,865 [ERROR] LogOutputStream:75 - [STDERR_REDIRECT] 
2026-03-27 16:56:37,854 [ERROR] LogOutputStream:75 - [STDERR_REDIRECT] [Fatal Error] :1:1: Premature end of file.
2026-03-27 16:56:37,869 [ERROR] LogOutputStream:75 - [STDERR_REDIRECT] 
2026-03-27 16:56:38,853 [ERROR] LogOutputStream:75 - [STDERR_REDIRECT] [Fatal Error] :1:1: Premature end of file.
2026-03-27 16:56:38,853 [ERROR] LogOutputStream:75 - [STDERR_REDIRECT] 
2026-03-27 16:56:39,883 [ERROR] LogOutputStream:75 - [STDERR_REDIRECT] [Fatal Error] :1:1: Premature end of file.
2026-03-27 16:56:39,883 [ERROR] LogOutputStream:75 - [STDERR_REDIRECT] 
2026-03-27 16:56:40,883 [ERROR] LogOutputStream:75 - [STDERR_REDIRECT] [Fatal Error] :1:1: Premature end of file.
2026-03-27 16:56:40,894 [ERROR] LogOutputStream:75 - [STDERR_REDIRECT] 
2026-03-27 16:56:41,880 [ERROR] LogOutputStream:75 - [STDERR_REDIRECT] [Fatal Error] :1:1: Premature end of file.
2026-03-27 16:56:41,886 [ERROR] LogOutputStream:75 - [STDERR_REDIRECT] 
2026-03-27 16:56:42,882 [ERROR] LogOutputStream:75 - [STDERR_REDIRECT] [Fatal Error] :1:1: Premature end of file.
2026-03-27 16:56:42,882 [ERROR] LogOutputStream:75 - [STDERR_REDIRECT] 
2026-03-27 16:56:43,876 [ERROR] LogOutputStream:75 - [STDERR_REDIRECT] [Fatal Error] :1:1: Premature end of file.
2026-03-27 16:56:43,876 [ERROR] LogOutputStream:75 - [STDERR_REDIRECT] 
2026-03-27 16:56:44,859 [ERROR] LogOutputStream:75 - [STDERR_REDIRECT] [Fatal Error] :1:1: Premature end of file.
2026-03-27 16:56:44,859 [ERROR] LogOutputStream:75 - [STDERR_REDIRECT] 
2026-03-27 16:56:45,875 [ERROR] LogOutputStream:75 - [STDERR_REDIRECT] [Fatal Error] :1:1: Premature end of file.
2026-03-27 16:56:45,875 [ERROR] LogOutputStream:75 - [STDERR_REDIRECT] 
2026-03-27 16:56:46,844 [ERROR] LogOutputStream:75 - [STDERR_REDIRECT] [Fatal Error] :1:1: Premature end of file.
2026-03-27 16:56:46,844 [ERROR] LogOutputStream:75 - [STDERR_REDIRECT] 
2026-03-27 16:56:47,894 [ERROR] LogOutputStream:75 - [STDERR_REDIRECT] [Fatal Error] :1:1: Premature end of file.
2026-03-27 16:56:47,894 [ERROR] LogOutputStream:75 - [STDERR_REDIRECT] 
2026-03-27 16:56:48,868 [ERROR] LogOutputStream:75 - [STDERR_REDIRECT] [Fatal Error] :1:1: Premature end of file.
2026-03-27 16:56:48,870 [ERROR] LogOutputStream:75 - [STDERR_REDIRECT] 
2026-03-27 16:56:49,839 [ERROR] LogOutputStream:75 - [STDERR_REDIRECT] [Fatal Error] :1:1: Premature end of file.
2026-03-27 16:56:49,854 [ERROR] LogOutputStream:75 - [STDERR_REDIRECT] 
2026-03-27 16:56:50,854 [ERROR] LogOutputStream:75 - [STDERR_REDIRECT] [Fatal Error] :1:1: Premature end of file.
2026-03-27 16:56:50,856 [ERROR] LogOutputStream:75 - [STDERR_REDIRECT] 
2026-03-27 16:56:51,865 [ERROR] LogOutputStream:75 - [STDERR_REDIRECT] [Fatal Error] :1:1: Premature end of file.
2026-03-27 16:56:51,865 [ERROR] LogOutputStream:75 - [STDERR_REDIRECT] 
2026-03-27 16:56:52,874 [ERROR] LogOutputStream:75 - [STDERR_REDIRECT] [Fatal Error] :1:1: Premature end of file.
2026-03-27 16:56:52,874 [ERROR] LogOutputStream:75 - [STDERR_REDIRECT] 
2026-03-27 16:56:53,878 [ERROR] LogOutputStream:75 - [STDERR_REDIRECT] [Fatal Error] :1:1: Premature end of file.
2026-03-27 16:56:53,878 [ERROR] LogOutputStream:75 - [STDERR_REDIRECT] 
2026-03-27 16:56:54,880 [ERROR] LogOutputStream:75 - [STDERR_REDIRECT] [Fatal Error] :1:1: Premature end of file.
2026-03-27 16:56:54,880 [ERROR] LogOutputStream:75 - [STDERR_REDIRECT] 
2026-03-27 16:56:55,841 [ERROR] LogOutputStream:75 - [STDERR_REDIRECT] [Fatal Error] :1:1: Premature end of file.
2026-03-27 16:56:55,841 [ERROR] LogOutputStream:75 - [STDERR_REDIRECT] 
2026-03-27 16:56:56,840 [ERROR] LogOutputStream:75 - [STDERR_REDIRECT] [Fatal Error] :1:1: Premature end of file.
2026-03-27 16:56:56,840 [ERROR] LogOutputStream:75 - [STDERR_REDIRECT] 
2026-03-27 16:56:57,878 [ERROR] LogOutputStream:75 - [STDERR_REDIRECT] [Fatal Error] :1:1: Premature end of file.
2026-03-27 16:56:57,878 [ERROR] LogOutputStream:75 - [STDERR_REDIRECT] 
2026-03-27 16:56:58,846 [ERROR] LogOutputStream:75 - [STDERR_REDIRECT] [Fatal Error] :1:1: Premature end of file.
2026-03-27 16:56:58,846 [ERROR] LogOutputStream:75 - [STDERR_REDIRECT] 
2026-03-27 16:56:59,866 [ERROR] LogOutputStream:75 - [STDERR_REDIRECT] [Fatal Error] :1:1: Premature end of file.
2026-03-27 16:56:59,866 [ERROR] LogOutputStream:75 - [STDERR_REDIRECT] 
2026-03-27 16:57:00,859 [ERROR] LogOutputStream:75 - [STDERR_REDIRECT] [Fatal Error] :1:1: Premature end of file.
2026-03-27 16:57:00,859 [ERROR] LogOutputStream:75 - [STDERR_REDIRECT] 
2026-03-27 16:57:01,877 [ERROR] LogOutputStream:75 - [STDERR_REDIRECT] [Fatal Error] :1:1: Premature end of file.
2026-03-27 16:57:01,880 [ERROR] LogOutputStream:75 - [STDERR_REDIRECT] 
2026-03-27 16:57:02,865 [ERROR] LogOutputStream:75 - [STDERR_REDIRECT] [Fatal Error] :1:1: Premature end of file.
2026-03-27 16:57:02,865 [ERROR] LogOutputStream:75 - [STDERR_REDIRECT] 
2026-03-27 16:57:03,886 [ERROR] LogOutputStream:75 - [STDERR_REDIRECT] [Fatal Error] :1:1: Premature end of file.
2026-03-27 16:57:03,886 [ERROR] LogOutputStream:75 - [STDERR_REDIRECT] 
2026-03-27 16:57:04,855 [ERROR] LogOutputStream:75 - [STDERR_REDIRECT] [Fatal Error] :1:1: Premature end of file.
2026-03-27 16:57:04,868 [ERROR] LogOutputStream:75 - [STDERR_REDIRECT] 
2026-03-27 16:57:05,874 [ERROR] LogOutputStream:75 - [STDERR_REDIRECT] [Fatal Error] :1:1: Premature end of file.
2026-03-27 16:57:05,874 [ERROR] LogOutputStream:75 - [STDERR_REDIRECT] 
2026-03-27 16:57:06,878 [ERROR] LogOutputStream:75 - [STDERR_REDIRECT] [Fatal Error] :1:1: Premature end of file.
2026-03-27 16:57:06,878 [ERROR] LogOutputStream:75 - [STDERR_REDIRECT] 
2026-03-27 16:57:07,882 [ERROR] LogOutputStream:75 - [STDERR_REDIRECT] [Fatal Error] :1:1: Premature end of file.
2026-03-27 16:57:07,882 [ERROR] LogOutputStream:75 - [STDERR_REDIRECT] 
2026-03-27 16:57:08,861 [ERROR] LogOutputStream:75 - [STDERR_REDIRECT] [Fatal Error] :1:1: Premature end of file.
2026-03-27 16:57:08,861 [ERROR] LogOutputStream:75 - [STDERR_REDIRECT] 
2026-03-27 16:57:09,859 [ERROR] LogOutputStream:75 - [STDERR_REDIRECT] [Fatal Error] :1:1: Premature end of file.
2026-03-27 16:57:09,872 [ERROR] LogOutputStream:75 - [STDERR_REDIRECT] 
2026-03-27 16:57:10,881 [ERROR] LogOutputStream:75 - [STDERR_REDIRECT] [Fatal Error] :1:1: Premature end of file.
2026-03-27 16:57:10,881 [ERROR] LogOutputStream:75 - [STDERR_REDIRECT] 
2026-03-27 16:57:11,874 [ERROR] LogOutputStream:75 - [STDERR_REDIRECT] [Fatal Error] :1:1: Premature end of file.
2026-03-27 16:57:11,874 [ERROR] LogOutputStream:75 - [STDERR_REDIRECT] 
2026-03-27 16:57:12,866 [ERROR] LogOutputStream:75 - [STDERR_REDIRECT] [Fatal Error] :1:1: Premature end of file.
2026-03-27 16:57:12,866 [ERROR] LogOutputStream:75 - [STDERR_REDIRECT] 
2026-03-27 16:57:13,858 [ERROR] LogOutputStream:75 - [STDERR_REDIRECT] [Fatal Error] :1:1: Premature end of file.
2026-03-27 16:57:13,873 [ERROR] LogOutputStream:75 - [STDERR_REDIRECT] 
2026-03-27 16:57:14,873 [ERROR] LogOutputStream:75 - [STDERR_REDIRECT] [Fatal Error] :1:1: Premature end of file.
2026-03-27 16:57:14,873 [ERROR] LogOutputStream:75 - [STDERR_REDIRECT] 
2026-03-27 16:57:15,866 [ERROR] LogOutputStream:75 - [STDERR_REDIRECT] [Fatal Error] :1:1: Premature end of file.
2026-03-27 16:57:15,866 [ERROR] LogOutputStream:75 - [STDERR_REDIRECT] 
2026-03-27 16:57:16,872 [ERROR] LogOutputStream:75 - [STDERR_REDIRECT] [Fatal Error] :1:1: Premature end of file.
2026-03-27 16:57:16,872 [ERROR] LogOutputStream:75 - [STDERR_REDIRECT] 
2026-03-27 16:57:17,864 [ERROR] LogOutputStream:75 - [STDERR_REDIRECT] [Fatal Error] :1:1: Premature end of file.
2026-03-27 16:57:17,864 [ERROR] LogOutputStream:75 - [STDERR_REDIRECT] 
2026-03-27 16:57:18,872 [ERROR] LogOutputStream:75 - [STDERR_REDIRECT] [Fatal Error] :1:1: Premature end of file.
2026-03-27 16:57:18,872 [ERROR] LogOutputStream:75 - [STDERR_REDIRECT] 
2026-03-27 16:57:19,865 [ERROR] LogOutputStream:75 - [STDERR_REDIRECT] [Fatal Error] :1:1: Premature end of file.
2026-03-27 16:57:19,881 [ERROR] LogOutputStream:75 - [STDERR_REDIRECT] 
2026-03-27 16:57:20,871 [ERROR] LogOutputStream:75 - [STDERR_REDIRECT] [Fatal Error] :1:1: Premature end of file.
2026-03-27 16:57:20,871 [ERROR] LogOutputStream:75 - [STDERR_REDIRECT] 
2026-03-27 16:57:21,874 [ERROR] LogOutputStream:75 - [STDERR_REDIRECT] [Fatal Error] :1:1: Premature end of file.
2026-03-27 16:57:21,876 [ERROR] LogOutputStream:75 - [STDERR_REDIRECT] 
2026-03-27 16:57:22,877 [ERROR] LogOutputStream:75 - [STDERR_REDIRECT] [Fatal Error] :1:1: Premature end of file.
2026-03-27 16:57:22,877 [ERROR] LogOutputStream:75 - [STDERR_REDIRECT] 
2026-03-27 16:57:23,866 [ERROR] LogOutputStream:75 - [STDERR_REDIRECT] [Fatal Error] :1:1: Premature end of file.
2026-03-27 16:57:23,866 [ERROR] LogOutputStream:75 - [STDERR_REDIRECT] 
2026-03-27 16:57:24,871 [ERROR] LogOutputStream:75 - [STDERR_REDIRECT] [Fatal Error] :1:1: Premature end of file.
2026-03-27 16:57:24,871 [ERROR] LogOutputStream:75 - [STDERR_REDIRECT] 
2026-03-27 16:57:25,877 [ERROR] LogOutputStream:75 - [STDERR_REDIRECT] [Fatal Error] :1:1: Premature end of file.
2026-03-27 16:57:25,877 [ERROR] LogOutputStream:75 - [STDERR_REDIRECT] 
2026-03-27 16:57:26,878 [ERROR] LogOutputStream:75 - [STDERR_REDIRECT] [Fatal Error] :1:1: Premature end of file.
2026-03-27 16:57:26,878 [ERROR] LogOutputStream:75 - [STDERR_REDIRECT] 
2026-03-27 16:57:27,855 [ERROR] LogOutputStream:75 - [STDERR_REDIRECT] [Fatal Error] :1:1: Premature end of file.
2026-03-27 16:57:27,860 [ERROR] LogOutputStream:75 - [STDERR_REDIRECT] 
2026-03-27 16:57:28,860 [ERROR] LogOutputStream:75 - [STDERR_REDIRECT] [Fatal Error] :1:1: Premature end of file.
2026-03-27 16:57:28,877 [ERROR] LogOutputStream:75 - [STDERR_REDIRECT] 
2026-03-27 16:57:29,880 [ERROR] LogOutputStream:75 - [STDERR_REDIRECT] [Fatal Error] :1:1: Premature end of file.
2026-03-27 16:57:29,880 [ERROR] LogOutputStream:75 - [STDERR_REDIRECT] 
2026-03-27 16:57:30,870 [ERROR] LogOutputStream:75 - [STDERR_REDIRECT] [Fatal Error] :1:1: Premature end of file.
2026-03-27 16:57:30,870 [ERROR] LogOutputStream:75 - [STDERR_REDIRECT] 
2026-03-27 16:57:31,875 [ERROR] LogOutputStream:75 - [STDERR_REDIRECT] [Fatal Error] :1:1: Premature end of file.
2026-03-27 16:57:31,875 [ERROR] LogOutputStream:75 - [STDERR_REDIRECT] 
2026-03-27 16:57:32,875 [ERROR] LogOutputStream:75 - [STDERR_REDIRECT] [Fatal Error] :1:1: Premature end of file.
2026-03-27 16:57:32,878 [ERROR] LogOutputStream:75 - [STDERR_REDIRECT] 
2026-03-27 16:57:33,880 [ERROR] LogOutputStream:75 - [STDERR_REDIRECT] [Fatal Error] :1:1: Premature end of file.
2026-03-27 16:57:33,880 [ERROR] LogOutputStream:75 - [STDERR_REDIRECT] 
2026-03-27 16:57:34,869 [ERROR] LogOutputStream:75 - [STDERR_REDIRECT] [Fatal Error] :1:1: Premature end of file.
2026-03-27 16:57:34,869 [ERROR] LogOutputStream:75 - [STDERR_REDIRECT] 
2026-03-27 16:57:35,856 [ERROR] LogOutputStream:75 - [STDERR_REDIRECT] [Fatal Error] :1:1: Premature end of file.
2026-03-27 16:57:35,856 [ERROR] LogOutputStream:75 - [STDERR_REDIRECT] 
2026-03-27 16:57:36,878 [ERROR] LogOutputStream:75 - [STDERR_REDIRECT] [Fatal Error] :1:1: Premature end of file.
2026-03-27 16:57:36,878 [ERROR] LogOutputStream:75 - [STDERR_REDIRECT] 
2026-03-27 16:57:37,868 [ERROR] LogOutputStream:75 - [STDERR_REDIRECT] [Fatal Error] :1:1: Premature end of file.
2026-03-27 16:57:37,868 [ERROR] LogOutputStream:75 - [STDERR_REDIRECT] 
2026-03-27 16:57:38,881 [ERROR] LogOutputStream:75 - [STDERR_REDIRECT] [Fatal Error] :1:1: Premature end of file.
2026-03-27 16:57:38,881 [ERROR] LogOutputStream:75 - [STDERR_REDIRECT] 
2026-03-27 16:57:39,874 [ERROR] LogOutputStream:75 - [STDERR_REDIRECT] [Fatal Error] :1:1: Premature end of file.
2026-03-27 16:57:39,874 [ERROR] LogOutputStream:75 - [STDERR_REDIRECT] 
2026-03-27 16:57:40,880 [ERROR] LogOutputStream:75 - [STDERR_REDIRECT] [Fatal Error] :1:1: Premature end of file.
2026-03-27 16:57:40,880 [ERROR] LogOutputStream:75 - [STDERR_REDIRECT] 
2026-03-27 16:57:41,871 [ERROR] LogOutputStream:75 - [STDERR_REDIRECT] [Fatal Error] :1:1: Premature end of file.
2026-03-27 16:57:41,871 [ERROR] LogOutputStream:75 - [STDERR_REDIRECT] 
2026-03-27 16:57:42,858 [ERROR] LogOutputStream:75 - [STDERR_REDIRECT] [Fatal Error] :1:1: Premature end of file.
2026-03-27 16:57:42,858 [ERROR] LogOutputStream:75 - [STDERR_REDIRECT] 
2026-03-27 16:57:43,874 [ERROR] LogOutputStream:75 - [STDERR_REDIRECT] [Fatal Error] :1:1: Premature end of file.
2026-03-27 16:57:43,874 [ERROR] LogOutputStream:75 - [STDERR_REDIRECT] 
2026-03-27 16:57:44,884 [ERROR] LogOutputStream:75 - [STDERR_REDIRECT] [Fatal Error] :1:1: Premature end of file.
2026-03-27 16:57:44,884 [ERROR] LogOutputStream:75 - [STDERR_REDIRECT] 
2026-03-27 16:57:45,883 [ERROR] LogOutputStream:75 - [STDERR_REDIRECT] [Fatal Error] :1:1: Premature end of file.
2026-03-27 16:57:45,883 [ERROR] LogOutputStream:75 - [STDERR_REDIRECT] 
2026-03-27 16:57:46,881 [ERROR] LogOutputStream:75 - [STDERR_REDIRECT] [Fatal Error] :1:1: Premature end of file.
2026-03-27 16:57:46,881 [ERROR] LogOutputStream:75 - [STDERR_REDIRECT] 
2026-03-27 16:57:47,876 [ERROR] LogOutputStream:75 - [STDERR_REDIRECT] [Fatal Error] :1:1: Premature end of file.
2026-03-27 16:57:47,876 [ERROR] LogOutputStream:75 - [STDERR_REDIRECT] 
2026-03-27 16:57:48,853 [ERROR] LogOutputStream:75 - [STDERR_REDIRECT] [Fatal Error] :1:1: Premature end of file.
2026-03-27 16:57:48,853 [ERROR] LogOutputStream:75 - [STDERR_REDIRECT] 
2026-03-27 16:57:49,857 [ERROR] LogOutputStream:75 - [STDERR_REDIRECT] [Fatal Error] :1:1: Premature end of file.
2026-03-27 16:57:49,857 [ERROR] LogOutputStream:75 - [STDERR_REDIRECT] 
2026-03-27 16:57:50,888 [ERROR] LogOutputStream:75 - [STDERR_REDIRECT] [Fatal Error] :1:1: Premature end of file.
2026-03-27 16:57:50,888 [ERROR] LogOutputStream:75 - [STDERR_REDIRECT] 
2026-03-27 16:57:51,881 [ERROR] LogOutputStream:75 - [STDERR_REDIRECT] [Fatal Error] :1:1: Premature end of file.
2026-03-27 16:57:51,881 [ERROR] LogOutputStream:75 - [STDERR_REDIRECT] 
2026-03-27 16:57:52,872 [ERROR] LogOutputStream:75 - [STDERR_REDIRECT] [Fatal Error] :1:1: Premature end of file.
2026-03-27 16:57:52,872 [ERROR] LogOutputStream:75 - [STDERR_REDIRECT] 
2026-03-27 16:57:53,880 [ERROR] LogOutputStream:75 - [STDERR_REDIRECT] [Fatal Error] :1:1: Premature end of file.
2026-03-27 16:57:53,880 [ERROR] LogOutputStream:75 - [STDERR_REDIRECT] 
2026-03-27 16:57:54,878 [ERROR] LogOutputStream:75 - [STDERR_REDIRECT] [Fatal Error] :1:1: Premature end of file.
2026-03-27 16:57:54,878 [ERROR] LogOutputStream:75 - [STDERR_REDIRECT] 
2026-03-27 16:57:55,897 [ERROR] LogOutputStream:75 - [STDERR_REDIRECT] [Fatal Error] :1:1: Premature end of file.
2026-03-27 16:57:55,897 [ERROR] LogOutputStream:75 - [STDERR_REDIRECT] 
2026-03-27 16:57:56,873 [ERROR] LogOutputStream:75 - [STDERR_REDIRECT] [Fatal Error] :1:1: Premature end of file.
2026-03-27 16:57:56,873 [ERROR] LogOutputStream:75 - [STDERR_REDIRECT] 
2026-03-27 16:57:57,876 [ERROR] LogOutputStream:75 - [STDERR_REDIRECT] [Fatal Error] :1:1: Premature end of file.
2026-03-27 16:57:57,876 [ERROR] LogOutputStream:75 - [STDERR_REDIRECT] 
2026-03-27 16:57:58,878 [ERROR] LogOutputStream:75 - [STDERR_REDIRECT] [Fatal Error] :1:1: Premature end of file.
2026-03-27 16:57:58,878 [ERROR] LogOutputStream:75 - [STDERR_REDIRECT] 
2026-03-27 16:57:59,869 [ERROR] LogOutputStream:75 - [STDERR_REDIRECT] [Fatal Error] :1:1: Premature end of file.
2026-03-27 16:57:59,869 [ERROR] LogOutputStream:75 - [STDERR_REDIRECT] 
2026-03-27 16:58:00,874 [ERROR] LogOutputStream:75 - [STDERR_REDIRECT] [Fatal Error] :1:1: Premature end of file.
2026-03-27 16:58:00,874 [ERROR] LogOutputStream:75 - [STDERR_REDIRECT] 
2026-03-27 16:58:01,881 [ERROR] LogOutputStream:75 - [STDERR_REDIRECT] [Fatal Error] :1:1: Premature end of file.
2026-03-27 16:58:01,881 [ERROR] LogOutputStream:75 - [STDERR_REDIRECT] 
2026-03-27 16:58:02,875 [ERROR] LogOutputStream:75 - [STDERR_REDIRECT] [Fatal Error] :1:1: Premature end of file.
2026-03-27 16:58:02,875 [ERROR] LogOutputStream:75 - [STDERR_REDIRECT] 
2026-03-27 16:58:03,878 [ERROR] LogOutputStream:75 - [STDERR_REDIRECT] [Fatal Error] :1:1: Premature end of file.
2026-03-27 16:58:03,878 [ERROR] LogOutputStream:75 - [STDERR_REDIRECT] 
2026-03-27 16:58:04,881 [ERROR] LogOutputStream:75 - [STDERR_REDIRECT] [Fatal Error] :1:1: Premature end of file.
2026-03-27 16:58:04,885 [ERROR] LogOutputStream:75 - [STDERR_REDIRECT] 
2026-03-27 16:58:05,865 [ERROR] LogOutputStream:75 - [STDERR_REDIRECT] [Fatal Error] :1:1: Premature end of file.
2026-03-27 16:58:05,869 [ERROR] LogOutputStream:75 - [STDERR_REDIRECT] 
2026-03-27 16:58:06,864 [ERROR] LogOutputStream:75 - [STDERR_REDIRECT] [Fatal Error] :1:1: Premature end of file.
2026-03-27 16:58:06,872 [ERROR] LogOutputStream:75 - [STDERR_REDIRECT] 
2026-03-27 16:58:07,878 [ERROR] LogOutputStream:75 - [STDERR_REDIRECT] [Fatal Error] :1:1: Premature end of file.
2026-03-27 16:58:07,878 [ERROR] LogOutputStream:75 - [STDERR_REDIRECT] 
2026-03-27 16:58:08,873 [ERROR] LogOutputStream:75 - [STDERR_REDIRECT] [Fatal Error] :1:1: Premature end of file.
2026-03-27 16:58:08,873 [ERROR] LogOutputStream:75 - [STDERR_REDIRECT] 
2026-03-27 16:58:09,881 [ERROR] LogOutputStream:75 - [STDERR_REDIRECT] [Fatal Error] :1:1: Premature end of file.
2026-03-27 16:58:09,881 [ERROR] LogOutputStream:75 - [STDERR_REDIRECT] 
2026-03-27 16:58:10,881 [ERROR] LogOutputStream:75 - [STDERR_REDIRECT] [Fatal Error] :1:1: Premature end of file.
2026-03-27 16:58:10,881 [ERROR] LogOutputStream:75 - [STDERR_REDIRECT] 
2026-03-27 16:58:11,869 [ERROR] LogOutputStream:75 - [STDERR_REDIRECT] [Fatal Error] :1:1: Premature end of file.
2026-03-27 16:58:11,869 [ERROR] LogOutputStream:75 - [STDERR_REDIRECT] 
2026-03-27 16:58:12,876 [ERROR] LogOutputStream:75 - [STDERR_REDIRECT] [Fatal Error] :1:1: Premature end of file.
2026-03-27 16:58:12,876 [ERROR] LogOutputStream:75 - [STDERR_REDIRECT] 
2026-03-27 16:58:13,881 [ERROR] LogOutputStream:75 - [STDERR_REDIRECT] [Fatal Error] :1:1: Premature end of file.
2026-03-27 16:58:13,881 [ERROR] LogOutputStream:75 - [STDERR_REDIRECT] 
2026-03-27 16:58:14,868 [ERROR] LogOutputStream:75 - [STDERR_REDIRECT] [Fatal Error] :1:1: Premature end of file.
2026-03-27 16:58:14,868 [ERROR] LogOutputStream:75 - [STDERR_REDIRECT] 
2026-03-27 16:58:15,857 [ERROR] LogOutputStream:75 - [STDERR_REDIRECT] [Fatal Error] :1:1: Premature end of file.
2026-03-27 16:58:15,857 [ERROR] LogOutputStream:75 - [STDERR_REDIRECT] 
2026-03-27 16:58:16,878 [ERROR] LogOutputStream:75 - [STDERR_REDIRECT] [Fatal Error] :1:1: Premature end of file.
2026-03-27 16:58:16,878 [ERROR] LogOutputStream:75 - [STDERR_REDIRECT] 
2026-03-27 16:58:17,851 [ERROR] LogOutputStream:75 - [STDERR_REDIRECT] [Fatal Error] :1:1: Premature end of file.
2026-03-27 16:58:17,851 [ERROR] LogOutputStream:75 - [STDERR_REDIRECT] 
2026-03-27 16:58:18,871 [ERROR] LogOutputStream:75 - [STDERR_REDIRECT] [Fatal Error] :1:1: Premature end of file.
2026-03-27 16:58:18,871 [ERROR] LogOutputStream:75 - [STDERR_REDIRECT] 
2026-03-27 16:58:19,878 [ERROR] LogOutputStream:75 - [STDERR_REDIRECT] [Fatal Error] :1:1: Premature end of file.
2026-03-27 16:58:19,878 [ERROR] LogOutputStream:75 - [STDERR_REDIRECT] 
2026-03-27 16:58:20,883 [ERROR] LogOutputStream:75 - [STDERR_REDIRECT] [Fatal Error] :1:1: Premature end of file.
2026-03-27 16:58:20,883 [ERROR] LogOutputStream:75 - [STDERR_REDIRECT] 
2026-03-27 16:58:21,858 [ERROR] LogOutputStream:75 - [STDERR_REDIRECT] [Fatal Error] :1:1: Premature end of file.
2026-03-27 16:58:21,858 [ERROR] LogOutputStream:75 - [STDERR_REDIRECT] 
2026-03-27 16:58:22,865 [ERROR] LogOutputStream:75 - [STDERR_REDIRECT] [Fatal Error] :1:1: Premature end of file.
2026-03-27 16:58:22,865 [ERROR] LogOutputStream:75 - [STDERR_REDIRECT] 
2026-03-27 16:58:23,855 [ERROR] LogOutputStream:75 - [STDERR_REDIRECT] [Fatal Error] :1:1: Premature end of file.
2026-03-27 16:58:23,855 [ERROR] LogOutputStream:75 - [STDERR_REDIRECT] 
2026-03-27 16:58:24,867 [ERROR] LogOutputStream:75 - [STDERR_REDIRECT] [Fatal Error] :1:1: Premature end of file.
2026-03-27 16:58:24,867 [ERROR] LogOutputStream:75 - [STDERR_REDIRECT] 
2026-03-27 16:58:25,873 [ERROR] LogOutputStream:75 - [STDERR_REDIRECT] [Fatal Error] :1:1: Premature end of file.
2026-03-27 16:58:25,873 [ERROR] LogOutputStream:75 - [STDERR_REDIRECT] 
2026-03-27 16:58:26,868 [ERROR] LogOutputStream:75 - [STDERR_REDIRECT] [Fatal Error] :1:1: Premature end of file.
2026-03-27 16:58:26,868 [ERROR] LogOutputStream:75 - [STDERR_REDIRECT] 
2026-03-27 16:58:27,875 [ERROR] LogOutputStream:75 - [STDERR_REDIRECT] [Fatal Error] :1:1: Premature end of file.
2026-03-27 16:58:27,875 [ERROR] LogOutputStream:75 - [STDERR_REDIRECT] 
2026-03-27 16:58:28,883 [ERROR] LogOutputStream:75 - [STDERR_REDIRECT] [Fatal Error] :1:1: Premature end of file.
2026-03-27 16:58:28,883 [ERROR] LogOutputStream:75 - [STDERR_REDIRECT] 
2026-03-27 16:58:29,870 [ERROR] LogOutputStream:75 - [STDERR_REDIRECT] [Fatal Error] :1:1: Premature end of file.
2026-03-27 16:58:29,870 [ERROR] LogOutputStream:75 - [STDERR_REDIRECT] 
2026-03-27 16:58:30,869 [ERROR] LogOutputStream:75 - [STDERR_REDIRECT] [Fatal Error] :1:1: Premature end of file.
2026-03-27 16:58:30,878 [ERROR] LogOutputStream:75 - [STDERR_REDIRECT] 
2026-03-27 16:58:31,882 [ERROR] LogOutputStream:75 - [STDERR_REDIRECT] [Fatal Error] :1:1: Premature end of file.
2026-03-27 16:58:31,882 [ERROR] LogOutputStream:75 - [STDERR_REDIRECT] 
2026-03-27 16:58:32,881 [ERROR] LogOutputStream:75 - [STDERR_REDIRECT] [Fatal Error] :1:1: Premature end of file.
2026-03-27 16:58:32,881 [ERROR] LogOutputStream:75 - [STDERR_REDIRECT] 
2026-03-27 16:58:33,870 [ERROR] LogOutputStream:75 - [STDERR_REDIRECT] [Fatal Error] :1:1: Premature end of file.
2026-03-27 16:58:33,870 [ERROR] LogOutputStream:75 - [STDERR_REDIRECT] 
2026-03-27 16:58:34,873 [ERROR] LogOutputStream:75 - [STDERR_REDIRECT] [Fatal Error] :1:1: Premature end of file.
2026-03-27 16:58:34,873 [ERROR] LogOutputStream:75 - [STDERR_REDIRECT] 
2026-03-27 16:58:35,877 [ERROR] LogOutputStream:75 - [STDERR_REDIRECT] [Fatal Error] :1:1: Premature end of file.
2026-03-27 16:58:35,883 [ERROR] LogOutputStream:75 - [STDERR_REDIRECT] 
2026-03-27 16:58:36,887 [ERROR] LogOutputStream:75 - [STDERR_REDIRECT] [Fatal Error] :1:1: Premature end of file.
2026-03-27 16:58:36,887 [ERROR] LogOutputStream:75 - [STDERR_REDIRECT] 
2026-03-27 16:58:37,871 [ERROR] LogOutputStream:75 - [STDERR_REDIRECT] [Fatal Error] :1:1: Premature end of file.
2026-03-27 16:58:37,871 [ERROR] LogOutputStream:75 - [STDERR_REDIRECT] 
2026-03-27 16:58:38,876 [ERROR] LogOutputStream:75 - [STDERR_REDIRECT] [Fatal Error] :1:1: Premature end of file.
2026-03-27 16:58:38,876 [ERROR] LogOutputStream:75 - [STDERR_REDIRECT] 
2026-03-27 16:58:39,871 [ERROR] LogOutputStream:75 - [STDERR_REDIRECT] [Fatal Error] :1:1: Premature end of file.
2026-03-27 16:58:39,871 [ERROR] LogOutputStream:75 - [STDERR_REDIRECT] 
2026-03-27 16:58:40,881 [ERROR] LogOutputStream:75 - [STDERR_REDIRECT] [Fatal Error] :1:1: Premature end of file.
2026-03-27 16:58:40,881 [ERROR] LogOutputStream:75 - [STDERR_REDIRECT] 
2026-03-27 16:58:41,883 [ERROR] LogOutputStream:75 - [STDERR_REDIRECT] [Fatal Error] :1:1: Premature end of file.
2026-03-27 16:58:41,883 [ERROR] LogOutputStream:75 - [STDERR_REDIRECT] 
2026-03-27 16:58:42,871 [ERROR] LogOutputStream:75 - [STDERR_REDIRECT] [Fatal Error] :1:1: Premature end of file.
2026-03-27 16:58:42,871 [ERROR] LogOutputStream:75 - [STDERR_REDIRECT] 
2026-03-27 16:58:43,874 [ERROR] LogOutputStream:75 - [STDERR_REDIRECT] [Fatal Error] :1:1: Premature end of file.
2026-03-27 16:58:43,874 [ERROR] LogOutputStream:75 - [STDERR_REDIRECT] 
2026-03-27 16:58:44,880 [ERROR] LogOutputStream:75 - [STDERR_REDIRECT] [Fatal Error] :1:1: Premature end of file.
2026-03-27 16:58:44,880 [ERROR] LogOutputStream:75 - [STDERR_REDIRECT] 
2026-03-27 16:58:45,868 [ERROR] LogOutputStream:75 - [STDERR_REDIRECT] [Fatal Error] :1:1: Premature end of file.
2026-03-27 16:58:45,871 [ERROR] LogOutputStream:75 - [STDERR_REDIRECT] 
2026-03-27 16:58:46,875 [ERROR] LogOutputStream:75 - [STDERR_REDIRECT] [Fatal Error] :1:1: Premature end of file.
2026-03-27 16:58:46,875 [ERROR] LogOutputStream:75 - [STDERR_REDIRECT] 
2026-03-27 16:58:47,881 [ERROR] LogOutputStream:75 - [STDERR_REDIRECT] [Fatal Error] :1:1: Premature end of file.
2026-03-27 16:58:47,881 [ERROR] LogOutputStream:75 - [STDERR_REDIRECT] 
2026-03-27 16:58:48,867 [ERROR] LogOutputStream:75 - [STDERR_REDIRECT] [Fatal Error] :1:1: Premature end of file.
2026-03-27 16:58:48,867 [ERROR] LogOutputStream:75 - [STDERR_REDIRECT] 
2026-03-27 16:58:49,883 [ERROR] LogOutputStream:75 - [STDERR_REDIRECT] [Fatal Error] :1:1: Premature end of file.
2026-03-27 16:58:49,883 [ERROR] LogOutputStream:75 - [STDERR_REDIRECT] 
2026-03-27 16:58:50,880 [ERROR] LogOutputStream:75 - [STDERR_REDIRECT] [Fatal Error] :1:1: Premature end of file.
2026-03-27 16:58:50,880 [ERROR] LogOutputStream:75 - [STDERR_REDIRECT] 
2026-03-27 16:58:51,886 [ERROR] LogOutputStream:75 - [STDERR_REDIRECT] [Fatal Error] :1:1: Premature end of file.
2026-03-27 16:58:51,886 [ERROR] LogOutputStream:75 - [STDERR_REDIRECT] 
2026-03-27 16:58:52,884 [ERROR] LogOutputStream:75 - [STDERR_REDIRECT] [Fatal Error] :1:1: Premature end of file.
2026-03-27 16:58:52,886 [ERROR] LogOutputStream:75 - [STDERR_REDIRECT] 
2026-03-27 16:58:53,882 [ERROR] LogOutputStream:75 - [STDERR_REDIRECT] [Fatal Error] :1:1: Premature end of file.
2026-03-27 16:58:53,882 [ERROR] LogOutputStream:75 - [STDERR_REDIRECT] 
2026-03-27 16:58:54,872 [ERROR] LogOutputStream:75 - [STDERR_REDIRECT] [Fatal Error] :1:1: Premature end of file.
2026-03-27 16:58:54,872 [ERROR] LogOutputStream:75 - [STDERR_REDIRECT] 
2026-03-27 16:58:55,876 [ERROR] LogOutputStream:75 - [STDERR_REDIRECT] [Fatal Error] :1:1: Premature end of file.
2026-03-27 16:58:55,876 [ERROR] LogOutputStream:75 - [STDERR_REDIRECT] 
2026-03-27 16:58:56,865 [ERROR] LogOutputStream:75 - [STDERR_REDIRECT] [Fatal Error] :1:1: Premature end of file.
2026-03-27 16:58:56,865 [ERROR] LogOutputStream:75 - [STDERR_REDIRECT] 
2026-03-27 16:58:57,868 [ERROR] LogOutputStream:75 - [STDERR_REDIRECT] [Fatal Error] :1:1: Premature end of file.
2026-03-27 16:58:57,873 [ERROR] LogOutputStream:75 - [STDERR_REDIRECT] 
2026-03-27 16:58:58,875 [ERROR] LogOutputStream:75 - [STDERR_REDIRECT] [Fatal Error] :1:1: Premature end of file.
2026-03-27 16:58:58,877 [ERROR] LogOutputStream:75 - [STDERR_REDIRECT] 
2026-03-27 16:58:59,880 [ERROR] LogOutputStream:75 - [STDERR_REDIRECT] [Fatal Error] :1:1: Premature end of file.
2026-03-27 16:58:59,880 [ERROR] LogOutputStream:75 - [STDERR_REDIRECT] 
2026-03-27 16:59:00,885 [ERROR] LogOutputStream:75 - [STDERR_REDIRECT] [Fatal Error] :1:1: Premature end of file.
2026-03-27 16:59:00,885 [ERROR] LogOutputStream:75 - [STDERR_REDIRECT] 
2026-03-27 16:59:01,874 [ERROR] LogOutputStream:75 - [STDERR_REDIRECT] [Fatal Error] :1:1: Premature end of file.
2026-03-27 16:59:01,874 [ERROR] LogOutputStream:75 - [STDERR_REDIRECT] 
2026-03-27 16:59:02,864 [ERROR] LogOutputStream:75 - [STDERR_REDIRECT] [Fatal Error] :1:1: Premature end of file.
2026-03-27 16:59:02,864 [ERROR] LogOutputStream:75 - [STDERR_REDIRECT] 
2026-03-27 16:59:03,870 [ERROR] LogOutputStream:75 - [STDERR_REDIRECT] [Fatal Error] :1:1: Premature end of file.
2026-03-27 16:59:03,870 [ERROR] LogOutputStream:75 - [STDERR_REDIRECT] 
2026-03-27 16:59:04,876 [ERROR] LogOutputStream:75 - [STDERR_REDIRECT] [Fatal Error] :1:1: Premature end of file.
2026-03-27 16:59:04,876 [ERROR] LogOutputStream:75 - [STDERR_REDIRECT] 
2026-03-27 16:59:05,878 [ERROR] LogOutputStream:75 - [STDERR_REDIRECT] [Fatal Error] :1:1: Premature end of file.
2026-03-27 16:59:05,878 [ERROR] LogOutputStream:75 - [STDERR_REDIRECT] 
2026-03-27 16:59:06,882 [ERROR] LogOutputStream:75 - [STDERR_REDIRECT] [Fatal Error] :1:1: Premature end of file.
2026-03-27 16:59:06,882 [ERROR] LogOutputStream:75 - [STDERR_REDIRECT] 
2026-03-27 16:59:07,856 [ERROR] LogOutputStream:75 - [STDERR_REDIRECT] [Fatal Error] :1:1: Premature end of file.
2026-03-27 16:59:07,856 [ERROR] LogOutputStream:75 - [STDERR_REDIRECT] 
2026-03-27 16:59:08,880 [ERROR] LogOutputStream:75 - [STDERR_REDIRECT] [Fatal Error] :1:1: Premature end of file.
2026-03-27 16:59:08,880 [ERROR] LogOutputStream:75 - [STDERR_REDIRECT] 
2026-03-27 16:59:09,876 [ERROR] LogOutputStream:75 - [STDERR_REDIRECT] [Fatal Error] :1:1: Premature end of file.
2026-03-27 16:59:09,876 [ERROR] LogOutputStream:75 - [STDERR_REDIRECT] 
2026-03-27 16:59:10,873 [ERROR] LogOutputStream:75 - [STDERR_REDIRECT] [Fatal Error] :1:1: Premature end of file.
2026-03-27 16:59:10,873 [ERROR] LogOutputStream:75 - [STDERR_REDIRECT] 
2026-03-27 16:59:11,878 [ERROR] LogOutputStream:75 - [STDERR_REDIRECT] [Fatal Error] :1:1: Premature end of file.
2026-03-27 16:59:11,878 [ERROR] LogOutputStream:75 - [STDERR_REDIRECT] 
2026-03-27 16:59:12,890 [ERROR] LogOutputStream:75 - [STDERR_REDIRECT] [Fatal Error] :1:1: Premature end of file.
2026-03-27 16:59:12,890 [ERROR] LogOutputStream:75 - [STDERR_REDIRECT] 
2026-03-27 16:59:13,863 [ERROR] LogOutputStream:75 - [STDERR_REDIRECT] [Fatal Error] :1:1: Premature end of file.
2026-03-27 16:59:13,863 [ERROR] LogOutputStream:75 - [STDERR_REDIRECT] 
2026-03-27 16:59:14,880 [ERROR] LogOutputStream:75 - [STDERR_REDIRECT] [Fatal Error] :1:1: Premature end of file.
2026-03-27 16:59:14,880 [ERROR] LogOutputStream:75 - [STDERR_REDIRECT] 
2026-03-27 16:59:15,862 [ERROR] LogOutputStream:75 - [STDERR_REDIRECT] [Fatal Error] :1:1: Premature end of file.
2026-03-27 16:59:15,869 [ERROR] LogOutputStream:75 - [STDERR_REDIRECT] 
2026-03-27 16:59:16,864 [ERROR] LogOutputStream:75 - [STDERR_REDIRECT] [Fatal Error] :1:1: Premature end of file.
2026-03-27 16:59:16,864 [ERROR] LogOutputStream:75 - [STDERR_REDIRECT] 
2026-03-27 16:59:17,863 [ERROR] LogOutputStream:75 - [STDERR_REDIRECT] [Fatal Error] :1:1: Premature end of file.
2026-03-27 16:59:17,863 [ERROR] LogOutputStream:75 - [STDERR_REDIRECT] 
2026-03-27 16:59:18,886 [ERROR] LogOutputStream:75 - [STDERR_REDIRECT] [Fatal Error] :1:1: Premature end of file.
2026-03-27 16:59:18,886 [ERROR] LogOutputStream:75 - [STDERR_REDIRECT] 
2026-03-27 16:59:19,857 [ERROR] LogOutputStream:75 - [STDERR_REDIRECT] [Fatal Error] :1:1: Premature end of file.
2026-03-27 16:59:19,857 [ERROR] LogOutputStream:75 - [STDERR_REDIRECT] 
2026-03-27 16:59:20,876 [ERROR] LogOutputStream:75 - [STDERR_REDIRECT] [Fatal Error] :1:1: Premature end of file.
2026-03-27 16:59:20,876 [ERROR] LogOutputStream:75 - [STDERR_REDIRECT] 
2026-03-27 16:59:21,872 [ERROR] LogOutputStream:75 - [STDERR_REDIRECT] [Fatal Error] :1:1: Premature end of file.
2026-03-27 16:59:21,872 [ERROR] LogOutputStream:75 - [STDERR_REDIRECT] 
2026-03-27 16:59:22,867 [ERROR] LogOutputStream:75 - [STDERR_REDIRECT] [Fatal Error] :1:1: Premature end of file.
2026-03-27 16:59:22,867 [ERROR] LogOutputStream:75 - [STDERR_REDIRECT] 
2026-03-27 16:59:23,855 [ERROR] LogOutputStream:75 - [STDERR_REDIRECT] [Fatal Error] :1:1: Premature end of file.
2026-03-27 16:59:23,855 [ERROR] LogOutputStream:75 - [STDERR_REDIRECT] 
2026-03-27 16:59:24,860 [ERROR] LogOutputStream:75 - [STDERR_REDIRECT] [Fatal Error] :1:1: Premature end of file.
2026-03-27 16:59:24,860 [ERROR] LogOutputStream:75 - [STDERR_REDIRECT] 
2026-03-27 16:59:25,876 [ERROR] LogOutputStream:75 - [STDERR_REDIRECT] [Fatal Error] :1:1: Premature end of file.
2026-03-27 16:59:25,876 [ERROR] LogOutputStream:75 - [STDERR_REDIRECT] 
2026-03-27 16:59:26,883 [ERROR] LogOutputStream:75 - [STDERR_REDIRECT] [Fatal Error] :1:1: Premature end of file.
2026-03-27 16:59:26,883 [ERROR] LogOutputStream:75 - [STDERR_REDIRECT] 
2026-03-27 16:59:27,858 [ERROR] LogOutputStream:75 - [STDERR_REDIRECT] [Fatal Error] :1:1: Premature end of file.
2026-03-27 16:59:27,858 [ERROR] LogOutputStream:75 - [STDERR_REDIRECT] 
2026-03-27 16:59:28,863 [ERROR] LogOutputStream:75 - [STDERR_REDIRECT] [Fatal Error] :1:1: Premature end of file.
2026-03-27 16:59:28,863 [ERROR] LogOutputStream:75 - [STDERR_REDIRECT] 
2026-03-27 16:59:29,861 [ERROR] LogOutputStream:75 - [STDERR_REDIRECT] [Fatal Error] :1:1: Premature end of file.
2026-03-27 16:59:29,861 [ERROR] LogOutputStream:75 - [STDERR_REDIRECT] 
2026-03-27 16:59:30,857 [ERROR] LogOutputStream:75 - [STDERR_REDIRECT] [Fatal Error] :1:1: Premature end of file.
2026-03-27 16:59:30,857 [ERROR] LogOutputStream:75 - [STDERR_REDIRECT] 
2026-03-27 16:59:31,866 [ERROR] LogOutputStream:75 - [STDERR_REDIRECT] [Fatal Error] :1:1: Premature end of file.
2026-03-27 16:59:31,866 [ERROR] LogOutputStream:75 - [STDERR_REDIRECT] 
2026-03-27 16:59:32,852 [ERROR] LogOutputStream:75 - [STDERR_REDIRECT] [Fatal Error] :1:1: Premature end of file.
2026-03-27 16:59:32,852 [ERROR] LogOutputStream:75 - [STDERR_REDIRECT] 
2026-03-27 16:59:33,871 [ERROR] LogOutputStream:75 - [STDERR_REDIRECT] [Fatal Error] :1:1: Premature end of file.
2026-03-27 16:59:33,871 [ERROR] LogOutputStream:75 - [STDERR_REDIRECT] 
2026-03-27 16:59:34,874 [ERROR] LogOutputStream:75 - [STDERR_REDIRECT] [Fatal Error] :1:1: Premature end of file.
2026-03-27 16:59:34,882 [ERROR] LogOutputStream:75 - [STDERR_REDIRECT] 
2026-03-27 16:59:35,876 [ERROR] LogOutputStream:75 - [STDERR_REDIRECT] [Fatal Error] :1:1: Premature end of file.
2026-03-27 16:59:35,876 [ERROR] LogOutputStream:75 - [STDERR_REDIRECT] 
2026-03-27 16:59:36,864 [ERROR] LogOutputStream:75 - [STDERR_REDIRECT] [Fatal Error] :1:1: Premature end of file.
2026-03-27 16:59:36,864 [ERROR] LogOutputStream:75 - [STDERR_REDIRECT] 
2026-03-27 16:59:37,871 [ERROR] LogOutputStream:75 - [STDERR_REDIRECT] [Fatal Error] :1:1: Premature end of file.
2026-03-27 16:59:37,871 [ERROR] LogOutputStream:75 - [STDERR_REDIRECT] 
2026-03-27 16:59:38,877 [ERROR] LogOutputStream:75 - [STDERR_REDIRECT] [Fatal Error] :1:1: Premature end of file.
2026-03-27 16:59:38,877 [ERROR] LogOutputStream:75 - [STDERR_REDIRECT] 
2026-03-27 16:59:39,876 [ERROR] LogOutputStream:75 - [STDERR_REDIRECT] [Fatal Error] :1:1: Premature end of file.
2026-03-27 16:59:39,876 [ERROR] LogOutputStream:75 - [STDERR_REDIRECT] 
2026-03-27 16:59:40,872 [ERROR] LogOutputStream:75 - [STDERR_REDIRECT] [Fatal Error] :1:1: Premature end of file.
2026-03-27 16:59:40,872 [ERROR] LogOutputStream:75 - [STDERR_REDIRECT] 
2026-03-27 16:59:41,878 [ERROR] LogOutputStream:75 - [STDERR_REDIRECT] [Fatal Error] :1:1: Premature end of file.
2026-03-27 16:59:41,881 [ERROR] LogOutputStream:75 - [STDERR_REDIRECT] 
2026-03-27 16:59:42,884 [ERROR] LogOutputStream:75 - [STDERR_REDIRECT] [Fatal Error] :1:1: Premature end of file.
2026-03-27 16:59:42,884 [ERROR] LogOutputStream:75 - [STDERR_REDIRECT] 
2026-03-27 16:59:43,872 [ERROR] LogOutputStream:75 - [STDERR_REDIRECT] [Fatal Error] :1:1: Premature end of file.
2026-03-27 16:59:43,872 [ERROR] LogOutputStream:75 - [STDERR_REDIRECT] 
2026-03-27 16:59:44,881 [ERROR] LogOutputStream:75 - [STDERR_REDIRECT] [Fatal Error] :1:1: Premature end of file.
2026-03-27 16:59:44,881 [ERROR] LogOutputStream:75 - [STDERR_REDIRECT] 
2026-03-27 16:59:45,881 [ERROR] LogOutputStream:75 - [STDERR_REDIRECT] [Fatal Error] :1:1: Premature end of file.
2026-03-27 16:59:45,881 [ERROR] LogOutputStream:75 - [STDERR_REDIRECT] 
2026-03-27 16:59:46,870 [ERROR] LogOutputStream:75 - [STDERR_REDIRECT] [Fatal Error] :1:1: Premature end of file.
2026-03-27 16:59:46,870 [ERROR] LogOutputStream:75 - [STDERR_REDIRECT] 
2026-03-27 16:59:47,877 [ERROR] LogOutputStream:75 - [STDERR_REDIRECT] [Fatal Error] :1:1: Premature end of file.
2026-03-27 16:59:47,877 [ERROR] LogOutputStream:75 - [STDERR_REDIRECT] 
2026-03-27 16:59:48,883 [ERROR] LogOutputStream:75 - [STDERR_REDIRECT] [Fatal Error] :1:1: Premature end of file.
2026-03-27 16:59:48,883 [ERROR] LogOutputStream:75 - [STDERR_REDIRECT] 
2026-03-27 16:59:49,859 [ERROR] LogOutputStream:75 - [STDERR_REDIRECT] [Fatal Error] :1:1: Premature end of file.
2026-03-27 16:59:49,859 [ERROR] LogOutputStream:75 - [STDERR_REDIRECT] 
2026-03-27 16:59:50,876 [ERROR] LogOutputStream:75 - [STDERR_REDIRECT] [Fatal Error] :1:1: Premature end of file.
2026-03-27 16:59:50,876 [ERROR] LogOutputStream:75 - [STDERR_REDIRECT] 
2026-03-27 16:59:51,878 [ERROR] LogOutputStream:75 - [STDERR_REDIRECT] [Fatal Error] :1:1: Premature end of file.
2026-03-27 16:59:51,892 [ERROR] LogOutputStream:75 - [STDERR_REDIRECT] 
2026-03-27 16:59:52,883 [ERROR] LogOutputStream:75 - [STDERR_REDIRECT] [Fatal Error] :1:1: Premature end of file.
2026-03-27 16:59:52,883 [ERROR] LogOutputStream:75 - [STDERR_REDIRECT] 
2026-03-27 16:59:53,873 [ERROR] LogOutputStream:75 - [STDERR_REDIRECT] [Fatal Error] :1:1: Premature end of file.
2026-03-27 16:59:53,875 [ERROR] LogOutputStream:75 - [STDERR_REDIRECT] 
2026-03-27 16:59:54,860 [ERROR] LogOutputStream:75 - [STDERR_REDIRECT] [Fatal Error] :1:1: Premature end of file.
2026-03-27 16:59:54,860 [ERROR] LogOutputStream:75 - [STDERR_REDIRECT] 
2026-03-27 16:59:55,882 [ERROR] LogOutputStream:75 - [STDERR_REDIRECT] [Fatal Error] :1:1: Premature end of file.
2026-03-27 16:59:55,882 [ERROR] LogOutputStream:75 - [STDERR_REDIRECT] 
2026-03-27 16:59:56,872 [ERROR] LogOutputStream:75 - [STDERR_REDIRECT] [Fatal Error] :1:1: Premature end of file.
2026-03-27 16:59:56,872 [ERROR] LogOutputStream:75 - [STDERR_REDIRECT] 
2026-03-27 16:59:57,876 [ERROR] LogOutputStream:75 - [STDERR_REDIRECT] [Fatal Error] :1:1: Premature end of file.
2026-03-27 16:59:57,876 [ERROR] LogOutputStream:75 - [STDERR_REDIRECT] 
2026-03-27 16:59:58,882 [ERROR] LogOutputStream:75 - [STDERR_REDIRECT] [Fatal Error] :1:1: Premature end of file.
2026-03-27 16:59:58,882 [ERROR] LogOutputStream:75 - [STDERR_REDIRECT] 
2026-03-27 16:59:59,872 [ERROR] LogOutputStream:75 - [STDERR_REDIRECT] [Fatal Error] :1:1: Premature end of file.
2026-03-27 16:59:59,872 [ERROR] LogOutputStream:75 - [STDERR_REDIRECT] 
2026-03-27 17:00:00,862 [ERROR] LogOutputStream:75 - [STDERR_REDIRECT] [Fatal Error] :1:1: Premature end of file.
2026-03-27 17:00:00,862 [ERROR] LogOutputStream:75 - [STDERR_REDIRECT] 
2026-03-27 17:00:01,883 [ERROR] LogOutputStream:75 - [STDERR_REDIRECT] [Fatal Error] :1:1: Premature end of file.
2026-03-27 17:00:01,883 [ERROR] LogOutputStream:75 - [STDERR_REDIRECT] 
2026-03-27 17:00:02,870 [ERROR] LogOutputStream:75 - [STDERR_REDIRECT] [Fatal Error] :1:1: Premature end of file.
2026-03-27 17:00:02,870 [ERROR] LogOutputStream:75 - [STDERR_REDIRECT] 
2026-03-27 17:00:03,873 [ERROR] LogOutputStream:75 - [STDERR_REDIRECT] [Fatal Error] :1:1: Premature end of file.
2026-03-27 17:00:03,873 [ERROR] LogOutputStream:75 - [STDERR_REDIRECT] 
2026-03-27 17:00:04,879 [ERROR] LogOutputStream:75 - [STDERR_REDIRECT] [Fatal Error] :1:1: Premature end of file.
2026-03-27 17:00:04,879 [ERROR] LogOutputStream:75 - [STDERR_REDIRECT] 
2026-03-27 17:00:05,883 [ERROR] LogOutputStream:75 - [STDERR_REDIRECT] [Fatal Error] :1:1: Premature end of file.
2026-03-27 17:00:05,883 [ERROR] LogOutputStream:75 - [STDERR_REDIRECT] 
2026-03-27 17:00:06,873 [ERROR] LogOutputStream:75 - [STDERR_REDIRECT] [Fatal Error] :1:1: Premature end of file.
2026-03-27 17:00:06,873 [ERROR] LogOutputStream:75 - [STDERR_REDIRECT] 
2026-03-27 17:00:07,878 [ERROR] LogOutputStream:75 - [STDERR_REDIRECT] [Fatal Error] :1:1: Premature end of file.
2026-03-27 17:00:07,882 [ERROR] LogOutputStream:75 - [STDERR_REDIRECT] 
2026-03-27 17:00:08,884 [ERROR] LogOutputStream:75 - [STDERR_REDIRECT] [Fatal Error] :1:1: Premature end of file.
2026-03-27 17:00:08,884 [ERROR] LogOutputStream:75 - [STDERR_REDIRECT] 
2026-03-27 17:00:09,873 [ERROR] LogOutputStream:75 - [STDERR_REDIRECT] [Fatal Error] :1:1: Premature end of file.
2026-03-27 17:00:09,873 [ERROR] LogOutputStream:75 - [STDERR_REDIRECT] 
2026-03-27 17:00:10,877 [ERROR] LogOutputStream:75 - [STDERR_REDIRECT] [Fatal Error] :1:1: Premature end of file.
2026-03-27 17:00:10,877 [ERROR] LogOutputStream:75 - [STDERR_REDIRECT] 
2026-03-27 17:00:11,880 [ERROR] LogOutputStream:75 - [STDERR_REDIRECT] [Fatal Error] :1:1: Premature end of file.
2026-03-27 17:00:11,880 [ERROR] LogOutputStream:75 - [STDERR_REDIRECT] 
2026-03-27 17:00:12,854 [ERROR] LogOutputStream:75 - [STDERR_REDIRECT] [Fatal Error] :1:1: Premature end of file.
2026-03-27 17:00:12,854 [ERROR] LogOutputStream:75 - [STDERR_REDIRECT] 
2026-03-27 17:00:13,860 [ERROR] LogOutputStream:75 - [STDERR_REDIRECT] [Fatal Error] :1:1: Premature end of file.
2026-03-27 17:00:13,876 [ERROR] LogOutputStream:75 - [STDERR_REDIRECT] 
2026-03-27 17:00:14,880 [ERROR] LogOutputStream:75 - [STDERR_REDIRECT] [Fatal Error] :1:1: Premature end of file.
2026-03-27 17:00:14,880 [ERROR] LogOutputStream:75 - [STDERR_REDIRECT] 
2026-03-27 17:00:15,872 [ERROR] LogOutputStream:75 - [STDERR_REDIRECT] [Fatal Error] :1:1: Premature end of file.
2026-03-27 17:00:15,872 [ERROR] LogOutputStream:75 - [STDERR_REDIRECT] 
2026-03-27 17:00:16,877 [ERROR] LogOutputStream:75 - [STDERR_REDIRECT] [Fatal Error] :1:1: Premature end of file.
2026-03-27 17:00:16,877 [ERROR] LogOutputStream:75 - [STDERR_REDIRECT] 
2026-03-27 17:00:17,864 [ERROR] LogOutputStream:75 - [STDERR_REDIRECT] [Fatal Error] :1:1: Premature end of file.
2026-03-27 17:00:17,864 [ERROR] LogOutputStream:75 - [STDERR_REDIRECT] 
2026-03-27 17:00:18,883 [ERROR] LogOutputStream:75 - [STDERR_REDIRECT] [Fatal Error] :1:1: Premature end of file.
2026-03-27 17:00:18,883 [ERROR] LogOutputStream:75 - [STDERR_REDIRECT] 
2026-03-27 17:00:19,871 [ERROR] LogOutputStream:75 - [STDERR_REDIRECT] [Fatal Error] :1:1: Premature end of file.
2026-03-27 17:00:19,871 [ERROR] LogOutputStream:75 - [STDERR_REDIRECT] 
2026-03-27 17:00:20,877 [ERROR] LogOutputStream:75 - [STDERR_REDIRECT] [Fatal Error] :1:1: Premature end of file.
2026-03-27 17:00:20,877 [ERROR] LogOutputStream:75 - [STDERR_REDIRECT] 
2026-03-27 17:00:21,881 [ERROR] LogOutputStream:75 - [STDERR_REDIRECT] [Fatal Error] :1:1: Premature end of file.
2026-03-27 17:00:21,881 [ERROR] LogOutputStream:75 - [STDERR_REDIRECT] 
2026-03-27 17:00:22,872 [ERROR] LogOutputStream:75 - [STDERR_REDIRECT] [Fatal Error] :1:1: Premature end of file.
2026-03-27 17:00:22,872 [ERROR] LogOutputStream:75 - [STDERR_REDIRECT] 
2026-03-27 17:00:23,875 [ERROR] LogOutputStream:75 - [STDERR_REDIRECT] [Fatal Error] :1:1: Premature end of file.
2026-03-27 17:00:23,875 [ERROR] LogOutputStream:75 - [STDERR_REDIRECT] 
2026-03-27 17:00:24,883 [ERROR] LogOutputStream:75 - [STDERR_REDIRECT] [Fatal Error] :1:1: Premature end of file.
2026-03-27 17:00:24,883 [ERROR] LogOutputStream:75 - [STDERR_REDIRECT] 
2026-03-27 17:00:25,882 [ERROR] LogOutputStream:75 - [STDERR_REDIRECT] [Fatal Error] :1:1: Premature end of file.
2026-03-27 17:00:25,882 [ERROR] LogOutputStream:75 - [STDERR_REDIRECT] 
2026-03-27 17:00:26,877 [ERROR] LogOutputStream:75 - [STDERR_REDIRECT] [Fatal Error] :1:1: Premature end of file.
2026-03-27 17:00:26,877 [ERROR] LogOutputStream:75 - [STDERR_REDIRECT] 
2026-03-27 17:00:27,877 [ERROR] LogOutputStream:75 - [STDERR_REDIRECT] [Fatal Error] :1:1: Premature end of file.
2026-03-27 17:00:27,877 [ERROR] LogOutputStream:75 - [STDERR_REDIRECT] 
2026-03-27 17:00:28,858 [ERROR] LogOutputStream:75 - [STDERR_REDIRECT] [Fatal Error] :1:1: Premature end of file.
2026-03-27 17:00:28,858 [ERROR] LogOutputStream:75 - [STDERR_REDIRECT] 
2026-03-27 17:00:29,879 [ERROR] LogOutputStream:75 - [STDERR_REDIRECT] [Fatal Error] :1:1: Premature end of file.
2026-03-27 17:00:29,879 [ERROR] LogOutputStream:75 - [STDERR_REDIRECT] 
2026-03-27 17:00:30,869 [ERROR] LogOutputStream:75 - [STDERR_REDIRECT] [Fatal Error] :1:1: Premature end of file.
2026-03-27 17:00:30,869 [ERROR] LogOutputStream:75 - [STDERR_REDIRECT] 
2026-03-27 17:00:31,867 [ERROR] LogOutputStream:75 - [STDERR_REDIRECT] [Fatal Error] :1:1: Premature end of file.
2026-03-27 17:00:31,867 [ERROR] LogOutputStream:75 - [STDERR_REDIRECT] 
2026-03-27 17:00:32,879 [ERROR] LogOutputStream:75 - [STDERR_REDIRECT] [Fatal Error] :1:1: Premature end of file.
2026-03-27 17:00:32,879 [ERROR] LogOutputStream:75 - [STDERR_REDIRECT] 
2026-03-27 17:00:33,868 [ERROR] LogOutputStream:75 - [STDERR_REDIRECT] [Fatal Error] :1:1: Premature end of file.
2026-03-27 17:00:33,868 [ERROR] LogOutputStream:75 - [STDERR_REDIRECT] 
2026-03-27 17:00:34,878 [ERROR] LogOutputStream:75 - [STDERR_REDIRECT] [Fatal Error] :1:1: Premature end of file.
2026-03-27 17:00:34,878 [ERROR] LogOutputStream:75 - [STDERR_REDIRECT] 
2026-03-27 17:00:35,861 [ERROR] LogOutputStream:75 - [STDERR_REDIRECT] [Fatal Error] :1:1: Premature end of file.
2026-03-27 17:00:35,861 [ERROR] LogOutputStream:75 - [STDERR_REDIRECT] 
2026-03-27 17:00:36,850 [ERROR] LogOutputStream:75 - [STDERR_REDIRECT] [Fatal Error] :1:1: Premature end of file.
2026-03-27 17:00:36,850 [ERROR] LogOutputStream:75 - [STDERR_REDIRECT] 
2026-03-27 17:00:37,869 [ERROR] LogOutputStream:75 - [STDERR_REDIRECT] [Fatal Error] :1:1: Premature end of file.
2026-03-27 17:00:37,869 [ERROR] LogOutputStream:75 - [STDERR_REDIRECT] 
2026-03-27 17:00:38,880 [ERROR] LogOutputStream:75 - [STDERR_REDIRECT] [Fatal Error] :1:1: Premature end of file.
2026-03-27 17:00:38,880 [ERROR] LogOutputStream:75 - [STDERR_REDIRECT] 
2026-03-27 17:00:39,882 [ERROR] LogOutputStream:75 - [STDERR_REDIRECT] [Fatal Error] :1:1: Premature end of file.
2026-03-27 17:00:39,882 [ERROR] LogOutputStream:75 - [STDERR_REDIRECT] 
2026-03-27 17:00:40,885 [ERROR] LogOutputStream:75 - [STDERR_REDIRECT] [Fatal Error] :1:1: Premature end of file.
2026-03-27 17:00:40,885 [ERROR] LogOutputStream:75 - [STDERR_REDIRECT] 
2026-03-27 17:00:41,871 [ERROR] LogOutputStream:75 - [STDERR_REDIRECT] [Fatal Error] :1:1: Premature end of file.
2026-03-27 17:00:41,871 [ERROR] LogOutputStream:75 - [STDERR_REDIRECT] 
2026-03-27 17:00:42,870 [ERROR] LogOutputStream:75 - [STDERR_REDIRECT] [Fatal Error] :1:1: Premature end of file.
2026-03-27 17:00:42,870 [ERROR] LogOutputStream:75 - [STDERR_REDIRECT] 
2026-03-27 17:00:43,879 [ERROR] LogOutputStream:75 - [STDERR_REDIRECT] [Fatal Error] :1:1: Premature end of file.
2026-03-27 17:00:43,879 [ERROR] LogOutputStream:75 - [STDERR_REDIRECT] 
2026-03-27 17:00:44,881 [ERROR] LogOutputStream:75 - [STDERR_REDIRECT] [Fatal Error] :1:1: Premature end of file.
2026-03-27 17:00:44,881 [ERROR] LogOutputStream:75 - [STDERR_REDIRECT] 
2026-03-27 17:00:45,870 [ERROR] LogOutputStream:75 - [STDERR_REDIRECT] [Fatal Error] :1:1: Premature end of file.
2026-03-27 17:00:45,870 [ERROR] LogOutputStream:75 - [STDERR_REDIRECT] 
2026-03-27 17:00:46,876 [ERROR] LogOutputStream:75 - [STDERR_REDIRECT] [Fatal Error] :1:1: Premature end of file.
2026-03-27 17:00:46,876 [ERROR] LogOutputStream:75 - [STDERR_REDIRECT] 
2026-03-27 17:00:47,889 [ERROR] LogOutputStream:75 - [STDERR_REDIRECT] [Fatal Error] :1:1: Premature end of file.
2026-03-27 17:00:47,889 [ERROR] LogOutputStream:75 - [STDERR_REDIRECT] 
2026-03-27 17:00:48,855 [ERROR] LogOutputStream:75 - [STDERR_REDIRECT] [Fatal Error] :1:1: Premature end of file.
2026-03-27 17:00:48,855 [ERROR] LogOutputStream:75 - [STDERR_REDIRECT] 
2026-03-27 17:00:49,882 [ERROR] LogOutputStream:75 - [STDERR_REDIRECT] [Fatal Error] :1:1: Premature end of file.
2026-03-27 17:00:49,882 [ERROR] LogOutputStream:75 - [STDERR_REDIRECT] 
2026-03-27 17:00:50,875 [ERROR] LogOutputStream:75 - [STDERR_REDIRECT] [Fatal Error] :1:1: Premature end of file.
2026-03-27 17:00:50,877 [ERROR] LogOutputStream:75 - [STDERR_REDIRECT] 
2026-03-27 17:00:51,888 [ERROR] LogOutputStream:75 - [STDERR_REDIRECT] [Fatal Error] :1:1: Premature end of file.
2026-03-27 17:00:51,888 [ERROR] LogOutputStream:75 - [STDERR_REDIRECT] 
2026-03-27 17:00:52,857 [ERROR] LogOutputStream:75 - [STDERR_REDIRECT] [Fatal Error] :1:1: Premature end of file.
2026-03-27 17:00:52,857 [ERROR] LogOutputStream:75 - [STDERR_REDIRECT] 
2026-03-27 17:00:53,874 [ERROR] LogOutputStream:75 - [STDERR_REDIRECT] [Fatal Error] :1:1: Premature end of file.
2026-03-27 17:00:53,874 [ERROR] LogOutputStream:75 - [STDERR_REDIRECT] 
2026-03-27 17:00:54,880 [ERROR] LogOutputStream:75 - [STDERR_REDIRECT] [Fatal Error] :1:1: Premature end of file.
2026-03-27 17:00:54,883 [ERROR] LogOutputStream:75 - [STDERR_REDIRECT] 
2026-03-27 17:00:55,881 [ERROR] LogOutputStream:75 - [STDERR_REDIRECT] [Fatal Error] :1:1: Premature end of file.
2026-03-27 17:00:55,884 [ERROR] LogOutputStream:75 - [STDERR_REDIRECT] 
2026-03-27 17:00:56,854 [ERROR] LogOutputStream:75 - [STDERR_REDIRECT] [Fatal Error] :1:1: Premature end of file.
2026-03-27 17:00:56,854 [ERROR] LogOutputStream:75 - [STDERR_REDIRECT] 
2026-03-27 17:00:57,873 [ERROR] LogOutputStream:75 - [STDERR_REDIRECT] [Fatal Error] :1:1: Premature end of file.
2026-03-27 17:00:57,873 [ERROR] LogOutputStream:75 - [STDERR_REDIRECT] 
2026-03-27 17:00:58,878 [ERROR] LogOutputStream:75 - [STDERR_REDIRECT] [Fatal Error] :1:1: Premature end of file.
2026-03-27 17:00:58,878 [ERROR] LogOutputStream:75 - [STDERR_REDIRECT] 
2026-03-27 17:00:59,884 [ERROR] LogOutputStream:75 - [STDERR_REDIRECT] [Fatal Error] :1:1: Premature end of file.
2026-03-27 17:00:59,884 [ERROR] LogOutputStream:75 - [STDERR_REDIRECT] 
2026-03-27 17:01:00,886 [ERROR] LogOutputStream:75 - [STDERR_REDIRECT] [Fatal Error] :1:1: Premature end of file.
2026-03-27 17:01:00,886 [ERROR] LogOutputStream:75 - [STDERR_REDIRECT] 
2026-03-27 17:01:01,881 [ERROR] LogOutputStream:75 - [STDERR_REDIRECT] [Fatal Error] :1:1: Premature end of file.
2026-03-27 17:01:01,881 [ERROR] LogOutputStream:75 - [STDERR_REDIRECT] 
2026-03-27 17:01:02,883 [ERROR] LogOutputStream:75 - [STDERR_REDIRECT] [Fatal Error] :1:1: Premature end of file.
2026-03-27 17:01:02,883 [ERROR] LogOutputStream:75 - [STDERR_REDIRECT] 
2026-03-27 17:01:03,858 [ERROR] LogOutputStream:75 - [STDERR_REDIRECT] [Fatal Error] :1:1: Premature end of file.
2026-03-27 17:01:03,858 [ERROR] LogOutputStream:75 - [STDERR_REDIRECT] 
2026-03-27 17:01:04,858 [ERROR] LogOutputStream:75 - [STDERR_REDIRECT] [Fatal Error] :1:1: Premature end of file.
2026-03-27 17:01:04,858 [ERROR] LogOutputStream:75 - [STDERR_REDIRECT] 
2026-03-27 17:01:05,862 [ERROR] LogOutputStream:75 - [STDERR_REDIRECT] [Fatal Error] :1:1: Premature end of file.
2026-03-27 17:01:05,862 [ERROR] LogOutputStream:75 - [STDERR_REDIRECT] 
2026-03-27 17:01:06,863 [ERROR] LogOutputStream:75 - [STDERR_REDIRECT] [Fatal Error] :1:1: Premature end of file.
2026-03-27 17:01:06,863 [ERROR] LogOutputStream:75 - [STDERR_REDIRECT] 
2026-03-27 17:01:07,884 [ERROR] LogOutputStream:75 - [STDERR_REDIRECT] [Fatal Error] :1:1: Premature end of file.
2026-03-27 17:01:07,884 [ERROR] LogOutputStream:75 - [STDERR_REDIRECT] 
2026-03-27 17:01:08,853 [ERROR] LogOutputStream:75 - [STDERR_REDIRECT] [Fatal Error] :1:1: Premature end of file.
2026-03-27 17:01:08,853 [ERROR] LogOutputStream:75 - [STDERR_REDIRECT] 
2026-03-27 17:01:09,856 [ERROR] LogOutputStream:75 - [STDERR_REDIRECT] [Fatal Error] :1:1: Premature end of file.
2026-03-27 17:01:09,856 [ERROR] LogOutputStream:75 - [STDERR_REDIRECT] 
2026-03-27 17:01:10,873 [ERROR] LogOutputStream:75 - [STDERR_REDIRECT] [Fatal Error] :1:1: Premature end of file.
2026-03-27 17:01:10,873 [ERROR] LogOutputStream:75 - [STDERR_REDIRECT] 
2026-03-27 17:01:11,879 [ERROR] LogOutputStream:75 - [STDERR_REDIRECT] [Fatal Error] :1:1: Premature end of file.
2026-03-27 17:01:11,879 [ERROR] LogOutputStream:75 - [STDERR_REDIRECT] 
2026-03-27 17:01:12,864 [ERROR] LogOutputStream:75 - [STDERR_REDIRECT] [Fatal Error] :1:1: Premature end of file.
2026-03-27 17:01:12,864 [ERROR] LogOutputStream:75 - [STDERR_REDIRECT] 
2026-03-27 17:01:13,852 [ERROR] LogOutputStream:75 - [STDERR_REDIRECT] [Fatal Error] :1:1: Premature end of file.
2026-03-27 17:01:13,852 [ERROR] LogOutputStream:75 - [STDERR_REDIRECT] 
2026-03-27 17:01:14,861 [ERROR] LogOutputStream:75 - [STDERR_REDIRECT] [Fatal Error] :1:1: Premature end of file.
2026-03-27 17:01:14,861 [ERROR] LogOutputStream:75 - [STDERR_REDIRECT] 
2026-03-27 17:01:15,875 [ERROR] LogOutputStream:75 - [STDERR_REDIRECT] [Fatal Error] :1:1: Premature end of file.
2026-03-27 17:01:15,875 [ERROR] LogOutputStream:75 - [STDERR_REDIRECT] 
2026-03-27 17:01:16,879 [ERROR] LogOutputStream:75 - [STDERR_REDIRECT] [Fatal Error] :1:1: Premature end of file.
2026-03-27 17:01:16,879 [ERROR] LogOutputStream:75 - [STDERR_REDIRECT] 
2026-03-27 17:01:17,851 [ERROR] LogOutputStream:75 - [STDERR_REDIRECT] [Fatal Error] :1:1: Premature end of file.
2026-03-27 17:01:17,851 [ERROR] LogOutputStream:75 - [STDERR_REDIRECT] 
2026-03-27 17:01:18,854 [ERROR] LogOutputStream:75 - [STDERR_REDIRECT] [Fatal Error] :1:1: Premature end of file.
2026-03-27 17:01:18,854 [ERROR] LogOutputStream:75 - [STDERR_REDIRECT] 
2026-03-27 17:01:19,863 [ERROR] LogOutputStream:75 - [STDERR_REDIRECT] [Fatal Error] :1:1: Premature end of file.
2026-03-27 17:01:19,863 [ERROR] LogOutputStream:75 - [STDERR_REDIRECT] 
2026-03-27 17:01:20,869 [ERROR] LogOutputStream:75 - [STDERR_REDIRECT] [Fatal Error] :1:1: Premature end of file.
2026-03-27 17:01:20,869 [ERROR] LogOutputStream:75 - [STDERR_REDIRECT] 
2026-03-27 17:01:21,879 [ERROR] LogOutputStream:75 - [STDERR_REDIRECT] [Fatal Error] :1:1: Premature end of file.
2026-03-27 17:01:21,879 [ERROR] LogOutputStream:75 - [STDERR_REDIRECT] 
2026-03-27 17:01:22,883 [ERROR] LogOutputStream:75 - [STDERR_REDIRECT] [Fatal Error] :1:1: Premature end of file.
2026-03-27 17:01:22,883 [ERROR] LogOutputStream:75 - [STDERR_REDIRECT] 
2026-03-27 17:01:23,860 [ERROR] LogOutputStream:75 - [STDERR_REDIRECT] [Fatal Error] :1:1: Premature end of file.
2026-03-27 17:01:23,860 [ERROR] LogOutputStream:75 - [STDERR_REDIRECT] 
2026-03-27 17:01:24,860 [ERROR] LogOutputStream:75 - [STDERR_REDIRECT] [Fatal Error] :1:1: Premature end of file.
2026-03-27 17:01:24,860 [ERROR] LogOutputStream:75 - [STDERR_REDIRECT] 
2026-03-27 17:01:25,879 [ERROR] LogOutputStream:75 - [STDERR_REDIRECT] [Fatal Error] :1:1: Premature end of file.
2026-03-27 17:01:25,879 [ERROR] LogOutputStream:75 - [STDERR_REDIRECT] 
2026-03-27 17:01:26,884 [ERROR] LogOutputStream:75 - [STDERR_REDIRECT] [Fatal Error] :1:1: Premature end of file.
2026-03-27 17:01:26,884 [ERROR] LogOutputStream:75 - [STDERR_REDIRECT] 
2026-03-27 17:01:27,853 [ERROR] LogOutputStream:75 - [STDERR_REDIRECT] [Fatal Error] :1:1: Premature end of file.
2026-03-27 17:01:27,853 [ERROR] LogOutputStream:75 - [STDERR_REDIRECT] 
2026-03-27 17:01:28,857 [ERROR] LogOutputStream:75 - [STDERR_REDIRECT] [Fatal Error] :1:1: Premature end of file.
2026-03-27 17:01:28,857 [ERROR] LogOutputStream:75 - [STDERR_REDIRECT] 
2026-03-27 17:01:29,867 [ERROR] LogOutputStream:75 - [STDERR_REDIRECT] [Fatal Error] :1:1: Premature end of file.
2026-03-27 17:01:29,867 [ERROR] LogOutputStream:75 - [STDERR_REDIRECT] 
2026-03-27 17:01:30,876 [ERROR] LogOutputStream:75 - [STDERR_REDIRECT] [Fatal Error] :1:1: Premature end of file.
2026-03-27 17:01:30,876 [ERROR] LogOutputStream:75 - [STDERR_REDIRECT] 
2026-03-27 17:01:31,864 [ERROR] LogOutputStream:75 - [STDERR_REDIRECT] [Fatal Error] :1:1: Premature end of file.
2026-03-27 17:01:31,864 [ERROR] LogOutputStream:75 - [STDERR_REDIRECT] 
2026-03-27 17:01:32,880 [ERROR] LogOutputStream:75 - [STDERR_REDIRECT] [Fatal Error] :1:1: Premature end of file.
2026-03-27 17:01:32,880 [ERROR] LogOutputStream:75 - [STDERR_REDIRECT] 
2026-03-27 17:01:33,868 [ERROR] LogOutputStream:75 - [STDERR_REDIRECT] [Fatal Error] :1:1: Premature end of file.
2026-03-27 17:01:33,877 [ERROR] LogOutputStream:75 - [STDERR_REDIRECT] 
2026-03-27 17:01:34,870 [ERROR] LogOutputStream:75 - [STDERR_REDIRECT] [Fatal Error] :1:1: Premature end of file.
2026-03-27 17:01:34,870 [ERROR] LogOutputStream:75 - [STDERR_REDIRECT] 
2026-03-27 17:01:35,875 [ERROR] LogOutputStream:75 - [STDERR_REDIRECT] [Fatal Error] :1:1: Premature end of file.
2026-03-27 17:01:35,875 [ERROR] LogOutputStream:75 - [STDERR_REDIRECT] 
2026-03-27 17:01:36,878 [ERROR] LogOutputStream:75 - [STDERR_REDIRECT] [Fatal Error] :1:1: Premature end of file.
2026-03-27 17:01:36,878 [ERROR] LogOutputStream:75 - [STDERR_REDIRECT] 
2026-03-27 17:01:37,884 [ERROR] LogOutputStream:75 - [STDERR_REDIRECT] [Fatal Error] :1:1: Premature end of file.
2026-03-27 17:01:37,884 [ERROR] LogOutputStream:75 - [STDERR_REDIRECT] 
2026-03-27 17:01:38,861 [ERROR] LogOutputStream:75 - [STDERR_REDIRECT] [Fatal Error] :1:1: Premature end of file.
2026-03-27 17:01:38,861 [ERROR] LogOutputStream:75 - [STDERR_REDIRECT] 
2026-03-27 17:01:39,873 [ERROR] LogOutputStream:75 - [STDERR_REDIRECT] [Fatal Error] :1:1: Premature end of file.
2026-03-27 17:01:39,873 [ERROR] LogOutputStream:75 - [STDERR_REDIRECT] 
2026-03-27 17:01:40,886 [ERROR] LogOutputStream:75 - [STDERR_REDIRECT] [Fatal Error] :1:1: Premature end of file.
2026-03-27 17:01:40,886 [ERROR] LogOutputStream:75 - [STDERR_REDIRECT] 
2026-03-27 17:01:41,889 [ERROR] LogOutputStream:75 - [STDERR_REDIRECT] [Fatal Error] :1:1: Premature end of file.
2026-03-27 17:01:41,889 [ERROR] LogOutputStream:75 - [STDERR_REDIRECT] 
2026-03-27 17:01:42,870 [ERROR] LogOutputStream:75 - [STDERR_REDIRECT] [Fatal Error] :1:1: Premature end of file.
2026-03-27 17:01:42,872 [ERROR] LogOutputStream:75 - [STDERR_REDIRECT] 
2026-03-27 17:01:43,871 [ERROR] LogOutputStream:75 - [STDERR_REDIRECT] [Fatal Error] :1:1: Premature end of file.
2026-03-27 17:01:43,871 [ERROR] LogOutputStream:75 - [STDERR_REDIRECT] 
2026-03-27 17:01:44,879 [ERROR] LogOutputStream:75 - [STDERR_REDIRECT] [Fatal Error] :1:1: Premature end of file.
2026-03-27 17:01:44,879 [ERROR] LogOutputStream:75 - [STDERR_REDIRECT] 
2026-03-27 17:01:45,883 [ERROR] LogOutputStream:75 - [STDERR_REDIRECT] [Fatal Error] :1:1: Premature end of file.
2026-03-27 17:01:45,883 [ERROR] LogOutputStream:75 - [STDERR_REDIRECT] 
2026-03-27 17:01:46,855 [ERROR] LogOutputStream:75 - [STDERR_REDIRECT] [Fatal Error] :1:1: Premature end of file.
2026-03-27 17:01:46,855 [ERROR] LogOutputStream:75 - [STDERR_REDIRECT] 
2026-03-27 17:01:47,874 [ERROR] LogOutputStream:75 - [STDERR_REDIRECT] [Fatal Error] :1:1: Premature end of file.
2026-03-27 17:01:47,874 [ERROR] LogOutputStream:75 - [STDERR_REDIRECT] 
2026-03-27 17:01:48,861 [ERROR] LogOutputStream:75 - [STDERR_REDIRECT] [Fatal Error] :1:1: Premature end of file.
2026-03-27 17:01:48,861 [ERROR] LogOutputStream:75 - [STDERR_REDIRECT] 
2026-03-27 17:01:49,884 [ERROR] LogOutputStream:75 - [STDERR_REDIRECT] [Fatal Error] :1:1: Premature end of file.
2026-03-27 17:01:49,884 [ERROR] LogOutputStream:75 - [STDERR_REDIRECT] 
2026-03-27 17:01:50,875 [ERROR] LogOutputStream:75 - [STDERR_REDIRECT] [Fatal Error] :1:1: Premature end of file.
2026-03-27 17:01:50,875 [ERROR] LogOutputStream:75 - [STDERR_REDIRECT] 
2026-03-27 17:01:51,882 [ERROR] LogOutputStream:75 - [STDERR_REDIRECT] [Fatal Error] :1:1: Premature end of file.
2026-03-27 17:01:51,882 [ERROR] LogOutputStream:75 - [STDERR_REDIRECT] 
2026-03-27 17:01:52,870 [ERROR] LogOutputStream:75 - [STDERR_REDIRECT] [Fatal Error] :1:1: Premature end of file.
2026-03-27 17:01:52,870 [ERROR] LogOutputStream:75 - [STDERR_REDIRECT] 
2026-03-27 17:01:53,875 [ERROR] LogOutputStream:75 - [STDERR_REDIRECT] [Fatal Error] :1:1: Premature end of file.
2026-03-27 17:01:53,875 [ERROR] LogOutputStream:75 - [STDERR_REDIRECT] 
2026-03-27 17:01:54,881 [ERROR] LogOutputStream:75 - [STDERR_REDIRECT] [Fatal Error] :1:1: Premature end of file.
2026-03-27 17:01:54,881 [ERROR] LogOutputStream:75 - [STDERR_REDIRECT] 
2026-03-27 17:01:55,870 [ERROR] LogOutputStream:75 - [STDERR_REDIRECT] [Fatal Error] :1:1: Premature end of file.
2026-03-27 17:01:55,876 [ERROR] LogOutputStream:75 - [STDERR_REDIRECT] 
2026-03-27 17:01:56,869 [ERROR] LogOutputStream:75 - [STDERR_REDIRECT] [Fatal Error] :1:1: Premature end of file.
2026-03-27 17:01:56,869 [ERROR] LogOutputStream:75 - [STDERR_REDIRECT] 
2026-03-27 17:01:57,859 [ERROR] LogOutputStream:75 - [STDERR_REDIRECT] [Fatal Error] :1:1: Premature end of file.
2026-03-27 17:01:57,859 [ERROR] LogOutputStream:75 - [STDERR_REDIRECT] 
2026-03-27 17:01:58,879 [ERROR] LogOutputStream:75 - [STDERR_REDIRECT] [Fatal Error] :1:1: Premature end of file.
2026-03-27 17:01:58,879 [ERROR] LogOutputStream:75 - [STDERR_REDIRECT] 
2026-03-27 17:01:59,866 [ERROR] LogOutputStream:75 - [STDERR_REDIRECT] [Fatal Error] :1:1: Premature end of file.
2026-03-27 17:01:59,866 [ERROR] LogOutputStream:75 - [STDERR_REDIRECT] 
2026-03-27 17:02:00,871 [ERROR] LogOutputStream:75 - [STDERR_REDIRECT] [Fatal Error] :1:1: Premature end of file.
2026-03-27 17:02:00,871 [ERROR] LogOutputStream:75 - [STDERR_REDIRECT] 
2026-03-27 17:02:01,875 [ERROR] LogOutputStream:75 - [STDERR_REDIRECT] [Fatal Error] :1:1: Premature end of file.
2026-03-27 17:02:01,875 [ERROR] LogOutputStream:75 - [STDERR_REDIRECT] 
2026-03-27 17:02:02,871 [ERROR] LogOutputStream:75 - [STDERR_REDIRECT] [Fatal Error] :1:1: Premature end of file.
2026-03-27 17:02:02,871 [ERROR] LogOutputStream:75 - [STDERR_REDIRECT] 
2026-03-27 17:02:03,870 [ERROR] LogOutputStream:75 - [STDERR_REDIRECT] [Fatal Error] :1:1: Premature end of file.
2026-03-27 17:02:03,870 [ERROR] LogOutputStream:75 - [STDERR_REDIRECT] 
2026-03-27 17:02:04,882 [ERROR] LogOutputStream:75 - [STDERR_REDIRECT] [Fatal Error] :1:1: Premature end of file.
2026-03-27 17:02:04,882 [ERROR] LogOutputStream:75 - [STDERR_REDIRECT] 
2026-03-27 17:02:05,864 [ERROR] LogOutputStream:75 - [STDERR_REDIRECT] [Fatal Error] :1:1: Premature end of file.
2026-03-27 17:02:05,864 [ERROR] LogOutputStream:75 - [STDERR_REDIRECT] 
2026-03-27 17:02:06,880 [ERROR] LogOutputStream:75 - [STDERR_REDIRECT] [Fatal Error] :1:1: Premature end of file.
2026-03-27 17:02:06,880 [ERROR] LogOutputStream:75 - [STDERR_REDIRECT] 
2026-03-27 17:02:07,880 [ERROR] LogOutputStream:75 - [STDERR_REDIRECT] [Fatal Error] :1:1: Premature end of file.
2026-03-27 17:02:07,880 [ERROR] LogOutputStream:75 - [STDERR_REDIRECT] 
2026-03-27 17:02:08,867 [ERROR] LogOutputStream:75 - [STDERR_REDIRECT] [Fatal Error] :1:1: Premature end of file.
2026-03-27 17:02:08,867 [ERROR] LogOutputStream:75 - [STDERR_REDIRECT] 
2026-03-27 17:02:09,855 [ERROR] LogOutputStream:75 - [STDERR_REDIRECT] [Fatal Error] :1:1: Premature end of file.
2026-03-27 17:02:09,855 [ERROR] LogOutputStream:75 - [STDERR_REDIRECT] 
2026-03-27 17:02:10,861 [ERROR] LogOutputStream:75 - [STDERR_REDIRECT] [Fatal Error] :1:1: Premature end of file.
2026-03-27 17:02:10,877 [ERROR] LogOutputStream:75 - [STDERR_REDIRECT] 
2026-03-27 17:02:11,883 [ERROR] LogOutputStream:75 - [STDERR_REDIRECT] [Fatal Error] :1:1: Premature end of file.
2026-03-27 17:02:11,883 [ERROR] LogOutputStream:75 - [STDERR_REDIRECT] 
2026-03-27 17:02:12,872 [ERROR] LogOutputStream:75 - [STDERR_REDIRECT] [Fatal Error] :1:1: Premature end of file.
2026-03-27 17:02:12,872 [ERROR] LogOutputStream:75 - [STDERR_REDIRECT] 
2026-03-27 17:02:13,863 [ERROR] LogOutputStream:75 - [STDERR_REDIRECT] [Fatal Error] :1:1: Premature end of file.
2026-03-27 17:02:13,863 [ERROR] LogOutputStream:75 - [STDERR_REDIRECT] 
2026-03-27 17:02:14,869 [ERROR] LogOutputStream:75 - [STDERR_REDIRECT] [Fatal Error] :1:1: Premature end of file.
2026-03-27 17:02:14,869 [ERROR] LogOutputStream:75 - [STDERR_REDIRECT] 
2026-03-27 17:02:15,857 [ERROR] LogOutputStream:75 - [STDERR_REDIRECT] [Fatal Error] :1:1: Premature end of file.
2026-03-27 17:02:15,873 [ERROR] LogOutputStream:75 - [STDERR_REDIRECT] 
2026-03-27 17:02:16,877 [ERROR] LogOutputStream:75 - [STDERR_REDIRECT] [Fatal Error] :1:1: Premature end of file.
2026-03-27 17:02:16,877 [ERROR] LogOutputStream:75 - [STDERR_REDIRECT] 
2026-03-27 17:02:17,860 [ERROR] LogOutputStream:75 - [STDERR_REDIRECT] [Fatal Error] :1:1: Premature end of file.
2026-03-27 17:02:17,860 [ERROR] LogOutputStream:75 - [STDERR_REDIRECT] 
2026-03-27 17:02:18,869 [ERROR] LogOutputStream:75 - [STDERR_REDIRECT] [Fatal Error] :1:1: Premature end of file.
2026-03-27 17:02:18,869 [ERROR] LogOutputStream:75 - [STDERR_REDIRECT] 
2026-03-27 17:02:19,854 [ERROR] LogOutputStream:75 - [STDERR_REDIRECT] [Fatal Error] :1:1: Premature end of file.
2026-03-27 17:02:19,854 [ERROR] LogOutputStream:75 - [STDERR_REDIRECT] 
2026-03-27 17:02:20,876 [ERROR] LogOutputStream:75 - [STDERR_REDIRECT] [Fatal Error] :1:1: Premature end of file.
2026-03-27 17:02:20,876 [ERROR] LogOutputStream:75 - [STDERR_REDIRECT] 
2026-03-27 17:02:21,881 [ERROR] LogOutputStream:75 - [STDERR_REDIRECT] [Fatal Error] :1:1: Premature end of file.
2026-03-27 17:02:21,881 [ERROR] LogOutputStream:75 - [STDERR_REDIRECT] 
2026-03-27 17:02:22,869 [ERROR] LogOutputStream:75 - [STDERR_REDIRECT] [Fatal Error] :1:1: Premature end of file.
2026-03-27 17:02:22,869 [ERROR] LogOutputStream:75 - [STDERR_REDIRECT] 
2026-03-27 17:02:23,874 [ERROR] LogOutputStream:75 - [STDERR_REDIRECT] [Fatal Error] :1:1: Premature end of file.
2026-03-27 17:02:23,874 [ERROR] LogOutputStream:75 - [STDERR_REDIRECT] 
2026-03-27 17:02:24,873 [ERROR] LogOutputStream:75 - [STDERR_REDIRECT] [Fatal Error] :1:1: Premature end of file.
2026-03-27 17:02:24,873 [ERROR] LogOutputStream:75 - [STDERR_REDIRECT] 
2026-03-27 17:02:25,895 [ERROR] LogOutputStream:75 - [STDERR_REDIRECT] [Fatal Error] :1:1: Premature end of file.
2026-03-27 17:02:25,895 [ERROR] LogOutputStream:75 - [STDERR_REDIRECT] 
2026-03-27 17:02:26,864 [ERROR] LogOutputStream:75 - [STDERR_REDIRECT] [Fatal Error] :1:1: Premature end of file.
2026-03-27 17:02:26,864 [ERROR] LogOutputStream:75 - [STDERR_REDIRECT] 
2026-03-27 17:02:27,879 [ERROR] LogOutputStream:75 - [STDERR_REDIRECT] [Fatal Error] :1:1: Premature end of file.
2026-03-27 17:02:27,879 [ERROR] LogOutputStream:75 - [STDERR_REDIRECT] 
2026-03-27 17:02:28,879 [ERROR] LogOutputStream:75 - [STDERR_REDIRECT] [Fatal Error] :1:1: Premature end of file.
2026-03-27 17:02:28,879 [ERROR] LogOutputStream:75 - [STDERR_REDIRECT] 
2026-03-27 17:02:29,896 [ERROR] LogOutputStream:75 - [STDERR_REDIRECT] [Fatal Error] :1:1: Premature end of file.
2026-03-27 17:02:29,896 [ERROR] LogOutputStream:75 - [STDERR_REDIRECT] 
2026-03-27 17:02:30,868 [ERROR] LogOutputStream:75 - [STDERR_REDIRECT] [Fatal Error] :1:1: Premature end of file.
2026-03-27 17:02:30,868 [ERROR] LogOutputStream:75 - [STDERR_REDIRECT] 
2026-03-27 17:02:31,861 [ERROR] LogOutputStream:75 - [STDERR_REDIRECT] [Fatal Error] :1:1: Premature end of file.
2026-03-27 17:02:31,861 [ERROR] LogOutputStream:75 - [STDERR_REDIRECT] 
2026-03-27 17:02:32,888 [ERROR] LogOutputStream:75 - [STDERR_REDIRECT] [Fatal Error] :1:1: Premature end of file.
2026-03-27 17:02:32,890 [ERROR] LogOutputStream:75 - [STDERR_REDIRECT] 
2026-03-27 17:02:33,865 [ERROR] LogOutputStream:75 - [STDERR_REDIRECT] [Fatal Error] :1:1: Premature end of file.
2026-03-27 17:02:33,865 [ERROR] LogOutputStream:75 - [STDERR_REDIRECT] 
2026-03-27 17:02:34,874 [ERROR] LogOutputStream:75 - [STDERR_REDIRECT] [Fatal Error] :1:1: Premature end of file.
2026-03-27 17:02:34,874 [ERROR] LogOutputStream:75 - [STDERR_REDIRECT] 
2026-03-27 17:02:35,859 [ERROR] LogOutputStream:75 - [STDERR_REDIRECT] [Fatal Error] :1:1: Premature end of file.
2026-03-27 17:02:35,859 [ERROR] LogOutputStream:75 - [STDERR_REDIRECT] 
2026-03-27 17:02:36,879 [ERROR] LogOutputStream:75 - [STDERR_REDIRECT] [Fatal Error] :1:1: Premature end of file.
2026-03-27 17:02:36,879 [ERROR] LogOutputStream:75 - [STDERR_REDIRECT] 
2026-03-27 17:02:37,880 [ERROR] LogOutputStream:75 - [STDERR_REDIRECT] [Fatal Error] :1:1: Premature end of file.
2026-03-27 17:02:37,884 [ERROR] LogOutputStream:75 - [STDERR_REDIRECT] 
2026-03-27 17:02:38,892 [ERROR] LogOutputStream:75 - [STDERR_REDIRECT] [Fatal Error] :1:1: Premature end of file.
2026-03-27 17:02:38,892 [ERROR] LogOutputStream:75 - [STDERR_REDIRECT] 
2026-03-27 17:02:39,865 [ERROR] LogOutputStream:75 - [STDERR_REDIRECT] [Fatal Error] :1:1: Premature end of file.
2026-03-27 17:02:39,865 [ERROR] LogOutputStream:75 - [STDERR_REDIRECT] 
2026-03-27 17:02:40,853 [ERROR] LogOutputStream:75 - [STDERR_REDIRECT] [Fatal Error] :1:1: Premature end of file.
2026-03-27 17:02:40,853 [ERROR] LogOutputStream:75 - [STDERR_REDIRECT] 
2026-03-27 17:02:41,872 [ERROR] LogOutputStream:75 - [STDERR_REDIRECT] [Fatal Error] :1:1: Premature end of file.
2026-03-27 17:02:41,872 [ERROR] LogOutputStream:75 - [STDERR_REDIRECT] 
2026-03-27 17:02:42,860 [ERROR] LogOutputStream:75 - [STDERR_REDIRECT] [Fatal Error] :1:1: Premature end of file.
2026-03-27 17:02:42,860 [ERROR] LogOutputStream:75 - [STDERR_REDIRECT] 
2026-03-27 17:02:43,894 [ERROR] LogOutputStream:75 - [STDERR_REDIRECT] [Fatal Error] :1:1: Premature end of file.
2026-03-27 17:02:43,894 [ERROR] LogOutputStream:75 - [STDERR_REDIRECT] 
2026-03-27 17:02:44,879 [ERROR] LogOutputStream:75 - [STDERR_REDIRECT] [Fatal Error] :1:1: Premature end of file.
2026-03-27 17:02:44,879 [ERROR] LogOutputStream:75 - [STDERR_REDIRECT] 
2026-03-27 17:02:45,850 [ERROR] LogOutputStream:75 - [STDERR_REDIRECT] [Fatal Error] :1:1: Premature end of file.
2026-03-27 17:02:45,865 [ERROR] LogOutputStream:75 - [STDERR_REDIRECT] 
2026-03-27 17:02:46,881 [ERROR] LogOutputStream:75 - [STDERR_REDIRECT] [Fatal Error] :1:1: Premature end of file.
2026-03-27 17:02:46,881 [ERROR] LogOutputStream:75 - [STDERR_REDIRECT] 
2026-03-27 17:02:47,870 [ERROR] LogOutputStream:75 - [STDERR_REDIRECT] [Fatal Error] :1:1: Premature end of file.
2026-03-27 17:02:47,870 [ERROR] LogOutputStream:75 - [STDERR_REDIRECT] 
2026-03-27 17:02:48,904 [ERROR] LogOutputStream:75 - [STDERR_REDIRECT] [Fatal Error] :1:1: Premature end of file.
2026-03-27 17:02:48,904 [ERROR] LogOutputStream:75 - [STDERR_REDIRECT] 
2026-03-27 17:02:49,888 [ERROR] LogOutputStream:75 - [STDERR_REDIRECT] [Fatal Error] :1:1: Premature end of file.
2026-03-27 17:02:49,888 [ERROR] LogOutputStream:75 - [STDERR_REDIRECT] 
2026-03-27 17:02:50,878 [ERROR] LogOutputStream:75 - [STDERR_REDIRECT] [Fatal Error] :1:1: Premature end of file.
2026-03-27 17:02:50,878 [ERROR] LogOutputStream:75 - [STDERR_REDIRECT] 
2026-03-27 17:02:51,876 [ERROR] LogOutputStream:75 - [STDERR_REDIRECT] [Fatal Error] :1:1: Premature end of file.
2026-03-27 17:02:51,878 [ERROR] LogOutputStream:75 - [STDERR_REDIRECT] 
2026-03-27 17:02:52,877 [ERROR] LogOutputStream:75 - [STDERR_REDIRECT] [Fatal Error] :1:1: Premature end of file.
2026-03-27 17:02:52,877 [ERROR] LogOutputStream:75 - [STDERR_REDIRECT] 
2026-03-27 17:02:53,885 [ERROR] LogOutputStream:75 - [STDERR_REDIRECT] [Fatal Error] :1:1: Premature end of file.
2026-03-27 17:02:53,885 [ERROR] LogOutputStream:75 - [STDERR_REDIRECT] 
2026-03-27 17:02:54,865 [ERROR] LogOutputStream:75 - [STDERR_REDIRECT] [Fatal Error] :1:1: Premature end of file.
2026-03-27 17:02:54,865 [ERROR] LogOutputStream:75 - [STDERR_REDIRECT] 
2026-03-27 17:02:55,867 [ERROR] LogOutputStream:75 - [STDERR_REDIRECT] [Fatal Error] :1:1: Premature end of file.
2026-03-27 17:02:55,867 [ERROR] LogOutputStream:75 - [STDERR_REDIRECT] 
2026-03-27 17:02:56,904 [ERROR] LogOutputStream:75 - [STDERR_REDIRECT] [Fatal Error] :1:1: Premature end of file.
2026-03-27 17:02:56,904 [ERROR] LogOutputStream:75 - [STDERR_REDIRECT] 
2026-03-27 17:02:57,895 [ERROR] LogOutputStream:75 - [STDERR_REDIRECT] [Fatal Error] :1:1: Premature end of file.
2026-03-27 17:02:57,895 [ERROR] LogOutputStream:75 - [STDERR_REDIRECT] 
2026-03-27 17:02:58,870 [ERROR] LogOutputStream:75 - [STDERR_REDIRECT] [Fatal Error] :1:1: Premature end of file.
2026-03-27 17:02:58,870 [ERROR] LogOutputStream:75 - [STDERR_REDIRECT] 
2026-03-27 17:02:59,877 [ERROR] LogOutputStream:75 - [STDERR_REDIRECT] [Fatal Error] :1:1: Premature end of file.
2026-03-27 17:02:59,877 [ERROR] LogOutputStream:75 - [STDERR_REDIRECT] 
2026-03-27 17:03:00,878 [ERROR] LogOutputStream:75 - [STDERR_REDIRECT] [Fatal Error] :1:1: Premature end of file.
2026-03-27 17:03:00,878 [ERROR] LogOutputStream:75 - [STDERR_REDIRECT] 
2026-03-27 17:03:01,881 [ERROR] LogOutputStream:75 - [STDERR_REDIRECT] [Fatal Error] :1:1: Premature end of file.
2026-03-27 17:03:01,881 [ERROR] LogOutputStream:75 - [STDERR_REDIRECT] 
2026-03-27 17:03:02,879 [ERROR] LogOutputStream:75 - [STDERR_REDIRECT] [Fatal Error] :1:1: Premature end of file.
2026-03-27 17:03:02,879 [ERROR] LogOutputStream:75 - [STDERR_REDIRECT] 
2026-03-27 17:03:03,884 [ERROR] LogOutputStream:75 - [STDERR_REDIRECT] [Fatal Error] :1:1: Premature end of file.
2026-03-27 17:03:03,884 [ERROR] LogOutputStream:75 - [STDERR_REDIRECT] 
2026-03-27 17:03:04,911 [ERROR] LogOutputStream:75 - [STDERR_REDIRECT] [Fatal Error] :1:1: Premature end of file.
2026-03-27 17:03:04,913 [ERROR] LogOutputStream:75 - [STDERR_REDIRECT] 
2026-03-27 17:03:05,882 [ERROR] LogOutputStream:75 - [STDERR_REDIRECT] [Fatal Error] :1:1: Premature end of file.
2026-03-27 17:03:05,882 [ERROR] LogOutputStream:75 - [STDERR_REDIRECT] 
2026-03-27 17:03:06,873 [ERROR] LogOutputStream:75 - [STDERR_REDIRECT] [Fatal Error] :1:1: Premature end of file.
2026-03-27 17:03:06,880 [ERROR] LogOutputStream:75 - [STDERR_REDIRECT] 
2026-03-27 17:03:07,857 [ERROR] LogOutputStream:75 - [STDERR_REDIRECT] [Fatal Error] :1:1: Premature end of file.
2026-03-27 17:03:07,857 [ERROR] LogOutputStream:75 - [STDERR_REDIRECT] 
2026-03-27 17:03:08,876 [ERROR] LogOutputStream:75 - [STDERR_REDIRECT] [Fatal Error] :1:1: Premature end of file.
2026-03-27 17:03:08,876 [ERROR] LogOutputStream:75 - [STDERR_REDIRECT] 
2026-03-27 17:03:09,858 [ERROR] LogOutputStream:75 - [STDERR_REDIRECT] [Fatal Error] :1:1: Premature end of file.
2026-03-27 17:03:09,858 [ERROR] LogOutputStream:75 - [STDERR_REDIRECT] 
2026-03-27 17:03:10,853 [ERROR] LogOutputStream:75 - [STDERR_REDIRECT] [Fatal Error] :1:1: Premature end of file.
2026-03-27 17:03:10,853 [ERROR] LogOutputStream:75 - [STDERR_REDIRECT] 
2026-03-27 17:03:11,875 [ERROR] LogOutputStream:75 - [STDERR_REDIRECT] [Fatal Error] :1:1: Premature end of file.
2026-03-27 17:03:11,875 [ERROR] LogOutputStream:75 - [STDERR_REDIRECT] 
2026-03-27 17:03:12,926 [ERROR] LogOutputStream:75 - [STDERR_REDIRECT] [Fatal Error] :1:1: Premature end of file.
2026-03-27 17:03:12,928 [ERROR] LogOutputStream:75 - [STDERR_REDIRECT] 
2026-03-27 17:03:13,862 [ERROR] LogOutputStream:75 - [STDERR_REDIRECT] [Fatal Error] :1:1: Premature end of file.
2026-03-27 17:03:13,862 [ERROR] LogOutputStream:75 - [STDERR_REDIRECT] 
2026-03-27 17:03:14,883 [ERROR] LogOutputStream:75 - [STDERR_REDIRECT] [Fatal Error] :1:1: Premature end of file.
2026-03-27 17:03:14,883 [ERROR] LogOutputStream:75 - [STDERR_REDIRECT] 
2026-03-27 17:03:15,870 [ERROR] LogOutputStream:75 - [STDERR_REDIRECT] [Fatal Error] :1:1: Premature end of file.
2026-03-27 17:03:15,870 [ERROR] LogOutputStream:75 - [STDERR_REDIRECT] 
2026-03-27 17:03:16,874 [ERROR] LogOutputStream:75 - [STDERR_REDIRECT] [Fatal Error] :1:1: Premature end of file.
2026-03-27 17:03:16,874 [ERROR] LogOutputStream:75 - [STDERR_REDIRECT] 
2026-03-27 17:03:17,844 [ERROR] LogOutputStream:75 - [STDERR_REDIRECT] [Fatal Error] :1:1: Premature end of file.
2026-03-27 17:03:17,844 [ERROR] LogOutputStream:75 - [STDERR_REDIRECT] 
2026-03-27 17:03:18,911 [ERROR] LogOutputStream:75 - [STDERR_REDIRECT] [Fatal Error] :1:1: Premature end of file.
2026-03-27 17:03:18,911 [ERROR] LogOutputStream:75 - [STDERR_REDIRECT] 
2026-03-27 17:03:19,880 [ERROR] LogOutputStream:75 - [STDERR_REDIRECT] [Fatal Error] :1:1: Premature end of file.
2026-03-27 17:03:19,880 [ERROR] LogOutputStream:75 - [STDERR_REDIRECT] 
2026-03-27 17:03:20,869 [ERROR] LogOutputStream:75 - [STDERR_REDIRECT] [Fatal Error] :1:1: Premature end of file.
2026-03-27 17:03:20,869 [ERROR] LogOutputStream:75 - [STDERR_REDIRECT] 
2026-03-27 17:03:21,904 [ERROR] LogOutputStream:75 - [STDERR_REDIRECT] [Fatal Error] :1:1: Premature end of file.
2026-03-27 17:03:21,904 [ERROR] LogOutputStream:75 - [STDERR_REDIRECT] 
2026-03-27 17:03:22,857 [ERROR] LogOutputStream:75 - [STDERR_REDIRECT] [Fatal Error] :1:1: Premature end of file.
2026-03-27 17:03:22,857 [ERROR] LogOutputStream:75 - [STDERR_REDIRECT] 
2026-03-27 17:03:23,871 [ERROR] LogOutputStream:75 - [STDERR_REDIRECT] [Fatal Error] :1:1: Premature end of file.
2026-03-27 17:03:23,871 [ERROR] LogOutputStream:75 - [STDERR_REDIRECT] 
2026-03-27 17:03:24,877 [ERROR] LogOutputStream:75 - [STDERR_REDIRECT] [Fatal Error] :1:1: Premature end of file.
2026-03-27 17:03:24,877 [ERROR] LogOutputStream:75 - [STDERR_REDIRECT] 
2026-03-27 17:03:25,859 [ERROR] LogOutputStream:75 - [STDERR_REDIRECT] [Fatal Error] :1:1: Premature end of file.
2026-03-27 17:03:25,859 [ERROR] LogOutputStream:75 - [STDERR_REDIRECT] 
2026-03-27 17:03:26,862 [ERROR] LogOutputStream:75 - [STDERR_REDIRECT] [Fatal Error] :1:1: Premature end of file.
2026-03-27 17:03:26,862 [ERROR] LogOutputStream:75 - [STDERR_REDIRECT] 
2026-03-27 17:03:27,866 [ERROR] LogOutputStream:75 - [STDERR_REDIRECT] [Fatal Error] :1:1: Premature end of file.
2026-03-27 17:03:27,866 [ERROR] LogOutputStream:75 - [STDERR_REDIRECT] 
2026-03-27 17:03:28,852 [ERROR] LogOutputStream:75 - [STDERR_REDIRECT] [Fatal Error] :1:1: Premature end of file.
2026-03-27 17:03:28,867 [ERROR] LogOutputStream:75 - [STDERR_REDIRECT] 
2026-03-27 17:03:29,873 [ERROR] LogOutputStream:75 - [STDERR_REDIRECT] [Fatal Error] :1:1: Premature end of file.
2026-03-27 17:03:29,873 [ERROR] LogOutputStream:75 - [STDERR_REDIRECT] 
2026-03-27 17:03:30,902 [ERROR] LogOutputStream:75 - [STDERR_REDIRECT] [Fatal Error] :1:1: Premature end of file.
2026-03-27 17:03:30,902 [ERROR] LogOutputStream:75 - [STDERR_REDIRECT] 
2026-03-27 17:03:31,872 [ERROR] LogOutputStream:75 - [STDERR_REDIRECT] [Fatal Error] :1:1: Premature end of file.
2026-03-27 17:03:31,872 [ERROR] LogOutputStream:75 - [STDERR_REDIRECT] 
2026-03-27 17:03:32,872 [ERROR] LogOutputStream:75 - [STDERR_REDIRECT] [Fatal Error] :1:1: Premature end of file.
2026-03-27 17:03:32,872 [ERROR] LogOutputStream:75 - [STDERR_REDIRECT] 
2026-03-27 17:03:33,862 [ERROR] LogOutputStream:75 - [STDERR_REDIRECT] [Fatal Error] :1:1: Premature end of file.
2026-03-27 17:03:33,862 [ERROR] LogOutputStream:75 - [STDERR_REDIRECT] 
2026-03-27 17:03:34,866 [ERROR] LogOutputStream:75 - [STDERR_REDIRECT] [Fatal Error] :1:1: Premature end of file.
2026-03-27 17:03:34,866 [ERROR] LogOutputStream:75 - [STDERR_REDIRECT] 
2026-03-27 17:03:35,883 [ERROR] LogOutputStream:75 - [STDERR_REDIRECT] [Fatal Error] :1:1: Premature end of file.
2026-03-27 17:03:35,883 [ERROR] LogOutputStream:75 - [STDERR_REDIRECT] 
2026-03-27 17:03:36,870 [ERROR] LogOutputStream:75 - [STDERR_REDIRECT] [Fatal Error] :1:1: Premature end of file.
2026-03-27 17:03:36,870 [ERROR] LogOutputStream:75 - [STDERR_REDIRECT] 
2026-03-27 17:03:37,880 [ERROR] LogOutputStream:75 - [STDERR_REDIRECT] [Fatal Error] :1:1: Premature end of file.
2026-03-27 17:03:37,880 [ERROR] LogOutputStream:75 - [STDERR_REDIRECT] 
2026-03-27 17:03:38,877 [ERROR] LogOutputStream:75 - [STDERR_REDIRECT] [Fatal Error] :1:1: Premature end of file.
2026-03-27 17:03:38,877 [ERROR] LogOutputStream:75 - [STDERR_REDIRECT] 
2026-03-27 17:03:39,886 [ERROR] LogOutputStream:75 - [STDERR_REDIRECT] [Fatal Error] :1:1: Premature end of file.
2026-03-27 17:03:39,886 [ERROR] LogOutputStream:75 - [STDERR_REDIRECT] 
2026-03-27 17:03:40,865 [ERROR] LogOutputStream:75 - [STDERR_REDIRECT] [Fatal Error] :1:1: Premature end of file.
2026-03-27 17:03:40,865 [ERROR] LogOutputStream:75 - [STDERR_REDIRECT] 
2026-03-27 17:03:41,899 [ERROR] LogOutputStream:75 - [STDERR_REDIRECT] [Fatal Error] :1:1: Premature end of file.
2026-03-27 17:03:41,899 [ERROR] LogOutputStream:75 - [STDERR_REDIRECT] 
2026-03-27 17:03:42,884 [ERROR] LogOutputStream:75 - [STDERR_REDIRECT] [Fatal Error] :1:1: Premature end of file.
2026-03-27 17:03:42,884 [ERROR] LogOutputStream:75 - [STDERR_REDIRECT] 
2026-03-27 17:03:43,874 [ERROR] LogOutputStream:75 - [STDERR_REDIRECT] [Fatal Error] :1:1: Premature end of file.
2026-03-27 17:03:43,874 [ERROR] LogOutputStream:75 - [STDERR_REDIRECT] 
2026-03-27 17:03:44,857 [ERROR] LogOutputStream:75 - [STDERR_REDIRECT] [Fatal Error] :1:1: Premature end of file.
2026-03-27 17:03:44,857 [ERROR] LogOutputStream:75 - [STDERR_REDIRECT] 
2026-03-27 17:03:45,859 [ERROR] LogOutputStream:75 - [STDERR_REDIRECT] [Fatal Error] :1:1: Premature end of file.
2026-03-27 17:03:45,859 [ERROR] LogOutputStream:75 - [STDERR_REDIRECT] 
2026-03-27 17:03:46,886 [ERROR] LogOutputStream:75 - [STDERR_REDIRECT] [Fatal Error] :1:1: Premature end of file.
2026-03-27 17:03:46,886 [ERROR] LogOutputStream:75 - [STDERR_REDIRECT] 
2026-03-27 17:03:47,854 [ERROR] LogOutputStream:75 - [STDERR_REDIRECT] [Fatal Error] :1:1: Premature end of file.
2026-03-27 17:03:47,854 [ERROR] LogOutputStream:75 - [STDERR_REDIRECT] 
2026-03-27 17:03:48,883 [ERROR] LogOutputStream:75 - [STDERR_REDIRECT] [Fatal Error] :1:1: Premature end of file.
2026-03-27 17:03:48,883 [ERROR] LogOutputStream:75 - [STDERR_REDIRECT] 
2026-03-27 17:03:49,873 [ERROR] LogOutputStream:75 - [STDERR_REDIRECT] [Fatal Error] :1:1: Premature end of file.
2026-03-27 17:03:49,873 [ERROR] LogOutputStream:75 - [STDERR_REDIRECT] 
2026-03-27 17:03:50,861 [ERROR] LogOutputStream:75 - [STDERR_REDIRECT] [Fatal Error] :1:1: Premature end of file.
2026-03-27 17:03:50,867 [ERROR] LogOutputStream:75 - [STDERR_REDIRECT] 
2026-03-27 17:03:51,869 [ERROR] LogOutputStream:75 - [STDERR_REDIRECT] [Fatal Error] :1:1: Premature end of file.
2026-03-27 17:03:51,869 [ERROR] LogOutputStream:75 - [STDERR_REDIRECT] 
2026-03-27 17:03:52,860 [ERROR] LogOutputStream:75 - [STDERR_REDIRECT] [Fatal Error] :1:1: Premature end of file.
2026-03-27 17:03:52,860 [ERROR] LogOutputStream:75 - [STDERR_REDIRECT] 
2026-03-27 17:03:53,879 [ERROR] LogOutputStream:75 - [STDERR_REDIRECT] [Fatal Error] :1:1: Premature end of file.
2026-03-27 17:03:53,879 [ERROR] LogOutputStream:75 - [STDERR_REDIRECT] 
2026-03-27 17:03:54,869 [ERROR] LogOutputStream:75 - [STDERR_REDIRECT] [Fatal Error] :1:1: Premature end of file.
2026-03-27 17:03:54,869 [ERROR] LogOutputStream:75 - [STDERR_REDIRECT] 
2026-03-27 17:03:55,870 [ERROR] LogOutputStream:75 - [STDERR_REDIRECT] [Fatal Error] :1:1: Premature end of file.
2026-03-27 17:03:55,870 [ERROR] LogOutputStream:75 - [STDERR_REDIRECT] 
2026-03-27 17:03:56,890 [ERROR] LogOutputStream:75 - [STDERR_REDIRECT] [Fatal Error] :1:1: Premature end of file.
2026-03-27 17:03:56,890 [ERROR] LogOutputStream:75 - [STDERR_REDIRECT] 
2026-03-27 17:03:57,879 [ERROR] LogOutputStream:75 - [STDERR_REDIRECT] [Fatal Error] :1:1: Premature end of file.
2026-03-27 17:03:57,879 [ERROR] LogOutputStream:75 - [STDERR_REDIRECT] 
2026-03-27 17:03:58,890 [ERROR] LogOutputStream:75 - [STDERR_REDIRECT] [Fatal Error] :1:1: Premature end of file.
2026-03-27 17:03:58,892 [ERROR] LogOutputStream:75 - [STDERR_REDIRECT] 
2026-03-27 17:03:59,855 [ERROR] LogOutputStream:75 - [STDERR_REDIRECT] [Fatal Error] :1:1: Premature end of file.
2026-03-27 17:03:59,871 [ERROR] LogOutputStream:75 - [STDERR_REDIRECT] 
2026-03-27 17:04:00,868 [ERROR] LogOutputStream:75 - [STDERR_REDIRECT] [Fatal Error] :1:1: Premature end of file.
2026-03-27 17:04:00,868 [ERROR] LogOutputStream:75 - [STDERR_REDIRECT] 
2026-03-27 17:04:01,858 [ERROR] LogOutputStream:75 - [STDERR_REDIRECT] [Fatal Error] :1:1: Premature end of file.
2026-03-27 17:04:01,858 [ERROR] LogOutputStream:75 - [STDERR_REDIRECT] 
2026-03-27 17:04:02,873 [ERROR] LogOutputStream:75 - [STDERR_REDIRECT] [Fatal Error] :1:1: Premature end of file.
2026-03-27 17:04:02,874 [ERROR] LogOutputStream:75 - [STDERR_REDIRECT] 
2026-03-27 17:04:03,818 [ERROR] LogOutputStream:75 - [STDERR_REDIRECT] [Fatal Error] :1:1: Premature end of file.
2026-03-27 17:04:03,818 [ERROR] LogOutputStream:75 - [STDERR_REDIRECT] 
2026-03-27 17:04:04,816 [ERROR] LogOutputStream:75 - [STDERR_REDIRECT] [Fatal Error] :1:1: Premature end of file.
2026-03-27 17:04:04,816 [ERROR] LogOutputStream:75 - [STDERR_REDIRECT] 
2026-03-27 17:04:05,221 [INFO] WebApp:403 - JxBrowser engine has been closed 
2026-03-27 17:04:05,818 [ERROR] LogOutputStream:75 - [STDERR_REDIRECT] [Fatal Error] :1:1: Premature end of file.
2026-03-27 17:04:05,818 [ERROR] LogOutputStream:75 - [STDERR_REDIRECT] 
2026-03-27 17:04:06,815 [ERROR] LogOutputStream:75 - [STDERR_REDIRECT] [Fatal Error] :1:1: Premature end of file.
2026-03-27 17:04:06,816 [ERROR] LogOutputStream:75 - [STDERR_REDIRECT] 
