2026-05-05 22:12:46,650 [INFO] Activator:176 - 


2026-05-05 22:12:46,665 [INFO] Activator:177 - !SESSION log4j initialized
2026-05-05 22:13:05,511 [INFO] LogOutputStream:77 - [STDOUT_REDIRECT] 
2026-05-05 22:13:07,172 [INFO] ApplicationProperties:184 - Using Application install path: C:\ST\STM32CubeIDE_1.19.0\STM32CubeIDE\plugins\com.st.stm32cube.common.mx_6.15.0.202507011659
2026-05-05 22:13:07,206 [INFO] DbMcusXml:78 - Set database path to: C:\ST\STM32CubeIDE_1.19.0\STM32CubeIDE\plugins\com.st.stm32cube.common.mx_6.15.0.202507011659\\db\/mcu/
2026-05-05 22:13:07,206 [INFO] ApiDb:274 - Set plugin database path to: C:\ST\STM32CubeIDE_1.19.0\STM32CubeIDE\plugins\com.st.stm32cube.common.mx_6.15.0.202507011659\\db\/plugins/boardmanager/
2026-05-05 22:13:07,207 [WARN] ApiDb:259 - Overriding images path with different value:  => C:\ST\STM32CubeIDE_1.19.0\STM32CubeIDE\plugins\com.st.stm32cube.common.mx_6.15.0.202507011659\\db\/plugins/mcufinder/images/
2026-05-05 22:13:07,229 [INFO] ApiDb:250 - Set database path to: C:\Users\Mujaid\.stmcufinder\plugins\mcufinder//mcu/
2026-05-05 22:13:07,233 [INFO] DbMcusAds:125 - Set database path to: C:\Users\Mujaid\.stmcufinder\plugins\mcufinder//mcu/
2026-05-05 22:13:07,240 [INFO] CrossReferenceDbSqlite:203 - Set database path to: C:\Users\Mujaid\.stmcufinder\plugins\mcufinder//mcu/cs/
2026-05-05 22:13:07,457 [INFO] RulesReader:64 - Compatibility file has been processed (317 Rules)
2026-05-05 22:13:07,634 [INFO] DbMcusXml:78 - Set database path to: C:\ST\STM32CubeIDE_1.19.0\STM32CubeIDE\plugins\com.st.stm32cube.common.mx_6.15.0.202507011659\\db\/mcu/
2026-05-05 22:13:07,634 [INFO] ApiDb:274 - Set plugin database path to: C:\ST\STM32CubeIDE_1.19.0\STM32CubeIDE\plugins\com.st.stm32cube.common.mx_6.15.0.202507011659\\db\/plugins/boardmanager/
2026-05-05 22:13:07,634 [INFO] ApiDb:261 - Set plugin images path to: C:\ST\STM32CubeIDE_1.19.0\STM32CubeIDE\plugins\com.st.stm32cube.common.mx_6.15.0.202507011659\\db\/plugins/mcufinder/images/
2026-05-05 22:13:07,635 [WARN] DbFile:41 - Overriding database path with different value: C:\Users\Mujaid\.stmcufinder\plugins\mcufinder/ => C:\Users\Mujaid\.stmcufinder\plugins\mcufinder
2026-05-05 22:13:07,635 [INFO] ApiDb:250 - Set database path to: C:\Users\Mujaid\.stmcufinder\plugins\mcufinder//mcu/
2026-05-05 22:13:07,635 [WARN] DbFile:41 - Overriding database path with different value: C:\Users\Mujaid\.stmcufinder\plugins\mcufinder/ => C:\Users\Mujaid\.stmcufinder\plugins\mcufinder
2026-05-05 22:13:07,635 [INFO] DbMcusAds:125 - Set database path to: C:\Users\Mujaid\.stmcufinder\plugins\mcufinder//mcu/
2026-05-05 22:13:07,635 [WARN] DbFile:41 - Overriding database path with different value: C:\Users\Mujaid\.stmcufinder\plugins\mcufinder/ => C:\Users\Mujaid\.stmcufinder\plugins\mcufinder
2026-05-05 22:13:07,635 [WARN] DbFile:41 - Overriding database path with different value: C:\Users\Mujaid\.stmcufinder\plugins\mcufinder/ => C:\Users\Mujaid\.stmcufinder\plugins\mcufinder
2026-05-05 22:13:07,635 [INFO] CrossReferenceDbSqlite:203 - Set database path to: C:\Users\Mujaid\.stmcufinder\plugins\mcufinder//mcu/cs/
2026-05-05 22:13:07,832 [INFO] MainPanel:274 - HeapMemory: 268435456
2026-05-05 22:13:08,094 [INFO] DbMcusXml:78 - Set database path to: C:\ST\STM32CubeIDE_1.19.0\STM32CubeIDE\plugins\com.st.stm32cube.common.mx_6.15.0.202507011659\\db\/mcu/
2026-05-05 22:13:08,094 [INFO] ApiDb:274 - Set plugin database path to: C:\ST\STM32CubeIDE_1.19.0\STM32CubeIDE\plugins\com.st.stm32cube.common.mx_6.15.0.202507011659\\db\/plugins/boardmanager/
2026-05-05 22:13:08,095 [INFO] ApiDb:261 - Set plugin images path to: C:\ST\STM32CubeIDE_1.19.0\STM32CubeIDE\plugins\com.st.stm32cube.common.mx_6.15.0.202507011659\\db\/plugins/mcufinder/images/
2026-05-05 22:13:08,095 [WARN] DbFile:41 - Overriding database path with different value: C:\Users\Mujaid\.stmcufinder\plugins\mcufinder/ => C:\Users\Mujaid\.stmcufinder\plugins\mcufinder
2026-05-05 22:13:08,096 [INFO] ApiDb:250 - Set database path to: C:\Users\Mujaid\.stmcufinder\plugins\mcufinder//mcu/
2026-05-05 22:13:08,096 [WARN] DbFile:41 - Overriding database path with different value: C:\Users\Mujaid\.stmcufinder\plugins\mcufinder/ => C:\Users\Mujaid\.stmcufinder\plugins\mcufinder
2026-05-05 22:13:08,096 [INFO] DbMcusAds:125 - Set database path to: C:\Users\Mujaid\.stmcufinder\plugins\mcufinder//mcu/
2026-05-05 22:13:08,096 [WARN] DbFile:41 - Overriding database path with different value: C:\Users\Mujaid\.stmcufinder\plugins\mcufinder/ => C:\Users\Mujaid\.stmcufinder\plugins\mcufinder
2026-05-05 22:13:08,096 [WARN] DbFile:41 - Overriding database path with different value: C:\Users\Mujaid\.stmcufinder\plugins\mcufinder/ => C:\Users\Mujaid\.stmcufinder\plugins\mcufinder
2026-05-05 22:13:08,096 [INFO] CrossReferenceDbSqlite:203 - Set database path to: C:\Users\Mujaid\.stmcufinder\plugins\mcufinder//mcu/cs/
2026-05-05 22:13:08,131 [INFO] ApplicationProperties:184 - Using Application install path: C:\ST\STM32CubeIDE_1.19.0\STM32CubeIDE\plugins\com.st.stm32cube.common.mx_6.15.0.202507011659
2026-05-05 22:13:08,133 [INFO] PluginManage:196 - Search for loadable plugins [exclusion list=, ]
2026-05-05 22:13:08,137 [INFO] PluginManage:310 - Check plugin analytics
2026-05-05 22:13:08,552 [INFO] AnalyticsPlugin:253 - Accepted Software Licenses: 
2026-05-05 22:13:08,553 [INFO] AnalyticsPlugin:255 - Accepted CMSIS Pack Licenses: 
2026-05-05 22:13:08,553 [INFO] AnalyticsPlugin:257 - Accepted Firmware Licenses: 
2026-05-05 22:13:08,562 [INFO] PluginManage:359 - Loaded plugin analytics (category:tool,tabindex:-1)
2026-05-05 22:13:08,563 [INFO] PluginManage:310 - Check plugin cadmodel
2026-05-05 22:13:08,583 [INFO] CADModel:105 - Init CAD model plugin
2026-05-05 22:13:08,583 [INFO] PluginManage:359 - Loaded plugin cadmodel (category:power,tabindex:5)
2026-05-05 22:13:08,584 [INFO] PluginManage:310 - Check plugin clock
2026-05-05 22:13:08,620 [INFO] PluginManage:359 - Loaded plugin clock (category:base,tabindex:2)
2026-05-05 22:13:08,621 [INFO] PluginManage:310 - Check plugin ddr
2026-05-05 22:13:08,632 [INFO] PluginManage:359 - Loaded plugin ddr (category:tool,tabindex:6)
2026-05-05 22:13:08,632 [INFO] PluginManage:310 - Check plugin filemanager
2026-05-05 22:13:08,985 [INFO] PluginManage:359 - Loaded plugin filemanager (category:base,tabindex:10)
2026-05-05 22:13:08,985 [INFO] PluginManage:310 - Check plugin ipmanager
2026-05-05 22:13:08,998 [INFO] PluginManage:359 - Loaded plugin ipmanager (category:base,tabindex:5)
2026-05-05 22:13:08,998 [INFO] PluginManage:310 - Check plugin lpbam
2026-05-05 22:13:09,023 [INFO] PluginManage:359 - Loaded plugin lpbam (category:base,tabindex:0)
2026-05-05 22:13:09,023 [INFO] PluginManage:310 - Check plugin memorymap
2026-05-05 22:13:09,073 [INFO] PluginManage:359 - Loaded plugin memorymap (category:base,tabindex:4)
2026-05-05 22:13:09,074 [INFO] PluginManage:310 - Check plugin pinoutandconfiguration
2026-05-05 22:13:09,108 [INFO] PluginManage:359 - Loaded plugin pinoutandconfiguration (category:base,tabindex:1)
2026-05-05 22:13:09,109 [INFO] PluginManage:310 - Check plugin pinoutconfig
2026-05-05 22:13:09,328 [WARN] SupportedApi:132 - Cannot load RTOS API schema: s4s-elt-must-match.1: The content of 'definitions' must match (annotation?, (simpleType | complexType)?, (unique | key | keyref)*)). A problem was found starting at: attribute.
2026-05-05 22:13:09,655 [INFO] PluginManage:359 - Loaded plugin pinoutconfig (category:base,tabindex:0)
2026-05-05 22:13:09,655 [INFO] PluginManage:310 - Check plugin power
2026-05-05 22:13:09,674 [INFO] PluginManage:359 - Loaded plugin power (category:power,tabindex:4)
2026-05-05 22:13:09,674 [INFO] PluginManage:310 - Check plugin projectmanager
2026-05-05 22:13:09,714 [INFO] PluginManage:359 - Loaded plugin projectmanager (category:projectmanager,tabindex:4)
2026-05-05 22:13:09,714 [INFO] PluginManage:310 - Check plugin rif
2026-05-05 22:13:09,737 [INFO] PluginManage:359 - Loaded plugin rif (category:base,tabindex:3)
2026-05-05 22:13:09,738 [INFO] PluginManage:310 - Check plugin thirdparty
2026-05-05 22:13:10,068 [WARN] IntegrityCheckThread:84 - waiting for thirdparty lock release [integrity check]
2026-05-05 22:13:10,069 [INFO] PluginManage:359 - Loaded plugin thirdparty (category:base,tabindex:-1)
2026-05-05 22:13:10,069 [INFO] IntegrityCheckThread:86 - entering critical section [integrity check]
2026-05-05 22:13:10,069 [INFO] PluginManage:310 - Check plugin tools
2026-05-05 22:13:10,069 [INFO] ThirdPartyUpdaterWithRetryManager:70 - Updater plugin not ready yet. [1/15]
2026-05-05 22:13:10,077 [INFO] PluginManage:359 - Loaded plugin tools (category:base,tabindex:7)
2026-05-05 22:13:10,077 [INFO] PluginManage:310 - Check plugin tutovideos
2026-05-05 22:13:10,635 [INFO] PluginManage:359 - Loaded plugin tutovideos (category:base,tabindex:-1)
2026-05-05 22:13:10,636 [INFO] PluginManage:310 - Check plugin updater
2026-05-05 22:13:10,687 [INFO] PluginManage:359 - Loaded plugin updater (category:base,tabindex:12)
2026-05-05 22:13:10,687 [INFO] PluginManage:310 - Check plugin userauth
2026-05-05 22:13:10,696 [INFO] UserAuth:118 - Init User Auth plugin
2026-05-05 22:13:10,698 [INFO] PluginManage:359 - Loaded plugin userauth (category:base,tabindex:14)
2026-05-05 22:13:10,700 [INFO] PluginManage:283 - PluginManage : Loaded plugins [18]
2026-05-05 22:13:11,196 [INFO] PinOutPanel:1589 - setPackage(No Configuration,No Configuration)
2026-05-05 22:13:11,392 [INFO] CADModel:165 - CPN selected for project level
2026-05-05 22:13:11,392 [INFO] CADModel:114 - Register for checkConnection events
2026-05-05 22:13:11,437 [INFO] IPUIPlugin:80 - create IPUIPlugin
2026-05-05 22:13:11,438 [INFO] PluginManager:220 - loadIPPluginJar : add adc
2026-05-05 22:13:11,446 [INFO] IPUIPlugin:80 - create IPUIPlugin
2026-05-05 22:13:11,446 [INFO] PluginManager:220 - loadIPPluginJar : add aes
2026-05-05 22:13:11,454 [INFO] IPUIPlugin:80 - create IPUIPlugin
2026-05-05 22:13:11,455 [INFO] PluginManager:220 - loadIPPluginJar : add can
2026-05-05 22:13:11,459 [INFO] IPUIPlugin:80 - create IPUIPlugin
2026-05-05 22:13:11,460 [INFO] PluginManager:220 - loadIPPluginJar : add comp
2026-05-05 22:13:11,466 [INFO] IPUIPlugin:80 - create IPUIPlugin
2026-05-05 22:13:11,466 [INFO] PluginManager:220 - loadIPPluginJar : add cryp
2026-05-05 22:13:11,474 [INFO] IPUIPlugin:80 - create IPUIPlugin
2026-05-05 22:13:11,474 [INFO] PluginManager:220 - loadIPPluginJar : add ddr_ctrl_phy
2026-05-05 22:13:11,480 [INFO] IPUIPlugin:80 - create IPUIPlugin
2026-05-05 22:13:11,481 [INFO] PluginManager:220 - loadIPPluginJar : add dfsdm
2026-05-05 22:13:11,492 [INFO] IPUIPlugin:80 - create IPUIPlugin
2026-05-05 22:13:11,493 [INFO] PluginManager:220 - loadIPPluginJar : add dma
2026-05-05 22:13:11,501 [INFO] IPUIPlugin:80 - create IPUIPlugin
2026-05-05 22:13:11,502 [INFO] PluginManager:220 - loadIPPluginJar : add dma3
2026-05-05 22:13:11,510 [INFO] IPUIPlugin:80 - create IPUIPlugin
2026-05-05 22:13:11,510 [INFO] PluginManager:220 - loadIPPluginJar : add extmemmanager
2026-05-05 22:13:11,516 [INFO] IPUIPlugin:80 - create IPUIPlugin
2026-05-05 22:13:11,517 [INFO] PluginManager:220 - loadIPPluginJar : add fatfs
2026-05-05 22:13:11,529 [INFO] IPUIPlugin:80 - create IPUIPlugin
2026-05-05 22:13:11,529 [INFO] PluginManager:220 - loadIPPluginJar : add fmc
2026-05-05 22:13:11,546 [INFO] IPUIPlugin:80 - create IPUIPlugin
2026-05-05 22:13:11,546 [INFO] PluginManager:220 - loadIPPluginJar : add freertos
2026-05-05 22:13:11,550 [INFO] IPUIPlugin:80 - create IPUIPlugin
2026-05-05 22:13:11,550 [INFO] PluginManager:220 - loadIPPluginJar : add genericplugin
2026-05-05 22:13:11,558 [INFO] IPUIPlugin:80 - create IPUIPlugin
2026-05-05 22:13:11,558 [INFO] PluginManager:220 - loadIPPluginJar : add gfxmmu
2026-05-05 22:13:11,570 [INFO] IPUIPlugin:80 - create IPUIPlugin
2026-05-05 22:13:11,571 [INFO] PluginManager:220 - loadIPPluginJar : add gic
2026-05-05 22:13:11,582 [INFO] IPUIPlugin:80 - create IPUIPlugin
2026-05-05 22:13:11,582 [INFO] PluginManager:220 - loadIPPluginJar : add gpio
2026-05-05 22:13:11,588 [INFO] IPUIPlugin:80 - create IPUIPlugin
2026-05-05 22:13:11,588 [INFO] PluginManager:220 - loadIPPluginJar : add gtzc
2026-05-05 22:13:11,595 [INFO] IPUIPlugin:80 - create IPUIPlugin
2026-05-05 22:13:11,595 [INFO] PluginManager:220 - loadIPPluginJar : add hash
2026-05-05 22:13:11,602 [INFO] IPUIPlugin:80 - create IPUIPlugin
2026-05-05 22:13:11,602 [INFO] PluginManager:220 - loadIPPluginJar : add i2c
2026-05-05 22:13:11,608 [INFO] IPUIPlugin:80 - create IPUIPlugin
2026-05-05 22:13:11,609 [INFO] PluginManager:220 - loadIPPluginJar : add i2s
2026-05-05 22:13:11,614 [INFO] IPUIPlugin:80 - create IPUIPlugin
2026-05-05 22:13:11,614 [INFO] PluginManager:220 - loadIPPluginJar : add i3c
2026-05-05 22:13:11,620 [INFO] IPUIPlugin:80 - create IPUIPlugin
2026-05-05 22:13:11,621 [INFO] PluginManager:220 - loadIPPluginJar : add ipddr
2026-05-05 22:13:11,640 [INFO] IPUIPlugin:80 - create IPUIPlugin
2026-05-05 22:13:11,642 [INFO] PluginManager:220 - loadIPPluginJar : add linkedlist
2026-05-05 22:13:11,651 [INFO] IPUIPlugin:80 - create IPUIPlugin
2026-05-05 22:13:11,651 [INFO] PluginManager:220 - loadIPPluginJar : add lorawan
2026-05-05 22:13:11,653 [INFO] IPUIPlugin:80 - create IPUIPlugin
2026-05-05 22:13:11,653 [INFO] PluginManager:220 - loadIPPluginJar : add ltdc
2026-05-05 22:13:11,663 [INFO] IPUIPlugin:80 - create IPUIPlugin
2026-05-05 22:13:11,663 [INFO] PluginManager:220 - loadIPPluginJar : add mdma
2026-05-05 22:13:11,669 [INFO] IPUIPlugin:80 - create IPUIPlugin
2026-05-05 22:13:11,670 [INFO] PluginManager:220 - loadIPPluginJar : add nvic
2026-05-05 22:13:11,677 [INFO] IPUIPlugin:80 - create IPUIPlugin
2026-05-05 22:13:11,677 [INFO] PluginManager:220 - loadIPPluginJar : add opamp
2026-05-05 22:13:11,688 [INFO] IPUIPlugin:80 - create IPUIPlugin
2026-05-05 22:13:11,688 [INFO] PluginManager:220 - loadIPPluginJar : add openamp
2026-05-05 22:13:11,700 [INFO] IPUIPlugin:80 - create IPUIPlugin
2026-05-05 22:13:11,700 [INFO] PluginManager:220 - loadIPPluginJar : add pdm2pcm
2026-05-05 22:13:11,716 [INFO] IPUIPlugin:80 - create IPUIPlugin
2026-05-05 22:13:11,723 [INFO] PluginManager:220 - loadIPPluginJar : add plateformsettings
2026-05-05 22:13:11,730 [INFO] IPUIPlugin:80 - create IPUIPlugin
2026-05-05 22:13:11,730 [INFO] PluginManager:220 - loadIPPluginJar : add quadspi
2026-05-05 22:13:11,736 [INFO] IPUIPlugin:80 - create IPUIPlugin
2026-05-05 22:13:11,738 [INFO] PluginManager:220 - loadIPPluginJar : add radio
2026-05-05 22:13:11,753 [INFO] IPUIPlugin:80 - create IPUIPlugin
2026-05-05 22:13:11,754 [INFO] PluginManager:220 - loadIPPluginJar : add resmgrutility
2026-05-05 22:13:11,765 [INFO] IPUIPlugin:80 - create IPUIPlugin
2026-05-05 22:13:11,766 [INFO] PluginManager:220 - loadIPPluginJar : add sai
2026-05-05 22:13:11,774 [INFO] IPUIPlugin:80 - create IPUIPlugin
2026-05-05 22:13:11,775 [INFO] PluginManager:220 - loadIPPluginJar : add spi
2026-05-05 22:13:11,794 [INFO] IPUIPlugin:80 - create IPUIPlugin
2026-05-05 22:13:11,795 [INFO] PluginManager:220 - loadIPPluginJar : add stm32_wpan
2026-05-05 22:13:11,800 [INFO] IPUIPlugin:80 - create IPUIPlugin
2026-05-05 22:13:11,800 [INFO] PluginManager:220 - loadIPPluginJar : add tim
2026-05-05 22:13:11,808 [INFO] IPUIPlugin:80 - create IPUIPlugin
2026-05-05 22:13:11,808 [INFO] PluginManager:220 - loadIPPluginJar : add touchsensing
2026-05-05 22:13:11,814 [INFO] IPUIPlugin:80 - create IPUIPlugin
2026-05-05 22:13:11,814 [INFO] PluginManager:220 - loadIPPluginJar : add tracer_emb
2026-05-05 22:13:11,820 [INFO] IPUIPlugin:80 - create IPUIPlugin
2026-05-05 22:13:11,820 [INFO] PluginManager:220 - loadIPPluginJar : add ts
2026-05-05 22:13:11,825 [INFO] IPUIPlugin:80 - create IPUIPlugin
2026-05-05 22:13:11,825 [INFO] PluginManager:220 - loadIPPluginJar : add tsc
2026-05-05 22:13:11,831 [INFO] IPUIPlugin:80 - create IPUIPlugin
2026-05-05 22:13:11,831 [INFO] PluginManager:220 - loadIPPluginJar : add ucpd
2026-05-05 22:13:11,838 [INFO] IPUIPlugin:80 - create IPUIPlugin
2026-05-05 22:13:11,839 [INFO] PluginManager:220 - loadIPPluginJar : add usart
2026-05-05 22:13:11,847 [INFO] IPUIPlugin:80 - create IPUIPlugin
2026-05-05 22:13:11,848 [INFO] PluginManager:220 - loadIPPluginJar : add usbx
2026-05-05 22:13:12,019 [FATAL] Updater:351 - Updater called before beeing initialized
2026-05-05 22:13:12,094 [INFO] RulesReader:64 - Compatibility file has been processed (317 Rules)
2026-05-05 22:13:12,120 [INFO] RulesReader:64 - Compatibility file has been processed (317 Rules)
2026-05-05 22:13:12,143 [INFO] CADModel:165 - CPN selected for project level
2026-05-05 22:13:12,143 [INFO] CADModel:114 - Register for checkConnection events
2026-05-05 22:13:12,144 [FATAL] Updater:351 - Updater called before beeing initialized
2026-05-05 22:13:12,144 [ERROR] CADModel:125 - Updater not yet initialized, retry later 
2026-05-05 22:13:12,494 [FATAL] Updater:351 - Updater called before beeing initialized
2026-05-05 22:13:12,499 [INFO] CADModel:165 - CPN selected for project level
2026-05-05 22:13:12,500 [INFO] CADModel:114 - Register for checkConnection events
2026-05-05 22:13:12,500 [FATAL] Updater:351 - Updater called before beeing initialized
2026-05-05 22:13:12,500 [ERROR] CADModel:125 - Updater not yet initialized, retry later 
2026-05-05 22:13:12,508 [FATAL] Updater:351 - Updater called before beeing initialized
2026-05-05 22:13:12,721 [FATAL] Updater:351 - Updater called before beeing initialized
2026-05-05 22:13:12,727 [INFO] DbMcusAds:53 - JSON generation date=Mon Apr 27 13:44:29 IST 2026 (1777277669683)
2026-05-05 22:13:12,728 [FATAL] Updater:351 - Updater called before beeing initialized
2026-05-05 22:13:12,799 [WARN] DetailPanel:346 - Failed to get advertising image, set to default
2026-05-05 22:13:12,995 [FATAL] Updater:351 - Updater called before beeing initialized
2026-05-05 22:13:12,999 [FATAL] Updater:351 - Updater called before beeing initialized
2026-05-05 22:13:12,999 [FATAL] Updater:351 - Updater called before beeing initialized
2026-05-05 22:13:13,000 [WARN] DetailPanel:346 - Failed to get advertising image, set to default
2026-05-05 22:13:13,003 [FATAL] Updater:351 - Updater called before beeing initialized
2026-05-05 22:13:13,070 [INFO] ThirdPartyUpdaterWithRetryManager:70 - Updater plugin not ready yet. [2/15]
2026-05-05 22:13:13,107 [ERROR] Updater:1198 - MainUpdater not yet initialized. External WinMGr cannot be set.
2026-05-05 22:13:13,111 [INFO] Updater:1134 - Updater Version found : 6.15.0
2026-05-05 22:13:13,149 [INFO] ApplicationProperties:184 - Using Application install path: C:\ST\STM32CubeIDE_1.19.0\STM32CubeIDE\plugins\com.st.stm32cube.common.mx_6.15.0.202507011659
2026-05-05 22:13:14,760 [ERROR] LogOutputStream:75 - [STDERR_REDIRECT] May 05, 2026 10:13:14 PM java.util.prefs.WindowsPreferences <init>
2026-05-05 22:13:14,763 [ERROR] LogOutputStream:75 - [STDERR_REDIRECT] WARNING: Could not open/create prefs root node Software\JavaSoft\Prefs at root 0xffffffff80000002. Windows RegCreateKeyEx(...) returned error code 5.
2026-05-05 22:13:14,764 [ERROR] LogOutputStream:75 - [STDERR_REDIRECT] 
2026-05-05 22:13:16,073 [FATAL] Updater:351 - Updater called before beeing initialized
2026-05-05 22:13:16,074 [ERROR] IntegrityCheckThread:130 - Cannot retrieve database content from updater: error 21
2026-05-05 22:13:16,074 [INFO] ThirdParty:978 - Integrity check success = false
2026-05-05 22:13:16,074 [INFO] IntegrityCheckThread:100 - exiting critical section [integrity check]
2026-05-05 22:13:16,075 [INFO] IntegrityCheckThread:103 - End integrity checks thread
2026-05-05 22:13:21,502 [WARN] CheckConnectionManager:291 - Warning during Server Connection :  timeout Read timed out
2026-05-05 22:13:25,229 [INFO] MainUpdater:2872 - connection check result : 10
2026-05-05 22:13:25,229 [INFO] MainUpdater:3604 - Updater definition file requires update
2026-05-05 22:13:25,233 [INFO] MainUpdater:289 - Updater Check For Update Now.
2026-05-05 22:13:25,233 [INFO] MicroXplorer:498 - Change Database Version : DB.6.0.150
2026-05-05 22:13:25,249 [INFO] McuFinderGlobals:63 - Set McuFinder mode to 2 (CubeIDE integrated)
2026-05-05 22:13:25,249 [INFO] UserAuth:171 - activating auth plugin
2026-05-05 22:13:25,258 [INFO] UserAuth:487 - Internet connection configuration mode: 1
2026-05-05 22:13:25,314 [INFO] JxBrowserEngine:152 - Initiate JxBrowser Engine with user profile folder
2026-05-05 22:13:25,467 [INFO] ServerAccessManage:452 - Complete download http(s) 200
2026-05-05 22:13:25,469 [INFO] ServerAccessManage:509 - Download File updaters.zip
2026-05-05 22:13:28,408 [INFO] WebApp:169 - Instantiating new browser for Auth
2026-05-05 22:13:29,399 [INFO] FileExtend:248 - Unzip File : updaters.zip
2026-05-05 22:13:29,401 [INFO] FileExtend:263 - Standard Zip Deflate
2026-05-05 22:13:30,122 [INFO] WebApp:463 - Apply proxy settings
2026-05-05 22:13:30,123 [INFO] WebApp:548 - Chromium requires no authentication
2026-05-05 22:13:30,142 [INFO] WebApp:491 - Direct internet connection detected
2026-05-05 22:13:30,222 [INFO] WebApp:900 - Register for checkConnection events
2026-05-05 22:13:30,222 [INFO] WebApp:463 - Apply proxy settings
2026-05-05 22:13:30,223 [INFO] WebApp:548 - Chromium requires no authentication
2026-05-05 22:13:30,225 [INFO] WebApp:491 - Direct internet connection detected
2026-05-05 22:13:30,438 [INFO] ServerAccessManage:452 - Complete download http(s) 200
2026-05-05 22:13:30,439 [INFO] ServerAccessManage:509 - Download File PacksControlFlags.xml
2026-05-05 22:13:30,706 [INFO] WebApp:225 - Starting web application
2026-05-05 22:13:30,706 [INFO] WebApp:593 - Web application path used C:\ST\STM32CubeIDE_1.19.0\STM32CubeIDE\plugins\com.st.stm32cube.common.mx_6.15.0.202507011659\db\plugins\mcufinder\reactClient1\index.html
2026-05-05 22:13:30,742 [INFO] WebApp:191 - Connection restablished
2026-05-05 22:13:30,762 [INFO] ServerAccessManage:452 - Complete download http(s) 200
2026-05-05 22:13:30,762 [INFO] ServerAccessManage:509 - Download File cubemx.pidx
2026-05-05 22:13:30,991 [INFO] LoadServerUpdatesThread:375 - End of LoadServerUpdate Thread
2026-05-05 22:13:31,197 [INFO] CheckServerUpdateThread:120 - End of CheckServer Thread
2026-05-05 22:13:31,600 [ERROR] LogOutputStream:75 - [STDERR_REDIRECT] [Fatal Error] :1:1: Premature end of file.
2026-05-05 22:13:31,602 [ERROR] LogOutputStream:75 - [STDERR_REDIRECT] 
2026-05-05 22:13:32,518 [ERROR] LogOutputStream:75 - [STDERR_REDIRECT] [Fatal Error] :1:1: Premature end of file.
2026-05-05 22:13:32,518 [ERROR] LogOutputStream:75 - [STDERR_REDIRECT] 
2026-05-05 22:13:33,543 [ERROR] LogOutputStream:75 - [STDERR_REDIRECT] [Fatal Error] :1:1: Premature end of file.
2026-05-05 22:13:33,544 [ERROR] LogOutputStream:75 - [STDERR_REDIRECT] 
2026-05-05 22:13:34,516 [ERROR] LogOutputStream:75 - [STDERR_REDIRECT] [Fatal Error] :1:1: Premature end of file.
2026-05-05 22:13:34,517 [ERROR] LogOutputStream:75 - [STDERR_REDIRECT] 
2026-05-05 22:13:35,538 [ERROR] LogOutputStream:75 - [STDERR_REDIRECT] [Fatal Error] :1:1: Premature end of file.
2026-05-05 22:13:35,539 [ERROR] LogOutputStream:75 - [STDERR_REDIRECT] 
2026-05-05 22:13:36,545 [ERROR] LogOutputStream:75 - [STDERR_REDIRECT] [Fatal Error] :1:1: Premature end of file.
2026-05-05 22:13:36,545 [ERROR] LogOutputStream:75 - [STDERR_REDIRECT] 
2026-05-05 22:13:37,556 [ERROR] LogOutputStream:75 - [STDERR_REDIRECT] [Fatal Error] :1:1: Premature end of file.
2026-05-05 22:13:37,557 [ERROR] LogOutputStream:75 - [STDERR_REDIRECT] 
2026-05-05 22:13:38,536 [ERROR] LogOutputStream:75 - [STDERR_REDIRECT] [Fatal Error] :1:1: Premature end of file.
2026-05-05 22:13:38,537 [ERROR] LogOutputStream:75 - [STDERR_REDIRECT] 
2026-05-05 22:13:39,543 [ERROR] LogOutputStream:75 - [STDERR_REDIRECT] [Fatal Error] :1:1: Premature end of file.
2026-05-05 22:13:39,544 [ERROR] LogOutputStream:75 - [STDERR_REDIRECT] 
2026-05-05 22:13:40,538 [ERROR] LogOutputStream:75 - [STDERR_REDIRECT] [Fatal Error] :1:1: Premature end of file.
2026-05-05 22:13:40,539 [ERROR] LogOutputStream:75 - [STDERR_REDIRECT] 
2026-05-05 22:13:41,551 [ERROR] LogOutputStream:75 - [STDERR_REDIRECT] [Fatal Error] :1:1: Premature end of file.
2026-05-05 22:13:41,551 [ERROR] LogOutputStream:75 - [STDERR_REDIRECT] 
2026-05-05 22:13:42,545 [ERROR] LogOutputStream:75 - [STDERR_REDIRECT] [Fatal Error] :1:1: Premature end of file.
2026-05-05 22:13:42,545 [ERROR] LogOutputStream:75 - [STDERR_REDIRECT] 
2026-05-05 22:13:43,540 [ERROR] LogOutputStream:75 - [STDERR_REDIRECT] [Fatal Error] :1:1: Premature end of file.
2026-05-05 22:13:43,541 [ERROR] LogOutputStream:75 - [STDERR_REDIRECT] 
2026-05-05 22:13:44,558 [ERROR] LogOutputStream:75 - [STDERR_REDIRECT] [Fatal Error] :1:1: Premature end of file.
2026-05-05 22:13:44,558 [ERROR] LogOutputStream:75 - [STDERR_REDIRECT] 
2026-05-05 22:13:45,534 [ERROR] LogOutputStream:75 - [STDERR_REDIRECT] [Fatal Error] :1:1: Premature end of file.
2026-05-05 22:13:45,535 [ERROR] LogOutputStream:75 - [STDERR_REDIRECT] 
2026-05-05 22:13:46,541 [ERROR] LogOutputStream:75 - [STDERR_REDIRECT] [Fatal Error] :1:1: Premature end of file.
2026-05-05 22:13:46,542 [ERROR] LogOutputStream:75 - [STDERR_REDIRECT] 
2026-05-05 22:13:47,540 [ERROR] LogOutputStream:75 - [STDERR_REDIRECT] [Fatal Error] :1:1: Premature end of file.
2026-05-05 22:13:47,540 [ERROR] LogOutputStream:75 - [STDERR_REDIRECT] 
2026-05-05 22:13:48,542 [ERROR] LogOutputStream:75 - [STDERR_REDIRECT] [Fatal Error] :1:1: Premature end of file.
2026-05-05 22:13:48,542 [ERROR] LogOutputStream:75 - [STDERR_REDIRECT] 
2026-05-05 22:13:49,538 [ERROR] LogOutputStream:75 - [STDERR_REDIRECT] [Fatal Error] :1:1: Premature end of file.
2026-05-05 22:13:49,538 [ERROR] LogOutputStream:75 - [STDERR_REDIRECT] 
2026-05-05 22:13:50,543 [ERROR] LogOutputStream:75 - [STDERR_REDIRECT] [Fatal Error] :1:1: Premature end of file.
2026-05-05 22:13:50,544 [ERROR] LogOutputStream:75 - [STDERR_REDIRECT] 
2026-05-05 22:13:51,540 [ERROR] LogOutputStream:75 - [STDERR_REDIRECT] [Fatal Error] :1:1: Premature end of file.
2026-05-05 22:13:51,540 [ERROR] LogOutputStream:75 - [STDERR_REDIRECT] 
2026-05-05 22:13:52,508 [ERROR] LogOutputStream:75 - [STDERR_REDIRECT] [Fatal Error] :1:1: Premature end of file.
2026-05-05 22:13:52,509 [ERROR] LogOutputStream:75 - [STDERR_REDIRECT] 
2026-05-05 22:13:53,551 [ERROR] LogOutputStream:75 - [STDERR_REDIRECT] [Fatal Error] :1:1: Premature end of file.
2026-05-05 22:13:53,551 [ERROR] LogOutputStream:75 - [STDERR_REDIRECT] 
2026-05-05 22:13:54,536 [ERROR] LogOutputStream:75 - [STDERR_REDIRECT] [Fatal Error] :1:1: Premature end of file.
2026-05-05 22:13:54,536 [ERROR] LogOutputStream:75 - [STDERR_REDIRECT] 
2026-05-05 22:13:55,537 [ERROR] LogOutputStream:75 - [STDERR_REDIRECT] [Fatal Error] :1:1: Premature end of file.
2026-05-05 22:13:55,537 [ERROR] LogOutputStream:75 - [STDERR_REDIRECT] 
2026-05-05 22:13:56,542 [ERROR] LogOutputStream:75 - [STDERR_REDIRECT] [Fatal Error] :1:1: Premature end of file.
2026-05-05 22:13:56,542 [ERROR] LogOutputStream:75 - [STDERR_REDIRECT] 
2026-05-05 22:13:57,517 [ERROR] LogOutputStream:75 - [STDERR_REDIRECT] [Fatal Error] :1:1: Premature end of file.
2026-05-05 22:13:57,518 [ERROR] LogOutputStream:75 - [STDERR_REDIRECT] 
2026-05-05 22:13:58,537 [ERROR] LogOutputStream:75 - [STDERR_REDIRECT] [Fatal Error] :1:1: Premature end of file.
2026-05-05 22:13:58,537 [ERROR] LogOutputStream:75 - [STDERR_REDIRECT] 
2026-05-05 22:13:59,539 [ERROR] LogOutputStream:75 - [STDERR_REDIRECT] [Fatal Error] :1:1: Premature end of file.
2026-05-05 22:13:59,539 [ERROR] LogOutputStream:75 - [STDERR_REDIRECT] 
2026-05-05 22:14:00,539 [ERROR] LogOutputStream:75 - [STDERR_REDIRECT] [Fatal Error] :1:1: Premature end of file.
2026-05-05 22:14:00,540 [ERROR] LogOutputStream:75 - [STDERR_REDIRECT] 
2026-05-05 22:14:01,524 [ERROR] LogOutputStream:75 - [STDERR_REDIRECT] [Fatal Error] :1:1: Premature end of file.
2026-05-05 22:14:01,525 [ERROR] LogOutputStream:75 - [STDERR_REDIRECT] 
2026-05-05 22:14:02,544 [ERROR] LogOutputStream:75 - [STDERR_REDIRECT] [Fatal Error] :1:1: Premature end of file.
2026-05-05 22:14:02,545 [ERROR] LogOutputStream:75 - [STDERR_REDIRECT] 
2026-05-05 22:14:03,542 [ERROR] LogOutputStream:75 - [STDERR_REDIRECT] [Fatal Error] :1:1: Premature end of file.
2026-05-05 22:14:03,542 [ERROR] LogOutputStream:75 - [STDERR_REDIRECT] 
2026-05-05 22:14:04,542 [ERROR] LogOutputStream:75 - [STDERR_REDIRECT] [Fatal Error] :1:1: Premature end of file.
2026-05-05 22:14:04,542 [ERROR] LogOutputStream:75 - [STDERR_REDIRECT] 
2026-05-05 22:14:05,549 [ERROR] LogOutputStream:75 - [STDERR_REDIRECT] [Fatal Error] :1:1: Premature end of file.
2026-05-05 22:14:05,550 [ERROR] LogOutputStream:75 - [STDERR_REDIRECT] 
2026-05-05 22:14:06,519 [ERROR] LogOutputStream:75 - [STDERR_REDIRECT] [Fatal Error] :1:1: Premature end of file.
2026-05-05 22:14:06,520 [ERROR] LogOutputStream:75 - [STDERR_REDIRECT] 
2026-05-05 22:14:07,529 [ERROR] LogOutputStream:75 - [STDERR_REDIRECT] [Fatal Error] :1:1: Premature end of file.
2026-05-05 22:14:07,530 [ERROR] LogOutputStream:75 - [STDERR_REDIRECT] 
2026-05-05 22:14:08,532 [ERROR] LogOutputStream:75 - [STDERR_REDIRECT] [Fatal Error] :1:1: Premature end of file.
2026-05-05 22:14:08,533 [ERROR] LogOutputStream:75 - [STDERR_REDIRECT] 
2026-05-05 22:14:09,543 [ERROR] LogOutputStream:75 - [STDERR_REDIRECT] [Fatal Error] :1:1: Premature end of file.
2026-05-05 22:14:09,543 [ERROR] LogOutputStream:75 - [STDERR_REDIRECT] 
2026-05-05 22:14:10,524 [ERROR] LogOutputStream:75 - [STDERR_REDIRECT] [Fatal Error] :1:1: Premature end of file.
2026-05-05 22:14:10,525 [ERROR] LogOutputStream:75 - [STDERR_REDIRECT] 
2026-05-05 22:14:11,569 [ERROR] LogOutputStream:75 - [STDERR_REDIRECT] [Fatal Error] :1:1: Premature end of file.
2026-05-05 22:14:11,569 [ERROR] LogOutputStream:75 - [STDERR_REDIRECT] 
2026-05-05 22:14:12,526 [ERROR] LogOutputStream:75 - [STDERR_REDIRECT] [Fatal Error] :1:1: Premature end of file.
2026-05-05 22:14:12,527 [ERROR] LogOutputStream:75 - [STDERR_REDIRECT] 
2026-05-05 22:14:13,541 [ERROR] LogOutputStream:75 - [STDERR_REDIRECT] [Fatal Error] :1:1: Premature end of file.
2026-05-05 22:14:13,541 [ERROR] LogOutputStream:75 - [STDERR_REDIRECT] 
2026-05-05 22:14:14,528 [ERROR] LogOutputStream:75 - [STDERR_REDIRECT] [Fatal Error] :1:1: Premature end of file.
2026-05-05 22:14:14,529 [ERROR] LogOutputStream:75 - [STDERR_REDIRECT] 
2026-05-05 22:14:15,540 [ERROR] LogOutputStream:75 - [STDERR_REDIRECT] [Fatal Error] :1:1: Premature end of file.
2026-05-05 22:14:15,540 [ERROR] LogOutputStream:75 - [STDERR_REDIRECT] 
2026-05-05 22:14:16,541 [ERROR] LogOutputStream:75 - [STDERR_REDIRECT] [Fatal Error] :1:1: Premature end of file.
2026-05-05 22:14:16,541 [ERROR] LogOutputStream:75 - [STDERR_REDIRECT] 
2026-05-05 22:14:17,547 [ERROR] LogOutputStream:75 - [STDERR_REDIRECT] [Fatal Error] :1:1: Premature end of file.
2026-05-05 22:14:17,547 [ERROR] LogOutputStream:75 - [STDERR_REDIRECT] 
2026-05-05 22:14:18,565 [ERROR] LogOutputStream:75 - [STDERR_REDIRECT] [Fatal Error] :1:1: Premature end of file.
2026-05-05 22:14:18,566 [ERROR] LogOutputStream:75 - [STDERR_REDIRECT] 
2026-05-05 22:14:19,552 [ERROR] LogOutputStream:75 - [STDERR_REDIRECT] [Fatal Error] :1:1: Premature end of file.
2026-05-05 22:14:19,553 [ERROR] LogOutputStream:75 - [STDERR_REDIRECT] 
2026-05-05 22:14:20,561 [ERROR] LogOutputStream:75 - [STDERR_REDIRECT] [Fatal Error] :1:1: Premature end of file.
2026-05-05 22:14:20,562 [ERROR] LogOutputStream:75 - [STDERR_REDIRECT] 
2026-05-05 22:14:21,541 [ERROR] LogOutputStream:75 - [STDERR_REDIRECT] [Fatal Error] :1:1: Premature end of file.
2026-05-05 22:14:21,542 [ERROR] LogOutputStream:75 - [STDERR_REDIRECT] 
2026-05-05 22:14:22,541 [ERROR] LogOutputStream:75 - [STDERR_REDIRECT] [Fatal Error] :1:1: Premature end of file.
2026-05-05 22:14:22,541 [ERROR] LogOutputStream:75 - [STDERR_REDIRECT] 
2026-05-05 22:14:23,549 [ERROR] LogOutputStream:75 - [STDERR_REDIRECT] [Fatal Error] :1:1: Premature end of file.
2026-05-05 22:14:23,550 [ERROR] LogOutputStream:75 - [STDERR_REDIRECT] 
2026-05-05 22:14:24,551 [ERROR] LogOutputStream:75 - [STDERR_REDIRECT] [Fatal Error] :1:1: Premature end of file.
2026-05-05 22:14:24,551 [ERROR] LogOutputStream:75 - [STDERR_REDIRECT] 
2026-05-05 22:14:25,545 [ERROR] LogOutputStream:75 - [STDERR_REDIRECT] [Fatal Error] :1:1: Premature end of file.
2026-05-05 22:14:25,546 [ERROR] LogOutputStream:75 - [STDERR_REDIRECT] 
2026-05-05 22:14:26,541 [ERROR] LogOutputStream:75 - [STDERR_REDIRECT] [Fatal Error] :1:1: Premature end of file.
2026-05-05 22:14:26,541 [ERROR] LogOutputStream:75 - [STDERR_REDIRECT] 
2026-05-05 22:14:27,543 [ERROR] LogOutputStream:75 - [STDERR_REDIRECT] [Fatal Error] :1:1: Premature end of file.
2026-05-05 22:14:27,543 [ERROR] LogOutputStream:75 - [STDERR_REDIRECT] 
2026-05-05 22:14:28,562 [ERROR] LogOutputStream:75 - [STDERR_REDIRECT] [Fatal Error] :1:1: Premature end of file.
2026-05-05 22:14:28,563 [ERROR] LogOutputStream:75 - [STDERR_REDIRECT] 
2026-05-05 22:14:29,538 [ERROR] LogOutputStream:75 - [STDERR_REDIRECT] [Fatal Error] :1:1: Premature end of file.
2026-05-05 22:14:29,538 [ERROR] LogOutputStream:75 - [STDERR_REDIRECT] 
2026-05-05 22:14:30,558 [ERROR] LogOutputStream:75 - [STDERR_REDIRECT] [Fatal Error] :1:1: Premature end of file.
2026-05-05 22:14:30,559 [ERROR] LogOutputStream:75 - [STDERR_REDIRECT] 
2026-05-05 22:14:31,543 [ERROR] LogOutputStream:75 - [STDERR_REDIRECT] [Fatal Error] :1:1: Premature end of file.
2026-05-05 22:14:31,544 [ERROR] LogOutputStream:75 - [STDERR_REDIRECT] 
2026-05-05 22:14:32,553 [ERROR] LogOutputStream:75 - [STDERR_REDIRECT] [Fatal Error] :1:1: Premature end of file.
2026-05-05 22:14:32,553 [ERROR] LogOutputStream:75 - [STDERR_REDIRECT] 
2026-05-05 22:14:33,579 [ERROR] LogOutputStream:75 - [STDERR_REDIRECT] [Fatal Error] :1:1: Premature end of file.
2026-05-05 22:14:33,579 [ERROR] LogOutputStream:75 - [STDERR_REDIRECT] 
2026-05-05 22:14:34,558 [ERROR] LogOutputStream:75 - [STDERR_REDIRECT] [Fatal Error] :1:1: Premature end of file.
2026-05-05 22:14:34,559 [ERROR] LogOutputStream:75 - [STDERR_REDIRECT] 
2026-05-05 22:14:35,550 [ERROR] LogOutputStream:75 - [STDERR_REDIRECT] [Fatal Error] :1:1: Premature end of file.
2026-05-05 22:14:35,551 [ERROR] LogOutputStream:75 - [STDERR_REDIRECT] 
2026-05-05 22:14:36,539 [ERROR] LogOutputStream:75 - [STDERR_REDIRECT] [Fatal Error] :1:1: Premature end of file.
2026-05-05 22:14:36,540 [ERROR] LogOutputStream:75 - [STDERR_REDIRECT] 
2026-05-05 22:14:37,532 [ERROR] LogOutputStream:75 - [STDERR_REDIRECT] [Fatal Error] :1:1: Premature end of file.
2026-05-05 22:14:37,532 [ERROR] LogOutputStream:75 - [STDERR_REDIRECT] 
2026-05-05 22:14:38,528 [ERROR] LogOutputStream:75 - [STDERR_REDIRECT] [Fatal Error] :1:1: Premature end of file.
2026-05-05 22:14:38,529 [ERROR] LogOutputStream:75 - [STDERR_REDIRECT] 
2026-05-05 22:14:39,537 [ERROR] LogOutputStream:75 - [STDERR_REDIRECT] [Fatal Error] :1:1: Premature end of file.
2026-05-05 22:14:39,537 [ERROR] LogOutputStream:75 - [STDERR_REDIRECT] 
2026-05-05 22:14:40,547 [ERROR] LogOutputStream:75 - [STDERR_REDIRECT] [Fatal Error] :1:1: Premature end of file.
2026-05-05 22:14:40,548 [ERROR] LogOutputStream:75 - [STDERR_REDIRECT] 
2026-05-05 22:14:41,523 [ERROR] LogOutputStream:75 - [STDERR_REDIRECT] [Fatal Error] :1:1: Premature end of file.
2026-05-05 22:14:41,523 [ERROR] LogOutputStream:75 - [STDERR_REDIRECT] 
2026-05-05 22:14:42,542 [ERROR] LogOutputStream:75 - [STDERR_REDIRECT] [Fatal Error] :1:1: Premature end of file.
2026-05-05 22:14:42,542 [ERROR] LogOutputStream:75 - [STDERR_REDIRECT] 
2026-05-05 22:14:43,542 [ERROR] LogOutputStream:75 - [STDERR_REDIRECT] [Fatal Error] :1:1: Premature end of file.
2026-05-05 22:14:43,543 [ERROR] LogOutputStream:75 - [STDERR_REDIRECT] 
2026-05-05 22:14:44,567 [ERROR] LogOutputStream:75 - [STDERR_REDIRECT] [Fatal Error] :1:1: Premature end of file.
2026-05-05 22:14:44,568 [ERROR] LogOutputStream:75 - [STDERR_REDIRECT] 
2026-05-05 22:14:45,550 [ERROR] LogOutputStream:75 - [STDERR_REDIRECT] [Fatal Error] :1:1: Premature end of file.
2026-05-05 22:14:45,551 [ERROR] LogOutputStream:75 - [STDERR_REDIRECT] 
2026-05-05 22:14:46,542 [ERROR] LogOutputStream:75 - [STDERR_REDIRECT] [Fatal Error] :1:1: Premature end of file.
2026-05-05 22:14:46,542 [ERROR] LogOutputStream:75 - [STDERR_REDIRECT] 
2026-05-05 22:14:47,525 [ERROR] LogOutputStream:75 - [STDERR_REDIRECT] [Fatal Error] :1:1: Premature end of file.
2026-05-05 22:14:47,526 [ERROR] LogOutputStream:75 - [STDERR_REDIRECT] 
2026-05-05 22:14:48,536 [ERROR] LogOutputStream:75 - [STDERR_REDIRECT] [Fatal Error] :1:1: Premature end of file.
2026-05-05 22:14:48,536 [ERROR] LogOutputStream:75 - [STDERR_REDIRECT] 
2026-05-05 22:14:49,557 [ERROR] LogOutputStream:75 - [STDERR_REDIRECT] [Fatal Error] :1:1: Premature end of file.
2026-05-05 22:14:49,557 [ERROR] LogOutputStream:75 - [STDERR_REDIRECT] 
2026-05-05 22:14:50,534 [ERROR] LogOutputStream:75 - [STDERR_REDIRECT] [Fatal Error] :1:1: Premature end of file.
2026-05-05 22:14:50,534 [ERROR] LogOutputStream:75 - [STDERR_REDIRECT] 
2026-05-05 22:14:51,540 [ERROR] LogOutputStream:75 - [STDERR_REDIRECT] [Fatal Error] :1:1: Premature end of file.
2026-05-05 22:14:51,540 [ERROR] LogOutputStream:75 - [STDERR_REDIRECT] 
2026-05-05 22:14:52,522 [ERROR] LogOutputStream:75 - [STDERR_REDIRECT] [Fatal Error] :1:1: Premature end of file.
2026-05-05 22:14:52,522 [ERROR] LogOutputStream:75 - [STDERR_REDIRECT] 
2026-05-05 22:14:53,526 [ERROR] LogOutputStream:75 - [STDERR_REDIRECT] [Fatal Error] :1:1: Premature end of file.
2026-05-05 22:14:53,527 [ERROR] LogOutputStream:75 - [STDERR_REDIRECT] 
2026-05-05 22:14:54,544 [ERROR] LogOutputStream:75 - [STDERR_REDIRECT] [Fatal Error] :1:1: Premature end of file.
2026-05-05 22:14:54,545 [ERROR] LogOutputStream:75 - [STDERR_REDIRECT] 
2026-05-05 22:14:55,534 [ERROR] LogOutputStream:75 - [STDERR_REDIRECT] [Fatal Error] :1:1: Premature end of file.
2026-05-05 22:14:55,535 [ERROR] LogOutputStream:75 - [STDERR_REDIRECT] 
2026-05-05 22:14:56,541 [ERROR] LogOutputStream:75 - [STDERR_REDIRECT] [Fatal Error] :1:1: Premature end of file.
2026-05-05 22:14:56,542 [ERROR] LogOutputStream:75 - [STDERR_REDIRECT] 
2026-05-05 22:14:57,539 [ERROR] LogOutputStream:75 - [STDERR_REDIRECT] [Fatal Error] :1:1: Premature end of file.
2026-05-05 22:14:57,540 [ERROR] LogOutputStream:75 - [STDERR_REDIRECT] 
2026-05-05 22:14:58,542 [ERROR] LogOutputStream:75 - [STDERR_REDIRECT] [Fatal Error] :1:1: Premature end of file.
2026-05-05 22:14:58,542 [ERROR] LogOutputStream:75 - [STDERR_REDIRECT] 
2026-05-05 22:14:59,547 [ERROR] LogOutputStream:75 - [STDERR_REDIRECT] [Fatal Error] :1:1: Premature end of file.
2026-05-05 22:14:59,547 [ERROR] LogOutputStream:75 - [STDERR_REDIRECT] 
2026-05-05 22:15:00,547 [ERROR] LogOutputStream:75 - [STDERR_REDIRECT] [Fatal Error] :1:1: Premature end of file.
2026-05-05 22:15:00,547 [ERROR] LogOutputStream:75 - [STDERR_REDIRECT] 
2026-05-05 22:15:01,540 [ERROR] LogOutputStream:75 - [STDERR_REDIRECT] [Fatal Error] :1:1: Premature end of file.
2026-05-05 22:15:01,541 [ERROR] LogOutputStream:75 - [STDERR_REDIRECT] 
2026-05-05 22:15:02,547 [ERROR] LogOutputStream:75 - [STDERR_REDIRECT] [Fatal Error] :1:1: Premature end of file.
2026-05-05 22:15:02,547 [ERROR] LogOutputStream:75 - [STDERR_REDIRECT] 
2026-05-05 22:15:03,569 [ERROR] LogOutputStream:75 - [STDERR_REDIRECT] [Fatal Error] :1:1: Premature end of file.
2026-05-05 22:15:03,570 [ERROR] LogOutputStream:75 - [STDERR_REDIRECT] 
2026-05-05 22:15:04,561 [ERROR] LogOutputStream:75 - [STDERR_REDIRECT] [Fatal Error] :1:1: Premature end of file.
2026-05-05 22:15:04,562 [ERROR] LogOutputStream:75 - [STDERR_REDIRECT] 
2026-05-05 22:15:05,555 [ERROR] LogOutputStream:75 - [STDERR_REDIRECT] [Fatal Error] :1:1: Premature end of file.
2026-05-05 22:15:05,556 [ERROR] LogOutputStream:75 - [STDERR_REDIRECT] 
2026-05-05 22:15:06,546 [ERROR] LogOutputStream:75 - [STDERR_REDIRECT] [Fatal Error] :1:1: Premature end of file.
2026-05-05 22:15:06,546 [ERROR] LogOutputStream:75 - [STDERR_REDIRECT] 
2026-05-05 22:15:07,582 [ERROR] LogOutputStream:75 - [STDERR_REDIRECT] [Fatal Error] :1:1: Premature end of file.
2026-05-05 22:15:07,582 [ERROR] LogOutputStream:75 - [STDERR_REDIRECT] 
2026-05-05 22:15:08,563 [ERROR] LogOutputStream:75 - [STDERR_REDIRECT] [Fatal Error] :1:1: Premature end of file.
2026-05-05 22:15:08,565 [ERROR] LogOutputStream:75 - [STDERR_REDIRECT] 
2026-05-05 22:15:09,556 [ERROR] LogOutputStream:75 - [STDERR_REDIRECT] [Fatal Error] :1:1: Premature end of file.
2026-05-05 22:15:09,558 [ERROR] LogOutputStream:75 - [STDERR_REDIRECT] 
2026-05-05 22:15:10,551 [ERROR] LogOutputStream:75 - [STDERR_REDIRECT] [Fatal Error] :1:1: Premature end of file.
2026-05-05 22:15:10,552 [ERROR] LogOutputStream:75 - [STDERR_REDIRECT] 
2026-05-05 22:15:11,540 [ERROR] LogOutputStream:75 - [STDERR_REDIRECT] [Fatal Error] :1:1: Premature end of file.
2026-05-05 22:15:11,541 [ERROR] LogOutputStream:75 - [STDERR_REDIRECT] 
2026-05-05 22:15:12,539 [ERROR] LogOutputStream:75 - [STDERR_REDIRECT] [Fatal Error] :1:1: Premature end of file.
2026-05-05 22:15:12,540 [ERROR] LogOutputStream:75 - [STDERR_REDIRECT] 
2026-05-05 22:15:13,553 [ERROR] LogOutputStream:75 - [STDERR_REDIRECT] [Fatal Error] :1:1: Premature end of file.
2026-05-05 22:15:13,554 [ERROR] LogOutputStream:75 - [STDERR_REDIRECT] 
2026-05-05 22:15:14,574 [ERROR] LogOutputStream:75 - [STDERR_REDIRECT] [Fatal Error] :1:1: Premature end of file.
2026-05-05 22:15:14,574 [ERROR] LogOutputStream:75 - [STDERR_REDIRECT] 
2026-05-05 22:15:15,552 [ERROR] LogOutputStream:75 - [STDERR_REDIRECT] [Fatal Error] :1:1: Premature end of file.
2026-05-05 22:15:15,552 [ERROR] LogOutputStream:75 - [STDERR_REDIRECT] 
2026-05-05 22:15:16,568 [ERROR] LogOutputStream:75 - [STDERR_REDIRECT] [Fatal Error] :1:1: Premature end of file.
2026-05-05 22:15:16,571 [ERROR] LogOutputStream:75 - [STDERR_REDIRECT] 
2026-05-05 22:15:17,567 [ERROR] LogOutputStream:75 - [STDERR_REDIRECT] [Fatal Error] :1:1: Premature end of file.
2026-05-05 22:15:17,567 [ERROR] LogOutputStream:75 - [STDERR_REDIRECT] 
2026-05-05 22:15:18,571 [ERROR] LogOutputStream:75 - [STDERR_REDIRECT] [Fatal Error] :1:1: Premature end of file.
2026-05-05 22:15:18,572 [ERROR] LogOutputStream:75 - [STDERR_REDIRECT] 
2026-05-05 22:15:19,566 [ERROR] LogOutputStream:75 - [STDERR_REDIRECT] [Fatal Error] :1:1: Premature end of file.
2026-05-05 22:15:19,567 [ERROR] LogOutputStream:75 - [STDERR_REDIRECT] 
2026-05-05 22:15:20,546 [ERROR] LogOutputStream:75 - [STDERR_REDIRECT] [Fatal Error] :1:1: Premature end of file.
2026-05-05 22:15:20,549 [ERROR] LogOutputStream:75 - [STDERR_REDIRECT] 
2026-05-05 22:15:21,539 [ERROR] LogOutputStream:75 - [STDERR_REDIRECT] [Fatal Error] :1:1: Premature end of file.
2026-05-05 22:15:21,539 [ERROR] LogOutputStream:75 - [STDERR_REDIRECT] 
2026-05-05 22:15:22,558 [ERROR] LogOutputStream:75 - [STDERR_REDIRECT] [Fatal Error] :1:1: Premature end of file.
2026-05-05 22:15:22,558 [ERROR] LogOutputStream:75 - [STDERR_REDIRECT] 
2026-05-05 22:15:23,551 [ERROR] LogOutputStream:75 - [STDERR_REDIRECT] [Fatal Error] :1:1: Premature end of file.
2026-05-05 22:15:23,552 [ERROR] LogOutputStream:75 - [STDERR_REDIRECT] 
2026-05-05 22:15:24,563 [ERROR] LogOutputStream:75 - [STDERR_REDIRECT] [Fatal Error] :1:1: Premature end of file.
2026-05-05 22:15:24,564 [ERROR] LogOutputStream:75 - [STDERR_REDIRECT] 
2026-05-05 22:15:25,553 [ERROR] LogOutputStream:75 - [STDERR_REDIRECT] [Fatal Error] :1:1: Premature end of file.
2026-05-05 22:15:25,555 [ERROR] LogOutputStream:75 - [STDERR_REDIRECT] 
2026-05-05 22:15:26,550 [ERROR] LogOutputStream:75 - [STDERR_REDIRECT] [Fatal Error] :1:1: Premature end of file.
2026-05-05 22:15:26,550 [ERROR] LogOutputStream:75 - [STDERR_REDIRECT] 
2026-05-05 22:15:27,550 [ERROR] LogOutputStream:75 - [STDERR_REDIRECT] [Fatal Error] :1:1: Premature end of file.
2026-05-05 22:15:27,551 [ERROR] LogOutputStream:75 - [STDERR_REDIRECT] 
2026-05-05 22:15:28,545 [ERROR] LogOutputStream:75 - [STDERR_REDIRECT] [Fatal Error] :1:1: Premature end of file.
2026-05-05 22:15:28,545 [ERROR] LogOutputStream:75 - [STDERR_REDIRECT] 
2026-05-05 22:15:29,530 [ERROR] LogOutputStream:75 - [STDERR_REDIRECT] [Fatal Error] :1:1: Premature end of file.
2026-05-05 22:15:29,530 [ERROR] LogOutputStream:75 - [STDERR_REDIRECT] 
2026-05-05 22:15:30,537 [ERROR] LogOutputStream:75 - [STDERR_REDIRECT] [Fatal Error] :1:1: Premature end of file.
2026-05-05 22:15:30,537 [ERROR] LogOutputStream:75 - [STDERR_REDIRECT] 
2026-05-05 22:15:31,526 [ERROR] LogOutputStream:75 - [STDERR_REDIRECT] [Fatal Error] :1:1: Premature end of file.
2026-05-05 22:15:31,527 [ERROR] LogOutputStream:75 - [STDERR_REDIRECT] 
2026-05-05 22:15:32,552 [ERROR] LogOutputStream:75 - [STDERR_REDIRECT] [Fatal Error] :1:1: Premature end of file.
2026-05-05 22:15:32,552 [ERROR] LogOutputStream:75 - [STDERR_REDIRECT] 
2026-05-05 22:15:33,577 [ERROR] LogOutputStream:75 - [STDERR_REDIRECT] [Fatal Error] :1:1: Premature end of file.
2026-05-05 22:15:33,578 [ERROR] LogOutputStream:75 - [STDERR_REDIRECT] 
2026-05-05 22:15:34,549 [ERROR] LogOutputStream:75 - [STDERR_REDIRECT] [Fatal Error] :1:1: Premature end of file.
2026-05-05 22:15:34,550 [ERROR] LogOutputStream:75 - [STDERR_REDIRECT] 
2026-05-05 22:15:35,551 [ERROR] LogOutputStream:75 - [STDERR_REDIRECT] [Fatal Error] :1:1: Premature end of file.
2026-05-05 22:15:35,555 [ERROR] LogOutputStream:75 - [STDERR_REDIRECT] 
2026-05-05 22:15:36,550 [ERROR] LogOutputStream:75 - [STDERR_REDIRECT] [Fatal Error] :1:1: Premature end of file.
2026-05-05 22:15:36,551 [ERROR] LogOutputStream:75 - [STDERR_REDIRECT] 
2026-05-05 22:15:37,571 [ERROR] LogOutputStream:75 - [STDERR_REDIRECT] [Fatal Error] :1:1: Premature end of file.
2026-05-05 22:15:37,572 [ERROR] LogOutputStream:75 - [STDERR_REDIRECT] 
2026-05-05 22:15:38,571 [ERROR] LogOutputStream:75 - [STDERR_REDIRECT] [Fatal Error] :1:1: Premature end of file.
2026-05-05 22:15:38,571 [ERROR] LogOutputStream:75 - [STDERR_REDIRECT] 
2026-05-05 22:15:39,564 [ERROR] LogOutputStream:75 - [STDERR_REDIRECT] [Fatal Error] :1:1: Premature end of file.
2026-05-05 22:15:39,566 [ERROR] LogOutputStream:75 - [STDERR_REDIRECT] 
2026-05-05 22:15:40,557 [ERROR] LogOutputStream:75 - [STDERR_REDIRECT] [Fatal Error] :1:1: Premature end of file.
2026-05-05 22:15:40,558 [ERROR] LogOutputStream:75 - [STDERR_REDIRECT] 
2026-05-05 22:15:41,583 [ERROR] LogOutputStream:75 - [STDERR_REDIRECT] [Fatal Error] :1:1: Premature end of file.
2026-05-05 22:15:41,586 [ERROR] LogOutputStream:75 - [STDERR_REDIRECT] 
2026-05-05 22:15:42,591 [ERROR] LogOutputStream:75 - [STDERR_REDIRECT] [Fatal Error] :1:1: Premature end of file.
2026-05-05 22:15:42,594 [ERROR] LogOutputStream:75 - [STDERR_REDIRECT] 
2026-05-05 22:15:43,549 [ERROR] LogOutputStream:75 - [STDERR_REDIRECT] [Fatal Error] :1:1: Premature end of file.
2026-05-05 22:15:43,550 [ERROR] LogOutputStream:75 - [STDERR_REDIRECT] 
2026-05-05 22:15:44,575 [ERROR] LogOutputStream:75 - [STDERR_REDIRECT] [Fatal Error] :1:1: Premature end of file.
2026-05-05 22:15:44,576 [ERROR] LogOutputStream:75 - [STDERR_REDIRECT] 
2026-05-05 22:15:45,557 [ERROR] LogOutputStream:75 - [STDERR_REDIRECT] [Fatal Error] :1:1: Premature end of file.
2026-05-05 22:15:45,558 [ERROR] LogOutputStream:75 - [STDERR_REDIRECT] 
2026-05-05 22:15:46,553 [ERROR] LogOutputStream:75 - [STDERR_REDIRECT] [Fatal Error] :1:1: Premature end of file.
2026-05-05 22:15:46,554 [ERROR] LogOutputStream:75 - [STDERR_REDIRECT] 
2026-05-05 22:15:47,547 [ERROR] LogOutputStream:75 - [STDERR_REDIRECT] [Fatal Error] :1:1: Premature end of file.
2026-05-05 22:15:47,548 [ERROR] LogOutputStream:75 - [STDERR_REDIRECT] 
2026-05-05 22:15:48,553 [ERROR] LogOutputStream:75 - [STDERR_REDIRECT] [Fatal Error] :1:1: Premature end of file.
2026-05-05 22:15:48,554 [ERROR] LogOutputStream:75 - [STDERR_REDIRECT] 
2026-05-05 22:15:49,547 [ERROR] LogOutputStream:75 - [STDERR_REDIRECT] [Fatal Error] :1:1: Premature end of file.
2026-05-05 22:15:49,547 [ERROR] LogOutputStream:75 - [STDERR_REDIRECT] 
2026-05-05 22:15:50,560 [ERROR] LogOutputStream:75 - [STDERR_REDIRECT] [Fatal Error] :1:1: Premature end of file.
2026-05-05 22:15:50,561 [ERROR] LogOutputStream:75 - [STDERR_REDIRECT] 
2026-05-05 22:15:51,538 [ERROR] LogOutputStream:75 - [STDERR_REDIRECT] [Fatal Error] :1:1: Premature end of file.
2026-05-05 22:15:51,539 [ERROR] LogOutputStream:75 - [STDERR_REDIRECT] 
2026-05-05 22:15:52,561 [ERROR] LogOutputStream:75 - [STDERR_REDIRECT] [Fatal Error] :1:1: Premature end of file.
2026-05-05 22:15:52,562 [ERROR] LogOutputStream:75 - [STDERR_REDIRECT] 
2026-05-05 22:15:53,562 [ERROR] LogOutputStream:75 - [STDERR_REDIRECT] [Fatal Error] :1:1: Premature end of file.
2026-05-05 22:15:53,564 [ERROR] LogOutputStream:75 - [STDERR_REDIRECT] 
2026-05-05 22:15:54,567 [ERROR] LogOutputStream:75 - [STDERR_REDIRECT] [Fatal Error] :1:1: Premature end of file.
2026-05-05 22:15:54,568 [ERROR] LogOutputStream:75 - [STDERR_REDIRECT] 
2026-05-05 22:15:55,577 [ERROR] LogOutputStream:75 - [STDERR_REDIRECT] [Fatal Error] :1:1: Premature end of file.
2026-05-05 22:15:55,578 [ERROR] LogOutputStream:75 - [STDERR_REDIRECT] 
2026-05-05 22:15:56,539 [ERROR] LogOutputStream:75 - [STDERR_REDIRECT] [Fatal Error] :1:1: Premature end of file.
2026-05-05 22:15:56,540 [ERROR] LogOutputStream:75 - [STDERR_REDIRECT] 
2026-05-05 22:15:57,538 [ERROR] LogOutputStream:75 - [STDERR_REDIRECT] [Fatal Error] :1:1: Premature end of file.
2026-05-05 22:15:57,539 [ERROR] LogOutputStream:75 - [STDERR_REDIRECT] 
2026-05-05 22:15:58,535 [ERROR] LogOutputStream:75 - [STDERR_REDIRECT] [Fatal Error] :1:1: Premature end of file.
2026-05-05 22:15:58,535 [ERROR] LogOutputStream:75 - [STDERR_REDIRECT] 
2026-05-05 22:15:59,539 [ERROR] LogOutputStream:75 - [STDERR_REDIRECT] [Fatal Error] :1:1: Premature end of file.
2026-05-05 22:15:59,539 [ERROR] LogOutputStream:75 - [STDERR_REDIRECT] 
2026-05-05 22:16:00,540 [ERROR] LogOutputStream:75 - [STDERR_REDIRECT] [Fatal Error] :1:1: Premature end of file.
2026-05-05 22:16:00,540 [ERROR] LogOutputStream:75 - [STDERR_REDIRECT] 
2026-05-05 22:16:01,540 [ERROR] LogOutputStream:75 - [STDERR_REDIRECT] [Fatal Error] :1:1: Premature end of file.
2026-05-05 22:16:01,541 [ERROR] LogOutputStream:75 - [STDERR_REDIRECT] 
2026-05-05 22:16:02,531 [ERROR] LogOutputStream:75 - [STDERR_REDIRECT] [Fatal Error] :1:1: Premature end of file.
2026-05-05 22:16:02,531 [ERROR] LogOutputStream:75 - [STDERR_REDIRECT] 
2026-05-05 22:16:03,518 [ERROR] LogOutputStream:75 - [STDERR_REDIRECT] [Fatal Error] :1:1: Premature end of file.
2026-05-05 22:16:03,518 [ERROR] LogOutputStream:75 - [STDERR_REDIRECT] 
2026-05-05 22:16:04,523 [ERROR] LogOutputStream:75 - [STDERR_REDIRECT] [Fatal Error] :1:1: Premature end of file.
2026-05-05 22:16:04,523 [ERROR] LogOutputStream:75 - [STDERR_REDIRECT] 
2026-05-05 22:16:05,509 [ERROR] LogOutputStream:75 - [STDERR_REDIRECT] [Fatal Error] :1:1: Premature end of file.
2026-05-05 22:16:05,509 [ERROR] LogOutputStream:75 - [STDERR_REDIRECT] 
2026-05-05 22:16:06,536 [ERROR] LogOutputStream:75 - [STDERR_REDIRECT] [Fatal Error] :1:1: Premature end of file.
2026-05-05 22:16:06,537 [ERROR] LogOutputStream:75 - [STDERR_REDIRECT] 
2026-05-05 22:16:07,551 [ERROR] LogOutputStream:75 - [STDERR_REDIRECT] [Fatal Error] :1:1: Premature end of file.
2026-05-05 22:16:07,551 [ERROR] LogOutputStream:75 - [STDERR_REDIRECT] 
2026-05-05 22:16:08,527 [ERROR] LogOutputStream:75 - [STDERR_REDIRECT] [Fatal Error] :1:1: Premature end of file.
2026-05-05 22:16:08,527 [ERROR] LogOutputStream:75 - [STDERR_REDIRECT] 
2026-05-05 22:16:09,523 [ERROR] LogOutputStream:75 - [STDERR_REDIRECT] [Fatal Error] :1:1: Premature end of file.
2026-05-05 22:16:09,524 [ERROR] LogOutputStream:75 - [STDERR_REDIRECT] 
2026-05-05 22:16:10,531 [ERROR] LogOutputStream:75 - [STDERR_REDIRECT] [Fatal Error] :1:1: Premature end of file.
2026-05-05 22:16:10,532 [ERROR] LogOutputStream:75 - [STDERR_REDIRECT] 
2026-05-05 22:16:11,583 [ERROR] LogOutputStream:75 - [STDERR_REDIRECT] [Fatal Error] :1:1: Premature end of file.
2026-05-05 22:16:11,584 [ERROR] LogOutputStream:75 - [STDERR_REDIRECT] 
2026-05-05 22:16:12,583 [ERROR] LogOutputStream:75 - [STDERR_REDIRECT] [Fatal Error] :1:1: Premature end of file.
2026-05-05 22:16:12,586 [ERROR] LogOutputStream:75 - [STDERR_REDIRECT] 
2026-05-05 22:16:13,553 [ERROR] LogOutputStream:75 - [STDERR_REDIRECT] [Fatal Error] :1:1: Premature end of file.
2026-05-05 22:16:13,554 [ERROR] LogOutputStream:75 - [STDERR_REDIRECT] 
2026-05-05 22:16:14,535 [ERROR] LogOutputStream:75 - [STDERR_REDIRECT] [Fatal Error] :1:1: Premature end of file.
2026-05-05 22:16:14,536 [ERROR] LogOutputStream:75 - [STDERR_REDIRECT] 
2026-05-05 22:16:15,536 [ERROR] LogOutputStream:75 - [STDERR_REDIRECT] [Fatal Error] :1:1: Premature end of file.
2026-05-05 22:16:15,536 [ERROR] LogOutputStream:75 - [STDERR_REDIRECT] 
2026-05-05 22:16:16,541 [ERROR] LogOutputStream:75 - [STDERR_REDIRECT] [Fatal Error] :1:1: Premature end of file.
2026-05-05 22:16:16,542 [ERROR] LogOutputStream:75 - [STDERR_REDIRECT] 
2026-05-05 22:16:17,542 [ERROR] LogOutputStream:75 - [STDERR_REDIRECT] [Fatal Error] :1:1: Premature end of file.
2026-05-05 22:16:17,543 [ERROR] LogOutputStream:75 - [STDERR_REDIRECT] 
2026-05-05 22:16:18,553 [ERROR] LogOutputStream:75 - [STDERR_REDIRECT] [Fatal Error] :1:1: Premature end of file.
2026-05-05 22:16:18,554 [ERROR] LogOutputStream:75 - [STDERR_REDIRECT] 
2026-05-05 22:16:19,539 [ERROR] LogOutputStream:75 - [STDERR_REDIRECT] [Fatal Error] :1:1: Premature end of file.
2026-05-05 22:16:19,539 [ERROR] LogOutputStream:75 - [STDERR_REDIRECT] 
2026-05-05 22:16:20,524 [ERROR] LogOutputStream:75 - [STDERR_REDIRECT] [Fatal Error] :1:1: Premature end of file.
2026-05-05 22:16:20,524 [ERROR] LogOutputStream:75 - [STDERR_REDIRECT] 
2026-05-05 22:16:21,547 [ERROR] LogOutputStream:75 - [STDERR_REDIRECT] [Fatal Error] :1:1: Premature end of file.
2026-05-05 22:16:21,548 [ERROR] LogOutputStream:75 - [STDERR_REDIRECT] 
2026-05-05 22:16:22,580 [ERROR] LogOutputStream:75 - [STDERR_REDIRECT] [Fatal Error] :1:1: Premature end of file.
2026-05-05 22:16:22,580 [ERROR] LogOutputStream:75 - [STDERR_REDIRECT] 
2026-05-05 22:16:23,544 [ERROR] LogOutputStream:75 - [STDERR_REDIRECT] [Fatal Error] :1:1: Premature end of file.
2026-05-05 22:16:23,544 [ERROR] LogOutputStream:75 - [STDERR_REDIRECT] 
2026-05-05 22:16:24,528 [ERROR] LogOutputStream:75 - [STDERR_REDIRECT] [Fatal Error] :1:1: Premature end of file.
2026-05-05 22:16:24,528 [ERROR] LogOutputStream:75 - [STDERR_REDIRECT] 
2026-05-05 22:16:25,534 [ERROR] LogOutputStream:75 - [STDERR_REDIRECT] [Fatal Error] :1:1: Premature end of file.
2026-05-05 22:16:25,534 [ERROR] LogOutputStream:75 - [STDERR_REDIRECT] 
2026-05-05 22:16:26,556 [ERROR] LogOutputStream:75 - [STDERR_REDIRECT] [Fatal Error] :1:1: Premature end of file.
2026-05-05 22:16:26,557 [ERROR] LogOutputStream:75 - [STDERR_REDIRECT] 
2026-05-05 22:16:27,552 [ERROR] LogOutputStream:75 - [STDERR_REDIRECT] [Fatal Error] :1:1: Premature end of file.
2026-05-05 22:16:27,552 [ERROR] LogOutputStream:75 - [STDERR_REDIRECT] 
2026-05-05 22:16:28,528 [ERROR] LogOutputStream:75 - [STDERR_REDIRECT] [Fatal Error] :1:1: Premature end of file.
2026-05-05 22:16:28,528 [ERROR] LogOutputStream:75 - [STDERR_REDIRECT] 
2026-05-05 22:16:29,515 [ERROR] LogOutputStream:75 - [STDERR_REDIRECT] [Fatal Error] :1:1: Premature end of file.
2026-05-05 22:16:29,516 [ERROR] LogOutputStream:75 - [STDERR_REDIRECT] 
2026-05-05 22:16:30,528 [ERROR] LogOutputStream:75 - [STDERR_REDIRECT] [Fatal Error] :1:1: Premature end of file.
2026-05-05 22:16:30,528 [ERROR] LogOutputStream:75 - [STDERR_REDIRECT] 
2026-05-05 22:16:31,536 [ERROR] LogOutputStream:75 - [STDERR_REDIRECT] [Fatal Error] :1:1: Premature end of file.
2026-05-05 22:16:31,536 [ERROR] LogOutputStream:75 - [STDERR_REDIRECT] 
2026-05-05 22:16:32,534 [ERROR] LogOutputStream:75 - [STDERR_REDIRECT] [Fatal Error] :1:1: Premature end of file.
2026-05-05 22:16:32,534 [ERROR] LogOutputStream:75 - [STDERR_REDIRECT] 
2026-05-05 22:16:33,518 [ERROR] LogOutputStream:75 - [STDERR_REDIRECT] [Fatal Error] :1:1: Premature end of file.
2026-05-05 22:16:33,519 [ERROR] LogOutputStream:75 - [STDERR_REDIRECT] 
2026-05-05 22:16:34,515 [ERROR] LogOutputStream:75 - [STDERR_REDIRECT] [Fatal Error] :1:1: Premature end of file.
2026-05-05 22:16:34,515 [ERROR] LogOutputStream:75 - [STDERR_REDIRECT] 
2026-05-05 22:16:35,530 [ERROR] LogOutputStream:75 - [STDERR_REDIRECT] [Fatal Error] :1:1: Premature end of file.
2026-05-05 22:16:35,530 [ERROR] LogOutputStream:75 - [STDERR_REDIRECT] 
2026-05-05 22:16:36,512 [ERROR] LogOutputStream:75 - [STDERR_REDIRECT] [Fatal Error] :1:1: Premature end of file.
2026-05-05 22:16:36,512 [ERROR] LogOutputStream:75 - [STDERR_REDIRECT] 
2026-05-05 22:16:37,527 [ERROR] LogOutputStream:75 - [STDERR_REDIRECT] [Fatal Error] :1:1: Premature end of file.
2026-05-05 22:16:37,527 [ERROR] LogOutputStream:75 - [STDERR_REDIRECT] 
2026-05-05 22:16:38,527 [ERROR] LogOutputStream:75 - [STDERR_REDIRECT] [Fatal Error] :1:1: Premature end of file.
2026-05-05 22:16:38,528 [ERROR] LogOutputStream:75 - [STDERR_REDIRECT] 
2026-05-05 22:16:39,522 [ERROR] LogOutputStream:75 - [STDERR_REDIRECT] [Fatal Error] :1:1: Premature end of file.
2026-05-05 22:16:39,523 [ERROR] LogOutputStream:75 - [STDERR_REDIRECT] 
2026-05-05 22:16:40,524 [ERROR] LogOutputStream:75 - [STDERR_REDIRECT] [Fatal Error] :1:1: Premature end of file.
2026-05-05 22:16:40,525 [ERROR] LogOutputStream:75 - [STDERR_REDIRECT] 
2026-05-05 22:16:41,513 [ERROR] LogOutputStream:75 - [STDERR_REDIRECT] [Fatal Error] :1:1: Premature end of file.
2026-05-05 22:16:41,514 [ERROR] LogOutputStream:75 - [STDERR_REDIRECT] 
2026-05-05 22:16:42,528 [ERROR] LogOutputStream:75 - [STDERR_REDIRECT] [Fatal Error] :1:1: Premature end of file.
2026-05-05 22:16:42,528 [ERROR] LogOutputStream:75 - [STDERR_REDIRECT] 
2026-05-05 22:16:43,527 [ERROR] LogOutputStream:75 - [STDERR_REDIRECT] [Fatal Error] :1:1: Premature end of file.
2026-05-05 22:16:43,527 [ERROR] LogOutputStream:75 - [STDERR_REDIRECT] 
2026-05-05 22:16:44,527 [ERROR] LogOutputStream:75 - [STDERR_REDIRECT] [Fatal Error] :1:1: Premature end of file.
2026-05-05 22:16:44,527 [ERROR] LogOutputStream:75 - [STDERR_REDIRECT] 
2026-05-05 22:16:45,546 [ERROR] LogOutputStream:75 - [STDERR_REDIRECT] [Fatal Error] :1:1: Premature end of file.
2026-05-05 22:16:45,547 [ERROR] LogOutputStream:75 - [STDERR_REDIRECT] 
2026-05-05 22:16:46,523 [ERROR] LogOutputStream:75 - [STDERR_REDIRECT] [Fatal Error] :1:1: Premature end of file.
2026-05-05 22:16:46,523 [ERROR] LogOutputStream:75 - [STDERR_REDIRECT] 
2026-05-05 22:16:47,530 [ERROR] LogOutputStream:75 - [STDERR_REDIRECT] [Fatal Error] :1:1: Premature end of file.
2026-05-05 22:16:47,530 [ERROR] LogOutputStream:75 - [STDERR_REDIRECT] 
2026-05-05 22:16:48,530 [ERROR] LogOutputStream:75 - [STDERR_REDIRECT] [Fatal Error] :1:1: Premature end of file.
2026-05-05 22:16:48,530 [ERROR] LogOutputStream:75 - [STDERR_REDIRECT] 
2026-05-05 22:16:49,536 [ERROR] LogOutputStream:75 - [STDERR_REDIRECT] [Fatal Error] :1:1: Premature end of file.
2026-05-05 22:16:49,537 [ERROR] LogOutputStream:75 - [STDERR_REDIRECT] 
2026-05-05 22:16:50,509 [ERROR] LogOutputStream:75 - [STDERR_REDIRECT] [Fatal Error] :1:1: Premature end of file.
2026-05-05 22:16:50,510 [ERROR] LogOutputStream:75 - [STDERR_REDIRECT] 
2026-05-05 22:16:51,508 [ERROR] LogOutputStream:75 - [STDERR_REDIRECT] [Fatal Error] :1:1: Premature end of file.
2026-05-05 22:16:51,509 [ERROR] LogOutputStream:75 - [STDERR_REDIRECT] 
2026-05-05 22:16:52,510 [ERROR] LogOutputStream:75 - [STDERR_REDIRECT] [Fatal Error] :1:1: Premature end of file.
2026-05-05 22:16:52,511 [ERROR] LogOutputStream:75 - [STDERR_REDIRECT] 
2026-05-05 22:16:53,525 [ERROR] LogOutputStream:75 - [STDERR_REDIRECT] [Fatal Error] :1:1: Premature end of file.
2026-05-05 22:16:53,526 [ERROR] LogOutputStream:75 - [STDERR_REDIRECT] 
2026-05-05 22:16:54,539 [ERROR] LogOutputStream:75 - [STDERR_REDIRECT] [Fatal Error] :1:1: Premature end of file.
2026-05-05 22:16:54,539 [ERROR] LogOutputStream:75 - [STDERR_REDIRECT] 
2026-05-05 22:16:55,514 [ERROR] LogOutputStream:75 - [STDERR_REDIRECT] [Fatal Error] :1:1: Premature end of file.
2026-05-05 22:16:55,514 [ERROR] LogOutputStream:75 - [STDERR_REDIRECT] 
2026-05-05 22:16:56,530 [ERROR] LogOutputStream:75 - [STDERR_REDIRECT] [Fatal Error] :1:1: Premature end of file.
2026-05-05 22:16:56,530 [ERROR] LogOutputStream:75 - [STDERR_REDIRECT] 
2026-05-05 22:16:57,535 [ERROR] LogOutputStream:75 - [STDERR_REDIRECT] [Fatal Error] :1:1: Premature end of file.
2026-05-05 22:16:57,536 [ERROR] LogOutputStream:75 - [STDERR_REDIRECT] 
2026-05-05 22:16:58,526 [ERROR] LogOutputStream:75 - [STDERR_REDIRECT] [Fatal Error] :1:1: Premature end of file.
2026-05-05 22:16:58,526 [ERROR] LogOutputStream:75 - [STDERR_REDIRECT] 
2026-05-05 22:16:59,524 [ERROR] LogOutputStream:75 - [STDERR_REDIRECT] [Fatal Error] :1:1: Premature end of file.
2026-05-05 22:16:59,524 [ERROR] LogOutputStream:75 - [STDERR_REDIRECT] 
2026-05-05 22:17:00,527 [ERROR] LogOutputStream:75 - [STDERR_REDIRECT] [Fatal Error] :1:1: Premature end of file.
2026-05-05 22:17:00,527 [ERROR] LogOutputStream:75 - [STDERR_REDIRECT] 
2026-05-05 22:17:01,515 [ERROR] LogOutputStream:75 - [STDERR_REDIRECT] [Fatal Error] :1:1: Premature end of file.
2026-05-05 22:17:01,516 [ERROR] LogOutputStream:75 - [STDERR_REDIRECT] 
2026-05-05 22:17:02,517 [ERROR] LogOutputStream:75 - [STDERR_REDIRECT] [Fatal Error] :1:1: Premature end of file.
2026-05-05 22:17:02,518 [ERROR] LogOutputStream:75 - [STDERR_REDIRECT] 
2026-05-05 22:17:03,555 [ERROR] LogOutputStream:75 - [STDERR_REDIRECT] [Fatal Error] :1:1: Premature end of file.
2026-05-05 22:17:03,556 [ERROR] LogOutputStream:75 - [STDERR_REDIRECT] 
2026-05-05 22:17:04,510 [ERROR] LogOutputStream:75 - [STDERR_REDIRECT] [Fatal Error] :1:1: Premature end of file.
2026-05-05 22:17:04,510 [ERROR] LogOutputStream:75 - [STDERR_REDIRECT] 
2026-05-05 22:17:05,515 [ERROR] LogOutputStream:75 - [STDERR_REDIRECT] [Fatal Error] :1:1: Premature end of file.
2026-05-05 22:17:05,516 [ERROR] LogOutputStream:75 - [STDERR_REDIRECT] 
2026-05-05 22:17:06,536 [ERROR] LogOutputStream:75 - [STDERR_REDIRECT] [Fatal Error] :1:1: Premature end of file.
2026-05-05 22:17:06,537 [ERROR] LogOutputStream:75 - [STDERR_REDIRECT] 
2026-05-05 22:17:07,535 [ERROR] LogOutputStream:75 - [STDERR_REDIRECT] [Fatal Error] :1:1: Premature end of file.
2026-05-05 22:17:07,539 [ERROR] LogOutputStream:75 - [STDERR_REDIRECT] 
2026-05-05 22:17:08,535 [ERROR] LogOutputStream:75 - [STDERR_REDIRECT] [Fatal Error] :1:1: Premature end of file.
2026-05-05 22:17:08,536 [ERROR] LogOutputStream:75 - [STDERR_REDIRECT] 
2026-05-05 22:17:09,534 [ERROR] LogOutputStream:75 - [STDERR_REDIRECT] [Fatal Error] :1:1: Premature end of file.
2026-05-05 22:17:09,534 [ERROR] LogOutputStream:75 - [STDERR_REDIRECT] 
2026-05-05 22:17:10,537 [ERROR] LogOutputStream:75 - [STDERR_REDIRECT] [Fatal Error] :1:1: Premature end of file.
2026-05-05 22:17:10,537 [ERROR] LogOutputStream:75 - [STDERR_REDIRECT] 
2026-05-05 22:17:11,526 [ERROR] LogOutputStream:75 - [STDERR_REDIRECT] [Fatal Error] :1:1: Premature end of file.
2026-05-05 22:17:11,526 [ERROR] LogOutputStream:75 - [STDERR_REDIRECT] 
2026-05-05 22:17:12,554 [ERROR] LogOutputStream:75 - [STDERR_REDIRECT] [Fatal Error] :1:1: Premature end of file.
2026-05-05 22:17:12,555 [ERROR] LogOutputStream:75 - [STDERR_REDIRECT] 
2026-05-05 22:17:13,514 [ERROR] LogOutputStream:75 - [STDERR_REDIRECT] [Fatal Error] :1:1: Premature end of file.
2026-05-05 22:17:13,514 [ERROR] LogOutputStream:75 - [STDERR_REDIRECT] 
2026-05-05 22:17:14,523 [ERROR] LogOutputStream:75 - [STDERR_REDIRECT] [Fatal Error] :1:1: Premature end of file.
2026-05-05 22:17:14,523 [ERROR] LogOutputStream:75 - [STDERR_REDIRECT] 
2026-05-05 22:17:15,504 [ERROR] LogOutputStream:75 - [STDERR_REDIRECT] [Fatal Error] :1:1: Premature end of file.
2026-05-05 22:17:15,504 [ERROR] LogOutputStream:75 - [STDERR_REDIRECT] 
2026-05-05 22:17:16,535 [ERROR] LogOutputStream:75 - [STDERR_REDIRECT] [Fatal Error] :1:1: Premature end of file.
2026-05-05 22:17:16,536 [ERROR] LogOutputStream:75 - [STDERR_REDIRECT] 
2026-05-05 22:17:17,521 [ERROR] LogOutputStream:75 - [STDERR_REDIRECT] [Fatal Error] :1:1: Premature end of file.
2026-05-05 22:17:17,521 [ERROR] LogOutputStream:75 - [STDERR_REDIRECT] 
2026-05-05 22:17:18,529 [ERROR] LogOutputStream:75 - [STDERR_REDIRECT] [Fatal Error] :1:1: Premature end of file.
2026-05-05 22:17:18,529 [ERROR] LogOutputStream:75 - [STDERR_REDIRECT] 
2026-05-05 22:17:19,549 [ERROR] LogOutputStream:75 - [STDERR_REDIRECT] [Fatal Error] :1:1: Premature end of file.
2026-05-05 22:17:19,549 [ERROR] LogOutputStream:75 - [STDERR_REDIRECT] 
2026-05-05 22:17:20,536 [ERROR] LogOutputStream:75 - [STDERR_REDIRECT] [Fatal Error] :1:1: Premature end of file.
2026-05-05 22:17:20,537 [ERROR] LogOutputStream:75 - [STDERR_REDIRECT] 
2026-05-05 22:17:21,556 [ERROR] LogOutputStream:75 - [STDERR_REDIRECT] [Fatal Error] :1:1: Premature end of file.
2026-05-05 22:17:21,556 [ERROR] LogOutputStream:75 - [STDERR_REDIRECT] 
2026-05-05 22:17:22,549 [ERROR] LogOutputStream:75 - [STDERR_REDIRECT] [Fatal Error] :1:1: Premature end of file.
2026-05-05 22:17:22,550 [ERROR] LogOutputStream:75 - [STDERR_REDIRECT] 
2026-05-05 22:17:23,577 [ERROR] LogOutputStream:75 - [STDERR_REDIRECT] [Fatal Error] :1:1: Premature end of file.
2026-05-05 22:17:23,578 [ERROR] LogOutputStream:75 - [STDERR_REDIRECT] 
2026-05-05 22:17:24,523 [ERROR] LogOutputStream:75 - [STDERR_REDIRECT] [Fatal Error] :1:1: Premature end of file.
2026-05-05 22:17:24,523 [ERROR] LogOutputStream:75 - [STDERR_REDIRECT] 
2026-05-05 22:17:25,568 [ERROR] LogOutputStream:75 - [STDERR_REDIRECT] [Fatal Error] :1:1: Premature end of file.
2026-05-05 22:17:25,569 [ERROR] LogOutputStream:75 - [STDERR_REDIRECT] 
2026-05-05 22:17:26,570 [ERROR] LogOutputStream:75 - [STDERR_REDIRECT] [Fatal Error] :1:1: Premature end of file.
2026-05-05 22:17:26,571 [ERROR] LogOutputStream:75 - [STDERR_REDIRECT] 
2026-05-05 22:17:27,562 [ERROR] LogOutputStream:75 - [STDERR_REDIRECT] [Fatal Error] :1:1: Premature end of file.
2026-05-05 22:17:27,562 [ERROR] LogOutputStream:75 - [STDERR_REDIRECT] 
2026-05-05 22:17:28,556 [ERROR] LogOutputStream:75 - [STDERR_REDIRECT] [Fatal Error] :1:1: Premature end of file.
2026-05-05 22:17:28,556 [ERROR] LogOutputStream:75 - [STDERR_REDIRECT] 
2026-05-05 22:17:29,536 [ERROR] LogOutputStream:75 - [STDERR_REDIRECT] [Fatal Error] :1:1: Premature end of file.
2026-05-05 22:17:29,536 [ERROR] LogOutputStream:75 - [STDERR_REDIRECT] 
2026-05-05 22:17:30,542 [ERROR] LogOutputStream:75 - [STDERR_REDIRECT] [Fatal Error] :1:1: Premature end of file.
2026-05-05 22:17:30,542 [ERROR] LogOutputStream:75 - [STDERR_REDIRECT] 
2026-05-05 22:17:31,518 [ERROR] LogOutputStream:75 - [STDERR_REDIRECT] [Fatal Error] :1:1: Premature end of file.
2026-05-05 22:17:31,518 [ERROR] LogOutputStream:75 - [STDERR_REDIRECT] 
2026-05-05 22:17:32,535 [ERROR] LogOutputStream:75 - [STDERR_REDIRECT] [Fatal Error] :1:1: Premature end of file.
2026-05-05 22:17:32,535 [ERROR] LogOutputStream:75 - [STDERR_REDIRECT] 
2026-05-05 22:17:33,519 [ERROR] LogOutputStream:75 - [STDERR_REDIRECT] [Fatal Error] :1:1: Premature end of file.
2026-05-05 22:17:33,520 [ERROR] LogOutputStream:75 - [STDERR_REDIRECT] 
2026-05-05 22:17:34,532 [ERROR] LogOutputStream:75 - [STDERR_REDIRECT] [Fatal Error] :1:1: Premature end of file.
2026-05-05 22:17:34,533 [ERROR] LogOutputStream:75 - [STDERR_REDIRECT] 
2026-05-05 22:17:35,532 [ERROR] LogOutputStream:75 - [STDERR_REDIRECT] [Fatal Error] :1:1: Premature end of file.
2026-05-05 22:17:35,533 [ERROR] LogOutputStream:75 - [STDERR_REDIRECT] 
2026-05-05 22:17:36,529 [ERROR] LogOutputStream:75 - [STDERR_REDIRECT] [Fatal Error] :1:1: Premature end of file.
2026-05-05 22:17:36,529 [ERROR] LogOutputStream:75 - [STDERR_REDIRECT] 
2026-05-05 22:17:37,538 [ERROR] LogOutputStream:75 - [STDERR_REDIRECT] [Fatal Error] :1:1: Premature end of file.
2026-05-05 22:17:37,540 [ERROR] LogOutputStream:75 - [STDERR_REDIRECT] 
2026-05-05 22:17:38,530 [ERROR] LogOutputStream:75 - [STDERR_REDIRECT] [Fatal Error] :1:1: Premature end of file.
2026-05-05 22:17:38,531 [ERROR] LogOutputStream:75 - [STDERR_REDIRECT] 
2026-05-05 22:17:39,539 [ERROR] LogOutputStream:75 - [STDERR_REDIRECT] [Fatal Error] :1:1: Premature end of file.
2026-05-05 22:17:39,539 [ERROR] LogOutputStream:75 - [STDERR_REDIRECT] 
2026-05-05 22:17:40,559 [ERROR] LogOutputStream:75 - [STDERR_REDIRECT] [Fatal Error] :1:1: Premature end of file.
2026-05-05 22:17:40,560 [ERROR] LogOutputStream:75 - [STDERR_REDIRECT] 
2026-05-05 22:17:41,554 [ERROR] LogOutputStream:75 - [STDERR_REDIRECT] [Fatal Error] :1:1: Premature end of file.
2026-05-05 22:17:41,554 [ERROR] LogOutputStream:75 - [STDERR_REDIRECT] 
2026-05-05 22:17:42,541 [ERROR] LogOutputStream:75 - [STDERR_REDIRECT] [Fatal Error] :1:1: Premature end of file.
2026-05-05 22:17:42,542 [ERROR] LogOutputStream:75 - [STDERR_REDIRECT] 
2026-05-05 22:17:43,535 [ERROR] LogOutputStream:75 - [STDERR_REDIRECT] [Fatal Error] :1:1: Premature end of file.
2026-05-05 22:17:43,536 [ERROR] LogOutputStream:75 - [STDERR_REDIRECT] 
2026-05-05 22:17:44,536 [ERROR] LogOutputStream:75 - [STDERR_REDIRECT] [Fatal Error] :1:1: Premature end of file.
2026-05-05 22:17:44,537 [ERROR] LogOutputStream:75 - [STDERR_REDIRECT] 
2026-05-05 22:17:45,552 [ERROR] LogOutputStream:75 - [STDERR_REDIRECT] [Fatal Error] :1:1: Premature end of file.
2026-05-05 22:17:45,552 [ERROR] LogOutputStream:75 - [STDERR_REDIRECT] 
2026-05-05 22:17:46,542 [ERROR] LogOutputStream:75 - [STDERR_REDIRECT] [Fatal Error] :1:1: Premature end of file.
2026-05-05 22:17:46,543 [ERROR] LogOutputStream:75 - [STDERR_REDIRECT] 
2026-05-05 22:17:47,552 [ERROR] LogOutputStream:75 - [STDERR_REDIRECT] [Fatal Error] :1:1: Premature end of file.
2026-05-05 22:17:47,552 [ERROR] LogOutputStream:75 - [STDERR_REDIRECT] 
2026-05-05 22:17:48,560 [ERROR] LogOutputStream:75 - [STDERR_REDIRECT] [Fatal Error] :1:1: Premature end of file.
2026-05-05 22:17:48,560 [ERROR] LogOutputStream:75 - [STDERR_REDIRECT] 
2026-05-05 22:17:49,551 [ERROR] LogOutputStream:75 - [STDERR_REDIRECT] [Fatal Error] :1:1: Premature end of file.
2026-05-05 22:17:49,551 [ERROR] LogOutputStream:75 - [STDERR_REDIRECT] 
2026-05-05 22:17:50,562 [ERROR] LogOutputStream:75 - [STDERR_REDIRECT] [Fatal Error] :1:1: Premature end of file.
2026-05-05 22:17:50,565 [ERROR] LogOutputStream:75 - [STDERR_REDIRECT] 
2026-05-05 22:17:51,572 [ERROR] LogOutputStream:75 - [STDERR_REDIRECT] [Fatal Error] :1:1: Premature end of file.
2026-05-05 22:17:51,573 [ERROR] LogOutputStream:75 - [STDERR_REDIRECT] 
2026-05-05 22:17:52,552 [ERROR] LogOutputStream:75 - [STDERR_REDIRECT] [Fatal Error] :1:1: Premature end of file.
2026-05-05 22:17:52,552 [ERROR] LogOutputStream:75 - [STDERR_REDIRECT] 
2026-05-05 22:17:53,541 [ERROR] LogOutputStream:75 - [STDERR_REDIRECT] [Fatal Error] :1:1: Premature end of file.
2026-05-05 22:17:53,541 [ERROR] LogOutputStream:75 - [STDERR_REDIRECT] 
2026-05-05 22:17:54,541 [ERROR] LogOutputStream:75 - [STDERR_REDIRECT] [Fatal Error] :1:1: Premature end of file.
2026-05-05 22:17:54,541 [ERROR] LogOutputStream:75 - [STDERR_REDIRECT] 
2026-05-05 22:17:55,543 [ERROR] LogOutputStream:75 - [STDERR_REDIRECT] [Fatal Error] :1:1: Premature end of file.
2026-05-05 22:17:55,543 [ERROR] LogOutputStream:75 - [STDERR_REDIRECT] 
2026-05-05 22:17:56,536 [ERROR] LogOutputStream:75 - [STDERR_REDIRECT] [Fatal Error] :1:1: Premature end of file.
2026-05-05 22:17:56,536 [ERROR] LogOutputStream:75 - [STDERR_REDIRECT] 
2026-05-05 22:17:57,550 [ERROR] LogOutputStream:75 - [STDERR_REDIRECT] [Fatal Error] :1:1: Premature end of file.
2026-05-05 22:17:57,550 [ERROR] LogOutputStream:75 - [STDERR_REDIRECT] 
2026-05-05 22:17:58,534 [ERROR] LogOutputStream:75 - [STDERR_REDIRECT] [Fatal Error] :1:1: Premature end of file.
2026-05-05 22:17:58,534 [ERROR] LogOutputStream:75 - [STDERR_REDIRECT] 
2026-05-05 22:17:59,537 [ERROR] LogOutputStream:75 - [STDERR_REDIRECT] [Fatal Error] :1:1: Premature end of file.
2026-05-05 22:17:59,537 [ERROR] LogOutputStream:75 - [STDERR_REDIRECT] 
2026-05-05 22:18:00,524 [ERROR] LogOutputStream:75 - [STDERR_REDIRECT] [Fatal Error] :1:1: Premature end of file.
2026-05-05 22:18:00,524 [ERROR] LogOutputStream:75 - [STDERR_REDIRECT] 
2026-05-05 22:18:01,534 [ERROR] LogOutputStream:75 - [STDERR_REDIRECT] [Fatal Error] :1:1: Premature end of file.
2026-05-05 22:18:01,534 [ERROR] LogOutputStream:75 - [STDERR_REDIRECT] 
2026-05-05 22:18:02,531 [ERROR] LogOutputStream:75 - [STDERR_REDIRECT] [Fatal Error] :1:1: Premature end of file.
2026-05-05 22:18:02,532 [ERROR] LogOutputStream:75 - [STDERR_REDIRECT] 
2026-05-05 22:18:03,538 [ERROR] LogOutputStream:75 - [STDERR_REDIRECT] [Fatal Error] :1:1: Premature end of file.
2026-05-05 22:18:03,538 [ERROR] LogOutputStream:75 - [STDERR_REDIRECT] 
2026-05-05 22:18:04,535 [ERROR] LogOutputStream:75 - [STDERR_REDIRECT] [Fatal Error] :1:1: Premature end of file.
2026-05-05 22:18:04,535 [ERROR] LogOutputStream:75 - [STDERR_REDIRECT] 
2026-05-05 22:18:05,515 [ERROR] LogOutputStream:75 - [STDERR_REDIRECT] [Fatal Error] :1:1: Premature end of file.
2026-05-05 22:18:05,516 [ERROR] LogOutputStream:75 - [STDERR_REDIRECT] 
2026-05-05 22:18:06,529 [ERROR] LogOutputStream:75 - [STDERR_REDIRECT] [Fatal Error] :1:1: Premature end of file.
2026-05-05 22:18:06,529 [ERROR] LogOutputStream:75 - [STDERR_REDIRECT] 
2026-05-05 22:18:07,527 [ERROR] LogOutputStream:75 - [STDERR_REDIRECT] [Fatal Error] :1:1: Premature end of file.
2026-05-05 22:18:07,527 [ERROR] LogOutputStream:75 - [STDERR_REDIRECT] 
2026-05-05 22:18:08,547 [ERROR] LogOutputStream:75 - [STDERR_REDIRECT] [Fatal Error] :1:1: Premature end of file.
2026-05-05 22:18:08,547 [ERROR] LogOutputStream:75 - [STDERR_REDIRECT] 
2026-05-05 22:18:09,518 [ERROR] LogOutputStream:75 - [STDERR_REDIRECT] [Fatal Error] :1:1: Premature end of file.
2026-05-05 22:18:09,519 [ERROR] LogOutputStream:75 - [STDERR_REDIRECT] 
2026-05-05 22:18:10,527 [ERROR] LogOutputStream:75 - [STDERR_REDIRECT] [Fatal Error] :1:1: Premature end of file.
2026-05-05 22:18:10,527 [ERROR] LogOutputStream:75 - [STDERR_REDIRECT] 
2026-05-05 22:18:11,535 [ERROR] LogOutputStream:75 - [STDERR_REDIRECT] [Fatal Error] :1:1: Premature end of file.
2026-05-05 22:18:11,535 [ERROR] LogOutputStream:75 - [STDERR_REDIRECT] 
2026-05-05 22:18:12,548 [ERROR] LogOutputStream:75 - [STDERR_REDIRECT] [Fatal Error] :1:1: Premature end of file.
2026-05-05 22:18:12,548 [ERROR] LogOutputStream:75 - [STDERR_REDIRECT] 
2026-05-05 22:18:13,540 [ERROR] LogOutputStream:75 - [STDERR_REDIRECT] [Fatal Error] :1:1: Premature end of file.
2026-05-05 22:18:13,541 [ERROR] LogOutputStream:75 - [STDERR_REDIRECT] 
2026-05-05 22:18:14,529 [ERROR] LogOutputStream:75 - [STDERR_REDIRECT] [Fatal Error] :1:1: Premature end of file.
2026-05-05 22:18:14,530 [ERROR] LogOutputStream:75 - [STDERR_REDIRECT] 
2026-05-05 22:18:15,539 [ERROR] LogOutputStream:75 - [STDERR_REDIRECT] [Fatal Error] :1:1: Premature end of file.
2026-05-05 22:18:15,540 [ERROR] LogOutputStream:75 - [STDERR_REDIRECT] 
2026-05-05 22:18:16,533 [ERROR] LogOutputStream:75 - [STDERR_REDIRECT] [Fatal Error] :1:1: Premature end of file.
2026-05-05 22:18:16,533 [ERROR] LogOutputStream:75 - [STDERR_REDIRECT] 
2026-05-05 22:18:17,552 [ERROR] LogOutputStream:75 - [STDERR_REDIRECT] [Fatal Error] :1:1: Premature end of file.
2026-05-05 22:18:17,553 [ERROR] LogOutputStream:75 - [STDERR_REDIRECT] 
2026-05-05 22:18:18,554 [ERROR] LogOutputStream:75 - [STDERR_REDIRECT] [Fatal Error] :1:1: Premature end of file.
2026-05-05 22:18:18,554 [ERROR] LogOutputStream:75 - [STDERR_REDIRECT] 
2026-05-05 22:18:19,579 [ERROR] LogOutputStream:75 - [STDERR_REDIRECT] [Fatal Error] :1:1: Premature end of file.
2026-05-05 22:18:19,580 [ERROR] LogOutputStream:75 - [STDERR_REDIRECT] 
2026-05-05 22:18:20,558 [ERROR] LogOutputStream:75 - [STDERR_REDIRECT] [Fatal Error] :1:1: Premature end of file.
2026-05-05 22:18:20,559 [ERROR] LogOutputStream:75 - [STDERR_REDIRECT] 
2026-05-05 22:18:21,551 [ERROR] LogOutputStream:75 - [STDERR_REDIRECT] [Fatal Error] :1:1: Premature end of file.
2026-05-05 22:18:21,551 [ERROR] LogOutputStream:75 - [STDERR_REDIRECT] 
2026-05-05 22:18:22,537 [ERROR] LogOutputStream:75 - [STDERR_REDIRECT] [Fatal Error] :1:1: Premature end of file.
2026-05-05 22:18:22,537 [ERROR] LogOutputStream:75 - [STDERR_REDIRECT] 
2026-05-05 22:18:23,540 [ERROR] LogOutputStream:75 - [STDERR_REDIRECT] [Fatal Error] :1:1: Premature end of file.
2026-05-05 22:18:23,540 [ERROR] LogOutputStream:75 - [STDERR_REDIRECT] 
2026-05-05 22:18:24,547 [ERROR] LogOutputStream:75 - [STDERR_REDIRECT] [Fatal Error] :1:1: Premature end of file.
2026-05-05 22:18:24,547 [ERROR] LogOutputStream:75 - [STDERR_REDIRECT] 
2026-05-05 22:18:25,542 [ERROR] LogOutputStream:75 - [STDERR_REDIRECT] [Fatal Error] :1:1: Premature end of file.
2026-05-05 22:18:25,544 [ERROR] LogOutputStream:75 - [STDERR_REDIRECT] 
2026-05-05 22:18:26,525 [ERROR] LogOutputStream:75 - [STDERR_REDIRECT] [Fatal Error] :1:1: Premature end of file.
2026-05-05 22:18:26,526 [ERROR] LogOutputStream:75 - [STDERR_REDIRECT] 
2026-05-05 22:18:27,536 [ERROR] LogOutputStream:75 - [STDERR_REDIRECT] [Fatal Error] :1:1: Premature end of file.
2026-05-05 22:18:27,536 [ERROR] LogOutputStream:75 - [STDERR_REDIRECT] 
2026-05-05 22:18:28,530 [ERROR] LogOutputStream:75 - [STDERR_REDIRECT] [Fatal Error] :1:1: Premature end of file.
2026-05-05 22:18:28,530 [ERROR] LogOutputStream:75 - [STDERR_REDIRECT] 
2026-05-05 22:18:29,531 [ERROR] LogOutputStream:75 - [STDERR_REDIRECT] [Fatal Error] :1:1: Premature end of file.
2026-05-05 22:18:29,531 [ERROR] LogOutputStream:75 - [STDERR_REDIRECT] 
2026-05-05 22:18:30,532 [ERROR] LogOutputStream:75 - [STDERR_REDIRECT] [Fatal Error] :1:1: Premature end of file.
2026-05-05 22:18:30,532 [ERROR] LogOutputStream:75 - [STDERR_REDIRECT] 
2026-05-05 22:18:31,511 [ERROR] LogOutputStream:75 - [STDERR_REDIRECT] [Fatal Error] :1:1: Premature end of file.
2026-05-05 22:18:31,511 [ERROR] LogOutputStream:75 - [STDERR_REDIRECT] 
2026-05-05 22:18:32,546 [ERROR] LogOutputStream:75 - [STDERR_REDIRECT] [Fatal Error] :1:1: Premature end of file.
2026-05-05 22:18:32,546 [ERROR] LogOutputStream:75 - [STDERR_REDIRECT] 
2026-05-05 22:18:33,532 [ERROR] LogOutputStream:75 - [STDERR_REDIRECT] [Fatal Error] :1:1: Premature end of file.
2026-05-05 22:18:33,532 [ERROR] LogOutputStream:75 - [STDERR_REDIRECT] 
2026-05-05 22:18:34,540 [ERROR] LogOutputStream:75 - [STDERR_REDIRECT] [Fatal Error] :1:1: Premature end of file.
2026-05-05 22:18:34,541 [ERROR] LogOutputStream:75 - [STDERR_REDIRECT] 
2026-05-05 22:18:35,537 [ERROR] LogOutputStream:75 - [STDERR_REDIRECT] [Fatal Error] :1:1: Premature end of file.
2026-05-05 22:18:35,537 [ERROR] LogOutputStream:75 - [STDERR_REDIRECT] 
2026-05-05 22:18:36,528 [ERROR] LogOutputStream:75 - [STDERR_REDIRECT] [Fatal Error] :1:1: Premature end of file.
2026-05-05 22:18:36,528 [ERROR] LogOutputStream:75 - [STDERR_REDIRECT] 
2026-05-05 22:18:37,537 [ERROR] LogOutputStream:75 - [STDERR_REDIRECT] [Fatal Error] :1:1: Premature end of file.
2026-05-05 22:18:37,538 [ERROR] LogOutputStream:75 - [STDERR_REDIRECT] 
2026-05-05 22:18:38,515 [ERROR] LogOutputStream:75 - [STDERR_REDIRECT] [Fatal Error] :1:1: Premature end of file.
2026-05-05 22:18:38,515 [ERROR] LogOutputStream:75 - [STDERR_REDIRECT] 
2026-05-05 22:18:39,531 [ERROR] LogOutputStream:75 - [STDERR_REDIRECT] [Fatal Error] :1:1: Premature end of file.
2026-05-05 22:18:39,531 [ERROR] LogOutputStream:75 - [STDERR_REDIRECT] 
2026-05-05 22:18:40,523 [ERROR] LogOutputStream:75 - [STDERR_REDIRECT] [Fatal Error] :1:1: Premature end of file.
2026-05-05 22:18:40,523 [ERROR] LogOutputStream:75 - [STDERR_REDIRECT] 
2026-05-05 22:18:41,518 [ERROR] LogOutputStream:75 - [STDERR_REDIRECT] [Fatal Error] :1:1: Premature end of file.
2026-05-05 22:18:41,519 [ERROR] LogOutputStream:75 - [STDERR_REDIRECT] 
2026-05-05 22:18:42,532 [ERROR] LogOutputStream:75 - [STDERR_REDIRECT] [Fatal Error] :1:1: Premature end of file.
2026-05-05 22:18:42,532 [ERROR] LogOutputStream:75 - [STDERR_REDIRECT] 
2026-05-05 22:18:43,530 [ERROR] LogOutputStream:75 - [STDERR_REDIRECT] [Fatal Error] :1:1: Premature end of file.
2026-05-05 22:18:43,530 [ERROR] LogOutputStream:75 - [STDERR_REDIRECT] 
2026-05-05 22:18:44,536 [ERROR] LogOutputStream:75 - [STDERR_REDIRECT] [Fatal Error] :1:1: Premature end of file.
2026-05-05 22:18:44,536 [ERROR] LogOutputStream:75 - [STDERR_REDIRECT] 
2026-05-05 22:18:45,508 [ERROR] LogOutputStream:75 - [STDERR_REDIRECT] [Fatal Error] :1:1: Premature end of file.
2026-05-05 22:18:45,509 [ERROR] LogOutputStream:75 - [STDERR_REDIRECT] 
2026-05-05 22:18:46,512 [ERROR] LogOutputStream:75 - [STDERR_REDIRECT] [Fatal Error] :1:1: Premature end of file.
2026-05-05 22:18:46,512 [ERROR] LogOutputStream:75 - [STDERR_REDIRECT] 
2026-05-05 22:18:47,535 [ERROR] LogOutputStream:75 - [STDERR_REDIRECT] [Fatal Error] :1:1: Premature end of file.
2026-05-05 22:18:47,535 [ERROR] LogOutputStream:75 - [STDERR_REDIRECT] 
2026-05-05 22:18:48,526 [ERROR] LogOutputStream:75 - [STDERR_REDIRECT] [Fatal Error] :1:1: Premature end of file.
2026-05-05 22:18:48,526 [ERROR] LogOutputStream:75 - [STDERR_REDIRECT] 
2026-05-05 22:18:49,512 [ERROR] LogOutputStream:75 - [STDERR_REDIRECT] [Fatal Error] :1:1: Premature end of file.
2026-05-05 22:18:49,512 [ERROR] LogOutputStream:75 - [STDERR_REDIRECT] 
2026-05-05 22:18:50,535 [ERROR] LogOutputStream:75 - [STDERR_REDIRECT] [Fatal Error] :1:1: Premature end of file.
2026-05-05 22:18:50,535 [ERROR] LogOutputStream:75 - [STDERR_REDIRECT] 
2026-05-05 22:18:51,554 [ERROR] LogOutputStream:75 - [STDERR_REDIRECT] [Fatal Error] :1:1: Premature end of file.
2026-05-05 22:18:51,556 [ERROR] LogOutputStream:75 - [STDERR_REDIRECT] 
2026-05-05 22:18:52,558 [ERROR] LogOutputStream:75 - [STDERR_REDIRECT] [Fatal Error] :1:1: Premature end of file.
2026-05-05 22:18:52,558 [ERROR] LogOutputStream:75 - [STDERR_REDIRECT] 
2026-05-05 22:18:53,562 [ERROR] LogOutputStream:75 - [STDERR_REDIRECT] [Fatal Error] :1:1: Premature end of file.
2026-05-05 22:18:53,563 [ERROR] LogOutputStream:75 - [STDERR_REDIRECT] 
2026-05-05 22:18:54,557 [ERROR] LogOutputStream:75 - [STDERR_REDIRECT] [Fatal Error] :1:1: Premature end of file.
2026-05-05 22:18:54,558 [ERROR] LogOutputStream:75 - [STDERR_REDIRECT] 
2026-05-05 22:18:55,547 [ERROR] LogOutputStream:75 - [STDERR_REDIRECT] [Fatal Error] :1:1: Premature end of file.
2026-05-05 22:18:55,548 [ERROR] LogOutputStream:75 - [STDERR_REDIRECT] 
2026-05-05 22:18:56,532 [ERROR] LogOutputStream:75 - [STDERR_REDIRECT] [Fatal Error] :1:1: Premature end of file.
2026-05-05 22:18:56,532 [ERROR] LogOutputStream:75 - [STDERR_REDIRECT] 
2026-05-05 22:18:57,542 [ERROR] LogOutputStream:75 - [STDERR_REDIRECT] [Fatal Error] :1:1: Premature end of file.
2026-05-05 22:18:57,543 [ERROR] LogOutputStream:75 - [STDERR_REDIRECT] 
2026-05-05 22:18:58,533 [ERROR] LogOutputStream:75 - [STDERR_REDIRECT] [Fatal Error] :1:1: Premature end of file.
2026-05-05 22:18:58,533 [ERROR] LogOutputStream:75 - [STDERR_REDIRECT] 
2026-05-05 22:18:59,573 [ERROR] LogOutputStream:75 - [STDERR_REDIRECT] [Fatal Error] :1:1: Premature end of file.
2026-05-05 22:18:59,574 [ERROR] LogOutputStream:75 - [STDERR_REDIRECT] 
2026-05-05 22:19:00,524 [ERROR] LogOutputStream:75 - [STDERR_REDIRECT] [Fatal Error] :1:1: Premature end of file.
2026-05-05 22:19:00,524 [ERROR] LogOutputStream:75 - [STDERR_REDIRECT] 
2026-05-05 22:19:01,535 [ERROR] LogOutputStream:75 - [STDERR_REDIRECT] [Fatal Error] :1:1: Premature end of file.
2026-05-05 22:19:01,536 [ERROR] LogOutputStream:75 - [STDERR_REDIRECT] 
2026-05-05 22:19:02,526 [ERROR] LogOutputStream:75 - [STDERR_REDIRECT] [Fatal Error] :1:1: Premature end of file.
2026-05-05 22:19:02,526 [ERROR] LogOutputStream:75 - [STDERR_REDIRECT] 
2026-05-05 22:19:03,533 [ERROR] LogOutputStream:75 - [STDERR_REDIRECT] [Fatal Error] :1:1: Premature end of file.
2026-05-05 22:19:03,534 [ERROR] LogOutputStream:75 - [STDERR_REDIRECT] 
2026-05-05 22:19:04,528 [ERROR] LogOutputStream:75 - [STDERR_REDIRECT] [Fatal Error] :1:1: Premature end of file.
2026-05-05 22:19:04,528 [ERROR] LogOutputStream:75 - [STDERR_REDIRECT] 
2026-05-05 22:19:05,533 [ERROR] LogOutputStream:75 - [STDERR_REDIRECT] [Fatal Error] :1:1: Premature end of file.
2026-05-05 22:19:05,534 [ERROR] LogOutputStream:75 - [STDERR_REDIRECT] 
2026-05-05 22:19:06,531 [ERROR] LogOutputStream:75 - [STDERR_REDIRECT] [Fatal Error] :1:1: Premature end of file.
2026-05-05 22:19:06,531 [ERROR] LogOutputStream:75 - [STDERR_REDIRECT] 
2026-05-05 22:19:07,533 [ERROR] LogOutputStream:75 - [STDERR_REDIRECT] [Fatal Error] :1:1: Premature end of file.
2026-05-05 22:19:07,533 [ERROR] LogOutputStream:75 - [STDERR_REDIRECT] 
2026-05-05 22:19:08,534 [ERROR] LogOutputStream:75 - [STDERR_REDIRECT] [Fatal Error] :1:1: Premature end of file.
2026-05-05 22:19:08,534 [ERROR] LogOutputStream:75 - [STDERR_REDIRECT] 
2026-05-05 22:19:09,519 [ERROR] LogOutputStream:75 - [STDERR_REDIRECT] [Fatal Error] :1:1: Premature end of file.
2026-05-05 22:19:09,520 [ERROR] LogOutputStream:75 - [STDERR_REDIRECT] 
2026-05-05 22:19:10,516 [ERROR] LogOutputStream:75 - [STDERR_REDIRECT] [Fatal Error] :1:1: Premature end of file.
2026-05-05 22:19:10,516 [ERROR] LogOutputStream:75 - [STDERR_REDIRECT] 
2026-05-05 22:19:11,538 [ERROR] LogOutputStream:75 - [STDERR_REDIRECT] [Fatal Error] :1:1: Premature end of file.
2026-05-05 22:19:11,538 [ERROR] LogOutputStream:75 - [STDERR_REDIRECT] 
2026-05-05 22:19:12,524 [ERROR] LogOutputStream:75 - [STDERR_REDIRECT] [Fatal Error] :1:1: Premature end of file.
2026-05-05 22:19:12,525 [ERROR] LogOutputStream:75 - [STDERR_REDIRECT] 
2026-05-05 22:19:13,514 [ERROR] LogOutputStream:75 - [STDERR_REDIRECT] [Fatal Error] :1:1: Premature end of file.
2026-05-05 22:19:13,514 [ERROR] LogOutputStream:75 - [STDERR_REDIRECT] 
2026-05-05 22:19:14,538 [ERROR] LogOutputStream:75 - [STDERR_REDIRECT] [Fatal Error] :1:1: Premature end of file.
2026-05-05 22:19:14,538 [ERROR] LogOutputStream:75 - [STDERR_REDIRECT] 
2026-05-05 22:19:15,522 [ERROR] LogOutputStream:75 - [STDERR_REDIRECT] [Fatal Error] :1:1: Premature end of file.
2026-05-05 22:19:15,523 [ERROR] LogOutputStream:75 - [STDERR_REDIRECT] 
2026-05-05 22:19:16,539 [ERROR] LogOutputStream:75 - [STDERR_REDIRECT] [Fatal Error] :1:1: Premature end of file.
2026-05-05 22:19:16,540 [ERROR] LogOutputStream:75 - [STDERR_REDIRECT] 
2026-05-05 22:19:17,515 [ERROR] LogOutputStream:75 - [STDERR_REDIRECT] [Fatal Error] :1:1: Premature end of file.
2026-05-05 22:19:17,515 [ERROR] LogOutputStream:75 - [STDERR_REDIRECT] 
2026-05-05 22:19:18,526 [ERROR] LogOutputStream:75 - [STDERR_REDIRECT] [Fatal Error] :1:1: Premature end of file.
2026-05-05 22:19:18,526 [ERROR] LogOutputStream:75 - [STDERR_REDIRECT] 
2026-05-05 22:19:19,533 [ERROR] LogOutputStream:75 - [STDERR_REDIRECT] [Fatal Error] :1:1: Premature end of file.
2026-05-05 22:19:19,534 [ERROR] LogOutputStream:75 - [STDERR_REDIRECT] 
2026-05-05 22:19:20,525 [ERROR] LogOutputStream:75 - [STDERR_REDIRECT] [Fatal Error] :1:1: Premature end of file.
2026-05-05 22:19:20,525 [ERROR] LogOutputStream:75 - [STDERR_REDIRECT] 
2026-05-05 22:19:21,535 [ERROR] LogOutputStream:75 - [STDERR_REDIRECT] [Fatal Error] :1:1: Premature end of file.
2026-05-05 22:19:21,536 [ERROR] LogOutputStream:75 - [STDERR_REDIRECT] 
2026-05-05 22:19:22,512 [ERROR] LogOutputStream:75 - [STDERR_REDIRECT] [Fatal Error] :1:1: Premature end of file.
2026-05-05 22:19:22,512 [ERROR] LogOutputStream:75 - [STDERR_REDIRECT] 
2026-05-05 22:19:23,520 [ERROR] LogOutputStream:75 - [STDERR_REDIRECT] [Fatal Error] :1:1: Premature end of file.
2026-05-05 22:19:23,520 [ERROR] LogOutputStream:75 - [STDERR_REDIRECT] 
2026-05-05 22:19:24,507 [ERROR] LogOutputStream:75 - [STDERR_REDIRECT] [Fatal Error] :1:1: Premature end of file.
2026-05-05 22:19:24,507 [ERROR] LogOutputStream:75 - [STDERR_REDIRECT] 
2026-05-05 22:19:25,527 [ERROR] LogOutputStream:75 - [STDERR_REDIRECT] [Fatal Error] :1:1: Premature end of file.
2026-05-05 22:19:25,527 [ERROR] LogOutputStream:75 - [STDERR_REDIRECT] 
2026-05-05 22:19:26,522 [ERROR] LogOutputStream:75 - [STDERR_REDIRECT] [Fatal Error] :1:1: Premature end of file.
2026-05-05 22:19:26,524 [ERROR] LogOutputStream:75 - [STDERR_REDIRECT] 
2026-05-05 22:19:27,537 [ERROR] LogOutputStream:75 - [STDERR_REDIRECT] [Fatal Error] :1:1: Premature end of file.
2026-05-05 22:19:27,538 [ERROR] LogOutputStream:75 - [STDERR_REDIRECT] 
2026-05-05 22:19:28,519 [ERROR] LogOutputStream:75 - [STDERR_REDIRECT] [Fatal Error] :1:1: Premature end of file.
2026-05-05 22:19:28,519 [ERROR] LogOutputStream:75 - [STDERR_REDIRECT] 
2026-05-05 22:19:29,510 [ERROR] LogOutputStream:75 - [STDERR_REDIRECT] [Fatal Error] :1:1: Premature end of file.
2026-05-05 22:19:29,511 [ERROR] LogOutputStream:75 - [STDERR_REDIRECT] 
2026-05-05 22:19:30,537 [ERROR] LogOutputStream:75 - [STDERR_REDIRECT] [Fatal Error] :1:1: Premature end of file.
2026-05-05 22:19:30,538 [ERROR] LogOutputStream:75 - [STDERR_REDIRECT] 
2026-05-05 22:19:31,514 [ERROR] LogOutputStream:75 - [STDERR_REDIRECT] [Fatal Error] :1:1: Premature end of file.
2026-05-05 22:19:31,515 [ERROR] LogOutputStream:75 - [STDERR_REDIRECT] 
2026-05-05 22:19:32,512 [ERROR] LogOutputStream:75 - [STDERR_REDIRECT] [Fatal Error] :1:1: Premature end of file.
2026-05-05 22:19:32,513 [ERROR] LogOutputStream:75 - [STDERR_REDIRECT] 
2026-05-05 22:19:33,505 [ERROR] LogOutputStream:75 - [STDERR_REDIRECT] [Fatal Error] :1:1: Premature end of file.
2026-05-05 22:19:33,505 [ERROR] LogOutputStream:75 - [STDERR_REDIRECT] 
2026-05-05 22:19:34,529 [ERROR] LogOutputStream:75 - [STDERR_REDIRECT] [Fatal Error] :1:1: Premature end of file.
2026-05-05 22:19:34,529 [ERROR] LogOutputStream:75 - [STDERR_REDIRECT] 
2026-05-05 22:19:35,506 [ERROR] LogOutputStream:75 - [STDERR_REDIRECT] [Fatal Error] :1:1: Premature end of file.
2026-05-05 22:19:35,509 [ERROR] LogOutputStream:75 - [STDERR_REDIRECT] 
2026-05-05 22:19:36,541 [ERROR] LogOutputStream:75 - [STDERR_REDIRECT] [Fatal Error] :1:1: Premature end of file.
2026-05-05 22:19:36,541 [ERROR] LogOutputStream:75 - [STDERR_REDIRECT] 
2026-05-05 22:19:37,528 [ERROR] LogOutputStream:75 - [STDERR_REDIRECT] [Fatal Error] :1:1: Premature end of file.
2026-05-05 22:19:37,528 [ERROR] LogOutputStream:75 - [STDERR_REDIRECT] 
2026-05-05 22:19:38,525 [ERROR] LogOutputStream:75 - [STDERR_REDIRECT] [Fatal Error] :1:1: Premature end of file.
2026-05-05 22:19:38,525 [ERROR] LogOutputStream:75 - [STDERR_REDIRECT] 
2026-05-05 22:19:39,526 [ERROR] LogOutputStream:75 - [STDERR_REDIRECT] [Fatal Error] :1:1: Premature end of file.
2026-05-05 22:19:39,526 [ERROR] LogOutputStream:75 - [STDERR_REDIRECT] 
2026-05-05 22:19:40,526 [ERROR] LogOutputStream:75 - [STDERR_REDIRECT] [Fatal Error] :1:1: Premature end of file.
2026-05-05 22:19:40,526 [ERROR] LogOutputStream:75 - [STDERR_REDIRECT] 
2026-05-05 22:19:41,519 [ERROR] LogOutputStream:75 - [STDERR_REDIRECT] [Fatal Error] :1:1: Premature end of file.
2026-05-05 22:19:41,519 [ERROR] LogOutputStream:75 - [STDERR_REDIRECT] 
2026-05-05 22:19:42,536 [ERROR] LogOutputStream:75 - [STDERR_REDIRECT] [Fatal Error] :1:1: Premature end of file.
2026-05-05 22:19:42,536 [ERROR] LogOutputStream:75 - [STDERR_REDIRECT] 
2026-05-05 22:19:43,540 [ERROR] LogOutputStream:75 - [STDERR_REDIRECT] [Fatal Error] :1:1: Premature end of file.
2026-05-05 22:19:43,541 [ERROR] LogOutputStream:75 - [STDERR_REDIRECT] 
2026-05-05 22:19:44,543 [ERROR] LogOutputStream:75 - [STDERR_REDIRECT] [Fatal Error] :1:1: Premature end of file.
2026-05-05 22:19:44,543 [ERROR] LogOutputStream:75 - [STDERR_REDIRECT] 
2026-05-05 22:19:45,540 [ERROR] LogOutputStream:75 - [STDERR_REDIRECT] [Fatal Error] :1:1: Premature end of file.
2026-05-05 22:19:45,541 [ERROR] LogOutputStream:75 - [STDERR_REDIRECT] 
2026-05-05 22:19:46,535 [ERROR] LogOutputStream:75 - [STDERR_REDIRECT] [Fatal Error] :1:1: Premature end of file.
2026-05-05 22:19:46,535 [ERROR] LogOutputStream:75 - [STDERR_REDIRECT] 
2026-05-05 22:19:47,511 [ERROR] LogOutputStream:75 - [STDERR_REDIRECT] [Fatal Error] :1:1: Premature end of file.
2026-05-05 22:19:47,512 [ERROR] LogOutputStream:75 - [STDERR_REDIRECT] 
2026-05-05 22:19:48,534 [ERROR] LogOutputStream:75 - [STDERR_REDIRECT] [Fatal Error] :1:1: Premature end of file.
2026-05-05 22:19:48,534 [ERROR] LogOutputStream:75 - [STDERR_REDIRECT] 
2026-05-05 22:19:49,546 [ERROR] LogOutputStream:75 - [STDERR_REDIRECT] [Fatal Error] :1:1: Premature end of file.
2026-05-05 22:19:49,547 [ERROR] LogOutputStream:75 - [STDERR_REDIRECT] 
2026-05-05 22:19:50,549 [ERROR] LogOutputStream:75 - [STDERR_REDIRECT] [Fatal Error] :1:1: Premature end of file.
2026-05-05 22:19:50,549 [ERROR] LogOutputStream:75 - [STDERR_REDIRECT] 
2026-05-05 22:19:51,527 [ERROR] LogOutputStream:75 - [STDERR_REDIRECT] [Fatal Error] :1:1: Premature end of file.
2026-05-05 22:19:51,527 [ERROR] LogOutputStream:75 - [STDERR_REDIRECT] 
2026-05-05 22:19:52,542 [ERROR] LogOutputStream:75 - [STDERR_REDIRECT] [Fatal Error] :1:1: Premature end of file.
2026-05-05 22:19:52,543 [ERROR] LogOutputStream:75 - [STDERR_REDIRECT] 
2026-05-05 22:19:53,541 [ERROR] LogOutputStream:75 - [STDERR_REDIRECT] [Fatal Error] :1:1: Premature end of file.
2026-05-05 22:19:53,541 [ERROR] LogOutputStream:75 - [STDERR_REDIRECT] 
2026-05-05 22:19:54,540 [ERROR] LogOutputStream:75 - [STDERR_REDIRECT] [Fatal Error] :1:1: Premature end of file.
2026-05-05 22:19:54,540 [ERROR] LogOutputStream:75 - [STDERR_REDIRECT] 
2026-05-05 22:19:55,542 [ERROR] LogOutputStream:75 - [STDERR_REDIRECT] [Fatal Error] :1:1: Premature end of file.
2026-05-05 22:19:55,542 [ERROR] LogOutputStream:75 - [STDERR_REDIRECT] 
2026-05-05 22:19:56,538 [ERROR] LogOutputStream:75 - [STDERR_REDIRECT] [Fatal Error] :1:1: Premature end of file.
2026-05-05 22:19:56,539 [ERROR] LogOutputStream:75 - [STDERR_REDIRECT] 
2026-05-05 22:19:57,535 [ERROR] LogOutputStream:75 - [STDERR_REDIRECT] [Fatal Error] :1:1: Premature end of file.
2026-05-05 22:19:57,535 [ERROR] LogOutputStream:75 - [STDERR_REDIRECT] 
2026-05-05 22:19:58,544 [ERROR] LogOutputStream:75 - [STDERR_REDIRECT] [Fatal Error] :1:1: Premature end of file.
2026-05-05 22:19:58,545 [ERROR] LogOutputStream:75 - [STDERR_REDIRECT] 
2026-05-05 22:19:59,532 [ERROR] LogOutputStream:75 - [STDERR_REDIRECT] [Fatal Error] :1:1: Premature end of file.
2026-05-05 22:19:59,533 [ERROR] LogOutputStream:75 - [STDERR_REDIRECT] 
2026-05-05 22:20:00,542 [ERROR] LogOutputStream:75 - [STDERR_REDIRECT] [Fatal Error] :1:1: Premature end of file.
2026-05-05 22:20:00,542 [ERROR] LogOutputStream:75 - [STDERR_REDIRECT] 
2026-05-05 22:20:01,532 [ERROR] LogOutputStream:75 - [STDERR_REDIRECT] [Fatal Error] :1:1: Premature end of file.
2026-05-05 22:20:01,533 [ERROR] LogOutputStream:75 - [STDERR_REDIRECT] 
2026-05-05 22:20:02,539 [ERROR] LogOutputStream:75 - [STDERR_REDIRECT] [Fatal Error] :1:1: Premature end of file.
2026-05-05 22:20:02,539 [ERROR] LogOutputStream:75 - [STDERR_REDIRECT] 
2026-05-05 22:20:03,540 [ERROR] LogOutputStream:75 - [STDERR_REDIRECT] [Fatal Error] :1:1: Premature end of file.
2026-05-05 22:20:03,541 [ERROR] LogOutputStream:75 - [STDERR_REDIRECT] 
2026-05-05 22:20:04,528 [ERROR] LogOutputStream:75 - [STDERR_REDIRECT] [Fatal Error] :1:1: Premature end of file.
2026-05-05 22:20:04,528 [ERROR] LogOutputStream:75 - [STDERR_REDIRECT] 
2026-05-05 22:20:05,539 [ERROR] LogOutputStream:75 - [STDERR_REDIRECT] [Fatal Error] :1:1: Premature end of file.
2026-05-05 22:20:05,539 [ERROR] LogOutputStream:75 - [STDERR_REDIRECT] 
2026-05-05 22:20:06,534 [ERROR] LogOutputStream:75 - [STDERR_REDIRECT] [Fatal Error] :1:1: Premature end of file.
2026-05-05 22:20:06,534 [ERROR] LogOutputStream:75 - [STDERR_REDIRECT] 
2026-05-05 22:20:07,532 [ERROR] LogOutputStream:75 - [STDERR_REDIRECT] [Fatal Error] :1:1: Premature end of file.
2026-05-05 22:20:07,533 [ERROR] LogOutputStream:75 - [STDERR_REDIRECT] 
2026-05-05 22:20:08,525 [ERROR] LogOutputStream:75 - [STDERR_REDIRECT] [Fatal Error] :1:1: Premature end of file.
2026-05-05 22:20:08,525 [ERROR] LogOutputStream:75 - [STDERR_REDIRECT] 
2026-05-05 22:20:09,532 [ERROR] LogOutputStream:75 - [STDERR_REDIRECT] [Fatal Error] :1:1: Premature end of file.
2026-05-05 22:20:09,532 [ERROR] LogOutputStream:75 - [STDERR_REDIRECT] 
2026-05-05 22:20:10,531 [ERROR] LogOutputStream:75 - [STDERR_REDIRECT] [Fatal Error] :1:1: Premature end of file.
2026-05-05 22:20:10,531 [ERROR] LogOutputStream:75 - [STDERR_REDIRECT] 
2026-05-05 22:20:11,521 [ERROR] LogOutputStream:75 - [STDERR_REDIRECT] [Fatal Error] :1:1: Premature end of file.
2026-05-05 22:20:11,521 [ERROR] LogOutputStream:75 - [STDERR_REDIRECT] 
2026-05-05 22:20:12,532 [ERROR] LogOutputStream:75 - [STDERR_REDIRECT] [Fatal Error] :1:1: Premature end of file.
2026-05-05 22:20:12,532 [ERROR] LogOutputStream:75 - [STDERR_REDIRECT] 
2026-05-05 22:20:13,527 [ERROR] LogOutputStream:75 - [STDERR_REDIRECT] [Fatal Error] :1:1: Premature end of file.
2026-05-05 22:20:13,527 [ERROR] LogOutputStream:75 - [STDERR_REDIRECT] 
2026-05-05 22:20:14,507 [ERROR] LogOutputStream:75 - [STDERR_REDIRECT] [Fatal Error] :1:1: Premature end of file.
2026-05-05 22:20:14,508 [ERROR] LogOutputStream:75 - [STDERR_REDIRECT] 
2026-05-05 22:20:15,537 [ERROR] LogOutputStream:75 - [STDERR_REDIRECT] [Fatal Error] :1:1: Premature end of file.
2026-05-05 22:20:15,537 [ERROR] LogOutputStream:75 - [STDERR_REDIRECT] 
2026-05-05 22:20:16,524 [ERROR] LogOutputStream:75 - [STDERR_REDIRECT] [Fatal Error] :1:1: Premature end of file.
2026-05-05 22:20:16,525 [ERROR] LogOutputStream:75 - [STDERR_REDIRECT] 
2026-05-05 22:20:17,543 [ERROR] LogOutputStream:75 - [STDERR_REDIRECT] [Fatal Error] :1:1: Premature end of file.
2026-05-05 22:20:17,543 [ERROR] LogOutputStream:75 - [STDERR_REDIRECT] 
2026-05-05 22:20:18,517 [ERROR] LogOutputStream:75 - [STDERR_REDIRECT] [Fatal Error] :1:1: Premature end of file.
2026-05-05 22:20:18,517 [ERROR] LogOutputStream:75 - [STDERR_REDIRECT] 
2026-05-05 22:20:19,529 [ERROR] LogOutputStream:75 - [STDERR_REDIRECT] [Fatal Error] :1:1: Premature end of file.
2026-05-05 22:20:19,529 [ERROR] LogOutputStream:75 - [STDERR_REDIRECT] 
2026-05-05 22:20:20,528 [ERROR] LogOutputStream:75 - [STDERR_REDIRECT] [Fatal Error] :1:1: Premature end of file.
2026-05-05 22:20:20,528 [ERROR] LogOutputStream:75 - [STDERR_REDIRECT] 
2026-05-05 22:20:21,534 [ERROR] LogOutputStream:75 - [STDERR_REDIRECT] [Fatal Error] :1:1: Premature end of file.
2026-05-05 22:20:21,534 [ERROR] LogOutputStream:75 - [STDERR_REDIRECT] 
2026-05-05 22:20:22,515 [ERROR] LogOutputStream:75 - [STDERR_REDIRECT] [Fatal Error] :1:1: Premature end of file.
2026-05-05 22:20:22,515 [ERROR] LogOutputStream:75 - [STDERR_REDIRECT] 
2026-05-05 22:20:23,533 [ERROR] LogOutputStream:75 - [STDERR_REDIRECT] [Fatal Error] :1:1: Premature end of file.
2026-05-05 22:20:23,533 [ERROR] LogOutputStream:75 - [STDERR_REDIRECT] 
2026-05-05 22:20:24,538 [ERROR] LogOutputStream:75 - [STDERR_REDIRECT] [Fatal Error] :1:1: Premature end of file.
2026-05-05 22:20:24,538 [ERROR] LogOutputStream:75 - [STDERR_REDIRECT] 
2026-05-05 22:20:25,531 [ERROR] LogOutputStream:75 - [STDERR_REDIRECT] [Fatal Error] :1:1: Premature end of file.
2026-05-05 22:20:25,532 [ERROR] LogOutputStream:75 - [STDERR_REDIRECT] 
2026-05-05 22:20:26,520 [ERROR] LogOutputStream:75 - [STDERR_REDIRECT] [Fatal Error] :1:1: Premature end of file.
2026-05-05 22:20:26,520 [ERROR] LogOutputStream:75 - [STDERR_REDIRECT] 
2026-05-05 22:20:27,554 [ERROR] LogOutputStream:75 - [STDERR_REDIRECT] [Fatal Error] :1:1: Premature end of file.
2026-05-05 22:20:27,554 [ERROR] LogOutputStream:75 - [STDERR_REDIRECT] 
2026-05-05 22:20:28,528 [ERROR] LogOutputStream:75 - [STDERR_REDIRECT] [Fatal Error] :1:1: Premature end of file.
2026-05-05 22:20:28,528 [ERROR] LogOutputStream:75 - [STDERR_REDIRECT] 
2026-05-05 22:20:29,536 [ERROR] LogOutputStream:75 - [STDERR_REDIRECT] [Fatal Error] :1:1: Premature end of file.
2026-05-05 22:20:29,536 [ERROR] LogOutputStream:75 - [STDERR_REDIRECT] 
2026-05-05 22:20:30,512 [ERROR] LogOutputStream:75 - [STDERR_REDIRECT] [Fatal Error] :1:1: Premature end of file.
2026-05-05 22:20:30,512 [ERROR] LogOutputStream:75 - [STDERR_REDIRECT] 
2026-05-05 22:20:31,547 [ERROR] LogOutputStream:75 - [STDERR_REDIRECT] [Fatal Error] :1:1: Premature end of file.
2026-05-05 22:20:31,547 [ERROR] LogOutputStream:75 - [STDERR_REDIRECT] 
2026-05-05 22:20:32,535 [ERROR] LogOutputStream:75 - [STDERR_REDIRECT] [Fatal Error] :1:1: Premature end of file.
2026-05-05 22:20:32,535 [ERROR] LogOutputStream:75 - [STDERR_REDIRECT] 
2026-05-05 22:20:33,526 [ERROR] LogOutputStream:75 - [STDERR_REDIRECT] [Fatal Error] :1:1: Premature end of file.
2026-05-05 22:20:33,526 [ERROR] LogOutputStream:75 - [STDERR_REDIRECT] 
2026-05-05 22:20:34,527 [ERROR] LogOutputStream:75 - [STDERR_REDIRECT] [Fatal Error] :1:1: Premature end of file.
2026-05-05 22:20:34,527 [ERROR] LogOutputStream:75 - [STDERR_REDIRECT] 
2026-05-05 22:20:35,525 [ERROR] LogOutputStream:75 - [STDERR_REDIRECT] [Fatal Error] :1:1: Premature end of file.
2026-05-05 22:20:35,525 [ERROR] LogOutputStream:75 - [STDERR_REDIRECT] 
2026-05-05 22:20:36,532 [ERROR] LogOutputStream:75 - [STDERR_REDIRECT] [Fatal Error] :1:1: Premature end of file.
2026-05-05 22:20:36,533 [ERROR] LogOutputStream:75 - [STDERR_REDIRECT] 
2026-05-05 22:20:37,540 [ERROR] LogOutputStream:75 - [STDERR_REDIRECT] [Fatal Error] :1:1: Premature end of file.
2026-05-05 22:20:37,540 [ERROR] LogOutputStream:75 - [STDERR_REDIRECT] 
2026-05-05 22:20:38,530 [ERROR] LogOutputStream:75 - [STDERR_REDIRECT] [Fatal Error] :1:1: Premature end of file.
2026-05-05 22:20:38,530 [ERROR] LogOutputStream:75 - [STDERR_REDIRECT] 
2026-05-05 22:20:39,530 [ERROR] LogOutputStream:75 - [STDERR_REDIRECT] [Fatal Error] :1:1: Premature end of file.
2026-05-05 22:20:39,530 [ERROR] LogOutputStream:75 - [STDERR_REDIRECT] 
2026-05-05 22:20:40,513 [ERROR] LogOutputStream:75 - [STDERR_REDIRECT] [Fatal Error] :1:1: Premature end of file.
2026-05-05 22:20:40,514 [ERROR] LogOutputStream:75 - [STDERR_REDIRECT] 
2026-05-05 22:20:41,528 [ERROR] LogOutputStream:75 - [STDERR_REDIRECT] [Fatal Error] :1:1: Premature end of file.
2026-05-05 22:20:41,528 [ERROR] LogOutputStream:75 - [STDERR_REDIRECT] 
2026-05-05 22:20:42,531 [ERROR] LogOutputStream:75 - [STDERR_REDIRECT] [Fatal Error] :1:1: Premature end of file.
2026-05-05 22:20:42,532 [ERROR] LogOutputStream:75 - [STDERR_REDIRECT] 
2026-05-05 22:20:43,537 [ERROR] LogOutputStream:75 - [STDERR_REDIRECT] [Fatal Error] :1:1: Premature end of file.
2026-05-05 22:20:43,537 [ERROR] LogOutputStream:75 - [STDERR_REDIRECT] 
2026-05-05 22:20:44,530 [ERROR] LogOutputStream:75 - [STDERR_REDIRECT] [Fatal Error] :1:1: Premature end of file.
2026-05-05 22:20:44,530 [ERROR] LogOutputStream:75 - [STDERR_REDIRECT] 
2026-05-05 22:20:45,547 [ERROR] LogOutputStream:75 - [STDERR_REDIRECT] [Fatal Error] :1:1: Premature end of file.
2026-05-05 22:20:45,547 [ERROR] LogOutputStream:75 - [STDERR_REDIRECT] 
2026-05-05 22:20:46,539 [ERROR] LogOutputStream:75 - [STDERR_REDIRECT] [Fatal Error] :1:1: Premature end of file.
2026-05-05 22:20:46,539 [ERROR] LogOutputStream:75 - [STDERR_REDIRECT] 
2026-05-05 22:20:47,524 [ERROR] LogOutputStream:75 - [STDERR_REDIRECT] [Fatal Error] :1:1: Premature end of file.
2026-05-05 22:20:47,524 [ERROR] LogOutputStream:75 - [STDERR_REDIRECT] 
2026-05-05 22:20:48,515 [ERROR] LogOutputStream:75 - [STDERR_REDIRECT] [Fatal Error] :1:1: Premature end of file.
2026-05-05 22:20:48,516 [ERROR] LogOutputStream:75 - [STDERR_REDIRECT] 
2026-05-05 22:20:49,525 [ERROR] LogOutputStream:75 - [STDERR_REDIRECT] [Fatal Error] :1:1: Premature end of file.
2026-05-05 22:20:49,525 [ERROR] LogOutputStream:75 - [STDERR_REDIRECT] 
2026-05-05 22:20:50,528 [ERROR] LogOutputStream:75 - [STDERR_REDIRECT] [Fatal Error] :1:1: Premature end of file.
2026-05-05 22:20:50,529 [ERROR] LogOutputStream:75 - [STDERR_REDIRECT] 
2026-05-05 22:20:51,529 [ERROR] LogOutputStream:75 - [STDERR_REDIRECT] [Fatal Error] :1:1: Premature end of file.
2026-05-05 22:20:51,530 [ERROR] LogOutputStream:75 - [STDERR_REDIRECT] 
2026-05-05 22:20:52,531 [ERROR] LogOutputStream:75 - [STDERR_REDIRECT] [Fatal Error] :1:1: Premature end of file.
2026-05-05 22:20:52,531 [ERROR] LogOutputStream:75 - [STDERR_REDIRECT] 
2026-05-05 22:20:53,537 [ERROR] LogOutputStream:75 - [STDERR_REDIRECT] [Fatal Error] :1:1: Premature end of file.
2026-05-05 22:20:53,537 [ERROR] LogOutputStream:75 - [STDERR_REDIRECT] 
2026-05-05 22:20:54,524 [ERROR] LogOutputStream:75 - [STDERR_REDIRECT] [Fatal Error] :1:1: Premature end of file.
2026-05-05 22:20:54,524 [ERROR] LogOutputStream:75 - [STDERR_REDIRECT] 
2026-05-05 22:20:55,536 [ERROR] LogOutputStream:75 - [STDERR_REDIRECT] [Fatal Error] :1:1: Premature end of file.
2026-05-05 22:20:55,536 [ERROR] LogOutputStream:75 - [STDERR_REDIRECT] 
2026-05-05 22:20:56,523 [ERROR] LogOutputStream:75 - [STDERR_REDIRECT] [Fatal Error] :1:1: Premature end of file.
2026-05-05 22:20:56,524 [ERROR] LogOutputStream:75 - [STDERR_REDIRECT] 
2026-05-05 22:20:57,520 [ERROR] LogOutputStream:75 - [STDERR_REDIRECT] [Fatal Error] :1:1: Premature end of file.
2026-05-05 22:20:57,520 [ERROR] LogOutputStream:75 - [STDERR_REDIRECT] 
2026-05-05 22:20:58,528 [ERROR] LogOutputStream:75 - [STDERR_REDIRECT] [Fatal Error] :1:1: Premature end of file.
2026-05-05 22:20:58,528 [ERROR] LogOutputStream:75 - [STDERR_REDIRECT] 
2026-05-05 22:20:59,534 [ERROR] LogOutputStream:75 - [STDERR_REDIRECT] [Fatal Error] :1:1: Premature end of file.
2026-05-05 22:20:59,535 [ERROR] LogOutputStream:75 - [STDERR_REDIRECT] 
2026-05-05 22:21:00,523 [ERROR] LogOutputStream:75 - [STDERR_REDIRECT] [Fatal Error] :1:1: Premature end of file.
2026-05-05 22:21:00,523 [ERROR] LogOutputStream:75 - [STDERR_REDIRECT] 
2026-05-05 22:21:01,526 [ERROR] LogOutputStream:75 - [STDERR_REDIRECT] [Fatal Error] :1:1: Premature end of file.
2026-05-05 22:21:01,526 [ERROR] LogOutputStream:75 - [STDERR_REDIRECT] 
2026-05-05 22:21:02,523 [ERROR] LogOutputStream:75 - [STDERR_REDIRECT] [Fatal Error] :1:1: Premature end of file.
2026-05-05 22:21:02,523 [ERROR] LogOutputStream:75 - [STDERR_REDIRECT] 
2026-05-05 22:21:03,529 [ERROR] LogOutputStream:75 - [STDERR_REDIRECT] [Fatal Error] :1:1: Premature end of file.
2026-05-05 22:21:03,529 [ERROR] LogOutputStream:75 - [STDERR_REDIRECT] 
2026-05-05 22:21:04,518 [ERROR] LogOutputStream:75 - [STDERR_REDIRECT] [Fatal Error] :1:1: Premature end of file.
2026-05-05 22:21:04,518 [ERROR] LogOutputStream:75 - [STDERR_REDIRECT] 
2026-05-05 22:21:05,535 [ERROR] LogOutputStream:75 - [STDERR_REDIRECT] [Fatal Error] :1:1: Premature end of file.
2026-05-05 22:21:05,536 [ERROR] LogOutputStream:75 - [STDERR_REDIRECT] 
2026-05-05 22:21:06,534 [ERROR] LogOutputStream:75 - [STDERR_REDIRECT] [Fatal Error] :1:1: Premature end of file.
2026-05-05 22:21:06,535 [ERROR] LogOutputStream:75 - [STDERR_REDIRECT] 
2026-05-05 22:21:07,531 [ERROR] LogOutputStream:75 - [STDERR_REDIRECT] [Fatal Error] :1:1: Premature end of file.
2026-05-05 22:21:07,531 [ERROR] LogOutputStream:75 - [STDERR_REDIRECT] 
2026-05-05 22:21:08,534 [ERROR] LogOutputStream:75 - [STDERR_REDIRECT] [Fatal Error] :1:1: Premature end of file.
2026-05-05 22:21:08,535 [ERROR] LogOutputStream:75 - [STDERR_REDIRECT] 
2026-05-05 22:21:09,522 [ERROR] LogOutputStream:75 - [STDERR_REDIRECT] [Fatal Error] :1:1: Premature end of file.
2026-05-05 22:21:09,522 [ERROR] LogOutputStream:75 - [STDERR_REDIRECT] 
2026-05-05 22:21:10,532 [ERROR] LogOutputStream:75 - [STDERR_REDIRECT] [Fatal Error] :1:1: Premature end of file.
2026-05-05 22:21:10,532 [ERROR] LogOutputStream:75 - [STDERR_REDIRECT] 
2026-05-05 22:21:11,519 [ERROR] LogOutputStream:75 - [STDERR_REDIRECT] [Fatal Error] :1:1: Premature end of file.
2026-05-05 22:21:11,520 [ERROR] LogOutputStream:75 - [STDERR_REDIRECT] 
2026-05-05 22:21:12,520 [ERROR] LogOutputStream:75 - [STDERR_REDIRECT] [Fatal Error] :1:1: Premature end of file.
2026-05-05 22:21:12,520 [ERROR] LogOutputStream:75 - [STDERR_REDIRECT] 
2026-05-05 22:21:13,532 [ERROR] LogOutputStream:75 - [STDERR_REDIRECT] [Fatal Error] :1:1: Premature end of file.
2026-05-05 22:21:13,533 [ERROR] LogOutputStream:75 - [STDERR_REDIRECT] 
2026-05-05 22:21:14,531 [ERROR] LogOutputStream:75 - [STDERR_REDIRECT] [Fatal Error] :1:1: Premature end of file.
2026-05-05 22:21:14,531 [ERROR] LogOutputStream:75 - [STDERR_REDIRECT] 
2026-05-05 22:21:15,539 [ERROR] LogOutputStream:75 - [STDERR_REDIRECT] [Fatal Error] :1:1: Premature end of file.
2026-05-05 22:21:15,540 [ERROR] LogOutputStream:75 - [STDERR_REDIRECT] 
2026-05-05 22:21:16,527 [ERROR] LogOutputStream:75 - [STDERR_REDIRECT] [Fatal Error] :1:1: Premature end of file.
2026-05-05 22:21:16,527 [ERROR] LogOutputStream:75 - [STDERR_REDIRECT] 
2026-05-05 22:21:17,536 [ERROR] LogOutputStream:75 - [STDERR_REDIRECT] [Fatal Error] :1:1: Premature end of file.
2026-05-05 22:21:17,537 [ERROR] LogOutputStream:75 - [STDERR_REDIRECT] 
2026-05-05 22:21:18,536 [ERROR] LogOutputStream:75 - [STDERR_REDIRECT] [Fatal Error] :1:1: Premature end of file.
2026-05-05 22:21:18,536 [ERROR] LogOutputStream:75 - [STDERR_REDIRECT] 
2026-05-05 22:21:19,536 [ERROR] LogOutputStream:75 - [STDERR_REDIRECT] [Fatal Error] :1:1: Premature end of file.
2026-05-05 22:21:19,537 [ERROR] LogOutputStream:75 - [STDERR_REDIRECT] 
2026-05-05 22:21:20,527 [ERROR] LogOutputStream:75 - [STDERR_REDIRECT] [Fatal Error] :1:1: Premature end of file.
2026-05-05 22:21:20,527 [ERROR] LogOutputStream:75 - [STDERR_REDIRECT] 
2026-05-05 22:21:21,530 [ERROR] LogOutputStream:75 - [STDERR_REDIRECT] [Fatal Error] :1:1: Premature end of file.
2026-05-05 22:21:21,530 [ERROR] LogOutputStream:75 - [STDERR_REDIRECT] 
2026-05-05 22:21:22,535 [ERROR] LogOutputStream:75 - [STDERR_REDIRECT] [Fatal Error] :1:1: Premature end of file.
2026-05-05 22:21:22,535 [ERROR] LogOutputStream:75 - [STDERR_REDIRECT] 
2026-05-05 22:21:23,515 [ERROR] LogOutputStream:75 - [STDERR_REDIRECT] [Fatal Error] :1:1: Premature end of file.
2026-05-05 22:21:23,515 [ERROR] LogOutputStream:75 - [STDERR_REDIRECT] 
2026-05-05 22:21:24,534 [ERROR] LogOutputStream:75 - [STDERR_REDIRECT] [Fatal Error] :1:1: Premature end of file.
2026-05-05 22:21:24,535 [ERROR] LogOutputStream:75 - [STDERR_REDIRECT] 
2026-05-05 22:21:25,521 [ERROR] LogOutputStream:75 - [STDERR_REDIRECT] [Fatal Error] :1:1: Premature end of file.
2026-05-05 22:21:25,521 [ERROR] LogOutputStream:75 - [STDERR_REDIRECT] 
2026-05-05 22:21:26,534 [ERROR] LogOutputStream:75 - [STDERR_REDIRECT] [Fatal Error] :1:1: Premature end of file.
2026-05-05 22:21:26,535 [ERROR] LogOutputStream:75 - [STDERR_REDIRECT] 
2026-05-05 22:21:27,517 [ERROR] LogOutputStream:75 - [STDERR_REDIRECT] [Fatal Error] :1:1: Premature end of file.
2026-05-05 22:21:27,517 [ERROR] LogOutputStream:75 - [STDERR_REDIRECT] 
2026-05-05 22:21:28,534 [ERROR] LogOutputStream:75 - [STDERR_REDIRECT] [Fatal Error] :1:1: Premature end of file.
2026-05-05 22:21:28,534 [ERROR] LogOutputStream:75 - [STDERR_REDIRECT] 
2026-05-05 22:21:29,528 [ERROR] LogOutputStream:75 - [STDERR_REDIRECT] [Fatal Error] :1:1: Premature end of file.
2026-05-05 22:21:29,528 [ERROR] LogOutputStream:75 - [STDERR_REDIRECT] 
2026-05-05 22:21:30,516 [ERROR] LogOutputStream:75 - [STDERR_REDIRECT] [Fatal Error] :1:1: Premature end of file.
2026-05-05 22:21:30,516 [ERROR] LogOutputStream:75 - [STDERR_REDIRECT] 
2026-05-05 22:21:31,538 [ERROR] LogOutputStream:75 - [STDERR_REDIRECT] [Fatal Error] :1:1: Premature end of file.
2026-05-05 22:21:31,539 [ERROR] LogOutputStream:75 - [STDERR_REDIRECT] 
2026-05-05 22:21:32,532 [ERROR] LogOutputStream:75 - [STDERR_REDIRECT] [Fatal Error] :1:1: Premature end of file.
2026-05-05 22:21:32,532 [ERROR] LogOutputStream:75 - [STDERR_REDIRECT] 
2026-05-05 22:21:33,524 [ERROR] LogOutputStream:75 - [STDERR_REDIRECT] [Fatal Error] :1:1: Premature end of file.
2026-05-05 22:21:33,524 [ERROR] LogOutputStream:75 - [STDERR_REDIRECT] 
2026-05-05 22:21:34,528 [ERROR] LogOutputStream:75 - [STDERR_REDIRECT] [Fatal Error] :1:1: Premature end of file.
2026-05-05 22:21:34,529 [ERROR] LogOutputStream:75 - [STDERR_REDIRECT] 
2026-05-05 22:21:35,532 [ERROR] LogOutputStream:75 - [STDERR_REDIRECT] [Fatal Error] :1:1: Premature end of file.
2026-05-05 22:21:35,533 [ERROR] LogOutputStream:75 - [STDERR_REDIRECT] 
2026-05-05 22:21:36,534 [ERROR] LogOutputStream:75 - [STDERR_REDIRECT] [Fatal Error] :1:1: Premature end of file.
2026-05-05 22:21:36,534 [ERROR] LogOutputStream:75 - [STDERR_REDIRECT] 
2026-05-05 22:21:37,530 [ERROR] LogOutputStream:75 - [STDERR_REDIRECT] [Fatal Error] :1:1: Premature end of file.
2026-05-05 22:21:37,530 [ERROR] LogOutputStream:75 - [STDERR_REDIRECT] 
2026-05-05 22:21:38,511 [ERROR] LogOutputStream:75 - [STDERR_REDIRECT] [Fatal Error] :1:1: Premature end of file.
2026-05-05 22:21:38,511 [ERROR] LogOutputStream:75 - [STDERR_REDIRECT] 
2026-05-05 22:21:39,516 [ERROR] LogOutputStream:75 - [STDERR_REDIRECT] [Fatal Error] :1:1: Premature end of file.
2026-05-05 22:21:39,517 [ERROR] LogOutputStream:75 - [STDERR_REDIRECT] 
2026-05-05 22:21:40,517 [ERROR] LogOutputStream:75 - [STDERR_REDIRECT] [Fatal Error] :1:1: Premature end of file.
2026-05-05 22:21:40,518 [ERROR] LogOutputStream:75 - [STDERR_REDIRECT] 
2026-05-05 22:21:41,522 [ERROR] LogOutputStream:75 - [STDERR_REDIRECT] [Fatal Error] :1:1: Premature end of file.
2026-05-05 22:21:41,522 [ERROR] LogOutputStream:75 - [STDERR_REDIRECT] 
2026-05-05 22:21:42,535 [ERROR] LogOutputStream:75 - [STDERR_REDIRECT] [Fatal Error] :1:1: Premature end of file.
2026-05-05 22:21:42,536 [ERROR] LogOutputStream:75 - [STDERR_REDIRECT] 
2026-05-05 22:21:43,527 [ERROR] LogOutputStream:75 - [STDERR_REDIRECT] [Fatal Error] :1:1: Premature end of file.
2026-05-05 22:21:43,527 [ERROR] LogOutputStream:75 - [STDERR_REDIRECT] 
2026-05-05 22:21:44,525 [ERROR] LogOutputStream:75 - [STDERR_REDIRECT] [Fatal Error] :1:1: Premature end of file.
2026-05-05 22:21:44,525 [ERROR] LogOutputStream:75 - [STDERR_REDIRECT] 
2026-05-05 22:21:45,532 [ERROR] LogOutputStream:75 - [STDERR_REDIRECT] [Fatal Error] :1:1: Premature end of file.
2026-05-05 22:21:45,533 [ERROR] LogOutputStream:75 - [STDERR_REDIRECT] 
2026-05-05 22:21:46,516 [ERROR] LogOutputStream:75 - [STDERR_REDIRECT] [Fatal Error] :1:1: Premature end of file.
2026-05-05 22:21:46,516 [ERROR] LogOutputStream:75 - [STDERR_REDIRECT] 
2026-05-05 22:21:47,528 [ERROR] LogOutputStream:75 - [STDERR_REDIRECT] [Fatal Error] :1:1: Premature end of file.
2026-05-05 22:21:47,529 [ERROR] LogOutputStream:75 - [STDERR_REDIRECT] 
2026-05-05 22:21:48,522 [ERROR] LogOutputStream:75 - [STDERR_REDIRECT] [Fatal Error] :1:1: Premature end of file.
2026-05-05 22:21:48,522 [ERROR] LogOutputStream:75 - [STDERR_REDIRECT] 
2026-05-05 22:21:49,546 [ERROR] LogOutputStream:75 - [STDERR_REDIRECT] [Fatal Error] :1:1: Premature end of file.
2026-05-05 22:21:49,546 [ERROR] LogOutputStream:75 - [STDERR_REDIRECT] 
2026-05-05 22:21:50,540 [ERROR] LogOutputStream:75 - [STDERR_REDIRECT] [Fatal Error] :1:1: Premature end of file.
2026-05-05 22:21:50,540 [ERROR] LogOutputStream:75 - [STDERR_REDIRECT] 
2026-05-05 22:21:51,531 [ERROR] LogOutputStream:75 - [STDERR_REDIRECT] [Fatal Error] :1:1: Premature end of file.
2026-05-05 22:21:51,531 [ERROR] LogOutputStream:75 - [STDERR_REDIRECT] 
2026-05-05 22:21:52,531 [ERROR] LogOutputStream:75 - [STDERR_REDIRECT] [Fatal Error] :1:1: Premature end of file.
2026-05-05 22:21:52,532 [ERROR] LogOutputStream:75 - [STDERR_REDIRECT] 
2026-05-05 22:21:53,537 [ERROR] LogOutputStream:75 - [STDERR_REDIRECT] [Fatal Error] :1:1: Premature end of file.
2026-05-05 22:21:53,537 [ERROR] LogOutputStream:75 - [STDERR_REDIRECT] 
2026-05-05 22:21:54,532 [ERROR] LogOutputStream:75 - [STDERR_REDIRECT] [Fatal Error] :1:1: Premature end of file.
2026-05-05 22:21:54,533 [ERROR] LogOutputStream:75 - [STDERR_REDIRECT] 
2026-05-05 22:21:55,528 [ERROR] LogOutputStream:75 - [STDERR_REDIRECT] [Fatal Error] :1:1: Premature end of file.
2026-05-05 22:21:55,529 [ERROR] LogOutputStream:75 - [STDERR_REDIRECT] 
2026-05-05 22:21:56,521 [ERROR] LogOutputStream:75 - [STDERR_REDIRECT] [Fatal Error] :1:1: Premature end of file.
2026-05-05 22:21:56,522 [ERROR] LogOutputStream:75 - [STDERR_REDIRECT] 
2026-05-05 22:21:57,519 [ERROR] LogOutputStream:75 - [STDERR_REDIRECT] [Fatal Error] :1:1: Premature end of file.
2026-05-05 22:21:57,519 [ERROR] LogOutputStream:75 - [STDERR_REDIRECT] 
2026-05-05 22:21:58,511 [ERROR] LogOutputStream:75 - [STDERR_REDIRECT] [Fatal Error] :1:1: Premature end of file.
2026-05-05 22:21:58,512 [ERROR] LogOutputStream:75 - [STDERR_REDIRECT] 
2026-05-05 22:21:59,529 [ERROR] LogOutputStream:75 - [STDERR_REDIRECT] [Fatal Error] :1:1: Premature end of file.
2026-05-05 22:21:59,529 [ERROR] LogOutputStream:75 - [STDERR_REDIRECT] 
2026-05-05 22:22:00,531 [ERROR] LogOutputStream:75 - [STDERR_REDIRECT] [Fatal Error] :1:1: Premature end of file.
2026-05-05 22:22:00,531 [ERROR] LogOutputStream:75 - [STDERR_REDIRECT] 
2026-05-05 22:22:01,526 [ERROR] LogOutputStream:75 - [STDERR_REDIRECT] [Fatal Error] :1:1: Premature end of file.
2026-05-05 22:22:01,526 [ERROR] LogOutputStream:75 - [STDERR_REDIRECT] 
2026-05-05 22:22:02,526 [ERROR] LogOutputStream:75 - [STDERR_REDIRECT] [Fatal Error] :1:1: Premature end of file.
2026-05-05 22:22:02,526 [ERROR] LogOutputStream:75 - [STDERR_REDIRECT] 
2026-05-05 22:22:03,534 [ERROR] LogOutputStream:75 - [STDERR_REDIRECT] [Fatal Error] :1:1: Premature end of file.
2026-05-05 22:22:03,534 [ERROR] LogOutputStream:75 - [STDERR_REDIRECT] 
2026-05-05 22:22:04,523 [ERROR] LogOutputStream:75 - [STDERR_REDIRECT] [Fatal Error] :1:1: Premature end of file.
2026-05-05 22:22:04,523 [ERROR] LogOutputStream:75 - [STDERR_REDIRECT] 
2026-05-05 22:22:05,534 [ERROR] LogOutputStream:75 - [STDERR_REDIRECT] [Fatal Error] :1:1: Premature end of file.
2026-05-05 22:22:05,534 [ERROR] LogOutputStream:75 - [STDERR_REDIRECT] 
2026-05-05 22:22:06,534 [ERROR] LogOutputStream:75 - [STDERR_REDIRECT] [Fatal Error] :1:1: Premature end of file.
2026-05-05 22:22:06,534 [ERROR] LogOutputStream:75 - [STDERR_REDIRECT] 
2026-05-05 22:22:07,532 [ERROR] LogOutputStream:75 - [STDERR_REDIRECT] [Fatal Error] :1:1: Premature end of file.
2026-05-05 22:22:07,532 [ERROR] LogOutputStream:75 - [STDERR_REDIRECT] 
2026-05-05 22:22:08,521 [ERROR] LogOutputStream:75 - [STDERR_REDIRECT] [Fatal Error] :1:1: Premature end of file.
2026-05-05 22:22:08,521 [ERROR] LogOutputStream:75 - [STDERR_REDIRECT] 
2026-05-05 22:22:09,519 [ERROR] LogOutputStream:75 - [STDERR_REDIRECT] [Fatal Error] :1:1: Premature end of file.
2026-05-05 22:22:09,519 [ERROR] LogOutputStream:75 - [STDERR_REDIRECT] 
2026-05-05 22:22:10,533 [ERROR] LogOutputStream:75 - [STDERR_REDIRECT] [Fatal Error] :1:1: Premature end of file.
2026-05-05 22:22:10,534 [ERROR] LogOutputStream:75 - [STDERR_REDIRECT] 
2026-05-05 22:22:11,537 [ERROR] LogOutputStream:75 - [STDERR_REDIRECT] [Fatal Error] :1:1: Premature end of file.
2026-05-05 22:22:11,537 [ERROR] LogOutputStream:75 - [STDERR_REDIRECT] 
2026-05-05 22:22:12,531 [ERROR] LogOutputStream:75 - [STDERR_REDIRECT] [Fatal Error] :1:1: Premature end of file.
2026-05-05 22:22:12,531 [ERROR] LogOutputStream:75 - [STDERR_REDIRECT] 
2026-05-05 22:22:13,535 [ERROR] LogOutputStream:75 - [STDERR_REDIRECT] [Fatal Error] :1:1: Premature end of file.
2026-05-05 22:22:13,535 [ERROR] LogOutputStream:75 - [STDERR_REDIRECT] 
2026-05-05 22:22:14,524 [ERROR] LogOutputStream:75 - [STDERR_REDIRECT] [Fatal Error] :1:1: Premature end of file.
2026-05-05 22:22:14,524 [ERROR] LogOutputStream:75 - [STDERR_REDIRECT] 
2026-05-05 22:22:15,534 [ERROR] LogOutputStream:75 - [STDERR_REDIRECT] [Fatal Error] :1:1: Premature end of file.
2026-05-05 22:22:15,534 [ERROR] LogOutputStream:75 - [STDERR_REDIRECT] 
2026-05-05 22:22:16,535 [ERROR] LogOutputStream:75 - [STDERR_REDIRECT] [Fatal Error] :1:1: Premature end of file.
2026-05-05 22:22:16,535 [ERROR] LogOutputStream:75 - [STDERR_REDIRECT] 
2026-05-05 22:22:17,523 [ERROR] LogOutputStream:75 - [STDERR_REDIRECT] [Fatal Error] :1:1: Premature end of file.
2026-05-05 22:22:17,523 [ERROR] LogOutputStream:75 - [STDERR_REDIRECT] 
2026-05-05 22:22:18,518 [ERROR] LogOutputStream:75 - [STDERR_REDIRECT] [Fatal Error] :1:1: Premature end of file.
2026-05-05 22:22:18,518 [ERROR] LogOutputStream:75 - [STDERR_REDIRECT] 
2026-05-05 22:22:19,535 [ERROR] LogOutputStream:75 - [STDERR_REDIRECT] [Fatal Error] :1:1: Premature end of file.
2026-05-05 22:22:19,535 [ERROR] LogOutputStream:75 - [STDERR_REDIRECT] 
2026-05-05 22:22:20,533 [ERROR] LogOutputStream:75 - [STDERR_REDIRECT] [Fatal Error] :1:1: Premature end of file.
2026-05-05 22:22:20,533 [ERROR] LogOutputStream:75 - [STDERR_REDIRECT] 
2026-05-05 22:22:21,523 [ERROR] LogOutputStream:75 - [STDERR_REDIRECT] [Fatal Error] :1:1: Premature end of file.
2026-05-05 22:22:21,523 [ERROR] LogOutputStream:75 - [STDERR_REDIRECT] 
2026-05-05 22:22:22,513 [ERROR] LogOutputStream:75 - [STDERR_REDIRECT] [Fatal Error] :1:1: Premature end of file.
2026-05-05 22:22:22,513 [ERROR] LogOutputStream:75 - [STDERR_REDIRECT] 
2026-05-05 22:22:23,515 [ERROR] LogOutputStream:75 - [STDERR_REDIRECT] [Fatal Error] :1:1: Premature end of file.
2026-05-05 22:22:23,515 [ERROR] LogOutputStream:75 - [STDERR_REDIRECT] 
2026-05-05 22:22:24,539 [ERROR] LogOutputStream:75 - [STDERR_REDIRECT] [Fatal Error] :1:1: Premature end of file.
2026-05-05 22:22:24,539 [ERROR] LogOutputStream:75 - [STDERR_REDIRECT] 
2026-05-05 22:22:25,538 [ERROR] LogOutputStream:75 - [STDERR_REDIRECT] [Fatal Error] :1:1: Premature end of file.
2026-05-05 22:22:25,538 [ERROR] LogOutputStream:75 - [STDERR_REDIRECT] 
2026-05-05 22:22:26,533 [ERROR] LogOutputStream:75 - [STDERR_REDIRECT] [Fatal Error] :1:1: Premature end of file.
2026-05-05 22:22:26,533 [ERROR] LogOutputStream:75 - [STDERR_REDIRECT] 
2026-05-05 22:22:27,533 [ERROR] LogOutputStream:75 - [STDERR_REDIRECT] [Fatal Error] :1:1: Premature end of file.
2026-05-05 22:22:27,533 [ERROR] LogOutputStream:75 - [STDERR_REDIRECT] 
2026-05-05 22:22:28,524 [ERROR] LogOutputStream:75 - [STDERR_REDIRECT] [Fatal Error] :1:1: Premature end of file.
2026-05-05 22:22:28,525 [ERROR] LogOutputStream:75 - [STDERR_REDIRECT] 
2026-05-05 22:22:29,538 [ERROR] LogOutputStream:75 - [STDERR_REDIRECT] [Fatal Error] :1:1: Premature end of file.
2026-05-05 22:22:29,538 [ERROR] LogOutputStream:75 - [STDERR_REDIRECT] 
2026-05-05 22:22:30,528 [ERROR] LogOutputStream:75 - [STDERR_REDIRECT] [Fatal Error] :1:1: Premature end of file.
2026-05-05 22:22:30,528 [ERROR] LogOutputStream:75 - [STDERR_REDIRECT] 
2026-05-05 22:22:31,532 [ERROR] LogOutputStream:75 - [STDERR_REDIRECT] [Fatal Error] :1:1: Premature end of file.
2026-05-05 22:22:31,532 [ERROR] LogOutputStream:75 - [STDERR_REDIRECT] 
2026-05-05 22:22:32,532 [ERROR] LogOutputStream:75 - [STDERR_REDIRECT] [Fatal Error] :1:1: Premature end of file.
2026-05-05 22:22:32,532 [ERROR] LogOutputStream:75 - [STDERR_REDIRECT] 
2026-05-05 22:22:33,539 [ERROR] LogOutputStream:75 - [STDERR_REDIRECT] [Fatal Error] :1:1: Premature end of file.
2026-05-05 22:22:33,539 [ERROR] LogOutputStream:75 - [STDERR_REDIRECT] 
2026-05-05 22:22:34,530 [ERROR] LogOutputStream:75 - [STDERR_REDIRECT] [Fatal Error] :1:1: Premature end of file.
2026-05-05 22:22:34,530 [ERROR] LogOutputStream:75 - [STDERR_REDIRECT] 
2026-05-05 22:22:35,521 [ERROR] LogOutputStream:75 - [STDERR_REDIRECT] [Fatal Error] :1:1: Premature end of file.
2026-05-05 22:22:35,522 [ERROR] LogOutputStream:75 - [STDERR_REDIRECT] 
2026-05-05 22:22:36,517 [ERROR] LogOutputStream:75 - [STDERR_REDIRECT] [Fatal Error] :1:1: Premature end of file.
2026-05-05 22:22:36,517 [ERROR] LogOutputStream:75 - [STDERR_REDIRECT] 
2026-05-05 22:22:37,529 [ERROR] LogOutputStream:75 - [STDERR_REDIRECT] [Fatal Error] :1:1: Premature end of file.
2026-05-05 22:22:37,529 [ERROR] LogOutputStream:75 - [STDERR_REDIRECT] 
2026-05-05 22:22:38,533 [ERROR] LogOutputStream:75 - [STDERR_REDIRECT] [Fatal Error] :1:1: Premature end of file.
2026-05-05 22:22:38,534 [ERROR] LogOutputStream:75 - [STDERR_REDIRECT] 
2026-05-05 22:22:39,527 [ERROR] LogOutputStream:75 - [STDERR_REDIRECT] [Fatal Error] :1:1: Premature end of file.
2026-05-05 22:22:39,528 [ERROR] LogOutputStream:75 - [STDERR_REDIRECT] 
2026-05-05 22:22:40,527 [ERROR] LogOutputStream:75 - [STDERR_REDIRECT] [Fatal Error] :1:1: Premature end of file.
2026-05-05 22:22:40,528 [ERROR] LogOutputStream:75 - [STDERR_REDIRECT] 
2026-05-05 22:22:41,522 [ERROR] LogOutputStream:75 - [STDERR_REDIRECT] [Fatal Error] :1:1: Premature end of file.
2026-05-05 22:22:41,522 [ERROR] LogOutputStream:75 - [STDERR_REDIRECT] 
2026-05-05 22:22:42,519 [ERROR] LogOutputStream:75 - [STDERR_REDIRECT] [Fatal Error] :1:1: Premature end of file.
2026-05-05 22:22:42,519 [ERROR] LogOutputStream:75 - [STDERR_REDIRECT] 
2026-05-05 22:22:43,522 [ERROR] LogOutputStream:75 - [STDERR_REDIRECT] [Fatal Error] :1:1: Premature end of file.
2026-05-05 22:22:43,522 [ERROR] LogOutputStream:75 - [STDERR_REDIRECT] 
2026-05-05 22:22:44,522 [ERROR] LogOutputStream:75 - [STDERR_REDIRECT] [Fatal Error] :1:1: Premature end of file.
2026-05-05 22:22:44,522 [ERROR] LogOutputStream:75 - [STDERR_REDIRECT] 
2026-05-05 22:22:45,534 [ERROR] LogOutputStream:75 - [STDERR_REDIRECT] [Fatal Error] :1:1: Premature end of file.
2026-05-05 22:22:45,534 [ERROR] LogOutputStream:75 - [STDERR_REDIRECT] 
2026-05-05 22:22:46,530 [ERROR] LogOutputStream:75 - [STDERR_REDIRECT] [Fatal Error] :1:1: Premature end of file.
2026-05-05 22:22:46,530 [ERROR] LogOutputStream:75 - [STDERR_REDIRECT] 
2026-05-05 22:22:47,536 [ERROR] LogOutputStream:75 - [STDERR_REDIRECT] [Fatal Error] :1:1: Premature end of file.
2026-05-05 22:22:47,537 [ERROR] LogOutputStream:75 - [STDERR_REDIRECT] 
2026-05-05 22:22:48,534 [ERROR] LogOutputStream:75 - [STDERR_REDIRECT] [Fatal Error] :1:1: Premature end of file.
2026-05-05 22:22:48,534 [ERROR] LogOutputStream:75 - [STDERR_REDIRECT] 
2026-05-05 22:22:49,536 [ERROR] LogOutputStream:75 - [STDERR_REDIRECT] [Fatal Error] :1:1: Premature end of file.
2026-05-05 22:22:49,537 [ERROR] LogOutputStream:75 - [STDERR_REDIRECT] 
2026-05-05 22:22:50,535 [ERROR] LogOutputStream:75 - [STDERR_REDIRECT] [Fatal Error] :1:1: Premature end of file.
2026-05-05 22:22:50,535 [ERROR] LogOutputStream:75 - [STDERR_REDIRECT] 
2026-05-05 22:22:51,524 [ERROR] LogOutputStream:75 - [STDERR_REDIRECT] [Fatal Error] :1:1: Premature end of file.
2026-05-05 22:22:51,524 [ERROR] LogOutputStream:75 - [STDERR_REDIRECT] 
2026-05-05 22:22:52,532 [ERROR] LogOutputStream:75 - [STDERR_REDIRECT] [Fatal Error] :1:1: Premature end of file.
2026-05-05 22:22:52,532 [ERROR] LogOutputStream:75 - [STDERR_REDIRECT] 
2026-05-05 22:22:53,531 [ERROR] LogOutputStream:75 - [STDERR_REDIRECT] [Fatal Error] :1:1: Premature end of file.
2026-05-05 22:22:53,532 [ERROR] LogOutputStream:75 - [STDERR_REDIRECT] 
2026-05-05 22:22:54,527 [ERROR] LogOutputStream:75 - [STDERR_REDIRECT] [Fatal Error] :1:1: Premature end of file.
2026-05-05 22:22:54,527 [ERROR] LogOutputStream:75 - [STDERR_REDIRECT] 
2026-05-05 22:22:55,523 [ERROR] LogOutputStream:75 - [STDERR_REDIRECT] [Fatal Error] :1:1: Premature end of file.
2026-05-05 22:22:55,523 [ERROR] LogOutputStream:75 - [STDERR_REDIRECT] 
2026-05-05 22:22:56,511 [ERROR] LogOutputStream:75 - [STDERR_REDIRECT] [Fatal Error] :1:1: Premature end of file.
2026-05-05 22:22:56,512 [ERROR] LogOutputStream:75 - [STDERR_REDIRECT] 
2026-05-05 22:22:57,551 [ERROR] LogOutputStream:75 - [STDERR_REDIRECT] [Fatal Error] :1:1: Premature end of file.
2026-05-05 22:22:57,552 [ERROR] LogOutputStream:75 - [STDERR_REDIRECT] 
2026-05-05 22:22:58,538 [ERROR] LogOutputStream:75 - [STDERR_REDIRECT] [Fatal Error] :1:1: Premature end of file.
2026-05-05 22:22:58,538 [ERROR] LogOutputStream:75 - [STDERR_REDIRECT] 
2026-05-05 22:22:59,552 [ERROR] LogOutputStream:75 - [STDERR_REDIRECT] [Fatal Error] :1:1: Premature end of file.
2026-05-05 22:22:59,553 [ERROR] LogOutputStream:75 - [STDERR_REDIRECT] 
2026-05-05 22:23:00,549 [ERROR] LogOutputStream:75 - [STDERR_REDIRECT] [Fatal Error] :1:1: Premature end of file.
2026-05-05 22:23:00,550 [ERROR] LogOutputStream:75 - [STDERR_REDIRECT] 
2026-05-05 22:23:01,544 [ERROR] LogOutputStream:75 - [STDERR_REDIRECT] [Fatal Error] :1:1: Premature end of file.
2026-05-05 22:23:01,545 [ERROR] LogOutputStream:75 - [STDERR_REDIRECT] 
2026-05-05 22:23:02,540 [ERROR] LogOutputStream:75 - [STDERR_REDIRECT] [Fatal Error] :1:1: Premature end of file.
2026-05-05 22:23:02,541 [ERROR] LogOutputStream:75 - [STDERR_REDIRECT] 
2026-05-05 22:23:03,540 [ERROR] LogOutputStream:75 - [STDERR_REDIRECT] [Fatal Error] :1:1: Premature end of file.
2026-05-05 22:23:03,541 [ERROR] LogOutputStream:75 - [STDERR_REDIRECT] 
2026-05-05 22:23:04,546 [ERROR] LogOutputStream:75 - [STDERR_REDIRECT] [Fatal Error] :1:1: Premature end of file.
2026-05-05 22:23:04,547 [ERROR] LogOutputStream:75 - [STDERR_REDIRECT] 
2026-05-05 22:23:05,541 [ERROR] LogOutputStream:75 - [STDERR_REDIRECT] [Fatal Error] :1:1: Premature end of file.
2026-05-05 22:23:05,541 [ERROR] LogOutputStream:75 - [STDERR_REDIRECT] 
2026-05-05 22:23:06,539 [ERROR] LogOutputStream:75 - [STDERR_REDIRECT] [Fatal Error] :1:1: Premature end of file.
2026-05-05 22:23:06,540 [ERROR] LogOutputStream:75 - [STDERR_REDIRECT] 
2026-05-05 22:23:07,543 [ERROR] LogOutputStream:75 - [STDERR_REDIRECT] [Fatal Error] :1:1: Premature end of file.
2026-05-05 22:23:07,544 [ERROR] LogOutputStream:75 - [STDERR_REDIRECT] 
2026-05-05 22:23:08,541 [ERROR] LogOutputStream:75 - [STDERR_REDIRECT] [Fatal Error] :1:1: Premature end of file.
2026-05-05 22:23:08,541 [ERROR] LogOutputStream:75 - [STDERR_REDIRECT] 
2026-05-05 22:23:09,532 [ERROR] LogOutputStream:75 - [STDERR_REDIRECT] [Fatal Error] :1:1: Premature end of file.
2026-05-05 22:23:09,532 [ERROR] LogOutputStream:75 - [STDERR_REDIRECT] 
2026-05-05 22:23:10,537 [ERROR] LogOutputStream:75 - [STDERR_REDIRECT] [Fatal Error] :1:1: Premature end of file.
2026-05-05 22:23:10,537 [ERROR] LogOutputStream:75 - [STDERR_REDIRECT] 
2026-05-05 22:23:11,543 [ERROR] LogOutputStream:75 - [STDERR_REDIRECT] [Fatal Error] :1:1: Premature end of file.
2026-05-05 22:23:11,543 [ERROR] LogOutputStream:75 - [STDERR_REDIRECT] 
2026-05-05 22:23:12,540 [ERROR] LogOutputStream:75 - [STDERR_REDIRECT] [Fatal Error] :1:1: Premature end of file.
2026-05-05 22:23:12,541 [ERROR] LogOutputStream:75 - [STDERR_REDIRECT] 
2026-05-05 22:23:13,541 [ERROR] LogOutputStream:75 - [STDERR_REDIRECT] [Fatal Error] :1:1: Premature end of file.
2026-05-05 22:23:13,541 [ERROR] LogOutputStream:75 - [STDERR_REDIRECT] 
2026-05-05 22:23:14,536 [ERROR] LogOutputStream:75 - [STDERR_REDIRECT] [Fatal Error] :1:1: Premature end of file.
2026-05-05 22:23:14,536 [ERROR] LogOutputStream:75 - [STDERR_REDIRECT] 
2026-05-05 22:23:15,534 [ERROR] LogOutputStream:75 - [STDERR_REDIRECT] [Fatal Error] :1:1: Premature end of file.
2026-05-05 22:23:15,535 [ERROR] LogOutputStream:75 - [STDERR_REDIRECT] 
2026-05-05 22:23:16,520 [ERROR] LogOutputStream:75 - [STDERR_REDIRECT] [Fatal Error] :1:1: Premature end of file.
2026-05-05 22:23:16,520 [ERROR] LogOutputStream:75 - [STDERR_REDIRECT] 
2026-05-05 22:23:17,535 [ERROR] LogOutputStream:75 - [STDERR_REDIRECT] [Fatal Error] :1:1: Premature end of file.
2026-05-05 22:23:17,535 [ERROR] LogOutputStream:75 - [STDERR_REDIRECT] 
2026-05-05 22:23:18,532 [ERROR] LogOutputStream:75 - [STDERR_REDIRECT] [Fatal Error] :1:1: Premature end of file.
2026-05-05 22:23:18,533 [ERROR] LogOutputStream:75 - [STDERR_REDIRECT] 
2026-05-05 22:23:19,532 [ERROR] LogOutputStream:75 - [STDERR_REDIRECT] [Fatal Error] :1:1: Premature end of file.
2026-05-05 22:23:19,533 [ERROR] LogOutputStream:75 - [STDERR_REDIRECT] 
2026-05-05 22:23:20,576 [ERROR] LogOutputStream:75 - [STDERR_REDIRECT] [Fatal Error] :1:1: Premature end of file.
2026-05-05 22:23:20,577 [ERROR] LogOutputStream:75 - [STDERR_REDIRECT] 
2026-05-05 22:23:21,538 [ERROR] LogOutputStream:75 - [STDERR_REDIRECT] [Fatal Error] :1:1: Premature end of file.
2026-05-05 22:23:21,538 [ERROR] LogOutputStream:75 - [STDERR_REDIRECT] 
2026-05-05 22:23:22,523 [ERROR] LogOutputStream:75 - [STDERR_REDIRECT] [Fatal Error] :1:1: Premature end of file.
2026-05-05 22:23:22,523 [ERROR] LogOutputStream:75 - [STDERR_REDIRECT] 
2026-05-05 22:23:23,539 [ERROR] LogOutputStream:75 - [STDERR_REDIRECT] [Fatal Error] :1:1: Premature end of file.
2026-05-05 22:23:23,540 [ERROR] LogOutputStream:75 - [STDERR_REDIRECT] 
2026-05-05 22:23:24,514 [ERROR] LogOutputStream:75 - [STDERR_REDIRECT] [Fatal Error] :1:1: Premature end of file.
2026-05-05 22:23:24,514 [ERROR] LogOutputStream:75 - [STDERR_REDIRECT] 
2026-05-05 22:23:25,531 [ERROR] LogOutputStream:75 - [STDERR_REDIRECT] [Fatal Error] :1:1: Premature end of file.
2026-05-05 22:23:25,531 [ERROR] LogOutputStream:75 - [STDERR_REDIRECT] 
2026-05-05 22:23:26,525 [ERROR] LogOutputStream:75 - [STDERR_REDIRECT] [Fatal Error] :1:1: Premature end of file.
2026-05-05 22:23:26,525 [ERROR] LogOutputStream:75 - [STDERR_REDIRECT] 
2026-05-05 22:23:27,538 [ERROR] LogOutputStream:75 - [STDERR_REDIRECT] [Fatal Error] :1:1: Premature end of file.
2026-05-05 22:23:27,538 [ERROR] LogOutputStream:75 - [STDERR_REDIRECT] 
2026-05-05 22:23:28,530 [ERROR] LogOutputStream:75 - [STDERR_REDIRECT] [Fatal Error] :1:1: Premature end of file.
2026-05-05 22:23:28,531 [ERROR] LogOutputStream:75 - [STDERR_REDIRECT] 
2026-05-05 22:23:29,522 [ERROR] LogOutputStream:75 - [STDERR_REDIRECT] [Fatal Error] :1:1: Premature end of file.
2026-05-05 22:23:29,522 [ERROR] LogOutputStream:75 - [STDERR_REDIRECT] 
2026-05-05 22:23:30,529 [ERROR] LogOutputStream:75 - [STDERR_REDIRECT] [Fatal Error] :1:1: Premature end of file.
2026-05-05 22:23:30,529 [ERROR] LogOutputStream:75 - [STDERR_REDIRECT] 
2026-05-05 22:23:31,520 [ERROR] LogOutputStream:75 - [STDERR_REDIRECT] [Fatal Error] :1:1: Premature end of file.
2026-05-05 22:23:31,520 [ERROR] LogOutputStream:75 - [STDERR_REDIRECT] 
2026-05-05 22:23:32,524 [ERROR] LogOutputStream:75 - [STDERR_REDIRECT] [Fatal Error] :1:1: Premature end of file.
2026-05-05 22:23:32,524 [ERROR] LogOutputStream:75 - [STDERR_REDIRECT] 
2026-05-05 22:23:33,520 [ERROR] LogOutputStream:75 - [STDERR_REDIRECT] [Fatal Error] :1:1: Premature end of file.
2026-05-05 22:23:33,520 [ERROR] LogOutputStream:75 - [STDERR_REDIRECT] 
2026-05-05 22:23:34,521 [ERROR] LogOutputStream:75 - [STDERR_REDIRECT] [Fatal Error] :1:1: Premature end of file.
2026-05-05 22:23:34,521 [ERROR] LogOutputStream:75 - [STDERR_REDIRECT] 
2026-05-05 22:23:35,528 [ERROR] LogOutputStream:75 - [STDERR_REDIRECT] [Fatal Error] :1:1: Premature end of file.
2026-05-05 22:23:35,528 [ERROR] LogOutputStream:75 - [STDERR_REDIRECT] 
2026-05-05 22:23:36,537 [ERROR] LogOutputStream:75 - [STDERR_REDIRECT] [Fatal Error] :1:1: Premature end of file.
2026-05-05 22:23:36,538 [ERROR] LogOutputStream:75 - [STDERR_REDIRECT] 
2026-05-05 22:23:37,521 [ERROR] LogOutputStream:75 - [STDERR_REDIRECT] [Fatal Error] :1:1: Premature end of file.
2026-05-05 22:23:37,521 [ERROR] LogOutputStream:75 - [STDERR_REDIRECT] 
2026-05-05 22:23:38,536 [ERROR] LogOutputStream:75 - [STDERR_REDIRECT] [Fatal Error] :1:1: Premature end of file.
2026-05-05 22:23:38,536 [ERROR] LogOutputStream:75 - [STDERR_REDIRECT] 
2026-05-05 22:23:39,527 [ERROR] LogOutputStream:75 - [STDERR_REDIRECT] [Fatal Error] :1:1: Premature end of file.
2026-05-05 22:23:39,529 [ERROR] LogOutputStream:75 - [STDERR_REDIRECT] 
2026-05-05 22:23:40,529 [ERROR] LogOutputStream:75 - [STDERR_REDIRECT] [Fatal Error] :1:1: Premature end of file.
2026-05-05 22:23:40,529 [ERROR] LogOutputStream:75 - [STDERR_REDIRECT] 
2026-05-05 22:23:41,523 [ERROR] LogOutputStream:75 - [STDERR_REDIRECT] [Fatal Error] :1:1: Premature end of file.
2026-05-05 22:23:41,524 [ERROR] LogOutputStream:75 - [STDERR_REDIRECT] 
2026-05-05 22:23:42,535 [ERROR] LogOutputStream:75 - [STDERR_REDIRECT] [Fatal Error] :1:1: Premature end of file.
2026-05-05 22:23:42,536 [ERROR] LogOutputStream:75 - [STDERR_REDIRECT] 
2026-05-05 22:23:43,537 [ERROR] LogOutputStream:75 - [STDERR_REDIRECT] [Fatal Error] :1:1: Premature end of file.
2026-05-05 22:23:43,537 [ERROR] LogOutputStream:75 - [STDERR_REDIRECT] 
2026-05-05 22:23:44,537 [ERROR] LogOutputStream:75 - [STDERR_REDIRECT] [Fatal Error] :1:1: Premature end of file.
2026-05-05 22:23:44,537 [ERROR] LogOutputStream:75 - [STDERR_REDIRECT] 
2026-05-05 22:23:45,543 [ERROR] LogOutputStream:75 - [STDERR_REDIRECT] [Fatal Error] :1:1: Premature end of file.
2026-05-05 22:23:45,543 [ERROR] LogOutputStream:75 - [STDERR_REDIRECT] 
2026-05-05 22:23:46,535 [ERROR] LogOutputStream:75 - [STDERR_REDIRECT] [Fatal Error] :1:1: Premature end of file.
2026-05-05 22:23:46,535 [ERROR] LogOutputStream:75 - [STDERR_REDIRECT] 
2026-05-05 22:23:47,564 [ERROR] LogOutputStream:75 - [STDERR_REDIRECT] [Fatal Error] :1:1: Premature end of file.
2026-05-05 22:23:47,564 [ERROR] LogOutputStream:75 - [STDERR_REDIRECT] 
2026-05-05 22:23:48,548 [ERROR] LogOutputStream:75 - [STDERR_REDIRECT] [Fatal Error] :1:1: Premature end of file.
2026-05-05 22:23:48,549 [ERROR] LogOutputStream:75 - [STDERR_REDIRECT] 
2026-05-05 22:23:49,539 [ERROR] LogOutputStream:75 - [STDERR_REDIRECT] [Fatal Error] :1:1: Premature end of file.
2026-05-05 22:23:49,539 [ERROR] LogOutputStream:75 - [STDERR_REDIRECT] 
2026-05-05 22:23:50,535 [ERROR] LogOutputStream:75 - [STDERR_REDIRECT] [Fatal Error] :1:1: Premature end of file.
2026-05-05 22:23:50,535 [ERROR] LogOutputStream:75 - [STDERR_REDIRECT] 
2026-05-05 22:23:51,534 [ERROR] LogOutputStream:75 - [STDERR_REDIRECT] [Fatal Error] :1:1: Premature end of file.
2026-05-05 22:23:51,535 [ERROR] LogOutputStream:75 - [STDERR_REDIRECT] 
2026-05-05 22:23:52,525 [ERROR] LogOutputStream:75 - [STDERR_REDIRECT] [Fatal Error] :1:1: Premature end of file.
2026-05-05 22:23:52,525 [ERROR] LogOutputStream:75 - [STDERR_REDIRECT] 
2026-05-05 22:23:53,592 [ERROR] LogOutputStream:75 - [STDERR_REDIRECT] [Fatal Error] :1:1: Premature end of file.
2026-05-05 22:23:53,592 [ERROR] LogOutputStream:75 - [STDERR_REDIRECT] 
2026-05-05 22:23:54,538 [ERROR] LogOutputStream:75 - [STDERR_REDIRECT] [Fatal Error] :1:1: Premature end of file.
2026-05-05 22:23:54,538 [ERROR] LogOutputStream:75 - [STDERR_REDIRECT] 
2026-05-05 22:23:55,545 [ERROR] LogOutputStream:75 - [STDERR_REDIRECT] [Fatal Error] :1:1: Premature end of file.
2026-05-05 22:23:55,546 [ERROR] LogOutputStream:75 - [STDERR_REDIRECT] 
2026-05-05 22:23:56,512 [ERROR] LogOutputStream:75 - [STDERR_REDIRECT] [Fatal Error] :1:1: Premature end of file.
2026-05-05 22:23:56,512 [ERROR] LogOutputStream:75 - [STDERR_REDIRECT] 
2026-05-05 22:23:57,528 [ERROR] LogOutputStream:75 - [STDERR_REDIRECT] [Fatal Error] :1:1: Premature end of file.
2026-05-05 22:23:57,528 [ERROR] LogOutputStream:75 - [STDERR_REDIRECT] 
2026-05-05 22:23:58,532 [ERROR] LogOutputStream:75 - [STDERR_REDIRECT] [Fatal Error] :1:1: Premature end of file.
2026-05-05 22:23:58,533 [ERROR] LogOutputStream:75 - [STDERR_REDIRECT] 
2026-05-05 22:23:59,535 [ERROR] LogOutputStream:75 - [STDERR_REDIRECT] [Fatal Error] :1:1: Premature end of file.
2026-05-05 22:23:59,535 [ERROR] LogOutputStream:75 - [STDERR_REDIRECT] 
2026-05-05 22:24:00,532 [ERROR] LogOutputStream:75 - [STDERR_REDIRECT] [Fatal Error] :1:1: Premature end of file.
2026-05-05 22:24:00,532 [ERROR] LogOutputStream:75 - [STDERR_REDIRECT] 
2026-05-05 22:24:01,534 [ERROR] LogOutputStream:75 - [STDERR_REDIRECT] [Fatal Error] :1:1: Premature end of file.
2026-05-05 22:24:01,534 [ERROR] LogOutputStream:75 - [STDERR_REDIRECT] 
2026-05-05 22:24:02,523 [ERROR] LogOutputStream:75 - [STDERR_REDIRECT] [Fatal Error] :1:1: Premature end of file.
2026-05-05 22:24:02,523 [ERROR] LogOutputStream:75 - [STDERR_REDIRECT] 
2026-05-05 22:24:03,521 [ERROR] LogOutputStream:75 - [STDERR_REDIRECT] [Fatal Error] :1:1: Premature end of file.
2026-05-05 22:24:03,521 [ERROR] LogOutputStream:75 - [STDERR_REDIRECT] 
2026-05-05 22:24:04,533 [ERROR] LogOutputStream:75 - [STDERR_REDIRECT] [Fatal Error] :1:1: Premature end of file.
2026-05-05 22:24:04,534 [ERROR] LogOutputStream:75 - [STDERR_REDIRECT] 
2026-05-05 22:24:05,523 [ERROR] LogOutputStream:75 - [STDERR_REDIRECT] [Fatal Error] :1:1: Premature end of file.
2026-05-05 22:24:05,524 [ERROR] LogOutputStream:75 - [STDERR_REDIRECT] 
2026-05-05 22:24:06,532 [ERROR] LogOutputStream:75 - [STDERR_REDIRECT] [Fatal Error] :1:1: Premature end of file.
2026-05-05 22:24:06,533 [ERROR] LogOutputStream:75 - [STDERR_REDIRECT] 
2026-05-05 22:24:07,533 [ERROR] LogOutputStream:75 - [STDERR_REDIRECT] [Fatal Error] :1:1: Premature end of file.
2026-05-05 22:24:07,534 [ERROR] LogOutputStream:75 - [STDERR_REDIRECT] 
2026-05-05 22:24:08,515 [ERROR] LogOutputStream:75 - [STDERR_REDIRECT] [Fatal Error] :1:1: Premature end of file.
2026-05-05 22:24:08,515 [ERROR] LogOutputStream:75 - [STDERR_REDIRECT] 
2026-05-05 22:24:09,512 [ERROR] LogOutputStream:75 - [STDERR_REDIRECT] [Fatal Error] :1:1: Premature end of file.
2026-05-05 22:24:09,512 [ERROR] LogOutputStream:75 - [STDERR_REDIRECT] 
2026-05-05 22:24:10,537 [ERROR] LogOutputStream:75 - [STDERR_REDIRECT] [Fatal Error] :1:1: Premature end of file.
2026-05-05 22:24:10,537 [ERROR] LogOutputStream:75 - [STDERR_REDIRECT] 
2026-05-05 22:24:11,531 [ERROR] LogOutputStream:75 - [STDERR_REDIRECT] [Fatal Error] :1:1: Premature end of file.
2026-05-05 22:24:11,531 [ERROR] LogOutputStream:75 - [STDERR_REDIRECT] 
2026-05-05 22:24:12,530 [ERROR] LogOutputStream:75 - [STDERR_REDIRECT] [Fatal Error] :1:1: Premature end of file.
2026-05-05 22:24:12,530 [ERROR] LogOutputStream:75 - [STDERR_REDIRECT] 
2026-05-05 22:24:13,535 [ERROR] LogOutputStream:75 - [STDERR_REDIRECT] [Fatal Error] :1:1: Premature end of file.
2026-05-05 22:24:13,535 [ERROR] LogOutputStream:75 - [STDERR_REDIRECT] 
2026-05-05 22:24:14,535 [ERROR] LogOutputStream:75 - [STDERR_REDIRECT] [Fatal Error] :1:1: Premature end of file.
2026-05-05 22:24:14,536 [ERROR] LogOutputStream:75 - [STDERR_REDIRECT] 
2026-05-05 22:24:15,524 [ERROR] LogOutputStream:75 - [STDERR_REDIRECT] [Fatal Error] :1:1: Premature end of file.
2026-05-05 22:24:15,524 [ERROR] LogOutputStream:75 - [STDERR_REDIRECT] 
2026-05-05 22:24:16,531 [ERROR] LogOutputStream:75 - [STDERR_REDIRECT] [Fatal Error] :1:1: Premature end of file.
2026-05-05 22:24:16,531 [ERROR] LogOutputStream:75 - [STDERR_REDIRECT] 
2026-05-05 22:24:17,530 [ERROR] LogOutputStream:75 - [STDERR_REDIRECT] [Fatal Error] :1:1: Premature end of file.
2026-05-05 22:24:17,531 [ERROR] LogOutputStream:75 - [STDERR_REDIRECT] 
2026-05-05 22:24:18,522 [ERROR] LogOutputStream:75 - [STDERR_REDIRECT] [Fatal Error] :1:1: Premature end of file.
2026-05-05 22:24:18,523 [ERROR] LogOutputStream:75 - [STDERR_REDIRECT] 
2026-05-05 22:24:19,533 [ERROR] LogOutputStream:75 - [STDERR_REDIRECT] [Fatal Error] :1:1: Premature end of file.
2026-05-05 22:24:19,536 [ERROR] LogOutputStream:75 - [STDERR_REDIRECT] 
2026-05-05 22:24:20,524 [ERROR] LogOutputStream:75 - [STDERR_REDIRECT] [Fatal Error] :1:1: Premature end of file.
2026-05-05 22:24:20,524 [ERROR] LogOutputStream:75 - [STDERR_REDIRECT] 
2026-05-05 22:24:21,524 [ERROR] LogOutputStream:75 - [STDERR_REDIRECT] [Fatal Error] :1:1: Premature end of file.
2026-05-05 22:24:21,525 [ERROR] LogOutputStream:75 - [STDERR_REDIRECT] 
2026-05-05 22:24:22,545 [ERROR] LogOutputStream:75 - [STDERR_REDIRECT] [Fatal Error] :1:1: Premature end of file.
2026-05-05 22:24:22,545 [ERROR] LogOutputStream:75 - [STDERR_REDIRECT] 
2026-05-05 22:24:23,532 [ERROR] LogOutputStream:75 - [STDERR_REDIRECT] [Fatal Error] :1:1: Premature end of file.
2026-05-05 22:24:23,532 [ERROR] LogOutputStream:75 - [STDERR_REDIRECT] 
2026-05-05 22:24:24,527 [ERROR] LogOutputStream:75 - [STDERR_REDIRECT] [Fatal Error] :1:1: Premature end of file.
2026-05-05 22:24:24,527 [ERROR] LogOutputStream:75 - [STDERR_REDIRECT] 
2026-05-05 22:24:25,536 [ERROR] LogOutputStream:75 - [STDERR_REDIRECT] [Fatal Error] :1:1: Premature end of file.
2026-05-05 22:24:25,536 [ERROR] LogOutputStream:75 - [STDERR_REDIRECT] 
2026-05-05 22:24:26,534 [ERROR] LogOutputStream:75 - [STDERR_REDIRECT] [Fatal Error] :1:1: Premature end of file.
2026-05-05 22:24:26,535 [ERROR] LogOutputStream:75 - [STDERR_REDIRECT] 
2026-05-05 22:24:27,511 [ERROR] LogOutputStream:75 - [STDERR_REDIRECT] [Fatal Error] :1:1: Premature end of file.
2026-05-05 22:24:27,511 [ERROR] LogOutputStream:75 - [STDERR_REDIRECT] 
2026-05-05 22:24:28,541 [ERROR] LogOutputStream:75 - [STDERR_REDIRECT] [Fatal Error] :1:1: Premature end of file.
2026-05-05 22:24:28,541 [ERROR] LogOutputStream:75 - [STDERR_REDIRECT] 
2026-05-05 22:24:29,514 [ERROR] LogOutputStream:75 - [STDERR_REDIRECT] [Fatal Error] :1:1: Premature end of file.
2026-05-05 22:24:29,514 [ERROR] LogOutputStream:75 - [STDERR_REDIRECT] 
2026-05-05 22:24:30,536 [ERROR] LogOutputStream:75 - [STDERR_REDIRECT] [Fatal Error] :1:1: Premature end of file.
2026-05-05 22:24:30,537 [ERROR] LogOutputStream:75 - [STDERR_REDIRECT] 
2026-05-05 22:24:31,537 [ERROR] LogOutputStream:75 - [STDERR_REDIRECT] [Fatal Error] :1:1: Premature end of file.
2026-05-05 22:24:31,537 [ERROR] LogOutputStream:75 - [STDERR_REDIRECT] 
2026-05-05 22:24:32,538 [ERROR] LogOutputStream:75 - [STDERR_REDIRECT] [Fatal Error] :1:1: Premature end of file.
2026-05-05 22:24:32,538 [ERROR] LogOutputStream:75 - [STDERR_REDIRECT] 
2026-05-05 22:24:33,537 [ERROR] LogOutputStream:75 - [STDERR_REDIRECT] [Fatal Error] :1:1: Premature end of file.
2026-05-05 22:24:33,537 [ERROR] LogOutputStream:75 - [STDERR_REDIRECT] 
2026-05-05 22:24:34,531 [ERROR] LogOutputStream:75 - [STDERR_REDIRECT] [Fatal Error] :1:1: Premature end of file.
2026-05-05 22:24:34,532 [ERROR] LogOutputStream:75 - [STDERR_REDIRECT] 
2026-05-05 22:24:35,528 [ERROR] LogOutputStream:75 - [STDERR_REDIRECT] [Fatal Error] :1:1: Premature end of file.
2026-05-05 22:24:35,528 [ERROR] LogOutputStream:75 - [STDERR_REDIRECT] 
2026-05-05 22:24:36,536 [ERROR] LogOutputStream:75 - [STDERR_REDIRECT] [Fatal Error] :1:1: Premature end of file.
2026-05-05 22:24:36,536 [ERROR] LogOutputStream:75 - [STDERR_REDIRECT] 
2026-05-05 22:24:37,536 [ERROR] LogOutputStream:75 - [STDERR_REDIRECT] [Fatal Error] :1:1: Premature end of file.
2026-05-05 22:24:37,536 [ERROR] LogOutputStream:75 - [STDERR_REDIRECT] 
2026-05-05 22:24:38,532 [ERROR] LogOutputStream:75 - [STDERR_REDIRECT] [Fatal Error] :1:1: Premature end of file.
2026-05-05 22:24:38,532 [ERROR] LogOutputStream:75 - [STDERR_REDIRECT] 
2026-05-05 22:24:39,528 [ERROR] LogOutputStream:75 - [STDERR_REDIRECT] [Fatal Error] :1:1: Premature end of file.
2026-05-05 22:24:39,529 [ERROR] LogOutputStream:75 - [STDERR_REDIRECT] 
2026-05-05 22:24:40,532 [ERROR] LogOutputStream:75 - [STDERR_REDIRECT] [Fatal Error] :1:1: Premature end of file.
2026-05-05 22:24:40,533 [ERROR] LogOutputStream:75 - [STDERR_REDIRECT] 
2026-05-05 22:24:41,537 [ERROR] LogOutputStream:75 - [STDERR_REDIRECT] [Fatal Error] :1:1: Premature end of file.
2026-05-05 22:24:41,537 [ERROR] LogOutputStream:75 - [STDERR_REDIRECT] 
2026-05-05 22:24:42,535 [ERROR] LogOutputStream:75 - [STDERR_REDIRECT] [Fatal Error] :1:1: Premature end of file.
2026-05-05 22:24:42,536 [ERROR] LogOutputStream:75 - [STDERR_REDIRECT] 
2026-05-05 22:24:43,532 [ERROR] LogOutputStream:75 - [STDERR_REDIRECT] [Fatal Error] :1:1: Premature end of file.
2026-05-05 22:24:43,532 [ERROR] LogOutputStream:75 - [STDERR_REDIRECT] 
2026-05-05 22:24:44,531 [ERROR] LogOutputStream:75 - [STDERR_REDIRECT] [Fatal Error] :1:1: Premature end of file.
2026-05-05 22:24:44,531 [ERROR] LogOutputStream:75 - [STDERR_REDIRECT] 
2026-05-05 22:24:45,530 [ERROR] LogOutputStream:75 - [STDERR_REDIRECT] [Fatal Error] :1:1: Premature end of file.
2026-05-05 22:24:45,530 [ERROR] LogOutputStream:75 - [STDERR_REDIRECT] 
2026-05-05 22:24:46,534 [ERROR] LogOutputStream:75 - [STDERR_REDIRECT] [Fatal Error] :1:1: Premature end of file.
2026-05-05 22:24:46,534 [ERROR] LogOutputStream:75 - [STDERR_REDIRECT] 
2026-05-05 22:24:47,538 [ERROR] LogOutputStream:75 - [STDERR_REDIRECT] [Fatal Error] :1:1: Premature end of file.
2026-05-05 22:24:47,538 [ERROR] LogOutputStream:75 - [STDERR_REDIRECT] 
2026-05-05 22:24:48,528 [ERROR] LogOutputStream:75 - [STDERR_REDIRECT] [Fatal Error] :1:1: Premature end of file.
2026-05-05 22:24:48,529 [ERROR] LogOutputStream:75 - [STDERR_REDIRECT] 
2026-05-05 22:24:49,533 [ERROR] LogOutputStream:75 - [STDERR_REDIRECT] [Fatal Error] :1:1: Premature end of file.
2026-05-05 22:24:49,533 [ERROR] LogOutputStream:75 - [STDERR_REDIRECT] 
2026-05-05 22:24:50,534 [ERROR] LogOutputStream:75 - [STDERR_REDIRECT] [Fatal Error] :1:1: Premature end of file.
2026-05-05 22:24:50,535 [ERROR] LogOutputStream:75 - [STDERR_REDIRECT] 
2026-05-05 22:24:51,534 [ERROR] LogOutputStream:75 - [STDERR_REDIRECT] [Fatal Error] :1:1: Premature end of file.
2026-05-05 22:24:51,534 [ERROR] LogOutputStream:75 - [STDERR_REDIRECT] 
2026-05-05 22:24:52,530 [ERROR] LogOutputStream:75 - [STDERR_REDIRECT] [Fatal Error] :1:1: Premature end of file.
2026-05-05 22:24:52,531 [ERROR] LogOutputStream:75 - [STDERR_REDIRECT] 
2026-05-05 22:24:53,535 [ERROR] LogOutputStream:75 - [STDERR_REDIRECT] [Fatal Error] :1:1: Premature end of file.
2026-05-05 22:24:53,535 [ERROR] LogOutputStream:75 - [STDERR_REDIRECT] 
2026-05-05 22:24:54,535 [ERROR] LogOutputStream:75 - [STDERR_REDIRECT] [Fatal Error] :1:1: Premature end of file.
2026-05-05 22:24:54,535 [ERROR] LogOutputStream:75 - [STDERR_REDIRECT] 
2026-05-05 22:24:55,527 [ERROR] LogOutputStream:75 - [STDERR_REDIRECT] [Fatal Error] :1:1: Premature end of file.
2026-05-05 22:24:55,528 [ERROR] LogOutputStream:75 - [STDERR_REDIRECT] 
2026-05-05 22:24:56,529 [ERROR] LogOutputStream:75 - [STDERR_REDIRECT] [Fatal Error] :1:1: Premature end of file.
2026-05-05 22:24:56,529 [ERROR] LogOutputStream:75 - [STDERR_REDIRECT] 
2026-05-05 22:24:57,533 [ERROR] LogOutputStream:75 - [STDERR_REDIRECT] [Fatal Error] :1:1: Premature end of file.
2026-05-05 22:24:57,533 [ERROR] LogOutputStream:75 - [STDERR_REDIRECT] 
2026-05-05 22:24:58,531 [ERROR] LogOutputStream:75 - [STDERR_REDIRECT] [Fatal Error] :1:1: Premature end of file.
2026-05-05 22:24:58,531 [ERROR] LogOutputStream:75 - [STDERR_REDIRECT] 
2026-05-05 22:24:59,532 [ERROR] LogOutputStream:75 - [STDERR_REDIRECT] [Fatal Error] :1:1: Premature end of file.
2026-05-05 22:24:59,532 [ERROR] LogOutputStream:75 - [STDERR_REDIRECT] 
2026-05-05 22:25:00,529 [ERROR] LogOutputStream:75 - [STDERR_REDIRECT] [Fatal Error] :1:1: Premature end of file.
2026-05-05 22:25:00,529 [ERROR] LogOutputStream:75 - [STDERR_REDIRECT] 
2026-05-05 22:25:01,530 [ERROR] LogOutputStream:75 - [STDERR_REDIRECT] [Fatal Error] :1:1: Premature end of file.
2026-05-05 22:25:01,531 [ERROR] LogOutputStream:75 - [STDERR_REDIRECT] 
2026-05-05 22:25:02,530 [ERROR] LogOutputStream:75 - [STDERR_REDIRECT] [Fatal Error] :1:1: Premature end of file.
2026-05-05 22:25:02,531 [ERROR] LogOutputStream:75 - [STDERR_REDIRECT] 
2026-05-05 22:25:03,530 [ERROR] LogOutputStream:75 - [STDERR_REDIRECT] [Fatal Error] :1:1: Premature end of file.
2026-05-05 22:25:03,531 [ERROR] LogOutputStream:75 - [STDERR_REDIRECT] 
2026-05-05 22:25:04,533 [ERROR] LogOutputStream:75 - [STDERR_REDIRECT] [Fatal Error] :1:1: Premature end of file.
2026-05-05 22:25:04,534 [ERROR] LogOutputStream:75 - [STDERR_REDIRECT] 
2026-05-05 22:25:05,530 [ERROR] LogOutputStream:75 - [STDERR_REDIRECT] [Fatal Error] :1:1: Premature end of file.
2026-05-05 22:25:05,530 [ERROR] LogOutputStream:75 - [STDERR_REDIRECT] 
2026-05-05 22:25:06,535 [ERROR] LogOutputStream:75 - [STDERR_REDIRECT] [Fatal Error] :1:1: Premature end of file.
2026-05-05 22:25:06,536 [ERROR] LogOutputStream:75 - [STDERR_REDIRECT] 
2026-05-05 22:25:07,532 [ERROR] LogOutputStream:75 - [STDERR_REDIRECT] [Fatal Error] :1:1: Premature end of file.
2026-05-05 22:25:07,532 [ERROR] LogOutputStream:75 - [STDERR_REDIRECT] 
2026-05-05 22:25:08,538 [ERROR] LogOutputStream:75 - [STDERR_REDIRECT] [Fatal Error] :1:1: Premature end of file.
2026-05-05 22:25:08,538 [ERROR] LogOutputStream:75 - [STDERR_REDIRECT] 
2026-05-05 22:25:09,530 [ERROR] LogOutputStream:75 - [STDERR_REDIRECT] [Fatal Error] :1:1: Premature end of file.
2026-05-05 22:25:09,531 [ERROR] LogOutputStream:75 - [STDERR_REDIRECT] 
2026-05-05 22:25:10,535 [ERROR] LogOutputStream:75 - [STDERR_REDIRECT] [Fatal Error] :1:1: Premature end of file.
2026-05-05 22:25:10,536 [ERROR] LogOutputStream:75 - [STDERR_REDIRECT] 
2026-05-05 22:25:11,528 [ERROR] LogOutputStream:75 - [STDERR_REDIRECT] [Fatal Error] :1:1: Premature end of file.
2026-05-05 22:25:11,529 [ERROR] LogOutputStream:75 - [STDERR_REDIRECT] 
2026-05-05 22:25:12,531 [ERROR] LogOutputStream:75 - [STDERR_REDIRECT] [Fatal Error] :1:1: Premature end of file.
2026-05-05 22:25:12,531 [ERROR] LogOutputStream:75 - [STDERR_REDIRECT] 
2026-05-05 22:25:13,534 [ERROR] LogOutputStream:75 - [STDERR_REDIRECT] [Fatal Error] :1:1: Premature end of file.
2026-05-05 22:25:13,535 [ERROR] LogOutputStream:75 - [STDERR_REDIRECT] 
2026-05-05 22:25:14,538 [ERROR] LogOutputStream:75 - [STDERR_REDIRECT] [Fatal Error] :1:1: Premature end of file.
2026-05-05 22:25:14,538 [ERROR] LogOutputStream:75 - [STDERR_REDIRECT] 
2026-05-05 22:25:15,528 [ERROR] LogOutputStream:75 - [STDERR_REDIRECT] [Fatal Error] :1:1: Premature end of file.
2026-05-05 22:25:15,528 [ERROR] LogOutputStream:75 - [STDERR_REDIRECT] 
2026-05-05 22:25:16,534 [ERROR] LogOutputStream:75 - [STDERR_REDIRECT] [Fatal Error] :1:1: Premature end of file.
2026-05-05 22:25:16,535 [ERROR] LogOutputStream:75 - [STDERR_REDIRECT] 
2026-05-05 22:25:17,534 [ERROR] LogOutputStream:75 - [STDERR_REDIRECT] [Fatal Error] :1:1: Premature end of file.
2026-05-05 22:25:17,535 [ERROR] LogOutputStream:75 - [STDERR_REDIRECT] 
2026-05-05 22:25:18,508 [ERROR] LogOutputStream:75 - [STDERR_REDIRECT] [Fatal Error] :1:1: Premature end of file.
2026-05-05 22:25:18,509 [ERROR] LogOutputStream:75 - [STDERR_REDIRECT] 
2026-05-05 22:25:19,516 [ERROR] LogOutputStream:75 - [STDERR_REDIRECT] [Fatal Error] :1:1: Premature end of file.
2026-05-05 22:25:19,518 [ERROR] LogOutputStream:75 - [STDERR_REDIRECT] 
2026-05-05 22:25:20,535 [ERROR] LogOutputStream:75 - [STDERR_REDIRECT] [Fatal Error] :1:1: Premature end of file.
2026-05-05 22:25:20,535 [ERROR] LogOutputStream:75 - [STDERR_REDIRECT] 
2026-05-05 22:25:21,543 [ERROR] LogOutputStream:75 - [STDERR_REDIRECT] [Fatal Error] :1:1: Premature end of file.
2026-05-05 22:25:21,543 [ERROR] LogOutputStream:75 - [STDERR_REDIRECT] 
2026-05-05 22:25:22,536 [ERROR] LogOutputStream:75 - [STDERR_REDIRECT] [Fatal Error] :1:1: Premature end of file.
2026-05-05 22:25:22,536 [ERROR] LogOutputStream:75 - [STDERR_REDIRECT] 
2026-05-05 22:25:23,535 [ERROR] LogOutputStream:75 - [STDERR_REDIRECT] [Fatal Error] :1:1: Premature end of file.
2026-05-05 22:25:23,535 [ERROR] LogOutputStream:75 - [STDERR_REDIRECT] 
2026-05-05 22:25:24,533 [ERROR] LogOutputStream:75 - [STDERR_REDIRECT] [Fatal Error] :1:1: Premature end of file.
2026-05-05 22:25:24,534 [ERROR] LogOutputStream:75 - [STDERR_REDIRECT] 
2026-05-05 22:25:25,536 [ERROR] LogOutputStream:75 - [STDERR_REDIRECT] [Fatal Error] :1:1: Premature end of file.
2026-05-05 22:25:25,537 [ERROR] LogOutputStream:75 - [STDERR_REDIRECT] 
2026-05-05 22:25:26,532 [ERROR] LogOutputStream:75 - [STDERR_REDIRECT] [Fatal Error] :1:1: Premature end of file.
2026-05-05 22:25:26,532 [ERROR] LogOutputStream:75 - [STDERR_REDIRECT] 
2026-05-05 22:25:27,535 [ERROR] LogOutputStream:75 - [STDERR_REDIRECT] [Fatal Error] :1:1: Premature end of file.
2026-05-05 22:25:27,535 [ERROR] LogOutputStream:75 - [STDERR_REDIRECT] 
2026-05-05 22:25:28,526 [ERROR] LogOutputStream:75 - [STDERR_REDIRECT] [Fatal Error] :1:1: Premature end of file.
2026-05-05 22:25:28,526 [ERROR] LogOutputStream:75 - [STDERR_REDIRECT] 
2026-05-05 22:25:29,531 [ERROR] LogOutputStream:75 - [STDERR_REDIRECT] [Fatal Error] :1:1: Premature end of file.
2026-05-05 22:25:29,532 [ERROR] LogOutputStream:75 - [STDERR_REDIRECT] 
2026-05-05 22:25:30,532 [ERROR] LogOutputStream:75 - [STDERR_REDIRECT] [Fatal Error] :1:1: Premature end of file.
2026-05-05 22:25:30,532 [ERROR] LogOutputStream:75 - [STDERR_REDIRECT] 
2026-05-05 22:25:31,514 [ERROR] LogOutputStream:75 - [STDERR_REDIRECT] [Fatal Error] :1:1: Premature end of file.
2026-05-05 22:25:31,514 [ERROR] LogOutputStream:75 - [STDERR_REDIRECT] 
2026-05-05 22:25:32,528 [ERROR] LogOutputStream:75 - [STDERR_REDIRECT] [Fatal Error] :1:1: Premature end of file.
2026-05-05 22:25:32,528 [ERROR] LogOutputStream:75 - [STDERR_REDIRECT] 
2026-05-05 22:25:33,527 [ERROR] LogOutputStream:75 - [STDERR_REDIRECT] [Fatal Error] :1:1: Premature end of file.
2026-05-05 22:25:33,527 [ERROR] LogOutputStream:75 - [STDERR_REDIRECT] 
2026-05-05 22:25:34,535 [ERROR] LogOutputStream:75 - [STDERR_REDIRECT] [Fatal Error] :1:1: Premature end of file.
2026-05-05 22:25:34,536 [ERROR] LogOutputStream:75 - [STDERR_REDIRECT] 
2026-05-05 22:25:35,522 [ERROR] LogOutputStream:75 - [STDERR_REDIRECT] [Fatal Error] :1:1: Premature end of file.
2026-05-05 22:25:35,522 [ERROR] LogOutputStream:75 - [STDERR_REDIRECT] 
2026-05-05 22:25:36,533 [ERROR] LogOutputStream:75 - [STDERR_REDIRECT] [Fatal Error] :1:1: Premature end of file.
2026-05-05 22:25:36,533 [ERROR] LogOutputStream:75 - [STDERR_REDIRECT] 
2026-05-05 22:25:37,528 [ERROR] LogOutputStream:75 - [STDERR_REDIRECT] [Fatal Error] :1:1: Premature end of file.
2026-05-05 22:25:37,528 [ERROR] LogOutputStream:75 - [STDERR_REDIRECT] 
2026-05-05 22:25:38,522 [ERROR] LogOutputStream:75 - [STDERR_REDIRECT] [Fatal Error] :1:1: Premature end of file.
2026-05-05 22:25:38,522 [ERROR] LogOutputStream:75 - [STDERR_REDIRECT] 
2026-05-05 22:25:39,533 [ERROR] LogOutputStream:75 - [STDERR_REDIRECT] [Fatal Error] :1:1: Premature end of file.
2026-05-05 22:25:39,533 [ERROR] LogOutputStream:75 - [STDERR_REDIRECT] 
2026-05-05 22:25:40,530 [ERROR] LogOutputStream:75 - [STDERR_REDIRECT] [Fatal Error] :1:1: Premature end of file.
2026-05-05 22:25:40,530 [ERROR] LogOutputStream:75 - [STDERR_REDIRECT] 
2026-05-05 22:25:41,525 [ERROR] LogOutputStream:75 - [STDERR_REDIRECT] [Fatal Error] :1:1: Premature end of file.
2026-05-05 22:25:41,526 [ERROR] LogOutputStream:75 - [STDERR_REDIRECT] 
2026-05-05 22:25:42,534 [ERROR] LogOutputStream:75 - [STDERR_REDIRECT] [Fatal Error] :1:1: Premature end of file.
2026-05-05 22:25:42,534 [ERROR] LogOutputStream:75 - [STDERR_REDIRECT] 
2026-05-05 22:25:43,529 [ERROR] LogOutputStream:75 - [STDERR_REDIRECT] [Fatal Error] :1:1: Premature end of file.
2026-05-05 22:25:43,529 [ERROR] LogOutputStream:75 - [STDERR_REDIRECT] 
2026-05-05 22:25:44,530 [ERROR] LogOutputStream:75 - [STDERR_REDIRECT] [Fatal Error] :1:1: Premature end of file.
2026-05-05 22:25:44,531 [ERROR] LogOutputStream:75 - [STDERR_REDIRECT] 
2026-05-05 22:25:45,540 [ERROR] LogOutputStream:75 - [STDERR_REDIRECT] [Fatal Error] :1:1: Premature end of file.
2026-05-05 22:25:45,540 [ERROR] LogOutputStream:75 - [STDERR_REDIRECT] 
2026-05-05 22:25:46,521 [ERROR] LogOutputStream:75 - [STDERR_REDIRECT] [Fatal Error] :1:1: Premature end of file.
2026-05-05 22:25:46,521 [ERROR] LogOutputStream:75 - [STDERR_REDIRECT] 
2026-05-05 22:25:47,521 [ERROR] LogOutputStream:75 - [STDERR_REDIRECT] [Fatal Error] :1:1: Premature end of file.
2026-05-05 22:25:47,521 [ERROR] LogOutputStream:75 - [STDERR_REDIRECT] 
2026-05-05 22:25:48,533 [ERROR] LogOutputStream:75 - [STDERR_REDIRECT] [Fatal Error] :1:1: Premature end of file.
2026-05-05 22:25:48,533 [ERROR] LogOutputStream:75 - [STDERR_REDIRECT] 
2026-05-05 22:25:49,518 [ERROR] LogOutputStream:75 - [STDERR_REDIRECT] [Fatal Error] :1:1: Premature end of file.
2026-05-05 22:25:49,518 [ERROR] LogOutputStream:75 - [STDERR_REDIRECT] 
2026-05-05 22:25:50,531 [ERROR] LogOutputStream:75 - [STDERR_REDIRECT] [Fatal Error] :1:1: Premature end of file.
2026-05-05 22:25:50,531 [ERROR] LogOutputStream:75 - [STDERR_REDIRECT] 
2026-05-05 22:25:51,529 [ERROR] LogOutputStream:75 - [STDERR_REDIRECT] [Fatal Error] :1:1: Premature end of file.
2026-05-05 22:25:51,530 [ERROR] LogOutputStream:75 - [STDERR_REDIRECT] 
2026-05-05 22:25:52,532 [ERROR] LogOutputStream:75 - [STDERR_REDIRECT] [Fatal Error] :1:1: Premature end of file.
2026-05-05 22:25:52,532 [ERROR] LogOutputStream:75 - [STDERR_REDIRECT] 
2026-05-05 22:25:53,530 [ERROR] LogOutputStream:75 - [STDERR_REDIRECT] [Fatal Error] :1:1: Premature end of file.
2026-05-05 22:25:53,530 [ERROR] LogOutputStream:75 - [STDERR_REDIRECT] 
2026-05-05 22:25:54,535 [ERROR] LogOutputStream:75 - [STDERR_REDIRECT] [Fatal Error] :1:1: Premature end of file.
2026-05-05 22:25:54,535 [ERROR] LogOutputStream:75 - [STDERR_REDIRECT] 
2026-05-05 22:25:55,525 [ERROR] LogOutputStream:75 - [STDERR_REDIRECT] [Fatal Error] :1:1: Premature end of file.
2026-05-05 22:25:55,525 [ERROR] LogOutputStream:75 - [STDERR_REDIRECT] 
2026-05-05 22:25:56,518 [ERROR] LogOutputStream:75 - [STDERR_REDIRECT] [Fatal Error] :1:1: Premature end of file.
2026-05-05 22:25:56,519 [ERROR] LogOutputStream:75 - [STDERR_REDIRECT] 
2026-05-05 22:25:57,525 [ERROR] LogOutputStream:75 - [STDERR_REDIRECT] [Fatal Error] :1:1: Premature end of file.
2026-05-05 22:25:57,525 [ERROR] LogOutputStream:75 - [STDERR_REDIRECT] 
2026-05-05 22:25:58,522 [ERROR] LogOutputStream:75 - [STDERR_REDIRECT] [Fatal Error] :1:1: Premature end of file.
2026-05-05 22:25:58,523 [ERROR] LogOutputStream:75 - [STDERR_REDIRECT] 
2026-05-05 22:25:59,547 [ERROR] LogOutputStream:75 - [STDERR_REDIRECT] [Fatal Error] :1:1: Premature end of file.
2026-05-05 22:25:59,547 [ERROR] LogOutputStream:75 - [STDERR_REDIRECT] 
2026-05-05 22:26:00,545 [ERROR] LogOutputStream:75 - [STDERR_REDIRECT] [Fatal Error] :1:1: Premature end of file.
2026-05-05 22:26:00,545 [ERROR] LogOutputStream:75 - [STDERR_REDIRECT] 
2026-05-05 22:26:01,527 [ERROR] LogOutputStream:75 - [STDERR_REDIRECT] [Fatal Error] :1:1: Premature end of file.
2026-05-05 22:26:01,528 [ERROR] LogOutputStream:75 - [STDERR_REDIRECT] 
2026-05-05 22:26:02,532 [ERROR] LogOutputStream:75 - [STDERR_REDIRECT] [Fatal Error] :1:1: Premature end of file.
2026-05-05 22:26:02,533 [ERROR] LogOutputStream:75 - [STDERR_REDIRECT] 
2026-05-05 22:26:03,582 [ERROR] LogOutputStream:75 - [STDERR_REDIRECT] [Fatal Error] :1:1: Premature end of file.
2026-05-05 22:26:03,584 [ERROR] LogOutputStream:75 - [STDERR_REDIRECT] 
2026-05-05 22:26:04,571 [ERROR] LogOutputStream:75 - [STDERR_REDIRECT] [Fatal Error] :1:1: Premature end of file.
2026-05-05 22:26:04,571 [ERROR] LogOutputStream:75 - [STDERR_REDIRECT] 
2026-05-05 22:26:05,562 [ERROR] LogOutputStream:75 - [STDERR_REDIRECT] [Fatal Error] :1:1: Premature end of file.
2026-05-05 22:26:05,563 [ERROR] LogOutputStream:75 - [STDERR_REDIRECT] 
2026-05-05 22:26:06,609 [ERROR] LogOutputStream:75 - [STDERR_REDIRECT] [Fatal Error] :1:1: Premature end of file.
2026-05-05 22:26:06,610 [ERROR] LogOutputStream:75 - [STDERR_REDIRECT] 
2026-05-05 22:26:07,540 [ERROR] LogOutputStream:75 - [STDERR_REDIRECT] [Fatal Error] :1:1: Premature end of file.
2026-05-05 22:26:07,540 [ERROR] LogOutputStream:75 - [STDERR_REDIRECT] 
2026-05-05 22:26:08,601 [ERROR] LogOutputStream:75 - [STDERR_REDIRECT] [Fatal Error] :1:1: Premature end of file.
2026-05-05 22:26:08,602 [ERROR] LogOutputStream:75 - [STDERR_REDIRECT] 
2026-05-05 22:26:09,538 [ERROR] LogOutputStream:75 - [STDERR_REDIRECT] [Fatal Error] :1:1: Premature end of file.
2026-05-05 22:26:09,539 [ERROR] LogOutputStream:75 - [STDERR_REDIRECT] 
2026-05-05 22:26:10,550 [ERROR] LogOutputStream:75 - [STDERR_REDIRECT] [Fatal Error] :1:1: Premature end of file.
2026-05-05 22:26:10,551 [ERROR] LogOutputStream:75 - [STDERR_REDIRECT] 
2026-05-05 22:26:11,574 [ERROR] LogOutputStream:75 - [STDERR_REDIRECT] [Fatal Error] :1:1: Premature end of file.
2026-05-05 22:26:11,576 [ERROR] LogOutputStream:75 - [STDERR_REDIRECT] 
2026-05-05 22:26:12,562 [ERROR] LogOutputStream:75 - [STDERR_REDIRECT] [Fatal Error] :1:1: Premature end of file.
2026-05-05 22:26:12,564 [ERROR] LogOutputStream:75 - [STDERR_REDIRECT] 
2026-05-05 22:26:13,531 [ERROR] LogOutputStream:75 - [STDERR_REDIRECT] [Fatal Error] :1:1: Premature end of file.
2026-05-05 22:26:13,532 [ERROR] LogOutputStream:75 - [STDERR_REDIRECT] 
2026-05-05 22:26:14,538 [ERROR] LogOutputStream:75 - [STDERR_REDIRECT] [Fatal Error] :1:1: Premature end of file.
2026-05-05 22:26:14,538 [ERROR] LogOutputStream:75 - [STDERR_REDIRECT] 
2026-05-05 22:26:15,537 [ERROR] LogOutputStream:75 - [STDERR_REDIRECT] [Fatal Error] :1:1: Premature end of file.
2026-05-05 22:26:15,538 [ERROR] LogOutputStream:75 - [STDERR_REDIRECT] 
2026-05-05 22:26:16,549 [ERROR] LogOutputStream:75 - [STDERR_REDIRECT] [Fatal Error] :1:1: Premature end of file.
2026-05-05 22:26:16,550 [ERROR] LogOutputStream:75 - [STDERR_REDIRECT] 
2026-05-05 22:26:17,575 [ERROR] LogOutputStream:75 - [STDERR_REDIRECT] [Fatal Error] :1:1: Premature end of file.
2026-05-05 22:26:17,576 [ERROR] LogOutputStream:75 - [STDERR_REDIRECT] 
2026-05-05 22:26:18,539 [ERROR] LogOutputStream:75 - [STDERR_REDIRECT] [Fatal Error] :1:1: Premature end of file.
2026-05-05 22:26:18,540 [ERROR] LogOutputStream:75 - [STDERR_REDIRECT] 
2026-05-05 22:26:19,577 [ERROR] LogOutputStream:75 - [STDERR_REDIRECT] [Fatal Error] :1:1: Premature end of file.
2026-05-05 22:26:19,579 [ERROR] LogOutputStream:75 - [STDERR_REDIRECT] 
2026-05-05 22:26:20,573 [ERROR] LogOutputStream:75 - [STDERR_REDIRECT] [Fatal Error] :1:1: Premature end of file.
2026-05-05 22:26:20,574 [ERROR] LogOutputStream:75 - [STDERR_REDIRECT] 
2026-05-05 22:26:21,552 [ERROR] LogOutputStream:75 - [STDERR_REDIRECT] [Fatal Error] :1:1: Premature end of file.
2026-05-05 22:26:21,553 [ERROR] LogOutputStream:75 - [STDERR_REDIRECT] 
2026-05-05 22:26:22,556 [ERROR] LogOutputStream:75 - [STDERR_REDIRECT] [Fatal Error] :1:1: Premature end of file.
2026-05-05 22:26:22,556 [ERROR] LogOutputStream:75 - [STDERR_REDIRECT] 
2026-05-05 22:26:23,547 [ERROR] LogOutputStream:75 - [STDERR_REDIRECT] [Fatal Error] :1:1: Premature end of file.
2026-05-05 22:26:23,548 [ERROR] LogOutputStream:75 - [STDERR_REDIRECT] 
2026-05-05 22:26:24,523 [ERROR] LogOutputStream:75 - [STDERR_REDIRECT] [Fatal Error] :1:1: Premature end of file.
2026-05-05 22:26:24,524 [ERROR] LogOutputStream:75 - [STDERR_REDIRECT] 
2026-05-05 22:26:25,546 [ERROR] LogOutputStream:75 - [STDERR_REDIRECT] [Fatal Error] :1:1: Premature end of file.
2026-05-05 22:26:25,546 [ERROR] LogOutputStream:75 - [STDERR_REDIRECT] 
2026-05-05 22:26:26,545 [ERROR] LogOutputStream:75 - [STDERR_REDIRECT] [Fatal Error] :1:1: Premature end of file.
2026-05-05 22:26:26,545 [ERROR] LogOutputStream:75 - [STDERR_REDIRECT] 
2026-05-05 22:26:27,520 [ERROR] LogOutputStream:75 - [STDERR_REDIRECT] [Fatal Error] :1:1: Premature end of file.
2026-05-05 22:26:27,520 [ERROR] LogOutputStream:75 - [STDERR_REDIRECT] 
2026-05-05 22:26:28,563 [ERROR] LogOutputStream:75 - [STDERR_REDIRECT] [Fatal Error] :1:1: Premature end of file.
2026-05-05 22:26:28,564 [ERROR] LogOutputStream:75 - [STDERR_REDIRECT] 
2026-05-05 22:26:29,547 [ERROR] LogOutputStream:75 - [STDERR_REDIRECT] [Fatal Error] :1:1: Premature end of file.
2026-05-05 22:26:29,548 [ERROR] LogOutputStream:75 - [STDERR_REDIRECT] 
2026-05-05 22:26:30,541 [ERROR] LogOutputStream:75 - [STDERR_REDIRECT] [Fatal Error] :1:1: Premature end of file.
2026-05-05 22:26:30,541 [ERROR] LogOutputStream:75 - [STDERR_REDIRECT] 
2026-05-05 22:26:31,568 [ERROR] LogOutputStream:75 - [STDERR_REDIRECT] [Fatal Error] :1:1: Premature end of file.
2026-05-05 22:26:31,569 [ERROR] LogOutputStream:75 - [STDERR_REDIRECT] 
2026-05-05 22:26:32,529 [ERROR] LogOutputStream:75 - [STDERR_REDIRECT] [Fatal Error] :1:1: Premature end of file.
2026-05-05 22:26:32,529 [ERROR] LogOutputStream:75 - [STDERR_REDIRECT] 
2026-05-05 22:26:33,539 [ERROR] LogOutputStream:75 - [STDERR_REDIRECT] [Fatal Error] :1:1: Premature end of file.
2026-05-05 22:26:33,540 [ERROR] LogOutputStream:75 - [STDERR_REDIRECT] 
2026-05-05 22:26:34,538 [ERROR] LogOutputStream:75 - [STDERR_REDIRECT] [Fatal Error] :1:1: Premature end of file.
2026-05-05 22:26:34,538 [ERROR] LogOutputStream:75 - [STDERR_REDIRECT] 
2026-05-05 22:26:35,522 [ERROR] LogOutputStream:75 - [STDERR_REDIRECT] [Fatal Error] :1:1: Premature end of file.
2026-05-05 22:26:35,523 [ERROR] LogOutputStream:75 - [STDERR_REDIRECT] 
2026-05-05 22:26:36,521 [ERROR] LogOutputStream:75 - [STDERR_REDIRECT] [Fatal Error] :1:1: Premature end of file.
2026-05-05 22:26:36,521 [ERROR] LogOutputStream:75 - [STDERR_REDIRECT] 
2026-05-05 22:26:37,530 [ERROR] LogOutputStream:75 - [STDERR_REDIRECT] [Fatal Error] :1:1: Premature end of file.
2026-05-05 22:26:37,531 [ERROR] LogOutputStream:75 - [STDERR_REDIRECT] 
2026-05-05 22:26:38,519 [ERROR] LogOutputStream:75 - [STDERR_REDIRECT] [Fatal Error] :1:1: Premature end of file.
2026-05-05 22:26:38,520 [ERROR] LogOutputStream:75 - [STDERR_REDIRECT] 
2026-05-05 22:26:39,544 [ERROR] LogOutputStream:75 - [STDERR_REDIRECT] [Fatal Error] :1:1: Premature end of file.
2026-05-05 22:26:39,544 [ERROR] LogOutputStream:75 - [STDERR_REDIRECT] 
2026-05-05 22:26:40,537 [ERROR] LogOutputStream:75 - [STDERR_REDIRECT] [Fatal Error] :1:1: Premature end of file.
2026-05-05 22:26:40,537 [ERROR] LogOutputStream:75 - [STDERR_REDIRECT] 
2026-05-05 22:26:41,524 [ERROR] LogOutputStream:75 - [STDERR_REDIRECT] [Fatal Error] :1:1: Premature end of file.
2026-05-05 22:26:41,524 [ERROR] LogOutputStream:75 - [STDERR_REDIRECT] 
2026-05-05 22:26:42,593 [ERROR] LogOutputStream:75 - [STDERR_REDIRECT] [Fatal Error] :1:1: Premature end of file.
2026-05-05 22:26:42,593 [ERROR] LogOutputStream:75 - [STDERR_REDIRECT] 
2026-05-05 22:26:43,531 [ERROR] LogOutputStream:75 - [STDERR_REDIRECT] [Fatal Error] :1:1: Premature end of file.
2026-05-05 22:26:43,531 [ERROR] LogOutputStream:75 - [STDERR_REDIRECT] 
2026-05-05 22:26:44,518 [ERROR] LogOutputStream:75 - [STDERR_REDIRECT] [Fatal Error] :1:1: Premature end of file.
2026-05-05 22:26:44,518 [ERROR] LogOutputStream:75 - [STDERR_REDIRECT] 
2026-05-05 22:26:45,527 [ERROR] LogOutputStream:75 - [STDERR_REDIRECT] [Fatal Error] :1:1: Premature end of file.
2026-05-05 22:26:45,527 [ERROR] LogOutputStream:75 - [STDERR_REDIRECT] 
2026-05-05 22:26:46,536 [ERROR] LogOutputStream:75 - [STDERR_REDIRECT] [Fatal Error] :1:1: Premature end of file.
2026-05-05 22:26:46,536 [ERROR] LogOutputStream:75 - [STDERR_REDIRECT] 
2026-05-05 22:26:47,539 [ERROR] LogOutputStream:75 - [STDERR_REDIRECT] [Fatal Error] :1:1: Premature end of file.
2026-05-05 22:26:47,539 [ERROR] LogOutputStream:75 - [STDERR_REDIRECT] 
2026-05-05 22:26:48,521 [ERROR] LogOutputStream:75 - [STDERR_REDIRECT] [Fatal Error] :1:1: Premature end of file.
2026-05-05 22:26:48,521 [ERROR] LogOutputStream:75 - [STDERR_REDIRECT] 
2026-05-05 22:26:49,531 [ERROR] LogOutputStream:75 - [STDERR_REDIRECT] [Fatal Error] :1:1: Premature end of file.
2026-05-05 22:26:49,531 [ERROR] LogOutputStream:75 - [STDERR_REDIRECT] 
2026-05-05 22:26:50,534 [ERROR] LogOutputStream:75 - [STDERR_REDIRECT] [Fatal Error] :1:1: Premature end of file.
2026-05-05 22:26:50,534 [ERROR] LogOutputStream:75 - [STDERR_REDIRECT] 
2026-05-05 22:26:51,531 [ERROR] LogOutputStream:75 - [STDERR_REDIRECT] [Fatal Error] :1:1: Premature end of file.
2026-05-05 22:26:51,531 [ERROR] LogOutputStream:75 - [STDERR_REDIRECT] 
2026-05-05 22:26:52,530 [ERROR] LogOutputStream:75 - [STDERR_REDIRECT] [Fatal Error] :1:1: Premature end of file.
2026-05-05 22:26:52,530 [ERROR] LogOutputStream:75 - [STDERR_REDIRECT] 
2026-05-05 22:26:53,530 [ERROR] LogOutputStream:75 - [STDERR_REDIRECT] [Fatal Error] :1:1: Premature end of file.
2026-05-05 22:26:53,530 [ERROR] LogOutputStream:75 - [STDERR_REDIRECT] 
2026-05-05 22:26:54,530 [ERROR] LogOutputStream:75 - [STDERR_REDIRECT] [Fatal Error] :1:1: Premature end of file.
2026-05-05 22:26:54,530 [ERROR] LogOutputStream:75 - [STDERR_REDIRECT] 
2026-05-05 22:26:55,535 [ERROR] LogOutputStream:75 - [STDERR_REDIRECT] [Fatal Error] :1:1: Premature end of file.
2026-05-05 22:26:55,535 [ERROR] LogOutputStream:75 - [STDERR_REDIRECT] 
2026-05-05 22:26:56,538 [ERROR] LogOutputStream:75 - [STDERR_REDIRECT] [Fatal Error] :1:1: Premature end of file.
2026-05-05 22:26:56,539 [ERROR] LogOutputStream:75 - [STDERR_REDIRECT] 
2026-05-05 22:26:57,536 [ERROR] LogOutputStream:75 - [STDERR_REDIRECT] [Fatal Error] :1:1: Premature end of file.
2026-05-05 22:26:57,536 [ERROR] LogOutputStream:75 - [STDERR_REDIRECT] 
2026-05-05 22:26:58,529 [ERROR] LogOutputStream:75 - [STDERR_REDIRECT] [Fatal Error] :1:1: Premature end of file.
2026-05-05 22:26:58,529 [ERROR] LogOutputStream:75 - [STDERR_REDIRECT] 
2026-05-05 22:26:59,533 [ERROR] LogOutputStream:75 - [STDERR_REDIRECT] [Fatal Error] :1:1: Premature end of file.
2026-05-05 22:26:59,533 [ERROR] LogOutputStream:75 - [STDERR_REDIRECT] 
2026-05-05 22:27:00,533 [ERROR] LogOutputStream:75 - [STDERR_REDIRECT] [Fatal Error] :1:1: Premature end of file.
2026-05-05 22:27:00,534 [ERROR] LogOutputStream:75 - [STDERR_REDIRECT] 
2026-05-05 22:27:01,537 [ERROR] LogOutputStream:75 - [STDERR_REDIRECT] [Fatal Error] :1:1: Premature end of file.
2026-05-05 22:27:01,537 [ERROR] LogOutputStream:75 - [STDERR_REDIRECT] 
2026-05-05 22:27:02,538 [ERROR] LogOutputStream:75 - [STDERR_REDIRECT] [Fatal Error] :1:1: Premature end of file.
2026-05-05 22:27:02,538 [ERROR] LogOutputStream:75 - [STDERR_REDIRECT] 
2026-05-05 22:27:03,536 [ERROR] LogOutputStream:75 - [STDERR_REDIRECT] [Fatal Error] :1:1: Premature end of file.
2026-05-05 22:27:03,537 [ERROR] LogOutputStream:75 - [STDERR_REDIRECT] 
2026-05-05 22:27:04,537 [ERROR] LogOutputStream:75 - [STDERR_REDIRECT] [Fatal Error] :1:1: Premature end of file.
2026-05-05 22:27:04,537 [ERROR] LogOutputStream:75 - [STDERR_REDIRECT] 
2026-05-05 22:27:05,528 [ERROR] LogOutputStream:75 - [STDERR_REDIRECT] [Fatal Error] :1:1: Premature end of file.
2026-05-05 22:27:05,528 [ERROR] LogOutputStream:75 - [STDERR_REDIRECT] 
2026-05-05 22:27:06,536 [ERROR] LogOutputStream:75 - [STDERR_REDIRECT] [Fatal Error] :1:1: Premature end of file.
2026-05-05 22:27:06,537 [ERROR] LogOutputStream:75 - [STDERR_REDIRECT] 
2026-05-05 22:27:07,531 [ERROR] LogOutputStream:75 - [STDERR_REDIRECT] [Fatal Error] :1:1: Premature end of file.
2026-05-05 22:27:07,532 [ERROR] LogOutputStream:75 - [STDERR_REDIRECT] 
2026-05-05 22:27:08,535 [ERROR] LogOutputStream:75 - [STDERR_REDIRECT] [Fatal Error] :1:1: Premature end of file.
2026-05-05 22:27:08,535 [ERROR] LogOutputStream:75 - [STDERR_REDIRECT] 
2026-05-05 22:27:09,537 [ERROR] LogOutputStream:75 - [STDERR_REDIRECT] [Fatal Error] :1:1: Premature end of file.
2026-05-05 22:27:09,537 [ERROR] LogOutputStream:75 - [STDERR_REDIRECT] 
2026-05-05 22:27:10,536 [ERROR] LogOutputStream:75 - [STDERR_REDIRECT] [Fatal Error] :1:1: Premature end of file.
2026-05-05 22:27:10,537 [ERROR] LogOutputStream:75 - [STDERR_REDIRECT] 
2026-05-05 22:27:11,536 [ERROR] LogOutputStream:75 - [STDERR_REDIRECT] [Fatal Error] :1:1: Premature end of file.
2026-05-05 22:27:11,536 [ERROR] LogOutputStream:75 - [STDERR_REDIRECT] 
2026-05-05 22:27:12,533 [ERROR] LogOutputStream:75 - [STDERR_REDIRECT] [Fatal Error] :1:1: Premature end of file.
2026-05-05 22:27:12,533 [ERROR] LogOutputStream:75 - [STDERR_REDIRECT] 
2026-05-05 22:27:13,519 [ERROR] LogOutputStream:75 - [STDERR_REDIRECT] [Fatal Error] :1:1: Premature end of file.
2026-05-05 22:27:13,519 [ERROR] LogOutputStream:75 - [STDERR_REDIRECT] 
2026-05-05 22:27:14,536 [ERROR] LogOutputStream:75 - [STDERR_REDIRECT] [Fatal Error] :1:1: Premature end of file.
2026-05-05 22:27:14,537 [ERROR] LogOutputStream:75 - [STDERR_REDIRECT] 
2026-05-05 22:27:15,533 [ERROR] LogOutputStream:75 - [STDERR_REDIRECT] [Fatal Error] :1:1: Premature end of file.
2026-05-05 22:27:15,533 [ERROR] LogOutputStream:75 - [STDERR_REDIRECT] 
2026-05-05 22:27:16,542 [ERROR] LogOutputStream:75 - [STDERR_REDIRECT] [Fatal Error] :1:1: Premature end of file.
2026-05-05 22:27:16,542 [ERROR] LogOutputStream:75 - [STDERR_REDIRECT] 
2026-05-05 22:27:17,534 [ERROR] LogOutputStream:75 - [STDERR_REDIRECT] [Fatal Error] :1:1: Premature end of file.
2026-05-05 22:27:17,534 [ERROR] LogOutputStream:75 - [STDERR_REDIRECT] 
2026-05-05 22:27:18,530 [ERROR] LogOutputStream:75 - [STDERR_REDIRECT] [Fatal Error] :1:1: Premature end of file.
2026-05-05 22:27:18,530 [ERROR] LogOutputStream:75 - [STDERR_REDIRECT] 
2026-05-05 22:27:19,529 [ERROR] LogOutputStream:75 - [STDERR_REDIRECT] [Fatal Error] :1:1: Premature end of file.
2026-05-05 22:27:19,529 [ERROR] LogOutputStream:75 - [STDERR_REDIRECT] 
2026-05-05 22:27:20,560 [ERROR] LogOutputStream:75 - [STDERR_REDIRECT] [Fatal Error] :1:1: Premature end of file.
2026-05-05 22:27:20,561 [ERROR] LogOutputStream:75 - [STDERR_REDIRECT] 
2026-05-05 22:27:21,548 [ERROR] LogOutputStream:75 - [STDERR_REDIRECT] [Fatal Error] :1:1: Premature end of file.
2026-05-05 22:27:21,548 [ERROR] LogOutputStream:75 - [STDERR_REDIRECT] 
2026-05-05 22:27:22,534 [ERROR] LogOutputStream:75 - [STDERR_REDIRECT] [Fatal Error] :1:1: Premature end of file.
2026-05-05 22:27:22,535 [ERROR] LogOutputStream:75 - [STDERR_REDIRECT] 
2026-05-05 22:27:23,538 [ERROR] LogOutputStream:75 - [STDERR_REDIRECT] [Fatal Error] :1:1: Premature end of file.
2026-05-05 22:27:23,539 [ERROR] LogOutputStream:75 - [STDERR_REDIRECT] 
2026-05-05 22:27:24,519 [ERROR] LogOutputStream:75 - [STDERR_REDIRECT] [Fatal Error] :1:1: Premature end of file.
2026-05-05 22:27:24,519 [ERROR] LogOutputStream:75 - [STDERR_REDIRECT] 
2026-05-05 22:27:25,539 [ERROR] LogOutputStream:75 - [STDERR_REDIRECT] [Fatal Error] :1:1: Premature end of file.
2026-05-05 22:27:25,539 [ERROR] LogOutputStream:75 - [STDERR_REDIRECT] 
2026-05-05 22:27:26,531 [ERROR] LogOutputStream:75 - [STDERR_REDIRECT] [Fatal Error] :1:1: Premature end of file.
2026-05-05 22:27:26,532 [ERROR] LogOutputStream:75 - [STDERR_REDIRECT] 
2026-05-05 22:27:27,545 [ERROR] LogOutputStream:75 - [STDERR_REDIRECT] [Fatal Error] :1:1: Premature end of file.
2026-05-05 22:27:27,545 [ERROR] LogOutputStream:75 - [STDERR_REDIRECT] 
2026-05-05 22:27:28,535 [ERROR] LogOutputStream:75 - [STDERR_REDIRECT] [Fatal Error] :1:1: Premature end of file.
2026-05-05 22:27:28,535 [ERROR] LogOutputStream:75 - [STDERR_REDIRECT] 
2026-05-05 22:27:29,531 [ERROR] LogOutputStream:75 - [STDERR_REDIRECT] [Fatal Error] :1:1: Premature end of file.
2026-05-05 22:27:29,531 [ERROR] LogOutputStream:75 - [STDERR_REDIRECT] 
2026-05-05 22:27:30,537 [ERROR] LogOutputStream:75 - [STDERR_REDIRECT] [Fatal Error] :1:1: Premature end of file.
2026-05-05 22:27:30,537 [ERROR] LogOutputStream:75 - [STDERR_REDIRECT] 
2026-05-05 22:27:31,534 [ERROR] LogOutputStream:75 - [STDERR_REDIRECT] [Fatal Error] :1:1: Premature end of file.
2026-05-05 22:27:31,535 [ERROR] LogOutputStream:75 - [STDERR_REDIRECT] 
2026-05-05 22:27:32,532 [ERROR] LogOutputStream:75 - [STDERR_REDIRECT] [Fatal Error] :1:1: Premature end of file.
2026-05-05 22:27:32,532 [ERROR] LogOutputStream:75 - [STDERR_REDIRECT] 
2026-05-05 22:27:33,528 [ERROR] LogOutputStream:75 - [STDERR_REDIRECT] [Fatal Error] :1:1: Premature end of file.
2026-05-05 22:27:33,528 [ERROR] LogOutputStream:75 - [STDERR_REDIRECT] 
2026-05-05 22:27:34,523 [ERROR] LogOutputStream:75 - [STDERR_REDIRECT] [Fatal Error] :1:1: Premature end of file.
2026-05-05 22:27:34,523 [ERROR] LogOutputStream:75 - [STDERR_REDIRECT] 
2026-05-05 22:27:35,530 [ERROR] LogOutputStream:75 - [STDERR_REDIRECT] [Fatal Error] :1:1: Premature end of file.
2026-05-05 22:27:35,530 [ERROR] LogOutputStream:75 - [STDERR_REDIRECT] 
2026-05-05 22:27:36,530 [ERROR] LogOutputStream:75 - [STDERR_REDIRECT] [Fatal Error] :1:1: Premature end of file.
2026-05-05 22:27:36,530 [ERROR] LogOutputStream:75 - [STDERR_REDIRECT] 
2026-05-05 22:27:37,517 [ERROR] LogOutputStream:75 - [STDERR_REDIRECT] [Fatal Error] :1:1: Premature end of file.
2026-05-05 22:27:37,517 [ERROR] LogOutputStream:75 - [STDERR_REDIRECT] 
2026-05-05 22:27:38,535 [ERROR] LogOutputStream:75 - [STDERR_REDIRECT] [Fatal Error] :1:1: Premature end of file.
2026-05-05 22:27:38,535 [ERROR] LogOutputStream:75 - [STDERR_REDIRECT] 
2026-05-05 22:27:39,534 [ERROR] LogOutputStream:75 - [STDERR_REDIRECT] [Fatal Error] :1:1: Premature end of file.
2026-05-05 22:27:39,535 [ERROR] LogOutputStream:75 - [STDERR_REDIRECT] 
2026-05-05 22:27:40,525 [ERROR] LogOutputStream:75 - [STDERR_REDIRECT] [Fatal Error] :1:1: Premature end of file.
2026-05-05 22:27:40,526 [ERROR] LogOutputStream:75 - [STDERR_REDIRECT] 
2026-05-05 22:27:41,532 [ERROR] LogOutputStream:75 - [STDERR_REDIRECT] [Fatal Error] :1:1: Premature end of file.
2026-05-05 22:27:41,532 [ERROR] LogOutputStream:75 - [STDERR_REDIRECT] 
2026-05-05 22:27:42,523 [ERROR] LogOutputStream:75 - [STDERR_REDIRECT] [Fatal Error] :1:1: Premature end of file.
2026-05-05 22:27:42,524 [ERROR] LogOutputStream:75 - [STDERR_REDIRECT] 
2026-05-05 22:27:43,529 [ERROR] LogOutputStream:75 - [STDERR_REDIRECT] [Fatal Error] :1:1: Premature end of file.
2026-05-05 22:27:43,529 [ERROR] LogOutputStream:75 - [STDERR_REDIRECT] 
2026-05-05 22:27:44,536 [ERROR] LogOutputStream:75 - [STDERR_REDIRECT] [Fatal Error] :1:1: Premature end of file.
2026-05-05 22:27:44,537 [ERROR] LogOutputStream:75 - [STDERR_REDIRECT] 
2026-05-05 22:27:45,529 [ERROR] LogOutputStream:75 - [STDERR_REDIRECT] [Fatal Error] :1:1: Premature end of file.
2026-05-05 22:27:45,529 [ERROR] LogOutputStream:75 - [STDERR_REDIRECT] 
2026-05-05 22:27:46,530 [ERROR] LogOutputStream:75 - [STDERR_REDIRECT] [Fatal Error] :1:1: Premature end of file.
2026-05-05 22:27:46,530 [ERROR] LogOutputStream:75 - [STDERR_REDIRECT] 
2026-05-05 22:27:47,526 [ERROR] LogOutputStream:75 - [STDERR_REDIRECT] [Fatal Error] :1:1: Premature end of file.
2026-05-05 22:27:47,526 [ERROR] LogOutputStream:75 - [STDERR_REDIRECT] 
2026-05-05 22:27:48,528 [ERROR] LogOutputStream:75 - [STDERR_REDIRECT] [Fatal Error] :1:1: Premature end of file.
2026-05-05 22:27:48,528 [ERROR] LogOutputStream:75 - [STDERR_REDIRECT] 
2026-05-05 22:27:49,531 [ERROR] LogOutputStream:75 - [STDERR_REDIRECT] [Fatal Error] :1:1: Premature end of file.
2026-05-05 22:27:49,532 [ERROR] LogOutputStream:75 - [STDERR_REDIRECT] 
2026-05-05 22:27:50,537 [ERROR] LogOutputStream:75 - [STDERR_REDIRECT] [Fatal Error] :1:1: Premature end of file.
2026-05-05 22:27:50,537 [ERROR] LogOutputStream:75 - [STDERR_REDIRECT] 
2026-05-05 22:27:51,534 [ERROR] LogOutputStream:75 - [STDERR_REDIRECT] [Fatal Error] :1:1: Premature end of file.
2026-05-05 22:27:51,534 [ERROR] LogOutputStream:75 - [STDERR_REDIRECT] 
2026-05-05 22:27:52,531 [ERROR] LogOutputStream:75 - [STDERR_REDIRECT] [Fatal Error] :1:1: Premature end of file.
2026-05-05 22:27:52,531 [ERROR] LogOutputStream:75 - [STDERR_REDIRECT] 
2026-05-05 22:27:53,536 [ERROR] LogOutputStream:75 - [STDERR_REDIRECT] [Fatal Error] :1:1: Premature end of file.
2026-05-05 22:27:53,536 [ERROR] LogOutputStream:75 - [STDERR_REDIRECT] 
2026-05-05 22:27:54,537 [ERROR] LogOutputStream:75 - [STDERR_REDIRECT] [Fatal Error] :1:1: Premature end of file.
2026-05-05 22:27:54,537 [ERROR] LogOutputStream:75 - [STDERR_REDIRECT] 
2026-05-05 22:27:55,536 [ERROR] LogOutputStream:75 - [STDERR_REDIRECT] [Fatal Error] :1:1: Premature end of file.
2026-05-05 22:27:55,536 [ERROR] LogOutputStream:75 - [STDERR_REDIRECT] 
2026-05-05 22:27:56,538 [ERROR] LogOutputStream:75 - [STDERR_REDIRECT] [Fatal Error] :1:1: Premature end of file.
2026-05-05 22:27:56,538 [ERROR] LogOutputStream:75 - [STDERR_REDIRECT] 
2026-05-05 22:27:57,535 [ERROR] LogOutputStream:75 - [STDERR_REDIRECT] [Fatal Error] :1:1: Premature end of file.
2026-05-05 22:27:57,535 [ERROR] LogOutputStream:75 - [STDERR_REDIRECT] 
2026-05-05 22:27:58,532 [ERROR] LogOutputStream:75 - [STDERR_REDIRECT] [Fatal Error] :1:1: Premature end of file.
2026-05-05 22:27:58,532 [ERROR] LogOutputStream:75 - [STDERR_REDIRECT] 
2026-05-05 22:27:59,532 [ERROR] LogOutputStream:75 - [STDERR_REDIRECT] [Fatal Error] :1:1: Premature end of file.
2026-05-05 22:27:59,532 [ERROR] LogOutputStream:75 - [STDERR_REDIRECT] 
2026-05-05 22:28:00,534 [ERROR] LogOutputStream:75 - [STDERR_REDIRECT] [Fatal Error] :1:1: Premature end of file.
2026-05-05 22:28:00,535 [ERROR] LogOutputStream:75 - [STDERR_REDIRECT] 
2026-05-05 22:28:01,524 [ERROR] LogOutputStream:75 - [STDERR_REDIRECT] [Fatal Error] :1:1: Premature end of file.
2026-05-05 22:28:01,524 [ERROR] LogOutputStream:75 - [STDERR_REDIRECT] 
2026-05-05 22:28:02,532 [ERROR] LogOutputStream:75 - [STDERR_REDIRECT] [Fatal Error] :1:1: Premature end of file.
2026-05-05 22:28:02,532 [ERROR] LogOutputStream:75 - [STDERR_REDIRECT] 
2026-05-05 22:28:03,522 [ERROR] LogOutputStream:75 - [STDERR_REDIRECT] [Fatal Error] :1:1: Premature end of file.
2026-05-05 22:28:03,522 [ERROR] LogOutputStream:75 - [STDERR_REDIRECT] 
2026-05-05 22:28:04,534 [ERROR] LogOutputStream:75 - [STDERR_REDIRECT] [Fatal Error] :1:1: Premature end of file.
2026-05-05 22:28:04,534 [ERROR] LogOutputStream:75 - [STDERR_REDIRECT] 
2026-05-05 22:28:05,532 [ERROR] LogOutputStream:75 - [STDERR_REDIRECT] [Fatal Error] :1:1: Premature end of file.
2026-05-05 22:28:05,532 [ERROR] LogOutputStream:75 - [STDERR_REDIRECT] 
2026-05-05 22:28:06,526 [ERROR] LogOutputStream:75 - [STDERR_REDIRECT] [Fatal Error] :1:1: Premature end of file.
2026-05-05 22:28:06,526 [ERROR] LogOutputStream:75 - [STDERR_REDIRECT] 
2026-05-05 22:28:07,547 [ERROR] LogOutputStream:75 - [STDERR_REDIRECT] [Fatal Error] :1:1: Premature end of file.
2026-05-05 22:28:07,548 [ERROR] LogOutputStream:75 - [STDERR_REDIRECT] 
2026-05-05 22:28:08,525 [ERROR] LogOutputStream:75 - [STDERR_REDIRECT] [Fatal Error] :1:1: Premature end of file.
2026-05-05 22:28:08,526 [ERROR] LogOutputStream:75 - [STDERR_REDIRECT] 
2026-05-05 22:28:09,526 [ERROR] LogOutputStream:75 - [STDERR_REDIRECT] [Fatal Error] :1:1: Premature end of file.
2026-05-05 22:28:09,527 [ERROR] LogOutputStream:75 - [STDERR_REDIRECT] 
2026-05-05 22:28:10,528 [ERROR] LogOutputStream:75 - [STDERR_REDIRECT] [Fatal Error] :1:1: Premature end of file.
2026-05-05 22:28:10,529 [ERROR] LogOutputStream:75 - [STDERR_REDIRECT] 
2026-05-05 22:28:11,531 [ERROR] LogOutputStream:75 - [STDERR_REDIRECT] [Fatal Error] :1:1: Premature end of file.
2026-05-05 22:28:11,532 [ERROR] LogOutputStream:75 - [STDERR_REDIRECT] 
2026-05-05 22:28:12,531 [ERROR] LogOutputStream:75 - [STDERR_REDIRECT] [Fatal Error] :1:1: Premature end of file.
2026-05-05 22:28:12,532 [ERROR] LogOutputStream:75 - [STDERR_REDIRECT] 
2026-05-05 22:28:13,533 [ERROR] LogOutputStream:75 - [STDERR_REDIRECT] [Fatal Error] :1:1: Premature end of file.
2026-05-05 22:28:13,533 [ERROR] LogOutputStream:75 - [STDERR_REDIRECT] 
2026-05-05 22:28:14,533 [ERROR] LogOutputStream:75 - [STDERR_REDIRECT] [Fatal Error] :1:1: Premature end of file.
2026-05-05 22:28:14,534 [ERROR] LogOutputStream:75 - [STDERR_REDIRECT] 
2026-05-05 22:28:15,537 [ERROR] LogOutputStream:75 - [STDERR_REDIRECT] [Fatal Error] :1:1: Premature end of file.
2026-05-05 22:28:15,537 [ERROR] LogOutputStream:75 - [STDERR_REDIRECT] 
2026-05-05 22:28:16,534 [ERROR] LogOutputStream:75 - [STDERR_REDIRECT] [Fatal Error] :1:1: Premature end of file.
2026-05-05 22:28:16,534 [ERROR] LogOutputStream:75 - [STDERR_REDIRECT] 
2026-05-05 22:28:17,540 [ERROR] LogOutputStream:75 - [STDERR_REDIRECT] [Fatal Error] :1:1: Premature end of file.
2026-05-05 22:28:17,540 [ERROR] LogOutputStream:75 - [STDERR_REDIRECT] 
2026-05-05 22:28:18,533 [ERROR] LogOutputStream:75 - [STDERR_REDIRECT] [Fatal Error] :1:1: Premature end of file.
2026-05-05 22:28:18,533 [ERROR] LogOutputStream:75 - [STDERR_REDIRECT] 
2026-05-05 22:28:19,532 [ERROR] LogOutputStream:75 - [STDERR_REDIRECT] [Fatal Error] :1:1: Premature end of file.
2026-05-05 22:28:19,533 [ERROR] LogOutputStream:75 - [STDERR_REDIRECT] 
2026-05-05 22:28:20,527 [ERROR] LogOutputStream:75 - [STDERR_REDIRECT] [Fatal Error] :1:1: Premature end of file.
2026-05-05 22:28:20,527 [ERROR] LogOutputStream:75 - [STDERR_REDIRECT] 
2026-05-05 22:28:21,540 [ERROR] LogOutputStream:75 - [STDERR_REDIRECT] [Fatal Error] :1:1: Premature end of file.
2026-05-05 22:28:21,540 [ERROR] LogOutputStream:75 - [STDERR_REDIRECT] 
2026-05-05 22:28:22,529 [ERROR] LogOutputStream:75 - [STDERR_REDIRECT] [Fatal Error] :1:1: Premature end of file.
2026-05-05 22:28:22,530 [ERROR] LogOutputStream:75 - [STDERR_REDIRECT] 
2026-05-05 22:28:23,537 [ERROR] LogOutputStream:75 - [STDERR_REDIRECT] [Fatal Error] :1:1: Premature end of file.
2026-05-05 22:28:23,538 [ERROR] LogOutputStream:75 - [STDERR_REDIRECT] 
2026-05-05 22:28:24,531 [ERROR] LogOutputStream:75 - [STDERR_REDIRECT] [Fatal Error] :1:1: Premature end of file.
2026-05-05 22:28:24,531 [ERROR] LogOutputStream:75 - [STDERR_REDIRECT] 
2026-05-05 22:28:25,535 [ERROR] LogOutputStream:75 - [STDERR_REDIRECT] [Fatal Error] :1:1: Premature end of file.
2026-05-05 22:28:25,536 [ERROR] LogOutputStream:75 - [STDERR_REDIRECT] 
2026-05-05 22:28:26,538 [ERROR] LogOutputStream:75 - [STDERR_REDIRECT] [Fatal Error] :1:1: Premature end of file.
2026-05-05 22:28:26,538 [ERROR] LogOutputStream:75 - [STDERR_REDIRECT] 
2026-05-05 22:28:27,522 [ERROR] LogOutputStream:75 - [STDERR_REDIRECT] [Fatal Error] :1:1: Premature end of file.
2026-05-05 22:28:27,522 [ERROR] LogOutputStream:75 - [STDERR_REDIRECT] 
2026-05-05 22:28:28,526 [ERROR] LogOutputStream:75 - [STDERR_REDIRECT] [Fatal Error] :1:1: Premature end of file.
2026-05-05 22:28:28,526 [ERROR] LogOutputStream:75 - [STDERR_REDIRECT] 
2026-05-05 22:28:29,532 [ERROR] LogOutputStream:75 - [STDERR_REDIRECT] [Fatal Error] :1:1: Premature end of file.
2026-05-05 22:28:29,532 [ERROR] LogOutputStream:75 - [STDERR_REDIRECT] 
2026-05-05 22:28:30,529 [ERROR] LogOutputStream:75 - [STDERR_REDIRECT] [Fatal Error] :1:1: Premature end of file.
2026-05-05 22:28:30,529 [ERROR] LogOutputStream:75 - [STDERR_REDIRECT] 
2026-05-05 22:28:31,539 [ERROR] LogOutputStream:75 - [STDERR_REDIRECT] [Fatal Error] :1:1: Premature end of file.
2026-05-05 22:28:31,539 [ERROR] LogOutputStream:75 - [STDERR_REDIRECT] 
2026-05-05 22:28:32,532 [ERROR] LogOutputStream:75 - [STDERR_REDIRECT] [Fatal Error] :1:1: Premature end of file.
2026-05-05 22:28:32,533 [ERROR] LogOutputStream:75 - [STDERR_REDIRECT] 
2026-05-05 22:28:33,533 [ERROR] LogOutputStream:75 - [STDERR_REDIRECT] [Fatal Error] :1:1: Premature end of file.
2026-05-05 22:28:33,533 [ERROR] LogOutputStream:75 - [STDERR_REDIRECT] 
2026-05-05 22:28:34,529 [ERROR] LogOutputStream:75 - [STDERR_REDIRECT] [Fatal Error] :1:1: Premature end of file.
2026-05-05 22:28:34,529 [ERROR] LogOutputStream:75 - [STDERR_REDIRECT] 
2026-05-05 22:28:35,531 [ERROR] LogOutputStream:75 - [STDERR_REDIRECT] [Fatal Error] :1:1: Premature end of file.
2026-05-05 22:28:35,531 [ERROR] LogOutputStream:75 - [STDERR_REDIRECT] 
2026-05-05 22:28:36,520 [ERROR] LogOutputStream:75 - [STDERR_REDIRECT] [Fatal Error] :1:1: Premature end of file.
2026-05-05 22:28:36,520 [ERROR] LogOutputStream:75 - [STDERR_REDIRECT] 
2026-05-05 22:28:37,520 [ERROR] LogOutputStream:75 - [STDERR_REDIRECT] [Fatal Error] :1:1: Premature end of file.
2026-05-05 22:28:37,520 [ERROR] LogOutputStream:75 - [STDERR_REDIRECT] 
2026-05-05 22:28:38,536 [ERROR] LogOutputStream:75 - [STDERR_REDIRECT] [Fatal Error] :1:1: Premature end of file.
2026-05-05 22:28:38,537 [ERROR] LogOutputStream:75 - [STDERR_REDIRECT] 
2026-05-05 22:28:39,530 [ERROR] LogOutputStream:75 - [STDERR_REDIRECT] [Fatal Error] :1:1: Premature end of file.
2026-05-05 22:28:39,530 [ERROR] LogOutputStream:75 - [STDERR_REDIRECT] 
2026-05-05 22:28:40,524 [ERROR] LogOutputStream:75 - [STDERR_REDIRECT] [Fatal Error] :1:1: Premature end of file.
2026-05-05 22:28:40,524 [ERROR] LogOutputStream:75 - [STDERR_REDIRECT] 
2026-05-05 22:28:41,537 [ERROR] LogOutputStream:75 - [STDERR_REDIRECT] [Fatal Error] :1:1: Premature end of file.
2026-05-05 22:28:41,537 [ERROR] LogOutputStream:75 - [STDERR_REDIRECT] 
2026-05-05 22:28:42,523 [ERROR] LogOutputStream:75 - [STDERR_REDIRECT] [Fatal Error] :1:1: Premature end of file.
2026-05-05 22:28:42,523 [ERROR] LogOutputStream:75 - [STDERR_REDIRECT] 
2026-05-05 22:28:43,534 [ERROR] LogOutputStream:75 - [STDERR_REDIRECT] [Fatal Error] :1:1: Premature end of file.
2026-05-05 22:28:43,534 [ERROR] LogOutputStream:75 - [STDERR_REDIRECT] 
2026-05-05 22:28:44,527 [ERROR] LogOutputStream:75 - [STDERR_REDIRECT] [Fatal Error] :1:1: Premature end of file.
2026-05-05 22:28:44,528 [ERROR] LogOutputStream:75 - [STDERR_REDIRECT] 
2026-05-05 22:28:45,533 [ERROR] LogOutputStream:75 - [STDERR_REDIRECT] [Fatal Error] :1:1: Premature end of file.
2026-05-05 22:28:45,534 [ERROR] LogOutputStream:75 - [STDERR_REDIRECT] 
2026-05-05 22:28:46,533 [ERROR] LogOutputStream:75 - [STDERR_REDIRECT] [Fatal Error] :1:1: Premature end of file.
2026-05-05 22:28:46,533 [ERROR] LogOutputStream:75 - [STDERR_REDIRECT] 
2026-05-05 22:28:47,534 [ERROR] LogOutputStream:75 - [STDERR_REDIRECT] [Fatal Error] :1:1: Premature end of file.
2026-05-05 22:28:47,534 [ERROR] LogOutputStream:75 - [STDERR_REDIRECT] 
2026-05-05 22:28:48,525 [ERROR] LogOutputStream:75 - [STDERR_REDIRECT] [Fatal Error] :1:1: Premature end of file.
2026-05-05 22:28:48,526 [ERROR] LogOutputStream:75 - [STDERR_REDIRECT] 
2026-05-05 22:28:49,530 [ERROR] LogOutputStream:75 - [STDERR_REDIRECT] [Fatal Error] :1:1: Premature end of file.
2026-05-05 22:28:49,530 [ERROR] LogOutputStream:75 - [STDERR_REDIRECT] 
2026-05-05 22:28:50,527 [ERROR] LogOutputStream:75 - [STDERR_REDIRECT] [Fatal Error] :1:1: Premature end of file.
2026-05-05 22:28:50,528 [ERROR] LogOutputStream:75 - [STDERR_REDIRECT] 
2026-05-05 22:28:51,530 [ERROR] LogOutputStream:75 - [STDERR_REDIRECT] [Fatal Error] :1:1: Premature end of file.
2026-05-05 22:28:51,530 [ERROR] LogOutputStream:75 - [STDERR_REDIRECT] 
2026-05-05 22:28:52,531 [ERROR] LogOutputStream:75 - [STDERR_REDIRECT] [Fatal Error] :1:1: Premature end of file.
2026-05-05 22:28:52,532 [ERROR] LogOutputStream:75 - [STDERR_REDIRECT] 
2026-05-05 22:28:53,531 [ERROR] LogOutputStream:75 - [STDERR_REDIRECT] [Fatal Error] :1:1: Premature end of file.
2026-05-05 22:28:53,531 [ERROR] LogOutputStream:75 - [STDERR_REDIRECT] 
2026-05-05 22:28:54,530 [ERROR] LogOutputStream:75 - [STDERR_REDIRECT] [Fatal Error] :1:1: Premature end of file.
2026-05-05 22:28:54,530 [ERROR] LogOutputStream:75 - [STDERR_REDIRECT] 
2026-05-05 22:28:55,532 [ERROR] LogOutputStream:75 - [STDERR_REDIRECT] [Fatal Error] :1:1: Premature end of file.
2026-05-05 22:28:55,532 [ERROR] LogOutputStream:75 - [STDERR_REDIRECT] 
2026-05-05 22:28:56,543 [ERROR] LogOutputStream:75 - [STDERR_REDIRECT] [Fatal Error] :1:1: Premature end of file.
2026-05-05 22:28:56,543 [ERROR] LogOutputStream:75 - [STDERR_REDIRECT] 
2026-05-05 22:28:57,534 [ERROR] LogOutputStream:75 - [STDERR_REDIRECT] [Fatal Error] :1:1: Premature end of file.
2026-05-05 22:28:57,534 [ERROR] LogOutputStream:75 - [STDERR_REDIRECT] 
2026-05-05 22:28:58,540 [ERROR] LogOutputStream:75 - [STDERR_REDIRECT] [Fatal Error] :1:1: Premature end of file.
2026-05-05 22:28:58,541 [ERROR] LogOutputStream:75 - [STDERR_REDIRECT] 
2026-05-05 22:28:59,538 [ERROR] LogOutputStream:75 - [STDERR_REDIRECT] [Fatal Error] :1:1: Premature end of file.
2026-05-05 22:28:59,539 [ERROR] LogOutputStream:75 - [STDERR_REDIRECT] 
2026-05-05 22:29:00,540 [ERROR] LogOutputStream:75 - [STDERR_REDIRECT] [Fatal Error] :1:1: Premature end of file.
2026-05-05 22:29:00,541 [ERROR] LogOutputStream:75 - [STDERR_REDIRECT] 
2026-05-05 22:29:01,532 [ERROR] LogOutputStream:75 - [STDERR_REDIRECT] [Fatal Error] :1:1: Premature end of file.
2026-05-05 22:29:01,532 [ERROR] LogOutputStream:75 - [STDERR_REDIRECT] 
2026-05-05 22:29:02,528 [ERROR] LogOutputStream:75 - [STDERR_REDIRECT] [Fatal Error] :1:1: Premature end of file.
2026-05-05 22:29:02,528 [ERROR] LogOutputStream:75 - [STDERR_REDIRECT] 
2026-05-05 22:29:03,520 [ERROR] LogOutputStream:75 - [STDERR_REDIRECT] [Fatal Error] :1:1: Premature end of file.
2026-05-05 22:29:03,521 [ERROR] LogOutputStream:75 - [STDERR_REDIRECT] 
2026-05-05 22:29:04,526 [ERROR] LogOutputStream:75 - [STDERR_REDIRECT] [Fatal Error] :1:1: Premature end of file.
2026-05-05 22:29:04,526 [ERROR] LogOutputStream:75 - [STDERR_REDIRECT] 
2026-05-05 22:29:05,531 [ERROR] LogOutputStream:75 - [STDERR_REDIRECT] [Fatal Error] :1:1: Premature end of file.
2026-05-05 22:29:05,532 [ERROR] LogOutputStream:75 - [STDERR_REDIRECT] 
2026-05-05 22:29:06,535 [ERROR] LogOutputStream:75 - [STDERR_REDIRECT] [Fatal Error] :1:1: Premature end of file.
2026-05-05 22:29:06,535 [ERROR] LogOutputStream:75 - [STDERR_REDIRECT] 
2026-05-05 22:29:07,525 [ERROR] LogOutputStream:75 - [STDERR_REDIRECT] [Fatal Error] :1:1: Premature end of file.
2026-05-05 22:29:07,525 [ERROR] LogOutputStream:75 - [STDERR_REDIRECT] 
2026-05-05 22:29:08,527 [ERROR] LogOutputStream:75 - [STDERR_REDIRECT] [Fatal Error] :1:1: Premature end of file.
2026-05-05 22:29:08,527 [ERROR] LogOutputStream:75 - [STDERR_REDIRECT] 
2026-05-05 22:29:09,522 [ERROR] LogOutputStream:75 - [STDERR_REDIRECT] [Fatal Error] :1:1: Premature end of file.
2026-05-05 22:29:09,522 [ERROR] LogOutputStream:75 - [STDERR_REDIRECT] 
2026-05-05 22:29:10,515 [ERROR] LogOutputStream:75 - [STDERR_REDIRECT] [Fatal Error] :1:1: Premature end of file.
2026-05-05 22:29:10,515 [ERROR] LogOutputStream:75 - [STDERR_REDIRECT] 
2026-05-05 22:29:11,524 [ERROR] LogOutputStream:75 - [STDERR_REDIRECT] [Fatal Error] :1:1: Premature end of file.
2026-05-05 22:29:11,524 [ERROR] LogOutputStream:75 - [STDERR_REDIRECT] 
2026-05-05 22:29:12,547 [ERROR] LogOutputStream:75 - [STDERR_REDIRECT] [Fatal Error] :1:1: Premature end of file.
2026-05-05 22:29:12,547 [ERROR] LogOutputStream:75 - [STDERR_REDIRECT] 
2026-05-05 22:29:13,523 [ERROR] LogOutputStream:75 - [STDERR_REDIRECT] [Fatal Error] :1:1: Premature end of file.
2026-05-05 22:29:13,523 [ERROR] LogOutputStream:75 - [STDERR_REDIRECT] 
2026-05-05 22:29:14,532 [ERROR] LogOutputStream:75 - [STDERR_REDIRECT] [Fatal Error] :1:1: Premature end of file.
2026-05-05 22:29:14,532 [ERROR] LogOutputStream:75 - [STDERR_REDIRECT] 
2026-05-05 22:29:15,526 [ERROR] LogOutputStream:75 - [STDERR_REDIRECT] [Fatal Error] :1:1: Premature end of file.
2026-05-05 22:29:15,526 [ERROR] LogOutputStream:75 - [STDERR_REDIRECT] 
2026-05-05 22:29:16,528 [ERROR] LogOutputStream:75 - [STDERR_REDIRECT] [Fatal Error] :1:1: Premature end of file.
2026-05-05 22:29:16,529 [ERROR] LogOutputStream:75 - [STDERR_REDIRECT] 
2026-05-05 22:29:17,536 [ERROR] LogOutputStream:75 - [STDERR_REDIRECT] [Fatal Error] :1:1: Premature end of file.
2026-05-05 22:29:17,536 [ERROR] LogOutputStream:75 - [STDERR_REDIRECT] 
2026-05-05 22:29:18,526 [ERROR] LogOutputStream:75 - [STDERR_REDIRECT] [Fatal Error] :1:1: Premature end of file.
2026-05-05 22:29:18,526 [ERROR] LogOutputStream:75 - [STDERR_REDIRECT] 
2026-05-05 22:29:19,525 [ERROR] LogOutputStream:75 - [STDERR_REDIRECT] [Fatal Error] :1:1: Premature end of file.
2026-05-05 22:29:19,525 [ERROR] LogOutputStream:75 - [STDERR_REDIRECT] 
2026-05-05 22:29:20,537 [ERROR] LogOutputStream:75 - [STDERR_REDIRECT] [Fatal Error] :1:1: Premature end of file.
2026-05-05 22:29:20,537 [ERROR] LogOutputStream:75 - [STDERR_REDIRECT] 
2026-05-05 22:29:21,521 [ERROR] LogOutputStream:75 - [STDERR_REDIRECT] [Fatal Error] :1:1: Premature end of file.
2026-05-05 22:29:21,522 [ERROR] LogOutputStream:75 - [STDERR_REDIRECT] 
2026-05-05 22:29:22,527 [ERROR] LogOutputStream:75 - [STDERR_REDIRECT] [Fatal Error] :1:1: Premature end of file.
2026-05-05 22:29:22,527 [ERROR] LogOutputStream:75 - [STDERR_REDIRECT] 
2026-05-05 22:29:23,526 [ERROR] LogOutputStream:75 - [STDERR_REDIRECT] [Fatal Error] :1:1: Premature end of file.
2026-05-05 22:29:23,527 [ERROR] LogOutputStream:75 - [STDERR_REDIRECT] 
2026-05-05 22:29:24,529 [ERROR] LogOutputStream:75 - [STDERR_REDIRECT] [Fatal Error] :1:1: Premature end of file.
2026-05-05 22:29:24,529 [ERROR] LogOutputStream:75 - [STDERR_REDIRECT] 
2026-05-05 22:29:25,530 [ERROR] LogOutputStream:75 - [STDERR_REDIRECT] [Fatal Error] :1:1: Premature end of file.
2026-05-05 22:29:25,530 [ERROR] LogOutputStream:75 - [STDERR_REDIRECT] 
2026-05-05 22:29:26,537 [ERROR] LogOutputStream:75 - [STDERR_REDIRECT] [Fatal Error] :1:1: Premature end of file.
2026-05-05 22:29:26,537 [ERROR] LogOutputStream:75 - [STDERR_REDIRECT] 
2026-05-05 22:29:27,514 [ERROR] LogOutputStream:75 - [STDERR_REDIRECT] [Fatal Error] :1:1: Premature end of file.
2026-05-05 22:29:27,514 [ERROR] LogOutputStream:75 - [STDERR_REDIRECT] 
2026-05-05 22:29:28,535 [ERROR] LogOutputStream:75 - [STDERR_REDIRECT] [Fatal Error] :1:1: Premature end of file.
2026-05-05 22:29:28,536 [ERROR] LogOutputStream:75 - [STDERR_REDIRECT] 
2026-05-05 22:29:29,537 [ERROR] LogOutputStream:75 - [STDERR_REDIRECT] [Fatal Error] :1:1: Premature end of file.
2026-05-05 22:29:29,538 [ERROR] LogOutputStream:75 - [STDERR_REDIRECT] 
2026-05-05 22:29:30,542 [ERROR] LogOutputStream:75 - [STDERR_REDIRECT] [Fatal Error] :1:1: Premature end of file.
2026-05-05 22:29:30,543 [ERROR] LogOutputStream:75 - [STDERR_REDIRECT] 
2026-05-05 22:29:31,542 [ERROR] LogOutputStream:75 - [STDERR_REDIRECT] [Fatal Error] :1:1: Premature end of file.
2026-05-05 22:29:31,542 [ERROR] LogOutputStream:75 - [STDERR_REDIRECT] 
2026-05-05 22:29:32,543 [ERROR] LogOutputStream:75 - [STDERR_REDIRECT] [Fatal Error] :1:1: Premature end of file.
2026-05-05 22:29:32,544 [ERROR] LogOutputStream:75 - [STDERR_REDIRECT] 
2026-05-05 22:29:33,518 [ERROR] LogOutputStream:75 - [STDERR_REDIRECT] [Fatal Error] :1:1: Premature end of file.
2026-05-05 22:29:33,519 [ERROR] LogOutputStream:75 - [STDERR_REDIRECT] 
2026-05-05 22:29:34,531 [ERROR] LogOutputStream:75 - [STDERR_REDIRECT] [Fatal Error] :1:1: Premature end of file.
2026-05-05 22:29:34,532 [ERROR] LogOutputStream:75 - [STDERR_REDIRECT] 
2026-05-05 22:29:35,517 [ERROR] LogOutputStream:75 - [STDERR_REDIRECT] [Fatal Error] :1:1: Premature end of file.
2026-05-05 22:29:35,517 [ERROR] LogOutputStream:75 - [STDERR_REDIRECT] 
2026-05-05 22:29:36,519 [ERROR] LogOutputStream:75 - [STDERR_REDIRECT] [Fatal Error] :1:1: Premature end of file.
2026-05-05 22:29:36,519 [ERROR] LogOutputStream:75 - [STDERR_REDIRECT] 
2026-05-05 22:29:37,530 [ERROR] LogOutputStream:75 - [STDERR_REDIRECT] [Fatal Error] :1:1: Premature end of file.
2026-05-05 22:29:37,530 [ERROR] LogOutputStream:75 - [STDERR_REDIRECT] 
2026-05-05 22:29:38,537 [ERROR] LogOutputStream:75 - [STDERR_REDIRECT] [Fatal Error] :1:1: Premature end of file.
2026-05-05 22:29:38,538 [ERROR] LogOutputStream:75 - [STDERR_REDIRECT] 
2026-05-05 22:29:39,537 [ERROR] LogOutputStream:75 - [STDERR_REDIRECT] [Fatal Error] :1:1: Premature end of file.
2026-05-05 22:29:39,538 [ERROR] LogOutputStream:75 - [STDERR_REDIRECT] 
2026-05-05 22:29:40,526 [ERROR] LogOutputStream:75 - [STDERR_REDIRECT] [Fatal Error] :1:1: Premature end of file.
2026-05-05 22:29:40,526 [ERROR] LogOutputStream:75 - [STDERR_REDIRECT] 
2026-05-05 22:29:41,526 [ERROR] LogOutputStream:75 - [STDERR_REDIRECT] [Fatal Error] :1:1: Premature end of file.
2026-05-05 22:29:41,526 [ERROR] LogOutputStream:75 - [STDERR_REDIRECT] 
2026-05-05 22:29:42,531 [ERROR] LogOutputStream:75 - [STDERR_REDIRECT] [Fatal Error] :1:1: Premature end of file.
2026-05-05 22:29:42,533 [ERROR] LogOutputStream:75 - [STDERR_REDIRECT] 
2026-05-05 22:29:43,534 [ERROR] LogOutputStream:75 - [STDERR_REDIRECT] [Fatal Error] :1:1: Premature end of file.
2026-05-05 22:29:43,534 [ERROR] LogOutputStream:75 - [STDERR_REDIRECT] 
2026-05-05 22:29:44,534 [ERROR] LogOutputStream:75 - [STDERR_REDIRECT] [Fatal Error] :1:1: Premature end of file.
2026-05-05 22:29:44,534 [ERROR] LogOutputStream:75 - [STDERR_REDIRECT] 
2026-05-05 22:29:45,536 [ERROR] LogOutputStream:75 - [STDERR_REDIRECT] [Fatal Error] :1:1: Premature end of file.
2026-05-05 22:29:45,536 [ERROR] LogOutputStream:75 - [STDERR_REDIRECT] 
2026-05-05 22:29:46,512 [ERROR] LogOutputStream:75 - [STDERR_REDIRECT] [Fatal Error] :1:1: Premature end of file.
2026-05-05 22:29:46,512 [ERROR] LogOutputStream:75 - [STDERR_REDIRECT] 
2026-05-05 22:29:47,532 [ERROR] LogOutputStream:75 - [STDERR_REDIRECT] [Fatal Error] :1:1: Premature end of file.
2026-05-05 22:29:47,532 [ERROR] LogOutputStream:75 - [STDERR_REDIRECT] 
2026-05-05 22:29:48,535 [ERROR] LogOutputStream:75 - [STDERR_REDIRECT] [Fatal Error] :1:1: Premature end of file.
2026-05-05 22:29:48,535 [ERROR] LogOutputStream:75 - [STDERR_REDIRECT] 
2026-05-05 22:29:49,506 [ERROR] LogOutputStream:75 - [STDERR_REDIRECT] [Fatal Error] :1:1: Premature end of file.
2026-05-05 22:29:49,506 [ERROR] LogOutputStream:75 - [STDERR_REDIRECT] 
2026-05-05 22:29:50,521 [ERROR] LogOutputStream:75 - [STDERR_REDIRECT] [Fatal Error] :1:1: Premature end of file.
2026-05-05 22:29:50,521 [ERROR] LogOutputStream:75 - [STDERR_REDIRECT] 
2026-05-05 22:29:51,544 [ERROR] LogOutputStream:75 - [STDERR_REDIRECT] [Fatal Error] :1:1: Premature end of file.
2026-05-05 22:29:51,545 [ERROR] LogOutputStream:75 - [STDERR_REDIRECT] 
2026-05-05 22:29:52,533 [ERROR] LogOutputStream:75 - [STDERR_REDIRECT] [Fatal Error] :1:1: Premature end of file.
2026-05-05 22:29:52,534 [ERROR] LogOutputStream:75 - [STDERR_REDIRECT] 
2026-05-05 22:29:53,526 [ERROR] LogOutputStream:75 - [STDERR_REDIRECT] [Fatal Error] :1:1: Premature end of file.
2026-05-05 22:29:53,526 [ERROR] LogOutputStream:75 - [STDERR_REDIRECT] 
2026-05-05 22:29:54,532 [ERROR] LogOutputStream:75 - [STDERR_REDIRECT] [Fatal Error] :1:1: Premature end of file.
2026-05-05 22:29:54,532 [ERROR] LogOutputStream:75 - [STDERR_REDIRECT] 
2026-05-05 22:29:55,529 [ERROR] LogOutputStream:75 - [STDERR_REDIRECT] [Fatal Error] :1:1: Premature end of file.
2026-05-05 22:29:55,530 [ERROR] LogOutputStream:75 - [STDERR_REDIRECT] 
2026-05-05 22:29:56,537 [ERROR] LogOutputStream:75 - [STDERR_REDIRECT] [Fatal Error] :1:1: Premature end of file.
2026-05-05 22:29:56,537 [ERROR] LogOutputStream:75 - [STDERR_REDIRECT] 
2026-05-05 22:29:57,532 [ERROR] LogOutputStream:75 - [STDERR_REDIRECT] [Fatal Error] :1:1: Premature end of file.
2026-05-05 22:29:57,532 [ERROR] LogOutputStream:75 - [STDERR_REDIRECT] 
2026-05-05 22:29:58,532 [ERROR] LogOutputStream:75 - [STDERR_REDIRECT] [Fatal Error] :1:1: Premature end of file.
2026-05-05 22:29:58,533 [ERROR] LogOutputStream:75 - [STDERR_REDIRECT] 
2026-05-05 22:29:59,529 [ERROR] LogOutputStream:75 - [STDERR_REDIRECT] [Fatal Error] :1:1: Premature end of file.
2026-05-05 22:29:59,529 [ERROR] LogOutputStream:75 - [STDERR_REDIRECT] 
2026-05-05 22:30:00,530 [ERROR] LogOutputStream:75 - [STDERR_REDIRECT] [Fatal Error] :1:1: Premature end of file.
2026-05-05 22:30:00,530 [ERROR] LogOutputStream:75 - [STDERR_REDIRECT] 
2026-05-05 22:30:01,525 [ERROR] LogOutputStream:75 - [STDERR_REDIRECT] [Fatal Error] :1:1: Premature end of file.
2026-05-05 22:30:01,525 [ERROR] LogOutputStream:75 - [STDERR_REDIRECT] 
2026-05-05 22:30:02,527 [ERROR] LogOutputStream:75 - [STDERR_REDIRECT] [Fatal Error] :1:1: Premature end of file.
2026-05-05 22:30:02,527 [ERROR] LogOutputStream:75 - [STDERR_REDIRECT] 
2026-05-05 22:30:03,534 [ERROR] LogOutputStream:75 - [STDERR_REDIRECT] [Fatal Error] :1:1: Premature end of file.
2026-05-05 22:30:03,534 [ERROR] LogOutputStream:75 - [STDERR_REDIRECT] 
2026-05-05 22:30:04,520 [ERROR] LogOutputStream:75 - [STDERR_REDIRECT] [Fatal Error] :1:1: Premature end of file.
2026-05-05 22:30:04,520 [ERROR] LogOutputStream:75 - [STDERR_REDIRECT] 
2026-05-05 22:30:05,520 [ERROR] LogOutputStream:75 - [STDERR_REDIRECT] [Fatal Error] :1:1: Premature end of file.
2026-05-05 22:30:05,520 [ERROR] LogOutputStream:75 - [STDERR_REDIRECT] 
2026-05-05 22:30:06,536 [ERROR] LogOutputStream:75 - [STDERR_REDIRECT] [Fatal Error] :1:1: Premature end of file.
2026-05-05 22:30:06,536 [ERROR] LogOutputStream:75 - [STDERR_REDIRECT] 
2026-05-05 22:30:07,526 [ERROR] LogOutputStream:75 - [STDERR_REDIRECT] [Fatal Error] :1:1: Premature end of file.
2026-05-05 22:30:07,526 [ERROR] LogOutputStream:75 - [STDERR_REDIRECT] 
2026-05-05 22:30:08,528 [ERROR] LogOutputStream:75 - [STDERR_REDIRECT] [Fatal Error] :1:1: Premature end of file.
2026-05-05 22:30:08,529 [ERROR] LogOutputStream:75 - [STDERR_REDIRECT] 
2026-05-05 22:30:09,535 [ERROR] LogOutputStream:75 - [STDERR_REDIRECT] [Fatal Error] :1:1: Premature end of file.
2026-05-05 22:30:09,536 [ERROR] LogOutputStream:75 - [STDERR_REDIRECT] 
2026-05-05 22:30:10,545 [ERROR] LogOutputStream:75 - [STDERR_REDIRECT] [Fatal Error] :1:1: Premature end of file.
2026-05-05 22:30:10,545 [ERROR] LogOutputStream:75 - [STDERR_REDIRECT] 
2026-05-05 22:30:11,530 [ERROR] LogOutputStream:75 - [STDERR_REDIRECT] [Fatal Error] :1:1: Premature end of file.
2026-05-05 22:30:11,530 [ERROR] LogOutputStream:75 - [STDERR_REDIRECT] 
2026-05-05 22:30:12,529 [ERROR] LogOutputStream:75 - [STDERR_REDIRECT] [Fatal Error] :1:1: Premature end of file.
2026-05-05 22:30:12,530 [ERROR] LogOutputStream:75 - [STDERR_REDIRECT] 
2026-05-05 22:30:13,535 [ERROR] LogOutputStream:75 - [STDERR_REDIRECT] [Fatal Error] :1:1: Premature end of file.
2026-05-05 22:30:13,536 [ERROR] LogOutputStream:75 - [STDERR_REDIRECT] 
2026-05-05 22:30:14,535 [ERROR] LogOutputStream:75 - [STDERR_REDIRECT] [Fatal Error] :1:1: Premature end of file.
2026-05-05 22:30:14,535 [ERROR] LogOutputStream:75 - [STDERR_REDIRECT] 
2026-05-05 22:30:15,520 [ERROR] LogOutputStream:75 - [STDERR_REDIRECT] [Fatal Error] :1:1: Premature end of file.
2026-05-05 22:30:15,520 [ERROR] LogOutputStream:75 - [STDERR_REDIRECT] 
2026-05-05 22:30:16,536 [ERROR] LogOutputStream:75 - [STDERR_REDIRECT] [Fatal Error] :1:1: Premature end of file.
2026-05-05 22:30:16,536 [ERROR] LogOutputStream:75 - [STDERR_REDIRECT] 
2026-05-05 22:30:17,536 [ERROR] LogOutputStream:75 - [STDERR_REDIRECT] [Fatal Error] :1:1: Premature end of file.
2026-05-05 22:30:17,536 [ERROR] LogOutputStream:75 - [STDERR_REDIRECT] 
2026-05-05 22:30:18,534 [ERROR] LogOutputStream:75 - [STDERR_REDIRECT] [Fatal Error] :1:1: Premature end of file.
2026-05-05 22:30:18,535 [ERROR] LogOutputStream:75 - [STDERR_REDIRECT] 
2026-05-05 22:30:19,535 [ERROR] LogOutputStream:75 - [STDERR_REDIRECT] [Fatal Error] :1:1: Premature end of file.
2026-05-05 22:30:19,535 [ERROR] LogOutputStream:75 - [STDERR_REDIRECT] 
2026-05-05 22:30:20,534 [ERROR] LogOutputStream:75 - [STDERR_REDIRECT] [Fatal Error] :1:1: Premature end of file.
2026-05-05 22:30:20,534 [ERROR] LogOutputStream:75 - [STDERR_REDIRECT] 
2026-05-05 22:30:21,519 [ERROR] LogOutputStream:75 - [STDERR_REDIRECT] [Fatal Error] :1:1: Premature end of file.
2026-05-05 22:30:21,520 [ERROR] LogOutputStream:75 - [STDERR_REDIRECT] 
2026-05-05 22:30:22,518 [ERROR] LogOutputStream:75 - [STDERR_REDIRECT] [Fatal Error] :1:1: Premature end of file.
2026-05-05 22:30:22,519 [ERROR] LogOutputStream:75 - [STDERR_REDIRECT] 
2026-05-05 22:30:23,521 [ERROR] LogOutputStream:75 - [STDERR_REDIRECT] [Fatal Error] :1:1: Premature end of file.
2026-05-05 22:30:23,522 [ERROR] LogOutputStream:75 - [STDERR_REDIRECT] 
2026-05-05 22:30:24,518 [ERROR] LogOutputStream:75 - [STDERR_REDIRECT] [Fatal Error] :1:1: Premature end of file.
2026-05-05 22:30:24,518 [ERROR] LogOutputStream:75 - [STDERR_REDIRECT] 
2026-05-05 22:30:25,526 [ERROR] LogOutputStream:75 - [STDERR_REDIRECT] [Fatal Error] :1:1: Premature end of file.
2026-05-05 22:30:25,526 [ERROR] LogOutputStream:75 - [STDERR_REDIRECT] 
2026-05-05 22:30:26,536 [ERROR] LogOutputStream:75 - [STDERR_REDIRECT] [Fatal Error] :1:1: Premature end of file.
2026-05-05 22:30:26,536 [ERROR] LogOutputStream:75 - [STDERR_REDIRECT] 
2026-05-05 22:30:27,534 [ERROR] LogOutputStream:75 - [STDERR_REDIRECT] [Fatal Error] :1:1: Premature end of file.
2026-05-05 22:30:27,535 [ERROR] LogOutputStream:75 - [STDERR_REDIRECT] 
2026-05-05 22:30:28,536 [ERROR] LogOutputStream:75 - [STDERR_REDIRECT] [Fatal Error] :1:1: Premature end of file.
2026-05-05 22:30:28,536 [ERROR] LogOutputStream:75 - [STDERR_REDIRECT] 
2026-05-05 22:30:29,529 [ERROR] LogOutputStream:75 - [STDERR_REDIRECT] [Fatal Error] :1:1: Premature end of file.
2026-05-05 22:30:29,530 [ERROR] LogOutputStream:75 - [STDERR_REDIRECT] 
2026-05-05 22:30:30,521 [ERROR] LogOutputStream:75 - [STDERR_REDIRECT] [Fatal Error] :1:1: Premature end of file.
2026-05-05 22:30:30,521 [ERROR] LogOutputStream:75 - [STDERR_REDIRECT] 
2026-05-05 22:30:31,520 [ERROR] LogOutputStream:75 - [STDERR_REDIRECT] [Fatal Error] :1:1: Premature end of file.
2026-05-05 22:30:31,520 [ERROR] LogOutputStream:75 - [STDERR_REDIRECT] 
2026-05-05 22:30:32,538 [ERROR] LogOutputStream:75 - [STDERR_REDIRECT] [Fatal Error] :1:1: Premature end of file.
2026-05-05 22:30:32,538 [ERROR] LogOutputStream:75 - [STDERR_REDIRECT] 
2026-05-05 22:30:33,528 [ERROR] LogOutputStream:75 - [STDERR_REDIRECT] [Fatal Error] :1:1: Premature end of file.
2026-05-05 22:30:33,528 [ERROR] LogOutputStream:75 - [STDERR_REDIRECT] 
2026-05-05 22:30:34,526 [ERROR] LogOutputStream:75 - [STDERR_REDIRECT] [Fatal Error] :1:1: Premature end of file.
2026-05-05 22:30:34,527 [ERROR] LogOutputStream:75 - [STDERR_REDIRECT] 
2026-05-05 22:30:35,524 [ERROR] LogOutputStream:75 - [STDERR_REDIRECT] [Fatal Error] :1:1: Premature end of file.
2026-05-05 22:30:35,524 [ERROR] LogOutputStream:75 - [STDERR_REDIRECT] 
2026-05-05 22:30:36,532 [ERROR] LogOutputStream:75 - [STDERR_REDIRECT] [Fatal Error] :1:1: Premature end of file.
2026-05-05 22:30:36,533 [ERROR] LogOutputStream:75 - [STDERR_REDIRECT] 
2026-05-05 22:30:37,540 [ERROR] LogOutputStream:75 - [STDERR_REDIRECT] [Fatal Error] :1:1: Premature end of file.
2026-05-05 22:30:37,541 [ERROR] LogOutputStream:75 - [STDERR_REDIRECT] 
2026-05-05 22:30:38,532 [ERROR] LogOutputStream:75 - [STDERR_REDIRECT] [Fatal Error] :1:1: Premature end of file.
2026-05-05 22:30:38,532 [ERROR] LogOutputStream:75 - [STDERR_REDIRECT] 
2026-05-05 22:30:39,522 [ERROR] LogOutputStream:75 - [STDERR_REDIRECT] [Fatal Error] :1:1: Premature end of file.
2026-05-05 22:30:39,522 [ERROR] LogOutputStream:75 - [STDERR_REDIRECT] 
2026-05-05 22:30:40,533 [ERROR] LogOutputStream:75 - [STDERR_REDIRECT] [Fatal Error] :1:1: Premature end of file.
2026-05-05 22:30:40,533 [ERROR] LogOutputStream:75 - [STDERR_REDIRECT] 
2026-05-05 22:30:41,519 [ERROR] LogOutputStream:75 - [STDERR_REDIRECT] [Fatal Error] :1:1: Premature end of file.
2026-05-05 22:30:41,519 [ERROR] LogOutputStream:75 - [STDERR_REDIRECT] 
2026-05-05 22:30:42,532 [ERROR] LogOutputStream:75 - [STDERR_REDIRECT] [Fatal Error] :1:1: Premature end of file.
2026-05-05 22:30:42,533 [ERROR] LogOutputStream:75 - [STDERR_REDIRECT] 
2026-05-05 22:30:43,530 [ERROR] LogOutputStream:75 - [STDERR_REDIRECT] [Fatal Error] :1:1: Premature end of file.
2026-05-05 22:30:43,530 [ERROR] LogOutputStream:75 - [STDERR_REDIRECT] 
2026-05-05 22:30:44,524 [ERROR] LogOutputStream:75 - [STDERR_REDIRECT] [Fatal Error] :1:1: Premature end of file.
2026-05-05 22:30:44,524 [ERROR] LogOutputStream:75 - [STDERR_REDIRECT] 
2026-05-05 22:30:45,524 [ERROR] LogOutputStream:75 - [STDERR_REDIRECT] [Fatal Error] :1:1: Premature end of file.
2026-05-05 22:30:45,525 [ERROR] LogOutputStream:75 - [STDERR_REDIRECT] 
2026-05-05 22:30:46,536 [ERROR] LogOutputStream:75 - [STDERR_REDIRECT] [Fatal Error] :1:1: Premature end of file.
2026-05-05 22:30:46,536 [ERROR] LogOutputStream:75 - [STDERR_REDIRECT] 
2026-05-05 22:30:47,531 [ERROR] LogOutputStream:75 - [STDERR_REDIRECT] [Fatal Error] :1:1: Premature end of file.
2026-05-05 22:30:47,531 [ERROR] LogOutputStream:75 - [STDERR_REDIRECT] 
2026-05-05 22:30:48,531 [ERROR] LogOutputStream:75 - [STDERR_REDIRECT] [Fatal Error] :1:1: Premature end of file.
2026-05-05 22:30:48,531 [ERROR] LogOutputStream:75 - [STDERR_REDIRECT] 
2026-05-05 22:30:49,535 [ERROR] LogOutputStream:75 - [STDERR_REDIRECT] [Fatal Error] :1:1: Premature end of file.
2026-05-05 22:30:49,535 [ERROR] LogOutputStream:75 - [STDERR_REDIRECT] 
2026-05-05 22:30:50,534 [ERROR] LogOutputStream:75 - [STDERR_REDIRECT] [Fatal Error] :1:1: Premature end of file.
2026-05-05 22:30:50,535 [ERROR] LogOutputStream:75 - [STDERR_REDIRECT] 
2026-05-05 22:30:51,534 [ERROR] LogOutputStream:75 - [STDERR_REDIRECT] [Fatal Error] :1:1: Premature end of file.
2026-05-05 22:30:51,534 [ERROR] LogOutputStream:75 - [STDERR_REDIRECT] 
2026-05-05 22:30:52,533 [ERROR] LogOutputStream:75 - [STDERR_REDIRECT] [Fatal Error] :1:1: Premature end of file.
2026-05-05 22:30:52,533 [ERROR] LogOutputStream:75 - [STDERR_REDIRECT] 
2026-05-05 22:30:53,529 [ERROR] LogOutputStream:75 - [STDERR_REDIRECT] [Fatal Error] :1:1: Premature end of file.
2026-05-05 22:30:53,529 [ERROR] LogOutputStream:75 - [STDERR_REDIRECT] 
2026-05-05 22:30:54,517 [ERROR] LogOutputStream:75 - [STDERR_REDIRECT] [Fatal Error] :1:1: Premature end of file.
2026-05-05 22:30:54,517 [ERROR] LogOutputStream:75 - [STDERR_REDIRECT] 
2026-05-05 22:30:55,532 [ERROR] LogOutputStream:75 - [STDERR_REDIRECT] [Fatal Error] :1:1: Premature end of file.
2026-05-05 22:30:55,532 [ERROR] LogOutputStream:75 - [STDERR_REDIRECT] 
2026-05-05 22:30:56,534 [ERROR] LogOutputStream:75 - [STDERR_REDIRECT] [Fatal Error] :1:1: Premature end of file.
2026-05-05 22:30:56,534 [ERROR] LogOutputStream:75 - [STDERR_REDIRECT] 
2026-05-05 22:30:57,533 [ERROR] LogOutputStream:75 - [STDERR_REDIRECT] [Fatal Error] :1:1: Premature end of file.
2026-05-05 22:30:57,534 [ERROR] LogOutputStream:75 - [STDERR_REDIRECT] 
2026-05-05 22:30:58,524 [ERROR] LogOutputStream:75 - [STDERR_REDIRECT] [Fatal Error] :1:1: Premature end of file.
2026-05-05 22:30:58,525 [ERROR] LogOutputStream:75 - [STDERR_REDIRECT] 
2026-05-05 22:30:59,532 [ERROR] LogOutputStream:75 - [STDERR_REDIRECT] [Fatal Error] :1:1: Premature end of file.
2026-05-05 22:30:59,532 [ERROR] LogOutputStream:75 - [STDERR_REDIRECT] 
2026-05-05 22:31:00,530 [ERROR] LogOutputStream:75 - [STDERR_REDIRECT] [Fatal Error] :1:1: Premature end of file.
2026-05-05 22:31:00,531 [ERROR] LogOutputStream:75 - [STDERR_REDIRECT] 
2026-05-05 22:31:01,528 [ERROR] LogOutputStream:75 - [STDERR_REDIRECT] [Fatal Error] :1:1: Premature end of file.
2026-05-05 22:31:01,528 [ERROR] LogOutputStream:75 - [STDERR_REDIRECT] 
2026-05-05 22:31:02,519 [ERROR] LogOutputStream:75 - [STDERR_REDIRECT] [Fatal Error] :1:1: Premature end of file.
2026-05-05 22:31:02,519 [ERROR] LogOutputStream:75 - [STDERR_REDIRECT] 
2026-05-05 22:31:03,535 [ERROR] LogOutputStream:75 - [STDERR_REDIRECT] [Fatal Error] :1:1: Premature end of file.
2026-05-05 22:31:03,535 [ERROR] LogOutputStream:75 - [STDERR_REDIRECT] 
2026-05-05 22:31:04,508 [ERROR] LogOutputStream:75 - [STDERR_REDIRECT] [Fatal Error] :1:1: Premature end of file.
2026-05-05 22:31:04,508 [ERROR] LogOutputStream:75 - [STDERR_REDIRECT] 
2026-05-05 22:31:05,533 [ERROR] LogOutputStream:75 - [STDERR_REDIRECT] [Fatal Error] :1:1: Premature end of file.
2026-05-05 22:31:05,535 [ERROR] LogOutputStream:75 - [STDERR_REDIRECT] 
2026-05-05 22:31:06,535 [ERROR] LogOutputStream:75 - [STDERR_REDIRECT] [Fatal Error] :1:1: Premature end of file.
2026-05-05 22:31:06,535 [ERROR] LogOutputStream:75 - [STDERR_REDIRECT] 
2026-05-05 22:31:07,531 [ERROR] LogOutputStream:75 - [STDERR_REDIRECT] [Fatal Error] :1:1: Premature end of file.
2026-05-05 22:31:07,532 [ERROR] LogOutputStream:75 - [STDERR_REDIRECT] 
2026-05-05 22:31:08,537 [ERROR] LogOutputStream:75 - [STDERR_REDIRECT] [Fatal Error] :1:1: Premature end of file.
2026-05-05 22:31:08,537 [ERROR] LogOutputStream:75 - [STDERR_REDIRECT] 
2026-05-05 22:31:09,531 [ERROR] LogOutputStream:75 - [STDERR_REDIRECT] [Fatal Error] :1:1: Premature end of file.
2026-05-05 22:31:09,531 [ERROR] LogOutputStream:75 - [STDERR_REDIRECT] 
2026-05-05 22:31:10,534 [ERROR] LogOutputStream:75 - [STDERR_REDIRECT] [Fatal Error] :1:1: Premature end of file.
2026-05-05 22:31:10,535 [ERROR] LogOutputStream:75 - [STDERR_REDIRECT] 
2026-05-05 22:31:11,536 [ERROR] LogOutputStream:75 - [STDERR_REDIRECT] [Fatal Error] :1:1: Premature end of file.
2026-05-05 22:31:11,537 [ERROR] LogOutputStream:75 - [STDERR_REDIRECT] 
2026-05-05 22:31:12,525 [ERROR] LogOutputStream:75 - [STDERR_REDIRECT] [Fatal Error] :1:1: Premature end of file.
2026-05-05 22:31:12,525 [ERROR] LogOutputStream:75 - [STDERR_REDIRECT] 
2026-05-05 22:31:13,530 [ERROR] LogOutputStream:75 - [STDERR_REDIRECT] [Fatal Error] :1:1: Premature end of file.
2026-05-05 22:31:13,531 [ERROR] LogOutputStream:75 - [STDERR_REDIRECT] 
2026-05-05 22:31:14,511 [ERROR] LogOutputStream:75 - [STDERR_REDIRECT] [Fatal Error] :1:1: Premature end of file.
2026-05-05 22:31:14,511 [ERROR] LogOutputStream:75 - [STDERR_REDIRECT] 
2026-05-05 22:31:15,538 [ERROR] LogOutputStream:75 - [STDERR_REDIRECT] [Fatal Error] :1:1: Premature end of file.
2026-05-05 22:31:15,539 [ERROR] LogOutputStream:75 - [STDERR_REDIRECT] 
2026-05-05 22:31:16,543 [ERROR] LogOutputStream:75 - [STDERR_REDIRECT] [Fatal Error] :1:1: Premature end of file.
2026-05-05 22:31:16,543 [ERROR] LogOutputStream:75 - [STDERR_REDIRECT] 
2026-05-05 22:31:17,535 [ERROR] LogOutputStream:75 - [STDERR_REDIRECT] [Fatal Error] :1:1: Premature end of file.
2026-05-05 22:31:17,536 [ERROR] LogOutputStream:75 - [STDERR_REDIRECT] 
2026-05-05 22:31:18,525 [ERROR] LogOutputStream:75 - [STDERR_REDIRECT] [Fatal Error] :1:1: Premature end of file.
2026-05-05 22:31:18,526 [ERROR] LogOutputStream:75 - [STDERR_REDIRECT] 
2026-05-05 22:31:19,535 [ERROR] LogOutputStream:75 - [STDERR_REDIRECT] [Fatal Error] :1:1: Premature end of file.
2026-05-05 22:31:19,535 [ERROR] LogOutputStream:75 - [STDERR_REDIRECT] 
2026-05-05 22:31:20,524 [ERROR] LogOutputStream:75 - [STDERR_REDIRECT] [Fatal Error] :1:1: Premature end of file.
2026-05-05 22:31:20,526 [ERROR] LogOutputStream:75 - [STDERR_REDIRECT] 
2026-05-05 22:31:21,539 [ERROR] LogOutputStream:75 - [STDERR_REDIRECT] [Fatal Error] :1:1: Premature end of file.
2026-05-05 22:31:21,539 [ERROR] LogOutputStream:75 - [STDERR_REDIRECT] 
2026-05-05 22:31:22,524 [ERROR] LogOutputStream:75 - [STDERR_REDIRECT] [Fatal Error] :1:1: Premature end of file.
2026-05-05 22:31:22,525 [ERROR] LogOutputStream:75 - [STDERR_REDIRECT] 
2026-05-05 22:31:23,534 [ERROR] LogOutputStream:75 - [STDERR_REDIRECT] [Fatal Error] :1:1: Premature end of file.
2026-05-05 22:31:23,534 [ERROR] LogOutputStream:75 - [STDERR_REDIRECT] 
2026-05-05 22:31:24,527 [ERROR] LogOutputStream:75 - [STDERR_REDIRECT] [Fatal Error] :1:1: Premature end of file.
2026-05-05 22:31:24,527 [ERROR] LogOutputStream:75 - [STDERR_REDIRECT] 
2026-05-05 22:31:25,527 [ERROR] LogOutputStream:75 - [STDERR_REDIRECT] [Fatal Error] :1:1: Premature end of file.
2026-05-05 22:31:25,527 [ERROR] LogOutputStream:75 - [STDERR_REDIRECT] 
2026-05-05 22:31:26,522 [ERROR] LogOutputStream:75 - [STDERR_REDIRECT] [Fatal Error] :1:1: Premature end of file.
2026-05-05 22:31:26,523 [ERROR] LogOutputStream:75 - [STDERR_REDIRECT] 
2026-05-05 22:31:27,531 [ERROR] LogOutputStream:75 - [STDERR_REDIRECT] [Fatal Error] :1:1: Premature end of file.
2026-05-05 22:31:27,532 [ERROR] LogOutputStream:75 - [STDERR_REDIRECT] 
2026-05-05 22:31:28,533 [ERROR] LogOutputStream:75 - [STDERR_REDIRECT] [Fatal Error] :1:1: Premature end of file.
2026-05-05 22:31:28,533 [ERROR] LogOutputStream:75 - [STDERR_REDIRECT] 
2026-05-05 22:31:29,531 [ERROR] LogOutputStream:75 - [STDERR_REDIRECT] [Fatal Error] :1:1: Premature end of file.
2026-05-05 22:31:29,532 [ERROR] LogOutputStream:75 - [STDERR_REDIRECT] 
2026-05-05 22:31:30,535 [ERROR] LogOutputStream:75 - [STDERR_REDIRECT] [Fatal Error] :1:1: Premature end of file.
2026-05-05 22:31:30,535 [ERROR] LogOutputStream:75 - [STDERR_REDIRECT] 
2026-05-05 22:31:31,523 [ERROR] LogOutputStream:75 - [STDERR_REDIRECT] [Fatal Error] :1:1: Premature end of file.
2026-05-05 22:31:31,523 [ERROR] LogOutputStream:75 - [STDERR_REDIRECT] 
2026-05-05 22:31:32,518 [ERROR] LogOutputStream:75 - [STDERR_REDIRECT] [Fatal Error] :1:1: Premature end of file.
2026-05-05 22:31:32,519 [ERROR] LogOutputStream:75 - [STDERR_REDIRECT] 
2026-05-05 22:31:33,524 [ERROR] LogOutputStream:75 - [STDERR_REDIRECT] [Fatal Error] :1:1: Premature end of file.
2026-05-05 22:31:33,524 [ERROR] LogOutputStream:75 - [STDERR_REDIRECT] 
2026-05-05 22:31:34,522 [ERROR] LogOutputStream:75 - [STDERR_REDIRECT] [Fatal Error] :1:1: Premature end of file.
2026-05-05 22:31:34,522 [ERROR] LogOutputStream:75 - [STDERR_REDIRECT] 
2026-05-05 22:31:35,517 [ERROR] LogOutputStream:75 - [STDERR_REDIRECT] [Fatal Error] :1:1: Premature end of file.
2026-05-05 22:31:35,518 [ERROR] LogOutputStream:75 - [STDERR_REDIRECT] 
2026-05-05 22:31:36,550 [ERROR] LogOutputStream:75 - [STDERR_REDIRECT] [Fatal Error] :1:1: Premature end of file.
2026-05-05 22:31:36,551 [ERROR] LogOutputStream:75 - [STDERR_REDIRECT] 
2026-05-05 22:31:37,556 [ERROR] LogOutputStream:75 - [STDERR_REDIRECT] [Fatal Error] :1:1: Premature end of file.
2026-05-05 22:31:37,556 [ERROR] LogOutputStream:75 - [STDERR_REDIRECT] 
2026-05-05 22:31:38,534 [ERROR] LogOutputStream:75 - [STDERR_REDIRECT] [Fatal Error] :1:1: Premature end of file.
2026-05-05 22:31:38,534 [ERROR] LogOutputStream:75 - [STDERR_REDIRECT] 
2026-05-05 22:31:39,535 [ERROR] LogOutputStream:75 - [STDERR_REDIRECT] [Fatal Error] :1:1: Premature end of file.
2026-05-05 22:31:39,535 [ERROR] LogOutputStream:75 - [STDERR_REDIRECT] 
2026-05-05 22:31:40,530 [ERROR] LogOutputStream:75 - [STDERR_REDIRECT] [Fatal Error] :1:1: Premature end of file.
2026-05-05 22:31:40,531 [ERROR] LogOutputStream:75 - [STDERR_REDIRECT] 
2026-05-05 22:31:41,533 [ERROR] LogOutputStream:75 - [STDERR_REDIRECT] [Fatal Error] :1:1: Premature end of file.
2026-05-05 22:31:41,533 [ERROR] LogOutputStream:75 - [STDERR_REDIRECT] 
2026-05-05 22:31:42,530 [ERROR] LogOutputStream:75 - [STDERR_REDIRECT] [Fatal Error] :1:1: Premature end of file.
2026-05-05 22:31:42,530 [ERROR] LogOutputStream:75 - [STDERR_REDIRECT] 
2026-05-05 22:31:43,534 [ERROR] LogOutputStream:75 - [STDERR_REDIRECT] [Fatal Error] :1:1: Premature end of file.
2026-05-05 22:31:43,535 [ERROR] LogOutputStream:75 - [STDERR_REDIRECT] 
2026-05-05 22:31:44,534 [ERROR] LogOutputStream:75 - [STDERR_REDIRECT] [Fatal Error] :1:1: Premature end of file.
2026-05-05 22:31:44,534 [ERROR] LogOutputStream:75 - [STDERR_REDIRECT] 
2026-05-05 22:31:45,531 [ERROR] LogOutputStream:75 - [STDERR_REDIRECT] [Fatal Error] :1:1: Premature end of file.
2026-05-05 22:31:45,532 [ERROR] LogOutputStream:75 - [STDERR_REDIRECT] 
2026-05-05 22:31:46,520 [ERROR] LogOutputStream:75 - [STDERR_REDIRECT] [Fatal Error] :1:1: Premature end of file.
2026-05-05 22:31:46,520 [ERROR] LogOutputStream:75 - [STDERR_REDIRECT] 
2026-05-05 22:31:47,531 [ERROR] LogOutputStream:75 - [STDERR_REDIRECT] [Fatal Error] :1:1: Premature end of file.
2026-05-05 22:31:47,531 [ERROR] LogOutputStream:75 - [STDERR_REDIRECT] 
2026-05-05 22:31:48,527 [ERROR] LogOutputStream:75 - [STDERR_REDIRECT] [Fatal Error] :1:1: Premature end of file.
2026-05-05 22:31:48,528 [ERROR] LogOutputStream:75 - [STDERR_REDIRECT] 
2026-05-05 22:31:49,519 [ERROR] LogOutputStream:75 - [STDERR_REDIRECT] [Fatal Error] :1:1: Premature end of file.
2026-05-05 22:31:49,519 [ERROR] LogOutputStream:75 - [STDERR_REDIRECT] 
2026-05-05 22:31:50,520 [ERROR] LogOutputStream:75 - [STDERR_REDIRECT] [Fatal Error] :1:1: Premature end of file.
2026-05-05 22:31:50,520 [ERROR] LogOutputStream:75 - [STDERR_REDIRECT] 
2026-05-05 22:31:51,521 [ERROR] LogOutputStream:75 - [STDERR_REDIRECT] [Fatal Error] :1:1: Premature end of file.
2026-05-05 22:31:51,522 [ERROR] LogOutputStream:75 - [STDERR_REDIRECT] 
2026-05-05 22:31:52,523 [ERROR] LogOutputStream:75 - [STDERR_REDIRECT] [Fatal Error] :1:1: Premature end of file.
2026-05-05 22:31:52,523 [ERROR] LogOutputStream:75 - [STDERR_REDIRECT] 
2026-05-05 22:31:53,530 [ERROR] LogOutputStream:75 - [STDERR_REDIRECT] [Fatal Error] :1:1: Premature end of file.
2026-05-05 22:31:53,530 [ERROR] LogOutputStream:75 - [STDERR_REDIRECT] 
2026-05-05 22:31:54,532 [ERROR] LogOutputStream:75 - [STDERR_REDIRECT] [Fatal Error] :1:1: Premature end of file.
2026-05-05 22:31:54,532 [ERROR] LogOutputStream:75 - [STDERR_REDIRECT] 
2026-05-05 22:31:55,532 [ERROR] LogOutputStream:75 - [STDERR_REDIRECT] [Fatal Error] :1:1: Premature end of file.
2026-05-05 22:31:55,532 [ERROR] LogOutputStream:75 - [STDERR_REDIRECT] 
2026-05-05 22:31:56,530 [ERROR] LogOutputStream:75 - [STDERR_REDIRECT] [Fatal Error] :1:1: Premature end of file.
2026-05-05 22:31:56,530 [ERROR] LogOutputStream:75 - [STDERR_REDIRECT] 
2026-05-05 22:31:57,533 [ERROR] LogOutputStream:75 - [STDERR_REDIRECT] [Fatal Error] :1:1: Premature end of file.
2026-05-05 22:31:57,534 [ERROR] LogOutputStream:75 - [STDERR_REDIRECT] 
2026-05-05 22:31:58,520 [ERROR] LogOutputStream:75 - [STDERR_REDIRECT] [Fatal Error] :1:1: Premature end of file.
2026-05-05 22:31:58,520 [ERROR] LogOutputStream:75 - [STDERR_REDIRECT] 
2026-05-05 22:31:59,525 [ERROR] LogOutputStream:75 - [STDERR_REDIRECT] [Fatal Error] :1:1: Premature end of file.
2026-05-05 22:31:59,526 [ERROR] LogOutputStream:75 - [STDERR_REDIRECT] 
2026-05-05 22:32:00,506 [ERROR] LogOutputStream:75 - [STDERR_REDIRECT] [Fatal Error] :1:1: Premature end of file.
2026-05-05 22:32:00,507 [ERROR] LogOutputStream:75 - [STDERR_REDIRECT] 
2026-05-05 22:32:01,532 [ERROR] LogOutputStream:75 - [STDERR_REDIRECT] [Fatal Error] :1:1: Premature end of file.
2026-05-05 22:32:01,532 [ERROR] LogOutputStream:75 - [STDERR_REDIRECT] 
2026-05-05 22:32:02,534 [ERROR] LogOutputStream:75 - [STDERR_REDIRECT] [Fatal Error] :1:1: Premature end of file.
2026-05-05 22:32:02,534 [ERROR] LogOutputStream:75 - [STDERR_REDIRECT] 
2026-05-05 22:32:03,511 [ERROR] LogOutputStream:75 - [STDERR_REDIRECT] [Fatal Error] :1:1: Premature end of file.
2026-05-05 22:32:03,511 [ERROR] LogOutputStream:75 - [STDERR_REDIRECT] 
2026-05-05 22:32:04,536 [ERROR] LogOutputStream:75 - [STDERR_REDIRECT] [Fatal Error] :1:1: Premature end of file.
2026-05-05 22:32:04,536 [ERROR] LogOutputStream:75 - [STDERR_REDIRECT] 
2026-05-05 22:32:05,523 [ERROR] LogOutputStream:75 - [STDERR_REDIRECT] [Fatal Error] :1:1: Premature end of file.
2026-05-05 22:32:05,523 [ERROR] LogOutputStream:75 - [STDERR_REDIRECT] 
2026-05-05 22:32:06,522 [ERROR] LogOutputStream:75 - [STDERR_REDIRECT] [Fatal Error] :1:1: Premature end of file.
2026-05-05 22:32:06,522 [ERROR] LogOutputStream:75 - [STDERR_REDIRECT] 
2026-05-05 22:32:07,508 [ERROR] LogOutputStream:75 - [STDERR_REDIRECT] [Fatal Error] :1:1: Premature end of file.
2026-05-05 22:32:07,508 [ERROR] LogOutputStream:75 - [STDERR_REDIRECT] 
2026-05-05 22:32:08,508 [ERROR] LogOutputStream:75 - [STDERR_REDIRECT] [Fatal Error] :1:1: Premature end of file.
2026-05-05 22:32:08,509 [ERROR] LogOutputStream:75 - [STDERR_REDIRECT] 
2026-05-05 22:32:09,520 [ERROR] LogOutputStream:75 - [STDERR_REDIRECT] [Fatal Error] :1:1: Premature end of file.
2026-05-05 22:32:09,520 [ERROR] LogOutputStream:75 - [STDERR_REDIRECT] 
2026-05-05 22:32:10,535 [ERROR] LogOutputStream:75 - [STDERR_REDIRECT] [Fatal Error] :1:1: Premature end of file.
2026-05-05 22:32:10,535 [ERROR] LogOutputStream:75 - [STDERR_REDIRECT] 
2026-05-05 22:32:11,513 [ERROR] LogOutputStream:75 - [STDERR_REDIRECT] [Fatal Error] :1:1: Premature end of file.
2026-05-05 22:32:11,514 [ERROR] LogOutputStream:75 - [STDERR_REDIRECT] 
2026-05-05 22:32:12,523 [ERROR] LogOutputStream:75 - [STDERR_REDIRECT] [Fatal Error] :1:1: Premature end of file.
2026-05-05 22:32:12,523 [ERROR] LogOutputStream:75 - [STDERR_REDIRECT] 
2026-05-05 22:32:13,556 [ERROR] LogOutputStream:75 - [STDERR_REDIRECT] [Fatal Error] :1:1: Premature end of file.
2026-05-05 22:32:13,557 [ERROR] LogOutputStream:75 - [STDERR_REDIRECT] 
2026-05-05 22:32:14,559 [ERROR] LogOutputStream:75 - [STDERR_REDIRECT] [Fatal Error] :1:1: Premature end of file.
2026-05-05 22:32:14,560 [ERROR] LogOutputStream:75 - [STDERR_REDIRECT] 
2026-05-05 22:32:15,517 [ERROR] LogOutputStream:75 - [STDERR_REDIRECT] [Fatal Error] :1:1: Premature end of file.
2026-05-05 22:32:15,517 [ERROR] LogOutputStream:75 - [STDERR_REDIRECT] 
2026-05-05 22:32:16,531 [ERROR] LogOutputStream:75 - [STDERR_REDIRECT] [Fatal Error] :1:1: Premature end of file.
2026-05-05 22:32:16,532 [ERROR] LogOutputStream:75 - [STDERR_REDIRECT] 
2026-05-05 22:32:17,526 [ERROR] LogOutputStream:75 - [STDERR_REDIRECT] [Fatal Error] :1:1: Premature end of file.
2026-05-05 22:32:17,526 [ERROR] LogOutputStream:75 - [STDERR_REDIRECT] 
2026-05-05 22:32:18,531 [ERROR] LogOutputStream:75 - [STDERR_REDIRECT] [Fatal Error] :1:1: Premature end of file.
2026-05-05 22:32:18,532 [ERROR] LogOutputStream:75 - [STDERR_REDIRECT] 
2026-05-05 22:32:19,546 [ERROR] LogOutputStream:75 - [STDERR_REDIRECT] [Fatal Error] :1:1: Premature end of file.
2026-05-05 22:32:19,546 [ERROR] LogOutputStream:75 - [STDERR_REDIRECT] 
2026-05-05 22:32:20,540 [ERROR] LogOutputStream:75 - [STDERR_REDIRECT] [Fatal Error] :1:1: Premature end of file.
2026-05-05 22:32:20,541 [ERROR] LogOutputStream:75 - [STDERR_REDIRECT] 
2026-05-05 22:32:21,534 [ERROR] LogOutputStream:75 - [STDERR_REDIRECT] [Fatal Error] :1:1: Premature end of file.
2026-05-05 22:32:21,535 [ERROR] LogOutputStream:75 - [STDERR_REDIRECT] 
2026-05-05 22:32:22,522 [ERROR] LogOutputStream:75 - [STDERR_REDIRECT] [Fatal Error] :1:1: Premature end of file.
2026-05-05 22:32:22,523 [ERROR] LogOutputStream:75 - [STDERR_REDIRECT] 
2026-05-05 22:32:23,539 [ERROR] LogOutputStream:75 - [STDERR_REDIRECT] [Fatal Error] :1:1: Premature end of file.
2026-05-05 22:32:23,539 [ERROR] LogOutputStream:75 - [STDERR_REDIRECT] 
2026-05-05 22:32:24,527 [ERROR] LogOutputStream:75 - [STDERR_REDIRECT] [Fatal Error] :1:1: Premature end of file.
2026-05-05 22:32:24,528 [ERROR] LogOutputStream:75 - [STDERR_REDIRECT] 
2026-05-05 22:32:25,525 [ERROR] LogOutputStream:75 - [STDERR_REDIRECT] [Fatal Error] :1:1: Premature end of file.
2026-05-05 22:32:25,526 [ERROR] LogOutputStream:75 - [STDERR_REDIRECT] 
2026-05-05 22:32:26,525 [ERROR] LogOutputStream:75 - [STDERR_REDIRECT] [Fatal Error] :1:1: Premature end of file.
2026-05-05 22:32:26,526 [ERROR] LogOutputStream:75 - [STDERR_REDIRECT] 
2026-05-05 22:32:27,521 [ERROR] LogOutputStream:75 - [STDERR_REDIRECT] [Fatal Error] :1:1: Premature end of file.
2026-05-05 22:32:27,521 [ERROR] LogOutputStream:75 - [STDERR_REDIRECT] 
2026-05-05 22:32:28,534 [ERROR] LogOutputStream:75 - [STDERR_REDIRECT] [Fatal Error] :1:1: Premature end of file.
2026-05-05 22:32:28,534 [ERROR] LogOutputStream:75 - [STDERR_REDIRECT] 
2026-05-05 22:32:29,531 [ERROR] LogOutputStream:75 - [STDERR_REDIRECT] [Fatal Error] :1:1: Premature end of file.
2026-05-05 22:32:29,531 [ERROR] LogOutputStream:75 - [STDERR_REDIRECT] 
2026-05-05 22:32:30,528 [ERROR] LogOutputStream:75 - [STDERR_REDIRECT] [Fatal Error] :1:1: Premature end of file.
2026-05-05 22:32:30,529 [ERROR] LogOutputStream:75 - [STDERR_REDIRECT] 
2026-05-05 22:32:31,552 [ERROR] LogOutputStream:75 - [STDERR_REDIRECT] [Fatal Error] :1:1: Premature end of file.
2026-05-05 22:32:31,552 [ERROR] LogOutputStream:75 - [STDERR_REDIRECT] 
2026-05-05 22:32:32,535 [ERROR] LogOutputStream:75 - [STDERR_REDIRECT] [Fatal Error] :1:1: Premature end of file.
2026-05-05 22:32:32,535 [ERROR] LogOutputStream:75 - [STDERR_REDIRECT] 
2026-05-05 22:32:33,518 [ERROR] LogOutputStream:75 - [STDERR_REDIRECT] [Fatal Error] :1:1: Premature end of file.
2026-05-05 22:32:33,519 [ERROR] LogOutputStream:75 - [STDERR_REDIRECT] 
2026-05-05 22:32:34,538 [ERROR] LogOutputStream:75 - [STDERR_REDIRECT] [Fatal Error] :1:1: Premature end of file.
2026-05-05 22:32:34,539 [ERROR] LogOutputStream:75 - [STDERR_REDIRECT] 
2026-05-05 22:32:35,540 [ERROR] LogOutputStream:75 - [STDERR_REDIRECT] [Fatal Error] :1:1: Premature end of file.
2026-05-05 22:32:35,541 [ERROR] LogOutputStream:75 - [STDERR_REDIRECT] 
2026-05-05 22:32:36,546 [ERROR] LogOutputStream:75 - [STDERR_REDIRECT] [Fatal Error] :1:1: Premature end of file.
2026-05-05 22:32:36,546 [ERROR] LogOutputStream:75 - [STDERR_REDIRECT] 
2026-05-05 22:32:37,539 [ERROR] LogOutputStream:75 - [STDERR_REDIRECT] [Fatal Error] :1:1: Premature end of file.
2026-05-05 22:32:37,539 [ERROR] LogOutputStream:75 - [STDERR_REDIRECT] 
2026-05-05 22:32:38,577 [ERROR] LogOutputStream:75 - [STDERR_REDIRECT] [Fatal Error] :1:1: Premature end of file.
2026-05-05 22:32:38,579 [ERROR] LogOutputStream:75 - [STDERR_REDIRECT] 
2026-05-05 22:32:39,538 [ERROR] LogOutputStream:75 - [STDERR_REDIRECT] [Fatal Error] :1:1: Premature end of file.
2026-05-05 22:32:39,538 [ERROR] LogOutputStream:75 - [STDERR_REDIRECT] 
2026-05-05 22:32:40,537 [ERROR] LogOutputStream:75 - [STDERR_REDIRECT] [Fatal Error] :1:1: Premature end of file.
2026-05-05 22:32:40,538 [ERROR] LogOutputStream:75 - [STDERR_REDIRECT] 
2026-05-05 22:32:41,550 [ERROR] LogOutputStream:75 - [STDERR_REDIRECT] [Fatal Error] :1:1: Premature end of file.
2026-05-05 22:32:41,551 [ERROR] LogOutputStream:75 - [STDERR_REDIRECT] 
2026-05-05 22:32:42,535 [ERROR] LogOutputStream:75 - [STDERR_REDIRECT] [Fatal Error] :1:1: Premature end of file.
2026-05-05 22:32:42,536 [ERROR] LogOutputStream:75 - [STDERR_REDIRECT] 
2026-05-05 22:32:43,553 [ERROR] LogOutputStream:75 - [STDERR_REDIRECT] [Fatal Error] :1:1: Premature end of file.
2026-05-05 22:32:43,554 [ERROR] LogOutputStream:75 - [STDERR_REDIRECT] 
2026-05-05 22:32:44,534 [ERROR] LogOutputStream:75 - [STDERR_REDIRECT] [Fatal Error] :1:1: Premature end of file.
2026-05-05 22:32:44,535 [ERROR] LogOutputStream:75 - [STDERR_REDIRECT] 
2026-05-05 22:32:45,550 [ERROR] LogOutputStream:75 - [STDERR_REDIRECT] [Fatal Error] :1:1: Premature end of file.
2026-05-05 22:32:45,550 [ERROR] LogOutputStream:75 - [STDERR_REDIRECT] 
2026-05-05 22:32:46,525 [ERROR] LogOutputStream:75 - [STDERR_REDIRECT] [Fatal Error] :1:1: Premature end of file.
2026-05-05 22:32:46,525 [ERROR] LogOutputStream:75 - [STDERR_REDIRECT] 
2026-05-05 22:32:47,545 [ERROR] LogOutputStream:75 - [STDERR_REDIRECT] [Fatal Error] :1:1: Premature end of file.
2026-05-05 22:32:47,545 [ERROR] LogOutputStream:75 - [STDERR_REDIRECT] 
2026-05-05 22:32:48,532 [ERROR] LogOutputStream:75 - [STDERR_REDIRECT] [Fatal Error] :1:1: Premature end of file.
2026-05-05 22:32:48,532 [ERROR] LogOutputStream:75 - [STDERR_REDIRECT] 
2026-05-05 22:32:49,538 [ERROR] LogOutputStream:75 - [STDERR_REDIRECT] [Fatal Error] :1:1: Premature end of file.
2026-05-05 22:32:49,538 [ERROR] LogOutputStream:75 - [STDERR_REDIRECT] 
2026-05-05 22:32:50,540 [ERROR] LogOutputStream:75 - [STDERR_REDIRECT] [Fatal Error] :1:1: Premature end of file.
2026-05-05 22:32:50,541 [ERROR] LogOutputStream:75 - [STDERR_REDIRECT] 
2026-05-05 22:32:51,534 [ERROR] LogOutputStream:75 - [STDERR_REDIRECT] [Fatal Error] :1:1: Premature end of file.
2026-05-05 22:32:51,534 [ERROR] LogOutputStream:75 - [STDERR_REDIRECT] 
2026-05-05 22:32:52,539 [ERROR] LogOutputStream:75 - [STDERR_REDIRECT] [Fatal Error] :1:1: Premature end of file.
2026-05-05 22:32:52,539 [ERROR] LogOutputStream:75 - [STDERR_REDIRECT] 
2026-05-05 22:32:53,530 [ERROR] LogOutputStream:75 - [STDERR_REDIRECT] [Fatal Error] :1:1: Premature end of file.
2026-05-05 22:32:53,531 [ERROR] LogOutputStream:75 - [STDERR_REDIRECT] 
2026-05-05 22:32:54,542 [ERROR] LogOutputStream:75 - [STDERR_REDIRECT] [Fatal Error] :1:1: Premature end of file.
2026-05-05 22:32:54,542 [ERROR] LogOutputStream:75 - [STDERR_REDIRECT] 
2026-05-05 22:32:55,536 [ERROR] LogOutputStream:75 - [STDERR_REDIRECT] [Fatal Error] :1:1: Premature end of file.
2026-05-05 22:32:55,536 [ERROR] LogOutputStream:75 - [STDERR_REDIRECT] 
2026-05-05 22:32:56,536 [ERROR] LogOutputStream:75 - [STDERR_REDIRECT] [Fatal Error] :1:1: Premature end of file.
2026-05-05 22:32:56,536 [ERROR] LogOutputStream:75 - [STDERR_REDIRECT] 
2026-05-05 22:32:57,532 [ERROR] LogOutputStream:75 - [STDERR_REDIRECT] [Fatal Error] :1:1: Premature end of file.
2026-05-05 22:32:57,534 [ERROR] LogOutputStream:75 - [STDERR_REDIRECT] 
2026-05-05 22:32:58,540 [ERROR] LogOutputStream:75 - [STDERR_REDIRECT] [Fatal Error] :1:1: Premature end of file.
2026-05-05 22:32:58,540 [ERROR] LogOutputStream:75 - [STDERR_REDIRECT] 
2026-05-05 22:32:59,540 [ERROR] LogOutputStream:75 - [STDERR_REDIRECT] [Fatal Error] :1:1: Premature end of file.
2026-05-05 22:32:59,541 [ERROR] LogOutputStream:75 - [STDERR_REDIRECT] 
2026-05-05 22:33:00,563 [ERROR] LogOutputStream:75 - [STDERR_REDIRECT] [Fatal Error] :1:1: Premature end of file.
2026-05-05 22:33:00,565 [ERROR] LogOutputStream:75 - [STDERR_REDIRECT] 
2026-05-05 22:33:01,542 [ERROR] LogOutputStream:75 - [STDERR_REDIRECT] [Fatal Error] :1:1: Premature end of file.
2026-05-05 22:33:01,543 [ERROR] LogOutputStream:75 - [STDERR_REDIRECT] 
2026-05-05 22:33:02,548 [ERROR] LogOutputStream:75 - [STDERR_REDIRECT] [Fatal Error] :1:1: Premature end of file.
2026-05-05 22:33:02,548 [ERROR] LogOutputStream:75 - [STDERR_REDIRECT] 
2026-05-05 22:33:03,561 [ERROR] LogOutputStream:75 - [STDERR_REDIRECT] [Fatal Error] :1:1: Premature end of file.
2026-05-05 22:33:03,561 [ERROR] LogOutputStream:75 - [STDERR_REDIRECT] 
2026-05-05 22:33:04,537 [ERROR] LogOutputStream:75 - [STDERR_REDIRECT] [Fatal Error] :1:1: Premature end of file.
2026-05-05 22:33:04,538 [ERROR] LogOutputStream:75 - [STDERR_REDIRECT] 
2026-05-05 22:33:05,547 [ERROR] LogOutputStream:75 - [STDERR_REDIRECT] [Fatal Error] :1:1: Premature end of file.
2026-05-05 22:33:05,548 [ERROR] LogOutputStream:75 - [STDERR_REDIRECT] 
2026-05-05 22:33:06,538 [ERROR] LogOutputStream:75 - [STDERR_REDIRECT] [Fatal Error] :1:1: Premature end of file.
2026-05-05 22:33:06,538 [ERROR] LogOutputStream:75 - [STDERR_REDIRECT] 
2026-05-05 22:33:07,539 [ERROR] LogOutputStream:75 - [STDERR_REDIRECT] [Fatal Error] :1:1: Premature end of file.
2026-05-05 22:33:07,539 [ERROR] LogOutputStream:75 - [STDERR_REDIRECT] 
2026-05-05 22:33:08,534 [ERROR] LogOutputStream:75 - [STDERR_REDIRECT] [Fatal Error] :1:1: Premature end of file.
2026-05-05 22:33:08,534 [ERROR] LogOutputStream:75 - [STDERR_REDIRECT] 
2026-05-05 22:33:09,532 [ERROR] LogOutputStream:75 - [STDERR_REDIRECT] [Fatal Error] :1:1: Premature end of file.
2026-05-05 22:33:09,533 [ERROR] LogOutputStream:75 - [STDERR_REDIRECT] 
2026-05-05 22:33:10,518 [ERROR] LogOutputStream:75 - [STDERR_REDIRECT] [Fatal Error] :1:1: Premature end of file.
2026-05-05 22:33:10,518 [ERROR] LogOutputStream:75 - [STDERR_REDIRECT] 
2026-05-05 22:33:11,533 [ERROR] LogOutputStream:75 - [STDERR_REDIRECT] [Fatal Error] :1:1: Premature end of file.
2026-05-05 22:33:11,533 [ERROR] LogOutputStream:75 - [STDERR_REDIRECT] 
2026-05-05 22:33:12,535 [ERROR] LogOutputStream:75 - [STDERR_REDIRECT] [Fatal Error] :1:1: Premature end of file.
2026-05-05 22:33:12,536 [ERROR] LogOutputStream:75 - [STDERR_REDIRECT] 
2026-05-05 22:33:13,530 [ERROR] LogOutputStream:75 - [STDERR_REDIRECT] [Fatal Error] :1:1: Premature end of file.
2026-05-05 22:33:13,530 [ERROR] LogOutputStream:75 - [STDERR_REDIRECT] 
2026-05-05 22:33:14,532 [ERROR] LogOutputStream:75 - [STDERR_REDIRECT] [Fatal Error] :1:1: Premature end of file.
2026-05-05 22:33:14,532 [ERROR] LogOutputStream:75 - [STDERR_REDIRECT] 
2026-05-05 22:33:15,530 [ERROR] LogOutputStream:75 - [STDERR_REDIRECT] [Fatal Error] :1:1: Premature end of file.
2026-05-05 22:33:15,530 [ERROR] LogOutputStream:75 - [STDERR_REDIRECT] 
2026-05-05 22:33:16,528 [ERROR] LogOutputStream:75 - [STDERR_REDIRECT] [Fatal Error] :1:1: Premature end of file.
2026-05-05 22:33:16,529 [ERROR] LogOutputStream:75 - [STDERR_REDIRECT] 
2026-05-05 22:33:17,530 [ERROR] LogOutputStream:75 - [STDERR_REDIRECT] [Fatal Error] :1:1: Premature end of file.
2026-05-05 22:33:17,530 [ERROR] LogOutputStream:75 - [STDERR_REDIRECT] 
2026-05-05 22:33:18,533 [ERROR] LogOutputStream:75 - [STDERR_REDIRECT] [Fatal Error] :1:1: Premature end of file.
2026-05-05 22:33:18,533 [ERROR] LogOutputStream:75 - [STDERR_REDIRECT] 
2026-05-05 22:33:19,535 [ERROR] LogOutputStream:75 - [STDERR_REDIRECT] [Fatal Error] :1:1: Premature end of file.
2026-05-05 22:33:19,536 [ERROR] LogOutputStream:75 - [STDERR_REDIRECT] 
2026-05-05 22:33:20,535 [ERROR] LogOutputStream:75 - [STDERR_REDIRECT] [Fatal Error] :1:1: Premature end of file.
2026-05-05 22:33:20,535 [ERROR] LogOutputStream:75 - [STDERR_REDIRECT] 
2026-05-05 22:33:21,523 [ERROR] LogOutputStream:75 - [STDERR_REDIRECT] [Fatal Error] :1:1: Premature end of file.
2026-05-05 22:33:21,523 [ERROR] LogOutputStream:75 - [STDERR_REDIRECT] 
2026-05-05 22:33:22,526 [ERROR] LogOutputStream:75 - [STDERR_REDIRECT] [Fatal Error] :1:1: Premature end of file.
2026-05-05 22:33:22,526 [ERROR] LogOutputStream:75 - [STDERR_REDIRECT] 
2026-05-05 22:33:23,532 [ERROR] LogOutputStream:75 - [STDERR_REDIRECT] [Fatal Error] :1:1: Premature end of file.
2026-05-05 22:33:23,532 [ERROR] LogOutputStream:75 - [STDERR_REDIRECT] 
2026-05-05 22:33:24,521 [ERROR] LogOutputStream:75 - [STDERR_REDIRECT] [Fatal Error] :1:1: Premature end of file.
2026-05-05 22:33:24,521 [ERROR] LogOutputStream:75 - [STDERR_REDIRECT] 
2026-05-05 22:33:25,535 [ERROR] LogOutputStream:75 - [STDERR_REDIRECT] [Fatal Error] :1:1: Premature end of file.
2026-05-05 22:33:25,536 [ERROR] LogOutputStream:75 - [STDERR_REDIRECT] 
2026-05-05 22:33:26,527 [ERROR] LogOutputStream:75 - [STDERR_REDIRECT] [Fatal Error] :1:1: Premature end of file.
2026-05-05 22:33:26,528 [ERROR] LogOutputStream:75 - [STDERR_REDIRECT] 
2026-05-05 22:33:27,517 [ERROR] LogOutputStream:75 - [STDERR_REDIRECT] [Fatal Error] :1:1: Premature end of file.
2026-05-05 22:33:27,517 [ERROR] LogOutputStream:75 - [STDERR_REDIRECT] 
2026-05-05 22:33:28,540 [ERROR] LogOutputStream:75 - [STDERR_REDIRECT] [Fatal Error] :1:1: Premature end of file.
2026-05-05 22:33:28,541 [ERROR] LogOutputStream:75 - [STDERR_REDIRECT] 
2026-05-05 22:33:29,520 [ERROR] LogOutputStream:75 - [STDERR_REDIRECT] [Fatal Error] :1:1: Premature end of file.
2026-05-05 22:33:29,521 [ERROR] LogOutputStream:75 - [STDERR_REDIRECT] 
2026-05-05 22:33:30,531 [ERROR] LogOutputStream:75 - [STDERR_REDIRECT] [Fatal Error] :1:1: Premature end of file.
2026-05-05 22:33:30,532 [ERROR] LogOutputStream:75 - [STDERR_REDIRECT] 
2026-05-05 22:33:31,531 [ERROR] LogOutputStream:75 - [STDERR_REDIRECT] [Fatal Error] :1:1: Premature end of file.
2026-05-05 22:33:31,532 [ERROR] LogOutputStream:75 - [STDERR_REDIRECT] 
2026-05-05 22:33:32,529 [ERROR] LogOutputStream:75 - [STDERR_REDIRECT] [Fatal Error] :1:1: Premature end of file.
2026-05-05 22:33:32,530 [ERROR] LogOutputStream:75 - [STDERR_REDIRECT] 
2026-05-05 22:33:33,536 [ERROR] LogOutputStream:75 - [STDERR_REDIRECT] [Fatal Error] :1:1: Premature end of file.
2026-05-05 22:33:33,537 [ERROR] LogOutputStream:75 - [STDERR_REDIRECT] 
2026-05-05 22:33:34,531 [ERROR] LogOutputStream:75 - [STDERR_REDIRECT] [Fatal Error] :1:1: Premature end of file.
2026-05-05 22:33:34,532 [ERROR] LogOutputStream:75 - [STDERR_REDIRECT] 
2026-05-05 22:33:35,538 [ERROR] LogOutputStream:75 - [STDERR_REDIRECT] [Fatal Error] :1:1: Premature end of file.
2026-05-05 22:33:35,538 [ERROR] LogOutputStream:75 - [STDERR_REDIRECT] 
2026-05-05 22:33:36,517 [ERROR] LogOutputStream:75 - [STDERR_REDIRECT] [Fatal Error] :1:1: Premature end of file.
2026-05-05 22:33:36,518 [ERROR] LogOutputStream:75 - [STDERR_REDIRECT] 
2026-05-05 22:33:37,529 [ERROR] LogOutputStream:75 - [STDERR_REDIRECT] [Fatal Error] :1:1: Premature end of file.
2026-05-05 22:33:37,530 [ERROR] LogOutputStream:75 - [STDERR_REDIRECT] 
2026-05-05 22:33:38,532 [ERROR] LogOutputStream:75 - [STDERR_REDIRECT] [Fatal Error] :1:1: Premature end of file.
2026-05-05 22:33:38,532 [ERROR] LogOutputStream:75 - [STDERR_REDIRECT] 
2026-05-05 22:33:39,535 [ERROR] LogOutputStream:75 - [STDERR_REDIRECT] [Fatal Error] :1:1: Premature end of file.
2026-05-05 22:33:39,535 [ERROR] LogOutputStream:75 - [STDERR_REDIRECT] 
2026-05-05 22:33:40,532 [ERROR] LogOutputStream:75 - [STDERR_REDIRECT] [Fatal Error] :1:1: Premature end of file.
2026-05-05 22:33:40,533 [ERROR] LogOutputStream:75 - [STDERR_REDIRECT] 
2026-05-05 22:33:41,537 [ERROR] LogOutputStream:75 - [STDERR_REDIRECT] [Fatal Error] :1:1: Premature end of file.
2026-05-05 22:33:41,537 [ERROR] LogOutputStream:75 - [STDERR_REDIRECT] 
2026-05-05 22:33:42,534 [ERROR] LogOutputStream:75 - [STDERR_REDIRECT] [Fatal Error] :1:1: Premature end of file.
2026-05-05 22:33:42,534 [ERROR] LogOutputStream:75 - [STDERR_REDIRECT] 
2026-05-05 22:33:43,522 [ERROR] LogOutputStream:75 - [STDERR_REDIRECT] [Fatal Error] :1:1: Premature end of file.
2026-05-05 22:33:43,522 [ERROR] LogOutputStream:75 - [STDERR_REDIRECT] 
2026-05-05 22:33:44,522 [ERROR] LogOutputStream:75 - [STDERR_REDIRECT] [Fatal Error] :1:1: Premature end of file.
2026-05-05 22:33:44,522 [ERROR] LogOutputStream:75 - [STDERR_REDIRECT] 
2026-05-05 22:33:45,529 [ERROR] LogOutputStream:75 - [STDERR_REDIRECT] [Fatal Error] :1:1: Premature end of file.
2026-05-05 22:33:45,529 [ERROR] LogOutputStream:75 - [STDERR_REDIRECT] 
2026-05-05 22:33:46,532 [ERROR] LogOutputStream:75 - [STDERR_REDIRECT] [Fatal Error] :1:1: Premature end of file.
2026-05-05 22:33:46,532 [ERROR] LogOutputStream:75 - [STDERR_REDIRECT] 
2026-05-05 22:33:47,538 [ERROR] LogOutputStream:75 - [STDERR_REDIRECT] [Fatal Error] :1:1: Premature end of file.
2026-05-05 22:33:47,539 [ERROR] LogOutputStream:75 - [STDERR_REDIRECT] 
2026-05-05 22:33:48,534 [ERROR] LogOutputStream:75 - [STDERR_REDIRECT] [Fatal Error] :1:1: Premature end of file.
2026-05-05 22:33:48,535 [ERROR] LogOutputStream:75 - [STDERR_REDIRECT] 
2026-05-05 22:33:49,537 [ERROR] LogOutputStream:75 - [STDERR_REDIRECT] [Fatal Error] :1:1: Premature end of file.
2026-05-05 22:33:49,537 [ERROR] LogOutputStream:75 - [STDERR_REDIRECT] 
2026-05-05 22:33:50,528 [ERROR] LogOutputStream:75 - [STDERR_REDIRECT] [Fatal Error] :1:1: Premature end of file.
2026-05-05 22:33:50,529 [ERROR] LogOutputStream:75 - [STDERR_REDIRECT] 
2026-05-05 22:33:51,524 [ERROR] LogOutputStream:75 - [STDERR_REDIRECT] [Fatal Error] :1:1: Premature end of file.
2026-05-05 22:33:51,524 [ERROR] LogOutputStream:75 - [STDERR_REDIRECT] 
2026-05-05 22:33:52,537 [ERROR] LogOutputStream:75 - [STDERR_REDIRECT] [Fatal Error] :1:1: Premature end of file.
2026-05-05 22:33:52,537 [ERROR] LogOutputStream:75 - [STDERR_REDIRECT] 
2026-05-05 22:33:53,535 [ERROR] LogOutputStream:75 - [STDERR_REDIRECT] [Fatal Error] :1:1: Premature end of file.
2026-05-05 22:33:53,535 [ERROR] LogOutputStream:75 - [STDERR_REDIRECT] 
2026-05-05 22:33:54,534 [ERROR] LogOutputStream:75 - [STDERR_REDIRECT] [Fatal Error] :1:1: Premature end of file.
2026-05-05 22:33:54,534 [ERROR] LogOutputStream:75 - [STDERR_REDIRECT] 
2026-05-05 22:33:55,535 [ERROR] LogOutputStream:75 - [STDERR_REDIRECT] [Fatal Error] :1:1: Premature end of file.
2026-05-05 22:33:55,535 [ERROR] LogOutputStream:75 - [STDERR_REDIRECT] 
2026-05-05 22:33:56,526 [ERROR] LogOutputStream:75 - [STDERR_REDIRECT] [Fatal Error] :1:1: Premature end of file.
2026-05-05 22:33:56,526 [ERROR] LogOutputStream:75 - [STDERR_REDIRECT] 
2026-05-05 22:33:57,534 [ERROR] LogOutputStream:75 - [STDERR_REDIRECT] [Fatal Error] :1:1: Premature end of file.
2026-05-05 22:33:57,534 [ERROR] LogOutputStream:75 - [STDERR_REDIRECT] 
2026-05-05 22:33:58,528 [ERROR] LogOutputStream:75 - [STDERR_REDIRECT] [Fatal Error] :1:1: Premature end of file.
2026-05-05 22:33:58,528 [ERROR] LogOutputStream:75 - [STDERR_REDIRECT] 
2026-05-05 22:33:59,533 [ERROR] LogOutputStream:75 - [STDERR_REDIRECT] [Fatal Error] :1:1: Premature end of file.
2026-05-05 22:33:59,534 [ERROR] LogOutputStream:75 - [STDERR_REDIRECT] 
2026-05-05 22:34:00,531 [ERROR] LogOutputStream:75 - [STDERR_REDIRECT] [Fatal Error] :1:1: Premature end of file.
2026-05-05 22:34:00,531 [ERROR] LogOutputStream:75 - [STDERR_REDIRECT] 
2026-05-05 22:34:01,530 [ERROR] LogOutputStream:75 - [STDERR_REDIRECT] [Fatal Error] :1:1: Premature end of file.
2026-05-05 22:34:01,531 [ERROR] LogOutputStream:75 - [STDERR_REDIRECT] 
2026-05-05 22:34:02,531 [ERROR] LogOutputStream:75 - [STDERR_REDIRECT] [Fatal Error] :1:1: Premature end of file.
2026-05-05 22:34:02,532 [ERROR] LogOutputStream:75 - [STDERR_REDIRECT] 
2026-05-05 22:34:03,523 [ERROR] LogOutputStream:75 - [STDERR_REDIRECT] [Fatal Error] :1:1: Premature end of file.
2026-05-05 22:34:03,524 [ERROR] LogOutputStream:75 - [STDERR_REDIRECT] 
2026-05-05 22:34:04,514 [ERROR] LogOutputStream:75 - [STDERR_REDIRECT] [Fatal Error] :1:1: Premature end of file.
2026-05-05 22:34:04,515 [ERROR] LogOutputStream:75 - [STDERR_REDIRECT] 
2026-05-05 22:34:05,527 [ERROR] LogOutputStream:75 - [STDERR_REDIRECT] [Fatal Error] :1:1: Premature end of file.
2026-05-05 22:34:05,528 [ERROR] LogOutputStream:75 - [STDERR_REDIRECT] 
2026-05-05 22:34:06,527 [ERROR] LogOutputStream:75 - [STDERR_REDIRECT] [Fatal Error] :1:1: Premature end of file.
2026-05-05 22:34:06,527 [ERROR] LogOutputStream:75 - [STDERR_REDIRECT] 
2026-05-05 22:34:07,519 [ERROR] LogOutputStream:75 - [STDERR_REDIRECT] [Fatal Error] :1:1: Premature end of file.
2026-05-05 22:34:07,519 [ERROR] LogOutputStream:75 - [STDERR_REDIRECT] 
2026-05-05 22:34:08,521 [ERROR] LogOutputStream:75 - [STDERR_REDIRECT] [Fatal Error] :1:1: Premature end of file.
2026-05-05 22:34:08,521 [ERROR] LogOutputStream:75 - [STDERR_REDIRECT] 
2026-05-05 22:34:09,519 [ERROR] LogOutputStream:75 - [STDERR_REDIRECT] [Fatal Error] :1:1: Premature end of file.
2026-05-05 22:34:09,519 [ERROR] LogOutputStream:75 - [STDERR_REDIRECT] 
2026-05-05 22:34:10,522 [ERROR] LogOutputStream:75 - [STDERR_REDIRECT] [Fatal Error] :1:1: Premature end of file.
2026-05-05 22:34:10,522 [ERROR] LogOutputStream:75 - [STDERR_REDIRECT] 
2026-05-05 22:34:11,513 [ERROR] LogOutputStream:75 - [STDERR_REDIRECT] [Fatal Error] :1:1: Premature end of file.
2026-05-05 22:34:11,513 [ERROR] LogOutputStream:75 - [STDERR_REDIRECT] 
2026-05-05 22:34:12,523 [ERROR] LogOutputStream:75 - [STDERR_REDIRECT] [Fatal Error] :1:1: Premature end of file.
2026-05-05 22:34:12,523 [ERROR] LogOutputStream:75 - [STDERR_REDIRECT] 
2026-05-05 22:34:13,520 [ERROR] LogOutputStream:75 - [STDERR_REDIRECT] [Fatal Error] :1:1: Premature end of file.
2026-05-05 22:34:13,521 [ERROR] LogOutputStream:75 - [STDERR_REDIRECT] 
2026-05-05 22:34:14,530 [ERROR] LogOutputStream:75 - [STDERR_REDIRECT] [Fatal Error] :1:1: Premature end of file.
2026-05-05 22:34:14,531 [ERROR] LogOutputStream:75 - [STDERR_REDIRECT] 
2026-05-05 22:34:15,535 [ERROR] LogOutputStream:75 - [STDERR_REDIRECT] [Fatal Error] :1:1: Premature end of file.
2026-05-05 22:34:15,535 [ERROR] LogOutputStream:75 - [STDERR_REDIRECT] 
2026-05-05 22:34:16,516 [ERROR] LogOutputStream:75 - [STDERR_REDIRECT] [Fatal Error] :1:1: Premature end of file.
2026-05-05 22:34:16,516 [ERROR] LogOutputStream:75 - [STDERR_REDIRECT] 
2026-05-05 22:34:17,534 [ERROR] LogOutputStream:75 - [STDERR_REDIRECT] [Fatal Error] :1:1: Premature end of file.
2026-05-05 22:34:17,534 [ERROR] LogOutputStream:75 - [STDERR_REDIRECT] 
2026-05-05 22:34:18,540 [ERROR] LogOutputStream:75 - [STDERR_REDIRECT] [Fatal Error] :1:1: Premature end of file.
2026-05-05 22:34:18,540 [ERROR] LogOutputStream:75 - [STDERR_REDIRECT] 
2026-05-05 22:34:19,557 [ERROR] LogOutputStream:75 - [STDERR_REDIRECT] [Fatal Error] :1:1: Premature end of file.
2026-05-05 22:34:19,558 [ERROR] LogOutputStream:75 - [STDERR_REDIRECT] 
2026-05-05 22:34:20,559 [ERROR] LogOutputStream:75 - [STDERR_REDIRECT] [Fatal Error] :1:1: Premature end of file.
2026-05-05 22:34:20,560 [ERROR] LogOutputStream:75 - [STDERR_REDIRECT] 
2026-05-05 22:34:21,572 [ERROR] LogOutputStream:75 - [STDERR_REDIRECT] [Fatal Error] :1:1: Premature end of file.
2026-05-05 22:34:21,572 [ERROR] LogOutputStream:75 - [STDERR_REDIRECT] 
2026-05-05 22:34:22,557 [ERROR] LogOutputStream:75 - [STDERR_REDIRECT] [Fatal Error] :1:1: Premature end of file.
2026-05-05 22:34:22,558 [ERROR] LogOutputStream:75 - [STDERR_REDIRECT] 
2026-05-05 22:34:23,572 [ERROR] LogOutputStream:75 - [STDERR_REDIRECT] [Fatal Error] :1:1: Premature end of file.
2026-05-05 22:34:23,573 [ERROR] LogOutputStream:75 - [STDERR_REDIRECT] 
2026-05-05 22:34:24,556 [ERROR] LogOutputStream:75 - [STDERR_REDIRECT] [Fatal Error] :1:1: Premature end of file.
2026-05-05 22:34:24,557 [ERROR] LogOutputStream:75 - [STDERR_REDIRECT] 
2026-05-05 22:34:25,561 [ERROR] LogOutputStream:75 - [STDERR_REDIRECT] [Fatal Error] :1:1: Premature end of file.
2026-05-05 22:34:25,562 [ERROR] LogOutputStream:75 - [STDERR_REDIRECT] 
2026-05-05 22:34:26,558 [ERROR] LogOutputStream:75 - [STDERR_REDIRECT] [Fatal Error] :1:1: Premature end of file.
2026-05-05 22:34:26,559 [ERROR] LogOutputStream:75 - [STDERR_REDIRECT] 
2026-05-05 22:34:27,542 [ERROR] LogOutputStream:75 - [STDERR_REDIRECT] [Fatal Error] :1:1: Premature end of file.
2026-05-05 22:34:27,542 [ERROR] LogOutputStream:75 - [STDERR_REDIRECT] 
2026-05-05 22:34:28,541 [ERROR] LogOutputStream:75 - [STDERR_REDIRECT] [Fatal Error] :1:1: Premature end of file.
2026-05-05 22:34:28,541 [ERROR] LogOutputStream:75 - [STDERR_REDIRECT] 
2026-05-05 22:34:29,541 [ERROR] LogOutputStream:75 - [STDERR_REDIRECT] [Fatal Error] :1:1: Premature end of file.
2026-05-05 22:34:29,543 [ERROR] LogOutputStream:75 - [STDERR_REDIRECT] 
2026-05-05 22:34:30,538 [ERROR] LogOutputStream:75 - [STDERR_REDIRECT] [Fatal Error] :1:1: Premature end of file.
2026-05-05 22:34:30,538 [ERROR] LogOutputStream:75 - [STDERR_REDIRECT] 
2026-05-05 22:34:31,527 [ERROR] LogOutputStream:75 - [STDERR_REDIRECT] [Fatal Error] :1:1: Premature end of file.
2026-05-05 22:34:31,528 [ERROR] LogOutputStream:75 - [STDERR_REDIRECT] 
2026-05-05 22:34:32,543 [ERROR] LogOutputStream:75 - [STDERR_REDIRECT] [Fatal Error] :1:1: Premature end of file.
2026-05-05 22:34:32,543 [ERROR] LogOutputStream:75 - [STDERR_REDIRECT] 
2026-05-05 22:34:33,526 [ERROR] LogOutputStream:75 - [STDERR_REDIRECT] [Fatal Error] :1:1: Premature end of file.
2026-05-05 22:34:33,527 [ERROR] LogOutputStream:75 - [STDERR_REDIRECT] 
2026-05-05 22:34:34,556 [ERROR] LogOutputStream:75 - [STDERR_REDIRECT] [Fatal Error] :1:1: Premature end of file.
2026-05-05 22:34:34,556 [ERROR] LogOutputStream:75 - [STDERR_REDIRECT] 
2026-05-05 22:34:35,524 [ERROR] LogOutputStream:75 - [STDERR_REDIRECT] [Fatal Error] :1:1: Premature end of file.
2026-05-05 22:34:35,524 [ERROR] LogOutputStream:75 - [STDERR_REDIRECT] 
2026-05-05 22:34:36,552 [ERROR] LogOutputStream:75 - [STDERR_REDIRECT] [Fatal Error] :1:1: Premature end of file.
2026-05-05 22:34:36,552 [ERROR] LogOutputStream:75 - [STDERR_REDIRECT] 
2026-05-05 22:34:37,598 [ERROR] LogOutputStream:75 - [STDERR_REDIRECT] [Fatal Error] :1:1: Premature end of file.
2026-05-05 22:34:37,598 [ERROR] LogOutputStream:75 - [STDERR_REDIRECT] 
2026-05-05 22:34:38,538 [ERROR] LogOutputStream:75 - [STDERR_REDIRECT] [Fatal Error] :1:1: Premature end of file.
2026-05-05 22:34:38,540 [ERROR] LogOutputStream:75 - [STDERR_REDIRECT] 
2026-05-05 22:34:39,592 [ERROR] LogOutputStream:75 - [STDERR_REDIRECT] [Fatal Error] :1:1: Premature end of file.
2026-05-05 22:34:39,592 [ERROR] LogOutputStream:75 - [STDERR_REDIRECT] 
2026-05-05 22:34:40,549 [ERROR] LogOutputStream:75 - [STDERR_REDIRECT] [Fatal Error] :1:1: Premature end of file.
2026-05-05 22:34:40,549 [ERROR] LogOutputStream:75 - [STDERR_REDIRECT] 
2026-05-05 22:34:41,587 [ERROR] LogOutputStream:75 - [STDERR_REDIRECT] [Fatal Error] :1:1: Premature end of file.
2026-05-05 22:34:41,588 [ERROR] LogOutputStream:75 - [STDERR_REDIRECT] 
2026-05-05 22:34:42,611 [ERROR] LogOutputStream:75 - [STDERR_REDIRECT] [Fatal Error] :1:1: Premature end of file.
2026-05-05 22:34:42,611 [ERROR] LogOutputStream:75 - [STDERR_REDIRECT] 
2026-05-05 22:34:43,551 [ERROR] LogOutputStream:75 - [STDERR_REDIRECT] [Fatal Error] :1:1: Premature end of file.
2026-05-05 22:34:43,551 [ERROR] LogOutputStream:75 - [STDERR_REDIRECT] 
2026-05-05 22:34:44,542 [ERROR] LogOutputStream:75 - [STDERR_REDIRECT] [Fatal Error] :1:1: Premature end of file.
2026-05-05 22:34:44,542 [ERROR] LogOutputStream:75 - [STDERR_REDIRECT] 
2026-05-05 22:34:45,548 [ERROR] LogOutputStream:75 - [STDERR_REDIRECT] [Fatal Error] :1:1: Premature end of file.
2026-05-05 22:34:45,549 [ERROR] LogOutputStream:75 - [STDERR_REDIRECT] 
2026-05-05 22:34:46,569 [ERROR] LogOutputStream:75 - [STDERR_REDIRECT] [Fatal Error] :1:1: Premature end of file.
2026-05-05 22:34:46,569 [ERROR] LogOutputStream:75 - [STDERR_REDIRECT] 
2026-05-05 22:34:47,544 [ERROR] LogOutputStream:75 - [STDERR_REDIRECT] [Fatal Error] :1:1: Premature end of file.
2026-05-05 22:34:47,545 [ERROR] LogOutputStream:75 - [STDERR_REDIRECT] 
2026-05-05 22:34:48,549 [ERROR] LogOutputStream:75 - [STDERR_REDIRECT] [Fatal Error] :1:1: Premature end of file.
2026-05-05 22:34:48,550 [ERROR] LogOutputStream:75 - [STDERR_REDIRECT] 
2026-05-05 22:34:49,560 [ERROR] LogOutputStream:75 - [STDERR_REDIRECT] [Fatal Error] :1:1: Premature end of file.
2026-05-05 22:34:49,561 [ERROR] LogOutputStream:75 - [STDERR_REDIRECT] 
2026-05-05 22:34:50,542 [ERROR] LogOutputStream:75 - [STDERR_REDIRECT] [Fatal Error] :1:1: Premature end of file.
2026-05-05 22:34:50,542 [ERROR] LogOutputStream:75 - [STDERR_REDIRECT] 
2026-05-05 22:34:51,548 [ERROR] LogOutputStream:75 - [STDERR_REDIRECT] [Fatal Error] :1:1: Premature end of file.
2026-05-05 22:34:51,549 [ERROR] LogOutputStream:75 - [STDERR_REDIRECT] 
2026-05-05 22:34:52,522 [ERROR] LogOutputStream:75 - [STDERR_REDIRECT] [Fatal Error] :1:1: Premature end of file.
2026-05-05 22:34:52,522 [ERROR] LogOutputStream:75 - [STDERR_REDIRECT] 
2026-05-05 22:34:53,539 [ERROR] LogOutputStream:75 - [STDERR_REDIRECT] [Fatal Error] :1:1: Premature end of file.
2026-05-05 22:34:53,539 [ERROR] LogOutputStream:75 - [STDERR_REDIRECT] 
2026-05-05 22:34:54,565 [ERROR] LogOutputStream:75 - [STDERR_REDIRECT] [Fatal Error] :1:1: Premature end of file.
2026-05-05 22:34:54,566 [ERROR] LogOutputStream:75 - [STDERR_REDIRECT] 
2026-05-05 22:34:55,558 [ERROR] LogOutputStream:75 - [STDERR_REDIRECT] [Fatal Error] :1:1: Premature end of file.
2026-05-05 22:34:55,559 [ERROR] LogOutputStream:75 - [STDERR_REDIRECT] 
2026-05-05 22:34:56,561 [ERROR] LogOutputStream:75 - [STDERR_REDIRECT] [Fatal Error] :1:1: Premature end of file.
2026-05-05 22:34:56,561 [ERROR] LogOutputStream:75 - [STDERR_REDIRECT] 
2026-05-05 22:34:57,543 [ERROR] LogOutputStream:75 - [STDERR_REDIRECT] [Fatal Error] :1:1: Premature end of file.
2026-05-05 22:34:57,544 [ERROR] LogOutputStream:75 - [STDERR_REDIRECT] 
2026-05-05 22:34:58,583 [ERROR] LogOutputStream:75 - [STDERR_REDIRECT] [Fatal Error] :1:1: Premature end of file.
2026-05-05 22:34:58,584 [ERROR] LogOutputStream:75 - [STDERR_REDIRECT] 
2026-05-05 22:34:59,553 [ERROR] LogOutputStream:75 - [STDERR_REDIRECT] [Fatal Error] :1:1: Premature end of file.
2026-05-05 22:34:59,554 [ERROR] LogOutputStream:75 - [STDERR_REDIRECT] 
2026-05-05 22:35:00,554 [ERROR] LogOutputStream:75 - [STDERR_REDIRECT] [Fatal Error] :1:1: Premature end of file.
2026-05-05 22:35:00,555 [ERROR] LogOutputStream:75 - [STDERR_REDIRECT] 
2026-05-05 22:35:01,563 [ERROR] LogOutputStream:75 - [STDERR_REDIRECT] [Fatal Error] :1:1: Premature end of file.
2026-05-05 22:35:01,564 [ERROR] LogOutputStream:75 - [STDERR_REDIRECT] 
2026-05-05 22:35:02,547 [ERROR] LogOutputStream:75 - [STDERR_REDIRECT] [Fatal Error] :1:1: Premature end of file.
2026-05-05 22:35:02,547 [ERROR] LogOutputStream:75 - [STDERR_REDIRECT] 
2026-05-05 22:35:03,554 [ERROR] LogOutputStream:75 - [STDERR_REDIRECT] [Fatal Error] :1:1: Premature end of file.
2026-05-05 22:35:03,554 [ERROR] LogOutputStream:75 - [STDERR_REDIRECT] 
2026-05-05 22:35:04,562 [ERROR] LogOutputStream:75 - [STDERR_REDIRECT] [Fatal Error] :1:1: Premature end of file.
2026-05-05 22:35:04,562 [ERROR] LogOutputStream:75 - [STDERR_REDIRECT] 
2026-05-05 22:35:05,555 [ERROR] LogOutputStream:75 - [STDERR_REDIRECT] [Fatal Error] :1:1: Premature end of file.
2026-05-05 22:35:05,555 [ERROR] LogOutputStream:75 - [STDERR_REDIRECT] 
2026-05-05 22:35:06,559 [ERROR] LogOutputStream:75 - [STDERR_REDIRECT] [Fatal Error] :1:1: Premature end of file.
2026-05-05 22:35:06,561 [ERROR] LogOutputStream:75 - [STDERR_REDIRECT] 
2026-05-05 22:35:07,549 [ERROR] LogOutputStream:75 - [STDERR_REDIRECT] [Fatal Error] :1:1: Premature end of file.
2026-05-05 22:35:07,549 [ERROR] LogOutputStream:75 - [STDERR_REDIRECT] 
2026-05-05 22:35:08,586 [ERROR] LogOutputStream:75 - [STDERR_REDIRECT] [Fatal Error] :1:1: Premature end of file.
2026-05-05 22:35:08,586 [ERROR] LogOutputStream:75 - [STDERR_REDIRECT] 
2026-05-05 22:35:09,560 [ERROR] LogOutputStream:75 - [STDERR_REDIRECT] [Fatal Error] :1:1: Premature end of file.
2026-05-05 22:35:09,560 [ERROR] LogOutputStream:75 - [STDERR_REDIRECT] 
2026-05-05 22:35:10,545 [ERROR] LogOutputStream:75 - [STDERR_REDIRECT] [Fatal Error] :1:1: Premature end of file.
2026-05-05 22:35:10,545 [ERROR] LogOutputStream:75 - [STDERR_REDIRECT] 
2026-05-05 22:35:11,532 [ERROR] LogOutputStream:75 - [STDERR_REDIRECT] [Fatal Error] :1:1: Premature end of file.
2026-05-05 22:35:11,532 [ERROR] LogOutputStream:75 - [STDERR_REDIRECT] 
2026-05-05 22:35:12,538 [ERROR] LogOutputStream:75 - [STDERR_REDIRECT] [Fatal Error] :1:1: Premature end of file.
2026-05-05 22:35:12,539 [ERROR] LogOutputStream:75 - [STDERR_REDIRECT] 
2026-05-05 22:35:13,541 [ERROR] LogOutputStream:75 - [STDERR_REDIRECT] [Fatal Error] :1:1: Premature end of file.
2026-05-05 22:35:13,541 [ERROR] LogOutputStream:75 - [STDERR_REDIRECT] 
2026-05-05 22:35:14,536 [ERROR] LogOutputStream:75 - [STDERR_REDIRECT] [Fatal Error] :1:1: Premature end of file.
2026-05-05 22:35:14,537 [ERROR] LogOutputStream:75 - [STDERR_REDIRECT] 
2026-05-05 22:35:15,537 [ERROR] LogOutputStream:75 - [STDERR_REDIRECT] [Fatal Error] :1:1: Premature end of file.
2026-05-05 22:35:15,538 [ERROR] LogOutputStream:75 - [STDERR_REDIRECT] 
2026-05-05 22:35:16,545 [ERROR] LogOutputStream:75 - [STDERR_REDIRECT] [Fatal Error] :1:1: Premature end of file.
2026-05-05 22:35:16,545 [ERROR] LogOutputStream:75 - [STDERR_REDIRECT] 
2026-05-05 22:35:17,542 [ERROR] LogOutputStream:75 - [STDERR_REDIRECT] [Fatal Error] :1:1: Premature end of file.
2026-05-05 22:35:17,542 [ERROR] LogOutputStream:75 - [STDERR_REDIRECT] 
2026-05-05 22:35:18,529 [ERROR] LogOutputStream:75 - [STDERR_REDIRECT] [Fatal Error] :1:1: Premature end of file.
2026-05-05 22:35:18,529 [ERROR] LogOutputStream:75 - [STDERR_REDIRECT] 
2026-05-05 22:35:19,525 [ERROR] LogOutputStream:75 - [STDERR_REDIRECT] [Fatal Error] :1:1: Premature end of file.
2026-05-05 22:35:19,525 [ERROR] LogOutputStream:75 - [STDERR_REDIRECT] 
2026-05-05 22:35:20,540 [ERROR] LogOutputStream:75 - [STDERR_REDIRECT] [Fatal Error] :1:1: Premature end of file.
2026-05-05 22:35:20,541 [ERROR] LogOutputStream:75 - [STDERR_REDIRECT] 
2026-05-05 22:35:21,538 [ERROR] LogOutputStream:75 - [STDERR_REDIRECT] [Fatal Error] :1:1: Premature end of file.
2026-05-05 22:35:21,539 [ERROR] LogOutputStream:75 - [STDERR_REDIRECT] 
2026-05-05 22:35:22,520 [ERROR] LogOutputStream:75 - [STDERR_REDIRECT] [Fatal Error] :1:1: Premature end of file.
2026-05-05 22:35:22,520 [ERROR] LogOutputStream:75 - [STDERR_REDIRECT] 
2026-05-05 22:35:23,510 [ERROR] LogOutputStream:75 - [STDERR_REDIRECT] [Fatal Error] :1:1: Premature end of file.
2026-05-05 22:35:23,511 [ERROR] LogOutputStream:75 - [STDERR_REDIRECT] 
2026-05-05 22:35:24,543 [ERROR] LogOutputStream:75 - [STDERR_REDIRECT] [Fatal Error] :1:1: Premature end of file.
2026-05-05 22:35:24,543 [ERROR] LogOutputStream:75 - [STDERR_REDIRECT] 
2026-05-05 22:35:25,543 [ERROR] LogOutputStream:75 - [STDERR_REDIRECT] [Fatal Error] :1:1: Premature end of file.
2026-05-05 22:35:25,543 [ERROR] LogOutputStream:75 - [STDERR_REDIRECT] 
2026-05-05 22:35:26,530 [ERROR] LogOutputStream:75 - [STDERR_REDIRECT] [Fatal Error] :1:1: Premature end of file.
2026-05-05 22:35:26,531 [ERROR] LogOutputStream:75 - [STDERR_REDIRECT] 
2026-05-05 22:35:27,532 [ERROR] LogOutputStream:75 - [STDERR_REDIRECT] [Fatal Error] :1:1: Premature end of file.
2026-05-05 22:35:27,532 [ERROR] LogOutputStream:75 - [STDERR_REDIRECT] 
2026-05-05 22:35:28,551 [ERROR] LogOutputStream:75 - [STDERR_REDIRECT] [Fatal Error] :1:1: Premature end of file.
2026-05-05 22:35:28,551 [ERROR] LogOutputStream:75 - [STDERR_REDIRECT] 
2026-05-05 22:35:29,557 [ERROR] LogOutputStream:75 - [STDERR_REDIRECT] [Fatal Error] :1:1: Premature end of file.
2026-05-05 22:35:29,558 [ERROR] LogOutputStream:75 - [STDERR_REDIRECT] 
2026-05-05 22:35:30,534 [ERROR] LogOutputStream:75 - [STDERR_REDIRECT] [Fatal Error] :1:1: Premature end of file.
2026-05-05 22:35:30,534 [ERROR] LogOutputStream:75 - [STDERR_REDIRECT] 
2026-05-05 22:35:31,546 [ERROR] LogOutputStream:75 - [STDERR_REDIRECT] [Fatal Error] :1:1: Premature end of file.
2026-05-05 22:35:31,546 [ERROR] LogOutputStream:75 - [STDERR_REDIRECT] 
2026-05-05 22:35:32,533 [ERROR] LogOutputStream:75 - [STDERR_REDIRECT] [Fatal Error] :1:1: Premature end of file.
2026-05-05 22:35:32,535 [ERROR] LogOutputStream:75 - [STDERR_REDIRECT] 
2026-05-05 22:35:33,520 [ERROR] LogOutputStream:75 - [STDERR_REDIRECT] [Fatal Error] :1:1: Premature end of file.
2026-05-05 22:35:33,520 [ERROR] LogOutputStream:75 - [STDERR_REDIRECT] 
2026-05-05 22:35:34,534 [ERROR] LogOutputStream:75 - [STDERR_REDIRECT] [Fatal Error] :1:1: Premature end of file.
2026-05-05 22:35:34,536 [ERROR] LogOutputStream:75 - [STDERR_REDIRECT] 
2026-05-05 22:35:35,545 [ERROR] LogOutputStream:75 - [STDERR_REDIRECT] [Fatal Error] :1:1: Premature end of file.
2026-05-05 22:35:35,547 [ERROR] LogOutputStream:75 - [STDERR_REDIRECT] 
2026-05-05 22:35:36,550 [ERROR] LogOutputStream:75 - [STDERR_REDIRECT] [Fatal Error] :1:1: Premature end of file.
2026-05-05 22:35:36,550 [ERROR] LogOutputStream:75 - [STDERR_REDIRECT] 
2026-05-05 22:35:37,540 [ERROR] LogOutputStream:75 - [STDERR_REDIRECT] [Fatal Error] :1:1: Premature end of file.
2026-05-05 22:35:37,540 [ERROR] LogOutputStream:75 - [STDERR_REDIRECT] 
2026-05-05 22:35:38,526 [ERROR] LogOutputStream:75 - [STDERR_REDIRECT] [Fatal Error] :1:1: Premature end of file.
2026-05-05 22:35:38,526 [ERROR] LogOutputStream:75 - [STDERR_REDIRECT] 
2026-05-05 22:35:39,532 [ERROR] LogOutputStream:75 - [STDERR_REDIRECT] [Fatal Error] :1:1: Premature end of file.
2026-05-05 22:35:39,533 [ERROR] LogOutputStream:75 - [STDERR_REDIRECT] 
2026-05-05 22:35:40,539 [ERROR] LogOutputStream:75 - [STDERR_REDIRECT] [Fatal Error] :1:1: Premature end of file.
2026-05-05 22:35:40,540 [ERROR] LogOutputStream:75 - [STDERR_REDIRECT] 
2026-05-05 22:35:41,538 [ERROR] LogOutputStream:75 - [STDERR_REDIRECT] [Fatal Error] :1:1: Premature end of file.
2026-05-05 22:35:41,538 [ERROR] LogOutputStream:75 - [STDERR_REDIRECT] 
2026-05-05 22:35:42,536 [ERROR] LogOutputStream:75 - [STDERR_REDIRECT] [Fatal Error] :1:1: Premature end of file.
2026-05-05 22:35:42,536 [ERROR] LogOutputStream:75 - [STDERR_REDIRECT] 
2026-05-05 22:35:43,543 [ERROR] LogOutputStream:75 - [STDERR_REDIRECT] [Fatal Error] :1:1: Premature end of file.
2026-05-05 22:35:43,544 [ERROR] LogOutputStream:75 - [STDERR_REDIRECT] 
2026-05-05 22:35:44,540 [ERROR] LogOutputStream:75 - [STDERR_REDIRECT] [Fatal Error] :1:1: Premature end of file.
2026-05-05 22:35:44,540 [ERROR] LogOutputStream:75 - [STDERR_REDIRECT] 
2026-05-05 22:35:45,546 [ERROR] LogOutputStream:75 - [STDERR_REDIRECT] [Fatal Error] :1:1: Premature end of file.
2026-05-05 22:35:45,547 [ERROR] LogOutputStream:75 - [STDERR_REDIRECT] 
2026-05-05 22:35:46,572 [ERROR] LogOutputStream:75 - [STDERR_REDIRECT] [Fatal Error] :1:1: Premature end of file.
2026-05-05 22:35:46,572 [ERROR] LogOutputStream:75 - [STDERR_REDIRECT] 
2026-05-05 22:35:47,541 [ERROR] LogOutputStream:75 - [STDERR_REDIRECT] [Fatal Error] :1:1: Premature end of file.
2026-05-05 22:35:47,541 [ERROR] LogOutputStream:75 - [STDERR_REDIRECT] 
2026-05-05 22:35:48,525 [ERROR] LogOutputStream:75 - [STDERR_REDIRECT] [Fatal Error] :1:1: Premature end of file.
2026-05-05 22:35:48,525 [ERROR] LogOutputStream:75 - [STDERR_REDIRECT] 
2026-05-05 22:35:49,537 [ERROR] LogOutputStream:75 - [STDERR_REDIRECT] [Fatal Error] :1:1: Premature end of file.
2026-05-05 22:35:49,538 [ERROR] LogOutputStream:75 - [STDERR_REDIRECT] 
2026-05-05 22:35:50,527 [ERROR] LogOutputStream:75 - [STDERR_REDIRECT] [Fatal Error] :1:1: Premature end of file.
2026-05-05 22:35:50,527 [ERROR] LogOutputStream:75 - [STDERR_REDIRECT] 
2026-05-05 22:35:51,512 [ERROR] LogOutputStream:75 - [STDERR_REDIRECT] [Fatal Error] :1:1: Premature end of file.
2026-05-05 22:35:51,513 [ERROR] LogOutputStream:75 - [STDERR_REDIRECT] 
2026-05-05 22:35:52,520 [ERROR] LogOutputStream:75 - [STDERR_REDIRECT] [Fatal Error] :1:1: Premature end of file.
2026-05-05 22:35:52,520 [ERROR] LogOutputStream:75 - [STDERR_REDIRECT] 
2026-05-05 22:35:53,518 [ERROR] LogOutputStream:75 - [STDERR_REDIRECT] [Fatal Error] :1:1: Premature end of file.
2026-05-05 22:35:53,519 [ERROR] LogOutputStream:75 - [STDERR_REDIRECT] 
2026-05-05 22:35:54,538 [ERROR] LogOutputStream:75 - [STDERR_REDIRECT] [Fatal Error] :1:1: Premature end of file.
2026-05-05 22:35:54,538 [ERROR] LogOutputStream:75 - [STDERR_REDIRECT] 
2026-05-05 22:35:55,525 [ERROR] LogOutputStream:75 - [STDERR_REDIRECT] [Fatal Error] :1:1: Premature end of file.
2026-05-05 22:35:55,525 [ERROR] LogOutputStream:75 - [STDERR_REDIRECT] 
2026-05-05 22:35:56,534 [ERROR] LogOutputStream:75 - [STDERR_REDIRECT] [Fatal Error] :1:1: Premature end of file.
2026-05-05 22:35:56,534 [ERROR] LogOutputStream:75 - [STDERR_REDIRECT] 
2026-05-05 22:35:57,513 [ERROR] LogOutputStream:75 - [STDERR_REDIRECT] [Fatal Error] :1:1: Premature end of file.
2026-05-05 22:35:57,514 [ERROR] LogOutputStream:75 - [STDERR_REDIRECT] 
2026-05-05 22:35:58,510 [ERROR] LogOutputStream:75 - [STDERR_REDIRECT] [Fatal Error] :1:1: Premature end of file.
2026-05-05 22:35:58,511 [ERROR] LogOutputStream:75 - [STDERR_REDIRECT] 
2026-05-05 22:35:59,509 [ERROR] LogOutputStream:75 - [STDERR_REDIRECT] [Fatal Error] :1:1: Premature end of file.
2026-05-05 22:35:59,509 [ERROR] LogOutputStream:75 - [STDERR_REDIRECT] 
2026-05-05 22:36:00,540 [ERROR] LogOutputStream:75 - [STDERR_REDIRECT] [Fatal Error] :1:1: Premature end of file.
2026-05-05 22:36:00,540 [ERROR] LogOutputStream:75 - [STDERR_REDIRECT] 
2026-05-05 22:36:01,568 [ERROR] LogOutputStream:75 - [STDERR_REDIRECT] [Fatal Error] :1:1: Premature end of file.
2026-05-05 22:36:01,568 [ERROR] LogOutputStream:75 - [STDERR_REDIRECT] 
2026-05-05 22:36:02,539 [ERROR] LogOutputStream:75 - [STDERR_REDIRECT] [Fatal Error] :1:1: Premature end of file.
2026-05-05 22:36:02,540 [ERROR] LogOutputStream:75 - [STDERR_REDIRECT] 
2026-05-05 22:36:03,562 [ERROR] LogOutputStream:75 - [STDERR_REDIRECT] [Fatal Error] :1:1: Premature end of file.
2026-05-05 22:36:03,563 [ERROR] LogOutputStream:75 - [STDERR_REDIRECT] 
2026-05-05 22:36:04,546 [ERROR] LogOutputStream:75 - [STDERR_REDIRECT] [Fatal Error] :1:1: Premature end of file.
2026-05-05 22:36:04,546 [ERROR] LogOutputStream:75 - [STDERR_REDIRECT] 
2026-05-05 22:36:05,575 [ERROR] LogOutputStream:75 - [STDERR_REDIRECT] [Fatal Error] :1:1: Premature end of file.
2026-05-05 22:36:05,576 [ERROR] LogOutputStream:75 - [STDERR_REDIRECT] 
2026-05-05 22:36:06,547 [ERROR] LogOutputStream:75 - [STDERR_REDIRECT] [Fatal Error] :1:1: Premature end of file.
2026-05-05 22:36:06,547 [ERROR] LogOutputStream:75 - [STDERR_REDIRECT] 
2026-05-05 22:36:07,544 [ERROR] LogOutputStream:75 - [STDERR_REDIRECT] [Fatal Error] :1:1: Premature end of file.
2026-05-05 22:36:07,545 [ERROR] LogOutputStream:75 - [STDERR_REDIRECT] 
2026-05-05 22:36:08,561 [ERROR] LogOutputStream:75 - [STDERR_REDIRECT] [Fatal Error] :1:1: Premature end of file.
2026-05-05 22:36:08,561 [ERROR] LogOutputStream:75 - [STDERR_REDIRECT] 
2026-05-05 22:36:09,565 [ERROR] LogOutputStream:75 - [STDERR_REDIRECT] [Fatal Error] :1:1: Premature end of file.
2026-05-05 22:36:09,565 [ERROR] LogOutputStream:75 - [STDERR_REDIRECT] 
2026-05-05 22:36:10,576 [ERROR] LogOutputStream:75 - [STDERR_REDIRECT] [Fatal Error] :1:1: Premature end of file.
2026-05-05 22:36:10,578 [ERROR] LogOutputStream:75 - [STDERR_REDIRECT] 
2026-05-05 22:36:11,561 [ERROR] LogOutputStream:75 - [STDERR_REDIRECT] [Fatal Error] :1:1: Premature end of file.
2026-05-05 22:36:11,562 [ERROR] LogOutputStream:75 - [STDERR_REDIRECT] 
2026-05-05 22:36:12,563 [ERROR] LogOutputStream:75 - [STDERR_REDIRECT] [Fatal Error] :1:1: Premature end of file.
2026-05-05 22:36:12,564 [ERROR] LogOutputStream:75 - [STDERR_REDIRECT] 
2026-05-05 22:36:13,543 [ERROR] LogOutputStream:75 - [STDERR_REDIRECT] [Fatal Error] :1:1: Premature end of file.
2026-05-05 22:36:13,543 [ERROR] LogOutputStream:75 - [STDERR_REDIRECT] 
2026-05-05 22:36:14,560 [ERROR] LogOutputStream:75 - [STDERR_REDIRECT] [Fatal Error] :1:1: Premature end of file.
2026-05-05 22:36:14,561 [ERROR] LogOutputStream:75 - [STDERR_REDIRECT] 
2026-05-05 22:36:15,530 [ERROR] LogOutputStream:75 - [STDERR_REDIRECT] [Fatal Error] :1:1: Premature end of file.
2026-05-05 22:36:15,530 [ERROR] LogOutputStream:75 - [STDERR_REDIRECT] 
2026-05-05 22:36:16,532 [ERROR] LogOutputStream:75 - [STDERR_REDIRECT] [Fatal Error] :1:1: Premature end of file.
2026-05-05 22:36:16,532 [ERROR] LogOutputStream:75 - [STDERR_REDIRECT] 
2026-05-05 22:36:17,555 [ERROR] LogOutputStream:75 - [STDERR_REDIRECT] [Fatal Error] :1:1: Premature end of file.
2026-05-05 22:36:17,555 [ERROR] LogOutputStream:75 - [STDERR_REDIRECT] 
2026-05-05 22:36:18,510 [ERROR] LogOutputStream:75 - [STDERR_REDIRECT] [Fatal Error] :1:1: Premature end of file.
2026-05-05 22:36:18,510 [ERROR] LogOutputStream:75 - [STDERR_REDIRECT] 
2026-05-05 22:36:19,541 [ERROR] LogOutputStream:75 - [STDERR_REDIRECT] [Fatal Error] :1:1: Premature end of file.
2026-05-05 22:36:19,541 [ERROR] LogOutputStream:75 - [STDERR_REDIRECT] 
2026-05-05 22:36:20,543 [ERROR] LogOutputStream:75 - [STDERR_REDIRECT] [Fatal Error] :1:1: Premature end of file.
2026-05-05 22:36:20,543 [ERROR] LogOutputStream:75 - [STDERR_REDIRECT] 
2026-05-05 22:36:21,538 [ERROR] LogOutputStream:75 - [STDERR_REDIRECT] [Fatal Error] :1:1: Premature end of file.
2026-05-05 22:36:21,539 [ERROR] LogOutputStream:75 - [STDERR_REDIRECT] 
2026-05-05 22:36:22,546 [ERROR] LogOutputStream:75 - [STDERR_REDIRECT] [Fatal Error] :1:1: Premature end of file.
2026-05-05 22:36:22,547 [ERROR] LogOutputStream:75 - [STDERR_REDIRECT] 
2026-05-05 22:36:23,544 [ERROR] LogOutputStream:75 - [STDERR_REDIRECT] [Fatal Error] :1:1: Premature end of file.
2026-05-05 22:36:23,545 [ERROR] LogOutputStream:75 - [STDERR_REDIRECT] 
2026-05-05 22:36:24,547 [ERROR] LogOutputStream:75 - [STDERR_REDIRECT] [Fatal Error] :1:1: Premature end of file.
2026-05-05 22:36:24,547 [ERROR] LogOutputStream:75 - [STDERR_REDIRECT] 
2026-05-05 22:36:25,524 [ERROR] LogOutputStream:75 - [STDERR_REDIRECT] [Fatal Error] :1:1: Premature end of file.
2026-05-05 22:36:25,524 [ERROR] LogOutputStream:75 - [STDERR_REDIRECT] 
2026-05-05 22:36:26,551 [ERROR] LogOutputStream:75 - [STDERR_REDIRECT] [Fatal Error] :1:1: Premature end of file.
2026-05-05 22:36:26,551 [ERROR] LogOutputStream:75 - [STDERR_REDIRECT] 
2026-05-05 22:36:27,539 [ERROR] LogOutputStream:75 - [STDERR_REDIRECT] [Fatal Error] :1:1: Premature end of file.
2026-05-05 22:36:27,539 [ERROR] LogOutputStream:75 - [STDERR_REDIRECT] 
2026-05-05 22:36:28,539 [ERROR] LogOutputStream:75 - [STDERR_REDIRECT] [Fatal Error] :1:1: Premature end of file.
2026-05-05 22:36:28,539 [ERROR] LogOutputStream:75 - [STDERR_REDIRECT] 
2026-05-05 22:36:29,569 [ERROR] LogOutputStream:75 - [STDERR_REDIRECT] [Fatal Error] :1:1: Premature end of file.
2026-05-05 22:36:29,569 [ERROR] LogOutputStream:75 - [STDERR_REDIRECT] 
2026-05-05 22:36:30,540 [ERROR] LogOutputStream:75 - [STDERR_REDIRECT] [Fatal Error] :1:1: Premature end of file.
2026-05-05 22:36:30,541 [ERROR] LogOutputStream:75 - [STDERR_REDIRECT] 
2026-05-05 22:36:31,542 [ERROR] LogOutputStream:75 - [STDERR_REDIRECT] [Fatal Error] :1:1: Premature end of file.
2026-05-05 22:36:31,542 [ERROR] LogOutputStream:75 - [STDERR_REDIRECT] 
2026-05-05 22:36:32,553 [ERROR] LogOutputStream:75 - [STDERR_REDIRECT] [Fatal Error] :1:1: Premature end of file.
2026-05-05 22:36:32,554 [ERROR] LogOutputStream:75 - [STDERR_REDIRECT] 
2026-05-05 22:36:33,549 [ERROR] LogOutputStream:75 - [STDERR_REDIRECT] [Fatal Error] :1:1: Premature end of file.
2026-05-05 22:36:33,549 [ERROR] LogOutputStream:75 - [STDERR_REDIRECT] 
2026-05-05 22:36:34,534 [ERROR] LogOutputStream:75 - [STDERR_REDIRECT] [Fatal Error] :1:1: Premature end of file.
2026-05-05 22:36:34,535 [ERROR] LogOutputStream:75 - [STDERR_REDIRECT] 
2026-05-05 22:36:35,526 [ERROR] LogOutputStream:75 - [STDERR_REDIRECT] [Fatal Error] :1:1: Premature end of file.
2026-05-05 22:36:35,527 [ERROR] LogOutputStream:75 - [STDERR_REDIRECT] 
2026-05-05 22:36:36,461 [ERROR] ConfigurationRetriever:142 - IOException on connection: Read timed out
2026-05-05 22:36:36,535 [ERROR] LogOutputStream:75 - [STDERR_REDIRECT] [Fatal Error] :1:1: Premature end of file.
2026-05-05 22:36:36,535 [ERROR] LogOutputStream:75 - [STDERR_REDIRECT] 
2026-05-05 22:36:37,532 [ERROR] LogOutputStream:75 - [STDERR_REDIRECT] [Fatal Error] :1:1: Premature end of file.
2026-05-05 22:36:37,532 [ERROR] LogOutputStream:75 - [STDERR_REDIRECT] 
2026-05-05 22:36:38,530 [ERROR] LogOutputStream:75 - [STDERR_REDIRECT] [Fatal Error] :1:1: Premature end of file.
2026-05-05 22:36:38,530 [ERROR] LogOutputStream:75 - [STDERR_REDIRECT] 
2026-05-05 22:36:39,544 [ERROR] LogOutputStream:75 - [STDERR_REDIRECT] [Fatal Error] :1:1: Premature end of file.
2026-05-05 22:36:39,544 [ERROR] LogOutputStream:75 - [STDERR_REDIRECT] 
2026-05-05 22:36:40,546 [ERROR] LogOutputStream:75 - [STDERR_REDIRECT] [Fatal Error] :1:1: Premature end of file.
2026-05-05 22:36:40,546 [ERROR] LogOutputStream:75 - [STDERR_REDIRECT] 
2026-05-05 22:36:41,553 [ERROR] LogOutputStream:75 - [STDERR_REDIRECT] [Fatal Error] :1:1: Premature end of file.
2026-05-05 22:36:41,554 [ERROR] LogOutputStream:75 - [STDERR_REDIRECT] 
2026-05-05 22:36:42,547 [ERROR] LogOutputStream:75 - [STDERR_REDIRECT] [Fatal Error] :1:1: Premature end of file.
2026-05-05 22:36:42,548 [ERROR] LogOutputStream:75 - [STDERR_REDIRECT] 
2026-05-05 22:36:43,556 [ERROR] LogOutputStream:75 - [STDERR_REDIRECT] [Fatal Error] :1:1: Premature end of file.
2026-05-05 22:36:43,556 [ERROR] LogOutputStream:75 - [STDERR_REDIRECT] 
2026-05-05 22:36:44,531 [ERROR] LogOutputStream:75 - [STDERR_REDIRECT] [Fatal Error] :1:1: Premature end of file.
2026-05-05 22:36:44,532 [ERROR] LogOutputStream:75 - [STDERR_REDIRECT] 
2026-05-05 22:36:45,543 [ERROR] LogOutputStream:75 - [STDERR_REDIRECT] [Fatal Error] :1:1: Premature end of file.
2026-05-05 22:36:45,544 [ERROR] LogOutputStream:75 - [STDERR_REDIRECT] 
2026-05-05 22:36:46,537 [ERROR] LogOutputStream:75 - [STDERR_REDIRECT] [Fatal Error] :1:1: Premature end of file.
2026-05-05 22:36:46,538 [ERROR] LogOutputStream:75 - [STDERR_REDIRECT] 
2026-05-05 22:36:47,546 [ERROR] LogOutputStream:75 - [STDERR_REDIRECT] [Fatal Error] :1:1: Premature end of file.
2026-05-05 22:36:47,546 [ERROR] LogOutputStream:75 - [STDERR_REDIRECT] 
2026-05-05 22:36:48,539 [ERROR] LogOutputStream:75 - [STDERR_REDIRECT] [Fatal Error] :1:1: Premature end of file.
2026-05-05 22:36:48,539 [ERROR] LogOutputStream:75 - [STDERR_REDIRECT] 
2026-05-05 22:36:49,517 [ERROR] LogOutputStream:75 - [STDERR_REDIRECT] [Fatal Error] :1:1: Premature end of file.
2026-05-05 22:36:49,518 [ERROR] LogOutputStream:75 - [STDERR_REDIRECT] 
2026-05-05 22:36:50,542 [ERROR] LogOutputStream:75 - [STDERR_REDIRECT] [Fatal Error] :1:1: Premature end of file.
2026-05-05 22:36:50,543 [ERROR] LogOutputStream:75 - [STDERR_REDIRECT] 
2026-05-05 22:36:51,532 [ERROR] LogOutputStream:75 - [STDERR_REDIRECT] [Fatal Error] :1:1: Premature end of file.
2026-05-05 22:36:51,532 [ERROR] LogOutputStream:75 - [STDERR_REDIRECT] 
2026-05-05 22:36:52,543 [ERROR] LogOutputStream:75 - [STDERR_REDIRECT] [Fatal Error] :1:1: Premature end of file.
2026-05-05 22:36:52,543 [ERROR] LogOutputStream:75 - [STDERR_REDIRECT] 
2026-05-05 22:36:53,510 [ERROR] LogOutputStream:75 - [STDERR_REDIRECT] [Fatal Error] :1:1: Premature end of file.
2026-05-05 22:36:53,510 [ERROR] LogOutputStream:75 - [STDERR_REDIRECT] 
2026-05-05 22:36:54,514 [ERROR] LogOutputStream:75 - [STDERR_REDIRECT] [Fatal Error] :1:1: Premature end of file.
2026-05-05 22:36:54,514 [ERROR] LogOutputStream:75 - [STDERR_REDIRECT] 
2026-05-05 22:36:55,523 [ERROR] LogOutputStream:75 - [STDERR_REDIRECT] [Fatal Error] :1:1: Premature end of file.
2026-05-05 22:36:55,523 [ERROR] LogOutputStream:75 - [STDERR_REDIRECT] 
2026-05-05 22:36:56,512 [ERROR] LogOutputStream:75 - [STDERR_REDIRECT] [Fatal Error] :1:1: Premature end of file.
2026-05-05 22:36:56,512 [ERROR] LogOutputStream:75 - [STDERR_REDIRECT] 
2026-05-05 22:36:57,523 [ERROR] LogOutputStream:75 - [STDERR_REDIRECT] [Fatal Error] :1:1: Premature end of file.
2026-05-05 22:36:57,523 [ERROR] LogOutputStream:75 - [STDERR_REDIRECT] 
2026-05-05 22:36:58,509 [ERROR] LogOutputStream:75 - [STDERR_REDIRECT] [Fatal Error] :1:1: Premature end of file.
2026-05-05 22:36:58,509 [ERROR] LogOutputStream:75 - [STDERR_REDIRECT] 
2026-05-05 22:36:59,527 [ERROR] LogOutputStream:75 - [STDERR_REDIRECT] [Fatal Error] :1:1: Premature end of file.
2026-05-05 22:36:59,527 [ERROR] LogOutputStream:75 - [STDERR_REDIRECT] 
2026-05-05 22:37:00,531 [ERROR] LogOutputStream:75 - [STDERR_REDIRECT] [Fatal Error] :1:1: Premature end of file.
2026-05-05 22:37:00,531 [ERROR] LogOutputStream:75 - [STDERR_REDIRECT] 
2026-05-05 22:37:01,540 [ERROR] LogOutputStream:75 - [STDERR_REDIRECT] [Fatal Error] :1:1: Premature end of file.
2026-05-05 22:37:01,540 [ERROR] LogOutputStream:75 - [STDERR_REDIRECT] 
2026-05-05 22:37:02,519 [ERROR] LogOutputStream:75 - [STDERR_REDIRECT] [Fatal Error] :1:1: Premature end of file.
2026-05-05 22:37:02,520 [ERROR] LogOutputStream:75 - [STDERR_REDIRECT] 
2026-05-05 22:37:03,530 [ERROR] LogOutputStream:75 - [STDERR_REDIRECT] [Fatal Error] :1:1: Premature end of file.
2026-05-05 22:37:03,530 [ERROR] LogOutputStream:75 - [STDERR_REDIRECT] 
2026-05-05 22:37:04,533 [ERROR] LogOutputStream:75 - [STDERR_REDIRECT] [Fatal Error] :1:1: Premature end of file.
2026-05-05 22:37:04,534 [ERROR] LogOutputStream:75 - [STDERR_REDIRECT] 
2026-05-05 22:37:05,537 [ERROR] LogOutputStream:75 - [STDERR_REDIRECT] [Fatal Error] :1:1: Premature end of file.
2026-05-05 22:37:05,537 [ERROR] LogOutputStream:75 - [STDERR_REDIRECT] 
2026-05-05 22:37:06,535 [ERROR] LogOutputStream:75 - [STDERR_REDIRECT] [Fatal Error] :1:1: Premature end of file.
2026-05-05 22:37:06,535 [ERROR] LogOutputStream:75 - [STDERR_REDIRECT] 
2026-05-05 22:37:07,530 [ERROR] LogOutputStream:75 - [STDERR_REDIRECT] [Fatal Error] :1:1: Premature end of file.
2026-05-05 22:37:07,530 [ERROR] LogOutputStream:75 - [STDERR_REDIRECT] 
2026-05-05 22:37:08,527 [ERROR] LogOutputStream:75 - [STDERR_REDIRECT] [Fatal Error] :1:1: Premature end of file.
2026-05-05 22:37:08,528 [ERROR] LogOutputStream:75 - [STDERR_REDIRECT] 
2026-05-05 22:37:09,528 [ERROR] LogOutputStream:75 - [STDERR_REDIRECT] [Fatal Error] :1:1: Premature end of file.
2026-05-05 22:37:09,528 [ERROR] LogOutputStream:75 - [STDERR_REDIRECT] 
2026-05-05 22:37:10,526 [ERROR] LogOutputStream:75 - [STDERR_REDIRECT] [Fatal Error] :1:1: Premature end of file.
2026-05-05 22:37:10,527 [ERROR] LogOutputStream:75 - [STDERR_REDIRECT] 
2026-05-05 22:37:11,530 [ERROR] LogOutputStream:75 - [STDERR_REDIRECT] [Fatal Error] :1:1: Premature end of file.
2026-05-05 22:37:11,530 [ERROR] LogOutputStream:75 - [STDERR_REDIRECT] 
2026-05-05 22:37:12,526 [ERROR] LogOutputStream:75 - [STDERR_REDIRECT] [Fatal Error] :1:1: Premature end of file.
2026-05-05 22:37:12,527 [ERROR] LogOutputStream:75 - [STDERR_REDIRECT] 
2026-05-05 22:37:13,531 [ERROR] LogOutputStream:75 - [STDERR_REDIRECT] [Fatal Error] :1:1: Premature end of file.
2026-05-05 22:37:13,531 [ERROR] LogOutputStream:75 - [STDERR_REDIRECT] 
2026-05-05 22:37:14,531 [ERROR] LogOutputStream:75 - [STDERR_REDIRECT] [Fatal Error] :1:1: Premature end of file.
2026-05-05 22:37:14,532 [ERROR] LogOutputStream:75 - [STDERR_REDIRECT] 
2026-05-05 22:37:15,520 [ERROR] LogOutputStream:75 - [STDERR_REDIRECT] [Fatal Error] :1:1: Premature end of file.
2026-05-05 22:37:15,520 [ERROR] LogOutputStream:75 - [STDERR_REDIRECT] 
2026-05-05 22:37:16,527 [ERROR] LogOutputStream:75 - [STDERR_REDIRECT] [Fatal Error] :1:1: Premature end of file.
2026-05-05 22:37:16,527 [ERROR] LogOutputStream:75 - [STDERR_REDIRECT] 
2026-05-05 22:37:17,512 [ERROR] LogOutputStream:75 - [STDERR_REDIRECT] [Fatal Error] :1:1: Premature end of file.
2026-05-05 22:37:17,512 [ERROR] LogOutputStream:75 - [STDERR_REDIRECT] 
2026-05-05 22:37:18,516 [ERROR] LogOutputStream:75 - [STDERR_REDIRECT] [Fatal Error] :1:1: Premature end of file.
2026-05-05 22:37:18,516 [ERROR] LogOutputStream:75 - [STDERR_REDIRECT] 
2026-05-05 22:37:19,504 [ERROR] LogOutputStream:75 - [STDERR_REDIRECT] [Fatal Error] :1:1: Premature end of file.
2026-05-05 22:37:19,505 [ERROR] LogOutputStream:75 - [STDERR_REDIRECT] 
2026-05-05 22:37:20,543 [ERROR] LogOutputStream:75 - [STDERR_REDIRECT] [Fatal Error] :1:1: Premature end of file.
2026-05-05 22:37:20,543 [ERROR] LogOutputStream:75 - [STDERR_REDIRECT] 
2026-05-05 22:37:21,549 [ERROR] LogOutputStream:75 - [STDERR_REDIRECT] [Fatal Error] :1:1: Premature end of file.
2026-05-05 22:37:21,549 [ERROR] LogOutputStream:75 - [STDERR_REDIRECT] 
2026-05-05 22:37:22,541 [ERROR] LogOutputStream:75 - [STDERR_REDIRECT] [Fatal Error] :1:1: Premature end of file.
2026-05-05 22:37:22,541 [ERROR] LogOutputStream:75 - [STDERR_REDIRECT] 
2026-05-05 22:37:23,540 [ERROR] LogOutputStream:75 - [STDERR_REDIRECT] [Fatal Error] :1:1: Premature end of file.
2026-05-05 22:37:23,541 [ERROR] LogOutputStream:75 - [STDERR_REDIRECT] 
2026-05-05 22:37:24,555 [ERROR] LogOutputStream:75 - [STDERR_REDIRECT] [Fatal Error] :1:1: Premature end of file.
2026-05-05 22:37:24,555 [ERROR] LogOutputStream:75 - [STDERR_REDIRECT] 
2026-05-05 22:37:25,543 [ERROR] LogOutputStream:75 - [STDERR_REDIRECT] [Fatal Error] :1:1: Premature end of file.
2026-05-05 22:37:25,543 [ERROR] LogOutputStream:75 - [STDERR_REDIRECT] 
2026-05-05 22:37:26,546 [ERROR] LogOutputStream:75 - [STDERR_REDIRECT] [Fatal Error] :1:1: Premature end of file.
2026-05-05 22:37:26,547 [ERROR] LogOutputStream:75 - [STDERR_REDIRECT] 
2026-05-05 22:37:27,529 [ERROR] LogOutputStream:75 - [STDERR_REDIRECT] [Fatal Error] :1:1: Premature end of file.
2026-05-05 22:37:27,530 [ERROR] LogOutputStream:75 - [STDERR_REDIRECT] 
2026-05-05 22:37:28,536 [ERROR] LogOutputStream:75 - [STDERR_REDIRECT] [Fatal Error] :1:1: Premature end of file.
2026-05-05 22:37:28,537 [ERROR] LogOutputStream:75 - [STDERR_REDIRECT] 
2026-05-05 22:37:29,547 [ERROR] LogOutputStream:75 - [STDERR_REDIRECT] [Fatal Error] :1:1: Premature end of file.
2026-05-05 22:37:29,547 [ERROR] LogOutputStream:75 - [STDERR_REDIRECT] 
2026-05-05 22:37:30,544 [ERROR] LogOutputStream:75 - [STDERR_REDIRECT] [Fatal Error] :1:1: Premature end of file.
2026-05-05 22:37:30,544 [ERROR] LogOutputStream:75 - [STDERR_REDIRECT] 
2026-05-05 22:37:31,549 [ERROR] LogOutputStream:75 - [STDERR_REDIRECT] [Fatal Error] :1:1: Premature end of file.
2026-05-05 22:37:31,550 [ERROR] LogOutputStream:75 - [STDERR_REDIRECT] 
2026-05-05 22:37:32,540 [ERROR] LogOutputStream:75 - [STDERR_REDIRECT] [Fatal Error] :1:1: Premature end of file.
2026-05-05 22:37:32,540 [ERROR] LogOutputStream:75 - [STDERR_REDIRECT] 
2026-05-05 22:37:33,518 [ERROR] LogOutputStream:75 - [STDERR_REDIRECT] [Fatal Error] :1:1: Premature end of file.
2026-05-05 22:37:33,518 [ERROR] LogOutputStream:75 - [STDERR_REDIRECT] 
2026-05-05 22:37:34,533 [ERROR] LogOutputStream:75 - [STDERR_REDIRECT] [Fatal Error] :1:1: Premature end of file.
2026-05-05 22:37:34,533 [ERROR] LogOutputStream:75 - [STDERR_REDIRECT] 
2026-05-05 22:37:35,539 [ERROR] LogOutputStream:75 - [STDERR_REDIRECT] [Fatal Error] :1:1: Premature end of file.
2026-05-05 22:37:35,539 [ERROR] LogOutputStream:75 - [STDERR_REDIRECT] 
2026-05-05 22:37:36,534 [ERROR] LogOutputStream:75 - [STDERR_REDIRECT] [Fatal Error] :1:1: Premature end of file.
2026-05-05 22:37:36,534 [ERROR] LogOutputStream:75 - [STDERR_REDIRECT] 
2026-05-05 22:37:37,533 [ERROR] LogOutputStream:75 - [STDERR_REDIRECT] [Fatal Error] :1:1: Premature end of file.
2026-05-05 22:37:37,533 [ERROR] LogOutputStream:75 - [STDERR_REDIRECT] 
2026-05-05 22:37:38,537 [ERROR] LogOutputStream:75 - [STDERR_REDIRECT] [Fatal Error] :1:1: Premature end of file.
2026-05-05 22:37:38,537 [ERROR] LogOutputStream:75 - [STDERR_REDIRECT] 
2026-05-05 22:37:39,534 [ERROR] LogOutputStream:75 - [STDERR_REDIRECT] [Fatal Error] :1:1: Premature end of file.
2026-05-05 22:37:39,534 [ERROR] LogOutputStream:75 - [STDERR_REDIRECT] 
2026-05-05 22:37:40,532 [ERROR] LogOutputStream:75 - [STDERR_REDIRECT] [Fatal Error] :1:1: Premature end of file.
2026-05-05 22:37:40,532 [ERROR] LogOutputStream:75 - [STDERR_REDIRECT] 
2026-05-05 22:37:41,538 [ERROR] LogOutputStream:75 - [STDERR_REDIRECT] [Fatal Error] :1:1: Premature end of file.
2026-05-05 22:37:41,538 [ERROR] LogOutputStream:75 - [STDERR_REDIRECT] 
2026-05-05 22:37:42,536 [ERROR] LogOutputStream:75 - [STDERR_REDIRECT] [Fatal Error] :1:1: Premature end of file.
2026-05-05 22:37:42,537 [ERROR] LogOutputStream:75 - [STDERR_REDIRECT] 
2026-05-05 22:37:43,531 [ERROR] LogOutputStream:75 - [STDERR_REDIRECT] [Fatal Error] :1:1: Premature end of file.
2026-05-05 22:37:43,531 [ERROR] LogOutputStream:75 - [STDERR_REDIRECT] 
2026-05-05 22:37:44,536 [ERROR] LogOutputStream:75 - [STDERR_REDIRECT] [Fatal Error] :1:1: Premature end of file.
2026-05-05 22:37:44,536 [ERROR] LogOutputStream:75 - [STDERR_REDIRECT] 
2026-05-05 22:37:45,537 [ERROR] LogOutputStream:75 - [STDERR_REDIRECT] [Fatal Error] :1:1: Premature end of file.
2026-05-05 22:37:45,537 [ERROR] LogOutputStream:75 - [STDERR_REDIRECT] 
2026-05-05 22:37:46,537 [ERROR] LogOutputStream:75 - [STDERR_REDIRECT] [Fatal Error] :1:1: Premature end of file.
2026-05-05 22:37:46,537 [ERROR] LogOutputStream:75 - [STDERR_REDIRECT] 
2026-05-05 22:37:47,518 [ERROR] LogOutputStream:75 - [STDERR_REDIRECT] [Fatal Error] :1:1: Premature end of file.
2026-05-05 22:37:47,519 [ERROR] LogOutputStream:75 - [STDERR_REDIRECT] 
2026-05-05 22:37:48,509 [ERROR] LogOutputStream:75 - [STDERR_REDIRECT] [Fatal Error] :1:1: Premature end of file.
2026-05-05 22:37:48,510 [ERROR] LogOutputStream:75 - [STDERR_REDIRECT] 
2026-05-05 22:37:49,535 [ERROR] LogOutputStream:75 - [STDERR_REDIRECT] [Fatal Error] :1:1: Premature end of file.
2026-05-05 22:37:49,535 [ERROR] LogOutputStream:75 - [STDERR_REDIRECT] 
2026-05-05 22:37:50,534 [ERROR] LogOutputStream:75 - [STDERR_REDIRECT] [Fatal Error] :1:1: Premature end of file.
2026-05-05 22:37:50,534 [ERROR] LogOutputStream:75 - [STDERR_REDIRECT] 
2026-05-05 22:37:51,531 [ERROR] LogOutputStream:75 - [STDERR_REDIRECT] [Fatal Error] :1:1: Premature end of file.
2026-05-05 22:37:51,533 [ERROR] LogOutputStream:75 - [STDERR_REDIRECT] 
2026-05-05 22:37:52,531 [ERROR] LogOutputStream:75 - [STDERR_REDIRECT] [Fatal Error] :1:1: Premature end of file.
2026-05-05 22:37:52,532 [ERROR] LogOutputStream:75 - [STDERR_REDIRECT] 
2026-05-05 22:37:53,536 [ERROR] LogOutputStream:75 - [STDERR_REDIRECT] [Fatal Error] :1:1: Premature end of file.
2026-05-05 22:37:53,536 [ERROR] LogOutputStream:75 - [STDERR_REDIRECT] 
2026-05-05 22:37:54,534 [ERROR] LogOutputStream:75 - [STDERR_REDIRECT] [Fatal Error] :1:1: Premature end of file.
2026-05-05 22:37:54,535 [ERROR] LogOutputStream:75 - [STDERR_REDIRECT] 
2026-05-05 22:37:55,539 [ERROR] LogOutputStream:75 - [STDERR_REDIRECT] [Fatal Error] :1:1: Premature end of file.
2026-05-05 22:37:55,539 [ERROR] LogOutputStream:75 - [STDERR_REDIRECT] 
2026-05-05 22:37:56,527 [ERROR] LogOutputStream:75 - [STDERR_REDIRECT] [Fatal Error] :1:1: Premature end of file.
2026-05-05 22:37:56,528 [ERROR] LogOutputStream:75 - [STDERR_REDIRECT] 
2026-05-05 22:37:57,535 [ERROR] LogOutputStream:75 - [STDERR_REDIRECT] [Fatal Error] :1:1: Premature end of file.
2026-05-05 22:37:57,536 [ERROR] LogOutputStream:75 - [STDERR_REDIRECT] 
2026-05-05 22:37:58,536 [ERROR] LogOutputStream:75 - [STDERR_REDIRECT] [Fatal Error] :1:1: Premature end of file.
2026-05-05 22:37:58,536 [ERROR] LogOutputStream:75 - [STDERR_REDIRECT] 
2026-05-05 22:37:59,535 [ERROR] LogOutputStream:75 - [STDERR_REDIRECT] [Fatal Error] :1:1: Premature end of file.
2026-05-05 22:37:59,535 [ERROR] LogOutputStream:75 - [STDERR_REDIRECT] 
2026-05-05 22:38:00,534 [ERROR] LogOutputStream:75 - [STDERR_REDIRECT] [Fatal Error] :1:1: Premature end of file.
2026-05-05 22:38:00,535 [ERROR] LogOutputStream:75 - [STDERR_REDIRECT] 
2026-05-05 22:38:01,529 [ERROR] LogOutputStream:75 - [STDERR_REDIRECT] [Fatal Error] :1:1: Premature end of file.
2026-05-05 22:38:01,529 [ERROR] LogOutputStream:75 - [STDERR_REDIRECT] 
2026-05-05 22:38:02,532 [ERROR] LogOutputStream:75 - [STDERR_REDIRECT] [Fatal Error] :1:1: Premature end of file.
2026-05-05 22:38:02,532 [ERROR] LogOutputStream:75 - [STDERR_REDIRECT] 
2026-05-05 22:38:03,529 [ERROR] LogOutputStream:75 - [STDERR_REDIRECT] [Fatal Error] :1:1: Premature end of file.
2026-05-05 22:38:03,530 [ERROR] LogOutputStream:75 - [STDERR_REDIRECT] 
2026-05-05 22:38:04,507 [ERROR] LogOutputStream:75 - [STDERR_REDIRECT] [Fatal Error] :1:1: Premature end of file.
2026-05-05 22:38:04,508 [ERROR] LogOutputStream:75 - [STDERR_REDIRECT] 
2026-05-05 22:38:05,531 [ERROR] LogOutputStream:75 - [STDERR_REDIRECT] [Fatal Error] :1:1: Premature end of file.
2026-05-05 22:38:05,531 [ERROR] LogOutputStream:75 - [STDERR_REDIRECT] 
2026-05-05 22:38:06,537 [ERROR] LogOutputStream:75 - [STDERR_REDIRECT] [Fatal Error] :1:1: Premature end of file.
2026-05-05 22:38:06,537 [ERROR] LogOutputStream:75 - [STDERR_REDIRECT] 
2026-05-05 22:38:07,537 [ERROR] LogOutputStream:75 - [STDERR_REDIRECT] [Fatal Error] :1:1: Premature end of file.
2026-05-05 22:38:07,537 [ERROR] LogOutputStream:75 - [STDERR_REDIRECT] 
2026-05-05 22:38:08,531 [ERROR] LogOutputStream:75 - [STDERR_REDIRECT] [Fatal Error] :1:1: Premature end of file.
2026-05-05 22:38:08,533 [ERROR] LogOutputStream:75 - [STDERR_REDIRECT] 
2026-05-05 22:38:09,530 [ERROR] LogOutputStream:75 - [STDERR_REDIRECT] [Fatal Error] :1:1: Premature end of file.
2026-05-05 22:38:09,530 [ERROR] LogOutputStream:75 - [STDERR_REDIRECT] 
2026-05-05 22:38:10,525 [ERROR] LogOutputStream:75 - [STDERR_REDIRECT] [Fatal Error] :1:1: Premature end of file.
2026-05-05 22:38:10,525 [ERROR] LogOutputStream:75 - [STDERR_REDIRECT] 
2026-05-05 22:38:11,528 [ERROR] LogOutputStream:75 - [STDERR_REDIRECT] [Fatal Error] :1:1: Premature end of file.
2026-05-05 22:38:11,528 [ERROR] LogOutputStream:75 - [STDERR_REDIRECT] 
2026-05-05 22:38:12,533 [ERROR] LogOutputStream:75 - [STDERR_REDIRECT] [Fatal Error] :1:1: Premature end of file.
2026-05-05 22:38:12,533 [ERROR] LogOutputStream:75 - [STDERR_REDIRECT] 
2026-05-05 22:38:13,535 [ERROR] LogOutputStream:75 - [STDERR_REDIRECT] [Fatal Error] :1:1: Premature end of file.
2026-05-05 22:38:13,538 [ERROR] LogOutputStream:75 - [STDERR_REDIRECT] 
2026-05-05 22:38:14,534 [ERROR] LogOutputStream:75 - [STDERR_REDIRECT] [Fatal Error] :1:1: Premature end of file.
2026-05-05 22:38:14,534 [ERROR] LogOutputStream:75 - [STDERR_REDIRECT] 
2026-05-05 22:38:15,533 [ERROR] LogOutputStream:75 - [STDERR_REDIRECT] [Fatal Error] :1:1: Premature end of file.
2026-05-05 22:38:15,533 [ERROR] LogOutputStream:75 - [STDERR_REDIRECT] 
2026-05-05 22:38:16,535 [ERROR] LogOutputStream:75 - [STDERR_REDIRECT] [Fatal Error] :1:1: Premature end of file.
2026-05-05 22:38:16,535 [ERROR] LogOutputStream:75 - [STDERR_REDIRECT] 
2026-05-05 22:38:17,532 [ERROR] LogOutputStream:75 - [STDERR_REDIRECT] [Fatal Error] :1:1: Premature end of file.
2026-05-05 22:38:17,532 [ERROR] LogOutputStream:75 - [STDERR_REDIRECT] 
2026-05-05 22:38:18,535 [ERROR] LogOutputStream:75 - [STDERR_REDIRECT] [Fatal Error] :1:1: Premature end of file.
2026-05-05 22:38:18,535 [ERROR] LogOutputStream:75 - [STDERR_REDIRECT] 
2026-05-05 22:38:19,525 [ERROR] LogOutputStream:75 - [STDERR_REDIRECT] [Fatal Error] :1:1: Premature end of file.
2026-05-05 22:38:19,525 [ERROR] LogOutputStream:75 - [STDERR_REDIRECT] 
2026-05-05 22:38:20,534 [ERROR] LogOutputStream:75 - [STDERR_REDIRECT] [Fatal Error] :1:1: Premature end of file.
2026-05-05 22:38:20,534 [ERROR] LogOutputStream:75 - [STDERR_REDIRECT] 
2026-05-05 22:38:21,526 [ERROR] LogOutputStream:75 - [STDERR_REDIRECT] [Fatal Error] :1:1: Premature end of file.
2026-05-05 22:38:21,526 [ERROR] LogOutputStream:75 - [STDERR_REDIRECT] 
2026-05-05 22:38:22,533 [ERROR] LogOutputStream:75 - [STDERR_REDIRECT] [Fatal Error] :1:1: Premature end of file.
2026-05-05 22:38:22,534 [ERROR] LogOutputStream:75 - [STDERR_REDIRECT] 
2026-05-05 22:38:23,535 [ERROR] LogOutputStream:75 - [STDERR_REDIRECT] [Fatal Error] :1:1: Premature end of file.
2026-05-05 22:38:23,536 [ERROR] LogOutputStream:75 - [STDERR_REDIRECT] 
2026-05-05 22:38:24,532 [ERROR] LogOutputStream:75 - [STDERR_REDIRECT] [Fatal Error] :1:1: Premature end of file.
2026-05-05 22:38:24,532 [ERROR] LogOutputStream:75 - [STDERR_REDIRECT] 
2026-05-05 22:38:25,532 [ERROR] LogOutputStream:75 - [STDERR_REDIRECT] [Fatal Error] :1:1: Premature end of file.
2026-05-05 22:38:25,532 [ERROR] LogOutputStream:75 - [STDERR_REDIRECT] 
2026-05-05 22:38:26,533 [ERROR] LogOutputStream:75 - [STDERR_REDIRECT] [Fatal Error] :1:1: Premature end of file.
2026-05-05 22:38:26,533 [ERROR] LogOutputStream:75 - [STDERR_REDIRECT] 
2026-05-05 22:38:27,534 [ERROR] LogOutputStream:75 - [STDERR_REDIRECT] [Fatal Error] :1:1: Premature end of file.
2026-05-05 22:38:27,534 [ERROR] LogOutputStream:75 - [STDERR_REDIRECT] 
2026-05-05 22:38:28,533 [ERROR] LogOutputStream:75 - [STDERR_REDIRECT] [Fatal Error] :1:1: Premature end of file.
2026-05-05 22:38:28,533 [ERROR] LogOutputStream:75 - [STDERR_REDIRECT] 
2026-05-05 22:38:29,533 [ERROR] LogOutputStream:75 - [STDERR_REDIRECT] [Fatal Error] :1:1: Premature end of file.
2026-05-05 22:38:29,534 [ERROR] LogOutputStream:75 - [STDERR_REDIRECT] 
2026-05-05 22:38:30,533 [ERROR] LogOutputStream:75 - [STDERR_REDIRECT] [Fatal Error] :1:1: Premature end of file.
2026-05-05 22:38:30,534 [ERROR] LogOutputStream:75 - [STDERR_REDIRECT] 
2026-05-05 22:38:31,528 [ERROR] LogOutputStream:75 - [STDERR_REDIRECT] [Fatal Error] :1:1: Premature end of file.
2026-05-05 22:38:31,529 [ERROR] LogOutputStream:75 - [STDERR_REDIRECT] 
2026-05-05 22:38:32,535 [ERROR] LogOutputStream:75 - [STDERR_REDIRECT] [Fatal Error] :1:1: Premature end of file.
2026-05-05 22:38:32,536 [ERROR] LogOutputStream:75 - [STDERR_REDIRECT] 
2026-05-05 22:38:33,537 [ERROR] LogOutputStream:75 - [STDERR_REDIRECT] [Fatal Error] :1:1: Premature end of file.
2026-05-05 22:38:33,537 [ERROR] LogOutputStream:75 - [STDERR_REDIRECT] 
2026-05-05 22:38:34,514 [ERROR] LogOutputStream:75 - [STDERR_REDIRECT] [Fatal Error] :1:1: Premature end of file.
2026-05-05 22:38:34,514 [ERROR] LogOutputStream:75 - [STDERR_REDIRECT] 
2026-05-05 22:38:35,532 [ERROR] LogOutputStream:75 - [STDERR_REDIRECT] [Fatal Error] :1:1: Premature end of file.
2026-05-05 22:38:35,533 [ERROR] LogOutputStream:75 - [STDERR_REDIRECT] 
2026-05-05 22:38:36,530 [ERROR] LogOutputStream:75 - [STDERR_REDIRECT] [Fatal Error] :1:1: Premature end of file.
2026-05-05 22:38:36,531 [ERROR] LogOutputStream:75 - [STDERR_REDIRECT] 
2026-05-05 22:38:37,530 [ERROR] LogOutputStream:75 - [STDERR_REDIRECT] [Fatal Error] :1:1: Premature end of file.
2026-05-05 22:38:37,530 [ERROR] LogOutputStream:75 - [STDERR_REDIRECT] 
2026-05-05 22:38:38,536 [ERROR] LogOutputStream:75 - [STDERR_REDIRECT] [Fatal Error] :1:1: Premature end of file.
2026-05-05 22:38:38,536 [ERROR] LogOutputStream:75 - [STDERR_REDIRECT] 
2026-05-05 22:38:39,529 [ERROR] LogOutputStream:75 - [STDERR_REDIRECT] [Fatal Error] :1:1: Premature end of file.
2026-05-05 22:38:39,529 [ERROR] LogOutputStream:75 - [STDERR_REDIRECT] 
2026-05-05 22:38:40,527 [ERROR] LogOutputStream:75 - [STDERR_REDIRECT] [Fatal Error] :1:1: Premature end of file.
2026-05-05 22:38:40,529 [ERROR] LogOutputStream:75 - [STDERR_REDIRECT] 
2026-05-05 22:38:41,527 [ERROR] LogOutputStream:75 - [STDERR_REDIRECT] [Fatal Error] :1:1: Premature end of file.
2026-05-05 22:38:41,528 [ERROR] LogOutputStream:75 - [STDERR_REDIRECT] 
2026-05-05 22:38:42,533 [ERROR] LogOutputStream:75 - [STDERR_REDIRECT] [Fatal Error] :1:1: Premature end of file.
2026-05-05 22:38:42,534 [ERROR] LogOutputStream:75 - [STDERR_REDIRECT] 
2026-05-05 22:38:43,532 [ERROR] LogOutputStream:75 - [STDERR_REDIRECT] [Fatal Error] :1:1: Premature end of file.
2026-05-05 22:38:43,532 [ERROR] LogOutputStream:75 - [STDERR_REDIRECT] 
2026-05-05 22:38:44,525 [ERROR] LogOutputStream:75 - [STDERR_REDIRECT] [Fatal Error] :1:1: Premature end of file.
2026-05-05 22:38:44,525 [ERROR] LogOutputStream:75 - [STDERR_REDIRECT] 
2026-05-05 22:38:45,531 [ERROR] LogOutputStream:75 - [STDERR_REDIRECT] [Fatal Error] :1:1: Premature end of file.
2026-05-05 22:38:45,531 [ERROR] LogOutputStream:75 - [STDERR_REDIRECT] 
2026-05-05 22:38:46,530 [ERROR] LogOutputStream:75 - [STDERR_REDIRECT] [Fatal Error] :1:1: Premature end of file.
2026-05-05 22:38:46,530 [ERROR] LogOutputStream:75 - [STDERR_REDIRECT] 
2026-05-05 22:38:47,530 [ERROR] LogOutputStream:75 - [STDERR_REDIRECT] [Fatal Error] :1:1: Premature end of file.
2026-05-05 22:38:47,531 [ERROR] LogOutputStream:75 - [STDERR_REDIRECT] 
2026-05-05 22:38:48,530 [ERROR] LogOutputStream:75 - [STDERR_REDIRECT] [Fatal Error] :1:1: Premature end of file.
2026-05-05 22:38:48,530 [ERROR] LogOutputStream:75 - [STDERR_REDIRECT] 
2026-05-05 22:38:49,532 [ERROR] LogOutputStream:75 - [STDERR_REDIRECT] [Fatal Error] :1:1: Premature end of file.
2026-05-05 22:38:49,533 [ERROR] LogOutputStream:75 - [STDERR_REDIRECT] 
2026-05-05 22:38:50,526 [ERROR] LogOutputStream:75 - [STDERR_REDIRECT] [Fatal Error] :1:1: Premature end of file.
2026-05-05 22:38:50,526 [ERROR] LogOutputStream:75 - [STDERR_REDIRECT] 
2026-05-05 22:38:51,528 [ERROR] LogOutputStream:75 - [STDERR_REDIRECT] [Fatal Error] :1:1: Premature end of file.
2026-05-05 22:38:51,529 [ERROR] LogOutputStream:75 - [STDERR_REDIRECT] 
2026-05-05 22:38:52,532 [ERROR] LogOutputStream:75 - [STDERR_REDIRECT] [Fatal Error] :1:1: Premature end of file.
2026-05-05 22:38:52,532 [ERROR] LogOutputStream:75 - [STDERR_REDIRECT] 
2026-05-05 22:38:53,534 [ERROR] LogOutputStream:75 - [STDERR_REDIRECT] [Fatal Error] :1:1: Premature end of file.
2026-05-05 22:38:53,534 [ERROR] LogOutputStream:75 - [STDERR_REDIRECT] 
2026-05-05 22:38:54,532 [ERROR] LogOutputStream:75 - [STDERR_REDIRECT] [Fatal Error] :1:1: Premature end of file.
2026-05-05 22:38:54,532 [ERROR] LogOutputStream:75 - [STDERR_REDIRECT] 
2026-05-05 22:38:55,535 [ERROR] LogOutputStream:75 - [STDERR_REDIRECT] [Fatal Error] :1:1: Premature end of file.
2026-05-05 22:38:55,535 [ERROR] LogOutputStream:75 - [STDERR_REDIRECT] 
2026-05-05 22:38:56,535 [ERROR] LogOutputStream:75 - [STDERR_REDIRECT] [Fatal Error] :1:1: Premature end of file.
2026-05-05 22:38:56,536 [ERROR] LogOutputStream:75 - [STDERR_REDIRECT] 
2026-05-05 22:38:57,537 [ERROR] LogOutputStream:75 - [STDERR_REDIRECT] [Fatal Error] :1:1: Premature end of file.
2026-05-05 22:38:57,537 [ERROR] LogOutputStream:75 - [STDERR_REDIRECT] 
2026-05-05 22:38:58,536 [ERROR] LogOutputStream:75 - [STDERR_REDIRECT] [Fatal Error] :1:1: Premature end of file.
2026-05-05 22:38:58,537 [ERROR] LogOutputStream:75 - [STDERR_REDIRECT] 
2026-05-05 22:38:59,535 [ERROR] LogOutputStream:75 - [STDERR_REDIRECT] [Fatal Error] :1:1: Premature end of file.
2026-05-05 22:38:59,535 [ERROR] LogOutputStream:75 - [STDERR_REDIRECT] 
2026-05-05 22:39:00,535 [ERROR] LogOutputStream:75 - [STDERR_REDIRECT] [Fatal Error] :1:1: Premature end of file.
2026-05-05 22:39:00,536 [ERROR] LogOutputStream:75 - [STDERR_REDIRECT] 
2026-05-05 22:39:01,534 [ERROR] LogOutputStream:75 - [STDERR_REDIRECT] [Fatal Error] :1:1: Premature end of file.
2026-05-05 22:39:01,534 [ERROR] LogOutputStream:75 - [STDERR_REDIRECT] 
2026-05-05 22:39:02,535 [ERROR] LogOutputStream:75 - [STDERR_REDIRECT] [Fatal Error] :1:1: Premature end of file.
2026-05-05 22:39:02,535 [ERROR] LogOutputStream:75 - [STDERR_REDIRECT] 
2026-05-05 22:39:03,533 [ERROR] LogOutputStream:75 - [STDERR_REDIRECT] [Fatal Error] :1:1: Premature end of file.
2026-05-05 22:39:03,533 [ERROR] LogOutputStream:75 - [STDERR_REDIRECT] 
2026-05-05 22:39:04,534 [ERROR] LogOutputStream:75 - [STDERR_REDIRECT] [Fatal Error] :1:1: Premature end of file.
2026-05-05 22:39:04,534 [ERROR] LogOutputStream:75 - [STDERR_REDIRECT] 
2026-05-05 22:39:05,534 [ERROR] LogOutputStream:75 - [STDERR_REDIRECT] [Fatal Error] :1:1: Premature end of file.
2026-05-05 22:39:05,534 [ERROR] LogOutputStream:75 - [STDERR_REDIRECT] 
2026-05-05 22:39:06,532 [ERROR] LogOutputStream:75 - [STDERR_REDIRECT] [Fatal Error] :1:1: Premature end of file.
2026-05-05 22:39:06,533 [ERROR] LogOutputStream:75 - [STDERR_REDIRECT] 
2026-05-05 22:39:07,529 [ERROR] LogOutputStream:75 - [STDERR_REDIRECT] [Fatal Error] :1:1: Premature end of file.
2026-05-05 22:39:07,529 [ERROR] LogOutputStream:75 - [STDERR_REDIRECT] 
2026-05-05 22:39:08,536 [ERROR] LogOutputStream:75 - [STDERR_REDIRECT] [Fatal Error] :1:1: Premature end of file.
2026-05-05 22:39:08,536 [ERROR] LogOutputStream:75 - [STDERR_REDIRECT] 
2026-05-05 22:39:09,535 [ERROR] LogOutputStream:75 - [STDERR_REDIRECT] [Fatal Error] :1:1: Premature end of file.
2026-05-05 22:39:09,535 [ERROR] LogOutputStream:75 - [STDERR_REDIRECT] 
2026-05-05 22:39:10,532 [ERROR] LogOutputStream:75 - [STDERR_REDIRECT] [Fatal Error] :1:1: Premature end of file.
2026-05-05 22:39:10,533 [ERROR] LogOutputStream:75 - [STDERR_REDIRECT] 
2026-05-05 22:39:11,535 [ERROR] LogOutputStream:75 - [STDERR_REDIRECT] [Fatal Error] :1:1: Premature end of file.
2026-05-05 22:39:11,535 [ERROR] LogOutputStream:75 - [STDERR_REDIRECT] 
2026-05-05 22:39:12,532 [ERROR] LogOutputStream:75 - [STDERR_REDIRECT] [Fatal Error] :1:1: Premature end of file.
2026-05-05 22:39:12,532 [ERROR] LogOutputStream:75 - [STDERR_REDIRECT] 
2026-05-05 22:39:13,538 [ERROR] LogOutputStream:75 - [STDERR_REDIRECT] [Fatal Error] :1:1: Premature end of file.
2026-05-05 22:39:13,538 [ERROR] LogOutputStream:75 - [STDERR_REDIRECT] 
2026-05-05 22:39:14,536 [ERROR] LogOutputStream:75 - [STDERR_REDIRECT] [Fatal Error] :1:1: Premature end of file.
2026-05-05 22:39:14,536 [ERROR] LogOutputStream:75 - [STDERR_REDIRECT] 
2026-05-05 22:39:15,537 [ERROR] LogOutputStream:75 - [STDERR_REDIRECT] [Fatal Error] :1:1: Premature end of file.
2026-05-05 22:39:15,537 [ERROR] LogOutputStream:75 - [STDERR_REDIRECT] 
2026-05-05 22:39:16,534 [ERROR] LogOutputStream:75 - [STDERR_REDIRECT] [Fatal Error] :1:1: Premature end of file.
2026-05-05 22:39:16,534 [ERROR] LogOutputStream:75 - [STDERR_REDIRECT] 
2026-05-05 22:39:17,531 [ERROR] LogOutputStream:75 - [STDERR_REDIRECT] [Fatal Error] :1:1: Premature end of file.
2026-05-05 22:39:17,532 [ERROR] LogOutputStream:75 - [STDERR_REDIRECT] 
2026-05-05 22:39:18,530 [ERROR] LogOutputStream:75 - [STDERR_REDIRECT] [Fatal Error] :1:1: Premature end of file.
2026-05-05 22:39:18,530 [ERROR] LogOutputStream:75 - [STDERR_REDIRECT] 
2026-05-05 22:39:19,538 [ERROR] LogOutputStream:75 - [STDERR_REDIRECT] [Fatal Error] :1:1: Premature end of file.
2026-05-05 22:39:19,538 [ERROR] LogOutputStream:75 - [STDERR_REDIRECT] 
2026-05-05 22:39:20,535 [ERROR] LogOutputStream:75 - [STDERR_REDIRECT] [Fatal Error] :1:1: Premature end of file.
2026-05-05 22:39:20,536 [ERROR] LogOutputStream:75 - [STDERR_REDIRECT] 
2026-05-05 22:39:21,537 [ERROR] LogOutputStream:75 - [STDERR_REDIRECT] [Fatal Error] :1:1: Premature end of file.
2026-05-05 22:39:21,537 [ERROR] LogOutputStream:75 - [STDERR_REDIRECT] 
2026-05-05 22:39:22,533 [ERROR] LogOutputStream:75 - [STDERR_REDIRECT] [Fatal Error] :1:1: Premature end of file.
2026-05-05 22:39:22,534 [ERROR] LogOutputStream:75 - [STDERR_REDIRECT] 
2026-05-05 22:39:23,538 [ERROR] LogOutputStream:75 - [STDERR_REDIRECT] [Fatal Error] :1:1: Premature end of file.
2026-05-05 22:39:23,538 [ERROR] LogOutputStream:75 - [STDERR_REDIRECT] 
2026-05-05 22:39:24,534 [ERROR] LogOutputStream:75 - [STDERR_REDIRECT] [Fatal Error] :1:1: Premature end of file.
2026-05-05 22:39:24,535 [ERROR] LogOutputStream:75 - [STDERR_REDIRECT] 
2026-05-05 22:39:25,538 [ERROR] LogOutputStream:75 - [STDERR_REDIRECT] [Fatal Error] :1:1: Premature end of file.
2026-05-05 22:39:25,538 [ERROR] LogOutputStream:75 - [STDERR_REDIRECT] 
2026-05-05 22:39:26,540 [ERROR] LogOutputStream:75 - [STDERR_REDIRECT] [Fatal Error] :1:1: Premature end of file.
2026-05-05 22:39:26,540 [ERROR] LogOutputStream:75 - [STDERR_REDIRECT] 
2026-05-05 22:39:27,539 [ERROR] LogOutputStream:75 - [STDERR_REDIRECT] [Fatal Error] :1:1: Premature end of file.
2026-05-05 22:39:27,540 [ERROR] LogOutputStream:75 - [STDERR_REDIRECT] 
2026-05-05 22:39:28,531 [ERROR] LogOutputStream:75 - [STDERR_REDIRECT] [Fatal Error] :1:1: Premature end of file.
2026-05-05 22:39:28,531 [ERROR] LogOutputStream:75 - [STDERR_REDIRECT] 
2026-05-05 22:39:29,536 [ERROR] LogOutputStream:75 - [STDERR_REDIRECT] [Fatal Error] :1:1: Premature end of file.
2026-05-05 22:39:29,537 [ERROR] LogOutputStream:75 - [STDERR_REDIRECT] 
2026-05-05 22:39:30,535 [ERROR] LogOutputStream:75 - [STDERR_REDIRECT] [Fatal Error] :1:1: Premature end of file.
2026-05-05 22:39:30,535 [ERROR] LogOutputStream:75 - [STDERR_REDIRECT] 
2026-05-05 22:39:31,521 [ERROR] LogOutputStream:75 - [STDERR_REDIRECT] [Fatal Error] :1:1: Premature end of file.
2026-05-05 22:39:31,522 [ERROR] LogOutputStream:75 - [STDERR_REDIRECT] 
2026-05-05 22:39:32,538 [ERROR] LogOutputStream:75 - [STDERR_REDIRECT] [Fatal Error] :1:1: Premature end of file.
2026-05-05 22:39:32,539 [ERROR] LogOutputStream:75 - [STDERR_REDIRECT] 
2026-05-05 22:39:33,528 [ERROR] LogOutputStream:75 - [STDERR_REDIRECT] [Fatal Error] :1:1: Premature end of file.
2026-05-05 22:39:33,528 [ERROR] LogOutputStream:75 - [STDERR_REDIRECT] 
2026-05-05 22:39:34,539 [ERROR] LogOutputStream:75 - [STDERR_REDIRECT] [Fatal Error] :1:1: Premature end of file.
2026-05-05 22:39:34,539 [ERROR] LogOutputStream:75 - [STDERR_REDIRECT] 
2026-05-05 22:39:35,538 [ERROR] LogOutputStream:75 - [STDERR_REDIRECT] [Fatal Error] :1:1: Premature end of file.
2026-05-05 22:39:35,539 [ERROR] LogOutputStream:75 - [STDERR_REDIRECT] 
2026-05-05 22:39:36,537 [ERROR] LogOutputStream:75 - [STDERR_REDIRECT] [Fatal Error] :1:1: Premature end of file.
2026-05-05 22:39:36,537 [ERROR] LogOutputStream:75 - [STDERR_REDIRECT] 
2026-05-05 22:39:37,527 [ERROR] LogOutputStream:75 - [STDERR_REDIRECT] [Fatal Error] :1:1: Premature end of file.
2026-05-05 22:39:37,527 [ERROR] LogOutputStream:75 - [STDERR_REDIRECT] 
2026-05-05 22:39:38,536 [ERROR] LogOutputStream:75 - [STDERR_REDIRECT] [Fatal Error] :1:1: Premature end of file.
2026-05-05 22:39:38,536 [ERROR] LogOutputStream:75 - [STDERR_REDIRECT] 
2026-05-05 22:39:39,539 [ERROR] LogOutputStream:75 - [STDERR_REDIRECT] [Fatal Error] :1:1: Premature end of file.
2026-05-05 22:39:39,539 [ERROR] LogOutputStream:75 - [STDERR_REDIRECT] 
2026-05-05 22:39:40,540 [ERROR] LogOutputStream:75 - [STDERR_REDIRECT] [Fatal Error] :1:1: Premature end of file.
2026-05-05 22:39:40,540 [ERROR] LogOutputStream:75 - [STDERR_REDIRECT] 
2026-05-05 22:39:41,535 [ERROR] LogOutputStream:75 - [STDERR_REDIRECT] [Fatal Error] :1:1: Premature end of file.
2026-05-05 22:39:41,535 [ERROR] LogOutputStream:75 - [STDERR_REDIRECT] 
2026-05-05 22:39:42,536 [ERROR] LogOutputStream:75 - [STDERR_REDIRECT] [Fatal Error] :1:1: Premature end of file.
2026-05-05 22:39:42,536 [ERROR] LogOutputStream:75 - [STDERR_REDIRECT] 
2026-05-05 22:39:43,538 [ERROR] LogOutputStream:75 - [STDERR_REDIRECT] [Fatal Error] :1:1: Premature end of file.
2026-05-05 22:39:43,538 [ERROR] LogOutputStream:75 - [STDERR_REDIRECT] 
2026-05-05 22:39:44,535 [ERROR] LogOutputStream:75 - [STDERR_REDIRECT] [Fatal Error] :1:1: Premature end of file.
2026-05-05 22:39:44,536 [ERROR] LogOutputStream:75 - [STDERR_REDIRECT] 
2026-05-05 22:39:45,535 [ERROR] LogOutputStream:75 - [STDERR_REDIRECT] [Fatal Error] :1:1: Premature end of file.
2026-05-05 22:39:45,535 [ERROR] LogOutputStream:75 - [STDERR_REDIRECT] 
2026-05-05 22:39:46,535 [ERROR] LogOutputStream:75 - [STDERR_REDIRECT] [Fatal Error] :1:1: Premature end of file.
2026-05-05 22:39:46,536 [ERROR] LogOutputStream:75 - [STDERR_REDIRECT] 
2026-05-05 22:39:47,534 [ERROR] LogOutputStream:75 - [STDERR_REDIRECT] [Fatal Error] :1:1: Premature end of file.
2026-05-05 22:39:47,534 [ERROR] LogOutputStream:75 - [STDERR_REDIRECT] 
2026-05-05 22:39:48,534 [ERROR] LogOutputStream:75 - [STDERR_REDIRECT] [Fatal Error] :1:1: Premature end of file.
2026-05-05 22:39:48,534 [ERROR] LogOutputStream:75 - [STDERR_REDIRECT] 
2026-05-05 22:39:49,535 [ERROR] LogOutputStream:75 - [STDERR_REDIRECT] [Fatal Error] :1:1: Premature end of file.
2026-05-05 22:39:49,535 [ERROR] LogOutputStream:75 - [STDERR_REDIRECT] 
2026-05-05 22:39:50,521 [ERROR] LogOutputStream:75 - [STDERR_REDIRECT] [Fatal Error] :1:1: Premature end of file.
2026-05-05 22:39:50,521 [ERROR] LogOutputStream:75 - [STDERR_REDIRECT] 
2026-05-05 22:39:51,506 [ERROR] LogOutputStream:75 - [STDERR_REDIRECT] [Fatal Error] :1:1: Premature end of file.
2026-05-05 22:39:51,507 [ERROR] LogOutputStream:75 - [STDERR_REDIRECT] 
2026-05-05 22:39:52,512 [ERROR] LogOutputStream:75 - [STDERR_REDIRECT] [Fatal Error] :1:1: Premature end of file.
2026-05-05 22:39:52,512 [ERROR] LogOutputStream:75 - [STDERR_REDIRECT] 
2026-05-05 22:39:53,536 [ERROR] LogOutputStream:75 - [STDERR_REDIRECT] [Fatal Error] :1:1: Premature end of file.
2026-05-05 22:39:53,536 [ERROR] LogOutputStream:75 - [STDERR_REDIRECT] 
2026-05-05 22:39:54,524 [ERROR] LogOutputStream:75 - [STDERR_REDIRECT] [Fatal Error] :1:1: Premature end of file.
2026-05-05 22:39:54,524 [ERROR] LogOutputStream:75 - [STDERR_REDIRECT] 
2026-05-05 22:39:55,533 [ERROR] LogOutputStream:75 - [STDERR_REDIRECT] [Fatal Error] :1:1: Premature end of file.
2026-05-05 22:39:55,533 [ERROR] LogOutputStream:75 - [STDERR_REDIRECT] 
2026-05-05 22:39:56,536 [ERROR] LogOutputStream:75 - [STDERR_REDIRECT] [Fatal Error] :1:1: Premature end of file.
2026-05-05 22:39:56,536 [ERROR] LogOutputStream:75 - [STDERR_REDIRECT] 
2026-05-05 22:39:57,532 [ERROR] LogOutputStream:75 - [STDERR_REDIRECT] [Fatal Error] :1:1: Premature end of file.
2026-05-05 22:39:57,532 [ERROR] LogOutputStream:75 - [STDERR_REDIRECT] 
2026-05-05 22:39:58,534 [ERROR] LogOutputStream:75 - [STDERR_REDIRECT] [Fatal Error] :1:1: Premature end of file.
2026-05-05 22:39:58,534 [ERROR] LogOutputStream:75 - [STDERR_REDIRECT] 
2026-05-05 22:39:59,533 [ERROR] LogOutputStream:75 - [STDERR_REDIRECT] [Fatal Error] :1:1: Premature end of file.
2026-05-05 22:39:59,533 [ERROR] LogOutputStream:75 - [STDERR_REDIRECT] 
2026-05-05 22:40:00,537 [ERROR] LogOutputStream:75 - [STDERR_REDIRECT] [Fatal Error] :1:1: Premature end of file.
2026-05-05 22:40:00,537 [ERROR] LogOutputStream:75 - [STDERR_REDIRECT] 
2026-05-05 22:40:01,533 [ERROR] LogOutputStream:75 - [STDERR_REDIRECT] [Fatal Error] :1:1: Premature end of file.
2026-05-05 22:40:01,533 [ERROR] LogOutputStream:75 - [STDERR_REDIRECT] 
2026-05-05 22:40:02,537 [ERROR] LogOutputStream:75 - [STDERR_REDIRECT] [Fatal Error] :1:1: Premature end of file.
2026-05-05 22:40:02,537 [ERROR] LogOutputStream:75 - [STDERR_REDIRECT] 
2026-05-05 22:40:03,534 [ERROR] LogOutputStream:75 - [STDERR_REDIRECT] [Fatal Error] :1:1: Premature end of file.
2026-05-05 22:40:03,534 [ERROR] LogOutputStream:75 - [STDERR_REDIRECT] 
2026-05-05 22:40:04,537 [ERROR] LogOutputStream:75 - [STDERR_REDIRECT] [Fatal Error] :1:1: Premature end of file.
2026-05-05 22:40:04,537 [ERROR] LogOutputStream:75 - [STDERR_REDIRECT] 
2026-05-05 22:40:05,535 [ERROR] LogOutputStream:75 - [STDERR_REDIRECT] [Fatal Error] :1:1: Premature end of file.
2026-05-05 22:40:05,536 [ERROR] LogOutputStream:75 - [STDERR_REDIRECT] 
2026-05-05 22:40:06,536 [ERROR] LogOutputStream:75 - [STDERR_REDIRECT] [Fatal Error] :1:1: Premature end of file.
2026-05-05 22:40:06,536 [ERROR] LogOutputStream:75 - [STDERR_REDIRECT] 
2026-05-05 22:40:07,532 [ERROR] LogOutputStream:75 - [STDERR_REDIRECT] [Fatal Error] :1:1: Premature end of file.
2026-05-05 22:40:07,533 [ERROR] LogOutputStream:75 - [STDERR_REDIRECT] 
2026-05-05 22:40:08,537 [ERROR] LogOutputStream:75 - [STDERR_REDIRECT] [Fatal Error] :1:1: Premature end of file.
2026-05-05 22:40:08,537 [ERROR] LogOutputStream:75 - [STDERR_REDIRECT] 
2026-05-05 22:40:09,537 [ERROR] LogOutputStream:75 - [STDERR_REDIRECT] [Fatal Error] :1:1: Premature end of file.
2026-05-05 22:40:09,537 [ERROR] LogOutputStream:75 - [STDERR_REDIRECT] 
2026-05-05 22:40:10,536 [ERROR] LogOutputStream:75 - [STDERR_REDIRECT] [Fatal Error] :1:1: Premature end of file.
2026-05-05 22:40:10,536 [ERROR] LogOutputStream:75 - [STDERR_REDIRECT] 
2026-05-05 22:40:11,535 [ERROR] LogOutputStream:75 - [STDERR_REDIRECT] [Fatal Error] :1:1: Premature end of file.
2026-05-05 22:40:11,535 [ERROR] LogOutputStream:75 - [STDERR_REDIRECT] 
2026-05-05 22:40:12,535 [ERROR] LogOutputStream:75 - [STDERR_REDIRECT] [Fatal Error] :1:1: Premature end of file.
2026-05-05 22:40:12,536 [ERROR] LogOutputStream:75 - [STDERR_REDIRECT] 
2026-05-05 22:40:13,533 [ERROR] LogOutputStream:75 - [STDERR_REDIRECT] [Fatal Error] :1:1: Premature end of file.
2026-05-05 22:40:13,534 [ERROR] LogOutputStream:75 - [STDERR_REDIRECT] 
2026-05-05 22:40:14,536 [ERROR] LogOutputStream:75 - [STDERR_REDIRECT] [Fatal Error] :1:1: Premature end of file.
2026-05-05 22:40:14,537 [ERROR] LogOutputStream:75 - [STDERR_REDIRECT] 
2026-05-05 22:40:15,539 [ERROR] LogOutputStream:75 - [STDERR_REDIRECT] [Fatal Error] :1:1: Premature end of file.
2026-05-05 22:40:15,540 [ERROR] LogOutputStream:75 - [STDERR_REDIRECT] 
2026-05-05 22:40:16,535 [ERROR] LogOutputStream:75 - [STDERR_REDIRECT] [Fatal Error] :1:1: Premature end of file.
2026-05-05 22:40:16,535 [ERROR] LogOutputStream:75 - [STDERR_REDIRECT] 
2026-05-05 22:40:17,536 [ERROR] LogOutputStream:75 - [STDERR_REDIRECT] [Fatal Error] :1:1: Premature end of file.
2026-05-05 22:40:17,536 [ERROR] LogOutputStream:75 - [STDERR_REDIRECT] 
2026-05-05 22:40:18,531 [ERROR] LogOutputStream:75 - [STDERR_REDIRECT] [Fatal Error] :1:1: Premature end of file.
2026-05-05 22:40:18,532 [ERROR] LogOutputStream:75 - [STDERR_REDIRECT] 
2026-05-05 22:40:19,535 [ERROR] LogOutputStream:75 - [STDERR_REDIRECT] [Fatal Error] :1:1: Premature end of file.
2026-05-05 22:40:19,535 [ERROR] LogOutputStream:75 - [STDERR_REDIRECT] 
2026-05-05 22:40:20,534 [ERROR] LogOutputStream:75 - [STDERR_REDIRECT] [Fatal Error] :1:1: Premature end of file.
2026-05-05 22:40:20,534 [ERROR] LogOutputStream:75 - [STDERR_REDIRECT] 
2026-05-05 22:40:21,533 [ERROR] LogOutputStream:75 - [STDERR_REDIRECT] [Fatal Error] :1:1: Premature end of file.
2026-05-05 22:40:21,533 [ERROR] LogOutputStream:75 - [STDERR_REDIRECT] 
2026-05-05 22:40:22,535 [ERROR] LogOutputStream:75 - [STDERR_REDIRECT] [Fatal Error] :1:1: Premature end of file.
2026-05-05 22:40:22,535 [ERROR] LogOutputStream:75 - [STDERR_REDIRECT] 
2026-05-05 22:40:23,525 [ERROR] LogOutputStream:75 - [STDERR_REDIRECT] [Fatal Error] :1:1: Premature end of file.
2026-05-05 22:40:23,525 [ERROR] LogOutputStream:75 - [STDERR_REDIRECT] 
2026-05-05 22:40:24,535 [ERROR] LogOutputStream:75 - [STDERR_REDIRECT] [Fatal Error] :1:1: Premature end of file.
2026-05-05 22:40:24,535 [ERROR] LogOutputStream:75 - [STDERR_REDIRECT] 
2026-05-05 22:40:25,536 [ERROR] LogOutputStream:75 - [STDERR_REDIRECT] [Fatal Error] :1:1: Premature end of file.
2026-05-05 22:40:25,536 [ERROR] LogOutputStream:75 - [STDERR_REDIRECT] 
2026-05-05 22:40:26,537 [ERROR] LogOutputStream:75 - [STDERR_REDIRECT] [Fatal Error] :1:1: Premature end of file.
2026-05-05 22:40:26,537 [ERROR] LogOutputStream:75 - [STDERR_REDIRECT] 
2026-05-05 22:40:27,542 [ERROR] LogOutputStream:75 - [STDERR_REDIRECT] [Fatal Error] :1:1: Premature end of file.
2026-05-05 22:40:27,542 [ERROR] LogOutputStream:75 - [STDERR_REDIRECT] 
2026-05-05 22:40:28,523 [ERROR] LogOutputStream:75 - [STDERR_REDIRECT] [Fatal Error] :1:1: Premature end of file.
2026-05-05 22:40:28,524 [ERROR] LogOutputStream:75 - [STDERR_REDIRECT] 
2026-05-05 22:40:29,527 [ERROR] LogOutputStream:75 - [STDERR_REDIRECT] [Fatal Error] :1:1: Premature end of file.
2026-05-05 22:40:29,527 [ERROR] LogOutputStream:75 - [STDERR_REDIRECT] 
2026-05-05 22:40:30,547 [ERROR] LogOutputStream:75 - [STDERR_REDIRECT] [Fatal Error] :1:1: Premature end of file.
2026-05-05 22:40:30,547 [ERROR] LogOutputStream:75 - [STDERR_REDIRECT] 
2026-05-05 22:40:31,538 [ERROR] LogOutputStream:75 - [STDERR_REDIRECT] [Fatal Error] :1:1: Premature end of file.
2026-05-05 22:40:31,538 [ERROR] LogOutputStream:75 - [STDERR_REDIRECT] 
2026-05-05 22:40:32,549 [ERROR] LogOutputStream:75 - [STDERR_REDIRECT] [Fatal Error] :1:1: Premature end of file.
2026-05-05 22:40:32,549 [ERROR] LogOutputStream:75 - [STDERR_REDIRECT] 
2026-05-05 22:40:33,545 [ERROR] LogOutputStream:75 - [STDERR_REDIRECT] [Fatal Error] :1:1: Premature end of file.
2026-05-05 22:40:33,545 [ERROR] LogOutputStream:75 - [STDERR_REDIRECT] 
2026-05-05 22:40:34,557 [ERROR] LogOutputStream:75 - [STDERR_REDIRECT] [Fatal Error] :1:1: Premature end of file.
2026-05-05 22:40:34,557 [ERROR] LogOutputStream:75 - [STDERR_REDIRECT] 
2026-05-05 22:40:35,572 [ERROR] LogOutputStream:75 - [STDERR_REDIRECT] [Fatal Error] :1:1: Premature end of file.
2026-05-05 22:40:35,572 [ERROR] LogOutputStream:75 - [STDERR_REDIRECT] 
2026-05-05 22:40:36,547 [ERROR] LogOutputStream:75 - [STDERR_REDIRECT] [Fatal Error] :1:1: Premature end of file.
2026-05-05 22:40:36,547 [ERROR] LogOutputStream:75 - [STDERR_REDIRECT] 
2026-05-05 22:40:37,559 [ERROR] LogOutputStream:75 - [STDERR_REDIRECT] [Fatal Error] :1:1: Premature end of file.
2026-05-05 22:40:37,560 [ERROR] LogOutputStream:75 - [STDERR_REDIRECT] 
2026-05-05 22:40:38,554 [ERROR] LogOutputStream:75 - [STDERR_REDIRECT] [Fatal Error] :1:1: Premature end of file.
2026-05-05 22:40:38,554 [ERROR] LogOutputStream:75 - [STDERR_REDIRECT] 
2026-05-05 22:40:39,537 [ERROR] LogOutputStream:75 - [STDERR_REDIRECT] [Fatal Error] :1:1: Premature end of file.
2026-05-05 22:40:39,537 [ERROR] LogOutputStream:75 - [STDERR_REDIRECT] 
2026-05-05 22:40:40,537 [ERROR] LogOutputStream:75 - [STDERR_REDIRECT] [Fatal Error] :1:1: Premature end of file.
2026-05-05 22:40:40,537 [ERROR] LogOutputStream:75 - [STDERR_REDIRECT] 
2026-05-05 22:40:41,533 [ERROR] LogOutputStream:75 - [STDERR_REDIRECT] [Fatal Error] :1:1: Premature end of file.
2026-05-05 22:40:41,534 [ERROR] LogOutputStream:75 - [STDERR_REDIRECT] 
2026-05-05 22:40:42,537 [ERROR] LogOutputStream:75 - [STDERR_REDIRECT] [Fatal Error] :1:1: Premature end of file.
2026-05-05 22:40:42,538 [ERROR] LogOutputStream:75 - [STDERR_REDIRECT] 
2026-05-05 22:40:43,536 [ERROR] LogOutputStream:75 - [STDERR_REDIRECT] [Fatal Error] :1:1: Premature end of file.
2026-05-05 22:40:43,536 [ERROR] LogOutputStream:75 - [STDERR_REDIRECT] 
2026-05-05 22:40:44,530 [ERROR] LogOutputStream:75 - [STDERR_REDIRECT] [Fatal Error] :1:1: Premature end of file.
2026-05-05 22:40:44,530 [ERROR] LogOutputStream:75 - [STDERR_REDIRECT] 
2026-05-05 22:40:45,542 [ERROR] LogOutputStream:75 - [STDERR_REDIRECT] [Fatal Error] :1:1: Premature end of file.
2026-05-05 22:40:45,542 [ERROR] LogOutputStream:75 - [STDERR_REDIRECT] 
2026-05-05 22:40:46,535 [ERROR] LogOutputStream:75 - [STDERR_REDIRECT] [Fatal Error] :1:1: Premature end of file.
2026-05-05 22:40:46,536 [ERROR] LogOutputStream:75 - [STDERR_REDIRECT] 
2026-05-05 22:40:47,531 [ERROR] LogOutputStream:75 - [STDERR_REDIRECT] [Fatal Error] :1:1: Premature end of file.
2026-05-05 22:40:47,532 [ERROR] LogOutputStream:75 - [STDERR_REDIRECT] 
2026-05-05 22:40:48,531 [ERROR] LogOutputStream:75 - [STDERR_REDIRECT] [Fatal Error] :1:1: Premature end of file.
2026-05-05 22:40:48,532 [ERROR] LogOutputStream:75 - [STDERR_REDIRECT] 
2026-05-05 22:40:49,601 [ERROR] LogOutputStream:75 - [STDERR_REDIRECT] [Fatal Error] :1:1: Premature end of file.
2026-05-05 22:40:49,601 [ERROR] LogOutputStream:75 - [STDERR_REDIRECT] 
2026-05-05 22:40:50,537 [ERROR] LogOutputStream:75 - [STDERR_REDIRECT] [Fatal Error] :1:1: Premature end of file.
2026-05-05 22:40:50,537 [ERROR] LogOutputStream:75 - [STDERR_REDIRECT] 
2026-05-05 22:40:51,556 [ERROR] LogOutputStream:75 - [STDERR_REDIRECT] [Fatal Error] :1:1: Premature end of file.
2026-05-05 22:40:51,557 [ERROR] LogOutputStream:75 - [STDERR_REDIRECT] 
2026-05-05 22:40:52,536 [ERROR] LogOutputStream:75 - [STDERR_REDIRECT] [Fatal Error] :1:1: Premature end of file.
2026-05-05 22:40:52,536 [ERROR] LogOutputStream:75 - [STDERR_REDIRECT] 
2026-05-05 22:40:53,536 [ERROR] LogOutputStream:75 - [STDERR_REDIRECT] [Fatal Error] :1:1: Premature end of file.
2026-05-05 22:40:53,537 [ERROR] LogOutputStream:75 - [STDERR_REDIRECT] 
2026-05-05 22:40:54,533 [ERROR] LogOutputStream:75 - [STDERR_REDIRECT] [Fatal Error] :1:1: Premature end of file.
2026-05-05 22:40:54,534 [ERROR] LogOutputStream:75 - [STDERR_REDIRECT] 
2026-05-05 22:40:55,536 [ERROR] LogOutputStream:75 - [STDERR_REDIRECT] [Fatal Error] :1:1: Premature end of file.
2026-05-05 22:40:55,537 [ERROR] LogOutputStream:75 - [STDERR_REDIRECT] 
2026-05-05 22:40:56,534 [ERROR] LogOutputStream:75 - [STDERR_REDIRECT] [Fatal Error] :1:1: Premature end of file.
2026-05-05 22:40:56,534 [ERROR] LogOutputStream:75 - [STDERR_REDIRECT] 
2026-05-05 22:40:57,533 [ERROR] LogOutputStream:75 - [STDERR_REDIRECT] [Fatal Error] :1:1: Premature end of file.
2026-05-05 22:40:57,533 [ERROR] LogOutputStream:75 - [STDERR_REDIRECT] 
2026-05-05 22:40:58,534 [ERROR] LogOutputStream:75 - [STDERR_REDIRECT] [Fatal Error] :1:1: Premature end of file.
2026-05-05 22:40:58,534 [ERROR] LogOutputStream:75 - [STDERR_REDIRECT] 
2026-05-05 22:40:59,538 [ERROR] LogOutputStream:75 - [STDERR_REDIRECT] [Fatal Error] :1:1: Premature end of file.
2026-05-05 22:40:59,538 [ERROR] LogOutputStream:75 - [STDERR_REDIRECT] 
2026-05-05 22:41:00,537 [ERROR] LogOutputStream:75 - [STDERR_REDIRECT] [Fatal Error] :1:1: Premature end of file.
2026-05-05 22:41:00,537 [ERROR] LogOutputStream:75 - [STDERR_REDIRECT] 
2026-05-05 22:41:01,530 [ERROR] LogOutputStream:75 - [STDERR_REDIRECT] [Fatal Error] :1:1: Premature end of file.
2026-05-05 22:41:01,531 [ERROR] LogOutputStream:75 - [STDERR_REDIRECT] 
2026-05-05 22:41:02,533 [ERROR] LogOutputStream:75 - [STDERR_REDIRECT] [Fatal Error] :1:1: Premature end of file.
2026-05-05 22:41:02,533 [ERROR] LogOutputStream:75 - [STDERR_REDIRECT] 
2026-05-05 22:41:03,531 [ERROR] LogOutputStream:75 - [STDERR_REDIRECT] [Fatal Error] :1:1: Premature end of file.
2026-05-05 22:41:03,532 [ERROR] LogOutputStream:75 - [STDERR_REDIRECT] 
2026-05-05 22:41:04,541 [ERROR] LogOutputStream:75 - [STDERR_REDIRECT] [Fatal Error] :1:1: Premature end of file.
2026-05-05 22:41:04,542 [ERROR] LogOutputStream:75 - [STDERR_REDIRECT] 
2026-05-05 22:41:05,533 [ERROR] LogOutputStream:75 - [STDERR_REDIRECT] [Fatal Error] :1:1: Premature end of file.
2026-05-05 22:41:05,535 [ERROR] LogOutputStream:75 - [STDERR_REDIRECT] 
2026-05-05 22:41:06,540 [ERROR] LogOutputStream:75 - [STDERR_REDIRECT] [Fatal Error] :1:1: Premature end of file.
2026-05-05 22:41:06,541 [ERROR] LogOutputStream:75 - [STDERR_REDIRECT] 
2026-05-05 22:41:07,538 [ERROR] LogOutputStream:75 - [STDERR_REDIRECT] [Fatal Error] :1:1: Premature end of file.
2026-05-05 22:41:07,539 [ERROR] LogOutputStream:75 - [STDERR_REDIRECT] 
2026-05-05 22:41:08,540 [ERROR] LogOutputStream:75 - [STDERR_REDIRECT] [Fatal Error] :1:1: Premature end of file.
2026-05-05 22:41:08,541 [ERROR] LogOutputStream:75 - [STDERR_REDIRECT] 
2026-05-05 22:41:09,537 [ERROR] LogOutputStream:75 - [STDERR_REDIRECT] [Fatal Error] :1:1: Premature end of file.
2026-05-05 22:41:09,538 [ERROR] LogOutputStream:75 - [STDERR_REDIRECT] 
2026-05-05 22:41:10,540 [ERROR] LogOutputStream:75 - [STDERR_REDIRECT] [Fatal Error] :1:1: Premature end of file.
2026-05-05 22:41:10,540 [ERROR] LogOutputStream:75 - [STDERR_REDIRECT] 
2026-05-05 22:41:11,539 [ERROR] LogOutputStream:75 - [STDERR_REDIRECT] [Fatal Error] :1:1: Premature end of file.
2026-05-05 22:41:11,539 [ERROR] LogOutputStream:75 - [STDERR_REDIRECT] 
2026-05-05 22:41:12,537 [ERROR] LogOutputStream:75 - [STDERR_REDIRECT] [Fatal Error] :1:1: Premature end of file.
2026-05-05 22:41:12,537 [ERROR] LogOutputStream:75 - [STDERR_REDIRECT] 
2026-05-05 22:41:13,538 [ERROR] LogOutputStream:75 - [STDERR_REDIRECT] [Fatal Error] :1:1: Premature end of file.
2026-05-05 22:41:13,539 [ERROR] LogOutputStream:75 - [STDERR_REDIRECT] 
2026-05-05 22:41:14,541 [ERROR] LogOutputStream:75 - [STDERR_REDIRECT] [Fatal Error] :1:1: Premature end of file.
2026-05-05 22:41:14,541 [ERROR] LogOutputStream:75 - [STDERR_REDIRECT] 
2026-05-05 22:41:15,535 [ERROR] LogOutputStream:75 - [STDERR_REDIRECT] [Fatal Error] :1:1: Premature end of file.
2026-05-05 22:41:15,535 [ERROR] LogOutputStream:75 - [STDERR_REDIRECT] 
2026-05-05 22:41:16,541 [ERROR] LogOutputStream:75 - [STDERR_REDIRECT] [Fatal Error] :1:1: Premature end of file.
2026-05-05 22:41:16,542 [ERROR] LogOutputStream:75 - [STDERR_REDIRECT] 
2026-05-05 22:41:17,532 [ERROR] LogOutputStream:75 - [STDERR_REDIRECT] [Fatal Error] :1:1: Premature end of file.
2026-05-05 22:41:17,533 [ERROR] LogOutputStream:75 - [STDERR_REDIRECT] 
2026-05-05 22:41:18,539 [ERROR] LogOutputStream:75 - [STDERR_REDIRECT] [Fatal Error] :1:1: Premature end of file.
2026-05-05 22:41:18,540 [ERROR] LogOutputStream:75 - [STDERR_REDIRECT] 
2026-05-05 22:41:19,538 [ERROR] LogOutputStream:75 - [STDERR_REDIRECT] [Fatal Error] :1:1: Premature end of file.
2026-05-05 22:41:19,538 [ERROR] LogOutputStream:75 - [STDERR_REDIRECT] 
2026-05-05 22:41:20,535 [ERROR] LogOutputStream:75 - [STDERR_REDIRECT] [Fatal Error] :1:1: Premature end of file.
2026-05-05 22:41:20,536 [ERROR] LogOutputStream:75 - [STDERR_REDIRECT] 
2026-05-05 22:41:21,538 [ERROR] LogOutputStream:75 - [STDERR_REDIRECT] [Fatal Error] :1:1: Premature end of file.
2026-05-05 22:41:21,539 [ERROR] LogOutputStream:75 - [STDERR_REDIRECT] 
2026-05-05 22:41:22,537 [ERROR] LogOutputStream:75 - [STDERR_REDIRECT] [Fatal Error] :1:1: Premature end of file.
2026-05-05 22:41:22,537 [ERROR] LogOutputStream:75 - [STDERR_REDIRECT] 
2026-05-05 22:41:23,536 [ERROR] LogOutputStream:75 - [STDERR_REDIRECT] [Fatal Error] :1:1: Premature end of file.
2026-05-05 22:41:23,537 [ERROR] LogOutputStream:75 - [STDERR_REDIRECT] 
2026-05-05 22:41:24,528 [ERROR] LogOutputStream:75 - [STDERR_REDIRECT] [Fatal Error] :1:1: Premature end of file.
2026-05-05 22:41:24,529 [ERROR] LogOutputStream:75 - [STDERR_REDIRECT] 
2026-05-05 22:41:25,537 [ERROR] LogOutputStream:75 - [STDERR_REDIRECT] [Fatal Error] :1:1: Premature end of file.
2026-05-05 22:41:25,537 [ERROR] LogOutputStream:75 - [STDERR_REDIRECT] 
2026-05-05 22:41:26,535 [ERROR] LogOutputStream:75 - [STDERR_REDIRECT] [Fatal Error] :1:1: Premature end of file.
2026-05-05 22:41:26,536 [ERROR] LogOutputStream:75 - [STDERR_REDIRECT] 
2026-05-05 22:41:27,535 [ERROR] LogOutputStream:75 - [STDERR_REDIRECT] [Fatal Error] :1:1: Premature end of file.
2026-05-05 22:41:27,535 [ERROR] LogOutputStream:75 - [STDERR_REDIRECT] 
2026-05-05 22:41:28,627 [ERROR] LogOutputStream:75 - [STDERR_REDIRECT] [Fatal Error] :1:1: Premature end of file.
2026-05-05 22:41:28,628 [ERROR] LogOutputStream:75 - [STDERR_REDIRECT] 
2026-05-05 22:41:29,551 [ERROR] LogOutputStream:75 - [STDERR_REDIRECT] [Fatal Error] :1:1: Premature end of file.
2026-05-05 22:41:29,552 [ERROR] LogOutputStream:75 - [STDERR_REDIRECT] 
2026-05-05 22:41:30,893 [ERROR] LogOutputStream:75 - [STDERR_REDIRECT] [Fatal Error] :1:1: Premature end of file.
2026-05-05 22:41:30,894 [ERROR] LogOutputStream:75 - [STDERR_REDIRECT] 
2026-05-05 22:41:31,560 [ERROR] LogOutputStream:75 - [STDERR_REDIRECT] [Fatal Error] :1:1: Premature end of file.
2026-05-05 22:41:31,560 [ERROR] LogOutputStream:75 - [STDERR_REDIRECT] 
2026-05-05 22:41:32,559 [ERROR] LogOutputStream:75 - [STDERR_REDIRECT] [Fatal Error] :1:1: Premature end of file.
2026-05-05 22:41:32,559 [ERROR] LogOutputStream:75 - [STDERR_REDIRECT] 
2026-05-05 22:41:33,556 [ERROR] LogOutputStream:75 - [STDERR_REDIRECT] [Fatal Error] :1:1: Premature end of file.
2026-05-05 22:41:33,556 [ERROR] LogOutputStream:75 - [STDERR_REDIRECT] 
2026-05-05 22:41:34,556 [ERROR] LogOutputStream:75 - [STDERR_REDIRECT] [Fatal Error] :1:1: Premature end of file.
2026-05-05 22:41:34,557 [ERROR] LogOutputStream:75 - [STDERR_REDIRECT] 
2026-05-05 22:41:35,558 [ERROR] LogOutputStream:75 - [STDERR_REDIRECT] [Fatal Error] :1:1: Premature end of file.
2026-05-05 22:41:35,558 [ERROR] LogOutputStream:75 - [STDERR_REDIRECT] 
2026-05-05 22:41:36,582 [ERROR] LogOutputStream:75 - [STDERR_REDIRECT] [Fatal Error] :1:1: Premature end of file.
2026-05-05 22:41:36,582 [ERROR] LogOutputStream:75 - [STDERR_REDIRECT] 
2026-05-05 22:41:37,541 [ERROR] LogOutputStream:75 - [STDERR_REDIRECT] [Fatal Error] :1:1: Premature end of file.
2026-05-05 22:41:37,542 [ERROR] LogOutputStream:75 - [STDERR_REDIRECT] 
2026-05-05 22:41:38,550 [ERROR] LogOutputStream:75 - [STDERR_REDIRECT] [Fatal Error] :1:1: Premature end of file.
2026-05-05 22:41:38,550 [ERROR] LogOutputStream:75 - [STDERR_REDIRECT] 
2026-05-05 22:41:39,559 [ERROR] LogOutputStream:75 - [STDERR_REDIRECT] [Fatal Error] :1:1: Premature end of file.
2026-05-05 22:41:39,559 [ERROR] LogOutputStream:75 - [STDERR_REDIRECT] 
2026-05-05 22:41:40,543 [ERROR] LogOutputStream:75 - [STDERR_REDIRECT] [Fatal Error] :1:1: Premature end of file.
2026-05-05 22:41:40,544 [ERROR] LogOutputStream:75 - [STDERR_REDIRECT] 
2026-05-05 22:41:41,541 [ERROR] LogOutputStream:75 - [STDERR_REDIRECT] [Fatal Error] :1:1: Premature end of file.
2026-05-05 22:41:41,541 [ERROR] LogOutputStream:75 - [STDERR_REDIRECT] 
2026-05-05 22:41:42,542 [ERROR] LogOutputStream:75 - [STDERR_REDIRECT] [Fatal Error] :1:1: Premature end of file.
2026-05-05 22:41:42,542 [ERROR] LogOutputStream:75 - [STDERR_REDIRECT] 
2026-05-05 22:41:43,544 [ERROR] LogOutputStream:75 - [STDERR_REDIRECT] [Fatal Error] :1:1: Premature end of file.
2026-05-05 22:41:43,545 [ERROR] LogOutputStream:75 - [STDERR_REDIRECT] 
2026-05-05 22:41:44,542 [ERROR] LogOutputStream:75 - [STDERR_REDIRECT] [Fatal Error] :1:1: Premature end of file.
2026-05-05 22:41:44,542 [ERROR] LogOutputStream:75 - [STDERR_REDIRECT] 
2026-05-05 22:41:45,541 [ERROR] LogOutputStream:75 - [STDERR_REDIRECT] [Fatal Error] :1:1: Premature end of file.
2026-05-05 22:41:45,542 [ERROR] LogOutputStream:75 - [STDERR_REDIRECT] 
2026-05-05 22:41:46,548 [ERROR] LogOutputStream:75 - [STDERR_REDIRECT] [Fatal Error] :1:1: Premature end of file.
2026-05-05 22:41:46,548 [ERROR] LogOutputStream:75 - [STDERR_REDIRECT] 
2026-05-05 22:41:47,544 [ERROR] LogOutputStream:75 - [STDERR_REDIRECT] [Fatal Error] :1:1: Premature end of file.
2026-05-05 22:41:47,544 [ERROR] LogOutputStream:75 - [STDERR_REDIRECT] 
2026-05-05 22:41:48,550 [ERROR] LogOutputStream:75 - [STDERR_REDIRECT] [Fatal Error] :1:1: Premature end of file.
2026-05-05 22:41:48,551 [ERROR] LogOutputStream:75 - [STDERR_REDIRECT] 
2026-05-05 22:41:49,551 [ERROR] LogOutputStream:75 - [STDERR_REDIRECT] [Fatal Error] :1:1: Premature end of file.
2026-05-05 22:41:49,551 [ERROR] LogOutputStream:75 - [STDERR_REDIRECT] 
2026-05-05 22:41:50,535 [ERROR] LogOutputStream:75 - [STDERR_REDIRECT] [Fatal Error] :1:1: Premature end of file.
2026-05-05 22:41:50,535 [ERROR] LogOutputStream:75 - [STDERR_REDIRECT] 
2026-05-05 22:41:51,557 [ERROR] LogOutputStream:75 - [STDERR_REDIRECT] [Fatal Error] :1:1: Premature end of file.
2026-05-05 22:41:51,557 [ERROR] LogOutputStream:75 - [STDERR_REDIRECT] 
2026-05-05 22:41:52,536 [ERROR] LogOutputStream:75 - [STDERR_REDIRECT] [Fatal Error] :1:1: Premature end of file.
2026-05-05 22:41:52,536 [ERROR] LogOutputStream:75 - [STDERR_REDIRECT] 
2026-05-05 22:41:53,536 [ERROR] LogOutputStream:75 - [STDERR_REDIRECT] [Fatal Error] :1:1: Premature end of file.
2026-05-05 22:41:53,536 [ERROR] LogOutputStream:75 - [STDERR_REDIRECT] 
2026-05-05 22:41:54,542 [ERROR] LogOutputStream:75 - [STDERR_REDIRECT] [Fatal Error] :1:1: Premature end of file.
2026-05-05 22:41:54,542 [ERROR] LogOutputStream:75 - [STDERR_REDIRECT] 
2026-05-05 22:41:55,537 [ERROR] LogOutputStream:75 - [STDERR_REDIRECT] [Fatal Error] :1:1: Premature end of file.
2026-05-05 22:41:55,538 [ERROR] LogOutputStream:75 - [STDERR_REDIRECT] 
2026-05-05 22:41:56,531 [ERROR] LogOutputStream:75 - [STDERR_REDIRECT] [Fatal Error] :1:1: Premature end of file.
2026-05-05 22:41:56,531 [ERROR] LogOutputStream:75 - [STDERR_REDIRECT] 
2026-05-05 22:41:57,544 [ERROR] LogOutputStream:75 - [STDERR_REDIRECT] [Fatal Error] :1:1: Premature end of file.
2026-05-05 22:41:57,544 [ERROR] LogOutputStream:75 - [STDERR_REDIRECT] 
2026-05-05 22:41:58,538 [ERROR] LogOutputStream:75 - [STDERR_REDIRECT] [Fatal Error] :1:1: Premature end of file.
2026-05-05 22:41:58,538 [ERROR] LogOutputStream:75 - [STDERR_REDIRECT] 
2026-05-05 22:41:59,541 [ERROR] LogOutputStream:75 - [STDERR_REDIRECT] [Fatal Error] :1:1: Premature end of file.
2026-05-05 22:41:59,541 [ERROR] LogOutputStream:75 - [STDERR_REDIRECT] 
2026-05-05 22:42:00,537 [ERROR] LogOutputStream:75 - [STDERR_REDIRECT] [Fatal Error] :1:1: Premature end of file.
2026-05-05 22:42:00,537 [ERROR] LogOutputStream:75 - [STDERR_REDIRECT] 
2026-05-05 22:42:01,558 [ERROR] LogOutputStream:75 - [STDERR_REDIRECT] [Fatal Error] :1:1: Premature end of file.
2026-05-05 22:42:01,558 [ERROR] LogOutputStream:75 - [STDERR_REDIRECT] 
2026-05-05 22:42:02,545 [ERROR] LogOutputStream:75 - [STDERR_REDIRECT] [Fatal Error] :1:1: Premature end of file.
2026-05-05 22:42:02,545 [ERROR] LogOutputStream:75 - [STDERR_REDIRECT] 
2026-05-05 22:42:03,546 [ERROR] LogOutputStream:75 - [STDERR_REDIRECT] [Fatal Error] :1:1: Premature end of file.
2026-05-05 22:42:03,548 [ERROR] LogOutputStream:75 - [STDERR_REDIRECT] 
2026-05-05 22:42:04,535 [ERROR] LogOutputStream:75 - [STDERR_REDIRECT] [Fatal Error] :1:1: Premature end of file.
2026-05-05 22:42:04,536 [ERROR] LogOutputStream:75 - [STDERR_REDIRECT] 
2026-05-05 22:42:05,553 [ERROR] LogOutputStream:75 - [STDERR_REDIRECT] [Fatal Error] :1:1: Premature end of file.
2026-05-05 22:42:05,554 [ERROR] LogOutputStream:75 - [STDERR_REDIRECT] 
2026-05-05 22:42:06,535 [ERROR] LogOutputStream:75 - [STDERR_REDIRECT] [Fatal Error] :1:1: Premature end of file.
2026-05-05 22:42:06,536 [ERROR] LogOutputStream:75 - [STDERR_REDIRECT] 
2026-05-05 22:42:07,547 [ERROR] LogOutputStream:75 - [STDERR_REDIRECT] [Fatal Error] :1:1: Premature end of file.
2026-05-05 22:42:07,548 [ERROR] LogOutputStream:75 - [STDERR_REDIRECT] 
2026-05-05 22:42:08,552 [ERROR] LogOutputStream:75 - [STDERR_REDIRECT] [Fatal Error] :1:1: Premature end of file.
2026-05-05 22:42:08,552 [ERROR] LogOutputStream:75 - [STDERR_REDIRECT] 
2026-05-05 22:42:09,536 [ERROR] LogOutputStream:75 - [STDERR_REDIRECT] [Fatal Error] :1:1: Premature end of file.
2026-05-05 22:42:09,536 [ERROR] LogOutputStream:75 - [STDERR_REDIRECT] 
2026-05-05 22:42:10,559 [ERROR] LogOutputStream:75 - [STDERR_REDIRECT] [Fatal Error] :1:1: Premature end of file.
2026-05-05 22:42:10,560 [ERROR] LogOutputStream:75 - [STDERR_REDIRECT] 
2026-05-05 22:42:11,559 [ERROR] LogOutputStream:75 - [STDERR_REDIRECT] [Fatal Error] :1:1: Premature end of file.
2026-05-05 22:42:11,559 [ERROR] LogOutputStream:75 - [STDERR_REDIRECT] 
2026-05-05 22:42:12,541 [ERROR] LogOutputStream:75 - [STDERR_REDIRECT] [Fatal Error] :1:1: Premature end of file.
2026-05-05 22:42:12,541 [ERROR] LogOutputStream:75 - [STDERR_REDIRECT] 
2026-05-05 22:42:13,552 [ERROR] LogOutputStream:75 - [STDERR_REDIRECT] [Fatal Error] :1:1: Premature end of file.
2026-05-05 22:42:13,553 [ERROR] LogOutputStream:75 - [STDERR_REDIRECT] 
2026-05-05 22:42:14,544 [ERROR] LogOutputStream:75 - [STDERR_REDIRECT] [Fatal Error] :1:1: Premature end of file.
2026-05-05 22:42:14,545 [ERROR] LogOutputStream:75 - [STDERR_REDIRECT] 
2026-05-05 22:42:15,546 [ERROR] LogOutputStream:75 - [STDERR_REDIRECT] [Fatal Error] :1:1: Premature end of file.
2026-05-05 22:42:15,546 [ERROR] LogOutputStream:75 - [STDERR_REDIRECT] 
2026-05-05 22:42:16,543 [ERROR] LogOutputStream:75 - [STDERR_REDIRECT] [Fatal Error] :1:1: Premature end of file.
2026-05-05 22:42:16,543 [ERROR] LogOutputStream:75 - [STDERR_REDIRECT] 
2026-05-05 22:42:17,543 [ERROR] LogOutputStream:75 - [STDERR_REDIRECT] [Fatal Error] :1:1: Premature end of file.
2026-05-05 22:42:17,544 [ERROR] LogOutputStream:75 - [STDERR_REDIRECT] 
2026-05-05 22:42:18,549 [ERROR] LogOutputStream:75 - [STDERR_REDIRECT] [Fatal Error] :1:1: Premature end of file.
2026-05-05 22:42:18,550 [ERROR] LogOutputStream:75 - [STDERR_REDIRECT] 
2026-05-05 22:42:19,545 [ERROR] LogOutputStream:75 - [STDERR_REDIRECT] [Fatal Error] :1:1: Premature end of file.
2026-05-05 22:42:19,545 [ERROR] LogOutputStream:75 - [STDERR_REDIRECT] 
2026-05-05 22:42:20,546 [ERROR] LogOutputStream:75 - [STDERR_REDIRECT] [Fatal Error] :1:1: Premature end of file.
2026-05-05 22:42:20,547 [ERROR] LogOutputStream:75 - [STDERR_REDIRECT] 
2026-05-05 22:42:21,546 [ERROR] LogOutputStream:75 - [STDERR_REDIRECT] [Fatal Error] :1:1: Premature end of file.
2026-05-05 22:42:21,546 [ERROR] LogOutputStream:75 - [STDERR_REDIRECT] 
2026-05-05 22:42:22,551 [ERROR] LogOutputStream:75 - [STDERR_REDIRECT] [Fatal Error] :1:1: Premature end of file.
2026-05-05 22:42:22,552 [ERROR] LogOutputStream:75 - [STDERR_REDIRECT] 
2026-05-05 22:42:23,541 [ERROR] LogOutputStream:75 - [STDERR_REDIRECT] [Fatal Error] :1:1: Premature end of file.
2026-05-05 22:42:23,541 [ERROR] LogOutputStream:75 - [STDERR_REDIRECT] 
2026-05-05 22:42:24,546 [ERROR] LogOutputStream:75 - [STDERR_REDIRECT] [Fatal Error] :1:1: Premature end of file.
2026-05-05 22:42:24,547 [ERROR] LogOutputStream:75 - [STDERR_REDIRECT] 
2026-05-05 22:42:25,546 [ERROR] LogOutputStream:75 - [STDERR_REDIRECT] [Fatal Error] :1:1: Premature end of file.
2026-05-05 22:42:25,546 [ERROR] LogOutputStream:75 - [STDERR_REDIRECT] 
2026-05-05 22:42:26,538 [ERROR] LogOutputStream:75 - [STDERR_REDIRECT] [Fatal Error] :1:1: Premature end of file.
2026-05-05 22:42:26,538 [ERROR] LogOutputStream:75 - [STDERR_REDIRECT] 
2026-05-05 22:42:27,546 [ERROR] LogOutputStream:75 - [STDERR_REDIRECT] [Fatal Error] :1:1: Premature end of file.
2026-05-05 22:42:27,546 [ERROR] LogOutputStream:75 - [STDERR_REDIRECT] 
2026-05-05 22:42:28,541 [ERROR] LogOutputStream:75 - [STDERR_REDIRECT] [Fatal Error] :1:1: Premature end of file.
2026-05-05 22:42:28,541 [ERROR] LogOutputStream:75 - [STDERR_REDIRECT] 
2026-05-05 22:42:29,541 [ERROR] LogOutputStream:75 - [STDERR_REDIRECT] [Fatal Error] :1:1: Premature end of file.
2026-05-05 22:42:29,541 [ERROR] LogOutputStream:75 - [STDERR_REDIRECT] 
2026-05-05 22:42:30,536 [ERROR] LogOutputStream:75 - [STDERR_REDIRECT] [Fatal Error] :1:1: Premature end of file.
2026-05-05 22:42:30,536 [ERROR] LogOutputStream:75 - [STDERR_REDIRECT] 
2026-05-05 22:42:31,549 [ERROR] LogOutputStream:75 - [STDERR_REDIRECT] [Fatal Error] :1:1: Premature end of file.
2026-05-05 22:42:31,550 [ERROR] LogOutputStream:75 - [STDERR_REDIRECT] 
2026-05-05 22:42:32,553 [ERROR] LogOutputStream:75 - [STDERR_REDIRECT] [Fatal Error] :1:1: Premature end of file.
2026-05-05 22:42:32,553 [ERROR] LogOutputStream:75 - [STDERR_REDIRECT] 
2026-05-05 22:42:33,550 [ERROR] LogOutputStream:75 - [STDERR_REDIRECT] [Fatal Error] :1:1: Premature end of file.
2026-05-05 22:42:33,551 [ERROR] LogOutputStream:75 - [STDERR_REDIRECT] 
2026-05-05 22:42:34,538 [ERROR] LogOutputStream:75 - [STDERR_REDIRECT] [Fatal Error] :1:1: Premature end of file.
2026-05-05 22:42:34,541 [ERROR] LogOutputStream:75 - [STDERR_REDIRECT] 
2026-05-05 22:42:35,548 [ERROR] LogOutputStream:75 - [STDERR_REDIRECT] [Fatal Error] :1:1: Premature end of file.
2026-05-05 22:42:35,549 [ERROR] LogOutputStream:75 - [STDERR_REDIRECT] 
2026-05-05 22:42:36,542 [ERROR] LogOutputStream:75 - [STDERR_REDIRECT] [Fatal Error] :1:1: Premature end of file.
2026-05-05 22:42:36,542 [ERROR] LogOutputStream:75 - [STDERR_REDIRECT] 
2026-05-05 22:42:37,533 [ERROR] LogOutputStream:75 - [STDERR_REDIRECT] [Fatal Error] :1:1: Premature end of file.
2026-05-05 22:42:37,534 [ERROR] LogOutputStream:75 - [STDERR_REDIRECT] 
2026-05-05 22:42:38,543 [ERROR] LogOutputStream:75 - [STDERR_REDIRECT] [Fatal Error] :1:1: Premature end of file.
2026-05-05 22:42:38,543 [ERROR] LogOutputStream:75 - [STDERR_REDIRECT] 
2026-05-05 22:42:39,535 [ERROR] LogOutputStream:75 - [STDERR_REDIRECT] [Fatal Error] :1:1: Premature end of file.
2026-05-05 22:42:39,535 [ERROR] LogOutputStream:75 - [STDERR_REDIRECT] 
2026-05-05 22:42:40,542 [ERROR] LogOutputStream:75 - [STDERR_REDIRECT] [Fatal Error] :1:1: Premature end of file.
2026-05-05 22:42:40,542 [ERROR] LogOutputStream:75 - [STDERR_REDIRECT] 
2026-05-05 22:42:41,537 [ERROR] LogOutputStream:75 - [STDERR_REDIRECT] [Fatal Error] :1:1: Premature end of file.
2026-05-05 22:42:41,537 [ERROR] LogOutputStream:75 - [STDERR_REDIRECT] 
2026-05-05 22:42:42,538 [ERROR] LogOutputStream:75 - [STDERR_REDIRECT] [Fatal Error] :1:1: Premature end of file.
2026-05-05 22:42:42,539 [ERROR] LogOutputStream:75 - [STDERR_REDIRECT] 
2026-05-05 22:42:43,535 [ERROR] LogOutputStream:75 - [STDERR_REDIRECT] [Fatal Error] :1:1: Premature end of file.
2026-05-05 22:42:43,536 [ERROR] LogOutputStream:75 - [STDERR_REDIRECT] 
2026-05-05 22:42:44,535 [ERROR] LogOutputStream:75 - [STDERR_REDIRECT] [Fatal Error] :1:1: Premature end of file.
2026-05-05 22:42:44,535 [ERROR] LogOutputStream:75 - [STDERR_REDIRECT] 
2026-05-05 22:42:45,535 [ERROR] LogOutputStream:75 - [STDERR_REDIRECT] [Fatal Error] :1:1: Premature end of file.
2026-05-05 22:42:45,536 [ERROR] LogOutputStream:75 - [STDERR_REDIRECT] 
2026-05-05 22:42:46,538 [ERROR] LogOutputStream:75 - [STDERR_REDIRECT] [Fatal Error] :1:1: Premature end of file.
2026-05-05 22:42:46,538 [ERROR] LogOutputStream:75 - [STDERR_REDIRECT] 
2026-05-05 22:42:47,538 [ERROR] LogOutputStream:75 - [STDERR_REDIRECT] [Fatal Error] :1:1: Premature end of file.
2026-05-05 22:42:47,538 [ERROR] LogOutputStream:75 - [STDERR_REDIRECT] 
2026-05-05 22:42:48,547 [ERROR] LogOutputStream:75 - [STDERR_REDIRECT] [Fatal Error] :1:1: Premature end of file.
2026-05-05 22:42:48,547 [ERROR] LogOutputStream:75 - [STDERR_REDIRECT] 
2026-05-05 22:42:49,542 [ERROR] LogOutputStream:75 - [STDERR_REDIRECT] [Fatal Error] :1:1: Premature end of file.
2026-05-05 22:42:49,542 [ERROR] LogOutputStream:75 - [STDERR_REDIRECT] 
2026-05-05 22:42:50,538 [ERROR] LogOutputStream:75 - [STDERR_REDIRECT] [Fatal Error] :1:1: Premature end of file.
2026-05-05 22:42:50,538 [ERROR] LogOutputStream:75 - [STDERR_REDIRECT] 
2026-05-05 22:42:51,535 [ERROR] LogOutputStream:75 - [STDERR_REDIRECT] [Fatal Error] :1:1: Premature end of file.
2026-05-05 22:42:51,536 [ERROR] LogOutputStream:75 - [STDERR_REDIRECT] 
2026-05-05 22:42:52,536 [ERROR] LogOutputStream:75 - [STDERR_REDIRECT] [Fatal Error] :1:1: Premature end of file.
2026-05-05 22:42:52,538 [ERROR] LogOutputStream:75 - [STDERR_REDIRECT] 
2026-05-05 22:42:53,544 [ERROR] LogOutputStream:75 - [STDERR_REDIRECT] [Fatal Error] :1:1: Premature end of file.
2026-05-05 22:42:53,544 [ERROR] LogOutputStream:75 - [STDERR_REDIRECT] 
2026-05-05 22:42:54,537 [ERROR] LogOutputStream:75 - [STDERR_REDIRECT] [Fatal Error] :1:1: Premature end of file.
2026-05-05 22:42:54,538 [ERROR] LogOutputStream:75 - [STDERR_REDIRECT] 
2026-05-05 22:42:55,534 [ERROR] LogOutputStream:75 - [STDERR_REDIRECT] [Fatal Error] :1:1: Premature end of file.
2026-05-05 22:42:55,534 [ERROR] LogOutputStream:75 - [STDERR_REDIRECT] 
2026-05-05 22:42:56,537 [ERROR] LogOutputStream:75 - [STDERR_REDIRECT] [Fatal Error] :1:1: Premature end of file.
2026-05-05 22:42:56,537 [ERROR] LogOutputStream:75 - [STDERR_REDIRECT] 
2026-05-05 22:42:57,541 [ERROR] LogOutputStream:75 - [STDERR_REDIRECT] [Fatal Error] :1:1: Premature end of file.
2026-05-05 22:42:57,541 [ERROR] LogOutputStream:75 - [STDERR_REDIRECT] 
2026-05-05 22:42:58,547 [ERROR] LogOutputStream:75 - [STDERR_REDIRECT] [Fatal Error] :1:1: Premature end of file.
2026-05-05 22:42:58,548 [ERROR] LogOutputStream:75 - [STDERR_REDIRECT] 
2026-05-05 22:42:59,549 [ERROR] LogOutputStream:75 - [STDERR_REDIRECT] [Fatal Error] :1:1: Premature end of file.
2026-05-05 22:42:59,550 [ERROR] LogOutputStream:75 - [STDERR_REDIRECT] 
2026-05-05 22:43:00,533 [ERROR] LogOutputStream:75 - [STDERR_REDIRECT] [Fatal Error] :1:1: Premature end of file.
2026-05-05 22:43:00,536 [ERROR] LogOutputStream:75 - [STDERR_REDIRECT] 
2026-05-05 22:43:01,548 [ERROR] LogOutputStream:75 - [STDERR_REDIRECT] [Fatal Error] :1:1: Premature end of file.
2026-05-05 22:43:01,548 [ERROR] LogOutputStream:75 - [STDERR_REDIRECT] 
2026-05-05 22:43:02,532 [ERROR] LogOutputStream:75 - [STDERR_REDIRECT] [Fatal Error] :1:1: Premature end of file.
2026-05-05 22:43:02,535 [ERROR] LogOutputStream:75 - [STDERR_REDIRECT] 
2026-05-05 22:43:03,537 [ERROR] LogOutputStream:75 - [STDERR_REDIRECT] [Fatal Error] :1:1: Premature end of file.
2026-05-05 22:43:03,537 [ERROR] LogOutputStream:75 - [STDERR_REDIRECT] 
2026-05-05 22:43:04,544 [ERROR] LogOutputStream:75 - [STDERR_REDIRECT] [Fatal Error] :1:1: Premature end of file.
2026-05-05 22:43:04,545 [ERROR] LogOutputStream:75 - [STDERR_REDIRECT] 
2026-05-05 22:43:05,538 [ERROR] LogOutputStream:75 - [STDERR_REDIRECT] [Fatal Error] :1:1: Premature end of file.
2026-05-05 22:43:05,538 [ERROR] LogOutputStream:75 - [STDERR_REDIRECT] 
2026-05-05 22:43:06,531 [ERROR] LogOutputStream:75 - [STDERR_REDIRECT] [Fatal Error] :1:1: Premature end of file.
2026-05-05 22:43:06,531 [ERROR] LogOutputStream:75 - [STDERR_REDIRECT] 
2026-05-05 22:43:07,533 [ERROR] LogOutputStream:75 - [STDERR_REDIRECT] [Fatal Error] :1:1: Premature end of file.
2026-05-05 22:43:07,533 [ERROR] LogOutputStream:75 - [STDERR_REDIRECT] 
2026-05-05 22:43:08,534 [ERROR] LogOutputStream:75 - [STDERR_REDIRECT] [Fatal Error] :1:1: Premature end of file.
2026-05-05 22:43:08,534 [ERROR] LogOutputStream:75 - [STDERR_REDIRECT] 
2026-05-05 22:43:09,535 [ERROR] LogOutputStream:75 - [STDERR_REDIRECT] [Fatal Error] :1:1: Premature end of file.
2026-05-05 22:43:09,535 [ERROR] LogOutputStream:75 - [STDERR_REDIRECT] 
2026-05-05 22:43:10,537 [ERROR] LogOutputStream:75 - [STDERR_REDIRECT] [Fatal Error] :1:1: Premature end of file.
2026-05-05 22:43:10,538 [ERROR] LogOutputStream:75 - [STDERR_REDIRECT] 
2026-05-05 22:43:11,534 [ERROR] LogOutputStream:75 - [STDERR_REDIRECT] [Fatal Error] :1:1: Premature end of file.
2026-05-05 22:43:11,534 [ERROR] LogOutputStream:75 - [STDERR_REDIRECT] 
2026-05-05 22:43:12,540 [ERROR] LogOutputStream:75 - [STDERR_REDIRECT] [Fatal Error] :1:1: Premature end of file.
2026-05-05 22:43:12,540 [ERROR] LogOutputStream:75 - [STDERR_REDIRECT] 
2026-05-05 22:43:13,538 [ERROR] LogOutputStream:75 - [STDERR_REDIRECT] [Fatal Error] :1:1: Premature end of file.
2026-05-05 22:43:13,538 [ERROR] LogOutputStream:75 - [STDERR_REDIRECT] 
2026-05-05 22:43:14,536 [ERROR] LogOutputStream:75 - [STDERR_REDIRECT] [Fatal Error] :1:1: Premature end of file.
2026-05-05 22:43:14,536 [ERROR] LogOutputStream:75 - [STDERR_REDIRECT] 
2026-05-05 22:43:15,544 [ERROR] LogOutputStream:75 - [STDERR_REDIRECT] [Fatal Error] :1:1: Premature end of file.
2026-05-05 22:43:15,544 [ERROR] LogOutputStream:75 - [STDERR_REDIRECT] 
2026-05-05 22:43:16,535 [ERROR] LogOutputStream:75 - [STDERR_REDIRECT] [Fatal Error] :1:1: Premature end of file.
2026-05-05 22:43:16,535 [ERROR] LogOutputStream:75 - [STDERR_REDIRECT] 
2026-05-05 22:43:17,549 [ERROR] LogOutputStream:75 - [STDERR_REDIRECT] [Fatal Error] :1:1: Premature end of file.
2026-05-05 22:43:17,550 [ERROR] LogOutputStream:75 - [STDERR_REDIRECT] 
2026-05-05 22:43:18,552 [ERROR] LogOutputStream:75 - [STDERR_REDIRECT] [Fatal Error] :1:1: Premature end of file.
2026-05-05 22:43:18,552 [ERROR] LogOutputStream:75 - [STDERR_REDIRECT] 
2026-05-05 22:43:19,539 [ERROR] LogOutputStream:75 - [STDERR_REDIRECT] [Fatal Error] :1:1: Premature end of file.
2026-05-05 22:43:19,540 [ERROR] LogOutputStream:75 - [STDERR_REDIRECT] 
2026-05-05 22:43:20,538 [ERROR] LogOutputStream:75 - [STDERR_REDIRECT] [Fatal Error] :1:1: Premature end of file.
2026-05-05 22:43:20,538 [ERROR] LogOutputStream:75 - [STDERR_REDIRECT] 
2026-05-05 22:43:21,536 [ERROR] LogOutputStream:75 - [STDERR_REDIRECT] [Fatal Error] :1:1: Premature end of file.
2026-05-05 22:43:21,537 [ERROR] LogOutputStream:75 - [STDERR_REDIRECT] 
2026-05-05 22:43:22,536 [ERROR] LogOutputStream:75 - [STDERR_REDIRECT] [Fatal Error] :1:1: Premature end of file.
2026-05-05 22:43:22,536 [ERROR] LogOutputStream:75 - [STDERR_REDIRECT] 
2026-05-05 22:43:23,543 [ERROR] LogOutputStream:75 - [STDERR_REDIRECT] [Fatal Error] :1:1: Premature end of file.
2026-05-05 22:43:23,543 [ERROR] LogOutputStream:75 - [STDERR_REDIRECT] 
2026-05-05 22:43:24,550 [ERROR] LogOutputStream:75 - [STDERR_REDIRECT] [Fatal Error] :1:1: Premature end of file.
2026-05-05 22:43:24,550 [ERROR] LogOutputStream:75 - [STDERR_REDIRECT] 
2026-05-05 22:43:25,545 [ERROR] LogOutputStream:75 - [STDERR_REDIRECT] [Fatal Error] :1:1: Premature end of file.
2026-05-05 22:43:25,545 [ERROR] LogOutputStream:75 - [STDERR_REDIRECT] 
2026-05-05 22:43:26,547 [ERROR] LogOutputStream:75 - [STDERR_REDIRECT] [Fatal Error] :1:1: Premature end of file.
2026-05-05 22:43:26,547 [ERROR] LogOutputStream:75 - [STDERR_REDIRECT] 
2026-05-05 22:43:27,544 [ERROR] LogOutputStream:75 - [STDERR_REDIRECT] [Fatal Error] :1:1: Premature end of file.
2026-05-05 22:43:27,545 [ERROR] LogOutputStream:75 - [STDERR_REDIRECT] 
2026-05-05 22:43:28,538 [ERROR] LogOutputStream:75 - [STDERR_REDIRECT] [Fatal Error] :1:1: Premature end of file.
2026-05-05 22:43:28,539 [ERROR] LogOutputStream:75 - [STDERR_REDIRECT] 
2026-05-05 22:43:29,539 [ERROR] LogOutputStream:75 - [STDERR_REDIRECT] [Fatal Error] :1:1: Premature end of file.
2026-05-05 22:43:29,540 [ERROR] LogOutputStream:75 - [STDERR_REDIRECT] 
2026-05-05 22:43:30,537 [ERROR] LogOutputStream:75 - [STDERR_REDIRECT] [Fatal Error] :1:1: Premature end of file.
2026-05-05 22:43:30,537 [ERROR] LogOutputStream:75 - [STDERR_REDIRECT] 
2026-05-05 22:43:31,534 [ERROR] LogOutputStream:75 - [STDERR_REDIRECT] [Fatal Error] :1:1: Premature end of file.
2026-05-05 22:43:31,535 [ERROR] LogOutputStream:75 - [STDERR_REDIRECT] 
2026-05-05 22:43:32,539 [ERROR] LogOutputStream:75 - [STDERR_REDIRECT] [Fatal Error] :1:1: Premature end of file.
2026-05-05 22:43:32,539 [ERROR] LogOutputStream:75 - [STDERR_REDIRECT] 
2026-05-05 22:43:33,543 [ERROR] LogOutputStream:75 - [STDERR_REDIRECT] [Fatal Error] :1:1: Premature end of file.
2026-05-05 22:43:33,543 [ERROR] LogOutputStream:75 - [STDERR_REDIRECT] 
2026-05-05 22:43:34,557 [ERROR] LogOutputStream:75 - [STDERR_REDIRECT] [Fatal Error] :1:1: Premature end of file.
2026-05-05 22:43:34,557 [ERROR] LogOutputStream:75 - [STDERR_REDIRECT] 
2026-05-05 22:43:35,542 [ERROR] LogOutputStream:75 - [STDERR_REDIRECT] [Fatal Error] :1:1: Premature end of file.
2026-05-05 22:43:35,543 [ERROR] LogOutputStream:75 - [STDERR_REDIRECT] 
2026-05-05 22:43:36,539 [ERROR] LogOutputStream:75 - [STDERR_REDIRECT] [Fatal Error] :1:1: Premature end of file.
2026-05-05 22:43:36,540 [ERROR] LogOutputStream:75 - [STDERR_REDIRECT] 
2026-05-05 22:43:37,542 [ERROR] LogOutputStream:75 - [STDERR_REDIRECT] [Fatal Error] :1:1: Premature end of file.
2026-05-05 22:43:37,543 [ERROR] LogOutputStream:75 - [STDERR_REDIRECT] 
2026-05-05 22:43:38,536 [ERROR] LogOutputStream:75 - [STDERR_REDIRECT] [Fatal Error] :1:1: Premature end of file.
2026-05-05 22:43:38,536 [ERROR] LogOutputStream:75 - [STDERR_REDIRECT] 
2026-05-05 22:43:39,545 [ERROR] LogOutputStream:75 - [STDERR_REDIRECT] [Fatal Error] :1:1: Premature end of file.
2026-05-05 22:43:39,545 [ERROR] LogOutputStream:75 - [STDERR_REDIRECT] 
2026-05-05 22:43:40,542 [ERROR] LogOutputStream:75 - [STDERR_REDIRECT] [Fatal Error] :1:1: Premature end of file.
2026-05-05 22:43:40,542 [ERROR] LogOutputStream:75 - [STDERR_REDIRECT] 
2026-05-05 22:43:41,539 [ERROR] LogOutputStream:75 - [STDERR_REDIRECT] [Fatal Error] :1:1: Premature end of file.
2026-05-05 22:43:41,539 [ERROR] LogOutputStream:75 - [STDERR_REDIRECT] 
2026-05-05 22:43:42,531 [ERROR] LogOutputStream:75 - [STDERR_REDIRECT] [Fatal Error] :1:1: Premature end of file.
2026-05-05 22:43:42,532 [ERROR] LogOutputStream:75 - [STDERR_REDIRECT] 
2026-05-05 22:43:43,534 [ERROR] LogOutputStream:75 - [STDERR_REDIRECT] [Fatal Error] :1:1: Premature end of file.
2026-05-05 22:43:43,534 [ERROR] LogOutputStream:75 - [STDERR_REDIRECT] 
2026-05-05 22:43:44,541 [ERROR] LogOutputStream:75 - [STDERR_REDIRECT] [Fatal Error] :1:1: Premature end of file.
2026-05-05 22:43:44,542 [ERROR] LogOutputStream:75 - [STDERR_REDIRECT] 
2026-05-05 22:43:45,541 [ERROR] LogOutputStream:75 - [STDERR_REDIRECT] [Fatal Error] :1:1: Premature end of file.
2026-05-05 22:43:45,541 [ERROR] LogOutputStream:75 - [STDERR_REDIRECT] 
2026-05-05 22:43:46,537 [ERROR] LogOutputStream:75 - [STDERR_REDIRECT] [Fatal Error] :1:1: Premature end of file.
2026-05-05 22:43:46,538 [ERROR] LogOutputStream:75 - [STDERR_REDIRECT] 
2026-05-05 22:43:47,538 [ERROR] LogOutputStream:75 - [STDERR_REDIRECT] [Fatal Error] :1:1: Premature end of file.
2026-05-05 22:43:47,539 [ERROR] LogOutputStream:75 - [STDERR_REDIRECT] 
2026-05-05 22:43:48,559 [ERROR] LogOutputStream:75 - [STDERR_REDIRECT] [Fatal Error] :1:1: Premature end of file.
2026-05-05 22:43:48,560 [ERROR] LogOutputStream:75 - [STDERR_REDIRECT] 
2026-05-05 22:43:49,534 [ERROR] LogOutputStream:75 - [STDERR_REDIRECT] [Fatal Error] :1:1: Premature end of file.
2026-05-05 22:43:49,534 [ERROR] LogOutputStream:75 - [STDERR_REDIRECT] 
2026-05-05 22:43:50,542 [ERROR] LogOutputStream:75 - [STDERR_REDIRECT] [Fatal Error] :1:1: Premature end of file.
2026-05-05 22:43:50,542 [ERROR] LogOutputStream:75 - [STDERR_REDIRECT] 
2026-05-05 22:43:51,540 [ERROR] LogOutputStream:75 - [STDERR_REDIRECT] [Fatal Error] :1:1: Premature end of file.
2026-05-05 22:43:51,540 [ERROR] LogOutputStream:75 - [STDERR_REDIRECT] 
2026-05-05 22:43:52,542 [ERROR] LogOutputStream:75 - [STDERR_REDIRECT] [Fatal Error] :1:1: Premature end of file.
2026-05-05 22:43:52,542 [ERROR] LogOutputStream:75 - [STDERR_REDIRECT] 
2026-05-05 22:43:53,547 [ERROR] LogOutputStream:75 - [STDERR_REDIRECT] [Fatal Error] :1:1: Premature end of file.
2026-05-05 22:43:53,547 [ERROR] LogOutputStream:75 - [STDERR_REDIRECT] 
2026-05-05 22:43:54,548 [ERROR] LogOutputStream:75 - [STDERR_REDIRECT] [Fatal Error] :1:1: Premature end of file.
2026-05-05 22:43:54,549 [ERROR] LogOutputStream:75 - [STDERR_REDIRECT] 
2026-05-05 22:43:55,543 [ERROR] LogOutputStream:75 - [STDERR_REDIRECT] [Fatal Error] :1:1: Premature end of file.
2026-05-05 22:43:55,543 [ERROR] LogOutputStream:75 - [STDERR_REDIRECT] 
2026-05-05 22:43:56,532 [ERROR] LogOutputStream:75 - [STDERR_REDIRECT] [Fatal Error] :1:1: Premature end of file.
2026-05-05 22:43:56,532 [ERROR] LogOutputStream:75 - [STDERR_REDIRECT] 
2026-05-05 22:43:57,539 [ERROR] LogOutputStream:75 - [STDERR_REDIRECT] [Fatal Error] :1:1: Premature end of file.
2026-05-05 22:43:57,539 [ERROR] LogOutputStream:75 - [STDERR_REDIRECT] 
2026-05-05 22:43:58,546 [ERROR] LogOutputStream:75 - [STDERR_REDIRECT] [Fatal Error] :1:1: Premature end of file.
2026-05-05 22:43:58,546 [ERROR] LogOutputStream:75 - [STDERR_REDIRECT] 
2026-05-05 22:43:59,542 [ERROR] LogOutputStream:75 - [STDERR_REDIRECT] [Fatal Error] :1:1: Premature end of file.
2026-05-05 22:43:59,542 [ERROR] LogOutputStream:75 - [STDERR_REDIRECT] 
2026-05-05 22:44:00,534 [ERROR] LogOutputStream:75 - [STDERR_REDIRECT] [Fatal Error] :1:1: Premature end of file.
2026-05-05 22:44:00,535 [ERROR] LogOutputStream:75 - [STDERR_REDIRECT] 
2026-05-05 22:44:01,541 [ERROR] LogOutputStream:75 - [STDERR_REDIRECT] [Fatal Error] :1:1: Premature end of file.
2026-05-05 22:44:01,541 [ERROR] LogOutputStream:75 - [STDERR_REDIRECT] 
2026-05-05 22:44:02,552 [ERROR] LogOutputStream:75 - [STDERR_REDIRECT] [Fatal Error] :1:1: Premature end of file.
2026-05-05 22:44:02,552 [ERROR] LogOutputStream:75 - [STDERR_REDIRECT] 
2026-05-05 22:44:03,544 [ERROR] LogOutputStream:75 - [STDERR_REDIRECT] [Fatal Error] :1:1: Premature end of file.
2026-05-05 22:44:03,544 [ERROR] LogOutputStream:75 - [STDERR_REDIRECT] 
2026-05-05 22:44:04,565 [ERROR] LogOutputStream:75 - [STDERR_REDIRECT] [Fatal Error] :1:1: Premature end of file.
2026-05-05 22:44:04,566 [ERROR] LogOutputStream:75 - [STDERR_REDIRECT] 
2026-05-05 22:44:05,563 [ERROR] LogOutputStream:75 - [STDERR_REDIRECT] [Fatal Error] :1:1: Premature end of file.
2026-05-05 22:44:05,563 [ERROR] LogOutputStream:75 - [STDERR_REDIRECT] 
2026-05-05 22:44:06,563 [ERROR] LogOutputStream:75 - [STDERR_REDIRECT] [Fatal Error] :1:1: Premature end of file.
2026-05-05 22:44:06,563 [ERROR] LogOutputStream:75 - [STDERR_REDIRECT] 
2026-05-05 22:44:07,563 [ERROR] LogOutputStream:75 - [STDERR_REDIRECT] [Fatal Error] :1:1: Premature end of file.
2026-05-05 22:44:07,564 [ERROR] LogOutputStream:75 - [STDERR_REDIRECT] 
2026-05-05 22:44:08,569 [ERROR] LogOutputStream:75 - [STDERR_REDIRECT] [Fatal Error] :1:1: Premature end of file.
2026-05-05 22:44:08,569 [ERROR] LogOutputStream:75 - [STDERR_REDIRECT] 
2026-05-05 22:44:09,558 [ERROR] LogOutputStream:75 - [STDERR_REDIRECT] [Fatal Error] :1:1: Premature end of file.
2026-05-05 22:44:09,559 [ERROR] LogOutputStream:75 - [STDERR_REDIRECT] 
2026-05-05 22:44:10,538 [ERROR] LogOutputStream:75 - [STDERR_REDIRECT] [Fatal Error] :1:1: Premature end of file.
2026-05-05 22:44:10,538 [ERROR] LogOutputStream:75 - [STDERR_REDIRECT] 
2026-05-05 22:44:11,540 [ERROR] LogOutputStream:75 - [STDERR_REDIRECT] [Fatal Error] :1:1: Premature end of file.
2026-05-05 22:44:11,541 [ERROR] LogOutputStream:75 - [STDERR_REDIRECT] 
2026-05-05 22:44:12,540 [ERROR] LogOutputStream:75 - [STDERR_REDIRECT] [Fatal Error] :1:1: Premature end of file.
2026-05-05 22:44:12,540 [ERROR] LogOutputStream:75 - [STDERR_REDIRECT] 
2026-05-05 22:44:13,535 [ERROR] LogOutputStream:75 - [STDERR_REDIRECT] [Fatal Error] :1:1: Premature end of file.
2026-05-05 22:44:13,536 [ERROR] LogOutputStream:75 - [STDERR_REDIRECT] 
2026-05-05 22:44:14,534 [ERROR] LogOutputStream:75 - [STDERR_REDIRECT] [Fatal Error] :1:1: Premature end of file.
2026-05-05 22:44:14,535 [ERROR] LogOutputStream:75 - [STDERR_REDIRECT] 
2026-05-05 22:44:15,517 [ERROR] LogOutputStream:75 - [STDERR_REDIRECT] [Fatal Error] :1:1: Premature end of file.
2026-05-05 22:44:15,518 [ERROR] LogOutputStream:75 - [STDERR_REDIRECT] 
2026-05-05 22:44:16,543 [ERROR] LogOutputStream:75 - [STDERR_REDIRECT] [Fatal Error] :1:1: Premature end of file.
2026-05-05 22:44:16,543 [ERROR] LogOutputStream:75 - [STDERR_REDIRECT] 
2026-05-05 22:44:17,517 [ERROR] LogOutputStream:75 - [STDERR_REDIRECT] [Fatal Error] :1:1: Premature end of file.
2026-05-05 22:44:17,517 [ERROR] LogOutputStream:75 - [STDERR_REDIRECT] 
2026-05-05 22:44:18,530 [ERROR] LogOutputStream:75 - [STDERR_REDIRECT] [Fatal Error] :1:1: Premature end of file.
2026-05-05 22:44:18,530 [ERROR] LogOutputStream:75 - [STDERR_REDIRECT] 
2026-05-05 22:44:19,518 [ERROR] LogOutputStream:75 - [STDERR_REDIRECT] [Fatal Error] :1:1: Premature end of file.
2026-05-05 22:44:19,519 [ERROR] LogOutputStream:75 - [STDERR_REDIRECT] 
2026-05-05 22:44:20,538 [ERROR] LogOutputStream:75 - [STDERR_REDIRECT] [Fatal Error] :1:1: Premature end of file.
2026-05-05 22:44:20,539 [ERROR] LogOutputStream:75 - [STDERR_REDIRECT] 
2026-05-05 22:44:21,528 [ERROR] LogOutputStream:75 - [STDERR_REDIRECT] [Fatal Error] :1:1: Premature end of file.
2026-05-05 22:44:21,529 [ERROR] LogOutputStream:75 - [STDERR_REDIRECT] 
2026-05-05 22:44:22,554 [ERROR] LogOutputStream:75 - [STDERR_REDIRECT] [Fatal Error] :1:1: Premature end of file.
2026-05-05 22:44:22,554 [ERROR] LogOutputStream:75 - [STDERR_REDIRECT] 
2026-05-05 22:44:23,555 [ERROR] LogOutputStream:75 - [STDERR_REDIRECT] [Fatal Error] :1:1: Premature end of file.
2026-05-05 22:44:23,556 [ERROR] LogOutputStream:75 - [STDERR_REDIRECT] 
2026-05-05 22:44:24,528 [ERROR] LogOutputStream:75 - [STDERR_REDIRECT] [Fatal Error] :1:1: Premature end of file.
2026-05-05 22:44:24,529 [ERROR] LogOutputStream:75 - [STDERR_REDIRECT] 
2026-05-05 22:44:25,554 [ERROR] LogOutputStream:75 - [STDERR_REDIRECT] [Fatal Error] :1:1: Premature end of file.
2026-05-05 22:44:25,554 [ERROR] LogOutputStream:75 - [STDERR_REDIRECT] 
2026-05-05 22:44:26,566 [ERROR] LogOutputStream:75 - [STDERR_REDIRECT] [Fatal Error] :1:1: Premature end of file.
2026-05-05 22:44:26,566 [ERROR] LogOutputStream:75 - [STDERR_REDIRECT] 
2026-05-05 22:44:27,540 [ERROR] LogOutputStream:75 - [STDERR_REDIRECT] [Fatal Error] :1:1: Premature end of file.
2026-05-05 22:44:27,540 [ERROR] LogOutputStream:75 - [STDERR_REDIRECT] 
2026-05-05 22:44:28,531 [ERROR] LogOutputStream:75 - [STDERR_REDIRECT] [Fatal Error] :1:1: Premature end of file.
2026-05-05 22:44:28,532 [ERROR] LogOutputStream:75 - [STDERR_REDIRECT] 
2026-05-05 22:44:29,550 [ERROR] LogOutputStream:75 - [STDERR_REDIRECT] [Fatal Error] :1:1: Premature end of file.
2026-05-05 22:44:29,551 [ERROR] LogOutputStream:75 - [STDERR_REDIRECT] 
2026-05-05 22:44:30,544 [ERROR] LogOutputStream:75 - [STDERR_REDIRECT] [Fatal Error] :1:1: Premature end of file.
2026-05-05 22:44:30,544 [ERROR] LogOutputStream:75 - [STDERR_REDIRECT] 
2026-05-05 22:44:31,542 [ERROR] LogOutputStream:75 - [STDERR_REDIRECT] [Fatal Error] :1:1: Premature end of file.
2026-05-05 22:44:31,543 [ERROR] LogOutputStream:75 - [STDERR_REDIRECT] 
2026-05-05 22:44:32,544 [ERROR] LogOutputStream:75 - [STDERR_REDIRECT] [Fatal Error] :1:1: Premature end of file.
2026-05-05 22:44:32,544 [ERROR] LogOutputStream:75 - [STDERR_REDIRECT] 
2026-05-05 22:44:33,543 [ERROR] LogOutputStream:75 - [STDERR_REDIRECT] [Fatal Error] :1:1: Premature end of file.
2026-05-05 22:44:33,543 [ERROR] LogOutputStream:75 - [STDERR_REDIRECT] 
2026-05-05 22:44:34,549 [ERROR] LogOutputStream:75 - [STDERR_REDIRECT] [Fatal Error] :1:1: Premature end of file.
2026-05-05 22:44:34,549 [ERROR] LogOutputStream:75 - [STDERR_REDIRECT] 
2026-05-05 22:44:35,529 [ERROR] LogOutputStream:75 - [STDERR_REDIRECT] [Fatal Error] :1:1: Premature end of file.
2026-05-05 22:44:35,529 [ERROR] LogOutputStream:75 - [STDERR_REDIRECT] 
2026-05-05 22:44:36,539 [ERROR] LogOutputStream:75 - [STDERR_REDIRECT] [Fatal Error] :1:1: Premature end of file.
2026-05-05 22:44:36,540 [ERROR] LogOutputStream:75 - [STDERR_REDIRECT] 
2026-05-05 22:44:37,539 [ERROR] LogOutputStream:75 - [STDERR_REDIRECT] [Fatal Error] :1:1: Premature end of file.
2026-05-05 22:44:37,540 [ERROR] LogOutputStream:75 - [STDERR_REDIRECT] 
2026-05-05 22:44:38,541 [ERROR] LogOutputStream:75 - [STDERR_REDIRECT] [Fatal Error] :1:1: Premature end of file.
2026-05-05 22:44:38,542 [ERROR] LogOutputStream:75 - [STDERR_REDIRECT] 
2026-05-05 22:44:39,542 [ERROR] LogOutputStream:75 - [STDERR_REDIRECT] [Fatal Error] :1:1: Premature end of file.
2026-05-05 22:44:39,542 [ERROR] LogOutputStream:75 - [STDERR_REDIRECT] 
2026-05-05 22:44:40,540 [ERROR] LogOutputStream:75 - [STDERR_REDIRECT] [Fatal Error] :1:1: Premature end of file.
2026-05-05 22:44:40,541 [ERROR] LogOutputStream:75 - [STDERR_REDIRECT] 
2026-05-05 22:44:41,541 [ERROR] LogOutputStream:75 - [STDERR_REDIRECT] [Fatal Error] :1:1: Premature end of file.
2026-05-05 22:44:41,541 [ERROR] LogOutputStream:75 - [STDERR_REDIRECT] 
2026-05-05 22:44:42,538 [ERROR] LogOutputStream:75 - [STDERR_REDIRECT] [Fatal Error] :1:1: Premature end of file.
2026-05-05 22:44:42,538 [ERROR] LogOutputStream:75 - [STDERR_REDIRECT] 
2026-05-05 22:44:43,546 [ERROR] LogOutputStream:75 - [STDERR_REDIRECT] [Fatal Error] :1:1: Premature end of file.
2026-05-05 22:44:43,547 [ERROR] LogOutputStream:75 - [STDERR_REDIRECT] 
2026-05-05 22:44:44,545 [ERROR] LogOutputStream:75 - [STDERR_REDIRECT] [Fatal Error] :1:1: Premature end of file.
2026-05-05 22:44:44,545 [ERROR] LogOutputStream:75 - [STDERR_REDIRECT] 
2026-05-05 22:44:45,554 [ERROR] LogOutputStream:75 - [STDERR_REDIRECT] [Fatal Error] :1:1: Premature end of file.
2026-05-05 22:44:45,556 [ERROR] LogOutputStream:75 - [STDERR_REDIRECT] 
2026-05-05 22:44:46,544 [ERROR] LogOutputStream:75 - [STDERR_REDIRECT] [Fatal Error] :1:1: Premature end of file.
2026-05-05 22:44:46,545 [ERROR] LogOutputStream:75 - [STDERR_REDIRECT] 
2026-05-05 22:44:47,537 [ERROR] LogOutputStream:75 - [STDERR_REDIRECT] [Fatal Error] :1:1: Premature end of file.
2026-05-05 22:44:47,537 [ERROR] LogOutputStream:75 - [STDERR_REDIRECT] 
2026-05-05 22:44:48,534 [ERROR] LogOutputStream:75 - [STDERR_REDIRECT] [Fatal Error] :1:1: Premature end of file.
2026-05-05 22:44:48,534 [ERROR] LogOutputStream:75 - [STDERR_REDIRECT] 
2026-05-05 22:44:49,540 [ERROR] LogOutputStream:75 - [STDERR_REDIRECT] [Fatal Error] :1:1: Premature end of file.
2026-05-05 22:44:49,540 [ERROR] LogOutputStream:75 - [STDERR_REDIRECT] 
2026-05-05 22:44:50,540 [ERROR] LogOutputStream:75 - [STDERR_REDIRECT] [Fatal Error] :1:1: Premature end of file.
2026-05-05 22:44:50,540 [ERROR] LogOutputStream:75 - [STDERR_REDIRECT] 
2026-05-05 22:44:51,553 [ERROR] LogOutputStream:75 - [STDERR_REDIRECT] [Fatal Error] :1:1: Premature end of file.
2026-05-05 22:44:51,554 [ERROR] LogOutputStream:75 - [STDERR_REDIRECT] 
2026-05-05 22:44:52,534 [ERROR] LogOutputStream:75 - [STDERR_REDIRECT] [Fatal Error] :1:1: Premature end of file.
2026-05-05 22:44:52,534 [ERROR] LogOutputStream:75 - [STDERR_REDIRECT] 
2026-05-05 22:44:53,535 [ERROR] LogOutputStream:75 - [STDERR_REDIRECT] [Fatal Error] :1:1: Premature end of file.
2026-05-05 22:44:53,536 [ERROR] LogOutputStream:75 - [STDERR_REDIRECT] 
2026-05-05 22:44:54,533 [ERROR] LogOutputStream:75 - [STDERR_REDIRECT] [Fatal Error] :1:1: Premature end of file.
2026-05-05 22:44:54,534 [ERROR] LogOutputStream:75 - [STDERR_REDIRECT] 
2026-05-05 22:44:55,521 [ERROR] LogOutputStream:75 - [STDERR_REDIRECT] [Fatal Error] :1:1: Premature end of file.
2026-05-05 22:44:55,522 [ERROR] LogOutputStream:75 - [STDERR_REDIRECT] 
2026-05-05 22:44:56,523 [ERROR] LogOutputStream:75 - [STDERR_REDIRECT] [Fatal Error] :1:1: Premature end of file.
2026-05-05 22:44:56,523 [ERROR] LogOutputStream:75 - [STDERR_REDIRECT] 
2026-05-05 22:44:57,529 [ERROR] LogOutputStream:75 - [STDERR_REDIRECT] [Fatal Error] :1:1: Premature end of file.
2026-05-05 22:44:57,530 [ERROR] LogOutputStream:75 - [STDERR_REDIRECT] 
2026-05-05 22:44:58,537 [ERROR] LogOutputStream:75 - [STDERR_REDIRECT] [Fatal Error] :1:1: Premature end of file.
2026-05-05 22:44:58,538 [ERROR] LogOutputStream:75 - [STDERR_REDIRECT] 
2026-05-05 22:44:59,531 [ERROR] LogOutputStream:75 - [STDERR_REDIRECT] [Fatal Error] :1:1: Premature end of file.
2026-05-05 22:44:59,531 [ERROR] LogOutputStream:75 - [STDERR_REDIRECT] 
2026-05-05 22:45:00,531 [ERROR] LogOutputStream:75 - [STDERR_REDIRECT] [Fatal Error] :1:1: Premature end of file.
2026-05-05 22:45:00,531 [ERROR] LogOutputStream:75 - [STDERR_REDIRECT] 
2026-05-05 22:45:01,531 [ERROR] LogOutputStream:75 - [STDERR_REDIRECT] [Fatal Error] :1:1: Premature end of file.
2026-05-05 22:45:01,531 [ERROR] LogOutputStream:75 - [STDERR_REDIRECT] 
2026-05-05 22:45:02,521 [ERROR] LogOutputStream:75 - [STDERR_REDIRECT] [Fatal Error] :1:1: Premature end of file.
2026-05-05 22:45:02,522 [ERROR] LogOutputStream:75 - [STDERR_REDIRECT] 
2026-05-05 22:45:03,521 [ERROR] LogOutputStream:75 - [STDERR_REDIRECT] [Fatal Error] :1:1: Premature end of file.
2026-05-05 22:45:03,521 [ERROR] LogOutputStream:75 - [STDERR_REDIRECT] 
2026-05-05 22:45:04,517 [ERROR] LogOutputStream:75 - [STDERR_REDIRECT] [Fatal Error] :1:1: Premature end of file.
2026-05-05 22:45:04,517 [ERROR] LogOutputStream:75 - [STDERR_REDIRECT] 
2026-05-05 22:45:05,545 [ERROR] LogOutputStream:75 - [STDERR_REDIRECT] [Fatal Error] :1:1: Premature end of file.
2026-05-05 22:45:05,545 [ERROR] LogOutputStream:75 - [STDERR_REDIRECT] 
2026-05-05 22:45:06,542 [ERROR] LogOutputStream:75 - [STDERR_REDIRECT] [Fatal Error] :1:1: Premature end of file.
2026-05-05 22:45:06,543 [ERROR] LogOutputStream:75 - [STDERR_REDIRECT] 
2026-05-05 22:45:07,547 [ERROR] LogOutputStream:75 - [STDERR_REDIRECT] [Fatal Error] :1:1: Premature end of file.
2026-05-05 22:45:07,547 [ERROR] LogOutputStream:75 - [STDERR_REDIRECT] 
2026-05-05 22:45:08,564 [ERROR] LogOutputStream:75 - [STDERR_REDIRECT] [Fatal Error] :1:1: Premature end of file.
2026-05-05 22:45:08,564 [ERROR] LogOutputStream:75 - [STDERR_REDIRECT] 
2026-05-05 22:45:09,572 [ERROR] LogOutputStream:75 - [STDERR_REDIRECT] [Fatal Error] :1:1: Premature end of file.
2026-05-05 22:45:09,572 [ERROR] LogOutputStream:75 - [STDERR_REDIRECT] 
2026-05-05 22:45:10,542 [ERROR] LogOutputStream:75 - [STDERR_REDIRECT] [Fatal Error] :1:1: Premature end of file.
2026-05-05 22:45:10,543 [ERROR] LogOutputStream:75 - [STDERR_REDIRECT] 
2026-05-05 22:45:11,535 [ERROR] LogOutputStream:75 - [STDERR_REDIRECT] [Fatal Error] :1:1: Premature end of file.
2026-05-05 22:45:11,536 [ERROR] LogOutputStream:75 - [STDERR_REDIRECT] 
2026-05-05 22:45:12,541 [ERROR] LogOutputStream:75 - [STDERR_REDIRECT] [Fatal Error] :1:1: Premature end of file.
2026-05-05 22:45:12,542 [ERROR] LogOutputStream:75 - [STDERR_REDIRECT] 
2026-05-05 22:45:13,539 [ERROR] LogOutputStream:75 - [STDERR_REDIRECT] [Fatal Error] :1:1: Premature end of file.
2026-05-05 22:45:13,539 [ERROR] LogOutputStream:75 - [STDERR_REDIRECT] 
2026-05-05 22:45:14,548 [ERROR] LogOutputStream:75 - [STDERR_REDIRECT] [Fatal Error] :1:1: Premature end of file.
2026-05-05 22:45:14,548 [ERROR] LogOutputStream:75 - [STDERR_REDIRECT] 
2026-05-05 22:45:15,551 [ERROR] LogOutputStream:75 - [STDERR_REDIRECT] [Fatal Error] :1:1: Premature end of file.
2026-05-05 22:45:15,551 [ERROR] LogOutputStream:75 - [STDERR_REDIRECT] 
2026-05-05 22:45:16,551 [ERROR] LogOutputStream:75 - [STDERR_REDIRECT] [Fatal Error] :1:1: Premature end of file.
2026-05-05 22:45:16,551 [ERROR] LogOutputStream:75 - [STDERR_REDIRECT] 
2026-05-05 22:45:17,550 [ERROR] LogOutputStream:75 - [STDERR_REDIRECT] [Fatal Error] :1:1: Premature end of file.
2026-05-05 22:45:17,550 [ERROR] LogOutputStream:75 - [STDERR_REDIRECT] 
2026-05-05 22:45:18,539 [ERROR] LogOutputStream:75 - [STDERR_REDIRECT] [Fatal Error] :1:1: Premature end of file.
2026-05-05 22:45:18,540 [ERROR] LogOutputStream:75 - [STDERR_REDIRECT] 
2026-05-05 22:45:19,541 [ERROR] LogOutputStream:75 - [STDERR_REDIRECT] [Fatal Error] :1:1: Premature end of file.
2026-05-05 22:45:19,542 [ERROR] LogOutputStream:75 - [STDERR_REDIRECT] 
2026-05-05 22:45:20,544 [ERROR] LogOutputStream:75 - [STDERR_REDIRECT] [Fatal Error] :1:1: Premature end of file.
2026-05-05 22:45:20,545 [ERROR] LogOutputStream:75 - [STDERR_REDIRECT] 
2026-05-05 22:45:21,547 [ERROR] LogOutputStream:75 - [STDERR_REDIRECT] [Fatal Error] :1:1: Premature end of file.
2026-05-05 22:45:21,548 [ERROR] LogOutputStream:75 - [STDERR_REDIRECT] 
2026-05-05 22:45:22,541 [ERROR] LogOutputStream:75 - [STDERR_REDIRECT] [Fatal Error] :1:1: Premature end of file.
2026-05-05 22:45:22,542 [ERROR] LogOutputStream:75 - [STDERR_REDIRECT] 
2026-05-05 22:45:23,552 [ERROR] LogOutputStream:75 - [STDERR_REDIRECT] [Fatal Error] :1:1: Premature end of file.
2026-05-05 22:45:23,553 [ERROR] LogOutputStream:75 - [STDERR_REDIRECT] 
2026-05-05 22:45:24,544 [ERROR] LogOutputStream:75 - [STDERR_REDIRECT] [Fatal Error] :1:1: Premature end of file.
2026-05-05 22:45:24,544 [ERROR] LogOutputStream:75 - [STDERR_REDIRECT] 
2026-05-05 22:45:25,574 [ERROR] LogOutputStream:75 - [STDERR_REDIRECT] [Fatal Error] :1:1: Premature end of file.
2026-05-05 22:45:25,575 [ERROR] LogOutputStream:75 - [STDERR_REDIRECT] 
2026-05-05 22:45:26,552 [ERROR] LogOutputStream:75 - [STDERR_REDIRECT] [Fatal Error] :1:1: Premature end of file.
2026-05-05 22:45:26,553 [ERROR] LogOutputStream:75 - [STDERR_REDIRECT] 
2026-05-05 22:45:27,544 [ERROR] LogOutputStream:75 - [STDERR_REDIRECT] [Fatal Error] :1:1: Premature end of file.
2026-05-05 22:45:27,544 [ERROR] LogOutputStream:75 - [STDERR_REDIRECT] 
2026-05-05 22:45:28,559 [ERROR] LogOutputStream:75 - [STDERR_REDIRECT] [Fatal Error] :1:1: Premature end of file.
2026-05-05 22:45:28,560 [ERROR] LogOutputStream:75 - [STDERR_REDIRECT] 
2026-05-05 22:45:29,554 [ERROR] LogOutputStream:75 - [STDERR_REDIRECT] [Fatal Error] :1:1: Premature end of file.
2026-05-05 22:45:29,555 [ERROR] LogOutputStream:75 - [STDERR_REDIRECT] 
2026-05-05 22:45:30,551 [ERROR] LogOutputStream:75 - [STDERR_REDIRECT] [Fatal Error] :1:1: Premature end of file.
2026-05-05 22:45:30,551 [ERROR] LogOutputStream:75 - [STDERR_REDIRECT] 
2026-05-05 22:45:31,548 [ERROR] LogOutputStream:75 - [STDERR_REDIRECT] [Fatal Error] :1:1: Premature end of file.
2026-05-05 22:45:31,549 [ERROR] LogOutputStream:75 - [STDERR_REDIRECT] 
2026-05-05 22:45:32,547 [ERROR] LogOutputStream:75 - [STDERR_REDIRECT] [Fatal Error] :1:1: Premature end of file.
2026-05-05 22:45:32,547 [ERROR] LogOutputStream:75 - [STDERR_REDIRECT] 
2026-05-05 22:45:33,555 [ERROR] LogOutputStream:75 - [STDERR_REDIRECT] [Fatal Error] :1:1: Premature end of file.
2026-05-05 22:45:33,556 [ERROR] LogOutputStream:75 - [STDERR_REDIRECT] 
2026-05-05 22:45:34,560 [ERROR] LogOutputStream:75 - [STDERR_REDIRECT] [Fatal Error] :1:1: Premature end of file.
2026-05-05 22:45:34,561 [ERROR] LogOutputStream:75 - [STDERR_REDIRECT] 
2026-05-05 22:45:35,542 [ERROR] LogOutputStream:75 - [STDERR_REDIRECT] [Fatal Error] :1:1: Premature end of file.
2026-05-05 22:45:35,542 [ERROR] LogOutputStream:75 - [STDERR_REDIRECT] 
2026-05-05 22:45:36,553 [ERROR] LogOutputStream:75 - [STDERR_REDIRECT] [Fatal Error] :1:1: Premature end of file.
2026-05-05 22:45:36,554 [ERROR] LogOutputStream:75 - [STDERR_REDIRECT] 
2026-05-05 22:45:37,545 [ERROR] LogOutputStream:75 - [STDERR_REDIRECT] [Fatal Error] :1:1: Premature end of file.
2026-05-05 22:45:37,545 [ERROR] LogOutputStream:75 - [STDERR_REDIRECT] 
2026-05-05 22:45:38,549 [ERROR] LogOutputStream:75 - [STDERR_REDIRECT] [Fatal Error] :1:1: Premature end of file.
2026-05-05 22:45:38,549 [ERROR] LogOutputStream:75 - [STDERR_REDIRECT] 
2026-05-05 22:45:39,552 [ERROR] LogOutputStream:75 - [STDERR_REDIRECT] [Fatal Error] :1:1: Premature end of file.
2026-05-05 22:45:39,552 [ERROR] LogOutputStream:75 - [STDERR_REDIRECT] 
2026-05-05 22:45:40,553 [ERROR] LogOutputStream:75 - [STDERR_REDIRECT] [Fatal Error] :1:1: Premature end of file.
2026-05-05 22:45:40,554 [ERROR] LogOutputStream:75 - [STDERR_REDIRECT] 
2026-05-05 22:45:41,557 [ERROR] LogOutputStream:75 - [STDERR_REDIRECT] [Fatal Error] :1:1: Premature end of file.
2026-05-05 22:45:41,557 [ERROR] LogOutputStream:75 - [STDERR_REDIRECT] 
2026-05-05 22:45:42,554 [ERROR] LogOutputStream:75 - [STDERR_REDIRECT] [Fatal Error] :1:1: Premature end of file.
2026-05-05 22:45:42,555 [ERROR] LogOutputStream:75 - [STDERR_REDIRECT] 
2026-05-05 22:45:43,541 [ERROR] LogOutputStream:75 - [STDERR_REDIRECT] [Fatal Error] :1:1: Premature end of file.
2026-05-05 22:45:43,542 [ERROR] LogOutputStream:75 - [STDERR_REDIRECT] 
2026-05-05 22:45:44,553 [ERROR] LogOutputStream:75 - [STDERR_REDIRECT] [Fatal Error] :1:1: Premature end of file.
2026-05-05 22:45:44,554 [ERROR] LogOutputStream:75 - [STDERR_REDIRECT] 
2026-05-05 22:45:45,540 [ERROR] LogOutputStream:75 - [STDERR_REDIRECT] [Fatal Error] :1:1: Premature end of file.
2026-05-05 22:45:45,540 [ERROR] LogOutputStream:75 - [STDERR_REDIRECT] 
2026-05-05 22:45:46,549 [ERROR] LogOutputStream:75 - [STDERR_REDIRECT] [Fatal Error] :1:1: Premature end of file.
2026-05-05 22:45:46,549 [ERROR] LogOutputStream:75 - [STDERR_REDIRECT] 
2026-05-05 22:45:47,564 [ERROR] LogOutputStream:75 - [STDERR_REDIRECT] [Fatal Error] :1:1: Premature end of file.
2026-05-05 22:45:47,565 [ERROR] LogOutputStream:75 - [STDERR_REDIRECT] 
2026-05-05 22:45:48,541 [ERROR] LogOutputStream:75 - [STDERR_REDIRECT] [Fatal Error] :1:1: Premature end of file.
2026-05-05 22:45:48,541 [ERROR] LogOutputStream:75 - [STDERR_REDIRECT] 
2026-05-05 22:45:49,560 [ERROR] LogOutputStream:75 - [STDERR_REDIRECT] [Fatal Error] :1:1: Premature end of file.
2026-05-05 22:45:49,561 [ERROR] LogOutputStream:75 - [STDERR_REDIRECT] 
2026-05-05 22:45:50,554 [ERROR] LogOutputStream:75 - [STDERR_REDIRECT] [Fatal Error] :1:1: Premature end of file.
2026-05-05 22:45:50,555 [ERROR] LogOutputStream:75 - [STDERR_REDIRECT] 
2026-05-05 22:45:51,564 [ERROR] LogOutputStream:75 - [STDERR_REDIRECT] [Fatal Error] :1:1: Premature end of file.
2026-05-05 22:45:51,564 [ERROR] LogOutputStream:75 - [STDERR_REDIRECT] 
2026-05-05 22:45:52,556 [ERROR] LogOutputStream:75 - [STDERR_REDIRECT] [Fatal Error] :1:1: Premature end of file.
2026-05-05 22:45:52,556 [ERROR] LogOutputStream:75 - [STDERR_REDIRECT] 
2026-05-05 22:45:53,555 [ERROR] LogOutputStream:75 - [STDERR_REDIRECT] [Fatal Error] :1:1: Premature end of file.
2026-05-05 22:45:53,555 [ERROR] LogOutputStream:75 - [STDERR_REDIRECT] 
2026-05-05 22:45:54,528 [ERROR] LogOutputStream:75 - [STDERR_REDIRECT] [Fatal Error] :1:1: Premature end of file.
2026-05-05 22:45:54,528 [ERROR] LogOutputStream:75 - [STDERR_REDIRECT] 
2026-05-05 22:45:55,552 [ERROR] LogOutputStream:75 - [STDERR_REDIRECT] [Fatal Error] :1:1: Premature end of file.
2026-05-05 22:45:55,552 [ERROR] LogOutputStream:75 - [STDERR_REDIRECT] 
2026-05-05 22:45:56,540 [ERROR] LogOutputStream:75 - [STDERR_REDIRECT] [Fatal Error] :1:1: Premature end of file.
2026-05-05 22:45:56,540 [ERROR] LogOutputStream:75 - [STDERR_REDIRECT] 
2026-05-05 22:45:57,544 [ERROR] LogOutputStream:75 - [STDERR_REDIRECT] [Fatal Error] :1:1: Premature end of file.
2026-05-05 22:45:57,545 [ERROR] LogOutputStream:75 - [STDERR_REDIRECT] 
2026-05-05 22:45:58,564 [ERROR] LogOutputStream:75 - [STDERR_REDIRECT] [Fatal Error] :1:1: Premature end of file.
2026-05-05 22:45:58,564 [ERROR] LogOutputStream:75 - [STDERR_REDIRECT] 
2026-05-05 22:45:59,546 [ERROR] LogOutputStream:75 - [STDERR_REDIRECT] [Fatal Error] :1:1: Premature end of file.
2026-05-05 22:45:59,547 [ERROR] LogOutputStream:75 - [STDERR_REDIRECT] 
2026-05-05 22:46:00,539 [ERROR] LogOutputStream:75 - [STDERR_REDIRECT] [Fatal Error] :1:1: Premature end of file.
2026-05-05 22:46:00,539 [ERROR] LogOutputStream:75 - [STDERR_REDIRECT] 
2026-05-05 22:46:01,560 [ERROR] LogOutputStream:75 - [STDERR_REDIRECT] [Fatal Error] :1:1: Premature end of file.
2026-05-05 22:46:01,560 [ERROR] LogOutputStream:75 - [STDERR_REDIRECT] 
2026-05-05 22:46:02,609 [ERROR] LogOutputStream:75 - [STDERR_REDIRECT] [Fatal Error] :1:1: Premature end of file.
2026-05-05 22:46:02,609 [ERROR] LogOutputStream:75 - [STDERR_REDIRECT] 
2026-05-05 22:46:03,562 [ERROR] LogOutputStream:75 - [STDERR_REDIRECT] [Fatal Error] :1:1: Premature end of file.
2026-05-05 22:46:03,563 [ERROR] LogOutputStream:75 - [STDERR_REDIRECT] 
2026-05-05 22:46:04,538 [ERROR] LogOutputStream:75 - [STDERR_REDIRECT] [Fatal Error] :1:1: Premature end of file.
2026-05-05 22:46:04,538 [ERROR] LogOutputStream:75 - [STDERR_REDIRECT] 
2026-05-05 22:46:05,554 [ERROR] LogOutputStream:75 - [STDERR_REDIRECT] [Fatal Error] :1:1: Premature end of file.
2026-05-05 22:46:05,554 [ERROR] LogOutputStream:75 - [STDERR_REDIRECT] 
2026-05-05 22:46:06,535 [ERROR] LogOutputStream:75 - [STDERR_REDIRECT] [Fatal Error] :1:1: Premature end of file.
2026-05-05 22:46:06,536 [ERROR] LogOutputStream:75 - [STDERR_REDIRECT] 
2026-05-05 22:46:07,540 [ERROR] LogOutputStream:75 - [STDERR_REDIRECT] [Fatal Error] :1:1: Premature end of file.
2026-05-05 22:46:07,542 [ERROR] LogOutputStream:75 - [STDERR_REDIRECT] 
2026-05-05 22:46:08,542 [ERROR] LogOutputStream:75 - [STDERR_REDIRECT] [Fatal Error] :1:1: Premature end of file.
2026-05-05 22:46:08,542 [ERROR] LogOutputStream:75 - [STDERR_REDIRECT] 
2026-05-05 22:46:09,542 [ERROR] LogOutputStream:75 - [STDERR_REDIRECT] [Fatal Error] :1:1: Premature end of file.
2026-05-05 22:46:09,542 [ERROR] LogOutputStream:75 - [STDERR_REDIRECT] 
2026-05-05 22:46:10,531 [ERROR] LogOutputStream:75 - [STDERR_REDIRECT] [Fatal Error] :1:1: Premature end of file.
2026-05-05 22:46:10,531 [ERROR] LogOutputStream:75 - [STDERR_REDIRECT] 
2026-05-05 22:46:11,525 [ERROR] LogOutputStream:75 - [STDERR_REDIRECT] [Fatal Error] :1:1: Premature end of file.
2026-05-05 22:46:11,525 [ERROR] LogOutputStream:75 - [STDERR_REDIRECT] 
2026-05-05 22:46:12,531 [ERROR] LogOutputStream:75 - [STDERR_REDIRECT] [Fatal Error] :1:1: Premature end of file.
2026-05-05 22:46:12,532 [ERROR] LogOutputStream:75 - [STDERR_REDIRECT] 
2026-05-05 22:46:13,551 [ERROR] LogOutputStream:75 - [STDERR_REDIRECT] [Fatal Error] :1:1: Premature end of file.
2026-05-05 22:46:13,551 [ERROR] LogOutputStream:75 - [STDERR_REDIRECT] 
2026-05-05 22:46:14,542 [ERROR] LogOutputStream:75 - [STDERR_REDIRECT] [Fatal Error] :1:1: Premature end of file.
2026-05-05 22:46:14,543 [ERROR] LogOutputStream:75 - [STDERR_REDIRECT] 
2026-05-05 22:46:15,543 [ERROR] LogOutputStream:75 - [STDERR_REDIRECT] [Fatal Error] :1:1: Premature end of file.
2026-05-05 22:46:15,544 [ERROR] LogOutputStream:75 - [STDERR_REDIRECT] 
2026-05-05 22:46:16,548 [ERROR] LogOutputStream:75 - [STDERR_REDIRECT] [Fatal Error] :1:1: Premature end of file.
2026-05-05 22:46:16,548 [ERROR] LogOutputStream:75 - [STDERR_REDIRECT] 
2026-05-05 22:46:17,536 [ERROR] LogOutputStream:75 - [STDERR_REDIRECT] [Fatal Error] :1:1: Premature end of file.
2026-05-05 22:46:17,537 [ERROR] LogOutputStream:75 - [STDERR_REDIRECT] 
2026-05-05 22:46:18,548 [ERROR] LogOutputStream:75 - [STDERR_REDIRECT] [Fatal Error] :1:1: Premature end of file.
2026-05-05 22:46:18,548 [ERROR] LogOutputStream:75 - [STDERR_REDIRECT] 
2026-05-05 22:46:19,540 [ERROR] LogOutputStream:75 - [STDERR_REDIRECT] [Fatal Error] :1:1: Premature end of file.
2026-05-05 22:46:19,540 [ERROR] LogOutputStream:75 - [STDERR_REDIRECT] 
2026-05-05 22:46:20,543 [ERROR] LogOutputStream:75 - [STDERR_REDIRECT] [Fatal Error] :1:1: Premature end of file.
2026-05-05 22:46:20,544 [ERROR] LogOutputStream:75 - [STDERR_REDIRECT] 
2026-05-05 22:46:21,547 [ERROR] LogOutputStream:75 - [STDERR_REDIRECT] [Fatal Error] :1:1: Premature end of file.
2026-05-05 22:46:21,547 [ERROR] LogOutputStream:75 - [STDERR_REDIRECT] 
2026-05-05 22:46:22,530 [ERROR] LogOutputStream:75 - [STDERR_REDIRECT] [Fatal Error] :1:1: Premature end of file.
2026-05-05 22:46:22,530 [ERROR] LogOutputStream:75 - [STDERR_REDIRECT] 
2026-05-05 22:46:23,544 [ERROR] LogOutputStream:75 - [STDERR_REDIRECT] [Fatal Error] :1:1: Premature end of file.
2026-05-05 22:46:23,545 [ERROR] LogOutputStream:75 - [STDERR_REDIRECT] 
2026-05-05 22:46:24,555 [ERROR] LogOutputStream:75 - [STDERR_REDIRECT] [Fatal Error] :1:1: Premature end of file.
2026-05-05 22:46:24,555 [ERROR] LogOutputStream:75 - [STDERR_REDIRECT] 
2026-05-05 22:46:25,534 [ERROR] LogOutputStream:75 - [STDERR_REDIRECT] [Fatal Error] :1:1: Premature end of file.
2026-05-05 22:46:25,534 [ERROR] LogOutputStream:75 - [STDERR_REDIRECT] 
2026-05-05 22:46:26,552 [ERROR] LogOutputStream:75 - [STDERR_REDIRECT] [Fatal Error] :1:1: Premature end of file.
2026-05-05 22:46:26,553 [ERROR] LogOutputStream:75 - [STDERR_REDIRECT] 
2026-05-05 22:46:27,544 [ERROR] LogOutputStream:75 - [STDERR_REDIRECT] [Fatal Error] :1:1: Premature end of file.
2026-05-05 22:46:27,544 [ERROR] LogOutputStream:75 - [STDERR_REDIRECT] 
2026-05-05 22:46:28,547 [ERROR] LogOutputStream:75 - [STDERR_REDIRECT] [Fatal Error] :1:1: Premature end of file.
2026-05-05 22:46:28,548 [ERROR] LogOutputStream:75 - [STDERR_REDIRECT] 
2026-05-05 22:46:29,549 [ERROR] LogOutputStream:75 - [STDERR_REDIRECT] [Fatal Error] :1:1: Premature end of file.
2026-05-05 22:46:29,549 [ERROR] LogOutputStream:75 - [STDERR_REDIRECT] 
2026-05-05 22:46:30,543 [ERROR] LogOutputStream:75 - [STDERR_REDIRECT] [Fatal Error] :1:1: Premature end of file.
2026-05-05 22:46:30,544 [ERROR] LogOutputStream:75 - [STDERR_REDIRECT] 
2026-05-05 22:46:31,560 [ERROR] LogOutputStream:75 - [STDERR_REDIRECT] [Fatal Error] :1:1: Premature end of file.
2026-05-05 22:46:31,561 [ERROR] LogOutputStream:75 - [STDERR_REDIRECT] 
2026-05-05 22:46:32,528 [ERROR] LogOutputStream:75 - [STDERR_REDIRECT] [Fatal Error] :1:1: Premature end of file.
2026-05-05 22:46:32,528 [ERROR] LogOutputStream:75 - [STDERR_REDIRECT] 
2026-05-05 22:46:33,556 [ERROR] LogOutputStream:75 - [STDERR_REDIRECT] [Fatal Error] :1:1: Premature end of file.
2026-05-05 22:46:33,557 [ERROR] LogOutputStream:75 - [STDERR_REDIRECT] 
2026-05-05 22:46:34,562 [ERROR] LogOutputStream:75 - [STDERR_REDIRECT] [Fatal Error] :1:1: Premature end of file.
2026-05-05 22:46:34,562 [ERROR] LogOutputStream:75 - [STDERR_REDIRECT] 
2026-05-05 22:46:35,547 [ERROR] LogOutputStream:75 - [STDERR_REDIRECT] [Fatal Error] :1:1: Premature end of file.
2026-05-05 22:46:35,547 [ERROR] LogOutputStream:75 - [STDERR_REDIRECT] 
2026-05-05 22:46:36,558 [ERROR] LogOutputStream:75 - [STDERR_REDIRECT] [Fatal Error] :1:1: Premature end of file.
2026-05-05 22:46:36,558 [ERROR] LogOutputStream:75 - [STDERR_REDIRECT] 
2026-05-05 22:46:37,579 [ERROR] LogOutputStream:75 - [STDERR_REDIRECT] [Fatal Error] :1:1: Premature end of file.
2026-05-05 22:46:37,580 [ERROR] LogOutputStream:75 - [STDERR_REDIRECT] 
2026-05-05 22:46:38,542 [ERROR] LogOutputStream:75 - [STDERR_REDIRECT] [Fatal Error] :1:1: Premature end of file.
2026-05-05 22:46:38,543 [ERROR] LogOutputStream:75 - [STDERR_REDIRECT] 
2026-05-05 22:46:39,536 [ERROR] LogOutputStream:75 - [STDERR_REDIRECT] [Fatal Error] :1:1: Premature end of file.
2026-05-05 22:46:39,537 [ERROR] LogOutputStream:75 - [STDERR_REDIRECT] 
2026-05-05 22:46:40,555 [ERROR] LogOutputStream:75 - [STDERR_REDIRECT] [Fatal Error] :1:1: Premature end of file.
2026-05-05 22:46:40,555 [ERROR] LogOutputStream:75 - [STDERR_REDIRECT] 
2026-05-05 22:46:41,544 [ERROR] LogOutputStream:75 - [STDERR_REDIRECT] [Fatal Error] :1:1: Premature end of file.
2026-05-05 22:46:41,545 [ERROR] LogOutputStream:75 - [STDERR_REDIRECT] 
2026-05-05 22:46:42,561 [ERROR] LogOutputStream:75 - [STDERR_REDIRECT] [Fatal Error] :1:1: Premature end of file.
2026-05-05 22:46:42,562 [ERROR] LogOutputStream:75 - [STDERR_REDIRECT] 
2026-05-05 22:46:43,548 [ERROR] LogOutputStream:75 - [STDERR_REDIRECT] [Fatal Error] :1:1: Premature end of file.
2026-05-05 22:46:43,549 [ERROR] LogOutputStream:75 - [STDERR_REDIRECT] 
2026-05-05 22:46:44,558 [ERROR] LogOutputStream:75 - [STDERR_REDIRECT] [Fatal Error] :1:1: Premature end of file.
2026-05-05 22:46:44,558 [ERROR] LogOutputStream:75 - [STDERR_REDIRECT] 
2026-05-05 22:46:45,538 [ERROR] LogOutputStream:75 - [STDERR_REDIRECT] [Fatal Error] :1:1: Premature end of file.
2026-05-05 22:46:45,539 [ERROR] LogOutputStream:75 - [STDERR_REDIRECT] 
2026-05-05 22:46:46,538 [ERROR] LogOutputStream:75 - [STDERR_REDIRECT] [Fatal Error] :1:1: Premature end of file.
2026-05-05 22:46:46,539 [ERROR] LogOutputStream:75 - [STDERR_REDIRECT] 
2026-05-05 22:46:47,535 [ERROR] LogOutputStream:75 - [STDERR_REDIRECT] [Fatal Error] :1:1: Premature end of file.
2026-05-05 22:46:47,536 [ERROR] LogOutputStream:75 - [STDERR_REDIRECT] 
2026-05-05 22:46:48,526 [ERROR] LogOutputStream:75 - [STDERR_REDIRECT] [Fatal Error] :1:1: Premature end of file.
2026-05-05 22:46:48,526 [ERROR] LogOutputStream:75 - [STDERR_REDIRECT] 
2026-05-05 22:46:49,526 [ERROR] LogOutputStream:75 - [STDERR_REDIRECT] [Fatal Error] :1:1: Premature end of file.
2026-05-05 22:46:49,526 [ERROR] LogOutputStream:75 - [STDERR_REDIRECT] 
2026-05-05 22:46:50,548 [ERROR] LogOutputStream:75 - [STDERR_REDIRECT] [Fatal Error] :1:1: Premature end of file.
2026-05-05 22:46:50,548 [ERROR] LogOutputStream:75 - [STDERR_REDIRECT] 
2026-05-05 22:46:51,552 [ERROR] LogOutputStream:75 - [STDERR_REDIRECT] [Fatal Error] :1:1: Premature end of file.
2026-05-05 22:46:51,553 [ERROR] LogOutputStream:75 - [STDERR_REDIRECT] 
2026-05-05 22:46:52,546 [ERROR] LogOutputStream:75 - [STDERR_REDIRECT] [Fatal Error] :1:1: Premature end of file.
2026-05-05 22:46:52,547 [ERROR] LogOutputStream:75 - [STDERR_REDIRECT] 
2026-05-05 22:46:53,533 [ERROR] LogOutputStream:75 - [STDERR_REDIRECT] [Fatal Error] :1:1: Premature end of file.
2026-05-05 22:46:53,537 [ERROR] LogOutputStream:75 - [STDERR_REDIRECT] 
2026-05-05 22:46:54,525 [ERROR] LogOutputStream:75 - [STDERR_REDIRECT] [Fatal Error] :1:1: Premature end of file.
2026-05-05 22:46:54,526 [ERROR] LogOutputStream:75 - [STDERR_REDIRECT] 
2026-05-05 22:46:55,544 [ERROR] LogOutputStream:75 - [STDERR_REDIRECT] [Fatal Error] :1:1: Premature end of file.
2026-05-05 22:46:55,544 [ERROR] LogOutputStream:75 - [STDERR_REDIRECT] 
2026-05-05 22:46:56,571 [ERROR] LogOutputStream:75 - [STDERR_REDIRECT] [Fatal Error] :1:1: Premature end of file.
2026-05-05 22:46:56,572 [ERROR] LogOutputStream:75 - [STDERR_REDIRECT] 
2026-05-05 22:46:57,573 [ERROR] LogOutputStream:75 - [STDERR_REDIRECT] [Fatal Error] :1:1: Premature end of file.
2026-05-05 22:46:57,573 [ERROR] LogOutputStream:75 - [STDERR_REDIRECT] 
2026-05-05 22:46:58,549 [ERROR] LogOutputStream:75 - [STDERR_REDIRECT] [Fatal Error] :1:1: Premature end of file.
2026-05-05 22:46:58,550 [ERROR] LogOutputStream:75 - [STDERR_REDIRECT] 
2026-05-05 22:46:59,540 [ERROR] LogOutputStream:75 - [STDERR_REDIRECT] [Fatal Error] :1:1: Premature end of file.
2026-05-05 22:46:59,540 [ERROR] LogOutputStream:75 - [STDERR_REDIRECT] 
2026-05-05 22:47:00,536 [ERROR] LogOutputStream:75 - [STDERR_REDIRECT] [Fatal Error] :1:1: Premature end of file.
2026-05-05 22:47:00,536 [ERROR] LogOutputStream:75 - [STDERR_REDIRECT] 
2026-05-05 22:47:01,548 [ERROR] LogOutputStream:75 - [STDERR_REDIRECT] [Fatal Error] :1:1: Premature end of file.
2026-05-05 22:47:01,549 [ERROR] LogOutputStream:75 - [STDERR_REDIRECT] 
2026-05-05 22:47:02,545 [ERROR] LogOutputStream:75 - [STDERR_REDIRECT] [Fatal Error] :1:1: Premature end of file.
2026-05-05 22:47:02,547 [ERROR] LogOutputStream:75 - [STDERR_REDIRECT] 
2026-05-05 22:47:03,544 [ERROR] LogOutputStream:75 - [STDERR_REDIRECT] [Fatal Error] :1:1: Premature end of file.
2026-05-05 22:47:03,544 [ERROR] LogOutputStream:75 - [STDERR_REDIRECT] 
2026-05-05 22:47:04,542 [ERROR] LogOutputStream:75 - [STDERR_REDIRECT] [Fatal Error] :1:1: Premature end of file.
2026-05-05 22:47:04,543 [ERROR] LogOutputStream:75 - [STDERR_REDIRECT] 
2026-05-05 22:47:05,534 [ERROR] LogOutputStream:75 - [STDERR_REDIRECT] [Fatal Error] :1:1: Premature end of file.
2026-05-05 22:47:05,534 [ERROR] LogOutputStream:75 - [STDERR_REDIRECT] 
2026-05-05 22:47:06,541 [ERROR] LogOutputStream:75 - [STDERR_REDIRECT] [Fatal Error] :1:1: Premature end of file.
2026-05-05 22:47:06,542 [ERROR] LogOutputStream:75 - [STDERR_REDIRECT] 
2026-05-05 22:47:07,538 [ERROR] LogOutputStream:75 - [STDERR_REDIRECT] [Fatal Error] :1:1: Premature end of file.
2026-05-05 22:47:07,538 [ERROR] LogOutputStream:75 - [STDERR_REDIRECT] 
2026-05-05 22:47:08,542 [ERROR] LogOutputStream:75 - [STDERR_REDIRECT] [Fatal Error] :1:1: Premature end of file.
2026-05-05 22:47:08,542 [ERROR] LogOutputStream:75 - [STDERR_REDIRECT] 
2026-05-05 22:47:09,533 [ERROR] LogOutputStream:75 - [STDERR_REDIRECT] [Fatal Error] :1:1: Premature end of file.
2026-05-05 22:47:09,533 [ERROR] LogOutputStream:75 - [STDERR_REDIRECT] 
2026-05-05 22:47:10,539 [ERROR] LogOutputStream:75 - [STDERR_REDIRECT] [Fatal Error] :1:1: Premature end of file.
2026-05-05 22:47:10,539 [ERROR] LogOutputStream:75 - [STDERR_REDIRECT] 
2026-05-05 22:47:11,539 [ERROR] LogOutputStream:75 - [STDERR_REDIRECT] [Fatal Error] :1:1: Premature end of file.
2026-05-05 22:47:11,539 [ERROR] LogOutputStream:75 - [STDERR_REDIRECT] 
2026-05-05 22:47:12,551 [ERROR] LogOutputStream:75 - [STDERR_REDIRECT] [Fatal Error] :1:1: Premature end of file.
2026-05-05 22:47:12,551 [ERROR] LogOutputStream:75 - [STDERR_REDIRECT] 
2026-05-05 22:47:13,536 [ERROR] LogOutputStream:75 - [STDERR_REDIRECT] [Fatal Error] :1:1: Premature end of file.
2026-05-05 22:47:13,536 [ERROR] LogOutputStream:75 - [STDERR_REDIRECT] 
2026-05-05 22:47:14,550 [ERROR] LogOutputStream:75 - [STDERR_REDIRECT] [Fatal Error] :1:1: Premature end of file.
2026-05-05 22:47:14,550 [ERROR] LogOutputStream:75 - [STDERR_REDIRECT] 
2026-05-05 22:47:15,552 [ERROR] LogOutputStream:75 - [STDERR_REDIRECT] [Fatal Error] :1:1: Premature end of file.
2026-05-05 22:47:15,553 [ERROR] LogOutputStream:75 - [STDERR_REDIRECT] 
2026-05-05 22:47:16,540 [ERROR] LogOutputStream:75 - [STDERR_REDIRECT] [Fatal Error] :1:1: Premature end of file.
2026-05-05 22:47:16,540 [ERROR] LogOutputStream:75 - [STDERR_REDIRECT] 
2026-05-05 22:47:17,550 [ERROR] LogOutputStream:75 - [STDERR_REDIRECT] [Fatal Error] :1:1: Premature end of file.
2026-05-05 22:47:17,550 [ERROR] LogOutputStream:75 - [STDERR_REDIRECT] 
2026-05-05 22:47:18,552 [ERROR] LogOutputStream:75 - [STDERR_REDIRECT] [Fatal Error] :1:1: Premature end of file.
2026-05-05 22:47:18,553 [ERROR] LogOutputStream:75 - [STDERR_REDIRECT] 
2026-05-05 22:47:19,551 [ERROR] LogOutputStream:75 - [STDERR_REDIRECT] [Fatal Error] :1:1: Premature end of file.
2026-05-05 22:47:19,552 [ERROR] LogOutputStream:75 - [STDERR_REDIRECT] 
2026-05-05 22:47:20,545 [ERROR] LogOutputStream:75 - [STDERR_REDIRECT] [Fatal Error] :1:1: Premature end of file.
2026-05-05 22:47:20,546 [ERROR] LogOutputStream:75 - [STDERR_REDIRECT] 
2026-05-05 22:47:21,542 [ERROR] LogOutputStream:75 - [STDERR_REDIRECT] [Fatal Error] :1:1: Premature end of file.
2026-05-05 22:47:21,543 [ERROR] LogOutputStream:75 - [STDERR_REDIRECT] 
2026-05-05 22:47:22,535 [ERROR] LogOutputStream:75 - [STDERR_REDIRECT] [Fatal Error] :1:1: Premature end of file.
2026-05-05 22:47:22,536 [ERROR] LogOutputStream:75 - [STDERR_REDIRECT] 
2026-05-05 22:47:23,552 [ERROR] LogOutputStream:75 - [STDERR_REDIRECT] [Fatal Error] :1:1: Premature end of file.
2026-05-05 22:47:23,553 [ERROR] LogOutputStream:75 - [STDERR_REDIRECT] 
2026-05-05 22:47:24,539 [ERROR] LogOutputStream:75 - [STDERR_REDIRECT] [Fatal Error] :1:1: Premature end of file.
2026-05-05 22:47:24,539 [ERROR] LogOutputStream:75 - [STDERR_REDIRECT] 
2026-05-05 22:47:25,531 [ERROR] LogOutputStream:75 - [STDERR_REDIRECT] [Fatal Error] :1:1: Premature end of file.
2026-05-05 22:47:25,531 [ERROR] LogOutputStream:75 - [STDERR_REDIRECT] 
2026-05-05 22:47:26,549 [ERROR] LogOutputStream:75 - [STDERR_REDIRECT] [Fatal Error] :1:1: Premature end of file.
2026-05-05 22:47:26,549 [ERROR] LogOutputStream:75 - [STDERR_REDIRECT] 
2026-05-05 22:47:27,534 [ERROR] LogOutputStream:75 - [STDERR_REDIRECT] [Fatal Error] :1:1: Premature end of file.
2026-05-05 22:47:27,535 [ERROR] LogOutputStream:75 - [STDERR_REDIRECT] 
2026-05-05 22:47:28,538 [ERROR] LogOutputStream:75 - [STDERR_REDIRECT] [Fatal Error] :1:1: Premature end of file.
2026-05-05 22:47:28,538 [ERROR] LogOutputStream:75 - [STDERR_REDIRECT] 
2026-05-05 22:47:29,539 [ERROR] LogOutputStream:75 - [STDERR_REDIRECT] [Fatal Error] :1:1: Premature end of file.
2026-05-05 22:47:29,540 [ERROR] LogOutputStream:75 - [STDERR_REDIRECT] 
2026-05-05 22:47:30,548 [ERROR] LogOutputStream:75 - [STDERR_REDIRECT] [Fatal Error] :1:1: Premature end of file.
2026-05-05 22:47:30,549 [ERROR] LogOutputStream:75 - [STDERR_REDIRECT] 
2026-05-05 22:47:31,549 [ERROR] LogOutputStream:75 - [STDERR_REDIRECT] [Fatal Error] :1:1: Premature end of file.
2026-05-05 22:47:31,550 [ERROR] LogOutputStream:75 - [STDERR_REDIRECT] 
2026-05-05 22:47:32,540 [ERROR] LogOutputStream:75 - [STDERR_REDIRECT] [Fatal Error] :1:1: Premature end of file.
2026-05-05 22:47:32,541 [ERROR] LogOutputStream:75 - [STDERR_REDIRECT] 
2026-05-05 22:47:33,535 [ERROR] LogOutputStream:75 - [STDERR_REDIRECT] [Fatal Error] :1:1: Premature end of file.
2026-05-05 22:47:33,536 [ERROR] LogOutputStream:75 - [STDERR_REDIRECT] 
2026-05-05 22:47:34,557 [ERROR] LogOutputStream:75 - [STDERR_REDIRECT] [Fatal Error] :1:1: Premature end of file.
2026-05-05 22:47:34,558 [ERROR] LogOutputStream:75 - [STDERR_REDIRECT] 
2026-05-05 22:47:35,561 [ERROR] LogOutputStream:75 - [STDERR_REDIRECT] [Fatal Error] :1:1: Premature end of file.
2026-05-05 22:47:35,561 [ERROR] LogOutputStream:75 - [STDERR_REDIRECT] 
2026-05-05 22:47:36,557 [ERROR] LogOutputStream:75 - [STDERR_REDIRECT] [Fatal Error] :1:1: Premature end of file.
2026-05-05 22:47:36,557 [ERROR] LogOutputStream:75 - [STDERR_REDIRECT] 
2026-05-05 22:47:37,535 [ERROR] LogOutputStream:75 - [STDERR_REDIRECT] [Fatal Error] :1:1: Premature end of file.
2026-05-05 22:47:37,536 [ERROR] LogOutputStream:75 - [STDERR_REDIRECT] 
2026-05-05 22:47:38,556 [ERROR] LogOutputStream:75 - [STDERR_REDIRECT] [Fatal Error] :1:1: Premature end of file.
2026-05-05 22:47:38,556 [ERROR] LogOutputStream:75 - [STDERR_REDIRECT] 
2026-05-05 22:47:39,547 [ERROR] LogOutputStream:75 - [STDERR_REDIRECT] [Fatal Error] :1:1: Premature end of file.
2026-05-05 22:47:39,547 [ERROR] LogOutputStream:75 - [STDERR_REDIRECT] 
2026-05-05 22:47:40,548 [ERROR] LogOutputStream:75 - [STDERR_REDIRECT] [Fatal Error] :1:1: Premature end of file.
2026-05-05 22:47:40,549 [ERROR] LogOutputStream:75 - [STDERR_REDIRECT] 
2026-05-05 22:47:41,543 [ERROR] LogOutputStream:75 - [STDERR_REDIRECT] [Fatal Error] :1:1: Premature end of file.
2026-05-05 22:47:41,543 [ERROR] LogOutputStream:75 - [STDERR_REDIRECT] 
2026-05-05 22:47:42,544 [ERROR] LogOutputStream:75 - [STDERR_REDIRECT] [Fatal Error] :1:1: Premature end of file.
2026-05-05 22:47:42,544 [ERROR] LogOutputStream:75 - [STDERR_REDIRECT] 
2026-05-05 22:47:43,557 [ERROR] LogOutputStream:75 - [STDERR_REDIRECT] [Fatal Error] :1:1: Premature end of file.
2026-05-05 22:47:43,557 [ERROR] LogOutputStream:75 - [STDERR_REDIRECT] 
2026-05-05 22:47:44,575 [ERROR] LogOutputStream:75 - [STDERR_REDIRECT] [Fatal Error] :1:1: Premature end of file.
2026-05-05 22:47:44,575 [ERROR] LogOutputStream:75 - [STDERR_REDIRECT] 
2026-05-05 22:47:45,541 [ERROR] LogOutputStream:75 - [STDERR_REDIRECT] [Fatal Error] :1:1: Premature end of file.
2026-05-05 22:47:45,542 [ERROR] LogOutputStream:75 - [STDERR_REDIRECT] 
2026-05-05 22:47:46,536 [ERROR] LogOutputStream:75 - [STDERR_REDIRECT] [Fatal Error] :1:1: Premature end of file.
2026-05-05 22:47:46,536 [ERROR] LogOutputStream:75 - [STDERR_REDIRECT] 
2026-05-05 22:47:47,535 [ERROR] LogOutputStream:75 - [STDERR_REDIRECT] [Fatal Error] :1:1: Premature end of file.
2026-05-05 22:47:47,536 [ERROR] LogOutputStream:75 - [STDERR_REDIRECT] 
2026-05-05 22:47:48,528 [ERROR] LogOutputStream:75 - [STDERR_REDIRECT] [Fatal Error] :1:1: Premature end of file.
2026-05-05 22:47:48,528 [ERROR] LogOutputStream:75 - [STDERR_REDIRECT] 
2026-05-05 22:47:49,543 [ERROR] LogOutputStream:75 - [STDERR_REDIRECT] [Fatal Error] :1:1: Premature end of file.
2026-05-05 22:47:49,543 [ERROR] LogOutputStream:75 - [STDERR_REDIRECT] 
2026-05-05 22:47:50,535 [ERROR] LogOutputStream:75 - [STDERR_REDIRECT] [Fatal Error] :1:1: Premature end of file.
2026-05-05 22:47:50,536 [ERROR] LogOutputStream:75 - [STDERR_REDIRECT] 
2026-05-05 22:47:51,538 [ERROR] LogOutputStream:75 - [STDERR_REDIRECT] [Fatal Error] :1:1: Premature end of file.
2026-05-05 22:47:51,538 [ERROR] LogOutputStream:75 - [STDERR_REDIRECT] 
2026-05-05 22:47:52,542 [ERROR] LogOutputStream:75 - [STDERR_REDIRECT] [Fatal Error] :1:1: Premature end of file.
2026-05-05 22:47:52,543 [ERROR] LogOutputStream:75 - [STDERR_REDIRECT] 
2026-05-05 22:47:53,537 [ERROR] LogOutputStream:75 - [STDERR_REDIRECT] [Fatal Error] :1:1: Premature end of file.
2026-05-05 22:47:53,537 [ERROR] LogOutputStream:75 - [STDERR_REDIRECT] 
2026-05-05 22:47:54,538 [ERROR] LogOutputStream:75 - [STDERR_REDIRECT] [Fatal Error] :1:1: Premature end of file.
2026-05-05 22:47:54,538 [ERROR] LogOutputStream:75 - [STDERR_REDIRECT] 
2026-05-05 22:47:55,548 [ERROR] LogOutputStream:75 - [STDERR_REDIRECT] [Fatal Error] :1:1: Premature end of file.
2026-05-05 22:47:55,548 [ERROR] LogOutputStream:75 - [STDERR_REDIRECT] 
2026-05-05 22:47:56,547 [ERROR] LogOutputStream:75 - [STDERR_REDIRECT] [Fatal Error] :1:1: Premature end of file.
2026-05-05 22:47:56,547 [ERROR] LogOutputStream:75 - [STDERR_REDIRECT] 
2026-05-05 22:47:57,546 [ERROR] LogOutputStream:75 - [STDERR_REDIRECT] [Fatal Error] :1:1: Premature end of file.
2026-05-05 22:47:57,547 [ERROR] LogOutputStream:75 - [STDERR_REDIRECT] 
2026-05-05 22:47:58,550 [ERROR] LogOutputStream:75 - [STDERR_REDIRECT] [Fatal Error] :1:1: Premature end of file.
2026-05-05 22:47:58,551 [ERROR] LogOutputStream:75 - [STDERR_REDIRECT] 
2026-05-05 22:47:59,548 [ERROR] LogOutputStream:75 - [STDERR_REDIRECT] [Fatal Error] :1:1: Premature end of file.
2026-05-05 22:47:59,549 [ERROR] LogOutputStream:75 - [STDERR_REDIRECT] 
2026-05-05 22:48:00,547 [ERROR] LogOutputStream:75 - [STDERR_REDIRECT] [Fatal Error] :1:1: Premature end of file.
2026-05-05 22:48:00,547 [ERROR] LogOutputStream:75 - [STDERR_REDIRECT] 
2026-05-05 22:48:01,542 [ERROR] LogOutputStream:75 - [STDERR_REDIRECT] [Fatal Error] :1:1: Premature end of file.
2026-05-05 22:48:01,542 [ERROR] LogOutputStream:75 - [STDERR_REDIRECT] 
2026-05-05 22:48:02,542 [ERROR] LogOutputStream:75 - [STDERR_REDIRECT] [Fatal Error] :1:1: Premature end of file.
2026-05-05 22:48:02,542 [ERROR] LogOutputStream:75 - [STDERR_REDIRECT] 
2026-05-05 22:48:03,546 [ERROR] LogOutputStream:75 - [STDERR_REDIRECT] [Fatal Error] :1:1: Premature end of file.
2026-05-05 22:48:03,546 [ERROR] LogOutputStream:75 - [STDERR_REDIRECT] 
2026-05-05 22:48:04,541 [ERROR] LogOutputStream:75 - [STDERR_REDIRECT] [Fatal Error] :1:1: Premature end of file.
2026-05-05 22:48:04,541 [ERROR] LogOutputStream:75 - [STDERR_REDIRECT] 
2026-05-05 22:48:05,543 [ERROR] LogOutputStream:75 - [STDERR_REDIRECT] [Fatal Error] :1:1: Premature end of file.
2026-05-05 22:48:05,544 [ERROR] LogOutputStream:75 - [STDERR_REDIRECT] 
2026-05-05 22:48:06,539 [ERROR] LogOutputStream:75 - [STDERR_REDIRECT] [Fatal Error] :1:1: Premature end of file.
2026-05-05 22:48:06,539 [ERROR] LogOutputStream:75 - [STDERR_REDIRECT] 
2026-05-05 22:48:07,551 [ERROR] LogOutputStream:75 - [STDERR_REDIRECT] [Fatal Error] :1:1: Premature end of file.
2026-05-05 22:48:07,552 [ERROR] LogOutputStream:75 - [STDERR_REDIRECT] 
2026-05-05 22:48:08,546 [ERROR] LogOutputStream:75 - [STDERR_REDIRECT] [Fatal Error] :1:1: Premature end of file.
2026-05-05 22:48:08,546 [ERROR] LogOutputStream:75 - [STDERR_REDIRECT] 
2026-05-05 22:48:09,541 [ERROR] LogOutputStream:75 - [STDERR_REDIRECT] [Fatal Error] :1:1: Premature end of file.
2026-05-05 22:48:09,541 [ERROR] LogOutputStream:75 - [STDERR_REDIRECT] 
2026-05-05 22:48:10,542 [ERROR] LogOutputStream:75 - [STDERR_REDIRECT] [Fatal Error] :1:1: Premature end of file.
2026-05-05 22:48:10,542 [ERROR] LogOutputStream:75 - [STDERR_REDIRECT] 
2026-05-05 22:48:11,540 [ERROR] LogOutputStream:75 - [STDERR_REDIRECT] [Fatal Error] :1:1: Premature end of file.
2026-05-05 22:48:11,540 [ERROR] LogOutputStream:75 - [STDERR_REDIRECT] 
2026-05-05 22:48:12,544 [ERROR] LogOutputStream:75 - [STDERR_REDIRECT] [Fatal Error] :1:1: Premature end of file.
2026-05-05 22:48:12,544 [ERROR] LogOutputStream:75 - [STDERR_REDIRECT] 
2026-05-05 22:48:13,540 [ERROR] LogOutputStream:75 - [STDERR_REDIRECT] [Fatal Error] :1:1: Premature end of file.
2026-05-05 22:48:13,540 [ERROR] LogOutputStream:75 - [STDERR_REDIRECT] 
2026-05-05 22:48:14,539 [ERROR] LogOutputStream:75 - [STDERR_REDIRECT] [Fatal Error] :1:1: Premature end of file.
2026-05-05 22:48:14,539 [ERROR] LogOutputStream:75 - [STDERR_REDIRECT] 
2026-05-05 22:48:15,545 [ERROR] LogOutputStream:75 - [STDERR_REDIRECT] [Fatal Error] :1:1: Premature end of file.
2026-05-05 22:48:15,545 [ERROR] LogOutputStream:75 - [STDERR_REDIRECT] 
2026-05-05 22:48:16,550 [ERROR] LogOutputStream:75 - [STDERR_REDIRECT] [Fatal Error] :1:1: Premature end of file.
2026-05-05 22:48:16,551 [ERROR] LogOutputStream:75 - [STDERR_REDIRECT] 
2026-05-05 22:48:17,542 [ERROR] LogOutputStream:75 - [STDERR_REDIRECT] [Fatal Error] :1:1: Premature end of file.
2026-05-05 22:48:17,542 [ERROR] LogOutputStream:75 - [STDERR_REDIRECT] 
2026-05-05 22:48:18,537 [ERROR] LogOutputStream:75 - [STDERR_REDIRECT] [Fatal Error] :1:1: Premature end of file.
2026-05-05 22:48:18,538 [ERROR] LogOutputStream:75 - [STDERR_REDIRECT] 
2026-05-05 22:48:19,535 [ERROR] LogOutputStream:75 - [STDERR_REDIRECT] [Fatal Error] :1:1: Premature end of file.
2026-05-05 22:48:19,536 [ERROR] LogOutputStream:75 - [STDERR_REDIRECT] 
2026-05-05 22:48:20,538 [ERROR] LogOutputStream:75 - [STDERR_REDIRECT] [Fatal Error] :1:1: Premature end of file.
2026-05-05 22:48:20,539 [ERROR] LogOutputStream:75 - [STDERR_REDIRECT] 
2026-05-05 22:48:21,530 [ERROR] LogOutputStream:75 - [STDERR_REDIRECT] [Fatal Error] :1:1: Premature end of file.
2026-05-05 22:48:21,531 [ERROR] LogOutputStream:75 - [STDERR_REDIRECT] 
2026-05-05 22:48:22,545 [ERROR] LogOutputStream:75 - [STDERR_REDIRECT] [Fatal Error] :1:1: Premature end of file.
2026-05-05 22:48:22,545 [ERROR] LogOutputStream:75 - [STDERR_REDIRECT] 
2026-05-05 22:48:23,541 [ERROR] LogOutputStream:75 - [STDERR_REDIRECT] [Fatal Error] :1:1: Premature end of file.
2026-05-05 22:48:23,542 [ERROR] LogOutputStream:75 - [STDERR_REDIRECT] 
2026-05-05 22:48:24,541 [ERROR] LogOutputStream:75 - [STDERR_REDIRECT] [Fatal Error] :1:1: Premature end of file.
2026-05-05 22:48:24,541 [ERROR] LogOutputStream:75 - [STDERR_REDIRECT] 
2026-05-05 22:48:25,548 [ERROR] LogOutputStream:75 - [STDERR_REDIRECT] [Fatal Error] :1:1: Premature end of file.
2026-05-05 22:48:25,548 [ERROR] LogOutputStream:75 - [STDERR_REDIRECT] 
2026-05-05 22:48:26,551 [ERROR] LogOutputStream:75 - [STDERR_REDIRECT] [Fatal Error] :1:1: Premature end of file.
2026-05-05 22:48:26,551 [ERROR] LogOutputStream:75 - [STDERR_REDIRECT] 
2026-05-05 22:48:27,552 [ERROR] LogOutputStream:75 - [STDERR_REDIRECT] [Fatal Error] :1:1: Premature end of file.
2026-05-05 22:48:27,553 [ERROR] LogOutputStream:75 - [STDERR_REDIRECT] 
2026-05-05 22:48:28,562 [ERROR] LogOutputStream:75 - [STDERR_REDIRECT] [Fatal Error] :1:1: Premature end of file.
2026-05-05 22:48:28,563 [ERROR] LogOutputStream:75 - [STDERR_REDIRECT] 
2026-05-05 22:48:29,552 [ERROR] LogOutputStream:75 - [STDERR_REDIRECT] [Fatal Error] :1:1: Premature end of file.
2026-05-05 22:48:29,552 [ERROR] LogOutputStream:75 - [STDERR_REDIRECT] 
2026-05-05 22:48:30,554 [ERROR] LogOutputStream:75 - [STDERR_REDIRECT] [Fatal Error] :1:1: Premature end of file.
2026-05-05 22:48:30,555 [ERROR] LogOutputStream:75 - [STDERR_REDIRECT] 
2026-05-05 22:48:31,543 [ERROR] LogOutputStream:75 - [STDERR_REDIRECT] [Fatal Error] :1:1: Premature end of file.
2026-05-05 22:48:31,543 [ERROR] LogOutputStream:75 - [STDERR_REDIRECT] 
2026-05-05 22:48:32,538 [ERROR] LogOutputStream:75 - [STDERR_REDIRECT] [Fatal Error] :1:1: Premature end of file.
2026-05-05 22:48:32,539 [ERROR] LogOutputStream:75 - [STDERR_REDIRECT] 
2026-05-05 22:48:33,539 [ERROR] LogOutputStream:75 - [STDERR_REDIRECT] [Fatal Error] :1:1: Premature end of file.
2026-05-05 22:48:33,539 [ERROR] LogOutputStream:75 - [STDERR_REDIRECT] 
2026-05-05 22:48:34,597 [ERROR] LogOutputStream:75 - [STDERR_REDIRECT] [Fatal Error] :1:1: Premature end of file.
2026-05-05 22:48:34,597 [ERROR] LogOutputStream:75 - [STDERR_REDIRECT] 
2026-05-05 22:48:35,640 [ERROR] LogOutputStream:75 - [STDERR_REDIRECT] [Fatal Error] :1:1: Premature end of file.
2026-05-05 22:48:35,640 [ERROR] LogOutputStream:75 - [STDERR_REDIRECT] 
2026-05-05 22:48:36,553 [ERROR] LogOutputStream:75 - [STDERR_REDIRECT] [Fatal Error] :1:1: Premature end of file.
2026-05-05 22:48:36,553 [ERROR] LogOutputStream:75 - [STDERR_REDIRECT] 
2026-05-05 22:48:37,552 [ERROR] LogOutputStream:75 - [STDERR_REDIRECT] [Fatal Error] :1:1: Premature end of file.
2026-05-05 22:48:37,553 [ERROR] LogOutputStream:75 - [STDERR_REDIRECT] 
2026-05-05 22:48:38,573 [ERROR] LogOutputStream:75 - [STDERR_REDIRECT] [Fatal Error] :1:1: Premature end of file.
2026-05-05 22:48:38,574 [ERROR] LogOutputStream:75 - [STDERR_REDIRECT] 
2026-05-05 22:48:39,570 [ERROR] LogOutputStream:75 - [STDERR_REDIRECT] [Fatal Error] :1:1: Premature end of file.
2026-05-05 22:48:39,570 [ERROR] LogOutputStream:75 - [STDERR_REDIRECT] 
2026-05-05 22:48:40,748 [ERROR] LogOutputStream:75 - [STDERR_REDIRECT] [Fatal Error] :1:1: Premature end of file.
2026-05-05 22:48:40,749 [ERROR] LogOutputStream:75 - [STDERR_REDIRECT] 
2026-05-05 22:48:41,546 [ERROR] LogOutputStream:75 - [STDERR_REDIRECT] [Fatal Error] :1:1: Premature end of file.
2026-05-05 22:48:41,547 [ERROR] LogOutputStream:75 - [STDERR_REDIRECT] 
2026-05-05 22:48:42,558 [ERROR] LogOutputStream:75 - [STDERR_REDIRECT] [Fatal Error] :1:1: Premature end of file.
2026-05-05 22:48:42,558 [ERROR] LogOutputStream:75 - [STDERR_REDIRECT] 
2026-05-05 22:48:43,542 [ERROR] LogOutputStream:75 - [STDERR_REDIRECT] [Fatal Error] :1:1: Premature end of file.
2026-05-05 22:48:43,543 [ERROR] LogOutputStream:75 - [STDERR_REDIRECT] 
2026-05-05 22:48:44,557 [ERROR] LogOutputStream:75 - [STDERR_REDIRECT] [Fatal Error] :1:1: Premature end of file.
2026-05-05 22:48:44,557 [ERROR] LogOutputStream:75 - [STDERR_REDIRECT] 
2026-05-05 22:48:45,562 [ERROR] LogOutputStream:75 - [STDERR_REDIRECT] [Fatal Error] :1:1: Premature end of file.
2026-05-05 22:48:45,562 [ERROR] LogOutputStream:75 - [STDERR_REDIRECT] 
2026-05-05 22:48:46,554 [ERROR] LogOutputStream:75 - [STDERR_REDIRECT] [Fatal Error] :1:1: Premature end of file.
2026-05-05 22:48:46,554 [ERROR] LogOutputStream:75 - [STDERR_REDIRECT] 
2026-05-05 22:48:47,543 [ERROR] LogOutputStream:75 - [STDERR_REDIRECT] [Fatal Error] :1:1: Premature end of file.
2026-05-05 22:48:47,543 [ERROR] LogOutputStream:75 - [STDERR_REDIRECT] 
2026-05-05 22:48:48,544 [ERROR] LogOutputStream:75 - [STDERR_REDIRECT] [Fatal Error] :1:1: Premature end of file.
2026-05-05 22:48:48,544 [ERROR] LogOutputStream:75 - [STDERR_REDIRECT] 
2026-05-05 22:48:49,564 [ERROR] LogOutputStream:75 - [STDERR_REDIRECT] [Fatal Error] :1:1: Premature end of file.
2026-05-05 22:48:49,564 [ERROR] LogOutputStream:75 - [STDERR_REDIRECT] 
2026-05-05 22:48:50,547 [ERROR] LogOutputStream:75 - [STDERR_REDIRECT] [Fatal Error] :1:1: Premature end of file.
2026-05-05 22:48:50,547 [ERROR] LogOutputStream:75 - [STDERR_REDIRECT] 
2026-05-05 22:48:51,542 [ERROR] LogOutputStream:75 - [STDERR_REDIRECT] [Fatal Error] :1:1: Premature end of file.
2026-05-05 22:48:51,542 [ERROR] LogOutputStream:75 - [STDERR_REDIRECT] 
2026-05-05 22:48:52,559 [ERROR] LogOutputStream:75 - [STDERR_REDIRECT] [Fatal Error] :1:1: Premature end of file.
2026-05-05 22:48:52,559 [ERROR] LogOutputStream:75 - [STDERR_REDIRECT] 
2026-05-05 22:48:53,551 [ERROR] LogOutputStream:75 - [STDERR_REDIRECT] [Fatal Error] :1:1: Premature end of file.
2026-05-05 22:48:53,552 [ERROR] LogOutputStream:75 - [STDERR_REDIRECT] 
2026-05-05 22:48:54,520 [ERROR] LogOutputStream:75 - [STDERR_REDIRECT] [Fatal Error] :1:1: Premature end of file.
2026-05-05 22:48:54,520 [ERROR] LogOutputStream:75 - [STDERR_REDIRECT] 
2026-05-05 22:48:55,547 [ERROR] LogOutputStream:75 - [STDERR_REDIRECT] [Fatal Error] :1:1: Premature end of file.
2026-05-05 22:48:55,547 [ERROR] LogOutputStream:75 - [STDERR_REDIRECT] 
2026-05-05 22:48:56,533 [ERROR] LogOutputStream:75 - [STDERR_REDIRECT] [Fatal Error] :1:1: Premature end of file.
2026-05-05 22:48:56,534 [ERROR] LogOutputStream:75 - [STDERR_REDIRECT] 
2026-05-05 22:48:57,537 [ERROR] LogOutputStream:75 - [STDERR_REDIRECT] [Fatal Error] :1:1: Premature end of file.
2026-05-05 22:48:57,537 [ERROR] LogOutputStream:75 - [STDERR_REDIRECT] 
2026-05-05 22:48:58,541 [ERROR] LogOutputStream:75 - [STDERR_REDIRECT] [Fatal Error] :1:1: Premature end of file.
2026-05-05 22:48:58,542 [ERROR] LogOutputStream:75 - [STDERR_REDIRECT] 
2026-05-05 22:48:59,546 [ERROR] LogOutputStream:75 - [STDERR_REDIRECT] [Fatal Error] :1:1: Premature end of file.
2026-05-05 22:48:59,547 [ERROR] LogOutputStream:75 - [STDERR_REDIRECT] 
2026-05-05 22:49:00,560 [ERROR] LogOutputStream:75 - [STDERR_REDIRECT] [Fatal Error] :1:1: Premature end of file.
2026-05-05 22:49:00,561 [ERROR] LogOutputStream:75 - [STDERR_REDIRECT] 
2026-05-05 22:49:01,553 [ERROR] LogOutputStream:75 - [STDERR_REDIRECT] [Fatal Error] :1:1: Premature end of file.
2026-05-05 22:49:01,553 [ERROR] LogOutputStream:75 - [STDERR_REDIRECT] 
2026-05-05 22:49:02,539 [ERROR] LogOutputStream:75 - [STDERR_REDIRECT] [Fatal Error] :1:1: Premature end of file.
2026-05-05 22:49:02,539 [ERROR] LogOutputStream:75 - [STDERR_REDIRECT] 
2026-05-05 22:49:03,548 [ERROR] LogOutputStream:75 - [STDERR_REDIRECT] [Fatal Error] :1:1: Premature end of file.
2026-05-05 22:49:03,548 [ERROR] LogOutputStream:75 - [STDERR_REDIRECT] 
2026-05-05 22:49:04,547 [ERROR] LogOutputStream:75 - [STDERR_REDIRECT] [Fatal Error] :1:1: Premature end of file.
2026-05-05 22:49:04,548 [ERROR] LogOutputStream:75 - [STDERR_REDIRECT] 
2026-05-05 22:49:05,548 [ERROR] LogOutputStream:75 - [STDERR_REDIRECT] [Fatal Error] :1:1: Premature end of file.
2026-05-05 22:49:05,549 [ERROR] LogOutputStream:75 - [STDERR_REDIRECT] 
2026-05-05 22:49:06,549 [ERROR] LogOutputStream:75 - [STDERR_REDIRECT] [Fatal Error] :1:1: Premature end of file.
2026-05-05 22:49:06,549 [ERROR] LogOutputStream:75 - [STDERR_REDIRECT] 
2026-05-05 22:49:07,595 [ERROR] LogOutputStream:75 - [STDERR_REDIRECT] [Fatal Error] :1:1: Premature end of file.
2026-05-05 22:49:07,596 [ERROR] LogOutputStream:75 - [STDERR_REDIRECT] 
2026-05-05 22:49:08,555 [ERROR] LogOutputStream:75 - [STDERR_REDIRECT] [Fatal Error] :1:1: Premature end of file.
2026-05-05 22:49:08,555 [ERROR] LogOutputStream:75 - [STDERR_REDIRECT] 
2026-05-05 22:49:09,544 [ERROR] LogOutputStream:75 - [STDERR_REDIRECT] [Fatal Error] :1:1: Premature end of file.
2026-05-05 22:49:09,545 [ERROR] LogOutputStream:75 - [STDERR_REDIRECT] 
2026-05-05 22:49:10,545 [ERROR] LogOutputStream:75 - [STDERR_REDIRECT] [Fatal Error] :1:1: Premature end of file.
2026-05-05 22:49:10,545 [ERROR] LogOutputStream:75 - [STDERR_REDIRECT] 
2026-05-05 22:49:11,542 [ERROR] LogOutputStream:75 - [STDERR_REDIRECT] [Fatal Error] :1:1: Premature end of file.
2026-05-05 22:49:11,542 [ERROR] LogOutputStream:75 - [STDERR_REDIRECT] 
2026-05-05 22:49:12,533 [ERROR] LogOutputStream:75 - [STDERR_REDIRECT] [Fatal Error] :1:1: Premature end of file.
2026-05-05 22:49:12,533 [ERROR] LogOutputStream:75 - [STDERR_REDIRECT] 
2026-05-05 22:49:13,533 [ERROR] LogOutputStream:75 - [STDERR_REDIRECT] [Fatal Error] :1:1: Premature end of file.
2026-05-05 22:49:13,534 [ERROR] LogOutputStream:75 - [STDERR_REDIRECT] 
2026-05-05 22:49:14,542 [ERROR] LogOutputStream:75 - [STDERR_REDIRECT] [Fatal Error] :1:1: Premature end of file.
2026-05-05 22:49:14,542 [ERROR] LogOutputStream:75 - [STDERR_REDIRECT] 
2026-05-05 22:49:15,526 [ERROR] LogOutputStream:75 - [STDERR_REDIRECT] [Fatal Error] :1:1: Premature end of file.
2026-05-05 22:49:15,526 [ERROR] LogOutputStream:75 - [STDERR_REDIRECT] 
2026-05-05 22:49:16,537 [ERROR] LogOutputStream:75 - [STDERR_REDIRECT] [Fatal Error] :1:1: Premature end of file.
2026-05-05 22:49:16,537 [ERROR] LogOutputStream:75 - [STDERR_REDIRECT] 
2026-05-05 22:49:17,553 [ERROR] LogOutputStream:75 - [STDERR_REDIRECT] [Fatal Error] :1:1: Premature end of file.
2026-05-05 22:49:17,553 [ERROR] LogOutputStream:75 - [STDERR_REDIRECT] 
2026-05-05 22:49:18,534 [ERROR] LogOutputStream:75 - [STDERR_REDIRECT] [Fatal Error] :1:1: Premature end of file.
2026-05-05 22:49:18,534 [ERROR] LogOutputStream:75 - [STDERR_REDIRECT] 
2026-05-05 22:49:19,525 [ERROR] LogOutputStream:75 - [STDERR_REDIRECT] [Fatal Error] :1:1: Premature end of file.
2026-05-05 22:49:19,525 [ERROR] LogOutputStream:75 - [STDERR_REDIRECT] 
2026-05-05 22:49:20,531 [ERROR] LogOutputStream:75 - [STDERR_REDIRECT] [Fatal Error] :1:1: Premature end of file.
2026-05-05 22:49:20,531 [ERROR] LogOutputStream:75 - [STDERR_REDIRECT] 
2026-05-05 22:49:21,520 [ERROR] LogOutputStream:75 - [STDERR_REDIRECT] [Fatal Error] :1:1: Premature end of file.
2026-05-05 22:49:21,521 [ERROR] LogOutputStream:75 - [STDERR_REDIRECT] 
2026-05-05 22:49:22,545 [ERROR] LogOutputStream:75 - [STDERR_REDIRECT] [Fatal Error] :1:1: Premature end of file.
2026-05-05 22:49:22,546 [ERROR] LogOutputStream:75 - [STDERR_REDIRECT] 
2026-05-05 22:49:23,548 [ERROR] LogOutputStream:75 - [STDERR_REDIRECT] [Fatal Error] :1:1: Premature end of file.
2026-05-05 22:49:23,548 [ERROR] LogOutputStream:75 - [STDERR_REDIRECT] 
2026-05-05 22:49:24,537 [ERROR] LogOutputStream:75 - [STDERR_REDIRECT] [Fatal Error] :1:1: Premature end of file.
2026-05-05 22:49:24,537 [ERROR] LogOutputStream:75 - [STDERR_REDIRECT] 
2026-05-05 22:49:25,523 [ERROR] LogOutputStream:75 - [STDERR_REDIRECT] [Fatal Error] :1:1: Premature end of file.
2026-05-05 22:49:25,524 [ERROR] LogOutputStream:75 - [STDERR_REDIRECT] 
2026-05-05 22:49:26,537 [ERROR] LogOutputStream:75 - [STDERR_REDIRECT] [Fatal Error] :1:1: Premature end of file.
2026-05-05 22:49:26,537 [ERROR] LogOutputStream:75 - [STDERR_REDIRECT] 
2026-05-05 22:49:27,516 [ERROR] LogOutputStream:75 - [STDERR_REDIRECT] [Fatal Error] :1:1: Premature end of file.
2026-05-05 22:49:27,517 [ERROR] LogOutputStream:75 - [STDERR_REDIRECT] 
2026-05-05 22:49:28,536 [ERROR] LogOutputStream:75 - [STDERR_REDIRECT] [Fatal Error] :1:1: Premature end of file.
2026-05-05 22:49:28,537 [ERROR] LogOutputStream:75 - [STDERR_REDIRECT] 
2026-05-05 22:49:29,541 [ERROR] LogOutputStream:75 - [STDERR_REDIRECT] [Fatal Error] :1:1: Premature end of file.
2026-05-05 22:49:29,542 [ERROR] LogOutputStream:75 - [STDERR_REDIRECT] 
2026-05-05 22:49:30,539 [ERROR] LogOutputStream:75 - [STDERR_REDIRECT] [Fatal Error] :1:1: Premature end of file.
2026-05-05 22:49:30,540 [ERROR] LogOutputStream:75 - [STDERR_REDIRECT] 
2026-05-05 22:49:31,535 [ERROR] LogOutputStream:75 - [STDERR_REDIRECT] [Fatal Error] :1:1: Premature end of file.
2026-05-05 22:49:31,535 [ERROR] LogOutputStream:75 - [STDERR_REDIRECT] 
2026-05-05 22:49:32,539 [ERROR] LogOutputStream:75 - [STDERR_REDIRECT] [Fatal Error] :1:1: Premature end of file.
2026-05-05 22:49:32,540 [ERROR] LogOutputStream:75 - [STDERR_REDIRECT] 
2026-05-05 22:49:33,537 [ERROR] LogOutputStream:75 - [STDERR_REDIRECT] [Fatal Error] :1:1: Premature end of file.
2026-05-05 22:49:33,537 [ERROR] LogOutputStream:75 - [STDERR_REDIRECT] 
2026-05-05 22:49:34,538 [ERROR] LogOutputStream:75 - [STDERR_REDIRECT] [Fatal Error] :1:1: Premature end of file.
2026-05-05 22:49:34,538 [ERROR] LogOutputStream:75 - [STDERR_REDIRECT] 
2026-05-05 22:49:35,545 [ERROR] LogOutputStream:75 - [STDERR_REDIRECT] [Fatal Error] :1:1: Premature end of file.
2026-05-05 22:49:35,545 [ERROR] LogOutputStream:75 - [STDERR_REDIRECT] 
2026-05-05 22:49:36,539 [ERROR] LogOutputStream:75 - [STDERR_REDIRECT] [Fatal Error] :1:1: Premature end of file.
2026-05-05 22:49:36,540 [ERROR] LogOutputStream:75 - [STDERR_REDIRECT] 
2026-05-05 22:49:37,539 [ERROR] LogOutputStream:75 - [STDERR_REDIRECT] [Fatal Error] :1:1: Premature end of file.
2026-05-05 22:49:37,540 [ERROR] LogOutputStream:75 - [STDERR_REDIRECT] 
2026-05-05 22:49:38,540 [ERROR] LogOutputStream:75 - [STDERR_REDIRECT] [Fatal Error] :1:1: Premature end of file.
2026-05-05 22:49:38,540 [ERROR] LogOutputStream:75 - [STDERR_REDIRECT] 
2026-05-05 22:49:39,537 [ERROR] LogOutputStream:75 - [STDERR_REDIRECT] [Fatal Error] :1:1: Premature end of file.
2026-05-05 22:49:39,537 [ERROR] LogOutputStream:75 - [STDERR_REDIRECT] 
2026-05-05 22:49:40,542 [ERROR] LogOutputStream:75 - [STDERR_REDIRECT] [Fatal Error] :1:1: Premature end of file.
2026-05-05 22:49:40,542 [ERROR] LogOutputStream:75 - [STDERR_REDIRECT] 
2026-05-05 22:49:41,531 [ERROR] LogOutputStream:75 - [STDERR_REDIRECT] [Fatal Error] :1:1: Premature end of file.
2026-05-05 22:49:41,532 [ERROR] LogOutputStream:75 - [STDERR_REDIRECT] 
2026-05-05 22:49:42,517 [ERROR] LogOutputStream:75 - [STDERR_REDIRECT] [Fatal Error] :1:1: Premature end of file.
2026-05-05 22:49:42,517 [ERROR] LogOutputStream:75 - [STDERR_REDIRECT] 
2026-05-05 22:49:43,541 [ERROR] LogOutputStream:75 - [STDERR_REDIRECT] [Fatal Error] :1:1: Premature end of file.
2026-05-05 22:49:43,541 [ERROR] LogOutputStream:75 - [STDERR_REDIRECT] 
2026-05-05 22:49:44,554 [ERROR] LogOutputStream:75 - [STDERR_REDIRECT] [Fatal Error] :1:1: Premature end of file.
2026-05-05 22:49:44,555 [ERROR] LogOutputStream:75 - [STDERR_REDIRECT] 
2026-05-05 22:49:45,556 [ERROR] LogOutputStream:75 - [STDERR_REDIRECT] [Fatal Error] :1:1: Premature end of file.
2026-05-05 22:49:45,556 [ERROR] LogOutputStream:75 - [STDERR_REDIRECT] 
2026-05-05 22:49:46,595 [ERROR] LogOutputStream:75 - [STDERR_REDIRECT] [Fatal Error] :1:1: Premature end of file.
2026-05-05 22:49:46,596 [ERROR] LogOutputStream:75 - [STDERR_REDIRECT] 
2026-05-05 22:49:47,558 [ERROR] LogOutputStream:75 - [STDERR_REDIRECT] [Fatal Error] :1:1: Premature end of file.
2026-05-05 22:49:47,558 [ERROR] LogOutputStream:75 - [STDERR_REDIRECT] 
2026-05-05 22:49:48,590 [ERROR] LogOutputStream:75 - [STDERR_REDIRECT] [Fatal Error] :1:1: Premature end of file.
2026-05-05 22:49:48,592 [ERROR] LogOutputStream:75 - [STDERR_REDIRECT] 
2026-05-05 22:49:49,557 [ERROR] LogOutputStream:75 - [STDERR_REDIRECT] [Fatal Error] :1:1: Premature end of file.
2026-05-05 22:49:49,558 [ERROR] LogOutputStream:75 - [STDERR_REDIRECT] 
2026-05-05 22:49:50,667 [ERROR] LogOutputStream:75 - [STDERR_REDIRECT] [Fatal Error] :1:1: Premature end of file.
2026-05-05 22:49:50,669 [ERROR] LogOutputStream:75 - [STDERR_REDIRECT] 
2026-05-05 22:49:51,548 [ERROR] LogOutputStream:75 - [STDERR_REDIRECT] [Fatal Error] :1:1: Premature end of file.
2026-05-05 22:49:51,548 [ERROR] LogOutputStream:75 - [STDERR_REDIRECT] 
2026-05-05 22:49:52,533 [ERROR] LogOutputStream:75 - [STDERR_REDIRECT] [Fatal Error] :1:1: Premature end of file.
2026-05-05 22:49:52,533 [ERROR] LogOutputStream:75 - [STDERR_REDIRECT] 
2026-05-05 22:49:53,513 [ERROR] LogOutputStream:75 - [STDERR_REDIRECT] [Fatal Error] :1:1: Premature end of file.
2026-05-05 22:49:53,514 [ERROR] LogOutputStream:75 - [STDERR_REDIRECT] 
2026-05-05 22:49:54,534 [ERROR] LogOutputStream:75 - [STDERR_REDIRECT] [Fatal Error] :1:1: Premature end of file.
2026-05-05 22:49:54,534 [ERROR] LogOutputStream:75 - [STDERR_REDIRECT] 
2026-05-05 22:49:55,545 [ERROR] LogOutputStream:75 - [STDERR_REDIRECT] [Fatal Error] :1:1: Premature end of file.
2026-05-05 22:49:55,545 [ERROR] LogOutputStream:75 - [STDERR_REDIRECT] 
2026-05-05 22:49:56,549 [ERROR] LogOutputStream:75 - [STDERR_REDIRECT] [Fatal Error] :1:1: Premature end of file.
2026-05-05 22:49:56,549 [ERROR] LogOutputStream:75 - [STDERR_REDIRECT] 
2026-05-05 22:49:57,555 [ERROR] LogOutputStream:75 - [STDERR_REDIRECT] [Fatal Error] :1:1: Premature end of file.
2026-05-05 22:49:57,555 [ERROR] LogOutputStream:75 - [STDERR_REDIRECT] 
2026-05-05 22:49:58,542 [ERROR] LogOutputStream:75 - [STDERR_REDIRECT] [Fatal Error] :1:1: Premature end of file.
2026-05-05 22:49:58,542 [ERROR] LogOutputStream:75 - [STDERR_REDIRECT] 
2026-05-05 22:49:59,542 [ERROR] LogOutputStream:75 - [STDERR_REDIRECT] [Fatal Error] :1:1: Premature end of file.
2026-05-05 22:49:59,543 [ERROR] LogOutputStream:75 - [STDERR_REDIRECT] 
2026-05-05 22:50:00,547 [ERROR] LogOutputStream:75 - [STDERR_REDIRECT] [Fatal Error] :1:1: Premature end of file.
2026-05-05 22:50:00,548 [ERROR] LogOutputStream:75 - [STDERR_REDIRECT] 
2026-05-05 22:50:01,552 [ERROR] LogOutputStream:75 - [STDERR_REDIRECT] [Fatal Error] :1:1: Premature end of file.
2026-05-05 22:50:01,552 [ERROR] LogOutputStream:75 - [STDERR_REDIRECT] 
2026-05-05 22:50:02,539 [ERROR] LogOutputStream:75 - [STDERR_REDIRECT] [Fatal Error] :1:1: Premature end of file.
2026-05-05 22:50:02,539 [ERROR] LogOutputStream:75 - [STDERR_REDIRECT] 
2026-05-05 22:50:03,534 [ERROR] LogOutputStream:75 - [STDERR_REDIRECT] [Fatal Error] :1:1: Premature end of file.
2026-05-05 22:50:03,534 [ERROR] LogOutputStream:75 - [STDERR_REDIRECT] 
2026-05-05 22:50:04,524 [ERROR] LogOutputStream:75 - [STDERR_REDIRECT] [Fatal Error] :1:1: Premature end of file.
2026-05-05 22:50:04,525 [ERROR] LogOutputStream:75 - [STDERR_REDIRECT] 
2026-05-05 22:50:05,523 [ERROR] LogOutputStream:75 - [STDERR_REDIRECT] [Fatal Error] :1:1: Premature end of file.
2026-05-05 22:50:05,525 [ERROR] LogOutputStream:75 - [STDERR_REDIRECT] 
2026-05-05 22:50:06,535 [ERROR] LogOutputStream:75 - [STDERR_REDIRECT] [Fatal Error] :1:1: Premature end of file.
2026-05-05 22:50:06,535 [ERROR] LogOutputStream:75 - [STDERR_REDIRECT] 
2026-05-05 22:50:07,531 [ERROR] LogOutputStream:75 - [STDERR_REDIRECT] [Fatal Error] :1:1: Premature end of file.
2026-05-05 22:50:07,532 [ERROR] LogOutputStream:75 - [STDERR_REDIRECT] 
2026-05-05 22:50:08,514 [ERROR] LogOutputStream:75 - [STDERR_REDIRECT] [Fatal Error] :1:1: Premature end of file.
2026-05-05 22:50:08,514 [ERROR] LogOutputStream:75 - [STDERR_REDIRECT] 
2026-05-05 22:50:09,515 [ERROR] LogOutputStream:75 - [STDERR_REDIRECT] [Fatal Error] :1:1: Premature end of file.
2026-05-05 22:50:09,515 [ERROR] LogOutputStream:75 - [STDERR_REDIRECT] 
2026-05-05 22:50:10,513 [ERROR] LogOutputStream:75 - [STDERR_REDIRECT] [Fatal Error] :1:1: Premature end of file.
2026-05-05 22:50:10,514 [ERROR] LogOutputStream:75 - [STDERR_REDIRECT] 
2026-05-05 22:50:11,545 [ERROR] LogOutputStream:75 - [STDERR_REDIRECT] [Fatal Error] :1:1: Premature end of file.
2026-05-05 22:50:11,545 [ERROR] LogOutputStream:75 - [STDERR_REDIRECT] 
2026-05-05 22:50:12,557 [ERROR] LogOutputStream:75 - [STDERR_REDIRECT] [Fatal Error] :1:1: Premature end of file.
2026-05-05 22:50:12,558 [ERROR] LogOutputStream:75 - [STDERR_REDIRECT] 
2026-05-05 22:50:13,551 [ERROR] LogOutputStream:75 - [STDERR_REDIRECT] [Fatal Error] :1:1: Premature end of file.
2026-05-05 22:50:13,551 [ERROR] LogOutputStream:75 - [STDERR_REDIRECT] 
2026-05-05 22:50:14,538 [ERROR] LogOutputStream:75 - [STDERR_REDIRECT] [Fatal Error] :1:1: Premature end of file.
2026-05-05 22:50:14,538 [ERROR] LogOutputStream:75 - [STDERR_REDIRECT] 
2026-05-05 22:50:15,522 [ERROR] LogOutputStream:75 - [STDERR_REDIRECT] [Fatal Error] :1:1: Premature end of file.
2026-05-05 22:50:15,522 [ERROR] LogOutputStream:75 - [STDERR_REDIRECT] 
2026-05-05 22:50:16,512 [ERROR] LogOutputStream:75 - [STDERR_REDIRECT] [Fatal Error] :1:1: Premature end of file.
2026-05-05 22:50:16,512 [ERROR] LogOutputStream:75 - [STDERR_REDIRECT] 
2026-05-05 22:50:17,531 [ERROR] LogOutputStream:75 - [STDERR_REDIRECT] [Fatal Error] :1:1: Premature end of file.
2026-05-05 22:50:17,533 [ERROR] LogOutputStream:75 - [STDERR_REDIRECT] 
2026-05-05 22:50:18,531 [ERROR] LogOutputStream:75 - [STDERR_REDIRECT] [Fatal Error] :1:1: Premature end of file.
2026-05-05 22:50:18,531 [ERROR] LogOutputStream:75 - [STDERR_REDIRECT] 
2026-05-05 22:50:19,534 [ERROR] LogOutputStream:75 - [STDERR_REDIRECT] [Fatal Error] :1:1: Premature end of file.
2026-05-05 22:50:19,535 [ERROR] LogOutputStream:75 - [STDERR_REDIRECT] 
2026-05-05 22:50:20,543 [ERROR] LogOutputStream:75 - [STDERR_REDIRECT] [Fatal Error] :1:1: Premature end of file.
2026-05-05 22:50:20,543 [ERROR] LogOutputStream:75 - [STDERR_REDIRECT] 
2026-05-05 22:50:21,530 [ERROR] LogOutputStream:75 - [STDERR_REDIRECT] [Fatal Error] :1:1: Premature end of file.
2026-05-05 22:50:21,530 [ERROR] LogOutputStream:75 - [STDERR_REDIRECT] 
2026-05-05 22:50:22,535 [ERROR] LogOutputStream:75 - [STDERR_REDIRECT] [Fatal Error] :1:1: Premature end of file.
2026-05-05 22:50:22,535 [ERROR] LogOutputStream:75 - [STDERR_REDIRECT] 
2026-05-05 22:50:23,535 [ERROR] LogOutputStream:75 - [STDERR_REDIRECT] [Fatal Error] :1:1: Premature end of file.
2026-05-05 22:50:23,535 [ERROR] LogOutputStream:75 - [STDERR_REDIRECT] 
2026-05-05 22:50:24,533 [ERROR] LogOutputStream:75 - [STDERR_REDIRECT] [Fatal Error] :1:1: Premature end of file.
2026-05-05 22:50:24,534 [ERROR] LogOutputStream:75 - [STDERR_REDIRECT] 
2026-05-05 22:50:25,533 [ERROR] LogOutputStream:75 - [STDERR_REDIRECT] [Fatal Error] :1:1: Premature end of file.
2026-05-05 22:50:25,533 [ERROR] LogOutputStream:75 - [STDERR_REDIRECT] 
2026-05-05 22:50:26,539 [ERROR] LogOutputStream:75 - [STDERR_REDIRECT] [Fatal Error] :1:1: Premature end of file.
2026-05-05 22:50:26,539 [ERROR] LogOutputStream:75 - [STDERR_REDIRECT] 
2026-05-05 22:50:27,521 [ERROR] LogOutputStream:75 - [STDERR_REDIRECT] [Fatal Error] :1:1: Premature end of file.
2026-05-05 22:50:27,522 [ERROR] LogOutputStream:75 - [STDERR_REDIRECT] 
2026-05-05 22:50:28,528 [ERROR] LogOutputStream:75 - [STDERR_REDIRECT] [Fatal Error] :1:1: Premature end of file.
2026-05-05 22:50:28,532 [ERROR] LogOutputStream:75 - [STDERR_REDIRECT] 
2026-05-05 22:50:29,536 [ERROR] LogOutputStream:75 - [STDERR_REDIRECT] [Fatal Error] :1:1: Premature end of file.
2026-05-05 22:50:29,536 [ERROR] LogOutputStream:75 - [STDERR_REDIRECT] 
2026-05-05 22:50:30,539 [ERROR] LogOutputStream:75 - [STDERR_REDIRECT] [Fatal Error] :1:1: Premature end of file.
2026-05-05 22:50:30,539 [ERROR] LogOutputStream:75 - [STDERR_REDIRECT] 
2026-05-05 22:50:31,566 [ERROR] LogOutputStream:75 - [STDERR_REDIRECT] [Fatal Error] :1:1: Premature end of file.
2026-05-05 22:50:31,568 [ERROR] LogOutputStream:75 - [STDERR_REDIRECT] 
2026-05-05 22:50:32,531 [ERROR] LogOutputStream:75 - [STDERR_REDIRECT] [Fatal Error] :1:1: Premature end of file.
2026-05-05 22:50:32,532 [ERROR] LogOutputStream:75 - [STDERR_REDIRECT] 
2026-05-05 22:50:33,556 [ERROR] LogOutputStream:75 - [STDERR_REDIRECT] [Fatal Error] :1:1: Premature end of file.
2026-05-05 22:50:33,556 [ERROR] LogOutputStream:75 - [STDERR_REDIRECT] 
2026-05-05 22:50:34,567 [ERROR] LogOutputStream:75 - [STDERR_REDIRECT] [Fatal Error] :1:1: Premature end of file.
2026-05-05 22:50:34,568 [ERROR] LogOutputStream:75 - [STDERR_REDIRECT] 
2026-05-05 22:50:35,590 [ERROR] LogOutputStream:75 - [STDERR_REDIRECT] [Fatal Error] :1:1: Premature end of file.
2026-05-05 22:50:35,591 [ERROR] LogOutputStream:75 - [STDERR_REDIRECT] 
2026-05-05 22:50:36,547 [ERROR] LogOutputStream:75 - [STDERR_REDIRECT] [Fatal Error] :1:1: Premature end of file.
2026-05-05 22:50:36,547 [ERROR] LogOutputStream:75 - [STDERR_REDIRECT] 
2026-05-05 22:50:37,549 [ERROR] LogOutputStream:75 - [STDERR_REDIRECT] [Fatal Error] :1:1: Premature end of file.
2026-05-05 22:50:37,549 [ERROR] LogOutputStream:75 - [STDERR_REDIRECT] 
2026-05-05 22:50:38,526 [ERROR] LogOutputStream:75 - [STDERR_REDIRECT] [Fatal Error] :1:1: Premature end of file.
2026-05-05 22:50:38,526 [ERROR] LogOutputStream:75 - [STDERR_REDIRECT] 
2026-05-05 22:50:39,536 [ERROR] LogOutputStream:75 - [STDERR_REDIRECT] [Fatal Error] :1:1: Premature end of file.
2026-05-05 22:50:39,536 [ERROR] LogOutputStream:75 - [STDERR_REDIRECT] 
2026-05-05 22:50:40,548 [ERROR] LogOutputStream:75 - [STDERR_REDIRECT] [Fatal Error] :1:1: Premature end of file.
2026-05-05 22:50:40,549 [ERROR] LogOutputStream:75 - [STDERR_REDIRECT] 
2026-05-05 22:50:41,533 [ERROR] LogOutputStream:75 - [STDERR_REDIRECT] [Fatal Error] :1:1: Premature end of file.
2026-05-05 22:50:41,533 [ERROR] LogOutputStream:75 - [STDERR_REDIRECT] 
2026-05-05 22:50:42,528 [ERROR] LogOutputStream:75 - [STDERR_REDIRECT] [Fatal Error] :1:1: Premature end of file.
2026-05-05 22:50:42,529 [ERROR] LogOutputStream:75 - [STDERR_REDIRECT] 
2026-05-05 22:50:43,525 [ERROR] LogOutputStream:75 - [STDERR_REDIRECT] [Fatal Error] :1:1: Premature end of file.
2026-05-05 22:50:43,527 [ERROR] LogOutputStream:75 - [STDERR_REDIRECT] 
2026-05-05 22:50:44,534 [ERROR] LogOutputStream:75 - [STDERR_REDIRECT] [Fatal Error] :1:1: Premature end of file.
2026-05-05 22:50:44,535 [ERROR] LogOutputStream:75 - [STDERR_REDIRECT] 
2026-05-05 22:50:45,526 [ERROR] LogOutputStream:75 - [STDERR_REDIRECT] [Fatal Error] :1:1: Premature end of file.
2026-05-05 22:50:45,526 [ERROR] LogOutputStream:75 - [STDERR_REDIRECT] 
2026-05-05 22:50:46,535 [ERROR] LogOutputStream:75 - [STDERR_REDIRECT] [Fatal Error] :1:1: Premature end of file.
2026-05-05 22:50:46,536 [ERROR] LogOutputStream:75 - [STDERR_REDIRECT] 
2026-05-05 22:50:47,531 [ERROR] LogOutputStream:75 - [STDERR_REDIRECT] [Fatal Error] :1:1: Premature end of file.
2026-05-05 22:50:47,531 [ERROR] LogOutputStream:75 - [STDERR_REDIRECT] 
2026-05-05 22:50:48,528 [ERROR] LogOutputStream:75 - [STDERR_REDIRECT] [Fatal Error] :1:1: Premature end of file.
2026-05-05 22:50:48,529 [ERROR] LogOutputStream:75 - [STDERR_REDIRECT] 
2026-05-05 22:50:49,562 [ERROR] LogOutputStream:75 - [STDERR_REDIRECT] [Fatal Error] :1:1: Premature end of file.
2026-05-05 22:50:49,563 [ERROR] LogOutputStream:75 - [STDERR_REDIRECT] 
2026-05-05 22:50:50,555 [ERROR] LogOutputStream:75 - [STDERR_REDIRECT] [Fatal Error] :1:1: Premature end of file.
2026-05-05 22:50:50,556 [ERROR] LogOutputStream:75 - [STDERR_REDIRECT] 
2026-05-05 22:50:51,515 [ERROR] LogOutputStream:75 - [STDERR_REDIRECT] [Fatal Error] :1:1: Premature end of file.
2026-05-05 22:50:51,516 [ERROR] LogOutputStream:75 - [STDERR_REDIRECT] 
2026-05-05 22:50:52,549 [ERROR] LogOutputStream:75 - [STDERR_REDIRECT] [Fatal Error] :1:1: Premature end of file.
2026-05-05 22:50:52,550 [ERROR] LogOutputStream:75 - [STDERR_REDIRECT] 
2026-05-05 22:50:53,526 [ERROR] LogOutputStream:75 - [STDERR_REDIRECT] [Fatal Error] :1:1: Premature end of file.
2026-05-05 22:50:53,527 [ERROR] LogOutputStream:75 - [STDERR_REDIRECT] 
2026-05-05 22:50:54,526 [ERROR] LogOutputStream:75 - [STDERR_REDIRECT] [Fatal Error] :1:1: Premature end of file.
2026-05-05 22:50:54,526 [ERROR] LogOutputStream:75 - [STDERR_REDIRECT] 
2026-05-05 22:50:55,529 [ERROR] LogOutputStream:75 - [STDERR_REDIRECT] [Fatal Error] :1:1: Premature end of file.
2026-05-05 22:50:55,530 [ERROR] LogOutputStream:75 - [STDERR_REDIRECT] 
2026-05-05 22:50:56,520 [ERROR] LogOutputStream:75 - [STDERR_REDIRECT] [Fatal Error] :1:1: Premature end of file.
2026-05-05 22:50:56,520 [ERROR] LogOutputStream:75 - [STDERR_REDIRECT] 
2026-05-05 22:50:57,538 [ERROR] LogOutputStream:75 - [STDERR_REDIRECT] [Fatal Error] :1:1: Premature end of file.
2026-05-05 22:50:57,538 [ERROR] LogOutputStream:75 - [STDERR_REDIRECT] 
2026-05-05 22:50:58,565 [ERROR] LogOutputStream:75 - [STDERR_REDIRECT] [Fatal Error] :1:1: Premature end of file.
2026-05-05 22:50:58,565 [ERROR] LogOutputStream:75 - [STDERR_REDIRECT] 
2026-05-05 22:50:59,557 [ERROR] LogOutputStream:75 - [STDERR_REDIRECT] [Fatal Error] :1:1: Premature end of file.
2026-05-05 22:50:59,558 [ERROR] LogOutputStream:75 - [STDERR_REDIRECT] 
2026-05-05 22:51:00,562 [ERROR] LogOutputStream:75 - [STDERR_REDIRECT] [Fatal Error] :1:1: Premature end of file.
2026-05-05 22:51:00,563 [ERROR] LogOutputStream:75 - [STDERR_REDIRECT] 
2026-05-05 22:51:01,571 [ERROR] LogOutputStream:75 - [STDERR_REDIRECT] [Fatal Error] :1:1: Premature end of file.
2026-05-05 22:51:01,572 [ERROR] LogOutputStream:75 - [STDERR_REDIRECT] 
2026-05-05 22:51:02,556 [ERROR] LogOutputStream:75 - [STDERR_REDIRECT] [Fatal Error] :1:1: Premature end of file.
2026-05-05 22:51:02,557 [ERROR] LogOutputStream:75 - [STDERR_REDIRECT] 
2026-05-05 22:51:03,569 [ERROR] LogOutputStream:75 - [STDERR_REDIRECT] [Fatal Error] :1:1: Premature end of file.
2026-05-05 22:51:03,569 [ERROR] LogOutputStream:75 - [STDERR_REDIRECT] 
2026-05-05 22:51:04,528 [ERROR] LogOutputStream:75 - [STDERR_REDIRECT] [Fatal Error] :1:1: Premature end of file.
2026-05-05 22:51:04,528 [ERROR] LogOutputStream:75 - [STDERR_REDIRECT] 
2026-05-05 22:51:05,575 [ERROR] LogOutputStream:75 - [STDERR_REDIRECT] [Fatal Error] :1:1: Premature end of file.
2026-05-05 22:51:05,577 [ERROR] LogOutputStream:75 - [STDERR_REDIRECT] 
2026-05-05 22:51:06,582 [ERROR] LogOutputStream:75 - [STDERR_REDIRECT] [Fatal Error] :1:1: Premature end of file.
2026-05-05 22:51:06,583 [ERROR] LogOutputStream:75 - [STDERR_REDIRECT] 
2026-05-05 22:51:07,584 [ERROR] LogOutputStream:75 - [STDERR_REDIRECT] [Fatal Error] :1:1: Premature end of file.
2026-05-05 22:51:07,584 [ERROR] LogOutputStream:75 - [STDERR_REDIRECT] 
2026-05-05 22:51:08,598 [ERROR] LogOutputStream:75 - [STDERR_REDIRECT] [Fatal Error] :1:1: Premature end of file.
2026-05-05 22:51:08,598 [ERROR] LogOutputStream:75 - [STDERR_REDIRECT] 
2026-05-05 22:51:09,532 [ERROR] LogOutputStream:75 - [STDERR_REDIRECT] [Fatal Error] :1:1: Premature end of file.
2026-05-05 22:51:09,532 [ERROR] LogOutputStream:75 - [STDERR_REDIRECT] 
2026-05-05 22:51:10,536 [ERROR] LogOutputStream:75 - [STDERR_REDIRECT] [Fatal Error] :1:1: Premature end of file.
2026-05-05 22:51:10,537 [ERROR] LogOutputStream:75 - [STDERR_REDIRECT] 
2026-05-05 22:51:11,557 [ERROR] LogOutputStream:75 - [STDERR_REDIRECT] [Fatal Error] :1:1: Premature end of file.
2026-05-05 22:51:11,558 [ERROR] LogOutputStream:75 - [STDERR_REDIRECT] 
2026-05-05 22:51:12,559 [ERROR] LogOutputStream:75 - [STDERR_REDIRECT] [Fatal Error] :1:1: Premature end of file.
2026-05-05 22:51:12,560 [ERROR] LogOutputStream:75 - [STDERR_REDIRECT] 
2026-05-05 22:51:13,581 [ERROR] LogOutputStream:75 - [STDERR_REDIRECT] [Fatal Error] :1:1: Premature end of file.
2026-05-05 22:51:13,582 [ERROR] LogOutputStream:75 - [STDERR_REDIRECT] 
2026-05-05 22:51:14,559 [ERROR] LogOutputStream:75 - [STDERR_REDIRECT] [Fatal Error] :1:1: Premature end of file.
2026-05-05 22:51:14,559 [ERROR] LogOutputStream:75 - [STDERR_REDIRECT] 
2026-05-05 22:51:15,548 [ERROR] LogOutputStream:75 - [STDERR_REDIRECT] [Fatal Error] :1:1: Premature end of file.
2026-05-05 22:51:15,549 [ERROR] LogOutputStream:75 - [STDERR_REDIRECT] 
2026-05-05 22:51:16,528 [ERROR] LogOutputStream:75 - [STDERR_REDIRECT] [Fatal Error] :1:1: Premature end of file.
2026-05-05 22:51:16,529 [ERROR] LogOutputStream:75 - [STDERR_REDIRECT] 
2026-05-05 22:51:17,548 [ERROR] LogOutputStream:75 - [STDERR_REDIRECT] [Fatal Error] :1:1: Premature end of file.
2026-05-05 22:51:17,549 [ERROR] LogOutputStream:75 - [STDERR_REDIRECT] 
2026-05-05 22:51:18,564 [ERROR] LogOutputStream:75 - [STDERR_REDIRECT] [Fatal Error] :1:1: Premature end of file.
2026-05-05 22:51:18,564 [ERROR] LogOutputStream:75 - [STDERR_REDIRECT] 
2026-05-05 22:51:19,565 [ERROR] LogOutputStream:75 - [STDERR_REDIRECT] [Fatal Error] :1:1: Premature end of file.
2026-05-05 22:51:19,565 [ERROR] LogOutputStream:75 - [STDERR_REDIRECT] 
2026-05-05 22:51:20,565 [ERROR] LogOutputStream:75 - [STDERR_REDIRECT] [Fatal Error] :1:1: Premature end of file.
2026-05-05 22:51:20,566 [ERROR] LogOutputStream:75 - [STDERR_REDIRECT] 
2026-05-05 22:51:21,570 [ERROR] LogOutputStream:75 - [STDERR_REDIRECT] [Fatal Error] :1:1: Premature end of file.
2026-05-05 22:51:21,571 [ERROR] LogOutputStream:75 - [STDERR_REDIRECT] 
2026-05-05 22:51:22,572 [ERROR] LogOutputStream:75 - [STDERR_REDIRECT] [Fatal Error] :1:1: Premature end of file.
2026-05-05 22:51:22,573 [ERROR] LogOutputStream:75 - [STDERR_REDIRECT] 
2026-05-05 22:51:23,573 [ERROR] LogOutputStream:75 - [STDERR_REDIRECT] [Fatal Error] :1:1: Premature end of file.
2026-05-05 22:51:23,574 [ERROR] LogOutputStream:75 - [STDERR_REDIRECT] 
2026-05-05 22:51:24,564 [ERROR] LogOutputStream:75 - [STDERR_REDIRECT] [Fatal Error] :1:1: Premature end of file.
2026-05-05 22:51:24,565 [ERROR] LogOutputStream:75 - [STDERR_REDIRECT] 
2026-05-05 22:51:25,588 [ERROR] LogOutputStream:75 - [STDERR_REDIRECT] [Fatal Error] :1:1: Premature end of file.
2026-05-05 22:51:25,589 [ERROR] LogOutputStream:75 - [STDERR_REDIRECT] 
2026-05-05 22:51:26,570 [ERROR] LogOutputStream:75 - [STDERR_REDIRECT] [Fatal Error] :1:1: Premature end of file.
2026-05-05 22:51:26,570 [ERROR] LogOutputStream:75 - [STDERR_REDIRECT] 
2026-05-05 22:51:27,569 [ERROR] LogOutputStream:75 - [STDERR_REDIRECT] [Fatal Error] :1:1: Premature end of file.
2026-05-05 22:51:27,570 [ERROR] LogOutputStream:75 - [STDERR_REDIRECT] 
2026-05-05 22:51:28,563 [ERROR] LogOutputStream:75 - [STDERR_REDIRECT] [Fatal Error] :1:1: Premature end of file.
2026-05-05 22:51:28,563 [ERROR] LogOutputStream:75 - [STDERR_REDIRECT] 
2026-05-05 22:51:29,542 [ERROR] LogOutputStream:75 - [STDERR_REDIRECT] [Fatal Error] :1:1: Premature end of file.
2026-05-05 22:51:29,542 [ERROR] LogOutputStream:75 - [STDERR_REDIRECT] 
2026-05-05 22:51:30,552 [ERROR] LogOutputStream:75 - [STDERR_REDIRECT] [Fatal Error] :1:1: Premature end of file.
2026-05-05 22:51:30,552 [ERROR] LogOutputStream:75 - [STDERR_REDIRECT] 
2026-05-05 22:51:31,549 [ERROR] LogOutputStream:75 - [STDERR_REDIRECT] [Fatal Error] :1:1: Premature end of file.
2026-05-05 22:51:31,550 [ERROR] LogOutputStream:75 - [STDERR_REDIRECT] 
2026-05-05 22:51:32,546 [ERROR] LogOutputStream:75 - [STDERR_REDIRECT] [Fatal Error] :1:1: Premature end of file.
2026-05-05 22:51:32,547 [ERROR] LogOutputStream:75 - [STDERR_REDIRECT] 
2026-05-05 22:51:33,571 [ERROR] LogOutputStream:75 - [STDERR_REDIRECT] [Fatal Error] :1:1: Premature end of file.
2026-05-05 22:51:33,571 [ERROR] LogOutputStream:75 - [STDERR_REDIRECT] 
2026-05-05 22:51:34,544 [ERROR] LogOutputStream:75 - [STDERR_REDIRECT] [Fatal Error] :1:1: Premature end of file.
2026-05-05 22:51:34,545 [ERROR] LogOutputStream:75 - [STDERR_REDIRECT] 
2026-05-05 22:51:35,543 [ERROR] LogOutputStream:75 - [STDERR_REDIRECT] [Fatal Error] :1:1: Premature end of file.
2026-05-05 22:51:35,543 [ERROR] LogOutputStream:75 - [STDERR_REDIRECT] 
2026-05-05 22:51:36,584 [ERROR] LogOutputStream:75 - [STDERR_REDIRECT] [Fatal Error] :1:1: Premature end of file.
2026-05-05 22:51:36,585 [ERROR] LogOutputStream:75 - [STDERR_REDIRECT] 
2026-05-05 22:51:37,547 [ERROR] LogOutputStream:75 - [STDERR_REDIRECT] [Fatal Error] :1:1: Premature end of file.
2026-05-05 22:51:37,547 [ERROR] LogOutputStream:75 - [STDERR_REDIRECT] 
2026-05-05 22:51:38,540 [ERROR] LogOutputStream:75 - [STDERR_REDIRECT] [Fatal Error] :1:1: Premature end of file.
2026-05-05 22:51:38,543 [ERROR] LogOutputStream:75 - [STDERR_REDIRECT] 
2026-05-05 22:51:39,572 [ERROR] LogOutputStream:75 - [STDERR_REDIRECT] [Fatal Error] :1:1: Premature end of file.
2026-05-05 22:51:39,573 [ERROR] LogOutputStream:75 - [STDERR_REDIRECT] 
2026-05-05 22:51:40,577 [ERROR] LogOutputStream:75 - [STDERR_REDIRECT] [Fatal Error] :1:1: Premature end of file.
2026-05-05 22:51:40,577 [ERROR] LogOutputStream:75 - [STDERR_REDIRECT] 
2026-05-05 22:51:41,576 [ERROR] LogOutputStream:75 - [STDERR_REDIRECT] [Fatal Error] :1:1: Premature end of file.
2026-05-05 22:51:41,576 [ERROR] LogOutputStream:75 - [STDERR_REDIRECT] 
2026-05-05 22:51:42,554 [ERROR] LogOutputStream:75 - [STDERR_REDIRECT] [Fatal Error] :1:1: Premature end of file.
2026-05-05 22:51:42,554 [ERROR] LogOutputStream:75 - [STDERR_REDIRECT] 
2026-05-05 22:51:43,556 [ERROR] LogOutputStream:75 - [STDERR_REDIRECT] [Fatal Error] :1:1: Premature end of file.
2026-05-05 22:51:43,557 [ERROR] LogOutputStream:75 - [STDERR_REDIRECT] 
2026-05-05 22:51:44,556 [ERROR] LogOutputStream:75 - [STDERR_REDIRECT] [Fatal Error] :1:1: Premature end of file.
2026-05-05 22:51:44,558 [ERROR] LogOutputStream:75 - [STDERR_REDIRECT] 
2026-05-05 22:51:45,735 [ERROR] LogOutputStream:75 - [STDERR_REDIRECT] [Fatal Error] :1:1: Premature end of file.
2026-05-05 22:51:45,735 [ERROR] LogOutputStream:75 - [STDERR_REDIRECT] 
2026-05-05 22:51:46,570 [ERROR] LogOutputStream:75 - [STDERR_REDIRECT] [Fatal Error] :1:1: Premature end of file.
2026-05-05 22:51:46,573 [ERROR] LogOutputStream:75 - [STDERR_REDIRECT] 
2026-05-05 22:51:47,585 [ERROR] LogOutputStream:75 - [STDERR_REDIRECT] [Fatal Error] :1:1: Premature end of file.
2026-05-05 22:51:47,585 [ERROR] LogOutputStream:75 - [STDERR_REDIRECT] 
2026-05-05 22:51:48,558 [ERROR] LogOutputStream:75 - [STDERR_REDIRECT] [Fatal Error] :1:1: Premature end of file.
2026-05-05 22:51:48,559 [ERROR] LogOutputStream:75 - [STDERR_REDIRECT] 
2026-05-05 22:51:49,568 [ERROR] LogOutputStream:75 - [STDERR_REDIRECT] [Fatal Error] :1:1: Premature end of file.
2026-05-05 22:51:49,568 [ERROR] LogOutputStream:75 - [STDERR_REDIRECT] 
2026-05-05 22:51:50,553 [ERROR] LogOutputStream:75 - [STDERR_REDIRECT] [Fatal Error] :1:1: Premature end of file.
2026-05-05 22:51:50,554 [ERROR] LogOutputStream:75 - [STDERR_REDIRECT] 
2026-05-05 22:51:51,547 [ERROR] LogOutputStream:75 - [STDERR_REDIRECT] [Fatal Error] :1:1: Premature end of file.
2026-05-05 22:51:51,554 [ERROR] LogOutputStream:75 - [STDERR_REDIRECT] 
2026-05-05 22:51:52,553 [ERROR] LogOutputStream:75 - [STDERR_REDIRECT] [Fatal Error] :1:1: Premature end of file.
2026-05-05 22:51:52,553 [ERROR] LogOutputStream:75 - [STDERR_REDIRECT] 
2026-05-05 22:51:53,543 [ERROR] LogOutputStream:75 - [STDERR_REDIRECT] [Fatal Error] :1:1: Premature end of file.
2026-05-05 22:51:53,544 [ERROR] LogOutputStream:75 - [STDERR_REDIRECT] 
2026-05-05 22:51:55,625 [ERROR] LogOutputStream:75 - [STDERR_REDIRECT] [Fatal Error] :1:1: Premature end of file.
2026-05-05 22:51:55,627 [ERROR] LogOutputStream:75 - [STDERR_REDIRECT] 
2026-05-05 22:51:55,749 [ERROR] LogOutputStream:75 - [STDERR_REDIRECT] [Fatal Error] :1:1: Premature end of file.
2026-05-05 22:51:55,750 [ERROR] LogOutputStream:75 - [STDERR_REDIRECT] 
2026-05-05 22:56:17,171 [ERROR] LogOutputStream:75 - [STDERR_REDIRECT] [Fatal Error] :1:1: Premature end of file.
2026-05-05 22:56:17,172 [ERROR] LogOutputStream:75 - [STDERR_REDIRECT] 
2026-05-05 22:56:17,341 [ERROR] LogOutputStream:75 - [STDERR_REDIRECT] [Fatal Error] :1:1: Premature end of file.
2026-05-05 22:56:17,341 [ERROR] LogOutputStream:75 - [STDERR_REDIRECT] 
2026-05-05 22:56:17,491 [ERROR] LogOutputStream:75 - [STDERR_REDIRECT] [Fatal Error] :1:1: Premature end of file.
2026-05-05 22:56:17,491 [ERROR] LogOutputStream:75 - [STDERR_REDIRECT] 
2026-05-05 22:56:17,615 [ERROR] LogOutputStream:75 - [STDERR_REDIRECT] [Fatal Error] :1:1: Premature end of file.
2026-05-05 22:56:17,616 [ERROR] LogOutputStream:75 - [STDERR_REDIRECT] 
2026-05-05 22:56:17,725 [ERROR] LogOutputStream:75 - [STDERR_REDIRECT] [Fatal Error] :1:1: Premature end of file.
2026-05-05 22:56:17,726 [ERROR] LogOutputStream:75 - [STDERR_REDIRECT] 
2026-05-05 22:56:17,831 [ERROR] LogOutputStream:75 - [STDERR_REDIRECT] [Fatal Error] :1:1: Premature end of file.
2026-05-05 22:56:17,831 [ERROR] LogOutputStream:75 - [STDERR_REDIRECT] 
2026-05-05 22:56:17,925 [ERROR] LogOutputStream:75 - [STDERR_REDIRECT] [Fatal Error] :1:1: Premature end of file.
2026-05-05 22:56:17,925 [ERROR] LogOutputStream:75 - [STDERR_REDIRECT] 
2026-05-05 22:56:17,979 [ERROR] LogOutputStream:75 - [STDERR_REDIRECT] [Fatal Error] :1:1: Premature end of file.
2026-05-05 22:56:17,979 [ERROR] LogOutputStream:75 - [STDERR_REDIRECT] 
2026-05-05 22:56:18,040 [ERROR] LogOutputStream:75 - [STDERR_REDIRECT] [Fatal Error] :1:1: Premature end of file.
2026-05-05 22:56:18,040 [ERROR] LogOutputStream:75 - [STDERR_REDIRECT] 
2026-05-05 22:56:18,201 [ERROR] LogOutputStream:75 - [STDERR_REDIRECT] [Fatal Error] :1:1: Premature end of file.
2026-05-05 22:56:18,201 [ERROR] LogOutputStream:75 - [STDERR_REDIRECT] 
2026-05-05 22:56:18,416 [ERROR] LogOutputStream:75 - [STDERR_REDIRECT] [Fatal Error] :1:1: Premature end of file.
2026-05-05 22:56:18,417 [ERROR] LogOutputStream:75 - [STDERR_REDIRECT] 
2026-05-05 22:56:18,570 [ERROR] LogOutputStream:75 - [STDERR_REDIRECT] [Fatal Error] :1:1: Premature end of file.
2026-05-05 22:56:18,570 [ERROR] LogOutputStream:75 - [STDERR_REDIRECT] 
2026-05-05 22:56:18,755 [ERROR] LogOutputStream:75 - [STDERR_REDIRECT] [Fatal Error] :1:1: Premature end of file.
2026-05-05 22:56:18,755 [ERROR] LogOutputStream:75 - [STDERR_REDIRECT] 
2026-05-05 22:56:18,891 [ERROR] LogOutputStream:75 - [STDERR_REDIRECT] [Fatal Error] :1:1: Premature end of file.
2026-05-05 22:56:18,896 [ERROR] LogOutputStream:75 - [STDERR_REDIRECT] 
2026-05-05 22:56:19,283 [ERROR] LogOutputStream:75 - [STDERR_REDIRECT] [Fatal Error] :1:1: Premature end of file.
2026-05-05 22:56:19,333 [ERROR] LogOutputStream:75 - [STDERR_REDIRECT] 
2026-05-05 22:56:19,573 [ERROR] LogOutputStream:75 - [STDERR_REDIRECT] [Fatal Error] :1:1: Premature end of file.
2026-05-05 22:56:19,581 [ERROR] LogOutputStream:75 - [STDERR_REDIRECT] 
2026-05-05 22:56:19,651 [ERROR] LogOutputStream:75 - [STDERR_REDIRECT] [Fatal Error] :1:1: Premature end of file.
2026-05-05 22:56:19,652 [ERROR] LogOutputStream:75 - [STDERR_REDIRECT] 
2026-05-05 22:56:19,725 [ERROR] LogOutputStream:75 - [STDERR_REDIRECT] [Fatal Error] :1:1: Premature end of file.
2026-05-05 22:56:19,725 [ERROR] LogOutputStream:75 - [STDERR_REDIRECT] 
2026-05-05 22:56:19,791 [ERROR] LogOutputStream:75 - [STDERR_REDIRECT] [Fatal Error] :1:1: Premature end of file.
2026-05-05 22:56:19,792 [ERROR] LogOutputStream:75 - [STDERR_REDIRECT] 
2026-05-05 22:56:19,860 [ERROR] LogOutputStream:75 - [STDERR_REDIRECT] [Fatal Error] :1:1: Premature end of file.
2026-05-05 22:56:19,861 [ERROR] LogOutputStream:75 - [STDERR_REDIRECT] 
2026-05-05 22:56:19,948 [ERROR] LogOutputStream:75 - [STDERR_REDIRECT] [Fatal Error] :1:1: Premature end of file.
2026-05-05 22:56:19,949 [ERROR] LogOutputStream:75 - [STDERR_REDIRECT] 
2026-05-05 22:56:20,009 [ERROR] LogOutputStream:75 - [STDERR_REDIRECT] [Fatal Error] :1:1: Premature end of file.
2026-05-05 22:56:20,012 [ERROR] LogOutputStream:75 - [STDERR_REDIRECT] 
2026-05-05 22:56:20,099 [ERROR] LogOutputStream:75 - [STDERR_REDIRECT] [Fatal Error] :1:1: Premature end of file.
2026-05-05 22:56:20,099 [ERROR] LogOutputStream:75 - [STDERR_REDIRECT] 
2026-05-05 22:56:20,278 [ERROR] LogOutputStream:75 - [STDERR_REDIRECT] [Fatal Error] :1:1: Premature end of file.
2026-05-05 22:56:20,280 [ERROR] LogOutputStream:75 - [STDERR_REDIRECT] 
2026-05-05 22:56:20,605 [ERROR] LogOutputStream:75 - [STDERR_REDIRECT] [Fatal Error] :1:1: Premature end of file.
2026-05-05 22:56:20,606 [ERROR] LogOutputStream:75 - [STDERR_REDIRECT] 
2026-05-05 22:56:20,986 [ERROR] LogOutputStream:75 - [STDERR_REDIRECT] [Fatal Error] :1:1: Premature end of file.
2026-05-05 22:56:20,995 [ERROR] LogOutputStream:75 - [STDERR_REDIRECT] 
2026-05-05 22:56:21,462 [ERROR] LogOutputStream:75 - [STDERR_REDIRECT] [Fatal Error] :1:1: Premature end of file.
2026-05-05 22:56:21,463 [ERROR] LogOutputStream:75 - [STDERR_REDIRECT] 
2026-05-05 22:56:21,921 [ERROR] LogOutputStream:75 - [STDERR_REDIRECT] [Fatal Error] :1:1: Premature end of file.
2026-05-05 22:56:21,922 [ERROR] LogOutputStream:75 - [STDERR_REDIRECT] 
2026-05-05 22:56:22,055 [ERROR] LogOutputStream:75 - [STDERR_REDIRECT] [Fatal Error] :1:1: Premature end of file.
2026-05-05 22:56:22,056 [ERROR] LogOutputStream:75 - [STDERR_REDIRECT] 
2026-05-05 22:56:22,585 [ERROR] LogOutputStream:75 - [STDERR_REDIRECT] [Fatal Error] :1:1: Premature end of file.
2026-05-05 22:56:22,589 [ERROR] LogOutputStream:75 - [STDERR_REDIRECT] 
2026-05-05 22:56:22,751 [ERROR] LogOutputStream:75 - [STDERR_REDIRECT] [Fatal Error] :1:1: Premature end of file.
2026-05-05 22:56:22,762 [ERROR] LogOutputStream:75 - [STDERR_REDIRECT] 
2026-05-05 22:56:22,904 [ERROR] LogOutputStream:75 - [STDERR_REDIRECT] [Fatal Error] :1:1: Premature end of file.
2026-05-05 22:56:22,904 [ERROR] LogOutputStream:75 - [STDERR_REDIRECT] 
2026-05-05 22:56:23,105 [ERROR] LogOutputStream:75 - [STDERR_REDIRECT] [Fatal Error] :1:1: Premature end of file.
2026-05-05 22:56:23,105 [ERROR] LogOutputStream:75 - [STDERR_REDIRECT] 
2026-05-05 22:56:23,326 [ERROR] LogOutputStream:75 - [STDERR_REDIRECT] [Fatal Error] :1:1: Premature end of file.
2026-05-05 22:56:23,327 [ERROR] LogOutputStream:75 - [STDERR_REDIRECT] 
2026-05-05 22:56:23,520 [ERROR] LogOutputStream:75 - [STDERR_REDIRECT] [Fatal Error] :1:1: Premature end of file.
2026-05-05 22:56:23,521 [ERROR] LogOutputStream:75 - [STDERR_REDIRECT] 
2026-05-05 22:56:23,758 [ERROR] LogOutputStream:75 - [STDERR_REDIRECT] [Fatal Error] :1:1: Premature end of file.
2026-05-05 22:56:23,783 [ERROR] LogOutputStream:75 - [STDERR_REDIRECT] 
2026-05-05 22:56:24,048 [ERROR] LogOutputStream:75 - [STDERR_REDIRECT] [Fatal Error] :1:1: Premature end of file.
2026-05-05 22:56:24,049 [ERROR] LogOutputStream:75 - [STDERR_REDIRECT] 
2026-05-05 22:56:24,341 [ERROR] LogOutputStream:75 - [STDERR_REDIRECT] [Fatal Error] :1:1: Premature end of file.
2026-05-05 22:56:24,355 [ERROR] LogOutputStream:75 - [STDERR_REDIRECT] 
2026-05-05 22:56:25,479 [ERROR] LogOutputStream:75 - [STDERR_REDIRECT] [Fatal Error] :1:1: Premature end of file.
2026-05-05 22:56:25,479 [ERROR] LogOutputStream:75 - [STDERR_REDIRECT] 
2026-05-05 22:56:25,769 [ERROR] LogOutputStream:75 - [STDERR_REDIRECT] [Fatal Error] :1:1: Premature end of file.
2026-05-05 22:56:25,772 [ERROR] LogOutputStream:75 - [STDERR_REDIRECT] 
2026-05-05 22:56:25,964 [ERROR] LogOutputStream:75 - [STDERR_REDIRECT] [Fatal Error] :1:1: Premature end of file.
2026-05-05 22:56:25,964 [ERROR] LogOutputStream:75 - [STDERR_REDIRECT] 
2026-05-05 22:56:26,069 [ERROR] LogOutputStream:75 - [STDERR_REDIRECT] [Fatal Error] :1:1: Premature end of file.
2026-05-05 22:56:26,070 [ERROR] LogOutputStream:75 - [STDERR_REDIRECT] 
2026-05-05 22:56:26,186 [ERROR] LogOutputStream:75 - [STDERR_REDIRECT] [Fatal Error] :1:1: Premature end of file.
2026-05-05 22:56:26,187 [ERROR] LogOutputStream:75 - [STDERR_REDIRECT] 
2026-05-05 22:56:26,313 [ERROR] LogOutputStream:75 - [STDERR_REDIRECT] [Fatal Error] :1:1: Premature end of file.
2026-05-05 22:56:26,319 [ERROR] LogOutputStream:75 - [STDERR_REDIRECT] 
2026-05-05 22:56:26,408 [ERROR] LogOutputStream:75 - [STDERR_REDIRECT] [Fatal Error] :1:1: Premature end of file.
2026-05-05 22:56:26,408 [ERROR] LogOutputStream:75 - [STDERR_REDIRECT] 
2026-05-05 22:56:26,519 [ERROR] LogOutputStream:75 - [STDERR_REDIRECT] [Fatal Error] :1:1: Premature end of file.
2026-05-05 22:56:26,520 [ERROR] LogOutputStream:75 - [STDERR_REDIRECT] 
2026-05-05 22:56:26,715 [ERROR] LogOutputStream:75 - [STDERR_REDIRECT] [Fatal Error] :1:1: Premature end of file.
2026-05-05 22:56:26,716 [ERROR] LogOutputStream:75 - [STDERR_REDIRECT] 
2026-05-05 22:56:26,910 [ERROR] LogOutputStream:75 - [STDERR_REDIRECT] [Fatal Error] :1:1: Premature end of file.
2026-05-05 22:56:27,143 [ERROR] LogOutputStream:75 - [STDERR_REDIRECT] 
2026-05-05 22:56:27,372 [ERROR] LogOutputStream:75 - [STDERR_REDIRECT] [Fatal Error] :1:1: Premature end of file.
2026-05-05 22:56:27,387 [ERROR] LogOutputStream:75 - [STDERR_REDIRECT] 
2026-05-05 22:56:27,575 [ERROR] LogOutputStream:75 - [STDERR_REDIRECT] [Fatal Error] :1:1: Premature end of file.
2026-05-05 22:56:27,575 [ERROR] LogOutputStream:75 - [STDERR_REDIRECT] 
2026-05-05 22:56:27,770 [ERROR] LogOutputStream:75 - [STDERR_REDIRECT] [Fatal Error] :1:1: Premature end of file.
2026-05-05 22:56:27,771 [ERROR] LogOutputStream:75 - [STDERR_REDIRECT] 
2026-05-05 22:56:27,923 [ERROR] LogOutputStream:75 - [STDERR_REDIRECT] [Fatal Error] :1:1: Premature end of file.
2026-05-05 22:56:27,923 [ERROR] LogOutputStream:75 - [STDERR_REDIRECT] 
2026-05-05 22:56:28,046 [ERROR] LogOutputStream:75 - [STDERR_REDIRECT] [Fatal Error] :1:1: Premature end of file.
2026-05-05 22:56:28,047 [ERROR] LogOutputStream:75 - [STDERR_REDIRECT] 
2026-05-05 22:56:28,202 [ERROR] LogOutputStream:75 - [STDERR_REDIRECT] [Fatal Error] :1:1: Premature end of file.
2026-05-05 22:56:28,202 [ERROR] LogOutputStream:75 - [STDERR_REDIRECT] 
2026-05-05 22:56:28,381 [ERROR] LogOutputStream:75 - [STDERR_REDIRECT] [Fatal Error] :1:1: Premature end of file.
2026-05-05 22:56:28,382 [ERROR] LogOutputStream:75 - [STDERR_REDIRECT] 
2026-05-05 22:56:28,621 [ERROR] LogOutputStream:75 - [STDERR_REDIRECT] [Fatal Error] :1:1: Premature end of file.
2026-05-05 22:56:28,622 [ERROR] LogOutputStream:75 - [STDERR_REDIRECT] 
2026-05-05 22:56:28,747 [ERROR] LogOutputStream:75 - [STDERR_REDIRECT] [Fatal Error] :1:1: Premature end of file.
2026-05-05 22:56:28,748 [ERROR] LogOutputStream:75 - [STDERR_REDIRECT] 
2026-05-05 22:56:28,843 [ERROR] LogOutputStream:75 - [STDERR_REDIRECT] [Fatal Error] :1:1: Premature end of file.
2026-05-05 22:56:28,844 [ERROR] LogOutputStream:75 - [STDERR_REDIRECT] 
2026-05-05 22:56:28,992 [ERROR] LogOutputStream:75 - [STDERR_REDIRECT] [Fatal Error] :1:1: Premature end of file.
2026-05-05 22:56:28,993 [ERROR] LogOutputStream:75 - [STDERR_REDIRECT] 
2026-05-05 22:56:29,213 [ERROR] LogOutputStream:75 - [STDERR_REDIRECT] [Fatal Error] :1:1: Premature end of file.
2026-05-05 22:56:29,226 [ERROR] LogOutputStream:75 - [STDERR_REDIRECT] 
2026-05-05 22:56:29,340 [ERROR] LogOutputStream:75 - [STDERR_REDIRECT] [Fatal Error] :1:1: Premature end of file.
2026-05-05 22:56:29,340 [ERROR] LogOutputStream:75 - [STDERR_REDIRECT] 
2026-05-05 22:56:29,429 [ERROR] LogOutputStream:75 - [STDERR_REDIRECT] [Fatal Error] :1:1: Premature end of file.
2026-05-05 22:56:29,429 [ERROR] LogOutputStream:75 - [STDERR_REDIRECT] 
2026-05-05 22:56:29,514 [ERROR] LogOutputStream:75 - [STDERR_REDIRECT] [Fatal Error] :1:1: Premature end of file.
2026-05-05 22:56:29,519 [ERROR] LogOutputStream:75 - [STDERR_REDIRECT] 
2026-05-05 22:56:29,622 [ERROR] LogOutputStream:75 - [STDERR_REDIRECT] [Fatal Error] :1:1: Premature end of file.
2026-05-05 22:56:29,625 [ERROR] LogOutputStream:75 - [STDERR_REDIRECT] 
2026-05-05 22:56:29,749 [ERROR] LogOutputStream:75 - [STDERR_REDIRECT] [Fatal Error] :1:1: Premature end of file.
2026-05-05 22:56:29,750 [ERROR] LogOutputStream:75 - [STDERR_REDIRECT] 
2026-05-05 22:56:29,838 [ERROR] LogOutputStream:75 - [STDERR_REDIRECT] [Fatal Error] :1:1: Premature end of file.
2026-05-05 22:56:29,839 [ERROR] LogOutputStream:75 - [STDERR_REDIRECT] 
2026-05-05 22:56:29,947 [ERROR] LogOutputStream:75 - [STDERR_REDIRECT] [Fatal Error] :1:1: Premature end of file.
2026-05-05 22:56:29,949 [ERROR] LogOutputStream:75 - [STDERR_REDIRECT] 
2026-05-05 22:56:30,022 [ERROR] LogOutputStream:75 - [STDERR_REDIRECT] [Fatal Error] :1:1: Premature end of file.
2026-05-05 22:56:30,029 [ERROR] LogOutputStream:75 - [STDERR_REDIRECT] 
2026-05-05 22:56:30,094 [ERROR] LogOutputStream:75 - [STDERR_REDIRECT] [Fatal Error] :1:1: Premature end of file.
2026-05-05 22:56:30,094 [ERROR] LogOutputStream:75 - [STDERR_REDIRECT] 
2026-05-05 22:56:30,203 [ERROR] LogOutputStream:75 - [STDERR_REDIRECT] [Fatal Error] :1:1: Premature end of file.
2026-05-05 22:56:30,204 [ERROR] LogOutputStream:75 - [STDERR_REDIRECT] 
2026-05-05 22:56:30,311 [ERROR] LogOutputStream:75 - [STDERR_REDIRECT] [Fatal Error] :1:1: Premature end of file.
2026-05-05 22:56:30,311 [ERROR] LogOutputStream:75 - [STDERR_REDIRECT] 
2026-05-05 22:56:30,436 [ERROR] LogOutputStream:75 - [STDERR_REDIRECT] [Fatal Error] :1:1: Premature end of file.
2026-05-05 22:56:30,436 [ERROR] LogOutputStream:75 - [STDERR_REDIRECT] 
2026-05-05 22:56:30,564 [ERROR] LogOutputStream:75 - [STDERR_REDIRECT] [Fatal Error] :1:1: Premature end of file.
2026-05-05 22:56:30,564 [ERROR] LogOutputStream:75 - [STDERR_REDIRECT] 
2026-05-05 22:56:30,683 [ERROR] LogOutputStream:75 - [STDERR_REDIRECT] [Fatal Error] :1:1: Premature end of file.
2026-05-05 22:56:30,683 [ERROR] LogOutputStream:75 - [STDERR_REDIRECT] 
2026-05-05 22:56:30,749 [ERROR] LogOutputStream:75 - [STDERR_REDIRECT] [Fatal Error] :1:1: Premature end of file.
2026-05-05 22:56:30,749 [ERROR] LogOutputStream:75 - [STDERR_REDIRECT] 
2026-05-05 22:56:30,864 [ERROR] LogOutputStream:75 - [STDERR_REDIRECT] [Fatal Error] :1:1: Premature end of file.
2026-05-05 22:56:30,865 [ERROR] LogOutputStream:75 - [STDERR_REDIRECT] 
2026-05-05 22:56:31,054 [ERROR] LogOutputStream:75 - [STDERR_REDIRECT] [Fatal Error] :1:1: Premature end of file.
2026-05-05 22:56:31,054 [ERROR] LogOutputStream:75 - [STDERR_REDIRECT] 
2026-05-05 22:56:31,171 [ERROR] LogOutputStream:75 - [STDERR_REDIRECT] [Fatal Error] :1:1: Premature end of file.
2026-05-05 22:56:31,171 [ERROR] LogOutputStream:75 - [STDERR_REDIRECT] 
2026-05-05 22:56:31,274 [ERROR] LogOutputStream:75 - [STDERR_REDIRECT] [Fatal Error] :1:1: Premature end of file.
2026-05-05 22:56:31,274 [ERROR] LogOutputStream:75 - [STDERR_REDIRECT] 
2026-05-05 22:56:31,344 [ERROR] LogOutputStream:75 - [STDERR_REDIRECT] [Fatal Error] :1:1: Premature end of file.
2026-05-05 22:56:31,344 [ERROR] LogOutputStream:75 - [STDERR_REDIRECT] 
2026-05-05 22:56:31,426 [ERROR] LogOutputStream:75 - [STDERR_REDIRECT] [Fatal Error] :1:1: Premature end of file.
2026-05-05 22:56:31,430 [ERROR] LogOutputStream:75 - [STDERR_REDIRECT] 
2026-05-05 22:56:31,571 [ERROR] LogOutputStream:75 - [STDERR_REDIRECT] [Fatal Error] :1:1: Premature end of file.
2026-05-05 22:56:31,574 [ERROR] LogOutputStream:75 - [STDERR_REDIRECT] 
2026-05-05 22:56:31,671 [ERROR] LogOutputStream:75 - [STDERR_REDIRECT] [Fatal Error] :1:1: Premature end of file.
2026-05-05 22:56:31,672 [ERROR] LogOutputStream:75 - [STDERR_REDIRECT] 
2026-05-05 22:56:31,771 [ERROR] LogOutputStream:75 - [STDERR_REDIRECT] [Fatal Error] :1:1: Premature end of file.
2026-05-05 22:56:31,771 [ERROR] LogOutputStream:75 - [STDERR_REDIRECT] 
2026-05-05 22:56:31,882 [ERROR] LogOutputStream:75 - [STDERR_REDIRECT] [Fatal Error] :1:1: Premature end of file.
2026-05-05 22:56:31,882 [ERROR] LogOutputStream:75 - [STDERR_REDIRECT] 
2026-05-05 22:56:32,000 [ERROR] LogOutputStream:75 - [STDERR_REDIRECT] [Fatal Error] :1:1: Premature end of file.
2026-05-05 22:56:32,004 [ERROR] LogOutputStream:75 - [STDERR_REDIRECT] 
2026-05-05 22:56:32,109 [ERROR] LogOutputStream:75 - [STDERR_REDIRECT] [Fatal Error] :1:1: Premature end of file.
2026-05-05 22:56:32,110 [ERROR] LogOutputStream:75 - [STDERR_REDIRECT] 
2026-05-05 22:56:32,248 [ERROR] LogOutputStream:75 - [STDERR_REDIRECT] [Fatal Error] :1:1: Premature end of file.
2026-05-05 22:56:32,248 [ERROR] LogOutputStream:75 - [STDERR_REDIRECT] 
2026-05-05 22:56:32,351 [ERROR] LogOutputStream:75 - [STDERR_REDIRECT] [Fatal Error] :1:1: Premature end of file.
2026-05-05 22:56:32,352 [ERROR] LogOutputStream:75 - [STDERR_REDIRECT] 
2026-05-05 22:56:32,825 [ERROR] LogOutputStream:75 - [STDERR_REDIRECT] [Fatal Error] :1:1: Premature end of file.
2026-05-05 22:56:32,825 [ERROR] LogOutputStream:75 - [STDERR_REDIRECT] 
2026-05-05 22:56:33,083 [ERROR] LogOutputStream:75 - [STDERR_REDIRECT] [Fatal Error] :1:1: Premature end of file.
2026-05-05 22:56:33,088 [ERROR] LogOutputStream:75 - [STDERR_REDIRECT] 
2026-05-05 22:56:33,205 [ERROR] LogOutputStream:75 - [STDERR_REDIRECT] [Fatal Error] :1:1: Premature end of file.
2026-05-05 22:56:33,209 [ERROR] LogOutputStream:75 - [STDERR_REDIRECT] 
2026-05-05 22:56:33,342 [ERROR] LogOutputStream:75 - [STDERR_REDIRECT] [Fatal Error] :1:1: Premature end of file.
2026-05-05 22:56:33,345 [ERROR] LogOutputStream:75 - [STDERR_REDIRECT] 
2026-05-05 22:56:33,457 [ERROR] LogOutputStream:75 - [STDERR_REDIRECT] [Fatal Error] :1:1: Premature end of file.
2026-05-05 22:56:33,457 [ERROR] LogOutputStream:75 - [STDERR_REDIRECT] 
2026-05-05 22:56:33,554 [ERROR] LogOutputStream:75 - [STDERR_REDIRECT] [Fatal Error] :1:1: Premature end of file.
2026-05-05 22:56:33,554 [ERROR] LogOutputStream:75 - [STDERR_REDIRECT] 
2026-05-05 22:56:33,645 [ERROR] LogOutputStream:75 - [STDERR_REDIRECT] [Fatal Error] :1:1: Premature end of file.
2026-05-05 22:56:33,645 [ERROR] LogOutputStream:75 - [STDERR_REDIRECT] 
2026-05-05 22:56:33,741 [ERROR] LogOutputStream:75 - [STDERR_REDIRECT] [Fatal Error] :1:1: Premature end of file.
2026-05-05 22:56:33,748 [ERROR] LogOutputStream:75 - [STDERR_REDIRECT] 
2026-05-05 22:56:33,853 [ERROR] LogOutputStream:75 - [STDERR_REDIRECT] [Fatal Error] :1:1: Premature end of file.
2026-05-05 22:56:33,854 [ERROR] LogOutputStream:75 - [STDERR_REDIRECT] 
2026-05-05 22:56:33,944 [ERROR] LogOutputStream:75 - [STDERR_REDIRECT] [Fatal Error] :1:1: Premature end of file.
2026-05-05 22:56:33,949 [ERROR] LogOutputStream:75 - [STDERR_REDIRECT] 
2026-05-05 22:56:34,034 [ERROR] LogOutputStream:75 - [STDERR_REDIRECT] [Fatal Error] :1:1: Premature end of file.
2026-05-05 22:56:34,035 [ERROR] LogOutputStream:75 - [STDERR_REDIRECT] 
2026-05-05 22:56:34,137 [ERROR] LogOutputStream:75 - [STDERR_REDIRECT] [Fatal Error] :1:1: Premature end of file.
2026-05-05 22:56:34,138 [ERROR] LogOutputStream:75 - [STDERR_REDIRECT] 
2026-05-05 22:56:34,241 [ERROR] LogOutputStream:75 - [STDERR_REDIRECT] [Fatal Error] :1:1: Premature end of file.
2026-05-05 22:56:34,242 [ERROR] LogOutputStream:75 - [STDERR_REDIRECT] 
2026-05-05 22:56:34,359 [ERROR] LogOutputStream:75 - [STDERR_REDIRECT] [Fatal Error] :1:1: Premature end of file.
2026-05-05 22:56:34,360 [ERROR] LogOutputStream:75 - [STDERR_REDIRECT] 
2026-05-05 22:56:34,454 [ERROR] LogOutputStream:75 - [STDERR_REDIRECT] [Fatal Error] :1:1: Premature end of file.
2026-05-05 22:56:34,455 [ERROR] LogOutputStream:75 - [STDERR_REDIRECT] 
2026-05-05 22:56:34,561 [ERROR] LogOutputStream:75 - [STDERR_REDIRECT] [Fatal Error] :1:1: Premature end of file.
2026-05-05 22:56:34,562 [ERROR] LogOutputStream:75 - [STDERR_REDIRECT] 
2026-05-05 22:56:34,666 [ERROR] LogOutputStream:75 - [STDERR_REDIRECT] [Fatal Error] :1:1: Premature end of file.
2026-05-05 22:56:34,667 [ERROR] LogOutputStream:75 - [STDERR_REDIRECT] 
2026-05-05 22:56:34,774 [ERROR] LogOutputStream:75 - [STDERR_REDIRECT] [Fatal Error] :1:1: Premature end of file.
2026-05-05 22:56:34,775 [ERROR] LogOutputStream:75 - [STDERR_REDIRECT] 
2026-05-05 22:56:34,888 [ERROR] LogOutputStream:75 - [STDERR_REDIRECT] [Fatal Error] :1:1: Premature end of file.
2026-05-05 22:56:34,888 [ERROR] LogOutputStream:75 - [STDERR_REDIRECT] 
2026-05-05 22:56:35,042 [ERROR] LogOutputStream:75 - [STDERR_REDIRECT] [Fatal Error] :1:1: Premature end of file.
2026-05-05 22:56:35,048 [ERROR] LogOutputStream:75 - [STDERR_REDIRECT] 
2026-05-05 22:56:35,208 [ERROR] LogOutputStream:75 - [STDERR_REDIRECT] [Fatal Error] :1:1: Premature end of file.
2026-05-05 22:56:35,208 [ERROR] LogOutputStream:75 - [STDERR_REDIRECT] 
2026-05-05 22:56:35,353 [ERROR] LogOutputStream:75 - [STDERR_REDIRECT] [Fatal Error] :1:1: Premature end of file.
2026-05-05 22:56:35,357 [ERROR] LogOutputStream:75 - [STDERR_REDIRECT] 
2026-05-05 22:56:35,461 [ERROR] LogOutputStream:75 - [STDERR_REDIRECT] [Fatal Error] :1:1: Premature end of file.
2026-05-05 22:56:35,461 [ERROR] LogOutputStream:75 - [STDERR_REDIRECT] 
2026-05-05 22:56:35,512 [ERROR] LogOutputStream:75 - [STDERR_REDIRECT] [Fatal Error] :1:1: Premature end of file.
2026-05-05 22:56:35,513 [ERROR] LogOutputStream:75 - [STDERR_REDIRECT] 
2026-05-05 22:56:35,579 [ERROR] LogOutputStream:75 - [STDERR_REDIRECT] [Fatal Error] :1:1: Premature end of file.
2026-05-05 22:56:35,580 [ERROR] LogOutputStream:75 - [STDERR_REDIRECT] 
2026-05-05 22:56:35,631 [ERROR] LogOutputStream:75 - [STDERR_REDIRECT] [Fatal Error] :1:1: Premature end of file.
2026-05-05 22:56:35,631 [ERROR] LogOutputStream:75 - [STDERR_REDIRECT] 
2026-05-05 22:56:35,700 [ERROR] LogOutputStream:75 - [STDERR_REDIRECT] [Fatal Error] :1:1: Premature end of file.
2026-05-05 22:56:35,700 [ERROR] LogOutputStream:75 - [STDERR_REDIRECT] 
2026-05-05 22:56:35,775 [ERROR] LogOutputStream:75 - [STDERR_REDIRECT] [Fatal Error] :1:1: Premature end of file.
2026-05-05 22:56:35,776 [ERROR] LogOutputStream:75 - [STDERR_REDIRECT] 
2026-05-05 22:56:35,866 [ERROR] LogOutputStream:75 - [STDERR_REDIRECT] [Fatal Error] :1:1: Premature end of file.
2026-05-05 22:56:35,867 [ERROR] LogOutputStream:75 - [STDERR_REDIRECT] 
2026-05-05 22:56:35,942 [ERROR] LogOutputStream:75 - [STDERR_REDIRECT] [Fatal Error] :1:1: Premature end of file.
2026-05-05 22:56:35,943 [ERROR] LogOutputStream:75 - [STDERR_REDIRECT] 
2026-05-05 22:56:36,082 [ERROR] LogOutputStream:75 - [STDERR_REDIRECT] [Fatal Error] :1:1: Premature end of file.
2026-05-05 22:56:36,085 [ERROR] LogOutputStream:75 - [STDERR_REDIRECT] 
2026-05-05 22:56:36,152 [ERROR] LogOutputStream:75 - [STDERR_REDIRECT] [Fatal Error] :1:1: Premature end of file.
2026-05-05 22:56:36,153 [ERROR] LogOutputStream:75 - [STDERR_REDIRECT] 
2026-05-05 22:56:36,214 [ERROR] LogOutputStream:75 - [STDERR_REDIRECT] [Fatal Error] :1:1: Premature end of file.
2026-05-05 22:56:36,214 [ERROR] LogOutputStream:75 - [STDERR_REDIRECT] 
2026-05-05 22:56:36,298 [ERROR] LogOutputStream:75 - [STDERR_REDIRECT] [Fatal Error] :1:1: Premature end of file.
2026-05-05 22:56:36,309 [ERROR] LogOutputStream:75 - [STDERR_REDIRECT] 
2026-05-05 22:56:36,470 [ERROR] LogOutputStream:75 - [STDERR_REDIRECT] [Fatal Error] :1:1: Premature end of file.
2026-05-05 22:56:36,470 [ERROR] LogOutputStream:75 - [STDERR_REDIRECT] 
2026-05-05 22:56:36,534 [ERROR] LogOutputStream:75 - [STDERR_REDIRECT] [Fatal Error] :1:1: Premature end of file.
2026-05-05 22:56:36,538 [ERROR] LogOutputStream:75 - [STDERR_REDIRECT] 
2026-05-05 22:56:36,601 [ERROR] LogOutputStream:75 - [STDERR_REDIRECT] [Fatal Error] :1:1: Premature end of file.
2026-05-05 22:56:36,602 [ERROR] LogOutputStream:75 - [STDERR_REDIRECT] 
2026-05-05 22:56:36,672 [ERROR] LogOutputStream:75 - [STDERR_REDIRECT] [Fatal Error] :1:1: Premature end of file.
2026-05-05 22:56:36,673 [ERROR] LogOutputStream:75 - [STDERR_REDIRECT] 
2026-05-05 22:56:36,733 [ERROR] LogOutputStream:75 - [STDERR_REDIRECT] [Fatal Error] :1:1: Premature end of file.
2026-05-05 22:56:36,734 [ERROR] LogOutputStream:75 - [STDERR_REDIRECT] 
2026-05-05 22:56:36,804 [ERROR] LogOutputStream:75 - [STDERR_REDIRECT] [Fatal Error] :1:1: Premature end of file.
2026-05-05 22:56:36,804 [ERROR] LogOutputStream:75 - [STDERR_REDIRECT] 
2026-05-05 22:56:36,874 [ERROR] LogOutputStream:75 - [STDERR_REDIRECT] [Fatal Error] :1:1: Premature end of file.
2026-05-05 22:56:36,874 [ERROR] LogOutputStream:75 - [STDERR_REDIRECT] 
2026-05-05 22:56:36,951 [ERROR] LogOutputStream:75 - [STDERR_REDIRECT] [Fatal Error] :1:1: Premature end of file.
2026-05-05 22:56:36,955 [ERROR] LogOutputStream:75 - [STDERR_REDIRECT] 
2026-05-05 22:56:37,026 [ERROR] LogOutputStream:75 - [STDERR_REDIRECT] [Fatal Error] :1:1: Premature end of file.
2026-05-05 22:56:37,027 [ERROR] LogOutputStream:75 - [STDERR_REDIRECT] 
2026-05-05 22:56:37,100 [ERROR] LogOutputStream:75 - [STDERR_REDIRECT] [Fatal Error] :1:1: Premature end of file.
2026-05-05 22:56:37,102 [ERROR] LogOutputStream:75 - [STDERR_REDIRECT] 
2026-05-05 22:56:37,178 [ERROR] LogOutputStream:75 - [STDERR_REDIRECT] [Fatal Error] :1:1: Premature end of file.
2026-05-05 22:56:37,180 [ERROR] LogOutputStream:75 - [STDERR_REDIRECT] 
2026-05-05 22:56:37,255 [ERROR] LogOutputStream:75 - [STDERR_REDIRECT] [Fatal Error] :1:1: Premature end of file.
2026-05-05 22:56:37,256 [ERROR] LogOutputStream:75 - [STDERR_REDIRECT] 
2026-05-05 22:56:37,333 [ERROR] LogOutputStream:75 - [STDERR_REDIRECT] [Fatal Error] :1:1: Premature end of file.
2026-05-05 22:56:37,339 [ERROR] LogOutputStream:75 - [STDERR_REDIRECT] 
2026-05-05 22:56:37,412 [ERROR] LogOutputStream:75 - [STDERR_REDIRECT] [Fatal Error] :1:1: Premature end of file.
2026-05-05 22:56:37,413 [ERROR] LogOutputStream:75 - [STDERR_REDIRECT] 
2026-05-05 22:56:37,483 [ERROR] LogOutputStream:75 - [STDERR_REDIRECT] [Fatal Error] :1:1: Premature end of file.
2026-05-05 22:56:37,483 [ERROR] LogOutputStream:75 - [STDERR_REDIRECT] 
2026-05-05 22:56:37,534 [ERROR] LogOutputStream:75 - [STDERR_REDIRECT] [Fatal Error] :1:1: Premature end of file.
2026-05-05 22:56:37,535 [ERROR] LogOutputStream:75 - [STDERR_REDIRECT] 
2026-05-05 22:56:37,598 [ERROR] LogOutputStream:75 - [STDERR_REDIRECT] [Fatal Error] :1:1: Premature end of file.
2026-05-05 22:56:37,601 [ERROR] LogOutputStream:75 - [STDERR_REDIRECT] 
2026-05-05 22:56:37,658 [ERROR] LogOutputStream:75 - [STDERR_REDIRECT] [Fatal Error] :1:1: Premature end of file.
2026-05-05 22:56:37,659 [ERROR] LogOutputStream:75 - [STDERR_REDIRECT] 
2026-05-05 22:56:37,726 [ERROR] LogOutputStream:75 - [STDERR_REDIRECT] [Fatal Error] :1:1: Premature end of file.
2026-05-05 22:56:37,727 [ERROR] LogOutputStream:75 - [STDERR_REDIRECT] 
2026-05-05 22:56:37,794 [ERROR] LogOutputStream:75 - [STDERR_REDIRECT] [Fatal Error] :1:1: Premature end of file.
2026-05-05 22:56:37,795 [ERROR] LogOutputStream:75 - [STDERR_REDIRECT] 
2026-05-05 22:56:37,867 [ERROR] LogOutputStream:75 - [STDERR_REDIRECT] [Fatal Error] :1:1: Premature end of file.
2026-05-05 22:56:37,867 [ERROR] LogOutputStream:75 - [STDERR_REDIRECT] 
2026-05-05 22:56:37,956 [ERROR] LogOutputStream:75 - [STDERR_REDIRECT] [Fatal Error] :1:1: Premature end of file.
2026-05-05 22:56:37,957 [ERROR] LogOutputStream:75 - [STDERR_REDIRECT] 
2026-05-05 22:56:38,038 [ERROR] LogOutputStream:75 - [STDERR_REDIRECT] [Fatal Error] :1:1: Premature end of file.
2026-05-05 22:56:38,039 [ERROR] LogOutputStream:75 - [STDERR_REDIRECT] 
2026-05-05 22:56:38,115 [ERROR] LogOutputStream:75 - [STDERR_REDIRECT] [Fatal Error] :1:1: Premature end of file.
2026-05-05 22:56:38,116 [ERROR] LogOutputStream:75 - [STDERR_REDIRECT] 
2026-05-05 22:56:38,188 [ERROR] LogOutputStream:75 - [STDERR_REDIRECT] [Fatal Error] :1:1: Premature end of file.
2026-05-05 22:56:38,189 [ERROR] LogOutputStream:75 - [STDERR_REDIRECT] 
2026-05-05 22:56:38,253 [ERROR] LogOutputStream:75 - [STDERR_REDIRECT] [Fatal Error] :1:1: Premature end of file.
2026-05-05 22:56:38,253 [ERROR] LogOutputStream:75 - [STDERR_REDIRECT] 
2026-05-05 22:56:38,316 [ERROR] LogOutputStream:75 - [STDERR_REDIRECT] [Fatal Error] :1:1: Premature end of file.
2026-05-05 22:56:38,317 [ERROR] LogOutputStream:75 - [STDERR_REDIRECT] 
2026-05-05 22:56:38,393 [ERROR] LogOutputStream:75 - [STDERR_REDIRECT] [Fatal Error] :1:1: Premature end of file.
2026-05-05 22:56:38,393 [ERROR] LogOutputStream:75 - [STDERR_REDIRECT] 
2026-05-05 22:56:38,462 [ERROR] LogOutputStream:75 - [STDERR_REDIRECT] [Fatal Error] :1:1: Premature end of file.
2026-05-05 22:56:38,464 [ERROR] LogOutputStream:75 - [STDERR_REDIRECT] 
2026-05-05 22:56:38,538 [ERROR] LogOutputStream:75 - [STDERR_REDIRECT] [Fatal Error] :1:1: Premature end of file.
2026-05-05 22:56:38,539 [ERROR] LogOutputStream:75 - [STDERR_REDIRECT] 
2026-05-05 22:56:38,610 [ERROR] LogOutputStream:75 - [STDERR_REDIRECT] [Fatal Error] :1:1: Premature end of file.
2026-05-05 22:56:38,610 [ERROR] LogOutputStream:75 - [STDERR_REDIRECT] 
2026-05-05 22:56:38,689 [ERROR] LogOutputStream:75 - [STDERR_REDIRECT] [Fatal Error] :1:1: Premature end of file.
2026-05-05 22:56:38,690 [ERROR] LogOutputStream:75 - [STDERR_REDIRECT] 
2026-05-05 22:56:38,754 [ERROR] LogOutputStream:75 - [STDERR_REDIRECT] [Fatal Error] :1:1: Premature end of file.
2026-05-05 22:56:38,754 [ERROR] LogOutputStream:75 - [STDERR_REDIRECT] 
2026-05-05 22:56:38,824 [ERROR] LogOutputStream:75 - [STDERR_REDIRECT] [Fatal Error] :1:1: Premature end of file.
2026-05-05 22:56:38,825 [ERROR] LogOutputStream:75 - [STDERR_REDIRECT] 
2026-05-05 22:56:38,893 [ERROR] LogOutputStream:75 - [STDERR_REDIRECT] [Fatal Error] :1:1: Premature end of file.
2026-05-05 22:56:38,893 [ERROR] LogOutputStream:75 - [STDERR_REDIRECT] 
2026-05-05 22:56:38,969 [ERROR] LogOutputStream:75 - [STDERR_REDIRECT] [Fatal Error] :1:1: Premature end of file.
2026-05-05 22:56:38,969 [ERROR] LogOutputStream:75 - [STDERR_REDIRECT] 
2026-05-05 22:56:39,040 [ERROR] LogOutputStream:75 - [STDERR_REDIRECT] [Fatal Error] :1:1: Premature end of file.
2026-05-05 22:56:39,040 [ERROR] LogOutputStream:75 - [STDERR_REDIRECT] 
2026-05-05 22:56:39,100 [ERROR] LogOutputStream:75 - [STDERR_REDIRECT] [Fatal Error] :1:1: Premature end of file.
2026-05-05 22:56:39,100 [ERROR] LogOutputStream:75 - [STDERR_REDIRECT] 
2026-05-05 22:56:39,177 [ERROR] LogOutputStream:75 - [STDERR_REDIRECT] [Fatal Error] :1:1: Premature end of file.
2026-05-05 22:56:39,178 [ERROR] LogOutputStream:75 - [STDERR_REDIRECT] 
2026-05-05 22:56:39,487 [ERROR] LogOutputStream:75 - [STDERR_REDIRECT] [Fatal Error] :1:1: Premature end of file.
2026-05-05 22:56:39,489 [ERROR] LogOutputStream:75 - [STDERR_REDIRECT] 
2026-05-05 22:56:39,654 [ERROR] LogOutputStream:75 - [STDERR_REDIRECT] [Fatal Error] :1:1: Premature end of file.
2026-05-05 22:56:39,656 [ERROR] LogOutputStream:75 - [STDERR_REDIRECT] 
2026-05-05 22:56:39,762 [ERROR] LogOutputStream:75 - [STDERR_REDIRECT] [Fatal Error] :1:1: Premature end of file.
2026-05-05 22:56:39,763 [ERROR] LogOutputStream:75 - [STDERR_REDIRECT] 
2026-05-05 22:56:39,870 [ERROR] LogOutputStream:75 - [STDERR_REDIRECT] [Fatal Error] :1:1: Premature end of file.
2026-05-05 22:56:39,870 [ERROR] LogOutputStream:75 - [STDERR_REDIRECT] 
2026-05-05 22:56:39,936 [ERROR] LogOutputStream:75 - [STDERR_REDIRECT] [Fatal Error] :1:1: Premature end of file.
2026-05-05 22:56:39,936 [ERROR] LogOutputStream:75 - [STDERR_REDIRECT] 
2026-05-05 22:56:39,999 [ERROR] LogOutputStream:75 - [STDERR_REDIRECT] [Fatal Error] :1:1: Premature end of file.
2026-05-05 22:56:40,000 [ERROR] LogOutputStream:75 - [STDERR_REDIRECT] 
2026-05-05 22:56:40,058 [ERROR] LogOutputStream:75 - [STDERR_REDIRECT] [Fatal Error] :1:1: Premature end of file.
2026-05-05 22:56:40,059 [ERROR] LogOutputStream:75 - [STDERR_REDIRECT] 
2026-05-05 22:56:40,122 [ERROR] LogOutputStream:75 - [STDERR_REDIRECT] [Fatal Error] :1:1: Premature end of file.
2026-05-05 22:56:40,123 [ERROR] LogOutputStream:75 - [STDERR_REDIRECT] 
2026-05-05 22:56:40,182 [ERROR] LogOutputStream:75 - [STDERR_REDIRECT] [Fatal Error] :1:1: Premature end of file.
2026-05-05 22:56:40,183 [ERROR] LogOutputStream:75 - [STDERR_REDIRECT] 
2026-05-05 22:56:40,237 [ERROR] LogOutputStream:75 - [STDERR_REDIRECT] [Fatal Error] :1:1: Premature end of file.
2026-05-05 22:56:40,238 [ERROR] LogOutputStream:75 - [STDERR_REDIRECT] 
2026-05-05 22:56:40,295 [ERROR] LogOutputStream:75 - [STDERR_REDIRECT] [Fatal Error] :1:1: Premature end of file.
2026-05-05 22:56:40,297 [ERROR] LogOutputStream:75 - [STDERR_REDIRECT] 
2026-05-05 22:56:40,366 [ERROR] LogOutputStream:75 - [STDERR_REDIRECT] [Fatal Error] :1:1: Premature end of file.
2026-05-05 22:56:40,366 [ERROR] LogOutputStream:75 - [STDERR_REDIRECT] 
2026-05-05 22:56:40,434 [ERROR] LogOutputStream:75 - [STDERR_REDIRECT] [Fatal Error] :1:1: Premature end of file.
2026-05-05 22:56:40,434 [ERROR] LogOutputStream:75 - [STDERR_REDIRECT] 
2026-05-05 22:56:40,526 [ERROR] LogOutputStream:75 - [STDERR_REDIRECT] [Fatal Error] :1:1: Premature end of file.
2026-05-05 22:56:40,527 [ERROR] LogOutputStream:75 - [STDERR_REDIRECT] 
2026-05-05 22:56:40,606 [ERROR] LogOutputStream:75 - [STDERR_REDIRECT] [Fatal Error] :1:1: Premature end of file.
2026-05-05 22:56:40,607 [ERROR] LogOutputStream:75 - [STDERR_REDIRECT] 
2026-05-05 22:56:40,697 [ERROR] LogOutputStream:75 - [STDERR_REDIRECT] [Fatal Error] :1:1: Premature end of file.
2026-05-05 22:56:40,703 [ERROR] LogOutputStream:75 - [STDERR_REDIRECT] 
2026-05-05 22:56:40,801 [ERROR] LogOutputStream:75 - [STDERR_REDIRECT] [Fatal Error] :1:1: Premature end of file.
2026-05-05 22:56:40,801 [ERROR] LogOutputStream:75 - [STDERR_REDIRECT] 
2026-05-05 22:56:40,871 [ERROR] LogOutputStream:75 - [STDERR_REDIRECT] [Fatal Error] :1:1: Premature end of file.
2026-05-05 22:56:40,872 [ERROR] LogOutputStream:75 - [STDERR_REDIRECT] 
2026-05-05 22:56:41,005 [ERROR] LogOutputStream:75 - [STDERR_REDIRECT] [Fatal Error] :1:1: Premature end of file.
2026-05-05 22:56:41,025 [ERROR] LogOutputStream:75 - [STDERR_REDIRECT] 
2026-05-05 22:56:41,234 [ERROR] LogOutputStream:75 - [STDERR_REDIRECT] [Fatal Error] :1:1: Premature end of file.
2026-05-05 22:56:41,234 [ERROR] LogOutputStream:75 - [STDERR_REDIRECT] 
2026-05-05 22:56:41,432 [ERROR] LogOutputStream:75 - [STDERR_REDIRECT] [Fatal Error] :1:1: Premature end of file.
2026-05-05 22:56:41,432 [ERROR] LogOutputStream:75 - [STDERR_REDIRECT] 
2026-05-05 22:56:41,643 [ERROR] LogOutputStream:75 - [STDERR_REDIRECT] [Fatal Error] :1:1: Premature end of file.
2026-05-05 22:56:41,663 [ERROR] LogOutputStream:75 - [STDERR_REDIRECT] 
2026-05-05 22:56:41,916 [ERROR] LogOutputStream:75 - [STDERR_REDIRECT] [Fatal Error] :1:1: Premature end of file.
2026-05-05 22:56:41,921 [ERROR] LogOutputStream:75 - [STDERR_REDIRECT] 
2026-05-05 22:56:42,142 [ERROR] LogOutputStream:75 - [STDERR_REDIRECT] [Fatal Error] :1:1: Premature end of file.
2026-05-05 22:56:42,143 [ERROR] LogOutputStream:75 - [STDERR_REDIRECT] 
2026-05-05 22:56:42,286 [ERROR] LogOutputStream:75 - [STDERR_REDIRECT] [Fatal Error] :1:1: Premature end of file.
2026-05-05 22:56:42,286 [ERROR] LogOutputStream:75 - [STDERR_REDIRECT] 
2026-05-05 22:56:42,481 [ERROR] LogOutputStream:75 - [STDERR_REDIRECT] [Fatal Error] :1:1: Premature end of file.
2026-05-05 22:56:42,482 [ERROR] LogOutputStream:75 - [STDERR_REDIRECT] 
2026-05-05 22:56:42,643 [ERROR] LogOutputStream:75 - [STDERR_REDIRECT] [Fatal Error] :1:1: Premature end of file.
2026-05-05 22:56:42,643 [ERROR] LogOutputStream:75 - [STDERR_REDIRECT] 
2026-05-05 22:56:42,776 [ERROR] LogOutputStream:75 - [STDERR_REDIRECT] [Fatal Error] :1:1: Premature end of file.
2026-05-05 22:56:42,777 [ERROR] LogOutputStream:75 - [STDERR_REDIRECT] 
2026-05-05 22:56:42,915 [ERROR] LogOutputStream:75 - [STDERR_REDIRECT] [Fatal Error] :1:1: Premature end of file.
2026-05-05 22:56:42,916 [ERROR] LogOutputStream:75 - [STDERR_REDIRECT] 
2026-05-05 22:56:43,074 [ERROR] LogOutputStream:75 - [STDERR_REDIRECT] [Fatal Error] :1:1: Premature end of file.
2026-05-05 22:56:43,075 [ERROR] LogOutputStream:75 - [STDERR_REDIRECT] 
2026-05-05 22:56:43,182 [ERROR] LogOutputStream:75 - [STDERR_REDIRECT] [Fatal Error] :1:1: Premature end of file.
2026-05-05 22:56:43,196 [ERROR] LogOutputStream:75 - [STDERR_REDIRECT] 
2026-05-05 22:56:43,319 [ERROR] LogOutputStream:75 - [STDERR_REDIRECT] [Fatal Error] :1:1: Premature end of file.
2026-05-05 22:56:43,320 [ERROR] LogOutputStream:75 - [STDERR_REDIRECT] 
2026-05-05 22:56:43,456 [ERROR] LogOutputStream:75 - [STDERR_REDIRECT] [Fatal Error] :1:1: Premature end of file.
2026-05-05 22:56:43,462 [ERROR] LogOutputStream:75 - [STDERR_REDIRECT] 
2026-05-05 22:56:43,566 [ERROR] LogOutputStream:75 - [STDERR_REDIRECT] [Fatal Error] :1:1: Premature end of file.
2026-05-05 22:56:43,574 [ERROR] LogOutputStream:75 - [STDERR_REDIRECT] 
2026-05-05 22:56:43,679 [ERROR] LogOutputStream:75 - [STDERR_REDIRECT] [Fatal Error] :1:1: Premature end of file.
2026-05-05 22:56:43,710 [ERROR] LogOutputStream:75 - [STDERR_REDIRECT] 
2026-05-05 22:56:44,538 [ERROR] LogOutputStream:75 - [STDERR_REDIRECT] [Fatal Error] :1:1: Premature end of file.
2026-05-05 22:56:44,539 [ERROR] LogOutputStream:75 - [STDERR_REDIRECT] 
2026-05-05 22:56:44,673 [ERROR] LogOutputStream:75 - [STDERR_REDIRECT] [Fatal Error] :1:1: Premature end of file.
2026-05-05 22:56:44,674 [ERROR] LogOutputStream:75 - [STDERR_REDIRECT] 
2026-05-05 22:56:44,817 [ERROR] LogOutputStream:75 - [STDERR_REDIRECT] [Fatal Error] :1:1: Premature end of file.
2026-05-05 22:56:44,824 [ERROR] LogOutputStream:75 - [STDERR_REDIRECT] 
2026-05-05 22:56:44,926 [ERROR] LogOutputStream:75 - [STDERR_REDIRECT] [Fatal Error] :1:1: Premature end of file.
2026-05-05 22:56:44,926 [ERROR] LogOutputStream:75 - [STDERR_REDIRECT] 
2026-05-05 22:56:44,987 [ERROR] LogOutputStream:75 - [STDERR_REDIRECT] [Fatal Error] :1:1: Premature end of file.
2026-05-05 22:56:44,988 [ERROR] LogOutputStream:75 - [STDERR_REDIRECT] 
2026-05-05 22:56:45,056 [ERROR] LogOutputStream:75 - [STDERR_REDIRECT] [Fatal Error] :1:1: Premature end of file.
2026-05-05 22:56:45,056 [ERROR] LogOutputStream:75 - [STDERR_REDIRECT] 
2026-05-05 22:56:45,123 [ERROR] LogOutputStream:75 - [STDERR_REDIRECT] [Fatal Error] :1:1: Premature end of file.
2026-05-05 22:56:45,124 [ERROR] LogOutputStream:75 - [STDERR_REDIRECT] 
2026-05-05 22:56:45,196 [ERROR] LogOutputStream:75 - [STDERR_REDIRECT] [Fatal Error] :1:1: Premature end of file.
2026-05-05 22:56:45,196 [ERROR] LogOutputStream:75 - [STDERR_REDIRECT] 
2026-05-05 22:56:45,271 [ERROR] LogOutputStream:75 - [STDERR_REDIRECT] [Fatal Error] :1:1: Premature end of file.
2026-05-05 22:56:45,271 [ERROR] LogOutputStream:75 - [STDERR_REDIRECT] 
2026-05-05 22:56:45,353 [ERROR] LogOutputStream:75 - [STDERR_REDIRECT] [Fatal Error] :1:1: Premature end of file.
2026-05-05 22:56:45,353 [ERROR] LogOutputStream:75 - [STDERR_REDIRECT] 
2026-05-05 22:56:45,443 [ERROR] LogOutputStream:75 - [STDERR_REDIRECT] [Fatal Error] :1:1: Premature end of file.
2026-05-05 22:56:45,443 [ERROR] LogOutputStream:75 - [STDERR_REDIRECT] 
2026-05-05 22:56:45,551 [ERROR] LogOutputStream:75 - [STDERR_REDIRECT] [Fatal Error] :1:1: Premature end of file.
2026-05-05 22:56:45,551 [ERROR] LogOutputStream:75 - [STDERR_REDIRECT] 
2026-05-05 22:56:45,660 [ERROR] LogOutputStream:75 - [STDERR_REDIRECT] [Fatal Error] :1:1: Premature end of file.
2026-05-05 22:56:45,661 [ERROR] LogOutputStream:75 - [STDERR_REDIRECT] 
2026-05-05 22:56:45,762 [ERROR] LogOutputStream:75 - [STDERR_REDIRECT] [Fatal Error] :1:1: Premature end of file.
2026-05-05 22:56:45,766 [ERROR] LogOutputStream:75 - [STDERR_REDIRECT] 
2026-05-05 22:56:45,883 [ERROR] LogOutputStream:75 - [STDERR_REDIRECT] [Fatal Error] :1:1: Premature end of file.
2026-05-05 22:56:45,883 [ERROR] LogOutputStream:75 - [STDERR_REDIRECT] 
2026-05-05 22:56:46,018 [ERROR] LogOutputStream:75 - [STDERR_REDIRECT] [Fatal Error] :1:1: Premature end of file.
2026-05-05 22:56:46,018 [ERROR] LogOutputStream:75 - [STDERR_REDIRECT] 
2026-05-05 22:56:46,151 [ERROR] LogOutputStream:75 - [STDERR_REDIRECT] [Fatal Error] :1:1: Premature end of file.
2026-05-05 22:56:46,151 [ERROR] LogOutputStream:75 - [STDERR_REDIRECT] 
2026-05-05 22:56:46,253 [ERROR] LogOutputStream:75 - [STDERR_REDIRECT] [Fatal Error] :1:1: Premature end of file.
2026-05-05 22:56:46,254 [ERROR] LogOutputStream:75 - [STDERR_REDIRECT] 
2026-05-05 22:56:46,353 [ERROR] LogOutputStream:75 - [STDERR_REDIRECT] [Fatal Error] :1:1: Premature end of file.
2026-05-05 22:56:46,359 [ERROR] LogOutputStream:75 - [STDERR_REDIRECT] 
2026-05-05 22:56:46,480 [ERROR] LogOutputStream:75 - [STDERR_REDIRECT] [Fatal Error] :1:1: Premature end of file.
2026-05-05 22:56:46,480 [ERROR] LogOutputStream:75 - [STDERR_REDIRECT] 
2026-05-05 22:56:46,596 [ERROR] LogOutputStream:75 - [STDERR_REDIRECT] [Fatal Error] :1:1: Premature end of file.
2026-05-05 22:56:46,599 [ERROR] LogOutputStream:75 - [STDERR_REDIRECT] 
2026-05-05 22:56:46,705 [ERROR] LogOutputStream:75 - [STDERR_REDIRECT] [Fatal Error] :1:1: Premature end of file.
2026-05-05 22:56:46,718 [ERROR] LogOutputStream:75 - [STDERR_REDIRECT] 
2026-05-05 22:56:46,789 [ERROR] LogOutputStream:75 - [STDERR_REDIRECT] [Fatal Error] :1:1: Premature end of file.
2026-05-05 22:56:46,789 [ERROR] LogOutputStream:75 - [STDERR_REDIRECT] 
2026-05-05 22:56:46,942 [ERROR] LogOutputStream:75 - [STDERR_REDIRECT] [Fatal Error] :1:1: Premature end of file.
2026-05-05 22:56:46,943 [ERROR] LogOutputStream:75 - [STDERR_REDIRECT] 
2026-05-05 22:56:47,123 [ERROR] LogOutputStream:75 - [STDERR_REDIRECT] [Fatal Error] :1:1: Premature end of file.
2026-05-05 22:56:47,124 [ERROR] LogOutputStream:75 - [STDERR_REDIRECT] 
2026-05-05 22:56:47,288 [ERROR] LogOutputStream:75 - [STDERR_REDIRECT] [Fatal Error] :1:1: Premature end of file.
2026-05-05 22:56:47,289 [ERROR] LogOutputStream:75 - [STDERR_REDIRECT] 
2026-05-05 22:56:47,401 [ERROR] LogOutputStream:75 - [STDERR_REDIRECT] [Fatal Error] :1:1: Premature end of file.
2026-05-05 22:56:47,401 [ERROR] LogOutputStream:75 - [STDERR_REDIRECT] 
2026-05-05 22:56:47,497 [ERROR] LogOutputStream:75 - [STDERR_REDIRECT] [Fatal Error] :1:1: Premature end of file.
2026-05-05 22:56:47,497 [ERROR] LogOutputStream:75 - [STDERR_REDIRECT] 
2026-05-05 22:56:47,594 [ERROR] LogOutputStream:75 - [STDERR_REDIRECT] [Fatal Error] :1:1: Premature end of file.
2026-05-05 22:56:47,594 [ERROR] LogOutputStream:75 - [STDERR_REDIRECT] 
2026-05-05 22:56:47,681 [ERROR] LogOutputStream:75 - [STDERR_REDIRECT] [Fatal Error] :1:1: Premature end of file.
2026-05-05 22:56:47,682 [ERROR] LogOutputStream:75 - [STDERR_REDIRECT] 
2026-05-05 22:56:47,760 [ERROR] LogOutputStream:75 - [STDERR_REDIRECT] [Fatal Error] :1:1: Premature end of file.
2026-05-05 22:56:47,760 [ERROR] LogOutputStream:75 - [STDERR_REDIRECT] 
2026-05-05 22:56:47,850 [ERROR] LogOutputStream:75 - [STDERR_REDIRECT] [Fatal Error] :1:1: Premature end of file.
2026-05-05 22:56:47,850 [ERROR] LogOutputStream:75 - [STDERR_REDIRECT] 
2026-05-05 22:56:47,912 [ERROR] LogOutputStream:75 - [STDERR_REDIRECT] [Fatal Error] :1:1: Premature end of file.
2026-05-05 22:56:47,912 [ERROR] LogOutputStream:75 - [STDERR_REDIRECT] 
2026-05-05 22:56:47,972 [ERROR] LogOutputStream:75 - [STDERR_REDIRECT] [Fatal Error] :1:1: Premature end of file.
2026-05-05 22:56:47,972 [ERROR] LogOutputStream:75 - [STDERR_REDIRECT] 
2026-05-05 22:56:48,040 [ERROR] LogOutputStream:75 - [STDERR_REDIRECT] [Fatal Error] :1:1: Premature end of file.
2026-05-05 22:56:48,040 [ERROR] LogOutputStream:75 - [STDERR_REDIRECT] 
2026-05-05 22:56:48,108 [ERROR] LogOutputStream:75 - [STDERR_REDIRECT] [Fatal Error] :1:1: Premature end of file.
2026-05-05 22:56:48,109 [ERROR] LogOutputStream:75 - [STDERR_REDIRECT] 
2026-05-05 22:56:48,167 [ERROR] LogOutputStream:75 - [STDERR_REDIRECT] [Fatal Error] :1:1: Premature end of file.
2026-05-05 22:56:48,168 [ERROR] LogOutputStream:75 - [STDERR_REDIRECT] 
2026-05-05 22:56:48,250 [ERROR] LogOutputStream:75 - [STDERR_REDIRECT] [Fatal Error] :1:1: Premature end of file.
2026-05-05 22:56:48,251 [ERROR] LogOutputStream:75 - [STDERR_REDIRECT] 
2026-05-05 22:56:48,316 [ERROR] LogOutputStream:75 - [STDERR_REDIRECT] [Fatal Error] :1:1: Premature end of file.
2026-05-05 22:56:48,318 [ERROR] LogOutputStream:75 - [STDERR_REDIRECT] 
2026-05-05 22:56:48,399 [ERROR] LogOutputStream:75 - [STDERR_REDIRECT] [Fatal Error] :1:1: Premature end of file.
2026-05-05 22:56:48,399 [ERROR] LogOutputStream:75 - [STDERR_REDIRECT] 
2026-05-05 22:56:48,502 [ERROR] LogOutputStream:75 - [STDERR_REDIRECT] [Fatal Error] :1:1: Premature end of file.
2026-05-05 22:56:48,502 [ERROR] LogOutputStream:75 - [STDERR_REDIRECT] 
2026-05-05 22:56:48,576 [ERROR] LogOutputStream:75 - [STDERR_REDIRECT] [Fatal Error] :1:1: Premature end of file.
2026-05-05 22:56:48,577 [ERROR] LogOutputStream:75 - [STDERR_REDIRECT] 
2026-05-05 22:56:48,655 [ERROR] LogOutputStream:75 - [STDERR_REDIRECT] [Fatal Error] :1:1: Premature end of file.
2026-05-05 22:56:48,656 [ERROR] LogOutputStream:75 - [STDERR_REDIRECT] 
2026-05-05 22:56:48,823 [ERROR] LogOutputStream:75 - [STDERR_REDIRECT] [Fatal Error] :1:1: Premature end of file.
2026-05-05 22:56:48,824 [ERROR] LogOutputStream:75 - [STDERR_REDIRECT] 
2026-05-05 22:56:48,988 [ERROR] LogOutputStream:75 - [STDERR_REDIRECT] [Fatal Error] :1:1: Premature end of file.
2026-05-05 22:56:48,989 [ERROR] LogOutputStream:75 - [STDERR_REDIRECT] 
2026-05-05 22:56:49,097 [ERROR] LogOutputStream:75 - [STDERR_REDIRECT] [Fatal Error] :1:1: Premature end of file.
2026-05-05 22:56:49,097 [ERROR] LogOutputStream:75 - [STDERR_REDIRECT] 
2026-05-05 22:56:49,275 [ERROR] LogOutputStream:75 - [STDERR_REDIRECT] [Fatal Error] :1:1: Premature end of file.
2026-05-05 22:56:49,276 [ERROR] LogOutputStream:75 - [STDERR_REDIRECT] 
2026-05-05 22:56:49,369 [ERROR] LogOutputStream:75 - [STDERR_REDIRECT] [Fatal Error] :1:1: Premature end of file.
2026-05-05 22:56:49,369 [ERROR] LogOutputStream:75 - [STDERR_REDIRECT] 
2026-05-05 22:56:49,455 [ERROR] LogOutputStream:75 - [STDERR_REDIRECT] [Fatal Error] :1:1: Premature end of file.
2026-05-05 22:56:49,455 [ERROR] LogOutputStream:75 - [STDERR_REDIRECT] 
2026-05-05 22:56:49,567 [ERROR] LogOutputStream:75 - [STDERR_REDIRECT] [Fatal Error] :1:1: Premature end of file.
2026-05-05 22:56:49,567 [ERROR] LogOutputStream:75 - [STDERR_REDIRECT] 
2026-05-05 22:56:49,666 [ERROR] LogOutputStream:75 - [STDERR_REDIRECT] [Fatal Error] :1:1: Premature end of file.
2026-05-05 22:56:49,668 [ERROR] LogOutputStream:75 - [STDERR_REDIRECT] 
2026-05-05 22:56:49,753 [ERROR] LogOutputStream:75 - [STDERR_REDIRECT] [Fatal Error] :1:1: Premature end of file.
2026-05-05 22:56:49,757 [ERROR] LogOutputStream:75 - [STDERR_REDIRECT] 
2026-05-05 22:56:49,849 [ERROR] LogOutputStream:75 - [STDERR_REDIRECT] [Fatal Error] :1:1: Premature end of file.
2026-05-05 22:56:49,850 [ERROR] LogOutputStream:75 - [STDERR_REDIRECT] 
2026-05-05 22:56:49,947 [ERROR] LogOutputStream:75 - [STDERR_REDIRECT] [Fatal Error] :1:1: Premature end of file.
2026-05-05 22:56:49,948 [ERROR] LogOutputStream:75 - [STDERR_REDIRECT] 
2026-05-05 22:56:50,036 [ERROR] LogOutputStream:75 - [STDERR_REDIRECT] [Fatal Error] :1:1: Premature end of file.
2026-05-05 22:56:50,038 [ERROR] LogOutputStream:75 - [STDERR_REDIRECT] 
2026-05-05 22:56:50,150 [ERROR] LogOutputStream:75 - [STDERR_REDIRECT] [Fatal Error] :1:1: Premature end of file.
2026-05-05 22:56:50,151 [ERROR] LogOutputStream:75 - [STDERR_REDIRECT] 
2026-05-05 22:56:50,217 [ERROR] LogOutputStream:75 - [STDERR_REDIRECT] [Fatal Error] :1:1: Premature end of file.
2026-05-05 22:56:50,217 [ERROR] LogOutputStream:75 - [STDERR_REDIRECT] 
2026-05-05 22:56:50,306 [ERROR] LogOutputStream:75 - [STDERR_REDIRECT] [Fatal Error] :1:1: Premature end of file.
2026-05-05 22:56:50,308 [ERROR] LogOutputStream:75 - [STDERR_REDIRECT] 
2026-05-05 22:56:50,373 [ERROR] LogOutputStream:75 - [STDERR_REDIRECT] [Fatal Error] :1:1: Premature end of file.
2026-05-05 22:56:50,373 [ERROR] LogOutputStream:75 - [STDERR_REDIRECT] 
2026-05-05 22:56:50,442 [ERROR] LogOutputStream:75 - [STDERR_REDIRECT] [Fatal Error] :1:1: Premature end of file.
2026-05-05 22:56:50,442 [ERROR] LogOutputStream:75 - [STDERR_REDIRECT] 
2026-05-05 22:56:50,515 [ERROR] LogOutputStream:75 - [STDERR_REDIRECT] [Fatal Error] :1:1: Premature end of file.
2026-05-05 22:56:50,515 [ERROR] LogOutputStream:75 - [STDERR_REDIRECT] 
2026-05-05 22:56:50,574 [ERROR] LogOutputStream:75 - [STDERR_REDIRECT] [Fatal Error] :1:1: Premature end of file.
2026-05-05 22:56:50,574 [ERROR] LogOutputStream:75 - [STDERR_REDIRECT] 
2026-05-05 22:56:50,647 [ERROR] LogOutputStream:75 - [STDERR_REDIRECT] [Fatal Error] :1:1: Premature end of file.
2026-05-05 22:56:50,647 [ERROR] LogOutputStream:75 - [STDERR_REDIRECT] 
2026-05-05 22:56:50,715 [ERROR] LogOutputStream:75 - [STDERR_REDIRECT] [Fatal Error] :1:1: Premature end of file.
2026-05-05 22:56:50,715 [ERROR] LogOutputStream:75 - [STDERR_REDIRECT] 
2026-05-05 22:56:50,795 [ERROR] LogOutputStream:75 - [STDERR_REDIRECT] [Fatal Error] :1:1: Premature end of file.
2026-05-05 22:56:50,795 [ERROR] LogOutputStream:75 - [STDERR_REDIRECT] 
2026-05-05 22:56:50,880 [ERROR] LogOutputStream:75 - [STDERR_REDIRECT] [Fatal Error] :1:1: Premature end of file.
2026-05-05 22:56:50,881 [ERROR] LogOutputStream:75 - [STDERR_REDIRECT] 
2026-05-05 22:56:50,938 [ERROR] LogOutputStream:75 - [STDERR_REDIRECT] [Fatal Error] :1:1: Premature end of file.
2026-05-05 22:56:50,939 [ERROR] LogOutputStream:75 - [STDERR_REDIRECT] 
2026-05-05 22:56:51,003 [ERROR] LogOutputStream:75 - [STDERR_REDIRECT] [Fatal Error] :1:1: Premature end of file.
2026-05-05 22:56:51,003 [ERROR] LogOutputStream:75 - [STDERR_REDIRECT] 
2026-05-05 22:56:51,071 [ERROR] LogOutputStream:75 - [STDERR_REDIRECT] [Fatal Error] :1:1: Premature end of file.
2026-05-05 22:56:51,072 [ERROR] LogOutputStream:75 - [STDERR_REDIRECT] 
2026-05-05 22:56:51,154 [ERROR] LogOutputStream:75 - [STDERR_REDIRECT] [Fatal Error] :1:1: Premature end of file.
2026-05-05 22:56:51,154 [ERROR] LogOutputStream:75 - [STDERR_REDIRECT] 
2026-05-05 22:56:51,220 [ERROR] LogOutputStream:75 - [STDERR_REDIRECT] [Fatal Error] :1:1: Premature end of file.
2026-05-05 22:56:51,223 [ERROR] LogOutputStream:75 - [STDERR_REDIRECT] 
2026-05-05 22:56:51,288 [ERROR] LogOutputStream:75 - [STDERR_REDIRECT] [Fatal Error] :1:1: Premature end of file.
2026-05-05 22:56:51,289 [ERROR] LogOutputStream:75 - [STDERR_REDIRECT] 
2026-05-05 22:56:51,349 [ERROR] LogOutputStream:75 - [STDERR_REDIRECT] [Fatal Error] :1:1: Premature end of file.
2026-05-05 22:56:51,350 [ERROR] LogOutputStream:75 - [STDERR_REDIRECT] 
2026-05-05 22:56:51,411 [ERROR] LogOutputStream:75 - [STDERR_REDIRECT] [Fatal Error] :1:1: Premature end of file.
2026-05-05 22:56:51,411 [ERROR] LogOutputStream:75 - [STDERR_REDIRECT] 
2026-05-05 22:56:51,472 [ERROR] LogOutputStream:75 - [STDERR_REDIRECT] [Fatal Error] :1:1: Premature end of file.
2026-05-05 22:56:51,472 [ERROR] LogOutputStream:75 - [STDERR_REDIRECT] 
2026-05-05 22:56:51,530 [ERROR] LogOutputStream:75 - [STDERR_REDIRECT] [Fatal Error] :1:1: Premature end of file.
2026-05-05 22:56:51,536 [ERROR] LogOutputStream:75 - [STDERR_REDIRECT] 
2026-05-05 22:56:51,597 [ERROR] LogOutputStream:75 - [STDERR_REDIRECT] [Fatal Error] :1:1: Premature end of file.
2026-05-05 22:56:51,598 [ERROR] LogOutputStream:75 - [STDERR_REDIRECT] 
2026-05-05 22:56:51,666 [ERROR] LogOutputStream:75 - [STDERR_REDIRECT] [Fatal Error] :1:1: Premature end of file.
2026-05-05 22:56:51,667 [ERROR] LogOutputStream:75 - [STDERR_REDIRECT] 
2026-05-05 22:56:51,792 [ERROR] LogOutputStream:75 - [STDERR_REDIRECT] [Fatal Error] :1:1: Premature end of file.
2026-05-05 22:56:51,793 [ERROR] LogOutputStream:75 - [STDERR_REDIRECT] 
2026-05-05 22:56:51,865 [ERROR] LogOutputStream:75 - [STDERR_REDIRECT] [Fatal Error] :1:1: Premature end of file.
2026-05-05 22:56:51,865 [ERROR] LogOutputStream:75 - [STDERR_REDIRECT] 
2026-05-05 22:56:51,968 [ERROR] LogOutputStream:75 - [STDERR_REDIRECT] [Fatal Error] :1:1: Premature end of file.
2026-05-05 22:56:51,969 [ERROR] LogOutputStream:75 - [STDERR_REDIRECT] 
2026-05-05 22:56:52,058 [ERROR] LogOutputStream:75 - [STDERR_REDIRECT] [Fatal Error] :1:1: Premature end of file.
2026-05-05 22:56:52,065 [ERROR] LogOutputStream:75 - [STDERR_REDIRECT] 
2026-05-05 22:56:52,139 [ERROR] LogOutputStream:75 - [STDERR_REDIRECT] [Fatal Error] :1:1: Premature end of file.
2026-05-05 22:56:52,141 [ERROR] LogOutputStream:75 - [STDERR_REDIRECT] 
2026-05-05 22:56:52,267 [ERROR] LogOutputStream:75 - [STDERR_REDIRECT] [Fatal Error] :1:1: Premature end of file.
2026-05-05 22:56:52,268 [ERROR] LogOutputStream:75 - [STDERR_REDIRECT] 
2026-05-05 22:56:52,370 [ERROR] LogOutputStream:75 - [STDERR_REDIRECT] [Fatal Error] :1:1: Premature end of file.
2026-05-05 22:56:52,370 [ERROR] LogOutputStream:75 - [STDERR_REDIRECT] 
2026-05-05 22:56:52,444 [ERROR] LogOutputStream:75 - [STDERR_REDIRECT] [Fatal Error] :1:1: Premature end of file.
2026-05-05 22:56:52,446 [ERROR] LogOutputStream:75 - [STDERR_REDIRECT] 
2026-05-05 22:56:52,542 [ERROR] LogOutputStream:75 - [STDERR_REDIRECT] [Fatal Error] :1:1: Premature end of file.
2026-05-05 22:56:52,547 [ERROR] LogOutputStream:75 - [STDERR_REDIRECT] 
2026-05-05 22:56:52,606 [ERROR] LogOutputStream:75 - [STDERR_REDIRECT] [Fatal Error] :1:1: Premature end of file.
2026-05-05 22:56:52,607 [ERROR] LogOutputStream:75 - [STDERR_REDIRECT] 
2026-05-05 22:56:52,675 [ERROR] LogOutputStream:75 - [STDERR_REDIRECT] [Fatal Error] :1:1: Premature end of file.
2026-05-05 22:56:52,675 [ERROR] LogOutputStream:75 - [STDERR_REDIRECT] 
2026-05-05 22:56:52,739 [ERROR] LogOutputStream:75 - [STDERR_REDIRECT] [Fatal Error] :1:1: Premature end of file.
2026-05-05 22:56:52,740 [ERROR] LogOutputStream:75 - [STDERR_REDIRECT] 
2026-05-05 22:56:52,808 [ERROR] LogOutputStream:75 - [STDERR_REDIRECT] [Fatal Error] :1:1: Premature end of file.
2026-05-05 22:56:52,808 [ERROR] LogOutputStream:75 - [STDERR_REDIRECT] 
2026-05-05 22:56:52,859 [ERROR] LogOutputStream:75 - [STDERR_REDIRECT] [Fatal Error] :1:1: Premature end of file.
2026-05-05 22:56:52,859 [ERROR] LogOutputStream:75 - [STDERR_REDIRECT] 
2026-05-05 22:56:52,924 [ERROR] LogOutputStream:75 - [STDERR_REDIRECT] [Fatal Error] :1:1: Premature end of file.
2026-05-05 22:56:52,924 [ERROR] LogOutputStream:75 - [STDERR_REDIRECT] 
2026-05-05 22:56:52,986 [ERROR] LogOutputStream:75 - [STDERR_REDIRECT] [Fatal Error] :1:1: Premature end of file.
2026-05-05 22:56:52,986 [ERROR] LogOutputStream:75 - [STDERR_REDIRECT] 
2026-05-05 22:56:53,060 [ERROR] LogOutputStream:75 - [STDERR_REDIRECT] [Fatal Error] :1:1: Premature end of file.
2026-05-05 22:56:53,060 [ERROR] LogOutputStream:75 - [STDERR_REDIRECT] 
2026-05-05 22:56:53,124 [ERROR] LogOutputStream:75 - [STDERR_REDIRECT] [Fatal Error] :1:1: Premature end of file.
2026-05-05 22:56:53,125 [ERROR] LogOutputStream:75 - [STDERR_REDIRECT] 
2026-05-05 22:56:53,219 [ERROR] LogOutputStream:75 - [STDERR_REDIRECT] [Fatal Error] :1:1: Premature end of file.
2026-05-05 22:56:53,220 [ERROR] LogOutputStream:75 - [STDERR_REDIRECT] 
2026-05-05 22:56:53,316 [ERROR] LogOutputStream:75 - [STDERR_REDIRECT] [Fatal Error] :1:1: Premature end of file.
2026-05-05 22:56:53,317 [ERROR] LogOutputStream:75 - [STDERR_REDIRECT] 
2026-05-05 22:56:53,389 [ERROR] LogOutputStream:75 - [STDERR_REDIRECT] [Fatal Error] :1:1: Premature end of file.
2026-05-05 22:56:53,389 [ERROR] LogOutputStream:75 - [STDERR_REDIRECT] 
2026-05-05 22:56:53,453 [ERROR] LogOutputStream:75 - [STDERR_REDIRECT] [Fatal Error] :1:1: Premature end of file.
2026-05-05 22:56:53,454 [ERROR] LogOutputStream:75 - [STDERR_REDIRECT] 
2026-05-05 22:56:53,583 [ERROR] LogOutputStream:75 - [STDERR_REDIRECT] [Fatal Error] :1:1: Premature end of file.
2026-05-05 22:56:53,586 [ERROR] LogOutputStream:75 - [STDERR_REDIRECT] 
2026-05-05 22:56:54,540 [ERROR] LogOutputStream:75 - [STDERR_REDIRECT] [Fatal Error] :1:1: Premature end of file.
2026-05-05 22:56:54,541 [ERROR] LogOutputStream:75 - [STDERR_REDIRECT] 
2026-05-05 22:56:55,537 [ERROR] LogOutputStream:75 - [STDERR_REDIRECT] [Fatal Error] :1:1: Premature end of file.
2026-05-05 22:56:55,537 [ERROR] LogOutputStream:75 - [STDERR_REDIRECT] 
2026-05-05 22:56:56,562 [ERROR] LogOutputStream:75 - [STDERR_REDIRECT] [Fatal Error] :1:1: Premature end of file.
2026-05-05 22:56:56,562 [ERROR] LogOutputStream:75 - [STDERR_REDIRECT] 
2026-05-05 22:56:57,550 [ERROR] LogOutputStream:75 - [STDERR_REDIRECT] [Fatal Error] :1:1: Premature end of file.
2026-05-05 22:56:57,550 [ERROR] LogOutputStream:75 - [STDERR_REDIRECT] 
2026-05-05 22:56:58,522 [ERROR] LogOutputStream:75 - [STDERR_REDIRECT] [Fatal Error] :1:1: Premature end of file.
2026-05-05 22:56:58,522 [ERROR] LogOutputStream:75 - [STDERR_REDIRECT] 
2026-05-05 22:56:59,535 [ERROR] LogOutputStream:75 - [STDERR_REDIRECT] [Fatal Error] :1:1: Premature end of file.
2026-05-05 22:56:59,535 [ERROR] LogOutputStream:75 - [STDERR_REDIRECT] 
2026-05-05 22:57:00,526 [ERROR] LogOutputStream:75 - [STDERR_REDIRECT] [Fatal Error] :1:1: Premature end of file.
2026-05-05 22:57:00,527 [ERROR] LogOutputStream:75 - [STDERR_REDIRECT] 
2026-05-05 22:57:01,517 [ERROR] LogOutputStream:75 - [STDERR_REDIRECT] [Fatal Error] :1:1: Premature end of file.
2026-05-05 22:57:01,518 [ERROR] LogOutputStream:75 - [STDERR_REDIRECT] 
2026-05-05 22:57:02,555 [ERROR] LogOutputStream:75 - [STDERR_REDIRECT] [Fatal Error] :1:1: Premature end of file.
2026-05-05 22:57:02,556 [ERROR] LogOutputStream:75 - [STDERR_REDIRECT] 
2026-05-05 22:57:03,525 [ERROR] LogOutputStream:75 - [STDERR_REDIRECT] [Fatal Error] :1:1: Premature end of file.
2026-05-05 22:57:03,525 [ERROR] LogOutputStream:75 - [STDERR_REDIRECT] 
2026-05-05 22:57:04,516 [ERROR] LogOutputStream:75 - [STDERR_REDIRECT] [Fatal Error] :1:1: Premature end of file.
2026-05-05 22:57:04,516 [ERROR] LogOutputStream:75 - [STDERR_REDIRECT] 
2026-05-05 22:57:05,533 [ERROR] LogOutputStream:75 - [STDERR_REDIRECT] [Fatal Error] :1:1: Premature end of file.
2026-05-05 22:57:05,534 [ERROR] LogOutputStream:75 - [STDERR_REDIRECT] 
2026-05-05 22:57:06,540 [ERROR] LogOutputStream:75 - [STDERR_REDIRECT] [Fatal Error] :1:1: Premature end of file.
2026-05-05 22:57:06,540 [ERROR] LogOutputStream:75 - [STDERR_REDIRECT] 
2026-05-05 22:57:07,521 [ERROR] LogOutputStream:75 - [STDERR_REDIRECT] [Fatal Error] :1:1: Premature end of file.
2026-05-05 22:57:07,521 [ERROR] LogOutputStream:75 - [STDERR_REDIRECT] 
2026-05-05 22:57:08,510 [ERROR] LogOutputStream:75 - [STDERR_REDIRECT] [Fatal Error] :1:1: Premature end of file.
2026-05-05 22:57:08,511 [ERROR] LogOutputStream:75 - [STDERR_REDIRECT] 
2026-05-05 22:57:09,526 [ERROR] LogOutputStream:75 - [STDERR_REDIRECT] [Fatal Error] :1:1: Premature end of file.
2026-05-05 22:57:09,526 [ERROR] LogOutputStream:75 - [STDERR_REDIRECT] 
2026-05-05 22:57:10,516 [ERROR] LogOutputStream:75 - [STDERR_REDIRECT] [Fatal Error] :1:1: Premature end of file.
2026-05-05 22:57:10,517 [ERROR] LogOutputStream:75 - [STDERR_REDIRECT] 
2026-05-05 22:57:11,529 [ERROR] LogOutputStream:75 - [STDERR_REDIRECT] [Fatal Error] :1:1: Premature end of file.
2026-05-05 22:57:11,529 [ERROR] LogOutputStream:75 - [STDERR_REDIRECT] 
2026-05-05 22:57:12,517 [ERROR] LogOutputStream:75 - [STDERR_REDIRECT] [Fatal Error] :1:1: Premature end of file.
2026-05-05 22:57:12,517 [ERROR] LogOutputStream:75 - [STDERR_REDIRECT] 
2026-05-05 22:57:13,533 [ERROR] LogOutputStream:75 - [STDERR_REDIRECT] [Fatal Error] :1:1: Premature end of file.
2026-05-05 22:57:13,534 [ERROR] LogOutputStream:75 - [STDERR_REDIRECT] 
2026-05-05 22:57:14,524 [ERROR] LogOutputStream:75 - [STDERR_REDIRECT] [Fatal Error] :1:1: Premature end of file.
2026-05-05 22:57:14,524 [ERROR] LogOutputStream:75 - [STDERR_REDIRECT] 
2026-05-05 22:57:15,541 [ERROR] LogOutputStream:75 - [STDERR_REDIRECT] [Fatal Error] :1:1: Premature end of file.
2026-05-05 22:57:15,541 [ERROR] LogOutputStream:75 - [STDERR_REDIRECT] 
2026-05-05 22:57:16,526 [ERROR] LogOutputStream:75 - [STDERR_REDIRECT] [Fatal Error] :1:1: Premature end of file.
2026-05-05 22:57:16,526 [ERROR] LogOutputStream:75 - [STDERR_REDIRECT] 
2026-05-05 22:57:17,545 [ERROR] LogOutputStream:75 - [STDERR_REDIRECT] [Fatal Error] :1:1: Premature end of file.
2026-05-05 22:57:17,545 [ERROR] LogOutputStream:75 - [STDERR_REDIRECT] 
2026-05-05 22:57:18,545 [ERROR] LogOutputStream:75 - [STDERR_REDIRECT] [Fatal Error] :1:1: Premature end of file.
2026-05-05 22:57:18,546 [ERROR] LogOutputStream:75 - [STDERR_REDIRECT] 
2026-05-05 22:57:19,538 [ERROR] LogOutputStream:75 - [STDERR_REDIRECT] [Fatal Error] :1:1: Premature end of file.
2026-05-05 22:57:19,539 [ERROR] LogOutputStream:75 - [STDERR_REDIRECT] 
2026-05-05 22:57:20,550 [ERROR] LogOutputStream:75 - [STDERR_REDIRECT] [Fatal Error] :1:1: Premature end of file.
2026-05-05 22:57:20,552 [ERROR] LogOutputStream:75 - [STDERR_REDIRECT] 
2026-05-05 22:57:21,541 [ERROR] LogOutputStream:75 - [STDERR_REDIRECT] [Fatal Error] :1:1: Premature end of file.
2026-05-05 22:57:21,541 [ERROR] LogOutputStream:75 - [STDERR_REDIRECT] 
2026-05-05 22:57:22,539 [ERROR] LogOutputStream:75 - [STDERR_REDIRECT] [Fatal Error] :1:1: Premature end of file.
2026-05-05 22:57:22,540 [ERROR] LogOutputStream:75 - [STDERR_REDIRECT] 
2026-05-05 22:57:22,573 [ERROR] ConfigurationRetriever:142 - IOException on connection: Read timed out
2026-05-05 22:57:23,549 [ERROR] LogOutputStream:75 - [STDERR_REDIRECT] [Fatal Error] :1:1: Premature end of file.
2026-05-05 22:57:23,549 [ERROR] LogOutputStream:75 - [STDERR_REDIRECT] 
2026-05-05 22:57:24,580 [ERROR] ConfigurationRetriever:142 - IOException on connection: Connect timed out
2026-05-05 22:57:24,579 [ERROR] LogOutputStream:75 - [STDERR_REDIRECT] [Fatal Error] :1:1: Premature end of file.
2026-05-05 22:57:24,582 [ERROR] LogOutputStream:75 - [STDERR_REDIRECT] 
2026-05-05 22:57:25,524 [ERROR] LogOutputStream:75 - [STDERR_REDIRECT] [Fatal Error] :1:1: Premature end of file.
2026-05-05 22:57:25,525 [ERROR] LogOutputStream:75 - [STDERR_REDIRECT] 
2026-05-05 22:57:26,526 [ERROR] LogOutputStream:75 - [STDERR_REDIRECT] [Fatal Error] :1:1: Premature end of file.
2026-05-05 22:57:26,527 [ERROR] LogOutputStream:75 - [STDERR_REDIRECT] 
2026-05-05 22:57:26,597 [ERROR] ConfigurationRetriever:142 - IOException on connection: Connect timed out
2026-05-05 22:57:27,559 [ERROR] LogOutputStream:75 - [STDERR_REDIRECT] [Fatal Error] :1:1: Premature end of file.
2026-05-05 22:57:27,559 [ERROR] LogOutputStream:75 - [STDERR_REDIRECT] 
2026-05-05 22:57:28,542 [ERROR] LogOutputStream:75 - [STDERR_REDIRECT] [Fatal Error] :1:1: Premature end of file.
2026-05-05 22:57:28,543 [ERROR] LogOutputStream:75 - [STDERR_REDIRECT] 
2026-05-05 22:57:29,520 [ERROR] LogOutputStream:75 - [STDERR_REDIRECT] [Fatal Error] :1:1: Premature end of file.
2026-05-05 22:57:29,520 [ERROR] LogOutputStream:75 - [STDERR_REDIRECT] 
2026-05-05 22:57:30,536 [ERROR] LogOutputStream:75 - [STDERR_REDIRECT] [Fatal Error] :1:1: Premature end of file.
2026-05-05 22:57:30,537 [ERROR] LogOutputStream:75 - [STDERR_REDIRECT] 
2026-05-05 22:57:31,514 [ERROR] LogOutputStream:75 - [STDERR_REDIRECT] [Fatal Error] :1:1: Premature end of file.
2026-05-05 22:57:31,515 [ERROR] LogOutputStream:75 - [STDERR_REDIRECT] 
2026-05-05 22:57:32,556 [ERROR] LogOutputStream:75 - [STDERR_REDIRECT] [Fatal Error] :1:1: Premature end of file.
2026-05-05 22:57:32,557 [ERROR] LogOutputStream:75 - [STDERR_REDIRECT] 
2026-05-05 22:57:33,562 [ERROR] LogOutputStream:75 - [STDERR_REDIRECT] [Fatal Error] :1:1: Premature end of file.
2026-05-05 22:57:33,562 [ERROR] LogOutputStream:75 - [STDERR_REDIRECT] 
2026-05-05 22:57:34,557 [ERROR] LogOutputStream:75 - [STDERR_REDIRECT] [Fatal Error] :1:1: Premature end of file.
2026-05-05 22:57:34,558 [ERROR] LogOutputStream:75 - [STDERR_REDIRECT] 
2026-05-05 22:57:35,566 [ERROR] LogOutputStream:75 - [STDERR_REDIRECT] [Fatal Error] :1:1: Premature end of file.
2026-05-05 22:57:35,566 [ERROR] LogOutputStream:75 - [STDERR_REDIRECT] 
2026-05-05 22:57:36,544 [ERROR] LogOutputStream:75 - [STDERR_REDIRECT] [Fatal Error] :1:1: Premature end of file.
2026-05-05 22:57:36,544 [ERROR] LogOutputStream:75 - [STDERR_REDIRECT] 
2026-05-05 22:57:37,546 [ERROR] LogOutputStream:75 - [STDERR_REDIRECT] [Fatal Error] :1:1: Premature end of file.
2026-05-05 22:57:37,546 [ERROR] LogOutputStream:75 - [STDERR_REDIRECT] 
2026-05-05 22:57:38,572 [ERROR] LogOutputStream:75 - [STDERR_REDIRECT] [Fatal Error] :1:1: Premature end of file.
2026-05-05 22:57:38,572 [ERROR] LogOutputStream:75 - [STDERR_REDIRECT] 
2026-05-05 22:57:39,549 [ERROR] LogOutputStream:75 - [STDERR_REDIRECT] [Fatal Error] :1:1: Premature end of file.
2026-05-05 22:57:39,550 [ERROR] LogOutputStream:75 - [STDERR_REDIRECT] 
2026-05-05 22:57:40,553 [ERROR] LogOutputStream:75 - [STDERR_REDIRECT] [Fatal Error] :1:1: Premature end of file.
2026-05-05 22:57:40,553 [ERROR] LogOutputStream:75 - [STDERR_REDIRECT] 
2026-05-05 22:57:41,551 [ERROR] LogOutputStream:75 - [STDERR_REDIRECT] [Fatal Error] :1:1: Premature end of file.
2026-05-05 22:57:41,551 [ERROR] LogOutputStream:75 - [STDERR_REDIRECT] 
2026-05-05 22:57:42,543 [ERROR] LogOutputStream:75 - [STDERR_REDIRECT] [Fatal Error] :1:1: Premature end of file.
2026-05-05 22:57:42,544 [ERROR] LogOutputStream:75 - [STDERR_REDIRECT] 
2026-05-05 22:57:43,548 [ERROR] LogOutputStream:75 - [STDERR_REDIRECT] [Fatal Error] :1:1: Premature end of file.
2026-05-05 22:57:43,548 [ERROR] LogOutputStream:75 - [STDERR_REDIRECT] 
2026-05-05 22:57:44,548 [ERROR] LogOutputStream:75 - [STDERR_REDIRECT] [Fatal Error] :1:1: Premature end of file.
2026-05-05 22:57:44,549 [ERROR] LogOutputStream:75 - [STDERR_REDIRECT] 
2026-05-05 22:57:45,555 [ERROR] LogOutputStream:75 - [STDERR_REDIRECT] [Fatal Error] :1:1: Premature end of file.
2026-05-05 22:57:45,555 [ERROR] LogOutputStream:75 - [STDERR_REDIRECT] 
2026-05-05 22:57:46,551 [ERROR] LogOutputStream:75 - [STDERR_REDIRECT] [Fatal Error] :1:1: Premature end of file.
2026-05-05 22:57:46,552 [ERROR] LogOutputStream:75 - [STDERR_REDIRECT] 
2026-05-05 22:57:47,554 [ERROR] LogOutputStream:75 - [STDERR_REDIRECT] [Fatal Error] :1:1: Premature end of file.
2026-05-05 22:57:47,555 [ERROR] LogOutputStream:75 - [STDERR_REDIRECT] 
2026-05-05 22:57:48,561 [ERROR] LogOutputStream:75 - [STDERR_REDIRECT] [Fatal Error] :1:1: Premature end of file.
2026-05-05 22:57:48,562 [ERROR] LogOutputStream:75 - [STDERR_REDIRECT] 
2026-05-05 22:57:49,570 [ERROR] LogOutputStream:75 - [STDERR_REDIRECT] [Fatal Error] :1:1: Premature end of file.
2026-05-05 22:57:49,571 [ERROR] LogOutputStream:75 - [STDERR_REDIRECT] 
2026-05-05 22:57:50,568 [ERROR] LogOutputStream:75 - [STDERR_REDIRECT] [Fatal Error] :1:1: Premature end of file.
2026-05-05 22:57:50,568 [ERROR] LogOutputStream:75 - [STDERR_REDIRECT] 
2026-05-05 22:57:51,558 [ERROR] LogOutputStream:75 - [STDERR_REDIRECT] [Fatal Error] :1:1: Premature end of file.
2026-05-05 22:57:51,558 [ERROR] LogOutputStream:75 - [STDERR_REDIRECT] 
2026-05-05 22:57:54,162 [ERROR] LogOutputStream:75 - [STDERR_REDIRECT] [Fatal Error] :1:1: Premature end of file.
2026-05-05 22:57:54,162 [ERROR] LogOutputStream:75 - [STDERR_REDIRECT] 
2026-05-05 22:57:54,255 [ERROR] LogOutputStream:75 - [STDERR_REDIRECT] [Fatal Error] :1:1: Premature end of file.
2026-05-05 22:57:54,256 [ERROR] LogOutputStream:75 - [STDERR_REDIRECT] 
2026-05-05 22:57:55,304 [ERROR] LogOutputStream:75 - [STDERR_REDIRECT] [Fatal Error] :1:1: Premature end of file.
2026-05-05 22:57:55,305 [ERROR] LogOutputStream:75 - [STDERR_REDIRECT] 
2026-05-05 22:57:55,704 [ERROR] LogOutputStream:75 - [STDERR_REDIRECT] [Fatal Error] :1:1: Premature end of file.
2026-05-05 22:57:55,705 [ERROR] LogOutputStream:75 - [STDERR_REDIRECT] 
2026-05-05 22:57:56,574 [ERROR] LogOutputStream:75 - [STDERR_REDIRECT] [Fatal Error] :1:1: Premature end of file.
2026-05-05 22:57:56,574 [ERROR] LogOutputStream:75 - [STDERR_REDIRECT] 
2026-05-05 22:57:57,548 [ERROR] LogOutputStream:75 - [STDERR_REDIRECT] [Fatal Error] :1:1: Premature end of file.
2026-05-05 22:57:57,549 [ERROR] LogOutputStream:75 - [STDERR_REDIRECT] 
2026-05-05 22:57:58,543 [ERROR] LogOutputStream:75 - [STDERR_REDIRECT] [Fatal Error] :1:1: Premature end of file.
2026-05-05 22:57:58,543 [ERROR] LogOutputStream:75 - [STDERR_REDIRECT] 
2026-05-05 22:57:59,536 [ERROR] LogOutputStream:75 - [STDERR_REDIRECT] [Fatal Error] :1:1: Premature end of file.
2026-05-05 22:57:59,536 [ERROR] LogOutputStream:75 - [STDERR_REDIRECT] 
2026-05-05 22:58:00,549 [ERROR] LogOutputStream:75 - [STDERR_REDIRECT] [Fatal Error] :1:1: Premature end of file.
2026-05-05 22:58:00,549 [ERROR] LogOutputStream:75 - [STDERR_REDIRECT] 
2026-05-05 22:58:01,557 [ERROR] LogOutputStream:75 - [STDERR_REDIRECT] [Fatal Error] :1:1: Premature end of file.
2026-05-05 22:58:01,557 [ERROR] LogOutputStream:75 - [STDERR_REDIRECT] 
2026-05-05 22:58:02,557 [ERROR] LogOutputStream:75 - [STDERR_REDIRECT] [Fatal Error] :1:1: Premature end of file.
2026-05-05 22:58:02,560 [ERROR] LogOutputStream:75 - [STDERR_REDIRECT] 
2026-05-05 22:58:03,571 [ERROR] LogOutputStream:75 - [STDERR_REDIRECT] [Fatal Error] :1:1: Premature end of file.
2026-05-05 22:58:03,576 [ERROR] LogOutputStream:75 - [STDERR_REDIRECT] 
2026-05-05 22:58:04,612 [ERROR] LogOutputStream:75 - [STDERR_REDIRECT] [Fatal Error] :1:1: Premature end of file.
2026-05-05 22:58:04,612 [ERROR] LogOutputStream:75 - [STDERR_REDIRECT] 
2026-05-05 22:58:05,556 [ERROR] LogOutputStream:75 - [STDERR_REDIRECT] [Fatal Error] :1:1: Premature end of file.
2026-05-05 22:58:05,557 [ERROR] LogOutputStream:75 - [STDERR_REDIRECT] 
2026-05-05 22:58:06,553 [ERROR] LogOutputStream:75 - [STDERR_REDIRECT] [Fatal Error] :1:1: Premature end of file.
2026-05-05 22:58:06,554 [ERROR] LogOutputStream:75 - [STDERR_REDIRECT] 
2026-05-05 22:58:07,563 [ERROR] LogOutputStream:75 - [STDERR_REDIRECT] [Fatal Error] :1:1: Premature end of file.
2026-05-05 22:58:07,568 [ERROR] LogOutputStream:75 - [STDERR_REDIRECT] 
2026-05-05 22:58:08,559 [ERROR] LogOutputStream:75 - [STDERR_REDIRECT] [Fatal Error] :1:1: Premature end of file.
2026-05-05 22:58:08,560 [ERROR] LogOutputStream:75 - [STDERR_REDIRECT] 
2026-05-05 22:58:09,569 [ERROR] LogOutputStream:75 - [STDERR_REDIRECT] [Fatal Error] :1:1: Premature end of file.
2026-05-05 22:58:09,569 [ERROR] LogOutputStream:75 - [STDERR_REDIRECT] 
2026-05-05 22:58:10,565 [ERROR] LogOutputStream:75 - [STDERR_REDIRECT] [Fatal Error] :1:1: Premature end of file.
2026-05-05 22:58:10,566 [ERROR] LogOutputStream:75 - [STDERR_REDIRECT] 
2026-05-05 22:58:11,540 [ERROR] LogOutputStream:75 - [STDERR_REDIRECT] [Fatal Error] :1:1: Premature end of file.
2026-05-05 22:58:11,540 [ERROR] LogOutputStream:75 - [STDERR_REDIRECT] 
2026-05-05 22:58:12,575 [ERROR] LogOutputStream:75 - [STDERR_REDIRECT] [Fatal Error] :1:1: Premature end of file.
2026-05-05 22:58:12,575 [ERROR] LogOutputStream:75 - [STDERR_REDIRECT] 
2026-05-05 22:58:13,575 [ERROR] LogOutputStream:75 - [STDERR_REDIRECT] [Fatal Error] :1:1: Premature end of file.
2026-05-05 22:58:13,575 [ERROR] LogOutputStream:75 - [STDERR_REDIRECT] 
2026-05-05 22:58:14,582 [ERROR] LogOutputStream:75 - [STDERR_REDIRECT] [Fatal Error] :1:1: Premature end of file.
2026-05-05 22:58:14,588 [ERROR] LogOutputStream:75 - [STDERR_REDIRECT] 
2026-05-05 22:58:15,561 [ERROR] LogOutputStream:75 - [STDERR_REDIRECT] [Fatal Error] :1:1: Premature end of file.
2026-05-05 22:58:15,562 [ERROR] LogOutputStream:75 - [STDERR_REDIRECT] 
2026-05-05 22:58:16,702 [ERROR] LogOutputStream:75 - [STDERR_REDIRECT] [Fatal Error] :1:1: Premature end of file.
2026-05-05 22:58:16,715 [ERROR] LogOutputStream:75 - [STDERR_REDIRECT] 
2026-05-05 22:58:17,537 [ERROR] LogOutputStream:75 - [STDERR_REDIRECT] [Fatal Error] :1:1: Premature end of file.
2026-05-05 22:58:17,539 [ERROR] LogOutputStream:75 - [STDERR_REDIRECT] 
2026-05-05 22:58:18,560 [ERROR] LogOutputStream:75 - [STDERR_REDIRECT] [Fatal Error] :1:1: Premature end of file.
2026-05-05 22:58:18,560 [ERROR] LogOutputStream:75 - [STDERR_REDIRECT] 
2026-05-05 22:58:19,559 [ERROR] LogOutputStream:75 - [STDERR_REDIRECT] [Fatal Error] :1:1: Premature end of file.
2026-05-05 22:58:19,560 [ERROR] LogOutputStream:75 - [STDERR_REDIRECT] 
2026-05-05 22:58:20,551 [ERROR] LogOutputStream:75 - [STDERR_REDIRECT] [Fatal Error] :1:1: Premature end of file.
2026-05-05 22:58:20,552 [ERROR] LogOutputStream:75 - [STDERR_REDIRECT] 
2026-05-05 22:58:21,552 [ERROR] LogOutputStream:75 - [STDERR_REDIRECT] [Fatal Error] :1:1: Premature end of file.
2026-05-05 22:58:21,553 [ERROR] LogOutputStream:75 - [STDERR_REDIRECT] 
2026-05-05 22:58:22,573 [ERROR] LogOutputStream:75 - [STDERR_REDIRECT] [Fatal Error] :1:1: Premature end of file.
2026-05-05 22:58:22,573 [ERROR] LogOutputStream:75 - [STDERR_REDIRECT] 
2026-05-05 22:58:23,588 [ERROR] LogOutputStream:75 - [STDERR_REDIRECT] [Fatal Error] :1:1: Premature end of file.
2026-05-05 22:58:23,588 [ERROR] LogOutputStream:75 - [STDERR_REDIRECT] 
2026-05-05 22:58:24,588 [ERROR] LogOutputStream:75 - [STDERR_REDIRECT] [Fatal Error] :1:1: Premature end of file.
2026-05-05 22:58:24,588 [ERROR] LogOutputStream:75 - [STDERR_REDIRECT] 
2026-05-05 22:58:25,538 [ERROR] LogOutputStream:75 - [STDERR_REDIRECT] [Fatal Error] :1:1: Premature end of file.
2026-05-05 22:58:25,538 [ERROR] LogOutputStream:75 - [STDERR_REDIRECT] 
2026-05-05 22:58:26,560 [ERROR] LogOutputStream:75 - [STDERR_REDIRECT] [Fatal Error] :1:1: Premature end of file.
2026-05-05 22:58:26,561 [ERROR] LogOutputStream:75 - [STDERR_REDIRECT] 
2026-05-05 22:58:27,560 [ERROR] LogOutputStream:75 - [STDERR_REDIRECT] [Fatal Error] :1:1: Premature end of file.
2026-05-05 22:58:27,560 [ERROR] LogOutputStream:75 - [STDERR_REDIRECT] 
2026-05-05 22:58:28,559 [ERROR] LogOutputStream:75 - [STDERR_REDIRECT] [Fatal Error] :1:1: Premature end of file.
2026-05-05 22:58:28,559 [ERROR] LogOutputStream:75 - [STDERR_REDIRECT] 
2026-05-05 22:58:29,558 [ERROR] LogOutputStream:75 - [STDERR_REDIRECT] [Fatal Error] :1:1: Premature end of file.
2026-05-05 22:58:29,559 [ERROR] LogOutputStream:75 - [STDERR_REDIRECT] 
2026-05-05 22:58:30,550 [ERROR] LogOutputStream:75 - [STDERR_REDIRECT] [Fatal Error] :1:1: Premature end of file.
2026-05-05 22:58:30,551 [ERROR] LogOutputStream:75 - [STDERR_REDIRECT] 
2026-05-05 22:58:31,571 [ERROR] LogOutputStream:75 - [STDERR_REDIRECT] [Fatal Error] :1:1: Premature end of file.
2026-05-05 22:58:31,572 [ERROR] LogOutputStream:75 - [STDERR_REDIRECT] 
2026-05-05 22:58:32,542 [ERROR] LogOutputStream:75 - [STDERR_REDIRECT] [Fatal Error] :1:1: Premature end of file.
2026-05-05 22:58:32,542 [ERROR] LogOutputStream:75 - [STDERR_REDIRECT] 
2026-05-05 22:58:33,542 [ERROR] LogOutputStream:75 - [STDERR_REDIRECT] [Fatal Error] :1:1: Premature end of file.
2026-05-05 22:58:33,543 [ERROR] LogOutputStream:75 - [STDERR_REDIRECT] 
2026-05-05 22:58:34,542 [ERROR] LogOutputStream:75 - [STDERR_REDIRECT] [Fatal Error] :1:1: Premature end of file.
2026-05-05 22:58:34,543 [ERROR] LogOutputStream:75 - [STDERR_REDIRECT] 
2026-05-05 22:58:35,564 [ERROR] LogOutputStream:75 - [STDERR_REDIRECT] [Fatal Error] :1:1: Premature end of file.
2026-05-05 22:58:35,564 [ERROR] LogOutputStream:75 - [STDERR_REDIRECT] 
2026-05-05 22:58:36,579 [ERROR] LogOutputStream:75 - [STDERR_REDIRECT] [Fatal Error] :1:1: Premature end of file.
2026-05-05 22:58:36,579 [ERROR] LogOutputStream:75 - [STDERR_REDIRECT] 
2026-05-05 22:58:37,549 [ERROR] LogOutputStream:75 - [STDERR_REDIRECT] [Fatal Error] :1:1: Premature end of file.
2026-05-05 22:58:37,550 [ERROR] LogOutputStream:75 - [STDERR_REDIRECT] 
2026-05-05 22:58:38,552 [ERROR] LogOutputStream:75 - [STDERR_REDIRECT] [Fatal Error] :1:1: Premature end of file.
2026-05-05 22:58:38,552 [ERROR] LogOutputStream:75 - [STDERR_REDIRECT] 
2026-05-05 22:58:39,591 [ERROR] LogOutputStream:75 - [STDERR_REDIRECT] [Fatal Error] :1:1: Premature end of file.
2026-05-05 22:58:39,592 [ERROR] LogOutputStream:75 - [STDERR_REDIRECT] 
2026-05-05 22:58:40,545 [ERROR] LogOutputStream:75 - [STDERR_REDIRECT] [Fatal Error] :1:1: Premature end of file.
2026-05-05 22:58:40,548 [ERROR] LogOutputStream:75 - [STDERR_REDIRECT] 
2026-05-05 22:58:41,549 [ERROR] LogOutputStream:75 - [STDERR_REDIRECT] [Fatal Error] :1:1: Premature end of file.
2026-05-05 22:58:41,550 [ERROR] LogOutputStream:75 - [STDERR_REDIRECT] 
2026-05-05 22:58:42,556 [ERROR] LogOutputStream:75 - [STDERR_REDIRECT] [Fatal Error] :1:1: Premature end of file.
2026-05-05 22:58:42,556 [ERROR] LogOutputStream:75 - [STDERR_REDIRECT] 
2026-05-05 22:58:43,550 [ERROR] LogOutputStream:75 - [STDERR_REDIRECT] [Fatal Error] :1:1: Premature end of file.
2026-05-05 22:58:43,550 [ERROR] LogOutputStream:75 - [STDERR_REDIRECT] 
2026-05-05 22:58:44,541 [ERROR] LogOutputStream:75 - [STDERR_REDIRECT] [Fatal Error] :1:1: Premature end of file.
2026-05-05 22:58:44,541 [ERROR] LogOutputStream:75 - [STDERR_REDIRECT] 
2026-05-05 22:58:45,719 [ERROR] LogOutputStream:75 - [STDERR_REDIRECT] [Fatal Error] :1:1: Premature end of file.
2026-05-05 22:58:45,721 [ERROR] LogOutputStream:75 - [STDERR_REDIRECT] 
2026-05-05 22:58:46,551 [ERROR] LogOutputStream:75 - [STDERR_REDIRECT] [Fatal Error] :1:1: Premature end of file.
2026-05-05 22:58:46,551 [ERROR] LogOutputStream:75 - [STDERR_REDIRECT] 
2026-05-05 22:58:47,542 [ERROR] LogOutputStream:75 - [STDERR_REDIRECT] [Fatal Error] :1:1: Premature end of file.
2026-05-05 22:58:47,542 [ERROR] LogOutputStream:75 - [STDERR_REDIRECT] 
2026-05-05 22:58:48,598 [ERROR] LogOutputStream:75 - [STDERR_REDIRECT] [Fatal Error] :1:1: Premature end of file.
2026-05-05 22:58:48,598 [ERROR] LogOutputStream:75 - [STDERR_REDIRECT] 
2026-05-05 22:58:49,542 [ERROR] LogOutputStream:75 - [STDERR_REDIRECT] [Fatal Error] :1:1: Premature end of file.
2026-05-05 22:58:49,542 [ERROR] LogOutputStream:75 - [STDERR_REDIRECT] 
2026-05-05 22:58:50,549 [ERROR] LogOutputStream:75 - [STDERR_REDIRECT] [Fatal Error] :1:1: Premature end of file.
2026-05-05 22:58:50,549 [ERROR] LogOutputStream:75 - [STDERR_REDIRECT] 
2026-05-05 22:58:51,578 [ERROR] LogOutputStream:75 - [STDERR_REDIRECT] [Fatal Error] :1:1: Premature end of file.
2026-05-05 22:58:51,578 [ERROR] LogOutputStream:75 - [STDERR_REDIRECT] 
2026-05-05 22:58:52,540 [ERROR] LogOutputStream:75 - [STDERR_REDIRECT] [Fatal Error] :1:1: Premature end of file.
2026-05-05 22:58:52,541 [ERROR] LogOutputStream:75 - [STDERR_REDIRECT] 
2026-05-05 22:58:53,559 [ERROR] LogOutputStream:75 - [STDERR_REDIRECT] [Fatal Error] :1:1: Premature end of file.
2026-05-05 22:58:53,561 [ERROR] LogOutputStream:75 - [STDERR_REDIRECT] 
2026-05-05 22:58:54,556 [ERROR] LogOutputStream:75 - [STDERR_REDIRECT] [Fatal Error] :1:1: Premature end of file.
2026-05-05 22:58:54,556 [ERROR] LogOutputStream:75 - [STDERR_REDIRECT] 
2026-05-05 22:58:55,542 [ERROR] LogOutputStream:75 - [STDERR_REDIRECT] [Fatal Error] :1:1: Premature end of file.
2026-05-05 22:58:55,543 [ERROR] LogOutputStream:75 - [STDERR_REDIRECT] 
2026-05-05 22:58:56,550 [ERROR] LogOutputStream:75 - [STDERR_REDIRECT] [Fatal Error] :1:1: Premature end of file.
2026-05-05 22:58:56,550 [ERROR] LogOutputStream:75 - [STDERR_REDIRECT] 
2026-05-05 22:58:57,546 [ERROR] LogOutputStream:75 - [STDERR_REDIRECT] [Fatal Error] :1:1: Premature end of file.
2026-05-05 22:58:57,546 [ERROR] LogOutputStream:75 - [STDERR_REDIRECT] 
2026-05-05 22:58:58,540 [ERROR] LogOutputStream:75 - [STDERR_REDIRECT] [Fatal Error] :1:1: Premature end of file.
2026-05-05 22:58:58,540 [ERROR] LogOutputStream:75 - [STDERR_REDIRECT] 
2026-05-05 22:58:59,543 [ERROR] LogOutputStream:75 - [STDERR_REDIRECT] [Fatal Error] :1:1: Premature end of file.
2026-05-05 22:58:59,545 [ERROR] LogOutputStream:75 - [STDERR_REDIRECT] 
2026-05-05 22:59:00,549 [ERROR] LogOutputStream:75 - [STDERR_REDIRECT] [Fatal Error] :1:1: Premature end of file.
2026-05-05 22:59:00,549 [ERROR] LogOutputStream:75 - [STDERR_REDIRECT] 
2026-05-05 22:59:01,539 [ERROR] LogOutputStream:75 - [STDERR_REDIRECT] [Fatal Error] :1:1: Premature end of file.
2026-05-05 22:59:01,539 [ERROR] LogOutputStream:75 - [STDERR_REDIRECT] 
2026-05-05 22:59:02,651 [ERROR] LogOutputStream:75 - [STDERR_REDIRECT] [Fatal Error] :1:1: Premature end of file.
2026-05-05 22:59:02,651 [ERROR] LogOutputStream:75 - [STDERR_REDIRECT] 
2026-05-05 22:59:03,553 [ERROR] LogOutputStream:75 - [STDERR_REDIRECT] [Fatal Error] :1:1: Premature end of file.
2026-05-05 22:59:03,553 [ERROR] LogOutputStream:75 - [STDERR_REDIRECT] 
2026-05-05 22:59:04,534 [ERROR] LogOutputStream:75 - [STDERR_REDIRECT] [Fatal Error] :1:1: Premature end of file.
2026-05-05 22:59:04,534 [ERROR] LogOutputStream:75 - [STDERR_REDIRECT] 
2026-05-05 22:59:05,557 [ERROR] LogOutputStream:75 - [STDERR_REDIRECT] [Fatal Error] :1:1: Premature end of file.
2026-05-05 22:59:05,560 [ERROR] LogOutputStream:75 - [STDERR_REDIRECT] 
2026-05-05 22:59:06,542 [ERROR] LogOutputStream:75 - [STDERR_REDIRECT] [Fatal Error] :1:1: Premature end of file.
2026-05-05 22:59:06,542 [ERROR] LogOutputStream:75 - [STDERR_REDIRECT] 
2026-05-05 22:59:07,561 [ERROR] LogOutputStream:75 - [STDERR_REDIRECT] [Fatal Error] :1:1: Premature end of file.
2026-05-05 22:59:07,562 [ERROR] LogOutputStream:75 - [STDERR_REDIRECT] 
2026-05-05 22:59:08,578 [ERROR] LogOutputStream:75 - [STDERR_REDIRECT] [Fatal Error] :1:1: Premature end of file.
2026-05-05 22:59:08,579 [ERROR] LogOutputStream:75 - [STDERR_REDIRECT] 
2026-05-05 22:59:09,539 [ERROR] LogOutputStream:75 - [STDERR_REDIRECT] [Fatal Error] :1:1: Premature end of file.
2026-05-05 22:59:09,539 [ERROR] LogOutputStream:75 - [STDERR_REDIRECT] 
2026-05-05 22:59:10,536 [ERROR] LogOutputStream:75 - [STDERR_REDIRECT] [Fatal Error] :1:1: Premature end of file.
2026-05-05 22:59:10,537 [ERROR] LogOutputStream:75 - [STDERR_REDIRECT] 
2026-05-05 22:59:11,539 [ERROR] LogOutputStream:75 - [STDERR_REDIRECT] [Fatal Error] :1:1: Premature end of file.
2026-05-05 22:59:11,539 [ERROR] LogOutputStream:75 - [STDERR_REDIRECT] 
2026-05-05 22:59:12,560 [ERROR] LogOutputStream:75 - [STDERR_REDIRECT] [Fatal Error] :1:1: Premature end of file.
2026-05-05 22:59:12,560 [ERROR] LogOutputStream:75 - [STDERR_REDIRECT] 
2026-05-05 22:59:13,572 [ERROR] LogOutputStream:75 - [STDERR_REDIRECT] [Fatal Error] :1:1: Premature end of file.
2026-05-05 22:59:13,572 [ERROR] LogOutputStream:75 - [STDERR_REDIRECT] 
2026-05-05 22:59:14,555 [ERROR] LogOutputStream:75 - [STDERR_REDIRECT] [Fatal Error] :1:1: Premature end of file.
2026-05-05 22:59:14,557 [ERROR] LogOutputStream:75 - [STDERR_REDIRECT] 
2026-05-05 22:59:15,568 [ERROR] LogOutputStream:75 - [STDERR_REDIRECT] [Fatal Error] :1:1: Premature end of file.
2026-05-05 22:59:15,570 [ERROR] LogOutputStream:75 - [STDERR_REDIRECT] 
2026-05-05 22:59:16,554 [ERROR] LogOutputStream:75 - [STDERR_REDIRECT] [Fatal Error] :1:1: Premature end of file.
2026-05-05 22:59:16,558 [ERROR] LogOutputStream:75 - [STDERR_REDIRECT] 
2026-05-05 22:59:17,550 [ERROR] LogOutputStream:75 - [STDERR_REDIRECT] [Fatal Error] :1:1: Premature end of file.
2026-05-05 22:59:17,551 [ERROR] LogOutputStream:75 - [STDERR_REDIRECT] 
2026-05-05 22:59:18,643 [ERROR] LogOutputStream:75 - [STDERR_REDIRECT] [Fatal Error] :1:1: Premature end of file.
2026-05-05 22:59:18,643 [ERROR] LogOutputStream:75 - [STDERR_REDIRECT] 
2026-05-05 22:59:19,574 [ERROR] LogOutputStream:75 - [STDERR_REDIRECT] [Fatal Error] :1:1: Premature end of file.
2026-05-05 22:59:19,574 [ERROR] LogOutputStream:75 - [STDERR_REDIRECT] 
2026-05-05 22:59:20,592 [ERROR] LogOutputStream:75 - [STDERR_REDIRECT] [Fatal Error] :1:1: Premature end of file.
2026-05-05 22:59:20,593 [ERROR] LogOutputStream:75 - [STDERR_REDIRECT] 
2026-05-05 22:59:21,573 [ERROR] LogOutputStream:75 - [STDERR_REDIRECT] [Fatal Error] :1:1: Premature end of file.
2026-05-05 22:59:21,573 [ERROR] LogOutputStream:75 - [STDERR_REDIRECT] 
2026-05-05 22:59:22,564 [ERROR] LogOutputStream:75 - [STDERR_REDIRECT] [Fatal Error] :1:1: Premature end of file.
2026-05-05 22:59:22,564 [ERROR] LogOutputStream:75 - [STDERR_REDIRECT] 
2026-05-05 22:59:23,566 [ERROR] LogOutputStream:75 - [STDERR_REDIRECT] [Fatal Error] :1:1: Premature end of file.
2026-05-05 22:59:23,566 [ERROR] LogOutputStream:75 - [STDERR_REDIRECT] 
2026-05-05 22:59:24,577 [ERROR] LogOutputStream:75 - [STDERR_REDIRECT] [Fatal Error] :1:1: Premature end of file.
2026-05-05 22:59:24,578 [ERROR] LogOutputStream:75 - [STDERR_REDIRECT] 
2026-05-05 22:59:25,557 [ERROR] LogOutputStream:75 - [STDERR_REDIRECT] [Fatal Error] :1:1: Premature end of file.
2026-05-05 22:59:25,557 [ERROR] LogOutputStream:75 - [STDERR_REDIRECT] 
2026-05-05 22:59:26,559 [ERROR] LogOutputStream:75 - [STDERR_REDIRECT] [Fatal Error] :1:1: Premature end of file.
2026-05-05 22:59:26,560 [ERROR] LogOutputStream:75 - [STDERR_REDIRECT] 
2026-05-05 22:59:27,571 [ERROR] LogOutputStream:75 - [STDERR_REDIRECT] [Fatal Error] :1:1: Premature end of file.
2026-05-05 22:59:27,572 [ERROR] LogOutputStream:75 - [STDERR_REDIRECT] 
2026-05-05 22:59:28,558 [ERROR] LogOutputStream:75 - [STDERR_REDIRECT] [Fatal Error] :1:1: Premature end of file.
2026-05-05 22:59:28,558 [ERROR] LogOutputStream:75 - [STDERR_REDIRECT] 
2026-05-05 22:59:29,572 [ERROR] LogOutputStream:75 - [STDERR_REDIRECT] [Fatal Error] :1:1: Premature end of file.
2026-05-05 22:59:29,576 [ERROR] LogOutputStream:75 - [STDERR_REDIRECT] 
2026-05-05 22:59:30,567 [ERROR] LogOutputStream:75 - [STDERR_REDIRECT] [Fatal Error] :1:1: Premature end of file.
2026-05-05 22:59:30,569 [ERROR] LogOutputStream:75 - [STDERR_REDIRECT] 
2026-05-05 22:59:31,536 [ERROR] LogOutputStream:75 - [STDERR_REDIRECT] [Fatal Error] :1:1: Premature end of file.
2026-05-05 22:59:31,536 [ERROR] LogOutputStream:75 - [STDERR_REDIRECT] 
2026-05-05 22:59:32,575 [ERROR] LogOutputStream:75 - [STDERR_REDIRECT] [Fatal Error] :1:1: Premature end of file.
2026-05-05 22:59:32,577 [ERROR] LogOutputStream:75 - [STDERR_REDIRECT] 
2026-05-05 22:59:33,554 [ERROR] LogOutputStream:75 - [STDERR_REDIRECT] [Fatal Error] :1:1: Premature end of file.
2026-05-05 22:59:33,555 [ERROR] LogOutputStream:75 - [STDERR_REDIRECT] 
2026-05-05 22:59:34,561 [ERROR] LogOutputStream:75 - [STDERR_REDIRECT] [Fatal Error] :1:1: Premature end of file.
2026-05-05 22:59:34,561 [ERROR] LogOutputStream:75 - [STDERR_REDIRECT] 
2026-05-05 22:59:35,555 [ERROR] LogOutputStream:75 - [STDERR_REDIRECT] [Fatal Error] :1:1: Premature end of file.
2026-05-05 22:59:35,556 [ERROR] LogOutputStream:75 - [STDERR_REDIRECT] 
2026-05-05 22:59:36,545 [ERROR] LogOutputStream:75 - [STDERR_REDIRECT] [Fatal Error] :1:1: Premature end of file.
2026-05-05 22:59:36,547 [ERROR] LogOutputStream:75 - [STDERR_REDIRECT] 
2026-05-05 22:59:37,578 [ERROR] LogOutputStream:75 - [STDERR_REDIRECT] [Fatal Error] :1:1: Premature end of file.
2026-05-05 22:59:37,578 [ERROR] LogOutputStream:75 - [STDERR_REDIRECT] 
2026-05-05 22:59:38,589 [ERROR] LogOutputStream:75 - [STDERR_REDIRECT] [Fatal Error] :1:1: Premature end of file.
2026-05-05 22:59:38,589 [ERROR] LogOutputStream:75 - [STDERR_REDIRECT] 
2026-05-05 22:59:39,552 [ERROR] LogOutputStream:75 - [STDERR_REDIRECT] [Fatal Error] :1:1: Premature end of file.
2026-05-05 22:59:39,553 [ERROR] LogOutputStream:75 - [STDERR_REDIRECT] 
2026-05-05 22:59:40,552 [ERROR] LogOutputStream:75 - [STDERR_REDIRECT] [Fatal Error] :1:1: Premature end of file.
2026-05-05 22:59:40,554 [ERROR] LogOutputStream:75 - [STDERR_REDIRECT] 
2026-05-05 22:59:41,555 [ERROR] LogOutputStream:75 - [STDERR_REDIRECT] [Fatal Error] :1:1: Premature end of file.
2026-05-05 22:59:41,555 [ERROR] LogOutputStream:75 - [STDERR_REDIRECT] 
2026-05-05 22:59:42,557 [ERROR] LogOutputStream:75 - [STDERR_REDIRECT] [Fatal Error] :1:1: Premature end of file.
2026-05-05 22:59:42,559 [ERROR] LogOutputStream:75 - [STDERR_REDIRECT] 
2026-05-05 22:59:43,548 [ERROR] LogOutputStream:75 - [STDERR_REDIRECT] [Fatal Error] :1:1: Premature end of file.
2026-05-05 22:59:43,549 [ERROR] LogOutputStream:75 - [STDERR_REDIRECT] 
2026-05-05 22:59:44,553 [ERROR] LogOutputStream:75 - [STDERR_REDIRECT] [Fatal Error] :1:1: Premature end of file.
2026-05-05 22:59:44,554 [ERROR] LogOutputStream:75 - [STDERR_REDIRECT] 
2026-05-05 22:59:45,552 [ERROR] LogOutputStream:75 - [STDERR_REDIRECT] [Fatal Error] :1:1: Premature end of file.
2026-05-05 22:59:45,552 [ERROR] LogOutputStream:75 - [STDERR_REDIRECT] 
2026-05-05 22:59:46,564 [ERROR] LogOutputStream:75 - [STDERR_REDIRECT] [Fatal Error] :1:1: Premature end of file.
2026-05-05 22:59:46,577 [ERROR] LogOutputStream:75 - [STDERR_REDIRECT] 
2026-05-05 22:59:47,548 [ERROR] LogOutputStream:75 - [STDERR_REDIRECT] [Fatal Error] :1:1: Premature end of file.
2026-05-05 22:59:47,548 [ERROR] LogOutputStream:75 - [STDERR_REDIRECT] 
2026-05-05 22:59:48,547 [ERROR] LogOutputStream:75 - [STDERR_REDIRECT] [Fatal Error] :1:1: Premature end of file.
2026-05-05 22:59:48,547 [ERROR] LogOutputStream:75 - [STDERR_REDIRECT] 
2026-05-05 22:59:49,545 [ERROR] LogOutputStream:75 - [STDERR_REDIRECT] [Fatal Error] :1:1: Premature end of file.
2026-05-05 22:59:49,545 [ERROR] LogOutputStream:75 - [STDERR_REDIRECT] 
2026-05-05 22:59:50,566 [ERROR] LogOutputStream:75 - [STDERR_REDIRECT] [Fatal Error] :1:1: Premature end of file.
2026-05-05 22:59:50,566 [ERROR] LogOutputStream:75 - [STDERR_REDIRECT] 
2026-05-05 22:59:51,584 [ERROR] LogOutputStream:75 - [STDERR_REDIRECT] [Fatal Error] :1:1: Premature end of file.
2026-05-05 22:59:51,587 [ERROR] LogOutputStream:75 - [STDERR_REDIRECT] 
2026-05-05 22:59:52,540 [ERROR] LogOutputStream:75 - [STDERR_REDIRECT] [Fatal Error] :1:1: Premature end of file.
2026-05-05 22:59:52,540 [ERROR] LogOutputStream:75 - [STDERR_REDIRECT] 
2026-05-05 22:59:53,603 [ERROR] LogOutputStream:75 - [STDERR_REDIRECT] [Fatal Error] :1:1: Premature end of file.
2026-05-05 22:59:53,603 [ERROR] LogOutputStream:75 - [STDERR_REDIRECT] 
2026-05-05 22:59:54,560 [ERROR] LogOutputStream:75 - [STDERR_REDIRECT] [Fatal Error] :1:1: Premature end of file.
2026-05-05 22:59:54,560 [ERROR] LogOutputStream:75 - [STDERR_REDIRECT] 
2026-05-05 22:59:55,591 [ERROR] LogOutputStream:75 - [STDERR_REDIRECT] [Fatal Error] :1:1: Premature end of file.
2026-05-05 22:59:55,592 [ERROR] LogOutputStream:75 - [STDERR_REDIRECT] 
2026-05-05 22:59:56,559 [ERROR] LogOutputStream:75 - [STDERR_REDIRECT] [Fatal Error] :1:1: Premature end of file.
2026-05-05 22:59:56,561 [ERROR] LogOutputStream:75 - [STDERR_REDIRECT] 
2026-05-05 22:59:57,573 [ERROR] LogOutputStream:75 - [STDERR_REDIRECT] [Fatal Error] :1:1: Premature end of file.
2026-05-05 22:59:57,574 [ERROR] LogOutputStream:75 - [STDERR_REDIRECT] 
2026-05-05 22:59:58,553 [ERROR] LogOutputStream:75 - [STDERR_REDIRECT] [Fatal Error] :1:1: Premature end of file.
2026-05-05 22:59:58,553 [ERROR] LogOutputStream:75 - [STDERR_REDIRECT] 
2026-05-05 22:59:59,607 [ERROR] LogOutputStream:75 - [STDERR_REDIRECT] [Fatal Error] :1:1: Premature end of file.
2026-05-05 22:59:59,607 [ERROR] LogOutputStream:75 - [STDERR_REDIRECT] 
2026-05-05 23:00:00,580 [ERROR] LogOutputStream:75 - [STDERR_REDIRECT] [Fatal Error] :1:1: Premature end of file.
2026-05-05 23:00:00,580 [ERROR] LogOutputStream:75 - [STDERR_REDIRECT] 
2026-05-05 23:00:01,553 [ERROR] LogOutputStream:75 - [STDERR_REDIRECT] [Fatal Error] :1:1: Premature end of file.
2026-05-05 23:00:01,555 [ERROR] LogOutputStream:75 - [STDERR_REDIRECT] 
2026-05-05 23:00:02,549 [ERROR] LogOutputStream:75 - [STDERR_REDIRECT] [Fatal Error] :1:1: Premature end of file.
2026-05-05 23:00:02,550 [ERROR] LogOutputStream:75 - [STDERR_REDIRECT] 
2026-05-05 23:00:03,546 [ERROR] LogOutputStream:75 - [STDERR_REDIRECT] [Fatal Error] :1:1: Premature end of file.
2026-05-05 23:00:03,546 [ERROR] LogOutputStream:75 - [STDERR_REDIRECT] 
2026-05-05 23:00:04,723 [ERROR] LogOutputStream:75 - [STDERR_REDIRECT] [Fatal Error] :1:1: Premature end of file.
2026-05-05 23:00:04,725 [ERROR] LogOutputStream:75 - [STDERR_REDIRECT] 
2026-05-05 23:00:05,563 [ERROR] LogOutputStream:75 - [STDERR_REDIRECT] [Fatal Error] :1:1: Premature end of file.
2026-05-05 23:00:05,563 [ERROR] LogOutputStream:75 - [STDERR_REDIRECT] 
2026-05-05 23:00:06,537 [ERROR] LogOutputStream:75 - [STDERR_REDIRECT] [Fatal Error] :1:1: Premature end of file.
2026-05-05 23:00:06,538 [ERROR] LogOutputStream:75 - [STDERR_REDIRECT] 
2026-05-05 23:00:07,530 [ERROR] LogOutputStream:75 - [STDERR_REDIRECT] [Fatal Error] :1:1: Premature end of file.
2026-05-05 23:00:07,531 [ERROR] LogOutputStream:75 - [STDERR_REDIRECT] 
2026-05-05 23:00:08,545 [ERROR] LogOutputStream:75 - [STDERR_REDIRECT] [Fatal Error] :1:1: Premature end of file.
2026-05-05 23:00:08,545 [ERROR] LogOutputStream:75 - [STDERR_REDIRECT] 
2026-05-05 23:00:09,535 [ERROR] LogOutputStream:75 - [STDERR_REDIRECT] [Fatal Error] :1:1: Premature end of file.
2026-05-05 23:00:09,536 [ERROR] LogOutputStream:75 - [STDERR_REDIRECT] 
2026-05-05 23:00:10,551 [ERROR] LogOutputStream:75 - [STDERR_REDIRECT] [Fatal Error] :1:1: Premature end of file.
2026-05-05 23:00:10,552 [ERROR] LogOutputStream:75 - [STDERR_REDIRECT] 
2026-05-05 23:00:11,552 [ERROR] LogOutputStream:75 - [STDERR_REDIRECT] [Fatal Error] :1:1: Premature end of file.
2026-05-05 23:00:11,552 [ERROR] LogOutputStream:75 - [STDERR_REDIRECT] 
2026-05-05 23:00:12,552 [ERROR] LogOutputStream:75 - [STDERR_REDIRECT] [Fatal Error] :1:1: Premature end of file.
2026-05-05 23:00:12,552 [ERROR] LogOutputStream:75 - [STDERR_REDIRECT] 
2026-05-05 23:00:13,551 [ERROR] LogOutputStream:75 - [STDERR_REDIRECT] [Fatal Error] :1:1: Premature end of file.
2026-05-05 23:00:13,551 [ERROR] LogOutputStream:75 - [STDERR_REDIRECT] 
2026-05-05 23:00:14,545 [ERROR] LogOutputStream:75 - [STDERR_REDIRECT] [Fatal Error] :1:1: Premature end of file.
2026-05-05 23:00:14,545 [ERROR] LogOutputStream:75 - [STDERR_REDIRECT] 
2026-05-05 23:00:15,545 [ERROR] LogOutputStream:75 - [STDERR_REDIRECT] [Fatal Error] :1:1: Premature end of file.
2026-05-05 23:00:15,548 [ERROR] LogOutputStream:75 - [STDERR_REDIRECT] 
2026-05-05 23:00:16,544 [ERROR] LogOutputStream:75 - [STDERR_REDIRECT] [Fatal Error] :1:1: Premature end of file.
2026-05-05 23:00:16,545 [ERROR] LogOutputStream:75 - [STDERR_REDIRECT] 
2026-05-05 23:00:17,555 [ERROR] LogOutputStream:75 - [STDERR_REDIRECT] [Fatal Error] :1:1: Premature end of file.
2026-05-05 23:00:17,556 [ERROR] LogOutputStream:75 - [STDERR_REDIRECT] 
2026-05-05 23:00:18,545 [ERROR] LogOutputStream:75 - [STDERR_REDIRECT] [Fatal Error] :1:1: Premature end of file.
2026-05-05 23:00:18,545 [ERROR] LogOutputStream:75 - [STDERR_REDIRECT] 
2026-05-05 23:00:19,562 [ERROR] LogOutputStream:75 - [STDERR_REDIRECT] [Fatal Error] :1:1: Premature end of file.
2026-05-05 23:00:19,563 [ERROR] LogOutputStream:75 - [STDERR_REDIRECT] 
2026-05-05 23:00:20,558 [ERROR] LogOutputStream:75 - [STDERR_REDIRECT] [Fatal Error] :1:1: Premature end of file.
2026-05-05 23:00:20,558 [ERROR] LogOutputStream:75 - [STDERR_REDIRECT] 
2026-05-05 23:00:21,547 [ERROR] LogOutputStream:75 - [STDERR_REDIRECT] [Fatal Error] :1:1: Premature end of file.
2026-05-05 23:00:21,547 [ERROR] LogOutputStream:75 - [STDERR_REDIRECT] 
2026-05-05 23:00:22,557 [ERROR] LogOutputStream:75 - [STDERR_REDIRECT] [Fatal Error] :1:1: Premature end of file.
2026-05-05 23:00:22,580 [ERROR] LogOutputStream:75 - [STDERR_REDIRECT] 
2026-05-05 23:00:23,543 [ERROR] LogOutputStream:75 - [STDERR_REDIRECT] [Fatal Error] :1:1: Premature end of file.
2026-05-05 23:00:23,543 [ERROR] LogOutputStream:75 - [STDERR_REDIRECT] 
2026-05-05 23:00:24,536 [ERROR] LogOutputStream:75 - [STDERR_REDIRECT] [Fatal Error] :1:1: Premature end of file.
2026-05-05 23:00:24,536 [ERROR] LogOutputStream:75 - [STDERR_REDIRECT] 
2026-05-05 23:00:25,558 [ERROR] LogOutputStream:75 - [STDERR_REDIRECT] [Fatal Error] :1:1: Premature end of file.
2026-05-05 23:00:25,559 [ERROR] LogOutputStream:75 - [STDERR_REDIRECT] 
2026-05-05 23:00:26,549 [ERROR] LogOutputStream:75 - [STDERR_REDIRECT] [Fatal Error] :1:1: Premature end of file.
2026-05-05 23:00:26,549 [ERROR] LogOutputStream:75 - [STDERR_REDIRECT] 
2026-05-05 23:00:27,575 [ERROR] LogOutputStream:75 - [STDERR_REDIRECT] [Fatal Error] :1:1: Premature end of file.
2026-05-05 23:00:27,576 [ERROR] LogOutputStream:75 - [STDERR_REDIRECT] 
2026-05-05 23:00:28,540 [ERROR] LogOutputStream:75 - [STDERR_REDIRECT] [Fatal Error] :1:1: Premature end of file.
2026-05-05 23:00:28,540 [ERROR] LogOutputStream:75 - [STDERR_REDIRECT] 
2026-05-05 23:00:29,560 [ERROR] LogOutputStream:75 - [STDERR_REDIRECT] [Fatal Error] :1:1: Premature end of file.
2026-05-05 23:00:29,561 [ERROR] LogOutputStream:75 - [STDERR_REDIRECT] 
2026-05-05 23:00:30,557 [ERROR] LogOutputStream:75 - [STDERR_REDIRECT] [Fatal Error] :1:1: Premature end of file.
2026-05-05 23:00:30,558 [ERROR] LogOutputStream:75 - [STDERR_REDIRECT] 
2026-05-05 23:00:31,554 [ERROR] LogOutputStream:75 - [STDERR_REDIRECT] [Fatal Error] :1:1: Premature end of file.
2026-05-05 23:00:31,555 [ERROR] LogOutputStream:75 - [STDERR_REDIRECT] 
2026-05-05 23:00:32,557 [ERROR] LogOutputStream:75 - [STDERR_REDIRECT] [Fatal Error] :1:1: Premature end of file.
2026-05-05 23:00:32,557 [ERROR] LogOutputStream:75 - [STDERR_REDIRECT] 
2026-05-05 23:00:33,549 [ERROR] LogOutputStream:75 - [STDERR_REDIRECT] [Fatal Error] :1:1: Premature end of file.
2026-05-05 23:00:33,549 [ERROR] LogOutputStream:75 - [STDERR_REDIRECT] 
2026-05-05 23:00:34,532 [ERROR] LogOutputStream:75 - [STDERR_REDIRECT] [Fatal Error] :1:1: Premature end of file.
2026-05-05 23:00:34,533 [ERROR] LogOutputStream:75 - [STDERR_REDIRECT] 
2026-05-05 23:00:35,603 [ERROR] LogOutputStream:75 - [STDERR_REDIRECT] [Fatal Error] :1:1: Premature end of file.
2026-05-05 23:00:35,604 [ERROR] LogOutputStream:75 - [STDERR_REDIRECT] 
2026-05-05 23:00:36,553 [ERROR] LogOutputStream:75 - [STDERR_REDIRECT] [Fatal Error] :1:1: Premature end of file.
2026-05-05 23:00:36,553 [ERROR] LogOutputStream:75 - [STDERR_REDIRECT] 
2026-05-05 23:00:37,540 [ERROR] LogOutputStream:75 - [STDERR_REDIRECT] [Fatal Error] :1:1: Premature end of file.
2026-05-05 23:00:37,540 [ERROR] LogOutputStream:75 - [STDERR_REDIRECT] 
2026-05-05 23:00:38,546 [ERROR] LogOutputStream:75 - [STDERR_REDIRECT] [Fatal Error] :1:1: Premature end of file.
2026-05-05 23:00:38,547 [ERROR] LogOutputStream:75 - [STDERR_REDIRECT] 
2026-05-05 23:00:39,553 [ERROR] LogOutputStream:75 - [STDERR_REDIRECT] [Fatal Error] :1:1: Premature end of file.
2026-05-05 23:00:39,553 [ERROR] LogOutputStream:75 - [STDERR_REDIRECT] 
2026-05-05 23:00:40,553 [ERROR] LogOutputStream:75 - [STDERR_REDIRECT] [Fatal Error] :1:1: Premature end of file.
2026-05-05 23:00:40,554 [ERROR] LogOutputStream:75 - [STDERR_REDIRECT] 
2026-05-05 23:00:41,556 [ERROR] LogOutputStream:75 - [STDERR_REDIRECT] [Fatal Error] :1:1: Premature end of file.
2026-05-05 23:00:41,556 [ERROR] LogOutputStream:75 - [STDERR_REDIRECT] 
2026-05-05 23:00:42,539 [ERROR] LogOutputStream:75 - [STDERR_REDIRECT] [Fatal Error] :1:1: Premature end of file.
2026-05-05 23:00:42,539 [ERROR] LogOutputStream:75 - [STDERR_REDIRECT] 
2026-05-05 23:00:43,556 [ERROR] LogOutputStream:75 - [STDERR_REDIRECT] [Fatal Error] :1:1: Premature end of file.
2026-05-05 23:00:43,556 [ERROR] LogOutputStream:75 - [STDERR_REDIRECT] 
2026-05-05 23:00:44,554 [ERROR] LogOutputStream:75 - [STDERR_REDIRECT] [Fatal Error] :1:1: Premature end of file.
2026-05-05 23:00:44,555 [ERROR] LogOutputStream:75 - [STDERR_REDIRECT] 
2026-05-05 23:00:45,664 [ERROR] LogOutputStream:75 - [STDERR_REDIRECT] [Fatal Error] :1:1: Premature end of file.
2026-05-05 23:00:45,664 [ERROR] LogOutputStream:75 - [STDERR_REDIRECT] 
2026-05-05 23:00:46,552 [ERROR] LogOutputStream:75 - [STDERR_REDIRECT] [Fatal Error] :1:1: Premature end of file.
2026-05-05 23:00:46,552 [ERROR] LogOutputStream:75 - [STDERR_REDIRECT] 
2026-05-05 23:00:47,558 [ERROR] LogOutputStream:75 - [STDERR_REDIRECT] [Fatal Error] :1:1: Premature end of file.
2026-05-05 23:00:47,559 [ERROR] LogOutputStream:75 - [STDERR_REDIRECT] 
2026-05-05 23:00:48,558 [ERROR] LogOutputStream:75 - [STDERR_REDIRECT] [Fatal Error] :1:1: Premature end of file.
2026-05-05 23:00:48,559 [ERROR] LogOutputStream:75 - [STDERR_REDIRECT] 
2026-05-05 23:00:49,547 [ERROR] LogOutputStream:75 - [STDERR_REDIRECT] [Fatal Error] :1:1: Premature end of file.
2026-05-05 23:00:49,548 [ERROR] LogOutputStream:75 - [STDERR_REDIRECT] 
2026-05-05 23:00:50,558 [ERROR] LogOutputStream:75 - [STDERR_REDIRECT] [Fatal Error] :1:1: Premature end of file.
2026-05-05 23:00:50,558 [ERROR] LogOutputStream:75 - [STDERR_REDIRECT] 
2026-05-05 23:00:51,555 [ERROR] LogOutputStream:75 - [STDERR_REDIRECT] [Fatal Error] :1:1: Premature end of file.
2026-05-05 23:00:51,555 [ERROR] LogOutputStream:75 - [STDERR_REDIRECT] 
2026-05-05 23:00:52,559 [ERROR] LogOutputStream:75 - [STDERR_REDIRECT] [Fatal Error] :1:1: Premature end of file.
2026-05-05 23:00:52,560 [ERROR] LogOutputStream:75 - [STDERR_REDIRECT] 
2026-05-05 23:00:53,555 [ERROR] LogOutputStream:75 - [STDERR_REDIRECT] [Fatal Error] :1:1: Premature end of file.
2026-05-05 23:00:53,557 [ERROR] LogOutputStream:75 - [STDERR_REDIRECT] 
2026-05-05 23:00:54,564 [ERROR] LogOutputStream:75 - [STDERR_REDIRECT] [Fatal Error] :1:1: Premature end of file.
2026-05-05 23:00:54,565 [ERROR] LogOutputStream:75 - [STDERR_REDIRECT] 
2026-05-05 23:00:55,552 [ERROR] LogOutputStream:75 - [STDERR_REDIRECT] [Fatal Error] :1:1: Premature end of file.
2026-05-05 23:00:55,552 [ERROR] LogOutputStream:75 - [STDERR_REDIRECT] 
2026-05-05 23:00:56,557 [ERROR] LogOutputStream:75 - [STDERR_REDIRECT] [Fatal Error] :1:1: Premature end of file.
2026-05-05 23:00:56,557 [ERROR] LogOutputStream:75 - [STDERR_REDIRECT] 
2026-05-05 23:00:57,555 [ERROR] LogOutputStream:75 - [STDERR_REDIRECT] [Fatal Error] :1:1: Premature end of file.
2026-05-05 23:00:57,557 [ERROR] LogOutputStream:75 - [STDERR_REDIRECT] 
2026-05-05 23:00:58,559 [ERROR] LogOutputStream:75 - [STDERR_REDIRECT] [Fatal Error] :1:1: Premature end of file.
2026-05-05 23:00:58,559 [ERROR] LogOutputStream:75 - [STDERR_REDIRECT] 
2026-05-05 23:00:59,567 [ERROR] LogOutputStream:75 - [STDERR_REDIRECT] [Fatal Error] :1:1: Premature end of file.
2026-05-05 23:00:59,567 [ERROR] LogOutputStream:75 - [STDERR_REDIRECT] 
2026-05-05 23:01:00,553 [ERROR] LogOutputStream:75 - [STDERR_REDIRECT] [Fatal Error] :1:1: Premature end of file.
2026-05-05 23:01:00,554 [ERROR] LogOutputStream:75 - [STDERR_REDIRECT] 
2026-05-05 23:01:01,571 [ERROR] LogOutputStream:75 - [STDERR_REDIRECT] [Fatal Error] :1:1: Premature end of file.
2026-05-05 23:01:01,572 [ERROR] LogOutputStream:75 - [STDERR_REDIRECT] 
2026-05-05 23:01:02,559 [ERROR] LogOutputStream:75 - [STDERR_REDIRECT] [Fatal Error] :1:1: Premature end of file.
2026-05-05 23:01:02,559 [ERROR] LogOutputStream:75 - [STDERR_REDIRECT] 
2026-05-05 23:01:03,572 [ERROR] LogOutputStream:75 - [STDERR_REDIRECT] [Fatal Error] :1:1: Premature end of file.
2026-05-05 23:01:03,573 [ERROR] LogOutputStream:75 - [STDERR_REDIRECT] 
2026-05-05 23:01:04,545 [ERROR] LogOutputStream:75 - [STDERR_REDIRECT] [Fatal Error] :1:1: Premature end of file.
2026-05-05 23:01:04,545 [ERROR] LogOutputStream:75 - [STDERR_REDIRECT] 
2026-05-05 23:01:05,546 [ERROR] LogOutputStream:75 - [STDERR_REDIRECT] [Fatal Error] :1:1: Premature end of file.
2026-05-05 23:01:05,548 [ERROR] LogOutputStream:75 - [STDERR_REDIRECT] 
2026-05-05 23:01:06,542 [ERROR] LogOutputStream:75 - [STDERR_REDIRECT] [Fatal Error] :1:1: Premature end of file.
2026-05-05 23:01:06,542 [ERROR] LogOutputStream:75 - [STDERR_REDIRECT] 
2026-05-05 23:01:07,558 [ERROR] LogOutputStream:75 - [STDERR_REDIRECT] [Fatal Error] :1:1: Premature end of file.
2026-05-05 23:01:07,559 [ERROR] LogOutputStream:75 - [STDERR_REDIRECT] 
2026-05-05 23:01:08,553 [ERROR] LogOutputStream:75 - [STDERR_REDIRECT] [Fatal Error] :1:1: Premature end of file.
2026-05-05 23:01:08,553 [ERROR] LogOutputStream:75 - [STDERR_REDIRECT] 
2026-05-05 23:01:09,552 [ERROR] LogOutputStream:75 - [STDERR_REDIRECT] [Fatal Error] :1:1: Premature end of file.
2026-05-05 23:01:09,553 [ERROR] LogOutputStream:75 - [STDERR_REDIRECT] 
2026-05-05 23:01:10,548 [ERROR] LogOutputStream:75 - [STDERR_REDIRECT] [Fatal Error] :1:1: Premature end of file.
2026-05-05 23:01:10,549 [ERROR] LogOutputStream:75 - [STDERR_REDIRECT] 
2026-05-05 23:01:11,542 [ERROR] LogOutputStream:75 - [STDERR_REDIRECT] [Fatal Error] :1:1: Premature end of file.
2026-05-05 23:01:11,542 [ERROR] LogOutputStream:75 - [STDERR_REDIRECT] 
2026-05-05 23:01:12,687 [ERROR] LogOutputStream:75 - [STDERR_REDIRECT] [Fatal Error] :1:1: Premature end of file.
2026-05-05 23:01:12,687 [ERROR] LogOutputStream:75 - [STDERR_REDIRECT] 
2026-05-05 23:01:13,563 [ERROR] LogOutputStream:75 - [STDERR_REDIRECT] [Fatal Error] :1:1: Premature end of file.
2026-05-05 23:01:13,564 [ERROR] LogOutputStream:75 - [STDERR_REDIRECT] 
2026-05-05 23:01:14,579 [ERROR] LogOutputStream:75 - [STDERR_REDIRECT] [Fatal Error] :1:1: Premature end of file.
2026-05-05 23:01:14,580 [ERROR] LogOutputStream:75 - [STDERR_REDIRECT] 
2026-05-05 23:01:15,550 [ERROR] LogOutputStream:75 - [STDERR_REDIRECT] [Fatal Error] :1:1: Premature end of file.
2026-05-05 23:01:15,551 [ERROR] LogOutputStream:75 - [STDERR_REDIRECT] 
2026-05-05 23:01:16,572 [ERROR] LogOutputStream:75 - [STDERR_REDIRECT] [Fatal Error] :1:1: Premature end of file.
2026-05-05 23:01:16,576 [ERROR] LogOutputStream:75 - [STDERR_REDIRECT] 
2026-05-05 23:01:17,576 [ERROR] LogOutputStream:75 - [STDERR_REDIRECT] [Fatal Error] :1:1: Premature end of file.
2026-05-05 23:01:17,577 [ERROR] LogOutputStream:75 - [STDERR_REDIRECT] 
2026-05-05 23:01:18,591 [ERROR] LogOutputStream:75 - [STDERR_REDIRECT] [Fatal Error] :1:1: Premature end of file.
2026-05-05 23:01:18,592 [ERROR] LogOutputStream:75 - [STDERR_REDIRECT] 
2026-05-05 23:01:19,569 [ERROR] LogOutputStream:75 - [STDERR_REDIRECT] [Fatal Error] :1:1: Premature end of file.
2026-05-05 23:01:19,570 [ERROR] LogOutputStream:75 - [STDERR_REDIRECT] 
2026-05-05 23:01:20,556 [ERROR] LogOutputStream:75 - [STDERR_REDIRECT] [Fatal Error] :1:1: Premature end of file.
2026-05-05 23:01:20,556 [ERROR] LogOutputStream:75 - [STDERR_REDIRECT] 
2026-05-05 23:01:21,561 [ERROR] LogOutputStream:75 - [STDERR_REDIRECT] [Fatal Error] :1:1: Premature end of file.
2026-05-05 23:01:21,562 [ERROR] LogOutputStream:75 - [STDERR_REDIRECT] 
2026-05-05 23:01:22,558 [ERROR] LogOutputStream:75 - [STDERR_REDIRECT] [Fatal Error] :1:1: Premature end of file.
2026-05-05 23:01:22,561 [ERROR] LogOutputStream:75 - [STDERR_REDIRECT] 
2026-05-05 23:01:23,563 [ERROR] LogOutputStream:75 - [STDERR_REDIRECT] [Fatal Error] :1:1: Premature end of file.
2026-05-05 23:01:23,563 [ERROR] LogOutputStream:75 - [STDERR_REDIRECT] 
2026-05-05 23:01:24,569 [ERROR] LogOutputStream:75 - [STDERR_REDIRECT] [Fatal Error] :1:1: Premature end of file.
2026-05-05 23:01:24,569 [ERROR] LogOutputStream:75 - [STDERR_REDIRECT] 
2026-05-05 23:01:25,543 [ERROR] LogOutputStream:75 - [STDERR_REDIRECT] [Fatal Error] :1:1: Premature end of file.
2026-05-05 23:01:25,548 [ERROR] LogOutputStream:75 - [STDERR_REDIRECT] 
2026-05-05 23:01:26,541 [ERROR] LogOutputStream:75 - [STDERR_REDIRECT] [Fatal Error] :1:1: Premature end of file.
2026-05-05 23:01:26,542 [ERROR] LogOutputStream:75 - [STDERR_REDIRECT] 
2026-05-05 23:01:27,554 [ERROR] LogOutputStream:75 - [STDERR_REDIRECT] [Fatal Error] :1:1: Premature end of file.
2026-05-05 23:01:27,555 [ERROR] LogOutputStream:75 - [STDERR_REDIRECT] 
2026-05-05 23:01:28,560 [ERROR] LogOutputStream:75 - [STDERR_REDIRECT] [Fatal Error] :1:1: Premature end of file.
2026-05-05 23:01:28,560 [ERROR] LogOutputStream:75 - [STDERR_REDIRECT] 
2026-05-05 23:01:29,568 [ERROR] LogOutputStream:75 - [STDERR_REDIRECT] [Fatal Error] :1:1: Premature end of file.
2026-05-05 23:01:29,569 [ERROR] LogOutputStream:75 - [STDERR_REDIRECT] 
2026-05-05 23:01:30,554 [ERROR] LogOutputStream:75 - [STDERR_REDIRECT] [Fatal Error] :1:1: Premature end of file.
2026-05-05 23:01:30,555 [ERROR] LogOutputStream:75 - [STDERR_REDIRECT] 
2026-05-05 23:01:31,560 [ERROR] LogOutputStream:75 - [STDERR_REDIRECT] [Fatal Error] :1:1: Premature end of file.
2026-05-05 23:01:31,561 [ERROR] LogOutputStream:75 - [STDERR_REDIRECT] 
2026-05-05 23:01:32,596 [ERROR] LogOutputStream:75 - [STDERR_REDIRECT] [Fatal Error] :1:1: Premature end of file.
2026-05-05 23:01:32,596 [ERROR] LogOutputStream:75 - [STDERR_REDIRECT] 
2026-05-05 23:01:33,553 [ERROR] LogOutputStream:75 - [STDERR_REDIRECT] [Fatal Error] :1:1: Premature end of file.
2026-05-05 23:01:33,553 [ERROR] LogOutputStream:75 - [STDERR_REDIRECT] 
2026-05-05 23:01:34,566 [ERROR] LogOutputStream:75 - [STDERR_REDIRECT] [Fatal Error] :1:1: Premature end of file.
2026-05-05 23:01:34,566 [ERROR] LogOutputStream:75 - [STDERR_REDIRECT] 
2026-05-05 23:01:35,568 [ERROR] LogOutputStream:75 - [STDERR_REDIRECT] [Fatal Error] :1:1: Premature end of file.
2026-05-05 23:01:35,568 [ERROR] LogOutputStream:75 - [STDERR_REDIRECT] 
2026-05-05 23:01:36,547 [ERROR] LogOutputStream:75 - [STDERR_REDIRECT] [Fatal Error] :1:1: Premature end of file.
2026-05-05 23:01:36,547 [ERROR] LogOutputStream:75 - [STDERR_REDIRECT] 
2026-05-05 23:01:37,561 [ERROR] LogOutputStream:75 - [STDERR_REDIRECT] [Fatal Error] :1:1: Premature end of file.
2026-05-05 23:01:37,561 [ERROR] LogOutputStream:75 - [STDERR_REDIRECT] 
2026-05-05 23:01:38,560 [ERROR] LogOutputStream:75 - [STDERR_REDIRECT] [Fatal Error] :1:1: Premature end of file.
2026-05-05 23:01:38,561 [ERROR] LogOutputStream:75 - [STDERR_REDIRECT] 
2026-05-05 23:01:39,579 [ERROR] LogOutputStream:75 - [STDERR_REDIRECT] [Fatal Error] :1:1: Premature end of file.
2026-05-05 23:01:39,580 [ERROR] LogOutputStream:75 - [STDERR_REDIRECT] 
2026-05-05 23:01:40,564 [ERROR] LogOutputStream:75 - [STDERR_REDIRECT] [Fatal Error] :1:1: Premature end of file.
2026-05-05 23:01:40,564 [ERROR] LogOutputStream:75 - [STDERR_REDIRECT] 
2026-05-05 23:01:41,567 [ERROR] LogOutputStream:75 - [STDERR_REDIRECT] [Fatal Error] :1:1: Premature end of file.
2026-05-05 23:01:41,568 [ERROR] LogOutputStream:75 - [STDERR_REDIRECT] 
2026-05-05 23:01:42,569 [ERROR] LogOutputStream:75 - [STDERR_REDIRECT] [Fatal Error] :1:1: Premature end of file.
2026-05-05 23:01:42,571 [ERROR] LogOutputStream:75 - [STDERR_REDIRECT] 
2026-05-05 23:01:43,554 [ERROR] LogOutputStream:75 - [STDERR_REDIRECT] [Fatal Error] :1:1: Premature end of file.
2026-05-05 23:01:43,555 [ERROR] LogOutputStream:75 - [STDERR_REDIRECT] 
2026-05-05 23:01:44,557 [ERROR] LogOutputStream:75 - [STDERR_REDIRECT] [Fatal Error] :1:1: Premature end of file.
2026-05-05 23:01:44,558 [ERROR] LogOutputStream:75 - [STDERR_REDIRECT] 
2026-05-05 23:01:45,561 [ERROR] LogOutputStream:75 - [STDERR_REDIRECT] [Fatal Error] :1:1: Premature end of file.
2026-05-05 23:01:45,564 [ERROR] LogOutputStream:75 - [STDERR_REDIRECT] 
2026-05-05 23:01:46,558 [ERROR] LogOutputStream:75 - [STDERR_REDIRECT] [Fatal Error] :1:1: Premature end of file.
2026-05-05 23:01:46,559 [ERROR] LogOutputStream:75 - [STDERR_REDIRECT] 
2026-05-05 23:01:47,553 [ERROR] LogOutputStream:75 - [STDERR_REDIRECT] [Fatal Error] :1:1: Premature end of file.
2026-05-05 23:01:47,553 [ERROR] LogOutputStream:75 - [STDERR_REDIRECT] 
2026-05-05 23:01:48,573 [ERROR] LogOutputStream:75 - [STDERR_REDIRECT] [Fatal Error] :1:1: Premature end of file.
2026-05-05 23:01:48,573 [ERROR] LogOutputStream:75 - [STDERR_REDIRECT] 
2026-05-05 23:01:49,551 [ERROR] LogOutputStream:75 - [STDERR_REDIRECT] [Fatal Error] :1:1: Premature end of file.
2026-05-05 23:01:49,552 [ERROR] LogOutputStream:75 - [STDERR_REDIRECT] 
2026-05-05 23:01:50,543 [ERROR] LogOutputStream:75 - [STDERR_REDIRECT] [Fatal Error] :1:1: Premature end of file.
2026-05-05 23:01:50,543 [ERROR] LogOutputStream:75 - [STDERR_REDIRECT] 
2026-05-05 23:01:51,572 [ERROR] LogOutputStream:75 - [STDERR_REDIRECT] [Fatal Error] :1:1: Premature end of file.
2026-05-05 23:01:51,573 [ERROR] LogOutputStream:75 - [STDERR_REDIRECT] 
2026-05-05 23:01:52,552 [ERROR] LogOutputStream:75 - [STDERR_REDIRECT] [Fatal Error] :1:1: Premature end of file.
2026-05-05 23:01:52,552 [ERROR] LogOutputStream:75 - [STDERR_REDIRECT] 
2026-05-05 23:01:53,558 [ERROR] LogOutputStream:75 - [STDERR_REDIRECT] [Fatal Error] :1:1: Premature end of file.
2026-05-05 23:01:53,558 [ERROR] LogOutputStream:75 - [STDERR_REDIRECT] 
2026-05-05 23:01:54,559 [ERROR] LogOutputStream:75 - [STDERR_REDIRECT] [Fatal Error] :1:1: Premature end of file.
2026-05-05 23:01:54,559 [ERROR] LogOutputStream:75 - [STDERR_REDIRECT] 
2026-05-05 23:01:55,548 [ERROR] LogOutputStream:75 - [STDERR_REDIRECT] [Fatal Error] :1:1: Premature end of file.
2026-05-05 23:01:55,549 [ERROR] LogOutputStream:75 - [STDERR_REDIRECT] 
2026-05-05 23:01:56,559 [ERROR] LogOutputStream:75 - [STDERR_REDIRECT] [Fatal Error] :1:1: Premature end of file.
2026-05-05 23:01:56,559 [ERROR] LogOutputStream:75 - [STDERR_REDIRECT] 
2026-05-05 23:01:57,538 [ERROR] LogOutputStream:75 - [STDERR_REDIRECT] [Fatal Error] :1:1: Premature end of file.
2026-05-05 23:01:57,539 [ERROR] LogOutputStream:75 - [STDERR_REDIRECT] 
2026-05-05 23:01:59,169 [ERROR] LogOutputStream:75 - [STDERR_REDIRECT] [Fatal Error] :1:1: Premature end of file.
2026-05-05 23:01:59,177 [ERROR] LogOutputStream:75 - [STDERR_REDIRECT] 
2026-05-05 23:01:59,598 [ERROR] LogOutputStream:75 - [STDERR_REDIRECT] [Fatal Error] :1:1: Premature end of file.
2026-05-05 23:01:59,598 [ERROR] LogOutputStream:75 - [STDERR_REDIRECT] 
2026-05-05 23:02:00,567 [ERROR] LogOutputStream:75 - [STDERR_REDIRECT] [Fatal Error] :1:1: Premature end of file.
2026-05-05 23:02:00,570 [ERROR] LogOutputStream:75 - [STDERR_REDIRECT] 
2026-05-05 23:02:01,593 [ERROR] LogOutputStream:75 - [STDERR_REDIRECT] [Fatal Error] :1:1: Premature end of file.
2026-05-05 23:02:01,593 [ERROR] LogOutputStream:75 - [STDERR_REDIRECT] 
2026-05-05 23:02:02,559 [ERROR] LogOutputStream:75 - [STDERR_REDIRECT] [Fatal Error] :1:1: Premature end of file.
2026-05-05 23:02:02,561 [ERROR] LogOutputStream:75 - [STDERR_REDIRECT] 
2026-05-05 23:02:03,542 [ERROR] LogOutputStream:75 - [STDERR_REDIRECT] [Fatal Error] :1:1: Premature end of file.
2026-05-05 23:02:03,543 [ERROR] LogOutputStream:75 - [STDERR_REDIRECT] 
2026-05-05 23:02:04,556 [ERROR] LogOutputStream:75 - [STDERR_REDIRECT] [Fatal Error] :1:1: Premature end of file.
2026-05-05 23:02:04,562 [ERROR] LogOutputStream:75 - [STDERR_REDIRECT] 
2026-05-05 23:02:05,557 [ERROR] LogOutputStream:75 - [STDERR_REDIRECT] [Fatal Error] :1:1: Premature end of file.
2026-05-05 23:02:05,557 [ERROR] LogOutputStream:75 - [STDERR_REDIRECT] 
2026-05-05 23:02:06,555 [ERROR] LogOutputStream:75 - [STDERR_REDIRECT] [Fatal Error] :1:1: Premature end of file.
2026-05-05 23:02:06,555 [ERROR] LogOutputStream:75 - [STDERR_REDIRECT] 
2026-05-05 23:02:07,542 [ERROR] LogOutputStream:75 - [STDERR_REDIRECT] [Fatal Error] :1:1: Premature end of file.
2026-05-05 23:02:07,543 [ERROR] LogOutputStream:75 - [STDERR_REDIRECT] 
2026-05-05 23:02:08,554 [ERROR] LogOutputStream:75 - [STDERR_REDIRECT] [Fatal Error] :1:1: Premature end of file.
2026-05-05 23:02:08,554 [ERROR] LogOutputStream:75 - [STDERR_REDIRECT] 
2026-05-05 23:02:09,551 [ERROR] LogOutputStream:75 - [STDERR_REDIRECT] [Fatal Error] :1:1: Premature end of file.
2026-05-05 23:02:09,552 [ERROR] LogOutputStream:75 - [STDERR_REDIRECT] 
2026-05-05 23:02:10,578 [ERROR] LogOutputStream:75 - [STDERR_REDIRECT] [Fatal Error] :1:1: Premature end of file.
2026-05-05 23:02:10,580 [ERROR] LogOutputStream:75 - [STDERR_REDIRECT] 
2026-05-05 23:02:11,569 [ERROR] LogOutputStream:75 - [STDERR_REDIRECT] [Fatal Error] :1:1: Premature end of file.
2026-05-05 23:02:11,569 [ERROR] LogOutputStream:75 - [STDERR_REDIRECT] 
2026-05-05 23:02:12,557 [ERROR] LogOutputStream:75 - [STDERR_REDIRECT] [Fatal Error] :1:1: Premature end of file.
2026-05-05 23:02:12,557 [ERROR] LogOutputStream:75 - [STDERR_REDIRECT] 
2026-05-05 23:02:13,555 [ERROR] LogOutputStream:75 - [STDERR_REDIRECT] [Fatal Error] :1:1: Premature end of file.
2026-05-05 23:02:13,556 [ERROR] LogOutputStream:75 - [STDERR_REDIRECT] 
2026-05-05 23:02:14,555 [ERROR] LogOutputStream:75 - [STDERR_REDIRECT] [Fatal Error] :1:1: Premature end of file.
2026-05-05 23:02:14,556 [ERROR] LogOutputStream:75 - [STDERR_REDIRECT] 
2026-05-05 23:02:15,549 [ERROR] LogOutputStream:75 - [STDERR_REDIRECT] [Fatal Error] :1:1: Premature end of file.
2026-05-05 23:02:15,550 [ERROR] LogOutputStream:75 - [STDERR_REDIRECT] 
2026-05-05 23:02:16,561 [ERROR] LogOutputStream:75 - [STDERR_REDIRECT] [Fatal Error] :1:1: Premature end of file.
2026-05-05 23:02:16,562 [ERROR] LogOutputStream:75 - [STDERR_REDIRECT] 
2026-05-05 23:02:17,574 [ERROR] LogOutputStream:75 - [STDERR_REDIRECT] [Fatal Error] :1:1: Premature end of file.
2026-05-05 23:02:17,575 [ERROR] LogOutputStream:75 - [STDERR_REDIRECT] 
2026-05-05 23:02:18,547 [ERROR] LogOutputStream:75 - [STDERR_REDIRECT] [Fatal Error] :1:1: Premature end of file.
2026-05-05 23:02:18,547 [ERROR] LogOutputStream:75 - [STDERR_REDIRECT] 
2026-05-05 23:02:19,555 [ERROR] LogOutputStream:75 - [STDERR_REDIRECT] [Fatal Error] :1:1: Premature end of file.
2026-05-05 23:02:19,556 [ERROR] LogOutputStream:75 - [STDERR_REDIRECT] 
2026-05-05 23:02:20,555 [ERROR] LogOutputStream:75 - [STDERR_REDIRECT] [Fatal Error] :1:1: Premature end of file.
2026-05-05 23:02:20,556 [ERROR] LogOutputStream:75 - [STDERR_REDIRECT] 
2026-05-05 23:02:21,555 [ERROR] LogOutputStream:75 - [STDERR_REDIRECT] [Fatal Error] :1:1: Premature end of file.
2026-05-05 23:02:21,556 [ERROR] LogOutputStream:75 - [STDERR_REDIRECT] 
2026-05-05 23:02:22,540 [ERROR] LogOutputStream:75 - [STDERR_REDIRECT] [Fatal Error] :1:1: Premature end of file.
2026-05-05 23:02:22,540 [ERROR] LogOutputStream:75 - [STDERR_REDIRECT] 
2026-05-05 23:02:23,549 [ERROR] LogOutputStream:75 - [STDERR_REDIRECT] [Fatal Error] :1:1: Premature end of file.
2026-05-05 23:02:23,550 [ERROR] LogOutputStream:75 - [STDERR_REDIRECT] 
2026-05-05 23:02:24,555 [ERROR] LogOutputStream:75 - [STDERR_REDIRECT] [Fatal Error] :1:1: Premature end of file.
2026-05-05 23:02:24,555 [ERROR] LogOutputStream:75 - [STDERR_REDIRECT] 
2026-05-05 23:02:25,549 [ERROR] LogOutputStream:75 - [STDERR_REDIRECT] [Fatal Error] :1:1: Premature end of file.
2026-05-05 23:02:25,549 [ERROR] LogOutputStream:75 - [STDERR_REDIRECT] 
2026-05-05 23:02:26,560 [ERROR] LogOutputStream:75 - [STDERR_REDIRECT] [Fatal Error] :1:1: Premature end of file.
2026-05-05 23:02:26,560 [ERROR] LogOutputStream:75 - [STDERR_REDIRECT] 
2026-05-05 23:02:27,545 [ERROR] LogOutputStream:75 - [STDERR_REDIRECT] [Fatal Error] :1:1: Premature end of file.
2026-05-05 23:02:27,546 [ERROR] LogOutputStream:75 - [STDERR_REDIRECT] 
2026-05-05 23:02:28,558 [ERROR] LogOutputStream:75 - [STDERR_REDIRECT] [Fatal Error] :1:1: Premature end of file.
2026-05-05 23:02:28,559 [ERROR] LogOutputStream:75 - [STDERR_REDIRECT] 
2026-05-05 23:02:29,551 [ERROR] LogOutputStream:75 - [STDERR_REDIRECT] [Fatal Error] :1:1: Premature end of file.
2026-05-05 23:02:29,552 [ERROR] LogOutputStream:75 - [STDERR_REDIRECT] 
2026-05-05 23:02:30,551 [ERROR] LogOutputStream:75 - [STDERR_REDIRECT] [Fatal Error] :1:1: Premature end of file.
2026-05-05 23:02:30,552 [ERROR] LogOutputStream:75 - [STDERR_REDIRECT] 
2026-05-05 23:02:31,568 [ERROR] LogOutputStream:75 - [STDERR_REDIRECT] [Fatal Error] :1:1: Premature end of file.
2026-05-05 23:02:31,568 [ERROR] LogOutputStream:75 - [STDERR_REDIRECT] 
2026-05-05 23:02:32,546 [ERROR] LogOutputStream:75 - [STDERR_REDIRECT] [Fatal Error] :1:1: Premature end of file.
2026-05-05 23:02:32,546 [ERROR] LogOutputStream:75 - [STDERR_REDIRECT] 
2026-05-05 23:02:33,557 [ERROR] LogOutputStream:75 - [STDERR_REDIRECT] [Fatal Error] :1:1: Premature end of file.
2026-05-05 23:02:33,558 [ERROR] LogOutputStream:75 - [STDERR_REDIRECT] 
2026-05-05 23:02:34,576 [ERROR] LogOutputStream:75 - [STDERR_REDIRECT] [Fatal Error] :1:1: Premature end of file.
2026-05-05 23:02:34,579 [ERROR] LogOutputStream:75 - [STDERR_REDIRECT] 
2026-05-05 23:02:35,574 [ERROR] LogOutputStream:75 - [STDERR_REDIRECT] [Fatal Error] :1:1: Premature end of file.
2026-05-05 23:02:35,575 [ERROR] LogOutputStream:75 - [STDERR_REDIRECT] 
2026-05-05 23:02:36,553 [ERROR] LogOutputStream:75 - [STDERR_REDIRECT] [Fatal Error] :1:1: Premature end of file.
2026-05-05 23:02:36,553 [ERROR] LogOutputStream:75 - [STDERR_REDIRECT] 
2026-05-05 23:02:37,554 [ERROR] LogOutputStream:75 - [STDERR_REDIRECT] [Fatal Error] :1:1: Premature end of file.
2026-05-05 23:02:37,555 [ERROR] LogOutputStream:75 - [STDERR_REDIRECT] 
2026-05-05 23:02:38,547 [ERROR] LogOutputStream:75 - [STDERR_REDIRECT] [Fatal Error] :1:1: Premature end of file.
2026-05-05 23:02:38,547 [ERROR] LogOutputStream:75 - [STDERR_REDIRECT] 
2026-05-05 23:02:39,546 [ERROR] LogOutputStream:75 - [STDERR_REDIRECT] [Fatal Error] :1:1: Premature end of file.
2026-05-05 23:02:39,547 [ERROR] LogOutputStream:75 - [STDERR_REDIRECT] 
2026-05-05 23:02:40,616 [ERROR] LogOutputStream:75 - [STDERR_REDIRECT] [Fatal Error] :1:1: Premature end of file.
2026-05-05 23:02:40,617 [ERROR] LogOutputStream:75 - [STDERR_REDIRECT] 
2026-05-05 23:02:41,535 [ERROR] LogOutputStream:75 - [STDERR_REDIRECT] [Fatal Error] :1:1: Premature end of file.
2026-05-05 23:02:41,536 [ERROR] LogOutputStream:75 - [STDERR_REDIRECT] 
2026-05-05 23:02:42,544 [ERROR] LogOutputStream:75 - [STDERR_REDIRECT] [Fatal Error] :1:1: Premature end of file.
2026-05-05 23:02:42,544 [ERROR] LogOutputStream:75 - [STDERR_REDIRECT] 
2026-05-05 23:02:43,554 [ERROR] LogOutputStream:75 - [STDERR_REDIRECT] [Fatal Error] :1:1: Premature end of file.
2026-05-05 23:02:43,555 [ERROR] LogOutputStream:75 - [STDERR_REDIRECT] 
2026-05-05 23:02:44,528 [ERROR] LogOutputStream:75 - [STDERR_REDIRECT] [Fatal Error] :1:1: Premature end of file.
2026-05-05 23:02:44,528 [ERROR] LogOutputStream:75 - [STDERR_REDIRECT] 
2026-05-05 23:02:45,540 [ERROR] LogOutputStream:75 - [STDERR_REDIRECT] [Fatal Error] :1:1: Premature end of file.
2026-05-05 23:02:45,540 [ERROR] LogOutputStream:75 - [STDERR_REDIRECT] 
2026-05-05 23:02:46,578 [ERROR] LogOutputStream:75 - [STDERR_REDIRECT] [Fatal Error] :1:1: Premature end of file.
2026-05-05 23:02:46,578 [ERROR] LogOutputStream:75 - [STDERR_REDIRECT] 
2026-05-05 23:02:47,565 [ERROR] LogOutputStream:75 - [STDERR_REDIRECT] [Fatal Error] :1:1: Premature end of file.
2026-05-05 23:02:47,566 [ERROR] LogOutputStream:75 - [STDERR_REDIRECT] 
2026-05-05 23:02:48,573 [ERROR] LogOutputStream:75 - [STDERR_REDIRECT] [Fatal Error] :1:1: Premature end of file.
2026-05-05 23:02:48,574 [ERROR] LogOutputStream:75 - [STDERR_REDIRECT] 
2026-05-05 23:02:49,548 [ERROR] LogOutputStream:75 - [STDERR_REDIRECT] [Fatal Error] :1:1: Premature end of file.
2026-05-05 23:02:49,549 [ERROR] LogOutputStream:75 - [STDERR_REDIRECT] 
2026-05-05 23:02:50,557 [ERROR] LogOutputStream:75 - [STDERR_REDIRECT] [Fatal Error] :1:1: Premature end of file.
2026-05-05 23:02:50,557 [ERROR] LogOutputStream:75 - [STDERR_REDIRECT] 
2026-05-05 23:02:51,581 [ERROR] LogOutputStream:75 - [STDERR_REDIRECT] [Fatal Error] :1:1: Premature end of file.
2026-05-05 23:02:51,581 [ERROR] LogOutputStream:75 - [STDERR_REDIRECT] 
2026-05-05 23:02:52,579 [ERROR] LogOutputStream:75 - [STDERR_REDIRECT] [Fatal Error] :1:1: Premature end of file.
2026-05-05 23:02:52,580 [ERROR] LogOutputStream:75 - [STDERR_REDIRECT] 
2026-05-05 23:02:53,578 [ERROR] LogOutputStream:75 - [STDERR_REDIRECT] [Fatal Error] :1:1: Premature end of file.
2026-05-05 23:02:53,579 [ERROR] LogOutputStream:75 - [STDERR_REDIRECT] 
2026-05-05 23:02:54,558 [ERROR] LogOutputStream:75 - [STDERR_REDIRECT] [Fatal Error] :1:1: Premature end of file.
2026-05-05 23:02:54,559 [ERROR] LogOutputStream:75 - [STDERR_REDIRECT] 
2026-05-05 23:02:55,550 [ERROR] LogOutputStream:75 - [STDERR_REDIRECT] [Fatal Error] :1:1: Premature end of file.
2026-05-05 23:02:55,551 [ERROR] LogOutputStream:75 - [STDERR_REDIRECT] 
2026-05-05 23:02:56,597 [ERROR] LogOutputStream:75 - [STDERR_REDIRECT] [Fatal Error] :1:1: Premature end of file.
2026-05-05 23:02:56,598 [ERROR] LogOutputStream:75 - [STDERR_REDIRECT] 
2026-05-05 23:02:57,002 [INFO] WebApp:194 - Connection lost
2026-05-05 23:02:57,593 [ERROR] LogOutputStream:75 - [STDERR_REDIRECT] [Fatal Error] :1:1: Premature end of file.
2026-05-05 23:02:57,593 [ERROR] LogOutputStream:75 - [STDERR_REDIRECT] 
2026-05-05 23:02:58,539 [ERROR] LogOutputStream:75 - [STDERR_REDIRECT] [Fatal Error] :1:1: Premature end of file.
2026-05-05 23:02:58,539 [ERROR] LogOutputStream:75 - [STDERR_REDIRECT] 
2026-05-05 23:02:59,563 [ERROR] LogOutputStream:75 - [STDERR_REDIRECT] [Fatal Error] :1:1: Premature end of file.
2026-05-05 23:02:59,563 [ERROR] LogOutputStream:75 - [STDERR_REDIRECT] 
2026-05-05 23:03:00,527 [ERROR] LogOutputStream:75 - [STDERR_REDIRECT] [Fatal Error] :1:1: Premature end of file.
2026-05-05 23:03:00,528 [ERROR] LogOutputStream:75 - [STDERR_REDIRECT] 
2026-05-05 23:03:01,544 [ERROR] LogOutputStream:75 - [STDERR_REDIRECT] [Fatal Error] :1:1: Premature end of file.
2026-05-05 23:03:01,544 [ERROR] LogOutputStream:75 - [STDERR_REDIRECT] 
2026-05-05 23:03:02,548 [ERROR] LogOutputStream:75 - [STDERR_REDIRECT] [Fatal Error] :1:1: Premature end of file.
2026-05-05 23:03:02,549 [ERROR] LogOutputStream:75 - [STDERR_REDIRECT] 
2026-05-05 23:03:03,567 [ERROR] LogOutputStream:75 - [STDERR_REDIRECT] [Fatal Error] :1:1: Premature end of file.
2026-05-05 23:03:03,568 [ERROR] LogOutputStream:75 - [STDERR_REDIRECT] 
2026-05-05 23:03:04,576 [ERROR] LogOutputStream:75 - [STDERR_REDIRECT] [Fatal Error] :1:1: Premature end of file.
2026-05-05 23:03:04,577 [ERROR] LogOutputStream:75 - [STDERR_REDIRECT] 
2026-05-05 23:03:05,562 [ERROR] LogOutputStream:75 - [STDERR_REDIRECT] [Fatal Error] :1:1: Premature end of file.
2026-05-05 23:03:05,563 [ERROR] LogOutputStream:75 - [STDERR_REDIRECT] 
2026-05-05 23:03:06,556 [ERROR] LogOutputStream:75 - [STDERR_REDIRECT] [Fatal Error] :1:1: Premature end of file.
2026-05-05 23:03:06,556 [ERROR] LogOutputStream:75 - [STDERR_REDIRECT] 
2026-05-05 23:03:07,567 [ERROR] LogOutputStream:75 - [STDERR_REDIRECT] [Fatal Error] :1:1: Premature end of file.
2026-05-05 23:03:07,567 [ERROR] LogOutputStream:75 - [STDERR_REDIRECT] 
2026-05-05 23:03:08,570 [ERROR] LogOutputStream:75 - [STDERR_REDIRECT] [Fatal Error] :1:1: Premature end of file.
2026-05-05 23:03:08,571 [ERROR] LogOutputStream:75 - [STDERR_REDIRECT] 
2026-05-05 23:03:09,568 [ERROR] LogOutputStream:75 - [STDERR_REDIRECT] [Fatal Error] :1:1: Premature end of file.
2026-05-05 23:03:09,568 [ERROR] LogOutputStream:75 - [STDERR_REDIRECT] 
2026-05-05 23:03:10,579 [ERROR] LogOutputStream:75 - [STDERR_REDIRECT] [Fatal Error] :1:1: Premature end of file.
2026-05-05 23:03:10,582 [ERROR] LogOutputStream:75 - [STDERR_REDIRECT] 
2026-05-05 23:03:11,553 [ERROR] LogOutputStream:75 - [STDERR_REDIRECT] [Fatal Error] :1:1: Premature end of file.
2026-05-05 23:03:11,553 [ERROR] LogOutputStream:75 - [STDERR_REDIRECT] 
2026-05-05 23:03:12,557 [ERROR] LogOutputStream:75 - [STDERR_REDIRECT] [Fatal Error] :1:1: Premature end of file.
2026-05-05 23:03:12,558 [ERROR] LogOutputStream:75 - [STDERR_REDIRECT] 
2026-05-05 23:03:13,564 [ERROR] LogOutputStream:75 - [STDERR_REDIRECT] [Fatal Error] :1:1: Premature end of file.
2026-05-05 23:03:13,566 [ERROR] LogOutputStream:75 - [STDERR_REDIRECT] 
2026-05-05 23:03:14,575 [ERROR] LogOutputStream:75 - [STDERR_REDIRECT] [Fatal Error] :1:1: Premature end of file.
2026-05-05 23:03:14,575 [ERROR] LogOutputStream:75 - [STDERR_REDIRECT] 
2026-05-05 23:03:15,559 [ERROR] LogOutputStream:75 - [STDERR_REDIRECT] [Fatal Error] :1:1: Premature end of file.
2026-05-05 23:03:15,560 [ERROR] LogOutputStream:75 - [STDERR_REDIRECT] 
2026-05-05 23:03:16,523 [ERROR] LogOutputStream:75 - [STDERR_REDIRECT] [Fatal Error] :1:1: Premature end of file.
2026-05-05 23:03:16,523 [ERROR] LogOutputStream:75 - [STDERR_REDIRECT] 
2026-05-05 23:03:17,569 [ERROR] LogOutputStream:75 - [STDERR_REDIRECT] [Fatal Error] :1:1: Premature end of file.
2026-05-05 23:03:17,569 [ERROR] LogOutputStream:75 - [STDERR_REDIRECT] 
2026-05-05 23:03:18,560 [ERROR] LogOutputStream:75 - [STDERR_REDIRECT] [Fatal Error] :1:1: Premature end of file.
2026-05-05 23:03:18,561 [ERROR] LogOutputStream:75 - [STDERR_REDIRECT] 
2026-05-05 23:03:19,555 [ERROR] LogOutputStream:75 - [STDERR_REDIRECT] [Fatal Error] :1:1: Premature end of file.
2026-05-05 23:03:19,556 [ERROR] LogOutputStream:75 - [STDERR_REDIRECT] 
2026-05-05 23:03:20,578 [ERROR] LogOutputStream:75 - [STDERR_REDIRECT] [Fatal Error] :1:1: Premature end of file.
2026-05-05 23:03:20,578 [ERROR] LogOutputStream:75 - [STDERR_REDIRECT] 
2026-05-05 23:03:21,555 [ERROR] LogOutputStream:75 - [STDERR_REDIRECT] [Fatal Error] :1:1: Premature end of file.
2026-05-05 23:03:21,556 [ERROR] LogOutputStream:75 - [STDERR_REDIRECT] 
2026-05-05 23:03:22,540 [ERROR] LogOutputStream:75 - [STDERR_REDIRECT] [Fatal Error] :1:1: Premature end of file.
2026-05-05 23:03:22,541 [ERROR] LogOutputStream:75 - [STDERR_REDIRECT] 
2026-05-05 23:03:23,553 [ERROR] LogOutputStream:75 - [STDERR_REDIRECT] [Fatal Error] :1:1: Premature end of file.
2026-05-05 23:03:23,553 [ERROR] LogOutputStream:75 - [STDERR_REDIRECT] 
2026-05-05 23:03:24,547 [ERROR] LogOutputStream:75 - [STDERR_REDIRECT] [Fatal Error] :1:1: Premature end of file.
2026-05-05 23:03:24,548 [ERROR] LogOutputStream:75 - [STDERR_REDIRECT] 
2026-05-05 23:03:25,546 [ERROR] LogOutputStream:75 - [STDERR_REDIRECT] [Fatal Error] :1:1: Premature end of file.
2026-05-05 23:03:25,546 [ERROR] LogOutputStream:75 - [STDERR_REDIRECT] 
2026-05-05 23:03:26,545 [ERROR] LogOutputStream:75 - [STDERR_REDIRECT] [Fatal Error] :1:1: Premature end of file.
2026-05-05 23:03:26,545 [ERROR] LogOutputStream:75 - [STDERR_REDIRECT] 
2026-05-05 23:03:27,573 [ERROR] LogOutputStream:75 - [STDERR_REDIRECT] [Fatal Error] :1:1: Premature end of file.
2026-05-05 23:03:27,573 [ERROR] LogOutputStream:75 - [STDERR_REDIRECT] 
2026-05-05 23:03:28,549 [ERROR] LogOutputStream:75 - [STDERR_REDIRECT] [Fatal Error] :1:1: Premature end of file.
2026-05-05 23:03:28,549 [ERROR] LogOutputStream:75 - [STDERR_REDIRECT] 
2026-05-05 23:03:29,565 [ERROR] LogOutputStream:75 - [STDERR_REDIRECT] [Fatal Error] :1:1: Premature end of file.
2026-05-05 23:03:29,565 [ERROR] LogOutputStream:75 - [STDERR_REDIRECT] 
2026-05-05 23:03:30,546 [ERROR] LogOutputStream:75 - [STDERR_REDIRECT] [Fatal Error] :1:1: Premature end of file.
2026-05-05 23:03:30,547 [ERROR] LogOutputStream:75 - [STDERR_REDIRECT] 
2026-05-05 23:03:31,551 [ERROR] LogOutputStream:75 - [STDERR_REDIRECT] [Fatal Error] :1:1: Premature end of file.
2026-05-05 23:03:31,551 [ERROR] LogOutputStream:75 - [STDERR_REDIRECT] 
2026-05-05 23:03:32,561 [ERROR] LogOutputStream:75 - [STDERR_REDIRECT] [Fatal Error] :1:1: Premature end of file.
2026-05-05 23:03:32,562 [ERROR] LogOutputStream:75 - [STDERR_REDIRECT] 
2026-05-05 23:03:33,563 [ERROR] LogOutputStream:75 - [STDERR_REDIRECT] [Fatal Error] :1:1: Premature end of file.
2026-05-05 23:03:33,564 [ERROR] LogOutputStream:75 - [STDERR_REDIRECT] 
2026-05-05 23:03:34,563 [ERROR] LogOutputStream:75 - [STDERR_REDIRECT] [Fatal Error] :1:1: Premature end of file.
2026-05-05 23:03:34,563 [ERROR] LogOutputStream:75 - [STDERR_REDIRECT] 
2026-05-05 23:03:35,565 [ERROR] LogOutputStream:75 - [STDERR_REDIRECT] [Fatal Error] :1:1: Premature end of file.
2026-05-05 23:03:35,566 [ERROR] LogOutputStream:75 - [STDERR_REDIRECT] 
2026-05-05 23:03:36,549 [ERROR] LogOutputStream:75 - [STDERR_REDIRECT] [Fatal Error] :1:1: Premature end of file.
2026-05-05 23:03:36,550 [ERROR] LogOutputStream:75 - [STDERR_REDIRECT] 
2026-05-05 23:03:37,552 [ERROR] LogOutputStream:75 - [STDERR_REDIRECT] [Fatal Error] :1:1: Premature end of file.
2026-05-05 23:03:37,555 [ERROR] LogOutputStream:75 - [STDERR_REDIRECT] 
2026-05-05 23:03:38,558 [ERROR] LogOutputStream:75 - [STDERR_REDIRECT] [Fatal Error] :1:1: Premature end of file.
2026-05-05 23:03:38,558 [ERROR] LogOutputStream:75 - [STDERR_REDIRECT] 
2026-05-05 23:03:39,571 [ERROR] LogOutputStream:75 - [STDERR_REDIRECT] [Fatal Error] :1:1: Premature end of file.
2026-05-05 23:03:39,571 [ERROR] LogOutputStream:75 - [STDERR_REDIRECT] 
2026-05-05 23:03:40,552 [ERROR] LogOutputStream:75 - [STDERR_REDIRECT] [Fatal Error] :1:1: Premature end of file.
2026-05-05 23:03:40,552 [ERROR] LogOutputStream:75 - [STDERR_REDIRECT] 
2026-05-05 23:03:41,550 [ERROR] LogOutputStream:75 - [STDERR_REDIRECT] [Fatal Error] :1:1: Premature end of file.
2026-05-05 23:03:41,550 [ERROR] LogOutputStream:75 - [STDERR_REDIRECT] 
2026-05-05 23:03:42,558 [ERROR] LogOutputStream:75 - [STDERR_REDIRECT] [Fatal Error] :1:1: Premature end of file.
2026-05-05 23:03:42,559 [ERROR] LogOutputStream:75 - [STDERR_REDIRECT] 
2026-05-05 23:03:43,550 [ERROR] LogOutputStream:75 - [STDERR_REDIRECT] [Fatal Error] :1:1: Premature end of file.
2026-05-05 23:03:43,551 [ERROR] LogOutputStream:75 - [STDERR_REDIRECT] 
2026-05-05 23:03:44,556 [ERROR] LogOutputStream:75 - [STDERR_REDIRECT] [Fatal Error] :1:1: Premature end of file.
2026-05-05 23:03:44,557 [ERROR] LogOutputStream:75 - [STDERR_REDIRECT] 
2026-05-05 23:03:45,564 [ERROR] LogOutputStream:75 - [STDERR_REDIRECT] [Fatal Error] :1:1: Premature end of file.
2026-05-05 23:03:45,564 [ERROR] LogOutputStream:75 - [STDERR_REDIRECT] 
2026-05-05 23:03:46,554 [ERROR] LogOutputStream:75 - [STDERR_REDIRECT] [Fatal Error] :1:1: Premature end of file.
2026-05-05 23:03:46,555 [ERROR] LogOutputStream:75 - [STDERR_REDIRECT] 
2026-05-05 23:03:47,555 [ERROR] LogOutputStream:75 - [STDERR_REDIRECT] [Fatal Error] :1:1: Premature end of file.
2026-05-05 23:03:47,555 [ERROR] LogOutputStream:75 - [STDERR_REDIRECT] 
2026-05-05 23:03:48,558 [ERROR] LogOutputStream:75 - [STDERR_REDIRECT] [Fatal Error] :1:1: Premature end of file.
2026-05-05 23:03:48,559 [ERROR] LogOutputStream:75 - [STDERR_REDIRECT] 
2026-05-05 23:03:49,565 [ERROR] LogOutputStream:75 - [STDERR_REDIRECT] [Fatal Error] :1:1: Premature end of file.
2026-05-05 23:03:49,566 [ERROR] LogOutputStream:75 - [STDERR_REDIRECT] 
2026-05-05 23:03:50,559 [ERROR] LogOutputStream:75 - [STDERR_REDIRECT] [Fatal Error] :1:1: Premature end of file.
2026-05-05 23:03:50,560 [ERROR] LogOutputStream:75 - [STDERR_REDIRECT] 
2026-05-05 23:03:51,534 [ERROR] LogOutputStream:75 - [STDERR_REDIRECT] [Fatal Error] :1:1: Premature end of file.
2026-05-05 23:03:51,536 [ERROR] LogOutputStream:75 - [STDERR_REDIRECT] 
2026-05-05 23:03:52,695 [ERROR] LogOutputStream:75 - [STDERR_REDIRECT] [Fatal Error] :1:1: Premature end of file.
2026-05-05 23:03:52,703 [ERROR] LogOutputStream:75 - [STDERR_REDIRECT] 
2026-05-05 23:03:53,594 [ERROR] LogOutputStream:75 - [STDERR_REDIRECT] [Fatal Error] :1:1: Premature end of file.
2026-05-05 23:03:53,596 [ERROR] LogOutputStream:75 - [STDERR_REDIRECT] 
2026-05-05 23:03:54,534 [ERROR] LogOutputStream:75 - [STDERR_REDIRECT] [Fatal Error] :1:1: Premature end of file.
2026-05-05 23:03:54,534 [ERROR] LogOutputStream:75 - [STDERR_REDIRECT] 
2026-05-05 23:03:55,666 [ERROR] LogOutputStream:75 - [STDERR_REDIRECT] [Fatal Error] :1:1: Premature end of file.
2026-05-05 23:03:55,670 [ERROR] LogOutputStream:75 - [STDERR_REDIRECT] 
2026-05-05 23:03:56,565 [ERROR] LogOutputStream:75 - [STDERR_REDIRECT] [Fatal Error] :1:1: Premature end of file.
2026-05-05 23:03:56,566 [ERROR] LogOutputStream:75 - [STDERR_REDIRECT] 
2026-05-05 23:03:57,558 [ERROR] LogOutputStream:75 - [STDERR_REDIRECT] [Fatal Error] :1:1: Premature end of file.
2026-05-05 23:03:57,559 [ERROR] LogOutputStream:75 - [STDERR_REDIRECT] 
2026-05-05 23:03:58,562 [ERROR] LogOutputStream:75 - [STDERR_REDIRECT] [Fatal Error] :1:1: Premature end of file.
2026-05-05 23:03:58,562 [ERROR] LogOutputStream:75 - [STDERR_REDIRECT] 
2026-05-05 23:03:59,557 [ERROR] LogOutputStream:75 - [STDERR_REDIRECT] [Fatal Error] :1:1: Premature end of file.
2026-05-05 23:03:59,557 [ERROR] LogOutputStream:75 - [STDERR_REDIRECT] 
2026-05-05 23:04:00,539 [ERROR] LogOutputStream:75 - [STDERR_REDIRECT] [Fatal Error] :1:1: Premature end of file.
2026-05-05 23:04:00,540 [ERROR] LogOutputStream:75 - [STDERR_REDIRECT] 
2026-05-05 23:04:01,530 [ERROR] LogOutputStream:75 - [STDERR_REDIRECT] [Fatal Error] :1:1: Premature end of file.
2026-05-05 23:04:01,530 [ERROR] LogOutputStream:75 - [STDERR_REDIRECT] 
2026-05-05 23:04:02,532 [ERROR] LogOutputStream:75 - [STDERR_REDIRECT] [Fatal Error] :1:1: Premature end of file.
2026-05-05 23:04:02,533 [ERROR] LogOutputStream:75 - [STDERR_REDIRECT] 
2026-05-05 23:04:03,575 [ERROR] LogOutputStream:75 - [STDERR_REDIRECT] [Fatal Error] :1:1: Premature end of file.
2026-05-05 23:04:03,576 [ERROR] LogOutputStream:75 - [STDERR_REDIRECT] 
2026-05-05 23:04:04,523 [ERROR] LogOutputStream:75 - [STDERR_REDIRECT] [Fatal Error] :1:1: Premature end of file.
2026-05-05 23:04:04,524 [ERROR] LogOutputStream:75 - [STDERR_REDIRECT] 
2026-05-05 23:04:05,555 [ERROR] LogOutputStream:75 - [STDERR_REDIRECT] [Fatal Error] :1:1: Premature end of file.
2026-05-05 23:04:05,555 [ERROR] LogOutputStream:75 - [STDERR_REDIRECT] 
2026-05-05 23:04:06,551 [ERROR] LogOutputStream:75 - [STDERR_REDIRECT] [Fatal Error] :1:1: Premature end of file.
2026-05-05 23:04:06,552 [ERROR] LogOutputStream:75 - [STDERR_REDIRECT] 
2026-05-05 23:04:07,531 [ERROR] LogOutputStream:75 - [STDERR_REDIRECT] [Fatal Error] :1:1: Premature end of file.
2026-05-05 23:04:07,531 [ERROR] LogOutputStream:75 - [STDERR_REDIRECT] 
2026-05-05 23:04:08,561 [ERROR] LogOutputStream:75 - [STDERR_REDIRECT] [Fatal Error] :1:1: Premature end of file.
2026-05-05 23:04:08,561 [ERROR] LogOutputStream:75 - [STDERR_REDIRECT] 
2026-05-05 23:04:09,561 [ERROR] LogOutputStream:75 - [STDERR_REDIRECT] [Fatal Error] :1:1: Premature end of file.
2026-05-05 23:04:09,561 [ERROR] LogOutputStream:75 - [STDERR_REDIRECT] 
2026-05-05 23:04:10,574 [ERROR] LogOutputStream:75 - [STDERR_REDIRECT] [Fatal Error] :1:1: Premature end of file.
2026-05-05 23:04:10,575 [ERROR] LogOutputStream:75 - [STDERR_REDIRECT] 
2026-05-05 23:04:11,559 [ERROR] LogOutputStream:75 - [STDERR_REDIRECT] [Fatal Error] :1:1: Premature end of file.
2026-05-05 23:04:11,561 [ERROR] LogOutputStream:75 - [STDERR_REDIRECT] 
2026-05-05 23:04:12,564 [ERROR] LogOutputStream:75 - [STDERR_REDIRECT] [Fatal Error] :1:1: Premature end of file.
2026-05-05 23:04:12,565 [ERROR] LogOutputStream:75 - [STDERR_REDIRECT] 
2026-05-05 23:04:13,548 [ERROR] LogOutputStream:75 - [STDERR_REDIRECT] [Fatal Error] :1:1: Premature end of file.
2026-05-05 23:04:13,549 [ERROR] LogOutputStream:75 - [STDERR_REDIRECT] 
2026-05-05 23:04:14,556 [ERROR] LogOutputStream:75 - [STDERR_REDIRECT] [Fatal Error] :1:1: Premature end of file.
2026-05-05 23:04:14,557 [ERROR] LogOutputStream:75 - [STDERR_REDIRECT] 
2026-05-05 23:04:15,559 [ERROR] LogOutputStream:75 - [STDERR_REDIRECT] [Fatal Error] :1:1: Premature end of file.
2026-05-05 23:04:15,559 [ERROR] LogOutputStream:75 - [STDERR_REDIRECT] 
2026-05-05 23:04:16,547 [ERROR] LogOutputStream:75 - [STDERR_REDIRECT] [Fatal Error] :1:1: Premature end of file.
2026-05-05 23:04:16,548 [ERROR] LogOutputStream:75 - [STDERR_REDIRECT] 
2026-05-05 23:04:17,548 [ERROR] LogOutputStream:75 - [STDERR_REDIRECT] [Fatal Error] :1:1: Premature end of file.
2026-05-05 23:04:17,549 [ERROR] LogOutputStream:75 - [STDERR_REDIRECT] 
2026-05-05 23:04:18,559 [ERROR] LogOutputStream:75 - [STDERR_REDIRECT] [Fatal Error] :1:1: Premature end of file.
2026-05-05 23:04:18,559 [ERROR] LogOutputStream:75 - [STDERR_REDIRECT] 
2026-05-05 23:04:19,567 [ERROR] LogOutputStream:75 - [STDERR_REDIRECT] [Fatal Error] :1:1: Premature end of file.
2026-05-05 23:04:19,567 [ERROR] LogOutputStream:75 - [STDERR_REDIRECT] 
2026-05-05 23:04:20,560 [ERROR] LogOutputStream:75 - [STDERR_REDIRECT] [Fatal Error] :1:1: Premature end of file.
2026-05-05 23:04:20,561 [ERROR] LogOutputStream:75 - [STDERR_REDIRECT] 
2026-05-05 23:04:21,564 [ERROR] LogOutputStream:75 - [STDERR_REDIRECT] [Fatal Error] :1:1: Premature end of file.
2026-05-05 23:04:21,564 [ERROR] LogOutputStream:75 - [STDERR_REDIRECT] 
2026-05-05 23:04:22,565 [ERROR] LogOutputStream:75 - [STDERR_REDIRECT] [Fatal Error] :1:1: Premature end of file.
2026-05-05 23:04:22,565 [ERROR] LogOutputStream:75 - [STDERR_REDIRECT] 
2026-05-05 23:04:23,570 [ERROR] LogOutputStream:75 - [STDERR_REDIRECT] [Fatal Error] :1:1: Premature end of file.
2026-05-05 23:04:23,570 [ERROR] LogOutputStream:75 - [STDERR_REDIRECT] 
2026-05-05 23:04:24,565 [ERROR] LogOutputStream:75 - [STDERR_REDIRECT] [Fatal Error] :1:1: Premature end of file.
2026-05-05 23:04:24,565 [ERROR] LogOutputStream:75 - [STDERR_REDIRECT] 
2026-05-05 23:04:25,571 [ERROR] LogOutputStream:75 - [STDERR_REDIRECT] [Fatal Error] :1:1: Premature end of file.
2026-05-05 23:04:25,571 [ERROR] LogOutputStream:75 - [STDERR_REDIRECT] 
2026-05-05 23:04:26,557 [ERROR] LogOutputStream:75 - [STDERR_REDIRECT] [Fatal Error] :1:1: Premature end of file.
2026-05-05 23:04:26,558 [ERROR] LogOutputStream:75 - [STDERR_REDIRECT] 
2026-05-05 23:04:27,559 [ERROR] LogOutputStream:75 - [STDERR_REDIRECT] [Fatal Error] :1:1: Premature end of file.
2026-05-05 23:04:27,559 [ERROR] LogOutputStream:75 - [STDERR_REDIRECT] 
2026-05-05 23:04:28,565 [ERROR] LogOutputStream:75 - [STDERR_REDIRECT] [Fatal Error] :1:1: Premature end of file.
2026-05-05 23:04:28,566 [ERROR] LogOutputStream:75 - [STDERR_REDIRECT] 
2026-05-05 23:04:29,545 [ERROR] LogOutputStream:75 - [STDERR_REDIRECT] [Fatal Error] :1:1: Premature end of file.
2026-05-05 23:04:29,545 [ERROR] LogOutputStream:75 - [STDERR_REDIRECT] 
2026-05-05 23:04:30,534 [ERROR] LogOutputStream:75 - [STDERR_REDIRECT] [Fatal Error] :1:1: Premature end of file.
2026-05-05 23:04:30,534 [ERROR] LogOutputStream:75 - [STDERR_REDIRECT] 
2026-05-05 23:04:31,565 [ERROR] LogOutputStream:75 - [STDERR_REDIRECT] [Fatal Error] :1:1: Premature end of file.
2026-05-05 23:04:31,566 [ERROR] LogOutputStream:75 - [STDERR_REDIRECT] 
2026-05-05 23:04:32,561 [ERROR] LogOutputStream:75 - [STDERR_REDIRECT] [Fatal Error] :1:1: Premature end of file.
2026-05-05 23:04:32,561 [ERROR] LogOutputStream:75 - [STDERR_REDIRECT] 
2026-05-05 23:04:33,547 [ERROR] LogOutputStream:75 - [STDERR_REDIRECT] [Fatal Error] :1:1: Premature end of file.
2026-05-05 23:04:33,549 [ERROR] LogOutputStream:75 - [STDERR_REDIRECT] 
2026-05-05 23:04:34,564 [ERROR] LogOutputStream:75 - [STDERR_REDIRECT] [Fatal Error] :1:1: Premature end of file.
2026-05-05 23:04:34,564 [ERROR] LogOutputStream:75 - [STDERR_REDIRECT] 
2026-05-05 23:04:35,557 [ERROR] LogOutputStream:75 - [STDERR_REDIRECT] [Fatal Error] :1:1: Premature end of file.
2026-05-05 23:04:35,557 [ERROR] LogOutputStream:75 - [STDERR_REDIRECT] 
2026-05-05 23:04:36,559 [ERROR] LogOutputStream:75 - [STDERR_REDIRECT] [Fatal Error] :1:1: Premature end of file.
2026-05-05 23:04:36,560 [ERROR] LogOutputStream:75 - [STDERR_REDIRECT] 
2026-05-05 23:04:37,561 [ERROR] LogOutputStream:75 - [STDERR_REDIRECT] [Fatal Error] :1:1: Premature end of file.
2026-05-05 23:04:37,562 [ERROR] LogOutputStream:75 - [STDERR_REDIRECT] 
2026-05-05 23:04:38,575 [ERROR] LogOutputStream:75 - [STDERR_REDIRECT] [Fatal Error] :1:1: Premature end of file.
2026-05-05 23:04:38,576 [ERROR] LogOutputStream:75 - [STDERR_REDIRECT] 
2026-05-05 23:04:39,567 [ERROR] LogOutputStream:75 - [STDERR_REDIRECT] [Fatal Error] :1:1: Premature end of file.
2026-05-05 23:04:39,568 [ERROR] LogOutputStream:75 - [STDERR_REDIRECT] 
2026-05-05 23:04:40,577 [ERROR] LogOutputStream:75 - [STDERR_REDIRECT] [Fatal Error] :1:1: Premature end of file.
2026-05-05 23:04:40,577 [ERROR] LogOutputStream:75 - [STDERR_REDIRECT] 
2026-05-05 23:04:41,563 [ERROR] LogOutputStream:75 - [STDERR_REDIRECT] [Fatal Error] :1:1: Premature end of file.
2026-05-05 23:04:41,564 [ERROR] LogOutputStream:75 - [STDERR_REDIRECT] 
2026-05-05 23:04:42,577 [ERROR] LogOutputStream:75 - [STDERR_REDIRECT] [Fatal Error] :1:1: Premature end of file.
2026-05-05 23:04:42,578 [ERROR] LogOutputStream:75 - [STDERR_REDIRECT] 
2026-05-05 23:04:43,562 [ERROR] LogOutputStream:75 - [STDERR_REDIRECT] [Fatal Error] :1:1: Premature end of file.
2026-05-05 23:04:43,562 [ERROR] LogOutputStream:75 - [STDERR_REDIRECT] 
2026-05-05 23:04:44,568 [ERROR] LogOutputStream:75 - [STDERR_REDIRECT] [Fatal Error] :1:1: Premature end of file.
2026-05-05 23:04:44,568 [ERROR] LogOutputStream:75 - [STDERR_REDIRECT] 
2026-05-05 23:04:45,578 [ERROR] LogOutputStream:75 - [STDERR_REDIRECT] [Fatal Error] :1:1: Premature end of file.
2026-05-05 23:04:45,578 [ERROR] LogOutputStream:75 - [STDERR_REDIRECT] 
2026-05-05 23:04:46,570 [ERROR] LogOutputStream:75 - [STDERR_REDIRECT] [Fatal Error] :1:1: Premature end of file.
2026-05-05 23:04:46,570 [ERROR] LogOutputStream:75 - [STDERR_REDIRECT] 
2026-05-05 23:04:47,553 [ERROR] LogOutputStream:75 - [STDERR_REDIRECT] [Fatal Error] :1:1: Premature end of file.
2026-05-05 23:04:47,553 [ERROR] LogOutputStream:75 - [STDERR_REDIRECT] 
2026-05-05 23:04:48,569 [ERROR] LogOutputStream:75 - [STDERR_REDIRECT] [Fatal Error] :1:1: Premature end of file.
2026-05-05 23:04:48,570 [ERROR] LogOutputStream:75 - [STDERR_REDIRECT] 
2026-05-05 23:04:49,701 [ERROR] LogOutputStream:75 - [STDERR_REDIRECT] [Fatal Error] :1:1: Premature end of file.
2026-05-05 23:04:49,701 [ERROR] LogOutputStream:75 - [STDERR_REDIRECT] 
2026-05-05 23:04:50,560 [ERROR] LogOutputStream:75 - [STDERR_REDIRECT] [Fatal Error] :1:1: Premature end of file.
2026-05-05 23:04:50,560 [ERROR] LogOutputStream:75 - [STDERR_REDIRECT] 
2026-05-05 23:04:51,565 [ERROR] LogOutputStream:75 - [STDERR_REDIRECT] [Fatal Error] :1:1: Premature end of file.
2026-05-05 23:04:51,565 [ERROR] LogOutputStream:75 - [STDERR_REDIRECT] 
2026-05-05 23:04:52,557 [ERROR] LogOutputStream:75 - [STDERR_REDIRECT] [Fatal Error] :1:1: Premature end of file.
2026-05-05 23:04:52,557 [ERROR] LogOutputStream:75 - [STDERR_REDIRECT] 
2026-05-05 23:04:53,571 [ERROR] LogOutputStream:75 - [STDERR_REDIRECT] [Fatal Error] :1:1: Premature end of file.
2026-05-05 23:04:53,572 [ERROR] LogOutputStream:75 - [STDERR_REDIRECT] 
2026-05-05 23:04:54,555 [ERROR] LogOutputStream:75 - [STDERR_REDIRECT] [Fatal Error] :1:1: Premature end of file.
2026-05-05 23:04:54,555 [ERROR] LogOutputStream:75 - [STDERR_REDIRECT] 
2026-05-05 23:04:55,545 [ERROR] LogOutputStream:75 - [STDERR_REDIRECT] [Fatal Error] :1:1: Premature end of file.
2026-05-05 23:04:55,545 [ERROR] LogOutputStream:75 - [STDERR_REDIRECT] 
2026-05-05 23:04:56,569 [ERROR] LogOutputStream:75 - [STDERR_REDIRECT] [Fatal Error] :1:1: Premature end of file.
2026-05-05 23:04:56,569 [ERROR] LogOutputStream:75 - [STDERR_REDIRECT] 
2026-05-05 23:04:57,547 [ERROR] LogOutputStream:75 - [STDERR_REDIRECT] [Fatal Error] :1:1: Premature end of file.
2026-05-05 23:04:57,547 [ERROR] LogOutputStream:75 - [STDERR_REDIRECT] 
2026-05-05 23:04:58,557 [ERROR] LogOutputStream:75 - [STDERR_REDIRECT] [Fatal Error] :1:1: Premature end of file.
2026-05-05 23:04:58,558 [ERROR] LogOutputStream:75 - [STDERR_REDIRECT] 
2026-05-05 23:04:59,558 [ERROR] LogOutputStream:75 - [STDERR_REDIRECT] [Fatal Error] :1:1: Premature end of file.
2026-05-05 23:04:59,559 [ERROR] LogOutputStream:75 - [STDERR_REDIRECT] 
2026-05-05 23:05:00,565 [ERROR] LogOutputStream:75 - [STDERR_REDIRECT] [Fatal Error] :1:1: Premature end of file.
2026-05-05 23:05:00,566 [ERROR] LogOutputStream:75 - [STDERR_REDIRECT] 
2026-05-05 23:05:01,571 [ERROR] LogOutputStream:75 - [STDERR_REDIRECT] [Fatal Error] :1:1: Premature end of file.
2026-05-05 23:05:01,572 [ERROR] LogOutputStream:75 - [STDERR_REDIRECT] 
2026-05-05 23:05:02,571 [ERROR] LogOutputStream:75 - [STDERR_REDIRECT] [Fatal Error] :1:1: Premature end of file.
2026-05-05 23:05:02,572 [ERROR] LogOutputStream:75 - [STDERR_REDIRECT] 
2026-05-05 23:05:03,553 [ERROR] LogOutputStream:75 - [STDERR_REDIRECT] [Fatal Error] :1:1: Premature end of file.
2026-05-05 23:05:03,553 [ERROR] LogOutputStream:75 - [STDERR_REDIRECT] 
2026-05-05 23:05:04,554 [ERROR] LogOutputStream:75 - [STDERR_REDIRECT] [Fatal Error] :1:1: Premature end of file.
2026-05-05 23:05:04,554 [ERROR] LogOutputStream:75 - [STDERR_REDIRECT] 
2026-05-05 23:05:05,564 [ERROR] LogOutputStream:75 - [STDERR_REDIRECT] [Fatal Error] :1:1: Premature end of file.
2026-05-05 23:05:05,564 [ERROR] LogOutputStream:75 - [STDERR_REDIRECT] 
2026-05-05 23:05:06,543 [ERROR] LogOutputStream:75 - [STDERR_REDIRECT] [Fatal Error] :1:1: Premature end of file.
2026-05-05 23:05:06,543 [ERROR] LogOutputStream:75 - [STDERR_REDIRECT] 
2026-05-05 23:05:07,576 [ERROR] LogOutputStream:75 - [STDERR_REDIRECT] [Fatal Error] :1:1: Premature end of file.
2026-05-05 23:05:07,577 [ERROR] LogOutputStream:75 - [STDERR_REDIRECT] 
2026-05-05 23:05:08,565 [ERROR] LogOutputStream:75 - [STDERR_REDIRECT] [Fatal Error] :1:1: Premature end of file.
2026-05-05 23:05:08,566 [ERROR] LogOutputStream:75 - [STDERR_REDIRECT] 
2026-05-05 23:05:09,556 [ERROR] LogOutputStream:75 - [STDERR_REDIRECT] [Fatal Error] :1:1: Premature end of file.
2026-05-05 23:05:09,557 [ERROR] LogOutputStream:75 - [STDERR_REDIRECT] 
2026-05-05 23:05:10,557 [ERROR] LogOutputStream:75 - [STDERR_REDIRECT] [Fatal Error] :1:1: Premature end of file.
2026-05-05 23:05:10,558 [ERROR] LogOutputStream:75 - [STDERR_REDIRECT] 
2026-05-05 23:05:11,537 [ERROR] LogOutputStream:75 - [STDERR_REDIRECT] [Fatal Error] :1:1: Premature end of file.
2026-05-05 23:05:11,538 [ERROR] LogOutputStream:75 - [STDERR_REDIRECT] 
2026-05-05 23:05:12,565 [ERROR] LogOutputStream:75 - [STDERR_REDIRECT] [Fatal Error] :1:1: Premature end of file.
2026-05-05 23:05:12,565 [ERROR] LogOutputStream:75 - [STDERR_REDIRECT] 
2026-05-05 23:05:13,555 [ERROR] LogOutputStream:75 - [STDERR_REDIRECT] [Fatal Error] :1:1: Premature end of file.
2026-05-05 23:05:13,556 [ERROR] LogOutputStream:75 - [STDERR_REDIRECT] 
2026-05-05 23:05:14,616 [ERROR] LogOutputStream:75 - [STDERR_REDIRECT] [Fatal Error] :1:1: Premature end of file.
2026-05-05 23:05:14,617 [ERROR] LogOutputStream:75 - [STDERR_REDIRECT] 
2026-05-05 23:05:15,527 [ERROR] LogOutputStream:75 - [STDERR_REDIRECT] [Fatal Error] :1:1: Premature end of file.
2026-05-05 23:05:15,527 [ERROR] LogOutputStream:75 - [STDERR_REDIRECT] 
2026-05-05 23:05:16,528 [ERROR] LogOutputStream:75 - [STDERR_REDIRECT] [Fatal Error] :1:1: Premature end of file.
2026-05-05 23:05:16,528 [ERROR] LogOutputStream:75 - [STDERR_REDIRECT] 
2026-05-05 23:05:17,542 [ERROR] LogOutputStream:75 - [STDERR_REDIRECT] [Fatal Error] :1:1: Premature end of file.
2026-05-05 23:05:17,542 [ERROR] LogOutputStream:75 - [STDERR_REDIRECT] 
2026-05-05 23:05:18,553 [ERROR] LogOutputStream:75 - [STDERR_REDIRECT] [Fatal Error] :1:1: Premature end of file.
2026-05-05 23:05:18,553 [ERROR] LogOutputStream:75 - [STDERR_REDIRECT] 
2026-05-05 23:05:19,564 [ERROR] LogOutputStream:75 - [STDERR_REDIRECT] [Fatal Error] :1:1: Premature end of file.
2026-05-05 23:05:19,565 [ERROR] LogOutputStream:75 - [STDERR_REDIRECT] 
2026-05-05 23:05:20,542 [ERROR] LogOutputStream:75 - [STDERR_REDIRECT] [Fatal Error] :1:1: Premature end of file.
2026-05-05 23:05:20,542 [ERROR] LogOutputStream:75 - [STDERR_REDIRECT] 
2026-05-05 23:05:21,548 [ERROR] LogOutputStream:75 - [STDERR_REDIRECT] [Fatal Error] :1:1: Premature end of file.
2026-05-05 23:05:21,548 [ERROR] LogOutputStream:75 - [STDERR_REDIRECT] 
2026-05-05 23:05:22,537 [ERROR] LogOutputStream:75 - [STDERR_REDIRECT] [Fatal Error] :1:1: Premature end of file.
2026-05-05 23:05:22,538 [ERROR] LogOutputStream:75 - [STDERR_REDIRECT] 
2026-05-05 23:05:23,538 [ERROR] LogOutputStream:75 - [STDERR_REDIRECT] [Fatal Error] :1:1: Premature end of file.
2026-05-05 23:05:23,539 [ERROR] LogOutputStream:75 - [STDERR_REDIRECT] 
2026-05-05 23:05:24,523 [ERROR] LogOutputStream:75 - [STDERR_REDIRECT] [Fatal Error] :1:1: Premature end of file.
2026-05-05 23:05:24,523 [ERROR] LogOutputStream:75 - [STDERR_REDIRECT] 
2026-05-05 23:05:25,549 [ERROR] LogOutputStream:75 - [STDERR_REDIRECT] [Fatal Error] :1:1: Premature end of file.
2026-05-05 23:05:25,549 [ERROR] LogOutputStream:75 - [STDERR_REDIRECT] 
2026-05-05 23:05:26,529 [ERROR] LogOutputStream:75 - [STDERR_REDIRECT] [Fatal Error] :1:1: Premature end of file.
2026-05-05 23:05:26,529 [ERROR] LogOutputStream:75 - [STDERR_REDIRECT] 
2026-05-05 23:05:27,542 [ERROR] LogOutputStream:75 - [STDERR_REDIRECT] [Fatal Error] :1:1: Premature end of file.
2026-05-05 23:05:27,542 [ERROR] LogOutputStream:75 - [STDERR_REDIRECT] 
2026-05-05 23:05:28,546 [ERROR] LogOutputStream:75 - [STDERR_REDIRECT] [Fatal Error] :1:1: Premature end of file.
2026-05-05 23:05:28,546 [ERROR] LogOutputStream:75 - [STDERR_REDIRECT] 
2026-05-05 23:05:29,527 [ERROR] LogOutputStream:75 - [STDERR_REDIRECT] [Fatal Error] :1:1: Premature end of file.
2026-05-05 23:05:29,527 [ERROR] LogOutputStream:75 - [STDERR_REDIRECT] 
2026-05-05 23:05:30,535 [ERROR] LogOutputStream:75 - [STDERR_REDIRECT] [Fatal Error] :1:1: Premature end of file.
2026-05-05 23:05:30,535 [ERROR] LogOutputStream:75 - [STDERR_REDIRECT] 
2026-05-05 23:05:31,528 [ERROR] LogOutputStream:75 - [STDERR_REDIRECT] [Fatal Error] :1:1: Premature end of file.
2026-05-05 23:05:31,529 [ERROR] LogOutputStream:75 - [STDERR_REDIRECT] 
2026-05-05 23:05:32,526 [ERROR] LogOutputStream:75 - [STDERR_REDIRECT] [Fatal Error] :1:1: Premature end of file.
2026-05-05 23:05:32,527 [ERROR] LogOutputStream:75 - [STDERR_REDIRECT] 
2026-05-05 23:05:33,537 [ERROR] LogOutputStream:75 - [STDERR_REDIRECT] [Fatal Error] :1:1: Premature end of file.
2026-05-05 23:05:33,538 [ERROR] LogOutputStream:75 - [STDERR_REDIRECT] 
2026-05-05 23:05:34,544 [ERROR] LogOutputStream:75 - [STDERR_REDIRECT] [Fatal Error] :1:1: Premature end of file.
2026-05-05 23:05:34,545 [ERROR] LogOutputStream:75 - [STDERR_REDIRECT] 
2026-05-05 23:05:35,523 [ERROR] LogOutputStream:75 - [STDERR_REDIRECT] [Fatal Error] :1:1: Premature end of file.
2026-05-05 23:05:35,523 [ERROR] LogOutputStream:75 - [STDERR_REDIRECT] 
2026-05-05 23:05:36,544 [ERROR] LogOutputStream:75 - [STDERR_REDIRECT] [Fatal Error] :1:1: Premature end of file.
2026-05-05 23:05:36,544 [ERROR] LogOutputStream:75 - [STDERR_REDIRECT] 
2026-05-05 23:05:37,541 [ERROR] LogOutputStream:75 - [STDERR_REDIRECT] [Fatal Error] :1:1: Premature end of file.
2026-05-05 23:05:37,541 [ERROR] LogOutputStream:75 - [STDERR_REDIRECT] 
2026-05-05 23:05:38,548 [ERROR] LogOutputStream:75 - [STDERR_REDIRECT] [Fatal Error] :1:1: Premature end of file.
2026-05-05 23:05:38,548 [ERROR] LogOutputStream:75 - [STDERR_REDIRECT] 
2026-05-05 23:05:39,552 [ERROR] LogOutputStream:75 - [STDERR_REDIRECT] [Fatal Error] :1:1: Premature end of file.
2026-05-05 23:05:39,552 [ERROR] LogOutputStream:75 - [STDERR_REDIRECT] 
2026-05-05 23:05:40,540 [ERROR] LogOutputStream:75 - [STDERR_REDIRECT] [Fatal Error] :1:1: Premature end of file.
2026-05-05 23:05:40,540 [ERROR] LogOutputStream:75 - [STDERR_REDIRECT] 
2026-05-05 23:05:41,538 [ERROR] LogOutputStream:75 - [STDERR_REDIRECT] [Fatal Error] :1:1: Premature end of file.
2026-05-05 23:05:41,539 [ERROR] LogOutputStream:75 - [STDERR_REDIRECT] 
2026-05-05 23:05:42,551 [ERROR] LogOutputStream:75 - [STDERR_REDIRECT] [Fatal Error] :1:1: Premature end of file.
2026-05-05 23:05:42,552 [ERROR] LogOutputStream:75 - [STDERR_REDIRECT] 
2026-05-05 23:05:43,586 [ERROR] LogOutputStream:75 - [STDERR_REDIRECT] [Fatal Error] :1:1: Premature end of file.
2026-05-05 23:05:43,588 [ERROR] LogOutputStream:75 - [STDERR_REDIRECT] 
2026-05-05 23:05:44,560 [ERROR] LogOutputStream:75 - [STDERR_REDIRECT] [Fatal Error] :1:1: Premature end of file.
2026-05-05 23:05:44,561 [ERROR] LogOutputStream:75 - [STDERR_REDIRECT] 
2026-05-05 23:05:45,554 [ERROR] LogOutputStream:75 - [STDERR_REDIRECT] [Fatal Error] :1:1: Premature end of file.
2026-05-05 23:05:45,556 [ERROR] LogOutputStream:75 - [STDERR_REDIRECT] 
2026-05-05 23:05:46,542 [ERROR] LogOutputStream:75 - [STDERR_REDIRECT] [Fatal Error] :1:1: Premature end of file.
2026-05-05 23:05:46,542 [ERROR] LogOutputStream:75 - [STDERR_REDIRECT] 
2026-05-05 23:05:47,580 [ERROR] LogOutputStream:75 - [STDERR_REDIRECT] [Fatal Error] :1:1: Premature end of file.
2026-05-05 23:05:47,580 [ERROR] LogOutputStream:75 - [STDERR_REDIRECT] 
2026-05-05 23:05:48,554 [ERROR] LogOutputStream:75 - [STDERR_REDIRECT] [Fatal Error] :1:1: Premature end of file.
2026-05-05 23:05:48,554 [ERROR] LogOutputStream:75 - [STDERR_REDIRECT] 
2026-05-05 23:05:49,581 [ERROR] LogOutputStream:75 - [STDERR_REDIRECT] [Fatal Error] :1:1: Premature end of file.
2026-05-05 23:05:49,581 [ERROR] LogOutputStream:75 - [STDERR_REDIRECT] 
2026-05-05 23:05:50,567 [ERROR] LogOutputStream:75 - [STDERR_REDIRECT] [Fatal Error] :1:1: Premature end of file.
2026-05-05 23:05:50,567 [ERROR] LogOutputStream:75 - [STDERR_REDIRECT] 
2026-05-05 23:05:51,594 [ERROR] LogOutputStream:75 - [STDERR_REDIRECT] [Fatal Error] :1:1: Premature end of file.
2026-05-05 23:05:51,595 [ERROR] LogOutputStream:75 - [STDERR_REDIRECT] 
2026-05-05 23:05:52,554 [ERROR] LogOutputStream:75 - [STDERR_REDIRECT] [Fatal Error] :1:1: Premature end of file.
2026-05-05 23:05:52,555 [ERROR] LogOutputStream:75 - [STDERR_REDIRECT] 
2026-05-05 23:05:53,539 [ERROR] LogOutputStream:75 - [STDERR_REDIRECT] [Fatal Error] :1:1: Premature end of file.
2026-05-05 23:05:53,539 [ERROR] LogOutputStream:75 - [STDERR_REDIRECT] 
2026-05-05 23:05:54,542 [ERROR] LogOutputStream:75 - [STDERR_REDIRECT] [Fatal Error] :1:1: Premature end of file.
2026-05-05 23:05:54,542 [ERROR] LogOutputStream:75 - [STDERR_REDIRECT] 
2026-05-05 23:05:55,529 [ERROR] LogOutputStream:75 - [STDERR_REDIRECT] [Fatal Error] :1:1: Premature end of file.
2026-05-05 23:05:55,529 [ERROR] LogOutputStream:75 - [STDERR_REDIRECT] 
2026-05-05 23:05:56,539 [ERROR] LogOutputStream:75 - [STDERR_REDIRECT] [Fatal Error] :1:1: Premature end of file.
2026-05-05 23:05:56,539 [ERROR] LogOutputStream:75 - [STDERR_REDIRECT] 
2026-05-05 23:05:57,541 [ERROR] LogOutputStream:75 - [STDERR_REDIRECT] [Fatal Error] :1:1: Premature end of file.
2026-05-05 23:05:57,542 [ERROR] LogOutputStream:75 - [STDERR_REDIRECT] 
2026-05-05 23:05:58,544 [ERROR] LogOutputStream:75 - [STDERR_REDIRECT] [Fatal Error] :1:1: Premature end of file.
2026-05-05 23:05:58,544 [ERROR] LogOutputStream:75 - [STDERR_REDIRECT] 
2026-05-05 23:05:59,546 [ERROR] LogOutputStream:75 - [STDERR_REDIRECT] [Fatal Error] :1:1: Premature end of file.
2026-05-05 23:05:59,546 [ERROR] LogOutputStream:75 - [STDERR_REDIRECT] 
2026-05-05 23:06:00,518 [ERROR] LogOutputStream:75 - [STDERR_REDIRECT] [Fatal Error] :1:1: Premature end of file.
2026-05-05 23:06:00,518 [ERROR] LogOutputStream:75 - [STDERR_REDIRECT] 
2026-05-05 23:06:01,526 [ERROR] LogOutputStream:75 - [STDERR_REDIRECT] [Fatal Error] :1:1: Premature end of file.
2026-05-05 23:06:01,526 [ERROR] LogOutputStream:75 - [STDERR_REDIRECT] 
2026-05-05 23:06:02,551 [ERROR] LogOutputStream:75 - [STDERR_REDIRECT] [Fatal Error] :1:1: Premature end of file.
2026-05-05 23:06:02,551 [ERROR] LogOutputStream:75 - [STDERR_REDIRECT] 
2026-05-05 23:06:03,551 [ERROR] LogOutputStream:75 - [STDERR_REDIRECT] [Fatal Error] :1:1: Premature end of file.
2026-05-05 23:06:03,551 [ERROR] LogOutputStream:75 - [STDERR_REDIRECT] 
2026-05-05 23:06:04,542 [ERROR] LogOutputStream:75 - [STDERR_REDIRECT] [Fatal Error] :1:1: Premature end of file.
2026-05-05 23:06:04,542 [ERROR] LogOutputStream:75 - [STDERR_REDIRECT] 
2026-05-05 23:06:05,534 [ERROR] LogOutputStream:75 - [STDERR_REDIRECT] [Fatal Error] :1:1: Premature end of file.
2026-05-05 23:06:05,534 [ERROR] LogOutputStream:75 - [STDERR_REDIRECT] 
2026-05-05 23:06:06,550 [ERROR] LogOutputStream:75 - [STDERR_REDIRECT] [Fatal Error] :1:1: Premature end of file.
2026-05-05 23:06:06,550 [ERROR] LogOutputStream:75 - [STDERR_REDIRECT] 
2026-05-05 23:06:07,524 [ERROR] LogOutputStream:75 - [STDERR_REDIRECT] [Fatal Error] :1:1: Premature end of file.
2026-05-05 23:06:07,525 [ERROR] LogOutputStream:75 - [STDERR_REDIRECT] 
2026-05-05 23:06:08,541 [ERROR] LogOutputStream:75 - [STDERR_REDIRECT] [Fatal Error] :1:1: Premature end of file.
2026-05-05 23:06:08,541 [ERROR] LogOutputStream:75 - [STDERR_REDIRECT] 
2026-05-05 23:06:09,524 [ERROR] LogOutputStream:75 - [STDERR_REDIRECT] [Fatal Error] :1:1: Premature end of file.
2026-05-05 23:06:09,524 [ERROR] LogOutputStream:75 - [STDERR_REDIRECT] 
2026-05-05 23:06:10,545 [ERROR] LogOutputStream:75 - [STDERR_REDIRECT] [Fatal Error] :1:1: Premature end of file.
2026-05-05 23:06:10,546 [ERROR] LogOutputStream:75 - [STDERR_REDIRECT] 
2026-05-05 23:06:11,540 [ERROR] LogOutputStream:75 - [STDERR_REDIRECT] [Fatal Error] :1:1: Premature end of file.
2026-05-05 23:06:11,541 [ERROR] LogOutputStream:75 - [STDERR_REDIRECT] 
2026-05-05 23:06:12,540 [ERROR] LogOutputStream:75 - [STDERR_REDIRECT] [Fatal Error] :1:1: Premature end of file.
2026-05-05 23:06:12,540 [ERROR] LogOutputStream:75 - [STDERR_REDIRECT] 
2026-05-05 23:06:13,536 [ERROR] LogOutputStream:75 - [STDERR_REDIRECT] [Fatal Error] :1:1: Premature end of file.
2026-05-05 23:06:13,536 [ERROR] LogOutputStream:75 - [STDERR_REDIRECT] 
2026-05-05 23:06:14,528 [ERROR] LogOutputStream:75 - [STDERR_REDIRECT] [Fatal Error] :1:1: Premature end of file.
2026-05-05 23:06:14,529 [ERROR] LogOutputStream:75 - [STDERR_REDIRECT] 
2026-05-05 23:06:15,539 [ERROR] LogOutputStream:75 - [STDERR_REDIRECT] [Fatal Error] :1:1: Premature end of file.
2026-05-05 23:06:15,540 [ERROR] LogOutputStream:75 - [STDERR_REDIRECT] 
2026-05-05 23:06:16,517 [ERROR] LogOutputStream:75 - [STDERR_REDIRECT] [Fatal Error] :1:1: Premature end of file.
2026-05-05 23:06:16,517 [ERROR] LogOutputStream:75 - [STDERR_REDIRECT] 
2026-05-05 23:06:17,528 [ERROR] LogOutputStream:75 - [STDERR_REDIRECT] [Fatal Error] :1:1: Premature end of file.
2026-05-05 23:06:17,528 [ERROR] LogOutputStream:75 - [STDERR_REDIRECT] 
2026-05-05 23:06:18,536 [ERROR] LogOutputStream:75 - [STDERR_REDIRECT] [Fatal Error] :1:1: Premature end of file.
2026-05-05 23:06:18,537 [ERROR] LogOutputStream:75 - [STDERR_REDIRECT] 
2026-05-05 23:06:19,529 [ERROR] LogOutputStream:75 - [STDERR_REDIRECT] [Fatal Error] :1:1: Premature end of file.
2026-05-05 23:06:19,529 [ERROR] LogOutputStream:75 - [STDERR_REDIRECT] 
2026-05-05 23:06:20,524 [ERROR] LogOutputStream:75 - [STDERR_REDIRECT] [Fatal Error] :1:1: Premature end of file.
2026-05-05 23:06:20,524 [ERROR] LogOutputStream:75 - [STDERR_REDIRECT] 
2026-05-05 23:06:21,550 [ERROR] LogOutputStream:75 - [STDERR_REDIRECT] [Fatal Error] :1:1: Premature end of file.
2026-05-05 23:06:21,550 [ERROR] LogOutputStream:75 - [STDERR_REDIRECT] 
2026-05-05 23:06:22,544 [ERROR] LogOutputStream:75 - [STDERR_REDIRECT] [Fatal Error] :1:1: Premature end of file.
2026-05-05 23:06:22,544 [ERROR] LogOutputStream:75 - [STDERR_REDIRECT] 
2026-05-05 23:06:23,556 [ERROR] LogOutputStream:75 - [STDERR_REDIRECT] [Fatal Error] :1:1: Premature end of file.
2026-05-05 23:06:23,556 [ERROR] LogOutputStream:75 - [STDERR_REDIRECT] 
2026-05-05 23:06:24,555 [ERROR] LogOutputStream:75 - [STDERR_REDIRECT] [Fatal Error] :1:1: Premature end of file.
2026-05-05 23:06:24,555 [ERROR] LogOutputStream:75 - [STDERR_REDIRECT] 
2026-05-05 23:06:25,543 [ERROR] LogOutputStream:75 - [STDERR_REDIRECT] [Fatal Error] :1:1: Premature end of file.
2026-05-05 23:06:25,544 [ERROR] LogOutputStream:75 - [STDERR_REDIRECT] 
2026-05-05 23:06:26,546 [ERROR] LogOutputStream:75 - [STDERR_REDIRECT] [Fatal Error] :1:1: Premature end of file.
2026-05-05 23:06:26,546 [ERROR] LogOutputStream:75 - [STDERR_REDIRECT] 
2026-05-05 23:06:27,527 [ERROR] LogOutputStream:75 - [STDERR_REDIRECT] [Fatal Error] :1:1: Premature end of file.
2026-05-05 23:06:27,527 [ERROR] LogOutputStream:75 - [STDERR_REDIRECT] 
2026-05-05 23:06:28,537 [ERROR] LogOutputStream:75 - [STDERR_REDIRECT] [Fatal Error] :1:1: Premature end of file.
2026-05-05 23:06:28,537 [ERROR] LogOutputStream:75 - [STDERR_REDIRECT] 
2026-05-05 23:06:29,533 [ERROR] LogOutputStream:75 - [STDERR_REDIRECT] [Fatal Error] :1:1: Premature end of file.
2026-05-05 23:06:29,533 [ERROR] LogOutputStream:75 - [STDERR_REDIRECT] 
2026-05-05 23:06:30,770 [ERROR] LogOutputStream:75 - [STDERR_REDIRECT] [Fatal Error] :1:1: Premature end of file.
2026-05-05 23:06:30,770 [ERROR] LogOutputStream:75 - [STDERR_REDIRECT] 
2026-05-05 23:06:31,521 [ERROR] LogOutputStream:75 - [STDERR_REDIRECT] [Fatal Error] :1:1: Premature end of file.
2026-05-05 23:06:31,521 [ERROR] LogOutputStream:75 - [STDERR_REDIRECT] 
2026-05-05 23:06:32,538 [ERROR] LogOutputStream:75 - [STDERR_REDIRECT] [Fatal Error] :1:1: Premature end of file.
2026-05-05 23:06:32,538 [ERROR] LogOutputStream:75 - [STDERR_REDIRECT] 
2026-05-05 23:06:33,535 [ERROR] LogOutputStream:75 - [STDERR_REDIRECT] [Fatal Error] :1:1: Premature end of file.
2026-05-05 23:06:33,536 [ERROR] LogOutputStream:75 - [STDERR_REDIRECT] 
2026-05-05 23:06:34,527 [ERROR] LogOutputStream:75 - [STDERR_REDIRECT] [Fatal Error] :1:1: Premature end of file.
2026-05-05 23:06:34,527 [ERROR] LogOutputStream:75 - [STDERR_REDIRECT] 
2026-05-05 23:06:35,522 [ERROR] LogOutputStream:75 - [STDERR_REDIRECT] [Fatal Error] :1:1: Premature end of file.
2026-05-05 23:06:35,522 [ERROR] LogOutputStream:75 - [STDERR_REDIRECT] 
2026-05-05 23:06:36,516 [ERROR] LogOutputStream:75 - [STDERR_REDIRECT] [Fatal Error] :1:1: Premature end of file.
2026-05-05 23:06:36,516 [ERROR] LogOutputStream:75 - [STDERR_REDIRECT] 
2026-05-05 23:06:37,523 [ERROR] LogOutputStream:75 - [STDERR_REDIRECT] [Fatal Error] :1:1: Premature end of file.
2026-05-05 23:06:37,523 [ERROR] LogOutputStream:75 - [STDERR_REDIRECT] 
2026-05-05 23:06:38,539 [ERROR] LogOutputStream:75 - [STDERR_REDIRECT] [Fatal Error] :1:1: Premature end of file.
2026-05-05 23:06:38,539 [ERROR] LogOutputStream:75 - [STDERR_REDIRECT] 
2026-05-05 23:06:39,526 [ERROR] LogOutputStream:75 - [STDERR_REDIRECT] [Fatal Error] :1:1: Premature end of file.
2026-05-05 23:06:39,527 [ERROR] LogOutputStream:75 - [STDERR_REDIRECT] 
2026-05-05 23:06:40,560 [ERROR] LogOutputStream:75 - [STDERR_REDIRECT] [Fatal Error] :1:1: Premature end of file.
2026-05-05 23:06:40,561 [ERROR] LogOutputStream:75 - [STDERR_REDIRECT] 
2026-05-05 23:06:41,537 [ERROR] LogOutputStream:75 - [STDERR_REDIRECT] [Fatal Error] :1:1: Premature end of file.
2026-05-05 23:06:41,537 [ERROR] LogOutputStream:75 - [STDERR_REDIRECT] 
2026-05-05 23:06:42,540 [ERROR] LogOutputStream:75 - [STDERR_REDIRECT] [Fatal Error] :1:1: Premature end of file.
2026-05-05 23:06:42,540 [ERROR] LogOutputStream:75 - [STDERR_REDIRECT] 
2026-05-05 23:06:43,545 [ERROR] LogOutputStream:75 - [STDERR_REDIRECT] [Fatal Error] :1:1: Premature end of file.
2026-05-05 23:06:43,546 [ERROR] LogOutputStream:75 - [STDERR_REDIRECT] 
2026-05-05 23:06:44,551 [ERROR] LogOutputStream:75 - [STDERR_REDIRECT] [Fatal Error] :1:1: Premature end of file.
2026-05-05 23:06:44,552 [ERROR] LogOutputStream:75 - [STDERR_REDIRECT] 
2026-05-05 23:06:45,536 [ERROR] LogOutputStream:75 - [STDERR_REDIRECT] [Fatal Error] :1:1: Premature end of file.
2026-05-05 23:06:45,536 [ERROR] LogOutputStream:75 - [STDERR_REDIRECT] 
2026-05-05 23:06:46,544 [ERROR] LogOutputStream:75 - [STDERR_REDIRECT] [Fatal Error] :1:1: Premature end of file.
2026-05-05 23:06:46,544 [ERROR] LogOutputStream:75 - [STDERR_REDIRECT] 
2026-05-05 23:06:47,589 [ERROR] LogOutputStream:75 - [STDERR_REDIRECT] [Fatal Error] :1:1: Premature end of file.
2026-05-05 23:06:47,589 [ERROR] LogOutputStream:75 - [STDERR_REDIRECT] 
2026-05-05 23:06:48,539 [ERROR] LogOutputStream:75 - [STDERR_REDIRECT] [Fatal Error] :1:1: Premature end of file.
2026-05-05 23:06:48,539 [ERROR] LogOutputStream:75 - [STDERR_REDIRECT] 
2026-05-05 23:06:49,543 [ERROR] LogOutputStream:75 - [STDERR_REDIRECT] [Fatal Error] :1:1: Premature end of file.
2026-05-05 23:06:49,543 [ERROR] LogOutputStream:75 - [STDERR_REDIRECT] 
2026-05-05 23:06:50,527 [ERROR] LogOutputStream:75 - [STDERR_REDIRECT] [Fatal Error] :1:1: Premature end of file.
2026-05-05 23:06:50,527 [ERROR] LogOutputStream:75 - [STDERR_REDIRECT] 
2026-05-05 23:06:51,564 [ERROR] LogOutputStream:75 - [STDERR_REDIRECT] [Fatal Error] :1:1: Premature end of file.
2026-05-05 23:06:51,564 [ERROR] LogOutputStream:75 - [STDERR_REDIRECT] 
2026-05-05 23:06:52,531 [ERROR] LogOutputStream:75 - [STDERR_REDIRECT] [Fatal Error] :1:1: Premature end of file.
2026-05-05 23:06:52,532 [ERROR] LogOutputStream:75 - [STDERR_REDIRECT] 
2026-05-05 23:06:53,541 [ERROR] LogOutputStream:75 - [STDERR_REDIRECT] [Fatal Error] :1:1: Premature end of file.
2026-05-05 23:06:53,541 [ERROR] LogOutputStream:75 - [STDERR_REDIRECT] 
2026-05-05 23:06:54,537 [ERROR] LogOutputStream:75 - [STDERR_REDIRECT] [Fatal Error] :1:1: Premature end of file.
2026-05-05 23:06:54,538 [ERROR] LogOutputStream:75 - [STDERR_REDIRECT] 
2026-05-05 23:06:55,543 [ERROR] LogOutputStream:75 - [STDERR_REDIRECT] [Fatal Error] :1:1: Premature end of file.
2026-05-05 23:06:55,543 [ERROR] LogOutputStream:75 - [STDERR_REDIRECT] 
2026-05-05 23:06:56,529 [ERROR] LogOutputStream:75 - [STDERR_REDIRECT] [Fatal Error] :1:1: Premature end of file.
2026-05-05 23:06:56,529 [ERROR] LogOutputStream:75 - [STDERR_REDIRECT] 
2026-05-05 23:06:57,558 [ERROR] LogOutputStream:75 - [STDERR_REDIRECT] [Fatal Error] :1:1: Premature end of file.
2026-05-05 23:06:57,558 [ERROR] LogOutputStream:75 - [STDERR_REDIRECT] 
2026-05-05 23:06:58,556 [ERROR] LogOutputStream:75 - [STDERR_REDIRECT] [Fatal Error] :1:1: Premature end of file.
2026-05-05 23:06:58,557 [ERROR] LogOutputStream:75 - [STDERR_REDIRECT] 
2026-05-05 23:06:59,556 [ERROR] LogOutputStream:75 - [STDERR_REDIRECT] [Fatal Error] :1:1: Premature end of file.
2026-05-05 23:06:59,557 [ERROR] LogOutputStream:75 - [STDERR_REDIRECT] 
2026-05-05 23:07:00,553 [ERROR] LogOutputStream:75 - [STDERR_REDIRECT] [Fatal Error] :1:1: Premature end of file.
2026-05-05 23:07:00,554 [ERROR] LogOutputStream:75 - [STDERR_REDIRECT] 
2026-05-05 23:07:01,562 [ERROR] LogOutputStream:75 - [STDERR_REDIRECT] [Fatal Error] :1:1: Premature end of file.
2026-05-05 23:07:01,563 [ERROR] LogOutputStream:75 - [STDERR_REDIRECT] 
2026-05-05 23:07:02,543 [ERROR] LogOutputStream:75 - [STDERR_REDIRECT] [Fatal Error] :1:1: Premature end of file.
2026-05-05 23:07:02,544 [ERROR] LogOutputStream:75 - [STDERR_REDIRECT] 
2026-05-05 23:07:03,554 [ERROR] LogOutputStream:75 - [STDERR_REDIRECT] [Fatal Error] :1:1: Premature end of file.
2026-05-05 23:07:03,555 [ERROR] LogOutputStream:75 - [STDERR_REDIRECT] 
2026-05-05 23:07:04,545 [ERROR] LogOutputStream:75 - [STDERR_REDIRECT] [Fatal Error] :1:1: Premature end of file.
2026-05-05 23:07:04,546 [ERROR] LogOutputStream:75 - [STDERR_REDIRECT] 
2026-05-05 23:07:05,543 [ERROR] LogOutputStream:75 - [STDERR_REDIRECT] [Fatal Error] :1:1: Premature end of file.
2026-05-05 23:07:05,544 [ERROR] LogOutputStream:75 - [STDERR_REDIRECT] 
2026-05-05 23:07:06,559 [ERROR] LogOutputStream:75 - [STDERR_REDIRECT] [Fatal Error] :1:1: Premature end of file.
2026-05-05 23:07:06,559 [ERROR] LogOutputStream:75 - [STDERR_REDIRECT] 
2026-05-05 23:07:07,550 [ERROR] LogOutputStream:75 - [STDERR_REDIRECT] [Fatal Error] :1:1: Premature end of file.
2026-05-05 23:07:07,550 [ERROR] LogOutputStream:75 - [STDERR_REDIRECT] 
2026-05-05 23:07:08,575 [ERROR] LogOutputStream:75 - [STDERR_REDIRECT] [Fatal Error] :1:1: Premature end of file.
2026-05-05 23:07:08,575 [ERROR] LogOutputStream:75 - [STDERR_REDIRECT] 
2026-05-05 23:07:09,592 [ERROR] LogOutputStream:75 - [STDERR_REDIRECT] [Fatal Error] :1:1: Premature end of file.
2026-05-05 23:07:09,592 [ERROR] LogOutputStream:75 - [STDERR_REDIRECT] 
2026-05-05 23:07:10,557 [ERROR] LogOutputStream:75 - [STDERR_REDIRECT] [Fatal Error] :1:1: Premature end of file.
2026-05-05 23:07:10,557 [ERROR] LogOutputStream:75 - [STDERR_REDIRECT] 
2026-05-05 23:07:11,563 [ERROR] LogOutputStream:75 - [STDERR_REDIRECT] [Fatal Error] :1:1: Premature end of file.
2026-05-05 23:07:11,563 [ERROR] LogOutputStream:75 - [STDERR_REDIRECT] 
2026-05-05 23:07:12,576 [ERROR] LogOutputStream:75 - [STDERR_REDIRECT] [Fatal Error] :1:1: Premature end of file.
2026-05-05 23:07:12,576 [ERROR] LogOutputStream:75 - [STDERR_REDIRECT] 
2026-05-05 23:07:13,564 [ERROR] LogOutputStream:75 - [STDERR_REDIRECT] [Fatal Error] :1:1: Premature end of file.
2026-05-05 23:07:13,565 [ERROR] LogOutputStream:75 - [STDERR_REDIRECT] 
2026-05-05 23:07:14,573 [ERROR] LogOutputStream:75 - [STDERR_REDIRECT] [Fatal Error] :1:1: Premature end of file.
2026-05-05 23:07:14,575 [ERROR] LogOutputStream:75 - [STDERR_REDIRECT] 
2026-05-05 23:07:15,554 [ERROR] LogOutputStream:75 - [STDERR_REDIRECT] [Fatal Error] :1:1: Premature end of file.
2026-05-05 23:07:15,554 [ERROR] LogOutputStream:75 - [STDERR_REDIRECT] 
2026-05-05 23:07:16,590 [ERROR] LogOutputStream:75 - [STDERR_REDIRECT] [Fatal Error] :1:1: Premature end of file.
2026-05-05 23:07:16,591 [ERROR] LogOutputStream:75 - [STDERR_REDIRECT] 
2026-05-05 23:07:17,552 [ERROR] LogOutputStream:75 - [STDERR_REDIRECT] [Fatal Error] :1:1: Premature end of file.
2026-05-05 23:07:17,553 [ERROR] LogOutputStream:75 - [STDERR_REDIRECT] 
2026-05-05 23:07:18,574 [ERROR] LogOutputStream:75 - [STDERR_REDIRECT] [Fatal Error] :1:1: Premature end of file.
2026-05-05 23:07:18,576 [ERROR] LogOutputStream:75 - [STDERR_REDIRECT] 
2026-05-05 23:07:19,624 [ERROR] LogOutputStream:75 - [STDERR_REDIRECT] [Fatal Error] :1:1: Premature end of file.
2026-05-05 23:07:19,624 [ERROR] LogOutputStream:75 - [STDERR_REDIRECT] 
2026-05-05 23:07:20,575 [ERROR] LogOutputStream:75 - [STDERR_REDIRECT] [Fatal Error] :1:1: Premature end of file.
2026-05-05 23:07:20,575 [ERROR] LogOutputStream:75 - [STDERR_REDIRECT] 
2026-05-05 23:07:21,565 [ERROR] LogOutputStream:75 - [STDERR_REDIRECT] [Fatal Error] :1:1: Premature end of file.
2026-05-05 23:07:21,566 [ERROR] LogOutputStream:75 - [STDERR_REDIRECT] 
2026-05-05 23:07:22,568 [ERROR] LogOutputStream:75 - [STDERR_REDIRECT] [Fatal Error] :1:1: Premature end of file.
2026-05-05 23:07:22,568 [ERROR] LogOutputStream:75 - [STDERR_REDIRECT] 
2026-05-05 23:07:23,555 [ERROR] LogOutputStream:75 - [STDERR_REDIRECT] [Fatal Error] :1:1: Premature end of file.
2026-05-05 23:07:23,555 [ERROR] LogOutputStream:75 - [STDERR_REDIRECT] 
2026-05-05 23:07:24,562 [ERROR] LogOutputStream:75 - [STDERR_REDIRECT] [Fatal Error] :1:1: Premature end of file.
2026-05-05 23:07:24,562 [ERROR] LogOutputStream:75 - [STDERR_REDIRECT] 
2026-05-05 23:07:25,533 [ERROR] LogOutputStream:75 - [STDERR_REDIRECT] [Fatal Error] :1:1: Premature end of file.
2026-05-05 23:07:25,533 [ERROR] LogOutputStream:75 - [STDERR_REDIRECT] 
2026-05-05 23:07:26,574 [ERROR] LogOutputStream:75 - [STDERR_REDIRECT] [Fatal Error] :1:1: Premature end of file.
2026-05-05 23:07:26,574 [ERROR] LogOutputStream:75 - [STDERR_REDIRECT] 
2026-05-05 23:07:27,561 [ERROR] LogOutputStream:75 - [STDERR_REDIRECT] [Fatal Error] :1:1: Premature end of file.
2026-05-05 23:07:27,561 [ERROR] LogOutputStream:75 - [STDERR_REDIRECT] 
2026-05-05 23:07:28,552 [ERROR] LogOutputStream:75 - [STDERR_REDIRECT] [Fatal Error] :1:1: Premature end of file.
2026-05-05 23:07:28,553 [ERROR] LogOutputStream:75 - [STDERR_REDIRECT] 
2026-05-05 23:07:29,561 [ERROR] LogOutputStream:75 - [STDERR_REDIRECT] [Fatal Error] :1:1: Premature end of file.
2026-05-05 23:07:29,561 [ERROR] LogOutputStream:75 - [STDERR_REDIRECT] 
2026-05-05 23:07:30,542 [ERROR] LogOutputStream:75 - [STDERR_REDIRECT] [Fatal Error] :1:1: Premature end of file.
2026-05-05 23:07:30,542 [ERROR] LogOutputStream:75 - [STDERR_REDIRECT] 
2026-05-05 23:07:31,561 [ERROR] LogOutputStream:75 - [STDERR_REDIRECT] [Fatal Error] :1:1: Premature end of file.
2026-05-05 23:07:31,561 [ERROR] LogOutputStream:75 - [STDERR_REDIRECT] 
2026-05-05 23:07:32,553 [ERROR] LogOutputStream:75 - [STDERR_REDIRECT] [Fatal Error] :1:1: Premature end of file.
2026-05-05 23:07:32,553 [ERROR] LogOutputStream:75 - [STDERR_REDIRECT] 
2026-05-05 23:07:33,566 [ERROR] LogOutputStream:75 - [STDERR_REDIRECT] [Fatal Error] :1:1: Premature end of file.
2026-05-05 23:07:33,566 [ERROR] LogOutputStream:75 - [STDERR_REDIRECT] 
2026-05-05 23:07:34,545 [ERROR] LogOutputStream:75 - [STDERR_REDIRECT] [Fatal Error] :1:1: Premature end of file.
2026-05-05 23:07:34,545 [ERROR] LogOutputStream:75 - [STDERR_REDIRECT] 
2026-05-05 23:07:35,556 [ERROR] LogOutputStream:75 - [STDERR_REDIRECT] [Fatal Error] :1:1: Premature end of file.
2026-05-05 23:07:35,557 [ERROR] LogOutputStream:75 - [STDERR_REDIRECT] 
2026-05-05 23:07:36,552 [ERROR] LogOutputStream:75 - [STDERR_REDIRECT] [Fatal Error] :1:1: Premature end of file.
2026-05-05 23:07:36,552 [ERROR] LogOutputStream:75 - [STDERR_REDIRECT] 
2026-05-05 23:07:37,563 [ERROR] LogOutputStream:75 - [STDERR_REDIRECT] [Fatal Error] :1:1: Premature end of file.
2026-05-05 23:07:37,563 [ERROR] LogOutputStream:75 - [STDERR_REDIRECT] 
2026-05-05 23:07:38,551 [ERROR] LogOutputStream:75 - [STDERR_REDIRECT] [Fatal Error] :1:1: Premature end of file.
2026-05-05 23:07:38,552 [ERROR] LogOutputStream:75 - [STDERR_REDIRECT] 
2026-05-05 23:07:39,547 [ERROR] LogOutputStream:75 - [STDERR_REDIRECT] [Fatal Error] :1:1: Premature end of file.
2026-05-05 23:07:39,548 [ERROR] LogOutputStream:75 - [STDERR_REDIRECT] 
2026-05-05 23:07:40,556 [ERROR] LogOutputStream:75 - [STDERR_REDIRECT] [Fatal Error] :1:1: Premature end of file.
2026-05-05 23:07:40,557 [ERROR] LogOutputStream:75 - [STDERR_REDIRECT] 
2026-05-05 23:07:41,539 [ERROR] LogOutputStream:75 - [STDERR_REDIRECT] [Fatal Error] :1:1: Premature end of file.
2026-05-05 23:07:41,540 [ERROR] LogOutputStream:75 - [STDERR_REDIRECT] 
2026-05-05 23:07:42,563 [ERROR] LogOutputStream:75 - [STDERR_REDIRECT] [Fatal Error] :1:1: Premature end of file.
2026-05-05 23:07:42,563 [ERROR] LogOutputStream:75 - [STDERR_REDIRECT] 
2026-05-05 23:07:43,545 [ERROR] LogOutputStream:75 - [STDERR_REDIRECT] [Fatal Error] :1:1: Premature end of file.
2026-05-05 23:07:43,545 [ERROR] LogOutputStream:75 - [STDERR_REDIRECT] 
2026-05-05 23:07:44,549 [ERROR] LogOutputStream:75 - [STDERR_REDIRECT] [Fatal Error] :1:1: Premature end of file.
2026-05-05 23:07:44,550 [ERROR] LogOutputStream:75 - [STDERR_REDIRECT] 
2026-05-05 23:07:45,551 [ERROR] LogOutputStream:75 - [STDERR_REDIRECT] [Fatal Error] :1:1: Premature end of file.
2026-05-05 23:07:45,552 [ERROR] LogOutputStream:75 - [STDERR_REDIRECT] 
2026-05-05 23:07:46,542 [ERROR] LogOutputStream:75 - [STDERR_REDIRECT] [Fatal Error] :1:1: Premature end of file.
2026-05-05 23:07:46,542 [ERROR] LogOutputStream:75 - [STDERR_REDIRECT] 
2026-05-05 23:07:47,565 [ERROR] LogOutputStream:75 - [STDERR_REDIRECT] [Fatal Error] :1:1: Premature end of file.
2026-05-05 23:07:47,566 [ERROR] LogOutputStream:75 - [STDERR_REDIRECT] 
2026-05-05 23:07:48,546 [ERROR] LogOutputStream:75 - [STDERR_REDIRECT] [Fatal Error] :1:1: Premature end of file.
2026-05-05 23:07:48,547 [ERROR] LogOutputStream:75 - [STDERR_REDIRECT] 
2026-05-05 23:07:49,550 [ERROR] LogOutputStream:75 - [STDERR_REDIRECT] [Fatal Error] :1:1: Premature end of file.
2026-05-05 23:07:49,550 [ERROR] LogOutputStream:75 - [STDERR_REDIRECT] 
2026-05-05 23:07:50,559 [ERROR] LogOutputStream:75 - [STDERR_REDIRECT] [Fatal Error] :1:1: Premature end of file.
2026-05-05 23:07:50,559 [ERROR] LogOutputStream:75 - [STDERR_REDIRECT] 
2026-05-05 23:07:51,545 [ERROR] LogOutputStream:75 - [STDERR_REDIRECT] [Fatal Error] :1:1: Premature end of file.
2026-05-05 23:07:51,546 [ERROR] LogOutputStream:75 - [STDERR_REDIRECT] 
2026-05-05 23:07:52,556 [ERROR] LogOutputStream:75 - [STDERR_REDIRECT] [Fatal Error] :1:1: Premature end of file.
2026-05-05 23:07:52,557 [ERROR] LogOutputStream:75 - [STDERR_REDIRECT] 
2026-05-05 23:07:53,541 [ERROR] LogOutputStream:75 - [STDERR_REDIRECT] [Fatal Error] :1:1: Premature end of file.
2026-05-05 23:07:53,543 [ERROR] LogOutputStream:75 - [STDERR_REDIRECT] 
2026-05-05 23:07:54,557 [ERROR] LogOutputStream:75 - [STDERR_REDIRECT] [Fatal Error] :1:1: Premature end of file.
2026-05-05 23:07:54,558 [ERROR] LogOutputStream:75 - [STDERR_REDIRECT] 
2026-05-05 23:07:55,561 [ERROR] LogOutputStream:75 - [STDERR_REDIRECT] [Fatal Error] :1:1: Premature end of file.
2026-05-05 23:07:55,561 [ERROR] LogOutputStream:75 - [STDERR_REDIRECT] 
2026-05-05 23:07:56,567 [ERROR] LogOutputStream:75 - [STDERR_REDIRECT] [Fatal Error] :1:1: Premature end of file.
2026-05-05 23:07:56,568 [ERROR] LogOutputStream:75 - [STDERR_REDIRECT] 
2026-05-05 23:07:57,568 [ERROR] LogOutputStream:75 - [STDERR_REDIRECT] [Fatal Error] :1:1: Premature end of file.
2026-05-05 23:07:57,569 [ERROR] LogOutputStream:75 - [STDERR_REDIRECT] 
2026-05-05 23:07:58,548 [ERROR] LogOutputStream:75 - [STDERR_REDIRECT] [Fatal Error] :1:1: Premature end of file.
2026-05-05 23:07:58,549 [ERROR] LogOutputStream:75 - [STDERR_REDIRECT] 
2026-05-05 23:07:59,541 [ERROR] LogOutputStream:75 - [STDERR_REDIRECT] [Fatal Error] :1:1: Premature end of file.
2026-05-05 23:07:59,542 [ERROR] LogOutputStream:75 - [STDERR_REDIRECT] 
2026-05-05 23:08:00,549 [ERROR] LogOutputStream:75 - [STDERR_REDIRECT] [Fatal Error] :1:1: Premature end of file.
2026-05-05 23:08:00,549 [ERROR] LogOutputStream:75 - [STDERR_REDIRECT] 
2026-05-05 23:08:01,563 [ERROR] LogOutputStream:75 - [STDERR_REDIRECT] [Fatal Error] :1:1: Premature end of file.
2026-05-05 23:08:01,563 [ERROR] LogOutputStream:75 - [STDERR_REDIRECT] 
2026-05-05 23:08:02,542 [ERROR] LogOutputStream:75 - [STDERR_REDIRECT] [Fatal Error] :1:1: Premature end of file.
2026-05-05 23:08:02,542 [ERROR] LogOutputStream:75 - [STDERR_REDIRECT] 
2026-05-05 23:08:03,539 [ERROR] LogOutputStream:75 - [STDERR_REDIRECT] [Fatal Error] :1:1: Premature end of file.
2026-05-05 23:08:03,539 [ERROR] LogOutputStream:75 - [STDERR_REDIRECT] 
2026-05-05 23:08:04,565 [ERROR] LogOutputStream:75 - [STDERR_REDIRECT] [Fatal Error] :1:1: Premature end of file.
2026-05-05 23:08:04,565 [ERROR] LogOutputStream:75 - [STDERR_REDIRECT] 
2026-05-05 23:08:05,527 [ERROR] LogOutputStream:75 - [STDERR_REDIRECT] [Fatal Error] :1:1: Premature end of file.
2026-05-05 23:08:05,527 [ERROR] LogOutputStream:75 - [STDERR_REDIRECT] 
2026-05-05 23:08:06,540 [ERROR] LogOutputStream:75 - [STDERR_REDIRECT] [Fatal Error] :1:1: Premature end of file.
2026-05-05 23:08:06,541 [ERROR] LogOutputStream:75 - [STDERR_REDIRECT] 
2026-05-05 23:08:07,536 [ERROR] LogOutputStream:75 - [STDERR_REDIRECT] [Fatal Error] :1:1: Premature end of file.
2026-05-05 23:08:07,538 [ERROR] LogOutputStream:75 - [STDERR_REDIRECT] 
2026-05-05 23:08:08,531 [ERROR] LogOutputStream:75 - [STDERR_REDIRECT] [Fatal Error] :1:1: Premature end of file.
2026-05-05 23:08:08,531 [ERROR] LogOutputStream:75 - [STDERR_REDIRECT] 
2026-05-05 23:08:09,540 [ERROR] LogOutputStream:75 - [STDERR_REDIRECT] [Fatal Error] :1:1: Premature end of file.
2026-05-05 23:08:09,541 [ERROR] LogOutputStream:75 - [STDERR_REDIRECT] 
2026-05-05 23:08:10,531 [ERROR] LogOutputStream:75 - [STDERR_REDIRECT] [Fatal Error] :1:1: Premature end of file.
2026-05-05 23:08:10,532 [ERROR] LogOutputStream:75 - [STDERR_REDIRECT] 
2026-05-05 23:08:11,540 [ERROR] LogOutputStream:75 - [STDERR_REDIRECT] [Fatal Error] :1:1: Premature end of file.
2026-05-05 23:08:11,541 [ERROR] LogOutputStream:75 - [STDERR_REDIRECT] 
2026-05-05 23:08:12,541 [ERROR] LogOutputStream:75 - [STDERR_REDIRECT] [Fatal Error] :1:1: Premature end of file.
2026-05-05 23:08:12,541 [ERROR] LogOutputStream:75 - [STDERR_REDIRECT] 
2026-05-05 23:08:13,510 [ERROR] LogOutputStream:75 - [STDERR_REDIRECT] [Fatal Error] :1:1: Premature end of file.
2026-05-05 23:08:13,510 [ERROR] LogOutputStream:75 - [STDERR_REDIRECT] 
2026-05-05 23:08:14,529 [ERROR] LogOutputStream:75 - [STDERR_REDIRECT] [Fatal Error] :1:1: Premature end of file.
2026-05-05 23:08:14,529 [ERROR] LogOutputStream:75 - [STDERR_REDIRECT] 
2026-05-05 23:08:15,536 [ERROR] LogOutputStream:75 - [STDERR_REDIRECT] [Fatal Error] :1:1: Premature end of file.
2026-05-05 23:08:15,536 [ERROR] LogOutputStream:75 - [STDERR_REDIRECT] 
2026-05-05 23:08:16,543 [ERROR] LogOutputStream:75 - [STDERR_REDIRECT] [Fatal Error] :1:1: Premature end of file.
2026-05-05 23:08:16,544 [ERROR] LogOutputStream:75 - [STDERR_REDIRECT] 
2026-05-05 23:08:17,536 [ERROR] LogOutputStream:75 - [STDERR_REDIRECT] [Fatal Error] :1:1: Premature end of file.
2026-05-05 23:08:17,537 [ERROR] LogOutputStream:75 - [STDERR_REDIRECT] 
2026-05-05 23:08:18,527 [ERROR] LogOutputStream:75 - [STDERR_REDIRECT] [Fatal Error] :1:1: Premature end of file.
2026-05-05 23:08:18,528 [ERROR] LogOutputStream:75 - [STDERR_REDIRECT] 
2026-05-05 23:08:19,517 [ERROR] LogOutputStream:75 - [STDERR_REDIRECT] [Fatal Error] :1:1: Premature end of file.
2026-05-05 23:08:19,518 [ERROR] LogOutputStream:75 - [STDERR_REDIRECT] 
2026-05-05 23:08:20,512 [ERROR] LogOutputStream:75 - [STDERR_REDIRECT] [Fatal Error] :1:1: Premature end of file.
2026-05-05 23:08:20,512 [ERROR] LogOutputStream:75 - [STDERR_REDIRECT] 
2026-05-05 23:08:21,556 [ERROR] LogOutputStream:75 - [STDERR_REDIRECT] [Fatal Error] :1:1: Premature end of file.
2026-05-05 23:08:21,557 [ERROR] LogOutputStream:75 - [STDERR_REDIRECT] 
2026-05-05 23:08:22,540 [ERROR] LogOutputStream:75 - [STDERR_REDIRECT] [Fatal Error] :1:1: Premature end of file.
2026-05-05 23:08:22,540 [ERROR] LogOutputStream:75 - [STDERR_REDIRECT] 
2026-05-05 23:08:23,520 [ERROR] LogOutputStream:75 - [STDERR_REDIRECT] [Fatal Error] :1:1: Premature end of file.
2026-05-05 23:08:23,521 [ERROR] LogOutputStream:75 - [STDERR_REDIRECT] 
2026-05-05 23:08:24,545 [ERROR] LogOutputStream:75 - [STDERR_REDIRECT] [Fatal Error] :1:1: Premature end of file.
2026-05-05 23:08:24,545 [ERROR] LogOutputStream:75 - [STDERR_REDIRECT] 
2026-05-05 23:08:25,549 [ERROR] LogOutputStream:75 - [STDERR_REDIRECT] [Fatal Error] :1:1: Premature end of file.
2026-05-05 23:08:25,550 [ERROR] LogOutputStream:75 - [STDERR_REDIRECT] 
2026-05-05 23:08:26,541 [ERROR] LogOutputStream:75 - [STDERR_REDIRECT] [Fatal Error] :1:1: Premature end of file.
2026-05-05 23:08:26,542 [ERROR] LogOutputStream:75 - [STDERR_REDIRECT] 
2026-05-05 23:08:27,536 [ERROR] LogOutputStream:75 - [STDERR_REDIRECT] [Fatal Error] :1:1: Premature end of file.
2026-05-05 23:08:27,536 [ERROR] LogOutputStream:75 - [STDERR_REDIRECT] 
2026-05-05 23:08:28,546 [ERROR] LogOutputStream:75 - [STDERR_REDIRECT] [Fatal Error] :1:1: Premature end of file.
2026-05-05 23:08:28,546 [ERROR] LogOutputStream:75 - [STDERR_REDIRECT] 
2026-05-05 23:08:29,527 [ERROR] LogOutputStream:75 - [STDERR_REDIRECT] [Fatal Error] :1:1: Premature end of file.
2026-05-05 23:08:29,527 [ERROR] LogOutputStream:75 - [STDERR_REDIRECT] 
2026-05-05 23:08:30,508 [ERROR] LogOutputStream:75 - [STDERR_REDIRECT] [Fatal Error] :1:1: Premature end of file.
2026-05-05 23:08:30,508 [ERROR] LogOutputStream:75 - [STDERR_REDIRECT] 
2026-05-05 23:08:31,530 [ERROR] LogOutputStream:75 - [STDERR_REDIRECT] [Fatal Error] :1:1: Premature end of file.
2026-05-05 23:08:31,531 [ERROR] LogOutputStream:75 - [STDERR_REDIRECT] 
2026-05-05 23:08:32,603 [ERROR] LogOutputStream:75 - [STDERR_REDIRECT] [Fatal Error] :1:1: Premature end of file.
2026-05-05 23:08:32,618 [ERROR] LogOutputStream:75 - [STDERR_REDIRECT] 
2026-05-05 23:08:33,562 [ERROR] LogOutputStream:75 - [STDERR_REDIRECT] [Fatal Error] :1:1: Premature end of file.
2026-05-05 23:08:33,563 [ERROR] LogOutputStream:75 - [STDERR_REDIRECT] 
2026-05-05 23:08:34,565 [ERROR] LogOutputStream:75 - [STDERR_REDIRECT] [Fatal Error] :1:1: Premature end of file.
2026-05-05 23:08:34,566 [ERROR] LogOutputStream:75 - [STDERR_REDIRECT] 
2026-05-05 23:08:35,565 [ERROR] LogOutputStream:75 - [STDERR_REDIRECT] [Fatal Error] :1:1: Premature end of file.
2026-05-05 23:08:35,566 [ERROR] LogOutputStream:75 - [STDERR_REDIRECT] 
2026-05-05 23:08:36,562 [ERROR] LogOutputStream:75 - [STDERR_REDIRECT] [Fatal Error] :1:1: Premature end of file.
2026-05-05 23:08:36,563 [ERROR] LogOutputStream:75 - [STDERR_REDIRECT] 
2026-05-05 23:08:37,569 [ERROR] LogOutputStream:75 - [STDERR_REDIRECT] [Fatal Error] :1:1: Premature end of file.
2026-05-05 23:08:37,569 [ERROR] LogOutputStream:75 - [STDERR_REDIRECT] 
2026-05-05 23:08:38,582 [ERROR] LogOutputStream:75 - [STDERR_REDIRECT] [Fatal Error] :1:1: Premature end of file.
2026-05-05 23:08:38,583 [ERROR] LogOutputStream:75 - [STDERR_REDIRECT] 
2026-05-05 23:08:39,567 [ERROR] LogOutputStream:75 - [STDERR_REDIRECT] [Fatal Error] :1:1: Premature end of file.
2026-05-05 23:08:39,567 [ERROR] LogOutputStream:75 - [STDERR_REDIRECT] 
2026-05-05 23:08:40,580 [ERROR] LogOutputStream:75 - [STDERR_REDIRECT] [Fatal Error] :1:1: Premature end of file.
2026-05-05 23:08:40,581 [ERROR] LogOutputStream:75 - [STDERR_REDIRECT] 
2026-05-05 23:08:41,559 [ERROR] LogOutputStream:75 - [STDERR_REDIRECT] [Fatal Error] :1:1: Premature end of file.
2026-05-05 23:08:41,560 [ERROR] LogOutputStream:75 - [STDERR_REDIRECT] 
2026-05-05 23:08:42,548 [ERROR] LogOutputStream:75 - [STDERR_REDIRECT] [Fatal Error] :1:1: Premature end of file.
2026-05-05 23:08:42,549 [ERROR] LogOutputStream:75 - [STDERR_REDIRECT] 
2026-05-05 23:08:43,530 [ERROR] LogOutputStream:75 - [STDERR_REDIRECT] [Fatal Error] :1:1: Premature end of file.
2026-05-05 23:08:43,531 [ERROR] LogOutputStream:75 - [STDERR_REDIRECT] 
2026-05-05 23:08:44,531 [ERROR] LogOutputStream:75 - [STDERR_REDIRECT] [Fatal Error] :1:1: Premature end of file.
2026-05-05 23:08:44,532 [ERROR] LogOutputStream:75 - [STDERR_REDIRECT] 
2026-05-05 23:08:45,525 [ERROR] LogOutputStream:75 - [STDERR_REDIRECT] [Fatal Error] :1:1: Premature end of file.
2026-05-05 23:08:45,525 [ERROR] LogOutputStream:75 - [STDERR_REDIRECT] 
2026-05-05 23:08:46,532 [ERROR] LogOutputStream:75 - [STDERR_REDIRECT] [Fatal Error] :1:1: Premature end of file.
2026-05-05 23:08:46,533 [ERROR] LogOutputStream:75 - [STDERR_REDIRECT] 
2026-05-05 23:08:47,535 [ERROR] LogOutputStream:75 - [STDERR_REDIRECT] [Fatal Error] :1:1: Premature end of file.
2026-05-05 23:08:47,535 [ERROR] LogOutputStream:75 - [STDERR_REDIRECT] 
2026-05-05 23:08:48,527 [ERROR] LogOutputStream:75 - [STDERR_REDIRECT] [Fatal Error] :1:1: Premature end of file.
2026-05-05 23:08:48,528 [ERROR] LogOutputStream:75 - [STDERR_REDIRECT] 
2026-05-05 23:08:49,528 [ERROR] LogOutputStream:75 - [STDERR_REDIRECT] [Fatal Error] :1:1: Premature end of file.
2026-05-05 23:08:49,528 [ERROR] LogOutputStream:75 - [STDERR_REDIRECT] 
2026-05-05 23:08:50,547 [ERROR] LogOutputStream:75 - [STDERR_REDIRECT] [Fatal Error] :1:1: Premature end of file.
2026-05-05 23:08:50,547 [ERROR] LogOutputStream:75 - [STDERR_REDIRECT] 
2026-05-05 23:08:51,550 [ERROR] LogOutputStream:75 - [STDERR_REDIRECT] [Fatal Error] :1:1: Premature end of file.
2026-05-05 23:08:51,550 [ERROR] LogOutputStream:75 - [STDERR_REDIRECT] 
2026-05-05 23:08:52,545 [ERROR] LogOutputStream:75 - [STDERR_REDIRECT] [Fatal Error] :1:1: Premature end of file.
2026-05-05 23:08:52,545 [ERROR] LogOutputStream:75 - [STDERR_REDIRECT] 
2026-05-05 23:08:53,539 [ERROR] LogOutputStream:75 - [STDERR_REDIRECT] [Fatal Error] :1:1: Premature end of file.
2026-05-05 23:08:53,540 [ERROR] LogOutputStream:75 - [STDERR_REDIRECT] 
2026-05-05 23:08:54,531 [ERROR] LogOutputStream:75 - [STDERR_REDIRECT] [Fatal Error] :1:1: Premature end of file.
2026-05-05 23:08:54,717 [ERROR] LogOutputStream:75 - [STDERR_REDIRECT] 
2026-05-05 23:08:55,513 [ERROR] LogOutputStream:75 - [STDERR_REDIRECT] [Fatal Error] :1:1: Premature end of file.
2026-05-05 23:08:55,514 [ERROR] LogOutputStream:75 - [STDERR_REDIRECT] 
2026-05-05 23:08:56,535 [ERROR] LogOutputStream:75 - [STDERR_REDIRECT] [Fatal Error] :1:1: Premature end of file.
2026-05-05 23:08:56,535 [ERROR] LogOutputStream:75 - [STDERR_REDIRECT] 
2026-05-05 23:08:57,522 [ERROR] LogOutputStream:75 - [STDERR_REDIRECT] [Fatal Error] :1:1: Premature end of file.
2026-05-05 23:08:57,522 [ERROR] LogOutputStream:75 - [STDERR_REDIRECT] 
2026-05-05 23:08:58,530 [ERROR] LogOutputStream:75 - [STDERR_REDIRECT] [Fatal Error] :1:1: Premature end of file.
2026-05-05 23:08:58,531 [ERROR] LogOutputStream:75 - [STDERR_REDIRECT] 
2026-05-05 23:08:59,550 [ERROR] LogOutputStream:75 - [STDERR_REDIRECT] [Fatal Error] :1:1: Premature end of file.
2026-05-05 23:08:59,550 [ERROR] LogOutputStream:75 - [STDERR_REDIRECT] 
2026-05-05 23:09:00,555 [ERROR] LogOutputStream:75 - [STDERR_REDIRECT] [Fatal Error] :1:1: Premature end of file.
2026-05-05 23:09:00,555 [ERROR] LogOutputStream:75 - [STDERR_REDIRECT] 
2026-05-05 23:09:01,548 [ERROR] LogOutputStream:75 - [STDERR_REDIRECT] [Fatal Error] :1:1: Premature end of file.
2026-05-05 23:09:01,549 [ERROR] LogOutputStream:75 - [STDERR_REDIRECT] 
2026-05-05 23:09:02,628 [ERROR] LogOutputStream:75 - [STDERR_REDIRECT] [Fatal Error] :1:1: Premature end of file.
2026-05-05 23:09:02,629 [ERROR] LogOutputStream:75 - [STDERR_REDIRECT] 
2026-05-05 23:09:03,553 [ERROR] LogOutputStream:75 - [STDERR_REDIRECT] [Fatal Error] :1:1: Premature end of file.
2026-05-05 23:09:03,553 [ERROR] LogOutputStream:75 - [STDERR_REDIRECT] 
2026-05-05 23:09:04,550 [ERROR] LogOutputStream:75 - [STDERR_REDIRECT] [Fatal Error] :1:1: Premature end of file.
2026-05-05 23:09:04,550 [ERROR] LogOutputStream:75 - [STDERR_REDIRECT] 
2026-05-05 23:09:05,537 [ERROR] LogOutputStream:75 - [STDERR_REDIRECT] [Fatal Error] :1:1: Premature end of file.
2026-05-05 23:09:05,537 [ERROR] LogOutputStream:75 - [STDERR_REDIRECT] 
2026-05-05 23:09:06,541 [ERROR] LogOutputStream:75 - [STDERR_REDIRECT] [Fatal Error] :1:1: Premature end of file.
2026-05-05 23:09:06,541 [ERROR] LogOutputStream:75 - [STDERR_REDIRECT] 
2026-05-05 23:09:07,548 [ERROR] LogOutputStream:75 - [STDERR_REDIRECT] [Fatal Error] :1:1: Premature end of file.
2026-05-05 23:09:07,548 [ERROR] LogOutputStream:75 - [STDERR_REDIRECT] 
2026-05-05 23:09:08,544 [ERROR] LogOutputStream:75 - [STDERR_REDIRECT] [Fatal Error] :1:1: Premature end of file.
2026-05-05 23:09:08,544 [ERROR] LogOutputStream:75 - [STDERR_REDIRECT] 
2026-05-05 23:09:09,538 [ERROR] LogOutputStream:75 - [STDERR_REDIRECT] [Fatal Error] :1:1: Premature end of file.
2026-05-05 23:09:09,538 [ERROR] LogOutputStream:75 - [STDERR_REDIRECT] 
2026-05-05 23:09:10,539 [ERROR] LogOutputStream:75 - [STDERR_REDIRECT] [Fatal Error] :1:1: Premature end of file.
2026-05-05 23:09:10,539 [ERROR] LogOutputStream:75 - [STDERR_REDIRECT] 
2026-05-05 23:09:11,542 [ERROR] LogOutputStream:75 - [STDERR_REDIRECT] [Fatal Error] :1:1: Premature end of file.
2026-05-05 23:09:11,542 [ERROR] LogOutputStream:75 - [STDERR_REDIRECT] 
2026-05-05 23:09:12,516 [ERROR] LogOutputStream:75 - [STDERR_REDIRECT] [Fatal Error] :1:1: Premature end of file.
2026-05-05 23:09:12,517 [ERROR] LogOutputStream:75 - [STDERR_REDIRECT] 
2026-05-05 23:09:13,553 [ERROR] LogOutputStream:75 - [STDERR_REDIRECT] [Fatal Error] :1:1: Premature end of file.
2026-05-05 23:09:13,553 [ERROR] LogOutputStream:75 - [STDERR_REDIRECT] 
2026-05-05 23:09:14,559 [ERROR] LogOutputStream:75 - [STDERR_REDIRECT] [Fatal Error] :1:1: Premature end of file.
2026-05-05 23:09:14,559 [ERROR] LogOutputStream:75 - [STDERR_REDIRECT] 
2026-05-05 23:09:15,547 [ERROR] LogOutputStream:75 - [STDERR_REDIRECT] [Fatal Error] :1:1: Premature end of file.
2026-05-05 23:09:15,547 [ERROR] LogOutputStream:75 - [STDERR_REDIRECT] 
2026-05-05 23:09:16,542 [ERROR] LogOutputStream:75 - [STDERR_REDIRECT] [Fatal Error] :1:1: Premature end of file.
2026-05-05 23:09:16,542 [ERROR] LogOutputStream:75 - [STDERR_REDIRECT] 
2026-05-05 23:09:17,543 [ERROR] LogOutputStream:75 - [STDERR_REDIRECT] [Fatal Error] :1:1: Premature end of file.
2026-05-05 23:09:17,543 [ERROR] LogOutputStream:75 - [STDERR_REDIRECT] 
2026-05-05 23:09:18,551 [ERROR] LogOutputStream:75 - [STDERR_REDIRECT] [Fatal Error] :1:1: Premature end of file.
2026-05-05 23:09:18,551 [ERROR] LogOutputStream:75 - [STDERR_REDIRECT] 
2026-05-05 23:09:19,556 [ERROR] LogOutputStream:75 - [STDERR_REDIRECT] [Fatal Error] :1:1: Premature end of file.
2026-05-05 23:09:19,557 [ERROR] LogOutputStream:75 - [STDERR_REDIRECT] 
2026-05-05 23:09:20,555 [ERROR] LogOutputStream:75 - [STDERR_REDIRECT] [Fatal Error] :1:1: Premature end of file.
2026-05-05 23:09:20,556 [ERROR] LogOutputStream:75 - [STDERR_REDIRECT] 
2026-05-05 23:09:21,570 [ERROR] LogOutputStream:75 - [STDERR_REDIRECT] [Fatal Error] :1:1: Premature end of file.
2026-05-05 23:09:21,570 [ERROR] LogOutputStream:75 - [STDERR_REDIRECT] 
2026-05-05 23:09:22,545 [ERROR] LogOutputStream:75 - [STDERR_REDIRECT] [Fatal Error] :1:1: Premature end of file.
2026-05-05 23:09:22,545 [ERROR] LogOutputStream:75 - [STDERR_REDIRECT] 
2026-05-05 23:09:23,544 [ERROR] LogOutputStream:75 - [STDERR_REDIRECT] [Fatal Error] :1:1: Premature end of file.
2026-05-05 23:09:23,544 [ERROR] LogOutputStream:75 - [STDERR_REDIRECT] 
2026-05-05 23:09:24,535 [ERROR] LogOutputStream:75 - [STDERR_REDIRECT] [Fatal Error] :1:1: Premature end of file.
2026-05-05 23:09:24,535 [ERROR] LogOutputStream:75 - [STDERR_REDIRECT] 
2026-05-05 23:09:25,563 [ERROR] LogOutputStream:75 - [STDERR_REDIRECT] [Fatal Error] :1:1: Premature end of file.
2026-05-05 23:09:25,563 [ERROR] LogOutputStream:75 - [STDERR_REDIRECT] 
2026-05-05 23:09:26,549 [ERROR] LogOutputStream:75 - [STDERR_REDIRECT] [Fatal Error] :1:1: Premature end of file.
2026-05-05 23:09:26,550 [ERROR] LogOutputStream:75 - [STDERR_REDIRECT] 
2026-05-05 23:09:27,536 [ERROR] LogOutputStream:75 - [STDERR_REDIRECT] [Fatal Error] :1:1: Premature end of file.
2026-05-05 23:09:27,536 [ERROR] LogOutputStream:75 - [STDERR_REDIRECT] 
2026-05-05 23:09:28,563 [ERROR] LogOutputStream:75 - [STDERR_REDIRECT] [Fatal Error] :1:1: Premature end of file.
2026-05-05 23:09:28,563 [ERROR] LogOutputStream:75 - [STDERR_REDIRECT] 
2026-05-05 23:09:29,556 [ERROR] LogOutputStream:75 - [STDERR_REDIRECT] [Fatal Error] :1:1: Premature end of file.
2026-05-05 23:09:29,556 [ERROR] LogOutputStream:75 - [STDERR_REDIRECT] 
2026-05-05 23:09:30,541 [ERROR] LogOutputStream:75 - [STDERR_REDIRECT] [Fatal Error] :1:1: Premature end of file.
2026-05-05 23:09:30,541 [ERROR] LogOutputStream:75 - [STDERR_REDIRECT] 
2026-05-05 23:09:31,538 [ERROR] LogOutputStream:75 - [STDERR_REDIRECT] [Fatal Error] :1:1: Premature end of file.
2026-05-05 23:09:31,538 [ERROR] LogOutputStream:75 - [STDERR_REDIRECT] 
2026-05-05 23:09:32,548 [ERROR] LogOutputStream:75 - [STDERR_REDIRECT] [Fatal Error] :1:1: Premature end of file.
2026-05-05 23:09:32,548 [ERROR] LogOutputStream:75 - [STDERR_REDIRECT] 
2026-05-05 23:09:33,547 [ERROR] LogOutputStream:75 - [STDERR_REDIRECT] [Fatal Error] :1:1: Premature end of file.
2026-05-05 23:09:33,547 [ERROR] LogOutputStream:75 - [STDERR_REDIRECT] 
2026-05-05 23:09:34,521 [ERROR] LogOutputStream:75 - [STDERR_REDIRECT] [Fatal Error] :1:1: Premature end of file.
2026-05-05 23:09:34,521 [ERROR] LogOutputStream:75 - [STDERR_REDIRECT] 
2026-05-05 23:09:35,554 [ERROR] LogOutputStream:75 - [STDERR_REDIRECT] [Fatal Error] :1:1: Premature end of file.
2026-05-05 23:09:35,559 [ERROR] LogOutputStream:75 - [STDERR_REDIRECT] 
2026-05-05 23:09:36,527 [ERROR] LogOutputStream:75 - [STDERR_REDIRECT] [Fatal Error] :1:1: Premature end of file.
2026-05-05 23:09:36,527 [ERROR] LogOutputStream:75 - [STDERR_REDIRECT] 
2026-05-05 23:09:37,529 [ERROR] LogOutputStream:75 - [STDERR_REDIRECT] [Fatal Error] :1:1: Premature end of file.
2026-05-05 23:09:37,530 [ERROR] LogOutputStream:75 - [STDERR_REDIRECT] 
2026-05-05 23:09:38,538 [ERROR] LogOutputStream:75 - [STDERR_REDIRECT] [Fatal Error] :1:1: Premature end of file.
2026-05-05 23:09:38,538 [ERROR] LogOutputStream:75 - [STDERR_REDIRECT] 
2026-05-05 23:09:39,541 [ERROR] LogOutputStream:75 - [STDERR_REDIRECT] [Fatal Error] :1:1: Premature end of file.
2026-05-05 23:09:39,541 [ERROR] LogOutputStream:75 - [STDERR_REDIRECT] 
2026-05-05 23:09:40,557 [ERROR] LogOutputStream:75 - [STDERR_REDIRECT] [Fatal Error] :1:1: Premature end of file.
2026-05-05 23:09:40,557 [ERROR] LogOutputStream:75 - [STDERR_REDIRECT] 
2026-05-05 23:09:41,538 [ERROR] LogOutputStream:75 - [STDERR_REDIRECT] [Fatal Error] :1:1: Premature end of file.
2026-05-05 23:09:41,538 [ERROR] LogOutputStream:75 - [STDERR_REDIRECT] 
2026-05-05 23:09:42,544 [ERROR] LogOutputStream:75 - [STDERR_REDIRECT] [Fatal Error] :1:1: Premature end of file.
2026-05-05 23:09:42,545 [ERROR] LogOutputStream:75 - [STDERR_REDIRECT] 
2026-05-05 23:09:43,617 [ERROR] LogOutputStream:75 - [STDERR_REDIRECT] [Fatal Error] :1:1: Premature end of file.
2026-05-05 23:09:43,617 [ERROR] LogOutputStream:75 - [STDERR_REDIRECT] 
2026-05-05 23:09:44,580 [ERROR] LogOutputStream:75 - [STDERR_REDIRECT] [Fatal Error] :1:1: Premature end of file.
2026-05-05 23:09:44,580 [ERROR] LogOutputStream:75 - [STDERR_REDIRECT] 
2026-05-05 23:09:45,551 [ERROR] LogOutputStream:75 - [STDERR_REDIRECT] [Fatal Error] :1:1: Premature end of file.
2026-05-05 23:09:45,551 [ERROR] LogOutputStream:75 - [STDERR_REDIRECT] 
2026-05-05 23:09:46,547 [ERROR] LogOutputStream:75 - [STDERR_REDIRECT] [Fatal Error] :1:1: Premature end of file.
2026-05-05 23:09:46,547 [ERROR] LogOutputStream:75 - [STDERR_REDIRECT] 
2026-05-05 23:09:47,586 [ERROR] LogOutputStream:75 - [STDERR_REDIRECT] [Fatal Error] :1:1: Premature end of file.
2026-05-05 23:09:47,587 [ERROR] LogOutputStream:75 - [STDERR_REDIRECT] 
2026-05-05 23:09:48,546 [ERROR] LogOutputStream:75 - [STDERR_REDIRECT] [Fatal Error] :1:1: Premature end of file.
2026-05-05 23:09:48,546 [ERROR] LogOutputStream:75 - [STDERR_REDIRECT] 
2026-05-05 23:09:49,589 [ERROR] LogOutputStream:75 - [STDERR_REDIRECT] [Fatal Error] :1:1: Premature end of file.
2026-05-05 23:09:49,589 [ERROR] LogOutputStream:75 - [STDERR_REDIRECT] 
2026-05-05 23:09:50,590 [ERROR] LogOutputStream:75 - [STDERR_REDIRECT] [Fatal Error] :1:1: Premature end of file.
2026-05-05 23:09:50,591 [ERROR] LogOutputStream:75 - [STDERR_REDIRECT] 
2026-05-05 23:09:51,542 [ERROR] LogOutputStream:75 - [STDERR_REDIRECT] [Fatal Error] :1:1: Premature end of file.
2026-05-05 23:09:51,543 [ERROR] LogOutputStream:75 - [STDERR_REDIRECT] 
2026-05-05 23:09:52,583 [ERROR] LogOutputStream:75 - [STDERR_REDIRECT] [Fatal Error] :1:1: Premature end of file.
2026-05-05 23:09:52,583 [ERROR] LogOutputStream:75 - [STDERR_REDIRECT] 
2026-05-05 23:09:53,557 [ERROR] LogOutputStream:75 - [STDERR_REDIRECT] [Fatal Error] :1:1: Premature end of file.
2026-05-05 23:09:53,558 [ERROR] LogOutputStream:75 - [STDERR_REDIRECT] 
2026-05-05 23:09:54,585 [ERROR] LogOutputStream:75 - [STDERR_REDIRECT] [Fatal Error] :1:1: Premature end of file.
2026-05-05 23:09:54,586 [ERROR] LogOutputStream:75 - [STDERR_REDIRECT] 
2026-05-05 23:09:55,569 [ERROR] LogOutputStream:75 - [STDERR_REDIRECT] [Fatal Error] :1:1: Premature end of file.
2026-05-05 23:09:55,570 [ERROR] LogOutputStream:75 - [STDERR_REDIRECT] 
2026-05-05 23:09:56,558 [ERROR] LogOutputStream:75 - [STDERR_REDIRECT] [Fatal Error] :1:1: Premature end of file.
2026-05-05 23:09:56,559 [ERROR] LogOutputStream:75 - [STDERR_REDIRECT] 
2026-05-05 23:09:57,559 [ERROR] LogOutputStream:75 - [STDERR_REDIRECT] [Fatal Error] :1:1: Premature end of file.
2026-05-05 23:09:57,559 [ERROR] LogOutputStream:75 - [STDERR_REDIRECT] 
2026-05-05 23:09:58,558 [ERROR] LogOutputStream:75 - [STDERR_REDIRECT] [Fatal Error] :1:1: Premature end of file.
2026-05-05 23:09:58,558 [ERROR] LogOutputStream:75 - [STDERR_REDIRECT] 
2026-05-05 23:09:59,562 [ERROR] LogOutputStream:75 - [STDERR_REDIRECT] [Fatal Error] :1:1: Premature end of file.
2026-05-05 23:09:59,564 [ERROR] LogOutputStream:75 - [STDERR_REDIRECT] 
2026-05-05 23:10:00,529 [ERROR] LogOutputStream:75 - [STDERR_REDIRECT] [Fatal Error] :1:1: Premature end of file.
2026-05-05 23:10:00,531 [ERROR] LogOutputStream:75 - [STDERR_REDIRECT] 
2026-05-05 23:10:01,546 [ERROR] LogOutputStream:75 - [STDERR_REDIRECT] [Fatal Error] :1:1: Premature end of file.
2026-05-05 23:10:01,546 [ERROR] LogOutputStream:75 - [STDERR_REDIRECT] 
2026-05-05 23:10:02,535 [ERROR] LogOutputStream:75 - [STDERR_REDIRECT] [Fatal Error] :1:1: Premature end of file.
2026-05-05 23:10:02,536 [ERROR] LogOutputStream:75 - [STDERR_REDIRECT] 
2026-05-05 23:10:03,535 [ERROR] LogOutputStream:75 - [STDERR_REDIRECT] [Fatal Error] :1:1: Premature end of file.
2026-05-05 23:10:03,536 [ERROR] LogOutputStream:75 - [STDERR_REDIRECT] 
2026-05-05 23:10:04,549 [ERROR] LogOutputStream:75 - [STDERR_REDIRECT] [Fatal Error] :1:1: Premature end of file.
2026-05-05 23:10:04,549 [ERROR] LogOutputStream:75 - [STDERR_REDIRECT] 
2026-05-05 23:10:05,540 [ERROR] LogOutputStream:75 - [STDERR_REDIRECT] [Fatal Error] :1:1: Premature end of file.
2026-05-05 23:10:05,541 [ERROR] LogOutputStream:75 - [STDERR_REDIRECT] 
2026-05-05 23:10:06,522 [ERROR] LogOutputStream:75 - [STDERR_REDIRECT] [Fatal Error] :1:1: Premature end of file.
2026-05-05 23:10:06,523 [ERROR] LogOutputStream:75 - [STDERR_REDIRECT] 
2026-05-05 23:10:07,539 [ERROR] LogOutputStream:75 - [STDERR_REDIRECT] [Fatal Error] :1:1: Premature end of file.
2026-05-05 23:10:07,539 [ERROR] LogOutputStream:75 - [STDERR_REDIRECT] 
2026-05-05 23:10:08,532 [ERROR] LogOutputStream:75 - [STDERR_REDIRECT] [Fatal Error] :1:1: Premature end of file.
2026-05-05 23:10:08,532 [ERROR] LogOutputStream:75 - [STDERR_REDIRECT] 
2026-05-05 23:10:09,538 [ERROR] LogOutputStream:75 - [STDERR_REDIRECT] [Fatal Error] :1:1: Premature end of file.
2026-05-05 23:10:09,538 [ERROR] LogOutputStream:75 - [STDERR_REDIRECT] 
2026-05-05 23:10:10,537 [ERROR] LogOutputStream:75 - [STDERR_REDIRECT] [Fatal Error] :1:1: Premature end of file.
2026-05-05 23:10:10,537 [ERROR] LogOutputStream:75 - [STDERR_REDIRECT] 
2026-05-05 23:10:11,538 [ERROR] LogOutputStream:75 - [STDERR_REDIRECT] [Fatal Error] :1:1: Premature end of file.
2026-05-05 23:10:11,538 [ERROR] LogOutputStream:75 - [STDERR_REDIRECT] 
2026-05-05 23:10:12,523 [ERROR] LogOutputStream:75 - [STDERR_REDIRECT] [Fatal Error] :1:1: Premature end of file.
2026-05-05 23:10:12,523 [ERROR] LogOutputStream:75 - [STDERR_REDIRECT] 
2026-05-05 23:10:13,539 [ERROR] LogOutputStream:75 - [STDERR_REDIRECT] [Fatal Error] :1:1: Premature end of file.
2026-05-05 23:10:13,539 [ERROR] LogOutputStream:75 - [STDERR_REDIRECT] 
2026-05-05 23:10:14,535 [ERROR] LogOutputStream:75 - [STDERR_REDIRECT] [Fatal Error] :1:1: Premature end of file.
2026-05-05 23:10:14,535 [ERROR] LogOutputStream:75 - [STDERR_REDIRECT] 
2026-05-05 23:10:15,535 [ERROR] LogOutputStream:75 - [STDERR_REDIRECT] [Fatal Error] :1:1: Premature end of file.
2026-05-05 23:10:15,535 [ERROR] LogOutputStream:75 - [STDERR_REDIRECT] 
2026-05-05 23:10:16,525 [ERROR] LogOutputStream:75 - [STDERR_REDIRECT] [Fatal Error] :1:1: Premature end of file.
2026-05-05 23:10:16,526 [ERROR] LogOutputStream:75 - [STDERR_REDIRECT] 
2026-05-05 23:10:17,547 [ERROR] LogOutputStream:75 - [STDERR_REDIRECT] [Fatal Error] :1:1: Premature end of file.
2026-05-05 23:10:17,547 [ERROR] LogOutputStream:75 - [STDERR_REDIRECT] 
2026-05-05 23:10:18,546 [ERROR] LogOutputStream:75 - [STDERR_REDIRECT] [Fatal Error] :1:1: Premature end of file.
2026-05-05 23:10:18,546 [ERROR] LogOutputStream:75 - [STDERR_REDIRECT] 
2026-05-05 23:10:19,531 [ERROR] LogOutputStream:75 - [STDERR_REDIRECT] [Fatal Error] :1:1: Premature end of file.
2026-05-05 23:10:19,531 [ERROR] LogOutputStream:75 - [STDERR_REDIRECT] 
2026-05-05 23:10:20,529 [ERROR] LogOutputStream:75 - [STDERR_REDIRECT] [Fatal Error] :1:1: Premature end of file.
2026-05-05 23:10:20,529 [ERROR] LogOutputStream:75 - [STDERR_REDIRECT] 
2026-05-05 23:10:21,567 [ERROR] LogOutputStream:75 - [STDERR_REDIRECT] [Fatal Error] :1:1: Premature end of file.
2026-05-05 23:10:21,568 [ERROR] LogOutputStream:75 - [STDERR_REDIRECT] 
2026-05-05 23:10:22,545 [ERROR] LogOutputStream:75 - [STDERR_REDIRECT] [Fatal Error] :1:1: Premature end of file.
2026-05-05 23:10:22,545 [ERROR] LogOutputStream:75 - [STDERR_REDIRECT] 
2026-05-05 23:10:23,544 [ERROR] LogOutputStream:75 - [STDERR_REDIRECT] [Fatal Error] :1:1: Premature end of file.
2026-05-05 23:10:23,544 [ERROR] LogOutputStream:75 - [STDERR_REDIRECT] 
2026-05-05 23:10:24,539 [ERROR] LogOutputStream:75 - [STDERR_REDIRECT] [Fatal Error] :1:1: Premature end of file.
2026-05-05 23:10:24,539 [ERROR] LogOutputStream:75 - [STDERR_REDIRECT] 
2026-05-05 23:10:25,536 [ERROR] LogOutputStream:75 - [STDERR_REDIRECT] [Fatal Error] :1:1: Premature end of file.
2026-05-05 23:10:25,536 [ERROR] LogOutputStream:75 - [STDERR_REDIRECT] 
2026-05-05 23:10:26,539 [ERROR] LogOutputStream:75 - [STDERR_REDIRECT] [Fatal Error] :1:1: Premature end of file.
2026-05-05 23:10:26,539 [ERROR] LogOutputStream:75 - [STDERR_REDIRECT] 
2026-05-05 23:10:27,541 [ERROR] LogOutputStream:75 - [STDERR_REDIRECT] [Fatal Error] :1:1: Premature end of file.
2026-05-05 23:10:27,541 [ERROR] LogOutputStream:75 - [STDERR_REDIRECT] 
2026-05-05 23:10:28,551 [ERROR] LogOutputStream:75 - [STDERR_REDIRECT] [Fatal Error] :1:1: Premature end of file.
2026-05-05 23:10:28,551 [ERROR] LogOutputStream:75 - [STDERR_REDIRECT] 
2026-05-05 23:10:29,539 [ERROR] LogOutputStream:75 - [STDERR_REDIRECT] [Fatal Error] :1:1: Premature end of file.
2026-05-05 23:10:29,539 [ERROR] LogOutputStream:75 - [STDERR_REDIRECT] 
2026-05-05 23:10:30,539 [ERROR] LogOutputStream:75 - [STDERR_REDIRECT] [Fatal Error] :1:1: Premature end of file.
2026-05-05 23:10:30,539 [ERROR] LogOutputStream:75 - [STDERR_REDIRECT] 
2026-05-05 23:10:31,548 [ERROR] LogOutputStream:75 - [STDERR_REDIRECT] [Fatal Error] :1:1: Premature end of file.
2026-05-05 23:10:31,548 [ERROR] LogOutputStream:75 - [STDERR_REDIRECT] 
2026-05-05 23:10:32,543 [ERROR] LogOutputStream:75 - [STDERR_REDIRECT] [Fatal Error] :1:1: Premature end of file.
2026-05-05 23:10:32,543 [ERROR] LogOutputStream:75 - [STDERR_REDIRECT] 
2026-05-05 23:10:33,534 [ERROR] LogOutputStream:75 - [STDERR_REDIRECT] [Fatal Error] :1:1: Premature end of file.
2026-05-05 23:10:33,534 [ERROR] LogOutputStream:75 - [STDERR_REDIRECT] 
2026-05-05 23:10:34,541 [ERROR] LogOutputStream:75 - [STDERR_REDIRECT] [Fatal Error] :1:1: Premature end of file.
2026-05-05 23:10:34,541 [ERROR] LogOutputStream:75 - [STDERR_REDIRECT] 
2026-05-05 23:10:35,541 [ERROR] LogOutputStream:75 - [STDERR_REDIRECT] [Fatal Error] :1:1: Premature end of file.
2026-05-05 23:10:35,541 [ERROR] LogOutputStream:75 - [STDERR_REDIRECT] 
2026-05-05 23:10:36,549 [ERROR] LogOutputStream:75 - [STDERR_REDIRECT] [Fatal Error] :1:1: Premature end of file.
2026-05-05 23:10:36,549 [ERROR] LogOutputStream:75 - [STDERR_REDIRECT] 
2026-05-05 23:10:37,547 [ERROR] LogOutputStream:75 - [STDERR_REDIRECT] [Fatal Error] :1:1: Premature end of file.
2026-05-05 23:10:37,547 [ERROR] LogOutputStream:75 - [STDERR_REDIRECT] 
2026-05-05 23:10:38,540 [ERROR] LogOutputStream:75 - [STDERR_REDIRECT] [Fatal Error] :1:1: Premature end of file.
2026-05-05 23:10:38,540 [ERROR] LogOutputStream:75 - [STDERR_REDIRECT] 
2026-05-05 23:10:39,545 [ERROR] LogOutputStream:75 - [STDERR_REDIRECT] [Fatal Error] :1:1: Premature end of file.
2026-05-05 23:10:39,545 [ERROR] LogOutputStream:75 - [STDERR_REDIRECT] 
2026-05-05 23:10:40,535 [ERROR] LogOutputStream:75 - [STDERR_REDIRECT] [Fatal Error] :1:1: Premature end of file.
2026-05-05 23:10:40,535 [ERROR] LogOutputStream:75 - [STDERR_REDIRECT] 
2026-05-05 23:10:41,547 [ERROR] LogOutputStream:75 - [STDERR_REDIRECT] [Fatal Error] :1:1: Premature end of file.
2026-05-05 23:10:41,547 [ERROR] LogOutputStream:75 - [STDERR_REDIRECT] 
2026-05-05 23:10:42,532 [ERROR] LogOutputStream:75 - [STDERR_REDIRECT] [Fatal Error] :1:1: Premature end of file.
2026-05-05 23:10:42,533 [ERROR] LogOutputStream:75 - [STDERR_REDIRECT] 
2026-05-05 23:10:43,530 [ERROR] LogOutputStream:75 - [STDERR_REDIRECT] [Fatal Error] :1:1: Premature end of file.
2026-05-05 23:10:43,530 [ERROR] LogOutputStream:75 - [STDERR_REDIRECT] 
2026-05-05 23:10:44,524 [ERROR] LogOutputStream:75 - [STDERR_REDIRECT] [Fatal Error] :1:1: Premature end of file.
2026-05-05 23:10:44,525 [ERROR] LogOutputStream:75 - [STDERR_REDIRECT] 
2026-05-05 23:10:45,528 [ERROR] LogOutputStream:75 - [STDERR_REDIRECT] [Fatal Error] :1:1: Premature end of file.
2026-05-05 23:10:45,528 [ERROR] LogOutputStream:75 - [STDERR_REDIRECT] 
2026-05-05 23:10:46,544 [ERROR] LogOutputStream:75 - [STDERR_REDIRECT] [Fatal Error] :1:1: Premature end of file.
2026-05-05 23:10:46,544 [ERROR] LogOutputStream:75 - [STDERR_REDIRECT] 
2026-05-05 23:10:47,526 [ERROR] LogOutputStream:75 - [STDERR_REDIRECT] [Fatal Error] :1:1: Premature end of file.
2026-05-05 23:10:47,526 [ERROR] LogOutputStream:75 - [STDERR_REDIRECT] 
2026-05-05 23:10:48,526 [ERROR] LogOutputStream:75 - [STDERR_REDIRECT] [Fatal Error] :1:1: Premature end of file.
2026-05-05 23:10:48,526 [ERROR] LogOutputStream:75 - [STDERR_REDIRECT] 
2026-05-05 23:10:49,537 [ERROR] LogOutputStream:75 - [STDERR_REDIRECT] [Fatal Error] :1:1: Premature end of file.
2026-05-05 23:10:49,537 [ERROR] LogOutputStream:75 - [STDERR_REDIRECT] 
2026-05-05 23:10:50,559 [ERROR] LogOutputStream:75 - [STDERR_REDIRECT] [Fatal Error] :1:1: Premature end of file.
2026-05-05 23:10:50,559 [ERROR] LogOutputStream:75 - [STDERR_REDIRECT] 
2026-05-05 23:10:51,556 [ERROR] LogOutputStream:75 - [STDERR_REDIRECT] [Fatal Error] :1:1: Premature end of file.
2026-05-05 23:10:51,557 [ERROR] LogOutputStream:75 - [STDERR_REDIRECT] 
2026-05-05 23:10:52,558 [ERROR] LogOutputStream:75 - [STDERR_REDIRECT] [Fatal Error] :1:1: Premature end of file.
2026-05-05 23:10:52,559 [ERROR] LogOutputStream:75 - [STDERR_REDIRECT] 
2026-05-05 23:10:53,559 [ERROR] LogOutputStream:75 - [STDERR_REDIRECT] [Fatal Error] :1:1: Premature end of file.
2026-05-05 23:10:53,559 [ERROR] LogOutputStream:75 - [STDERR_REDIRECT] 
2026-05-05 23:10:54,558 [ERROR] LogOutputStream:75 - [STDERR_REDIRECT] [Fatal Error] :1:1: Premature end of file.
2026-05-05 23:10:54,559 [ERROR] LogOutputStream:75 - [STDERR_REDIRECT] 
2026-05-05 23:10:55,542 [ERROR] LogOutputStream:75 - [STDERR_REDIRECT] [Fatal Error] :1:1: Premature end of file.
2026-05-05 23:10:55,542 [ERROR] LogOutputStream:75 - [STDERR_REDIRECT] 
2026-05-05 23:10:56,554 [ERROR] LogOutputStream:75 - [STDERR_REDIRECT] [Fatal Error] :1:1: Premature end of file.
2026-05-05 23:10:56,554 [ERROR] LogOutputStream:75 - [STDERR_REDIRECT] 
2026-05-05 23:10:57,542 [ERROR] LogOutputStream:75 - [STDERR_REDIRECT] [Fatal Error] :1:1: Premature end of file.
2026-05-05 23:10:57,542 [ERROR] LogOutputStream:75 - [STDERR_REDIRECT] 
2026-05-05 23:10:58,541 [ERROR] LogOutputStream:75 - [STDERR_REDIRECT] [Fatal Error] :1:1: Premature end of file.
2026-05-05 23:10:58,542 [ERROR] LogOutputStream:75 - [STDERR_REDIRECT] 
2026-05-05 23:10:59,544 [ERROR] LogOutputStream:75 - [STDERR_REDIRECT] [Fatal Error] :1:1: Premature end of file.
2026-05-05 23:10:59,544 [ERROR] LogOutputStream:75 - [STDERR_REDIRECT] 
2026-05-05 23:11:00,560 [ERROR] LogOutputStream:75 - [STDERR_REDIRECT] [Fatal Error] :1:1: Premature end of file.
2026-05-05 23:11:00,561 [ERROR] LogOutputStream:75 - [STDERR_REDIRECT] 
2026-05-05 23:11:01,566 [ERROR] LogOutputStream:75 - [STDERR_REDIRECT] [Fatal Error] :1:1: Premature end of file.
2026-05-05 23:11:01,566 [ERROR] LogOutputStream:75 - [STDERR_REDIRECT] 
2026-05-05 23:11:02,542 [ERROR] LogOutputStream:75 - [STDERR_REDIRECT] [Fatal Error] :1:1: Premature end of file.
2026-05-05 23:11:02,542 [ERROR] LogOutputStream:75 - [STDERR_REDIRECT] 
2026-05-05 23:11:03,557 [ERROR] LogOutputStream:75 - [STDERR_REDIRECT] [Fatal Error] :1:1: Premature end of file.
2026-05-05 23:11:03,558 [ERROR] LogOutputStream:75 - [STDERR_REDIRECT] 
2026-05-05 23:11:04,531 [ERROR] LogOutputStream:75 - [STDERR_REDIRECT] [Fatal Error] :1:1: Premature end of file.
2026-05-05 23:11:04,531 [ERROR] LogOutputStream:75 - [STDERR_REDIRECT] 
2026-05-05 23:11:05,557 [ERROR] LogOutputStream:75 - [STDERR_REDIRECT] [Fatal Error] :1:1: Premature end of file.
2026-05-05 23:11:05,557 [ERROR] LogOutputStream:75 - [STDERR_REDIRECT] 
2026-05-05 23:11:06,571 [ERROR] LogOutputStream:75 - [STDERR_REDIRECT] [Fatal Error] :1:1: Premature end of file.
2026-05-05 23:11:06,572 [ERROR] LogOutputStream:75 - [STDERR_REDIRECT] 
2026-05-05 23:11:07,567 [ERROR] LogOutputStream:75 - [STDERR_REDIRECT] [Fatal Error] :1:1: Premature end of file.
2026-05-05 23:11:07,568 [ERROR] LogOutputStream:75 - [STDERR_REDIRECT] 
2026-05-05 23:11:08,543 [ERROR] LogOutputStream:75 - [STDERR_REDIRECT] [Fatal Error] :1:1: Premature end of file.
2026-05-05 23:11:08,543 [ERROR] LogOutputStream:75 - [STDERR_REDIRECT] 
2026-05-05 23:11:09,572 [ERROR] LogOutputStream:75 - [STDERR_REDIRECT] [Fatal Error] :1:1: Premature end of file.
2026-05-05 23:11:09,572 [ERROR] LogOutputStream:75 - [STDERR_REDIRECT] 
2026-05-05 23:11:10,573 [ERROR] LogOutputStream:75 - [STDERR_REDIRECT] [Fatal Error] :1:1: Premature end of file.
2026-05-05 23:11:10,574 [ERROR] LogOutputStream:75 - [STDERR_REDIRECT] 
2026-05-05 23:11:11,540 [ERROR] LogOutputStream:75 - [STDERR_REDIRECT] [Fatal Error] :1:1: Premature end of file.
2026-05-05 23:11:11,542 [ERROR] LogOutputStream:75 - [STDERR_REDIRECT] 
2026-05-05 23:11:12,560 [ERROR] LogOutputStream:75 - [STDERR_REDIRECT] [Fatal Error] :1:1: Premature end of file.
2026-05-05 23:11:12,560 [ERROR] LogOutputStream:75 - [STDERR_REDIRECT] 
2026-05-05 23:11:13,581 [ERROR] LogOutputStream:75 - [STDERR_REDIRECT] [Fatal Error] :1:1: Premature end of file.
2026-05-05 23:11:13,582 [ERROR] LogOutputStream:75 - [STDERR_REDIRECT] 
2026-05-05 23:11:14,561 [ERROR] LogOutputStream:75 - [STDERR_REDIRECT] [Fatal Error] :1:1: Premature end of file.
2026-05-05 23:11:14,562 [ERROR] LogOutputStream:75 - [STDERR_REDIRECT] 
2026-05-05 23:11:15,553 [ERROR] LogOutputStream:75 - [STDERR_REDIRECT] [Fatal Error] :1:1: Premature end of file.
2026-05-05 23:11:15,553 [ERROR] LogOutputStream:75 - [STDERR_REDIRECT] 
2026-05-05 23:11:16,562 [ERROR] LogOutputStream:75 - [STDERR_REDIRECT] [Fatal Error] :1:1: Premature end of file.
2026-05-05 23:11:16,562 [ERROR] LogOutputStream:75 - [STDERR_REDIRECT] 
2026-05-05 23:11:17,552 [ERROR] LogOutputStream:75 - [STDERR_REDIRECT] [Fatal Error] :1:1: Premature end of file.
2026-05-05 23:11:17,553 [ERROR] LogOutputStream:75 - [STDERR_REDIRECT] 
2026-05-05 23:11:18,571 [ERROR] LogOutputStream:75 - [STDERR_REDIRECT] [Fatal Error] :1:1: Premature end of file.
2026-05-05 23:11:18,574 [ERROR] LogOutputStream:75 - [STDERR_REDIRECT] 
2026-05-05 23:11:19,568 [ERROR] LogOutputStream:75 - [STDERR_REDIRECT] [Fatal Error] :1:1: Premature end of file.
2026-05-05 23:11:19,568 [ERROR] LogOutputStream:75 - [STDERR_REDIRECT] 
2026-05-05 23:11:20,561 [ERROR] LogOutputStream:75 - [STDERR_REDIRECT] [Fatal Error] :1:1: Premature end of file.
2026-05-05 23:11:20,561 [ERROR] LogOutputStream:75 - [STDERR_REDIRECT] 
2026-05-05 23:11:21,562 [ERROR] LogOutputStream:75 - [STDERR_REDIRECT] [Fatal Error] :1:1: Premature end of file.
2026-05-05 23:11:21,563 [ERROR] LogOutputStream:75 - [STDERR_REDIRECT] 
2026-05-05 23:11:22,541 [ERROR] LogOutputStream:75 - [STDERR_REDIRECT] [Fatal Error] :1:1: Premature end of file.
2026-05-05 23:11:22,541 [ERROR] LogOutputStream:75 - [STDERR_REDIRECT] 
2026-05-05 23:11:23,546 [ERROR] LogOutputStream:75 - [STDERR_REDIRECT] [Fatal Error] :1:1: Premature end of file.
2026-05-05 23:11:23,546 [ERROR] LogOutputStream:75 - [STDERR_REDIRECT] 
2026-05-05 23:11:24,536 [ERROR] LogOutputStream:75 - [STDERR_REDIRECT] [Fatal Error] :1:1: Premature end of file.
2026-05-05 23:11:24,536 [ERROR] LogOutputStream:75 - [STDERR_REDIRECT] 
2026-05-05 23:11:25,552 [ERROR] LogOutputStream:75 - [STDERR_REDIRECT] [Fatal Error] :1:1: Premature end of file.
2026-05-05 23:11:25,553 [ERROR] LogOutputStream:75 - [STDERR_REDIRECT] 
2026-05-05 23:11:26,664 [ERROR] LogOutputStream:75 - [STDERR_REDIRECT] [Fatal Error] :1:1: Premature end of file.
2026-05-05 23:11:26,664 [ERROR] LogOutputStream:75 - [STDERR_REDIRECT] 
2026-05-05 23:11:27,530 [ERROR] LogOutputStream:75 - [STDERR_REDIRECT] [Fatal Error] :1:1: Premature end of file.
2026-05-05 23:11:27,530 [ERROR] LogOutputStream:75 - [STDERR_REDIRECT] 
2026-05-05 23:11:28,528 [ERROR] LogOutputStream:75 - [STDERR_REDIRECT] [Fatal Error] :1:1: Premature end of file.
2026-05-05 23:11:28,529 [ERROR] LogOutputStream:75 - [STDERR_REDIRECT] 
2026-05-05 23:11:29,571 [ERROR] LogOutputStream:75 - [STDERR_REDIRECT] [Fatal Error] :1:1: Premature end of file.
2026-05-05 23:11:29,571 [ERROR] LogOutputStream:75 - [STDERR_REDIRECT] 
2026-05-05 23:11:30,566 [ERROR] LogOutputStream:75 - [STDERR_REDIRECT] [Fatal Error] :1:1: Premature end of file.
2026-05-05 23:11:30,567 [ERROR] LogOutputStream:75 - [STDERR_REDIRECT] 
2026-05-05 23:11:31,568 [ERROR] LogOutputStream:75 - [STDERR_REDIRECT] [Fatal Error] :1:1: Premature end of file.
2026-05-05 23:11:31,569 [ERROR] LogOutputStream:75 - [STDERR_REDIRECT] 
2026-05-05 23:11:32,576 [ERROR] LogOutputStream:75 - [STDERR_REDIRECT] [Fatal Error] :1:1: Premature end of file.
2026-05-05 23:11:32,576 [ERROR] LogOutputStream:75 - [STDERR_REDIRECT] 
2026-05-05 23:11:33,559 [ERROR] LogOutputStream:75 - [STDERR_REDIRECT] [Fatal Error] :1:1: Premature end of file.
2026-05-05 23:11:33,559 [ERROR] LogOutputStream:75 - [STDERR_REDIRECT] 
2026-05-05 23:11:34,553 [ERROR] LogOutputStream:75 - [STDERR_REDIRECT] [Fatal Error] :1:1: Premature end of file.
2026-05-05 23:11:34,554 [ERROR] LogOutputStream:75 - [STDERR_REDIRECT] 
2026-05-05 23:11:35,551 [ERROR] LogOutputStream:75 - [STDERR_REDIRECT] [Fatal Error] :1:1: Premature end of file.
2026-05-05 23:11:35,551 [ERROR] LogOutputStream:75 - [STDERR_REDIRECT] 
2026-05-05 23:11:36,547 [ERROR] LogOutputStream:75 - [STDERR_REDIRECT] [Fatal Error] :1:1: Premature end of file.
2026-05-05 23:11:36,548 [ERROR] LogOutputStream:75 - [STDERR_REDIRECT] 
2026-05-05 23:11:37,559 [ERROR] LogOutputStream:75 - [STDERR_REDIRECT] [Fatal Error] :1:1: Premature end of file.
2026-05-05 23:11:37,559 [ERROR] LogOutputStream:75 - [STDERR_REDIRECT] 
2026-05-05 23:11:38,559 [ERROR] LogOutputStream:75 - [STDERR_REDIRECT] [Fatal Error] :1:1: Premature end of file.
2026-05-05 23:11:38,559 [ERROR] LogOutputStream:75 - [STDERR_REDIRECT] 
2026-05-05 23:11:39,561 [ERROR] LogOutputStream:75 - [STDERR_REDIRECT] [Fatal Error] :1:1: Premature end of file.
2026-05-05 23:11:39,561 [ERROR] LogOutputStream:75 - [STDERR_REDIRECT] 
2026-05-05 23:11:40,564 [ERROR] LogOutputStream:75 - [STDERR_REDIRECT] [Fatal Error] :1:1: Premature end of file.
2026-05-05 23:11:40,565 [ERROR] LogOutputStream:75 - [STDERR_REDIRECT] 
2026-05-05 23:11:41,566 [ERROR] LogOutputStream:75 - [STDERR_REDIRECT] [Fatal Error] :1:1: Premature end of file.
2026-05-05 23:11:41,567 [ERROR] LogOutputStream:75 - [STDERR_REDIRECT] 
2026-05-05 23:11:42,829 [ERROR] LogOutputStream:75 - [STDERR_REDIRECT] [Fatal Error] :1:1: Premature end of file.
2026-05-05 23:11:42,831 [ERROR] LogOutputStream:75 - [STDERR_REDIRECT] 
2026-05-05 23:11:43,558 [ERROR] LogOutputStream:75 - [STDERR_REDIRECT] [Fatal Error] :1:1: Premature end of file.
2026-05-05 23:11:43,558 [ERROR] LogOutputStream:75 - [STDERR_REDIRECT] 
2026-05-05 23:11:44,567 [ERROR] LogOutputStream:75 - [STDERR_REDIRECT] [Fatal Error] :1:1: Premature end of file.
2026-05-05 23:11:44,568 [ERROR] LogOutputStream:75 - [STDERR_REDIRECT] 
2026-05-05 23:11:45,569 [ERROR] LogOutputStream:75 - [STDERR_REDIRECT] [Fatal Error] :1:1: Premature end of file.
2026-05-05 23:11:45,571 [ERROR] LogOutputStream:75 - [STDERR_REDIRECT] 
2026-05-05 23:11:46,566 [ERROR] LogOutputStream:75 - [STDERR_REDIRECT] [Fatal Error] :1:1: Premature end of file.
2026-05-05 23:11:46,567 [ERROR] LogOutputStream:75 - [STDERR_REDIRECT] 
2026-05-05 23:11:47,561 [ERROR] LogOutputStream:75 - [STDERR_REDIRECT] [Fatal Error] :1:1: Premature end of file.
2026-05-05 23:11:47,564 [ERROR] LogOutputStream:75 - [STDERR_REDIRECT] 
2026-05-05 23:11:48,565 [ERROR] LogOutputStream:75 - [STDERR_REDIRECT] [Fatal Error] :1:1: Premature end of file.
2026-05-05 23:11:48,566 [ERROR] LogOutputStream:75 - [STDERR_REDIRECT] 
2026-05-05 23:11:49,575 [ERROR] LogOutputStream:75 - [STDERR_REDIRECT] [Fatal Error] :1:1: Premature end of file.
2026-05-05 23:11:49,576 [ERROR] LogOutputStream:75 - [STDERR_REDIRECT] 
2026-05-05 23:11:50,575 [ERROR] LogOutputStream:75 - [STDERR_REDIRECT] [Fatal Error] :1:1: Premature end of file.
2026-05-05 23:11:50,575 [ERROR] LogOutputStream:75 - [STDERR_REDIRECT] 
2026-05-05 23:11:51,568 [ERROR] LogOutputStream:75 - [STDERR_REDIRECT] [Fatal Error] :1:1: Premature end of file.
2026-05-05 23:11:51,569 [ERROR] LogOutputStream:75 - [STDERR_REDIRECT] 
2026-05-05 23:11:52,576 [ERROR] LogOutputStream:75 - [STDERR_REDIRECT] [Fatal Error] :1:1: Premature end of file.
2026-05-05 23:11:52,577 [ERROR] LogOutputStream:75 - [STDERR_REDIRECT] 
2026-05-05 23:11:53,571 [ERROR] LogOutputStream:75 - [STDERR_REDIRECT] [Fatal Error] :1:1: Premature end of file.
2026-05-05 23:11:53,572 [ERROR] LogOutputStream:75 - [STDERR_REDIRECT] 
2026-05-05 23:11:54,560 [ERROR] LogOutputStream:75 - [STDERR_REDIRECT] [Fatal Error] :1:1: Premature end of file.
2026-05-05 23:11:54,561 [ERROR] LogOutputStream:75 - [STDERR_REDIRECT] 
2026-05-05 23:11:55,571 [ERROR] LogOutputStream:75 - [STDERR_REDIRECT] [Fatal Error] :1:1: Premature end of file.
2026-05-05 23:11:55,571 [ERROR] LogOutputStream:75 - [STDERR_REDIRECT] 
2026-05-05 23:11:56,722 [ERROR] LogOutputStream:75 - [STDERR_REDIRECT] [Fatal Error] :1:1: Premature end of file.
2026-05-05 23:11:56,723 [ERROR] LogOutputStream:75 - [STDERR_REDIRECT] 
2026-05-05 23:11:57,580 [ERROR] LogOutputStream:75 - [STDERR_REDIRECT] [Fatal Error] :1:1: Premature end of file.
2026-05-05 23:11:57,580 [ERROR] LogOutputStream:75 - [STDERR_REDIRECT] 
2026-05-05 23:11:58,543 [ERROR] LogOutputStream:75 - [STDERR_REDIRECT] [Fatal Error] :1:1: Premature end of file.
2026-05-05 23:11:58,543 [ERROR] LogOutputStream:75 - [STDERR_REDIRECT] 
2026-05-05 23:11:59,557 [ERROR] LogOutputStream:75 - [STDERR_REDIRECT] [Fatal Error] :1:1: Premature end of file.
2026-05-05 23:11:59,557 [ERROR] LogOutputStream:75 - [STDERR_REDIRECT] 
2026-05-05 23:12:00,527 [ERROR] LogOutputStream:75 - [STDERR_REDIRECT] [Fatal Error] :1:1: Premature end of file.
2026-05-05 23:12:00,528 [ERROR] LogOutputStream:75 - [STDERR_REDIRECT] 
2026-05-05 23:12:01,556 [ERROR] LogOutputStream:75 - [STDERR_REDIRECT] [Fatal Error] :1:1: Premature end of file.
2026-05-05 23:12:01,557 [ERROR] LogOutputStream:75 - [STDERR_REDIRECT] 
2026-05-05 23:12:02,568 [ERROR] LogOutputStream:75 - [STDERR_REDIRECT] [Fatal Error] :1:1: Premature end of file.
2026-05-05 23:12:02,569 [ERROR] LogOutputStream:75 - [STDERR_REDIRECT] 
2026-05-05 23:12:03,569 [ERROR] LogOutputStream:75 - [STDERR_REDIRECT] [Fatal Error] :1:1: Premature end of file.
2026-05-05 23:12:03,569 [ERROR] LogOutputStream:75 - [STDERR_REDIRECT] 
2026-05-05 23:12:04,557 [ERROR] LogOutputStream:75 - [STDERR_REDIRECT] [Fatal Error] :1:1: Premature end of file.
2026-05-05 23:12:04,557 [ERROR] LogOutputStream:75 - [STDERR_REDIRECT] 
2026-05-05 23:12:05,553 [ERROR] LogOutputStream:75 - [STDERR_REDIRECT] [Fatal Error] :1:1: Premature end of file.
2026-05-05 23:12:05,554 [ERROR] LogOutputStream:75 - [STDERR_REDIRECT] 
2026-05-05 23:12:06,564 [ERROR] LogOutputStream:75 - [STDERR_REDIRECT] [Fatal Error] :1:1: Premature end of file.
2026-05-05 23:12:06,565 [ERROR] LogOutputStream:75 - [STDERR_REDIRECT] 
2026-05-05 23:12:07,562 [ERROR] LogOutputStream:75 - [STDERR_REDIRECT] [Fatal Error] :1:1: Premature end of file.
2026-05-05 23:12:07,564 [ERROR] LogOutputStream:75 - [STDERR_REDIRECT] 
2026-05-05 23:12:08,562 [ERROR] LogOutputStream:75 - [STDERR_REDIRECT] [Fatal Error] :1:1: Premature end of file.
2026-05-05 23:12:08,563 [ERROR] LogOutputStream:75 - [STDERR_REDIRECT] 
2026-05-05 23:12:09,563 [ERROR] LogOutputStream:75 - [STDERR_REDIRECT] [Fatal Error] :1:1: Premature end of file.
2026-05-05 23:12:09,563 [ERROR] LogOutputStream:75 - [STDERR_REDIRECT] 
2026-05-05 23:12:10,560 [ERROR] LogOutputStream:75 - [STDERR_REDIRECT] [Fatal Error] :1:1: Premature end of file.
2026-05-05 23:12:10,560 [ERROR] LogOutputStream:75 - [STDERR_REDIRECT] 
2026-05-05 23:12:11,592 [ERROR] LogOutputStream:75 - [STDERR_REDIRECT] [Fatal Error] :1:1: Premature end of file.
2026-05-05 23:12:11,593 [ERROR] LogOutputStream:75 - [STDERR_REDIRECT] 
2026-05-05 23:12:12,564 [ERROR] LogOutputStream:75 - [STDERR_REDIRECT] [Fatal Error] :1:1: Premature end of file.
2026-05-05 23:12:12,564 [ERROR] LogOutputStream:75 - [STDERR_REDIRECT] 
2026-05-05 23:12:13,565 [ERROR] LogOutputStream:75 - [STDERR_REDIRECT] [Fatal Error] :1:1: Premature end of file.
2026-05-05 23:12:13,566 [ERROR] LogOutputStream:75 - [STDERR_REDIRECT] 
2026-05-05 23:12:14,588 [ERROR] LogOutputStream:75 - [STDERR_REDIRECT] [Fatal Error] :1:1: Premature end of file.
2026-05-05 23:12:14,588 [ERROR] LogOutputStream:75 - [STDERR_REDIRECT] 
2026-05-05 23:12:15,573 [ERROR] LogOutputStream:75 - [STDERR_REDIRECT] [Fatal Error] :1:1: Premature end of file.
2026-05-05 23:12:15,574 [ERROR] LogOutputStream:75 - [STDERR_REDIRECT] 
2026-05-05 23:12:16,579 [ERROR] LogOutputStream:75 - [STDERR_REDIRECT] [Fatal Error] :1:1: Premature end of file.
2026-05-05 23:12:16,581 [ERROR] LogOutputStream:75 - [STDERR_REDIRECT] 
2026-05-05 23:12:17,561 [ERROR] LogOutputStream:75 - [STDERR_REDIRECT] [Fatal Error] :1:1: Premature end of file.
2026-05-05 23:12:17,562 [ERROR] LogOutputStream:75 - [STDERR_REDIRECT] 
2026-05-05 23:12:18,556 [ERROR] LogOutputStream:75 - [STDERR_REDIRECT] [Fatal Error] :1:1: Premature end of file.
2026-05-05 23:12:18,557 [ERROR] LogOutputStream:75 - [STDERR_REDIRECT] 
2026-05-05 23:12:19,565 [ERROR] LogOutputStream:75 - [STDERR_REDIRECT] [Fatal Error] :1:1: Premature end of file.
2026-05-05 23:12:19,566 [ERROR] LogOutputStream:75 - [STDERR_REDIRECT] 
2026-05-05 23:12:20,569 [ERROR] LogOutputStream:75 - [STDERR_REDIRECT] [Fatal Error] :1:1: Premature end of file.
2026-05-05 23:12:20,570 [ERROR] LogOutputStream:75 - [STDERR_REDIRECT] 
2026-05-05 23:12:21,576 [ERROR] LogOutputStream:75 - [STDERR_REDIRECT] [Fatal Error] :1:1: Premature end of file.
2026-05-05 23:12:21,578 [ERROR] LogOutputStream:75 - [STDERR_REDIRECT] 
2026-05-05 23:12:22,556 [ERROR] LogOutputStream:75 - [STDERR_REDIRECT] [Fatal Error] :1:1: Premature end of file.
2026-05-05 23:12:22,557 [ERROR] LogOutputStream:75 - [STDERR_REDIRECT] 
2026-05-05 23:12:23,567 [ERROR] LogOutputStream:75 - [STDERR_REDIRECT] [Fatal Error] :1:1: Premature end of file.
2026-05-05 23:12:23,568 [ERROR] LogOutputStream:75 - [STDERR_REDIRECT] 
2026-05-05 23:12:24,556 [ERROR] LogOutputStream:75 - [STDERR_REDIRECT] [Fatal Error] :1:1: Premature end of file.
2026-05-05 23:12:24,557 [ERROR] LogOutputStream:75 - [STDERR_REDIRECT] 
2026-05-05 23:12:25,576 [ERROR] LogOutputStream:75 - [STDERR_REDIRECT] [Fatal Error] :1:1: Premature end of file.
2026-05-05 23:12:25,577 [ERROR] LogOutputStream:75 - [STDERR_REDIRECT] 
2026-05-05 23:12:26,586 [ERROR] LogOutputStream:75 - [STDERR_REDIRECT] [Fatal Error] :1:1: Premature end of file.
2026-05-05 23:12:26,587 [ERROR] LogOutputStream:75 - [STDERR_REDIRECT] 
2026-05-05 23:12:27,554 [ERROR] LogOutputStream:75 - [STDERR_REDIRECT] [Fatal Error] :1:1: Premature end of file.
2026-05-05 23:12:27,555 [ERROR] LogOutputStream:75 - [STDERR_REDIRECT] 
2026-05-05 23:12:28,579 [ERROR] LogOutputStream:75 - [STDERR_REDIRECT] [Fatal Error] :1:1: Premature end of file.
2026-05-05 23:12:28,579 [ERROR] LogOutputStream:75 - [STDERR_REDIRECT] 
2026-05-05 23:12:29,577 [ERROR] LogOutputStream:75 - [STDERR_REDIRECT] [Fatal Error] :1:1: Premature end of file.
2026-05-05 23:12:29,577 [ERROR] LogOutputStream:75 - [STDERR_REDIRECT] 
2026-05-05 23:12:30,571 [ERROR] LogOutputStream:75 - [STDERR_REDIRECT] [Fatal Error] :1:1: Premature end of file.
2026-05-05 23:12:30,571 [ERROR] LogOutputStream:75 - [STDERR_REDIRECT] 
2026-05-05 23:12:31,570 [ERROR] LogOutputStream:75 - [STDERR_REDIRECT] [Fatal Error] :1:1: Premature end of file.
2026-05-05 23:12:31,571 [ERROR] LogOutputStream:75 - [STDERR_REDIRECT] 
2026-05-05 23:12:32,564 [ERROR] LogOutputStream:75 - [STDERR_REDIRECT] [Fatal Error] :1:1: Premature end of file.
2026-05-05 23:12:32,565 [ERROR] LogOutputStream:75 - [STDERR_REDIRECT] 
2026-05-05 23:12:33,561 [ERROR] LogOutputStream:75 - [STDERR_REDIRECT] [Fatal Error] :1:1: Premature end of file.
2026-05-05 23:12:33,561 [ERROR] LogOutputStream:75 - [STDERR_REDIRECT] 
2026-05-05 23:12:34,577 [ERROR] LogOutputStream:75 - [STDERR_REDIRECT] [Fatal Error] :1:1: Premature end of file.
2026-05-05 23:12:34,578 [ERROR] LogOutputStream:75 - [STDERR_REDIRECT] 
2026-05-05 23:12:35,564 [ERROR] LogOutputStream:75 - [STDERR_REDIRECT] [Fatal Error] :1:1: Premature end of file.
2026-05-05 23:12:35,565 [ERROR] LogOutputStream:75 - [STDERR_REDIRECT] 
2026-05-05 23:12:36,561 [ERROR] LogOutputStream:75 - [STDERR_REDIRECT] [Fatal Error] :1:1: Premature end of file.
2026-05-05 23:12:36,561 [ERROR] LogOutputStream:75 - [STDERR_REDIRECT] 
2026-05-05 23:12:37,577 [ERROR] LogOutputStream:75 - [STDERR_REDIRECT] [Fatal Error] :1:1: Premature end of file.
2026-05-05 23:12:37,578 [ERROR] LogOutputStream:75 - [STDERR_REDIRECT] 
2026-05-05 23:12:38,564 [ERROR] LogOutputStream:75 - [STDERR_REDIRECT] [Fatal Error] :1:1: Premature end of file.
2026-05-05 23:12:38,564 [ERROR] LogOutputStream:75 - [STDERR_REDIRECT] 
2026-05-05 23:12:39,566 [ERROR] LogOutputStream:75 - [STDERR_REDIRECT] [Fatal Error] :1:1: Premature end of file.
2026-05-05 23:12:39,567 [ERROR] LogOutputStream:75 - [STDERR_REDIRECT] 
2026-05-05 23:12:40,565 [ERROR] LogOutputStream:75 - [STDERR_REDIRECT] [Fatal Error] :1:1: Premature end of file.
2026-05-05 23:12:40,565 [ERROR] LogOutputStream:75 - [STDERR_REDIRECT] 
2026-05-05 23:12:41,574 [ERROR] LogOutputStream:75 - [STDERR_REDIRECT] [Fatal Error] :1:1: Premature end of file.
2026-05-05 23:12:41,575 [ERROR] LogOutputStream:75 - [STDERR_REDIRECT] 
2026-05-05 23:12:42,565 [ERROR] LogOutputStream:75 - [STDERR_REDIRECT] [Fatal Error] :1:1: Premature end of file.
2026-05-05 23:12:42,565 [ERROR] LogOutputStream:75 - [STDERR_REDIRECT] 
2026-05-05 23:12:43,572 [ERROR] LogOutputStream:75 - [STDERR_REDIRECT] [Fatal Error] :1:1: Premature end of file.
2026-05-05 23:12:43,573 [ERROR] LogOutputStream:75 - [STDERR_REDIRECT] 
2026-05-05 23:12:44,573 [ERROR] LogOutputStream:75 - [STDERR_REDIRECT] [Fatal Error] :1:1: Premature end of file.
2026-05-05 23:12:44,574 [ERROR] LogOutputStream:75 - [STDERR_REDIRECT] 
2026-05-05 23:12:45,578 [ERROR] LogOutputStream:75 - [STDERR_REDIRECT] [Fatal Error] :1:1: Premature end of file.
2026-05-05 23:12:45,578 [ERROR] LogOutputStream:75 - [STDERR_REDIRECT] 
2026-05-05 23:12:46,561 [ERROR] LogOutputStream:75 - [STDERR_REDIRECT] [Fatal Error] :1:1: Premature end of file.
2026-05-05 23:12:46,562 [ERROR] LogOutputStream:75 - [STDERR_REDIRECT] 
2026-05-05 23:12:47,563 [ERROR] LogOutputStream:75 - [STDERR_REDIRECT] [Fatal Error] :1:1: Premature end of file.
2026-05-05 23:12:47,563 [ERROR] LogOutputStream:75 - [STDERR_REDIRECT] 
2026-05-05 23:12:48,572 [ERROR] LogOutputStream:75 - [STDERR_REDIRECT] [Fatal Error] :1:1: Premature end of file.
2026-05-05 23:12:48,573 [ERROR] LogOutputStream:75 - [STDERR_REDIRECT] 
2026-05-05 23:12:49,573 [ERROR] LogOutputStream:75 - [STDERR_REDIRECT] [Fatal Error] :1:1: Premature end of file.
2026-05-05 23:12:49,574 [ERROR] LogOutputStream:75 - [STDERR_REDIRECT] 
2026-05-05 23:12:50,571 [ERROR] LogOutputStream:75 - [STDERR_REDIRECT] [Fatal Error] :1:1: Premature end of file.
2026-05-05 23:12:50,572 [ERROR] LogOutputStream:75 - [STDERR_REDIRECT] 
2026-05-05 23:12:51,570 [ERROR] LogOutputStream:75 - [STDERR_REDIRECT] [Fatal Error] :1:1: Premature end of file.
2026-05-05 23:12:51,571 [ERROR] LogOutputStream:75 - [STDERR_REDIRECT] 
2026-05-05 23:12:52,557 [ERROR] LogOutputStream:75 - [STDERR_REDIRECT] [Fatal Error] :1:1: Premature end of file.
2026-05-05 23:12:52,559 [ERROR] LogOutputStream:75 - [STDERR_REDIRECT] 
2026-05-05 23:12:53,562 [ERROR] LogOutputStream:75 - [STDERR_REDIRECT] [Fatal Error] :1:1: Premature end of file.
2026-05-05 23:12:53,562 [ERROR] LogOutputStream:75 - [STDERR_REDIRECT] 
2026-05-05 23:12:54,573 [ERROR] LogOutputStream:75 - [STDERR_REDIRECT] [Fatal Error] :1:1: Premature end of file.
2026-05-05 23:12:54,574 [ERROR] LogOutputStream:75 - [STDERR_REDIRECT] 
2026-05-05 23:12:55,570 [ERROR] LogOutputStream:75 - [STDERR_REDIRECT] [Fatal Error] :1:1: Premature end of file.
2026-05-05 23:12:55,570 [ERROR] LogOutputStream:75 - [STDERR_REDIRECT] 
2026-05-05 23:12:56,580 [ERROR] LogOutputStream:75 - [STDERR_REDIRECT] [Fatal Error] :1:1: Premature end of file.
2026-05-05 23:12:56,581 [ERROR] LogOutputStream:75 - [STDERR_REDIRECT] 
2026-05-05 23:12:57,570 [ERROR] LogOutputStream:75 - [STDERR_REDIRECT] [Fatal Error] :1:1: Premature end of file.
2026-05-05 23:12:57,570 [ERROR] LogOutputStream:75 - [STDERR_REDIRECT] 
2026-05-05 23:12:58,571 [ERROR] LogOutputStream:75 - [STDERR_REDIRECT] [Fatal Error] :1:1: Premature end of file.
2026-05-05 23:12:58,572 [ERROR] LogOutputStream:75 - [STDERR_REDIRECT] 
2026-05-05 23:12:59,560 [ERROR] LogOutputStream:75 - [STDERR_REDIRECT] [Fatal Error] :1:1: Premature end of file.
2026-05-05 23:12:59,560 [ERROR] LogOutputStream:75 - [STDERR_REDIRECT] 
2026-05-05 23:13:00,560 [ERROR] LogOutputStream:75 - [STDERR_REDIRECT] [Fatal Error] :1:1: Premature end of file.
2026-05-05 23:13:00,561 [ERROR] LogOutputStream:75 - [STDERR_REDIRECT] 
2026-05-05 23:13:01,567 [ERROR] LogOutputStream:75 - [STDERR_REDIRECT] [Fatal Error] :1:1: Premature end of file.
2026-05-05 23:13:01,568 [ERROR] LogOutputStream:75 - [STDERR_REDIRECT] 
2026-05-05 23:13:02,557 [ERROR] LogOutputStream:75 - [STDERR_REDIRECT] [Fatal Error] :1:1: Premature end of file.
2026-05-05 23:13:02,558 [ERROR] LogOutputStream:75 - [STDERR_REDIRECT] 
2026-05-05 23:13:03,571 [ERROR] LogOutputStream:75 - [STDERR_REDIRECT] [Fatal Error] :1:1: Premature end of file.
2026-05-05 23:13:03,571 [ERROR] LogOutputStream:75 - [STDERR_REDIRECT] 
2026-05-05 23:13:04,570 [ERROR] LogOutputStream:75 - [STDERR_REDIRECT] [Fatal Error] :1:1: Premature end of file.
2026-05-05 23:13:04,570 [ERROR] LogOutputStream:75 - [STDERR_REDIRECT] 
2026-05-05 23:13:05,546 [ERROR] LogOutputStream:75 - [STDERR_REDIRECT] [Fatal Error] :1:1: Premature end of file.
2026-05-05 23:13:05,546 [ERROR] LogOutputStream:75 - [STDERR_REDIRECT] 
2026-05-05 23:13:06,532 [ERROR] LogOutputStream:75 - [STDERR_REDIRECT] [Fatal Error] :1:1: Premature end of file.
2026-05-05 23:13:06,532 [ERROR] LogOutputStream:75 - [STDERR_REDIRECT] 
2026-05-05 23:13:07,538 [ERROR] LogOutputStream:75 - [STDERR_REDIRECT] [Fatal Error] :1:1: Premature end of file.
2026-05-05 23:13:07,538 [ERROR] LogOutputStream:75 - [STDERR_REDIRECT] 
2026-05-05 23:13:08,542 [ERROR] LogOutputStream:75 - [STDERR_REDIRECT] [Fatal Error] :1:1: Premature end of file.
2026-05-05 23:13:08,543 [ERROR] LogOutputStream:75 - [STDERR_REDIRECT] 
2026-05-05 23:13:09,532 [ERROR] LogOutputStream:75 - [STDERR_REDIRECT] [Fatal Error] :1:1: Premature end of file.
2026-05-05 23:13:09,532 [ERROR] LogOutputStream:75 - [STDERR_REDIRECT] 
2026-05-05 23:13:10,526 [ERROR] LogOutputStream:75 - [STDERR_REDIRECT] [Fatal Error] :1:1: Premature end of file.
2026-05-05 23:13:10,526 [ERROR] LogOutputStream:75 - [STDERR_REDIRECT] 
2026-05-05 23:13:11,544 [ERROR] LogOutputStream:75 - [STDERR_REDIRECT] [Fatal Error] :1:1: Premature end of file.
2026-05-05 23:13:11,544 [ERROR] LogOutputStream:75 - [STDERR_REDIRECT] 
2026-05-05 23:13:12,535 [ERROR] LogOutputStream:75 - [STDERR_REDIRECT] [Fatal Error] :1:1: Premature end of file.
2026-05-05 23:13:12,536 [ERROR] LogOutputStream:75 - [STDERR_REDIRECT] 
2026-05-05 23:13:13,536 [ERROR] LogOutputStream:75 - [STDERR_REDIRECT] [Fatal Error] :1:1: Premature end of file.
2026-05-05 23:13:13,537 [ERROR] LogOutputStream:75 - [STDERR_REDIRECT] 
2026-05-05 23:13:14,539 [ERROR] LogOutputStream:75 - [STDERR_REDIRECT] [Fatal Error] :1:1: Premature end of file.
2026-05-05 23:13:14,539 [ERROR] LogOutputStream:75 - [STDERR_REDIRECT] 
2026-05-05 23:13:15,538 [ERROR] LogOutputStream:75 - [STDERR_REDIRECT] [Fatal Error] :1:1: Premature end of file.
2026-05-05 23:13:15,538 [ERROR] LogOutputStream:75 - [STDERR_REDIRECT] 
2026-05-05 23:13:16,526 [ERROR] LogOutputStream:75 - [STDERR_REDIRECT] [Fatal Error] :1:1: Premature end of file.
2026-05-05 23:13:16,526 [ERROR] LogOutputStream:75 - [STDERR_REDIRECT] 
2026-05-05 23:13:17,534 [ERROR] LogOutputStream:75 - [STDERR_REDIRECT] [Fatal Error] :1:1: Premature end of file.
2026-05-05 23:13:17,534 [ERROR] LogOutputStream:75 - [STDERR_REDIRECT] 
2026-05-05 23:13:18,533 [ERROR] LogOutputStream:75 - [STDERR_REDIRECT] [Fatal Error] :1:1: Premature end of file.
2026-05-05 23:13:18,533 [ERROR] LogOutputStream:75 - [STDERR_REDIRECT] 
2026-05-05 23:13:19,523 [ERROR] LogOutputStream:75 - [STDERR_REDIRECT] [Fatal Error] :1:1: Premature end of file.
2026-05-05 23:13:19,523 [ERROR] LogOutputStream:75 - [STDERR_REDIRECT] 
2026-05-05 23:13:20,536 [ERROR] LogOutputStream:75 - [STDERR_REDIRECT] [Fatal Error] :1:1: Premature end of file.
2026-05-05 23:13:20,537 [ERROR] LogOutputStream:75 - [STDERR_REDIRECT] 
2026-05-05 23:13:21,520 [ERROR] LogOutputStream:75 - [STDERR_REDIRECT] [Fatal Error] :1:1: Premature end of file.
2026-05-05 23:13:21,520 [ERROR] LogOutputStream:75 - [STDERR_REDIRECT] 
2026-05-05 23:13:22,529 [ERROR] LogOutputStream:75 - [STDERR_REDIRECT] [Fatal Error] :1:1: Premature end of file.
2026-05-05 23:13:22,529 [ERROR] LogOutputStream:75 - [STDERR_REDIRECT] 
2026-05-05 23:13:23,547 [ERROR] LogOutputStream:75 - [STDERR_REDIRECT] [Fatal Error] :1:1: Premature end of file.
2026-05-05 23:13:23,549 [ERROR] LogOutputStream:75 - [STDERR_REDIRECT] 
2026-05-05 23:13:24,516 [ERROR] LogOutputStream:75 - [STDERR_REDIRECT] [Fatal Error] :1:1: Premature end of file.
2026-05-05 23:13:24,516 [ERROR] LogOutputStream:75 - [STDERR_REDIRECT] 
2026-05-05 23:13:25,545 [ERROR] LogOutputStream:75 - [STDERR_REDIRECT] [Fatal Error] :1:1: Premature end of file.
2026-05-05 23:13:25,545 [ERROR] LogOutputStream:75 - [STDERR_REDIRECT] 
2026-05-05 23:13:26,532 [ERROR] LogOutputStream:75 - [STDERR_REDIRECT] [Fatal Error] :1:1: Premature end of file.
2026-05-05 23:13:26,533 [ERROR] LogOutputStream:75 - [STDERR_REDIRECT] 
2026-05-05 23:13:27,541 [ERROR] LogOutputStream:75 - [STDERR_REDIRECT] [Fatal Error] :1:1: Premature end of file.
2026-05-05 23:13:27,541 [ERROR] LogOutputStream:75 - [STDERR_REDIRECT] 
2026-05-05 23:13:28,549 [ERROR] LogOutputStream:75 - [STDERR_REDIRECT] [Fatal Error] :1:1: Premature end of file.
2026-05-05 23:13:28,549 [ERROR] LogOutputStream:75 - [STDERR_REDIRECT] 
2026-05-05 23:13:29,552 [ERROR] LogOutputStream:75 - [STDERR_REDIRECT] [Fatal Error] :1:1: Premature end of file.
2026-05-05 23:13:29,552 [ERROR] LogOutputStream:75 - [STDERR_REDIRECT] 
2026-05-05 23:13:30,531 [ERROR] LogOutputStream:75 - [STDERR_REDIRECT] [Fatal Error] :1:1: Premature end of file.
2026-05-05 23:13:30,533 [ERROR] LogOutputStream:75 - [STDERR_REDIRECT] 
2026-05-05 23:13:31,541 [ERROR] LogOutputStream:75 - [STDERR_REDIRECT] [Fatal Error] :1:1: Premature end of file.
2026-05-05 23:13:31,541 [ERROR] LogOutputStream:75 - [STDERR_REDIRECT] 
2026-05-05 23:13:32,536 [ERROR] LogOutputStream:75 - [STDERR_REDIRECT] [Fatal Error] :1:1: Premature end of file.
2026-05-05 23:13:32,536 [ERROR] LogOutputStream:75 - [STDERR_REDIRECT] 
2026-05-05 23:13:33,542 [ERROR] LogOutputStream:75 - [STDERR_REDIRECT] [Fatal Error] :1:1: Premature end of file.
2026-05-05 23:13:33,542 [ERROR] LogOutputStream:75 - [STDERR_REDIRECT] 
2026-05-05 23:13:34,531 [ERROR] LogOutputStream:75 - [STDERR_REDIRECT] [Fatal Error] :1:1: Premature end of file.
2026-05-05 23:13:34,531 [ERROR] LogOutputStream:75 - [STDERR_REDIRECT] 
2026-05-05 23:13:35,533 [ERROR] LogOutputStream:75 - [STDERR_REDIRECT] [Fatal Error] :1:1: Premature end of file.
2026-05-05 23:13:35,533 [ERROR] LogOutputStream:75 - [STDERR_REDIRECT] 
2026-05-05 23:13:36,541 [ERROR] LogOutputStream:75 - [STDERR_REDIRECT] [Fatal Error] :1:1: Premature end of file.
2026-05-05 23:13:36,542 [ERROR] LogOutputStream:75 - [STDERR_REDIRECT] 
2026-05-05 23:13:37,533 [ERROR] LogOutputStream:75 - [STDERR_REDIRECT] [Fatal Error] :1:1: Premature end of file.
2026-05-05 23:13:37,533 [ERROR] LogOutputStream:75 - [STDERR_REDIRECT] 
2026-05-05 23:13:38,541 [ERROR] LogOutputStream:75 - [STDERR_REDIRECT] [Fatal Error] :1:1: Premature end of file.
2026-05-05 23:13:38,541 [ERROR] LogOutputStream:75 - [STDERR_REDIRECT] 
2026-05-05 23:13:39,542 [ERROR] LogOutputStream:75 - [STDERR_REDIRECT] [Fatal Error] :1:1: Premature end of file.
2026-05-05 23:13:39,543 [ERROR] LogOutputStream:75 - [STDERR_REDIRECT] 
2026-05-05 23:13:40,566 [ERROR] LogOutputStream:75 - [STDERR_REDIRECT] [Fatal Error] :1:1: Premature end of file.
2026-05-05 23:13:40,566 [ERROR] LogOutputStream:75 - [STDERR_REDIRECT] 
2026-05-05 23:13:41,538 [ERROR] LogOutputStream:75 - [STDERR_REDIRECT] [Fatal Error] :1:1: Premature end of file.
2026-05-05 23:13:41,539 [ERROR] LogOutputStream:75 - [STDERR_REDIRECT] 
2026-05-05 23:13:42,555 [ERROR] LogOutputStream:75 - [STDERR_REDIRECT] [Fatal Error] :1:1: Premature end of file.
2026-05-05 23:13:42,556 [ERROR] LogOutputStream:75 - [STDERR_REDIRECT] 
2026-05-05 23:13:43,543 [ERROR] LogOutputStream:75 - [STDERR_REDIRECT] [Fatal Error] :1:1: Premature end of file.
2026-05-05 23:13:43,543 [ERROR] LogOutputStream:75 - [STDERR_REDIRECT] 
2026-05-05 23:13:44,539 [ERROR] LogOutputStream:75 - [STDERR_REDIRECT] [Fatal Error] :1:1: Premature end of file.
2026-05-05 23:13:44,539 [ERROR] LogOutputStream:75 - [STDERR_REDIRECT] 
2026-05-05 23:13:45,616 [ERROR] LogOutputStream:75 - [STDERR_REDIRECT] [Fatal Error] :1:1: Premature end of file.
2026-05-05 23:13:45,616 [ERROR] LogOutputStream:75 - [STDERR_REDIRECT] 
2026-05-05 23:13:46,543 [ERROR] LogOutputStream:75 - [STDERR_REDIRECT] [Fatal Error] :1:1: Premature end of file.
2026-05-05 23:13:46,544 [ERROR] LogOutputStream:75 - [STDERR_REDIRECT] 
2026-05-05 23:13:47,536 [ERROR] LogOutputStream:75 - [STDERR_REDIRECT] [Fatal Error] :1:1: Premature end of file.
2026-05-05 23:13:47,536 [ERROR] LogOutputStream:75 - [STDERR_REDIRECT] 
2026-05-05 23:13:48,544 [ERROR] LogOutputStream:75 - [STDERR_REDIRECT] [Fatal Error] :1:1: Premature end of file.
2026-05-05 23:13:48,544 [ERROR] LogOutputStream:75 - [STDERR_REDIRECT] 
2026-05-05 23:13:49,548 [ERROR] LogOutputStream:75 - [STDERR_REDIRECT] [Fatal Error] :1:1: Premature end of file.
2026-05-05 23:13:49,548 [ERROR] LogOutputStream:75 - [STDERR_REDIRECT] 
2026-05-05 23:13:50,535 [ERROR] LogOutputStream:75 - [STDERR_REDIRECT] [Fatal Error] :1:1: Premature end of file.
2026-05-05 23:13:50,535 [ERROR] LogOutputStream:75 - [STDERR_REDIRECT] 
2026-05-05 23:13:51,535 [ERROR] LogOutputStream:75 - [STDERR_REDIRECT] [Fatal Error] :1:1: Premature end of file.
2026-05-05 23:13:51,536 [ERROR] LogOutputStream:75 - [STDERR_REDIRECT] 
2026-05-05 23:13:52,544 [ERROR] LogOutputStream:75 - [STDERR_REDIRECT] [Fatal Error] :1:1: Premature end of file.
2026-05-05 23:13:52,545 [ERROR] LogOutputStream:75 - [STDERR_REDIRECT] 
2026-05-05 23:13:53,541 [ERROR] LogOutputStream:75 - [STDERR_REDIRECT] [Fatal Error] :1:1: Premature end of file.
2026-05-05 23:13:53,541 [ERROR] LogOutputStream:75 - [STDERR_REDIRECT] 
2026-05-05 23:13:54,531 [ERROR] LogOutputStream:75 - [STDERR_REDIRECT] [Fatal Error] :1:1: Premature end of file.
2026-05-05 23:13:54,531 [ERROR] LogOutputStream:75 - [STDERR_REDIRECT] 
2026-05-05 23:13:55,535 [ERROR] LogOutputStream:75 - [STDERR_REDIRECT] [Fatal Error] :1:1: Premature end of file.
2026-05-05 23:13:55,535 [ERROR] LogOutputStream:75 - [STDERR_REDIRECT] 
2026-05-05 23:13:56,558 [ERROR] LogOutputStream:75 - [STDERR_REDIRECT] [Fatal Error] :1:1: Premature end of file.
2026-05-05 23:13:56,558 [ERROR] LogOutputStream:75 - [STDERR_REDIRECT] 
2026-05-05 23:13:57,519 [ERROR] LogOutputStream:75 - [STDERR_REDIRECT] [Fatal Error] :1:1: Premature end of file.
2026-05-05 23:13:57,519 [ERROR] LogOutputStream:75 - [STDERR_REDIRECT] 
2026-05-05 23:13:58,561 [ERROR] LogOutputStream:75 - [STDERR_REDIRECT] [Fatal Error] :1:1: Premature end of file.
2026-05-05 23:13:58,561 [ERROR] LogOutputStream:75 - [STDERR_REDIRECT] 
2026-05-05 23:13:59,559 [ERROR] LogOutputStream:75 - [STDERR_REDIRECT] [Fatal Error] :1:1: Premature end of file.
2026-05-05 23:13:59,560 [ERROR] LogOutputStream:75 - [STDERR_REDIRECT] 
2026-05-05 23:14:00,573 [ERROR] LogOutputStream:75 - [STDERR_REDIRECT] [Fatal Error] :1:1: Premature end of file.
2026-05-05 23:14:00,574 [ERROR] LogOutputStream:75 - [STDERR_REDIRECT] 
2026-05-05 23:14:01,575 [ERROR] LogOutputStream:75 - [STDERR_REDIRECT] [Fatal Error] :1:1: Premature end of file.
2026-05-05 23:14:01,576 [ERROR] LogOutputStream:75 - [STDERR_REDIRECT] 
2026-05-05 23:14:02,564 [ERROR] LogOutputStream:75 - [STDERR_REDIRECT] [Fatal Error] :1:1: Premature end of file.
2026-05-05 23:14:02,567 [ERROR] LogOutputStream:75 - [STDERR_REDIRECT] 
2026-05-05 23:14:03,568 [ERROR] LogOutputStream:75 - [STDERR_REDIRECT] [Fatal Error] :1:1: Premature end of file.
2026-05-05 23:14:03,569 [ERROR] LogOutputStream:75 - [STDERR_REDIRECT] 
2026-05-05 23:14:04,586 [ERROR] LogOutputStream:75 - [STDERR_REDIRECT] [Fatal Error] :1:1: Premature end of file.
2026-05-05 23:14:04,588 [ERROR] LogOutputStream:75 - [STDERR_REDIRECT] 
2026-05-05 23:14:05,566 [ERROR] LogOutputStream:75 - [STDERR_REDIRECT] [Fatal Error] :1:1: Premature end of file.
2026-05-05 23:14:05,568 [ERROR] LogOutputStream:75 - [STDERR_REDIRECT] 
2026-05-05 23:14:06,564 [ERROR] LogOutputStream:75 - [STDERR_REDIRECT] [Fatal Error] :1:1: Premature end of file.
2026-05-05 23:14:06,565 [ERROR] LogOutputStream:75 - [STDERR_REDIRECT] 
2026-05-05 23:14:07,580 [ERROR] LogOutputStream:75 - [STDERR_REDIRECT] [Fatal Error] :1:1: Premature end of file.
2026-05-05 23:14:07,581 [ERROR] LogOutputStream:75 - [STDERR_REDIRECT] 
2026-05-05 23:14:08,568 [ERROR] LogOutputStream:75 - [STDERR_REDIRECT] [Fatal Error] :1:1: Premature end of file.
2026-05-05 23:14:08,570 [ERROR] LogOutputStream:75 - [STDERR_REDIRECT] 
2026-05-05 23:14:09,565 [ERROR] LogOutputStream:75 - [STDERR_REDIRECT] [Fatal Error] :1:1: Premature end of file.
2026-05-05 23:14:09,566 [ERROR] LogOutputStream:75 - [STDERR_REDIRECT] 
2026-05-05 23:14:10,578 [ERROR] LogOutputStream:75 - [STDERR_REDIRECT] [Fatal Error] :1:1: Premature end of file.
2026-05-05 23:14:10,579 [ERROR] LogOutputStream:75 - [STDERR_REDIRECT] 
2026-05-05 23:14:11,564 [ERROR] LogOutputStream:75 - [STDERR_REDIRECT] [Fatal Error] :1:1: Premature end of file.
2026-05-05 23:14:11,564 [ERROR] LogOutputStream:75 - [STDERR_REDIRECT] 
2026-05-05 23:14:12,569 [ERROR] LogOutputStream:75 - [STDERR_REDIRECT] [Fatal Error] :1:1: Premature end of file.
2026-05-05 23:14:12,570 [ERROR] LogOutputStream:75 - [STDERR_REDIRECT] 
2026-05-05 23:14:13,566 [ERROR] LogOutputStream:75 - [STDERR_REDIRECT] [Fatal Error] :1:1: Premature end of file.
2026-05-05 23:14:13,567 [ERROR] LogOutputStream:75 - [STDERR_REDIRECT] 
2026-05-05 23:14:14,573 [ERROR] LogOutputStream:75 - [STDERR_REDIRECT] [Fatal Error] :1:1: Premature end of file.
2026-05-05 23:14:14,573 [ERROR] LogOutputStream:75 - [STDERR_REDIRECT] 
2026-05-05 23:14:15,567 [ERROR] LogOutputStream:75 - [STDERR_REDIRECT] [Fatal Error] :1:1: Premature end of file.
2026-05-05 23:14:15,567 [ERROR] LogOutputStream:75 - [STDERR_REDIRECT] 
2026-05-05 23:14:16,577 [ERROR] LogOutputStream:75 - [STDERR_REDIRECT] [Fatal Error] :1:1: Premature end of file.
2026-05-05 23:14:16,577 [ERROR] LogOutputStream:75 - [STDERR_REDIRECT] 
2026-05-05 23:14:17,566 [ERROR] LogOutputStream:75 - [STDERR_REDIRECT] [Fatal Error] :1:1: Premature end of file.
2026-05-05 23:14:17,566 [ERROR] LogOutputStream:75 - [STDERR_REDIRECT] 
2026-05-05 23:14:18,577 [ERROR] LogOutputStream:75 - [STDERR_REDIRECT] [Fatal Error] :1:1: Premature end of file.
2026-05-05 23:14:18,577 [ERROR] LogOutputStream:75 - [STDERR_REDIRECT] 
2026-05-05 23:14:19,600 [ERROR] LogOutputStream:75 - [STDERR_REDIRECT] [Fatal Error] :1:1: Premature end of file.
2026-05-05 23:14:19,601 [ERROR] LogOutputStream:75 - [STDERR_REDIRECT] 
2026-05-05 23:14:20,560 [ERROR] LogOutputStream:75 - [STDERR_REDIRECT] [Fatal Error] :1:1: Premature end of file.
2026-05-05 23:14:20,560 [ERROR] LogOutputStream:75 - [STDERR_REDIRECT] 
2026-05-05 23:14:21,571 [ERROR] LogOutputStream:75 - [STDERR_REDIRECT] [Fatal Error] :1:1: Premature end of file.
2026-05-05 23:14:21,572 [ERROR] LogOutputStream:75 - [STDERR_REDIRECT] 
2026-05-05 23:14:22,563 [ERROR] LogOutputStream:75 - [STDERR_REDIRECT] [Fatal Error] :1:1: Premature end of file.
2026-05-05 23:14:22,563 [ERROR] LogOutputStream:75 - [STDERR_REDIRECT] 
2026-05-05 23:14:23,573 [ERROR] LogOutputStream:75 - [STDERR_REDIRECT] [Fatal Error] :1:1: Premature end of file.
2026-05-05 23:14:23,573 [ERROR] LogOutputStream:75 - [STDERR_REDIRECT] 
2026-05-05 23:14:24,562 [ERROR] LogOutputStream:75 - [STDERR_REDIRECT] [Fatal Error] :1:1: Premature end of file.
2026-05-05 23:14:24,563 [ERROR] LogOutputStream:75 - [STDERR_REDIRECT] 
2026-05-05 23:14:25,564 [ERROR] LogOutputStream:75 - [STDERR_REDIRECT] [Fatal Error] :1:1: Premature end of file.
2026-05-05 23:14:25,564 [ERROR] LogOutputStream:75 - [STDERR_REDIRECT] 
2026-05-05 23:14:26,565 [ERROR] LogOutputStream:75 - [STDERR_REDIRECT] [Fatal Error] :1:1: Premature end of file.
2026-05-05 23:14:26,565 [ERROR] LogOutputStream:75 - [STDERR_REDIRECT] 
2026-05-05 23:14:27,558 [ERROR] LogOutputStream:75 - [STDERR_REDIRECT] [Fatal Error] :1:1: Premature end of file.
2026-05-05 23:14:27,559 [ERROR] LogOutputStream:75 - [STDERR_REDIRECT] 
2026-05-05 23:14:28,566 [ERROR] LogOutputStream:75 - [STDERR_REDIRECT] [Fatal Error] :1:1: Premature end of file.
2026-05-05 23:14:28,566 [ERROR] LogOutputStream:75 - [STDERR_REDIRECT] 
2026-05-05 23:14:29,571 [ERROR] LogOutputStream:75 - [STDERR_REDIRECT] [Fatal Error] :1:1: Premature end of file.
2026-05-05 23:14:29,571 [ERROR] LogOutputStream:75 - [STDERR_REDIRECT] 
2026-05-05 23:14:30,560 [ERROR] LogOutputStream:75 - [STDERR_REDIRECT] [Fatal Error] :1:1: Premature end of file.
2026-05-05 23:14:30,561 [ERROR] LogOutputStream:75 - [STDERR_REDIRECT] 
2026-05-05 23:14:31,574 [ERROR] LogOutputStream:75 - [STDERR_REDIRECT] [Fatal Error] :1:1: Premature end of file.
2026-05-05 23:14:31,574 [ERROR] LogOutputStream:75 - [STDERR_REDIRECT] 
2026-05-05 23:14:32,578 [ERROR] LogOutputStream:75 - [STDERR_REDIRECT] [Fatal Error] :1:1: Premature end of file.
2026-05-05 23:14:32,578 [ERROR] LogOutputStream:75 - [STDERR_REDIRECT] 
2026-05-05 23:14:33,567 [ERROR] LogOutputStream:75 - [STDERR_REDIRECT] [Fatal Error] :1:1: Premature end of file.
2026-05-05 23:14:33,568 [ERROR] LogOutputStream:75 - [STDERR_REDIRECT] 
2026-05-05 23:14:34,573 [ERROR] LogOutputStream:75 - [STDERR_REDIRECT] [Fatal Error] :1:1: Premature end of file.
2026-05-05 23:14:34,573 [ERROR] LogOutputStream:75 - [STDERR_REDIRECT] 
2026-05-05 23:14:35,564 [ERROR] LogOutputStream:75 - [STDERR_REDIRECT] [Fatal Error] :1:1: Premature end of file.
2026-05-05 23:14:35,565 [ERROR] LogOutputStream:75 - [STDERR_REDIRECT] 
2026-05-05 23:14:36,586 [ERROR] LogOutputStream:75 - [STDERR_REDIRECT] [Fatal Error] :1:1: Premature end of file.
2026-05-05 23:14:36,587 [ERROR] LogOutputStream:75 - [STDERR_REDIRECT] 
2026-05-05 23:14:37,569 [ERROR] LogOutputStream:75 - [STDERR_REDIRECT] [Fatal Error] :1:1: Premature end of file.
2026-05-05 23:14:37,569 [ERROR] LogOutputStream:75 - [STDERR_REDIRECT] 
2026-05-05 23:14:38,557 [ERROR] LogOutputStream:75 - [STDERR_REDIRECT] [Fatal Error] :1:1: Premature end of file.
2026-05-05 23:14:38,557 [ERROR] LogOutputStream:75 - [STDERR_REDIRECT] 
2026-05-05 23:14:39,564 [ERROR] LogOutputStream:75 - [STDERR_REDIRECT] [Fatal Error] :1:1: Premature end of file.
2026-05-05 23:14:39,564 [ERROR] LogOutputStream:75 - [STDERR_REDIRECT] 
2026-05-05 23:14:40,572 [ERROR] LogOutputStream:75 - [STDERR_REDIRECT] [Fatal Error] :1:1: Premature end of file.
2026-05-05 23:14:40,573 [ERROR] LogOutputStream:75 - [STDERR_REDIRECT] 
2026-05-05 23:14:41,570 [ERROR] LogOutputStream:75 - [STDERR_REDIRECT] [Fatal Error] :1:1: Premature end of file.
2026-05-05 23:14:41,570 [ERROR] LogOutputStream:75 - [STDERR_REDIRECT] 
2026-05-05 23:14:42,571 [ERROR] LogOutputStream:75 - [STDERR_REDIRECT] [Fatal Error] :1:1: Premature end of file.
2026-05-05 23:14:42,571 [ERROR] LogOutputStream:75 - [STDERR_REDIRECT] 
2026-05-05 23:14:43,571 [ERROR] LogOutputStream:75 - [STDERR_REDIRECT] [Fatal Error] :1:1: Premature end of file.
2026-05-05 23:14:43,572 [ERROR] LogOutputStream:75 - [STDERR_REDIRECT] 
2026-05-05 23:14:44,552 [ERROR] LogOutputStream:75 - [STDERR_REDIRECT] [Fatal Error] :1:1: Premature end of file.
2026-05-05 23:14:44,553 [ERROR] LogOutputStream:75 - [STDERR_REDIRECT] 
2026-05-05 23:14:45,573 [ERROR] LogOutputStream:75 - [STDERR_REDIRECT] [Fatal Error] :1:1: Premature end of file.
2026-05-05 23:14:45,573 [ERROR] LogOutputStream:75 - [STDERR_REDIRECT] 
2026-05-05 23:14:46,567 [ERROR] LogOutputStream:75 - [STDERR_REDIRECT] [Fatal Error] :1:1: Premature end of file.
2026-05-05 23:14:46,567 [ERROR] LogOutputStream:75 - [STDERR_REDIRECT] 
2026-05-05 23:14:47,568 [ERROR] LogOutputStream:75 - [STDERR_REDIRECT] [Fatal Error] :1:1: Premature end of file.
2026-05-05 23:14:47,568 [ERROR] LogOutputStream:75 - [STDERR_REDIRECT] 
2026-05-05 23:14:48,563 [ERROR] LogOutputStream:75 - [STDERR_REDIRECT] [Fatal Error] :1:1: Premature end of file.
2026-05-05 23:14:48,563 [ERROR] LogOutputStream:75 - [STDERR_REDIRECT] 
2026-05-05 23:14:49,570 [ERROR] LogOutputStream:75 - [STDERR_REDIRECT] [Fatal Error] :1:1: Premature end of file.
2026-05-05 23:14:49,571 [ERROR] LogOutputStream:75 - [STDERR_REDIRECT] 
2026-05-05 23:14:50,574 [ERROR] LogOutputStream:75 - [STDERR_REDIRECT] [Fatal Error] :1:1: Premature end of file.
2026-05-05 23:14:50,575 [ERROR] LogOutputStream:75 - [STDERR_REDIRECT] 
2026-05-05 23:14:51,571 [ERROR] LogOutputStream:75 - [STDERR_REDIRECT] [Fatal Error] :1:1: Premature end of file.
2026-05-05 23:14:51,572 [ERROR] LogOutputStream:75 - [STDERR_REDIRECT] 
2026-05-05 23:14:52,569 [ERROR] LogOutputStream:75 - [STDERR_REDIRECT] [Fatal Error] :1:1: Premature end of file.
2026-05-05 23:14:52,569 [ERROR] LogOutputStream:75 - [STDERR_REDIRECT] 
2026-05-05 23:14:53,574 [ERROR] LogOutputStream:75 - [STDERR_REDIRECT] [Fatal Error] :1:1: Premature end of file.
2026-05-05 23:14:53,574 [ERROR] LogOutputStream:75 - [STDERR_REDIRECT] 
2026-05-05 23:14:54,565 [ERROR] LogOutputStream:75 - [STDERR_REDIRECT] [Fatal Error] :1:1: Premature end of file.
2026-05-05 23:14:54,566 [ERROR] LogOutputStream:75 - [STDERR_REDIRECT] 
2026-05-05 23:14:55,569 [ERROR] LogOutputStream:75 - [STDERR_REDIRECT] [Fatal Error] :1:1: Premature end of file.
2026-05-05 23:14:55,569 [ERROR] LogOutputStream:75 - [STDERR_REDIRECT] 
2026-05-05 23:14:56,581 [ERROR] LogOutputStream:75 - [STDERR_REDIRECT] [Fatal Error] :1:1: Premature end of file.
2026-05-05 23:14:56,581 [ERROR] LogOutputStream:75 - [STDERR_REDIRECT] 
2026-05-05 23:14:57,569 [ERROR] LogOutputStream:75 - [STDERR_REDIRECT] [Fatal Error] :1:1: Premature end of file.
2026-05-05 23:14:57,569 [ERROR] LogOutputStream:75 - [STDERR_REDIRECT] 
2026-05-05 23:14:58,569 [ERROR] LogOutputStream:75 - [STDERR_REDIRECT] [Fatal Error] :1:1: Premature end of file.
2026-05-05 23:14:58,570 [ERROR] LogOutputStream:75 - [STDERR_REDIRECT] 
2026-05-05 23:14:59,564 [ERROR] LogOutputStream:75 - [STDERR_REDIRECT] [Fatal Error] :1:1: Premature end of file.
2026-05-05 23:14:59,565 [ERROR] LogOutputStream:75 - [STDERR_REDIRECT] 
2026-05-05 23:15:00,574 [ERROR] LogOutputStream:75 - [STDERR_REDIRECT] [Fatal Error] :1:1: Premature end of file.
2026-05-05 23:15:00,575 [ERROR] LogOutputStream:75 - [STDERR_REDIRECT] 
2026-05-05 23:15:01,569 [ERROR] LogOutputStream:75 - [STDERR_REDIRECT] [Fatal Error] :1:1: Premature end of file.
2026-05-05 23:15:01,570 [ERROR] LogOutputStream:75 - [STDERR_REDIRECT] 
2026-05-05 23:15:02,576 [ERROR] LogOutputStream:75 - [STDERR_REDIRECT] [Fatal Error] :1:1: Premature end of file.
2026-05-05 23:15:02,577 [ERROR] LogOutputStream:75 - [STDERR_REDIRECT] 
2026-05-05 23:15:03,567 [ERROR] LogOutputStream:75 - [STDERR_REDIRECT] [Fatal Error] :1:1: Premature end of file.
2026-05-05 23:15:03,568 [ERROR] LogOutputStream:75 - [STDERR_REDIRECT] 
2026-05-05 23:15:04,563 [ERROR] LogOutputStream:75 - [STDERR_REDIRECT] [Fatal Error] :1:1: Premature end of file.
2026-05-05 23:15:04,564 [ERROR] LogOutputStream:75 - [STDERR_REDIRECT] 
2026-05-05 23:15:05,571 [ERROR] LogOutputStream:75 - [STDERR_REDIRECT] [Fatal Error] :1:1: Premature end of file.
2026-05-05 23:15:05,571 [ERROR] LogOutputStream:75 - [STDERR_REDIRECT] 
2026-05-05 23:15:06,568 [ERROR] LogOutputStream:75 - [STDERR_REDIRECT] [Fatal Error] :1:1: Premature end of file.
2026-05-05 23:15:06,568 [ERROR] LogOutputStream:75 - [STDERR_REDIRECT] 
2026-05-05 23:15:07,575 [ERROR] LogOutputStream:75 - [STDERR_REDIRECT] [Fatal Error] :1:1: Premature end of file.
2026-05-05 23:15:07,575 [ERROR] LogOutputStream:75 - [STDERR_REDIRECT] 
2026-05-05 23:15:08,565 [ERROR] LogOutputStream:75 - [STDERR_REDIRECT] [Fatal Error] :1:1: Premature end of file.
2026-05-05 23:15:08,565 [ERROR] LogOutputStream:75 - [STDERR_REDIRECT] 
2026-05-05 23:15:09,574 [ERROR] LogOutputStream:75 - [STDERR_REDIRECT] [Fatal Error] :1:1: Premature end of file.
2026-05-05 23:15:09,574 [ERROR] LogOutputStream:75 - [STDERR_REDIRECT] 
2026-05-05 23:15:10,566 [ERROR] LogOutputStream:75 - [STDERR_REDIRECT] [Fatal Error] :1:1: Premature end of file.
2026-05-05 23:15:10,566 [ERROR] LogOutputStream:75 - [STDERR_REDIRECT] 
2026-05-05 23:15:11,559 [ERROR] LogOutputStream:75 - [STDERR_REDIRECT] [Fatal Error] :1:1: Premature end of file.
2026-05-05 23:15:11,559 [ERROR] LogOutputStream:75 - [STDERR_REDIRECT] 
2026-05-05 23:15:12,576 [ERROR] LogOutputStream:75 - [STDERR_REDIRECT] [Fatal Error] :1:1: Premature end of file.
2026-05-05 23:15:12,576 [ERROR] LogOutputStream:75 - [STDERR_REDIRECT] 
2026-05-05 23:15:13,593 [ERROR] LogOutputStream:75 - [STDERR_REDIRECT] [Fatal Error] :1:1: Premature end of file.
2026-05-05 23:15:13,594 [ERROR] LogOutputStream:75 - [STDERR_REDIRECT] 
2026-05-05 23:15:14,575 [ERROR] LogOutputStream:75 - [STDERR_REDIRECT] [Fatal Error] :1:1: Premature end of file.
2026-05-05 23:15:14,576 [ERROR] LogOutputStream:75 - [STDERR_REDIRECT] 
2026-05-05 23:15:15,592 [ERROR] LogOutputStream:75 - [STDERR_REDIRECT] [Fatal Error] :1:1: Premature end of file.
2026-05-05 23:15:15,593 [ERROR] LogOutputStream:75 - [STDERR_REDIRECT] 
2026-05-05 23:15:16,600 [ERROR] LogOutputStream:75 - [STDERR_REDIRECT] [Fatal Error] :1:1: Premature end of file.
2026-05-05 23:15:16,603 [ERROR] LogOutputStream:75 - [STDERR_REDIRECT] 
2026-05-05 23:15:17,555 [ERROR] LogOutputStream:75 - [STDERR_REDIRECT] [Fatal Error] :1:1: Premature end of file.
2026-05-05 23:15:17,556 [ERROR] LogOutputStream:75 - [STDERR_REDIRECT] 
2026-05-05 23:15:18,574 [ERROR] LogOutputStream:75 - [STDERR_REDIRECT] [Fatal Error] :1:1: Premature end of file.
2026-05-05 23:15:18,575 [ERROR] LogOutputStream:75 - [STDERR_REDIRECT] 
2026-05-05 23:15:19,559 [ERROR] LogOutputStream:75 - [STDERR_REDIRECT] [Fatal Error] :1:1: Premature end of file.
2026-05-05 23:15:19,560 [ERROR] LogOutputStream:75 - [STDERR_REDIRECT] 
2026-05-05 23:15:20,564 [ERROR] LogOutputStream:75 - [STDERR_REDIRECT] [Fatal Error] :1:1: Premature end of file.
2026-05-05 23:15:20,564 [ERROR] LogOutputStream:75 - [STDERR_REDIRECT] 
2026-05-05 23:15:21,551 [ERROR] LogOutputStream:75 - [STDERR_REDIRECT] [Fatal Error] :1:1: Premature end of file.
2026-05-05 23:15:21,551 [ERROR] LogOutputStream:75 - [STDERR_REDIRECT] 
2026-05-05 23:15:22,552 [ERROR] LogOutputStream:75 - [STDERR_REDIRECT] [Fatal Error] :1:1: Premature end of file.
2026-05-05 23:15:22,553 [ERROR] LogOutputStream:75 - [STDERR_REDIRECT] 
2026-05-05 23:15:23,605 [ERROR] LogOutputStream:75 - [STDERR_REDIRECT] [Fatal Error] :1:1: Premature end of file.
2026-05-05 23:15:23,606 [ERROR] LogOutputStream:75 - [STDERR_REDIRECT] 
2026-05-05 23:15:24,568 [ERROR] LogOutputStream:75 - [STDERR_REDIRECT] [Fatal Error] :1:1: Premature end of file.
2026-05-05 23:15:24,568 [ERROR] LogOutputStream:75 - [STDERR_REDIRECT] 
2026-05-05 23:15:25,565 [ERROR] LogOutputStream:75 - [STDERR_REDIRECT] [Fatal Error] :1:1: Premature end of file.
2026-05-05 23:15:25,566 [ERROR] LogOutputStream:75 - [STDERR_REDIRECT] 
2026-05-05 23:15:26,543 [ERROR] LogOutputStream:75 - [STDERR_REDIRECT] [Fatal Error] :1:1: Premature end of file.
2026-05-05 23:15:26,543 [ERROR] LogOutputStream:75 - [STDERR_REDIRECT] 
2026-05-05 23:15:27,540 [ERROR] LogOutputStream:75 - [STDERR_REDIRECT] [Fatal Error] :1:1: Premature end of file.
2026-05-05 23:15:27,540 [ERROR] LogOutputStream:75 - [STDERR_REDIRECT] 
2026-05-05 23:15:28,556 [ERROR] LogOutputStream:75 - [STDERR_REDIRECT] [Fatal Error] :1:1: Premature end of file.
2026-05-05 23:15:28,556 [ERROR] LogOutputStream:75 - [STDERR_REDIRECT] 
2026-05-05 23:15:29,551 [ERROR] LogOutputStream:75 - [STDERR_REDIRECT] [Fatal Error] :1:1: Premature end of file.
2026-05-05 23:15:29,552 [ERROR] LogOutputStream:75 - [STDERR_REDIRECT] 
2026-05-05 23:15:30,546 [ERROR] LogOutputStream:75 - [STDERR_REDIRECT] [Fatal Error] :1:1: Premature end of file.
2026-05-05 23:15:30,546 [ERROR] LogOutputStream:75 - [STDERR_REDIRECT] 
2026-05-05 23:15:31,529 [ERROR] LogOutputStream:75 - [STDERR_REDIRECT] [Fatal Error] :1:1: Premature end of file.
2026-05-05 23:15:31,529 [ERROR] LogOutputStream:75 - [STDERR_REDIRECT] 
2026-05-05 23:15:32,578 [ERROR] LogOutputStream:75 - [STDERR_REDIRECT] [Fatal Error] :1:1: Premature end of file.
2026-05-05 23:15:32,578 [ERROR] LogOutputStream:75 - [STDERR_REDIRECT] 
2026-05-05 23:15:33,533 [ERROR] LogOutputStream:75 - [STDERR_REDIRECT] [Fatal Error] :1:1: Premature end of file.
2026-05-05 23:15:33,533 [ERROR] LogOutputStream:75 - [STDERR_REDIRECT] 
2026-05-05 23:15:34,570 [ERROR] LogOutputStream:75 - [STDERR_REDIRECT] [Fatal Error] :1:1: Premature end of file.
2026-05-05 23:15:34,570 [ERROR] LogOutputStream:75 - [STDERR_REDIRECT] 
2026-05-05 23:15:35,563 [ERROR] LogOutputStream:75 - [STDERR_REDIRECT] [Fatal Error] :1:1: Premature end of file.
2026-05-05 23:15:35,564 [ERROR] LogOutputStream:75 - [STDERR_REDIRECT] 
2026-05-05 23:15:36,556 [ERROR] LogOutputStream:75 - [STDERR_REDIRECT] [Fatal Error] :1:1: Premature end of file.
2026-05-05 23:15:36,556 [ERROR] LogOutputStream:75 - [STDERR_REDIRECT] 
2026-05-05 23:15:37,563 [ERROR] LogOutputStream:75 - [STDERR_REDIRECT] [Fatal Error] :1:1: Premature end of file.
2026-05-05 23:15:37,563 [ERROR] LogOutputStream:75 - [STDERR_REDIRECT] 
2026-05-05 23:15:38,626 [ERROR] LogOutputStream:75 - [STDERR_REDIRECT] [Fatal Error] :1:1: Premature end of file.
2026-05-05 23:15:38,626 [ERROR] LogOutputStream:75 - [STDERR_REDIRECT] 
2026-05-05 23:15:39,610 [ERROR] LogOutputStream:75 - [STDERR_REDIRECT] [Fatal Error] :1:1: Premature end of file.
2026-05-05 23:15:39,611 [ERROR] LogOutputStream:75 - [STDERR_REDIRECT] 
2026-05-05 23:15:40,591 [ERROR] LogOutputStream:75 - [STDERR_REDIRECT] [Fatal Error] :1:1: Premature end of file.
2026-05-05 23:15:40,593 [ERROR] LogOutputStream:75 - [STDERR_REDIRECT] 
2026-05-05 23:15:41,546 [ERROR] LogOutputStream:75 - [STDERR_REDIRECT] [Fatal Error] :1:1: Premature end of file.
2026-05-05 23:15:41,547 [ERROR] LogOutputStream:75 - [STDERR_REDIRECT] 
2026-05-05 23:15:42,567 [ERROR] LogOutputStream:75 - [STDERR_REDIRECT] [Fatal Error] :1:1: Premature end of file.
2026-05-05 23:15:42,567 [ERROR] LogOutputStream:75 - [STDERR_REDIRECT] 
2026-05-05 23:15:43,553 [ERROR] LogOutputStream:75 - [STDERR_REDIRECT] [Fatal Error] :1:1: Premature end of file.
2026-05-05 23:15:43,553 [ERROR] LogOutputStream:75 - [STDERR_REDIRECT] 
2026-05-05 23:15:44,552 [ERROR] LogOutputStream:75 - [STDERR_REDIRECT] [Fatal Error] :1:1: Premature end of file.
2026-05-05 23:15:44,553 [ERROR] LogOutputStream:75 - [STDERR_REDIRECT] 
2026-05-05 23:15:45,561 [ERROR] LogOutputStream:75 - [STDERR_REDIRECT] [Fatal Error] :1:1: Premature end of file.
2026-05-05 23:15:45,562 [ERROR] LogOutputStream:75 - [STDERR_REDIRECT] 
2026-05-05 23:15:46,555 [ERROR] LogOutputStream:75 - [STDERR_REDIRECT] [Fatal Error] :1:1: Premature end of file.
2026-05-05 23:15:46,555 [ERROR] LogOutputStream:75 - [STDERR_REDIRECT] 
2026-05-05 23:15:47,569 [ERROR] LogOutputStream:75 - [STDERR_REDIRECT] [Fatal Error] :1:1: Premature end of file.
2026-05-05 23:15:47,569 [ERROR] LogOutputStream:75 - [STDERR_REDIRECT] 
2026-05-05 23:15:48,549 [ERROR] LogOutputStream:75 - [STDERR_REDIRECT] [Fatal Error] :1:1: Premature end of file.
2026-05-05 23:15:48,550 [ERROR] LogOutputStream:75 - [STDERR_REDIRECT] 
2026-05-05 23:15:49,583 [ERROR] LogOutputStream:75 - [STDERR_REDIRECT] [Fatal Error] :1:1: Premature end of file.
2026-05-05 23:15:49,584 [ERROR] LogOutputStream:75 - [STDERR_REDIRECT] 
2026-05-05 23:15:50,571 [ERROR] LogOutputStream:75 - [STDERR_REDIRECT] [Fatal Error] :1:1: Premature end of file.
2026-05-05 23:15:50,572 [ERROR] LogOutputStream:75 - [STDERR_REDIRECT] 
2026-05-05 23:15:51,574 [ERROR] LogOutputStream:75 - [STDERR_REDIRECT] [Fatal Error] :1:1: Premature end of file.
2026-05-05 23:15:51,574 [ERROR] LogOutputStream:75 - [STDERR_REDIRECT] 
2026-05-05 23:15:52,543 [ERROR] LogOutputStream:75 - [STDERR_REDIRECT] [Fatal Error] :1:1: Premature end of file.
2026-05-05 23:15:52,544 [ERROR] LogOutputStream:75 - [STDERR_REDIRECT] 
2026-05-05 23:15:53,569 [ERROR] LogOutputStream:75 - [STDERR_REDIRECT] [Fatal Error] :1:1: Premature end of file.
2026-05-05 23:15:53,570 [ERROR] LogOutputStream:75 - [STDERR_REDIRECT] 
2026-05-05 23:15:54,564 [ERROR] LogOutputStream:75 - [STDERR_REDIRECT] [Fatal Error] :1:1: Premature end of file.
2026-05-05 23:15:54,565 [ERROR] LogOutputStream:75 - [STDERR_REDIRECT] 
2026-05-05 23:15:55,541 [ERROR] LogOutputStream:75 - [STDERR_REDIRECT] [Fatal Error] :1:1: Premature end of file.
2026-05-05 23:15:55,541 [ERROR] LogOutputStream:75 - [STDERR_REDIRECT] 
2026-05-05 23:15:56,560 [ERROR] LogOutputStream:75 - [STDERR_REDIRECT] [Fatal Error] :1:1: Premature end of file.
2026-05-05 23:15:56,560 [ERROR] LogOutputStream:75 - [STDERR_REDIRECT] 
2026-05-05 23:15:57,564 [ERROR] LogOutputStream:75 - [STDERR_REDIRECT] [Fatal Error] :1:1: Premature end of file.
2026-05-05 23:15:57,565 [ERROR] LogOutputStream:75 - [STDERR_REDIRECT] 
2026-05-05 23:15:58,560 [ERROR] LogOutputStream:75 - [STDERR_REDIRECT] [Fatal Error] :1:1: Premature end of file.
2026-05-05 23:15:58,560 [ERROR] LogOutputStream:75 - [STDERR_REDIRECT] 
2026-05-05 23:15:59,560 [ERROR] LogOutputStream:75 - [STDERR_REDIRECT] [Fatal Error] :1:1: Premature end of file.
2026-05-05 23:15:59,560 [ERROR] LogOutputStream:75 - [STDERR_REDIRECT] 
2026-05-05 23:16:00,574 [ERROR] LogOutputStream:75 - [STDERR_REDIRECT] [Fatal Error] :1:1: Premature end of file.
2026-05-05 23:16:00,575 [ERROR] LogOutputStream:75 - [STDERR_REDIRECT] 
2026-05-05 23:16:01,559 [ERROR] LogOutputStream:75 - [STDERR_REDIRECT] [Fatal Error] :1:1: Premature end of file.
2026-05-05 23:16:01,560 [ERROR] LogOutputStream:75 - [STDERR_REDIRECT] 
2026-05-05 23:16:02,582 [ERROR] LogOutputStream:75 - [STDERR_REDIRECT] [Fatal Error] :1:1: Premature end of file.
2026-05-05 23:16:02,583 [ERROR] LogOutputStream:75 - [STDERR_REDIRECT] 
2026-05-05 23:16:03,559 [ERROR] LogOutputStream:75 - [STDERR_REDIRECT] [Fatal Error] :1:1: Premature end of file.
2026-05-05 23:16:03,560 [ERROR] LogOutputStream:75 - [STDERR_REDIRECT] 
2026-05-05 23:16:04,566 [ERROR] LogOutputStream:75 - [STDERR_REDIRECT] [Fatal Error] :1:1: Premature end of file.
2026-05-05 23:16:04,566 [ERROR] LogOutputStream:75 - [STDERR_REDIRECT] 
2026-05-05 23:16:05,573 [ERROR] LogOutputStream:75 - [STDERR_REDIRECT] [Fatal Error] :1:1: Premature end of file.
2026-05-05 23:16:05,574 [ERROR] LogOutputStream:75 - [STDERR_REDIRECT] 
2026-05-05 23:16:06,559 [ERROR] LogOutputStream:75 - [STDERR_REDIRECT] [Fatal Error] :1:1: Premature end of file.
2026-05-05 23:16:06,561 [ERROR] LogOutputStream:75 - [STDERR_REDIRECT] 
2026-05-05 23:16:07,563 [ERROR] LogOutputStream:75 - [STDERR_REDIRECT] [Fatal Error] :1:1: Premature end of file.
2026-05-05 23:16:07,564 [ERROR] LogOutputStream:75 - [STDERR_REDIRECT] 
2026-05-05 23:16:08,572 [ERROR] LogOutputStream:75 - [STDERR_REDIRECT] [Fatal Error] :1:1: Premature end of file.
2026-05-05 23:16:08,572 [ERROR] LogOutputStream:75 - [STDERR_REDIRECT] 
2026-05-05 23:16:09,602 [ERROR] LogOutputStream:75 - [STDERR_REDIRECT] [Fatal Error] :1:1: Premature end of file.
2026-05-05 23:16:09,602 [ERROR] LogOutputStream:75 - [STDERR_REDIRECT] 
2026-05-05 23:16:10,544 [ERROR] LogOutputStream:75 - [STDERR_REDIRECT] [Fatal Error] :1:1: Premature end of file.
2026-05-05 23:16:10,544 [ERROR] LogOutputStream:75 - [STDERR_REDIRECT] 
2026-05-05 23:16:11,557 [ERROR] LogOutputStream:75 - [STDERR_REDIRECT] [Fatal Error] :1:1: Premature end of file.
2026-05-05 23:16:11,558 [ERROR] LogOutputStream:75 - [STDERR_REDIRECT] 
2026-05-05 23:16:12,558 [ERROR] LogOutputStream:75 - [STDERR_REDIRECT] [Fatal Error] :1:1: Premature end of file.
2026-05-05 23:16:12,559 [ERROR] LogOutputStream:75 - [STDERR_REDIRECT] 
2026-05-05 23:16:13,562 [ERROR] LogOutputStream:75 - [STDERR_REDIRECT] [Fatal Error] :1:1: Premature end of file.
2026-05-05 23:16:13,563 [ERROR] LogOutputStream:75 - [STDERR_REDIRECT] 
2026-05-05 23:16:14,562 [ERROR] LogOutputStream:75 - [STDERR_REDIRECT] [Fatal Error] :1:1: Premature end of file.
2026-05-05 23:16:14,562 [ERROR] LogOutputStream:75 - [STDERR_REDIRECT] 
2026-05-05 23:16:15,630 [ERROR] LogOutputStream:75 - [STDERR_REDIRECT] [Fatal Error] :1:1: Premature end of file.
2026-05-05 23:16:15,631 [ERROR] LogOutputStream:75 - [STDERR_REDIRECT] 
2026-05-05 23:16:16,666 [ERROR] LogOutputStream:75 - [STDERR_REDIRECT] [Fatal Error] :1:1: Premature end of file.
2026-05-05 23:16:16,666 [ERROR] LogOutputStream:75 - [STDERR_REDIRECT] 
2026-05-05 23:16:17,572 [ERROR] LogOutputStream:75 - [STDERR_REDIRECT] [Fatal Error] :1:1: Premature end of file.
2026-05-05 23:16:17,573 [ERROR] LogOutputStream:75 - [STDERR_REDIRECT] 
2026-05-05 23:16:18,543 [ERROR] LogOutputStream:75 - [STDERR_REDIRECT] [Fatal Error] :1:1: Premature end of file.
2026-05-05 23:16:18,543 [ERROR] LogOutputStream:75 - [STDERR_REDIRECT] 
2026-05-05 23:16:19,571 [ERROR] LogOutputStream:75 - [STDERR_REDIRECT] [Fatal Error] :1:1: Premature end of file.
2026-05-05 23:16:19,571 [ERROR] LogOutputStream:75 - [STDERR_REDIRECT] 
2026-05-05 23:16:20,548 [ERROR] LogOutputStream:75 - [STDERR_REDIRECT] [Fatal Error] :1:1: Premature end of file.
2026-05-05 23:16:20,548 [ERROR] LogOutputStream:75 - [STDERR_REDIRECT] 
2026-05-05 23:16:21,585 [ERROR] LogOutputStream:75 - [STDERR_REDIRECT] [Fatal Error] :1:1: Premature end of file.
2026-05-05 23:16:21,586 [ERROR] LogOutputStream:75 - [STDERR_REDIRECT] 
2026-05-05 23:16:22,561 [ERROR] LogOutputStream:75 - [STDERR_REDIRECT] [Fatal Error] :1:1: Premature end of file.
2026-05-05 23:16:22,561 [ERROR] LogOutputStream:75 - [STDERR_REDIRECT] 
2026-05-05 23:16:23,558 [ERROR] LogOutputStream:75 - [STDERR_REDIRECT] [Fatal Error] :1:1: Premature end of file.
2026-05-05 23:16:23,559 [ERROR] LogOutputStream:75 - [STDERR_REDIRECT] 
2026-05-05 23:16:24,581 [ERROR] LogOutputStream:75 - [STDERR_REDIRECT] [Fatal Error] :1:1: Premature end of file.
2026-05-05 23:16:24,581 [ERROR] LogOutputStream:75 - [STDERR_REDIRECT] 
2026-05-05 23:16:25,605 [ERROR] LogOutputStream:75 - [STDERR_REDIRECT] [Fatal Error] :1:1: Premature end of file.
2026-05-05 23:16:25,606 [ERROR] LogOutputStream:75 - [STDERR_REDIRECT] 
2026-05-05 23:16:26,598 [ERROR] LogOutputStream:75 - [STDERR_REDIRECT] [Fatal Error] :1:1: Premature end of file.
2026-05-05 23:16:26,598 [ERROR] LogOutputStream:75 - [STDERR_REDIRECT] 
2026-05-05 23:16:27,589 [ERROR] LogOutputStream:75 - [STDERR_REDIRECT] [Fatal Error] :1:1: Premature end of file.
2026-05-05 23:16:27,590 [ERROR] LogOutputStream:75 - [STDERR_REDIRECT] 
2026-05-05 23:16:28,588 [ERROR] LogOutputStream:75 - [STDERR_REDIRECT] [Fatal Error] :1:1: Premature end of file.
2026-05-05 23:16:28,589 [ERROR] LogOutputStream:75 - [STDERR_REDIRECT] 
2026-05-05 23:16:29,570 [ERROR] LogOutputStream:75 - [STDERR_REDIRECT] [Fatal Error] :1:1: Premature end of file.
2026-05-05 23:16:29,572 [ERROR] LogOutputStream:75 - [STDERR_REDIRECT] 
2026-05-05 23:16:30,565 [ERROR] LogOutputStream:75 - [STDERR_REDIRECT] [Fatal Error] :1:1: Premature end of file.
2026-05-05 23:16:30,566 [ERROR] LogOutputStream:75 - [STDERR_REDIRECT] 
2026-05-05 23:16:31,588 [ERROR] LogOutputStream:75 - [STDERR_REDIRECT] [Fatal Error] :1:1: Premature end of file.
2026-05-05 23:16:31,589 [ERROR] LogOutputStream:75 - [STDERR_REDIRECT] 
2026-05-05 23:16:32,561 [ERROR] LogOutputStream:75 - [STDERR_REDIRECT] [Fatal Error] :1:1: Premature end of file.
2026-05-05 23:16:32,561 [ERROR] LogOutputStream:75 - [STDERR_REDIRECT] 
2026-05-05 23:16:33,569 [ERROR] LogOutputStream:75 - [STDERR_REDIRECT] [Fatal Error] :1:1: Premature end of file.
2026-05-05 23:16:33,569 [ERROR] LogOutputStream:75 - [STDERR_REDIRECT] 
2026-05-05 23:16:34,533 [ERROR] LogOutputStream:75 - [STDERR_REDIRECT] [Fatal Error] :1:1: Premature end of file.
2026-05-05 23:16:34,533 [ERROR] LogOutputStream:75 - [STDERR_REDIRECT] 
2026-05-05 23:16:35,574 [ERROR] LogOutputStream:75 - [STDERR_REDIRECT] [Fatal Error] :1:1: Premature end of file.
2026-05-05 23:16:35,575 [ERROR] LogOutputStream:75 - [STDERR_REDIRECT] 
2026-05-05 23:16:36,576 [ERROR] LogOutputStream:75 - [STDERR_REDIRECT] [Fatal Error] :1:1: Premature end of file.
2026-05-05 23:16:36,576 [ERROR] LogOutputStream:75 - [STDERR_REDIRECT] 
2026-05-05 23:16:37,575 [ERROR] LogOutputStream:75 - [STDERR_REDIRECT] [Fatal Error] :1:1: Premature end of file.
2026-05-05 23:16:37,577 [ERROR] LogOutputStream:75 - [STDERR_REDIRECT] 
2026-05-05 23:16:38,567 [ERROR] LogOutputStream:75 - [STDERR_REDIRECT] [Fatal Error] :1:1: Premature end of file.
2026-05-05 23:16:38,568 [ERROR] LogOutputStream:75 - [STDERR_REDIRECT] 
2026-05-05 23:16:39,574 [ERROR] LogOutputStream:75 - [STDERR_REDIRECT] [Fatal Error] :1:1: Premature end of file.
2026-05-05 23:16:39,575 [ERROR] LogOutputStream:75 - [STDERR_REDIRECT] 
2026-05-05 23:16:40,569 [ERROR] LogOutputStream:75 - [STDERR_REDIRECT] [Fatal Error] :1:1: Premature end of file.
2026-05-05 23:16:40,569 [ERROR] LogOutputStream:75 - [STDERR_REDIRECT] 
2026-05-05 23:16:41,568 [ERROR] LogOutputStream:75 - [STDERR_REDIRECT] [Fatal Error] :1:1: Premature end of file.
2026-05-05 23:16:41,569 [ERROR] LogOutputStream:75 - [STDERR_REDIRECT] 
2026-05-05 23:16:42,561 [ERROR] LogOutputStream:75 - [STDERR_REDIRECT] [Fatal Error] :1:1: Premature end of file.
2026-05-05 23:16:42,562 [ERROR] LogOutputStream:75 - [STDERR_REDIRECT] 
2026-05-05 23:16:43,565 [ERROR] LogOutputStream:75 - [STDERR_REDIRECT] [Fatal Error] :1:1: Premature end of file.
2026-05-05 23:16:43,565 [ERROR] LogOutputStream:75 - [STDERR_REDIRECT] 
2026-05-05 23:16:44,572 [ERROR] LogOutputStream:75 - [STDERR_REDIRECT] [Fatal Error] :1:1: Premature end of file.
2026-05-05 23:16:44,573 [ERROR] LogOutputStream:75 - [STDERR_REDIRECT] 
2026-05-05 23:16:45,537 [ERROR] LogOutputStream:75 - [STDERR_REDIRECT] [Fatal Error] :1:1: Premature end of file.
2026-05-05 23:16:45,537 [ERROR] LogOutputStream:75 - [STDERR_REDIRECT] 
2026-05-05 23:16:46,551 [ERROR] LogOutputStream:75 - [STDERR_REDIRECT] [Fatal Error] :1:1: Premature end of file.
2026-05-05 23:16:46,551 [ERROR] LogOutputStream:75 - [STDERR_REDIRECT] 
2026-05-05 23:16:47,545 [ERROR] LogOutputStream:75 - [STDERR_REDIRECT] [Fatal Error] :1:1: Premature end of file.
2026-05-05 23:16:47,545 [ERROR] LogOutputStream:75 - [STDERR_REDIRECT] 
2026-05-05 23:16:48,553 [ERROR] LogOutputStream:75 - [STDERR_REDIRECT] [Fatal Error] :1:1: Premature end of file.
2026-05-05 23:16:48,553 [ERROR] LogOutputStream:75 - [STDERR_REDIRECT] 
2026-05-05 23:16:49,531 [ERROR] LogOutputStream:75 - [STDERR_REDIRECT] [Fatal Error] :1:1: Premature end of file.
2026-05-05 23:16:49,531 [ERROR] LogOutputStream:75 - [STDERR_REDIRECT] 
2026-05-05 23:16:50,545 [ERROR] LogOutputStream:75 - [STDERR_REDIRECT] [Fatal Error] :1:1: Premature end of file.
2026-05-05 23:16:50,545 [ERROR] LogOutputStream:75 - [STDERR_REDIRECT] 
2026-05-05 23:16:51,540 [ERROR] LogOutputStream:75 - [STDERR_REDIRECT] [Fatal Error] :1:1: Premature end of file.
2026-05-05 23:16:51,540 [ERROR] LogOutputStream:75 - [STDERR_REDIRECT] 
2026-05-05 23:16:52,571 [ERROR] LogOutputStream:75 - [STDERR_REDIRECT] [Fatal Error] :1:1: Premature end of file.
2026-05-05 23:16:52,572 [ERROR] LogOutputStream:75 - [STDERR_REDIRECT] 
2026-05-05 23:16:53,531 [ERROR] LogOutputStream:75 - [STDERR_REDIRECT] [Fatal Error] :1:1: Premature end of file.
2026-05-05 23:16:53,531 [ERROR] LogOutputStream:75 - [STDERR_REDIRECT] 
2026-05-05 23:16:54,570 [ERROR] LogOutputStream:75 - [STDERR_REDIRECT] [Fatal Error] :1:1: Premature end of file.
2026-05-05 23:16:54,570 [ERROR] LogOutputStream:75 - [STDERR_REDIRECT] 
2026-05-05 23:16:55,560 [ERROR] LogOutputStream:75 - [STDERR_REDIRECT] [Fatal Error] :1:1: Premature end of file.
2026-05-05 23:16:55,561 [ERROR] LogOutputStream:75 - [STDERR_REDIRECT] 
2026-05-05 23:16:56,558 [ERROR] LogOutputStream:75 - [STDERR_REDIRECT] [Fatal Error] :1:1: Premature end of file.
2026-05-05 23:16:56,558 [ERROR] LogOutputStream:75 - [STDERR_REDIRECT] 
2026-05-05 23:16:57,577 [ERROR] LogOutputStream:75 - [STDERR_REDIRECT] [Fatal Error] :1:1: Premature end of file.
2026-05-05 23:16:57,577 [ERROR] LogOutputStream:75 - [STDERR_REDIRECT] 
2026-05-05 23:16:58,562 [ERROR] LogOutputStream:75 - [STDERR_REDIRECT] [Fatal Error] :1:1: Premature end of file.
2026-05-05 23:16:58,562 [ERROR] LogOutputStream:75 - [STDERR_REDIRECT] 
2026-05-05 23:16:59,583 [ERROR] LogOutputStream:75 - [STDERR_REDIRECT] [Fatal Error] :1:1: Premature end of file.
2026-05-05 23:16:59,584 [ERROR] LogOutputStream:75 - [STDERR_REDIRECT] 
2026-05-05 23:17:00,568 [ERROR] LogOutputStream:75 - [STDERR_REDIRECT] [Fatal Error] :1:1: Premature end of file.
2026-05-05 23:17:00,568 [ERROR] LogOutputStream:75 - [STDERR_REDIRECT] 
2026-05-05 23:17:01,569 [ERROR] LogOutputStream:75 - [STDERR_REDIRECT] [Fatal Error] :1:1: Premature end of file.
2026-05-05 23:17:01,569 [ERROR] LogOutputStream:75 - [STDERR_REDIRECT] 
2026-05-05 23:17:02,578 [ERROR] LogOutputStream:75 - [STDERR_REDIRECT] [Fatal Error] :1:1: Premature end of file.
2026-05-05 23:17:02,579 [ERROR] LogOutputStream:75 - [STDERR_REDIRECT] 
2026-05-05 23:17:03,570 [ERROR] LogOutputStream:75 - [STDERR_REDIRECT] [Fatal Error] :1:1: Premature end of file.
2026-05-05 23:17:03,571 [ERROR] LogOutputStream:75 - [STDERR_REDIRECT] 
2026-05-05 23:17:04,579 [ERROR] LogOutputStream:75 - [STDERR_REDIRECT] [Fatal Error] :1:1: Premature end of file.
2026-05-05 23:17:04,579 [ERROR] LogOutputStream:75 - [STDERR_REDIRECT] 
2026-05-05 23:17:05,557 [ERROR] LogOutputStream:75 - [STDERR_REDIRECT] [Fatal Error] :1:1: Premature end of file.
2026-05-05 23:17:05,558 [ERROR] LogOutputStream:75 - [STDERR_REDIRECT] 
2026-05-05 23:17:06,543 [ERROR] LogOutputStream:75 - [STDERR_REDIRECT] [Fatal Error] :1:1: Premature end of file.
2026-05-05 23:17:06,543 [ERROR] LogOutputStream:75 - [STDERR_REDIRECT] 
2026-05-05 23:17:07,526 [ERROR] LogOutputStream:75 - [STDERR_REDIRECT] [Fatal Error] :1:1: Premature end of file.
2026-05-05 23:17:07,527 [ERROR] LogOutputStream:75 - [STDERR_REDIRECT] 
2026-05-05 23:17:08,540 [ERROR] LogOutputStream:75 - [STDERR_REDIRECT] [Fatal Error] :1:1: Premature end of file.
2026-05-05 23:17:08,541 [ERROR] LogOutputStream:75 - [STDERR_REDIRECT] 
2026-05-05 23:17:09,543 [ERROR] LogOutputStream:75 - [STDERR_REDIRECT] [Fatal Error] :1:1: Premature end of file.
2026-05-05 23:17:09,543 [ERROR] LogOutputStream:75 - [STDERR_REDIRECT] 
2026-05-05 23:17:10,626 [ERROR] LogOutputStream:75 - [STDERR_REDIRECT] [Fatal Error] :1:1: Premature end of file.
2026-05-05 23:17:10,626 [ERROR] LogOutputStream:75 - [STDERR_REDIRECT] 
2026-05-05 23:17:11,537 [ERROR] LogOutputStream:75 - [STDERR_REDIRECT] [Fatal Error] :1:1: Premature end of file.
2026-05-05 23:17:11,539 [ERROR] LogOutputStream:75 - [STDERR_REDIRECT] 
2026-05-05 23:17:12,534 [ERROR] LogOutputStream:75 - [STDERR_REDIRECT] [Fatal Error] :1:1: Premature end of file.
2026-05-05 23:17:12,534 [ERROR] LogOutputStream:75 - [STDERR_REDIRECT] 
2026-05-05 23:17:13,529 [ERROR] LogOutputStream:75 - [STDERR_REDIRECT] [Fatal Error] :1:1: Premature end of file.
2026-05-05 23:17:13,530 [ERROR] LogOutputStream:75 - [STDERR_REDIRECT] 
2026-05-05 23:17:14,540 [ERROR] LogOutputStream:75 - [STDERR_REDIRECT] [Fatal Error] :1:1: Premature end of file.
2026-05-05 23:17:14,541 [ERROR] LogOutputStream:75 - [STDERR_REDIRECT] 
2026-05-05 23:17:15,540 [ERROR] LogOutputStream:75 - [STDERR_REDIRECT] [Fatal Error] :1:1: Premature end of file.
2026-05-05 23:17:15,541 [ERROR] LogOutputStream:75 - [STDERR_REDIRECT] 
2026-05-05 23:17:16,553 [ERROR] LogOutputStream:75 - [STDERR_REDIRECT] [Fatal Error] :1:1: Premature end of file.
2026-05-05 23:17:16,553 [ERROR] LogOutputStream:75 - [STDERR_REDIRECT] 
2026-05-05 23:17:17,530 [ERROR] LogOutputStream:75 - [STDERR_REDIRECT] [Fatal Error] :1:1: Premature end of file.
2026-05-05 23:17:17,530 [ERROR] LogOutputStream:75 - [STDERR_REDIRECT] 
2026-05-05 23:17:18,523 [ERROR] LogOutputStream:75 - [STDERR_REDIRECT] [Fatal Error] :1:1: Premature end of file.
2026-05-05 23:17:18,523 [ERROR] LogOutputStream:75 - [STDERR_REDIRECT] 
2026-05-05 23:17:19,541 [ERROR] LogOutputStream:75 - [STDERR_REDIRECT] [Fatal Error] :1:1: Premature end of file.
2026-05-05 23:17:19,541 [ERROR] LogOutputStream:75 - [STDERR_REDIRECT] 
2026-05-05 23:17:20,529 [ERROR] LogOutputStream:75 - [STDERR_REDIRECT] [Fatal Error] :1:1: Premature end of file.
2026-05-05 23:17:20,529 [ERROR] LogOutputStream:75 - [STDERR_REDIRECT] 
2026-05-05 23:17:21,534 [ERROR] LogOutputStream:75 - [STDERR_REDIRECT] [Fatal Error] :1:1: Premature end of file.
2026-05-05 23:17:21,534 [ERROR] LogOutputStream:75 - [STDERR_REDIRECT] 
2026-05-05 23:17:22,552 [ERROR] LogOutputStream:75 - [STDERR_REDIRECT] [Fatal Error] :1:1: Premature end of file.
2026-05-05 23:17:22,552 [ERROR] LogOutputStream:75 - [STDERR_REDIRECT] 
2026-05-05 23:17:23,561 [ERROR] LogOutputStream:75 - [STDERR_REDIRECT] [Fatal Error] :1:1: Premature end of file.
2026-05-05 23:17:23,561 [ERROR] LogOutputStream:75 - [STDERR_REDIRECT] 
2026-05-05 23:17:24,547 [ERROR] LogOutputStream:75 - [STDERR_REDIRECT] [Fatal Error] :1:1: Premature end of file.
2026-05-05 23:17:24,548 [ERROR] LogOutputStream:75 - [STDERR_REDIRECT] 
2026-05-05 23:17:25,544 [ERROR] LogOutputStream:75 - [STDERR_REDIRECT] [Fatal Error] :1:1: Premature end of file.
2026-05-05 23:17:25,544 [ERROR] LogOutputStream:75 - [STDERR_REDIRECT] 
2026-05-05 23:17:26,550 [ERROR] LogOutputStream:75 - [STDERR_REDIRECT] [Fatal Error] :1:1: Premature end of file.
2026-05-05 23:17:26,550 [ERROR] LogOutputStream:75 - [STDERR_REDIRECT] 
2026-05-05 23:17:27,535 [ERROR] LogOutputStream:75 - [STDERR_REDIRECT] [Fatal Error] :1:1: Premature end of file.
2026-05-05 23:17:27,535 [ERROR] LogOutputStream:75 - [STDERR_REDIRECT] 
2026-05-05 23:17:28,541 [ERROR] LogOutputStream:75 - [STDERR_REDIRECT] [Fatal Error] :1:1: Premature end of file.
2026-05-05 23:17:28,541 [ERROR] LogOutputStream:75 - [STDERR_REDIRECT] 
2026-05-05 23:17:29,545 [ERROR] LogOutputStream:75 - [STDERR_REDIRECT] [Fatal Error] :1:1: Premature end of file.
2026-05-05 23:17:29,546 [ERROR] LogOutputStream:75 - [STDERR_REDIRECT] 
2026-05-05 23:17:30,557 [ERROR] LogOutputStream:75 - [STDERR_REDIRECT] [Fatal Error] :1:1: Premature end of file.
2026-05-05 23:17:30,557 [ERROR] LogOutputStream:75 - [STDERR_REDIRECT] 
2026-05-05 23:17:31,537 [ERROR] LogOutputStream:75 - [STDERR_REDIRECT] [Fatal Error] :1:1: Premature end of file.
2026-05-05 23:17:31,537 [ERROR] LogOutputStream:75 - [STDERR_REDIRECT] 
2026-05-05 23:17:32,537 [ERROR] LogOutputStream:75 - [STDERR_REDIRECT] [Fatal Error] :1:1: Premature end of file.
2026-05-05 23:17:32,537 [ERROR] LogOutputStream:75 - [STDERR_REDIRECT] 
2026-05-05 23:17:33,543 [ERROR] LogOutputStream:75 - [STDERR_REDIRECT] [Fatal Error] :1:1: Premature end of file.
2026-05-05 23:17:33,543 [ERROR] LogOutputStream:75 - [STDERR_REDIRECT] 
2026-05-05 23:17:34,538 [ERROR] LogOutputStream:75 - [STDERR_REDIRECT] [Fatal Error] :1:1: Premature end of file.
2026-05-05 23:17:34,538 [ERROR] LogOutputStream:75 - [STDERR_REDIRECT] 
2026-05-05 23:17:35,548 [ERROR] LogOutputStream:75 - [STDERR_REDIRECT] [Fatal Error] :1:1: Premature end of file.
2026-05-05 23:17:35,548 [ERROR] LogOutputStream:75 - [STDERR_REDIRECT] 
2026-05-05 23:17:36,544 [ERROR] LogOutputStream:75 - [STDERR_REDIRECT] [Fatal Error] :1:1: Premature end of file.
2026-05-05 23:17:36,544 [ERROR] LogOutputStream:75 - [STDERR_REDIRECT] 
2026-05-05 23:17:37,536 [ERROR] LogOutputStream:75 - [STDERR_REDIRECT] [Fatal Error] :1:1: Premature end of file.
2026-05-05 23:17:37,537 [ERROR] LogOutputStream:75 - [STDERR_REDIRECT] 
2026-05-05 23:17:38,539 [ERROR] LogOutputStream:75 - [STDERR_REDIRECT] [Fatal Error] :1:1: Premature end of file.
2026-05-05 23:17:38,539 [ERROR] LogOutputStream:75 - [STDERR_REDIRECT] 
2026-05-05 23:17:39,538 [ERROR] LogOutputStream:75 - [STDERR_REDIRECT] [Fatal Error] :1:1: Premature end of file.
2026-05-05 23:17:39,538 [ERROR] LogOutputStream:75 - [STDERR_REDIRECT] 
2026-05-05 23:17:40,545 [ERROR] LogOutputStream:75 - [STDERR_REDIRECT] [Fatal Error] :1:1: Premature end of file.
2026-05-05 23:17:40,546 [ERROR] LogOutputStream:75 - [STDERR_REDIRECT] 
2026-05-05 23:17:41,560 [ERROR] LogOutputStream:75 - [STDERR_REDIRECT] [Fatal Error] :1:1: Premature end of file.
2026-05-05 23:17:41,561 [ERROR] LogOutputStream:75 - [STDERR_REDIRECT] 
2026-05-05 23:17:42,569 [ERROR] LogOutputStream:75 - [STDERR_REDIRECT] [Fatal Error] :1:1: Premature end of file.
2026-05-05 23:17:42,570 [ERROR] LogOutputStream:75 - [STDERR_REDIRECT] 
2026-05-05 23:17:43,556 [ERROR] LogOutputStream:75 - [STDERR_REDIRECT] [Fatal Error] :1:1: Premature end of file.
2026-05-05 23:17:43,557 [ERROR] LogOutputStream:75 - [STDERR_REDIRECT] 
2026-05-05 23:17:44,537 [ERROR] LogOutputStream:75 - [STDERR_REDIRECT] [Fatal Error] :1:1: Premature end of file.
2026-05-05 23:17:44,537 [ERROR] LogOutputStream:75 - [STDERR_REDIRECT] 
2026-05-05 23:17:45,568 [ERROR] LogOutputStream:75 - [STDERR_REDIRECT] [Fatal Error] :1:1: Premature end of file.
2026-05-05 23:17:45,569 [ERROR] LogOutputStream:75 - [STDERR_REDIRECT] 
2026-05-05 23:17:46,557 [ERROR] LogOutputStream:75 - [STDERR_REDIRECT] [Fatal Error] :1:1: Premature end of file.
2026-05-05 23:17:46,558 [ERROR] LogOutputStream:75 - [STDERR_REDIRECT] 
2026-05-05 23:17:47,548 [ERROR] LogOutputStream:75 - [STDERR_REDIRECT] [Fatal Error] :1:1: Premature end of file.
2026-05-05 23:17:47,548 [ERROR] LogOutputStream:75 - [STDERR_REDIRECT] 
2026-05-05 23:17:48,572 [ERROR] LogOutputStream:75 - [STDERR_REDIRECT] [Fatal Error] :1:1: Premature end of file.
2026-05-05 23:17:48,572 [ERROR] LogOutputStream:75 - [STDERR_REDIRECT] 
2026-05-05 23:17:49,554 [ERROR] LogOutputStream:75 - [STDERR_REDIRECT] [Fatal Error] :1:1: Premature end of file.
2026-05-05 23:17:49,555 [ERROR] LogOutputStream:75 - [STDERR_REDIRECT] 
2026-05-05 23:17:50,560 [ERROR] LogOutputStream:75 - [STDERR_REDIRECT] [Fatal Error] :1:1: Premature end of file.
2026-05-05 23:17:50,561 [ERROR] LogOutputStream:75 - [STDERR_REDIRECT] 
2026-05-05 23:17:51,555 [ERROR] LogOutputStream:75 - [STDERR_REDIRECT] [Fatal Error] :1:1: Premature end of file.
2026-05-05 23:17:51,556 [ERROR] LogOutputStream:75 - [STDERR_REDIRECT] 
2026-05-05 23:17:52,553 [ERROR] LogOutputStream:75 - [STDERR_REDIRECT] [Fatal Error] :1:1: Premature end of file.
2026-05-05 23:17:52,553 [ERROR] LogOutputStream:75 - [STDERR_REDIRECT] 
2026-05-05 23:17:53,563 [ERROR] LogOutputStream:75 - [STDERR_REDIRECT] [Fatal Error] :1:1: Premature end of file.
2026-05-05 23:17:53,564 [ERROR] LogOutputStream:75 - [STDERR_REDIRECT] 
2026-05-05 23:17:54,561 [ERROR] LogOutputStream:75 - [STDERR_REDIRECT] [Fatal Error] :1:1: Premature end of file.
2026-05-05 23:17:54,562 [ERROR] LogOutputStream:75 - [STDERR_REDIRECT] 
2026-05-05 23:17:55,555 [ERROR] LogOutputStream:75 - [STDERR_REDIRECT] [Fatal Error] :1:1: Premature end of file.
2026-05-05 23:17:55,556 [ERROR] LogOutputStream:75 - [STDERR_REDIRECT] 
2026-05-05 23:17:56,564 [ERROR] LogOutputStream:75 - [STDERR_REDIRECT] [Fatal Error] :1:1: Premature end of file.
2026-05-05 23:17:56,565 [ERROR] LogOutputStream:75 - [STDERR_REDIRECT] 
2026-05-05 23:17:57,566 [ERROR] LogOutputStream:75 - [STDERR_REDIRECT] [Fatal Error] :1:1: Premature end of file.
2026-05-05 23:17:57,566 [ERROR] LogOutputStream:75 - [STDERR_REDIRECT] 
2026-05-05 23:17:58,557 [ERROR] LogOutputStream:75 - [STDERR_REDIRECT] [Fatal Error] :1:1: Premature end of file.
2026-05-05 23:17:58,558 [ERROR] LogOutputStream:75 - [STDERR_REDIRECT] 
2026-05-05 23:17:59,561 [ERROR] LogOutputStream:75 - [STDERR_REDIRECT] [Fatal Error] :1:1: Premature end of file.
2026-05-05 23:17:59,561 [ERROR] LogOutputStream:75 - [STDERR_REDIRECT] 
2026-05-05 23:18:00,553 [ERROR] LogOutputStream:75 - [STDERR_REDIRECT] [Fatal Error] :1:1: Premature end of file.
2026-05-05 23:18:00,553 [ERROR] LogOutputStream:75 - [STDERR_REDIRECT] 
2026-05-05 23:18:01,550 [ERROR] LogOutputStream:75 - [STDERR_REDIRECT] [Fatal Error] :1:1: Premature end of file.
2026-05-05 23:18:01,551 [ERROR] LogOutputStream:75 - [STDERR_REDIRECT] 
2026-05-05 23:18:02,556 [ERROR] LogOutputStream:75 - [STDERR_REDIRECT] [Fatal Error] :1:1: Premature end of file.
2026-05-05 23:18:02,556 [ERROR] LogOutputStream:75 - [STDERR_REDIRECT] 
2026-05-05 23:18:03,568 [ERROR] LogOutputStream:75 - [STDERR_REDIRECT] [Fatal Error] :1:1: Premature end of file.
2026-05-05 23:18:03,568 [ERROR] LogOutputStream:75 - [STDERR_REDIRECT] 
2026-05-05 23:18:04,556 [ERROR] LogOutputStream:75 - [STDERR_REDIRECT] [Fatal Error] :1:1: Premature end of file.
2026-05-05 23:18:04,557 [ERROR] LogOutputStream:75 - [STDERR_REDIRECT] 
2026-05-05 23:18:05,556 [ERROR] LogOutputStream:75 - [STDERR_REDIRECT] [Fatal Error] :1:1: Premature end of file.
2026-05-05 23:18:05,556 [ERROR] LogOutputStream:75 - [STDERR_REDIRECT] 
2026-05-05 23:18:06,560 [ERROR] LogOutputStream:75 - [STDERR_REDIRECT] [Fatal Error] :1:1: Premature end of file.
2026-05-05 23:18:06,561 [ERROR] LogOutputStream:75 - [STDERR_REDIRECT] 
2026-05-05 23:18:07,555 [ERROR] LogOutputStream:75 - [STDERR_REDIRECT] [Fatal Error] :1:1: Premature end of file.
2026-05-05 23:18:07,555 [ERROR] LogOutputStream:75 - [STDERR_REDIRECT] 
2026-05-05 23:18:08,555 [ERROR] LogOutputStream:75 - [STDERR_REDIRECT] [Fatal Error] :1:1: Premature end of file.
2026-05-05 23:18:08,555 [ERROR] LogOutputStream:75 - [STDERR_REDIRECT] 
2026-05-05 23:18:09,565 [ERROR] LogOutputStream:75 - [STDERR_REDIRECT] [Fatal Error] :1:1: Premature end of file.
2026-05-05 23:18:09,565 [ERROR] LogOutputStream:75 - [STDERR_REDIRECT] 
2026-05-05 23:18:10,555 [ERROR] LogOutputStream:75 - [STDERR_REDIRECT] [Fatal Error] :1:1: Premature end of file.
2026-05-05 23:18:10,556 [ERROR] LogOutputStream:75 - [STDERR_REDIRECT] 
2026-05-05 23:18:11,531 [ERROR] LogOutputStream:75 - [STDERR_REDIRECT] [Fatal Error] :1:1: Premature end of file.
2026-05-05 23:18:11,532 [ERROR] LogOutputStream:75 - [STDERR_REDIRECT] 
2026-05-05 23:18:12,521 [ERROR] LogOutputStream:75 - [STDERR_REDIRECT] [Fatal Error] :1:1: Premature end of file.
2026-05-05 23:18:12,521 [ERROR] LogOutputStream:75 - [STDERR_REDIRECT] 
2026-05-05 23:18:13,556 [ERROR] LogOutputStream:75 - [STDERR_REDIRECT] [Fatal Error] :1:1: Premature end of file.
2026-05-05 23:18:13,557 [ERROR] LogOutputStream:75 - [STDERR_REDIRECT] 
2026-05-05 23:18:14,534 [ERROR] LogOutputStream:75 - [STDERR_REDIRECT] [Fatal Error] :1:1: Premature end of file.
2026-05-05 23:18:14,534 [ERROR] LogOutputStream:75 - [STDERR_REDIRECT] 
2026-05-05 23:18:15,544 [ERROR] LogOutputStream:75 - [STDERR_REDIRECT] [Fatal Error] :1:1: Premature end of file.
2026-05-05 23:18:15,544 [ERROR] LogOutputStream:75 - [STDERR_REDIRECT] 
2026-05-05 23:18:16,540 [ERROR] LogOutputStream:75 - [STDERR_REDIRECT] [Fatal Error] :1:1: Premature end of file.
2026-05-05 23:18:16,540 [ERROR] LogOutputStream:75 - [STDERR_REDIRECT] 
2026-05-05 23:18:17,531 [ERROR] LogOutputStream:75 - [STDERR_REDIRECT] [Fatal Error] :1:1: Premature end of file.
2026-05-05 23:18:17,531 [ERROR] LogOutputStream:75 - [STDERR_REDIRECT] 
2026-05-05 23:18:18,546 [ERROR] LogOutputStream:75 - [STDERR_REDIRECT] [Fatal Error] :1:1: Premature end of file.
2026-05-05 23:18:18,546 [ERROR] LogOutputStream:75 - [STDERR_REDIRECT] 
2026-05-05 23:18:19,538 [ERROR] LogOutputStream:75 - [STDERR_REDIRECT] [Fatal Error] :1:1: Premature end of file.
2026-05-05 23:18:19,538 [ERROR] LogOutputStream:75 - [STDERR_REDIRECT] 
2026-05-05 23:18:20,617 [ERROR] LogOutputStream:75 - [STDERR_REDIRECT] [Fatal Error] :1:1: Premature end of file.
2026-05-05 23:18:20,617 [ERROR] LogOutputStream:75 - [STDERR_REDIRECT] 
2026-05-05 23:18:21,555 [ERROR] LogOutputStream:75 - [STDERR_REDIRECT] [Fatal Error] :1:1: Premature end of file.
2026-05-05 23:18:21,555 [ERROR] LogOutputStream:75 - [STDERR_REDIRECT] 
2026-05-05 23:18:22,552 [ERROR] LogOutputStream:75 - [STDERR_REDIRECT] [Fatal Error] :1:1: Premature end of file.
2026-05-05 23:18:22,552 [ERROR] LogOutputStream:75 - [STDERR_REDIRECT] 
2026-05-05 23:18:23,559 [ERROR] LogOutputStream:75 - [STDERR_REDIRECT] [Fatal Error] :1:1: Premature end of file.
2026-05-05 23:18:23,559 [ERROR] LogOutputStream:75 - [STDERR_REDIRECT] 
2026-05-05 23:18:24,544 [ERROR] LogOutputStream:75 - [STDERR_REDIRECT] [Fatal Error] :1:1: Premature end of file.
2026-05-05 23:18:24,544 [ERROR] LogOutputStream:75 - [STDERR_REDIRECT] 
2026-05-05 23:18:25,546 [ERROR] LogOutputStream:75 - [STDERR_REDIRECT] [Fatal Error] :1:1: Premature end of file.
2026-05-05 23:18:25,546 [ERROR] LogOutputStream:75 - [STDERR_REDIRECT] 
2026-05-05 23:18:26,547 [ERROR] LogOutputStream:75 - [STDERR_REDIRECT] [Fatal Error] :1:1: Premature end of file.
2026-05-05 23:18:26,547 [ERROR] LogOutputStream:75 - [STDERR_REDIRECT] 
2026-05-05 23:18:27,564 [ERROR] LogOutputStream:75 - [STDERR_REDIRECT] [Fatal Error] :1:1: Premature end of file.
2026-05-05 23:18:27,564 [ERROR] LogOutputStream:75 - [STDERR_REDIRECT] 
2026-05-05 23:18:28,555 [ERROR] LogOutputStream:75 - [STDERR_REDIRECT] [Fatal Error] :1:1: Premature end of file.
2026-05-05 23:18:28,555 [ERROR] LogOutputStream:75 - [STDERR_REDIRECT] 
2026-05-05 23:18:29,561 [ERROR] LogOutputStream:75 - [STDERR_REDIRECT] [Fatal Error] :1:1: Premature end of file.
2026-05-05 23:18:29,561 [ERROR] LogOutputStream:75 - [STDERR_REDIRECT] 
2026-05-05 23:18:30,559 [ERROR] LogOutputStream:75 - [STDERR_REDIRECT] [Fatal Error] :1:1: Premature end of file.
2026-05-05 23:18:30,559 [ERROR] LogOutputStream:75 - [STDERR_REDIRECT] 
2026-05-05 23:18:31,550 [ERROR] LogOutputStream:75 - [STDERR_REDIRECT] [Fatal Error] :1:1: Premature end of file.
2026-05-05 23:18:31,550 [ERROR] LogOutputStream:75 - [STDERR_REDIRECT] 
2026-05-05 23:18:32,557 [ERROR] LogOutputStream:75 - [STDERR_REDIRECT] [Fatal Error] :1:1: Premature end of file.
2026-05-05 23:18:32,557 [ERROR] LogOutputStream:75 - [STDERR_REDIRECT] 
2026-05-05 23:18:33,550 [ERROR] LogOutputStream:75 - [STDERR_REDIRECT] [Fatal Error] :1:1: Premature end of file.
2026-05-05 23:18:33,551 [ERROR] LogOutputStream:75 - [STDERR_REDIRECT] 
2026-05-05 23:18:34,556 [ERROR] LogOutputStream:75 - [STDERR_REDIRECT] [Fatal Error] :1:1: Premature end of file.
2026-05-05 23:18:34,557 [ERROR] LogOutputStream:75 - [STDERR_REDIRECT] 
2026-05-05 23:18:35,556 [ERROR] LogOutputStream:75 - [STDERR_REDIRECT] [Fatal Error] :1:1: Premature end of file.
2026-05-05 23:18:35,556 [ERROR] LogOutputStream:75 - [STDERR_REDIRECT] 
2026-05-05 23:18:36,557 [ERROR] LogOutputStream:75 - [STDERR_REDIRECT] [Fatal Error] :1:1: Premature end of file.
2026-05-05 23:18:36,557 [ERROR] LogOutputStream:75 - [STDERR_REDIRECT] 
2026-05-05 23:18:37,555 [ERROR] LogOutputStream:75 - [STDERR_REDIRECT] [Fatal Error] :1:1: Premature end of file.
2026-05-05 23:18:37,555 [ERROR] LogOutputStream:75 - [STDERR_REDIRECT] 
2026-05-05 23:18:38,556 [ERROR] LogOutputStream:75 - [STDERR_REDIRECT] [Fatal Error] :1:1: Premature end of file.
2026-05-05 23:18:38,556 [ERROR] LogOutputStream:75 - [STDERR_REDIRECT] 
2026-05-05 23:18:39,554 [ERROR] LogOutputStream:75 - [STDERR_REDIRECT] [Fatal Error] :1:1: Premature end of file.
2026-05-05 23:18:39,554 [ERROR] LogOutputStream:75 - [STDERR_REDIRECT] 
2026-05-05 23:18:40,551 [ERROR] LogOutputStream:75 - [STDERR_REDIRECT] [Fatal Error] :1:1: Premature end of file.
2026-05-05 23:18:40,552 [ERROR] LogOutputStream:75 - [STDERR_REDIRECT] 
2026-05-05 23:18:41,565 [ERROR] LogOutputStream:75 - [STDERR_REDIRECT] [Fatal Error] :1:1: Premature end of file.
2026-05-05 23:18:41,565 [ERROR] LogOutputStream:75 - [STDERR_REDIRECT] 
2026-05-05 23:18:42,556 [ERROR] LogOutputStream:75 - [STDERR_REDIRECT] [Fatal Error] :1:1: Premature end of file.
2026-05-05 23:18:42,557 [ERROR] LogOutputStream:75 - [STDERR_REDIRECT] 
2026-05-05 23:18:43,555 [ERROR] LogOutputStream:75 - [STDERR_REDIRECT] [Fatal Error] :1:1: Premature end of file.
2026-05-05 23:18:43,555 [ERROR] LogOutputStream:75 - [STDERR_REDIRECT] 
2026-05-05 23:18:44,551 [ERROR] LogOutputStream:75 - [STDERR_REDIRECT] [Fatal Error] :1:1: Premature end of file.
2026-05-05 23:18:44,552 [ERROR] LogOutputStream:75 - [STDERR_REDIRECT] 
2026-05-05 23:18:45,543 [ERROR] LogOutputStream:75 - [STDERR_REDIRECT] [Fatal Error] :1:1: Premature end of file.
2026-05-05 23:18:45,543 [ERROR] LogOutputStream:75 - [STDERR_REDIRECT] 
2026-05-05 23:18:46,536 [ERROR] LogOutputStream:75 - [STDERR_REDIRECT] [Fatal Error] :1:1: Premature end of file.
2026-05-05 23:18:46,537 [ERROR] LogOutputStream:75 - [STDERR_REDIRECT] 
2026-05-05 23:18:47,542 [ERROR] LogOutputStream:75 - [STDERR_REDIRECT] [Fatal Error] :1:1: Premature end of file.
2026-05-05 23:18:47,542 [ERROR] LogOutputStream:75 - [STDERR_REDIRECT] 
2026-05-05 23:18:48,581 [ERROR] LogOutputStream:75 - [STDERR_REDIRECT] [Fatal Error] :1:1: Premature end of file.
2026-05-05 23:18:48,582 [ERROR] LogOutputStream:75 - [STDERR_REDIRECT] 
2026-05-05 23:18:49,566 [ERROR] LogOutputStream:75 - [STDERR_REDIRECT] [Fatal Error] :1:1: Premature end of file.
2026-05-05 23:18:49,567 [ERROR] LogOutputStream:75 - [STDERR_REDIRECT] 
2026-05-05 23:18:50,606 [ERROR] LogOutputStream:75 - [STDERR_REDIRECT] [Fatal Error] :1:1: Premature end of file.
2026-05-05 23:18:50,606 [ERROR] LogOutputStream:75 - [STDERR_REDIRECT] 
2026-05-05 23:18:51,617 [ERROR] LogOutputStream:75 - [STDERR_REDIRECT] [Fatal Error] :1:1: Premature end of file.
2026-05-05 23:18:51,617 [ERROR] LogOutputStream:75 - [STDERR_REDIRECT] 
2026-05-05 23:18:52,537 [ERROR] LogOutputStream:75 - [STDERR_REDIRECT] [Fatal Error] :1:1: Premature end of file.
2026-05-05 23:18:52,537 [ERROR] LogOutputStream:75 - [STDERR_REDIRECT] 
2026-05-05 23:18:53,410 [ERROR] LogOutputStream:75 - [STDERR_REDIRECT] 
2026-05-05 23:18:53,417 [ERROR] LogOutputStream:75 - [STDERR_REDIRECT] 
