2026-04-09 20:46:30,285 [INFO] Activator:176 - 


2026-04-09 20:46:30,294 [INFO] Activator:177 - !SESSION log4j initialized
2026-04-09 20:46:46,108 [INFO] LogOutputStream:77 - [STDOUT_REDIRECT] 
2026-04-09 20:46:47,880 [INFO] ApplicationProperties:184 - Using Application install path: C:\ST\STM32CubeIDE_1.19.0\STM32CubeIDE\plugins\com.st.stm32cube.common.mx_6.15.0.202507011659
2026-04-09 20:46:47,898 [INFO] DbMcusXml:78 - Set database path to: C:\ST\STM32CubeIDE_1.19.0\STM32CubeIDE\plugins\com.st.stm32cube.common.mx_6.15.0.202507011659\\db\/mcu/
2026-04-09 20:46:47,898 [INFO] ApiDb:274 - Set plugin database path to: C:\ST\STM32CubeIDE_1.19.0\STM32CubeIDE\plugins\com.st.stm32cube.common.mx_6.15.0.202507011659\\db\/plugins/boardmanager/
2026-04-09 20:46:47,898 [WARN] ApiDb:259 - Overriding images path with different value:  => C:\ST\STM32CubeIDE_1.19.0\STM32CubeIDE\plugins\com.st.stm32cube.common.mx_6.15.0.202507011659\\db\/plugins/mcufinder/images/
2026-04-09 20:46:47,913 [INFO] ApiDb:250 - Set database path to: C:\Users\Mujaid\.stmcufinder\plugins\mcufinder//mcu/
2026-04-09 20:46:47,915 [INFO] DbMcusAds:125 - Set database path to: C:\Users\Mujaid\.stmcufinder\plugins\mcufinder//mcu/
2026-04-09 20:46:47,917 [INFO] CrossReferenceDbSqlite:203 - Set database path to: C:\Users\Mujaid\.stmcufinder\plugins\mcufinder//mcu/cs/
2026-04-09 20:46:48,042 [INFO] RulesReader:64 - Compatibility file has been processed (317 Rules)
2026-04-09 20:46:48,130 [INFO] DbMcusXml:78 - Set database path to: C:\ST\STM32CubeIDE_1.19.0\STM32CubeIDE\plugins\com.st.stm32cube.common.mx_6.15.0.202507011659\\db\/mcu/
2026-04-09 20:46:48,130 [INFO] ApiDb:274 - Set plugin database path to: C:\ST\STM32CubeIDE_1.19.0\STM32CubeIDE\plugins\com.st.stm32cube.common.mx_6.15.0.202507011659\\db\/plugins/boardmanager/
2026-04-09 20:46:48,130 [INFO] ApiDb:261 - Set plugin images path to: C:\ST\STM32CubeIDE_1.19.0\STM32CubeIDE\plugins\com.st.stm32cube.common.mx_6.15.0.202507011659\\db\/plugins/mcufinder/images/
2026-04-09 20:46:48,130 [WARN] DbFile:41 - Overriding database path with different value: C:\Users\Mujaid\.stmcufinder\plugins\mcufinder/ => C:\Users\Mujaid\.stmcufinder\plugins\mcufinder
2026-04-09 20:46:48,131 [INFO] ApiDb:250 - Set database path to: C:\Users\Mujaid\.stmcufinder\plugins\mcufinder//mcu/
2026-04-09 20:46:48,131 [WARN] DbFile:41 - Overriding database path with different value: C:\Users\Mujaid\.stmcufinder\plugins\mcufinder/ => C:\Users\Mujaid\.stmcufinder\plugins\mcufinder
2026-04-09 20:46:48,131 [INFO] DbMcusAds:125 - Set database path to: C:\Users\Mujaid\.stmcufinder\plugins\mcufinder//mcu/
2026-04-09 20:46:48,131 [WARN] DbFile:41 - Overriding database path with different value: C:\Users\Mujaid\.stmcufinder\plugins\mcufinder/ => C:\Users\Mujaid\.stmcufinder\plugins\mcufinder
2026-04-09 20:46:48,131 [WARN] DbFile:41 - Overriding database path with different value: C:\Users\Mujaid\.stmcufinder\plugins\mcufinder/ => C:\Users\Mujaid\.stmcufinder\plugins\mcufinder
2026-04-09 20:46:48,131 [INFO] CrossReferenceDbSqlite:203 - Set database path to: C:\Users\Mujaid\.stmcufinder\plugins\mcufinder//mcu/cs/
2026-04-09 20:46:48,211 [INFO] MainPanel:274 - HeapMemory: 268435456
2026-04-09 20:46:48,323 [INFO] DbMcusXml:78 - Set database path to: C:\ST\STM32CubeIDE_1.19.0\STM32CubeIDE\plugins\com.st.stm32cube.common.mx_6.15.0.202507011659\\db\/mcu/
2026-04-09 20:46:48,323 [INFO] ApiDb:274 - Set plugin database path to: C:\ST\STM32CubeIDE_1.19.0\STM32CubeIDE\plugins\com.st.stm32cube.common.mx_6.15.0.202507011659\\db\/plugins/boardmanager/
2026-04-09 20:46:48,323 [INFO] ApiDb:261 - Set plugin images path to: C:\ST\STM32CubeIDE_1.19.0\STM32CubeIDE\plugins\com.st.stm32cube.common.mx_6.15.0.202507011659\\db\/plugins/mcufinder/images/
2026-04-09 20:46:48,323 [WARN] DbFile:41 - Overriding database path with different value: C:\Users\Mujaid\.stmcufinder\plugins\mcufinder/ => C:\Users\Mujaid\.stmcufinder\plugins\mcufinder
2026-04-09 20:46:48,323 [INFO] ApiDb:250 - Set database path to: C:\Users\Mujaid\.stmcufinder\plugins\mcufinder//mcu/
2026-04-09 20:46:48,324 [WARN] DbFile:41 - Overriding database path with different value: C:\Users\Mujaid\.stmcufinder\plugins\mcufinder/ => C:\Users\Mujaid\.stmcufinder\plugins\mcufinder
2026-04-09 20:46:48,324 [INFO] DbMcusAds:125 - Set database path to: C:\Users\Mujaid\.stmcufinder\plugins\mcufinder//mcu/
2026-04-09 20:46:48,324 [WARN] DbFile:41 - Overriding database path with different value: C:\Users\Mujaid\.stmcufinder\plugins\mcufinder/ => C:\Users\Mujaid\.stmcufinder\plugins\mcufinder
2026-04-09 20:46:48,324 [WARN] DbFile:41 - Overriding database path with different value: C:\Users\Mujaid\.stmcufinder\plugins\mcufinder/ => C:\Users\Mujaid\.stmcufinder\plugins\mcufinder
2026-04-09 20:46:48,324 [INFO] CrossReferenceDbSqlite:203 - Set database path to: C:\Users\Mujaid\.stmcufinder\plugins\mcufinder//mcu/cs/
2026-04-09 20:46:48,355 [INFO] ApplicationProperties:184 - Using Application install path: C:\ST\STM32CubeIDE_1.19.0\STM32CubeIDE\plugins\com.st.stm32cube.common.mx_6.15.0.202507011659
2026-04-09 20:46:48,357 [INFO] PluginManage:196 - Search for loadable plugins [exclusion list=, ]
2026-04-09 20:46:48,359 [INFO] PluginManage:310 - Check plugin analytics
2026-04-09 20:46:48,600 [INFO] AnalyticsPlugin:253 - Accepted Software Licenses: 
2026-04-09 20:46:48,600 [INFO] AnalyticsPlugin:255 - Accepted CMSIS Pack Licenses: 
2026-04-09 20:46:48,600 [INFO] AnalyticsPlugin:257 - Accepted Firmware Licenses: 
2026-04-09 20:46:48,604 [INFO] PluginManage:359 - Loaded plugin analytics (category:tool,tabindex:-1)
2026-04-09 20:46:48,604 [INFO] PluginManage:310 - Check plugin cadmodel
2026-04-09 20:46:48,610 [INFO] CADModel:105 - Init CAD model plugin
2026-04-09 20:46:48,610 [INFO] PluginManage:359 - Loaded plugin cadmodel (category:power,tabindex:5)
2026-04-09 20:46:48,610 [INFO] PluginManage:310 - Check plugin clock
2026-04-09 20:46:48,620 [INFO] PluginManage:359 - Loaded plugin clock (category:base,tabindex:2)
2026-04-09 20:46:48,620 [INFO] PluginManage:310 - Check plugin ddr
2026-04-09 20:46:48,623 [INFO] PluginManage:359 - Loaded plugin ddr (category:tool,tabindex:6)
2026-04-09 20:46:48,623 [INFO] PluginManage:310 - Check plugin filemanager
2026-04-09 20:46:48,775 [INFO] PluginManage:359 - Loaded plugin filemanager (category:base,tabindex:10)
2026-04-09 20:46:48,775 [INFO] PluginManage:310 - Check plugin ipmanager
2026-04-09 20:46:48,781 [INFO] PluginManage:359 - Loaded plugin ipmanager (category:base,tabindex:5)
2026-04-09 20:46:48,782 [INFO] PluginManage:310 - Check plugin lpbam
2026-04-09 20:46:48,790 [INFO] PluginManage:359 - Loaded plugin lpbam (category:base,tabindex:0)
2026-04-09 20:46:48,790 [INFO] PluginManage:310 - Check plugin memorymap
2026-04-09 20:46:48,807 [INFO] PluginManage:359 - Loaded plugin memorymap (category:base,tabindex:4)
2026-04-09 20:46:48,808 [INFO] PluginManage:310 - Check plugin pinoutandconfiguration
2026-04-09 20:46:48,818 [INFO] PluginManage:359 - Loaded plugin pinoutandconfiguration (category:base,tabindex:1)
2026-04-09 20:46:48,818 [INFO] PluginManage:310 - Check plugin pinoutconfig
2026-04-09 20:46:48,921 [WARN] SupportedApi:132 - Cannot load RTOS API schema: s4s-elt-must-match.1: The content of 'definitions' must match (annotation?, (simpleType | complexType)?, (unique | key | keyref)*)). A problem was found starting at: attribute.
2026-04-09 20:46:49,069 [INFO] PluginManage:359 - Loaded plugin pinoutconfig (category:base,tabindex:0)
2026-04-09 20:46:49,069 [INFO] PluginManage:310 - Check plugin power
2026-04-09 20:46:49,079 [INFO] PluginManage:359 - Loaded plugin power (category:power,tabindex:4)
2026-04-09 20:46:49,079 [INFO] PluginManage:310 - Check plugin projectmanager
2026-04-09 20:46:49,096 [INFO] PluginManage:359 - Loaded plugin projectmanager (category:projectmanager,tabindex:4)
2026-04-09 20:46:49,096 [INFO] PluginManage:310 - Check plugin rif
2026-04-09 20:46:49,105 [INFO] PluginManage:359 - Loaded plugin rif (category:base,tabindex:3)
2026-04-09 20:46:49,105 [INFO] PluginManage:310 - Check plugin thirdparty
2026-04-09 20:46:49,253 [INFO] PluginManage:359 - Loaded plugin thirdparty (category:base,tabindex:-1)
2026-04-09 20:46:49,253 [WARN] IntegrityCheckThread:84 - waiting for thirdparty lock release [integrity check]
2026-04-09 20:46:49,253 [INFO] PluginManage:310 - Check plugin tools
2026-04-09 20:46:49,253 [INFO] IntegrityCheckThread:86 - entering critical section [integrity check]
2026-04-09 20:46:49,254 [INFO] ThirdPartyUpdaterWithRetryManager:70 - Updater plugin not ready yet. [1/15]
2026-04-09 20:46:49,255 [INFO] PluginManage:359 - Loaded plugin tools (category:base,tabindex:7)
2026-04-09 20:46:49,256 [INFO] PluginManage:310 - Check plugin tutovideos
2026-04-09 20:46:49,504 [INFO] PluginManage:359 - Loaded plugin tutovideos (category:base,tabindex:-1)
2026-04-09 20:46:49,504 [INFO] PluginManage:310 - Check plugin updater
2026-04-09 20:46:49,531 [INFO] PluginManage:359 - Loaded plugin updater (category:base,tabindex:12)
2026-04-09 20:46:49,531 [INFO] PluginManage:310 - Check plugin userauth
2026-04-09 20:46:49,536 [INFO] UserAuth:118 - Init User Auth plugin
2026-04-09 20:46:49,536 [INFO] PluginManage:359 - Loaded plugin userauth (category:base,tabindex:14)
2026-04-09 20:46:49,537 [INFO] PluginManage:283 - PluginManage : Loaded plugins [18]
2026-04-09 20:46:49,741 [INFO] PinOutPanel:1589 - setPackage(No Configuration,No Configuration)
2026-04-09 20:46:49,833 [INFO] CADModel:165 - CPN selected for project level
2026-04-09 20:46:49,833 [INFO] CADModel:114 - Register for checkConnection events
2026-04-09 20:46:49,856 [INFO] IPUIPlugin:80 - create IPUIPlugin
2026-04-09 20:46:49,857 [INFO] PluginManager:220 - loadIPPluginJar : add adc
2026-04-09 20:46:49,862 [INFO] IPUIPlugin:80 - create IPUIPlugin
2026-04-09 20:46:49,862 [INFO] PluginManager:220 - loadIPPluginJar : add aes
2026-04-09 20:46:49,865 [INFO] IPUIPlugin:80 - create IPUIPlugin
2026-04-09 20:46:49,866 [INFO] PluginManager:220 - loadIPPluginJar : add can
2026-04-09 20:46:49,868 [INFO] IPUIPlugin:80 - create IPUIPlugin
2026-04-09 20:46:49,868 [INFO] PluginManager:220 - loadIPPluginJar : add comp
2026-04-09 20:46:49,872 [INFO] IPUIPlugin:80 - create IPUIPlugin
2026-04-09 20:46:49,872 [INFO] PluginManager:220 - loadIPPluginJar : add cryp
2026-04-09 20:46:49,877 [INFO] IPUIPlugin:80 - create IPUIPlugin
2026-04-09 20:46:49,877 [INFO] PluginManager:220 - loadIPPluginJar : add ddr_ctrl_phy
2026-04-09 20:46:49,880 [INFO] IPUIPlugin:80 - create IPUIPlugin
2026-04-09 20:46:49,880 [INFO] PluginManager:220 - loadIPPluginJar : add dfsdm
2026-04-09 20:46:49,889 [INFO] IPUIPlugin:80 - create IPUIPlugin
2026-04-09 20:46:49,889 [INFO] PluginManager:220 - loadIPPluginJar : add dma
2026-04-09 20:46:49,893 [INFO] IPUIPlugin:80 - create IPUIPlugin
2026-04-09 20:46:49,893 [INFO] PluginManager:220 - loadIPPluginJar : add dma3
2026-04-09 20:46:49,896 [INFO] IPUIPlugin:80 - create IPUIPlugin
2026-04-09 20:46:49,896 [INFO] PluginManager:220 - loadIPPluginJar : add extmemmanager
2026-04-09 20:46:49,898 [INFO] IPUIPlugin:80 - create IPUIPlugin
2026-04-09 20:46:49,899 [INFO] PluginManager:220 - loadIPPluginJar : add fatfs
2026-04-09 20:46:49,906 [INFO] IPUIPlugin:80 - create IPUIPlugin
2026-04-09 20:46:49,906 [INFO] PluginManager:220 - loadIPPluginJar : add fmc
2026-04-09 20:46:49,914 [INFO] IPUIPlugin:80 - create IPUIPlugin
2026-04-09 20:46:49,914 [INFO] PluginManager:220 - loadIPPluginJar : add freertos
2026-04-09 20:46:49,916 [INFO] IPUIPlugin:80 - create IPUIPlugin
2026-04-09 20:46:49,916 [INFO] PluginManager:220 - loadIPPluginJar : add genericplugin
2026-04-09 20:46:49,919 [INFO] IPUIPlugin:80 - create IPUIPlugin
2026-04-09 20:46:49,919 [INFO] PluginManager:220 - loadIPPluginJar : add gfxmmu
2026-04-09 20:46:49,926 [INFO] IPUIPlugin:80 - create IPUIPlugin
2026-04-09 20:46:49,926 [INFO] PluginManager:220 - loadIPPluginJar : add gic
2026-04-09 20:46:49,932 [INFO] IPUIPlugin:80 - create IPUIPlugin
2026-04-09 20:46:49,932 [INFO] PluginManager:220 - loadIPPluginJar : add gpio
2026-04-09 20:46:49,938 [INFO] IPUIPlugin:80 - create IPUIPlugin
2026-04-09 20:46:49,938 [INFO] PluginManager:220 - loadIPPluginJar : add gtzc
2026-04-09 20:46:49,944 [INFO] IPUIPlugin:80 - create IPUIPlugin
2026-04-09 20:46:49,944 [INFO] PluginManager:220 - loadIPPluginJar : add hash
2026-04-09 20:46:49,948 [INFO] IPUIPlugin:80 - create IPUIPlugin
2026-04-09 20:46:49,949 [INFO] PluginManager:220 - loadIPPluginJar : add i2c
2026-04-09 20:46:49,952 [INFO] IPUIPlugin:80 - create IPUIPlugin
2026-04-09 20:46:49,953 [INFO] PluginManager:220 - loadIPPluginJar : add i2s
2026-04-09 20:46:49,958 [INFO] IPUIPlugin:80 - create IPUIPlugin
2026-04-09 20:46:49,958 [INFO] PluginManager:220 - loadIPPluginJar : add i3c
2026-04-09 20:46:49,963 [INFO] IPUIPlugin:80 - create IPUIPlugin
2026-04-09 20:46:49,963 [INFO] PluginManager:220 - loadIPPluginJar : add ipddr
2026-04-09 20:46:49,975 [INFO] IPUIPlugin:80 - create IPUIPlugin
2026-04-09 20:46:49,976 [INFO] PluginManager:220 - loadIPPluginJar : add linkedlist
2026-04-09 20:46:49,981 [INFO] IPUIPlugin:80 - create IPUIPlugin
2026-04-09 20:46:49,982 [INFO] PluginManager:220 - loadIPPluginJar : add lorawan
2026-04-09 20:46:49,984 [INFO] IPUIPlugin:80 - create IPUIPlugin
2026-04-09 20:46:49,984 [INFO] PluginManager:220 - loadIPPluginJar : add ltdc
2026-04-09 20:46:49,990 [INFO] IPUIPlugin:80 - create IPUIPlugin
2026-04-09 20:46:49,991 [INFO] PluginManager:220 - loadIPPluginJar : add mdma
2026-04-09 20:46:49,996 [INFO] IPUIPlugin:80 - create IPUIPlugin
2026-04-09 20:46:49,996 [INFO] PluginManager:220 - loadIPPluginJar : add nvic
2026-04-09 20:46:50,000 [INFO] IPUIPlugin:80 - create IPUIPlugin
2026-04-09 20:46:50,000 [INFO] PluginManager:220 - loadIPPluginJar : add opamp
2026-04-09 20:46:50,004 [INFO] IPUIPlugin:80 - create IPUIPlugin
2026-04-09 20:46:50,004 [INFO] PluginManager:220 - loadIPPluginJar : add openamp
2026-04-09 20:46:50,007 [INFO] IPUIPlugin:80 - create IPUIPlugin
2026-04-09 20:46:50,007 [INFO] PluginManager:220 - loadIPPluginJar : add pdm2pcm
2026-04-09 20:46:50,014 [INFO] IPUIPlugin:80 - create IPUIPlugin
2026-04-09 20:46:50,018 [INFO] PluginManager:220 - loadIPPluginJar : add plateformsettings
2026-04-09 20:46:50,020 [INFO] IPUIPlugin:80 - create IPUIPlugin
2026-04-09 20:46:50,020 [INFO] PluginManager:220 - loadIPPluginJar : add quadspi
2026-04-09 20:46:50,023 [INFO] IPUIPlugin:80 - create IPUIPlugin
2026-04-09 20:46:50,024 [INFO] PluginManager:220 - loadIPPluginJar : add radio
2026-04-09 20:46:50,029 [INFO] IPUIPlugin:80 - create IPUIPlugin
2026-04-09 20:46:50,029 [INFO] PluginManager:220 - loadIPPluginJar : add resmgrutility
2026-04-09 20:46:50,032 [INFO] IPUIPlugin:80 - create IPUIPlugin
2026-04-09 20:46:50,032 [INFO] PluginManager:220 - loadIPPluginJar : add sai
2026-04-09 20:46:50,035 [INFO] IPUIPlugin:80 - create IPUIPlugin
2026-04-09 20:46:50,035 [INFO] PluginManager:220 - loadIPPluginJar : add spi
2026-04-09 20:46:50,040 [INFO] IPUIPlugin:80 - create IPUIPlugin
2026-04-09 20:46:50,041 [INFO] PluginManager:220 - loadIPPluginJar : add stm32_wpan
2026-04-09 20:46:50,042 [INFO] IPUIPlugin:80 - create IPUIPlugin
2026-04-09 20:46:50,043 [INFO] PluginManager:220 - loadIPPluginJar : add tim
2026-04-09 20:46:50,046 [INFO] IPUIPlugin:80 - create IPUIPlugin
2026-04-09 20:46:50,047 [INFO] PluginManager:220 - loadIPPluginJar : add touchsensing
2026-04-09 20:46:50,049 [INFO] IPUIPlugin:80 - create IPUIPlugin
2026-04-09 20:46:50,050 [INFO] PluginManager:220 - loadIPPluginJar : add tracer_emb
2026-04-09 20:46:50,052 [INFO] IPUIPlugin:80 - create IPUIPlugin
2026-04-09 20:46:50,053 [INFO] PluginManager:220 - loadIPPluginJar : add ts
2026-04-09 20:46:50,055 [INFO] IPUIPlugin:80 - create IPUIPlugin
2026-04-09 20:46:50,055 [INFO] PluginManager:220 - loadIPPluginJar : add tsc
2026-04-09 20:46:50,058 [INFO] IPUIPlugin:80 - create IPUIPlugin
2026-04-09 20:46:50,058 [INFO] PluginManager:220 - loadIPPluginJar : add ucpd
2026-04-09 20:46:50,061 [INFO] IPUIPlugin:80 - create IPUIPlugin
2026-04-09 20:46:50,061 [INFO] PluginManager:220 - loadIPPluginJar : add usart
2026-04-09 20:46:50,065 [INFO] IPUIPlugin:80 - create IPUIPlugin
2026-04-09 20:46:50,065 [INFO] PluginManager:220 - loadIPPluginJar : add usbx
2026-04-09 20:46:50,196 [FATAL] Updater:351 - Updater called before beeing initialized
2026-04-09 20:46:50,243 [INFO] RulesReader:64 - Compatibility file has been processed (317 Rules)
2026-04-09 20:46:50,255 [INFO] RulesReader:64 - Compatibility file has been processed (317 Rules)
2026-04-09 20:46:50,262 [INFO] CADModel:165 - CPN selected for project level
2026-04-09 20:46:50,262 [INFO] CADModel:114 - Register for checkConnection events
2026-04-09 20:46:50,262 [FATAL] Updater:351 - Updater called before beeing initialized
2026-04-09 20:46:50,262 [ERROR] CADModel:125 - Updater not yet initialized, retry later 
2026-04-09 20:46:50,423 [FATAL] Updater:351 - Updater called before beeing initialized
2026-04-09 20:46:50,424 [INFO] CADModel:165 - CPN selected for project level
2026-04-09 20:46:50,425 [INFO] CADModel:114 - Register for checkConnection events
2026-04-09 20:46:50,425 [FATAL] Updater:351 - Updater called before beeing initialized
2026-04-09 20:46:50,425 [ERROR] CADModel:125 - Updater not yet initialized, retry later 
2026-04-09 20:46:50,428 [FATAL] Updater:351 - Updater called before beeing initialized
2026-04-09 20:46:50,531 [FATAL] Updater:351 - Updater called before beeing initialized
2026-04-09 20:46:50,535 [INFO] DbMcusAds:53 - JSON generation date=Thu Sep 30 12:25:09 IST 2021 (1632984909247)
2026-04-09 20:46:50,536 [FATAL] Updater:351 - Updater called before beeing initialized
2026-04-09 20:46:50,577 [WARN] DetailPanel:346 - Failed to get advertising image, set to default
2026-04-09 20:46:50,659 [FATAL] Updater:351 - Updater called before beeing initialized
2026-04-09 20:46:50,661 [FATAL] Updater:351 - Updater called before beeing initialized
2026-04-09 20:46:50,662 [FATAL] Updater:351 - Updater called before beeing initialized
2026-04-09 20:46:50,662 [WARN] DetailPanel:346 - Failed to get advertising image, set to default
2026-04-09 20:46:50,662 [FATAL] Updater:351 - Updater called before beeing initialized
2026-04-09 20:46:50,703 [ERROR] Updater:1198 - MainUpdater not yet initialized. External WinMGr cannot be set.
2026-04-09 20:46:50,706 [INFO] Updater:1134 - Updater Version found : 6.15.0
2026-04-09 20:46:50,724 [INFO] ApplicationProperties:184 - Using Application install path: C:\ST\STM32CubeIDE_1.19.0\STM32CubeIDE\plugins\com.st.stm32cube.common.mx_6.15.0.202507011659
2026-04-09 20:46:52,255 [INFO] ThirdPartyUpdaterWithRetryManager:70 - Updater plugin not ready yet. [2/15]
2026-04-09 20:46:52,312 [ERROR] LogOutputStream:75 - [STDERR_REDIRECT] Apr 09, 2026 8:46:52 PM java.util.prefs.WindowsPreferences <init>
2026-04-09 20:46:52,315 [ERROR] LogOutputStream:75 - [STDERR_REDIRECT] WARNING: Could not open/create prefs root node Software\JavaSoft\Prefs at root 0xffffffff80000002. Windows RegCreateKeyEx(...) returned error code 5.
2026-04-09 20:46:52,315 [ERROR] LogOutputStream:75 - [STDERR_REDIRECT] 
2026-04-09 20:46:53,172 [INFO] MainUpdater:2872 - connection check result : 10
2026-04-09 20:46:53,173 [INFO] MainUpdater:289 - Updater Check For Update Now.
2026-04-09 20:46:53,173 [INFO] MicroXplorer:498 - Change Database Version : DB.6.0.150
2026-04-09 20:46:53,187 [INFO] McuFinderGlobals:63 - Set McuFinder mode to 2 (CubeIDE integrated)
2026-04-09 20:46:53,187 [INFO] UserAuth:171 - activating auth plugin
2026-04-09 20:46:53,191 [INFO] UserAuth:487 - Internet connection configuration mode: 1
2026-04-09 20:46:53,236 [INFO] JxBrowserEngine:152 - Initiate JxBrowser Engine with user profile folder
2026-04-09 20:46:53,424 [INFO] CheckServerUpdateThread:120 - End of CheckServer Thread
2026-04-09 20:46:55,970 [INFO] WebApp:169 - Instantiating new browser for Auth
2026-04-09 20:46:56,194 [WARN] PackLoader:240 - Cannot read IP mode file for STMicroelectronics.X-CUBE-AZRTOS-H7.3.5.0
2026-04-09 20:46:56,221 [WARN] PackLoader:240 - Cannot read IP mode file for STMicroelectronics.FP-ATR-ASTRA1.2.0.2
2026-04-09 20:46:56,264 [WARN] PackLoader:240 - Cannot read IP mode file for STMicroelectronics.X-CUBE-SMBUS.2.1.0
2026-04-09 20:46:56,306 [WARN] PackLoader:240 - Cannot read IP mode file for STMicroelectronics.X-CUBE-AZRTOS-F7.1.1.0
2026-04-09 20:46:56,328 [WARN] PackLoader:240 - Cannot read IP mode file for STMicroelectronics.FP-SNS-MOTENV1.5.1.0
2026-04-09 20:46:56,355 [WARN] PackLoader:240 - Cannot read IP mode file for WES.I-CUBE-Cesium.1.4.0
2026-04-09 20:46:56,375 [WARN] PackLoader:240 - Cannot read IP mode file for STMicroelectronics.X-CUBE-DISPLAY.3.0.0
2026-04-09 20:46:56,397 [WARN] PackLoader:240 - Cannot read IP mode file for STMicroelectronics.FP-SNS-MOTENVWB1.1.5.0
2026-04-09 20:46:56,418 [WARN] PackLoader:240 - Cannot read IP mode file for STMicroelectronics.X-CUBE-NFC10.1.0.0
2026-04-09 20:46:56,432 [WARN] PackLoader:240 - Cannot read IP mode file for STMicroelectronics.X-CUBE-ST60.1.1.0
2026-04-09 20:46:56,445 [WARN] PackLoader:240 - Cannot read IP mode file for emotas.I-CUBE-CANOPEN.1.3.0
2026-04-09 20:46:56,458 [WARN] PackLoader:240 - Cannot read IP mode file for STMicroelectronics.X-CUBE-GNSS1.7.1.0
2026-04-09 20:46:56,478 [WARN] PackLoader:240 - Cannot read IP mode file for STMicroelectronics.FP-SNS-STBOX1.2.1.0
2026-04-09 20:46:56,497 [WARN] PackLoader:240 - Cannot read IP mode file for STMicroelectronics.FP-SNS-SMARTAG2.1.2.0
2026-04-09 20:46:56,509 [WARN] PackLoader:240 - Cannot read IP mode file for STMicroelectronics.FP-SNS-FLIGHT1.5.1.0
2026-04-09 20:46:56,525 [INFO] LogOutputStream:77 - [STDOUT_REDIRECT] 1 : Invalid condition id : UX_CORESTACK_Condition cause : null
2026-04-09 20:46:56,526 [INFO] LogOutputStream:77 - [STDOUT_REDIRECT] 1 : Invalid condition id : UX_CORESTACK_Condition cause : null
2026-04-09 20:46:56,528 [INFO] LogOutputStream:77 - [STDOUT_REDIRECT] 1 : Invalid condition id : UX_CORESTACK_Condition cause : null
2026-04-09 20:46:56,531 [INFO] LogOutputStream:77 - [STDOUT_REDIRECT] 1 : Invalid condition id : UX_CORESTACK_Condition cause : null
2026-04-09 20:46:56,532 [INFO] LogOutputStream:77 - [STDOUT_REDIRECT] 1 : Invalid condition id : UX_CORESTACK_Condition cause : null
2026-04-09 20:46:56,535 [WARN] PackLoader:240 - Cannot read IP mode file for STMicroelectronics.X-CUBE-AZRTOS-WL.2.0.0
2026-04-09 20:46:56,592 [WARN] PackLoader:240 - Cannot read IP mode file for STMicroelectronics.X-CUBE-AZRTOS-H7RS.1.2.0
2026-04-09 20:46:56,615 [WARN] PackLoader:240 - Cannot read IP mode file for STMicroelectronics.X-CUBE-BLE2.3.3.0
2026-04-09 20:46:56,737 [WARN] PackLoader:240 - Cannot read IP mode file for Infineon.AIROC-Wi-Fi-Bluetooth-STM32.1.8.0
2026-04-09 20:46:56,752 [WARN] PackLoader:240 - Cannot read IP mode file for STMicroelectronics.X-CUBE-NFC9.1.0.0
2026-04-09 20:46:56,767 [WARN] PackLoader:240 - Cannot read IP mode file for STMicroelectronics.X-CUBE-BLE1.7.1.0
2026-04-09 20:46:56,780 [WARN] PackLoader:240 - Cannot read IP mode file for wolfSSL.I-CUBE-wolfMQTT.1.19.2
2026-04-09 20:46:56,792 [WARN] PackLoader:240 - Cannot read IP mode file for STMicroelectronics.X-CUBE-EEPRMA1.5.2.0
2026-04-09 20:46:56,801 [WARN] PackLoader:240 - Cannot read IP mode file for wolfSSL.I-CUBE-wolfSSL.5.8.4
2026-04-09 20:46:56,812 [WARN] PackLoader:240 - Cannot read IP mode file for Cesanta.I-CUBE-Mongoose.7.20.0
2026-04-09 20:46:56,888 [WARN] PackLoader:240 - Cannot read IP mode file for STMicroelectronics.X-CUBE-MEMS1.12.0.0
2026-04-09 20:46:56,974 [WARN] PackLoader:240 - Cannot read IP mode file for STMicroelectronics.X-CUBE-AZRTOS-G0.1.1.0
2026-04-09 20:46:56,983 [WARN] PackLoader:240 - Cannot read IP mode file for STMicroelectronics.X-CUBE-NFC4.3.0.0
2026-04-09 20:46:56,990 [WARN] PackLoader:240 - Cannot read IP mode file for EmbeddedOffice.I-CUBE-FS-RTOS.1.0.1
2026-04-09 20:46:56,997 [WARN] PackLoader:240 - Cannot read IP mode file for STMicroelectronics.X-CUBE-WB05N.2.0.0
2026-04-09 20:46:57,005 [WARN] PackLoader:240 - Cannot read IP mode file for wolfSSL.I-CUBE-wolfTPM.3.8.0
2026-04-09 20:46:57,015 [WARN] PackLoader:240 - Cannot read IP mode file for STMicroelectronics.X-CUBE-TCPP.4.2.0
2026-04-09 20:46:57,025 [WARN] PackLoader:240 - Cannot read IP mode file for RealThread.X-CUBE-RT-Thread_Nano.4.1.1
2026-04-09 20:46:57,031 [WARN] PackLoader:240 - Cannot read IP mode file for STMicroelectronics.FP-ATR-SIGFOX1.3.2.0
2026-04-09 20:46:57,037 [WARN] PackLoader:240 - Cannot read IP mode file for STMicroelectronics.X-CUBE-FREERTOS.1.5.0
2026-04-09 20:46:57,044 [WARN] PackLoader:240 - Cannot read IP mode file for ITTIA_DB.I-CUBE-ITTIADB.8.9.0
2026-04-09 20:46:57,053 [WARN] PackLoader:240 - Cannot read IP mode file for STMicroelectronics.X-CUBE-NFC6.3.2.0
2026-04-09 20:46:57,064 [WARN] PackLoader:240 - Cannot read IP mode file for STMicroelectronics.X-CUBE-AI.10.2.0
2026-04-09 20:46:57,099 [WARN] PackLoader:240 - Cannot read IP mode file for SEGGER.I-CUBE-embOS.1.3.1
2026-04-09 20:46:57,138 [WARN] PackLoader:240 - Cannot read IP mode file for STMicroelectronics.X-CUBE-ALGOBUILD.1.4.0
2026-04-09 20:46:57,153 [WARN] PackLoader:240 - Cannot read IP mode file for STMicroelectronics.X-CUBE-PM33A1.1.0.0
2026-04-09 20:46:57,190 [WARN] PackLoader:240 - Cannot read IP mode file for STMicroelectronics.X-CUBE-AZRTOS-F4.1.1.0
2026-04-09 20:46:57,208 [WARN] PackLoader:240 - Cannot read IP mode file for STMicroelectronics.X-CUBE-ISPU.2.1.0
2026-04-09 20:46:57,233 [WARN] PackLoader:240 - Cannot read IP mode file for STMicroelectronics.X-CUBE-IPS.3.2.0
2026-04-09 20:46:57,250 [WARN] PackLoader:240 - Cannot read IP mode file for STMicroelectronics.eDS-WB_DPC_TT-BIDIR.2.1.1
2026-04-09 20:46:57,264 [WARN] PackLoader:240 - Cannot read IP mode file for STMicroelectronics.X-CUBE-NFC12.1.0.0
2026-04-09 20:46:57,289 [WARN] PackLoader:240 - Cannot read IP mode file for STMicroelectronics.X-CUBE-AZRTOS-L5.2.0.0
2026-04-09 20:46:57,306 [WARN] PackLoader:240 - Cannot read IP mode file for STMicroelectronics.eDS-WB_DPC_VIENNA.1.2.0
2026-04-09 20:46:57,316 [WARN] PackLoader:240 - Cannot read IP mode file for STMicroelectronics.eDS-WB_DPC_3PH2L-BIDIR.1.1.1
2026-04-09 20:46:57,332 [WARN] PackLoader:240 - Cannot read IP mode file for STMicroelectronics.X-CUBE-TOUCHGFX.4.26.1
2026-04-09 20:46:57,343 [WARN] PackLoader:240 - Cannot read IP mode file for STMicroelectronics.FP-SNS-STAIOTCFT.1.0.0
2026-04-09 20:46:57,356 [WARN] PackLoader:240 - Cannot read IP mode file for STMicroelectronics.X-CUBE-DPower.1.3.0
2026-04-09 20:46:57,379 [WARN] ConditionMgr:438 - getConditionDescription Invalid condition id : LAN8742 Phy interface Condition cause : null
2026-04-09 20:46:57,380 [WARN] PackLoader:240 - Cannot read IP mode file for STMicroelectronics.X-CUBE-AZRTOS-L4.2.0.0
2026-04-09 20:46:57,381 [WARN] ConditionMgr:1044 - genDependencies : Invalid condition id : LAN8742 Phy interface Condition cause : null
2026-04-09 20:46:57,381 [WARN] ConditionMgr:1044 - genDependencies : Invalid condition id : LAN8742 Phy interface Condition cause : null
2026-04-09 20:46:57,382 [WARN] ConditionMgr:1044 - genDependencies : Invalid condition id : LAN8742 Phy interface Condition cause : null
2026-04-09 20:46:57,390 [WARN] PackLoader:240 - Cannot read IP mode file for STMicroelectronics.X-CUBE-SFXS2LP1.4.0.0
2026-04-09 20:46:57,399 [WARN] PackLoader:240 - Cannot read IP mode file for STMicroelectronics.X-CUBE-WB05N.2.1.0
2026-04-09 20:46:57,409 [WARN] PackLoader:240 - Cannot read IP mode file for STMicroelectronics.X-CUBE-ST67W61.1.2.0
2026-04-09 20:46:57,424 [WARN] PackLoader:240 - Cannot read IP mode file for STMicroelectronics.X-CUBE-BLEMGR.4.1.0
2026-04-09 20:46:57,437 [WARN] ConditionMgr:438 - getConditionDescription Invalid condition id : UX DEVICE CLASS RTOS Condition cause : null
2026-04-09 20:46:57,437 [WARN] ConditionMgr:438 - getConditionDescription Invalid condition id : UX DEVICE CLASS RTOS Condition cause : null
2026-04-09 20:46:57,439 [WARN] PackLoader:240 - Cannot read IP mode file for STMicroelectronics.X-CUBE-AZRTOS-WB.2.0.0
2026-04-09 20:46:57,439 [WARN] ConditionMgr:1044 - genDependencies : Invalid condition id : UX DEVICE CLASS RTOS Condition cause : null
2026-04-09 20:46:57,439 [WARN] ConditionMgr:1044 - genDependencies : Invalid condition id : UX DEVICE CLASS RTOS Condition cause : null
2026-04-09 20:46:57,439 [WARN] ConditionMgr:1044 - genDependencies : Invalid condition id : UX DEVICE CLASS RTOS Condition cause : null
2026-04-09 20:46:57,440 [WARN] ConditionMgr:1044 - genDependencies : Invalid condition id : UX DEVICE CLASS RTOS Condition cause : null
2026-04-09 20:46:57,440 [WARN] ConditionMgr:1044 - genDependencies : Invalid condition id : UX DEVICE CLASS RTOS Condition cause : null
2026-04-09 20:46:57,444 [WARN] ConditionMgr:438 - getConditionDescription Invalid condition id : Cortex-A Device cause : null
2026-04-09 20:46:57,450 [WARN] ConditionMgr:1044 - genDependencies : Invalid condition id : Cortex-A Device cause : null
2026-04-09 20:46:57,450 [WARN] ConditionMgr:1044 - genDependencies : Invalid condition id : Cortex-A Device cause : null
2026-04-09 20:46:57,450 [WARN] ConditionMgr:1044 - genDependencies : Invalid condition id : Cortex-A Device cause : null
2026-04-09 20:46:57,455 [WARN] PackLoader:240 - Cannot read IP mode file for STMicroelectronics.X-CUBE-STSE01.2.0.0
2026-04-09 20:46:57,462 [WARN] PackLoader:240 - Cannot read IP mode file for STMicroelectronics.X-CUBE-SUBG2.5.0.0
2026-04-09 20:46:57,478 [WARN] PackLoader:240 - Cannot read IP mode file for STMicroelectronics.X-CUBE-AZRTOS-G4.2.0.0
2026-04-09 20:46:57,495 [WARN] PackLoader:240 - Cannot read IP mode file for wolfSSL.I-CUBE-wolfSSH.1.4.20
2026-04-09 20:46:57,501 [WARN] PackLoader:240 - Cannot read IP mode file for STMicroelectronics.X-CUBE-NFC7.2.0.0
2026-04-09 20:46:57,510 [WARN] PackLoader:240 - Cannot read IP mode file for STMicroelectronics.X-CUBE-ALS.1.0.2
2026-04-09 20:46:57,519 [WARN] PackLoader:240 - Cannot read IP mode file for STMicroelectronics.X-CUBE-TOF1.3.4.3
2026-04-09 20:46:57,533 [INFO] ThirdParty:978 - Integrity check success = true
2026-04-09 20:46:57,534 [INFO] IntegrityCheckThread:100 - exiting critical section [integrity check]
2026-04-09 20:46:57,534 [INFO] IntegrityCheckThread:103 - End integrity checks thread
2026-04-09 20:46:57,980 [INFO] WebApp:463 - Apply proxy settings
2026-04-09 20:46:57,981 [INFO] WebApp:548 - Chromium requires no authentication
2026-04-09 20:46:57,998 [INFO] WebApp:491 - Direct internet connection detected
2026-04-09 20:46:58,038 [INFO] WebApp:900 - Register for checkConnection events
2026-04-09 20:46:58,039 [INFO] WebApp:463 - Apply proxy settings
2026-04-09 20:46:58,039 [INFO] WebApp:548 - Chromium requires no authentication
2026-04-09 20:46:58,039 [INFO] WebApp:491 - Direct internet connection detected
2026-04-09 20:46:58,241 [INFO] WebApp:225 - Starting web application
2026-04-09 20:46:58,241 [INFO] WebApp:593 - Web application path used C:\ST\STM32CubeIDE_1.19.0\STM32CubeIDE\plugins\com.st.stm32cube.common.mx_6.15.0.202507011659\db\plugins\mcufinder\reactClient1\index.html
2026-04-09 20:46:58,437 [INFO] WebApp:191 - Connection restablished
2026-04-09 20:46:58,823 [ERROR] LogOutputStream:75 - [STDERR_REDIRECT] [Fatal Error] :1:1: Premature end of file.
2026-04-09 20:46:58,824 [ERROR] LogOutputStream:75 - [STDERR_REDIRECT] 
2026-04-09 20:46:59,798 [ERROR] LogOutputStream:75 - [STDERR_REDIRECT] [Fatal Error] :1:1: Premature end of file.
2026-04-09 20:46:59,799 [ERROR] LogOutputStream:75 - [STDERR_REDIRECT] 
2026-04-09 20:47:00,760 [ERROR] LogOutputStream:75 - [STDERR_REDIRECT] [Fatal Error] :1:1: Premature end of file.
2026-04-09 20:47:00,760 [ERROR] LogOutputStream:75 - [STDERR_REDIRECT] 
2026-04-09 20:47:01,798 [ERROR] LogOutputStream:75 - [STDERR_REDIRECT] [Fatal Error] :1:1: Premature end of file.
2026-04-09 20:47:01,798 [ERROR] LogOutputStream:75 - [STDERR_REDIRECT] 
2026-04-09 20:47:02,768 [ERROR] LogOutputStream:75 - [STDERR_REDIRECT] [Fatal Error] :1:1: Premature end of file.
2026-04-09 20:47:02,768 [ERROR] LogOutputStream:75 - [STDERR_REDIRECT] 
2026-04-09 20:47:03,778 [ERROR] LogOutputStream:75 - [STDERR_REDIRECT] [Fatal Error] :1:1: Premature end of file.
2026-04-09 20:47:03,778 [ERROR] LogOutputStream:75 - [STDERR_REDIRECT] 
2026-04-09 20:47:04,789 [ERROR] LogOutputStream:75 - [STDERR_REDIRECT] [Fatal Error] :1:1: Premature end of file.
2026-04-09 20:47:04,789 [ERROR] LogOutputStream:75 - [STDERR_REDIRECT] 
2026-04-09 20:47:05,774 [ERROR] LogOutputStream:75 - [STDERR_REDIRECT] [Fatal Error] :1:1: Premature end of file.
2026-04-09 20:47:05,775 [ERROR] LogOutputStream:75 - [STDERR_REDIRECT] 
2026-04-09 20:47:06,781 [ERROR] LogOutputStream:75 - [STDERR_REDIRECT] [Fatal Error] :1:1: Premature end of file.
2026-04-09 20:47:06,781 [ERROR] LogOutputStream:75 - [STDERR_REDIRECT] 
2026-04-09 20:47:07,777 [ERROR] LogOutputStream:75 - [STDERR_REDIRECT] [Fatal Error] :1:1: Premature end of file.
2026-04-09 20:47:07,778 [ERROR] LogOutputStream:75 - [STDERR_REDIRECT] 
2026-04-09 20:47:08,812 [ERROR] LogOutputStream:75 - [STDERR_REDIRECT] [Fatal Error] :1:1: Premature end of file.
2026-04-09 20:47:08,813 [ERROR] LogOutputStream:75 - [STDERR_REDIRECT] 
2026-04-09 20:47:09,817 [ERROR] LogOutputStream:75 - [STDERR_REDIRECT] [Fatal Error] :1:1: Premature end of file.
2026-04-09 20:47:09,818 [ERROR] LogOutputStream:75 - [STDERR_REDIRECT] 
2026-04-09 20:47:10,783 [ERROR] LogOutputStream:75 - [STDERR_REDIRECT] [Fatal Error] :1:1: Premature end of file.
2026-04-09 20:47:10,783 [ERROR] LogOutputStream:75 - [STDERR_REDIRECT] 
2026-04-09 20:47:11,753 [ERROR] LogOutputStream:75 - [STDERR_REDIRECT] [Fatal Error] :1:1: Premature end of file.
2026-04-09 20:47:11,754 [ERROR] LogOutputStream:75 - [STDERR_REDIRECT] 
2026-04-09 20:47:12,777 [ERROR] LogOutputStream:75 - [STDERR_REDIRECT] [Fatal Error] :1:1: Premature end of file.
2026-04-09 20:47:12,778 [ERROR] LogOutputStream:75 - [STDERR_REDIRECT] 
2026-04-09 20:47:13,755 [ERROR] LogOutputStream:75 - [STDERR_REDIRECT] [Fatal Error] :1:1: Premature end of file.
2026-04-09 20:47:13,755 [ERROR] LogOutputStream:75 - [STDERR_REDIRECT] 
2026-04-09 20:47:14,776 [ERROR] LogOutputStream:75 - [STDERR_REDIRECT] [Fatal Error] :1:1: Premature end of file.
2026-04-09 20:47:14,777 [ERROR] LogOutputStream:75 - [STDERR_REDIRECT] 
2026-04-09 20:47:15,767 [ERROR] LogOutputStream:75 - [STDERR_REDIRECT] [Fatal Error] :1:1: Premature end of file.
2026-04-09 20:47:15,767 [ERROR] LogOutputStream:75 - [STDERR_REDIRECT] 
2026-04-09 20:47:16,771 [ERROR] LogOutputStream:75 - [STDERR_REDIRECT] [Fatal Error] :1:1: Premature end of file.
2026-04-09 20:47:16,771 [ERROR] LogOutputStream:75 - [STDERR_REDIRECT] 
2026-04-09 20:47:17,779 [ERROR] LogOutputStream:75 - [STDERR_REDIRECT] [Fatal Error] :1:1: Premature end of file.
2026-04-09 20:47:17,780 [ERROR] LogOutputStream:75 - [STDERR_REDIRECT] 
2026-04-09 20:47:18,772 [ERROR] LogOutputStream:75 - [STDERR_REDIRECT] [Fatal Error] :1:1: Premature end of file.
2026-04-09 20:47:18,772 [ERROR] LogOutputStream:75 - [STDERR_REDIRECT] 
2026-04-09 20:47:19,751 [ERROR] LogOutputStream:75 - [STDERR_REDIRECT] [Fatal Error] :1:1: Premature end of file.
2026-04-09 20:47:19,752 [ERROR] LogOutputStream:75 - [STDERR_REDIRECT] 
2026-04-09 20:47:20,753 [ERROR] LogOutputStream:75 - [STDERR_REDIRECT] [Fatal Error] :1:1: Premature end of file.
2026-04-09 20:47:20,753 [ERROR] LogOutputStream:75 - [STDERR_REDIRECT] 
2026-04-09 20:47:21,774 [ERROR] LogOutputStream:75 - [STDERR_REDIRECT] [Fatal Error] :1:1: Premature end of file.
2026-04-09 20:47:21,774 [ERROR] LogOutputStream:75 - [STDERR_REDIRECT] 
2026-04-09 20:47:22,760 [ERROR] LogOutputStream:75 - [STDERR_REDIRECT] [Fatal Error] :1:1: Premature end of file.
2026-04-09 20:47:22,760 [ERROR] LogOutputStream:75 - [STDERR_REDIRECT] 
2026-04-09 20:47:23,767 [ERROR] LogOutputStream:75 - [STDERR_REDIRECT] [Fatal Error] :1:1: Premature end of file.
2026-04-09 20:47:23,768 [ERROR] LogOutputStream:75 - [STDERR_REDIRECT] 
2026-04-09 20:47:24,760 [ERROR] LogOutputStream:75 - [STDERR_REDIRECT] [Fatal Error] :1:1: Premature end of file.
2026-04-09 20:47:24,760 [ERROR] LogOutputStream:75 - [STDERR_REDIRECT] 
2026-04-09 20:47:25,774 [ERROR] LogOutputStream:75 - [STDERR_REDIRECT] [Fatal Error] :1:1: Premature end of file.
2026-04-09 20:47:25,775 [ERROR] LogOutputStream:75 - [STDERR_REDIRECT] 
2026-04-09 20:47:26,786 [ERROR] LogOutputStream:75 - [STDERR_REDIRECT] [Fatal Error] :1:1: Premature end of file.
2026-04-09 20:47:26,787 [ERROR] LogOutputStream:75 - [STDERR_REDIRECT] 
2026-04-09 20:47:27,822 [ERROR] LogOutputStream:75 - [STDERR_REDIRECT] [Fatal Error] :1:1: Premature end of file.
2026-04-09 20:47:27,822 [ERROR] LogOutputStream:75 - [STDERR_REDIRECT] 
2026-04-09 20:47:28,772 [ERROR] LogOutputStream:75 - [STDERR_REDIRECT] [Fatal Error] :1:1: Premature end of file.
2026-04-09 20:47:28,772 [ERROR] LogOutputStream:75 - [STDERR_REDIRECT] 
2026-04-09 20:47:29,794 [ERROR] LogOutputStream:75 - [STDERR_REDIRECT] [Fatal Error] :1:1: Premature end of file.
2026-04-09 20:47:29,795 [ERROR] LogOutputStream:75 - [STDERR_REDIRECT] 
2026-04-09 20:47:30,809 [ERROR] LogOutputStream:75 - [STDERR_REDIRECT] [Fatal Error] :1:1: Premature end of file.
2026-04-09 20:47:30,810 [ERROR] LogOutputStream:75 - [STDERR_REDIRECT] 
2026-04-09 20:47:31,756 [ERROR] LogOutputStream:75 - [STDERR_REDIRECT] [Fatal Error] :1:1: Premature end of file.
2026-04-09 20:47:31,757 [ERROR] LogOutputStream:75 - [STDERR_REDIRECT] 
2026-04-09 20:47:32,777 [ERROR] LogOutputStream:75 - [STDERR_REDIRECT] [Fatal Error] :1:1: Premature end of file.
2026-04-09 20:47:32,777 [ERROR] LogOutputStream:75 - [STDERR_REDIRECT] 
2026-04-09 20:47:33,765 [ERROR] LogOutputStream:75 - [STDERR_REDIRECT] [Fatal Error] :1:1: Premature end of file.
2026-04-09 20:47:33,765 [ERROR] LogOutputStream:75 - [STDERR_REDIRECT] 
2026-04-09 20:47:34,767 [ERROR] LogOutputStream:75 - [STDERR_REDIRECT] [Fatal Error] :1:1: Premature end of file.
2026-04-09 20:47:34,767 [ERROR] LogOutputStream:75 - [STDERR_REDIRECT] 
2026-04-09 20:47:35,764 [ERROR] LogOutputStream:75 - [STDERR_REDIRECT] [Fatal Error] :1:1: Premature end of file.
2026-04-09 20:47:35,765 [ERROR] LogOutputStream:75 - [STDERR_REDIRECT] 
2026-04-09 20:47:36,753 [ERROR] LogOutputStream:75 - [STDERR_REDIRECT] [Fatal Error] :1:1: Premature end of file.
2026-04-09 20:47:36,754 [ERROR] LogOutputStream:75 - [STDERR_REDIRECT] 
2026-04-09 20:47:37,783 [ERROR] LogOutputStream:75 - [STDERR_REDIRECT] [Fatal Error] :1:1: Premature end of file.
2026-04-09 20:47:37,783 [ERROR] LogOutputStream:75 - [STDERR_REDIRECT] 
2026-04-09 20:47:38,777 [ERROR] LogOutputStream:75 - [STDERR_REDIRECT] [Fatal Error] :1:1: Premature end of file.
2026-04-09 20:47:38,778 [ERROR] LogOutputStream:75 - [STDERR_REDIRECT] 
2026-04-09 20:47:39,769 [ERROR] LogOutputStream:75 - [STDERR_REDIRECT] [Fatal Error] :1:1: Premature end of file.
2026-04-09 20:47:39,769 [ERROR] LogOutputStream:75 - [STDERR_REDIRECT] 
2026-04-09 20:47:40,748 [ERROR] LogOutputStream:75 - [STDERR_REDIRECT] [Fatal Error] :1:1: Premature end of file.
2026-04-09 20:47:40,748 [ERROR] LogOutputStream:75 - [STDERR_REDIRECT] 
2026-04-09 20:47:41,774 [ERROR] LogOutputStream:75 - [STDERR_REDIRECT] [Fatal Error] :1:1: Premature end of file.
2026-04-09 20:47:41,775 [ERROR] LogOutputStream:75 - [STDERR_REDIRECT] 
2026-04-09 20:47:42,767 [ERROR] LogOutputStream:75 - [STDERR_REDIRECT] [Fatal Error] :1:1: Premature end of file.
2026-04-09 20:47:42,768 [ERROR] LogOutputStream:75 - [STDERR_REDIRECT] 
2026-04-09 20:47:43,774 [ERROR] LogOutputStream:75 - [STDERR_REDIRECT] [Fatal Error] :1:1: Premature end of file.
2026-04-09 20:47:43,775 [ERROR] LogOutputStream:75 - [STDERR_REDIRECT] 
2026-04-09 20:47:44,769 [ERROR] LogOutputStream:75 - [STDERR_REDIRECT] [Fatal Error] :1:1: Premature end of file.
2026-04-09 20:47:44,769 [ERROR] LogOutputStream:75 - [STDERR_REDIRECT] 
2026-04-09 20:47:45,773 [ERROR] LogOutputStream:75 - [STDERR_REDIRECT] [Fatal Error] :1:1: Premature end of file.
2026-04-09 20:47:45,773 [ERROR] LogOutputStream:75 - [STDERR_REDIRECT] 
2026-04-09 20:47:46,775 [ERROR] LogOutputStream:75 - [STDERR_REDIRECT] [Fatal Error] :1:1: Premature end of file.
2026-04-09 20:47:46,776 [ERROR] LogOutputStream:75 - [STDERR_REDIRECT] 
2026-04-09 20:47:47,774 [ERROR] LogOutputStream:75 - [STDERR_REDIRECT] [Fatal Error] :1:1: Premature end of file.
2026-04-09 20:47:47,774 [ERROR] LogOutputStream:75 - [STDERR_REDIRECT] 
2026-04-09 20:47:48,748 [ERROR] LogOutputStream:75 - [STDERR_REDIRECT] [Fatal Error] :1:1: Premature end of file.
2026-04-09 20:47:48,749 [ERROR] LogOutputStream:75 - [STDERR_REDIRECT] 
2026-04-09 20:47:49,764 [ERROR] LogOutputStream:75 - [STDERR_REDIRECT] [Fatal Error] :1:1: Premature end of file.
2026-04-09 20:47:49,765 [ERROR] LogOutputStream:75 - [STDERR_REDIRECT] 
2026-04-09 20:47:50,751 [ERROR] LogOutputStream:75 - [STDERR_REDIRECT] [Fatal Error] :1:1: Premature end of file.
2026-04-09 20:47:50,751 [ERROR] LogOutputStream:75 - [STDERR_REDIRECT] 
2026-04-09 20:47:51,765 [ERROR] LogOutputStream:75 - [STDERR_REDIRECT] [Fatal Error] :1:1: Premature end of file.
2026-04-09 20:47:51,765 [ERROR] LogOutputStream:75 - [STDERR_REDIRECT] 
2026-04-09 20:47:52,750 [ERROR] LogOutputStream:75 - [STDERR_REDIRECT] [Fatal Error] :1:1: Premature end of file.
2026-04-09 20:47:52,750 [ERROR] LogOutputStream:75 - [STDERR_REDIRECT] 
2026-04-09 20:47:53,780 [ERROR] LogOutputStream:75 - [STDERR_REDIRECT] [Fatal Error] :1:1: Premature end of file.
2026-04-09 20:47:53,781 [ERROR] LogOutputStream:75 - [STDERR_REDIRECT] 
2026-04-09 20:47:54,755 [ERROR] LogOutputStream:75 - [STDERR_REDIRECT] [Fatal Error] :1:1: Premature end of file.
2026-04-09 20:47:54,756 [ERROR] LogOutputStream:75 - [STDERR_REDIRECT] 
2026-04-09 20:47:55,753 [ERROR] LogOutputStream:75 - [STDERR_REDIRECT] [Fatal Error] :1:1: Premature end of file.
2026-04-09 20:47:55,754 [ERROR] LogOutputStream:75 - [STDERR_REDIRECT] 
2026-04-09 20:47:56,773 [ERROR] LogOutputStream:75 - [STDERR_REDIRECT] [Fatal Error] :1:1: Premature end of file.
2026-04-09 20:47:56,774 [ERROR] LogOutputStream:75 - [STDERR_REDIRECT] 
2026-04-09 20:47:57,786 [ERROR] LogOutputStream:75 - [STDERR_REDIRECT] [Fatal Error] :1:1: Premature end of file.
2026-04-09 20:47:57,786 [ERROR] LogOutputStream:75 - [STDERR_REDIRECT] 
2026-04-09 20:47:58,780 [ERROR] LogOutputStream:75 - [STDERR_REDIRECT] [Fatal Error] :1:1: Premature end of file.
2026-04-09 20:47:58,781 [ERROR] LogOutputStream:75 - [STDERR_REDIRECT] 
2026-04-09 20:47:59,788 [ERROR] LogOutputStream:75 - [STDERR_REDIRECT] [Fatal Error] :1:1: Premature end of file.
2026-04-09 20:47:59,789 [ERROR] LogOutputStream:75 - [STDERR_REDIRECT] 
2026-04-09 20:48:00,766 [ERROR] LogOutputStream:75 - [STDERR_REDIRECT] [Fatal Error] :1:1: Premature end of file.
2026-04-09 20:48:00,766 [ERROR] LogOutputStream:75 - [STDERR_REDIRECT] 
2026-04-09 20:48:01,744 [ERROR] LogOutputStream:75 - [STDERR_REDIRECT] [Fatal Error] :1:1: Premature end of file.
2026-04-09 20:48:01,744 [ERROR] LogOutputStream:75 - [STDERR_REDIRECT] 
2026-04-09 20:48:02,752 [ERROR] LogOutputStream:75 - [STDERR_REDIRECT] [Fatal Error] :1:1: Premature end of file.
2026-04-09 20:48:02,752 [ERROR] LogOutputStream:75 - [STDERR_REDIRECT] 
2026-04-09 20:48:03,764 [ERROR] LogOutputStream:75 - [STDERR_REDIRECT] [Fatal Error] :1:1: Premature end of file.
2026-04-09 20:48:03,765 [ERROR] LogOutputStream:75 - [STDERR_REDIRECT] 
2026-04-09 20:48:04,761 [ERROR] LogOutputStream:75 - [STDERR_REDIRECT] [Fatal Error] :1:1: Premature end of file.
2026-04-09 20:48:04,762 [ERROR] LogOutputStream:75 - [STDERR_REDIRECT] 
2026-04-09 20:48:05,758 [ERROR] LogOutputStream:75 - [STDERR_REDIRECT] [Fatal Error] :1:1: Premature end of file.
2026-04-09 20:48:05,758 [ERROR] LogOutputStream:75 - [STDERR_REDIRECT] 
2026-04-09 20:48:06,764 [ERROR] LogOutputStream:75 - [STDERR_REDIRECT] [Fatal Error] :1:1: Premature end of file.
2026-04-09 20:48:06,764 [ERROR] LogOutputStream:75 - [STDERR_REDIRECT] 
2026-04-09 20:48:07,775 [ERROR] LogOutputStream:75 - [STDERR_REDIRECT] [Fatal Error] :1:1: Premature end of file.
2026-04-09 20:48:07,776 [ERROR] LogOutputStream:75 - [STDERR_REDIRECT] 
2026-04-09 20:48:08,766 [ERROR] LogOutputStream:75 - [STDERR_REDIRECT] [Fatal Error] :1:1: Premature end of file.
2026-04-09 20:48:08,767 [ERROR] LogOutputStream:75 - [STDERR_REDIRECT] 
2026-04-09 20:48:09,780 [ERROR] LogOutputStream:75 - [STDERR_REDIRECT] [Fatal Error] :1:1: Premature end of file.
2026-04-09 20:48:09,780 [ERROR] LogOutputStream:75 - [STDERR_REDIRECT] 
2026-04-09 20:48:10,766 [ERROR] LogOutputStream:75 - [STDERR_REDIRECT] [Fatal Error] :1:1: Premature end of file.
2026-04-09 20:48:10,766 [ERROR] LogOutputStream:75 - [STDERR_REDIRECT] 
2026-04-09 20:48:11,784 [ERROR] LogOutputStream:75 - [STDERR_REDIRECT] [Fatal Error] :1:1: Premature end of file.
2026-04-09 20:48:11,785 [ERROR] LogOutputStream:75 - [STDERR_REDIRECT] 
2026-04-09 20:48:12,768 [ERROR] LogOutputStream:75 - [STDERR_REDIRECT] [Fatal Error] :1:1: Premature end of file.
2026-04-09 20:48:12,768 [ERROR] LogOutputStream:75 - [STDERR_REDIRECT] 
2026-04-09 20:48:13,767 [ERROR] LogOutputStream:75 - [STDERR_REDIRECT] [Fatal Error] :1:1: Premature end of file.
2026-04-09 20:48:13,767 [ERROR] LogOutputStream:75 - [STDERR_REDIRECT] 
2026-04-09 20:48:14,773 [ERROR] LogOutputStream:75 - [STDERR_REDIRECT] [Fatal Error] :1:1: Premature end of file.
2026-04-09 20:48:14,773 [ERROR] LogOutputStream:75 - [STDERR_REDIRECT] 
2026-04-09 20:48:15,759 [ERROR] LogOutputStream:75 - [STDERR_REDIRECT] [Fatal Error] :1:1: Premature end of file.
2026-04-09 20:48:15,760 [ERROR] LogOutputStream:75 - [STDERR_REDIRECT] 
2026-04-09 20:48:16,768 [ERROR] LogOutputStream:75 - [STDERR_REDIRECT] [Fatal Error] :1:1: Premature end of file.
2026-04-09 20:48:16,768 [ERROR] LogOutputStream:75 - [STDERR_REDIRECT] 
2026-04-09 20:48:17,779 [ERROR] LogOutputStream:75 - [STDERR_REDIRECT] [Fatal Error] :1:1: Premature end of file.
2026-04-09 20:48:17,779 [ERROR] LogOutputStream:75 - [STDERR_REDIRECT] 
2026-04-09 20:48:18,768 [ERROR] LogOutputStream:75 - [STDERR_REDIRECT] [Fatal Error] :1:1: Premature end of file.
2026-04-09 20:48:18,769 [ERROR] LogOutputStream:75 - [STDERR_REDIRECT] 
2026-04-09 20:48:19,765 [ERROR] LogOutputStream:75 - [STDERR_REDIRECT] [Fatal Error] :1:1: Premature end of file.
2026-04-09 20:48:19,765 [ERROR] LogOutputStream:75 - [STDERR_REDIRECT] 
2026-04-09 20:48:24,115 [ERROR] LogOutputStream:75 - [STDERR_REDIRECT] [Fatal Error] :1:1: Premature end of file.
2026-04-09 20:48:24,115 [ERROR] LogOutputStream:75 - [STDERR_REDIRECT] 
2026-04-09 20:48:24,772 [ERROR] LogOutputStream:75 - [STDERR_REDIRECT] [Fatal Error] :1:1: Premature end of file.
2026-04-09 20:48:24,772 [ERROR] LogOutputStream:75 - [STDERR_REDIRECT] 
2026-04-09 20:48:24,823 [ERROR] LogOutputStream:75 - [STDERR_REDIRECT] [Fatal Error] :1:1: Premature end of file.
2026-04-09 20:48:24,823 [ERROR] LogOutputStream:75 - [STDERR_REDIRECT] 
2026-04-09 20:48:24,857 [ERROR] LogOutputStream:75 - [STDERR_REDIRECT] [Fatal Error] :1:1: Premature end of file.
2026-04-09 20:48:24,858 [ERROR] LogOutputStream:75 - [STDERR_REDIRECT] 
2026-04-09 20:48:25,020 [ERROR] LogOutputStream:75 - [STDERR_REDIRECT] [Fatal Error] :1:1: Premature end of file.
2026-04-09 20:48:25,021 [ERROR] LogOutputStream:75 - [STDERR_REDIRECT] 
2026-04-09 20:48:25,765 [ERROR] LogOutputStream:75 - [STDERR_REDIRECT] [Fatal Error] :1:1: Premature end of file.
2026-04-09 20:48:25,766 [ERROR] LogOutputStream:75 - [STDERR_REDIRECT] 
2026-04-09 20:48:48,379 [ERROR] LogOutputStream:75 - [STDERR_REDIRECT] [Fatal Error] :1:1: Premature end of file.
2026-04-09 20:48:48,379 [ERROR] LogOutputStream:75 - [STDERR_REDIRECT] 
2026-04-09 20:48:48,442 [ERROR] LogOutputStream:75 - [STDERR_REDIRECT] [Fatal Error] :1:1: Premature end of file.
2026-04-09 20:48:48,442 [ERROR] LogOutputStream:75 - [STDERR_REDIRECT] 
2026-04-09 20:48:48,562 [ERROR] LogOutputStream:75 - [STDERR_REDIRECT] [Fatal Error] :1:1: Premature end of file.
2026-04-09 20:48:48,563 [ERROR] LogOutputStream:75 - [STDERR_REDIRECT] 
2026-04-09 20:48:48,617 [ERROR] LogOutputStream:75 - [STDERR_REDIRECT] [Fatal Error] :1:1: Premature end of file.
2026-04-09 20:48:48,618 [ERROR] LogOutputStream:75 - [STDERR_REDIRECT] 
2026-04-09 20:48:48,721 [ERROR] LogOutputStream:75 - [STDERR_REDIRECT] [Fatal Error] :1:1: Premature end of file.
2026-04-09 20:48:48,721 [ERROR] LogOutputStream:75 - [STDERR_REDIRECT] 
2026-04-09 20:48:48,936 [ERROR] LogOutputStream:75 - [STDERR_REDIRECT] [Fatal Error] :1:1: Premature end of file.
2026-04-09 20:48:48,937 [ERROR] LogOutputStream:75 - [STDERR_REDIRECT] 
2026-04-09 20:48:48,994 [ERROR] LogOutputStream:75 - [STDERR_REDIRECT] [Fatal Error] :1:1: Premature end of file.
2026-04-09 20:48:48,994 [ERROR] LogOutputStream:75 - [STDERR_REDIRECT] 
2026-04-09 20:48:49,187 [ERROR] LogOutputStream:75 - [STDERR_REDIRECT] [Fatal Error] :1:1: Premature end of file.
2026-04-09 20:48:49,188 [ERROR] LogOutputStream:75 - [STDERR_REDIRECT] 
2026-04-09 20:48:49,236 [ERROR] LogOutputStream:75 - [STDERR_REDIRECT] [Fatal Error] :1:1: Premature end of file.
2026-04-09 20:48:49,237 [ERROR] LogOutputStream:75 - [STDERR_REDIRECT] 
2026-04-09 20:48:49,281 [ERROR] LogOutputStream:75 - [STDERR_REDIRECT] [Fatal Error] :1:1: Premature end of file.
2026-04-09 20:48:49,281 [ERROR] LogOutputStream:75 - [STDERR_REDIRECT] 
2026-04-09 20:48:49,314 [ERROR] LogOutputStream:75 - [STDERR_REDIRECT] [Fatal Error] :1:1: Premature end of file.
2026-04-09 20:48:49,314 [ERROR] LogOutputStream:75 - [STDERR_REDIRECT] 
2026-04-09 20:48:49,514 [ERROR] LogOutputStream:75 - [STDERR_REDIRECT] [Fatal Error] :1:1: Premature end of file.
2026-04-09 20:48:49,514 [ERROR] LogOutputStream:75 - [STDERR_REDIRECT] 
2026-04-09 20:48:49,607 [ERROR] LogOutputStream:75 - [STDERR_REDIRECT] [Fatal Error] :1:1: Premature end of file.
2026-04-09 20:48:49,607 [ERROR] LogOutputStream:75 - [STDERR_REDIRECT] 
2026-04-09 20:48:49,687 [ERROR] LogOutputStream:75 - [STDERR_REDIRECT] [Fatal Error] :1:1: Premature end of file.
2026-04-09 20:48:49,687 [ERROR] LogOutputStream:75 - [STDERR_REDIRECT] 
2026-04-09 20:48:50,010 [ERROR] LogOutputStream:75 - [STDERR_REDIRECT] [Fatal Error] :1:1: Premature end of file.
2026-04-09 20:48:50,011 [ERROR] LogOutputStream:75 - [STDERR_REDIRECT] 
2026-04-09 20:48:50,038 [ERROR] LogOutputStream:75 - [STDERR_REDIRECT] [Fatal Error] :1:1: Premature end of file.
2026-04-09 20:48:50,038 [ERROR] LogOutputStream:75 - [STDERR_REDIRECT] 
2026-04-09 20:48:50,160 [ERROR] LogOutputStream:75 - [STDERR_REDIRECT] [Fatal Error] :1:1: Premature end of file.
2026-04-09 20:48:50,160 [ERROR] LogOutputStream:75 - [STDERR_REDIRECT] 
2026-04-09 20:48:50,198 [ERROR] LogOutputStream:75 - [STDERR_REDIRECT] [Fatal Error] :1:1: Premature end of file.
2026-04-09 20:48:50,198 [ERROR] LogOutputStream:75 - [STDERR_REDIRECT] 
2026-04-09 20:48:50,235 [ERROR] LogOutputStream:75 - [STDERR_REDIRECT] [Fatal Error] :1:1: Premature end of file.
2026-04-09 20:48:50,236 [ERROR] LogOutputStream:75 - [STDERR_REDIRECT] 
2026-04-09 20:48:50,266 [ERROR] LogOutputStream:75 - [STDERR_REDIRECT] [Fatal Error] :1:1: Premature end of file.
2026-04-09 20:48:50,266 [ERROR] LogOutputStream:75 - [STDERR_REDIRECT] 
2026-04-09 20:48:52,262 [ERROR] LogOutputStream:75 - [STDERR_REDIRECT] [Fatal Error] :1:1: Premature end of file.
2026-04-09 20:48:52,262 [ERROR] LogOutputStream:75 - [STDERR_REDIRECT] 
2026-04-09 20:48:52,305 [ERROR] LogOutputStream:75 - [STDERR_REDIRECT] [Fatal Error] :1:1: Premature end of file.
2026-04-09 20:48:52,306 [ERROR] LogOutputStream:75 - [STDERR_REDIRECT] 
2026-04-09 20:48:52,336 [ERROR] LogOutputStream:75 - [STDERR_REDIRECT] [Fatal Error] :1:1: Premature end of file.
2026-04-09 20:48:52,336 [ERROR] LogOutputStream:75 - [STDERR_REDIRECT] 
2026-04-09 20:48:52,362 [ERROR] LogOutputStream:75 - [STDERR_REDIRECT] [Fatal Error] :1:1: Premature end of file.
2026-04-09 20:48:52,363 [ERROR] LogOutputStream:75 - [STDERR_REDIRECT] 
2026-04-09 20:48:52,390 [ERROR] LogOutputStream:75 - [STDERR_REDIRECT] [Fatal Error] :1:1: Premature end of file.
2026-04-09 20:48:52,390 [ERROR] LogOutputStream:75 - [STDERR_REDIRECT] 
2026-04-09 20:48:52,418 [ERROR] LogOutputStream:75 - [STDERR_REDIRECT] [Fatal Error] :1:1: Premature end of file.
2026-04-09 20:48:52,419 [ERROR] LogOutputStream:75 - [STDERR_REDIRECT] 
2026-04-09 20:48:52,773 [ERROR] LogOutputStream:75 - [STDERR_REDIRECT] [Fatal Error] :1:1: Premature end of file.
2026-04-09 20:48:52,774 [ERROR] LogOutputStream:75 - [STDERR_REDIRECT] 
2026-04-09 20:48:53,770 [ERROR] LogOutputStream:75 - [STDERR_REDIRECT] [Fatal Error] :1:1: Premature end of file.
2026-04-09 20:48:53,770 [ERROR] LogOutputStream:75 - [STDERR_REDIRECT] 
2026-04-09 20:48:54,772 [ERROR] LogOutputStream:75 - [STDERR_REDIRECT] [Fatal Error] :1:1: Premature end of file.
2026-04-09 20:48:54,773 [ERROR] LogOutputStream:75 - [STDERR_REDIRECT] 
2026-04-09 20:48:55,762 [ERROR] LogOutputStream:75 - [STDERR_REDIRECT] [Fatal Error] :1:1: Premature end of file.
2026-04-09 20:48:55,762 [ERROR] LogOutputStream:75 - [STDERR_REDIRECT] 
2026-04-09 20:48:57,097 [ERROR] LogOutputStream:75 - [STDERR_REDIRECT] [Fatal Error] :1:1: Premature end of file.
2026-04-09 20:48:57,097 [ERROR] LogOutputStream:75 - [STDERR_REDIRECT] 
2026-04-09 20:48:58,244 [ERROR] LogOutputStream:75 - [STDERR_REDIRECT] [Fatal Error] :1:1: Premature end of file.
2026-04-09 20:48:58,245 [ERROR] LogOutputStream:75 - [STDERR_REDIRECT] 
2026-04-09 20:48:58,760 [ERROR] LogOutputStream:75 - [STDERR_REDIRECT] [Fatal Error] :1:1: Premature end of file.
2026-04-09 20:48:58,760 [ERROR] LogOutputStream:75 - [STDERR_REDIRECT] 
2026-04-09 20:48:59,764 [ERROR] LogOutputStream:75 - [STDERR_REDIRECT] [Fatal Error] :1:1: Premature end of file.
2026-04-09 20:48:59,764 [ERROR] LogOutputStream:75 - [STDERR_REDIRECT] 
2026-04-09 20:49:00,865 [ERROR] LogOutputStream:75 - [STDERR_REDIRECT] [Fatal Error] :1:1: Premature end of file.
2026-04-09 20:49:00,894 [ERROR] LogOutputStream:75 - [STDERR_REDIRECT] 
2026-04-09 20:49:01,838 [ERROR] LogOutputStream:75 - [STDERR_REDIRECT] [Fatal Error] :1:1: Premature end of file.
2026-04-09 20:49:01,839 [ERROR] LogOutputStream:75 - [STDERR_REDIRECT] 
2026-04-09 20:49:03,484 [ERROR] LogOutputStream:75 - [STDERR_REDIRECT] [Fatal Error] :1:1: Premature end of file.
2026-04-09 20:49:03,484 [ERROR] LogOutputStream:75 - [STDERR_REDIRECT] 
2026-04-09 20:49:06,882 [ERROR] LogOutputStream:75 - [STDERR_REDIRECT] [Fatal Error] :1:1: Premature end of file.
2026-04-09 20:49:06,883 [ERROR] LogOutputStream:75 - [STDERR_REDIRECT] 
2026-04-09 20:49:06,927 [ERROR] LogOutputStream:75 - [STDERR_REDIRECT] [Fatal Error] :1:1: Premature end of file.
2026-04-09 20:49:06,957 [ERROR] LogOutputStream:75 - [STDERR_REDIRECT] 
2026-04-09 20:49:06,994 [ERROR] LogOutputStream:75 - [STDERR_REDIRECT] [Fatal Error] :1:1: Premature end of file.
2026-04-09 20:49:06,995 [ERROR] LogOutputStream:75 - [STDERR_REDIRECT] 
2026-04-09 20:49:07,059 [ERROR] LogOutputStream:75 - [STDERR_REDIRECT] [Fatal Error] :1:1: Premature end of file.
2026-04-09 20:49:07,059 [ERROR] LogOutputStream:75 - [STDERR_REDIRECT] 
2026-04-09 20:49:07,860 [ERROR] LogOutputStream:75 - [STDERR_REDIRECT] [Fatal Error] :1:1: Premature end of file.
2026-04-09 20:49:07,860 [ERROR] LogOutputStream:75 - [STDERR_REDIRECT] 
2026-04-09 20:49:08,785 [ERROR] LogOutputStream:75 - [STDERR_REDIRECT] [Fatal Error] :1:1: Premature end of file.
2026-04-09 20:49:08,786 [ERROR] LogOutputStream:75 - [STDERR_REDIRECT] 
2026-04-09 20:49:10,273 [ERROR] LogOutputStream:75 - [STDERR_REDIRECT] [Fatal Error] :1:1: Premature end of file.
2026-04-09 20:49:10,273 [ERROR] LogOutputStream:75 - [STDERR_REDIRECT] 
2026-04-09 20:49:10,770 [ERROR] LogOutputStream:75 - [STDERR_REDIRECT] [Fatal Error] :1:1: Premature end of file.
2026-04-09 20:49:10,770 [ERROR] LogOutputStream:75 - [STDERR_REDIRECT] 
2026-04-09 20:49:11,765 [ERROR] LogOutputStream:75 - [STDERR_REDIRECT] [Fatal Error] :1:1: Premature end of file.
2026-04-09 20:49:11,765 [ERROR] LogOutputStream:75 - [STDERR_REDIRECT] 
2026-04-09 20:49:12,776 [ERROR] LogOutputStream:75 - [STDERR_REDIRECT] [Fatal Error] :1:1: Premature end of file.
2026-04-09 20:49:12,776 [ERROR] LogOutputStream:75 - [STDERR_REDIRECT] 
2026-04-09 20:49:13,770 [ERROR] LogOutputStream:75 - [STDERR_REDIRECT] [Fatal Error] :1:1: Premature end of file.
2026-04-09 20:49:13,918 [ERROR] LogOutputStream:75 - [STDERR_REDIRECT] 
2026-04-09 20:49:14,774 [ERROR] LogOutputStream:75 - [STDERR_REDIRECT] [Fatal Error] :1:1: Premature end of file.
2026-04-09 20:49:14,775 [ERROR] LogOutputStream:75 - [STDERR_REDIRECT] 
2026-04-09 20:49:15,748 [ERROR] LogOutputStream:75 - [STDERR_REDIRECT] [Fatal Error] :1:1: Premature end of file.
2026-04-09 20:49:15,749 [ERROR] LogOutputStream:75 - [STDERR_REDIRECT] 
2026-04-09 20:49:16,776 [ERROR] LogOutputStream:75 - [STDERR_REDIRECT] [Fatal Error] :1:1: Premature end of file.
2026-04-09 20:49:16,777 [ERROR] LogOutputStream:75 - [STDERR_REDIRECT] 
2026-04-09 20:49:17,827 [ERROR] LogOutputStream:75 - [STDERR_REDIRECT] [Fatal Error] :1:1: Premature end of file.
2026-04-09 20:49:17,828 [ERROR] LogOutputStream:75 - [STDERR_REDIRECT] 
2026-04-09 20:49:18,776 [ERROR] LogOutputStream:75 - [STDERR_REDIRECT] [Fatal Error] :1:1: Premature end of file.
2026-04-09 20:49:18,777 [ERROR] LogOutputStream:75 - [STDERR_REDIRECT] 
2026-04-09 20:49:19,770 [ERROR] LogOutputStream:75 - [STDERR_REDIRECT] [Fatal Error] :1:1: Premature end of file.
2026-04-09 20:49:19,771 [ERROR] LogOutputStream:75 - [STDERR_REDIRECT] 
2026-04-09 20:49:20,797 [ERROR] LogOutputStream:75 - [STDERR_REDIRECT] [Fatal Error] :1:1: Premature end of file.
2026-04-09 20:49:20,798 [ERROR] LogOutputStream:75 - [STDERR_REDIRECT] 
2026-04-09 20:49:21,776 [ERROR] LogOutputStream:75 - [STDERR_REDIRECT] [Fatal Error] :1:1: Premature end of file.
2026-04-09 20:49:21,776 [ERROR] LogOutputStream:75 - [STDERR_REDIRECT] 
2026-04-09 20:49:22,777 [ERROR] LogOutputStream:75 - [STDERR_REDIRECT] [Fatal Error] :1:1: Premature end of file.
2026-04-09 20:49:22,777 [ERROR] LogOutputStream:75 - [STDERR_REDIRECT] 
2026-04-09 20:49:23,777 [ERROR] LogOutputStream:75 - [STDERR_REDIRECT] [Fatal Error] :1:1: Premature end of file.
2026-04-09 20:49:23,777 [ERROR] LogOutputStream:75 - [STDERR_REDIRECT] 
2026-04-09 20:49:24,769 [ERROR] LogOutputStream:75 - [STDERR_REDIRECT] [Fatal Error] :1:1: Premature end of file.
2026-04-09 20:49:24,769 [ERROR] LogOutputStream:75 - [STDERR_REDIRECT] 
2026-04-09 20:49:25,772 [ERROR] LogOutputStream:75 - [STDERR_REDIRECT] [Fatal Error] :1:1: Premature end of file.
2026-04-09 20:49:25,773 [ERROR] LogOutputStream:75 - [STDERR_REDIRECT] 
2026-04-09 20:49:26,776 [ERROR] LogOutputStream:75 - [STDERR_REDIRECT] [Fatal Error] :1:1: Premature end of file.
2026-04-09 20:49:26,776 [ERROR] LogOutputStream:75 - [STDERR_REDIRECT] 
2026-04-09 20:49:27,757 [ERROR] LogOutputStream:75 - [STDERR_REDIRECT] [Fatal Error] :1:1: Premature end of file.
2026-04-09 20:49:27,757 [ERROR] LogOutputStream:75 - [STDERR_REDIRECT] 
2026-04-09 20:49:28,769 [ERROR] LogOutputStream:75 - [STDERR_REDIRECT] [Fatal Error] :1:1: Premature end of file.
2026-04-09 20:49:28,769 [ERROR] LogOutputStream:75 - [STDERR_REDIRECT] 
2026-04-09 20:49:29,774 [ERROR] LogOutputStream:75 - [STDERR_REDIRECT] [Fatal Error] :1:1: Premature end of file.
2026-04-09 20:49:29,774 [ERROR] LogOutputStream:75 - [STDERR_REDIRECT] 
2026-04-09 20:49:30,760 [ERROR] LogOutputStream:75 - [STDERR_REDIRECT] [Fatal Error] :1:1: Premature end of file.
2026-04-09 20:49:30,761 [ERROR] LogOutputStream:75 - [STDERR_REDIRECT] 
2026-04-09 20:49:31,756 [ERROR] LogOutputStream:75 - [STDERR_REDIRECT] [Fatal Error] :1:1: Premature end of file.
2026-04-09 20:49:31,756 [ERROR] LogOutputStream:75 - [STDERR_REDIRECT] 
2026-04-09 20:49:32,746 [ERROR] LogOutputStream:75 - [STDERR_REDIRECT] [Fatal Error] :1:1: Premature end of file.
2026-04-09 20:49:32,746 [ERROR] LogOutputStream:75 - [STDERR_REDIRECT] 
2026-04-09 20:49:33,770 [ERROR] LogOutputStream:75 - [STDERR_REDIRECT] [Fatal Error] :1:1: Premature end of file.
2026-04-09 20:49:33,771 [ERROR] LogOutputStream:75 - [STDERR_REDIRECT] 
2026-04-09 20:49:34,749 [ERROR] LogOutputStream:75 - [STDERR_REDIRECT] [Fatal Error] :1:1: Premature end of file.
2026-04-09 20:49:34,749 [ERROR] LogOutputStream:75 - [STDERR_REDIRECT] 
2026-04-09 20:49:35,789 [ERROR] LogOutputStream:75 - [STDERR_REDIRECT] [Fatal Error] :1:1: Premature end of file.
2026-04-09 20:49:35,789 [ERROR] LogOutputStream:75 - [STDERR_REDIRECT] 
2026-04-09 20:49:36,770 [ERROR] LogOutputStream:75 - [STDERR_REDIRECT] [Fatal Error] :1:1: Premature end of file.
2026-04-09 20:49:36,771 [ERROR] LogOutputStream:75 - [STDERR_REDIRECT] 
2026-04-09 20:49:37,747 [ERROR] LogOutputStream:75 - [STDERR_REDIRECT] [Fatal Error] :1:1: Premature end of file.
2026-04-09 20:49:37,747 [ERROR] LogOutputStream:75 - [STDERR_REDIRECT] 
2026-04-09 20:49:38,783 [ERROR] LogOutputStream:75 - [STDERR_REDIRECT] [Fatal Error] :1:1: Premature end of file.
2026-04-09 20:49:38,783 [ERROR] LogOutputStream:75 - [STDERR_REDIRECT] 
2026-04-09 20:49:39,775 [ERROR] LogOutputStream:75 - [STDERR_REDIRECT] [Fatal Error] :1:1: Premature end of file.
2026-04-09 20:49:39,775 [ERROR] LogOutputStream:75 - [STDERR_REDIRECT] 
2026-04-09 20:49:40,767 [ERROR] LogOutputStream:75 - [STDERR_REDIRECT] [Fatal Error] :1:1: Premature end of file.
2026-04-09 20:49:40,767 [ERROR] LogOutputStream:75 - [STDERR_REDIRECT] 
2026-04-09 20:49:41,783 [ERROR] LogOutputStream:75 - [STDERR_REDIRECT] [Fatal Error] :1:1: Premature end of file.
2026-04-09 20:49:41,784 [ERROR] LogOutputStream:75 - [STDERR_REDIRECT] 
2026-04-09 20:49:43,017 [ERROR] LogOutputStream:75 - [STDERR_REDIRECT] [Fatal Error] :1:1: Premature end of file.
2026-04-09 20:49:43,017 [ERROR] LogOutputStream:75 - [STDERR_REDIRECT] 
2026-04-09 20:49:43,765 [ERROR] LogOutputStream:75 - [STDERR_REDIRECT] [Fatal Error] :1:1: Premature end of file.
2026-04-09 20:49:43,766 [ERROR] LogOutputStream:75 - [STDERR_REDIRECT] 
2026-04-09 20:49:44,773 [ERROR] LogOutputStream:75 - [STDERR_REDIRECT] [Fatal Error] :1:1: Premature end of file.
2026-04-09 20:49:44,774 [ERROR] LogOutputStream:75 - [STDERR_REDIRECT] 
2026-04-09 20:49:45,765 [ERROR] LogOutputStream:75 - [STDERR_REDIRECT] [Fatal Error] :1:1: Premature end of file.
2026-04-09 20:49:45,765 [ERROR] LogOutputStream:75 - [STDERR_REDIRECT] 
2026-04-09 20:49:46,776 [ERROR] LogOutputStream:75 - [STDERR_REDIRECT] [Fatal Error] :1:1: Premature end of file.
2026-04-09 20:49:46,776 [ERROR] LogOutputStream:75 - [STDERR_REDIRECT] 
2026-04-09 20:49:47,772 [ERROR] LogOutputStream:75 - [STDERR_REDIRECT] [Fatal Error] :1:1: Premature end of file.
2026-04-09 20:49:47,773 [ERROR] LogOutputStream:75 - [STDERR_REDIRECT] 
2026-04-09 20:49:48,775 [ERROR] LogOutputStream:75 - [STDERR_REDIRECT] [Fatal Error] :1:1: Premature end of file.
2026-04-09 20:49:48,775 [ERROR] LogOutputStream:75 - [STDERR_REDIRECT] 
2026-04-09 20:49:49,786 [ERROR] LogOutputStream:75 - [STDERR_REDIRECT] [Fatal Error] :1:1: Premature end of file.
2026-04-09 20:49:49,786 [ERROR] LogOutputStream:75 - [STDERR_REDIRECT] 
2026-04-09 20:49:54,045 [ERROR] LogOutputStream:75 - [STDERR_REDIRECT] [Fatal Error] :1:1: Premature end of file.
2026-04-09 20:49:54,045 [ERROR] LogOutputStream:75 - [STDERR_REDIRECT] 
2026-04-09 20:49:54,099 [ERROR] LogOutputStream:75 - [STDERR_REDIRECT] [Fatal Error] :1:1: Premature end of file.
2026-04-09 20:49:54,099 [ERROR] LogOutputStream:75 - [STDERR_REDIRECT] 
2026-04-09 20:49:54,133 [ERROR] LogOutputStream:75 - [STDERR_REDIRECT] [Fatal Error] :1:1: Premature end of file.
2026-04-09 20:49:54,134 [ERROR] LogOutputStream:75 - [STDERR_REDIRECT] 
2026-04-09 20:49:54,165 [ERROR] LogOutputStream:75 - [STDERR_REDIRECT] [Fatal Error] :1:1: Premature end of file.
2026-04-09 20:49:54,166 [ERROR] LogOutputStream:75 - [STDERR_REDIRECT] 
2026-04-09 20:49:54,747 [ERROR] LogOutputStream:75 - [STDERR_REDIRECT] [Fatal Error] :1:1: Premature end of file.
2026-04-09 20:49:54,747 [ERROR] LogOutputStream:75 - [STDERR_REDIRECT] 
2026-04-09 20:49:55,767 [ERROR] LogOutputStream:75 - [STDERR_REDIRECT] [Fatal Error] :1:1: Premature end of file.
2026-04-09 20:49:55,767 [ERROR] LogOutputStream:75 - [STDERR_REDIRECT] 
2026-04-09 20:49:56,770 [ERROR] LogOutputStream:75 - [STDERR_REDIRECT] [Fatal Error] :1:1: Premature end of file.
2026-04-09 20:49:56,770 [ERROR] LogOutputStream:75 - [STDERR_REDIRECT] 
2026-04-09 20:49:57,772 [ERROR] LogOutputStream:75 - [STDERR_REDIRECT] [Fatal Error] :1:1: Premature end of file.
2026-04-09 20:49:57,773 [ERROR] LogOutputStream:75 - [STDERR_REDIRECT] 
2026-04-09 20:49:58,778 [ERROR] LogOutputStream:75 - [STDERR_REDIRECT] [Fatal Error] :1:1: Premature end of file.
2026-04-09 20:49:58,790 [ERROR] LogOutputStream:75 - [STDERR_REDIRECT] 
2026-04-09 20:50:00,089 [ERROR] LogOutputStream:75 - [STDERR_REDIRECT] [Fatal Error] :1:1: Premature end of file.
2026-04-09 20:50:00,090 [ERROR] LogOutputStream:75 - [STDERR_REDIRECT] 
2026-04-09 20:50:00,759 [ERROR] LogOutputStream:75 - [STDERR_REDIRECT] [Fatal Error] :1:1: Premature end of file.
2026-04-09 20:50:00,760 [ERROR] LogOutputStream:75 - [STDERR_REDIRECT] 
2026-04-09 20:50:01,757 [ERROR] LogOutputStream:75 - [STDERR_REDIRECT] [Fatal Error] :1:1: Premature end of file.
2026-04-09 20:50:01,758 [ERROR] LogOutputStream:75 - [STDERR_REDIRECT] 
2026-04-09 20:50:02,811 [ERROR] LogOutputStream:75 - [STDERR_REDIRECT] [Fatal Error] :1:1: Premature end of file.
2026-04-09 20:50:02,812 [ERROR] LogOutputStream:75 - [STDERR_REDIRECT] 
2026-04-09 20:50:03,752 [ERROR] LogOutputStream:75 - [STDERR_REDIRECT] [Fatal Error] :1:1: Premature end of file.
2026-04-09 20:50:03,752 [ERROR] LogOutputStream:75 - [STDERR_REDIRECT] 
2026-04-09 20:50:04,781 [ERROR] LogOutputStream:75 - [STDERR_REDIRECT] [Fatal Error] :1:1: Premature end of file.
2026-04-09 20:50:04,782 [ERROR] LogOutputStream:75 - [STDERR_REDIRECT] 
2026-04-09 20:50:05,747 [ERROR] LogOutputStream:75 - [STDERR_REDIRECT] [Fatal Error] :1:1: Premature end of file.
2026-04-09 20:50:05,748 [ERROR] LogOutputStream:75 - [STDERR_REDIRECT] 
2026-04-09 20:50:06,755 [ERROR] LogOutputStream:75 - [STDERR_REDIRECT] [Fatal Error] :1:1: Premature end of file.
2026-04-09 20:50:06,755 [ERROR] LogOutputStream:75 - [STDERR_REDIRECT] 
2026-04-09 20:50:07,750 [ERROR] LogOutputStream:75 - [STDERR_REDIRECT] [Fatal Error] :1:1: Premature end of file.
2026-04-09 20:50:07,751 [ERROR] LogOutputStream:75 - [STDERR_REDIRECT] 
2026-04-09 20:50:08,757 [ERROR] LogOutputStream:75 - [STDERR_REDIRECT] [Fatal Error] :1:1: Premature end of file.
2026-04-09 20:50:08,757 [ERROR] LogOutputStream:75 - [STDERR_REDIRECT] 
2026-04-09 20:50:09,755 [ERROR] LogOutputStream:75 - [STDERR_REDIRECT] [Fatal Error] :1:1: Premature end of file.
2026-04-09 20:50:09,755 [ERROR] LogOutputStream:75 - [STDERR_REDIRECT] 
2026-04-09 20:50:10,779 [ERROR] LogOutputStream:75 - [STDERR_REDIRECT] [Fatal Error] :1:1: Premature end of file.
2026-04-09 20:50:10,780 [ERROR] LogOutputStream:75 - [STDERR_REDIRECT] 
2026-04-09 20:50:11,771 [ERROR] LogOutputStream:75 - [STDERR_REDIRECT] [Fatal Error] :1:1: Premature end of file.
2026-04-09 20:50:11,771 [ERROR] LogOutputStream:75 - [STDERR_REDIRECT] 
2026-04-09 20:50:14,063 [ERROR] LogOutputStream:75 - [STDERR_REDIRECT] [Fatal Error] :1:1: Premature end of file.
2026-04-09 20:50:14,064 [ERROR] LogOutputStream:75 - [STDERR_REDIRECT] 
2026-04-09 20:50:14,120 [ERROR] LogOutputStream:75 - [STDERR_REDIRECT] [Fatal Error] :1:1: Premature end of file.
2026-04-09 20:50:14,121 [ERROR] LogOutputStream:75 - [STDERR_REDIRECT] 
2026-04-09 20:50:14,763 [ERROR] LogOutputStream:75 - [STDERR_REDIRECT] [Fatal Error] :1:1: Premature end of file.
2026-04-09 20:50:14,763 [ERROR] LogOutputStream:75 - [STDERR_REDIRECT] 
2026-04-09 20:50:15,781 [ERROR] LogOutputStream:75 - [STDERR_REDIRECT] [Fatal Error] :1:1: Premature end of file.
2026-04-09 20:50:15,782 [ERROR] LogOutputStream:75 - [STDERR_REDIRECT] 
2026-04-09 20:50:16,774 [ERROR] LogOutputStream:75 - [STDERR_REDIRECT] [Fatal Error] :1:1: Premature end of file.
2026-04-09 20:50:16,775 [ERROR] LogOutputStream:75 - [STDERR_REDIRECT] 
2026-04-09 20:50:17,775 [ERROR] LogOutputStream:75 - [STDERR_REDIRECT] [Fatal Error] :1:1: Premature end of file.
2026-04-09 20:50:17,776 [ERROR] LogOutputStream:75 - [STDERR_REDIRECT] 
2026-04-09 20:50:18,770 [ERROR] LogOutputStream:75 - [STDERR_REDIRECT] [Fatal Error] :1:1: Premature end of file.
2026-04-09 20:50:18,770 [ERROR] LogOutputStream:75 - [STDERR_REDIRECT] 
2026-04-09 20:50:19,764 [ERROR] LogOutputStream:75 - [STDERR_REDIRECT] [Fatal Error] :1:1: Premature end of file.
2026-04-09 20:50:19,765 [ERROR] LogOutputStream:75 - [STDERR_REDIRECT] 
2026-04-09 20:50:20,756 [ERROR] LogOutputStream:75 - [STDERR_REDIRECT] [Fatal Error] :1:1: Premature end of file.
2026-04-09 20:50:20,756 [ERROR] LogOutputStream:75 - [STDERR_REDIRECT] 
2026-04-09 20:50:21,758 [ERROR] LogOutputStream:75 - [STDERR_REDIRECT] [Fatal Error] :1:1: Premature end of file.
2026-04-09 20:50:21,759 [ERROR] LogOutputStream:75 - [STDERR_REDIRECT] 
2026-04-09 20:50:22,807 [ERROR] LogOutputStream:75 - [STDERR_REDIRECT] [Fatal Error] :1:1: Premature end of file.
2026-04-09 20:50:22,807 [ERROR] LogOutputStream:75 - [STDERR_REDIRECT] 
2026-04-09 20:50:23,785 [ERROR] LogOutputStream:75 - [STDERR_REDIRECT] [Fatal Error] :1:1: Premature end of file.
2026-04-09 20:50:23,786 [ERROR] LogOutputStream:75 - [STDERR_REDIRECT] 
2026-04-09 20:50:24,808 [ERROR] LogOutputStream:75 - [STDERR_REDIRECT] [Fatal Error] :1:1: Premature end of file.
2026-04-09 20:50:24,808 [ERROR] LogOutputStream:75 - [STDERR_REDIRECT] 
2026-04-09 20:50:25,760 [ERROR] LogOutputStream:75 - [STDERR_REDIRECT] [Fatal Error] :1:1: Premature end of file.
2026-04-09 20:50:25,760 [ERROR] LogOutputStream:75 - [STDERR_REDIRECT] 
2026-04-09 20:50:26,787 [ERROR] LogOutputStream:75 - [STDERR_REDIRECT] [Fatal Error] :1:1: Premature end of file.
2026-04-09 20:50:26,787 [ERROR] LogOutputStream:75 - [STDERR_REDIRECT] 
2026-04-09 20:50:27,771 [ERROR] LogOutputStream:75 - [STDERR_REDIRECT] [Fatal Error] :1:1: Premature end of file.
2026-04-09 20:50:27,772 [ERROR] LogOutputStream:75 - [STDERR_REDIRECT] 
2026-04-09 20:50:28,772 [ERROR] LogOutputStream:75 - [STDERR_REDIRECT] [Fatal Error] :1:1: Premature end of file.
2026-04-09 20:50:28,773 [ERROR] LogOutputStream:75 - [STDERR_REDIRECT] 
2026-04-09 20:50:29,756 [ERROR] LogOutputStream:75 - [STDERR_REDIRECT] [Fatal Error] :1:1: Premature end of file.
2026-04-09 20:50:29,756 [ERROR] LogOutputStream:75 - [STDERR_REDIRECT] 
2026-04-09 20:50:30,769 [ERROR] LogOutputStream:75 - [STDERR_REDIRECT] [Fatal Error] :1:1: Premature end of file.
2026-04-09 20:50:30,770 [ERROR] LogOutputStream:75 - [STDERR_REDIRECT] 
2026-04-09 20:50:31,784 [ERROR] LogOutputStream:75 - [STDERR_REDIRECT] [Fatal Error] :1:1: Premature end of file.
2026-04-09 20:50:31,784 [ERROR] LogOutputStream:75 - [STDERR_REDIRECT] 
2026-04-09 20:50:32,771 [ERROR] LogOutputStream:75 - [STDERR_REDIRECT] [Fatal Error] :1:1: Premature end of file.
2026-04-09 20:50:32,771 [ERROR] LogOutputStream:75 - [STDERR_REDIRECT] 
2026-04-09 20:50:33,779 [ERROR] LogOutputStream:75 - [STDERR_REDIRECT] [Fatal Error] :1:1: Premature end of file.
2026-04-09 20:50:33,779 [ERROR] LogOutputStream:75 - [STDERR_REDIRECT] 
2026-04-09 20:50:34,761 [ERROR] LogOutputStream:75 - [STDERR_REDIRECT] [Fatal Error] :1:1: Premature end of file.
2026-04-09 20:50:34,761 [ERROR] LogOutputStream:75 - [STDERR_REDIRECT] 
2026-04-09 20:50:35,773 [ERROR] LogOutputStream:75 - [STDERR_REDIRECT] [Fatal Error] :1:1: Premature end of file.
2026-04-09 20:50:35,773 [ERROR] LogOutputStream:75 - [STDERR_REDIRECT] 
2026-04-09 20:50:36,766 [ERROR] LogOutputStream:75 - [STDERR_REDIRECT] [Fatal Error] :1:1: Premature end of file.
2026-04-09 20:50:36,766 [ERROR] LogOutputStream:75 - [STDERR_REDIRECT] 
2026-04-09 20:50:37,767 [ERROR] LogOutputStream:75 - [STDERR_REDIRECT] [Fatal Error] :1:1: Premature end of file.
2026-04-09 20:50:37,767 [ERROR] LogOutputStream:75 - [STDERR_REDIRECT] 
2026-04-09 20:50:38,765 [ERROR] LogOutputStream:75 - [STDERR_REDIRECT] [Fatal Error] :1:1: Premature end of file.
2026-04-09 20:50:38,765 [ERROR] LogOutputStream:75 - [STDERR_REDIRECT] 
2026-04-09 20:50:39,779 [ERROR] LogOutputStream:75 - [STDERR_REDIRECT] [Fatal Error] :1:1: Premature end of file.
2026-04-09 20:50:39,779 [ERROR] LogOutputStream:75 - [STDERR_REDIRECT] 
2026-04-09 20:50:40,769 [ERROR] LogOutputStream:75 - [STDERR_REDIRECT] [Fatal Error] :1:1: Premature end of file.
2026-04-09 20:50:40,769 [ERROR] LogOutputStream:75 - [STDERR_REDIRECT] 
2026-04-09 20:50:41,752 [ERROR] LogOutputStream:75 - [STDERR_REDIRECT] [Fatal Error] :1:1: Premature end of file.
2026-04-09 20:50:41,752 [ERROR] LogOutputStream:75 - [STDERR_REDIRECT] 
2026-04-09 20:50:42,784 [ERROR] LogOutputStream:75 - [STDERR_REDIRECT] [Fatal Error] :1:1: Premature end of file.
2026-04-09 20:50:42,784 [ERROR] LogOutputStream:75 - [STDERR_REDIRECT] 
2026-04-09 20:50:43,778 [ERROR] LogOutputStream:75 - [STDERR_REDIRECT] [Fatal Error] :1:1: Premature end of file.
2026-04-09 20:50:43,779 [ERROR] LogOutputStream:75 - [STDERR_REDIRECT] 
2026-04-09 20:50:44,780 [ERROR] LogOutputStream:75 - [STDERR_REDIRECT] [Fatal Error] :1:1: Premature end of file.
2026-04-09 20:50:44,780 [ERROR] LogOutputStream:75 - [STDERR_REDIRECT] 
2026-04-09 20:50:45,754 [ERROR] LogOutputStream:75 - [STDERR_REDIRECT] [Fatal Error] :1:1: Premature end of file.
2026-04-09 20:50:45,755 [ERROR] LogOutputStream:75 - [STDERR_REDIRECT] 
2026-04-09 20:50:46,766 [ERROR] LogOutputStream:75 - [STDERR_REDIRECT] [Fatal Error] :1:1: Premature end of file.
2026-04-09 20:50:46,766 [ERROR] LogOutputStream:75 - [STDERR_REDIRECT] 
2026-04-09 20:50:47,763 [ERROR] LogOutputStream:75 - [STDERR_REDIRECT] [Fatal Error] :1:1: Premature end of file.
2026-04-09 20:50:47,764 [ERROR] LogOutputStream:75 - [STDERR_REDIRECT] 
2026-04-09 20:50:48,775 [ERROR] LogOutputStream:75 - [STDERR_REDIRECT] [Fatal Error] :1:1: Premature end of file.
2026-04-09 20:50:48,776 [ERROR] LogOutputStream:75 - [STDERR_REDIRECT] 
2026-04-09 20:50:49,782 [ERROR] LogOutputStream:75 - [STDERR_REDIRECT] [Fatal Error] :1:1: Premature end of file.
2026-04-09 20:50:49,782 [ERROR] LogOutputStream:75 - [STDERR_REDIRECT] 
2026-04-09 20:50:50,774 [ERROR] LogOutputStream:75 - [STDERR_REDIRECT] [Fatal Error] :1:1: Premature end of file.
2026-04-09 20:50:50,775 [ERROR] LogOutputStream:75 - [STDERR_REDIRECT] 
2026-04-09 20:50:51,797 [ERROR] LogOutputStream:75 - [STDERR_REDIRECT] [Fatal Error] :1:1: Premature end of file.
2026-04-09 20:50:51,797 [ERROR] LogOutputStream:75 - [STDERR_REDIRECT] 
2026-04-09 20:50:52,780 [ERROR] LogOutputStream:75 - [STDERR_REDIRECT] [Fatal Error] :1:1: Premature end of file.
2026-04-09 20:50:52,780 [ERROR] LogOutputStream:75 - [STDERR_REDIRECT] 
2026-04-09 20:50:53,765 [ERROR] LogOutputStream:75 - [STDERR_REDIRECT] [Fatal Error] :1:1: Premature end of file.
2026-04-09 20:50:53,765 [ERROR] LogOutputStream:75 - [STDERR_REDIRECT] 
2026-04-09 20:50:54,777 [ERROR] LogOutputStream:75 - [STDERR_REDIRECT] [Fatal Error] :1:1: Premature end of file.
2026-04-09 20:50:54,777 [ERROR] LogOutputStream:75 - [STDERR_REDIRECT] 
2026-04-09 20:50:55,788 [ERROR] LogOutputStream:75 - [STDERR_REDIRECT] [Fatal Error] :1:1: Premature end of file.
2026-04-09 20:50:55,789 [ERROR] LogOutputStream:75 - [STDERR_REDIRECT] 
2026-04-09 20:50:56,776 [ERROR] LogOutputStream:75 - [STDERR_REDIRECT] [Fatal Error] :1:1: Premature end of file.
2026-04-09 20:50:56,776 [ERROR] LogOutputStream:75 - [STDERR_REDIRECT] 
2026-04-09 20:50:57,790 [ERROR] LogOutputStream:75 - [STDERR_REDIRECT] [Fatal Error] :1:1: Premature end of file.
2026-04-09 20:50:57,790 [ERROR] LogOutputStream:75 - [STDERR_REDIRECT] 
2026-04-09 20:50:58,772 [ERROR] LogOutputStream:75 - [STDERR_REDIRECT] [Fatal Error] :1:1: Premature end of file.
2026-04-09 20:50:58,772 [ERROR] LogOutputStream:75 - [STDERR_REDIRECT] 
2026-04-09 20:50:59,778 [ERROR] LogOutputStream:75 - [STDERR_REDIRECT] [Fatal Error] :1:1: Premature end of file.
2026-04-09 20:50:59,778 [ERROR] LogOutputStream:75 - [STDERR_REDIRECT] 
2026-04-09 20:51:00,766 [ERROR] LogOutputStream:75 - [STDERR_REDIRECT] [Fatal Error] :1:1: Premature end of file.
2026-04-09 20:51:00,767 [ERROR] LogOutputStream:75 - [STDERR_REDIRECT] 
2026-04-09 20:51:01,782 [ERROR] LogOutputStream:75 - [STDERR_REDIRECT] [Fatal Error] :1:1: Premature end of file.
2026-04-09 20:51:01,783 [ERROR] LogOutputStream:75 - [STDERR_REDIRECT] 
2026-04-09 20:51:02,742 [ERROR] LogOutputStream:75 - [STDERR_REDIRECT] [Fatal Error] :1:1: Premature end of file.
2026-04-09 20:51:02,743 [ERROR] LogOutputStream:75 - [STDERR_REDIRECT] 
2026-04-09 20:51:03,785 [ERROR] LogOutputStream:75 - [STDERR_REDIRECT] [Fatal Error] :1:1: Premature end of file.
2026-04-09 20:51:03,786 [ERROR] LogOutputStream:75 - [STDERR_REDIRECT] 
2026-04-09 20:51:04,773 [ERROR] LogOutputStream:75 - [STDERR_REDIRECT] [Fatal Error] :1:1: Premature end of file.
2026-04-09 20:51:04,773 [ERROR] LogOutputStream:75 - [STDERR_REDIRECT] 
2026-04-09 20:51:05,784 [ERROR] LogOutputStream:75 - [STDERR_REDIRECT] [Fatal Error] :1:1: Premature end of file.
2026-04-09 20:51:05,784 [ERROR] LogOutputStream:75 - [STDERR_REDIRECT] 
2026-04-09 20:51:06,777 [ERROR] LogOutputStream:75 - [STDERR_REDIRECT] [Fatal Error] :1:1: Premature end of file.
2026-04-09 20:51:06,777 [ERROR] LogOutputStream:75 - [STDERR_REDIRECT] 
2026-04-09 20:51:07,777 [ERROR] LogOutputStream:75 - [STDERR_REDIRECT] [Fatal Error] :1:1: Premature end of file.
2026-04-09 20:51:07,777 [ERROR] LogOutputStream:75 - [STDERR_REDIRECT] 
2026-04-09 20:51:08,778 [ERROR] LogOutputStream:75 - [STDERR_REDIRECT] [Fatal Error] :1:1: Premature end of file.
2026-04-09 20:51:08,781 [ERROR] LogOutputStream:75 - [STDERR_REDIRECT] 
2026-04-09 20:51:09,759 [ERROR] LogOutputStream:75 - [STDERR_REDIRECT] [Fatal Error] :1:1: Premature end of file.
2026-04-09 20:51:09,760 [ERROR] LogOutputStream:75 - [STDERR_REDIRECT] 
2026-04-09 20:51:10,775 [ERROR] LogOutputStream:75 - [STDERR_REDIRECT] [Fatal Error] :1:1: Premature end of file.
2026-04-09 20:51:10,775 [ERROR] LogOutputStream:75 - [STDERR_REDIRECT] 
2026-04-09 20:51:11,776 [ERROR] LogOutputStream:75 - [STDERR_REDIRECT] [Fatal Error] :1:1: Premature end of file.
2026-04-09 20:51:11,776 [ERROR] LogOutputStream:75 - [STDERR_REDIRECT] 
2026-04-09 20:51:12,777 [ERROR] LogOutputStream:75 - [STDERR_REDIRECT] [Fatal Error] :1:1: Premature end of file.
2026-04-09 20:51:12,777 [ERROR] LogOutputStream:75 - [STDERR_REDIRECT] 
2026-04-09 20:51:13,754 [ERROR] LogOutputStream:75 - [STDERR_REDIRECT] [Fatal Error] :1:1: Premature end of file.
2026-04-09 20:51:13,754 [ERROR] LogOutputStream:75 - [STDERR_REDIRECT] 
2026-04-09 20:51:14,776 [ERROR] LogOutputStream:75 - [STDERR_REDIRECT] [Fatal Error] :1:1: Premature end of file.
2026-04-09 20:51:14,776 [ERROR] LogOutputStream:75 - [STDERR_REDIRECT] 
2026-04-09 20:51:15,757 [ERROR] LogOutputStream:75 - [STDERR_REDIRECT] [Fatal Error] :1:1: Premature end of file.
2026-04-09 20:51:15,757 [ERROR] LogOutputStream:75 - [STDERR_REDIRECT] 
2026-04-09 20:51:16,794 [ERROR] LogOutputStream:75 - [STDERR_REDIRECT] [Fatal Error] :1:1: Premature end of file.
2026-04-09 20:51:16,794 [ERROR] LogOutputStream:75 - [STDERR_REDIRECT] 
2026-04-09 20:51:17,768 [ERROR] LogOutputStream:75 - [STDERR_REDIRECT] [Fatal Error] :1:1: Premature end of file.
2026-04-09 20:51:17,768 [ERROR] LogOutputStream:75 - [STDERR_REDIRECT] 
2026-04-09 20:51:18,790 [ERROR] LogOutputStream:75 - [STDERR_REDIRECT] [Fatal Error] :1:1: Premature end of file.
2026-04-09 20:51:18,791 [ERROR] LogOutputStream:75 - [STDERR_REDIRECT] 
2026-04-09 20:51:19,801 [ERROR] LogOutputStream:75 - [STDERR_REDIRECT] [Fatal Error] :1:1: Premature end of file.
2026-04-09 20:51:19,801 [ERROR] LogOutputStream:75 - [STDERR_REDIRECT] 
2026-04-09 20:51:20,782 [ERROR] LogOutputStream:75 - [STDERR_REDIRECT] [Fatal Error] :1:1: Premature end of file.
2026-04-09 20:51:20,782 [ERROR] LogOutputStream:75 - [STDERR_REDIRECT] 
2026-04-09 20:51:21,754 [ERROR] LogOutputStream:75 - [STDERR_REDIRECT] [Fatal Error] :1:1: Premature end of file.
2026-04-09 20:51:21,754 [ERROR] LogOutputStream:75 - [STDERR_REDIRECT] 
2026-04-09 20:51:22,775 [ERROR] LogOutputStream:75 - [STDERR_REDIRECT] [Fatal Error] :1:1: Premature end of file.
2026-04-09 20:51:22,776 [ERROR] LogOutputStream:75 - [STDERR_REDIRECT] 
2026-04-09 20:51:23,779 [ERROR] LogOutputStream:75 - [STDERR_REDIRECT] [Fatal Error] :1:1: Premature end of file.
2026-04-09 20:51:23,779 [ERROR] LogOutputStream:75 - [STDERR_REDIRECT] 
2026-04-09 20:51:24,780 [ERROR] LogOutputStream:75 - [STDERR_REDIRECT] [Fatal Error] :1:1: Premature end of file.
2026-04-09 20:51:24,780 [ERROR] LogOutputStream:75 - [STDERR_REDIRECT] 
2026-04-09 20:51:25,753 [ERROR] LogOutputStream:75 - [STDERR_REDIRECT] [Fatal Error] :1:1: Premature end of file.
2026-04-09 20:51:25,753 [ERROR] LogOutputStream:75 - [STDERR_REDIRECT] 
2026-04-09 20:51:26,766 [ERROR] LogOutputStream:75 - [STDERR_REDIRECT] [Fatal Error] :1:1: Premature end of file.
2026-04-09 20:51:26,766 [ERROR] LogOutputStream:75 - [STDERR_REDIRECT] 
2026-04-09 20:51:27,769 [ERROR] LogOutputStream:75 - [STDERR_REDIRECT] [Fatal Error] :1:1: Premature end of file.
2026-04-09 20:51:27,769 [ERROR] LogOutputStream:75 - [STDERR_REDIRECT] 
2026-04-09 20:51:28,772 [ERROR] LogOutputStream:75 - [STDERR_REDIRECT] [Fatal Error] :1:1: Premature end of file.
2026-04-09 20:51:28,772 [ERROR] LogOutputStream:75 - [STDERR_REDIRECT] 
2026-04-09 20:51:29,810 [ERROR] LogOutputStream:75 - [STDERR_REDIRECT] [Fatal Error] :1:1: Premature end of file.
2026-04-09 20:51:29,810 [ERROR] LogOutputStream:75 - [STDERR_REDIRECT] 
2026-04-09 20:51:30,776 [ERROR] LogOutputStream:75 - [STDERR_REDIRECT] [Fatal Error] :1:1: Premature end of file.
2026-04-09 20:51:30,777 [ERROR] LogOutputStream:75 - [STDERR_REDIRECT] 
2026-04-09 20:51:31,779 [ERROR] LogOutputStream:75 - [STDERR_REDIRECT] [Fatal Error] :1:1: Premature end of file.
2026-04-09 20:51:31,779 [ERROR] LogOutputStream:75 - [STDERR_REDIRECT] 
2026-04-09 20:51:32,781 [ERROR] LogOutputStream:75 - [STDERR_REDIRECT] [Fatal Error] :1:1: Premature end of file.
2026-04-09 20:51:32,782 [ERROR] LogOutputStream:75 - [STDERR_REDIRECT] 
2026-04-09 20:51:33,781 [ERROR] LogOutputStream:75 - [STDERR_REDIRECT] [Fatal Error] :1:1: Premature end of file.
2026-04-09 20:51:33,781 [ERROR] LogOutputStream:75 - [STDERR_REDIRECT] 
2026-04-09 20:51:34,794 [ERROR] LogOutputStream:75 - [STDERR_REDIRECT] [Fatal Error] :1:1: Premature end of file.
2026-04-09 20:51:34,795 [ERROR] LogOutputStream:75 - [STDERR_REDIRECT] 
2026-04-09 20:51:35,785 [ERROR] LogOutputStream:75 - [STDERR_REDIRECT] [Fatal Error] :1:1: Premature end of file.
2026-04-09 20:51:35,786 [ERROR] LogOutputStream:75 - [STDERR_REDIRECT] 
2026-04-09 20:51:36,767 [ERROR] LogOutputStream:75 - [STDERR_REDIRECT] [Fatal Error] :1:1: Premature end of file.
2026-04-09 20:51:36,767 [ERROR] LogOutputStream:75 - [STDERR_REDIRECT] 
2026-04-09 20:51:37,757 [ERROR] LogOutputStream:75 - [STDERR_REDIRECT] [Fatal Error] :1:1: Premature end of file.
2026-04-09 20:51:37,757 [ERROR] LogOutputStream:75 - [STDERR_REDIRECT] 
2026-04-09 20:51:38,775 [ERROR] LogOutputStream:75 - [STDERR_REDIRECT] [Fatal Error] :1:1: Premature end of file.
2026-04-09 20:51:38,775 [ERROR] LogOutputStream:75 - [STDERR_REDIRECT] 
2026-04-09 20:51:39,808 [ERROR] LogOutputStream:75 - [STDERR_REDIRECT] [Fatal Error] :1:1: Premature end of file.
2026-04-09 20:51:39,808 [ERROR] LogOutputStream:75 - [STDERR_REDIRECT] 
2026-04-09 20:51:40,780 [ERROR] LogOutputStream:75 - [STDERR_REDIRECT] [Fatal Error] :1:1: Premature end of file.
2026-04-09 20:51:40,780 [ERROR] LogOutputStream:75 - [STDERR_REDIRECT] 
2026-04-09 20:51:41,783 [ERROR] LogOutputStream:75 - [STDERR_REDIRECT] [Fatal Error] :1:1: Premature end of file.
2026-04-09 20:51:41,783 [ERROR] LogOutputStream:75 - [STDERR_REDIRECT] 
2026-04-09 20:51:42,785 [ERROR] LogOutputStream:75 - [STDERR_REDIRECT] [Fatal Error] :1:1: Premature end of file.
2026-04-09 20:51:42,785 [ERROR] LogOutputStream:75 - [STDERR_REDIRECT] 
2026-04-09 20:51:43,780 [ERROR] LogOutputStream:75 - [STDERR_REDIRECT] [Fatal Error] :1:1: Premature end of file.
2026-04-09 20:51:43,780 [ERROR] LogOutputStream:75 - [STDERR_REDIRECT] 
2026-04-09 20:51:44,784 [ERROR] LogOutputStream:75 - [STDERR_REDIRECT] [Fatal Error] :1:1: Premature end of file.
2026-04-09 20:51:44,784 [ERROR] LogOutputStream:75 - [STDERR_REDIRECT] 
2026-04-09 20:51:45,788 [ERROR] LogOutputStream:75 - [STDERR_REDIRECT] [Fatal Error] :1:1: Premature end of file.
2026-04-09 20:51:45,789 [ERROR] LogOutputStream:75 - [STDERR_REDIRECT] 
2026-04-09 20:51:46,769 [ERROR] LogOutputStream:75 - [STDERR_REDIRECT] [Fatal Error] :1:1: Premature end of file.
2026-04-09 20:51:46,769 [ERROR] LogOutputStream:75 - [STDERR_REDIRECT] 
2026-04-09 20:51:47,824 [ERROR] LogOutputStream:75 - [STDERR_REDIRECT] [Fatal Error] :1:1: Premature end of file.
2026-04-09 20:51:47,824 [ERROR] LogOutputStream:75 - [STDERR_REDIRECT] 
2026-04-09 20:51:48,774 [ERROR] LogOutputStream:75 - [STDERR_REDIRECT] [Fatal Error] :1:1: Premature end of file.
2026-04-09 20:51:48,774 [ERROR] LogOutputStream:75 - [STDERR_REDIRECT] 
2026-04-09 20:51:49,790 [ERROR] LogOutputStream:75 - [STDERR_REDIRECT] [Fatal Error] :1:1: Premature end of file.
2026-04-09 20:51:49,790 [ERROR] LogOutputStream:75 - [STDERR_REDIRECT] 
2026-04-09 20:51:50,783 [ERROR] LogOutputStream:75 - [STDERR_REDIRECT] [Fatal Error] :1:1: Premature end of file.
2026-04-09 20:51:50,784 [ERROR] LogOutputStream:75 - [STDERR_REDIRECT] 
2026-04-09 20:51:51,782 [ERROR] LogOutputStream:75 - [STDERR_REDIRECT] [Fatal Error] :1:1: Premature end of file.
2026-04-09 20:51:51,782 [ERROR] LogOutputStream:75 - [STDERR_REDIRECT] 
2026-04-09 20:51:52,782 [ERROR] LogOutputStream:75 - [STDERR_REDIRECT] [Fatal Error] :1:1: Premature end of file.
2026-04-09 20:51:52,782 [ERROR] LogOutputStream:75 - [STDERR_REDIRECT] 
2026-04-09 20:51:53,784 [ERROR] LogOutputStream:75 - [STDERR_REDIRECT] [Fatal Error] :1:1: Premature end of file.
2026-04-09 20:51:53,785 [ERROR] LogOutputStream:75 - [STDERR_REDIRECT] 
2026-04-09 20:51:54,795 [ERROR] LogOutputStream:75 - [STDERR_REDIRECT] [Fatal Error] :1:1: Premature end of file.
2026-04-09 20:51:54,796 [ERROR] LogOutputStream:75 - [STDERR_REDIRECT] 
2026-04-09 20:51:55,777 [ERROR] LogOutputStream:75 - [STDERR_REDIRECT] [Fatal Error] :1:1: Premature end of file.
2026-04-09 20:51:55,777 [ERROR] LogOutputStream:75 - [STDERR_REDIRECT] 
2026-04-09 20:51:56,790 [ERROR] LogOutputStream:75 - [STDERR_REDIRECT] [Fatal Error] :1:1: Premature end of file.
2026-04-09 20:51:56,790 [ERROR] LogOutputStream:75 - [STDERR_REDIRECT] 
2026-04-09 20:51:57,798 [ERROR] LogOutputStream:75 - [STDERR_REDIRECT] [Fatal Error] :1:1: Premature end of file.
2026-04-09 20:51:57,798 [ERROR] LogOutputStream:75 - [STDERR_REDIRECT] 
2026-04-09 20:51:58,804 [ERROR] LogOutputStream:75 - [STDERR_REDIRECT] [Fatal Error] :1:1: Premature end of file.
2026-04-09 20:51:58,805 [ERROR] LogOutputStream:75 - [STDERR_REDIRECT] 
2026-04-09 20:51:59,795 [ERROR] LogOutputStream:75 - [STDERR_REDIRECT] [Fatal Error] :1:1: Premature end of file.
2026-04-09 20:51:59,795 [ERROR] LogOutputStream:75 - [STDERR_REDIRECT] 
2026-04-09 20:52:00,784 [ERROR] LogOutputStream:75 - [STDERR_REDIRECT] [Fatal Error] :1:1: Premature end of file.
2026-04-09 20:52:00,784 [ERROR] LogOutputStream:75 - [STDERR_REDIRECT] 
2026-04-09 20:52:01,797 [ERROR] LogOutputStream:75 - [STDERR_REDIRECT] [Fatal Error] :1:1: Premature end of file.
2026-04-09 20:52:01,797 [ERROR] LogOutputStream:75 - [STDERR_REDIRECT] 
2026-04-09 20:52:02,761 [ERROR] LogOutputStream:75 - [STDERR_REDIRECT] [Fatal Error] :1:1: Premature end of file.
2026-04-09 20:52:02,761 [ERROR] LogOutputStream:75 - [STDERR_REDIRECT] 
2026-04-09 20:52:03,774 [ERROR] LogOutputStream:75 - [STDERR_REDIRECT] [Fatal Error] :1:1: Premature end of file.
2026-04-09 20:52:03,774 [ERROR] LogOutputStream:75 - [STDERR_REDIRECT] 
2026-04-09 20:52:04,761 [ERROR] LogOutputStream:75 - [STDERR_REDIRECT] [Fatal Error] :1:1: Premature end of file.
2026-04-09 20:52:04,761 [ERROR] LogOutputStream:75 - [STDERR_REDIRECT] 
2026-04-09 20:52:05,778 [ERROR] LogOutputStream:75 - [STDERR_REDIRECT] [Fatal Error] :1:1: Premature end of file.
2026-04-09 20:52:05,778 [ERROR] LogOutputStream:75 - [STDERR_REDIRECT] 
2026-04-09 20:52:06,772 [ERROR] LogOutputStream:75 - [STDERR_REDIRECT] [Fatal Error] :1:1: Premature end of file.
2026-04-09 20:52:06,772 [ERROR] LogOutputStream:75 - [STDERR_REDIRECT] 
2026-04-09 20:52:07,774 [ERROR] LogOutputStream:75 - [STDERR_REDIRECT] [Fatal Error] :1:1: Premature end of file.
2026-04-09 20:52:07,774 [ERROR] LogOutputStream:75 - [STDERR_REDIRECT] 
2026-04-09 20:52:08,758 [ERROR] LogOutputStream:75 - [STDERR_REDIRECT] [Fatal Error] :1:1: Premature end of file.
2026-04-09 20:52:08,758 [ERROR] LogOutputStream:75 - [STDERR_REDIRECT] 
2026-04-09 20:52:09,776 [ERROR] LogOutputStream:75 - [STDERR_REDIRECT] [Fatal Error] :1:1: Premature end of file.
2026-04-09 20:52:09,777 [ERROR] LogOutputStream:75 - [STDERR_REDIRECT] 
2026-04-09 20:52:10,776 [ERROR] LogOutputStream:75 - [STDERR_REDIRECT] [Fatal Error] :1:1: Premature end of file.
2026-04-09 20:52:10,776 [ERROR] LogOutputStream:75 - [STDERR_REDIRECT] 
2026-04-09 20:52:11,773 [ERROR] LogOutputStream:75 - [STDERR_REDIRECT] [Fatal Error] :1:1: Premature end of file.
2026-04-09 20:52:11,774 [ERROR] LogOutputStream:75 - [STDERR_REDIRECT] 
2026-04-09 20:52:12,767 [ERROR] LogOutputStream:75 - [STDERR_REDIRECT] [Fatal Error] :1:1: Premature end of file.
2026-04-09 20:52:12,767 [ERROR] LogOutputStream:75 - [STDERR_REDIRECT] 
2026-04-09 20:52:13,770 [ERROR] LogOutputStream:75 - [STDERR_REDIRECT] [Fatal Error] :1:1: Premature end of file.
2026-04-09 20:52:13,771 [ERROR] LogOutputStream:75 - [STDERR_REDIRECT] 
2026-04-09 20:52:14,773 [ERROR] LogOutputStream:75 - [STDERR_REDIRECT] [Fatal Error] :1:1: Premature end of file.
2026-04-09 20:52:14,773 [ERROR] LogOutputStream:75 - [STDERR_REDIRECT] 
2026-04-09 20:52:15,781 [ERROR] LogOutputStream:75 - [STDERR_REDIRECT] [Fatal Error] :1:1: Premature end of file.
2026-04-09 20:52:15,781 [ERROR] LogOutputStream:75 - [STDERR_REDIRECT] 
2026-04-09 20:52:16,775 [ERROR] LogOutputStream:75 - [STDERR_REDIRECT] [Fatal Error] :1:1: Premature end of file.
2026-04-09 20:52:16,775 [ERROR] LogOutputStream:75 - [STDERR_REDIRECT] 
2026-04-09 20:52:17,789 [ERROR] LogOutputStream:75 - [STDERR_REDIRECT] [Fatal Error] :1:1: Premature end of file.
2026-04-09 20:52:17,789 [ERROR] LogOutputStream:75 - [STDERR_REDIRECT] 
2026-04-09 20:52:18,801 [ERROR] LogOutputStream:75 - [STDERR_REDIRECT] [Fatal Error] :1:1: Premature end of file.
2026-04-09 20:52:18,801 [ERROR] LogOutputStream:75 - [STDERR_REDIRECT] 
2026-04-09 20:52:19,770 [ERROR] LogOutputStream:75 - [STDERR_REDIRECT] [Fatal Error] :1:1: Premature end of file.
2026-04-09 20:52:19,771 [ERROR] LogOutputStream:75 - [STDERR_REDIRECT] 
2026-04-09 20:52:20,750 [ERROR] LogOutputStream:75 - [STDERR_REDIRECT] [Fatal Error] :1:1: Premature end of file.
2026-04-09 20:52:20,750 [ERROR] LogOutputStream:75 - [STDERR_REDIRECT] 
2026-04-09 20:52:21,748 [ERROR] LogOutputStream:75 - [STDERR_REDIRECT] [Fatal Error] :1:1: Premature end of file.
2026-04-09 20:52:21,748 [ERROR] LogOutputStream:75 - [STDERR_REDIRECT] 
2026-04-09 20:52:22,761 [ERROR] LogOutputStream:75 - [STDERR_REDIRECT] [Fatal Error] :1:1: Premature end of file.
2026-04-09 20:52:22,762 [ERROR] LogOutputStream:75 - [STDERR_REDIRECT] 
2026-04-09 20:52:23,754 [ERROR] LogOutputStream:75 - [STDERR_REDIRECT] [Fatal Error] :1:1: Premature end of file.
2026-04-09 20:52:23,755 [ERROR] LogOutputStream:75 - [STDERR_REDIRECT] 
2026-04-09 20:52:24,766 [ERROR] LogOutputStream:75 - [STDERR_REDIRECT] [Fatal Error] :1:1: Premature end of file.
2026-04-09 20:52:24,766 [ERROR] LogOutputStream:75 - [STDERR_REDIRECT] 
2026-04-09 20:52:25,793 [ERROR] LogOutputStream:75 - [STDERR_REDIRECT] [Fatal Error] :1:1: Premature end of file.
2026-04-09 20:52:25,793 [ERROR] LogOutputStream:75 - [STDERR_REDIRECT] 
2026-04-09 20:52:26,782 [ERROR] LogOutputStream:75 - [STDERR_REDIRECT] [Fatal Error] :1:1: Premature end of file.
2026-04-09 20:52:26,782 [ERROR] LogOutputStream:75 - [STDERR_REDIRECT] 
2026-04-09 20:52:27,774 [ERROR] LogOutputStream:75 - [STDERR_REDIRECT] [Fatal Error] :1:1: Premature end of file.
2026-04-09 20:52:27,774 [ERROR] LogOutputStream:75 - [STDERR_REDIRECT] 
2026-04-09 20:52:28,779 [ERROR] LogOutputStream:75 - [STDERR_REDIRECT] [Fatal Error] :1:1: Premature end of file.
2026-04-09 20:52:28,779 [ERROR] LogOutputStream:75 - [STDERR_REDIRECT] 
2026-04-09 20:52:29,791 [ERROR] LogOutputStream:75 - [STDERR_REDIRECT] [Fatal Error] :1:1: Premature end of file.
2026-04-09 20:52:29,792 [ERROR] LogOutputStream:75 - [STDERR_REDIRECT] 
2026-04-09 20:52:30,772 [ERROR] LogOutputStream:75 - [STDERR_REDIRECT] [Fatal Error] :1:1: Premature end of file.
2026-04-09 20:52:30,772 [ERROR] LogOutputStream:75 - [STDERR_REDIRECT] 
2026-04-09 20:52:31,747 [ERROR] LogOutputStream:75 - [STDERR_REDIRECT] [Fatal Error] :1:1: Premature end of file.
2026-04-09 20:52:31,747 [ERROR] LogOutputStream:75 - [STDERR_REDIRECT] 
2026-04-09 20:52:32,769 [ERROR] LogOutputStream:75 - [STDERR_REDIRECT] [Fatal Error] :1:1: Premature end of file.
2026-04-09 20:52:32,770 [ERROR] LogOutputStream:75 - [STDERR_REDIRECT] 
2026-04-09 20:52:33,763 [ERROR] LogOutputStream:75 - [STDERR_REDIRECT] [Fatal Error] :1:1: Premature end of file.
2026-04-09 20:52:33,763 [ERROR] LogOutputStream:75 - [STDERR_REDIRECT] 
2026-04-09 20:52:34,757 [ERROR] LogOutputStream:75 - [STDERR_REDIRECT] [Fatal Error] :1:1: Premature end of file.
2026-04-09 20:52:34,757 [ERROR] LogOutputStream:75 - [STDERR_REDIRECT] 
2026-04-09 20:52:35,765 [ERROR] LogOutputStream:75 - [STDERR_REDIRECT] [Fatal Error] :1:1: Premature end of file.
2026-04-09 20:52:35,765 [ERROR] LogOutputStream:75 - [STDERR_REDIRECT] 
2026-04-09 20:52:36,772 [ERROR] LogOutputStream:75 - [STDERR_REDIRECT] [Fatal Error] :1:1: Premature end of file.
2026-04-09 20:52:36,772 [ERROR] LogOutputStream:75 - [STDERR_REDIRECT] 
2026-04-09 20:52:37,762 [ERROR] LogOutputStream:75 - [STDERR_REDIRECT] [Fatal Error] :1:1: Premature end of file.
2026-04-09 20:52:37,763 [ERROR] LogOutputStream:75 - [STDERR_REDIRECT] 
2026-04-09 20:52:38,777 [ERROR] LogOutputStream:75 - [STDERR_REDIRECT] [Fatal Error] :1:1: Premature end of file.
2026-04-09 20:52:38,777 [ERROR] LogOutputStream:75 - [STDERR_REDIRECT] 
2026-04-09 20:52:39,776 [ERROR] LogOutputStream:75 - [STDERR_REDIRECT] [Fatal Error] :1:1: Premature end of file.
2026-04-09 20:52:39,776 [ERROR] LogOutputStream:75 - [STDERR_REDIRECT] 
2026-04-09 20:52:40,768 [ERROR] LogOutputStream:75 - [STDERR_REDIRECT] [Fatal Error] :1:1: Premature end of file.
2026-04-09 20:52:40,768 [ERROR] LogOutputStream:75 - [STDERR_REDIRECT] 
2026-04-09 20:52:41,776 [ERROR] LogOutputStream:75 - [STDERR_REDIRECT] [Fatal Error] :1:1: Premature end of file.
2026-04-09 20:52:41,776 [ERROR] LogOutputStream:75 - [STDERR_REDIRECT] 
2026-04-09 20:52:42,803 [ERROR] LogOutputStream:75 - [STDERR_REDIRECT] [Fatal Error] :1:1: Premature end of file.
2026-04-09 20:52:42,803 [ERROR] LogOutputStream:75 - [STDERR_REDIRECT] 
2026-04-09 20:52:43,769 [ERROR] LogOutputStream:75 - [STDERR_REDIRECT] [Fatal Error] :1:1: Premature end of file.
2026-04-09 20:52:43,769 [ERROR] LogOutputStream:75 - [STDERR_REDIRECT] 
2026-04-09 20:52:44,775 [ERROR] LogOutputStream:75 - [STDERR_REDIRECT] [Fatal Error] :1:1: Premature end of file.
2026-04-09 20:52:44,775 [ERROR] LogOutputStream:75 - [STDERR_REDIRECT] 
2026-04-09 20:52:45,779 [ERROR] LogOutputStream:75 - [STDERR_REDIRECT] [Fatal Error] :1:1: Premature end of file.
2026-04-09 20:52:45,779 [ERROR] LogOutputStream:75 - [STDERR_REDIRECT] 
2026-04-09 20:52:46,772 [ERROR] LogOutputStream:75 - [STDERR_REDIRECT] [Fatal Error] :1:1: Premature end of file.
2026-04-09 20:52:46,772 [ERROR] LogOutputStream:75 - [STDERR_REDIRECT] 
2026-04-09 20:52:47,780 [ERROR] LogOutputStream:75 - [STDERR_REDIRECT] [Fatal Error] :1:1: Premature end of file.
2026-04-09 20:52:47,780 [ERROR] LogOutputStream:75 - [STDERR_REDIRECT] 
2026-04-09 20:52:48,772 [ERROR] LogOutputStream:75 - [STDERR_REDIRECT] [Fatal Error] :1:1: Premature end of file.
2026-04-09 20:52:48,772 [ERROR] LogOutputStream:75 - [STDERR_REDIRECT] 
2026-04-09 20:52:49,777 [ERROR] LogOutputStream:75 - [STDERR_REDIRECT] [Fatal Error] :1:1: Premature end of file.
2026-04-09 20:52:49,777 [ERROR] LogOutputStream:75 - [STDERR_REDIRECT] 
2026-04-09 20:52:50,783 [ERROR] LogOutputStream:75 - [STDERR_REDIRECT] [Fatal Error] :1:1: Premature end of file.
2026-04-09 20:52:50,784 [ERROR] LogOutputStream:75 - [STDERR_REDIRECT] 
2026-04-09 20:52:51,780 [ERROR] LogOutputStream:75 - [STDERR_REDIRECT] [Fatal Error] :1:1: Premature end of file.
2026-04-09 20:52:51,781 [ERROR] LogOutputStream:75 - [STDERR_REDIRECT] 
2026-04-09 20:52:52,781 [ERROR] LogOutputStream:75 - [STDERR_REDIRECT] [Fatal Error] :1:1: Premature end of file.
2026-04-09 20:52:52,781 [ERROR] LogOutputStream:75 - [STDERR_REDIRECT] 
2026-04-09 20:52:53,781 [ERROR] LogOutputStream:75 - [STDERR_REDIRECT] [Fatal Error] :1:1: Premature end of file.
2026-04-09 20:52:53,781 [ERROR] LogOutputStream:75 - [STDERR_REDIRECT] 
2026-04-09 20:52:54,775 [ERROR] LogOutputStream:75 - [STDERR_REDIRECT] [Fatal Error] :1:1: Premature end of file.
2026-04-09 20:52:54,775 [ERROR] LogOutputStream:75 - [STDERR_REDIRECT] 
2026-04-09 20:52:55,782 [ERROR] LogOutputStream:75 - [STDERR_REDIRECT] [Fatal Error] :1:1: Premature end of file.
2026-04-09 20:52:55,784 [ERROR] LogOutputStream:75 - [STDERR_REDIRECT] 
2026-04-09 20:52:56,776 [ERROR] LogOutputStream:75 - [STDERR_REDIRECT] [Fatal Error] :1:1: Premature end of file.
2026-04-09 20:52:56,776 [ERROR] LogOutputStream:75 - [STDERR_REDIRECT] 
2026-04-09 20:52:57,776 [ERROR] LogOutputStream:75 - [STDERR_REDIRECT] [Fatal Error] :1:1: Premature end of file.
2026-04-09 20:52:57,776 [ERROR] LogOutputStream:75 - [STDERR_REDIRECT] 
2026-04-09 20:52:58,777 [ERROR] LogOutputStream:75 - [STDERR_REDIRECT] [Fatal Error] :1:1: Premature end of file.
2026-04-09 20:52:58,777 [ERROR] LogOutputStream:75 - [STDERR_REDIRECT] 
2026-04-09 20:52:59,780 [ERROR] LogOutputStream:75 - [STDERR_REDIRECT] [Fatal Error] :1:1: Premature end of file.
2026-04-09 20:52:59,780 [ERROR] LogOutputStream:75 - [STDERR_REDIRECT] 
2026-04-09 20:53:00,776 [ERROR] LogOutputStream:75 - [STDERR_REDIRECT] [Fatal Error] :1:1: Premature end of file.
2026-04-09 20:53:00,776 [ERROR] LogOutputStream:75 - [STDERR_REDIRECT] 
2026-04-09 20:53:01,745 [ERROR] LogOutputStream:75 - [STDERR_REDIRECT] [Fatal Error] :1:1: Premature end of file.
2026-04-09 20:53:01,745 [ERROR] LogOutputStream:75 - [STDERR_REDIRECT] 
2026-04-09 20:53:02,779 [ERROR] LogOutputStream:75 - [STDERR_REDIRECT] [Fatal Error] :1:1: Premature end of file.
2026-04-09 20:53:02,779 [ERROR] LogOutputStream:75 - [STDERR_REDIRECT] 
2026-04-09 20:53:03,779 [ERROR] LogOutputStream:75 - [STDERR_REDIRECT] [Fatal Error] :1:1: Premature end of file.
2026-04-09 20:53:03,779 [ERROR] LogOutputStream:75 - [STDERR_REDIRECT] 
2026-04-09 20:53:04,788 [ERROR] LogOutputStream:75 - [STDERR_REDIRECT] [Fatal Error] :1:1: Premature end of file.
2026-04-09 20:53:04,788 [ERROR] LogOutputStream:75 - [STDERR_REDIRECT] 
2026-04-09 20:53:05,780 [ERROR] LogOutputStream:75 - [STDERR_REDIRECT] [Fatal Error] :1:1: Premature end of file.
2026-04-09 20:53:05,780 [ERROR] LogOutputStream:75 - [STDERR_REDIRECT] 
2026-04-09 20:53:06,779 [ERROR] LogOutputStream:75 - [STDERR_REDIRECT] [Fatal Error] :1:1: Premature end of file.
2026-04-09 20:53:06,779 [ERROR] LogOutputStream:75 - [STDERR_REDIRECT] 
2026-04-09 20:53:07,776 [ERROR] LogOutputStream:75 - [STDERR_REDIRECT] [Fatal Error] :1:1: Premature end of file.
2026-04-09 20:53:07,777 [ERROR] LogOutputStream:75 - [STDERR_REDIRECT] 
2026-04-09 20:53:08,781 [ERROR] LogOutputStream:75 - [STDERR_REDIRECT] [Fatal Error] :1:1: Premature end of file.
2026-04-09 20:53:08,781 [ERROR] LogOutputStream:75 - [STDERR_REDIRECT] 
2026-04-09 20:53:09,777 [ERROR] LogOutputStream:75 - [STDERR_REDIRECT] [Fatal Error] :1:1: Premature end of file.
2026-04-09 20:53:09,778 [ERROR] LogOutputStream:75 - [STDERR_REDIRECT] 
2026-04-09 20:53:10,767 [ERROR] LogOutputStream:75 - [STDERR_REDIRECT] [Fatal Error] :1:1: Premature end of file.
2026-04-09 20:53:10,767 [ERROR] LogOutputStream:75 - [STDERR_REDIRECT] 
2026-04-09 20:53:11,771 [ERROR] LogOutputStream:75 - [STDERR_REDIRECT] [Fatal Error] :1:1: Premature end of file.
2026-04-09 20:53:11,771 [ERROR] LogOutputStream:75 - [STDERR_REDIRECT] 
2026-04-09 20:53:12,758 [ERROR] LogOutputStream:75 - [STDERR_REDIRECT] [Fatal Error] :1:1: Premature end of file.
2026-04-09 20:53:12,758 [ERROR] LogOutputStream:75 - [STDERR_REDIRECT] 
2026-04-09 20:53:13,777 [ERROR] LogOutputStream:75 - [STDERR_REDIRECT] [Fatal Error] :1:1: Premature end of file.
2026-04-09 20:53:13,777 [ERROR] LogOutputStream:75 - [STDERR_REDIRECT] 
2026-04-09 20:53:14,765 [ERROR] LogOutputStream:75 - [STDERR_REDIRECT] [Fatal Error] :1:1: Premature end of file.
2026-04-09 20:53:14,765 [ERROR] LogOutputStream:75 - [STDERR_REDIRECT] 
2026-04-09 20:53:15,768 [ERROR] LogOutputStream:75 - [STDERR_REDIRECT] [Fatal Error] :1:1: Premature end of file.
2026-04-09 20:53:15,768 [ERROR] LogOutputStream:75 - [STDERR_REDIRECT] 
2026-04-09 20:53:16,780 [ERROR] LogOutputStream:75 - [STDERR_REDIRECT] [Fatal Error] :1:1: Premature end of file.
2026-04-09 20:53:16,780 [ERROR] LogOutputStream:75 - [STDERR_REDIRECT] 
2026-04-09 20:53:17,756 [ERROR] LogOutputStream:75 - [STDERR_REDIRECT] [Fatal Error] :1:1: Premature end of file.
2026-04-09 20:53:17,756 [ERROR] LogOutputStream:75 - [STDERR_REDIRECT] 
2026-04-09 20:53:18,787 [ERROR] LogOutputStream:75 - [STDERR_REDIRECT] [Fatal Error] :1:1: Premature end of file.
2026-04-09 20:53:18,787 [ERROR] LogOutputStream:75 - [STDERR_REDIRECT] 
2026-04-09 20:53:19,748 [ERROR] LogOutputStream:75 - [STDERR_REDIRECT] [Fatal Error] :1:1: Premature end of file.
2026-04-09 20:53:19,750 [ERROR] LogOutputStream:75 - [STDERR_REDIRECT] 
2026-04-09 20:53:20,775 [ERROR] LogOutputStream:75 - [STDERR_REDIRECT] [Fatal Error] :1:1: Premature end of file.
2026-04-09 20:53:20,775 [ERROR] LogOutputStream:75 - [STDERR_REDIRECT] 
2026-04-09 20:53:21,768 [ERROR] LogOutputStream:75 - [STDERR_REDIRECT] [Fatal Error] :1:1: Premature end of file.
2026-04-09 20:53:21,769 [ERROR] LogOutputStream:75 - [STDERR_REDIRECT] 
2026-04-09 20:53:22,768 [ERROR] LogOutputStream:75 - [STDERR_REDIRECT] [Fatal Error] :1:1: Premature end of file.
2026-04-09 20:53:22,769 [ERROR] LogOutputStream:75 - [STDERR_REDIRECT] 
2026-04-09 20:53:23,789 [ERROR] LogOutputStream:75 - [STDERR_REDIRECT] [Fatal Error] :1:1: Premature end of file.
2026-04-09 20:53:23,789 [ERROR] LogOutputStream:75 - [STDERR_REDIRECT] 
2026-04-09 20:53:24,793 [ERROR] LogOutputStream:75 - [STDERR_REDIRECT] [Fatal Error] :1:1: Premature end of file.
2026-04-09 20:53:24,794 [ERROR] LogOutputStream:75 - [STDERR_REDIRECT] 
2026-04-09 20:53:25,789 [ERROR] LogOutputStream:75 - [STDERR_REDIRECT] [Fatal Error] :1:1: Premature end of file.
2026-04-09 20:53:25,790 [ERROR] LogOutputStream:75 - [STDERR_REDIRECT] 
2026-04-09 20:53:26,759 [ERROR] LogOutputStream:75 - [STDERR_REDIRECT] [Fatal Error] :1:1: Premature end of file.
2026-04-09 20:53:26,759 [ERROR] LogOutputStream:75 - [STDERR_REDIRECT] 
2026-04-09 20:53:27,776 [ERROR] LogOutputStream:75 - [STDERR_REDIRECT] [Fatal Error] :1:1: Premature end of file.
2026-04-09 20:53:27,776 [ERROR] LogOutputStream:75 - [STDERR_REDIRECT] 
2026-04-09 20:53:28,792 [ERROR] LogOutputStream:75 - [STDERR_REDIRECT] [Fatal Error] :1:1: Premature end of file.
2026-04-09 20:53:28,792 [ERROR] LogOutputStream:75 - [STDERR_REDIRECT] 
2026-04-09 20:53:29,799 [ERROR] LogOutputStream:75 - [STDERR_REDIRECT] [Fatal Error] :1:1: Premature end of file.
2026-04-09 20:53:29,800 [ERROR] LogOutputStream:75 - [STDERR_REDIRECT] 
2026-04-09 20:53:30,784 [ERROR] LogOutputStream:75 - [STDERR_REDIRECT] [Fatal Error] :1:1: Premature end of file.
2026-04-09 20:53:30,784 [ERROR] LogOutputStream:75 - [STDERR_REDIRECT] 
2026-04-09 20:53:31,777 [ERROR] LogOutputStream:75 - [STDERR_REDIRECT] [Fatal Error] :1:1: Premature end of file.
2026-04-09 20:53:31,777 [ERROR] LogOutputStream:75 - [STDERR_REDIRECT] 
2026-04-09 20:53:32,789 [ERROR] LogOutputStream:75 - [STDERR_REDIRECT] [Fatal Error] :1:1: Premature end of file.
2026-04-09 20:53:32,790 [ERROR] LogOutputStream:75 - [STDERR_REDIRECT] 
2026-04-09 20:53:33,777 [ERROR] LogOutputStream:75 - [STDERR_REDIRECT] [Fatal Error] :1:1: Premature end of file.
2026-04-09 20:53:33,777 [ERROR] LogOutputStream:75 - [STDERR_REDIRECT] 
2026-04-09 20:53:34,794 [ERROR] LogOutputStream:75 - [STDERR_REDIRECT] [Fatal Error] :1:1: Premature end of file.
2026-04-09 20:53:34,795 [ERROR] LogOutputStream:75 - [STDERR_REDIRECT] 
2026-04-09 20:53:35,771 [ERROR] LogOutputStream:75 - [STDERR_REDIRECT] [Fatal Error] :1:1: Premature end of file.
2026-04-09 20:53:35,771 [ERROR] LogOutputStream:75 - [STDERR_REDIRECT] 
2026-04-09 20:53:36,792 [ERROR] LogOutputStream:75 - [STDERR_REDIRECT] [Fatal Error] :1:1: Premature end of file.
2026-04-09 20:53:36,792 [ERROR] LogOutputStream:75 - [STDERR_REDIRECT] 
2026-04-09 20:53:37,774 [ERROR] LogOutputStream:75 - [STDERR_REDIRECT] [Fatal Error] :1:1: Premature end of file.
2026-04-09 20:53:37,774 [ERROR] LogOutputStream:75 - [STDERR_REDIRECT] 
2026-04-09 20:53:38,783 [ERROR] LogOutputStream:75 - [STDERR_REDIRECT] [Fatal Error] :1:1: Premature end of file.
2026-04-09 20:53:38,783 [ERROR] LogOutputStream:75 - [STDERR_REDIRECT] 
2026-04-09 20:53:39,791 [ERROR] LogOutputStream:75 - [STDERR_REDIRECT] [Fatal Error] :1:1: Premature end of file.
2026-04-09 20:53:39,791 [ERROR] LogOutputStream:75 - [STDERR_REDIRECT] 
2026-04-09 20:53:40,776 [ERROR] LogOutputStream:75 - [STDERR_REDIRECT] [Fatal Error] :1:1: Premature end of file.
2026-04-09 20:53:40,776 [ERROR] LogOutputStream:75 - [STDERR_REDIRECT] 
2026-04-09 20:53:41,789 [ERROR] LogOutputStream:75 - [STDERR_REDIRECT] [Fatal Error] :1:1: Premature end of file.
2026-04-09 20:53:41,789 [ERROR] LogOutputStream:75 - [STDERR_REDIRECT] 
2026-04-09 20:53:42,789 [ERROR] LogOutputStream:75 - [STDERR_REDIRECT] [Fatal Error] :1:1: Premature end of file.
2026-04-09 20:53:42,789 [ERROR] LogOutputStream:75 - [STDERR_REDIRECT] 
2026-04-09 20:53:43,768 [ERROR] LogOutputStream:75 - [STDERR_REDIRECT] [Fatal Error] :1:1: Premature end of file.
2026-04-09 20:53:43,769 [ERROR] LogOutputStream:75 - [STDERR_REDIRECT] 
2026-04-09 20:53:44,825 [ERROR] LogOutputStream:75 - [STDERR_REDIRECT] [Fatal Error] :1:1: Premature end of file.
2026-04-09 20:53:44,826 [ERROR] LogOutputStream:75 - [STDERR_REDIRECT] 
2026-04-09 20:53:45,776 [ERROR] LogOutputStream:75 - [STDERR_REDIRECT] [Fatal Error] :1:1: Premature end of file.
2026-04-09 20:53:45,776 [ERROR] LogOutputStream:75 - [STDERR_REDIRECT] 
2026-04-09 20:53:46,796 [ERROR] LogOutputStream:75 - [STDERR_REDIRECT] [Fatal Error] :1:1: Premature end of file.
2026-04-09 20:53:46,796 [ERROR] LogOutputStream:75 - [STDERR_REDIRECT] 
2026-04-09 20:53:47,776 [ERROR] LogOutputStream:75 - [STDERR_REDIRECT] [Fatal Error] :1:1: Premature end of file.
2026-04-09 20:53:47,776 [ERROR] LogOutputStream:75 - [STDERR_REDIRECT] 
2026-04-09 20:53:48,781 [ERROR] LogOutputStream:75 - [STDERR_REDIRECT] [Fatal Error] :1:1: Premature end of file.
2026-04-09 20:53:48,781 [ERROR] LogOutputStream:75 - [STDERR_REDIRECT] 
2026-04-09 20:53:49,782 [ERROR] LogOutputStream:75 - [STDERR_REDIRECT] [Fatal Error] :1:1: Premature end of file.
2026-04-09 20:53:49,782 [ERROR] LogOutputStream:75 - [STDERR_REDIRECT] 
2026-04-09 20:53:50,799 [ERROR] LogOutputStream:75 - [STDERR_REDIRECT] [Fatal Error] :1:1: Premature end of file.
2026-04-09 20:53:50,800 [ERROR] LogOutputStream:75 - [STDERR_REDIRECT] 
2026-04-09 20:53:51,861 [ERROR] LogOutputStream:75 - [STDERR_REDIRECT] [Fatal Error] :1:1: Premature end of file.
2026-04-09 20:53:51,862 [ERROR] LogOutputStream:75 - [STDERR_REDIRECT] 
2026-04-09 20:53:52,791 [ERROR] LogOutputStream:75 - [STDERR_REDIRECT] [Fatal Error] :1:1: Premature end of file.
2026-04-09 20:53:52,792 [ERROR] LogOutputStream:75 - [STDERR_REDIRECT] 
2026-04-09 20:53:53,780 [ERROR] LogOutputStream:75 - [STDERR_REDIRECT] [Fatal Error] :1:1: Premature end of file.
2026-04-09 20:53:53,780 [ERROR] LogOutputStream:75 - [STDERR_REDIRECT] 
2026-04-09 20:53:54,791 [ERROR] LogOutputStream:75 - [STDERR_REDIRECT] [Fatal Error] :1:1: Premature end of file.
2026-04-09 20:53:54,791 [ERROR] LogOutputStream:75 - [STDERR_REDIRECT] 
2026-04-09 20:53:55,781 [ERROR] LogOutputStream:75 - [STDERR_REDIRECT] [Fatal Error] :1:1: Premature end of file.
2026-04-09 20:53:55,781 [ERROR] LogOutputStream:75 - [STDERR_REDIRECT] 
2026-04-09 20:53:56,788 [ERROR] LogOutputStream:75 - [STDERR_REDIRECT] [Fatal Error] :1:1: Premature end of file.
2026-04-09 20:53:56,788 [ERROR] LogOutputStream:75 - [STDERR_REDIRECT] 
2026-04-09 20:53:57,769 [ERROR] LogOutputStream:75 - [STDERR_REDIRECT] [Fatal Error] :1:1: Premature end of file.
2026-04-09 20:53:57,769 [ERROR] LogOutputStream:75 - [STDERR_REDIRECT] 
2026-04-09 20:53:58,781 [ERROR] LogOutputStream:75 - [STDERR_REDIRECT] [Fatal Error] :1:1: Premature end of file.
2026-04-09 20:53:58,781 [ERROR] LogOutputStream:75 - [STDERR_REDIRECT] 
2026-04-09 20:53:59,785 [ERROR] LogOutputStream:75 - [STDERR_REDIRECT] [Fatal Error] :1:1: Premature end of file.
2026-04-09 20:53:59,786 [ERROR] LogOutputStream:75 - [STDERR_REDIRECT] 
2026-04-09 20:54:00,807 [ERROR] LogOutputStream:75 - [STDERR_REDIRECT] [Fatal Error] :1:1: Premature end of file.
2026-04-09 20:54:00,807 [ERROR] LogOutputStream:75 - [STDERR_REDIRECT] 
2026-04-09 20:54:01,793 [ERROR] LogOutputStream:75 - [STDERR_REDIRECT] [Fatal Error] :1:1: Premature end of file.
2026-04-09 20:54:01,793 [ERROR] LogOutputStream:75 - [STDERR_REDIRECT] 
2026-04-09 20:54:02,806 [ERROR] LogOutputStream:75 - [STDERR_REDIRECT] [Fatal Error] :1:1: Premature end of file.
2026-04-09 20:54:02,806 [ERROR] LogOutputStream:75 - [STDERR_REDIRECT] 
2026-04-09 20:54:03,769 [ERROR] LogOutputStream:75 - [STDERR_REDIRECT] [Fatal Error] :1:1: Premature end of file.
2026-04-09 20:54:03,770 [ERROR] LogOutputStream:75 - [STDERR_REDIRECT] 
2026-04-09 20:54:04,772 [ERROR] LogOutputStream:75 - [STDERR_REDIRECT] [Fatal Error] :1:1: Premature end of file.
2026-04-09 20:54:04,773 [ERROR] LogOutputStream:75 - [STDERR_REDIRECT] 
2026-04-09 20:54:05,788 [ERROR] LogOutputStream:75 - [STDERR_REDIRECT] [Fatal Error] :1:1: Premature end of file.
2026-04-09 20:54:05,789 [ERROR] LogOutputStream:75 - [STDERR_REDIRECT] 
2026-04-09 20:54:06,782 [ERROR] LogOutputStream:75 - [STDERR_REDIRECT] [Fatal Error] :1:1: Premature end of file.
2026-04-09 20:54:06,782 [ERROR] LogOutputStream:75 - [STDERR_REDIRECT] 
2026-04-09 20:54:07,787 [ERROR] LogOutputStream:75 - [STDERR_REDIRECT] [Fatal Error] :1:1: Premature end of file.
2026-04-09 20:54:07,788 [ERROR] LogOutputStream:75 - [STDERR_REDIRECT] 
2026-04-09 20:54:08,780 [ERROR] LogOutputStream:75 - [STDERR_REDIRECT] [Fatal Error] :1:1: Premature end of file.
2026-04-09 20:54:08,781 [ERROR] LogOutputStream:75 - [STDERR_REDIRECT] 
2026-04-09 20:54:09,776 [ERROR] LogOutputStream:75 - [STDERR_REDIRECT] [Fatal Error] :1:1: Premature end of file.
2026-04-09 20:54:09,776 [ERROR] LogOutputStream:75 - [STDERR_REDIRECT] 
2026-04-09 20:54:10,778 [ERROR] LogOutputStream:75 - [STDERR_REDIRECT] [Fatal Error] :1:1: Premature end of file.
2026-04-09 20:54:10,778 [ERROR] LogOutputStream:75 - [STDERR_REDIRECT] 
2026-04-09 20:54:11,783 [ERROR] LogOutputStream:75 - [STDERR_REDIRECT] [Fatal Error] :1:1: Premature end of file.
2026-04-09 20:54:11,783 [ERROR] LogOutputStream:75 - [STDERR_REDIRECT] 
2026-04-09 20:54:12,787 [ERROR] LogOutputStream:75 - [STDERR_REDIRECT] [Fatal Error] :1:1: Premature end of file.
2026-04-09 20:54:12,787 [ERROR] LogOutputStream:75 - [STDERR_REDIRECT] 
2026-04-09 20:54:13,778 [ERROR] LogOutputStream:75 - [STDERR_REDIRECT] [Fatal Error] :1:1: Premature end of file.
2026-04-09 20:54:13,778 [ERROR] LogOutputStream:75 - [STDERR_REDIRECT] 
2026-04-09 20:54:14,805 [ERROR] LogOutputStream:75 - [STDERR_REDIRECT] [Fatal Error] :1:1: Premature end of file.
2026-04-09 20:54:14,806 [ERROR] LogOutputStream:75 - [STDERR_REDIRECT] 
2026-04-09 20:54:15,784 [ERROR] LogOutputStream:75 - [STDERR_REDIRECT] [Fatal Error] :1:1: Premature end of file.
2026-04-09 20:54:15,784 [ERROR] LogOutputStream:75 - [STDERR_REDIRECT] 
2026-04-09 20:54:16,794 [ERROR] LogOutputStream:75 - [STDERR_REDIRECT] [Fatal Error] :1:1: Premature end of file.
2026-04-09 20:54:16,794 [ERROR] LogOutputStream:75 - [STDERR_REDIRECT] 
2026-04-09 20:54:17,767 [ERROR] LogOutputStream:75 - [STDERR_REDIRECT] [Fatal Error] :1:1: Premature end of file.
2026-04-09 20:54:17,768 [ERROR] LogOutputStream:75 - [STDERR_REDIRECT] 
2026-04-09 20:54:18,776 [ERROR] LogOutputStream:75 - [STDERR_REDIRECT] [Fatal Error] :1:1: Premature end of file.
2026-04-09 20:54:18,776 [ERROR] LogOutputStream:75 - [STDERR_REDIRECT] 
2026-04-09 20:54:19,783 [ERROR] LogOutputStream:75 - [STDERR_REDIRECT] [Fatal Error] :1:1: Premature end of file.
2026-04-09 20:54:19,783 [ERROR] LogOutputStream:75 - [STDERR_REDIRECT] 
2026-04-09 20:54:20,791 [ERROR] LogOutputStream:75 - [STDERR_REDIRECT] [Fatal Error] :1:1: Premature end of file.
2026-04-09 20:54:20,791 [ERROR] LogOutputStream:75 - [STDERR_REDIRECT] 
2026-04-09 20:54:21,794 [ERROR] LogOutputStream:75 - [STDERR_REDIRECT] [Fatal Error] :1:1: Premature end of file.
2026-04-09 20:54:21,795 [ERROR] LogOutputStream:75 - [STDERR_REDIRECT] 
2026-04-09 20:54:22,779 [ERROR] LogOutputStream:75 - [STDERR_REDIRECT] [Fatal Error] :1:1: Premature end of file.
2026-04-09 20:54:22,779 [ERROR] LogOutputStream:75 - [STDERR_REDIRECT] 
2026-04-09 20:54:23,782 [ERROR] LogOutputStream:75 - [STDERR_REDIRECT] [Fatal Error] :1:1: Premature end of file.
2026-04-09 20:54:23,782 [ERROR] LogOutputStream:75 - [STDERR_REDIRECT] 
2026-04-09 20:54:24,791 [ERROR] LogOutputStream:75 - [STDERR_REDIRECT] [Fatal Error] :1:1: Premature end of file.
2026-04-09 20:54:24,791 [ERROR] LogOutputStream:75 - [STDERR_REDIRECT] 
2026-04-09 20:54:25,771 [ERROR] LogOutputStream:75 - [STDERR_REDIRECT] [Fatal Error] :1:1: Premature end of file.
2026-04-09 20:54:25,772 [ERROR] LogOutputStream:75 - [STDERR_REDIRECT] 
2026-04-09 20:54:26,779 [ERROR] LogOutputStream:75 - [STDERR_REDIRECT] [Fatal Error] :1:1: Premature end of file.
2026-04-09 20:54:26,780 [ERROR] LogOutputStream:75 - [STDERR_REDIRECT] 
2026-04-09 20:54:27,790 [ERROR] LogOutputStream:75 - [STDERR_REDIRECT] [Fatal Error] :1:1: Premature end of file.
2026-04-09 20:54:27,790 [ERROR] LogOutputStream:75 - [STDERR_REDIRECT] 
2026-04-09 20:54:28,779 [ERROR] LogOutputStream:75 - [STDERR_REDIRECT] [Fatal Error] :1:1: Premature end of file.
2026-04-09 20:54:28,779 [ERROR] LogOutputStream:75 - [STDERR_REDIRECT] 
2026-04-09 20:54:29,796 [ERROR] LogOutputStream:75 - [STDERR_REDIRECT] [Fatal Error] :1:1: Premature end of file.
2026-04-09 20:54:29,796 [ERROR] LogOutputStream:75 - [STDERR_REDIRECT] 
2026-04-09 20:54:30,801 [ERROR] LogOutputStream:75 - [STDERR_REDIRECT] [Fatal Error] :1:1: Premature end of file.
2026-04-09 20:54:30,802 [ERROR] LogOutputStream:75 - [STDERR_REDIRECT] 
2026-04-09 20:54:31,788 [ERROR] LogOutputStream:75 - [STDERR_REDIRECT] [Fatal Error] :1:1: Premature end of file.
2026-04-09 20:54:31,788 [ERROR] LogOutputStream:75 - [STDERR_REDIRECT] 
2026-04-09 20:54:32,794 [ERROR] LogOutputStream:75 - [STDERR_REDIRECT] [Fatal Error] :1:1: Premature end of file.
2026-04-09 20:54:32,795 [ERROR] LogOutputStream:75 - [STDERR_REDIRECT] 
2026-04-09 20:54:33,778 [ERROR] LogOutputStream:75 - [STDERR_REDIRECT] [Fatal Error] :1:1: Premature end of file.
2026-04-09 20:54:33,778 [ERROR] LogOutputStream:75 - [STDERR_REDIRECT] 
2026-04-09 20:54:34,777 [ERROR] LogOutputStream:75 - [STDERR_REDIRECT] [Fatal Error] :1:1: Premature end of file.
2026-04-09 20:54:34,777 [ERROR] LogOutputStream:75 - [STDERR_REDIRECT] 
2026-04-09 20:54:35,787 [ERROR] LogOutputStream:75 - [STDERR_REDIRECT] [Fatal Error] :1:1: Premature end of file.
2026-04-09 20:54:35,787 [ERROR] LogOutputStream:75 - [STDERR_REDIRECT] 
2026-04-09 20:54:36,782 [ERROR] LogOutputStream:75 - [STDERR_REDIRECT] [Fatal Error] :1:1: Premature end of file.
2026-04-09 20:54:36,782 [ERROR] LogOutputStream:75 - [STDERR_REDIRECT] 
2026-04-09 20:54:37,777 [ERROR] LogOutputStream:75 - [STDERR_REDIRECT] [Fatal Error] :1:1: Premature end of file.
2026-04-09 20:54:37,778 [ERROR] LogOutputStream:75 - [STDERR_REDIRECT] 
2026-04-09 20:54:38,789 [ERROR] LogOutputStream:75 - [STDERR_REDIRECT] [Fatal Error] :1:1: Premature end of file.
2026-04-09 20:54:38,790 [ERROR] LogOutputStream:75 - [STDERR_REDIRECT] 
2026-04-09 20:54:39,788 [ERROR] LogOutputStream:75 - [STDERR_REDIRECT] [Fatal Error] :1:1: Premature end of file.
2026-04-09 20:54:39,788 [ERROR] LogOutputStream:75 - [STDERR_REDIRECT] 
2026-04-09 20:54:40,760 [ERROR] LogOutputStream:75 - [STDERR_REDIRECT] [Fatal Error] :1:1: Premature end of file.
2026-04-09 20:54:40,760 [ERROR] LogOutputStream:75 - [STDERR_REDIRECT] 
2026-04-09 20:54:41,776 [ERROR] LogOutputStream:75 - [STDERR_REDIRECT] [Fatal Error] :1:1: Premature end of file.
2026-04-09 20:54:41,776 [ERROR] LogOutputStream:75 - [STDERR_REDIRECT] 
2026-04-09 20:54:42,779 [ERROR] LogOutputStream:75 - [STDERR_REDIRECT] [Fatal Error] :1:1: Premature end of file.
2026-04-09 20:54:42,779 [ERROR] LogOutputStream:75 - [STDERR_REDIRECT] 
2026-04-09 20:54:43,768 [ERROR] LogOutputStream:75 - [STDERR_REDIRECT] [Fatal Error] :1:1: Premature end of file.
2026-04-09 20:54:43,770 [ERROR] LogOutputStream:75 - [STDERR_REDIRECT] 
2026-04-09 20:54:44,781 [ERROR] LogOutputStream:75 - [STDERR_REDIRECT] [Fatal Error] :1:1: Premature end of file.
2026-04-09 20:54:44,781 [ERROR] LogOutputStream:75 - [STDERR_REDIRECT] 
2026-04-09 20:54:45,771 [ERROR] LogOutputStream:75 - [STDERR_REDIRECT] [Fatal Error] :1:1: Premature end of file.
2026-04-09 20:54:45,771 [ERROR] LogOutputStream:75 - [STDERR_REDIRECT] 
2026-04-09 20:54:46,766 [ERROR] LogOutputStream:75 - [STDERR_REDIRECT] [Fatal Error] :1:1: Premature end of file.
2026-04-09 20:54:46,766 [ERROR] LogOutputStream:75 - [STDERR_REDIRECT] 
2026-04-09 20:54:47,797 [ERROR] LogOutputStream:75 - [STDERR_REDIRECT] [Fatal Error] :1:1: Premature end of file.
2026-04-09 20:54:47,798 [ERROR] LogOutputStream:75 - [STDERR_REDIRECT] 
2026-04-09 20:54:48,785 [ERROR] LogOutputStream:75 - [STDERR_REDIRECT] [Fatal Error] :1:1: Premature end of file.
2026-04-09 20:54:48,785 [ERROR] LogOutputStream:75 - [STDERR_REDIRECT] 
2026-04-09 20:54:49,783 [ERROR] LogOutputStream:75 - [STDERR_REDIRECT] [Fatal Error] :1:1: Premature end of file.
2026-04-09 20:54:49,784 [ERROR] LogOutputStream:75 - [STDERR_REDIRECT] 
2026-04-09 20:54:50,773 [ERROR] LogOutputStream:75 - [STDERR_REDIRECT] [Fatal Error] :1:1: Premature end of file.
2026-04-09 20:54:50,774 [ERROR] LogOutputStream:75 - [STDERR_REDIRECT] 
2026-04-09 20:54:51,801 [ERROR] LogOutputStream:75 - [STDERR_REDIRECT] [Fatal Error] :1:1: Premature end of file.
2026-04-09 20:54:51,801 [ERROR] LogOutputStream:75 - [STDERR_REDIRECT] 
2026-04-09 20:54:52,794 [ERROR] LogOutputStream:75 - [STDERR_REDIRECT] [Fatal Error] :1:1: Premature end of file.
2026-04-09 20:54:52,794 [ERROR] LogOutputStream:75 - [STDERR_REDIRECT] 
2026-04-09 20:54:53,764 [ERROR] LogOutputStream:75 - [STDERR_REDIRECT] [Fatal Error] :1:1: Premature end of file.
2026-04-09 20:54:53,764 [ERROR] LogOutputStream:75 - [STDERR_REDIRECT] 
2026-04-09 20:54:54,761 [ERROR] LogOutputStream:75 - [STDERR_REDIRECT] [Fatal Error] :1:1: Premature end of file.
2026-04-09 20:54:54,762 [ERROR] LogOutputStream:75 - [STDERR_REDIRECT] 
2026-04-09 20:54:55,780 [ERROR] LogOutputStream:75 - [STDERR_REDIRECT] [Fatal Error] :1:1: Premature end of file.
2026-04-09 20:54:55,780 [ERROR] LogOutputStream:75 - [STDERR_REDIRECT] 
2026-04-09 20:54:56,794 [ERROR] LogOutputStream:75 - [STDERR_REDIRECT] [Fatal Error] :1:1: Premature end of file.
2026-04-09 20:54:56,795 [ERROR] LogOutputStream:75 - [STDERR_REDIRECT] 
2026-04-09 20:54:57,787 [ERROR] LogOutputStream:75 - [STDERR_REDIRECT] [Fatal Error] :1:1: Premature end of file.
2026-04-09 20:54:57,787 [ERROR] LogOutputStream:75 - [STDERR_REDIRECT] 
2026-04-09 20:54:58,776 [ERROR] LogOutputStream:75 - [STDERR_REDIRECT] [Fatal Error] :1:1: Premature end of file.
2026-04-09 20:54:58,776 [ERROR] LogOutputStream:75 - [STDERR_REDIRECT] 
2026-04-09 20:54:59,767 [ERROR] LogOutputStream:75 - [STDERR_REDIRECT] [Fatal Error] :1:1: Premature end of file.
2026-04-09 20:54:59,768 [ERROR] LogOutputStream:75 - [STDERR_REDIRECT] 
2026-04-09 20:55:00,827 [ERROR] LogOutputStream:75 - [STDERR_REDIRECT] [Fatal Error] :1:1: Premature end of file.
2026-04-09 20:55:00,828 [ERROR] LogOutputStream:75 - [STDERR_REDIRECT] 
2026-04-09 20:55:01,784 [ERROR] LogOutputStream:75 - [STDERR_REDIRECT] [Fatal Error] :1:1: Premature end of file.
2026-04-09 20:55:01,784 [ERROR] LogOutputStream:75 - [STDERR_REDIRECT] 
2026-04-09 20:55:02,788 [ERROR] LogOutputStream:75 - [STDERR_REDIRECT] [Fatal Error] :1:1: Premature end of file.
2026-04-09 20:55:02,790 [ERROR] LogOutputStream:75 - [STDERR_REDIRECT] 
2026-04-09 20:55:03,782 [ERROR] LogOutputStream:75 - [STDERR_REDIRECT] [Fatal Error] :1:1: Premature end of file.
2026-04-09 20:55:03,782 [ERROR] LogOutputStream:75 - [STDERR_REDIRECT] 
2026-04-09 20:55:04,770 [ERROR] LogOutputStream:75 - [STDERR_REDIRECT] [Fatal Error] :1:1: Premature end of file.
2026-04-09 20:55:04,771 [ERROR] LogOutputStream:75 - [STDERR_REDIRECT] 
2026-04-09 20:55:05,799 [ERROR] LogOutputStream:75 - [STDERR_REDIRECT] [Fatal Error] :1:1: Premature end of file.
2026-04-09 20:55:05,799 [ERROR] LogOutputStream:75 - [STDERR_REDIRECT] 
2026-04-09 20:55:06,778 [ERROR] LogOutputStream:75 - [STDERR_REDIRECT] [Fatal Error] :1:1: Premature end of file.
2026-04-09 20:55:06,779 [ERROR] LogOutputStream:75 - [STDERR_REDIRECT] 
2026-04-09 20:55:08,353 [ERROR] LogOutputStream:75 - [STDERR_REDIRECT] [Fatal Error] :1:1: Premature end of file.
2026-04-09 20:55:08,354 [ERROR] LogOutputStream:75 - [STDERR_REDIRECT] 
2026-04-09 20:55:08,841 [ERROR] LogOutputStream:75 - [STDERR_REDIRECT] [Fatal Error] :1:1: Premature end of file.
2026-04-09 20:55:08,841 [ERROR] LogOutputStream:75 - [STDERR_REDIRECT] 
2026-04-09 20:55:10,063 [ERROR] LogOutputStream:75 - [STDERR_REDIRECT] [Fatal Error] :1:1: Premature end of file.
2026-04-09 20:55:10,064 [ERROR] LogOutputStream:75 - [STDERR_REDIRECT] 
2026-04-09 20:55:10,869 [ERROR] LogOutputStream:75 - [STDERR_REDIRECT] [Fatal Error] :1:1: Premature end of file.
2026-04-09 20:55:10,869 [ERROR] LogOutputStream:75 - [STDERR_REDIRECT] 
2026-04-09 20:55:11,790 [ERROR] LogOutputStream:75 - [STDERR_REDIRECT] [Fatal Error] :1:1: Premature end of file.
2026-04-09 20:55:11,791 [ERROR] LogOutputStream:75 - [STDERR_REDIRECT] 
2026-04-09 20:55:12,833 [ERROR] LogOutputStream:75 - [STDERR_REDIRECT] [Fatal Error] :1:1: Premature end of file.
2026-04-09 20:55:12,834 [ERROR] LogOutputStream:75 - [STDERR_REDIRECT] 
2026-04-09 20:55:14,334 [ERROR] LogOutputStream:75 - [STDERR_REDIRECT] [Fatal Error] :1:1: Premature end of file.
2026-04-09 20:55:14,336 [ERROR] LogOutputStream:75 - [STDERR_REDIRECT] 
2026-04-09 20:55:14,823 [ERROR] LogOutputStream:75 - [STDERR_REDIRECT] [Fatal Error] :1:1: Premature end of file.
2026-04-09 20:55:14,824 [ERROR] LogOutputStream:75 - [STDERR_REDIRECT] 
2026-04-09 20:55:15,850 [ERROR] LogOutputStream:75 - [STDERR_REDIRECT] [Fatal Error] :1:1: Premature end of file.
2026-04-09 20:55:15,850 [ERROR] LogOutputStream:75 - [STDERR_REDIRECT] 
2026-04-09 20:55:16,920 [ERROR] LogOutputStream:75 - [STDERR_REDIRECT] [Fatal Error] :1:1: Premature end of file.
2026-04-09 20:55:16,920 [ERROR] LogOutputStream:75 - [STDERR_REDIRECT] 
2026-04-09 20:55:17,931 [ERROR] LogOutputStream:75 - [STDERR_REDIRECT] [Fatal Error] :1:1: Premature end of file.
2026-04-09 20:55:17,932 [ERROR] LogOutputStream:75 - [STDERR_REDIRECT] 
2026-04-09 20:55:19,103 [ERROR] LogOutputStream:75 - [STDERR_REDIRECT] [Fatal Error] :1:1: Premature end of file.
2026-04-09 20:55:19,157 [ERROR] LogOutputStream:75 - [STDERR_REDIRECT] 
2026-04-09 20:55:19,886 [ERROR] LogOutputStream:75 - [STDERR_REDIRECT] [Fatal Error] :1:1: Premature end of file.
2026-04-09 20:55:19,886 [ERROR] LogOutputStream:75 - [STDERR_REDIRECT] 
2026-04-09 20:55:20,848 [ERROR] LogOutputStream:75 - [STDERR_REDIRECT] [Fatal Error] :1:1: Premature end of file.
2026-04-09 20:55:20,848 [ERROR] LogOutputStream:75 - [STDERR_REDIRECT] 
2026-04-09 20:55:21,802 [ERROR] LogOutputStream:75 - [STDERR_REDIRECT] [Fatal Error] :1:1: Premature end of file.
2026-04-09 20:55:21,803 [ERROR] LogOutputStream:75 - [STDERR_REDIRECT] 
2026-04-09 20:55:22,810 [ERROR] LogOutputStream:75 - [STDERR_REDIRECT] [Fatal Error] :1:1: Premature end of file.
2026-04-09 20:55:22,813 [ERROR] LogOutputStream:75 - [STDERR_REDIRECT] 
2026-04-09 20:55:23,810 [ERROR] LogOutputStream:75 - [STDERR_REDIRECT] [Fatal Error] :1:1: Premature end of file.
2026-04-09 20:55:23,811 [ERROR] LogOutputStream:75 - [STDERR_REDIRECT] 
2026-04-09 20:55:24,908 [ERROR] LogOutputStream:75 - [STDERR_REDIRECT] [Fatal Error] :1:1: Premature end of file.
2026-04-09 20:55:24,909 [ERROR] LogOutputStream:75 - [STDERR_REDIRECT] 
2026-04-09 20:55:26,559 [ERROR] LogOutputStream:75 - [STDERR_REDIRECT] [Fatal Error] :1:1: Premature end of file.
2026-04-09 20:55:26,680 [ERROR] LogOutputStream:75 - [STDERR_REDIRECT] 
2026-04-09 20:55:27,699 [ERROR] LogOutputStream:75 - [STDERR_REDIRECT] [Fatal Error] :1:1: Premature end of file.
2026-04-09 20:55:27,699 [ERROR] LogOutputStream:75 - [STDERR_REDIRECT] 
2026-04-09 20:55:28,500 [ERROR] LogOutputStream:75 - [STDERR_REDIRECT] [Fatal Error] :1:1: Premature end of file.
2026-04-09 20:55:28,500 [ERROR] LogOutputStream:75 - [STDERR_REDIRECT] 
2026-04-09 20:55:29,457 [ERROR] LogOutputStream:75 - [STDERR_REDIRECT] [Fatal Error] :1:1: Premature end of file.
2026-04-09 20:55:29,517 [ERROR] LogOutputStream:75 - [STDERR_REDIRECT] 
2026-04-09 20:55:31,267 [ERROR] LogOutputStream:75 - [STDERR_REDIRECT] [Fatal Error] :1:1: Premature end of file.
2026-04-09 20:55:31,268 [ERROR] LogOutputStream:75 - [STDERR_REDIRECT] 
2026-04-09 20:55:31,699 [ERROR] LogOutputStream:75 - [STDERR_REDIRECT] [Fatal Error] :1:1: Premature end of file.
2026-04-09 20:55:31,700 [ERROR] LogOutputStream:75 - [STDERR_REDIRECT] 
2026-04-09 20:55:32,539 [ERROR] LogOutputStream:75 - [STDERR_REDIRECT] [Fatal Error] :1:1: Premature end of file.
2026-04-09 20:55:32,540 [ERROR] LogOutputStream:75 - [STDERR_REDIRECT] 
2026-04-09 20:55:32,956 [ERROR] LogOutputStream:75 - [STDERR_REDIRECT] [Fatal Error] :1:1: Premature end of file.
2026-04-09 20:55:33,015 [ERROR] LogOutputStream:75 - [STDERR_REDIRECT] 
2026-04-09 20:55:33,781 [ERROR] LogOutputStream:75 - [STDERR_REDIRECT] [Fatal Error] :1:1: Premature end of file.
2026-04-09 20:55:33,781 [ERROR] LogOutputStream:75 - [STDERR_REDIRECT] 
2026-04-09 20:55:34,841 [ERROR] LogOutputStream:75 - [STDERR_REDIRECT] [Fatal Error] :1:1: Premature end of file.
2026-04-09 20:55:34,842 [ERROR] LogOutputStream:75 - [STDERR_REDIRECT] 
2026-04-09 20:55:40,448 [ERROR] LogOutputStream:75 - [STDERR_REDIRECT] [Fatal Error] :1:1: Premature end of file.
2026-04-09 20:55:40,465 [ERROR] LogOutputStream:75 - [STDERR_REDIRECT] 
2026-04-09 20:55:40,571 [ERROR] LogOutputStream:75 - [STDERR_REDIRECT] [Fatal Error] :1:1: Premature end of file.
2026-04-09 20:55:40,572 [ERROR] LogOutputStream:75 - [STDERR_REDIRECT] 
2026-04-09 20:55:40,609 [ERROR] LogOutputStream:75 - [STDERR_REDIRECT] [Fatal Error] :1:1: Premature end of file.
2026-04-09 20:55:40,609 [ERROR] LogOutputStream:75 - [STDERR_REDIRECT] 
2026-04-09 20:55:40,642 [ERROR] LogOutputStream:75 - [STDERR_REDIRECT] [Fatal Error] :1:1: Premature end of file.
2026-04-09 20:55:40,642 [ERROR] LogOutputStream:75 - [STDERR_REDIRECT] 
2026-04-09 20:55:40,681 [ERROR] LogOutputStream:75 - [STDERR_REDIRECT] [Fatal Error] :1:1: Premature end of file.
2026-04-09 20:55:40,681 [ERROR] LogOutputStream:75 - [STDERR_REDIRECT] 
2026-04-09 20:55:40,783 [ERROR] LogOutputStream:75 - [STDERR_REDIRECT] [Fatal Error] :1:1: Premature end of file.
2026-04-09 20:55:40,784 [ERROR] LogOutputStream:75 - [STDERR_REDIRECT] 
2026-04-09 20:55:41,788 [ERROR] LogOutputStream:75 - [STDERR_REDIRECT] [Fatal Error] :1:1: Premature end of file.
2026-04-09 20:55:41,788 [ERROR] LogOutputStream:75 - [STDERR_REDIRECT] 
2026-04-09 20:55:42,842 [ERROR] LogOutputStream:75 - [STDERR_REDIRECT] [Fatal Error] :1:1: Premature end of file.
2026-04-09 20:55:42,843 [ERROR] LogOutputStream:75 - [STDERR_REDIRECT] 
2026-04-09 20:55:43,944 [ERROR] LogOutputStream:75 - [STDERR_REDIRECT] [Fatal Error] :1:1: Premature end of file.
2026-04-09 20:55:44,003 [ERROR] LogOutputStream:75 - [STDERR_REDIRECT] 
2026-04-09 20:55:44,807 [ERROR] LogOutputStream:75 - [STDERR_REDIRECT] [Fatal Error] :1:1: Premature end of file.
2026-04-09 20:55:44,807 [ERROR] LogOutputStream:75 - [STDERR_REDIRECT] 
2026-04-09 20:55:48,713 [ERROR] LogOutputStream:75 - [STDERR_REDIRECT] [Fatal Error] :1:1: Premature end of file.
2026-04-09 20:55:48,715 [ERROR] LogOutputStream:75 - [STDERR_REDIRECT] 
2026-04-09 20:55:49,624 [ERROR] LogOutputStream:75 - [STDERR_REDIRECT] [Fatal Error] :1:1: Premature end of file.
2026-04-09 20:55:49,624 [ERROR] LogOutputStream:75 - [STDERR_REDIRECT] 
2026-04-09 20:55:49,690 [ERROR] LogOutputStream:75 - [STDERR_REDIRECT] [Fatal Error] :1:1: Premature end of file.
2026-04-09 20:55:49,690 [ERROR] LogOutputStream:75 - [STDERR_REDIRECT] 
2026-04-09 20:55:50,010 [ERROR] LogOutputStream:75 - [STDERR_REDIRECT] [Fatal Error] :1:1: Premature end of file.
2026-04-09 20:55:50,011 [ERROR] LogOutputStream:75 - [STDERR_REDIRECT] 
2026-04-09 20:55:50,075 [ERROR] LogOutputStream:75 - [STDERR_REDIRECT] [Fatal Error] :1:1: Premature end of file.
2026-04-09 20:55:50,075 [ERROR] LogOutputStream:75 - [STDERR_REDIRECT] 
2026-04-09 20:55:50,924 [ERROR] LogOutputStream:75 - [STDERR_REDIRECT] [Fatal Error] :1:1: Premature end of file.
2026-04-09 20:55:50,924 [ERROR] LogOutputStream:75 - [STDERR_REDIRECT] 
2026-04-09 20:55:51,768 [ERROR] LogOutputStream:75 - [STDERR_REDIRECT] [Fatal Error] :1:1: Premature end of file.
2026-04-09 20:55:51,768 [ERROR] LogOutputStream:75 - [STDERR_REDIRECT] 
2026-04-09 20:55:52,823 [ERROR] LogOutputStream:75 - [STDERR_REDIRECT] [Fatal Error] :1:1: Premature end of file.
2026-04-09 20:55:52,823 [ERROR] LogOutputStream:75 - [STDERR_REDIRECT] 
2026-04-09 20:55:53,808 [ERROR] LogOutputStream:75 - [STDERR_REDIRECT] [Fatal Error] :1:1: Premature end of file.
2026-04-09 20:55:53,808 [ERROR] LogOutputStream:75 - [STDERR_REDIRECT] 
2026-04-09 20:55:54,799 [ERROR] LogOutputStream:75 - [STDERR_REDIRECT] [Fatal Error] :1:1: Premature end of file.
2026-04-09 20:55:54,799 [ERROR] LogOutputStream:75 - [STDERR_REDIRECT] 
2026-04-09 20:55:55,797 [ERROR] LogOutputStream:75 - [STDERR_REDIRECT] [Fatal Error] :1:1: Premature end of file.
2026-04-09 20:55:55,799 [ERROR] LogOutputStream:75 - [STDERR_REDIRECT] 
2026-04-09 20:55:56,789 [ERROR] LogOutputStream:75 - [STDERR_REDIRECT] [Fatal Error] :1:1: Premature end of file.
2026-04-09 20:55:56,790 [ERROR] LogOutputStream:75 - [STDERR_REDIRECT] 
2026-04-09 20:55:57,765 [ERROR] LogOutputStream:75 - [STDERR_REDIRECT] [Fatal Error] :1:1: Premature end of file.
2026-04-09 20:55:57,766 [ERROR] LogOutputStream:75 - [STDERR_REDIRECT] 
2026-04-09 20:55:58,794 [ERROR] LogOutputStream:75 - [STDERR_REDIRECT] [Fatal Error] :1:1: Premature end of file.
2026-04-09 20:55:58,871 [ERROR] LogOutputStream:75 - [STDERR_REDIRECT] 
2026-04-09 20:55:59,876 [ERROR] LogOutputStream:75 - [STDERR_REDIRECT] [Fatal Error] :1:1: Premature end of file.
2026-04-09 20:55:59,876 [ERROR] LogOutputStream:75 - [STDERR_REDIRECT] 
2026-04-09 20:56:00,772 [ERROR] LogOutputStream:75 - [STDERR_REDIRECT] [Fatal Error] :1:1: Premature end of file.
2026-04-09 20:56:00,772 [ERROR] LogOutputStream:75 - [STDERR_REDIRECT] 
2026-04-09 20:56:02,033 [ERROR] LogOutputStream:75 - [STDERR_REDIRECT] [Fatal Error] :1:1: Premature end of file.
2026-04-09 20:56:02,125 [ERROR] LogOutputStream:75 - [STDERR_REDIRECT] 
2026-04-09 20:56:03,691 [ERROR] LogOutputStream:75 - [STDERR_REDIRECT] [Fatal Error] :1:1: Premature end of file.
2026-04-09 20:56:03,692 [ERROR] LogOutputStream:75 - [STDERR_REDIRECT] 
2026-04-09 20:56:03,813 [ERROR] LogOutputStream:75 - [STDERR_REDIRECT] [Fatal Error] :1:1: Premature end of file.
2026-04-09 20:56:03,813 [ERROR] LogOutputStream:75 - [STDERR_REDIRECT] 
2026-04-09 20:56:04,845 [ERROR] LogOutputStream:75 - [STDERR_REDIRECT] [Fatal Error] :1:1: Premature end of file.
2026-04-09 20:56:04,847 [ERROR] LogOutputStream:75 - [STDERR_REDIRECT] 
2026-04-09 20:56:05,858 [ERROR] LogOutputStream:75 - [STDERR_REDIRECT] [Fatal Error] :1:1: Premature end of file.
2026-04-09 20:56:05,858 [ERROR] LogOutputStream:75 - [STDERR_REDIRECT] 
2026-04-09 20:56:06,807 [ERROR] LogOutputStream:75 - [STDERR_REDIRECT] [Fatal Error] :1:1: Premature end of file.
2026-04-09 20:56:06,808 [ERROR] LogOutputStream:75 - [STDERR_REDIRECT] 
2026-04-09 20:56:07,869 [ERROR] LogOutputStream:75 - [STDERR_REDIRECT] [Fatal Error] :1:1: Premature end of file.
2026-04-09 20:56:07,870 [ERROR] LogOutputStream:75 - [STDERR_REDIRECT] 
2026-04-09 20:56:08,810 [ERROR] LogOutputStream:75 - [STDERR_REDIRECT] [Fatal Error] :1:1: Premature end of file.
2026-04-09 20:56:08,811 [ERROR] LogOutputStream:75 - [STDERR_REDIRECT] 
2026-04-09 20:56:09,890 [ERROR] LogOutputStream:75 - [STDERR_REDIRECT] [Fatal Error] :1:1: Premature end of file.
2026-04-09 20:56:09,891 [ERROR] LogOutputStream:75 - [STDERR_REDIRECT] 
2026-04-09 20:56:10,796 [ERROR] LogOutputStream:75 - [STDERR_REDIRECT] [Fatal Error] :1:1: Premature end of file.
2026-04-09 20:56:10,846 [ERROR] LogOutputStream:75 - [STDERR_REDIRECT] 
2026-04-09 20:56:11,809 [ERROR] LogOutputStream:75 - [STDERR_REDIRECT] [Fatal Error] :1:1: Premature end of file.
2026-04-09 20:56:11,981 [ERROR] LogOutputStream:75 - [STDERR_REDIRECT] 
2026-04-09 20:56:12,778 [ERROR] LogOutputStream:75 - [STDERR_REDIRECT] [Fatal Error] :1:1: Premature end of file.
2026-04-09 20:56:12,778 [ERROR] LogOutputStream:75 - [STDERR_REDIRECT] 
2026-04-09 20:56:13,800 [ERROR] LogOutputStream:75 - [STDERR_REDIRECT] [Fatal Error] :1:1: Premature end of file.
2026-04-09 20:56:13,801 [ERROR] LogOutputStream:75 - [STDERR_REDIRECT] 
2026-04-09 20:56:14,783 [ERROR] LogOutputStream:75 - [STDERR_REDIRECT] [Fatal Error] :1:1: Premature end of file.
2026-04-09 20:56:14,783 [ERROR] LogOutputStream:75 - [STDERR_REDIRECT] 
2026-04-09 20:56:15,807 [ERROR] LogOutputStream:75 - [STDERR_REDIRECT] [Fatal Error] :1:1: Premature end of file.
2026-04-09 20:56:15,807 [ERROR] LogOutputStream:75 - [STDERR_REDIRECT] 
2026-04-09 20:56:16,839 [ERROR] LogOutputStream:75 - [STDERR_REDIRECT] [Fatal Error] :1:1: Premature end of file.
2026-04-09 20:56:16,958 [ERROR] LogOutputStream:75 - [STDERR_REDIRECT] 
2026-04-09 20:56:17,785 [ERROR] LogOutputStream:75 - [STDERR_REDIRECT] [Fatal Error] :1:1: Premature end of file.
2026-04-09 20:56:17,887 [ERROR] LogOutputStream:75 - [STDERR_REDIRECT] 
2026-04-09 20:56:18,844 [ERROR] LogOutputStream:75 - [STDERR_REDIRECT] [Fatal Error] :1:1: Premature end of file.
2026-04-09 20:56:18,845 [ERROR] LogOutputStream:75 - [STDERR_REDIRECT] 
2026-04-09 20:56:19,780 [ERROR] LogOutputStream:75 - [STDERR_REDIRECT] [Fatal Error] :1:1: Premature end of file.
2026-04-09 20:56:19,781 [ERROR] LogOutputStream:75 - [STDERR_REDIRECT] 
2026-04-09 20:56:20,781 [ERROR] LogOutputStream:75 - [STDERR_REDIRECT] [Fatal Error] :1:1: Premature end of file.
2026-04-09 20:56:20,782 [ERROR] LogOutputStream:75 - [STDERR_REDIRECT] 
2026-04-09 20:56:21,773 [ERROR] LogOutputStream:75 - [STDERR_REDIRECT] [Fatal Error] :1:1: Premature end of file.
2026-04-09 20:56:21,774 [ERROR] LogOutputStream:75 - [STDERR_REDIRECT] 
2026-04-09 20:56:22,820 [ERROR] LogOutputStream:75 - [STDERR_REDIRECT] [Fatal Error] :1:1: Premature end of file.
2026-04-09 20:56:22,821 [ERROR] LogOutputStream:75 - [STDERR_REDIRECT] 
2026-04-09 20:56:23,775 [ERROR] LogOutputStream:75 - [STDERR_REDIRECT] [Fatal Error] :1:1: Premature end of file.
2026-04-09 20:56:23,775 [ERROR] LogOutputStream:75 - [STDERR_REDIRECT] 
2026-04-09 20:56:24,790 [ERROR] LogOutputStream:75 - [STDERR_REDIRECT] [Fatal Error] :1:1: Premature end of file.
2026-04-09 20:56:24,791 [ERROR] LogOutputStream:75 - [STDERR_REDIRECT] 
2026-04-09 20:56:25,912 [ERROR] LogOutputStream:75 - [STDERR_REDIRECT] [Fatal Error] :1:1: Premature end of file.
2026-04-09 20:56:25,968 [ERROR] LogOutputStream:75 - [STDERR_REDIRECT] 
2026-04-09 20:56:26,790 [ERROR] LogOutputStream:75 - [STDERR_REDIRECT] [Fatal Error] :1:1: Premature end of file.
2026-04-09 20:56:26,790 [ERROR] LogOutputStream:75 - [STDERR_REDIRECT] 
2026-04-09 20:56:27,810 [ERROR] LogOutputStream:75 - [STDERR_REDIRECT] [Fatal Error] :1:1: Premature end of file.
2026-04-09 20:56:27,810 [ERROR] LogOutputStream:75 - [STDERR_REDIRECT] 
2026-04-09 20:56:28,760 [ERROR] LogOutputStream:75 - [STDERR_REDIRECT] [Fatal Error] :1:1: Premature end of file.
2026-04-09 20:56:28,761 [ERROR] LogOutputStream:75 - [STDERR_REDIRECT] 
2026-04-09 20:56:29,822 [ERROR] LogOutputStream:75 - [STDERR_REDIRECT] [Fatal Error] :1:1: Premature end of file.
2026-04-09 20:56:29,822 [ERROR] LogOutputStream:75 - [STDERR_REDIRECT] 
2026-04-09 20:56:30,774 [ERROR] LogOutputStream:75 - [STDERR_REDIRECT] [Fatal Error] :1:1: Premature end of file.
2026-04-09 20:56:30,774 [ERROR] LogOutputStream:75 - [STDERR_REDIRECT] 
2026-04-09 20:56:31,806 [ERROR] LogOutputStream:75 - [STDERR_REDIRECT] [Fatal Error] :1:1: Premature end of file.
2026-04-09 20:56:31,807 [ERROR] LogOutputStream:75 - [STDERR_REDIRECT] 
2026-04-09 20:56:32,784 [ERROR] LogOutputStream:75 - [STDERR_REDIRECT] [Fatal Error] :1:1: Premature end of file.
2026-04-09 20:56:32,784 [ERROR] LogOutputStream:75 - [STDERR_REDIRECT] 
2026-04-09 20:56:33,797 [ERROR] LogOutputStream:75 - [STDERR_REDIRECT] [Fatal Error] :1:1: Premature end of file.
2026-04-09 20:56:33,798 [ERROR] LogOutputStream:75 - [STDERR_REDIRECT] 
2026-04-09 20:56:34,786 [ERROR] LogOutputStream:75 - [STDERR_REDIRECT] [Fatal Error] :1:1: Premature end of file.
2026-04-09 20:56:34,786 [ERROR] LogOutputStream:75 - [STDERR_REDIRECT] 
2026-04-09 20:56:35,771 [ERROR] LogOutputStream:75 - [STDERR_REDIRECT] [Fatal Error] :1:1: Premature end of file.
2026-04-09 20:56:35,771 [ERROR] LogOutputStream:75 - [STDERR_REDIRECT] 
2026-04-09 20:56:36,772 [ERROR] LogOutputStream:75 - [STDERR_REDIRECT] [Fatal Error] :1:1: Premature end of file.
2026-04-09 20:56:36,773 [ERROR] LogOutputStream:75 - [STDERR_REDIRECT] 
2026-04-09 20:56:37,791 [ERROR] LogOutputStream:75 - [STDERR_REDIRECT] [Fatal Error] :1:1: Premature end of file.
2026-04-09 20:56:37,791 [ERROR] LogOutputStream:75 - [STDERR_REDIRECT] 
2026-04-09 20:56:38,783 [ERROR] LogOutputStream:75 - [STDERR_REDIRECT] [Fatal Error] :1:1: Premature end of file.
2026-04-09 20:56:38,783 [ERROR] LogOutputStream:75 - [STDERR_REDIRECT] 
2026-04-09 20:56:39,766 [ERROR] LogOutputStream:75 - [STDERR_REDIRECT] [Fatal Error] :1:1: Premature end of file.
2026-04-09 20:56:39,766 [ERROR] LogOutputStream:75 - [STDERR_REDIRECT] 
2026-04-09 20:56:40,772 [ERROR] LogOutputStream:75 - [STDERR_REDIRECT] [Fatal Error] :1:1: Premature end of file.
2026-04-09 20:56:40,772 [ERROR] LogOutputStream:75 - [STDERR_REDIRECT] 
2026-04-09 20:56:41,809 [ERROR] LogOutputStream:75 - [STDERR_REDIRECT] [Fatal Error] :1:1: Premature end of file.
2026-04-09 20:56:41,810 [ERROR] LogOutputStream:75 - [STDERR_REDIRECT] 
2026-04-09 20:56:42,824 [ERROR] LogOutputStream:75 - [STDERR_REDIRECT] [Fatal Error] :1:1: Premature end of file.
2026-04-09 20:56:42,826 [ERROR] LogOutputStream:75 - [STDERR_REDIRECT] 
2026-04-09 20:56:43,800 [ERROR] LogOutputStream:75 - [STDERR_REDIRECT] [Fatal Error] :1:1: Premature end of file.
2026-04-09 20:56:43,801 [ERROR] LogOutputStream:75 - [STDERR_REDIRECT] 
2026-04-09 20:56:44,782 [ERROR] LogOutputStream:75 - [STDERR_REDIRECT] [Fatal Error] :1:1: Premature end of file.
2026-04-09 20:56:44,782 [ERROR] LogOutputStream:75 - [STDERR_REDIRECT] 
2026-04-09 20:56:45,776 [ERROR] LogOutputStream:75 - [STDERR_REDIRECT] [Fatal Error] :1:1: Premature end of file.
2026-04-09 20:56:45,777 [ERROR] LogOutputStream:75 - [STDERR_REDIRECT] 
2026-04-09 20:56:46,810 [ERROR] LogOutputStream:75 - [STDERR_REDIRECT] [Fatal Error] :1:1: Premature end of file.
2026-04-09 20:56:46,810 [ERROR] LogOutputStream:75 - [STDERR_REDIRECT] 
2026-04-09 20:56:47,784 [ERROR] LogOutputStream:75 - [STDERR_REDIRECT] [Fatal Error] :1:1: Premature end of file.
2026-04-09 20:56:47,785 [ERROR] LogOutputStream:75 - [STDERR_REDIRECT] 
2026-04-09 20:56:48,804 [ERROR] LogOutputStream:75 - [STDERR_REDIRECT] [Fatal Error] :1:1: Premature end of file.
2026-04-09 20:56:48,805 [ERROR] LogOutputStream:75 - [STDERR_REDIRECT] 
2026-04-09 20:56:49,779 [ERROR] LogOutputStream:75 - [STDERR_REDIRECT] [Fatal Error] :1:1: Premature end of file.
2026-04-09 20:56:49,780 [ERROR] LogOutputStream:75 - [STDERR_REDIRECT] 
2026-04-09 20:56:50,784 [ERROR] LogOutputStream:75 - [STDERR_REDIRECT] [Fatal Error] :1:1: Premature end of file.
2026-04-09 20:56:50,784 [ERROR] LogOutputStream:75 - [STDERR_REDIRECT] 
2026-04-09 20:56:51,776 [ERROR] LogOutputStream:75 - [STDERR_REDIRECT] [Fatal Error] :1:1: Premature end of file.
2026-04-09 20:56:51,776 [ERROR] LogOutputStream:75 - [STDERR_REDIRECT] 
2026-04-09 20:56:52,795 [ERROR] LogOutputStream:75 - [STDERR_REDIRECT] [Fatal Error] :1:1: Premature end of file.
2026-04-09 20:56:52,796 [ERROR] LogOutputStream:75 - [STDERR_REDIRECT] 
2026-04-09 20:56:53,765 [ERROR] LogOutputStream:75 - [STDERR_REDIRECT] [Fatal Error] :1:1: Premature end of file.
2026-04-09 20:56:53,765 [ERROR] LogOutputStream:75 - [STDERR_REDIRECT] 
2026-04-09 20:56:54,776 [ERROR] LogOutputStream:75 - [STDERR_REDIRECT] [Fatal Error] :1:1: Premature end of file.
2026-04-09 20:56:54,777 [ERROR] LogOutputStream:75 - [STDERR_REDIRECT] 
2026-04-09 20:56:55,803 [ERROR] LogOutputStream:75 - [STDERR_REDIRECT] [Fatal Error] :1:1: Premature end of file.
2026-04-09 20:56:55,803 [ERROR] LogOutputStream:75 - [STDERR_REDIRECT] 
2026-04-09 20:56:56,774 [ERROR] LogOutputStream:75 - [STDERR_REDIRECT] [Fatal Error] :1:1: Premature end of file.
2026-04-09 20:56:56,774 [ERROR] LogOutputStream:75 - [STDERR_REDIRECT] 
2026-04-09 20:56:58,003 [ERROR] LogOutputStream:75 - [STDERR_REDIRECT] [Fatal Error] :1:1: Premature end of file.
2026-04-09 20:56:58,004 [ERROR] LogOutputStream:75 - [STDERR_REDIRECT] 
2026-04-09 20:56:58,804 [ERROR] LogOutputStream:75 - [STDERR_REDIRECT] [Fatal Error] :1:1: Premature end of file.
2026-04-09 20:56:58,805 [ERROR] LogOutputStream:75 - [STDERR_REDIRECT] 
2026-04-09 20:56:59,805 [ERROR] LogOutputStream:75 - [STDERR_REDIRECT] [Fatal Error] :1:1: Premature end of file.
2026-04-09 20:56:59,806 [ERROR] LogOutputStream:75 - [STDERR_REDIRECT] 
2026-04-09 20:57:00,807 [ERROR] LogOutputStream:75 - [STDERR_REDIRECT] [Fatal Error] :1:1: Premature end of file.
2026-04-09 20:57:00,809 [ERROR] LogOutputStream:75 - [STDERR_REDIRECT] 
2026-04-09 20:57:01,767 [ERROR] LogOutputStream:75 - [STDERR_REDIRECT] [Fatal Error] :1:1: Premature end of file.
2026-04-09 20:57:01,767 [ERROR] LogOutputStream:75 - [STDERR_REDIRECT] 
2026-04-09 20:57:02,773 [ERROR] LogOutputStream:75 - [STDERR_REDIRECT] [Fatal Error] :1:1: Premature end of file.
2026-04-09 20:57:02,774 [ERROR] LogOutputStream:75 - [STDERR_REDIRECT] 
2026-04-09 20:57:03,768 [ERROR] LogOutputStream:75 - [STDERR_REDIRECT] [Fatal Error] :1:1: Premature end of file.
2026-04-09 20:57:03,768 [ERROR] LogOutputStream:75 - [STDERR_REDIRECT] 
2026-04-09 20:57:04,807 [ERROR] LogOutputStream:75 - [STDERR_REDIRECT] [Fatal Error] :1:1: Premature end of file.
2026-04-09 20:57:04,808 [ERROR] LogOutputStream:75 - [STDERR_REDIRECT] 
2026-04-09 20:57:05,781 [ERROR] LogOutputStream:75 - [STDERR_REDIRECT] [Fatal Error] :1:1: Premature end of file.
2026-04-09 20:57:05,781 [ERROR] LogOutputStream:75 - [STDERR_REDIRECT] 
2026-04-09 20:57:05,789 [ERROR] LogOutputStream:75 - [STDERR_REDIRECT] Exception in thread "Serial Ports Filter" java.lang.NullPointerException: Cannot invoke "org.eclipse.core.resources.ResourcesPlugin.getLog()" because the return value of "org.eclipse.core.resources.ResourcesPlugin.getPlugin()" is null
2026-04-09 20:57:05,790 [ERROR] LogOutputStream:75 - [STDERR_REDIRECT] 	at com.st.stm32cube.common.logger.MCULoggerPlugin.log(MCULoggerPlugin.java:84)
2026-04-09 20:57:05,792 [ERROR] LogOutputStream:75 - [STDERR_REDIRECT] 	at com.st.stm32cube.common.logger.MCULoggerPlugin.logException(MCULoggerPlugin.java:116)
2026-04-09 20:57:05,794 [ERROR] LogOutputStream:75 - [STDERR_REDIRECT] 	at com.st.stm32cube.ide.mpu.remote.serial.internal.SerialPortProviderWindows.run(SerialPortProviderWindows.java:156)
2026-04-09 20:57:05,795 [ERROR] LogOutputStream:75 - [STDERR_REDIRECT] 	at java.base/java.util.TimerThread.mainLoop(Timer.java:566)
2026-04-09 20:57:05,796 [ERROR] LogOutputStream:75 - [STDERR_REDIRECT] 	at java.base/java.util.TimerThread.run(Timer.java:516)
2026-04-09 20:57:06,065 [ERROR] LogOutputStream:75 - [STDERR_REDIRECT] 
2026-04-09 20:57:06,072 [ERROR] LogOutputStream:75 - [STDERR_REDIRECT] 
