2026-04-14 12:50:18,025 [INFO] Activator:176 - 


2026-04-14 12:50:18,032 [INFO] Activator:177 - !SESSION log4j initialized
2026-04-14 12:50:28,096 [INFO] LogOutputStream:77 - [STDOUT_REDIRECT] 
2026-04-14 12:50:29,441 [INFO] ApplicationProperties:184 - Using Application install path: C:\ST\STM32CubeIDE_1.19.0\STM32CubeIDE\plugins\com.st.stm32cube.common.mx_6.15.0.202507011659
2026-04-14 12:50:29,475 [INFO] DbMcusXml:78 - Set database path to: C:\ST\STM32CubeIDE_1.19.0\STM32CubeIDE\plugins\com.st.stm32cube.common.mx_6.15.0.202507011659\\db\/mcu/
2026-04-14 12:50:29,475 [INFO] ApiDb:274 - Set plugin database path to: C:\ST\STM32CubeIDE_1.19.0\STM32CubeIDE\plugins\com.st.stm32cube.common.mx_6.15.0.202507011659\\db\/plugins/boardmanager/
2026-04-14 12:50:29,477 [WARN] ApiDb:259 - Overriding images path with different value:  => C:\ST\STM32CubeIDE_1.19.0\STM32CubeIDE\plugins\com.st.stm32cube.common.mx_6.15.0.202507011659\\db\/plugins/mcufinder/images/
2026-04-14 12:50:29,497 [INFO] ApiDb:250 - Set database path to: C:\Users\Mujaid\.stmcufinder\plugins\mcufinder//mcu/
2026-04-14 12:50:29,499 [INFO] DbMcusAds:125 - Set database path to: C:\Users\Mujaid\.stmcufinder\plugins\mcufinder//mcu/
2026-04-14 12:50:29,503 [INFO] CrossReferenceDbSqlite:203 - Set database path to: C:\Users\Mujaid\.stmcufinder\plugins\mcufinder//mcu/cs/
2026-04-14 12:50:29,745 [INFO] RulesReader:64 - Compatibility file has been processed (317 Rules)
2026-04-14 12:50:29,926 [INFO] DbMcusXml:78 - Set database path to: C:\ST\STM32CubeIDE_1.19.0\STM32CubeIDE\plugins\com.st.stm32cube.common.mx_6.15.0.202507011659\\db\/mcu/
2026-04-14 12:50:29,927 [INFO] ApiDb:274 - Set plugin database path to: C:\ST\STM32CubeIDE_1.19.0\STM32CubeIDE\plugins\com.st.stm32cube.common.mx_6.15.0.202507011659\\db\/plugins/boardmanager/
2026-04-14 12:50:29,927 [INFO] ApiDb:261 - Set plugin images path to: C:\ST\STM32CubeIDE_1.19.0\STM32CubeIDE\plugins\com.st.stm32cube.common.mx_6.15.0.202507011659\\db\/plugins/mcufinder/images/
2026-04-14 12:50:29,927 [WARN] DbFile:41 - Overriding database path with different value: C:\Users\Mujaid\.stmcufinder\plugins\mcufinder/ => C:\Users\Mujaid\.stmcufinder\plugins\mcufinder
2026-04-14 12:50:29,927 [INFO] ApiDb:250 - Set database path to: C:\Users\Mujaid\.stmcufinder\plugins\mcufinder//mcu/
2026-04-14 12:50:29,927 [WARN] DbFile:41 - Overriding database path with different value: C:\Users\Mujaid\.stmcufinder\plugins\mcufinder/ => C:\Users\Mujaid\.stmcufinder\plugins\mcufinder
2026-04-14 12:50:29,927 [INFO] DbMcusAds:125 - Set database path to: C:\Users\Mujaid\.stmcufinder\plugins\mcufinder//mcu/
2026-04-14 12:50:29,927 [WARN] DbFile:41 - Overriding database path with different value: C:\Users\Mujaid\.stmcufinder\plugins\mcufinder/ => C:\Users\Mujaid\.stmcufinder\plugins\mcufinder
2026-04-14 12:50:29,927 [WARN] DbFile:41 - Overriding database path with different value: C:\Users\Mujaid\.stmcufinder\plugins\mcufinder/ => C:\Users\Mujaid\.stmcufinder\plugins\mcufinder
2026-04-14 12:50:29,927 [INFO] CrossReferenceDbSqlite:203 - Set database path to: C:\Users\Mujaid\.stmcufinder\plugins\mcufinder//mcu/cs/
2026-04-14 12:50:30,108 [INFO] MainPanel:274 - HeapMemory: 268435456
2026-04-14 12:50:30,316 [INFO] DbMcusXml:78 - Set database path to: C:\ST\STM32CubeIDE_1.19.0\STM32CubeIDE\plugins\com.st.stm32cube.common.mx_6.15.0.202507011659\\db\/mcu/
2026-04-14 12:50:30,316 [INFO] ApiDb:274 - Set plugin database path to: C:\ST\STM32CubeIDE_1.19.0\STM32CubeIDE\plugins\com.st.stm32cube.common.mx_6.15.0.202507011659\\db\/plugins/boardmanager/
2026-04-14 12:50:30,316 [INFO] ApiDb:261 - Set plugin images path to: C:\ST\STM32CubeIDE_1.19.0\STM32CubeIDE\plugins\com.st.stm32cube.common.mx_6.15.0.202507011659\\db\/plugins/mcufinder/images/
2026-04-14 12:50:30,317 [WARN] DbFile:41 - Overriding database path with different value: C:\Users\Mujaid\.stmcufinder\plugins\mcufinder/ => C:\Users\Mujaid\.stmcufinder\plugins\mcufinder
2026-04-14 12:50:30,317 [INFO] ApiDb:250 - Set database path to: C:\Users\Mujaid\.stmcufinder\plugins\mcufinder//mcu/
2026-04-14 12:50:30,317 [WARN] DbFile:41 - Overriding database path with different value: C:\Users\Mujaid\.stmcufinder\plugins\mcufinder/ => C:\Users\Mujaid\.stmcufinder\plugins\mcufinder
2026-04-14 12:50:30,317 [INFO] DbMcusAds:125 - Set database path to: C:\Users\Mujaid\.stmcufinder\plugins\mcufinder//mcu/
2026-04-14 12:50:30,317 [WARN] DbFile:41 - Overriding database path with different value: C:\Users\Mujaid\.stmcufinder\plugins\mcufinder/ => C:\Users\Mujaid\.stmcufinder\plugins\mcufinder
2026-04-14 12:50:30,318 [WARN] DbFile:41 - Overriding database path with different value: C:\Users\Mujaid\.stmcufinder\plugins\mcufinder/ => C:\Users\Mujaid\.stmcufinder\plugins\mcufinder
2026-04-14 12:50:30,318 [INFO] CrossReferenceDbSqlite:203 - Set database path to: C:\Users\Mujaid\.stmcufinder\plugins\mcufinder//mcu/cs/
2026-04-14 12:50:30,347 [INFO] ApplicationProperties:184 - Using Application install path: C:\ST\STM32CubeIDE_1.19.0\STM32CubeIDE\plugins\com.st.stm32cube.common.mx_6.15.0.202507011659
2026-04-14 12:50:30,351 [INFO] PluginManage:196 - Search for loadable plugins [exclusion list=, ]
2026-04-14 12:50:30,353 [INFO] PluginManage:310 - Check plugin analytics
2026-04-14 12:50:30,753 [INFO] AnalyticsPlugin:253 - Accepted Software Licenses: 
2026-04-14 12:50:30,754 [INFO] AnalyticsPlugin:255 - Accepted CMSIS Pack Licenses: 
2026-04-14 12:50:30,754 [INFO] AnalyticsPlugin:257 - Accepted Firmware Licenses: 
2026-04-14 12:50:30,762 [INFO] PluginManage:359 - Loaded plugin analytics (category:tool,tabindex:-1)
2026-04-14 12:50:30,763 [INFO] PluginManage:310 - Check plugin cadmodel
2026-04-14 12:50:30,781 [INFO] CADModel:105 - Init CAD model plugin
2026-04-14 12:50:30,783 [INFO] PluginManage:359 - Loaded plugin cadmodel (category:power,tabindex:5)
2026-04-14 12:50:30,783 [INFO] PluginManage:310 - Check plugin clock
2026-04-14 12:50:30,806 [INFO] PluginManage:359 - Loaded plugin clock (category:base,tabindex:2)
2026-04-14 12:50:30,807 [INFO] PluginManage:310 - Check plugin ddr
2026-04-14 12:50:30,812 [INFO] PluginManage:359 - Loaded plugin ddr (category:tool,tabindex:6)
2026-04-14 12:50:30,813 [INFO] PluginManage:310 - Check plugin filemanager
2026-04-14 12:50:31,239 [INFO] PluginManage:359 - Loaded plugin filemanager (category:base,tabindex:10)
2026-04-14 12:50:31,239 [INFO] PluginManage:310 - Check plugin ipmanager
2026-04-14 12:50:31,259 [INFO] PluginManage:359 - Loaded plugin ipmanager (category:base,tabindex:5)
2026-04-14 12:50:31,260 [INFO] PluginManage:310 - Check plugin lpbam
2026-04-14 12:50:31,281 [INFO] PluginManage:359 - Loaded plugin lpbam (category:base,tabindex:0)
2026-04-14 12:50:31,282 [INFO] PluginManage:310 - Check plugin memorymap
2026-04-14 12:50:31,338 [INFO] PluginManage:359 - Loaded plugin memorymap (category:base,tabindex:4)
2026-04-14 12:50:31,339 [INFO] PluginManage:310 - Check plugin pinoutandconfiguration
2026-04-14 12:50:31,370 [INFO] PluginManage:359 - Loaded plugin pinoutandconfiguration (category:base,tabindex:1)
2026-04-14 12:50:31,370 [INFO] PluginManage:310 - Check plugin pinoutconfig
2026-04-14 12:50:31,553 [WARN] SupportedApi:132 - Cannot load RTOS API schema: s4s-elt-must-match.1: The content of 'definitions' must match (annotation?, (simpleType | complexType)?, (unique | key | keyref)*)). A problem was found starting at: attribute.
2026-04-14 12:50:31,857 [INFO] PluginManage:359 - Loaded plugin pinoutconfig (category:base,tabindex:0)
2026-04-14 12:50:31,857 [INFO] PluginManage:310 - Check plugin power
2026-04-14 12:50:31,879 [INFO] PluginManage:359 - Loaded plugin power (category:power,tabindex:4)
2026-04-14 12:50:31,879 [INFO] PluginManage:310 - Check plugin projectmanager
2026-04-14 12:50:31,925 [INFO] PluginManage:359 - Loaded plugin projectmanager (category:projectmanager,tabindex:4)
2026-04-14 12:50:31,927 [INFO] PluginManage:310 - Check plugin rif
2026-04-14 12:50:31,941 [INFO] PluginManage:359 - Loaded plugin rif (category:base,tabindex:3)
2026-04-14 12:50:31,942 [INFO] PluginManage:310 - Check plugin thirdparty
2026-04-14 12:50:32,209 [WARN] IntegrityCheckThread:84 - waiting for thirdparty lock release [integrity check]
2026-04-14 12:50:32,210 [INFO] IntegrityCheckThread:86 - entering critical section [integrity check]
2026-04-14 12:50:32,211 [INFO] ThirdPartyUpdaterWithRetryManager:70 - Updater plugin not ready yet. [1/15]
2026-04-14 12:50:32,211 [INFO] PluginManage:359 - Loaded plugin thirdparty (category:base,tabindex:-1)
2026-04-14 12:50:32,212 [INFO] PluginManage:310 - Check plugin tools
2026-04-14 12:50:32,217 [INFO] PluginManage:359 - Loaded plugin tools (category:base,tabindex:7)
2026-04-14 12:50:32,217 [INFO] PluginManage:310 - Check plugin tutovideos
2026-04-14 12:50:32,745 [INFO] PluginManage:359 - Loaded plugin tutovideos (category:base,tabindex:-1)
2026-04-14 12:50:32,745 [INFO] PluginManage:310 - Check plugin updater
2026-04-14 12:50:32,807 [INFO] PluginManage:359 - Loaded plugin updater (category:base,tabindex:12)
2026-04-14 12:50:32,808 [INFO] PluginManage:310 - Check plugin userauth
2026-04-14 12:50:32,833 [INFO] UserAuth:118 - Init User Auth plugin
2026-04-14 12:50:32,835 [INFO] PluginManage:359 - Loaded plugin userauth (category:base,tabindex:14)
2026-04-14 12:50:32,836 [INFO] PluginManage:283 - PluginManage : Loaded plugins [18]
2026-04-14 12:50:33,273 [INFO] PinOutPanel:1589 - setPackage(No Configuration,No Configuration)
2026-04-14 12:50:33,444 [INFO] CADModel:165 - CPN selected for project level
2026-04-14 12:50:33,445 [INFO] CADModel:114 - Register for checkConnection events
2026-04-14 12:50:33,494 [INFO] IPUIPlugin:80 - create IPUIPlugin
2026-04-14 12:50:33,494 [INFO] PluginManager:220 - loadIPPluginJar : add adc
2026-04-14 12:50:33,499 [INFO] IPUIPlugin:80 - create IPUIPlugin
2026-04-14 12:50:33,499 [INFO] PluginManager:220 - loadIPPluginJar : add aes
2026-04-14 12:50:33,505 [INFO] IPUIPlugin:80 - create IPUIPlugin
2026-04-14 12:50:33,507 [INFO] PluginManager:220 - loadIPPluginJar : add can
2026-04-14 12:50:33,515 [INFO] IPUIPlugin:80 - create IPUIPlugin
2026-04-14 12:50:33,516 [INFO] PluginManager:220 - loadIPPluginJar : add comp
2026-04-14 12:50:33,520 [INFO] IPUIPlugin:80 - create IPUIPlugin
2026-04-14 12:50:33,520 [INFO] PluginManager:220 - loadIPPluginJar : add cryp
2026-04-14 12:50:33,531 [INFO] IPUIPlugin:80 - create IPUIPlugin
2026-04-14 12:50:33,531 [INFO] PluginManager:220 - loadIPPluginJar : add ddr_ctrl_phy
2026-04-14 12:50:33,539 [INFO] IPUIPlugin:80 - create IPUIPlugin
2026-04-14 12:50:33,539 [INFO] PluginManager:220 - loadIPPluginJar : add dfsdm
2026-04-14 12:50:33,553 [INFO] IPUIPlugin:80 - create IPUIPlugin
2026-04-14 12:50:33,555 [INFO] PluginManager:220 - loadIPPluginJar : add dma
2026-04-14 12:50:33,564 [INFO] IPUIPlugin:80 - create IPUIPlugin
2026-04-14 12:50:33,564 [INFO] PluginManager:220 - loadIPPluginJar : add dma3
2026-04-14 12:50:33,569 [INFO] IPUIPlugin:80 - create IPUIPlugin
2026-04-14 12:50:33,570 [INFO] PluginManager:220 - loadIPPluginJar : add extmemmanager
2026-04-14 12:50:33,574 [INFO] IPUIPlugin:80 - create IPUIPlugin
2026-04-14 12:50:33,574 [INFO] PluginManager:220 - loadIPPluginJar : add fatfs
2026-04-14 12:50:33,585 [INFO] IPUIPlugin:80 - create IPUIPlugin
2026-04-14 12:50:33,585 [INFO] PluginManager:220 - loadIPPluginJar : add fmc
2026-04-14 12:50:33,602 [INFO] IPUIPlugin:80 - create IPUIPlugin
2026-04-14 12:50:33,603 [INFO] PluginManager:220 - loadIPPluginJar : add freertos
2026-04-14 12:50:33,609 [INFO] IPUIPlugin:80 - create IPUIPlugin
2026-04-14 12:50:33,609 [INFO] PluginManager:220 - loadIPPluginJar : add genericplugin
2026-04-14 12:50:33,618 [INFO] IPUIPlugin:80 - create IPUIPlugin
2026-04-14 12:50:33,618 [INFO] PluginManager:220 - loadIPPluginJar : add gfxmmu
2026-04-14 12:50:33,626 [INFO] IPUIPlugin:80 - create IPUIPlugin
2026-04-14 12:50:33,627 [INFO] PluginManager:220 - loadIPPluginJar : add gic
2026-04-14 12:50:33,635 [INFO] IPUIPlugin:80 - create IPUIPlugin
2026-04-14 12:50:33,637 [INFO] PluginManager:220 - loadIPPluginJar : add gpio
2026-04-14 12:50:33,642 [INFO] IPUIPlugin:80 - create IPUIPlugin
2026-04-14 12:50:33,642 [INFO] PluginManager:220 - loadIPPluginJar : add gtzc
2026-04-14 12:50:33,649 [INFO] IPUIPlugin:80 - create IPUIPlugin
2026-04-14 12:50:33,649 [INFO] PluginManager:220 - loadIPPluginJar : add hash
2026-04-14 12:50:33,655 [INFO] IPUIPlugin:80 - create IPUIPlugin
2026-04-14 12:50:33,655 [INFO] PluginManager:220 - loadIPPluginJar : add i2c
2026-04-14 12:50:33,663 [INFO] IPUIPlugin:80 - create IPUIPlugin
2026-04-14 12:50:33,663 [INFO] PluginManager:220 - loadIPPluginJar : add i2s
2026-04-14 12:50:33,671 [INFO] IPUIPlugin:80 - create IPUIPlugin
2026-04-14 12:50:33,671 [INFO] PluginManager:220 - loadIPPluginJar : add i3c
2026-04-14 12:50:33,681 [INFO] IPUIPlugin:80 - create IPUIPlugin
2026-04-14 12:50:33,682 [INFO] PluginManager:220 - loadIPPluginJar : add ipddr
2026-04-14 12:50:33,699 [INFO] IPUIPlugin:80 - create IPUIPlugin
2026-04-14 12:50:33,700 [INFO] PluginManager:220 - loadIPPluginJar : add linkedlist
2026-04-14 12:50:33,713 [INFO] IPUIPlugin:80 - create IPUIPlugin
2026-04-14 12:50:33,713 [INFO] PluginManager:220 - loadIPPluginJar : add lorawan
2026-04-14 12:50:33,718 [INFO] IPUIPlugin:80 - create IPUIPlugin
2026-04-14 12:50:33,719 [INFO] PluginManager:220 - loadIPPluginJar : add ltdc
2026-04-14 12:50:33,735 [INFO] IPUIPlugin:80 - create IPUIPlugin
2026-04-14 12:50:33,735 [INFO] PluginManager:220 - loadIPPluginJar : add mdma
2026-04-14 12:50:33,751 [INFO] IPUIPlugin:80 - create IPUIPlugin
2026-04-14 12:50:33,752 [INFO] PluginManager:220 - loadIPPluginJar : add nvic
2026-04-14 12:50:33,768 [INFO] IPUIPlugin:80 - create IPUIPlugin
2026-04-14 12:50:33,768 [INFO] PluginManager:220 - loadIPPluginJar : add opamp
2026-04-14 12:50:33,794 [INFO] IPUIPlugin:80 - create IPUIPlugin
2026-04-14 12:50:33,794 [INFO] PluginManager:220 - loadIPPluginJar : add openamp
2026-04-14 12:50:33,885 [INFO] IPUIPlugin:80 - create IPUIPlugin
2026-04-14 12:50:33,885 [INFO] PluginManager:220 - loadIPPluginJar : add pdm2pcm
2026-04-14 12:50:34,122 [INFO] IPUIPlugin:80 - create IPUIPlugin
2026-04-14 12:50:34,128 [INFO] PluginManager:220 - loadIPPluginJar : add plateformsettings
2026-04-14 12:50:34,134 [INFO] IPUIPlugin:80 - create IPUIPlugin
2026-04-14 12:50:34,135 [INFO] PluginManager:220 - loadIPPluginJar : add quadspi
2026-04-14 12:50:34,141 [INFO] IPUIPlugin:80 - create IPUIPlugin
2026-04-14 12:50:34,142 [INFO] PluginManager:220 - loadIPPluginJar : add radio
2026-04-14 12:50:34,151 [INFO] IPUIPlugin:80 - create IPUIPlugin
2026-04-14 12:50:34,151 [INFO] PluginManager:220 - loadIPPluginJar : add resmgrutility
2026-04-14 12:50:34,158 [INFO] IPUIPlugin:80 - create IPUIPlugin
2026-04-14 12:50:34,159 [INFO] PluginManager:220 - loadIPPluginJar : add sai
2026-04-14 12:50:34,165 [INFO] IPUIPlugin:80 - create IPUIPlugin
2026-04-14 12:50:34,165 [INFO] PluginManager:220 - loadIPPluginJar : add spi
2026-04-14 12:50:34,185 [INFO] IPUIPlugin:80 - create IPUIPlugin
2026-04-14 12:50:34,185 [INFO] PluginManager:220 - loadIPPluginJar : add stm32_wpan
2026-04-14 12:50:34,191 [INFO] IPUIPlugin:80 - create IPUIPlugin
2026-04-14 12:50:34,191 [INFO] PluginManager:220 - loadIPPluginJar : add tim
2026-04-14 12:50:34,198 [INFO] IPUIPlugin:80 - create IPUIPlugin
2026-04-14 12:50:34,198 [INFO] PluginManager:220 - loadIPPluginJar : add touchsensing
2026-04-14 12:50:34,205 [INFO] IPUIPlugin:80 - create IPUIPlugin
2026-04-14 12:50:34,205 [INFO] PluginManager:220 - loadIPPluginJar : add tracer_emb
2026-04-14 12:50:34,213 [INFO] IPUIPlugin:80 - create IPUIPlugin
2026-04-14 12:50:34,214 [INFO] PluginManager:220 - loadIPPluginJar : add ts
2026-04-14 12:50:34,225 [INFO] IPUIPlugin:80 - create IPUIPlugin
2026-04-14 12:50:34,225 [INFO] PluginManager:220 - loadIPPluginJar : add tsc
2026-04-14 12:50:34,235 [INFO] IPUIPlugin:80 - create IPUIPlugin
2026-04-14 12:50:34,235 [INFO] PluginManager:220 - loadIPPluginJar : add ucpd
2026-04-14 12:50:34,246 [INFO] IPUIPlugin:80 - create IPUIPlugin
2026-04-14 12:50:34,246 [INFO] PluginManager:220 - loadIPPluginJar : add usart
2026-04-14 12:50:34,261 [INFO] IPUIPlugin:80 - create IPUIPlugin
2026-04-14 12:50:34,261 [INFO] PluginManager:220 - loadIPPluginJar : add usbx
2026-04-14 12:50:34,497 [FATAL] Updater:351 - Updater called before beeing initialized
2026-04-14 12:50:34,605 [INFO] RulesReader:64 - Compatibility file has been processed (317 Rules)
2026-04-14 12:50:34,622 [INFO] RulesReader:64 - Compatibility file has been processed (317 Rules)
2026-04-14 12:50:34,656 [INFO] CADModel:165 - CPN selected for project level
2026-04-14 12:50:34,656 [INFO] CADModel:114 - Register for checkConnection events
2026-04-14 12:50:34,656 [FATAL] Updater:351 - Updater called before beeing initialized
2026-04-14 12:50:34,656 [ERROR] CADModel:125 - Updater not yet initialized, retry later 
2026-04-14 12:50:35,131 [FATAL] Updater:351 - Updater called before beeing initialized
2026-04-14 12:50:35,135 [INFO] CADModel:165 - CPN selected for project level
2026-04-14 12:50:35,135 [INFO] CADModel:114 - Register for checkConnection events
2026-04-14 12:50:35,135 [FATAL] Updater:351 - Updater called before beeing initialized
2026-04-14 12:50:35,135 [ERROR] CADModel:125 - Updater not yet initialized, retry later 
2026-04-14 12:50:35,143 [FATAL] Updater:351 - Updater called before beeing initialized
2026-04-14 12:50:35,212 [INFO] ThirdPartyUpdaterWithRetryManager:70 - Updater plugin not ready yet. [2/15]
2026-04-14 12:50:35,336 [FATAL] Updater:351 - Updater called before beeing initialized
2026-04-14 12:50:35,364 [INFO] DbMcusAds:53 - JSON generation date=Thu Sep 30 12:25:09 IST 2021 (1632984909247)
2026-04-14 12:50:35,365 [FATAL] Updater:351 - Updater called before beeing initialized
2026-04-14 12:50:35,447 [WARN] DetailPanel:346 - Failed to get advertising image, set to default
2026-04-14 12:50:35,594 [FATAL] Updater:351 - Updater called before beeing initialized
2026-04-14 12:50:35,603 [FATAL] Updater:351 - Updater called before beeing initialized
2026-04-14 12:50:35,603 [FATAL] Updater:351 - Updater called before beeing initialized
2026-04-14 12:50:35,604 [WARN] DetailPanel:346 - Failed to get advertising image, set to default
2026-04-14 12:50:35,605 [FATAL] Updater:351 - Updater called before beeing initialized
2026-04-14 12:50:35,782 [ERROR] Updater:1198 - MainUpdater not yet initialized. External WinMGr cannot be set.
2026-04-14 12:50:35,794 [INFO] Updater:1134 - Updater Version found : 6.15.0
2026-04-14 12:50:35,831 [INFO] ApplicationProperties:184 - Using Application install path: C:\ST\STM32CubeIDE_1.19.0\STM32CubeIDE\plugins\com.st.stm32cube.common.mx_6.15.0.202507011659
2026-04-14 12:50:37,433 [ERROR] LogOutputStream:75 - [STDERR_REDIRECT] Apr 14, 2026 12:50:37 PM java.util.prefs.WindowsPreferences <init>
2026-04-14 12:50:37,436 [ERROR] LogOutputStream:75 - [STDERR_REDIRECT] WARNING: Could not open/create prefs root node Software\JavaSoft\Prefs at root 0xffffffff80000002. Windows RegCreateKeyEx(...) returned error code 5.
2026-04-14 12:50:37,436 [ERROR] LogOutputStream:75 - [STDERR_REDIRECT] 
2026-04-14 12:50:38,201 [INFO] MainUpdater:2872 - connection check result : 10
2026-04-14 12:50:38,202 [INFO] MainUpdater:3604 - Updater definition file requires update
2026-04-14 12:50:38,204 [INFO] MainUpdater:289 - Updater Check For Update Now.
2026-04-14 12:50:38,204 [INFO] MicroXplorer:498 - Change Database Version : DB.6.0.150
2026-04-14 12:50:38,212 [WARN] MainUpdater:1193 - Updater busy. Cannot search thirdparties
2026-04-14 12:50:38,213 [INFO] ThirdPartyUpdaterWithRetryManager:96 - Updater plugin is busy. [1/15]
2026-04-14 12:50:38,244 [INFO] McuFinderGlobals:63 - Set McuFinder mode to 2 (CubeIDE integrated)
2026-04-14 12:50:38,245 [INFO] UserAuth:171 - activating auth plugin
2026-04-14 12:50:38,253 [INFO] UserAuth:487 - Internet connection configuration mode: 1
2026-04-14 12:50:38,255 [INFO] ServerAccessManage:452 - Complete download http(s) 200
2026-04-14 12:50:38,257 [INFO] ServerAccessManage:509 - Download File updaters.zip
2026-04-14 12:50:38,332 [INFO] JxBrowserEngine:152 - Initiate JxBrowser Engine with user profile folder
2026-04-14 12:50:38,597 [INFO] FileExtend:248 - Unzip File : updaters.zip
2026-04-14 12:50:38,597 [INFO] FileExtend:263 - Standard Zip Deflate
2026-04-14 12:50:39,215 [INFO] ServerAccessManage:452 - Complete download http(s) 200
2026-04-14 12:50:39,217 [INFO] ServerAccessManage:509 - Download File PacksControlFlags.xml
2026-04-14 12:50:39,333 [INFO] ServerAccessManage:452 - Complete download http(s) 200
2026-04-14 12:50:39,333 [INFO] ServerAccessManage:509 - Download File cubemx.pidx
2026-04-14 12:50:39,513 [INFO] LoadServerUpdatesThread:375 - End of LoadServerUpdate Thread
2026-04-14 12:50:39,720 [INFO] CheckServerUpdateThread:120 - End of CheckServer Thread
2026-04-14 12:50:41,563 [INFO] WebApp:169 - Instantiating new browser for Auth
2026-04-14 12:50:41,922 [WARN] PackLoader:240 - Cannot read IP mode file for STMicroelectronics.X-CUBE-AZRTOS-H7.3.5.0
2026-04-14 12:50:41,940 [WARN] PackLoader:240 - Cannot read IP mode file for STMicroelectronics.FP-ATR-ASTRA1.2.0.2
2026-04-14 12:50:41,968 [WARN] PackLoader:240 - Cannot read IP mode file for STMicroelectronics.X-CUBE-SMBUS.2.1.0
2026-04-14 12:50:41,989 [WARN] PackLoader:240 - Cannot read IP mode file for STMicroelectronics.X-CUBE-AZRTOS-F7.1.1.0
2026-04-14 12:50:42,008 [WARN] PackLoader:240 - Cannot read IP mode file for STMicroelectronics.FP-SNS-MOTENV1.5.1.0
2026-04-14 12:50:42,043 [WARN] PackLoader:240 - Cannot read IP mode file for WES.I-CUBE-Cesium.1.4.0
2026-04-14 12:50:42,061 [WARN] PackLoader:240 - Cannot read IP mode file for STMicroelectronics.X-CUBE-DISPLAY.3.0.0
2026-04-14 12:50:42,073 [WARN] PackLoader:240 - Cannot read IP mode file for STMicroelectronics.FP-SNS-MOTENVWB1.1.5.0
2026-04-14 12:50:42,094 [WARN] PackLoader:240 - Cannot read IP mode file for STMicroelectronics.X-CUBE-NFC10.1.0.0
2026-04-14 12:50:42,102 [WARN] PackLoader:240 - Cannot read IP mode file for STMicroelectronics.X-CUBE-ST60.1.1.0
2026-04-14 12:50:42,109 [WARN] PackLoader:240 - Cannot read IP mode file for emotas.I-CUBE-CANOPEN.1.3.0
2026-04-14 12:50:42,119 [WARN] PackLoader:240 - Cannot read IP mode file for STMicroelectronics.X-CUBE-GNSS1.7.1.0
2026-04-14 12:50:42,129 [WARN] PackLoader:240 - Cannot read IP mode file for STMicroelectronics.FP-SNS-STBOX1.2.1.0
2026-04-14 12:50:42,139 [WARN] PackLoader:240 - Cannot read IP mode file for STMicroelectronics.FP-SNS-SMARTAG2.1.2.0
2026-04-14 12:50:42,148 [WARN] PackLoader:240 - Cannot read IP mode file for STMicroelectronics.FP-SNS-FLIGHT1.5.1.0
2026-04-14 12:50:42,162 [INFO] LogOutputStream:77 - [STDOUT_REDIRECT] 1 : Invalid condition id : UX_CORESTACK_Condition cause : null
2026-04-14 12:50:42,164 [INFO] LogOutputStream:77 - [STDOUT_REDIRECT] 1 : Invalid condition id : UX_CORESTACK_Condition cause : null
2026-04-14 12:50:42,167 [INFO] LogOutputStream:77 - [STDOUT_REDIRECT] 1 : Invalid condition id : UX_CORESTACK_Condition cause : null
2026-04-14 12:50:42,172 [INFO] LogOutputStream:77 - [STDOUT_REDIRECT] 1 : Invalid condition id : UX_CORESTACK_Condition cause : null
2026-04-14 12:50:42,176 [INFO] LogOutputStream:77 - [STDOUT_REDIRECT] 1 : Invalid condition id : UX_CORESTACK_Condition cause : null
2026-04-14 12:50:42,182 [WARN] PackLoader:240 - Cannot read IP mode file for STMicroelectronics.X-CUBE-AZRTOS-WL.2.0.0
2026-04-14 12:50:42,215 [WARN] PackLoader:240 - Cannot read IP mode file for STMicroelectronics.X-CUBE-AZRTOS-H7RS.1.2.0
2026-04-14 12:50:42,225 [WARN] PackLoader:240 - Cannot read IP mode file for STMicroelectronics.X-CUBE-BLE2.3.3.0
2026-04-14 12:50:42,298 [WARN] PackLoader:240 - Cannot read IP mode file for Infineon.AIROC-Wi-Fi-Bluetooth-STM32.1.8.0
2026-04-14 12:50:42,323 [WARN] PackLoader:240 - Cannot read IP mode file for STMicroelectronics.X-CUBE-NFC9.1.0.0
2026-04-14 12:50:42,343 [WARN] PackLoader:240 - Cannot read IP mode file for STMicroelectronics.X-CUBE-BLE1.7.1.0
2026-04-14 12:50:42,352 [WARN] PackLoader:240 - Cannot read IP mode file for wolfSSL.I-CUBE-wolfMQTT.1.19.2
2026-04-14 12:50:42,365 [WARN] PackLoader:240 - Cannot read IP mode file for STMicroelectronics.X-CUBE-EEPRMA1.5.2.0
2026-04-14 12:50:42,378 [WARN] PackLoader:240 - Cannot read IP mode file for wolfSSL.I-CUBE-wolfSSL.5.8.4
2026-04-14 12:50:42,385 [WARN] PackLoader:240 - Cannot read IP mode file for Cesanta.I-CUBE-Mongoose.7.20.0
2026-04-14 12:50:42,462 [WARN] PackLoader:240 - Cannot read IP mode file for STMicroelectronics.X-CUBE-MEMS1.12.0.0
2026-04-14 12:50:42,608 [WARN] PackLoader:240 - Cannot read IP mode file for STMicroelectronics.X-CUBE-AZRTOS-G0.1.1.0
2026-04-14 12:50:42,637 [WARN] PackLoader:240 - Cannot read IP mode file for STMicroelectronics.X-CUBE-NFC4.3.0.0
2026-04-14 12:50:42,668 [WARN] PackLoader:240 - Cannot read IP mode file for EmbeddedOffice.I-CUBE-FS-RTOS.1.0.1
2026-04-14 12:50:42,677 [WARN] PackLoader:240 - Cannot read IP mode file for STMicroelectronics.X-CUBE-WB05N.2.0.0
2026-04-14 12:50:42,685 [WARN] PackLoader:240 - Cannot read IP mode file for wolfSSL.I-CUBE-wolfTPM.3.8.0
2026-04-14 12:50:42,694 [WARN] PackLoader:240 - Cannot read IP mode file for STMicroelectronics.X-CUBE-TCPP.4.2.0
2026-04-14 12:50:42,701 [WARN] PackLoader:240 - Cannot read IP mode file for RealThread.X-CUBE-RT-Thread_Nano.4.1.1
2026-04-14 12:50:42,707 [WARN] PackLoader:240 - Cannot read IP mode file for STMicroelectronics.FP-ATR-SIGFOX1.3.2.0
2026-04-14 12:50:42,714 [WARN] PackLoader:240 - Cannot read IP mode file for STMicroelectronics.X-CUBE-FREERTOS.1.5.0
2026-04-14 12:50:42,723 [WARN] PackLoader:240 - Cannot read IP mode file for ITTIA_DB.I-CUBE-ITTIADB.8.9.0
2026-04-14 12:50:42,731 [WARN] PackLoader:240 - Cannot read IP mode file for STMicroelectronics.X-CUBE-NFC6.3.2.0
2026-04-14 12:50:42,741 [WARN] PackLoader:240 - Cannot read IP mode file for STMicroelectronics.X-CUBE-AI.10.2.0
2026-04-14 12:50:42,769 [WARN] PackLoader:240 - Cannot read IP mode file for SEGGER.I-CUBE-embOS.1.3.1
2026-04-14 12:50:42,812 [WARN] PackLoader:240 - Cannot read IP mode file for STMicroelectronics.X-CUBE-ALGOBUILD.1.4.0
2026-04-14 12:50:42,818 [WARN] PackLoader:240 - Cannot read IP mode file for STMicroelectronics.X-CUBE-PM33A1.1.0.0
2026-04-14 12:50:42,833 [WARN] PackLoader:240 - Cannot read IP mode file for STMicroelectronics.X-CUBE-AZRTOS-F4.1.1.0
2026-04-14 12:50:42,841 [WARN] PackLoader:240 - Cannot read IP mode file for STMicroelectronics.X-CUBE-ISPU.2.1.0
2026-04-14 12:50:42,854 [WARN] PackLoader:240 - Cannot read IP mode file for STMicroelectronics.X-CUBE-IPS.3.2.0
2026-04-14 12:50:42,867 [WARN] PackLoader:240 - Cannot read IP mode file for STMicroelectronics.eDS-WB_DPC_TT-BIDIR.2.1.1
2026-04-14 12:50:42,875 [WARN] PackLoader:240 - Cannot read IP mode file for STMicroelectronics.X-CUBE-NFC12.1.0.0
2026-04-14 12:50:42,890 [WARN] PackLoader:240 - Cannot read IP mode file for STMicroelectronics.X-CUBE-AZRTOS-L5.2.0.0
2026-04-14 12:50:42,896 [WARN] PackLoader:240 - Cannot read IP mode file for STMicroelectronics.eDS-WB_DPC_VIENNA.1.2.0
2026-04-14 12:50:42,902 [WARN] PackLoader:240 - Cannot read IP mode file for STMicroelectronics.eDS-WB_DPC_3PH2L-BIDIR.1.1.1
2026-04-14 12:50:42,914 [WARN] PackLoader:240 - Cannot read IP mode file for STMicroelectronics.X-CUBE-TOUCHGFX.4.26.1
2026-04-14 12:50:42,920 [WARN] PackLoader:240 - Cannot read IP mode file for STMicroelectronics.FP-SNS-STAIOTCFT.1.0.0
2026-04-14 12:50:42,925 [WARN] PackLoader:240 - Cannot read IP mode file for STMicroelectronics.X-CUBE-DPower.1.3.0
2026-04-14 12:50:42,942 [WARN] ConditionMgr:438 - getConditionDescription Invalid condition id : LAN8742 Phy interface Condition cause : null
2026-04-14 12:50:42,943 [WARN] PackLoader:240 - Cannot read IP mode file for STMicroelectronics.X-CUBE-AZRTOS-L4.2.0.0
2026-04-14 12:50:42,944 [WARN] ConditionMgr:1044 - genDependencies : Invalid condition id : LAN8742 Phy interface Condition cause : null
2026-04-14 12:50:42,945 [WARN] ConditionMgr:1044 - genDependencies : Invalid condition id : LAN8742 Phy interface Condition cause : null
2026-04-14 12:50:42,945 [WARN] ConditionMgr:1044 - genDependencies : Invalid condition id : LAN8742 Phy interface Condition cause : null
2026-04-14 12:50:42,974 [WARN] PackLoader:240 - Cannot read IP mode file for STMicroelectronics.X-CUBE-SFXS2LP1.4.0.0
2026-04-14 12:50:42,991 [WARN] PackLoader:240 - Cannot read IP mode file for STMicroelectronics.X-CUBE-WB05N.2.1.0
2026-04-14 12:50:43,011 [WARN] PackLoader:240 - Cannot read IP mode file for STMicroelectronics.X-CUBE-ST67W61.1.2.0
2026-04-14 12:50:43,036 [WARN] PackLoader:240 - Cannot read IP mode file for STMicroelectronics.X-CUBE-BLEMGR.4.1.0
2026-04-14 12:50:43,095 [WARN] ConditionMgr:438 - getConditionDescription Invalid condition id : UX DEVICE CLASS RTOS Condition cause : null
2026-04-14 12:50:43,096 [WARN] ConditionMgr:438 - getConditionDescription Invalid condition id : UX DEVICE CLASS RTOS Condition cause : null
2026-04-14 12:50:43,099 [WARN] PackLoader:240 - Cannot read IP mode file for STMicroelectronics.X-CUBE-AZRTOS-WB.2.0.0
2026-04-14 12:50:43,101 [WARN] ConditionMgr:1044 - genDependencies : Invalid condition id : UX DEVICE CLASS RTOS Condition cause : null
2026-04-14 12:50:43,102 [WARN] ConditionMgr:1044 - genDependencies : Invalid condition id : UX DEVICE CLASS RTOS Condition cause : null
2026-04-14 12:50:43,103 [WARN] ConditionMgr:1044 - genDependencies : Invalid condition id : UX DEVICE CLASS RTOS Condition cause : null
2026-04-14 12:50:43,103 [WARN] ConditionMgr:1044 - genDependencies : Invalid condition id : UX DEVICE CLASS RTOS Condition cause : null
2026-04-14 12:50:43,104 [WARN] ConditionMgr:1044 - genDependencies : Invalid condition id : UX DEVICE CLASS RTOS Condition cause : null
2026-04-14 12:50:43,121 [WARN] ConditionMgr:438 - getConditionDescription Invalid condition id : Cortex-A Device cause : null
2026-04-14 12:50:43,147 [WARN] ConditionMgr:1044 - genDependencies : Invalid condition id : Cortex-A Device cause : null
2026-04-14 12:50:43,149 [WARN] ConditionMgr:1044 - genDependencies : Invalid condition id : Cortex-A Device cause : null
2026-04-14 12:50:43,149 [WARN] ConditionMgr:1044 - genDependencies : Invalid condition id : Cortex-A Device cause : null
2026-04-14 12:50:43,165 [WARN] PackLoader:240 - Cannot read IP mode file for STMicroelectronics.X-CUBE-STSE01.2.0.0
2026-04-14 12:50:43,191 [WARN] PackLoader:240 - Cannot read IP mode file for STMicroelectronics.X-CUBE-SUBG2.5.0.0
2026-04-14 12:50:43,222 [WARN] PackLoader:240 - Cannot read IP mode file for STMicroelectronics.X-CUBE-AZRTOS-G4.2.0.0
2026-04-14 12:50:43,235 [WARN] PackLoader:240 - Cannot read IP mode file for wolfSSL.I-CUBE-wolfSSH.1.4.20
2026-04-14 12:50:43,246 [WARN] PackLoader:240 - Cannot read IP mode file for STMicroelectronics.X-CUBE-NFC7.2.0.0
2026-04-14 12:50:43,252 [WARN] PackLoader:240 - Cannot read IP mode file for STMicroelectronics.X-CUBE-ALS.1.0.2
2026-04-14 12:50:43,268 [WARN] PackLoader:240 - Cannot read IP mode file for STMicroelectronics.X-CUBE-TOF1.3.4.3
2026-04-14 12:50:43,294 [INFO] ThirdParty:978 - Integrity check success = true
2026-04-14 12:50:43,295 [INFO] IntegrityCheckThread:100 - exiting critical section [integrity check]
2026-04-14 12:50:43,295 [INFO] IntegrityCheckThread:103 - End integrity checks thread
2026-04-14 12:50:44,921 [INFO] WebApp:463 - Apply proxy settings
2026-04-14 12:50:44,923 [INFO] WebApp:548 - Chromium requires no authentication
2026-04-14 12:50:44,940 [INFO] WebApp:491 - Direct internet connection detected
2026-04-14 12:50:44,993 [INFO] WebApp:900 - Register for checkConnection events
2026-04-14 12:50:44,993 [INFO] WebApp:463 - Apply proxy settings
2026-04-14 12:50:44,993 [INFO] WebApp:548 - Chromium requires no authentication
2026-04-14 12:50:44,994 [INFO] WebApp:491 - Direct internet connection detected
2026-04-14 12:50:45,410 [INFO] WebApp:191 - Connection restablished
2026-04-14 12:50:45,480 [INFO] WebApp:225 - Starting web application
2026-04-14 12:50:45,481 [INFO] WebApp:593 - Web application path used C:\ST\STM32CubeIDE_1.19.0\STM32CubeIDE\plugins\com.st.stm32cube.common.mx_6.15.0.202507011659\db\plugins\mcufinder\reactClient1\index.html
2026-04-14 12:50:46,594 [ERROR] LogOutputStream:75 - [STDERR_REDIRECT] [Fatal Error] :1:1: Premature end of file.
2026-04-14 12:50:46,595 [ERROR] LogOutputStream:75 - [STDERR_REDIRECT] 
2026-04-14 12:50:47,400 [ERROR] LogOutputStream:75 - [STDERR_REDIRECT] [Fatal Error] :1:1: Premature end of file.
2026-04-14 12:50:47,401 [ERROR] LogOutputStream:75 - [STDERR_REDIRECT] 
2026-04-14 12:50:48,377 [ERROR] LogOutputStream:75 - [STDERR_REDIRECT] [Fatal Error] :1:1: Premature end of file.
2026-04-14 12:50:48,378 [ERROR] LogOutputStream:75 - [STDERR_REDIRECT] 
2026-04-14 12:50:49,401 [ERROR] LogOutputStream:75 - [STDERR_REDIRECT] [Fatal Error] :1:1: Premature end of file.
2026-04-14 12:50:49,401 [ERROR] LogOutputStream:75 - [STDERR_REDIRECT] 
2026-04-14 12:50:50,407 [ERROR] LogOutputStream:75 - [STDERR_REDIRECT] [Fatal Error] :1:1: Premature end of file.
2026-04-14 12:50:50,408 [ERROR] LogOutputStream:75 - [STDERR_REDIRECT] 
2026-04-14 12:50:51,405 [ERROR] LogOutputStream:75 - [STDERR_REDIRECT] [Fatal Error] :1:1: Premature end of file.
2026-04-14 12:50:51,405 [ERROR] LogOutputStream:75 - [STDERR_REDIRECT] 
2026-04-14 12:50:52,416 [ERROR] LogOutputStream:75 - [STDERR_REDIRECT] [Fatal Error] :1:1: Premature end of file.
2026-04-14 12:50:52,417 [ERROR] LogOutputStream:75 - [STDERR_REDIRECT] 
2026-04-14 12:50:53,433 [ERROR] LogOutputStream:75 - [STDERR_REDIRECT] [Fatal Error] :1:1: Premature end of file.
2026-04-14 12:50:53,434 [ERROR] LogOutputStream:75 - [STDERR_REDIRECT] 
2026-04-14 12:50:54,409 [ERROR] LogOutputStream:75 - [STDERR_REDIRECT] [Fatal Error] :1:1: Premature end of file.
2026-04-14 12:50:54,410 [ERROR] LogOutputStream:75 - [STDERR_REDIRECT] 
2026-04-14 12:50:55,432 [ERROR] LogOutputStream:75 - [STDERR_REDIRECT] [Fatal Error] :1:1: Premature end of file.
2026-04-14 12:50:55,433 [ERROR] LogOutputStream:75 - [STDERR_REDIRECT] 
2026-04-14 12:50:56,427 [ERROR] LogOutputStream:75 - [STDERR_REDIRECT] [Fatal Error] :1:1: Premature end of file.
2026-04-14 12:50:56,428 [ERROR] LogOutputStream:75 - [STDERR_REDIRECT] 
2026-04-14 12:50:57,412 [ERROR] LogOutputStream:75 - [STDERR_REDIRECT] [Fatal Error] :1:1: Premature end of file.
2026-04-14 12:50:57,413 [ERROR] LogOutputStream:75 - [STDERR_REDIRECT] 
2026-04-14 12:50:58,425 [ERROR] LogOutputStream:75 - [STDERR_REDIRECT] [Fatal Error] :1:1: Premature end of file.
2026-04-14 12:50:58,427 [ERROR] LogOutputStream:75 - [STDERR_REDIRECT] 
2026-04-14 12:50:59,426 [ERROR] LogOutputStream:75 - [STDERR_REDIRECT] [Fatal Error] :1:1: Premature end of file.
2026-04-14 12:50:59,428 [ERROR] LogOutputStream:75 - [STDERR_REDIRECT] 
2026-04-14 12:51:00,409 [ERROR] LogOutputStream:75 - [STDERR_REDIRECT] [Fatal Error] :1:1: Premature end of file.
2026-04-14 12:51:00,410 [ERROR] LogOutputStream:75 - [STDERR_REDIRECT] 
2026-04-14 12:51:01,433 [ERROR] LogOutputStream:75 - [STDERR_REDIRECT] [Fatal Error] :1:1: Premature end of file.
2026-04-14 12:51:01,433 [ERROR] LogOutputStream:75 - [STDERR_REDIRECT] 
2026-04-14 12:51:02,404 [ERROR] LogOutputStream:75 - [STDERR_REDIRECT] [Fatal Error] :1:1: Premature end of file.
2026-04-14 12:51:02,405 [ERROR] LogOutputStream:75 - [STDERR_REDIRECT] 
2026-04-14 12:51:03,422 [ERROR] LogOutputStream:75 - [STDERR_REDIRECT] [Fatal Error] :1:1: Premature end of file.
2026-04-14 12:51:03,423 [ERROR] LogOutputStream:75 - [STDERR_REDIRECT] 
2026-04-14 12:51:04,431 [ERROR] LogOutputStream:75 - [STDERR_REDIRECT] [Fatal Error] :1:1: Premature end of file.
2026-04-14 12:51:04,432 [ERROR] LogOutputStream:75 - [STDERR_REDIRECT] 
2026-04-14 12:51:05,430 [ERROR] LogOutputStream:75 - [STDERR_REDIRECT] [Fatal Error] :1:1: Premature end of file.
2026-04-14 12:51:05,431 [ERROR] LogOutputStream:75 - [STDERR_REDIRECT] 
2026-04-14 12:51:06,445 [ERROR] LogOutputStream:75 - [STDERR_REDIRECT] [Fatal Error] :1:1: Premature end of file.
2026-04-14 12:51:06,447 [ERROR] LogOutputStream:75 - [STDERR_REDIRECT] 
2026-04-14 12:51:07,431 [ERROR] LogOutputStream:75 - [STDERR_REDIRECT] [Fatal Error] :1:1: Premature end of file.
2026-04-14 12:51:07,435 [ERROR] LogOutputStream:75 - [STDERR_REDIRECT] 
2026-04-14 12:51:08,425 [ERROR] LogOutputStream:75 - [STDERR_REDIRECT] [Fatal Error] :1:1: Premature end of file.
2026-04-14 12:51:08,430 [ERROR] LogOutputStream:75 - [STDERR_REDIRECT] 
2026-04-14 12:51:09,425 [ERROR] LogOutputStream:75 - [STDERR_REDIRECT] [Fatal Error] :1:1: Premature end of file.
2026-04-14 12:51:09,426 [ERROR] LogOutputStream:75 - [STDERR_REDIRECT] 
2026-04-14 12:51:10,422 [ERROR] LogOutputStream:75 - [STDERR_REDIRECT] [Fatal Error] :1:1: Premature end of file.
2026-04-14 12:51:10,424 [ERROR] LogOutputStream:75 - [STDERR_REDIRECT] 
2026-04-14 12:51:11,450 [ERROR] LogOutputStream:75 - [STDERR_REDIRECT] [Fatal Error] :1:1: Premature end of file.
2026-04-14 12:51:11,451 [ERROR] LogOutputStream:75 - [STDERR_REDIRECT] 
2026-04-14 12:51:12,425 [ERROR] LogOutputStream:75 - [STDERR_REDIRECT] [Fatal Error] :1:1: Premature end of file.
2026-04-14 12:51:12,428 [ERROR] LogOutputStream:75 - [STDERR_REDIRECT] 
2026-04-14 12:51:13,435 [ERROR] LogOutputStream:75 - [STDERR_REDIRECT] [Fatal Error] :1:1: Premature end of file.
2026-04-14 12:51:13,436 [ERROR] LogOutputStream:75 - [STDERR_REDIRECT] 
2026-04-14 12:51:14,417 [ERROR] LogOutputStream:75 - [STDERR_REDIRECT] [Fatal Error] :1:1: Premature end of file.
2026-04-14 12:51:14,417 [ERROR] LogOutputStream:75 - [STDERR_REDIRECT] 
2026-04-14 12:51:15,426 [ERROR] LogOutputStream:75 - [STDERR_REDIRECT] [Fatal Error] :1:1: Premature end of file.
2026-04-14 12:51:15,426 [ERROR] LogOutputStream:75 - [STDERR_REDIRECT] 
2026-04-14 12:51:16,428 [ERROR] LogOutputStream:75 - [STDERR_REDIRECT] [Fatal Error] :1:1: Premature end of file.
2026-04-14 12:51:16,430 [ERROR] LogOutputStream:75 - [STDERR_REDIRECT] 
2026-04-14 12:51:17,441 [ERROR] LogOutputStream:75 - [STDERR_REDIRECT] [Fatal Error] :1:1: Premature end of file.
2026-04-14 12:51:17,442 [ERROR] LogOutputStream:75 - [STDERR_REDIRECT] 
2026-04-14 12:51:18,421 [ERROR] LogOutputStream:75 - [STDERR_REDIRECT] [Fatal Error] :1:1: Premature end of file.
2026-04-14 12:51:18,422 [ERROR] LogOutputStream:75 - [STDERR_REDIRECT] 
2026-04-14 12:51:19,431 [ERROR] LogOutputStream:75 - [STDERR_REDIRECT] [Fatal Error] :1:1: Premature end of file.
2026-04-14 12:51:19,432 [ERROR] LogOutputStream:75 - [STDERR_REDIRECT] 
2026-04-14 12:51:20,425 [ERROR] LogOutputStream:75 - [STDERR_REDIRECT] [Fatal Error] :1:1: Premature end of file.
2026-04-14 12:51:20,426 [ERROR] LogOutputStream:75 - [STDERR_REDIRECT] 
2026-04-14 12:51:21,423 [ERROR] LogOutputStream:75 - [STDERR_REDIRECT] [Fatal Error] :1:1: Premature end of file.
2026-04-14 12:51:21,423 [ERROR] LogOutputStream:75 - [STDERR_REDIRECT] 
2026-04-14 12:51:22,435 [ERROR] LogOutputStream:75 - [STDERR_REDIRECT] [Fatal Error] :1:1: Premature end of file.
2026-04-14 12:51:22,436 [ERROR] LogOutputStream:75 - [STDERR_REDIRECT] 
2026-04-14 12:51:23,421 [ERROR] LogOutputStream:75 - [STDERR_REDIRECT] [Fatal Error] :1:1: Premature end of file.
2026-04-14 12:51:23,421 [ERROR] LogOutputStream:75 - [STDERR_REDIRECT] 
2026-04-14 12:51:24,425 [ERROR] LogOutputStream:75 - [STDERR_REDIRECT] [Fatal Error] :1:1: Premature end of file.
2026-04-14 12:51:24,427 [ERROR] LogOutputStream:75 - [STDERR_REDIRECT] 
2026-04-14 12:51:25,426 [ERROR] LogOutputStream:75 - [STDERR_REDIRECT] [Fatal Error] :1:1: Premature end of file.
2026-04-14 12:51:25,427 [ERROR] LogOutputStream:75 - [STDERR_REDIRECT] 
2026-04-14 12:51:26,410 [ERROR] LogOutputStream:75 - [STDERR_REDIRECT] [Fatal Error] :1:1: Premature end of file.
2026-04-14 12:51:26,411 [ERROR] LogOutputStream:75 - [STDERR_REDIRECT] 
2026-04-14 12:51:27,406 [ERROR] LogOutputStream:75 - [STDERR_REDIRECT] [Fatal Error] :1:1: Premature end of file.
2026-04-14 12:51:27,407 [ERROR] LogOutputStream:75 - [STDERR_REDIRECT] 
2026-04-14 12:51:28,431 [ERROR] LogOutputStream:75 - [STDERR_REDIRECT] [Fatal Error] :1:1: Premature end of file.
2026-04-14 12:51:28,432 [ERROR] LogOutputStream:75 - [STDERR_REDIRECT] 
2026-04-14 12:51:29,434 [ERROR] LogOutputStream:75 - [STDERR_REDIRECT] [Fatal Error] :1:1: Premature end of file.
2026-04-14 12:51:29,435 [ERROR] LogOutputStream:75 - [STDERR_REDIRECT] 
2026-04-14 12:51:30,423 [ERROR] LogOutputStream:75 - [STDERR_REDIRECT] [Fatal Error] :1:1: Premature end of file.
2026-04-14 12:51:30,425 [ERROR] LogOutputStream:75 - [STDERR_REDIRECT] 
2026-04-14 12:51:31,413 [ERROR] LogOutputStream:75 - [STDERR_REDIRECT] [Fatal Error] :1:1: Premature end of file.
2026-04-14 12:51:31,414 [ERROR] LogOutputStream:75 - [STDERR_REDIRECT] 
2026-04-14 12:51:32,412 [ERROR] LogOutputStream:75 - [STDERR_REDIRECT] [Fatal Error] :1:1: Premature end of file.
2026-04-14 12:51:32,414 [ERROR] LogOutputStream:75 - [STDERR_REDIRECT] 
2026-04-14 12:51:33,405 [ERROR] LogOutputStream:75 - [STDERR_REDIRECT] [Fatal Error] :1:1: Premature end of file.
2026-04-14 12:51:33,407 [ERROR] LogOutputStream:75 - [STDERR_REDIRECT] 
2026-04-14 12:51:34,404 [ERROR] LogOutputStream:75 - [STDERR_REDIRECT] [Fatal Error] :1:1: Premature end of file.
2026-04-14 12:51:34,404 [ERROR] LogOutputStream:75 - [STDERR_REDIRECT] 
2026-04-14 12:51:35,419 [ERROR] LogOutputStream:75 - [STDERR_REDIRECT] [Fatal Error] :1:1: Premature end of file.
2026-04-14 12:51:35,419 [ERROR] LogOutputStream:75 - [STDERR_REDIRECT] 
2026-04-14 12:51:36,413 [ERROR] LogOutputStream:75 - [STDERR_REDIRECT] [Fatal Error] :1:1: Premature end of file.
2026-04-14 12:51:36,413 [ERROR] LogOutputStream:75 - [STDERR_REDIRECT] 
2026-04-14 12:51:37,408 [ERROR] LogOutputStream:75 - [STDERR_REDIRECT] [Fatal Error] :1:1: Premature end of file.
2026-04-14 12:51:37,409 [ERROR] LogOutputStream:75 - [STDERR_REDIRECT] 
2026-04-14 12:51:38,430 [ERROR] LogOutputStream:75 - [STDERR_REDIRECT] [Fatal Error] :1:1: Premature end of file.
2026-04-14 12:51:38,431 [ERROR] LogOutputStream:75 - [STDERR_REDIRECT] 
2026-04-14 12:51:39,414 [ERROR] LogOutputStream:75 - [STDERR_REDIRECT] [Fatal Error] :1:1: Premature end of file.
2026-04-14 12:51:39,415 [ERROR] LogOutputStream:75 - [STDERR_REDIRECT] 
2026-04-14 12:51:40,411 [ERROR] LogOutputStream:75 - [STDERR_REDIRECT] [Fatal Error] :1:1: Premature end of file.
2026-04-14 12:51:40,411 [ERROR] LogOutputStream:75 - [STDERR_REDIRECT] 
2026-04-14 12:51:41,410 [ERROR] LogOutputStream:75 - [STDERR_REDIRECT] [Fatal Error] :1:1: Premature end of file.
2026-04-14 12:51:41,411 [ERROR] LogOutputStream:75 - [STDERR_REDIRECT] 
2026-04-14 12:51:42,418 [ERROR] LogOutputStream:75 - [STDERR_REDIRECT] [Fatal Error] :1:1: Premature end of file.
2026-04-14 12:51:42,419 [ERROR] LogOutputStream:75 - [STDERR_REDIRECT] 
2026-04-14 12:51:43,417 [ERROR] LogOutputStream:75 - [STDERR_REDIRECT] [Fatal Error] :1:1: Premature end of file.
2026-04-14 12:51:43,417 [ERROR] LogOutputStream:75 - [STDERR_REDIRECT] 
2026-04-14 12:51:44,417 [ERROR] LogOutputStream:75 - [STDERR_REDIRECT] [Fatal Error] :1:1: Premature end of file.
2026-04-14 12:51:44,419 [ERROR] LogOutputStream:75 - [STDERR_REDIRECT] 
2026-04-14 12:51:45,424 [ERROR] LogOutputStream:75 - [STDERR_REDIRECT] [Fatal Error] :1:1: Premature end of file.
2026-04-14 12:51:45,425 [ERROR] LogOutputStream:75 - [STDERR_REDIRECT] 
2026-04-14 12:51:46,406 [ERROR] LogOutputStream:75 - [STDERR_REDIRECT] [Fatal Error] :1:1: Premature end of file.
2026-04-14 12:51:46,407 [ERROR] LogOutputStream:75 - [STDERR_REDIRECT] 
2026-04-14 12:51:47,420 [ERROR] LogOutputStream:75 - [STDERR_REDIRECT] [Fatal Error] :1:1: Premature end of file.
2026-04-14 12:51:47,424 [ERROR] LogOutputStream:75 - [STDERR_REDIRECT] 
2026-04-14 12:51:48,414 [ERROR] LogOutputStream:75 - [STDERR_REDIRECT] [Fatal Error] :1:1: Premature end of file.
2026-04-14 12:51:48,415 [ERROR] LogOutputStream:75 - [STDERR_REDIRECT] 
2026-04-14 12:51:49,405 [ERROR] LogOutputStream:75 - [STDERR_REDIRECT] [Fatal Error] :1:1: Premature end of file.
2026-04-14 12:51:49,406 [ERROR] LogOutputStream:75 - [STDERR_REDIRECT] 
2026-04-14 12:51:50,422 [ERROR] LogOutputStream:75 - [STDERR_REDIRECT] [Fatal Error] :1:1: Premature end of file.
2026-04-14 12:51:50,423 [ERROR] LogOutputStream:75 - [STDERR_REDIRECT] 
2026-04-14 12:51:51,415 [ERROR] LogOutputStream:75 - [STDERR_REDIRECT] [Fatal Error] :1:1: Premature end of file.
2026-04-14 12:51:51,416 [ERROR] LogOutputStream:75 - [STDERR_REDIRECT] 
2026-04-14 12:51:52,419 [ERROR] LogOutputStream:75 - [STDERR_REDIRECT] [Fatal Error] :1:1: Premature end of file.
2026-04-14 12:51:52,419 [ERROR] LogOutputStream:75 - [STDERR_REDIRECT] 
2026-04-14 12:51:53,420 [ERROR] LogOutputStream:75 - [STDERR_REDIRECT] [Fatal Error] :1:1: Premature end of file.
2026-04-14 12:51:53,421 [ERROR] LogOutputStream:75 - [STDERR_REDIRECT] 
2026-04-14 12:51:54,413 [ERROR] LogOutputStream:75 - [STDERR_REDIRECT] [Fatal Error] :1:1: Premature end of file.
2026-04-14 12:51:54,414 [ERROR] LogOutputStream:75 - [STDERR_REDIRECT] 
2026-04-14 12:51:55,423 [ERROR] LogOutputStream:75 - [STDERR_REDIRECT] [Fatal Error] :1:1: Premature end of file.
2026-04-14 12:51:55,424 [ERROR] LogOutputStream:75 - [STDERR_REDIRECT] 
2026-04-14 12:51:56,421 [ERROR] LogOutputStream:75 - [STDERR_REDIRECT] [Fatal Error] :1:1: Premature end of file.
2026-04-14 12:51:56,422 [ERROR] LogOutputStream:75 - [STDERR_REDIRECT] 
2026-04-14 12:51:57,414 [ERROR] LogOutputStream:75 - [STDERR_REDIRECT] [Fatal Error] :1:1: Premature end of file.
2026-04-14 12:51:57,414 [ERROR] LogOutputStream:75 - [STDERR_REDIRECT] 
2026-04-14 12:51:58,422 [ERROR] LogOutputStream:75 - [STDERR_REDIRECT] [Fatal Error] :1:1: Premature end of file.
2026-04-14 12:51:58,422 [ERROR] LogOutputStream:75 - [STDERR_REDIRECT] 
2026-04-14 12:51:59,430 [ERROR] LogOutputStream:75 - [STDERR_REDIRECT] [Fatal Error] :1:1: Premature end of file.
2026-04-14 12:51:59,432 [ERROR] LogOutputStream:75 - [STDERR_REDIRECT] 
2026-04-14 12:52:00,455 [ERROR] LogOutputStream:75 - [STDERR_REDIRECT] [Fatal Error] :1:1: Premature end of file.
2026-04-14 12:52:00,456 [ERROR] LogOutputStream:75 - [STDERR_REDIRECT] 
2026-04-14 12:52:01,439 [ERROR] LogOutputStream:75 - [STDERR_REDIRECT] [Fatal Error] :1:1: Premature end of file.
2026-04-14 12:52:01,440 [ERROR] LogOutputStream:75 - [STDERR_REDIRECT] 
2026-04-14 12:52:02,432 [ERROR] LogOutputStream:75 - [STDERR_REDIRECT] [Fatal Error] :1:1: Premature end of file.
2026-04-14 12:52:02,434 [ERROR] LogOutputStream:75 - [STDERR_REDIRECT] 
2026-04-14 12:52:03,444 [ERROR] LogOutputStream:75 - [STDERR_REDIRECT] [Fatal Error] :1:1: Premature end of file.
2026-04-14 12:52:03,445 [ERROR] LogOutputStream:75 - [STDERR_REDIRECT] 
2026-04-14 12:52:04,434 [ERROR] LogOutputStream:75 - [STDERR_REDIRECT] [Fatal Error] :1:1: Premature end of file.
2026-04-14 12:52:04,435 [ERROR] LogOutputStream:75 - [STDERR_REDIRECT] 
2026-04-14 12:52:05,443 [ERROR] LogOutputStream:75 - [STDERR_REDIRECT] [Fatal Error] :1:1: Premature end of file.
2026-04-14 12:52:05,444 [ERROR] LogOutputStream:75 - [STDERR_REDIRECT] 
2026-04-14 12:52:06,416 [ERROR] LogOutputStream:75 - [STDERR_REDIRECT] [Fatal Error] :1:1: Premature end of file.
2026-04-14 12:52:06,418 [ERROR] LogOutputStream:75 - [STDERR_REDIRECT] 
2026-04-14 12:52:07,421 [ERROR] LogOutputStream:75 - [STDERR_REDIRECT] [Fatal Error] :1:1: Premature end of file.
2026-04-14 12:52:07,422 [ERROR] LogOutputStream:75 - [STDERR_REDIRECT] 
2026-04-14 12:52:08,416 [ERROR] LogOutputStream:75 - [STDERR_REDIRECT] [Fatal Error] :1:1: Premature end of file.
2026-04-14 12:52:08,416 [ERROR] LogOutputStream:75 - [STDERR_REDIRECT] 
2026-04-14 12:52:09,436 [ERROR] LogOutputStream:75 - [STDERR_REDIRECT] [Fatal Error] :1:1: Premature end of file.
2026-04-14 12:52:09,436 [ERROR] LogOutputStream:75 - [STDERR_REDIRECT] 
2026-04-14 12:52:10,434 [ERROR] LogOutputStream:75 - [STDERR_REDIRECT] [Fatal Error] :1:1: Premature end of file.
2026-04-14 12:52:10,435 [ERROR] LogOutputStream:75 - [STDERR_REDIRECT] 
2026-04-14 12:52:11,413 [ERROR] LogOutputStream:75 - [STDERR_REDIRECT] [Fatal Error] :1:1: Premature end of file.
2026-04-14 12:52:11,414 [ERROR] LogOutputStream:75 - [STDERR_REDIRECT] 
2026-04-14 12:52:12,443 [ERROR] LogOutputStream:75 - [STDERR_REDIRECT] [Fatal Error] :1:1: Premature end of file.
2026-04-14 12:52:12,444 [ERROR] LogOutputStream:75 - [STDERR_REDIRECT] 
2026-04-14 12:52:13,426 [ERROR] LogOutputStream:75 - [STDERR_REDIRECT] [Fatal Error] :1:1: Premature end of file.
2026-04-14 12:52:13,426 [ERROR] LogOutputStream:75 - [STDERR_REDIRECT] 
2026-04-14 12:52:14,426 [ERROR] LogOutputStream:75 - [STDERR_REDIRECT] [Fatal Error] :1:1: Premature end of file.
2026-04-14 12:52:14,427 [ERROR] LogOutputStream:75 - [STDERR_REDIRECT] 
2026-04-14 12:52:15,417 [ERROR] LogOutputStream:75 - [STDERR_REDIRECT] [Fatal Error] :1:1: Premature end of file.
2026-04-14 12:52:15,418 [ERROR] LogOutputStream:75 - [STDERR_REDIRECT] 
2026-04-14 12:52:16,481 [ERROR] LogOutputStream:75 - [STDERR_REDIRECT] [Fatal Error] :1:1: Premature end of file.
2026-04-14 12:52:16,482 [ERROR] LogOutputStream:75 - [STDERR_REDIRECT] 
2026-04-14 12:52:17,441 [ERROR] LogOutputStream:75 - [STDERR_REDIRECT] [Fatal Error] :1:1: Premature end of file.
2026-04-14 12:52:17,443 [ERROR] LogOutputStream:75 - [STDERR_REDIRECT] 
2026-04-14 12:52:18,441 [ERROR] LogOutputStream:75 - [STDERR_REDIRECT] [Fatal Error] :1:1: Premature end of file.
2026-04-14 12:52:18,441 [ERROR] LogOutputStream:75 - [STDERR_REDIRECT] 
2026-04-14 12:52:19,431 [ERROR] LogOutputStream:75 - [STDERR_REDIRECT] [Fatal Error] :1:1: Premature end of file.
2026-04-14 12:52:19,431 [ERROR] LogOutputStream:75 - [STDERR_REDIRECT] 
2026-04-14 12:52:20,432 [ERROR] LogOutputStream:75 - [STDERR_REDIRECT] [Fatal Error] :1:1: Premature end of file.
2026-04-14 12:52:20,434 [ERROR] LogOutputStream:75 - [STDERR_REDIRECT] 
2026-04-14 12:52:21,440 [ERROR] LogOutputStream:75 - [STDERR_REDIRECT] [Fatal Error] :1:1: Premature end of file.
2026-04-14 12:52:21,440 [ERROR] LogOutputStream:75 - [STDERR_REDIRECT] 
2026-04-14 12:52:22,429 [ERROR] LogOutputStream:75 - [STDERR_REDIRECT] [Fatal Error] :1:1: Premature end of file.
2026-04-14 12:52:22,429 [ERROR] LogOutputStream:75 - [STDERR_REDIRECT] 
2026-04-14 12:52:23,427 [ERROR] LogOutputStream:75 - [STDERR_REDIRECT] [Fatal Error] :1:1: Premature end of file.
2026-04-14 12:52:23,428 [ERROR] LogOutputStream:75 - [STDERR_REDIRECT] 
2026-04-14 12:52:24,435 [ERROR] LogOutputStream:75 - [STDERR_REDIRECT] [Fatal Error] :1:1: Premature end of file.
2026-04-14 12:52:24,436 [ERROR] LogOutputStream:75 - [STDERR_REDIRECT] 
2026-04-14 12:52:25,438 [ERROR] LogOutputStream:75 - [STDERR_REDIRECT] [Fatal Error] :1:1: Premature end of file.
2026-04-14 12:52:25,439 [ERROR] LogOutputStream:75 - [STDERR_REDIRECT] 
2026-04-14 12:52:26,439 [ERROR] LogOutputStream:75 - [STDERR_REDIRECT] [Fatal Error] :1:1: Premature end of file.
2026-04-14 12:52:26,439 [ERROR] LogOutputStream:75 - [STDERR_REDIRECT] 
2026-04-14 12:52:27,426 [ERROR] LogOutputStream:75 - [STDERR_REDIRECT] [Fatal Error] :1:1: Premature end of file.
2026-04-14 12:52:27,426 [ERROR] LogOutputStream:75 - [STDERR_REDIRECT] 
2026-04-14 12:52:28,404 [ERROR] LogOutputStream:75 - [STDERR_REDIRECT] [Fatal Error] :1:1: Premature end of file.
2026-04-14 12:52:28,404 [ERROR] LogOutputStream:75 - [STDERR_REDIRECT] 
2026-04-14 12:52:29,416 [ERROR] LogOutputStream:75 - [STDERR_REDIRECT] [Fatal Error] :1:1: Premature end of file.
2026-04-14 12:52:29,417 [ERROR] LogOutputStream:75 - [STDERR_REDIRECT] 
2026-04-14 12:52:30,427 [ERROR] LogOutputStream:75 - [STDERR_REDIRECT] [Fatal Error] :1:1: Premature end of file.
2026-04-14 12:52:30,428 [ERROR] LogOutputStream:75 - [STDERR_REDIRECT] 
2026-04-14 12:52:31,414 [ERROR] LogOutputStream:75 - [STDERR_REDIRECT] [Fatal Error] :1:1: Premature end of file.
2026-04-14 12:52:31,415 [ERROR] LogOutputStream:75 - [STDERR_REDIRECT] 
2026-04-14 12:52:32,397 [ERROR] LogOutputStream:75 - [STDERR_REDIRECT] [Fatal Error] :1:1: Premature end of file.
2026-04-14 12:52:32,397 [ERROR] LogOutputStream:75 - [STDERR_REDIRECT] 
2026-04-14 12:52:33,442 [ERROR] LogOutputStream:75 - [STDERR_REDIRECT] [Fatal Error] :1:1: Premature end of file.
2026-04-14 12:52:33,443 [ERROR] LogOutputStream:75 - [STDERR_REDIRECT] 
2026-04-14 12:52:34,433 [ERROR] LogOutputStream:75 - [STDERR_REDIRECT] [Fatal Error] :1:1: Premature end of file.
2026-04-14 12:52:34,433 [ERROR] LogOutputStream:75 - [STDERR_REDIRECT] 
2026-04-14 12:52:35,416 [ERROR] LogOutputStream:75 - [STDERR_REDIRECT] [Fatal Error] :1:1: Premature end of file.
2026-04-14 12:52:35,417 [ERROR] LogOutputStream:75 - [STDERR_REDIRECT] 
2026-04-14 12:52:36,536 [ERROR] LogOutputStream:75 - [STDERR_REDIRECT] [Fatal Error] :1:1: Premature end of file.
2026-04-14 12:52:36,537 [ERROR] LogOutputStream:75 - [STDERR_REDIRECT] 
2026-04-14 12:52:37,481 [ERROR] LogOutputStream:75 - [STDERR_REDIRECT] [Fatal Error] :1:1: Premature end of file.
2026-04-14 12:52:37,481 [ERROR] LogOutputStream:75 - [STDERR_REDIRECT] 
2026-04-14 12:52:38,426 [ERROR] LogOutputStream:75 - [STDERR_REDIRECT] [Fatal Error] :1:1: Premature end of file.
2026-04-14 12:52:38,427 [ERROR] LogOutputStream:75 - [STDERR_REDIRECT] 
2026-04-14 12:52:39,415 [ERROR] LogOutputStream:75 - [STDERR_REDIRECT] [Fatal Error] :1:1: Premature end of file.
2026-04-14 12:52:39,415 [ERROR] LogOutputStream:75 - [STDERR_REDIRECT] 
2026-04-14 12:52:40,418 [ERROR] LogOutputStream:75 - [STDERR_REDIRECT] [Fatal Error] :1:1: Premature end of file.
2026-04-14 12:52:40,419 [ERROR] LogOutputStream:75 - [STDERR_REDIRECT] 
2026-04-14 12:52:41,415 [ERROR] LogOutputStream:75 - [STDERR_REDIRECT] [Fatal Error] :1:1: Premature end of file.
2026-04-14 12:52:41,416 [ERROR] LogOutputStream:75 - [STDERR_REDIRECT] 
2026-04-14 12:52:42,475 [ERROR] LogOutputStream:75 - [STDERR_REDIRECT] [Fatal Error] :1:1: Premature end of file.
2026-04-14 12:52:42,476 [ERROR] LogOutputStream:75 - [STDERR_REDIRECT] 
2026-04-14 12:52:43,451 [ERROR] LogOutputStream:75 - [STDERR_REDIRECT] [Fatal Error] :1:1: Premature end of file.
2026-04-14 12:52:43,452 [ERROR] LogOutputStream:75 - [STDERR_REDIRECT] 
2026-04-14 12:52:44,451 [ERROR] LogOutputStream:75 - [STDERR_REDIRECT] [Fatal Error] :1:1: Premature end of file.
2026-04-14 12:52:44,452 [ERROR] LogOutputStream:75 - [STDERR_REDIRECT] 
2026-04-14 12:52:45,476 [ERROR] LogOutputStream:75 - [STDERR_REDIRECT] [Fatal Error] :1:1: Premature end of file.
2026-04-14 12:52:45,477 [ERROR] LogOutputStream:75 - [STDERR_REDIRECT] 
2026-04-14 12:52:46,454 [ERROR] LogOutputStream:75 - [STDERR_REDIRECT] [Fatal Error] :1:1: Premature end of file.
2026-04-14 12:52:46,456 [ERROR] LogOutputStream:75 - [STDERR_REDIRECT] 
2026-04-14 12:52:47,424 [ERROR] LogOutputStream:75 - [STDERR_REDIRECT] [Fatal Error] :1:1: Premature end of file.
2026-04-14 12:52:47,424 [ERROR] LogOutputStream:75 - [STDERR_REDIRECT] 
2026-04-14 12:52:48,430 [ERROR] LogOutputStream:75 - [STDERR_REDIRECT] [Fatal Error] :1:1: Premature end of file.
2026-04-14 12:52:48,431 [ERROR] LogOutputStream:75 - [STDERR_REDIRECT] 
2026-04-14 12:52:49,429 [ERROR] LogOutputStream:75 - [STDERR_REDIRECT] [Fatal Error] :1:1: Premature end of file.
2026-04-14 12:52:49,432 [ERROR] LogOutputStream:75 - [STDERR_REDIRECT] 
2026-04-14 12:52:50,459 [ERROR] LogOutputStream:75 - [STDERR_REDIRECT] [Fatal Error] :1:1: Premature end of file.
2026-04-14 12:52:50,460 [ERROR] LogOutputStream:75 - [STDERR_REDIRECT] 
2026-04-14 12:52:51,513 [ERROR] LogOutputStream:75 - [STDERR_REDIRECT] [Fatal Error] :1:1: Premature end of file.
2026-04-14 12:52:51,515 [ERROR] LogOutputStream:75 - [STDERR_REDIRECT] 
2026-04-14 12:52:52,432 [ERROR] LogOutputStream:75 - [STDERR_REDIRECT] [Fatal Error] :1:1: Premature end of file.
2026-04-14 12:52:52,432 [ERROR] LogOutputStream:75 - [STDERR_REDIRECT] 
2026-04-14 12:52:53,470 [ERROR] LogOutputStream:75 - [STDERR_REDIRECT] [Fatal Error] :1:1: Premature end of file.
2026-04-14 12:52:53,471 [ERROR] LogOutputStream:75 - [STDERR_REDIRECT] 
2026-04-14 12:52:54,458 [ERROR] LogOutputStream:75 - [STDERR_REDIRECT] [Fatal Error] :1:1: Premature end of file.
2026-04-14 12:52:54,459 [ERROR] LogOutputStream:75 - [STDERR_REDIRECT] 
2026-04-14 12:52:55,457 [ERROR] LogOutputStream:75 - [STDERR_REDIRECT] [Fatal Error] :1:1: Premature end of file.
2026-04-14 12:52:55,458 [ERROR] LogOutputStream:75 - [STDERR_REDIRECT] 
2026-04-14 12:52:56,401 [ERROR] LogOutputStream:75 - [STDERR_REDIRECT] [Fatal Error] :1:1: Premature end of file.
2026-04-14 12:52:56,401 [ERROR] LogOutputStream:75 - [STDERR_REDIRECT] 
2026-04-14 12:52:57,416 [ERROR] LogOutputStream:75 - [STDERR_REDIRECT] [Fatal Error] :1:1: Premature end of file.
2026-04-14 12:52:57,416 [ERROR] LogOutputStream:75 - [STDERR_REDIRECT] 
2026-04-14 12:52:58,401 [ERROR] LogOutputStream:75 - [STDERR_REDIRECT] [Fatal Error] :1:1: Premature end of file.
2026-04-14 12:52:58,402 [ERROR] LogOutputStream:75 - [STDERR_REDIRECT] 
2026-04-14 12:52:59,397 [ERROR] LogOutputStream:75 - [STDERR_REDIRECT] [Fatal Error] :1:1: Premature end of file.
2026-04-14 12:52:59,400 [ERROR] LogOutputStream:75 - [STDERR_REDIRECT] 
2026-04-14 12:53:00,409 [ERROR] LogOutputStream:75 - [STDERR_REDIRECT] [Fatal Error] :1:1: Premature end of file.
2026-04-14 12:53:00,411 [ERROR] LogOutputStream:75 - [STDERR_REDIRECT] 
2026-04-14 12:53:01,420 [ERROR] LogOutputStream:75 - [STDERR_REDIRECT] [Fatal Error] :1:1: Premature end of file.
2026-04-14 12:53:01,420 [ERROR] LogOutputStream:75 - [STDERR_REDIRECT] 
2026-04-14 12:53:02,388 [ERROR] LogOutputStream:75 - [STDERR_REDIRECT] [Fatal Error] :1:1: Premature end of file.
2026-04-14 12:53:02,388 [ERROR] LogOutputStream:75 - [STDERR_REDIRECT] 
2026-04-14 12:53:03,505 [ERROR] LogOutputStream:75 - [STDERR_REDIRECT] [Fatal Error] :1:1: Premature end of file.
2026-04-14 12:53:03,506 [ERROR] LogOutputStream:75 - [STDERR_REDIRECT] 
2026-04-14 12:53:04,466 [ERROR] LogOutputStream:75 - [STDERR_REDIRECT] [Fatal Error] :1:1: Premature end of file.
2026-04-14 12:53:04,469 [ERROR] LogOutputStream:75 - [STDERR_REDIRECT] 
2026-04-14 12:53:05,450 [ERROR] LogOutputStream:75 - [STDERR_REDIRECT] [Fatal Error] :1:1: Premature end of file.
2026-04-14 12:53:05,451 [ERROR] LogOutputStream:75 - [STDERR_REDIRECT] 
2026-04-14 12:53:06,470 [ERROR] LogOutputStream:75 - [STDERR_REDIRECT] [Fatal Error] :1:1: Premature end of file.
2026-04-14 12:53:06,471 [ERROR] LogOutputStream:75 - [STDERR_REDIRECT] 
2026-04-14 12:53:07,404 [ERROR] LogOutputStream:75 - [STDERR_REDIRECT] [Fatal Error] :1:1: Premature end of file.
2026-04-14 12:53:07,405 [ERROR] LogOutputStream:75 - [STDERR_REDIRECT] 
2026-04-14 12:53:08,419 [ERROR] LogOutputStream:75 - [STDERR_REDIRECT] [Fatal Error] :1:1: Premature end of file.
2026-04-14 12:53:08,420 [ERROR] LogOutputStream:75 - [STDERR_REDIRECT] 
2026-04-14 12:53:09,438 [ERROR] LogOutputStream:75 - [STDERR_REDIRECT] [Fatal Error] :1:1: Premature end of file.
2026-04-14 12:53:09,440 [ERROR] LogOutputStream:75 - [STDERR_REDIRECT] 
2026-04-14 12:53:10,421 [ERROR] LogOutputStream:75 - [STDERR_REDIRECT] [Fatal Error] :1:1: Premature end of file.
2026-04-14 12:53:10,422 [ERROR] LogOutputStream:75 - [STDERR_REDIRECT] 
2026-04-14 12:53:11,425 [ERROR] LogOutputStream:75 - [STDERR_REDIRECT] [Fatal Error] :1:1: Premature end of file.
2026-04-14 12:53:11,426 [ERROR] LogOutputStream:75 - [STDERR_REDIRECT] 
2026-04-14 12:53:12,420 [ERROR] LogOutputStream:75 - [STDERR_REDIRECT] [Fatal Error] :1:1: Premature end of file.
2026-04-14 12:53:12,421 [ERROR] LogOutputStream:75 - [STDERR_REDIRECT] 
2026-04-14 12:53:13,424 [ERROR] LogOutputStream:75 - [STDERR_REDIRECT] [Fatal Error] :1:1: Premature end of file.
2026-04-14 12:53:13,424 [ERROR] LogOutputStream:75 - [STDERR_REDIRECT] 
2026-04-14 12:53:14,434 [ERROR] LogOutputStream:75 - [STDERR_REDIRECT] [Fatal Error] :1:1: Premature end of file.
2026-04-14 12:53:14,436 [ERROR] LogOutputStream:75 - [STDERR_REDIRECT] 
2026-04-14 12:53:15,420 [ERROR] LogOutputStream:75 - [STDERR_REDIRECT] [Fatal Error] :1:1: Premature end of file.
2026-04-14 12:53:15,423 [ERROR] LogOutputStream:75 - [STDERR_REDIRECT] 
2026-04-14 12:53:16,385 [ERROR] LogOutputStream:75 - [STDERR_REDIRECT] [Fatal Error] :1:1: Premature end of file.
2026-04-14 12:53:16,386 [ERROR] LogOutputStream:75 - [STDERR_REDIRECT] 
2026-04-14 12:53:17,408 [ERROR] LogOutputStream:75 - [STDERR_REDIRECT] [Fatal Error] :1:1: Premature end of file.
2026-04-14 12:53:17,408 [ERROR] LogOutputStream:75 - [STDERR_REDIRECT] 
2026-04-14 12:53:18,419 [ERROR] LogOutputStream:75 - [STDERR_REDIRECT] [Fatal Error] :1:1: Premature end of file.
2026-04-14 12:53:18,420 [ERROR] LogOutputStream:75 - [STDERR_REDIRECT] 
2026-04-14 12:53:19,429 [ERROR] LogOutputStream:75 - [STDERR_REDIRECT] [Fatal Error] :1:1: Premature end of file.
2026-04-14 12:53:19,430 [ERROR] LogOutputStream:75 - [STDERR_REDIRECT] 
2026-04-14 12:53:20,425 [ERROR] LogOutputStream:75 - [STDERR_REDIRECT] [Fatal Error] :1:1: Premature end of file.
2026-04-14 12:53:20,426 [ERROR] LogOutputStream:75 - [STDERR_REDIRECT] 
2026-04-14 12:53:21,424 [ERROR] LogOutputStream:75 - [STDERR_REDIRECT] [Fatal Error] :1:1: Premature end of file.
2026-04-14 12:53:21,425 [ERROR] LogOutputStream:75 - [STDERR_REDIRECT] 
2026-04-14 12:53:22,407 [ERROR] LogOutputStream:75 - [STDERR_REDIRECT] [Fatal Error] :1:1: Premature end of file.
2026-04-14 12:53:22,408 [ERROR] LogOutputStream:75 - [STDERR_REDIRECT] 
2026-04-14 12:53:23,411 [ERROR] LogOutputStream:75 - [STDERR_REDIRECT] [Fatal Error] :1:1: Premature end of file.
2026-04-14 12:53:23,411 [ERROR] LogOutputStream:75 - [STDERR_REDIRECT] 
2026-04-14 12:53:24,417 [ERROR] LogOutputStream:75 - [STDERR_REDIRECT] [Fatal Error] :1:1: Premature end of file.
2026-04-14 12:53:24,418 [ERROR] LogOutputStream:75 - [STDERR_REDIRECT] 
2026-04-14 12:53:25,421 [ERROR] LogOutputStream:75 - [STDERR_REDIRECT] [Fatal Error] :1:1: Premature end of file.
2026-04-14 12:53:25,422 [ERROR] LogOutputStream:75 - [STDERR_REDIRECT] 
2026-04-14 12:53:26,415 [ERROR] LogOutputStream:75 - [STDERR_REDIRECT] [Fatal Error] :1:1: Premature end of file.
2026-04-14 12:53:26,416 [ERROR] LogOutputStream:75 - [STDERR_REDIRECT] 
2026-04-14 12:53:27,424 [ERROR] LogOutputStream:75 - [STDERR_REDIRECT] [Fatal Error] :1:1: Premature end of file.
2026-04-14 12:53:27,425 [ERROR] LogOutputStream:75 - [STDERR_REDIRECT] 
2026-04-14 12:53:28,421 [ERROR] LogOutputStream:75 - [STDERR_REDIRECT] [Fatal Error] :1:1: Premature end of file.
2026-04-14 12:53:28,422 [ERROR] LogOutputStream:75 - [STDERR_REDIRECT] 
2026-04-14 12:53:29,418 [ERROR] LogOutputStream:75 - [STDERR_REDIRECT] [Fatal Error] :1:1: Premature end of file.
2026-04-14 12:53:29,418 [ERROR] LogOutputStream:75 - [STDERR_REDIRECT] 
2026-04-14 12:53:30,427 [ERROR] LogOutputStream:75 - [STDERR_REDIRECT] [Fatal Error] :1:1: Premature end of file.
2026-04-14 12:53:30,427 [ERROR] LogOutputStream:75 - [STDERR_REDIRECT] 
2026-04-14 12:53:31,416 [ERROR] LogOutputStream:75 - [STDERR_REDIRECT] [Fatal Error] :1:1: Premature end of file.
2026-04-14 12:53:31,417 [ERROR] LogOutputStream:75 - [STDERR_REDIRECT] 
2026-04-14 12:53:32,457 [ERROR] LogOutputStream:75 - [STDERR_REDIRECT] [Fatal Error] :1:1: Premature end of file.
2026-04-14 12:53:32,459 [ERROR] LogOutputStream:75 - [STDERR_REDIRECT] 
2026-04-14 12:53:33,418 [ERROR] LogOutputStream:75 - [STDERR_REDIRECT] [Fatal Error] :1:1: Premature end of file.
2026-04-14 12:53:33,419 [ERROR] LogOutputStream:75 - [STDERR_REDIRECT] 
2026-04-14 12:53:34,412 [ERROR] LogOutputStream:75 - [STDERR_REDIRECT] [Fatal Error] :1:1: Premature end of file.
2026-04-14 12:53:34,412 [ERROR] LogOutputStream:75 - [STDERR_REDIRECT] 
2026-04-14 12:53:35,415 [ERROR] LogOutputStream:75 - [STDERR_REDIRECT] [Fatal Error] :1:1: Premature end of file.
2026-04-14 12:53:35,416 [ERROR] LogOutputStream:75 - [STDERR_REDIRECT] 
2026-04-14 12:53:36,420 [ERROR] LogOutputStream:75 - [STDERR_REDIRECT] [Fatal Error] :1:1: Premature end of file.
2026-04-14 12:53:36,421 [ERROR] LogOutputStream:75 - [STDERR_REDIRECT] 
2026-04-14 12:53:37,427 [ERROR] LogOutputStream:75 - [STDERR_REDIRECT] [Fatal Error] :1:1: Premature end of file.
2026-04-14 12:53:37,428 [ERROR] LogOutputStream:75 - [STDERR_REDIRECT] 
2026-04-14 12:53:38,420 [ERROR] LogOutputStream:75 - [STDERR_REDIRECT] [Fatal Error] :1:1: Premature end of file.
2026-04-14 12:53:38,420 [ERROR] LogOutputStream:75 - [STDERR_REDIRECT] 
2026-04-14 12:53:39,431 [ERROR] LogOutputStream:75 - [STDERR_REDIRECT] [Fatal Error] :1:1: Premature end of file.
2026-04-14 12:53:39,433 [ERROR] LogOutputStream:75 - [STDERR_REDIRECT] 
2026-04-14 12:53:40,425 [ERROR] LogOutputStream:75 - [STDERR_REDIRECT] [Fatal Error] :1:1: Premature end of file.
2026-04-14 12:53:40,427 [ERROR] LogOutputStream:75 - [STDERR_REDIRECT] 
2026-04-14 12:53:41,418 [ERROR] LogOutputStream:75 - [STDERR_REDIRECT] [Fatal Error] :1:1: Premature end of file.
2026-04-14 12:53:41,418 [ERROR] LogOutputStream:75 - [STDERR_REDIRECT] 
2026-04-14 12:53:42,411 [ERROR] LogOutputStream:75 - [STDERR_REDIRECT] [Fatal Error] :1:1: Premature end of file.
2026-04-14 12:53:42,411 [ERROR] LogOutputStream:75 - [STDERR_REDIRECT] 
2026-04-14 12:53:43,431 [ERROR] LogOutputStream:75 - [STDERR_REDIRECT] [Fatal Error] :1:1: Premature end of file.
2026-04-14 12:53:43,431 [ERROR] LogOutputStream:75 - [STDERR_REDIRECT] 
2026-04-14 12:53:44,399 [ERROR] LogOutputStream:75 - [STDERR_REDIRECT] [Fatal Error] :1:1: Premature end of file.
2026-04-14 12:53:44,400 [ERROR] LogOutputStream:75 - [STDERR_REDIRECT] 
2026-04-14 12:53:45,407 [ERROR] LogOutputStream:75 - [STDERR_REDIRECT] [Fatal Error] :1:1: Premature end of file.
2026-04-14 12:53:45,408 [ERROR] LogOutputStream:75 - [STDERR_REDIRECT] 
2026-04-14 12:53:46,437 [ERROR] LogOutputStream:75 - [STDERR_REDIRECT] [Fatal Error] :1:1: Premature end of file.
2026-04-14 12:53:46,437 [ERROR] LogOutputStream:75 - [STDERR_REDIRECT] 
2026-04-14 12:53:47,416 [ERROR] LogOutputStream:75 - [STDERR_REDIRECT] [Fatal Error] :1:1: Premature end of file.
2026-04-14 12:53:47,416 [ERROR] LogOutputStream:75 - [STDERR_REDIRECT] 
2026-04-14 12:53:48,401 [ERROR] LogOutputStream:75 - [STDERR_REDIRECT] [Fatal Error] :1:1: Premature end of file.
2026-04-14 12:53:48,403 [ERROR] LogOutputStream:75 - [STDERR_REDIRECT] 
2026-04-14 12:53:49,418 [ERROR] LogOutputStream:75 - [STDERR_REDIRECT] [Fatal Error] :1:1: Premature end of file.
2026-04-14 12:53:49,418 [ERROR] LogOutputStream:75 - [STDERR_REDIRECT] 
2026-04-14 12:53:50,423 [ERROR] LogOutputStream:75 - [STDERR_REDIRECT] [Fatal Error] :1:1: Premature end of file.
2026-04-14 12:53:50,424 [ERROR] LogOutputStream:75 - [STDERR_REDIRECT] 
2026-04-14 12:53:51,421 [ERROR] LogOutputStream:75 - [STDERR_REDIRECT] [Fatal Error] :1:1: Premature end of file.
2026-04-14 12:53:51,422 [ERROR] LogOutputStream:75 - [STDERR_REDIRECT] 
2026-04-14 12:53:52,387 [ERROR] LogOutputStream:75 - [STDERR_REDIRECT] [Fatal Error] :1:1: Premature end of file.
2026-04-14 12:53:52,388 [ERROR] LogOutputStream:75 - [STDERR_REDIRECT] 
2026-04-14 12:53:53,399 [ERROR] LogOutputStream:75 - [STDERR_REDIRECT] [Fatal Error] :1:1: Premature end of file.
2026-04-14 12:53:53,400 [ERROR] LogOutputStream:75 - [STDERR_REDIRECT] 
2026-04-14 12:53:54,424 [ERROR] LogOutputStream:75 - [STDERR_REDIRECT] [Fatal Error] :1:1: Premature end of file.
2026-04-14 12:53:54,425 [ERROR] LogOutputStream:75 - [STDERR_REDIRECT] 
2026-04-14 12:53:55,428 [ERROR] LogOutputStream:75 - [STDERR_REDIRECT] [Fatal Error] :1:1: Premature end of file.
2026-04-14 12:53:55,428 [ERROR] LogOutputStream:75 - [STDERR_REDIRECT] 
2026-04-14 12:53:56,419 [ERROR] LogOutputStream:75 - [STDERR_REDIRECT] [Fatal Error] :1:1: Premature end of file.
2026-04-14 12:53:56,420 [ERROR] LogOutputStream:75 - [STDERR_REDIRECT] 
2026-04-14 12:53:57,418 [ERROR] LogOutputStream:75 - [STDERR_REDIRECT] [Fatal Error] :1:1: Premature end of file.
2026-04-14 12:53:57,419 [ERROR] LogOutputStream:75 - [STDERR_REDIRECT] 
2026-04-14 12:53:58,417 [ERROR] LogOutputStream:75 - [STDERR_REDIRECT] [Fatal Error] :1:1: Premature end of file.
2026-04-14 12:53:58,418 [ERROR] LogOutputStream:75 - [STDERR_REDIRECT] 
2026-04-14 12:53:59,427 [ERROR] LogOutputStream:75 - [STDERR_REDIRECT] [Fatal Error] :1:1: Premature end of file.
2026-04-14 12:53:59,428 [ERROR] LogOutputStream:75 - [STDERR_REDIRECT] 
2026-04-14 12:54:00,416 [ERROR] LogOutputStream:75 - [STDERR_REDIRECT] [Fatal Error] :1:1: Premature end of file.
2026-04-14 12:54:00,417 [ERROR] LogOutputStream:75 - [STDERR_REDIRECT] 
2026-04-14 12:54:01,427 [ERROR] LogOutputStream:75 - [STDERR_REDIRECT] [Fatal Error] :1:1: Premature end of file.
2026-04-14 12:54:01,427 [ERROR] LogOutputStream:75 - [STDERR_REDIRECT] 
2026-04-14 12:54:02,425 [ERROR] LogOutputStream:75 - [STDERR_REDIRECT] [Fatal Error] :1:1: Premature end of file.
2026-04-14 12:54:02,426 [ERROR] LogOutputStream:75 - [STDERR_REDIRECT] 
2026-04-14 12:54:03,420 [ERROR] LogOutputStream:75 - [STDERR_REDIRECT] [Fatal Error] :1:1: Premature end of file.
2026-04-14 12:54:03,421 [ERROR] LogOutputStream:75 - [STDERR_REDIRECT] 
2026-04-14 12:54:04,424 [ERROR] LogOutputStream:75 - [STDERR_REDIRECT] [Fatal Error] :1:1: Premature end of file.
2026-04-14 12:54:04,425 [ERROR] LogOutputStream:75 - [STDERR_REDIRECT] 
2026-04-14 12:54:05,414 [ERROR] LogOutputStream:75 - [STDERR_REDIRECT] [Fatal Error] :1:1: Premature end of file.
2026-04-14 12:54:05,416 [ERROR] LogOutputStream:75 - [STDERR_REDIRECT] 
2026-04-14 12:54:06,422 [ERROR] LogOutputStream:75 - [STDERR_REDIRECT] [Fatal Error] :1:1: Premature end of file.
2026-04-14 12:54:06,424 [ERROR] LogOutputStream:75 - [STDERR_REDIRECT] 
2026-04-14 12:54:07,426 [ERROR] LogOutputStream:75 - [STDERR_REDIRECT] [Fatal Error] :1:1: Premature end of file.
2026-04-14 12:54:07,427 [ERROR] LogOutputStream:75 - [STDERR_REDIRECT] 
2026-04-14 12:54:08,417 [ERROR] LogOutputStream:75 - [STDERR_REDIRECT] [Fatal Error] :1:1: Premature end of file.
2026-04-14 12:54:08,417 [ERROR] LogOutputStream:75 - [STDERR_REDIRECT] 
2026-04-14 12:54:09,414 [ERROR] LogOutputStream:75 - [STDERR_REDIRECT] [Fatal Error] :1:1: Premature end of file.
2026-04-14 12:54:09,414 [ERROR] LogOutputStream:75 - [STDERR_REDIRECT] 
2026-04-14 12:54:10,423 [ERROR] LogOutputStream:75 - [STDERR_REDIRECT] [Fatal Error] :1:1: Premature end of file.
2026-04-14 12:54:10,424 [ERROR] LogOutputStream:75 - [STDERR_REDIRECT] 
2026-04-14 12:54:11,416 [ERROR] LogOutputStream:75 - [STDERR_REDIRECT] [Fatal Error] :1:1: Premature end of file.
2026-04-14 12:54:11,416 [ERROR] LogOutputStream:75 - [STDERR_REDIRECT] 
2026-04-14 12:54:12,423 [ERROR] LogOutputStream:75 - [STDERR_REDIRECT] [Fatal Error] :1:1: Premature end of file.
2026-04-14 12:54:12,424 [ERROR] LogOutputStream:75 - [STDERR_REDIRECT] 
2026-04-14 12:54:13,415 [ERROR] LogOutputStream:75 - [STDERR_REDIRECT] [Fatal Error] :1:1: Premature end of file.
2026-04-14 12:54:13,415 [ERROR] LogOutputStream:75 - [STDERR_REDIRECT] 
2026-04-14 12:54:14,417 [ERROR] LogOutputStream:75 - [STDERR_REDIRECT] [Fatal Error] :1:1: Premature end of file.
2026-04-14 12:54:14,417 [ERROR] LogOutputStream:75 - [STDERR_REDIRECT] 
2026-04-14 12:54:15,421 [ERROR] LogOutputStream:75 - [STDERR_REDIRECT] [Fatal Error] :1:1: Premature end of file.
2026-04-14 12:54:15,423 [ERROR] LogOutputStream:75 - [STDERR_REDIRECT] 
2026-04-14 12:54:16,413 [ERROR] LogOutputStream:75 - [STDERR_REDIRECT] [Fatal Error] :1:1: Premature end of file.
2026-04-14 12:54:16,414 [ERROR] LogOutputStream:75 - [STDERR_REDIRECT] 
2026-04-14 12:54:17,418 [ERROR] LogOutputStream:75 - [STDERR_REDIRECT] [Fatal Error] :1:1: Premature end of file.
2026-04-14 12:54:17,419 [ERROR] LogOutputStream:75 - [STDERR_REDIRECT] 
2026-04-14 12:54:18,423 [ERROR] LogOutputStream:75 - [STDERR_REDIRECT] [Fatal Error] :1:1: Premature end of file.
2026-04-14 12:54:18,424 [ERROR] LogOutputStream:75 - [STDERR_REDIRECT] 
2026-04-14 12:54:19,417 [ERROR] LogOutputStream:75 - [STDERR_REDIRECT] [Fatal Error] :1:1: Premature end of file.
2026-04-14 12:54:19,418 [ERROR] LogOutputStream:75 - [STDERR_REDIRECT] 
2026-04-14 12:54:20,421 [ERROR] LogOutputStream:75 - [STDERR_REDIRECT] [Fatal Error] :1:1: Premature end of file.
2026-04-14 12:54:20,423 [ERROR] LogOutputStream:75 - [STDERR_REDIRECT] 
2026-04-14 12:54:21,394 [ERROR] LogOutputStream:75 - [STDERR_REDIRECT] [Fatal Error] :1:1: Premature end of file.
2026-04-14 12:54:21,394 [ERROR] LogOutputStream:75 - [STDERR_REDIRECT] 
2026-04-14 12:54:22,432 [ERROR] LogOutputStream:75 - [STDERR_REDIRECT] [Fatal Error] :1:1: Premature end of file.
2026-04-14 12:54:22,432 [ERROR] LogOutputStream:75 - [STDERR_REDIRECT] 
2026-04-14 12:54:23,416 [ERROR] LogOutputStream:75 - [STDERR_REDIRECT] [Fatal Error] :1:1: Premature end of file.
2026-04-14 12:54:23,417 [ERROR] LogOutputStream:75 - [STDERR_REDIRECT] 
2026-04-14 12:54:24,418 [ERROR] LogOutputStream:75 - [STDERR_REDIRECT] [Fatal Error] :1:1: Premature end of file.
2026-04-14 12:54:24,419 [ERROR] LogOutputStream:75 - [STDERR_REDIRECT] 
2026-04-14 12:54:25,426 [ERROR] LogOutputStream:75 - [STDERR_REDIRECT] [Fatal Error] :1:1: Premature end of file.
2026-04-14 12:54:25,427 [ERROR] LogOutputStream:75 - [STDERR_REDIRECT] 
2026-04-14 12:54:26,421 [ERROR] LogOutputStream:75 - [STDERR_REDIRECT] [Fatal Error] :1:1: Premature end of file.
2026-04-14 12:54:26,421 [ERROR] LogOutputStream:75 - [STDERR_REDIRECT] 
2026-04-14 12:54:27,392 [ERROR] LogOutputStream:75 - [STDERR_REDIRECT] [Fatal Error] :1:1: Premature end of file.
2026-04-14 12:54:27,394 [ERROR] LogOutputStream:75 - [STDERR_REDIRECT] 
2026-04-14 12:54:28,424 [ERROR] LogOutputStream:75 - [STDERR_REDIRECT] [Fatal Error] :1:1: Premature end of file.
2026-04-14 12:54:28,425 [ERROR] LogOutputStream:75 - [STDERR_REDIRECT] 
2026-04-14 12:54:29,414 [ERROR] LogOutputStream:75 - [STDERR_REDIRECT] [Fatal Error] :1:1: Premature end of file.
2026-04-14 12:54:29,414 [ERROR] LogOutputStream:75 - [STDERR_REDIRECT] 
2026-04-14 12:54:30,418 [ERROR] LogOutputStream:75 - [STDERR_REDIRECT] [Fatal Error] :1:1: Premature end of file.
2026-04-14 12:54:30,419 [ERROR] LogOutputStream:75 - [STDERR_REDIRECT] 
2026-04-14 12:54:31,425 [ERROR] LogOutputStream:75 - [STDERR_REDIRECT] [Fatal Error] :1:1: Premature end of file.
2026-04-14 12:54:31,426 [ERROR] LogOutputStream:75 - [STDERR_REDIRECT] 
2026-04-14 12:54:32,432 [ERROR] LogOutputStream:75 - [STDERR_REDIRECT] [Fatal Error] :1:1: Premature end of file.
2026-04-14 12:54:32,433 [ERROR] LogOutputStream:75 - [STDERR_REDIRECT] 
2026-04-14 12:54:33,419 [ERROR] LogOutputStream:75 - [STDERR_REDIRECT] [Fatal Error] :1:1: Premature end of file.
2026-04-14 12:54:33,420 [ERROR] LogOutputStream:75 - [STDERR_REDIRECT] 
2026-04-14 12:54:34,410 [ERROR] LogOutputStream:75 - [STDERR_REDIRECT] [Fatal Error] :1:1: Premature end of file.
2026-04-14 12:54:34,410 [ERROR] LogOutputStream:75 - [STDERR_REDIRECT] 
2026-04-14 12:54:35,416 [ERROR] LogOutputStream:75 - [STDERR_REDIRECT] [Fatal Error] :1:1: Premature end of file.
2026-04-14 12:54:35,417 [ERROR] LogOutputStream:75 - [STDERR_REDIRECT] 
2026-04-14 12:54:36,427 [ERROR] LogOutputStream:75 - [STDERR_REDIRECT] [Fatal Error] :1:1: Premature end of file.
2026-04-14 12:54:36,428 [ERROR] LogOutputStream:75 - [STDERR_REDIRECT] 
2026-04-14 12:54:37,418 [ERROR] LogOutputStream:75 - [STDERR_REDIRECT] [Fatal Error] :1:1: Premature end of file.
2026-04-14 12:54:37,419 [ERROR] LogOutputStream:75 - [STDERR_REDIRECT] 
2026-04-14 12:54:38,431 [ERROR] LogOutputStream:75 - [STDERR_REDIRECT] [Fatal Error] :1:1: Premature end of file.
2026-04-14 12:54:38,432 [ERROR] LogOutputStream:75 - [STDERR_REDIRECT] 
2026-04-14 12:54:39,424 [ERROR] LogOutputStream:75 - [STDERR_REDIRECT] [Fatal Error] :1:1: Premature end of file.
2026-04-14 12:54:39,424 [ERROR] LogOutputStream:75 - [STDERR_REDIRECT] 
2026-04-14 12:54:40,423 [ERROR] LogOutputStream:75 - [STDERR_REDIRECT] [Fatal Error] :1:1: Premature end of file.
2026-04-14 12:54:40,423 [ERROR] LogOutputStream:75 - [STDERR_REDIRECT] 
2026-04-14 12:54:41,413 [ERROR] LogOutputStream:75 - [STDERR_REDIRECT] [Fatal Error] :1:1: Premature end of file.
2026-04-14 12:54:41,414 [ERROR] LogOutputStream:75 - [STDERR_REDIRECT] 
2026-04-14 12:54:42,420 [ERROR] LogOutputStream:75 - [STDERR_REDIRECT] [Fatal Error] :1:1: Premature end of file.
2026-04-14 12:54:42,421 [ERROR] LogOutputStream:75 - [STDERR_REDIRECT] 
2026-04-14 12:54:43,409 [ERROR] LogOutputStream:75 - [STDERR_REDIRECT] [Fatal Error] :1:1: Premature end of file.
2026-04-14 12:54:43,409 [ERROR] LogOutputStream:75 - [STDERR_REDIRECT] 
2026-04-14 12:54:44,409 [ERROR] LogOutputStream:75 - [STDERR_REDIRECT] [Fatal Error] :1:1: Premature end of file.
2026-04-14 12:54:44,409 [ERROR] LogOutputStream:75 - [STDERR_REDIRECT] 
2026-04-14 12:54:45,415 [ERROR] LogOutputStream:75 - [STDERR_REDIRECT] [Fatal Error] :1:1: Premature end of file.
2026-04-14 12:54:45,416 [ERROR] LogOutputStream:75 - [STDERR_REDIRECT] 
2026-04-14 12:54:46,418 [ERROR] LogOutputStream:75 - [STDERR_REDIRECT] [Fatal Error] :1:1: Premature end of file.
2026-04-14 12:54:46,419 [ERROR] LogOutputStream:75 - [STDERR_REDIRECT] 
2026-04-14 12:54:47,432 [ERROR] LogOutputStream:75 - [STDERR_REDIRECT] [Fatal Error] :1:1: Premature end of file.
2026-04-14 12:54:47,434 [ERROR] LogOutputStream:75 - [STDERR_REDIRECT] 
2026-04-14 12:54:48,419 [ERROR] LogOutputStream:75 - [STDERR_REDIRECT] [Fatal Error] :1:1: Premature end of file.
2026-04-14 12:54:48,419 [ERROR] LogOutputStream:75 - [STDERR_REDIRECT] 
2026-04-14 12:54:49,424 [ERROR] LogOutputStream:75 - [STDERR_REDIRECT] [Fatal Error] :1:1: Premature end of file.
2026-04-14 12:54:49,425 [ERROR] LogOutputStream:75 - [STDERR_REDIRECT] 
2026-04-14 12:54:50,428 [ERROR] LogOutputStream:75 - [STDERR_REDIRECT] [Fatal Error] :1:1: Premature end of file.
2026-04-14 12:54:50,429 [ERROR] LogOutputStream:75 - [STDERR_REDIRECT] 
2026-04-14 12:54:51,416 [ERROR] LogOutputStream:75 - [STDERR_REDIRECT] [Fatal Error] :1:1: Premature end of file.
2026-04-14 12:54:51,417 [ERROR] LogOutputStream:75 - [STDERR_REDIRECT] 
2026-04-14 12:54:52,431 [ERROR] LogOutputStream:75 - [STDERR_REDIRECT] [Fatal Error] :1:1: Premature end of file.
2026-04-14 12:54:52,433 [ERROR] LogOutputStream:75 - [STDERR_REDIRECT] 
2026-04-14 12:54:53,416 [ERROR] LogOutputStream:75 - [STDERR_REDIRECT] [Fatal Error] :1:1: Premature end of file.
2026-04-14 12:54:53,417 [ERROR] LogOutputStream:75 - [STDERR_REDIRECT] 
2026-04-14 12:54:54,421 [ERROR] LogOutputStream:75 - [STDERR_REDIRECT] [Fatal Error] :1:1: Premature end of file.
2026-04-14 12:54:54,423 [ERROR] LogOutputStream:75 - [STDERR_REDIRECT] 
2026-04-14 12:54:55,414 [ERROR] LogOutputStream:75 - [STDERR_REDIRECT] [Fatal Error] :1:1: Premature end of file.
2026-04-14 12:54:55,415 [ERROR] LogOutputStream:75 - [STDERR_REDIRECT] 
2026-04-14 12:54:56,415 [ERROR] LogOutputStream:75 - [STDERR_REDIRECT] [Fatal Error] :1:1: Premature end of file.
2026-04-14 12:54:56,416 [ERROR] LogOutputStream:75 - [STDERR_REDIRECT] 
2026-04-14 12:54:57,421 [ERROR] LogOutputStream:75 - [STDERR_REDIRECT] [Fatal Error] :1:1: Premature end of file.
2026-04-14 12:54:57,424 [ERROR] LogOutputStream:75 - [STDERR_REDIRECT] 
2026-04-14 12:54:58,412 [ERROR] LogOutputStream:75 - [STDERR_REDIRECT] [Fatal Error] :1:1: Premature end of file.
2026-04-14 12:54:58,412 [ERROR] LogOutputStream:75 - [STDERR_REDIRECT] 
2026-04-14 12:54:59,425 [ERROR] LogOutputStream:75 - [STDERR_REDIRECT] [Fatal Error] :1:1: Premature end of file.
2026-04-14 12:54:59,425 [ERROR] LogOutputStream:75 - [STDERR_REDIRECT] 
2026-04-14 12:55:00,421 [ERROR] LogOutputStream:75 - [STDERR_REDIRECT] [Fatal Error] :1:1: Premature end of file.
2026-04-14 12:55:00,423 [ERROR] LogOutputStream:75 - [STDERR_REDIRECT] 
2026-04-14 12:55:01,422 [ERROR] LogOutputStream:75 - [STDERR_REDIRECT] [Fatal Error] :1:1: Premature end of file.
2026-04-14 12:55:01,423 [ERROR] LogOutputStream:75 - [STDERR_REDIRECT] 
2026-04-14 12:55:02,429 [ERROR] LogOutputStream:75 - [STDERR_REDIRECT] [Fatal Error] :1:1: Premature end of file.
2026-04-14 12:55:02,430 [ERROR] LogOutputStream:75 - [STDERR_REDIRECT] 
2026-04-14 12:55:03,451 [ERROR] LogOutputStream:75 - [STDERR_REDIRECT] [Fatal Error] :1:1: Premature end of file.
2026-04-14 12:55:03,452 [ERROR] LogOutputStream:75 - [STDERR_REDIRECT] 
2026-04-14 12:55:04,409 [ERROR] LogOutputStream:75 - [STDERR_REDIRECT] [Fatal Error] :1:1: Premature end of file.
2026-04-14 12:55:04,409 [ERROR] LogOutputStream:75 - [STDERR_REDIRECT] 
2026-04-14 12:55:05,415 [ERROR] LogOutputStream:75 - [STDERR_REDIRECT] [Fatal Error] :1:1: Premature end of file.
2026-04-14 12:55:05,416 [ERROR] LogOutputStream:75 - [STDERR_REDIRECT] 
2026-04-14 12:55:06,418 [ERROR] LogOutputStream:75 - [STDERR_REDIRECT] [Fatal Error] :1:1: Premature end of file.
2026-04-14 12:55:06,419 [ERROR] LogOutputStream:75 - [STDERR_REDIRECT] 
2026-04-14 12:55:07,427 [ERROR] LogOutputStream:75 - [STDERR_REDIRECT] [Fatal Error] :1:1: Premature end of file.
2026-04-14 12:55:07,428 [ERROR] LogOutputStream:75 - [STDERR_REDIRECT] 
2026-04-14 12:55:08,427 [ERROR] LogOutputStream:75 - [STDERR_REDIRECT] [Fatal Error] :1:1: Premature end of file.
2026-04-14 12:55:08,428 [ERROR] LogOutputStream:75 - [STDERR_REDIRECT] 
2026-04-14 12:55:09,423 [ERROR] LogOutputStream:75 - [STDERR_REDIRECT] [Fatal Error] :1:1: Premature end of file.
2026-04-14 12:55:09,424 [ERROR] LogOutputStream:75 - [STDERR_REDIRECT] 
2026-04-14 12:55:10,427 [ERROR] LogOutputStream:75 - [STDERR_REDIRECT] [Fatal Error] :1:1: Premature end of file.
2026-04-14 12:55:10,428 [ERROR] LogOutputStream:75 - [STDERR_REDIRECT] 
2026-04-14 12:55:11,422 [ERROR] LogOutputStream:75 - [STDERR_REDIRECT] [Fatal Error] :1:1: Premature end of file.
2026-04-14 12:55:11,422 [ERROR] LogOutputStream:75 - [STDERR_REDIRECT] 
2026-04-14 12:55:12,418 [ERROR] LogOutputStream:75 - [STDERR_REDIRECT] [Fatal Error] :1:1: Premature end of file.
2026-04-14 12:55:12,419 [ERROR] LogOutputStream:75 - [STDERR_REDIRECT] 
2026-04-14 12:55:13,397 [ERROR] LogOutputStream:75 - [STDERR_REDIRECT] [Fatal Error] :1:1: Premature end of file.
2026-04-14 12:55:13,397 [ERROR] LogOutputStream:75 - [STDERR_REDIRECT] 
2026-04-14 12:55:14,416 [ERROR] LogOutputStream:75 - [STDERR_REDIRECT] [Fatal Error] :1:1: Premature end of file.
2026-04-14 12:55:14,416 [ERROR] LogOutputStream:75 - [STDERR_REDIRECT] 
2026-04-14 12:55:15,440 [ERROR] LogOutputStream:75 - [STDERR_REDIRECT] [Fatal Error] :1:1: Premature end of file.
2026-04-14 12:55:15,442 [ERROR] LogOutputStream:75 - [STDERR_REDIRECT] 
2026-04-14 12:55:16,394 [ERROR] LogOutputStream:75 - [STDERR_REDIRECT] [Fatal Error] :1:1: Premature end of file.
2026-04-14 12:55:16,395 [ERROR] LogOutputStream:75 - [STDERR_REDIRECT] 
2026-04-14 12:55:17,421 [ERROR] LogOutputStream:75 - [STDERR_REDIRECT] [Fatal Error] :1:1: Premature end of file.
2026-04-14 12:55:17,422 [ERROR] LogOutputStream:75 - [STDERR_REDIRECT] 
2026-04-14 12:55:18,397 [ERROR] LogOutputStream:75 - [STDERR_REDIRECT] [Fatal Error] :1:1: Premature end of file.
2026-04-14 12:55:18,397 [ERROR] LogOutputStream:75 - [STDERR_REDIRECT] 
2026-04-14 12:55:19,399 [ERROR] LogOutputStream:75 - [STDERR_REDIRECT] [Fatal Error] :1:1: Premature end of file.
2026-04-14 12:55:19,399 [ERROR] LogOutputStream:75 - [STDERR_REDIRECT] 
2026-04-14 12:55:20,424 [ERROR] LogOutputStream:75 - [STDERR_REDIRECT] [Fatal Error] :1:1: Premature end of file.
2026-04-14 12:55:20,424 [ERROR] LogOutputStream:75 - [STDERR_REDIRECT] 
2026-04-14 12:55:21,417 [ERROR] LogOutputStream:75 - [STDERR_REDIRECT] [Fatal Error] :1:1: Premature end of file.
2026-04-14 12:55:21,417 [ERROR] LogOutputStream:75 - [STDERR_REDIRECT] 
2026-04-14 12:55:22,410 [ERROR] LogOutputStream:75 - [STDERR_REDIRECT] [Fatal Error] :1:1: Premature end of file.
2026-04-14 12:55:22,410 [ERROR] LogOutputStream:75 - [STDERR_REDIRECT] 
2026-04-14 12:55:23,419 [ERROR] LogOutputStream:75 - [STDERR_REDIRECT] [Fatal Error] :1:1: Premature end of file.
2026-04-14 12:55:23,422 [ERROR] LogOutputStream:75 - [STDERR_REDIRECT] 
2026-04-14 12:55:24,442 [ERROR] LogOutputStream:75 - [STDERR_REDIRECT] [Fatal Error] :1:1: Premature end of file.
2026-04-14 12:55:24,443 [ERROR] LogOutputStream:75 - [STDERR_REDIRECT] 
2026-04-14 12:55:25,434 [ERROR] LogOutputStream:75 - [STDERR_REDIRECT] [Fatal Error] :1:1: Premature end of file.
2026-04-14 12:55:25,435 [ERROR] LogOutputStream:75 - [STDERR_REDIRECT] 
2026-04-14 12:55:26,431 [ERROR] LogOutputStream:75 - [STDERR_REDIRECT] [Fatal Error] :1:1: Premature end of file.
2026-04-14 12:55:26,431 [ERROR] LogOutputStream:75 - [STDERR_REDIRECT] 
2026-04-14 12:55:27,403 [ERROR] LogOutputStream:75 - [STDERR_REDIRECT] [Fatal Error] :1:1: Premature end of file.
2026-04-14 12:55:27,405 [ERROR] LogOutputStream:75 - [STDERR_REDIRECT] 
2026-04-14 12:55:28,417 [ERROR] LogOutputStream:75 - [STDERR_REDIRECT] [Fatal Error] :1:1: Premature end of file.
2026-04-14 12:55:28,417 [ERROR] LogOutputStream:75 - [STDERR_REDIRECT] 
2026-04-14 12:55:29,407 [ERROR] LogOutputStream:75 - [STDERR_REDIRECT] [Fatal Error] :1:1: Premature end of file.
2026-04-14 12:55:29,408 [ERROR] LogOutputStream:75 - [STDERR_REDIRECT] 
2026-04-14 12:55:30,411 [ERROR] LogOutputStream:75 - [STDERR_REDIRECT] [Fatal Error] :1:1: Premature end of file.
2026-04-14 12:55:30,411 [ERROR] LogOutputStream:75 - [STDERR_REDIRECT] 
2026-04-14 12:55:31,420 [ERROR] LogOutputStream:75 - [STDERR_REDIRECT] [Fatal Error] :1:1: Premature end of file.
2026-04-14 12:55:31,421 [ERROR] LogOutputStream:75 - [STDERR_REDIRECT] 
2026-04-14 12:55:32,421 [ERROR] LogOutputStream:75 - [STDERR_REDIRECT] [Fatal Error] :1:1: Premature end of file.
2026-04-14 12:55:32,421 [ERROR] LogOutputStream:75 - [STDERR_REDIRECT] 
2026-04-14 12:55:33,417 [ERROR] LogOutputStream:75 - [STDERR_REDIRECT] [Fatal Error] :1:1: Premature end of file.
2026-04-14 12:55:33,418 [ERROR] LogOutputStream:75 - [STDERR_REDIRECT] 
2026-04-14 12:55:34,418 [ERROR] LogOutputStream:75 - [STDERR_REDIRECT] [Fatal Error] :1:1: Premature end of file.
2026-04-14 12:55:34,419 [ERROR] LogOutputStream:75 - [STDERR_REDIRECT] 
2026-04-14 12:55:35,417 [ERROR] LogOutputStream:75 - [STDERR_REDIRECT] [Fatal Error] :1:1: Premature end of file.
2026-04-14 12:55:35,418 [ERROR] LogOutputStream:75 - [STDERR_REDIRECT] 
2026-04-14 12:55:36,428 [ERROR] LogOutputStream:75 - [STDERR_REDIRECT] [Fatal Error] :1:1: Premature end of file.
2026-04-14 12:55:36,428 [ERROR] LogOutputStream:75 - [STDERR_REDIRECT] 
2026-04-14 12:55:37,449 [ERROR] LogOutputStream:75 - [STDERR_REDIRECT] [Fatal Error] :1:1: Premature end of file.
2026-04-14 12:55:37,449 [ERROR] LogOutputStream:75 - [STDERR_REDIRECT] 
2026-04-14 12:55:38,418 [ERROR] LogOutputStream:75 - [STDERR_REDIRECT] [Fatal Error] :1:1: Premature end of file.
2026-04-14 12:55:38,419 [ERROR] LogOutputStream:75 - [STDERR_REDIRECT] 
2026-04-14 12:55:39,414 [ERROR] LogOutputStream:75 - [STDERR_REDIRECT] [Fatal Error] :1:1: Premature end of file.
2026-04-14 12:55:39,415 [ERROR] LogOutputStream:75 - [STDERR_REDIRECT] 
2026-04-14 12:55:40,398 [ERROR] LogOutputStream:75 - [STDERR_REDIRECT] [Fatal Error] :1:1: Premature end of file.
2026-04-14 12:55:40,399 [ERROR] LogOutputStream:75 - [STDERR_REDIRECT] 
2026-04-14 12:55:41,422 [ERROR] LogOutputStream:75 - [STDERR_REDIRECT] [Fatal Error] :1:1: Premature end of file.
2026-04-14 12:55:41,424 [ERROR] LogOutputStream:75 - [STDERR_REDIRECT] 
2026-04-14 12:55:42,421 [ERROR] LogOutputStream:75 - [STDERR_REDIRECT] [Fatal Error] :1:1: Premature end of file.
2026-04-14 12:55:42,421 [ERROR] LogOutputStream:75 - [STDERR_REDIRECT] 
2026-04-14 12:55:43,414 [ERROR] LogOutputStream:75 - [STDERR_REDIRECT] [Fatal Error] :1:1: Premature end of file.
2026-04-14 12:55:43,414 [ERROR] LogOutputStream:75 - [STDERR_REDIRECT] 
2026-04-14 12:55:44,419 [ERROR] LogOutputStream:75 - [STDERR_REDIRECT] [Fatal Error] :1:1: Premature end of file.
2026-04-14 12:55:44,419 [ERROR] LogOutputStream:75 - [STDERR_REDIRECT] 
2026-04-14 12:55:45,433 [ERROR] LogOutputStream:75 - [STDERR_REDIRECT] [Fatal Error] :1:1: Premature end of file.
2026-04-14 12:55:45,434 [ERROR] LogOutputStream:75 - [STDERR_REDIRECT] 
2026-04-14 12:55:46,425 [ERROR] LogOutputStream:75 - [STDERR_REDIRECT] [Fatal Error] :1:1: Premature end of file.
2026-04-14 12:55:46,425 [ERROR] LogOutputStream:75 - [STDERR_REDIRECT] 
2026-04-14 12:55:47,432 [ERROR] LogOutputStream:75 - [STDERR_REDIRECT] [Fatal Error] :1:1: Premature end of file.
2026-04-14 12:55:47,432 [ERROR] LogOutputStream:75 - [STDERR_REDIRECT] 
2026-04-14 12:55:48,439 [ERROR] LogOutputStream:75 - [STDERR_REDIRECT] [Fatal Error] :1:1: Premature end of file.
2026-04-14 12:55:48,439 [ERROR] LogOutputStream:75 - [STDERR_REDIRECT] 
2026-04-14 12:55:49,412 [ERROR] LogOutputStream:75 - [STDERR_REDIRECT] [Fatal Error] :1:1: Premature end of file.
2026-04-14 12:55:49,413 [ERROR] LogOutputStream:75 - [STDERR_REDIRECT] 
2026-04-14 12:55:50,419 [ERROR] LogOutputStream:75 - [STDERR_REDIRECT] [Fatal Error] :1:1: Premature end of file.
2026-04-14 12:55:50,419 [ERROR] LogOutputStream:75 - [STDERR_REDIRECT] 
2026-04-14 12:55:51,410 [ERROR] LogOutputStream:75 - [STDERR_REDIRECT] [Fatal Error] :1:1: Premature end of file.
2026-04-14 12:55:51,410 [ERROR] LogOutputStream:75 - [STDERR_REDIRECT] 
2026-04-14 12:55:52,412 [ERROR] LogOutputStream:75 - [STDERR_REDIRECT] [Fatal Error] :1:1: Premature end of file.
2026-04-14 12:55:52,412 [ERROR] LogOutputStream:75 - [STDERR_REDIRECT] 
2026-04-14 12:55:53,419 [ERROR] LogOutputStream:75 - [STDERR_REDIRECT] [Fatal Error] :1:1: Premature end of file.
2026-04-14 12:55:53,420 [ERROR] LogOutputStream:75 - [STDERR_REDIRECT] 
2026-04-14 12:55:54,411 [ERROR] LogOutputStream:75 - [STDERR_REDIRECT] [Fatal Error] :1:1: Premature end of file.
2026-04-14 12:55:54,411 [ERROR] LogOutputStream:75 - [STDERR_REDIRECT] 
2026-04-14 12:55:55,401 [ERROR] LogOutputStream:75 - [STDERR_REDIRECT] [Fatal Error] :1:1: Premature end of file.
2026-04-14 12:55:55,401 [ERROR] LogOutputStream:75 - [STDERR_REDIRECT] 
2026-04-14 12:55:56,413 [ERROR] LogOutputStream:75 - [STDERR_REDIRECT] [Fatal Error] :1:1: Premature end of file.
2026-04-14 12:55:56,413 [ERROR] LogOutputStream:75 - [STDERR_REDIRECT] 
2026-04-14 12:55:57,423 [ERROR] LogOutputStream:75 - [STDERR_REDIRECT] [Fatal Error] :1:1: Premature end of file.
2026-04-14 12:55:57,423 [ERROR] LogOutputStream:75 - [STDERR_REDIRECT] 
2026-04-14 12:55:58,429 [ERROR] LogOutputStream:75 - [STDERR_REDIRECT] [Fatal Error] :1:1: Premature end of file.
2026-04-14 12:55:58,430 [ERROR] LogOutputStream:75 - [STDERR_REDIRECT] 
2026-04-14 12:55:59,414 [ERROR] LogOutputStream:75 - [STDERR_REDIRECT] [Fatal Error] :1:1: Premature end of file.
2026-04-14 12:55:59,415 [ERROR] LogOutputStream:75 - [STDERR_REDIRECT] 
2026-04-14 12:56:00,417 [ERROR] LogOutputStream:75 - [STDERR_REDIRECT] [Fatal Error] :1:1: Premature end of file.
2026-04-14 12:56:00,418 [ERROR] LogOutputStream:75 - [STDERR_REDIRECT] 
2026-04-14 12:56:01,417 [ERROR] LogOutputStream:75 - [STDERR_REDIRECT] [Fatal Error] :1:1: Premature end of file.
2026-04-14 12:56:01,418 [ERROR] LogOutputStream:75 - [STDERR_REDIRECT] 
2026-04-14 12:56:02,418 [ERROR] LogOutputStream:75 - [STDERR_REDIRECT] [Fatal Error] :1:1: Premature end of file.
2026-04-14 12:56:02,418 [ERROR] LogOutputStream:75 - [STDERR_REDIRECT] 
2026-04-14 12:56:03,418 [ERROR] LogOutputStream:75 - [STDERR_REDIRECT] [Fatal Error] :1:1: Premature end of file.
2026-04-14 12:56:03,418 [ERROR] LogOutputStream:75 - [STDERR_REDIRECT] 
2026-04-14 12:56:04,416 [ERROR] LogOutputStream:75 - [STDERR_REDIRECT] [Fatal Error] :1:1: Premature end of file.
2026-04-14 12:56:04,416 [ERROR] LogOutputStream:75 - [STDERR_REDIRECT] 
2026-04-14 12:56:05,415 [ERROR] LogOutputStream:75 - [STDERR_REDIRECT] [Fatal Error] :1:1: Premature end of file.
2026-04-14 12:56:05,415 [ERROR] LogOutputStream:75 - [STDERR_REDIRECT] 
2026-04-14 12:56:06,416 [ERROR] LogOutputStream:75 - [STDERR_REDIRECT] [Fatal Error] :1:1: Premature end of file.
2026-04-14 12:56:06,417 [ERROR] LogOutputStream:75 - [STDERR_REDIRECT] 
2026-04-14 12:56:07,418 [ERROR] LogOutputStream:75 - [STDERR_REDIRECT] [Fatal Error] :1:1: Premature end of file.
2026-04-14 12:56:07,418 [ERROR] LogOutputStream:75 - [STDERR_REDIRECT] 
2026-04-14 12:56:08,420 [ERROR] LogOutputStream:75 - [STDERR_REDIRECT] [Fatal Error] :1:1: Premature end of file.
2026-04-14 12:56:08,420 [ERROR] LogOutputStream:75 - [STDERR_REDIRECT] 
2026-04-14 12:56:09,422 [ERROR] LogOutputStream:75 - [STDERR_REDIRECT] [Fatal Error] :1:1: Premature end of file.
2026-04-14 12:56:09,423 [ERROR] LogOutputStream:75 - [STDERR_REDIRECT] 
2026-04-14 12:56:10,417 [ERROR] LogOutputStream:75 - [STDERR_REDIRECT] [Fatal Error] :1:1: Premature end of file.
2026-04-14 12:56:10,418 [ERROR] LogOutputStream:75 - [STDERR_REDIRECT] 
2026-04-14 12:56:11,430 [ERROR] LogOutputStream:75 - [STDERR_REDIRECT] [Fatal Error] :1:1: Premature end of file.
2026-04-14 12:56:11,430 [ERROR] LogOutputStream:75 - [STDERR_REDIRECT] 
2026-04-14 12:56:12,421 [ERROR] LogOutputStream:75 - [STDERR_REDIRECT] [Fatal Error] :1:1: Premature end of file.
2026-04-14 12:56:12,422 [ERROR] LogOutputStream:75 - [STDERR_REDIRECT] 
2026-04-14 12:56:13,401 [ERROR] LogOutputStream:75 - [STDERR_REDIRECT] [Fatal Error] :1:1: Premature end of file.
2026-04-14 12:56:13,401 [ERROR] LogOutputStream:75 - [STDERR_REDIRECT] 
2026-04-14 12:56:14,427 [ERROR] LogOutputStream:75 - [STDERR_REDIRECT] [Fatal Error] :1:1: Premature end of file.
2026-04-14 12:56:14,427 [ERROR] LogOutputStream:75 - [STDERR_REDIRECT] 
2026-04-14 12:56:15,419 [ERROR] LogOutputStream:75 - [STDERR_REDIRECT] [Fatal Error] :1:1: Premature end of file.
2026-04-14 12:56:15,419 [ERROR] LogOutputStream:75 - [STDERR_REDIRECT] 
2026-04-14 12:56:16,418 [ERROR] LogOutputStream:75 - [STDERR_REDIRECT] [Fatal Error] :1:1: Premature end of file.
2026-04-14 12:56:16,419 [ERROR] LogOutputStream:75 - [STDERR_REDIRECT] 
2026-04-14 12:56:17,420 [ERROR] LogOutputStream:75 - [STDERR_REDIRECT] [Fatal Error] :1:1: Premature end of file.
2026-04-14 12:56:17,421 [ERROR] LogOutputStream:75 - [STDERR_REDIRECT] 
2026-04-14 12:56:18,425 [ERROR] LogOutputStream:75 - [STDERR_REDIRECT] [Fatal Error] :1:1: Premature end of file.
2026-04-14 12:56:18,426 [ERROR] LogOutputStream:75 - [STDERR_REDIRECT] 
2026-04-14 12:56:19,421 [ERROR] LogOutputStream:75 - [STDERR_REDIRECT] [Fatal Error] :1:1: Premature end of file.
2026-04-14 12:56:19,421 [ERROR] LogOutputStream:75 - [STDERR_REDIRECT] 
2026-04-14 12:56:20,419 [ERROR] LogOutputStream:75 - [STDERR_REDIRECT] [Fatal Error] :1:1: Premature end of file.
2026-04-14 12:56:20,419 [ERROR] LogOutputStream:75 - [STDERR_REDIRECT] 
2026-04-14 12:56:21,425 [ERROR] LogOutputStream:75 - [STDERR_REDIRECT] [Fatal Error] :1:1: Premature end of file.
2026-04-14 12:56:21,426 [ERROR] LogOutputStream:75 - [STDERR_REDIRECT] 
2026-04-14 12:56:22,428 [ERROR] LogOutputStream:75 - [STDERR_REDIRECT] [Fatal Error] :1:1: Premature end of file.
2026-04-14 12:56:22,429 [ERROR] LogOutputStream:75 - [STDERR_REDIRECT] 
2026-04-14 12:56:23,430 [ERROR] LogOutputStream:75 - [STDERR_REDIRECT] [Fatal Error] :1:1: Premature end of file.
2026-04-14 12:56:23,432 [ERROR] LogOutputStream:75 - [STDERR_REDIRECT] 
2026-04-14 12:56:24,420 [ERROR] LogOutputStream:75 - [STDERR_REDIRECT] [Fatal Error] :1:1: Premature end of file.
2026-04-14 12:56:24,420 [ERROR] LogOutputStream:75 - [STDERR_REDIRECT] 
2026-04-14 12:56:25,415 [ERROR] LogOutputStream:75 - [STDERR_REDIRECT] [Fatal Error] :1:1: Premature end of file.
2026-04-14 12:56:25,416 [ERROR] LogOutputStream:75 - [STDERR_REDIRECT] 
2026-04-14 12:56:26,420 [ERROR] LogOutputStream:75 - [STDERR_REDIRECT] [Fatal Error] :1:1: Premature end of file.
2026-04-14 12:56:26,420 [ERROR] LogOutputStream:75 - [STDERR_REDIRECT] 
2026-04-14 12:56:27,415 [ERROR] LogOutputStream:75 - [STDERR_REDIRECT] [Fatal Error] :1:1: Premature end of file.
2026-04-14 12:56:27,415 [ERROR] LogOutputStream:75 - [STDERR_REDIRECT] 
2026-04-14 12:56:28,414 [ERROR] LogOutputStream:75 - [STDERR_REDIRECT] [Fatal Error] :1:1: Premature end of file.
2026-04-14 12:56:28,415 [ERROR] LogOutputStream:75 - [STDERR_REDIRECT] 
2026-04-14 12:56:29,422 [ERROR] LogOutputStream:75 - [STDERR_REDIRECT] [Fatal Error] :1:1: Premature end of file.
2026-04-14 12:56:29,422 [ERROR] LogOutputStream:75 - [STDERR_REDIRECT] 
2026-04-14 12:56:30,407 [ERROR] LogOutputStream:75 - [STDERR_REDIRECT] [Fatal Error] :1:1: Premature end of file.
2026-04-14 12:56:30,407 [ERROR] LogOutputStream:75 - [STDERR_REDIRECT] 
2026-04-14 12:56:31,401 [ERROR] LogOutputStream:75 - [STDERR_REDIRECT] [Fatal Error] :1:1: Premature end of file.
2026-04-14 12:56:31,402 [ERROR] LogOutputStream:75 - [STDERR_REDIRECT] 
2026-04-14 12:56:32,429 [ERROR] LogOutputStream:75 - [STDERR_REDIRECT] [Fatal Error] :1:1: Premature end of file.
2026-04-14 12:56:32,430 [ERROR] LogOutputStream:75 - [STDERR_REDIRECT] 
2026-04-14 12:56:33,422 [ERROR] LogOutputStream:75 - [STDERR_REDIRECT] [Fatal Error] :1:1: Premature end of file.
2026-04-14 12:56:33,422 [ERROR] LogOutputStream:75 - [STDERR_REDIRECT] 
2026-04-14 12:56:34,415 [ERROR] LogOutputStream:75 - [STDERR_REDIRECT] [Fatal Error] :1:1: Premature end of file.
2026-04-14 12:56:34,415 [ERROR] LogOutputStream:75 - [STDERR_REDIRECT] 
2026-04-14 12:56:35,413 [ERROR] LogOutputStream:75 - [STDERR_REDIRECT] [Fatal Error] :1:1: Premature end of file.
2026-04-14 12:56:35,414 [ERROR] LogOutputStream:75 - [STDERR_REDIRECT] 
2026-04-14 12:56:36,404 [ERROR] LogOutputStream:75 - [STDERR_REDIRECT] [Fatal Error] :1:1: Premature end of file.
2026-04-14 12:56:36,405 [ERROR] LogOutputStream:75 - [STDERR_REDIRECT] 
2026-04-14 12:56:37,426 [ERROR] LogOutputStream:75 - [STDERR_REDIRECT] [Fatal Error] :1:1: Premature end of file.
2026-04-14 12:56:37,426 [ERROR] LogOutputStream:75 - [STDERR_REDIRECT] 
2026-04-14 12:56:38,421 [ERROR] LogOutputStream:75 - [STDERR_REDIRECT] [Fatal Error] :1:1: Premature end of file.
2026-04-14 12:56:38,421 [ERROR] LogOutputStream:75 - [STDERR_REDIRECT] 
2026-04-14 12:56:39,428 [ERROR] LogOutputStream:75 - [STDERR_REDIRECT] [Fatal Error] :1:1: Premature end of file.
2026-04-14 12:56:39,429 [ERROR] LogOutputStream:75 - [STDERR_REDIRECT] 
2026-04-14 12:56:40,422 [ERROR] LogOutputStream:75 - [STDERR_REDIRECT] [Fatal Error] :1:1: Premature end of file.
2026-04-14 12:56:40,422 [ERROR] LogOutputStream:75 - [STDERR_REDIRECT] 
2026-04-14 12:56:41,415 [ERROR] LogOutputStream:75 - [STDERR_REDIRECT] [Fatal Error] :1:1: Premature end of file.
2026-04-14 12:56:41,416 [ERROR] LogOutputStream:75 - [STDERR_REDIRECT] 
2026-04-14 12:56:42,413 [ERROR] LogOutputStream:75 - [STDERR_REDIRECT] [Fatal Error] :1:1: Premature end of file.
2026-04-14 12:56:42,413 [ERROR] LogOutputStream:75 - [STDERR_REDIRECT] 
2026-04-14 12:56:43,421 [ERROR] LogOutputStream:75 - [STDERR_REDIRECT] [Fatal Error] :1:1: Premature end of file.
2026-04-14 12:56:43,422 [ERROR] LogOutputStream:75 - [STDERR_REDIRECT] 
2026-04-14 12:56:44,420 [ERROR] LogOutputStream:75 - [STDERR_REDIRECT] [Fatal Error] :1:1: Premature end of file.
2026-04-14 12:56:44,422 [ERROR] LogOutputStream:75 - [STDERR_REDIRECT] 
2026-04-14 12:56:45,425 [ERROR] LogOutputStream:75 - [STDERR_REDIRECT] [Fatal Error] :1:1: Premature end of file.
2026-04-14 12:56:45,425 [ERROR] LogOutputStream:75 - [STDERR_REDIRECT] 
2026-04-14 12:56:46,456 [ERROR] LogOutputStream:75 - [STDERR_REDIRECT] [Fatal Error] :1:1: Premature end of file.
2026-04-14 12:56:46,457 [ERROR] LogOutputStream:75 - [STDERR_REDIRECT] 
2026-04-14 12:56:47,417 [ERROR] LogOutputStream:75 - [STDERR_REDIRECT] [Fatal Error] :1:1: Premature end of file.
2026-04-14 12:56:47,417 [ERROR] LogOutputStream:75 - [STDERR_REDIRECT] 
2026-04-14 12:56:48,439 [ERROR] LogOutputStream:75 - [STDERR_REDIRECT] [Fatal Error] :1:1: Premature end of file.
2026-04-14 12:56:48,440 [ERROR] LogOutputStream:75 - [STDERR_REDIRECT] 
2026-04-14 12:56:49,429 [ERROR] LogOutputStream:75 - [STDERR_REDIRECT] [Fatal Error] :1:1: Premature end of file.
2026-04-14 12:56:49,429 [ERROR] LogOutputStream:75 - [STDERR_REDIRECT] 
2026-04-14 12:56:50,422 [ERROR] LogOutputStream:75 - [STDERR_REDIRECT] [Fatal Error] :1:1: Premature end of file.
2026-04-14 12:56:50,423 [ERROR] LogOutputStream:75 - [STDERR_REDIRECT] 
2026-04-14 12:56:51,405 [ERROR] LogOutputStream:75 - [STDERR_REDIRECT] [Fatal Error] :1:1: Premature end of file.
2026-04-14 12:56:51,405 [ERROR] LogOutputStream:75 - [STDERR_REDIRECT] 
2026-04-14 12:56:52,423 [ERROR] LogOutputStream:75 - [STDERR_REDIRECT] [Fatal Error] :1:1: Premature end of file.
2026-04-14 12:56:52,423 [ERROR] LogOutputStream:75 - [STDERR_REDIRECT] 
2026-04-14 12:56:53,423 [ERROR] LogOutputStream:75 - [STDERR_REDIRECT] [Fatal Error] :1:1: Premature end of file.
2026-04-14 12:56:53,423 [ERROR] LogOutputStream:75 - [STDERR_REDIRECT] 
2026-04-14 12:56:54,409 [ERROR] LogOutputStream:75 - [STDERR_REDIRECT] [Fatal Error] :1:1: Premature end of file.
2026-04-14 12:56:54,409 [ERROR] LogOutputStream:75 - [STDERR_REDIRECT] 
2026-04-14 12:56:55,417 [ERROR] LogOutputStream:75 - [STDERR_REDIRECT] [Fatal Error] :1:1: Premature end of file.
2026-04-14 12:56:55,417 [ERROR] LogOutputStream:75 - [STDERR_REDIRECT] 
2026-04-14 12:56:56,409 [ERROR] LogOutputStream:75 - [STDERR_REDIRECT] [Fatal Error] :1:1: Premature end of file.
2026-04-14 12:56:56,409 [ERROR] LogOutputStream:75 - [STDERR_REDIRECT] 
2026-04-14 12:56:57,416 [ERROR] LogOutputStream:75 - [STDERR_REDIRECT] [Fatal Error] :1:1: Premature end of file.
2026-04-14 12:56:57,416 [ERROR] LogOutputStream:75 - [STDERR_REDIRECT] 
2026-04-14 12:56:58,410 [ERROR] LogOutputStream:75 - [STDERR_REDIRECT] [Fatal Error] :1:1: Premature end of file.
2026-04-14 12:56:58,410 [ERROR] LogOutputStream:75 - [STDERR_REDIRECT] 
2026-04-14 12:56:59,400 [ERROR] LogOutputStream:75 - [STDERR_REDIRECT] [Fatal Error] :1:1: Premature end of file.
2026-04-14 12:56:59,400 [ERROR] LogOutputStream:75 - [STDERR_REDIRECT] 
2026-04-14 12:57:00,397 [ERROR] LogOutputStream:75 - [STDERR_REDIRECT] [Fatal Error] :1:1: Premature end of file.
2026-04-14 12:57:00,398 [ERROR] LogOutputStream:75 - [STDERR_REDIRECT] 
2026-04-14 12:57:01,404 [ERROR] LogOutputStream:75 - [STDERR_REDIRECT] [Fatal Error] :1:1: Premature end of file.
2026-04-14 12:57:01,404 [ERROR] LogOutputStream:75 - [STDERR_REDIRECT] 
2026-04-14 12:57:02,392 [ERROR] LogOutputStream:75 - [STDERR_REDIRECT] [Fatal Error] :1:1: Premature end of file.
2026-04-14 12:57:02,392 [ERROR] LogOutputStream:75 - [STDERR_REDIRECT] 
2026-04-14 12:57:03,437 [ERROR] LogOutputStream:75 - [STDERR_REDIRECT] [Fatal Error] :1:1: Premature end of file.
2026-04-14 12:57:03,438 [ERROR] LogOutputStream:75 - [STDERR_REDIRECT] 
2026-04-14 12:57:04,407 [ERROR] LogOutputStream:75 - [STDERR_REDIRECT] [Fatal Error] :1:1: Premature end of file.
2026-04-14 12:57:04,407 [ERROR] LogOutputStream:75 - [STDERR_REDIRECT] 
2026-04-14 12:57:05,401 [ERROR] LogOutputStream:75 - [STDERR_REDIRECT] [Fatal Error] :1:1: Premature end of file.
2026-04-14 12:57:05,401 [ERROR] LogOutputStream:75 - [STDERR_REDIRECT] 
2026-04-14 12:57:06,392 [ERROR] LogOutputStream:75 - [STDERR_REDIRECT] [Fatal Error] :1:1: Premature end of file.
2026-04-14 12:57:06,393 [ERROR] LogOutputStream:75 - [STDERR_REDIRECT] 
2026-04-14 12:57:07,441 [ERROR] LogOutputStream:75 - [STDERR_REDIRECT] [Fatal Error] :1:1: Premature end of file.
2026-04-14 12:57:07,441 [ERROR] LogOutputStream:75 - [STDERR_REDIRECT] 
2026-04-14 12:57:08,421 [ERROR] LogOutputStream:75 - [STDERR_REDIRECT] [Fatal Error] :1:1: Premature end of file.
2026-04-14 12:57:08,421 [ERROR] LogOutputStream:75 - [STDERR_REDIRECT] 
2026-04-14 12:57:09,410 [ERROR] LogOutputStream:75 - [STDERR_REDIRECT] [Fatal Error] :1:1: Premature end of file.
2026-04-14 12:57:09,411 [ERROR] LogOutputStream:75 - [STDERR_REDIRECT] 
2026-04-14 12:57:10,424 [ERROR] LogOutputStream:75 - [STDERR_REDIRECT] [Fatal Error] :1:1: Premature end of file.
2026-04-14 12:57:10,425 [ERROR] LogOutputStream:75 - [STDERR_REDIRECT] 
2026-04-14 12:57:11,428 [ERROR] LogOutputStream:75 - [STDERR_REDIRECT] [Fatal Error] :1:1: Premature end of file.
2026-04-14 12:57:11,429 [ERROR] LogOutputStream:75 - [STDERR_REDIRECT] 
2026-04-14 12:57:12,420 [ERROR] LogOutputStream:75 - [STDERR_REDIRECT] [Fatal Error] :1:1: Premature end of file.
2026-04-14 12:57:12,421 [ERROR] LogOutputStream:75 - [STDERR_REDIRECT] 
2026-04-14 12:57:13,423 [ERROR] LogOutputStream:75 - [STDERR_REDIRECT] [Fatal Error] :1:1: Premature end of file.
2026-04-14 12:57:13,423 [ERROR] LogOutputStream:75 - [STDERR_REDIRECT] 
2026-04-14 12:57:14,416 [ERROR] LogOutputStream:75 - [STDERR_REDIRECT] [Fatal Error] :1:1: Premature end of file.
2026-04-14 12:57:14,416 [ERROR] LogOutputStream:75 - [STDERR_REDIRECT] 
2026-04-14 12:57:15,422 [ERROR] LogOutputStream:75 - [STDERR_REDIRECT] [Fatal Error] :1:1: Premature end of file.
2026-04-14 12:57:15,422 [ERROR] LogOutputStream:75 - [STDERR_REDIRECT] 
2026-04-14 12:57:16,432 [ERROR] LogOutputStream:75 - [STDERR_REDIRECT] [Fatal Error] :1:1: Premature end of file.
2026-04-14 12:57:16,432 [ERROR] LogOutputStream:75 - [STDERR_REDIRECT] 
2026-04-14 12:57:17,433 [ERROR] LogOutputStream:75 - [STDERR_REDIRECT] [Fatal Error] :1:1: Premature end of file.
2026-04-14 12:57:17,434 [ERROR] LogOutputStream:75 - [STDERR_REDIRECT] 
2026-04-14 12:57:18,458 [ERROR] LogOutputStream:75 - [STDERR_REDIRECT] [Fatal Error] :1:1: Premature end of file.
2026-04-14 12:57:18,459 [ERROR] LogOutputStream:75 - [STDERR_REDIRECT] 
2026-04-14 12:57:19,422 [ERROR] LogOutputStream:75 - [STDERR_REDIRECT] [Fatal Error] :1:1: Premature end of file.
2026-04-14 12:57:19,422 [ERROR] LogOutputStream:75 - [STDERR_REDIRECT] 
2026-04-14 12:57:20,419 [ERROR] LogOutputStream:75 - [STDERR_REDIRECT] [Fatal Error] :1:1: Premature end of file.
2026-04-14 12:57:20,420 [ERROR] LogOutputStream:75 - [STDERR_REDIRECT] 
2026-04-14 12:57:21,420 [ERROR] LogOutputStream:75 - [STDERR_REDIRECT] [Fatal Error] :1:1: Premature end of file.
2026-04-14 12:57:21,420 [ERROR] LogOutputStream:75 - [STDERR_REDIRECT] 
2026-04-14 12:57:22,405 [ERROR] LogOutputStream:75 - [STDERR_REDIRECT] [Fatal Error] :1:1: Premature end of file.
2026-04-14 12:57:22,406 [ERROR] LogOutputStream:75 - [STDERR_REDIRECT] 
2026-04-14 12:57:23,410 [ERROR] LogOutputStream:75 - [STDERR_REDIRECT] [Fatal Error] :1:1: Premature end of file.
2026-04-14 12:57:23,410 [ERROR] LogOutputStream:75 - [STDERR_REDIRECT] 
2026-04-14 12:57:24,435 [ERROR] LogOutputStream:75 - [STDERR_REDIRECT] [Fatal Error] :1:1: Premature end of file.
2026-04-14 12:57:24,435 [ERROR] LogOutputStream:75 - [STDERR_REDIRECT] 
2026-04-14 12:57:25,414 [ERROR] LogOutputStream:75 - [STDERR_REDIRECT] [Fatal Error] :1:1: Premature end of file.
2026-04-14 12:57:25,415 [ERROR] LogOutputStream:75 - [STDERR_REDIRECT] 
2026-04-14 12:57:26,410 [ERROR] LogOutputStream:75 - [STDERR_REDIRECT] [Fatal Error] :1:1: Premature end of file.
2026-04-14 12:57:26,411 [ERROR] LogOutputStream:75 - [STDERR_REDIRECT] 
2026-04-14 12:57:27,413 [ERROR] LogOutputStream:75 - [STDERR_REDIRECT] [Fatal Error] :1:1: Premature end of file.
2026-04-14 12:57:27,413 [ERROR] LogOutputStream:75 - [STDERR_REDIRECT] 
2026-04-14 12:57:28,394 [ERROR] LogOutputStream:75 - [STDERR_REDIRECT] [Fatal Error] :1:1: Premature end of file.
2026-04-14 12:57:28,394 [ERROR] LogOutputStream:75 - [STDERR_REDIRECT] 
2026-04-14 12:57:29,426 [ERROR] LogOutputStream:75 - [STDERR_REDIRECT] [Fatal Error] :1:1: Premature end of file.
2026-04-14 12:57:29,427 [ERROR] LogOutputStream:75 - [STDERR_REDIRECT] 
2026-04-14 12:57:30,424 [ERROR] LogOutputStream:75 - [STDERR_REDIRECT] [Fatal Error] :1:1: Premature end of file.
2026-04-14 12:57:30,425 [ERROR] LogOutputStream:75 - [STDERR_REDIRECT] 
2026-04-14 12:57:31,406 [ERROR] LogOutputStream:75 - [STDERR_REDIRECT] [Fatal Error] :1:1: Premature end of file.
2026-04-14 12:57:31,406 [ERROR] LogOutputStream:75 - [STDERR_REDIRECT] 
2026-04-14 12:57:32,428 [ERROR] LogOutputStream:75 - [STDERR_REDIRECT] [Fatal Error] :1:1: Premature end of file.
2026-04-14 12:57:32,429 [ERROR] LogOutputStream:75 - [STDERR_REDIRECT] 
2026-04-14 12:57:33,436 [ERROR] LogOutputStream:75 - [STDERR_REDIRECT] [Fatal Error] :1:1: Premature end of file.
2026-04-14 12:57:33,437 [ERROR] LogOutputStream:75 - [STDERR_REDIRECT] 
2026-04-14 12:57:34,410 [ERROR] LogOutputStream:75 - [STDERR_REDIRECT] [Fatal Error] :1:1: Premature end of file.
2026-04-14 12:57:34,411 [ERROR] LogOutputStream:75 - [STDERR_REDIRECT] 
2026-04-14 12:57:35,415 [ERROR] LogOutputStream:75 - [STDERR_REDIRECT] [Fatal Error] :1:1: Premature end of file.
2026-04-14 12:57:35,416 [ERROR] LogOutputStream:75 - [STDERR_REDIRECT] 
2026-04-14 12:57:36,413 [ERROR] LogOutputStream:75 - [STDERR_REDIRECT] [Fatal Error] :1:1: Premature end of file.
2026-04-14 12:57:36,413 [ERROR] LogOutputStream:75 - [STDERR_REDIRECT] 
2026-04-14 12:57:37,418 [ERROR] LogOutputStream:75 - [STDERR_REDIRECT] [Fatal Error] :1:1: Premature end of file.
2026-04-14 12:57:37,419 [ERROR] LogOutputStream:75 - [STDERR_REDIRECT] 
2026-04-14 12:57:38,423 [ERROR] LogOutputStream:75 - [STDERR_REDIRECT] [Fatal Error] :1:1: Premature end of file.
2026-04-14 12:57:38,423 [ERROR] LogOutputStream:75 - [STDERR_REDIRECT] 
2026-04-14 12:57:39,424 [ERROR] LogOutputStream:75 - [STDERR_REDIRECT] [Fatal Error] :1:1: Premature end of file.
2026-04-14 12:57:39,424 [ERROR] LogOutputStream:75 - [STDERR_REDIRECT] 
2026-04-14 12:57:40,424 [ERROR] LogOutputStream:75 - [STDERR_REDIRECT] [Fatal Error] :1:1: Premature end of file.
2026-04-14 12:57:40,424 [ERROR] LogOutputStream:75 - [STDERR_REDIRECT] 
2026-04-14 12:57:41,436 [ERROR] LogOutputStream:75 - [STDERR_REDIRECT] [Fatal Error] :1:1: Premature end of file.
2026-04-14 12:57:41,436 [ERROR] LogOutputStream:75 - [STDERR_REDIRECT] 
2026-04-14 12:57:42,392 [ERROR] LogOutputStream:75 - [STDERR_REDIRECT] [Fatal Error] :1:1: Premature end of file.
2026-04-14 12:57:42,393 [ERROR] LogOutputStream:75 - [STDERR_REDIRECT] 
2026-04-14 12:57:43,405 [ERROR] LogOutputStream:75 - [STDERR_REDIRECT] [Fatal Error] :1:1: Premature end of file.
2026-04-14 12:57:43,405 [ERROR] LogOutputStream:75 - [STDERR_REDIRECT] 
2026-04-14 12:57:44,392 [ERROR] LogOutputStream:75 - [STDERR_REDIRECT] [Fatal Error] :1:1: Premature end of file.
2026-04-14 12:57:44,392 [ERROR] LogOutputStream:75 - [STDERR_REDIRECT] 
2026-04-14 12:57:45,385 [ERROR] LogOutputStream:75 - [STDERR_REDIRECT] [Fatal Error] :1:1: Premature end of file.
2026-04-14 12:57:45,386 [ERROR] LogOutputStream:75 - [STDERR_REDIRECT] 
2026-04-14 12:57:46,404 [ERROR] LogOutputStream:75 - [STDERR_REDIRECT] [Fatal Error] :1:1: Premature end of file.
2026-04-14 12:57:46,404 [ERROR] LogOutputStream:75 - [STDERR_REDIRECT] 
2026-04-14 12:57:47,403 [ERROR] LogOutputStream:75 - [STDERR_REDIRECT] [Fatal Error] :1:1: Premature end of file.
2026-04-14 12:57:47,404 [ERROR] LogOutputStream:75 - [STDERR_REDIRECT] 
2026-04-14 12:57:48,486 [ERROR] LogOutputStream:75 - [STDERR_REDIRECT] [Fatal Error] :1:1: Premature end of file.
2026-04-14 12:57:48,487 [ERROR] LogOutputStream:75 - [STDERR_REDIRECT] 
2026-04-14 12:57:49,432 [ERROR] LogOutputStream:75 - [STDERR_REDIRECT] [Fatal Error] :1:1: Premature end of file.
2026-04-14 12:57:49,433 [ERROR] LogOutputStream:75 - [STDERR_REDIRECT] 
2026-04-14 12:57:50,462 [ERROR] LogOutputStream:75 - [STDERR_REDIRECT] [Fatal Error] :1:1: Premature end of file.
2026-04-14 12:57:50,463 [ERROR] LogOutputStream:75 - [STDERR_REDIRECT] 
2026-04-14 12:57:51,430 [ERROR] LogOutputStream:75 - [STDERR_REDIRECT] [Fatal Error] :1:1: Premature end of file.
2026-04-14 12:57:51,430 [ERROR] LogOutputStream:75 - [STDERR_REDIRECT] 
2026-04-14 12:57:52,417 [ERROR] LogOutputStream:75 - [STDERR_REDIRECT] [Fatal Error] :1:1: Premature end of file.
2026-04-14 12:57:52,417 [ERROR] LogOutputStream:75 - [STDERR_REDIRECT] 
2026-04-14 12:57:53,425 [ERROR] LogOutputStream:75 - [STDERR_REDIRECT] [Fatal Error] :1:1: Premature end of file.
2026-04-14 12:57:53,426 [ERROR] LogOutputStream:75 - [STDERR_REDIRECT] 
2026-04-14 12:57:54,432 [ERROR] LogOutputStream:75 - [STDERR_REDIRECT] [Fatal Error] :1:1: Premature end of file.
2026-04-14 12:57:54,432 [ERROR] LogOutputStream:75 - [STDERR_REDIRECT] 
2026-04-14 12:57:55,426 [ERROR] LogOutputStream:75 - [STDERR_REDIRECT] [Fatal Error] :1:1: Premature end of file.
2026-04-14 12:57:55,427 [ERROR] LogOutputStream:75 - [STDERR_REDIRECT] 
2026-04-14 12:57:56,450 [ERROR] LogOutputStream:75 - [STDERR_REDIRECT] [Fatal Error] :1:1: Premature end of file.
2026-04-14 12:57:56,451 [ERROR] LogOutputStream:75 - [STDERR_REDIRECT] 
2026-04-14 12:57:57,425 [ERROR] LogOutputStream:75 - [STDERR_REDIRECT] [Fatal Error] :1:1: Premature end of file.
2026-04-14 12:57:57,426 [ERROR] LogOutputStream:75 - [STDERR_REDIRECT] 
2026-04-14 12:57:58,425 [ERROR] LogOutputStream:75 - [STDERR_REDIRECT] [Fatal Error] :1:1: Premature end of file.
2026-04-14 12:57:58,426 [ERROR] LogOutputStream:75 - [STDERR_REDIRECT] 
2026-04-14 12:57:59,413 [ERROR] LogOutputStream:75 - [STDERR_REDIRECT] [Fatal Error] :1:1: Premature end of file.
2026-04-14 12:57:59,413 [ERROR] LogOutputStream:75 - [STDERR_REDIRECT] 
2026-04-14 12:58:00,420 [ERROR] LogOutputStream:75 - [STDERR_REDIRECT] [Fatal Error] :1:1: Premature end of file.
2026-04-14 12:58:00,422 [ERROR] LogOutputStream:75 - [STDERR_REDIRECT] 
2026-04-14 12:58:01,424 [ERROR] LogOutputStream:75 - [STDERR_REDIRECT] [Fatal Error] :1:1: Premature end of file.
2026-04-14 12:58:01,425 [ERROR] LogOutputStream:75 - [STDERR_REDIRECT] 
2026-04-14 12:58:02,424 [ERROR] LogOutputStream:75 - [STDERR_REDIRECT] [Fatal Error] :1:1: Premature end of file.
2026-04-14 12:58:02,424 [ERROR] LogOutputStream:75 - [STDERR_REDIRECT] 
2026-04-14 12:58:03,419 [ERROR] LogOutputStream:75 - [STDERR_REDIRECT] [Fatal Error] :1:1: Premature end of file.
2026-04-14 12:58:03,420 [ERROR] LogOutputStream:75 - [STDERR_REDIRECT] 
2026-04-14 12:58:04,427 [ERROR] LogOutputStream:75 - [STDERR_REDIRECT] [Fatal Error] :1:1: Premature end of file.
2026-04-14 12:58:04,427 [ERROR] LogOutputStream:75 - [STDERR_REDIRECT] 
2026-04-14 12:58:05,425 [ERROR] LogOutputStream:75 - [STDERR_REDIRECT] [Fatal Error] :1:1: Premature end of file.
2026-04-14 12:58:05,425 [ERROR] LogOutputStream:75 - [STDERR_REDIRECT] 
2026-04-14 12:58:06,433 [ERROR] LogOutputStream:75 - [STDERR_REDIRECT] [Fatal Error] :1:1: Premature end of file.
2026-04-14 12:58:06,434 [ERROR] LogOutputStream:75 - [STDERR_REDIRECT] 
2026-04-14 12:58:07,421 [ERROR] LogOutputStream:75 - [STDERR_REDIRECT] [Fatal Error] :1:1: Premature end of file.
2026-04-14 12:58:07,422 [ERROR] LogOutputStream:75 - [STDERR_REDIRECT] 
2026-04-14 12:58:08,421 [ERROR] LogOutputStream:75 - [STDERR_REDIRECT] [Fatal Error] :1:1: Premature end of file.
2026-04-14 12:58:08,422 [ERROR] LogOutputStream:75 - [STDERR_REDIRECT] 
2026-04-14 12:58:09,406 [ERROR] LogOutputStream:75 - [STDERR_REDIRECT] [Fatal Error] :1:1: Premature end of file.
2026-04-14 12:58:09,407 [ERROR] LogOutputStream:75 - [STDERR_REDIRECT] 
2026-04-14 12:58:10,397 [ERROR] LogOutputStream:75 - [STDERR_REDIRECT] [Fatal Error] :1:1: Premature end of file.
2026-04-14 12:58:10,398 [ERROR] LogOutputStream:75 - [STDERR_REDIRECT] 
2026-04-14 12:58:11,412 [ERROR] LogOutputStream:75 - [STDERR_REDIRECT] [Fatal Error] :1:1: Premature end of file.
2026-04-14 12:58:11,412 [ERROR] LogOutputStream:75 - [STDERR_REDIRECT] 
2026-04-14 12:58:12,412 [ERROR] LogOutputStream:75 - [STDERR_REDIRECT] [Fatal Error] :1:1: Premature end of file.
2026-04-14 12:58:12,412 [ERROR] LogOutputStream:75 - [STDERR_REDIRECT] 
2026-04-14 12:58:13,407 [ERROR] LogOutputStream:75 - [STDERR_REDIRECT] [Fatal Error] :1:1: Premature end of file.
2026-04-14 12:58:13,407 [ERROR] LogOutputStream:75 - [STDERR_REDIRECT] 
2026-04-14 12:58:14,405 [ERROR] LogOutputStream:75 - [STDERR_REDIRECT] [Fatal Error] :1:1: Premature end of file.
2026-04-14 12:58:14,405 [ERROR] LogOutputStream:75 - [STDERR_REDIRECT] 
2026-04-14 12:58:15,406 [ERROR] LogOutputStream:75 - [STDERR_REDIRECT] [Fatal Error] :1:1: Premature end of file.
2026-04-14 12:58:15,407 [ERROR] LogOutputStream:75 - [STDERR_REDIRECT] 
2026-04-14 12:58:16,407 [ERROR] LogOutputStream:75 - [STDERR_REDIRECT] [Fatal Error] :1:1: Premature end of file.
2026-04-14 12:58:16,407 [ERROR] LogOutputStream:75 - [STDERR_REDIRECT] 
2026-04-14 12:58:17,401 [ERROR] LogOutputStream:75 - [STDERR_REDIRECT] [Fatal Error] :1:1: Premature end of file.
2026-04-14 12:58:17,401 [ERROR] LogOutputStream:75 - [STDERR_REDIRECT] 
2026-04-14 12:58:18,413 [ERROR] LogOutputStream:75 - [STDERR_REDIRECT] [Fatal Error] :1:1: Premature end of file.
2026-04-14 12:58:18,414 [ERROR] LogOutputStream:75 - [STDERR_REDIRECT] 
2026-04-14 12:58:19,411 [ERROR] LogOutputStream:75 - [STDERR_REDIRECT] [Fatal Error] :1:1: Premature end of file.
2026-04-14 12:58:19,411 [ERROR] LogOutputStream:75 - [STDERR_REDIRECT] 
2026-04-14 12:58:20,411 [ERROR] LogOutputStream:75 - [STDERR_REDIRECT] [Fatal Error] :1:1: Premature end of file.
2026-04-14 12:58:20,411 [ERROR] LogOutputStream:75 - [STDERR_REDIRECT] 
2026-04-14 12:58:21,405 [ERROR] LogOutputStream:75 - [STDERR_REDIRECT] [Fatal Error] :1:1: Premature end of file.
2026-04-14 12:58:21,405 [ERROR] LogOutputStream:75 - [STDERR_REDIRECT] 
2026-04-14 12:58:22,388 [ERROR] LogOutputStream:75 - [STDERR_REDIRECT] [Fatal Error] :1:1: Premature end of file.
2026-04-14 12:58:22,389 [ERROR] LogOutputStream:75 - [STDERR_REDIRECT] 
2026-04-14 12:58:23,403 [ERROR] LogOutputStream:75 - [STDERR_REDIRECT] [Fatal Error] :1:1: Premature end of file.
2026-04-14 12:58:23,403 [ERROR] LogOutputStream:75 - [STDERR_REDIRECT] 
2026-04-14 12:58:24,405 [ERROR] LogOutputStream:75 - [STDERR_REDIRECT] [Fatal Error] :1:1: Premature end of file.
2026-04-14 12:58:24,405 [ERROR] LogOutputStream:75 - [STDERR_REDIRECT] 
2026-04-14 12:58:25,406 [ERROR] LogOutputStream:75 - [STDERR_REDIRECT] [Fatal Error] :1:1: Premature end of file.
2026-04-14 12:58:25,406 [ERROR] LogOutputStream:75 - [STDERR_REDIRECT] 
2026-04-14 12:58:26,409 [ERROR] LogOutputStream:75 - [STDERR_REDIRECT] [Fatal Error] :1:1: Premature end of file.
2026-04-14 12:58:26,411 [ERROR] LogOutputStream:75 - [STDERR_REDIRECT] 
2026-04-14 12:58:27,393 [ERROR] LogOutputStream:75 - [STDERR_REDIRECT] [Fatal Error] :1:1: Premature end of file.
2026-04-14 12:58:27,394 [ERROR] LogOutputStream:75 - [STDERR_REDIRECT] 
2026-04-14 12:58:28,402 [ERROR] LogOutputStream:75 - [STDERR_REDIRECT] [Fatal Error] :1:1: Premature end of file.
2026-04-14 12:58:28,403 [ERROR] LogOutputStream:75 - [STDERR_REDIRECT] 
2026-04-14 12:58:29,403 [ERROR] LogOutputStream:75 - [STDERR_REDIRECT] [Fatal Error] :1:1: Premature end of file.
2026-04-14 12:58:29,404 [ERROR] LogOutputStream:75 - [STDERR_REDIRECT] 
2026-04-14 12:58:30,407 [ERROR] LogOutputStream:75 - [STDERR_REDIRECT] [Fatal Error] :1:1: Premature end of file.
2026-04-14 12:58:30,408 [ERROR] LogOutputStream:75 - [STDERR_REDIRECT] 
2026-04-14 12:58:31,404 [ERROR] LogOutputStream:75 - [STDERR_REDIRECT] [Fatal Error] :1:1: Premature end of file.
2026-04-14 12:58:31,404 [ERROR] LogOutputStream:75 - [STDERR_REDIRECT] 
2026-04-14 12:58:32,381 [ERROR] LogOutputStream:75 - [STDERR_REDIRECT] [Fatal Error] :1:1: Premature end of file.
2026-04-14 12:58:32,381 [ERROR] LogOutputStream:75 - [STDERR_REDIRECT] 
2026-04-14 12:58:33,410 [ERROR] LogOutputStream:75 - [STDERR_REDIRECT] [Fatal Error] :1:1: Premature end of file.
2026-04-14 12:58:33,410 [ERROR] LogOutputStream:75 - [STDERR_REDIRECT] 
2026-04-14 12:58:34,409 [ERROR] LogOutputStream:75 - [STDERR_REDIRECT] [Fatal Error] :1:1: Premature end of file.
2026-04-14 12:58:34,410 [ERROR] LogOutputStream:75 - [STDERR_REDIRECT] 
2026-04-14 12:58:35,409 [ERROR] LogOutputStream:75 - [STDERR_REDIRECT] [Fatal Error] :1:1: Premature end of file.
2026-04-14 12:58:35,409 [ERROR] LogOutputStream:75 - [STDERR_REDIRECT] 
2026-04-14 12:58:36,409 [ERROR] LogOutputStream:75 - [STDERR_REDIRECT] [Fatal Error] :1:1: Premature end of file.
2026-04-14 12:58:36,410 [ERROR] LogOutputStream:75 - [STDERR_REDIRECT] 
2026-04-14 12:58:37,403 [ERROR] LogOutputStream:75 - [STDERR_REDIRECT] [Fatal Error] :1:1: Premature end of file.
2026-04-14 12:58:37,403 [ERROR] LogOutputStream:75 - [STDERR_REDIRECT] 
2026-04-14 12:58:38,409 [ERROR] LogOutputStream:75 - [STDERR_REDIRECT] [Fatal Error] :1:1: Premature end of file.
2026-04-14 12:58:38,409 [ERROR] LogOutputStream:75 - [STDERR_REDIRECT] 
2026-04-14 12:58:39,411 [ERROR] LogOutputStream:75 - [STDERR_REDIRECT] [Fatal Error] :1:1: Premature end of file.
2026-04-14 12:58:39,411 [ERROR] LogOutputStream:75 - [STDERR_REDIRECT] 
2026-04-14 12:58:40,407 [ERROR] LogOutputStream:75 - [STDERR_REDIRECT] [Fatal Error] :1:1: Premature end of file.
2026-04-14 12:58:40,408 [ERROR] LogOutputStream:75 - [STDERR_REDIRECT] 
2026-04-14 12:58:41,409 [ERROR] LogOutputStream:75 - [STDERR_REDIRECT] [Fatal Error] :1:1: Premature end of file.
2026-04-14 12:58:41,409 [ERROR] LogOutputStream:75 - [STDERR_REDIRECT] 
2026-04-14 12:58:42,398 [ERROR] LogOutputStream:75 - [STDERR_REDIRECT] [Fatal Error] :1:1: Premature end of file.
2026-04-14 12:58:42,399 [ERROR] LogOutputStream:75 - [STDERR_REDIRECT] 
2026-04-14 12:58:43,402 [ERROR] LogOutputStream:75 - [STDERR_REDIRECT] [Fatal Error] :1:1: Premature end of file.
2026-04-14 12:58:43,402 [ERROR] LogOutputStream:75 - [STDERR_REDIRECT] 
2026-04-14 12:58:44,412 [ERROR] LogOutputStream:75 - [STDERR_REDIRECT] [Fatal Error] :1:1: Premature end of file.
2026-04-14 12:58:44,412 [ERROR] LogOutputStream:75 - [STDERR_REDIRECT] 
2026-04-14 12:58:45,410 [ERROR] LogOutputStream:75 - [STDERR_REDIRECT] [Fatal Error] :1:1: Premature end of file.
2026-04-14 12:58:45,410 [ERROR] LogOutputStream:75 - [STDERR_REDIRECT] 
2026-04-14 12:58:46,390 [ERROR] LogOutputStream:75 - [STDERR_REDIRECT] [Fatal Error] :1:1: Premature end of file.
2026-04-14 12:58:46,390 [ERROR] LogOutputStream:75 - [STDERR_REDIRECT] 
2026-04-14 12:58:47,395 [ERROR] LogOutputStream:75 - [STDERR_REDIRECT] [Fatal Error] :1:1: Premature end of file.
2026-04-14 12:58:47,395 [ERROR] LogOutputStream:75 - [STDERR_REDIRECT] 
2026-04-14 12:58:48,391 [ERROR] LogOutputStream:75 - [STDERR_REDIRECT] [Fatal Error] :1:1: Premature end of file.
2026-04-14 12:58:48,391 [ERROR] LogOutputStream:75 - [STDERR_REDIRECT] 
2026-04-14 12:58:49,422 [ERROR] LogOutputStream:75 - [STDERR_REDIRECT] [Fatal Error] :1:1: Premature end of file.
2026-04-14 12:58:49,422 [ERROR] LogOutputStream:75 - [STDERR_REDIRECT] 
2026-04-14 12:58:50,433 [ERROR] LogOutputStream:75 - [STDERR_REDIRECT] [Fatal Error] :1:1: Premature end of file.
2026-04-14 12:58:50,433 [ERROR] LogOutputStream:75 - [STDERR_REDIRECT] 
2026-04-14 12:58:51,421 [ERROR] LogOutputStream:75 - [STDERR_REDIRECT] [Fatal Error] :1:1: Premature end of file.
2026-04-14 12:58:51,422 [ERROR] LogOutputStream:75 - [STDERR_REDIRECT] 
2026-04-14 12:58:52,404 [ERROR] LogOutputStream:75 - [STDERR_REDIRECT] [Fatal Error] :1:1: Premature end of file.
2026-04-14 12:58:52,405 [ERROR] LogOutputStream:75 - [STDERR_REDIRECT] 
2026-04-14 12:58:53,412 [ERROR] LogOutputStream:75 - [STDERR_REDIRECT] [Fatal Error] :1:1: Premature end of file.
2026-04-14 12:58:53,412 [ERROR] LogOutputStream:75 - [STDERR_REDIRECT] 
2026-04-14 12:58:54,417 [ERROR] LogOutputStream:75 - [STDERR_REDIRECT] [Fatal Error] :1:1: Premature end of file.
2026-04-14 12:58:54,417 [ERROR] LogOutputStream:75 - [STDERR_REDIRECT] 
2026-04-14 12:58:55,420 [ERROR] LogOutputStream:75 - [STDERR_REDIRECT] [Fatal Error] :1:1: Premature end of file.
2026-04-14 12:58:55,420 [ERROR] LogOutputStream:75 - [STDERR_REDIRECT] 
2026-04-14 12:58:56,399 [ERROR] LogOutputStream:75 - [STDERR_REDIRECT] [Fatal Error] :1:1: Premature end of file.
2026-04-14 12:58:56,400 [ERROR] LogOutputStream:75 - [STDERR_REDIRECT] 
2026-04-14 12:58:57,417 [ERROR] LogOutputStream:75 - [STDERR_REDIRECT] [Fatal Error] :1:1: Premature end of file.
2026-04-14 12:58:57,418 [ERROR] LogOutputStream:75 - [STDERR_REDIRECT] 
2026-04-14 12:58:58,450 [ERROR] LogOutputStream:75 - [STDERR_REDIRECT] [Fatal Error] :1:1: Premature end of file.
2026-04-14 12:58:58,451 [ERROR] LogOutputStream:75 - [STDERR_REDIRECT] 
2026-04-14 12:58:59,419 [ERROR] LogOutputStream:75 - [STDERR_REDIRECT] [Fatal Error] :1:1: Premature end of file.
2026-04-14 12:58:59,420 [ERROR] LogOutputStream:75 - [STDERR_REDIRECT] 
2026-04-14 12:59:00,437 [ERROR] LogOutputStream:75 - [STDERR_REDIRECT] [Fatal Error] :1:1: Premature end of file.
2026-04-14 12:59:00,437 [ERROR] LogOutputStream:75 - [STDERR_REDIRECT] 
2026-04-14 12:59:01,434 [ERROR] LogOutputStream:75 - [STDERR_REDIRECT] [Fatal Error] :1:1: Premature end of file.
2026-04-14 12:59:01,434 [ERROR] LogOutputStream:75 - [STDERR_REDIRECT] 
2026-04-14 12:59:02,450 [ERROR] LogOutputStream:75 - [STDERR_REDIRECT] [Fatal Error] :1:1: Premature end of file.
2026-04-14 12:59:02,451 [ERROR] LogOutputStream:75 - [STDERR_REDIRECT] 
2026-04-14 12:59:03,416 [ERROR] LogOutputStream:75 - [STDERR_REDIRECT] [Fatal Error] :1:1: Premature end of file.
2026-04-14 12:59:03,417 [ERROR] LogOutputStream:75 - [STDERR_REDIRECT] 
2026-04-14 12:59:04,398 [ERROR] LogOutputStream:75 - [STDERR_REDIRECT] [Fatal Error] :1:1: Premature end of file.
2026-04-14 12:59:04,398 [ERROR] LogOutputStream:75 - [STDERR_REDIRECT] 
2026-04-14 12:59:05,442 [ERROR] LogOutputStream:75 - [STDERR_REDIRECT] [Fatal Error] :1:1: Premature end of file.
2026-04-14 12:59:05,443 [ERROR] LogOutputStream:75 - [STDERR_REDIRECT] 
2026-04-14 12:59:06,449 [ERROR] LogOutputStream:75 - [STDERR_REDIRECT] [Fatal Error] :1:1: Premature end of file.
2026-04-14 12:59:06,449 [ERROR] LogOutputStream:75 - [STDERR_REDIRECT] 
2026-04-14 12:59:07,409 [ERROR] LogOutputStream:75 - [STDERR_REDIRECT] [Fatal Error] :1:1: Premature end of file.
2026-04-14 12:59:07,410 [ERROR] LogOutputStream:75 - [STDERR_REDIRECT] 
2026-04-14 12:59:08,423 [ERROR] LogOutputStream:75 - [STDERR_REDIRECT] [Fatal Error] :1:1: Premature end of file.
2026-04-14 12:59:08,424 [ERROR] LogOutputStream:75 - [STDERR_REDIRECT] 
2026-04-14 12:59:09,421 [ERROR] LogOutputStream:75 - [STDERR_REDIRECT] [Fatal Error] :1:1: Premature end of file.
2026-04-14 12:59:09,422 [ERROR] LogOutputStream:75 - [STDERR_REDIRECT] 
2026-04-14 12:59:10,427 [ERROR] LogOutputStream:75 - [STDERR_REDIRECT] [Fatal Error] :1:1: Premature end of file.
2026-04-14 12:59:10,427 [ERROR] LogOutputStream:75 - [STDERR_REDIRECT] 
2026-04-14 12:59:11,427 [ERROR] LogOutputStream:75 - [STDERR_REDIRECT] [Fatal Error] :1:1: Premature end of file.
2026-04-14 12:59:11,427 [ERROR] LogOutputStream:75 - [STDERR_REDIRECT] 
2026-04-14 12:59:12,420 [ERROR] LogOutputStream:75 - [STDERR_REDIRECT] [Fatal Error] :1:1: Premature end of file.
2026-04-14 12:59:12,421 [ERROR] LogOutputStream:75 - [STDERR_REDIRECT] 
2026-04-14 12:59:13,421 [ERROR] LogOutputStream:75 - [STDERR_REDIRECT] [Fatal Error] :1:1: Premature end of file.
2026-04-14 12:59:13,421 [ERROR] LogOutputStream:75 - [STDERR_REDIRECT] 
2026-04-14 12:59:14,421 [ERROR] LogOutputStream:75 - [STDERR_REDIRECT] [Fatal Error] :1:1: Premature end of file.
2026-04-14 12:59:14,423 [ERROR] LogOutputStream:75 - [STDERR_REDIRECT] 
2026-04-14 12:59:15,420 [ERROR] LogOutputStream:75 - [STDERR_REDIRECT] [Fatal Error] :1:1: Premature end of file.
2026-04-14 12:59:15,420 [ERROR] LogOutputStream:75 - [STDERR_REDIRECT] 
2026-04-14 12:59:16,432 [ERROR] LogOutputStream:75 - [STDERR_REDIRECT] [Fatal Error] :1:1: Premature end of file.
2026-04-14 12:59:16,432 [ERROR] LogOutputStream:75 - [STDERR_REDIRECT] 
2026-04-14 12:59:17,430 [ERROR] LogOutputStream:75 - [STDERR_REDIRECT] [Fatal Error] :1:1: Premature end of file.
2026-04-14 12:59:17,431 [ERROR] LogOutputStream:75 - [STDERR_REDIRECT] 
2026-04-14 12:59:18,415 [ERROR] LogOutputStream:75 - [STDERR_REDIRECT] [Fatal Error] :1:1: Premature end of file.
2026-04-14 12:59:18,416 [ERROR] LogOutputStream:75 - [STDERR_REDIRECT] 
2026-04-14 12:59:19,404 [ERROR] LogOutputStream:75 - [STDERR_REDIRECT] [Fatal Error] :1:1: Premature end of file.
2026-04-14 12:59:19,405 [ERROR] LogOutputStream:75 - [STDERR_REDIRECT] 
2026-04-14 12:59:20,443 [ERROR] LogOutputStream:75 - [STDERR_REDIRECT] [Fatal Error] :1:1: Premature end of file.
2026-04-14 12:59:20,444 [ERROR] LogOutputStream:75 - [STDERR_REDIRECT] 
2026-04-14 12:59:21,420 [ERROR] LogOutputStream:75 - [STDERR_REDIRECT] [Fatal Error] :1:1: Premature end of file.
2026-04-14 12:59:21,421 [ERROR] LogOutputStream:75 - [STDERR_REDIRECT] 
2026-04-14 12:59:22,411 [ERROR] LogOutputStream:75 - [STDERR_REDIRECT] [Fatal Error] :1:1: Premature end of file.
2026-04-14 12:59:22,411 [ERROR] LogOutputStream:75 - [STDERR_REDIRECT] 
2026-04-14 12:59:23,417 [ERROR] LogOutputStream:75 - [STDERR_REDIRECT] [Fatal Error] :1:1: Premature end of file.
2026-04-14 12:59:23,417 [ERROR] LogOutputStream:75 - [STDERR_REDIRECT] 
2026-04-14 12:59:24,425 [ERROR] LogOutputStream:75 - [STDERR_REDIRECT] [Fatal Error] :1:1: Premature end of file.
2026-04-14 12:59:24,425 [ERROR] LogOutputStream:75 - [STDERR_REDIRECT] 
2026-04-14 12:59:25,438 [ERROR] LogOutputStream:75 - [STDERR_REDIRECT] [Fatal Error] :1:1: Premature end of file.
2026-04-14 12:59:25,438 [ERROR] LogOutputStream:75 - [STDERR_REDIRECT] 
2026-04-14 12:59:26,386 [ERROR] LogOutputStream:75 - [STDERR_REDIRECT] [Fatal Error] :1:1: Premature end of file.
2026-04-14 12:59:26,387 [ERROR] LogOutputStream:75 - [STDERR_REDIRECT] 
2026-04-14 12:59:27,436 [ERROR] LogOutputStream:75 - [STDERR_REDIRECT] [Fatal Error] :1:1: Premature end of file.
2026-04-14 12:59:27,436 [ERROR] LogOutputStream:75 - [STDERR_REDIRECT] 
2026-04-14 12:59:28,437 [ERROR] LogOutputStream:75 - [STDERR_REDIRECT] [Fatal Error] :1:1: Premature end of file.
2026-04-14 12:59:28,437 [ERROR] LogOutputStream:75 - [STDERR_REDIRECT] 
2026-04-14 12:59:29,426 [ERROR] LogOutputStream:75 - [STDERR_REDIRECT] [Fatal Error] :1:1: Premature end of file.
2026-04-14 12:59:29,426 [ERROR] LogOutputStream:75 - [STDERR_REDIRECT] 
2026-04-14 12:59:30,408 [ERROR] LogOutputStream:75 - [STDERR_REDIRECT] [Fatal Error] :1:1: Premature end of file.
2026-04-14 12:59:30,410 [ERROR] LogOutputStream:75 - [STDERR_REDIRECT] 
2026-04-14 12:59:31,428 [ERROR] LogOutputStream:75 - [STDERR_REDIRECT] [Fatal Error] :1:1: Premature end of file.
2026-04-14 12:59:31,428 [ERROR] LogOutputStream:75 - [STDERR_REDIRECT] 
2026-04-14 12:59:32,416 [ERROR] LogOutputStream:75 - [STDERR_REDIRECT] [Fatal Error] :1:1: Premature end of file.
2026-04-14 12:59:32,416 [ERROR] LogOutputStream:75 - [STDERR_REDIRECT] 
2026-04-14 12:59:33,426 [ERROR] LogOutputStream:75 - [STDERR_REDIRECT] [Fatal Error] :1:1: Premature end of file.
2026-04-14 12:59:33,427 [ERROR] LogOutputStream:75 - [STDERR_REDIRECT] 
2026-04-14 12:59:34,408 [ERROR] LogOutputStream:75 - [STDERR_REDIRECT] [Fatal Error] :1:1: Premature end of file.
2026-04-14 12:59:34,408 [ERROR] LogOutputStream:75 - [STDERR_REDIRECT] 
2026-04-14 12:59:35,426 [ERROR] LogOutputStream:75 - [STDERR_REDIRECT] [Fatal Error] :1:1: Premature end of file.
2026-04-14 12:59:35,427 [ERROR] LogOutputStream:75 - [STDERR_REDIRECT] 
2026-04-14 12:59:36,426 [ERROR] LogOutputStream:75 - [STDERR_REDIRECT] [Fatal Error] :1:1: Premature end of file.
2026-04-14 12:59:36,427 [ERROR] LogOutputStream:75 - [STDERR_REDIRECT] 
2026-04-14 12:59:37,424 [ERROR] LogOutputStream:75 - [STDERR_REDIRECT] [Fatal Error] :1:1: Premature end of file.
2026-04-14 12:59:37,425 [ERROR] LogOutputStream:75 - [STDERR_REDIRECT] 
2026-04-14 12:59:38,456 [ERROR] LogOutputStream:75 - [STDERR_REDIRECT] [Fatal Error] :1:1: Premature end of file.
2026-04-14 12:59:38,457 [ERROR] LogOutputStream:75 - [STDERR_REDIRECT] 
2026-04-14 12:59:39,437 [ERROR] LogOutputStream:75 - [STDERR_REDIRECT] [Fatal Error] :1:1: Premature end of file.
2026-04-14 12:59:39,437 [ERROR] LogOutputStream:75 - [STDERR_REDIRECT] 
2026-04-14 12:59:40,451 [ERROR] LogOutputStream:75 - [STDERR_REDIRECT] [Fatal Error] :1:1: Premature end of file.
2026-04-14 12:59:40,451 [ERROR] LogOutputStream:75 - [STDERR_REDIRECT] 
2026-04-14 12:59:41,428 [ERROR] LogOutputStream:75 - [STDERR_REDIRECT] [Fatal Error] :1:1: Premature end of file.
2026-04-14 12:59:41,429 [ERROR] LogOutputStream:75 - [STDERR_REDIRECT] 
2026-04-14 12:59:42,441 [ERROR] LogOutputStream:75 - [STDERR_REDIRECT] [Fatal Error] :1:1: Premature end of file.
2026-04-14 12:59:42,443 [ERROR] LogOutputStream:75 - [STDERR_REDIRECT] 
2026-04-14 12:59:43,455 [ERROR] LogOutputStream:75 - [STDERR_REDIRECT] [Fatal Error] :1:1: Premature end of file.
2026-04-14 12:59:43,456 [ERROR] LogOutputStream:75 - [STDERR_REDIRECT] 
2026-04-14 12:59:44,435 [ERROR] LogOutputStream:75 - [STDERR_REDIRECT] [Fatal Error] :1:1: Premature end of file.
2026-04-14 12:59:44,435 [ERROR] LogOutputStream:75 - [STDERR_REDIRECT] 
2026-04-14 12:59:45,408 [ERROR] LogOutputStream:75 - [STDERR_REDIRECT] [Fatal Error] :1:1: Premature end of file.
2026-04-14 12:59:45,408 [ERROR] LogOutputStream:75 - [STDERR_REDIRECT] 
2026-04-14 12:59:46,447 [ERROR] LogOutputStream:75 - [STDERR_REDIRECT] [Fatal Error] :1:1: Premature end of file.
2026-04-14 12:59:46,448 [ERROR] LogOutputStream:75 - [STDERR_REDIRECT] 
2026-04-14 12:59:47,414 [ERROR] LogOutputStream:75 - [STDERR_REDIRECT] [Fatal Error] :1:1: Premature end of file.
2026-04-14 12:59:47,414 [ERROR] LogOutputStream:75 - [STDERR_REDIRECT] 
2026-04-14 12:59:48,442 [ERROR] LogOutputStream:75 - [STDERR_REDIRECT] [Fatal Error] :1:1: Premature end of file.
2026-04-14 12:59:48,442 [ERROR] LogOutputStream:75 - [STDERR_REDIRECT] 
2026-04-14 12:59:49,464 [ERROR] LogOutputStream:75 - [STDERR_REDIRECT] [Fatal Error] :1:1: Premature end of file.
2026-04-14 12:59:49,465 [ERROR] LogOutputStream:75 - [STDERR_REDIRECT] 
2026-04-14 12:59:50,433 [ERROR] LogOutputStream:75 - [STDERR_REDIRECT] [Fatal Error] :1:1: Premature end of file.
2026-04-14 12:59:50,434 [ERROR] LogOutputStream:75 - [STDERR_REDIRECT] 
2026-04-14 12:59:51,432 [ERROR] LogOutputStream:75 - [STDERR_REDIRECT] [Fatal Error] :1:1: Premature end of file.
2026-04-14 12:59:51,432 [ERROR] LogOutputStream:75 - [STDERR_REDIRECT] 
2026-04-14 12:59:52,434 [ERROR] LogOutputStream:75 - [STDERR_REDIRECT] [Fatal Error] :1:1: Premature end of file.
2026-04-14 12:59:52,434 [ERROR] LogOutputStream:75 - [STDERR_REDIRECT] 
2026-04-14 12:59:53,404 [ERROR] LogOutputStream:75 - [STDERR_REDIRECT] [Fatal Error] :1:1: Premature end of file.
2026-04-14 12:59:53,404 [ERROR] LogOutputStream:75 - [STDERR_REDIRECT] 
2026-04-14 12:59:54,430 [ERROR] LogOutputStream:75 - [STDERR_REDIRECT] [Fatal Error] :1:1: Premature end of file.
2026-04-14 12:59:54,431 [ERROR] LogOutputStream:75 - [STDERR_REDIRECT] 
2026-04-14 12:59:55,433 [ERROR] LogOutputStream:75 - [STDERR_REDIRECT] [Fatal Error] :1:1: Premature end of file.
2026-04-14 12:59:55,433 [ERROR] LogOutputStream:75 - [STDERR_REDIRECT] 
2026-04-14 12:59:56,428 [ERROR] LogOutputStream:75 - [STDERR_REDIRECT] [Fatal Error] :1:1: Premature end of file.
2026-04-14 12:59:56,428 [ERROR] LogOutputStream:75 - [STDERR_REDIRECT] 
2026-04-14 12:59:57,431 [ERROR] LogOutputStream:75 - [STDERR_REDIRECT] [Fatal Error] :1:1: Premature end of file.
2026-04-14 12:59:57,431 [ERROR] LogOutputStream:75 - [STDERR_REDIRECT] 
2026-04-14 12:59:58,443 [ERROR] LogOutputStream:75 - [STDERR_REDIRECT] [Fatal Error] :1:1: Premature end of file.
2026-04-14 12:59:58,446 [ERROR] LogOutputStream:75 - [STDERR_REDIRECT] 
2026-04-14 12:59:59,417 [ERROR] LogOutputStream:75 - [STDERR_REDIRECT] [Fatal Error] :1:1: Premature end of file.
2026-04-14 12:59:59,417 [ERROR] LogOutputStream:75 - [STDERR_REDIRECT] 
2026-04-14 13:00:00,431 [ERROR] LogOutputStream:75 - [STDERR_REDIRECT] [Fatal Error] :1:1: Premature end of file.
2026-04-14 13:00:00,432 [ERROR] LogOutputStream:75 - [STDERR_REDIRECT] 
2026-04-14 13:00:01,451 [ERROR] LogOutputStream:75 - [STDERR_REDIRECT] [Fatal Error] :1:1: Premature end of file.
2026-04-14 13:00:01,453 [ERROR] LogOutputStream:75 - [STDERR_REDIRECT] 
2026-04-14 13:00:02,449 [ERROR] LogOutputStream:75 - [STDERR_REDIRECT] [Fatal Error] :1:1: Premature end of file.
2026-04-14 13:00:02,451 [ERROR] LogOutputStream:75 - [STDERR_REDIRECT] 
2026-04-14 13:00:03,431 [ERROR] LogOutputStream:75 - [STDERR_REDIRECT] [Fatal Error] :1:1: Premature end of file.
2026-04-14 13:00:03,431 [ERROR] LogOutputStream:75 - [STDERR_REDIRECT] 
2026-04-14 13:00:04,402 [ERROR] LogOutputStream:75 - [STDERR_REDIRECT] [Fatal Error] :1:1: Premature end of file.
2026-04-14 13:00:04,404 [ERROR] LogOutputStream:75 - [STDERR_REDIRECT] 
2026-04-14 13:00:05,454 [ERROR] LogOutputStream:75 - [STDERR_REDIRECT] [Fatal Error] :1:1: Premature end of file.
2026-04-14 13:00:05,454 [ERROR] LogOutputStream:75 - [STDERR_REDIRECT] 
2026-04-14 13:00:06,411 [ERROR] LogOutputStream:75 - [STDERR_REDIRECT] [Fatal Error] :1:1: Premature end of file.
2026-04-14 13:00:06,411 [ERROR] LogOutputStream:75 - [STDERR_REDIRECT] 
2026-04-14 13:00:07,418 [ERROR] LogOutputStream:75 - [STDERR_REDIRECT] [Fatal Error] :1:1: Premature end of file.
2026-04-14 13:00:07,418 [ERROR] LogOutputStream:75 - [STDERR_REDIRECT] 
2026-04-14 13:00:08,390 [ERROR] LogOutputStream:75 - [STDERR_REDIRECT] [Fatal Error] :1:1: Premature end of file.
2026-04-14 13:00:08,390 [ERROR] LogOutputStream:75 - [STDERR_REDIRECT] 
2026-04-14 13:00:09,401 [ERROR] LogOutputStream:75 - [STDERR_REDIRECT] [Fatal Error] :1:1: Premature end of file.
2026-04-14 13:00:09,402 [ERROR] LogOutputStream:75 - [STDERR_REDIRECT] 
2026-04-14 13:00:10,403 [ERROR] LogOutputStream:75 - [STDERR_REDIRECT] [Fatal Error] :1:1: Premature end of file.
2026-04-14 13:00:10,403 [ERROR] LogOutputStream:75 - [STDERR_REDIRECT] 
2026-04-14 13:00:11,442 [ERROR] LogOutputStream:75 - [STDERR_REDIRECT] [Fatal Error] :1:1: Premature end of file.
2026-04-14 13:00:11,442 [ERROR] LogOutputStream:75 - [STDERR_REDIRECT] 
2026-04-14 13:00:12,472 [ERROR] LogOutputStream:75 - [STDERR_REDIRECT] [Fatal Error] :1:1: Premature end of file.
2026-04-14 13:00:12,472 [ERROR] LogOutputStream:75 - [STDERR_REDIRECT] 
2026-04-14 13:00:13,415 [ERROR] LogOutputStream:75 - [STDERR_REDIRECT] [Fatal Error] :1:1: Premature end of file.
2026-04-14 13:00:13,415 [ERROR] LogOutputStream:75 - [STDERR_REDIRECT] 
2026-04-14 13:00:14,425 [ERROR] LogOutputStream:75 - [STDERR_REDIRECT] [Fatal Error] :1:1: Premature end of file.
2026-04-14 13:00:14,425 [ERROR] LogOutputStream:75 - [STDERR_REDIRECT] 
2026-04-14 13:00:15,433 [ERROR] LogOutputStream:75 - [STDERR_REDIRECT] [Fatal Error] :1:1: Premature end of file.
2026-04-14 13:00:15,434 [ERROR] LogOutputStream:75 - [STDERR_REDIRECT] 
2026-04-14 13:00:16,422 [ERROR] LogOutputStream:75 - [STDERR_REDIRECT] [Fatal Error] :1:1: Premature end of file.
2026-04-14 13:00:16,422 [ERROR] LogOutputStream:75 - [STDERR_REDIRECT] 
2026-04-14 13:00:17,419 [ERROR] LogOutputStream:75 - [STDERR_REDIRECT] [Fatal Error] :1:1: Premature end of file.
2026-04-14 13:00:17,420 [ERROR] LogOutputStream:75 - [STDERR_REDIRECT] 
2026-04-14 13:00:18,422 [ERROR] LogOutputStream:75 - [STDERR_REDIRECT] [Fatal Error] :1:1: Premature end of file.
2026-04-14 13:00:18,423 [ERROR] LogOutputStream:75 - [STDERR_REDIRECT] 
2026-04-14 13:00:19,396 [ERROR] LogOutputStream:75 - [STDERR_REDIRECT] [Fatal Error] :1:1: Premature end of file.
2026-04-14 13:00:19,396 [ERROR] LogOutputStream:75 - [STDERR_REDIRECT] 
2026-04-14 13:00:20,414 [ERROR] LogOutputStream:75 - [STDERR_REDIRECT] [Fatal Error] :1:1: Premature end of file.
2026-04-14 13:00:20,414 [ERROR] LogOutputStream:75 - [STDERR_REDIRECT] 
2026-04-14 13:00:21,446 [ERROR] LogOutputStream:75 - [STDERR_REDIRECT] [Fatal Error] :1:1: Premature end of file.
2026-04-14 13:00:21,446 [ERROR] LogOutputStream:75 - [STDERR_REDIRECT] 
2026-04-14 13:00:22,408 [ERROR] LogOutputStream:75 - [STDERR_REDIRECT] [Fatal Error] :1:1: Premature end of file.
2026-04-14 13:00:22,408 [ERROR] LogOutputStream:75 - [STDERR_REDIRECT] 
2026-04-14 13:00:23,419 [ERROR] LogOutputStream:75 - [STDERR_REDIRECT] [Fatal Error] :1:1: Premature end of file.
2026-04-14 13:00:23,420 [ERROR] LogOutputStream:75 - [STDERR_REDIRECT] 
2026-04-14 13:00:24,424 [ERROR] LogOutputStream:75 - [STDERR_REDIRECT] [Fatal Error] :1:1: Premature end of file.
2026-04-14 13:00:24,424 [ERROR] LogOutputStream:75 - [STDERR_REDIRECT] 
2026-04-14 13:00:25,388 [ERROR] LogOutputStream:75 - [STDERR_REDIRECT] [Fatal Error] :1:1: Premature end of file.
2026-04-14 13:00:25,388 [ERROR] LogOutputStream:75 - [STDERR_REDIRECT] 
2026-04-14 13:00:26,386 [ERROR] LogOutputStream:75 - [STDERR_REDIRECT] [Fatal Error] :1:1: Premature end of file.
2026-04-14 13:00:26,386 [ERROR] LogOutputStream:75 - [STDERR_REDIRECT] 
2026-04-14 13:00:27,414 [ERROR] LogOutputStream:75 - [STDERR_REDIRECT] [Fatal Error] :1:1: Premature end of file.
2026-04-14 13:00:27,415 [ERROR] LogOutputStream:75 - [STDERR_REDIRECT] 
2026-04-14 13:00:28,442 [ERROR] LogOutputStream:75 - [STDERR_REDIRECT] [Fatal Error] :1:1: Premature end of file.
2026-04-14 13:00:28,442 [ERROR] LogOutputStream:75 - [STDERR_REDIRECT] 
2026-04-14 13:00:29,394 [ERROR] LogOutputStream:75 - [STDERR_REDIRECT] [Fatal Error] :1:1: Premature end of file.
2026-04-14 13:00:29,395 [ERROR] LogOutputStream:75 - [STDERR_REDIRECT] 
2026-04-14 13:00:30,429 [ERROR] LogOutputStream:75 - [STDERR_REDIRECT] [Fatal Error] :1:1: Premature end of file.
2026-04-14 13:00:30,429 [ERROR] LogOutputStream:75 - [STDERR_REDIRECT] 
2026-04-14 13:00:31,407 [ERROR] LogOutputStream:75 - [STDERR_REDIRECT] [Fatal Error] :1:1: Premature end of file.
2026-04-14 13:00:31,408 [ERROR] LogOutputStream:75 - [STDERR_REDIRECT] 
2026-04-14 13:00:32,423 [ERROR] LogOutputStream:75 - [STDERR_REDIRECT] [Fatal Error] :1:1: Premature end of file.
2026-04-14 13:00:32,424 [ERROR] LogOutputStream:75 - [STDERR_REDIRECT] 
2026-04-14 13:00:33,386 [ERROR] LogOutputStream:75 - [STDERR_REDIRECT] [Fatal Error] :1:1: Premature end of file.
2026-04-14 13:00:33,386 [ERROR] LogOutputStream:75 - [STDERR_REDIRECT] 
2026-04-14 13:00:34,423 [ERROR] LogOutputStream:75 - [STDERR_REDIRECT] [Fatal Error] :1:1: Premature end of file.
2026-04-14 13:00:34,423 [ERROR] LogOutputStream:75 - [STDERR_REDIRECT] 
2026-04-14 13:00:35,419 [ERROR] LogOutputStream:75 - [STDERR_REDIRECT] [Fatal Error] :1:1: Premature end of file.
2026-04-14 13:00:35,419 [ERROR] LogOutputStream:75 - [STDERR_REDIRECT] 
2026-04-14 13:00:36,437 [ERROR] LogOutputStream:75 - [STDERR_REDIRECT] [Fatal Error] :1:1: Premature end of file.
2026-04-14 13:00:36,438 [ERROR] LogOutputStream:75 - [STDERR_REDIRECT] 
2026-04-14 13:00:37,429 [ERROR] LogOutputStream:75 - [STDERR_REDIRECT] [Fatal Error] :1:1: Premature end of file.
2026-04-14 13:00:37,429 [ERROR] LogOutputStream:75 - [STDERR_REDIRECT] 
2026-04-14 13:00:38,420 [ERROR] LogOutputStream:75 - [STDERR_REDIRECT] [Fatal Error] :1:1: Premature end of file.
2026-04-14 13:00:38,421 [ERROR] LogOutputStream:75 - [STDERR_REDIRECT] 
2026-04-14 13:00:39,425 [ERROR] LogOutputStream:75 - [STDERR_REDIRECT] [Fatal Error] :1:1: Premature end of file.
2026-04-14 13:00:39,425 [ERROR] LogOutputStream:75 - [STDERR_REDIRECT] 
2026-04-14 13:00:40,397 [ERROR] LogOutputStream:75 - [STDERR_REDIRECT] [Fatal Error] :1:1: Premature end of file.
2026-04-14 13:00:40,397 [ERROR] LogOutputStream:75 - [STDERR_REDIRECT] 
2026-04-14 13:00:41,377 [ERROR] LogOutputStream:75 - [STDERR_REDIRECT] [Fatal Error] :1:1: Premature end of file.
2026-04-14 13:00:41,378 [ERROR] LogOutputStream:75 - [STDERR_REDIRECT] 
2026-04-14 13:00:42,391 [ERROR] LogOutputStream:75 - [STDERR_REDIRECT] [Fatal Error] :1:1: Premature end of file.
2026-04-14 13:00:42,391 [ERROR] LogOutputStream:75 - [STDERR_REDIRECT] 
2026-04-14 13:00:43,393 [ERROR] LogOutputStream:75 - [STDERR_REDIRECT] [Fatal Error] :1:1: Premature end of file.
2026-04-14 13:00:43,393 [ERROR] LogOutputStream:75 - [STDERR_REDIRECT] 
2026-04-14 13:00:44,396 [ERROR] LogOutputStream:75 - [STDERR_REDIRECT] [Fatal Error] :1:1: Premature end of file.
2026-04-14 13:00:44,396 [ERROR] LogOutputStream:75 - [STDERR_REDIRECT] 
2026-04-14 13:00:45,416 [ERROR] LogOutputStream:75 - [STDERR_REDIRECT] [Fatal Error] :1:1: Premature end of file.
2026-04-14 13:00:45,416 [ERROR] LogOutputStream:75 - [STDERR_REDIRECT] 
2026-04-14 13:00:46,423 [ERROR] LogOutputStream:75 - [STDERR_REDIRECT] [Fatal Error] :1:1: Premature end of file.
2026-04-14 13:00:46,423 [ERROR] LogOutputStream:75 - [STDERR_REDIRECT] 
2026-04-14 13:00:47,416 [ERROR] LogOutputStream:75 - [STDERR_REDIRECT] [Fatal Error] :1:1: Premature end of file.
2026-04-14 13:00:47,416 [ERROR] LogOutputStream:75 - [STDERR_REDIRECT] 
2026-04-14 13:00:48,404 [ERROR] LogOutputStream:75 - [STDERR_REDIRECT] [Fatal Error] :1:1: Premature end of file.
2026-04-14 13:00:48,404 [ERROR] LogOutputStream:75 - [STDERR_REDIRECT] 
2026-04-14 13:00:49,405 [ERROR] LogOutputStream:75 - [STDERR_REDIRECT] [Fatal Error] :1:1: Premature end of file.
2026-04-14 13:00:49,406 [ERROR] LogOutputStream:75 - [STDERR_REDIRECT] 
2026-04-14 13:00:50,399 [ERROR] LogOutputStream:75 - [STDERR_REDIRECT] [Fatal Error] :1:1: Premature end of file.
2026-04-14 13:00:50,400 [ERROR] LogOutputStream:75 - [STDERR_REDIRECT] 
2026-04-14 13:00:51,395 [ERROR] LogOutputStream:75 - [STDERR_REDIRECT] [Fatal Error] :1:1: Premature end of file.
2026-04-14 13:00:51,395 [ERROR] LogOutputStream:75 - [STDERR_REDIRECT] 
2026-04-14 13:00:52,388 [ERROR] LogOutputStream:75 - [STDERR_REDIRECT] [Fatal Error] :1:1: Premature end of file.
2026-04-14 13:00:52,389 [ERROR] LogOutputStream:75 - [STDERR_REDIRECT] 
2026-04-14 13:00:53,417 [ERROR] LogOutputStream:75 - [STDERR_REDIRECT] [Fatal Error] :1:1: Premature end of file.
2026-04-14 13:00:53,418 [ERROR] LogOutputStream:75 - [STDERR_REDIRECT] 
2026-04-14 13:00:54,406 [ERROR] LogOutputStream:75 - [STDERR_REDIRECT] [Fatal Error] :1:1: Premature end of file.
2026-04-14 13:00:54,406 [ERROR] LogOutputStream:75 - [STDERR_REDIRECT] 
2026-04-14 13:00:55,419 [ERROR] LogOutputStream:75 - [STDERR_REDIRECT] [Fatal Error] :1:1: Premature end of file.
2026-04-14 13:00:55,420 [ERROR] LogOutputStream:75 - [STDERR_REDIRECT] 
2026-04-14 13:00:56,385 [ERROR] LogOutputStream:75 - [STDERR_REDIRECT] [Fatal Error] :1:1: Premature end of file.
2026-04-14 13:00:56,385 [ERROR] LogOutputStream:75 - [STDERR_REDIRECT] 
2026-04-14 13:00:57,426 [ERROR] LogOutputStream:75 - [STDERR_REDIRECT] [Fatal Error] :1:1: Premature end of file.
2026-04-14 13:00:57,426 [ERROR] LogOutputStream:75 - [STDERR_REDIRECT] 
2026-04-14 13:00:58,413 [ERROR] LogOutputStream:75 - [STDERR_REDIRECT] [Fatal Error] :1:1: Premature end of file.
2026-04-14 13:00:58,414 [ERROR] LogOutputStream:75 - [STDERR_REDIRECT] 
2026-04-14 13:00:59,421 [ERROR] LogOutputStream:75 - [STDERR_REDIRECT] [Fatal Error] :1:1: Premature end of file.
2026-04-14 13:00:59,421 [ERROR] LogOutputStream:75 - [STDERR_REDIRECT] 
2026-04-14 13:01:00,423 [ERROR] LogOutputStream:75 - [STDERR_REDIRECT] [Fatal Error] :1:1: Premature end of file.
2026-04-14 13:01:00,423 [ERROR] LogOutputStream:75 - [STDERR_REDIRECT] 
2026-04-14 13:01:01,417 [ERROR] LogOutputStream:75 - [STDERR_REDIRECT] [Fatal Error] :1:1: Premature end of file.
2026-04-14 13:01:01,417 [ERROR] LogOutputStream:75 - [STDERR_REDIRECT] 
2026-04-14 13:01:02,420 [ERROR] LogOutputStream:75 - [STDERR_REDIRECT] [Fatal Error] :1:1: Premature end of file.
2026-04-14 13:01:02,420 [ERROR] LogOutputStream:75 - [STDERR_REDIRECT] 
2026-04-14 13:01:03,424 [ERROR] LogOutputStream:75 - [STDERR_REDIRECT] [Fatal Error] :1:1: Premature end of file.
2026-04-14 13:01:03,424 [ERROR] LogOutputStream:75 - [STDERR_REDIRECT] 
2026-04-14 13:01:04,417 [ERROR] LogOutputStream:75 - [STDERR_REDIRECT] [Fatal Error] :1:1: Premature end of file.
2026-04-14 13:01:04,418 [ERROR] LogOutputStream:75 - [STDERR_REDIRECT] 
2026-04-14 13:01:05,394 [ERROR] LogOutputStream:75 - [STDERR_REDIRECT] [Fatal Error] :1:1: Premature end of file.
2026-04-14 13:01:05,394 [ERROR] LogOutputStream:75 - [STDERR_REDIRECT] 
2026-04-14 13:01:06,427 [ERROR] LogOutputStream:75 - [STDERR_REDIRECT] [Fatal Error] :1:1: Premature end of file.
2026-04-14 13:01:06,427 [ERROR] LogOutputStream:75 - [STDERR_REDIRECT] 
2026-04-14 13:01:07,421 [ERROR] LogOutputStream:75 - [STDERR_REDIRECT] [Fatal Error] :1:1: Premature end of file.
2026-04-14 13:01:07,421 [ERROR] LogOutputStream:75 - [STDERR_REDIRECT] 
2026-04-14 13:01:08,449 [ERROR] LogOutputStream:75 - [STDERR_REDIRECT] [Fatal Error] :1:1: Premature end of file.
2026-04-14 13:01:08,449 [ERROR] LogOutputStream:75 - [STDERR_REDIRECT] 
2026-04-14 13:01:09,479 [ERROR] LogOutputStream:75 - [STDERR_REDIRECT] [Fatal Error] :1:1: Premature end of file.
2026-04-14 13:01:09,479 [ERROR] LogOutputStream:75 - [STDERR_REDIRECT] 
2026-04-14 13:01:10,445 [ERROR] LogOutputStream:75 - [STDERR_REDIRECT] [Fatal Error] :1:1: Premature end of file.
2026-04-14 13:01:10,445 [ERROR] LogOutputStream:75 - [STDERR_REDIRECT] 
2026-04-14 13:01:11,420 [ERROR] LogOutputStream:75 - [STDERR_REDIRECT] [Fatal Error] :1:1: Premature end of file.
2026-04-14 13:01:11,421 [ERROR] LogOutputStream:75 - [STDERR_REDIRECT] 
2026-04-14 13:01:12,427 [ERROR] LogOutputStream:75 - [STDERR_REDIRECT] [Fatal Error] :1:1: Premature end of file.
2026-04-14 13:01:12,428 [ERROR] LogOutputStream:75 - [STDERR_REDIRECT] 
2026-04-14 13:01:13,419 [ERROR] LogOutputStream:75 - [STDERR_REDIRECT] [Fatal Error] :1:1: Premature end of file.
2026-04-14 13:01:13,422 [ERROR] LogOutputStream:75 - [STDERR_REDIRECT] 
2026-04-14 13:01:14,437 [ERROR] LogOutputStream:75 - [STDERR_REDIRECT] [Fatal Error] :1:1: Premature end of file.
2026-04-14 13:01:14,437 [ERROR] LogOutputStream:75 - [STDERR_REDIRECT] 
2026-04-14 13:01:15,434 [ERROR] LogOutputStream:75 - [STDERR_REDIRECT] [Fatal Error] :1:1: Premature end of file.
2026-04-14 13:01:15,434 [ERROR] LogOutputStream:75 - [STDERR_REDIRECT] 
2026-04-14 13:01:16,418 [ERROR] LogOutputStream:75 - [STDERR_REDIRECT] [Fatal Error] :1:1: Premature end of file.
2026-04-14 13:01:16,419 [ERROR] LogOutputStream:75 - [STDERR_REDIRECT] 
2026-04-14 13:01:17,423 [ERROR] LogOutputStream:75 - [STDERR_REDIRECT] [Fatal Error] :1:1: Premature end of file.
2026-04-14 13:01:17,423 [ERROR] LogOutputStream:75 - [STDERR_REDIRECT] 
2026-04-14 13:01:18,427 [ERROR] LogOutputStream:75 - [STDERR_REDIRECT] [Fatal Error] :1:1: Premature end of file.
2026-04-14 13:01:18,427 [ERROR] LogOutputStream:75 - [STDERR_REDIRECT] 
2026-04-14 13:01:19,431 [ERROR] LogOutputStream:75 - [STDERR_REDIRECT] [Fatal Error] :1:1: Premature end of file.
2026-04-14 13:01:19,433 [ERROR] LogOutputStream:75 - [STDERR_REDIRECT] 
2026-04-14 13:01:20,444 [ERROR] LogOutputStream:75 - [STDERR_REDIRECT] [Fatal Error] :1:1: Premature end of file.
2026-04-14 13:01:20,445 [ERROR] LogOutputStream:75 - [STDERR_REDIRECT] 
2026-04-14 13:01:21,468 [ERROR] LogOutputStream:75 - [STDERR_REDIRECT] [Fatal Error] :1:1: Premature end of file.
2026-04-14 13:01:21,468 [ERROR] LogOutputStream:75 - [STDERR_REDIRECT] 
2026-04-14 13:01:22,541 [ERROR] LogOutputStream:75 - [STDERR_REDIRECT] [Fatal Error] :1:1: Premature end of file.
2026-04-14 13:01:22,541 [ERROR] LogOutputStream:75 - [STDERR_REDIRECT] 
2026-04-14 13:01:23,410 [ERROR] LogOutputStream:75 - [STDERR_REDIRECT] [Fatal Error] :1:1: Premature end of file.
2026-04-14 13:01:23,411 [ERROR] LogOutputStream:75 - [STDERR_REDIRECT] 
2026-04-14 13:01:24,413 [ERROR] LogOutputStream:75 - [STDERR_REDIRECT] [Fatal Error] :1:1: Premature end of file.
2026-04-14 13:01:24,414 [ERROR] LogOutputStream:75 - [STDERR_REDIRECT] 
2026-04-14 13:01:25,406 [ERROR] LogOutputStream:75 - [STDERR_REDIRECT] [Fatal Error] :1:1: Premature end of file.
2026-04-14 13:01:25,406 [ERROR] LogOutputStream:75 - [STDERR_REDIRECT] 
2026-04-14 13:01:26,392 [ERROR] LogOutputStream:75 - [STDERR_REDIRECT] [Fatal Error] :1:1: Premature end of file.
2026-04-14 13:01:26,392 [ERROR] LogOutputStream:75 - [STDERR_REDIRECT] 
2026-04-14 13:01:27,412 [ERROR] LogOutputStream:75 - [STDERR_REDIRECT] [Fatal Error] :1:1: Premature end of file.
2026-04-14 13:01:27,412 [ERROR] LogOutputStream:75 - [STDERR_REDIRECT] 
2026-04-14 13:01:28,418 [ERROR] LogOutputStream:75 - [STDERR_REDIRECT] [Fatal Error] :1:1: Premature end of file.
2026-04-14 13:01:28,418 [ERROR] LogOutputStream:75 - [STDERR_REDIRECT] 
2026-04-14 13:01:29,417 [ERROR] LogOutputStream:75 - [STDERR_REDIRECT] [Fatal Error] :1:1: Premature end of file.
2026-04-14 13:01:29,417 [ERROR] LogOutputStream:75 - [STDERR_REDIRECT] 
2026-04-14 13:01:30,409 [ERROR] LogOutputStream:75 - [STDERR_REDIRECT] [Fatal Error] :1:1: Premature end of file.
2026-04-14 13:01:30,409 [ERROR] LogOutputStream:75 - [STDERR_REDIRECT] 
2026-04-14 13:01:31,422 [ERROR] LogOutputStream:75 - [STDERR_REDIRECT] [Fatal Error] :1:1: Premature end of file.
2026-04-14 13:01:31,422 [ERROR] LogOutputStream:75 - [STDERR_REDIRECT] 
2026-04-14 13:01:32,421 [ERROR] LogOutputStream:75 - [STDERR_REDIRECT] [Fatal Error] :1:1: Premature end of file.
2026-04-14 13:01:32,422 [ERROR] LogOutputStream:75 - [STDERR_REDIRECT] 
2026-04-14 13:01:33,418 [ERROR] LogOutputStream:75 - [STDERR_REDIRECT] [Fatal Error] :1:1: Premature end of file.
2026-04-14 13:01:33,418 [ERROR] LogOutputStream:75 - [STDERR_REDIRECT] 
2026-04-14 13:01:34,419 [ERROR] LogOutputStream:75 - [STDERR_REDIRECT] [Fatal Error] :1:1: Premature end of file.
2026-04-14 13:01:34,420 [ERROR] LogOutputStream:75 - [STDERR_REDIRECT] 
2026-04-14 13:01:35,421 [ERROR] LogOutputStream:75 - [STDERR_REDIRECT] [Fatal Error] :1:1: Premature end of file.
2026-04-14 13:01:35,421 [ERROR] LogOutputStream:75 - [STDERR_REDIRECT] 
2026-04-14 13:01:36,401 [ERROR] LogOutputStream:75 - [STDERR_REDIRECT] [Fatal Error] :1:1: Premature end of file.
2026-04-14 13:01:36,401 [ERROR] LogOutputStream:75 - [STDERR_REDIRECT] 
2026-04-14 13:01:37,419 [ERROR] LogOutputStream:75 - [STDERR_REDIRECT] [Fatal Error] :1:1: Premature end of file.
2026-04-14 13:01:37,420 [ERROR] LogOutputStream:75 - [STDERR_REDIRECT] 
2026-04-14 13:01:38,427 [ERROR] LogOutputStream:75 - [STDERR_REDIRECT] [Fatal Error] :1:1: Premature end of file.
2026-04-14 13:01:38,428 [ERROR] LogOutputStream:75 - [STDERR_REDIRECT] 
2026-04-14 13:01:39,425 [ERROR] LogOutputStream:75 - [STDERR_REDIRECT] [Fatal Error] :1:1: Premature end of file.
2026-04-14 13:01:39,425 [ERROR] LogOutputStream:75 - [STDERR_REDIRECT] 
2026-04-14 13:01:40,419 [ERROR] LogOutputStream:75 - [STDERR_REDIRECT] [Fatal Error] :1:1: Premature end of file.
2026-04-14 13:01:40,419 [ERROR] LogOutputStream:75 - [STDERR_REDIRECT] 
2026-04-14 13:01:41,417 [ERROR] LogOutputStream:75 - [STDERR_REDIRECT] [Fatal Error] :1:1: Premature end of file.
2026-04-14 13:01:41,418 [ERROR] LogOutputStream:75 - [STDERR_REDIRECT] 
2026-04-14 13:01:42,427 [ERROR] LogOutputStream:75 - [STDERR_REDIRECT] [Fatal Error] :1:1: Premature end of file.
2026-04-14 13:01:42,427 [ERROR] LogOutputStream:75 - [STDERR_REDIRECT] 
2026-04-14 13:01:43,424 [ERROR] LogOutputStream:75 - [STDERR_REDIRECT] [Fatal Error] :1:1: Premature end of file.
2026-04-14 13:01:43,425 [ERROR] LogOutputStream:75 - [STDERR_REDIRECT] 
2026-04-14 13:01:44,414 [ERROR] LogOutputStream:75 - [STDERR_REDIRECT] [Fatal Error] :1:1: Premature end of file.
2026-04-14 13:01:44,414 [ERROR] LogOutputStream:75 - [STDERR_REDIRECT] 
2026-04-14 13:01:45,416 [ERROR] LogOutputStream:75 - [STDERR_REDIRECT] [Fatal Error] :1:1: Premature end of file.
2026-04-14 13:01:45,416 [ERROR] LogOutputStream:75 - [STDERR_REDIRECT] 
2026-04-14 13:01:46,400 [ERROR] LogOutputStream:75 - [STDERR_REDIRECT] [Fatal Error] :1:1: Premature end of file.
2026-04-14 13:01:46,400 [ERROR] LogOutputStream:75 - [STDERR_REDIRECT] 
2026-04-14 13:01:47,394 [ERROR] LogOutputStream:75 - [STDERR_REDIRECT] [Fatal Error] :1:1: Premature end of file.
2026-04-14 13:01:47,394 [ERROR] LogOutputStream:75 - [STDERR_REDIRECT] 
2026-04-14 13:01:48,414 [ERROR] LogOutputStream:75 - [STDERR_REDIRECT] [Fatal Error] :1:1: Premature end of file.
2026-04-14 13:01:48,414 [ERROR] LogOutputStream:75 - [STDERR_REDIRECT] 
2026-04-14 13:01:49,402 [ERROR] LogOutputStream:75 - [STDERR_REDIRECT] [Fatal Error] :1:1: Premature end of file.
2026-04-14 13:01:49,402 [ERROR] LogOutputStream:75 - [STDERR_REDIRECT] 
2026-04-14 13:01:50,409 [ERROR] LogOutputStream:75 - [STDERR_REDIRECT] [Fatal Error] :1:1: Premature end of file.
2026-04-14 13:01:50,409 [ERROR] LogOutputStream:75 - [STDERR_REDIRECT] 
2026-04-14 13:01:51,382 [ERROR] LogOutputStream:75 - [STDERR_REDIRECT] [Fatal Error] :1:1: Premature end of file.
2026-04-14 13:01:51,382 [ERROR] LogOutputStream:75 - [STDERR_REDIRECT] 
2026-04-14 13:01:52,415 [ERROR] LogOutputStream:75 - [STDERR_REDIRECT] [Fatal Error] :1:1: Premature end of file.
2026-04-14 13:01:52,416 [ERROR] LogOutputStream:75 - [STDERR_REDIRECT] 
2026-04-14 13:01:53,399 [ERROR] LogOutputStream:75 - [STDERR_REDIRECT] [Fatal Error] :1:1: Premature end of file.
2026-04-14 13:01:53,400 [ERROR] LogOutputStream:75 - [STDERR_REDIRECT] 
2026-04-14 13:01:54,421 [ERROR] LogOutputStream:75 - [STDERR_REDIRECT] [Fatal Error] :1:1: Premature end of file.
2026-04-14 13:01:54,422 [ERROR] LogOutputStream:75 - [STDERR_REDIRECT] 
2026-04-14 13:01:55,427 [ERROR] LogOutputStream:75 - [STDERR_REDIRECT] [Fatal Error] :1:1: Premature end of file.
2026-04-14 13:01:55,428 [ERROR] LogOutputStream:75 - [STDERR_REDIRECT] 
2026-04-14 13:01:56,432 [ERROR] LogOutputStream:75 - [STDERR_REDIRECT] [Fatal Error] :1:1: Premature end of file.
2026-04-14 13:01:56,433 [ERROR] LogOutputStream:75 - [STDERR_REDIRECT] 
2026-04-14 13:01:57,415 [ERROR] LogOutputStream:75 - [STDERR_REDIRECT] [Fatal Error] :1:1: Premature end of file.
2026-04-14 13:01:57,415 [ERROR] LogOutputStream:75 - [STDERR_REDIRECT] 
2026-04-14 13:01:58,408 [ERROR] LogOutputStream:75 - [STDERR_REDIRECT] [Fatal Error] :1:1: Premature end of file.
2026-04-14 13:01:58,408 [ERROR] LogOutputStream:75 - [STDERR_REDIRECT] 
2026-04-14 13:01:59,418 [ERROR] LogOutputStream:75 - [STDERR_REDIRECT] [Fatal Error] :1:1: Premature end of file.
2026-04-14 13:01:59,418 [ERROR] LogOutputStream:75 - [STDERR_REDIRECT] 
2026-04-14 13:02:00,421 [ERROR] LogOutputStream:75 - [STDERR_REDIRECT] [Fatal Error] :1:1: Premature end of file.
2026-04-14 13:02:00,422 [ERROR] LogOutputStream:75 - [STDERR_REDIRECT] 
2026-04-14 13:02:01,418 [ERROR] LogOutputStream:75 - [STDERR_REDIRECT] [Fatal Error] :1:1: Premature end of file.
2026-04-14 13:02:01,420 [ERROR] LogOutputStream:75 - [STDERR_REDIRECT] 
2026-04-14 13:02:02,419 [ERROR] LogOutputStream:75 - [STDERR_REDIRECT] [Fatal Error] :1:1: Premature end of file.
2026-04-14 13:02:02,420 [ERROR] LogOutputStream:75 - [STDERR_REDIRECT] 
2026-04-14 13:02:03,424 [ERROR] LogOutputStream:75 - [STDERR_REDIRECT] [Fatal Error] :1:1: Premature end of file.
2026-04-14 13:02:03,425 [ERROR] LogOutputStream:75 - [STDERR_REDIRECT] 
2026-04-14 13:02:04,427 [ERROR] LogOutputStream:75 - [STDERR_REDIRECT] [Fatal Error] :1:1: Premature end of file.
2026-04-14 13:02:04,428 [ERROR] LogOutputStream:75 - [STDERR_REDIRECT] 
2026-04-14 13:02:05,417 [ERROR] LogOutputStream:75 - [STDERR_REDIRECT] [Fatal Error] :1:1: Premature end of file.
2026-04-14 13:02:05,417 [ERROR] LogOutputStream:75 - [STDERR_REDIRECT] 
2026-04-14 13:02:06,405 [ERROR] LogOutputStream:75 - [STDERR_REDIRECT] [Fatal Error] :1:1: Premature end of file.
2026-04-14 13:02:06,406 [ERROR] LogOutputStream:75 - [STDERR_REDIRECT] 
2026-04-14 13:02:07,419 [ERROR] LogOutputStream:75 - [STDERR_REDIRECT] [Fatal Error] :1:1: Premature end of file.
2026-04-14 13:02:07,420 [ERROR] LogOutputStream:75 - [STDERR_REDIRECT] 
2026-04-14 13:02:08,414 [ERROR] LogOutputStream:75 - [STDERR_REDIRECT] [Fatal Error] :1:1: Premature end of file.
2026-04-14 13:02:08,414 [ERROR] LogOutputStream:75 - [STDERR_REDIRECT] 
2026-04-14 13:02:09,429 [ERROR] LogOutputStream:75 - [STDERR_REDIRECT] [Fatal Error] :1:1: Premature end of file.
2026-04-14 13:02:09,429 [ERROR] LogOutputStream:75 - [STDERR_REDIRECT] 
2026-04-14 13:02:10,421 [ERROR] LogOutputStream:75 - [STDERR_REDIRECT] [Fatal Error] :1:1: Premature end of file.
2026-04-14 13:02:10,421 [ERROR] LogOutputStream:75 - [STDERR_REDIRECT] 
2026-04-14 13:02:11,423 [ERROR] LogOutputStream:75 - [STDERR_REDIRECT] [Fatal Error] :1:1: Premature end of file.
2026-04-14 13:02:11,423 [ERROR] LogOutputStream:75 - [STDERR_REDIRECT] 
2026-04-14 13:02:12,446 [ERROR] LogOutputStream:75 - [STDERR_REDIRECT] [Fatal Error] :1:1: Premature end of file.
2026-04-14 13:02:12,447 [ERROR] LogOutputStream:75 - [STDERR_REDIRECT] 
2026-04-14 13:02:13,419 [ERROR] LogOutputStream:75 - [STDERR_REDIRECT] [Fatal Error] :1:1: Premature end of file.
2026-04-14 13:02:13,419 [ERROR] LogOutputStream:75 - [STDERR_REDIRECT] 
2026-04-14 13:02:14,423 [ERROR] LogOutputStream:75 - [STDERR_REDIRECT] [Fatal Error] :1:1: Premature end of file.
2026-04-14 13:02:14,424 [ERROR] LogOutputStream:75 - [STDERR_REDIRECT] 
2026-04-14 13:02:15,434 [ERROR] LogOutputStream:75 - [STDERR_REDIRECT] [Fatal Error] :1:1: Premature end of file.
2026-04-14 13:02:15,435 [ERROR] LogOutputStream:75 - [STDERR_REDIRECT] 
2026-04-14 13:02:16,410 [ERROR] LogOutputStream:75 - [STDERR_REDIRECT] [Fatal Error] :1:1: Premature end of file.
2026-04-14 13:02:16,411 [ERROR] LogOutputStream:75 - [STDERR_REDIRECT] 
2026-04-14 13:02:17,442 [ERROR] LogOutputStream:75 - [STDERR_REDIRECT] [Fatal Error] :1:1: Premature end of file.
2026-04-14 13:02:17,445 [ERROR] LogOutputStream:75 - [STDERR_REDIRECT] 
2026-04-14 13:02:18,441 [ERROR] LogOutputStream:75 - [STDERR_REDIRECT] [Fatal Error] :1:1: Premature end of file.
2026-04-14 13:02:18,443 [ERROR] LogOutputStream:75 - [STDERR_REDIRECT] 
2026-04-14 13:02:19,423 [ERROR] LogOutputStream:75 - [STDERR_REDIRECT] [Fatal Error] :1:1: Premature end of file.
2026-04-14 13:02:19,423 [ERROR] LogOutputStream:75 - [STDERR_REDIRECT] 
2026-04-14 13:02:20,433 [ERROR] LogOutputStream:75 - [STDERR_REDIRECT] [Fatal Error] :1:1: Premature end of file.
2026-04-14 13:02:20,434 [ERROR] LogOutputStream:75 - [STDERR_REDIRECT] 
2026-04-14 13:02:21,418 [ERROR] LogOutputStream:75 - [STDERR_REDIRECT] [Fatal Error] :1:1: Premature end of file.
2026-04-14 13:02:21,419 [ERROR] LogOutputStream:75 - [STDERR_REDIRECT] 
2026-04-14 13:02:22,408 [ERROR] LogOutputStream:75 - [STDERR_REDIRECT] [Fatal Error] :1:1: Premature end of file.
2026-04-14 13:02:22,408 [ERROR] LogOutputStream:75 - [STDERR_REDIRECT] 
2026-04-14 13:02:23,421 [ERROR] LogOutputStream:75 - [STDERR_REDIRECT] [Fatal Error] :1:1: Premature end of file.
2026-04-14 13:02:23,421 [ERROR] LogOutputStream:75 - [STDERR_REDIRECT] 
2026-04-14 13:02:24,448 [ERROR] LogOutputStream:75 - [STDERR_REDIRECT] [Fatal Error] :1:1: Premature end of file.
2026-04-14 13:02:24,452 [ERROR] LogOutputStream:75 - [STDERR_REDIRECT] 
2026-04-14 13:02:25,406 [ERROR] LogOutputStream:75 - [STDERR_REDIRECT] [Fatal Error] :1:1: Premature end of file.
2026-04-14 13:02:25,406 [ERROR] LogOutputStream:75 - [STDERR_REDIRECT] 
2026-04-14 13:02:26,427 [ERROR] LogOutputStream:75 - [STDERR_REDIRECT] [Fatal Error] :1:1: Premature end of file.
2026-04-14 13:02:26,427 [ERROR] LogOutputStream:75 - [STDERR_REDIRECT] 
2026-04-14 13:02:27,425 [ERROR] LogOutputStream:75 - [STDERR_REDIRECT] [Fatal Error] :1:1: Premature end of file.
2026-04-14 13:02:27,425 [ERROR] LogOutputStream:75 - [STDERR_REDIRECT] 
2026-04-14 13:02:28,415 [ERROR] LogOutputStream:75 - [STDERR_REDIRECT] [Fatal Error] :1:1: Premature end of file.
2026-04-14 13:02:28,416 [ERROR] LogOutputStream:75 - [STDERR_REDIRECT] 
2026-04-14 13:02:29,423 [ERROR] LogOutputStream:75 - [STDERR_REDIRECT] [Fatal Error] :1:1: Premature end of file.
2026-04-14 13:02:29,423 [ERROR] LogOutputStream:75 - [STDERR_REDIRECT] 
2026-04-14 13:02:30,407 [ERROR] LogOutputStream:75 - [STDERR_REDIRECT] [Fatal Error] :1:1: Premature end of file.
2026-04-14 13:02:30,408 [ERROR] LogOutputStream:75 - [STDERR_REDIRECT] 
2026-04-14 13:02:31,425 [ERROR] LogOutputStream:75 - [STDERR_REDIRECT] [Fatal Error] :1:1: Premature end of file.
2026-04-14 13:02:31,425 [ERROR] LogOutputStream:75 - [STDERR_REDIRECT] 
2026-04-14 13:02:32,431 [ERROR] LogOutputStream:75 - [STDERR_REDIRECT] [Fatal Error] :1:1: Premature end of file.
2026-04-14 13:02:32,431 [ERROR] LogOutputStream:75 - [STDERR_REDIRECT] 
2026-04-14 13:02:33,428 [ERROR] LogOutputStream:75 - [STDERR_REDIRECT] [Fatal Error] :1:1: Premature end of file.
2026-04-14 13:02:33,429 [ERROR] LogOutputStream:75 - [STDERR_REDIRECT] 
2026-04-14 13:02:34,420 [ERROR] LogOutputStream:75 - [STDERR_REDIRECT] [Fatal Error] :1:1: Premature end of file.
2026-04-14 13:02:34,421 [ERROR] LogOutputStream:75 - [STDERR_REDIRECT] 
2026-04-14 13:02:35,418 [ERROR] LogOutputStream:75 - [STDERR_REDIRECT] [Fatal Error] :1:1: Premature end of file.
2026-04-14 13:02:35,418 [ERROR] LogOutputStream:75 - [STDERR_REDIRECT] 
2026-04-14 13:02:36,436 [ERROR] LogOutputStream:75 - [STDERR_REDIRECT] [Fatal Error] :1:1: Premature end of file.
2026-04-14 13:02:36,436 [ERROR] LogOutputStream:75 - [STDERR_REDIRECT] 
2026-04-14 13:02:37,446 [ERROR] LogOutputStream:75 - [STDERR_REDIRECT] [Fatal Error] :1:1: Premature end of file.
2026-04-14 13:02:37,446 [ERROR] LogOutputStream:75 - [STDERR_REDIRECT] 
2026-04-14 13:02:38,437 [ERROR] LogOutputStream:75 - [STDERR_REDIRECT] [Fatal Error] :1:1: Premature end of file.
2026-04-14 13:02:38,439 [ERROR] LogOutputStream:75 - [STDERR_REDIRECT] 
2026-04-14 13:02:39,403 [ERROR] LogOutputStream:75 - [STDERR_REDIRECT] [Fatal Error] :1:1: Premature end of file.
2026-04-14 13:02:39,404 [ERROR] LogOutputStream:75 - [STDERR_REDIRECT] 
2026-04-14 13:02:40,416 [ERROR] LogOutputStream:75 - [STDERR_REDIRECT] [Fatal Error] :1:1: Premature end of file.
2026-04-14 13:02:40,417 [ERROR] LogOutputStream:75 - [STDERR_REDIRECT] 
2026-04-14 13:02:41,424 [ERROR] LogOutputStream:75 - [STDERR_REDIRECT] [Fatal Error] :1:1: Premature end of file.
2026-04-14 13:02:41,424 [ERROR] LogOutputStream:75 - [STDERR_REDIRECT] 
2026-04-14 13:02:42,441 [ERROR] LogOutputStream:75 - [STDERR_REDIRECT] [Fatal Error] :1:1: Premature end of file.
2026-04-14 13:02:42,442 [ERROR] LogOutputStream:75 - [STDERR_REDIRECT] 
2026-04-14 13:02:43,447 [ERROR] LogOutputStream:75 - [STDERR_REDIRECT] [Fatal Error] :1:1: Premature end of file.
2026-04-14 13:02:43,448 [ERROR] LogOutputStream:75 - [STDERR_REDIRECT] 
2026-04-14 13:02:44,433 [ERROR] LogOutputStream:75 - [STDERR_REDIRECT] [Fatal Error] :1:1: Premature end of file.
2026-04-14 13:02:44,433 [ERROR] LogOutputStream:75 - [STDERR_REDIRECT] 
2026-04-14 13:02:45,409 [ERROR] LogOutputStream:75 - [STDERR_REDIRECT] [Fatal Error] :1:1: Premature end of file.
2026-04-14 13:02:45,409 [ERROR] LogOutputStream:75 - [STDERR_REDIRECT] 
2026-04-14 13:02:46,450 [ERROR] LogOutputStream:75 - [STDERR_REDIRECT] [Fatal Error] :1:1: Premature end of file.
2026-04-14 13:02:46,451 [ERROR] LogOutputStream:75 - [STDERR_REDIRECT] 
2026-04-14 13:02:47,444 [ERROR] LogOutputStream:75 - [STDERR_REDIRECT] [Fatal Error] :1:1: Premature end of file.
2026-04-14 13:02:47,445 [ERROR] LogOutputStream:75 - [STDERR_REDIRECT] 
2026-04-14 13:02:48,424 [ERROR] LogOutputStream:75 - [STDERR_REDIRECT] [Fatal Error] :1:1: Premature end of file.
2026-04-14 13:02:48,424 [ERROR] LogOutputStream:75 - [STDERR_REDIRECT] 
2026-04-14 13:02:49,459 [ERROR] LogOutputStream:75 - [STDERR_REDIRECT] [Fatal Error] :1:1: Premature end of file.
2026-04-14 13:02:49,460 [ERROR] LogOutputStream:75 - [STDERR_REDIRECT] 
2026-04-14 13:02:50,415 [ERROR] LogOutputStream:75 - [STDERR_REDIRECT] [Fatal Error] :1:1: Premature end of file.
2026-04-14 13:02:50,415 [ERROR] LogOutputStream:75 - [STDERR_REDIRECT] 
2026-04-14 13:02:51,421 [ERROR] LogOutputStream:75 - [STDERR_REDIRECT] [Fatal Error] :1:1: Premature end of file.
2026-04-14 13:02:51,422 [ERROR] LogOutputStream:75 - [STDERR_REDIRECT] 
2026-04-14 13:02:52,431 [ERROR] LogOutputStream:75 - [STDERR_REDIRECT] [Fatal Error] :1:1: Premature end of file.
2026-04-14 13:02:52,431 [ERROR] LogOutputStream:75 - [STDERR_REDIRECT] 
2026-04-14 13:02:53,431 [ERROR] LogOutputStream:75 - [STDERR_REDIRECT] [Fatal Error] :1:1: Premature end of file.
2026-04-14 13:02:53,431 [ERROR] LogOutputStream:75 - [STDERR_REDIRECT] 
2026-04-14 13:02:54,443 [ERROR] LogOutputStream:75 - [STDERR_REDIRECT] [Fatal Error] :1:1: Premature end of file.
2026-04-14 13:02:54,444 [ERROR] LogOutputStream:75 - [STDERR_REDIRECT] 
2026-04-14 13:02:55,420 [ERROR] LogOutputStream:75 - [STDERR_REDIRECT] [Fatal Error] :1:1: Premature end of file.
2026-04-14 13:02:55,421 [ERROR] LogOutputStream:75 - [STDERR_REDIRECT] 
2026-04-14 13:02:56,431 [ERROR] LogOutputStream:75 - [STDERR_REDIRECT] [Fatal Error] :1:1: Premature end of file.
2026-04-14 13:02:56,432 [ERROR] LogOutputStream:75 - [STDERR_REDIRECT] 
2026-04-14 13:02:57,424 [ERROR] LogOutputStream:75 - [STDERR_REDIRECT] [Fatal Error] :1:1: Premature end of file.
2026-04-14 13:02:57,426 [ERROR] LogOutputStream:75 - [STDERR_REDIRECT] 
2026-04-14 13:02:58,444 [ERROR] LogOutputStream:75 - [STDERR_REDIRECT] [Fatal Error] :1:1: Premature end of file.
2026-04-14 13:02:58,444 [ERROR] LogOutputStream:75 - [STDERR_REDIRECT] 
2026-04-14 13:02:59,458 [ERROR] LogOutputStream:75 - [STDERR_REDIRECT] [Fatal Error] :1:1: Premature end of file.
2026-04-14 13:02:59,461 [ERROR] LogOutputStream:75 - [STDERR_REDIRECT] 
2026-04-14 13:03:00,439 [ERROR] LogOutputStream:75 - [STDERR_REDIRECT] [Fatal Error] :1:1: Premature end of file.
2026-04-14 13:03:00,440 [ERROR] LogOutputStream:75 - [STDERR_REDIRECT] 
2026-04-14 13:03:01,433 [ERROR] LogOutputStream:75 - [STDERR_REDIRECT] [Fatal Error] :1:1: Premature end of file.
2026-04-14 13:03:01,434 [ERROR] LogOutputStream:75 - [STDERR_REDIRECT] 
2026-04-14 13:03:02,437 [ERROR] LogOutputStream:75 - [STDERR_REDIRECT] [Fatal Error] :1:1: Premature end of file.
2026-04-14 13:03:02,440 [ERROR] LogOutputStream:75 - [STDERR_REDIRECT] 
2026-04-14 13:03:03,480 [ERROR] LogOutputStream:75 - [STDERR_REDIRECT] [Fatal Error] :1:1: Premature end of file.
2026-04-14 13:03:03,481 [ERROR] LogOutputStream:75 - [STDERR_REDIRECT] 
2026-04-14 13:03:04,440 [ERROR] LogOutputStream:75 - [STDERR_REDIRECT] [Fatal Error] :1:1: Premature end of file.
2026-04-14 13:03:04,441 [ERROR] LogOutputStream:75 - [STDERR_REDIRECT] 
2026-04-14 13:03:05,426 [ERROR] LogOutputStream:75 - [STDERR_REDIRECT] [Fatal Error] :1:1: Premature end of file.
2026-04-14 13:03:05,427 [ERROR] LogOutputStream:75 - [STDERR_REDIRECT] 
2026-04-14 13:03:06,432 [ERROR] LogOutputStream:75 - [STDERR_REDIRECT] [Fatal Error] :1:1: Premature end of file.
2026-04-14 13:03:06,433 [ERROR] LogOutputStream:75 - [STDERR_REDIRECT] 
2026-04-14 13:03:07,423 [ERROR] LogOutputStream:75 - [STDERR_REDIRECT] [Fatal Error] :1:1: Premature end of file.
2026-04-14 13:03:07,423 [ERROR] LogOutputStream:75 - [STDERR_REDIRECT] 
2026-04-14 13:03:08,424 [ERROR] LogOutputStream:75 - [STDERR_REDIRECT] [Fatal Error] :1:1: Premature end of file.
2026-04-14 13:03:08,425 [ERROR] LogOutputStream:75 - [STDERR_REDIRECT] 
2026-04-14 13:03:09,418 [ERROR] LogOutputStream:75 - [STDERR_REDIRECT] [Fatal Error] :1:1: Premature end of file.
2026-04-14 13:03:09,419 [ERROR] LogOutputStream:75 - [STDERR_REDIRECT] 
2026-04-14 13:03:10,410 [ERROR] LogOutputStream:75 - [STDERR_REDIRECT] [Fatal Error] :1:1: Premature end of file.
2026-04-14 13:03:10,411 [ERROR] LogOutputStream:75 - [STDERR_REDIRECT] 
2026-04-14 13:03:11,424 [ERROR] LogOutputStream:75 - [STDERR_REDIRECT] [Fatal Error] :1:1: Premature end of file.
2026-04-14 13:03:11,424 [ERROR] LogOutputStream:75 - [STDERR_REDIRECT] 
2026-04-14 13:03:12,428 [ERROR] LogOutputStream:75 - [STDERR_REDIRECT] [Fatal Error] :1:1: Premature end of file.
2026-04-14 13:03:12,429 [ERROR] LogOutputStream:75 - [STDERR_REDIRECT] 
2026-04-14 13:03:13,408 [ERROR] LogOutputStream:75 - [STDERR_REDIRECT] [Fatal Error] :1:1: Premature end of file.
2026-04-14 13:03:13,408 [ERROR] LogOutputStream:75 - [STDERR_REDIRECT] 
2026-04-14 13:03:14,405 [ERROR] LogOutputStream:75 - [STDERR_REDIRECT] [Fatal Error] :1:1: Premature end of file.
2026-04-14 13:03:14,405 [ERROR] LogOutputStream:75 - [STDERR_REDIRECT] 
2026-04-14 13:03:15,426 [ERROR] LogOutputStream:75 - [STDERR_REDIRECT] [Fatal Error] :1:1: Premature end of file.
2026-04-14 13:03:15,426 [ERROR] LogOutputStream:75 - [STDERR_REDIRECT] 
2026-04-14 13:03:16,409 [ERROR] LogOutputStream:75 - [STDERR_REDIRECT] [Fatal Error] :1:1: Premature end of file.
2026-04-14 13:03:16,409 [ERROR] LogOutputStream:75 - [STDERR_REDIRECT] 
2026-04-14 13:03:17,420 [ERROR] LogOutputStream:75 - [STDERR_REDIRECT] [Fatal Error] :1:1: Premature end of file.
2026-04-14 13:03:17,420 [ERROR] LogOutputStream:75 - [STDERR_REDIRECT] 
2026-04-14 13:03:18,410 [ERROR] LogOutputStream:75 - [STDERR_REDIRECT] [Fatal Error] :1:1: Premature end of file.
2026-04-14 13:03:18,411 [ERROR] LogOutputStream:75 - [STDERR_REDIRECT] 
2026-04-14 13:03:19,398 [ERROR] LogOutputStream:75 - [STDERR_REDIRECT] [Fatal Error] :1:1: Premature end of file.
2026-04-14 13:03:19,398 [ERROR] LogOutputStream:75 - [STDERR_REDIRECT] 
2026-04-14 13:03:20,426 [ERROR] LogOutputStream:75 - [STDERR_REDIRECT] [Fatal Error] :1:1: Premature end of file.
2026-04-14 13:03:20,426 [ERROR] LogOutputStream:75 - [STDERR_REDIRECT] 
2026-04-14 13:03:21,419 [ERROR] LogOutputStream:75 - [STDERR_REDIRECT] [Fatal Error] :1:1: Premature end of file.
2026-04-14 13:03:21,420 [ERROR] LogOutputStream:75 - [STDERR_REDIRECT] 
2026-04-14 13:03:22,410 [ERROR] LogOutputStream:75 - [STDERR_REDIRECT] [Fatal Error] :1:1: Premature end of file.
2026-04-14 13:03:22,410 [ERROR] LogOutputStream:75 - [STDERR_REDIRECT] 
2026-04-14 13:03:23,417 [ERROR] LogOutputStream:75 - [STDERR_REDIRECT] [Fatal Error] :1:1: Premature end of file.
2026-04-14 13:03:23,417 [ERROR] LogOutputStream:75 - [STDERR_REDIRECT] 
2026-04-14 13:03:24,419 [ERROR] LogOutputStream:75 - [STDERR_REDIRECT] [Fatal Error] :1:1: Premature end of file.
2026-04-14 13:03:24,419 [ERROR] LogOutputStream:75 - [STDERR_REDIRECT] 
2026-04-14 13:03:25,420 [ERROR] LogOutputStream:75 - [STDERR_REDIRECT] [Fatal Error] :1:1: Premature end of file.
2026-04-14 13:03:25,421 [ERROR] LogOutputStream:75 - [STDERR_REDIRECT] 
2026-04-14 13:03:26,416 [ERROR] LogOutputStream:75 - [STDERR_REDIRECT] [Fatal Error] :1:1: Premature end of file.
2026-04-14 13:03:26,416 [ERROR] LogOutputStream:75 - [STDERR_REDIRECT] 
2026-04-14 13:03:27,423 [ERROR] LogOutputStream:75 - [STDERR_REDIRECT] [Fatal Error] :1:1: Premature end of file.
2026-04-14 13:03:27,423 [ERROR] LogOutputStream:75 - [STDERR_REDIRECT] 
2026-04-14 13:03:28,423 [ERROR] LogOutputStream:75 - [STDERR_REDIRECT] [Fatal Error] :1:1: Premature end of file.
2026-04-14 13:03:28,426 [ERROR] LogOutputStream:75 - [STDERR_REDIRECT] 
2026-04-14 13:03:29,424 [ERROR] LogOutputStream:75 - [STDERR_REDIRECT] [Fatal Error] :1:1: Premature end of file.
2026-04-14 13:03:29,424 [ERROR] LogOutputStream:75 - [STDERR_REDIRECT] 
2026-04-14 13:03:30,426 [ERROR] LogOutputStream:75 - [STDERR_REDIRECT] [Fatal Error] :1:1: Premature end of file.
2026-04-14 13:03:30,427 [ERROR] LogOutputStream:75 - [STDERR_REDIRECT] 
2026-04-14 13:03:31,430 [ERROR] LogOutputStream:75 - [STDERR_REDIRECT] [Fatal Error] :1:1: Premature end of file.
2026-04-14 13:03:31,430 [ERROR] LogOutputStream:75 - [STDERR_REDIRECT] 
2026-04-14 13:03:32,437 [ERROR] LogOutputStream:75 - [STDERR_REDIRECT] [Fatal Error] :1:1: Premature end of file.
2026-04-14 13:03:32,437 [ERROR] LogOutputStream:75 - [STDERR_REDIRECT] 
2026-04-14 13:03:33,406 [ERROR] LogOutputStream:75 - [STDERR_REDIRECT] [Fatal Error] :1:1: Premature end of file.
2026-04-14 13:03:33,407 [ERROR] LogOutputStream:75 - [STDERR_REDIRECT] 
2026-04-14 13:03:34,414 [ERROR] LogOutputStream:75 - [STDERR_REDIRECT] [Fatal Error] :1:1: Premature end of file.
2026-04-14 13:03:34,415 [ERROR] LogOutputStream:75 - [STDERR_REDIRECT] 
2026-04-14 13:03:35,408 [ERROR] LogOutputStream:75 - [STDERR_REDIRECT] [Fatal Error] :1:1: Premature end of file.
2026-04-14 13:03:35,408 [ERROR] LogOutputStream:75 - [STDERR_REDIRECT] 
2026-04-14 13:03:36,404 [ERROR] LogOutputStream:75 - [STDERR_REDIRECT] [Fatal Error] :1:1: Premature end of file.
2026-04-14 13:03:36,404 [ERROR] LogOutputStream:75 - [STDERR_REDIRECT] 
2026-04-14 13:03:37,416 [ERROR] LogOutputStream:75 - [STDERR_REDIRECT] [Fatal Error] :1:1: Premature end of file.
2026-04-14 13:03:37,416 [ERROR] LogOutputStream:75 - [STDERR_REDIRECT] 
2026-04-14 13:03:38,401 [ERROR] LogOutputStream:75 - [STDERR_REDIRECT] [Fatal Error] :1:1: Premature end of file.
2026-04-14 13:03:38,401 [ERROR] LogOutputStream:75 - [STDERR_REDIRECT] 
2026-04-14 13:03:39,418 [ERROR] LogOutputStream:75 - [STDERR_REDIRECT] [Fatal Error] :1:1: Premature end of file.
2026-04-14 13:03:39,418 [ERROR] LogOutputStream:75 - [STDERR_REDIRECT] 
2026-04-14 13:03:40,415 [ERROR] LogOutputStream:75 - [STDERR_REDIRECT] [Fatal Error] :1:1: Premature end of file.
2026-04-14 13:03:40,416 [ERROR] LogOutputStream:75 - [STDERR_REDIRECT] 
2026-04-14 13:03:41,414 [ERROR] LogOutputStream:75 - [STDERR_REDIRECT] [Fatal Error] :1:1: Premature end of file.
2026-04-14 13:03:41,414 [ERROR] LogOutputStream:75 - [STDERR_REDIRECT] 
2026-04-14 13:03:42,420 [ERROR] LogOutputStream:75 - [STDERR_REDIRECT] [Fatal Error] :1:1: Premature end of file.
2026-04-14 13:03:42,421 [ERROR] LogOutputStream:75 - [STDERR_REDIRECT] 
2026-04-14 13:03:43,421 [ERROR] LogOutputStream:75 - [STDERR_REDIRECT] [Fatal Error] :1:1: Premature end of file.
2026-04-14 13:03:43,422 [ERROR] LogOutputStream:75 - [STDERR_REDIRECT] 
2026-04-14 13:03:44,433 [ERROR] LogOutputStream:75 - [STDERR_REDIRECT] [Fatal Error] :1:1: Premature end of file.
2026-04-14 13:03:44,433 [ERROR] LogOutputStream:75 - [STDERR_REDIRECT] 
2026-04-14 13:03:45,406 [ERROR] LogOutputStream:75 - [STDERR_REDIRECT] [Fatal Error] :1:1: Premature end of file.
2026-04-14 13:03:45,407 [ERROR] LogOutputStream:75 - [STDERR_REDIRECT] 
2026-04-14 13:03:46,411 [ERROR] LogOutputStream:75 - [STDERR_REDIRECT] [Fatal Error] :1:1: Premature end of file.
2026-04-14 13:03:46,413 [ERROR] LogOutputStream:75 - [STDERR_REDIRECT] 
2026-04-14 13:03:47,409 [ERROR] LogOutputStream:75 - [STDERR_REDIRECT] [Fatal Error] :1:1: Premature end of file.
2026-04-14 13:03:47,409 [ERROR] LogOutputStream:75 - [STDERR_REDIRECT] 
2026-04-14 13:03:48,415 [ERROR] LogOutputStream:75 - [STDERR_REDIRECT] [Fatal Error] :1:1: Premature end of file.
2026-04-14 13:03:48,415 [ERROR] LogOutputStream:75 - [STDERR_REDIRECT] 
2026-04-14 13:03:49,424 [ERROR] LogOutputStream:75 - [STDERR_REDIRECT] [Fatal Error] :1:1: Premature end of file.
2026-04-14 13:03:49,424 [ERROR] LogOutputStream:75 - [STDERR_REDIRECT] 
2026-04-14 13:03:50,428 [ERROR] LogOutputStream:75 - [STDERR_REDIRECT] [Fatal Error] :1:1: Premature end of file.
2026-04-14 13:03:50,429 [ERROR] LogOutputStream:75 - [STDERR_REDIRECT] 
2026-04-14 13:03:51,421 [ERROR] LogOutputStream:75 - [STDERR_REDIRECT] [Fatal Error] :1:1: Premature end of file.
2026-04-14 13:03:51,421 [ERROR] LogOutputStream:75 - [STDERR_REDIRECT] 
2026-04-14 13:03:52,423 [ERROR] LogOutputStream:75 - [STDERR_REDIRECT] [Fatal Error] :1:1: Premature end of file.
2026-04-14 13:03:52,423 [ERROR] LogOutputStream:75 - [STDERR_REDIRECT] 
2026-04-14 13:03:53,447 [ERROR] LogOutputStream:75 - [STDERR_REDIRECT] [Fatal Error] :1:1: Premature end of file.
2026-04-14 13:03:53,447 [ERROR] LogOutputStream:75 - [STDERR_REDIRECT] 
2026-04-14 13:03:54,421 [ERROR] LogOutputStream:75 - [STDERR_REDIRECT] [Fatal Error] :1:1: Premature end of file.
2026-04-14 13:03:54,422 [ERROR] LogOutputStream:75 - [STDERR_REDIRECT] 
2026-04-14 13:03:55,421 [ERROR] LogOutputStream:75 - [STDERR_REDIRECT] [Fatal Error] :1:1: Premature end of file.
2026-04-14 13:03:55,423 [ERROR] LogOutputStream:75 - [STDERR_REDIRECT] 
2026-04-14 13:03:56,421 [ERROR] LogOutputStream:75 - [STDERR_REDIRECT] [Fatal Error] :1:1: Premature end of file.
2026-04-14 13:03:56,421 [ERROR] LogOutputStream:75 - [STDERR_REDIRECT] 
2026-04-14 13:03:57,411 [ERROR] LogOutputStream:75 - [STDERR_REDIRECT] [Fatal Error] :1:1: Premature end of file.
2026-04-14 13:03:57,414 [ERROR] LogOutputStream:75 - [STDERR_REDIRECT] 
2026-04-14 13:03:58,420 [ERROR] LogOutputStream:75 - [STDERR_REDIRECT] [Fatal Error] :1:1: Premature end of file.
2026-04-14 13:03:58,420 [ERROR] LogOutputStream:75 - [STDERR_REDIRECT] 
2026-04-14 13:03:59,437 [ERROR] LogOutputStream:75 - [STDERR_REDIRECT] [Fatal Error] :1:1: Premature end of file.
2026-04-14 13:03:59,438 [ERROR] LogOutputStream:75 - [STDERR_REDIRECT] 
2026-04-14 13:04:00,414 [ERROR] LogOutputStream:75 - [STDERR_REDIRECT] [Fatal Error] :1:1: Premature end of file.
2026-04-14 13:04:00,414 [ERROR] LogOutputStream:75 - [STDERR_REDIRECT] 
2026-04-14 13:04:01,417 [ERROR] LogOutputStream:75 - [STDERR_REDIRECT] [Fatal Error] :1:1: Premature end of file.
2026-04-14 13:04:01,418 [ERROR] LogOutputStream:75 - [STDERR_REDIRECT] 
2026-04-14 13:04:02,421 [ERROR] LogOutputStream:75 - [STDERR_REDIRECT] [Fatal Error] :1:1: Premature end of file.
2026-04-14 13:04:02,421 [ERROR] LogOutputStream:75 - [STDERR_REDIRECT] 
2026-04-14 13:04:03,442 [ERROR] LogOutputStream:75 - [STDERR_REDIRECT] [Fatal Error] :1:1: Premature end of file.
2026-04-14 13:04:03,442 [ERROR] LogOutputStream:75 - [STDERR_REDIRECT] 
2026-04-14 13:04:04,433 [ERROR] LogOutputStream:75 - [STDERR_REDIRECT] [Fatal Error] :1:1: Premature end of file.
2026-04-14 13:04:04,433 [ERROR] LogOutputStream:75 - [STDERR_REDIRECT] 
2026-04-14 13:04:05,428 [ERROR] LogOutputStream:75 - [STDERR_REDIRECT] [Fatal Error] :1:1: Premature end of file.
2026-04-14 13:04:05,429 [ERROR] LogOutputStream:75 - [STDERR_REDIRECT] 
2026-04-14 13:04:06,421 [ERROR] LogOutputStream:75 - [STDERR_REDIRECT] [Fatal Error] :1:1: Premature end of file.
2026-04-14 13:04:06,421 [ERROR] LogOutputStream:75 - [STDERR_REDIRECT] 
2026-04-14 13:04:07,423 [ERROR] LogOutputStream:75 - [STDERR_REDIRECT] [Fatal Error] :1:1: Premature end of file.
2026-04-14 13:04:07,424 [ERROR] LogOutputStream:75 - [STDERR_REDIRECT] 
2026-04-14 13:04:08,413 [ERROR] LogOutputStream:75 - [STDERR_REDIRECT] [Fatal Error] :1:1: Premature end of file.
2026-04-14 13:04:08,413 [ERROR] LogOutputStream:75 - [STDERR_REDIRECT] 
2026-04-14 13:04:09,403 [ERROR] LogOutputStream:75 - [STDERR_REDIRECT] [Fatal Error] :1:1: Premature end of file.
2026-04-14 13:04:09,403 [ERROR] LogOutputStream:75 - [STDERR_REDIRECT] 
2026-04-14 13:04:10,386 [ERROR] LogOutputStream:75 - [STDERR_REDIRECT] [Fatal Error] :1:1: Premature end of file.
2026-04-14 13:04:10,387 [ERROR] LogOutputStream:75 - [STDERR_REDIRECT] 
2026-04-14 13:04:11,397 [ERROR] LogOutputStream:75 - [STDERR_REDIRECT] [Fatal Error] :1:1: Premature end of file.
2026-04-14 13:04:11,398 [ERROR] LogOutputStream:75 - [STDERR_REDIRECT] 
2026-04-14 13:04:12,393 [ERROR] LogOutputStream:75 - [STDERR_REDIRECT] [Fatal Error] :1:1: Premature end of file.
2026-04-14 13:04:12,393 [ERROR] LogOutputStream:75 - [STDERR_REDIRECT] 
2026-04-14 13:04:13,403 [ERROR] LogOutputStream:75 - [STDERR_REDIRECT] [Fatal Error] :1:1: Premature end of file.
2026-04-14 13:04:13,403 [ERROR] LogOutputStream:75 - [STDERR_REDIRECT] 
2026-04-14 13:04:14,404 [ERROR] LogOutputStream:75 - [STDERR_REDIRECT] [Fatal Error] :1:1: Premature end of file.
2026-04-14 13:04:14,404 [ERROR] LogOutputStream:75 - [STDERR_REDIRECT] 
2026-04-14 13:04:15,394 [ERROR] LogOutputStream:75 - [STDERR_REDIRECT] [Fatal Error] :1:1: Premature end of file.
2026-04-14 13:04:15,394 [ERROR] LogOutputStream:75 - [STDERR_REDIRECT] 
2026-04-14 13:04:16,398 [ERROR] LogOutputStream:75 - [STDERR_REDIRECT] [Fatal Error] :1:1: Premature end of file.
2026-04-14 13:04:16,398 [ERROR] LogOutputStream:75 - [STDERR_REDIRECT] 
2026-04-14 13:04:17,408 [ERROR] LogOutputStream:75 - [STDERR_REDIRECT] [Fatal Error] :1:1: Premature end of file.
2026-04-14 13:04:17,409 [ERROR] LogOutputStream:75 - [STDERR_REDIRECT] 
2026-04-14 13:04:18,401 [ERROR] LogOutputStream:75 - [STDERR_REDIRECT] [Fatal Error] :1:1: Premature end of file.
2026-04-14 13:04:18,402 [ERROR] LogOutputStream:75 - [STDERR_REDIRECT] 
2026-04-14 13:04:19,413 [ERROR] LogOutputStream:75 - [STDERR_REDIRECT] [Fatal Error] :1:1: Premature end of file.
2026-04-14 13:04:19,413 [ERROR] LogOutputStream:75 - [STDERR_REDIRECT] 
2026-04-14 13:04:20,405 [ERROR] LogOutputStream:75 - [STDERR_REDIRECT] [Fatal Error] :1:1: Premature end of file.
2026-04-14 13:04:20,405 [ERROR] LogOutputStream:75 - [STDERR_REDIRECT] 
2026-04-14 13:04:21,401 [ERROR] LogOutputStream:75 - [STDERR_REDIRECT] [Fatal Error] :1:1: Premature end of file.
2026-04-14 13:04:21,402 [ERROR] LogOutputStream:75 - [STDERR_REDIRECT] 
2026-04-14 13:04:22,389 [ERROR] LogOutputStream:75 - [STDERR_REDIRECT] [Fatal Error] :1:1: Premature end of file.
2026-04-14 13:04:22,390 [ERROR] LogOutputStream:75 - [STDERR_REDIRECT] 
2026-04-14 13:04:23,414 [ERROR] LogOutputStream:75 - [STDERR_REDIRECT] [Fatal Error] :1:1: Premature end of file.
2026-04-14 13:04:23,414 [ERROR] LogOutputStream:75 - [STDERR_REDIRECT] 
2026-04-14 13:04:24,406 [ERROR] LogOutputStream:75 - [STDERR_REDIRECT] [Fatal Error] :1:1: Premature end of file.
2026-04-14 13:04:24,406 [ERROR] LogOutputStream:75 - [STDERR_REDIRECT] 
2026-04-14 13:04:25,406 [ERROR] LogOutputStream:75 - [STDERR_REDIRECT] [Fatal Error] :1:1: Premature end of file.
2026-04-14 13:04:25,406 [ERROR] LogOutputStream:75 - [STDERR_REDIRECT] 
2026-04-14 13:04:26,415 [ERROR] LogOutputStream:75 - [STDERR_REDIRECT] [Fatal Error] :1:1: Premature end of file.
2026-04-14 13:04:26,415 [ERROR] LogOutputStream:75 - [STDERR_REDIRECT] 
2026-04-14 13:04:27,422 [ERROR] LogOutputStream:75 - [STDERR_REDIRECT] [Fatal Error] :1:1: Premature end of file.
2026-04-14 13:04:27,423 [ERROR] LogOutputStream:75 - [STDERR_REDIRECT] 
2026-04-14 13:04:28,408 [ERROR] LogOutputStream:75 - [STDERR_REDIRECT] [Fatal Error] :1:1: Premature end of file.
2026-04-14 13:04:28,408 [ERROR] LogOutputStream:75 - [STDERR_REDIRECT] 
2026-04-14 13:04:29,450 [ERROR] LogOutputStream:75 - [STDERR_REDIRECT] [Fatal Error] :1:1: Premature end of file.
2026-04-14 13:04:29,451 [ERROR] LogOutputStream:75 - [STDERR_REDIRECT] 
2026-04-14 13:04:30,459 [ERROR] LogOutputStream:75 - [STDERR_REDIRECT] [Fatal Error] :1:1: Premature end of file.
2026-04-14 13:04:30,460 [ERROR] LogOutputStream:75 - [STDERR_REDIRECT] 
2026-04-14 13:04:31,435 [ERROR] LogOutputStream:75 - [STDERR_REDIRECT] [Fatal Error] :1:1: Premature end of file.
2026-04-14 13:04:31,436 [ERROR] LogOutputStream:75 - [STDERR_REDIRECT] 
2026-04-14 13:04:32,444 [ERROR] LogOutputStream:75 - [STDERR_REDIRECT] [Fatal Error] :1:1: Premature end of file.
2026-04-14 13:04:32,557 [ERROR] LogOutputStream:75 - [STDERR_REDIRECT] 
2026-04-14 13:04:33,427 [ERROR] LogOutputStream:75 - [STDERR_REDIRECT] [Fatal Error] :1:1: Premature end of file.
2026-04-14 13:04:33,428 [ERROR] LogOutputStream:75 - [STDERR_REDIRECT] 
2026-04-14 13:04:34,435 [ERROR] LogOutputStream:75 - [STDERR_REDIRECT] [Fatal Error] :1:1: Premature end of file.
2026-04-14 13:04:34,436 [ERROR] LogOutputStream:75 - [STDERR_REDIRECT] 
2026-04-14 13:04:35,443 [ERROR] LogOutputStream:75 - [STDERR_REDIRECT] [Fatal Error] :1:1: Premature end of file.
2026-04-14 13:04:35,444 [ERROR] LogOutputStream:75 - [STDERR_REDIRECT] 
2026-04-14 13:04:36,453 [ERROR] LogOutputStream:75 - [STDERR_REDIRECT] [Fatal Error] :1:1: Premature end of file.
2026-04-14 13:04:36,454 [ERROR] LogOutputStream:75 - [STDERR_REDIRECT] 
2026-04-14 13:04:37,452 [ERROR] LogOutputStream:75 - [STDERR_REDIRECT] [Fatal Error] :1:1: Premature end of file.
2026-04-14 13:04:37,453 [ERROR] LogOutputStream:75 - [STDERR_REDIRECT] 
2026-04-14 13:04:38,431 [ERROR] LogOutputStream:75 - [STDERR_REDIRECT] [Fatal Error] :1:1: Premature end of file.
2026-04-14 13:04:38,432 [ERROR] LogOutputStream:75 - [STDERR_REDIRECT] 
2026-04-14 13:04:39,414 [ERROR] LogOutputStream:75 - [STDERR_REDIRECT] [Fatal Error] :1:1: Premature end of file.
2026-04-14 13:04:39,415 [ERROR] LogOutputStream:75 - [STDERR_REDIRECT] 
2026-04-14 13:04:40,452 [ERROR] LogOutputStream:75 - [STDERR_REDIRECT] [Fatal Error] :1:1: Premature end of file.
2026-04-14 13:04:40,453 [ERROR] LogOutputStream:75 - [STDERR_REDIRECT] 
2026-04-14 13:04:41,454 [ERROR] LogOutputStream:75 - [STDERR_REDIRECT] [Fatal Error] :1:1: Premature end of file.
2026-04-14 13:04:41,454 [ERROR] LogOutputStream:75 - [STDERR_REDIRECT] 
2026-04-14 13:04:42,461 [ERROR] LogOutputStream:75 - [STDERR_REDIRECT] [Fatal Error] :1:1: Premature end of file.
2026-04-14 13:04:42,462 [ERROR] LogOutputStream:75 - [STDERR_REDIRECT] 
2026-04-14 13:04:43,446 [ERROR] LogOutputStream:75 - [STDERR_REDIRECT] [Fatal Error] :1:1: Premature end of file.
2026-04-14 13:04:43,447 [ERROR] LogOutputStream:75 - [STDERR_REDIRECT] 
2026-04-14 13:04:44,450 [ERROR] LogOutputStream:75 - [STDERR_REDIRECT] [Fatal Error] :1:1: Premature end of file.
2026-04-14 13:04:44,450 [ERROR] LogOutputStream:75 - [STDERR_REDIRECT] 
2026-04-14 13:04:45,447 [ERROR] LogOutputStream:75 - [STDERR_REDIRECT] [Fatal Error] :1:1: Premature end of file.
2026-04-14 13:04:45,447 [ERROR] LogOutputStream:75 - [STDERR_REDIRECT] 
2026-04-14 13:04:46,420 [ERROR] LogOutputStream:75 - [STDERR_REDIRECT] [Fatal Error] :1:1: Premature end of file.
2026-04-14 13:04:46,421 [ERROR] LogOutputStream:75 - [STDERR_REDIRECT] 
2026-04-14 13:04:47,415 [ERROR] LogOutputStream:75 - [STDERR_REDIRECT] [Fatal Error] :1:1: Premature end of file.
2026-04-14 13:04:47,415 [ERROR] LogOutputStream:75 - [STDERR_REDIRECT] 
2026-04-14 13:04:48,421 [ERROR] LogOutputStream:75 - [STDERR_REDIRECT] [Fatal Error] :1:1: Premature end of file.
2026-04-14 13:04:48,421 [ERROR] LogOutputStream:75 - [STDERR_REDIRECT] 
2026-04-14 13:04:49,412 [ERROR] LogOutputStream:75 - [STDERR_REDIRECT] [Fatal Error] :1:1: Premature end of file.
2026-04-14 13:04:49,412 [ERROR] LogOutputStream:75 - [STDERR_REDIRECT] 
2026-04-14 13:04:50,461 [ERROR] LogOutputStream:75 - [STDERR_REDIRECT] [Fatal Error] :1:1: Premature end of file.
2026-04-14 13:04:50,462 [ERROR] LogOutputStream:75 - [STDERR_REDIRECT] 
2026-04-14 13:04:51,607 [ERROR] LogOutputStream:75 - [STDERR_REDIRECT] [Fatal Error] :1:1: Premature end of file.
2026-04-14 13:04:51,608 [ERROR] LogOutputStream:75 - [STDERR_REDIRECT] 
2026-04-14 13:04:52,525 [ERROR] LogOutputStream:75 - [STDERR_REDIRECT] [Fatal Error] :1:1: Premature end of file.
2026-04-14 13:04:52,527 [ERROR] LogOutputStream:75 - [STDERR_REDIRECT] 
2026-04-14 13:04:53,425 [ERROR] LogOutputStream:75 - [STDERR_REDIRECT] [Fatal Error] :1:1: Premature end of file.
2026-04-14 13:04:53,426 [ERROR] LogOutputStream:75 - [STDERR_REDIRECT] 
2026-04-14 13:04:54,404 [ERROR] LogOutputStream:75 - [STDERR_REDIRECT] [Fatal Error] :1:1: Premature end of file.
2026-04-14 13:04:54,404 [ERROR] LogOutputStream:75 - [STDERR_REDIRECT] 
2026-04-14 13:04:55,482 [ERROR] LogOutputStream:75 - [STDERR_REDIRECT] [Fatal Error] :1:1: Premature end of file.
2026-04-14 13:04:55,482 [ERROR] LogOutputStream:75 - [STDERR_REDIRECT] 
2026-04-14 13:04:56,415 [ERROR] LogOutputStream:75 - [STDERR_REDIRECT] [Fatal Error] :1:1: Premature end of file.
2026-04-14 13:04:56,415 [ERROR] LogOutputStream:75 - [STDERR_REDIRECT] 
2026-04-14 13:04:57,412 [ERROR] LogOutputStream:75 - [STDERR_REDIRECT] [Fatal Error] :1:1: Premature end of file.
2026-04-14 13:04:57,412 [ERROR] LogOutputStream:75 - [STDERR_REDIRECT] 
2026-04-14 13:04:58,426 [ERROR] LogOutputStream:75 - [STDERR_REDIRECT] [Fatal Error] :1:1: Premature end of file.
2026-04-14 13:04:58,426 [ERROR] LogOutputStream:75 - [STDERR_REDIRECT] 
2026-04-14 13:04:59,431 [ERROR] LogOutputStream:75 - [STDERR_REDIRECT] [Fatal Error] :1:1: Premature end of file.
2026-04-14 13:04:59,432 [ERROR] LogOutputStream:75 - [STDERR_REDIRECT] 
2026-04-14 13:05:00,434 [ERROR] LogOutputStream:75 - [STDERR_REDIRECT] [Fatal Error] :1:1: Premature end of file.
2026-04-14 13:05:00,435 [ERROR] LogOutputStream:75 - [STDERR_REDIRECT] 
2026-04-14 13:05:01,417 [ERROR] LogOutputStream:75 - [STDERR_REDIRECT] [Fatal Error] :1:1: Premature end of file.
2026-04-14 13:05:01,417 [ERROR] LogOutputStream:75 - [STDERR_REDIRECT] 
2026-04-14 13:05:02,433 [ERROR] LogOutputStream:75 - [STDERR_REDIRECT] [Fatal Error] :1:1: Premature end of file.
2026-04-14 13:05:02,433 [ERROR] LogOutputStream:75 - [STDERR_REDIRECT] 
2026-04-14 13:05:03,414 [ERROR] LogOutputStream:75 - [STDERR_REDIRECT] [Fatal Error] :1:1: Premature end of file.
2026-04-14 13:05:03,414 [ERROR] LogOutputStream:75 - [STDERR_REDIRECT] 
2026-04-14 13:05:04,422 [ERROR] LogOutputStream:75 - [STDERR_REDIRECT] [Fatal Error] :1:1: Premature end of file.
2026-04-14 13:05:04,423 [ERROR] LogOutputStream:75 - [STDERR_REDIRECT] 
2026-04-14 13:05:05,440 [ERROR] LogOutputStream:75 - [STDERR_REDIRECT] [Fatal Error] :1:1: Premature end of file.
2026-04-14 13:05:05,441 [ERROR] LogOutputStream:75 - [STDERR_REDIRECT] 
2026-04-14 13:05:06,461 [ERROR] LogOutputStream:75 - [STDERR_REDIRECT] [Fatal Error] :1:1: Premature end of file.
2026-04-14 13:05:06,462 [ERROR] LogOutputStream:75 - [STDERR_REDIRECT] 
2026-04-14 13:05:07,449 [ERROR] LogOutputStream:75 - [STDERR_REDIRECT] [Fatal Error] :1:1: Premature end of file.
2026-04-14 13:05:07,450 [ERROR] LogOutputStream:75 - [STDERR_REDIRECT] 
2026-04-14 13:05:08,415 [ERROR] LogOutputStream:75 - [STDERR_REDIRECT] [Fatal Error] :1:1: Premature end of file.
2026-04-14 13:05:08,416 [ERROR] LogOutputStream:75 - [STDERR_REDIRECT] 
2026-04-14 13:05:09,412 [ERROR] LogOutputStream:75 - [STDERR_REDIRECT] [Fatal Error] :1:1: Premature end of file.
2026-04-14 13:05:09,412 [ERROR] LogOutputStream:75 - [STDERR_REDIRECT] 
2026-04-14 13:05:10,459 [ERROR] LogOutputStream:75 - [STDERR_REDIRECT] [Fatal Error] :1:1: Premature end of file.
2026-04-14 13:05:10,459 [ERROR] LogOutputStream:75 - [STDERR_REDIRECT] 
2026-04-14 13:05:11,428 [ERROR] LogOutputStream:75 - [STDERR_REDIRECT] [Fatal Error] :1:1: Premature end of file.
2026-04-14 13:05:11,429 [ERROR] LogOutputStream:75 - [STDERR_REDIRECT] 
2026-04-14 13:05:12,456 [ERROR] LogOutputStream:75 - [STDERR_REDIRECT] [Fatal Error] :1:1: Premature end of file.
2026-04-14 13:05:12,457 [ERROR] LogOutputStream:75 - [STDERR_REDIRECT] 
2026-04-14 13:05:13,415 [ERROR] LogOutputStream:75 - [STDERR_REDIRECT] [Fatal Error] :1:1: Premature end of file.
2026-04-14 13:05:13,415 [ERROR] LogOutputStream:75 - [STDERR_REDIRECT] 
2026-04-14 13:05:14,433 [ERROR] LogOutputStream:75 - [STDERR_REDIRECT] [Fatal Error] :1:1: Premature end of file.
2026-04-14 13:05:14,434 [ERROR] LogOutputStream:75 - [STDERR_REDIRECT] 
2026-04-14 13:05:15,428 [ERROR] LogOutputStream:75 - [STDERR_REDIRECT] [Fatal Error] :1:1: Premature end of file.
2026-04-14 13:05:15,428 [ERROR] LogOutputStream:75 - [STDERR_REDIRECT] 
2026-04-14 13:05:16,444 [ERROR] LogOutputStream:75 - [STDERR_REDIRECT] [Fatal Error] :1:1: Premature end of file.
2026-04-14 13:05:16,445 [ERROR] LogOutputStream:75 - [STDERR_REDIRECT] 
2026-04-14 13:05:17,502 [ERROR] LogOutputStream:75 - [STDERR_REDIRECT] [Fatal Error] :1:1: Premature end of file.
2026-04-14 13:05:17,503 [ERROR] LogOutputStream:75 - [STDERR_REDIRECT] 
2026-04-14 13:05:18,430 [ERROR] LogOutputStream:75 - [STDERR_REDIRECT] [Fatal Error] :1:1: Premature end of file.
2026-04-14 13:05:18,430 [ERROR] LogOutputStream:75 - [STDERR_REDIRECT] 
2026-04-14 13:05:19,428 [ERROR] LogOutputStream:75 - [STDERR_REDIRECT] [Fatal Error] :1:1: Premature end of file.
2026-04-14 13:05:19,429 [ERROR] LogOutputStream:75 - [STDERR_REDIRECT] 
2026-04-14 13:05:20,428 [ERROR] LogOutputStream:75 - [STDERR_REDIRECT] [Fatal Error] :1:1: Premature end of file.
2026-04-14 13:05:20,430 [ERROR] LogOutputStream:75 - [STDERR_REDIRECT] 
2026-04-14 13:05:21,468 [ERROR] LogOutputStream:75 - [STDERR_REDIRECT] [Fatal Error] :1:1: Premature end of file.
2026-04-14 13:05:21,469 [ERROR] LogOutputStream:75 - [STDERR_REDIRECT] 
2026-04-14 13:05:22,399 [ERROR] LogOutputStream:75 - [STDERR_REDIRECT] [Fatal Error] :1:1: Premature end of file.
2026-04-14 13:05:22,399 [ERROR] LogOutputStream:75 - [STDERR_REDIRECT] 
2026-04-14 13:05:23,465 [ERROR] LogOutputStream:75 - [STDERR_REDIRECT] [Fatal Error] :1:1: Premature end of file.
2026-04-14 13:05:23,466 [ERROR] LogOutputStream:75 - [STDERR_REDIRECT] 
2026-04-14 13:05:24,437 [ERROR] LogOutputStream:75 - [STDERR_REDIRECT] [Fatal Error] :1:1: Premature end of file.
2026-04-14 13:05:24,438 [ERROR] LogOutputStream:75 - [STDERR_REDIRECT] 
2026-04-14 13:05:25,430 [ERROR] LogOutputStream:75 - [STDERR_REDIRECT] [Fatal Error] :1:1: Premature end of file.
2026-04-14 13:05:25,431 [ERROR] LogOutputStream:75 - [STDERR_REDIRECT] 
2026-04-14 13:05:26,431 [ERROR] LogOutputStream:75 - [STDERR_REDIRECT] [Fatal Error] :1:1: Premature end of file.
2026-04-14 13:05:26,432 [ERROR] LogOutputStream:75 - [STDERR_REDIRECT] 
2026-04-14 13:05:27,437 [ERROR] LogOutputStream:75 - [STDERR_REDIRECT] [Fatal Error] :1:1: Premature end of file.
2026-04-14 13:05:27,437 [ERROR] LogOutputStream:75 - [STDERR_REDIRECT] 
2026-04-14 13:05:28,427 [ERROR] LogOutputStream:75 - [STDERR_REDIRECT] [Fatal Error] :1:1: Premature end of file.
2026-04-14 13:05:28,428 [ERROR] LogOutputStream:75 - [STDERR_REDIRECT] 
2026-04-14 13:05:29,450 [ERROR] LogOutputStream:75 - [STDERR_REDIRECT] [Fatal Error] :1:1: Premature end of file.
2026-04-14 13:05:29,450 [ERROR] LogOutputStream:75 - [STDERR_REDIRECT] 
2026-04-14 13:05:30,415 [ERROR] LogOutputStream:75 - [STDERR_REDIRECT] [Fatal Error] :1:1: Premature end of file.
2026-04-14 13:05:30,416 [ERROR] LogOutputStream:75 - [STDERR_REDIRECT] 
2026-04-14 13:05:31,413 [ERROR] LogOutputStream:75 - [STDERR_REDIRECT] [Fatal Error] :1:1: Premature end of file.
2026-04-14 13:05:31,413 [ERROR] LogOutputStream:75 - [STDERR_REDIRECT] 
2026-04-14 13:05:32,423 [ERROR] LogOutputStream:75 - [STDERR_REDIRECT] [Fatal Error] :1:1: Premature end of file.
2026-04-14 13:05:32,423 [ERROR] LogOutputStream:75 - [STDERR_REDIRECT] 
2026-04-14 13:05:33,450 [ERROR] LogOutputStream:75 - [STDERR_REDIRECT] [Fatal Error] :1:1: Premature end of file.
2026-04-14 13:05:33,451 [ERROR] LogOutputStream:75 - [STDERR_REDIRECT] 
2026-04-14 13:05:34,448 [ERROR] LogOutputStream:75 - [STDERR_REDIRECT] [Fatal Error] :1:1: Premature end of file.
2026-04-14 13:05:34,448 [ERROR] LogOutputStream:75 - [STDERR_REDIRECT] 
2026-04-14 13:05:35,414 [ERROR] LogOutputStream:75 - [STDERR_REDIRECT] [Fatal Error] :1:1: Premature end of file.
2026-04-14 13:05:35,414 [ERROR] LogOutputStream:75 - [STDERR_REDIRECT] 
2026-04-14 13:05:36,415 [ERROR] LogOutputStream:75 - [STDERR_REDIRECT] [Fatal Error] :1:1: Premature end of file.
2026-04-14 13:05:36,429 [ERROR] LogOutputStream:75 - [STDERR_REDIRECT] 
2026-04-14 13:05:37,429 [ERROR] LogOutputStream:75 - [STDERR_REDIRECT] [Fatal Error] :1:1: Premature end of file.
2026-04-14 13:05:37,430 [ERROR] LogOutputStream:75 - [STDERR_REDIRECT] 
2026-04-14 13:05:38,446 [ERROR] LogOutputStream:75 - [STDERR_REDIRECT] [Fatal Error] :1:1: Premature end of file.
2026-04-14 13:05:38,447 [ERROR] LogOutputStream:75 - [STDERR_REDIRECT] 
2026-04-14 13:05:39,430 [ERROR] LogOutputStream:75 - [STDERR_REDIRECT] [Fatal Error] :1:1: Premature end of file.
2026-04-14 13:05:39,430 [ERROR] LogOutputStream:75 - [STDERR_REDIRECT] 
2026-04-14 13:05:40,441 [ERROR] LogOutputStream:75 - [STDERR_REDIRECT] [Fatal Error] :1:1: Premature end of file.
2026-04-14 13:05:40,441 [ERROR] LogOutputStream:75 - [STDERR_REDIRECT] 
2026-04-14 13:05:41,451 [ERROR] LogOutputStream:75 - [STDERR_REDIRECT] [Fatal Error] :1:1: Premature end of file.
2026-04-14 13:05:41,452 [ERROR] LogOutputStream:75 - [STDERR_REDIRECT] 
2026-04-14 13:05:42,424 [ERROR] LogOutputStream:75 - [STDERR_REDIRECT] [Fatal Error] :1:1: Premature end of file.
2026-04-14 13:05:42,425 [ERROR] LogOutputStream:75 - [STDERR_REDIRECT] 
2026-04-14 13:05:43,415 [ERROR] LogOutputStream:75 - [STDERR_REDIRECT] [Fatal Error] :1:1: Premature end of file.
2026-04-14 13:05:43,416 [ERROR] LogOutputStream:75 - [STDERR_REDIRECT] 
2026-04-14 13:05:44,427 [ERROR] LogOutputStream:75 - [STDERR_REDIRECT] [Fatal Error] :1:1: Premature end of file.
2026-04-14 13:05:44,428 [ERROR] LogOutputStream:75 - [STDERR_REDIRECT] 
2026-04-14 13:05:45,431 [ERROR] LogOutputStream:75 - [STDERR_REDIRECT] [Fatal Error] :1:1: Premature end of file.
2026-04-14 13:05:45,431 [ERROR] LogOutputStream:75 - [STDERR_REDIRECT] 
2026-04-14 13:05:46,411 [ERROR] LogOutputStream:75 - [STDERR_REDIRECT] [Fatal Error] :1:1: Premature end of file.
2026-04-14 13:05:46,411 [ERROR] LogOutputStream:75 - [STDERR_REDIRECT] 
2026-04-14 13:05:47,427 [ERROR] LogOutputStream:75 - [STDERR_REDIRECT] [Fatal Error] :1:1: Premature end of file.
2026-04-14 13:05:47,428 [ERROR] LogOutputStream:75 - [STDERR_REDIRECT] 
2026-04-14 13:05:48,460 [ERROR] LogOutputStream:75 - [STDERR_REDIRECT] [Fatal Error] :1:1: Premature end of file.
2026-04-14 13:05:48,461 [ERROR] LogOutputStream:75 - [STDERR_REDIRECT] 
2026-04-14 13:05:49,416 [ERROR] LogOutputStream:75 - [STDERR_REDIRECT] [Fatal Error] :1:1: Premature end of file.
2026-04-14 13:05:49,417 [ERROR] LogOutputStream:75 - [STDERR_REDIRECT] 
2026-04-14 13:05:50,420 [ERROR] LogOutputStream:75 - [STDERR_REDIRECT] [Fatal Error] :1:1: Premature end of file.
2026-04-14 13:05:50,421 [ERROR] LogOutputStream:75 - [STDERR_REDIRECT] 
2026-04-14 13:05:51,438 [ERROR] LogOutputStream:75 - [STDERR_REDIRECT] [Fatal Error] :1:1: Premature end of file.
2026-04-14 13:05:51,438 [ERROR] LogOutputStream:75 - [STDERR_REDIRECT] 
2026-04-14 13:05:52,432 [ERROR] LogOutputStream:75 - [STDERR_REDIRECT] [Fatal Error] :1:1: Premature end of file.
2026-04-14 13:05:52,432 [ERROR] LogOutputStream:75 - [STDERR_REDIRECT] 
2026-04-14 13:05:53,410 [ERROR] LogOutputStream:75 - [STDERR_REDIRECT] [Fatal Error] :1:1: Premature end of file.
2026-04-14 13:05:53,410 [ERROR] LogOutputStream:75 - [STDERR_REDIRECT] 
2026-04-14 13:05:54,432 [ERROR] LogOutputStream:75 - [STDERR_REDIRECT] [Fatal Error] :1:1: Premature end of file.
2026-04-14 13:05:54,432 [ERROR] LogOutputStream:75 - [STDERR_REDIRECT] 
2026-04-14 13:05:55,417 [ERROR] LogOutputStream:75 - [STDERR_REDIRECT] [Fatal Error] :1:1: Premature end of file.
2026-04-14 13:05:55,417 [ERROR] LogOutputStream:75 - [STDERR_REDIRECT] 
2026-04-14 13:05:56,442 [ERROR] LogOutputStream:75 - [STDERR_REDIRECT] [Fatal Error] :1:1: Premature end of file.
2026-04-14 13:05:56,444 [ERROR] LogOutputStream:75 - [STDERR_REDIRECT] 
2026-04-14 13:05:57,416 [ERROR] LogOutputStream:75 - [STDERR_REDIRECT] [Fatal Error] :1:1: Premature end of file.
2026-04-14 13:05:57,417 [ERROR] LogOutputStream:75 - [STDERR_REDIRECT] 
2026-04-14 13:05:58,429 [ERROR] LogOutputStream:75 - [STDERR_REDIRECT] [Fatal Error] :1:1: Premature end of file.
2026-04-14 13:05:58,430 [ERROR] LogOutputStream:75 - [STDERR_REDIRECT] 
2026-04-14 13:05:59,441 [ERROR] LogOutputStream:75 - [STDERR_REDIRECT] [Fatal Error] :1:1: Premature end of file.
2026-04-14 13:05:59,444 [ERROR] LogOutputStream:75 - [STDERR_REDIRECT] 
2026-04-14 13:06:00,431 [ERROR] LogOutputStream:75 - [STDERR_REDIRECT] [Fatal Error] :1:1: Premature end of file.
2026-04-14 13:06:00,431 [ERROR] LogOutputStream:75 - [STDERR_REDIRECT] 
2026-04-14 13:06:01,414 [ERROR] LogOutputStream:75 - [STDERR_REDIRECT] [Fatal Error] :1:1: Premature end of file.
2026-04-14 13:06:01,414 [ERROR] LogOutputStream:75 - [STDERR_REDIRECT] 
2026-04-14 13:06:02,395 [ERROR] LogOutputStream:75 - [STDERR_REDIRECT] [Fatal Error] :1:1: Premature end of file.
2026-04-14 13:06:02,396 [ERROR] LogOutputStream:75 - [STDERR_REDIRECT] 
2026-04-14 13:06:03,434 [ERROR] LogOutputStream:75 - [STDERR_REDIRECT] [Fatal Error] :1:1: Premature end of file.
2026-04-14 13:06:03,435 [ERROR] LogOutputStream:75 - [STDERR_REDIRECT] 
2026-04-14 13:06:04,422 [ERROR] LogOutputStream:75 - [STDERR_REDIRECT] [Fatal Error] :1:1: Premature end of file.
2026-04-14 13:06:04,424 [ERROR] LogOutputStream:75 - [STDERR_REDIRECT] 
2026-04-14 13:06:05,448 [ERROR] LogOutputStream:75 - [STDERR_REDIRECT] [Fatal Error] :1:1: Premature end of file.
2026-04-14 13:06:05,449 [ERROR] LogOutputStream:75 - [STDERR_REDIRECT] 
2026-04-14 13:06:06,448 [ERROR] LogOutputStream:75 - [STDERR_REDIRECT] [Fatal Error] :1:1: Premature end of file.
2026-04-14 13:06:06,448 [ERROR] LogOutputStream:75 - [STDERR_REDIRECT] 
2026-04-14 13:06:07,439 [ERROR] LogOutputStream:75 - [STDERR_REDIRECT] [Fatal Error] :1:1: Premature end of file.
2026-04-14 13:06:07,439 [ERROR] LogOutputStream:75 - [STDERR_REDIRECT] 
2026-04-14 13:06:08,424 [ERROR] LogOutputStream:75 - [STDERR_REDIRECT] [Fatal Error] :1:1: Premature end of file.
2026-04-14 13:06:08,425 [ERROR] LogOutputStream:75 - [STDERR_REDIRECT] 
2026-04-14 13:06:09,442 [ERROR] LogOutputStream:75 - [STDERR_REDIRECT] [Fatal Error] :1:1: Premature end of file.
2026-04-14 13:06:09,443 [ERROR] LogOutputStream:75 - [STDERR_REDIRECT] 
2026-04-14 13:06:10,444 [ERROR] LogOutputStream:75 - [STDERR_REDIRECT] [Fatal Error] :1:1: Premature end of file.
2026-04-14 13:06:10,444 [ERROR] LogOutputStream:75 - [STDERR_REDIRECT] 
2026-04-14 13:06:11,442 [ERROR] LogOutputStream:75 - [STDERR_REDIRECT] [Fatal Error] :1:1: Premature end of file.
2026-04-14 13:06:11,445 [ERROR] LogOutputStream:75 - [STDERR_REDIRECT] 
2026-04-14 13:06:12,402 [ERROR] LogOutputStream:75 - [STDERR_REDIRECT] [Fatal Error] :1:1: Premature end of file.
2026-04-14 13:06:12,402 [ERROR] LogOutputStream:75 - [STDERR_REDIRECT] 
2026-04-14 13:06:13,437 [ERROR] LogOutputStream:75 - [STDERR_REDIRECT] [Fatal Error] :1:1: Premature end of file.
2026-04-14 13:06:13,437 [ERROR] LogOutputStream:75 - [STDERR_REDIRECT] 
2026-04-14 13:06:14,422 [ERROR] LogOutputStream:75 - [STDERR_REDIRECT] [Fatal Error] :1:1: Premature end of file.
2026-04-14 13:06:14,423 [ERROR] LogOutputStream:75 - [STDERR_REDIRECT] 
2026-04-14 13:06:15,416 [ERROR] LogOutputStream:75 - [STDERR_REDIRECT] [Fatal Error] :1:1: Premature end of file.
2026-04-14 13:06:15,416 [ERROR] LogOutputStream:75 - [STDERR_REDIRECT] 
2026-04-14 13:06:16,423 [ERROR] LogOutputStream:75 - [STDERR_REDIRECT] [Fatal Error] :1:1: Premature end of file.
2026-04-14 13:06:16,423 [ERROR] LogOutputStream:75 - [STDERR_REDIRECT] 
2026-04-14 13:06:17,428 [ERROR] LogOutputStream:75 - [STDERR_REDIRECT] [Fatal Error] :1:1: Premature end of file.
2026-04-14 13:06:17,429 [ERROR] LogOutputStream:75 - [STDERR_REDIRECT] 
2026-04-14 13:06:18,428 [ERROR] LogOutputStream:75 - [STDERR_REDIRECT] [Fatal Error] :1:1: Premature end of file.
2026-04-14 13:06:18,429 [ERROR] LogOutputStream:75 - [STDERR_REDIRECT] 
2026-04-14 13:06:19,417 [ERROR] LogOutputStream:75 - [STDERR_REDIRECT] [Fatal Error] :1:1: Premature end of file.
2026-04-14 13:06:19,418 [ERROR] LogOutputStream:75 - [STDERR_REDIRECT] 
2026-04-14 13:06:20,423 [ERROR] LogOutputStream:75 - [STDERR_REDIRECT] [Fatal Error] :1:1: Premature end of file.
2026-04-14 13:06:20,423 [ERROR] LogOutputStream:75 - [STDERR_REDIRECT] 
2026-04-14 13:06:21,453 [ERROR] LogOutputStream:75 - [STDERR_REDIRECT] [Fatal Error] :1:1: Premature end of file.
2026-04-14 13:06:21,454 [ERROR] LogOutputStream:75 - [STDERR_REDIRECT] 
2026-04-14 13:06:22,434 [ERROR] LogOutputStream:75 - [STDERR_REDIRECT] [Fatal Error] :1:1: Premature end of file.
2026-04-14 13:06:22,435 [ERROR] LogOutputStream:75 - [STDERR_REDIRECT] 
2026-04-14 13:06:23,471 [ERROR] LogOutputStream:75 - [STDERR_REDIRECT] [Fatal Error] :1:1: Premature end of file.
2026-04-14 13:06:23,472 [ERROR] LogOutputStream:75 - [STDERR_REDIRECT] 
2026-04-14 13:06:24,450 [ERROR] LogOutputStream:75 - [STDERR_REDIRECT] [Fatal Error] :1:1: Premature end of file.
2026-04-14 13:06:24,450 [ERROR] LogOutputStream:75 - [STDERR_REDIRECT] 
2026-04-14 13:06:25,456 [ERROR] LogOutputStream:75 - [STDERR_REDIRECT] [Fatal Error] :1:1: Premature end of file.
2026-04-14 13:06:25,457 [ERROR] LogOutputStream:75 - [STDERR_REDIRECT] 
2026-04-14 13:06:26,439 [ERROR] LogOutputStream:75 - [STDERR_REDIRECT] [Fatal Error] :1:1: Premature end of file.
2026-04-14 13:06:26,440 [ERROR] LogOutputStream:75 - [STDERR_REDIRECT] 
2026-04-14 13:06:27,435 [ERROR] LogOutputStream:75 - [STDERR_REDIRECT] [Fatal Error] :1:1: Premature end of file.
2026-04-14 13:06:27,435 [ERROR] LogOutputStream:75 - [STDERR_REDIRECT] 
2026-04-14 13:06:28,446 [ERROR] LogOutputStream:75 - [STDERR_REDIRECT] [Fatal Error] :1:1: Premature end of file.
2026-04-14 13:06:28,447 [ERROR] LogOutputStream:75 - [STDERR_REDIRECT] 
2026-04-14 13:06:29,419 [ERROR] LogOutputStream:75 - [STDERR_REDIRECT] [Fatal Error] :1:1: Premature end of file.
2026-04-14 13:06:29,419 [ERROR] LogOutputStream:75 - [STDERR_REDIRECT] 
2026-04-14 13:06:30,433 [ERROR] LogOutputStream:75 - [STDERR_REDIRECT] [Fatal Error] :1:1: Premature end of file.
2026-04-14 13:06:30,434 [ERROR] LogOutputStream:75 - [STDERR_REDIRECT] 
2026-04-14 13:06:31,428 [ERROR] LogOutputStream:75 - [STDERR_REDIRECT] [Fatal Error] :1:1: Premature end of file.
2026-04-14 13:06:31,429 [ERROR] LogOutputStream:75 - [STDERR_REDIRECT] 
2026-04-14 13:06:32,430 [ERROR] LogOutputStream:75 - [STDERR_REDIRECT] [Fatal Error] :1:1: Premature end of file.
2026-04-14 13:06:32,430 [ERROR] LogOutputStream:75 - [STDERR_REDIRECT] 
2026-04-14 13:06:33,435 [ERROR] LogOutputStream:75 - [STDERR_REDIRECT] [Fatal Error] :1:1: Premature end of file.
2026-04-14 13:06:33,436 [ERROR] LogOutputStream:75 - [STDERR_REDIRECT] 
2026-04-14 13:06:34,433 [ERROR] LogOutputStream:75 - [STDERR_REDIRECT] [Fatal Error] :1:1: Premature end of file.
2026-04-14 13:06:34,434 [ERROR] LogOutputStream:75 - [STDERR_REDIRECT] 
2026-04-14 13:06:35,432 [ERROR] LogOutputStream:75 - [STDERR_REDIRECT] [Fatal Error] :1:1: Premature end of file.
2026-04-14 13:06:35,433 [ERROR] LogOutputStream:75 - [STDERR_REDIRECT] 
2026-04-14 13:06:36,420 [ERROR] LogOutputStream:75 - [STDERR_REDIRECT] [Fatal Error] :1:1: Premature end of file.
2026-04-14 13:06:36,421 [ERROR] LogOutputStream:75 - [STDERR_REDIRECT] 
2026-04-14 13:06:37,420 [ERROR] LogOutputStream:75 - [STDERR_REDIRECT] [Fatal Error] :1:1: Premature end of file.
2026-04-14 13:06:37,420 [ERROR] LogOutputStream:75 - [STDERR_REDIRECT] 
2026-04-14 13:06:38,433 [ERROR] LogOutputStream:75 - [STDERR_REDIRECT] [Fatal Error] :1:1: Premature end of file.
2026-04-14 13:06:38,437 [ERROR] LogOutputStream:75 - [STDERR_REDIRECT] 
2026-04-14 13:06:39,430 [ERROR] LogOutputStream:75 - [STDERR_REDIRECT] [Fatal Error] :1:1: Premature end of file.
2026-04-14 13:06:39,431 [ERROR] LogOutputStream:75 - [STDERR_REDIRECT] 
2026-04-14 13:06:40,430 [ERROR] LogOutputStream:75 - [STDERR_REDIRECT] [Fatal Error] :1:1: Premature end of file.
2026-04-14 13:06:40,430 [ERROR] LogOutputStream:75 - [STDERR_REDIRECT] 
2026-04-14 13:06:41,433 [ERROR] LogOutputStream:75 - [STDERR_REDIRECT] [Fatal Error] :1:1: Premature end of file.
2026-04-14 13:06:41,434 [ERROR] LogOutputStream:75 - [STDERR_REDIRECT] 
2026-04-14 13:06:42,423 [ERROR] LogOutputStream:75 - [STDERR_REDIRECT] [Fatal Error] :1:1: Premature end of file.
2026-04-14 13:06:42,424 [ERROR] LogOutputStream:75 - [STDERR_REDIRECT] 
2026-04-14 13:06:43,418 [ERROR] LogOutputStream:75 - [STDERR_REDIRECT] [Fatal Error] :1:1: Premature end of file.
2026-04-14 13:06:43,419 [ERROR] LogOutputStream:75 - [STDERR_REDIRECT] 
2026-04-14 13:06:44,427 [ERROR] LogOutputStream:75 - [STDERR_REDIRECT] [Fatal Error] :1:1: Premature end of file.
2026-04-14 13:06:44,428 [ERROR] LogOutputStream:75 - [STDERR_REDIRECT] 
2026-04-14 13:06:45,430 [ERROR] LogOutputStream:75 - [STDERR_REDIRECT] [Fatal Error] :1:1: Premature end of file.
2026-04-14 13:06:45,430 [ERROR] LogOutputStream:75 - [STDERR_REDIRECT] 
2026-04-14 13:06:46,430 [ERROR] LogOutputStream:75 - [STDERR_REDIRECT] [Fatal Error] :1:1: Premature end of file.
2026-04-14 13:06:46,432 [ERROR] LogOutputStream:75 - [STDERR_REDIRECT] 
2026-04-14 13:06:47,418 [ERROR] LogOutputStream:75 - [STDERR_REDIRECT] [Fatal Error] :1:1: Premature end of file.
2026-04-14 13:06:47,418 [ERROR] LogOutputStream:75 - [STDERR_REDIRECT] 
2026-04-14 13:06:48,430 [ERROR] LogOutputStream:75 - [STDERR_REDIRECT] [Fatal Error] :1:1: Premature end of file.
2026-04-14 13:06:48,430 [ERROR] LogOutputStream:75 - [STDERR_REDIRECT] 
2026-04-14 13:06:49,488 [ERROR] LogOutputStream:75 - [STDERR_REDIRECT] [Fatal Error] :1:1: Premature end of file.
2026-04-14 13:06:49,498 [ERROR] LogOutputStream:75 - [STDERR_REDIRECT] 
2026-04-14 13:06:50,430 [ERROR] LogOutputStream:75 - [STDERR_REDIRECT] [Fatal Error] :1:1: Premature end of file.
2026-04-14 13:06:50,436 [ERROR] LogOutputStream:75 - [STDERR_REDIRECT] 
2026-04-14 13:06:51,459 [ERROR] LogOutputStream:75 - [STDERR_REDIRECT] [Fatal Error] :1:1: Premature end of file.
2026-04-14 13:06:51,460 [ERROR] LogOutputStream:75 - [STDERR_REDIRECT] 
2026-04-14 13:06:52,436 [ERROR] LogOutputStream:75 - [STDERR_REDIRECT] [Fatal Error] :1:1: Premature end of file.
2026-04-14 13:06:52,437 [ERROR] LogOutputStream:75 - [STDERR_REDIRECT] 
2026-04-14 13:06:53,425 [ERROR] LogOutputStream:75 - [STDERR_REDIRECT] [Fatal Error] :1:1: Premature end of file.
2026-04-14 13:06:53,425 [ERROR] LogOutputStream:75 - [STDERR_REDIRECT] 
2026-04-14 13:06:54,427 [ERROR] LogOutputStream:75 - [STDERR_REDIRECT] [Fatal Error] :1:1: Premature end of file.
2026-04-14 13:06:54,428 [ERROR] LogOutputStream:75 - [STDERR_REDIRECT] 
2026-04-14 13:06:55,430 [ERROR] LogOutputStream:75 - [STDERR_REDIRECT] [Fatal Error] :1:1: Premature end of file.
2026-04-14 13:06:55,432 [ERROR] LogOutputStream:75 - [STDERR_REDIRECT] 
2026-04-14 13:06:56,398 [ERROR] LogOutputStream:75 - [STDERR_REDIRECT] [Fatal Error] :1:1: Premature end of file.
2026-04-14 13:06:56,400 [ERROR] LogOutputStream:75 - [STDERR_REDIRECT] 
2026-04-14 13:06:57,460 [ERROR] LogOutputStream:75 - [STDERR_REDIRECT] [Fatal Error] :1:1: Premature end of file.
2026-04-14 13:06:57,462 [ERROR] LogOutputStream:75 - [STDERR_REDIRECT] 
2026-04-14 13:06:58,424 [ERROR] LogOutputStream:75 - [STDERR_REDIRECT] [Fatal Error] :1:1: Premature end of file.
2026-04-14 13:06:58,425 [ERROR] LogOutputStream:75 - [STDERR_REDIRECT] 
2026-04-14 13:06:59,428 [ERROR] LogOutputStream:75 - [STDERR_REDIRECT] [Fatal Error] :1:1: Premature end of file.
2026-04-14 13:06:59,429 [ERROR] LogOutputStream:75 - [STDERR_REDIRECT] 
2026-04-14 13:07:00,440 [ERROR] LogOutputStream:75 - [STDERR_REDIRECT] [Fatal Error] :1:1: Premature end of file.
2026-04-14 13:07:00,440 [ERROR] LogOutputStream:75 - [STDERR_REDIRECT] 
2026-04-14 13:07:01,437 [ERROR] LogOutputStream:75 - [STDERR_REDIRECT] [Fatal Error] :1:1: Premature end of file.
2026-04-14 13:07:01,438 [ERROR] LogOutputStream:75 - [STDERR_REDIRECT] 
2026-04-14 13:07:02,429 [ERROR] LogOutputStream:75 - [STDERR_REDIRECT] [Fatal Error] :1:1: Premature end of file.
2026-04-14 13:07:02,430 [ERROR] LogOutputStream:75 - [STDERR_REDIRECT] 
2026-04-14 13:07:03,429 [ERROR] LogOutputStream:75 - [STDERR_REDIRECT] [Fatal Error] :1:1: Premature end of file.
2026-04-14 13:07:03,429 [ERROR] LogOutputStream:75 - [STDERR_REDIRECT] 
2026-04-14 13:07:04,433 [ERROR] LogOutputStream:75 - [STDERR_REDIRECT] [Fatal Error] :1:1: Premature end of file.
2026-04-14 13:07:04,434 [ERROR] LogOutputStream:75 - [STDERR_REDIRECT] 
2026-04-14 13:07:05,499 [ERROR] LogOutputStream:75 - [STDERR_REDIRECT] [Fatal Error] :1:1: Premature end of file.
2026-04-14 13:07:05,500 [ERROR] LogOutputStream:75 - [STDERR_REDIRECT] 
2026-04-14 13:07:06,546 [ERROR] LogOutputStream:75 - [STDERR_REDIRECT] [Fatal Error] :1:1: Premature end of file.
2026-04-14 13:07:06,548 [ERROR] LogOutputStream:75 - [STDERR_REDIRECT] 
2026-04-14 13:07:07,501 [ERROR] LogOutputStream:75 - [STDERR_REDIRECT] [Fatal Error] :1:1: Premature end of file.
2026-04-14 13:07:07,507 [ERROR] LogOutputStream:75 - [STDERR_REDIRECT] 
2026-04-14 13:07:08,587 [ERROR] LogOutputStream:75 - [STDERR_REDIRECT] [Fatal Error] :1:1: Premature end of file.
2026-04-14 13:07:08,595 [ERROR] LogOutputStream:75 - [STDERR_REDIRECT] 
2026-04-14 13:07:09,425 [ERROR] LogOutputStream:75 - [STDERR_REDIRECT] [Fatal Error] :1:1: Premature end of file.
2026-04-14 13:07:09,426 [ERROR] LogOutputStream:75 - [STDERR_REDIRECT] 
2026-04-14 13:07:10,429 [ERROR] LogOutputStream:75 - [STDERR_REDIRECT] [Fatal Error] :1:1: Premature end of file.
2026-04-14 13:07:10,431 [ERROR] LogOutputStream:75 - [STDERR_REDIRECT] 
2026-04-14 13:07:11,562 [ERROR] LogOutputStream:75 - [STDERR_REDIRECT] [Fatal Error] :1:1: Premature end of file.
2026-04-14 13:07:11,564 [ERROR] LogOutputStream:75 - [STDERR_REDIRECT] 
2026-04-14 13:07:12,516 [ERROR] LogOutputStream:75 - [STDERR_REDIRECT] [Fatal Error] :1:1: Premature end of file.
2026-04-14 13:07:12,517 [ERROR] LogOutputStream:75 - [STDERR_REDIRECT] 
2026-04-14 13:07:13,440 [ERROR] LogOutputStream:75 - [STDERR_REDIRECT] [Fatal Error] :1:1: Premature end of file.
2026-04-14 13:07:13,440 [ERROR] LogOutputStream:75 - [STDERR_REDIRECT] 
2026-04-14 13:07:14,472 [ERROR] LogOutputStream:75 - [STDERR_REDIRECT] [Fatal Error] :1:1: Premature end of file.
2026-04-14 13:07:14,473 [ERROR] LogOutputStream:75 - [STDERR_REDIRECT] 
2026-04-14 13:07:15,440 [ERROR] LogOutputStream:75 - [STDERR_REDIRECT] [Fatal Error] :1:1: Premature end of file.
2026-04-14 13:07:15,440 [ERROR] LogOutputStream:75 - [STDERR_REDIRECT] 
2026-04-14 13:07:16,464 [ERROR] LogOutputStream:75 - [STDERR_REDIRECT] [Fatal Error] :1:1: Premature end of file.
2026-04-14 13:07:16,465 [ERROR] LogOutputStream:75 - [STDERR_REDIRECT] 
2026-04-14 13:07:17,412 [ERROR] LogOutputStream:75 - [STDERR_REDIRECT] [Fatal Error] :1:1: Premature end of file.
2026-04-14 13:07:17,412 [ERROR] LogOutputStream:75 - [STDERR_REDIRECT] 
2026-04-14 13:07:18,423 [ERROR] LogOutputStream:75 - [STDERR_REDIRECT] [Fatal Error] :1:1: Premature end of file.
2026-04-14 13:07:18,424 [ERROR] LogOutputStream:75 - [STDERR_REDIRECT] 
2026-04-14 13:07:19,501 [ERROR] LogOutputStream:75 - [STDERR_REDIRECT] [Fatal Error] :1:1: Premature end of file.
2026-04-14 13:07:19,503 [ERROR] LogOutputStream:75 - [STDERR_REDIRECT] 
2026-04-14 13:07:20,427 [ERROR] LogOutputStream:75 - [STDERR_REDIRECT] [Fatal Error] :1:1: Premature end of file.
2026-04-14 13:07:20,428 [ERROR] LogOutputStream:75 - [STDERR_REDIRECT] 
2026-04-14 13:07:21,433 [ERROR] LogOutputStream:75 - [STDERR_REDIRECT] [Fatal Error] :1:1: Premature end of file.
2026-04-14 13:07:21,433 [ERROR] LogOutputStream:75 - [STDERR_REDIRECT] 
2026-04-14 13:07:22,431 [ERROR] LogOutputStream:75 - [STDERR_REDIRECT] [Fatal Error] :1:1: Premature end of file.
2026-04-14 13:07:22,432 [ERROR] LogOutputStream:75 - [STDERR_REDIRECT] 
2026-04-14 13:07:23,428 [ERROR] LogOutputStream:75 - [STDERR_REDIRECT] [Fatal Error] :1:1: Premature end of file.
2026-04-14 13:07:23,429 [ERROR] LogOutputStream:75 - [STDERR_REDIRECT] 
2026-04-14 13:07:24,448 [ERROR] LogOutputStream:75 - [STDERR_REDIRECT] [Fatal Error] :1:1: Premature end of file.
2026-04-14 13:07:24,448 [ERROR] LogOutputStream:75 - [STDERR_REDIRECT] 
2026-04-14 13:07:25,451 [ERROR] LogOutputStream:75 - [STDERR_REDIRECT] [Fatal Error] :1:1: Premature end of file.
2026-04-14 13:07:25,452 [ERROR] LogOutputStream:75 - [STDERR_REDIRECT] 
2026-04-14 13:07:26,417 [ERROR] LogOutputStream:75 - [STDERR_REDIRECT] [Fatal Error] :1:1: Premature end of file.
2026-04-14 13:07:26,418 [ERROR] LogOutputStream:75 - [STDERR_REDIRECT] 
2026-04-14 13:07:27,445 [ERROR] LogOutputStream:75 - [STDERR_REDIRECT] [Fatal Error] :1:1: Premature end of file.
2026-04-14 13:07:27,445 [ERROR] LogOutputStream:75 - [STDERR_REDIRECT] 
2026-04-14 13:07:28,551 [ERROR] LogOutputStream:75 - [STDERR_REDIRECT] [Fatal Error] :1:1: Premature end of file.
2026-04-14 13:07:28,551 [ERROR] LogOutputStream:75 - [STDERR_REDIRECT] 
2026-04-14 13:07:29,409 [ERROR] LogOutputStream:75 - [STDERR_REDIRECT] [Fatal Error] :1:1: Premature end of file.
2026-04-14 13:07:29,409 [ERROR] LogOutputStream:75 - [STDERR_REDIRECT] 
2026-04-14 13:07:30,419 [ERROR] LogOutputStream:75 - [STDERR_REDIRECT] [Fatal Error] :1:1: Premature end of file.
2026-04-14 13:07:30,420 [ERROR] LogOutputStream:75 - [STDERR_REDIRECT] 
2026-04-14 13:07:31,421 [ERROR] LogOutputStream:75 - [STDERR_REDIRECT] [Fatal Error] :1:1: Premature end of file.
2026-04-14 13:07:31,422 [ERROR] LogOutputStream:75 - [STDERR_REDIRECT] 
2026-04-14 13:07:32,425 [ERROR] LogOutputStream:75 - [STDERR_REDIRECT] [Fatal Error] :1:1: Premature end of file.
2026-04-14 13:07:32,426 [ERROR] LogOutputStream:75 - [STDERR_REDIRECT] 
2026-04-14 13:07:33,434 [ERROR] LogOutputStream:75 - [STDERR_REDIRECT] [Fatal Error] :1:1: Premature end of file.
2026-04-14 13:07:33,435 [ERROR] LogOutputStream:75 - [STDERR_REDIRECT] 
2026-04-14 13:07:34,404 [ERROR] LogOutputStream:75 - [STDERR_REDIRECT] [Fatal Error] :1:1: Premature end of file.
2026-04-14 13:07:34,404 [ERROR] LogOutputStream:75 - [STDERR_REDIRECT] 
2026-04-14 13:07:35,421 [ERROR] LogOutputStream:75 - [STDERR_REDIRECT] [Fatal Error] :1:1: Premature end of file.
2026-04-14 13:07:35,421 [ERROR] LogOutputStream:75 - [STDERR_REDIRECT] 
2026-04-14 13:07:36,433 [ERROR] LogOutputStream:75 - [STDERR_REDIRECT] [Fatal Error] :1:1: Premature end of file.
2026-04-14 13:07:36,433 [ERROR] LogOutputStream:75 - [STDERR_REDIRECT] 
2026-04-14 13:07:37,422 [ERROR] LogOutputStream:75 - [STDERR_REDIRECT] [Fatal Error] :1:1: Premature end of file.
2026-04-14 13:07:37,422 [ERROR] LogOutputStream:75 - [STDERR_REDIRECT] 
2026-04-14 13:07:38,417 [ERROR] LogOutputStream:75 - [STDERR_REDIRECT] [Fatal Error] :1:1: Premature end of file.
2026-04-14 13:07:38,418 [ERROR] LogOutputStream:75 - [STDERR_REDIRECT] 
2026-04-14 13:07:39,426 [ERROR] LogOutputStream:75 - [STDERR_REDIRECT] [Fatal Error] :1:1: Premature end of file.
2026-04-14 13:07:39,426 [ERROR] LogOutputStream:75 - [STDERR_REDIRECT] 
2026-04-14 13:07:40,421 [ERROR] LogOutputStream:75 - [STDERR_REDIRECT] [Fatal Error] :1:1: Premature end of file.
2026-04-14 13:07:40,422 [ERROR] LogOutputStream:75 - [STDERR_REDIRECT] 
2026-04-14 13:07:41,425 [ERROR] LogOutputStream:75 - [STDERR_REDIRECT] [Fatal Error] :1:1: Premature end of file.
2026-04-14 13:07:41,426 [ERROR] LogOutputStream:75 - [STDERR_REDIRECT] 
2026-04-14 13:07:42,437 [ERROR] LogOutputStream:75 - [STDERR_REDIRECT] [Fatal Error] :1:1: Premature end of file.
2026-04-14 13:07:42,438 [ERROR] LogOutputStream:75 - [STDERR_REDIRECT] 
2026-04-14 13:07:43,420 [ERROR] LogOutputStream:75 - [STDERR_REDIRECT] [Fatal Error] :1:1: Premature end of file.
2026-04-14 13:07:43,420 [ERROR] LogOutputStream:75 - [STDERR_REDIRECT] 
2026-04-14 13:07:44,434 [ERROR] LogOutputStream:75 - [STDERR_REDIRECT] [Fatal Error] :1:1: Premature end of file.
2026-04-14 13:07:44,435 [ERROR] LogOutputStream:75 - [STDERR_REDIRECT] 
2026-04-14 13:07:45,423 [ERROR] LogOutputStream:75 - [STDERR_REDIRECT] [Fatal Error] :1:1: Premature end of file.
2026-04-14 13:07:45,424 [ERROR] LogOutputStream:75 - [STDERR_REDIRECT] 
2026-04-14 13:07:46,418 [ERROR] LogOutputStream:75 - [STDERR_REDIRECT] [Fatal Error] :1:1: Premature end of file.
2026-04-14 13:07:46,419 [ERROR] LogOutputStream:75 - [STDERR_REDIRECT] 
2026-04-14 13:07:47,421 [ERROR] LogOutputStream:75 - [STDERR_REDIRECT] [Fatal Error] :1:1: Premature end of file.
2026-04-14 13:07:47,421 [ERROR] LogOutputStream:75 - [STDERR_REDIRECT] 
2026-04-14 13:07:48,430 [ERROR] LogOutputStream:75 - [STDERR_REDIRECT] [Fatal Error] :1:1: Premature end of file.
2026-04-14 13:07:48,430 [ERROR] LogOutputStream:75 - [STDERR_REDIRECT] 
2026-04-14 13:07:49,432 [ERROR] LogOutputStream:75 - [STDERR_REDIRECT] [Fatal Error] :1:1: Premature end of file.
2026-04-14 13:07:49,433 [ERROR] LogOutputStream:75 - [STDERR_REDIRECT] 
2026-04-14 13:07:50,414 [ERROR] LogOutputStream:75 - [STDERR_REDIRECT] [Fatal Error] :1:1: Premature end of file.
2026-04-14 13:07:50,415 [ERROR] LogOutputStream:75 - [STDERR_REDIRECT] 
2026-04-14 13:07:51,420 [ERROR] LogOutputStream:75 - [STDERR_REDIRECT] [Fatal Error] :1:1: Premature end of file.
2026-04-14 13:07:51,420 [ERROR] LogOutputStream:75 - [STDERR_REDIRECT] 
2026-04-14 13:07:52,447 [ERROR] LogOutputStream:75 - [STDERR_REDIRECT] [Fatal Error] :1:1: Premature end of file.
2026-04-14 13:07:52,448 [ERROR] LogOutputStream:75 - [STDERR_REDIRECT] 
2026-04-14 13:07:53,421 [ERROR] LogOutputStream:75 - [STDERR_REDIRECT] [Fatal Error] :1:1: Premature end of file.
2026-04-14 13:07:53,421 [ERROR] LogOutputStream:75 - [STDERR_REDIRECT] 
2026-04-14 13:07:54,436 [ERROR] LogOutputStream:75 - [STDERR_REDIRECT] [Fatal Error] :1:1: Premature end of file.
2026-04-14 13:07:54,436 [ERROR] LogOutputStream:75 - [STDERR_REDIRECT] 
2026-04-14 13:07:55,446 [ERROR] LogOutputStream:75 - [STDERR_REDIRECT] [Fatal Error] :1:1: Premature end of file.
2026-04-14 13:07:55,448 [ERROR] LogOutputStream:75 - [STDERR_REDIRECT] 
2026-04-14 13:07:56,425 [ERROR] LogOutputStream:75 - [STDERR_REDIRECT] [Fatal Error] :1:1: Premature end of file.
2026-04-14 13:07:56,426 [ERROR] LogOutputStream:75 - [STDERR_REDIRECT] 
2026-04-14 13:07:57,418 [ERROR] LogOutputStream:75 - [STDERR_REDIRECT] [Fatal Error] :1:1: Premature end of file.
2026-04-14 13:07:57,419 [ERROR] LogOutputStream:75 - [STDERR_REDIRECT] 
2026-04-14 13:07:58,420 [ERROR] LogOutputStream:75 - [STDERR_REDIRECT] [Fatal Error] :1:1: Premature end of file.
2026-04-14 13:07:58,420 [ERROR] LogOutputStream:75 - [STDERR_REDIRECT] 
2026-04-14 13:07:59,428 [ERROR] LogOutputStream:75 - [STDERR_REDIRECT] [Fatal Error] :1:1: Premature end of file.
2026-04-14 13:07:59,429 [ERROR] LogOutputStream:75 - [STDERR_REDIRECT] 
2026-04-14 13:08:00,433 [ERROR] LogOutputStream:75 - [STDERR_REDIRECT] [Fatal Error] :1:1: Premature end of file.
2026-04-14 13:08:00,433 [ERROR] LogOutputStream:75 - [STDERR_REDIRECT] 
2026-04-14 13:08:01,427 [ERROR] LogOutputStream:75 - [STDERR_REDIRECT] [Fatal Error] :1:1: Premature end of file.
2026-04-14 13:08:01,428 [ERROR] LogOutputStream:75 - [STDERR_REDIRECT] 
2026-04-14 13:08:02,422 [ERROR] LogOutputStream:75 - [STDERR_REDIRECT] [Fatal Error] :1:1: Premature end of file.
2026-04-14 13:08:02,422 [ERROR] LogOutputStream:75 - [STDERR_REDIRECT] 
2026-04-14 13:08:03,428 [ERROR] LogOutputStream:75 - [STDERR_REDIRECT] [Fatal Error] :1:1: Premature end of file.
2026-04-14 13:08:03,428 [ERROR] LogOutputStream:75 - [STDERR_REDIRECT] 
2026-04-14 13:08:04,410 [ERROR] LogOutputStream:75 - [STDERR_REDIRECT] [Fatal Error] :1:1: Premature end of file.
2026-04-14 13:08:04,410 [ERROR] LogOutputStream:75 - [STDERR_REDIRECT] 
2026-04-14 13:08:05,432 [ERROR] LogOutputStream:75 - [STDERR_REDIRECT] [Fatal Error] :1:1: Premature end of file.
2026-04-14 13:08:05,433 [ERROR] LogOutputStream:75 - [STDERR_REDIRECT] 
2026-04-14 13:08:06,422 [ERROR] LogOutputStream:75 - [STDERR_REDIRECT] [Fatal Error] :1:1: Premature end of file.
2026-04-14 13:08:06,422 [ERROR] LogOutputStream:75 - [STDERR_REDIRECT] 
2026-04-14 13:08:07,415 [ERROR] LogOutputStream:75 - [STDERR_REDIRECT] [Fatal Error] :1:1: Premature end of file.
2026-04-14 13:08:07,416 [ERROR] LogOutputStream:75 - [STDERR_REDIRECT] 
2026-04-14 13:08:08,423 [ERROR] LogOutputStream:75 - [STDERR_REDIRECT] [Fatal Error] :1:1: Premature end of file.
2026-04-14 13:08:08,424 [ERROR] LogOutputStream:75 - [STDERR_REDIRECT] 
2026-04-14 13:08:09,426 [ERROR] LogOutputStream:75 - [STDERR_REDIRECT] [Fatal Error] :1:1: Premature end of file.
2026-04-14 13:08:09,426 [ERROR] LogOutputStream:75 - [STDERR_REDIRECT] 
2026-04-14 13:08:10,414 [ERROR] LogOutputStream:75 - [STDERR_REDIRECT] [Fatal Error] :1:1: Premature end of file.
2026-04-14 13:08:10,414 [ERROR] LogOutputStream:75 - [STDERR_REDIRECT] 
2026-04-14 13:08:11,427 [ERROR] LogOutputStream:75 - [STDERR_REDIRECT] [Fatal Error] :1:1: Premature end of file.
2026-04-14 13:08:11,428 [ERROR] LogOutputStream:75 - [STDERR_REDIRECT] 
2026-04-14 13:08:12,419 [ERROR] LogOutputStream:75 - [STDERR_REDIRECT] [Fatal Error] :1:1: Premature end of file.
2026-04-14 13:08:12,419 [ERROR] LogOutputStream:75 - [STDERR_REDIRECT] 
2026-04-14 13:08:13,420 [ERROR] LogOutputStream:75 - [STDERR_REDIRECT] [Fatal Error] :1:1: Premature end of file.
2026-04-14 13:08:13,421 [ERROR] LogOutputStream:75 - [STDERR_REDIRECT] 
2026-04-14 13:08:14,419 [ERROR] LogOutputStream:75 - [STDERR_REDIRECT] [Fatal Error] :1:1: Premature end of file.
2026-04-14 13:08:14,420 [ERROR] LogOutputStream:75 - [STDERR_REDIRECT] 
2026-04-14 13:08:15,423 [ERROR] LogOutputStream:75 - [STDERR_REDIRECT] [Fatal Error] :1:1: Premature end of file.
2026-04-14 13:08:15,423 [ERROR] LogOutputStream:75 - [STDERR_REDIRECT] 
2026-04-14 13:08:16,417 [ERROR] LogOutputStream:75 - [STDERR_REDIRECT] [Fatal Error] :1:1: Premature end of file.
2026-04-14 13:08:16,417 [ERROR] LogOutputStream:75 - [STDERR_REDIRECT] 
2026-04-14 13:08:17,420 [ERROR] LogOutputStream:75 - [STDERR_REDIRECT] [Fatal Error] :1:1: Premature end of file.
2026-04-14 13:08:17,420 [ERROR] LogOutputStream:75 - [STDERR_REDIRECT] 
2026-04-14 13:08:18,424 [ERROR] LogOutputStream:75 - [STDERR_REDIRECT] [Fatal Error] :1:1: Premature end of file.
2026-04-14 13:08:18,424 [ERROR] LogOutputStream:75 - [STDERR_REDIRECT] 
2026-04-14 13:08:19,423 [ERROR] LogOutputStream:75 - [STDERR_REDIRECT] [Fatal Error] :1:1: Premature end of file.
2026-04-14 13:08:19,424 [ERROR] LogOutputStream:75 - [STDERR_REDIRECT] 
2026-04-14 13:08:20,418 [ERROR] LogOutputStream:75 - [STDERR_REDIRECT] [Fatal Error] :1:1: Premature end of file.
2026-04-14 13:08:20,419 [ERROR] LogOutputStream:75 - [STDERR_REDIRECT] 
2026-04-14 13:08:21,433 [ERROR] LogOutputStream:75 - [STDERR_REDIRECT] [Fatal Error] :1:1: Premature end of file.
2026-04-14 13:08:21,434 [ERROR] LogOutputStream:75 - [STDERR_REDIRECT] 
2026-04-14 13:08:22,423 [ERROR] LogOutputStream:75 - [STDERR_REDIRECT] [Fatal Error] :1:1: Premature end of file.
2026-04-14 13:08:22,424 [ERROR] LogOutputStream:75 - [STDERR_REDIRECT] 
2026-04-14 13:08:23,425 [ERROR] LogOutputStream:75 - [STDERR_REDIRECT] [Fatal Error] :1:1: Premature end of file.
2026-04-14 13:08:23,426 [ERROR] LogOutputStream:75 - [STDERR_REDIRECT] 
2026-04-14 13:08:24,427 [ERROR] LogOutputStream:75 - [STDERR_REDIRECT] [Fatal Error] :1:1: Premature end of file.
2026-04-14 13:08:24,428 [ERROR] LogOutputStream:75 - [STDERR_REDIRECT] 
2026-04-14 13:08:25,417 [ERROR] LogOutputStream:75 - [STDERR_REDIRECT] [Fatal Error] :1:1: Premature end of file.
2026-04-14 13:08:25,418 [ERROR] LogOutputStream:75 - [STDERR_REDIRECT] 
2026-04-14 13:08:26,422 [ERROR] LogOutputStream:75 - [STDERR_REDIRECT] [Fatal Error] :1:1: Premature end of file.
2026-04-14 13:08:26,423 [ERROR] LogOutputStream:75 - [STDERR_REDIRECT] 
2026-04-14 13:08:27,418 [ERROR] LogOutputStream:75 - [STDERR_REDIRECT] [Fatal Error] :1:1: Premature end of file.
2026-04-14 13:08:27,418 [ERROR] LogOutputStream:75 - [STDERR_REDIRECT] 
2026-04-14 13:08:28,423 [ERROR] LogOutputStream:75 - [STDERR_REDIRECT] [Fatal Error] :1:1: Premature end of file.
2026-04-14 13:08:28,424 [ERROR] LogOutputStream:75 - [STDERR_REDIRECT] 
2026-04-14 13:08:29,432 [ERROR] LogOutputStream:75 - [STDERR_REDIRECT] [Fatal Error] :1:1: Premature end of file.
2026-04-14 13:08:29,432 [ERROR] LogOutputStream:75 - [STDERR_REDIRECT] 
2026-04-14 13:08:30,426 [ERROR] LogOutputStream:75 - [STDERR_REDIRECT] [Fatal Error] :1:1: Premature end of file.
2026-04-14 13:08:30,427 [ERROR] LogOutputStream:75 - [STDERR_REDIRECT] 
2026-04-14 13:08:31,423 [ERROR] LogOutputStream:75 - [STDERR_REDIRECT] [Fatal Error] :1:1: Premature end of file.
2026-04-14 13:08:31,424 [ERROR] LogOutputStream:75 - [STDERR_REDIRECT] 
2026-04-14 13:08:32,480 [ERROR] LogOutputStream:75 - [STDERR_REDIRECT] [Fatal Error] :1:1: Premature end of file.
2026-04-14 13:08:32,481 [ERROR] LogOutputStream:75 - [STDERR_REDIRECT] 
2026-04-14 13:08:33,425 [ERROR] LogOutputStream:75 - [STDERR_REDIRECT] [Fatal Error] :1:1: Premature end of file.
2026-04-14 13:08:33,426 [ERROR] LogOutputStream:75 - [STDERR_REDIRECT] 
2026-04-14 13:08:34,424 [ERROR] LogOutputStream:75 - [STDERR_REDIRECT] [Fatal Error] :1:1: Premature end of file.
2026-04-14 13:08:34,425 [ERROR] LogOutputStream:75 - [STDERR_REDIRECT] 
2026-04-14 13:08:35,429 [ERROR] LogOutputStream:75 - [STDERR_REDIRECT] [Fatal Error] :1:1: Premature end of file.
2026-04-14 13:08:35,429 [ERROR] LogOutputStream:75 - [STDERR_REDIRECT] 
2026-04-14 13:08:36,427 [ERROR] LogOutputStream:75 - [STDERR_REDIRECT] [Fatal Error] :1:1: Premature end of file.
2026-04-14 13:08:36,428 [ERROR] LogOutputStream:75 - [STDERR_REDIRECT] 
2026-04-14 13:08:37,420 [ERROR] LogOutputStream:75 - [STDERR_REDIRECT] [Fatal Error] :1:1: Premature end of file.
2026-04-14 13:08:37,420 [ERROR] LogOutputStream:75 - [STDERR_REDIRECT] 
2026-04-14 13:08:38,421 [ERROR] LogOutputStream:75 - [STDERR_REDIRECT] [Fatal Error] :1:1: Premature end of file.
2026-04-14 13:08:38,422 [ERROR] LogOutputStream:75 - [STDERR_REDIRECT] 
2026-04-14 13:08:39,421 [ERROR] LogOutputStream:75 - [STDERR_REDIRECT] [Fatal Error] :1:1: Premature end of file.
2026-04-14 13:08:39,422 [ERROR] LogOutputStream:75 - [STDERR_REDIRECT] 
2026-04-14 13:08:40,426 [ERROR] LogOutputStream:75 - [STDERR_REDIRECT] [Fatal Error] :1:1: Premature end of file.
2026-04-14 13:08:40,427 [ERROR] LogOutputStream:75 - [STDERR_REDIRECT] 
2026-04-14 13:08:41,413 [ERROR] LogOutputStream:75 - [STDERR_REDIRECT] [Fatal Error] :1:1: Premature end of file.
2026-04-14 13:08:41,414 [ERROR] LogOutputStream:75 - [STDERR_REDIRECT] 
2026-04-14 13:08:42,421 [ERROR] LogOutputStream:75 - [STDERR_REDIRECT] [Fatal Error] :1:1: Premature end of file.
2026-04-14 13:08:42,422 [ERROR] LogOutputStream:75 - [STDERR_REDIRECT] 
2026-04-14 13:08:43,422 [ERROR] LogOutputStream:75 - [STDERR_REDIRECT] [Fatal Error] :1:1: Premature end of file.
2026-04-14 13:08:43,423 [ERROR] LogOutputStream:75 - [STDERR_REDIRECT] 
2026-04-14 13:08:44,408 [ERROR] LogOutputStream:75 - [STDERR_REDIRECT] [Fatal Error] :1:1: Premature end of file.
2026-04-14 13:08:44,409 [ERROR] LogOutputStream:75 - [STDERR_REDIRECT] 
2026-04-14 13:08:45,393 [ERROR] LogOutputStream:75 - [STDERR_REDIRECT] [Fatal Error] :1:1: Premature end of file.
2026-04-14 13:08:45,394 [ERROR] LogOutputStream:75 - [STDERR_REDIRECT] 
2026-04-14 13:08:46,430 [ERROR] LogOutputStream:75 - [STDERR_REDIRECT] [Fatal Error] :1:1: Premature end of file.
2026-04-14 13:08:46,430 [ERROR] LogOutputStream:75 - [STDERR_REDIRECT] 
2026-04-14 13:08:47,422 [ERROR] LogOutputStream:75 - [STDERR_REDIRECT] [Fatal Error] :1:1: Premature end of file.
2026-04-14 13:08:47,424 [ERROR] LogOutputStream:75 - [STDERR_REDIRECT] 
2026-04-14 13:08:48,422 [ERROR] LogOutputStream:75 - [STDERR_REDIRECT] [Fatal Error] :1:1: Premature end of file.
2026-04-14 13:08:48,422 [ERROR] LogOutputStream:75 - [STDERR_REDIRECT] 
2026-04-14 13:08:49,411 [ERROR] LogOutputStream:75 - [STDERR_REDIRECT] [Fatal Error] :1:1: Premature end of file.
2026-04-14 13:08:49,411 [ERROR] LogOutputStream:75 - [STDERR_REDIRECT] 
2026-04-14 13:08:50,417 [ERROR] LogOutputStream:75 - [STDERR_REDIRECT] [Fatal Error] :1:1: Premature end of file.
2026-04-14 13:08:50,417 [ERROR] LogOutputStream:75 - [STDERR_REDIRECT] 
2026-04-14 13:08:51,429 [ERROR] LogOutputStream:75 - [STDERR_REDIRECT] [Fatal Error] :1:1: Premature end of file.
2026-04-14 13:08:51,430 [ERROR] LogOutputStream:75 - [STDERR_REDIRECT] 
2026-04-14 13:08:52,447 [ERROR] LogOutputStream:75 - [STDERR_REDIRECT] [Fatal Error] :1:1: Premature end of file.
2026-04-14 13:08:52,447 [ERROR] LogOutputStream:75 - [STDERR_REDIRECT] 
2026-04-14 13:08:53,432 [ERROR] LogOutputStream:75 - [STDERR_REDIRECT] [Fatal Error] :1:1: Premature end of file.
2026-04-14 13:08:53,433 [ERROR] LogOutputStream:75 - [STDERR_REDIRECT] 
2026-04-14 13:08:54,433 [ERROR] LogOutputStream:75 - [STDERR_REDIRECT] [Fatal Error] :1:1: Premature end of file.
2026-04-14 13:08:54,433 [ERROR] LogOutputStream:75 - [STDERR_REDIRECT] 
2026-04-14 13:08:55,423 [ERROR] LogOutputStream:75 - [STDERR_REDIRECT] [Fatal Error] :1:1: Premature end of file.
2026-04-14 13:08:55,424 [ERROR] LogOutputStream:75 - [STDERR_REDIRECT] 
2026-04-14 13:08:56,420 [ERROR] LogOutputStream:75 - [STDERR_REDIRECT] [Fatal Error] :1:1: Premature end of file.
2026-04-14 13:08:56,421 [ERROR] LogOutputStream:75 - [STDERR_REDIRECT] 
2026-04-14 13:08:57,425 [ERROR] LogOutputStream:75 - [STDERR_REDIRECT] [Fatal Error] :1:1: Premature end of file.
2026-04-14 13:08:57,425 [ERROR] LogOutputStream:75 - [STDERR_REDIRECT] 
2026-04-14 13:08:58,424 [ERROR] LogOutputStream:75 - [STDERR_REDIRECT] [Fatal Error] :1:1: Premature end of file.
2026-04-14 13:08:58,424 [ERROR] LogOutputStream:75 - [STDERR_REDIRECT] 
2026-04-14 13:08:59,430 [ERROR] LogOutputStream:75 - [STDERR_REDIRECT] [Fatal Error] :1:1: Premature end of file.
2026-04-14 13:08:59,431 [ERROR] LogOutputStream:75 - [STDERR_REDIRECT] 
2026-04-14 13:09:00,421 [ERROR] LogOutputStream:75 - [STDERR_REDIRECT] [Fatal Error] :1:1: Premature end of file.
2026-04-14 13:09:00,422 [ERROR] LogOutputStream:75 - [STDERR_REDIRECT] 
2026-04-14 13:09:01,428 [ERROR] LogOutputStream:75 - [STDERR_REDIRECT] [Fatal Error] :1:1: Premature end of file.
2026-04-14 13:09:01,429 [ERROR] LogOutputStream:75 - [STDERR_REDIRECT] 
2026-04-14 13:09:02,417 [ERROR] LogOutputStream:75 - [STDERR_REDIRECT] [Fatal Error] :1:1: Premature end of file.
2026-04-14 13:09:02,418 [ERROR] LogOutputStream:75 - [STDERR_REDIRECT] 
2026-04-14 13:09:03,419 [ERROR] LogOutputStream:75 - [STDERR_REDIRECT] [Fatal Error] :1:1: Premature end of file.
2026-04-14 13:09:03,419 [ERROR] LogOutputStream:75 - [STDERR_REDIRECT] 
2026-04-14 13:09:04,419 [ERROR] LogOutputStream:75 - [STDERR_REDIRECT] [Fatal Error] :1:1: Premature end of file.
2026-04-14 13:09:04,419 [ERROR] LogOutputStream:75 - [STDERR_REDIRECT] 
2026-04-14 13:09:05,425 [ERROR] LogOutputStream:75 - [STDERR_REDIRECT] [Fatal Error] :1:1: Premature end of file.
2026-04-14 13:09:05,426 [ERROR] LogOutputStream:75 - [STDERR_REDIRECT] 
2026-04-14 13:09:06,390 [ERROR] LogOutputStream:75 - [STDERR_REDIRECT] [Fatal Error] :1:1: Premature end of file.
2026-04-14 13:09:06,392 [ERROR] LogOutputStream:75 - [STDERR_REDIRECT] 
2026-04-14 13:09:07,421 [ERROR] LogOutputStream:75 - [STDERR_REDIRECT] [Fatal Error] :1:1: Premature end of file.
2026-04-14 13:09:07,421 [ERROR] LogOutputStream:75 - [STDERR_REDIRECT] 
2026-04-14 13:09:08,441 [ERROR] LogOutputStream:75 - [STDERR_REDIRECT] [Fatal Error] :1:1: Premature end of file.
2026-04-14 13:09:08,441 [ERROR] LogOutputStream:75 - [STDERR_REDIRECT] 
2026-04-14 13:09:09,433 [ERROR] LogOutputStream:75 - [STDERR_REDIRECT] [Fatal Error] :1:1: Premature end of file.
2026-04-14 13:09:09,434 [ERROR] LogOutputStream:75 - [STDERR_REDIRECT] 
2026-04-14 13:09:10,438 [ERROR] LogOutputStream:75 - [STDERR_REDIRECT] [Fatal Error] :1:1: Premature end of file.
2026-04-14 13:09:10,440 [ERROR] LogOutputStream:75 - [STDERR_REDIRECT] 
2026-04-14 13:09:11,411 [ERROR] LogOutputStream:75 - [STDERR_REDIRECT] [Fatal Error] :1:1: Premature end of file.
2026-04-14 13:09:11,412 [ERROR] LogOutputStream:75 - [STDERR_REDIRECT] 
2026-04-14 13:09:12,419 [ERROR] LogOutputStream:75 - [STDERR_REDIRECT] [Fatal Error] :1:1: Premature end of file.
2026-04-14 13:09:12,420 [ERROR] LogOutputStream:75 - [STDERR_REDIRECT] 
2026-04-14 13:09:13,423 [ERROR] LogOutputStream:75 - [STDERR_REDIRECT] [Fatal Error] :1:1: Premature end of file.
2026-04-14 13:09:13,424 [ERROR] LogOutputStream:75 - [STDERR_REDIRECT] 
2026-04-14 13:09:14,427 [ERROR] LogOutputStream:75 - [STDERR_REDIRECT] [Fatal Error] :1:1: Premature end of file.
2026-04-14 13:09:14,428 [ERROR] LogOutputStream:75 - [STDERR_REDIRECT] 
2026-04-14 13:09:15,426 [ERROR] LogOutputStream:75 - [STDERR_REDIRECT] [Fatal Error] :1:1: Premature end of file.
2026-04-14 13:09:15,427 [ERROR] LogOutputStream:75 - [STDERR_REDIRECT] 
2026-04-14 13:09:16,429 [ERROR] LogOutputStream:75 - [STDERR_REDIRECT] [Fatal Error] :1:1: Premature end of file.
2026-04-14 13:09:16,430 [ERROR] LogOutputStream:75 - [STDERR_REDIRECT] 
2026-04-14 13:09:17,435 [ERROR] LogOutputStream:75 - [STDERR_REDIRECT] [Fatal Error] :1:1: Premature end of file.
2026-04-14 13:09:17,436 [ERROR] LogOutputStream:75 - [STDERR_REDIRECT] 
2026-04-14 13:09:18,457 [ERROR] LogOutputStream:75 - [STDERR_REDIRECT] [Fatal Error] :1:1: Premature end of file.
2026-04-14 13:09:18,457 [ERROR] LogOutputStream:75 - [STDERR_REDIRECT] 
2026-04-14 13:09:19,431 [ERROR] LogOutputStream:75 - [STDERR_REDIRECT] [Fatal Error] :1:1: Premature end of file.
2026-04-14 13:09:19,433 [ERROR] LogOutputStream:75 - [STDERR_REDIRECT] 
2026-04-14 13:09:20,438 [ERROR] LogOutputStream:75 - [STDERR_REDIRECT] [Fatal Error] :1:1: Premature end of file.
2026-04-14 13:09:20,439 [ERROR] LogOutputStream:75 - [STDERR_REDIRECT] 
2026-04-14 13:09:21,450 [ERROR] LogOutputStream:75 - [STDERR_REDIRECT] [Fatal Error] :1:1: Premature end of file.
2026-04-14 13:09:21,450 [ERROR] LogOutputStream:75 - [STDERR_REDIRECT] 
2026-04-14 13:09:22,419 [ERROR] LogOutputStream:75 - [STDERR_REDIRECT] [Fatal Error] :1:1: Premature end of file.
2026-04-14 13:09:22,419 [ERROR] LogOutputStream:75 - [STDERR_REDIRECT] 
2026-04-14 13:09:23,425 [ERROR] LogOutputStream:75 - [STDERR_REDIRECT] [Fatal Error] :1:1: Premature end of file.
2026-04-14 13:09:23,426 [ERROR] LogOutputStream:75 - [STDERR_REDIRECT] 
2026-04-14 13:09:24,447 [ERROR] LogOutputStream:75 - [STDERR_REDIRECT] [Fatal Error] :1:1: Premature end of file.
2026-04-14 13:09:24,448 [ERROR] LogOutputStream:75 - [STDERR_REDIRECT] 
2026-04-14 13:09:25,402 [ERROR] LogOutputStream:75 - [STDERR_REDIRECT] [Fatal Error] :1:1: Premature end of file.
2026-04-14 13:09:25,402 [ERROR] LogOutputStream:75 - [STDERR_REDIRECT] 
2026-04-14 13:09:26,416 [ERROR] LogOutputStream:75 - [STDERR_REDIRECT] [Fatal Error] :1:1: Premature end of file.
2026-04-14 13:09:26,416 [ERROR] LogOutputStream:75 - [STDERR_REDIRECT] 
2026-04-14 13:09:27,433 [ERROR] LogOutputStream:75 - [STDERR_REDIRECT] [Fatal Error] :1:1: Premature end of file.
2026-04-14 13:09:27,435 [ERROR] LogOutputStream:75 - [STDERR_REDIRECT] 
2026-04-14 13:09:28,422 [ERROR] LogOutputStream:75 - [STDERR_REDIRECT] [Fatal Error] :1:1: Premature end of file.
2026-04-14 13:09:28,422 [ERROR] LogOutputStream:75 - [STDERR_REDIRECT] 
2026-04-14 13:09:29,420 [ERROR] LogOutputStream:75 - [STDERR_REDIRECT] [Fatal Error] :1:1: Premature end of file.
2026-04-14 13:09:29,421 [ERROR] LogOutputStream:75 - [STDERR_REDIRECT] 
2026-04-14 13:09:30,432 [ERROR] LogOutputStream:75 - [STDERR_REDIRECT] [Fatal Error] :1:1: Premature end of file.
2026-04-14 13:09:30,432 [ERROR] LogOutputStream:75 - [STDERR_REDIRECT] 
2026-04-14 13:09:31,415 [ERROR] LogOutputStream:75 - [STDERR_REDIRECT] [Fatal Error] :1:1: Premature end of file.
2026-04-14 13:09:31,415 [ERROR] LogOutputStream:75 - [STDERR_REDIRECT] 
2026-04-14 13:09:32,420 [ERROR] LogOutputStream:75 - [STDERR_REDIRECT] [Fatal Error] :1:1: Premature end of file.
2026-04-14 13:09:32,421 [ERROR] LogOutputStream:75 - [STDERR_REDIRECT] 
2026-04-14 13:09:33,420 [ERROR] LogOutputStream:75 - [STDERR_REDIRECT] [Fatal Error] :1:1: Premature end of file.
2026-04-14 13:09:33,421 [ERROR] LogOutputStream:75 - [STDERR_REDIRECT] 
2026-04-14 13:09:34,436 [ERROR] LogOutputStream:75 - [STDERR_REDIRECT] [Fatal Error] :1:1: Premature end of file.
2026-04-14 13:09:34,436 [ERROR] LogOutputStream:75 - [STDERR_REDIRECT] 
2026-04-14 13:09:35,414 [ERROR] LogOutputStream:75 - [STDERR_REDIRECT] [Fatal Error] :1:1: Premature end of file.
2026-04-14 13:09:35,414 [ERROR] LogOutputStream:75 - [STDERR_REDIRECT] 
2026-04-14 13:09:36,420 [ERROR] LogOutputStream:75 - [STDERR_REDIRECT] [Fatal Error] :1:1: Premature end of file.
2026-04-14 13:09:36,421 [ERROR] LogOutputStream:75 - [STDERR_REDIRECT] 
2026-04-14 13:09:37,416 [ERROR] LogOutputStream:75 - [STDERR_REDIRECT] [Fatal Error] :1:1: Premature end of file.
2026-04-14 13:09:37,417 [ERROR] LogOutputStream:75 - [STDERR_REDIRECT] 
2026-04-14 13:09:38,409 [ERROR] LogOutputStream:75 - [STDERR_REDIRECT] [Fatal Error] :1:1: Premature end of file.
2026-04-14 13:09:38,410 [ERROR] LogOutputStream:75 - [STDERR_REDIRECT] 
2026-04-14 13:09:39,420 [ERROR] LogOutputStream:75 - [STDERR_REDIRECT] [Fatal Error] :1:1: Premature end of file.
2026-04-14 13:09:39,421 [ERROR] LogOutputStream:75 - [STDERR_REDIRECT] 
2026-04-14 13:09:40,431 [ERROR] LogOutputStream:75 - [STDERR_REDIRECT] [Fatal Error] :1:1: Premature end of file.
2026-04-14 13:09:40,431 [ERROR] LogOutputStream:75 - [STDERR_REDIRECT] 
2026-04-14 13:09:41,424 [ERROR] LogOutputStream:75 - [STDERR_REDIRECT] [Fatal Error] :1:1: Premature end of file.
2026-04-14 13:09:41,425 [ERROR] LogOutputStream:75 - [STDERR_REDIRECT] 
2026-04-14 13:09:42,478 [ERROR] LogOutputStream:75 - [STDERR_REDIRECT] [Fatal Error] :1:1: Premature end of file.
2026-04-14 13:09:42,478 [ERROR] LogOutputStream:75 - [STDERR_REDIRECT] 
2026-04-14 13:09:43,428 [ERROR] LogOutputStream:75 - [STDERR_REDIRECT] [Fatal Error] :1:1: Premature end of file.
2026-04-14 13:09:43,429 [ERROR] LogOutputStream:75 - [STDERR_REDIRECT] 
2026-04-14 13:09:44,420 [ERROR] LogOutputStream:75 - [STDERR_REDIRECT] [Fatal Error] :1:1: Premature end of file.
2026-04-14 13:09:44,421 [ERROR] LogOutputStream:75 - [STDERR_REDIRECT] 
2026-04-14 13:09:45,410 [ERROR] LogOutputStream:75 - [STDERR_REDIRECT] [Fatal Error] :1:1: Premature end of file.
2026-04-14 13:09:45,411 [ERROR] LogOutputStream:75 - [STDERR_REDIRECT] 
2026-04-14 13:09:46,425 [ERROR] LogOutputStream:75 - [STDERR_REDIRECT] [Fatal Error] :1:1: Premature end of file.
2026-04-14 13:09:46,441 [ERROR] LogOutputStream:75 - [STDERR_REDIRECT] 
2026-04-14 13:09:47,426 [ERROR] LogOutputStream:75 - [STDERR_REDIRECT] [Fatal Error] :1:1: Premature end of file.
2026-04-14 13:09:47,426 [ERROR] LogOutputStream:75 - [STDERR_REDIRECT] 
2026-04-14 13:09:48,431 [ERROR] LogOutputStream:75 - [STDERR_REDIRECT] [Fatal Error] :1:1: Premature end of file.
2026-04-14 13:09:48,431 [ERROR] LogOutputStream:75 - [STDERR_REDIRECT] 
2026-04-14 13:09:49,429 [ERROR] LogOutputStream:75 - [STDERR_REDIRECT] [Fatal Error] :1:1: Premature end of file.
2026-04-14 13:09:49,429 [ERROR] LogOutputStream:75 - [STDERR_REDIRECT] 
2026-04-14 13:09:50,419 [ERROR] LogOutputStream:75 - [STDERR_REDIRECT] [Fatal Error] :1:1: Premature end of file.
2026-04-14 13:09:50,419 [ERROR] LogOutputStream:75 - [STDERR_REDIRECT] 
2026-04-14 13:09:51,439 [ERROR] LogOutputStream:75 - [STDERR_REDIRECT] [Fatal Error] :1:1: Premature end of file.
2026-04-14 13:09:51,439 [ERROR] LogOutputStream:75 - [STDERR_REDIRECT] 
2026-04-14 13:09:52,412 [ERROR] LogOutputStream:75 - [STDERR_REDIRECT] [Fatal Error] :1:1: Premature end of file.
2026-04-14 13:09:52,412 [ERROR] LogOutputStream:75 - [STDERR_REDIRECT] 
2026-04-14 13:09:53,414 [ERROR] LogOutputStream:75 - [STDERR_REDIRECT] [Fatal Error] :1:1: Premature end of file.
2026-04-14 13:09:53,414 [ERROR] LogOutputStream:75 - [STDERR_REDIRECT] 
2026-04-14 13:09:54,423 [ERROR] LogOutputStream:75 - [STDERR_REDIRECT] [Fatal Error] :1:1: Premature end of file.
2026-04-14 13:09:54,423 [ERROR] LogOutputStream:75 - [STDERR_REDIRECT] 
2026-04-14 13:09:55,417 [ERROR] LogOutputStream:75 - [STDERR_REDIRECT] [Fatal Error] :1:1: Premature end of file.
2026-04-14 13:09:55,417 [ERROR] LogOutputStream:75 - [STDERR_REDIRECT] 
2026-04-14 13:09:56,405 [ERROR] LogOutputStream:75 - [STDERR_REDIRECT] [Fatal Error] :1:1: Premature end of file.
2026-04-14 13:09:56,405 [ERROR] LogOutputStream:75 - [STDERR_REDIRECT] 
2026-04-14 13:09:57,421 [ERROR] LogOutputStream:75 - [STDERR_REDIRECT] [Fatal Error] :1:1: Premature end of file.
2026-04-14 13:09:57,422 [ERROR] LogOutputStream:75 - [STDERR_REDIRECT] 
2026-04-14 13:09:58,426 [ERROR] LogOutputStream:75 - [STDERR_REDIRECT] [Fatal Error] :1:1: Premature end of file.
2026-04-14 13:09:58,427 [ERROR] LogOutputStream:75 - [STDERR_REDIRECT] 
2026-04-14 13:09:59,396 [ERROR] LogOutputStream:75 - [STDERR_REDIRECT] [Fatal Error] :1:1: Premature end of file.
2026-04-14 13:09:59,397 [ERROR] LogOutputStream:75 - [STDERR_REDIRECT] 
2026-04-14 13:10:00,430 [ERROR] LogOutputStream:75 - [STDERR_REDIRECT] [Fatal Error] :1:1: Premature end of file.
2026-04-14 13:10:00,430 [ERROR] LogOutputStream:75 - [STDERR_REDIRECT] 
2026-04-14 13:10:01,422 [ERROR] LogOutputStream:75 - [STDERR_REDIRECT] [Fatal Error] :1:1: Premature end of file.
2026-04-14 13:10:01,422 [ERROR] LogOutputStream:75 - [STDERR_REDIRECT] 
2026-04-14 13:10:02,404 [ERROR] LogOutputStream:75 - [STDERR_REDIRECT] [Fatal Error] :1:1: Premature end of file.
2026-04-14 13:10:02,405 [ERROR] LogOutputStream:75 - [STDERR_REDIRECT] 
2026-04-14 13:10:03,420 [ERROR] LogOutputStream:75 - [STDERR_REDIRECT] [Fatal Error] :1:1: Premature end of file.
2026-04-14 13:10:03,420 [ERROR] LogOutputStream:75 - [STDERR_REDIRECT] 
2026-04-14 13:10:04,417 [ERROR] LogOutputStream:75 - [STDERR_REDIRECT] [Fatal Error] :1:1: Premature end of file.
2026-04-14 13:10:04,419 [ERROR] LogOutputStream:75 - [STDERR_REDIRECT] 
2026-04-14 13:10:05,416 [ERROR] LogOutputStream:75 - [STDERR_REDIRECT] [Fatal Error] :1:1: Premature end of file.
2026-04-14 13:10:05,416 [ERROR] LogOutputStream:75 - [STDERR_REDIRECT] 
2026-04-14 13:10:06,417 [ERROR] LogOutputStream:75 - [STDERR_REDIRECT] [Fatal Error] :1:1: Premature end of file.
2026-04-14 13:10:06,418 [ERROR] LogOutputStream:75 - [STDERR_REDIRECT] 
2026-04-14 13:10:07,425 [ERROR] LogOutputStream:75 - [STDERR_REDIRECT] [Fatal Error] :1:1: Premature end of file.
2026-04-14 13:10:07,426 [ERROR] LogOutputStream:75 - [STDERR_REDIRECT] 
2026-04-14 13:10:08,409 [ERROR] LogOutputStream:75 - [STDERR_REDIRECT] [Fatal Error] :1:1: Premature end of file.
2026-04-14 13:10:08,409 [ERROR] LogOutputStream:75 - [STDERR_REDIRECT] 
2026-04-14 13:10:09,428 [ERROR] LogOutputStream:75 - [STDERR_REDIRECT] [Fatal Error] :1:1: Premature end of file.
2026-04-14 13:10:09,429 [ERROR] LogOutputStream:75 - [STDERR_REDIRECT] 
2026-04-14 13:10:10,418 [ERROR] LogOutputStream:75 - [STDERR_REDIRECT] [Fatal Error] :1:1: Premature end of file.
2026-04-14 13:10:10,419 [ERROR] LogOutputStream:75 - [STDERR_REDIRECT] 
2026-04-14 13:10:11,422 [ERROR] LogOutputStream:75 - [STDERR_REDIRECT] [Fatal Error] :1:1: Premature end of file.
2026-04-14 13:10:11,422 [ERROR] LogOutputStream:75 - [STDERR_REDIRECT] 
2026-04-14 13:10:12,420 [ERROR] LogOutputStream:75 - [STDERR_REDIRECT] [Fatal Error] :1:1: Premature end of file.
2026-04-14 13:10:12,420 [ERROR] LogOutputStream:75 - [STDERR_REDIRECT] 
2026-04-14 13:10:13,420 [ERROR] LogOutputStream:75 - [STDERR_REDIRECT] [Fatal Error] :1:1: Premature end of file.
2026-04-14 13:10:13,421 [ERROR] LogOutputStream:75 - [STDERR_REDIRECT] 
2026-04-14 13:10:14,412 [ERROR] LogOutputStream:75 - [STDERR_REDIRECT] [Fatal Error] :1:1: Premature end of file.
2026-04-14 13:10:14,413 [ERROR] LogOutputStream:75 - [STDERR_REDIRECT] 
2026-04-14 13:10:15,436 [ERROR] LogOutputStream:75 - [STDERR_REDIRECT] [Fatal Error] :1:1: Premature end of file.
2026-04-14 13:10:15,437 [ERROR] LogOutputStream:75 - [STDERR_REDIRECT] 
2026-04-14 13:10:16,435 [ERROR] LogOutputStream:75 - [STDERR_REDIRECT] [Fatal Error] :1:1: Premature end of file.
2026-04-14 13:10:16,436 [ERROR] LogOutputStream:75 - [STDERR_REDIRECT] 
2026-04-14 13:10:17,428 [ERROR] LogOutputStream:75 - [STDERR_REDIRECT] [Fatal Error] :1:1: Premature end of file.
2026-04-14 13:10:17,428 [ERROR] LogOutputStream:75 - [STDERR_REDIRECT] 
2026-04-14 13:10:18,416 [ERROR] LogOutputStream:75 - [STDERR_REDIRECT] [Fatal Error] :1:1: Premature end of file.
2026-04-14 13:10:18,416 [ERROR] LogOutputStream:75 - [STDERR_REDIRECT] 
2026-04-14 13:10:19,422 [ERROR] LogOutputStream:75 - [STDERR_REDIRECT] [Fatal Error] :1:1: Premature end of file.
2026-04-14 13:10:19,426 [ERROR] LogOutputStream:75 - [STDERR_REDIRECT] 
2026-04-14 13:10:20,439 [ERROR] LogOutputStream:75 - [STDERR_REDIRECT] [Fatal Error] :1:1: Premature end of file.
2026-04-14 13:10:20,440 [ERROR] LogOutputStream:75 - [STDERR_REDIRECT] 
2026-04-14 13:10:21,422 [ERROR] LogOutputStream:75 - [STDERR_REDIRECT] [Fatal Error] :1:1: Premature end of file.
2026-04-14 13:10:21,422 [ERROR] LogOutputStream:75 - [STDERR_REDIRECT] 
2026-04-14 13:10:22,421 [ERROR] LogOutputStream:75 - [STDERR_REDIRECT] [Fatal Error] :1:1: Premature end of file.
2026-04-14 13:10:22,421 [ERROR] LogOutputStream:75 - [STDERR_REDIRECT] 
2026-04-14 13:10:23,418 [ERROR] LogOutputStream:75 - [STDERR_REDIRECT] [Fatal Error] :1:1: Premature end of file.
2026-04-14 13:10:23,418 [ERROR] LogOutputStream:75 - [STDERR_REDIRECT] 
2026-04-14 13:10:24,418 [ERROR] LogOutputStream:75 - [STDERR_REDIRECT] [Fatal Error] :1:1: Premature end of file.
2026-04-14 13:10:24,418 [ERROR] LogOutputStream:75 - [STDERR_REDIRECT] 
2026-04-14 13:10:25,417 [ERROR] LogOutputStream:75 - [STDERR_REDIRECT] [Fatal Error] :1:1: Premature end of file.
2026-04-14 13:10:25,418 [ERROR] LogOutputStream:75 - [STDERR_REDIRECT] 
2026-04-14 13:10:26,426 [ERROR] LogOutputStream:75 - [STDERR_REDIRECT] [Fatal Error] :1:1: Premature end of file.
2026-04-14 13:10:26,426 [ERROR] LogOutputStream:75 - [STDERR_REDIRECT] 
2026-04-14 13:10:27,422 [ERROR] LogOutputStream:75 - [STDERR_REDIRECT] [Fatal Error] :1:1: Premature end of file.
2026-04-14 13:10:27,422 [ERROR] LogOutputStream:75 - [STDERR_REDIRECT] 
2026-04-14 13:10:28,424 [ERROR] LogOutputStream:75 - [STDERR_REDIRECT] [Fatal Error] :1:1: Premature end of file.
2026-04-14 13:10:28,426 [ERROR] LogOutputStream:75 - [STDERR_REDIRECT] 
2026-04-14 13:10:29,419 [ERROR] LogOutputStream:75 - [STDERR_REDIRECT] [Fatal Error] :1:1: Premature end of file.
2026-04-14 13:10:29,419 [ERROR] LogOutputStream:75 - [STDERR_REDIRECT] 
2026-04-14 13:10:30,415 [ERROR] LogOutputStream:75 - [STDERR_REDIRECT] [Fatal Error] :1:1: Premature end of file.
2026-04-14 13:10:30,416 [ERROR] LogOutputStream:75 - [STDERR_REDIRECT] 
2026-04-14 13:10:31,427 [ERROR] LogOutputStream:75 - [STDERR_REDIRECT] [Fatal Error] :1:1: Premature end of file.
2026-04-14 13:10:31,428 [ERROR] LogOutputStream:75 - [STDERR_REDIRECT] 
2026-04-14 13:10:32,427 [ERROR] LogOutputStream:75 - [STDERR_REDIRECT] [Fatal Error] :1:1: Premature end of file.
2026-04-14 13:10:32,428 [ERROR] LogOutputStream:75 - [STDERR_REDIRECT] 
2026-04-14 13:10:33,420 [ERROR] LogOutputStream:75 - [STDERR_REDIRECT] [Fatal Error] :1:1: Premature end of file.
2026-04-14 13:10:33,420 [ERROR] LogOutputStream:75 - [STDERR_REDIRECT] 
2026-04-14 13:10:34,416 [ERROR] LogOutputStream:75 - [STDERR_REDIRECT] [Fatal Error] :1:1: Premature end of file.
2026-04-14 13:10:34,416 [ERROR] LogOutputStream:75 - [STDERR_REDIRECT] 
2026-04-14 13:10:35,419 [ERROR] LogOutputStream:75 - [STDERR_REDIRECT] [Fatal Error] :1:1: Premature end of file.
2026-04-14 13:10:35,419 [ERROR] LogOutputStream:75 - [STDERR_REDIRECT] 
2026-04-14 13:10:36,412 [ERROR] LogOutputStream:75 - [STDERR_REDIRECT] [Fatal Error] :1:1: Premature end of file.
2026-04-14 13:10:36,413 [ERROR] LogOutputStream:75 - [STDERR_REDIRECT] 
2026-04-14 13:10:37,421 [ERROR] LogOutputStream:75 - [STDERR_REDIRECT] [Fatal Error] :1:1: Premature end of file.
2026-04-14 13:10:37,421 [ERROR] LogOutputStream:75 - [STDERR_REDIRECT] 
2026-04-14 13:10:38,423 [ERROR] LogOutputStream:75 - [STDERR_REDIRECT] [Fatal Error] :1:1: Premature end of file.
2026-04-14 13:10:38,424 [ERROR] LogOutputStream:75 - [STDERR_REDIRECT] 
2026-04-14 13:10:39,424 [ERROR] LogOutputStream:75 - [STDERR_REDIRECT] [Fatal Error] :1:1: Premature end of file.
2026-04-14 13:10:39,424 [ERROR] LogOutputStream:75 - [STDERR_REDIRECT] 
2026-04-14 13:10:40,417 [ERROR] LogOutputStream:75 - [STDERR_REDIRECT] [Fatal Error] :1:1: Premature end of file.
2026-04-14 13:10:40,419 [ERROR] LogOutputStream:75 - [STDERR_REDIRECT] 
2026-04-14 13:10:41,416 [ERROR] LogOutputStream:75 - [STDERR_REDIRECT] [Fatal Error] :1:1: Premature end of file.
2026-04-14 13:10:41,416 [ERROR] LogOutputStream:75 - [STDERR_REDIRECT] 
2026-04-14 13:10:42,425 [ERROR] LogOutputStream:75 - [STDERR_REDIRECT] [Fatal Error] :1:1: Premature end of file.
2026-04-14 13:10:42,425 [ERROR] LogOutputStream:75 - [STDERR_REDIRECT] 
2026-04-14 13:10:43,426 [ERROR] LogOutputStream:75 - [STDERR_REDIRECT] [Fatal Error] :1:1: Premature end of file.
2026-04-14 13:10:43,426 [ERROR] LogOutputStream:75 - [STDERR_REDIRECT] 
2026-04-14 13:10:44,421 [ERROR] LogOutputStream:75 - [STDERR_REDIRECT] [Fatal Error] :1:1: Premature end of file.
2026-04-14 13:10:44,421 [ERROR] LogOutputStream:75 - [STDERR_REDIRECT] 
2026-04-14 13:10:45,430 [ERROR] LogOutputStream:75 - [STDERR_REDIRECT] [Fatal Error] :1:1: Premature end of file.
2026-04-14 13:10:45,431 [ERROR] LogOutputStream:75 - [STDERR_REDIRECT] 
2026-04-14 13:10:46,418 [ERROR] LogOutputStream:75 - [STDERR_REDIRECT] [Fatal Error] :1:1: Premature end of file.
2026-04-14 13:10:46,418 [ERROR] LogOutputStream:75 - [STDERR_REDIRECT] 
2026-04-14 13:10:47,424 [ERROR] LogOutputStream:75 - [STDERR_REDIRECT] [Fatal Error] :1:1: Premature end of file.
2026-04-14 13:10:47,425 [ERROR] LogOutputStream:75 - [STDERR_REDIRECT] 
2026-04-14 13:10:48,423 [ERROR] LogOutputStream:75 - [STDERR_REDIRECT] [Fatal Error] :1:1: Premature end of file.
2026-04-14 13:10:48,424 [ERROR] LogOutputStream:75 - [STDERR_REDIRECT] 
2026-04-14 13:10:49,423 [ERROR] LogOutputStream:75 - [STDERR_REDIRECT] [Fatal Error] :1:1: Premature end of file.
2026-04-14 13:10:49,423 [ERROR] LogOutputStream:75 - [STDERR_REDIRECT] 
2026-04-14 13:10:50,421 [ERROR] LogOutputStream:75 - [STDERR_REDIRECT] [Fatal Error] :1:1: Premature end of file.
2026-04-14 13:10:50,422 [ERROR] LogOutputStream:75 - [STDERR_REDIRECT] 
2026-04-14 13:10:51,429 [ERROR] LogOutputStream:75 - [STDERR_REDIRECT] [Fatal Error] :1:1: Premature end of file.
2026-04-14 13:10:51,429 [ERROR] LogOutputStream:75 - [STDERR_REDIRECT] 
2026-04-14 13:10:52,465 [ERROR] LogOutputStream:75 - [STDERR_REDIRECT] [Fatal Error] :1:1: Premature end of file.
2026-04-14 13:10:52,465 [ERROR] LogOutputStream:75 - [STDERR_REDIRECT] 
2026-04-14 13:10:53,420 [ERROR] LogOutputStream:75 - [STDERR_REDIRECT] [Fatal Error] :1:1: Premature end of file.
2026-04-14 13:10:53,421 [ERROR] LogOutputStream:75 - [STDERR_REDIRECT] 
2026-04-14 13:10:54,481 [ERROR] LogOutputStream:75 - [STDERR_REDIRECT] [Fatal Error] :1:1: Premature end of file.
2026-04-14 13:10:54,482 [ERROR] LogOutputStream:75 - [STDERR_REDIRECT] 
2026-04-14 13:10:55,418 [ERROR] LogOutputStream:75 - [STDERR_REDIRECT] [Fatal Error] :1:1: Premature end of file.
2026-04-14 13:10:55,418 [ERROR] LogOutputStream:75 - [STDERR_REDIRECT] 
2026-04-14 13:10:56,424 [ERROR] LogOutputStream:75 - [STDERR_REDIRECT] [Fatal Error] :1:1: Premature end of file.
2026-04-14 13:10:56,426 [ERROR] LogOutputStream:75 - [STDERR_REDIRECT] 
2026-04-14 13:10:57,426 [ERROR] LogOutputStream:75 - [STDERR_REDIRECT] [Fatal Error] :1:1: Premature end of file.
2026-04-14 13:10:57,427 [ERROR] LogOutputStream:75 - [STDERR_REDIRECT] 
2026-04-14 13:10:58,421 [ERROR] LogOutputStream:75 - [STDERR_REDIRECT] [Fatal Error] :1:1: Premature end of file.
2026-04-14 13:10:58,421 [ERROR] LogOutputStream:75 - [STDERR_REDIRECT] 
2026-04-14 13:10:59,417 [ERROR] LogOutputStream:75 - [STDERR_REDIRECT] [Fatal Error] :1:1: Premature end of file.
2026-04-14 13:10:59,417 [ERROR] LogOutputStream:75 - [STDERR_REDIRECT] 
2026-04-14 13:11:00,424 [ERROR] LogOutputStream:75 - [STDERR_REDIRECT] [Fatal Error] :1:1: Premature end of file.
2026-04-14 13:11:00,424 [ERROR] LogOutputStream:75 - [STDERR_REDIRECT] 
2026-04-14 13:11:01,436 [ERROR] LogOutputStream:75 - [STDERR_REDIRECT] [Fatal Error] :1:1: Premature end of file.
2026-04-14 13:11:01,436 [ERROR] LogOutputStream:75 - [STDERR_REDIRECT] 
2026-04-14 13:11:02,476 [ERROR] LogOutputStream:75 - [STDERR_REDIRECT] [Fatal Error] :1:1: Premature end of file.
2026-04-14 13:11:02,478 [ERROR] LogOutputStream:75 - [STDERR_REDIRECT] 
2026-04-14 13:11:03,415 [ERROR] LogOutputStream:75 - [STDERR_REDIRECT] [Fatal Error] :1:1: Premature end of file.
2026-04-14 13:11:03,415 [ERROR] LogOutputStream:75 - [STDERR_REDIRECT] 
2026-04-14 13:11:04,421 [ERROR] LogOutputStream:75 - [STDERR_REDIRECT] [Fatal Error] :1:1: Premature end of file.
2026-04-14 13:11:04,421 [ERROR] LogOutputStream:75 - [STDERR_REDIRECT] 
2026-04-14 13:11:05,423 [ERROR] LogOutputStream:75 - [STDERR_REDIRECT] [Fatal Error] :1:1: Premature end of file.
2026-04-14 13:11:05,423 [ERROR] LogOutputStream:75 - [STDERR_REDIRECT] 
2026-04-14 13:11:06,424 [ERROR] LogOutputStream:75 - [STDERR_REDIRECT] [Fatal Error] :1:1: Premature end of file.
2026-04-14 13:11:06,425 [ERROR] LogOutputStream:75 - [STDERR_REDIRECT] 
2026-04-14 13:11:07,421 [ERROR] LogOutputStream:75 - [STDERR_REDIRECT] [Fatal Error] :1:1: Premature end of file.
2026-04-14 13:11:07,422 [ERROR] LogOutputStream:75 - [STDERR_REDIRECT] 
2026-04-14 13:11:08,419 [ERROR] LogOutputStream:75 - [STDERR_REDIRECT] [Fatal Error] :1:1: Premature end of file.
2026-04-14 13:11:08,419 [ERROR] LogOutputStream:75 - [STDERR_REDIRECT] 
2026-04-14 13:11:09,416 [ERROR] LogOutputStream:75 - [STDERR_REDIRECT] [Fatal Error] :1:1: Premature end of file.
2026-04-14 13:11:09,416 [ERROR] LogOutputStream:75 - [STDERR_REDIRECT] 
2026-04-14 13:11:10,426 [ERROR] LogOutputStream:75 - [STDERR_REDIRECT] [Fatal Error] :1:1: Premature end of file.
2026-04-14 13:11:10,427 [ERROR] LogOutputStream:75 - [STDERR_REDIRECT] 
2026-04-14 13:11:11,421 [ERROR] LogOutputStream:75 - [STDERR_REDIRECT] [Fatal Error] :1:1: Premature end of file.
2026-04-14 13:11:11,421 [ERROR] LogOutputStream:75 - [STDERR_REDIRECT] 
2026-04-14 13:11:12,415 [ERROR] LogOutputStream:75 - [STDERR_REDIRECT] [Fatal Error] :1:1: Premature end of file.
2026-04-14 13:11:12,416 [ERROR] LogOutputStream:75 - [STDERR_REDIRECT] 
2026-04-14 13:11:13,415 [ERROR] LogOutputStream:75 - [STDERR_REDIRECT] [Fatal Error] :1:1: Premature end of file.
2026-04-14 13:11:13,416 [ERROR] LogOutputStream:75 - [STDERR_REDIRECT] 
2026-04-14 13:11:14,422 [ERROR] LogOutputStream:75 - [STDERR_REDIRECT] [Fatal Error] :1:1: Premature end of file.
2026-04-14 13:11:14,422 [ERROR] LogOutputStream:75 - [STDERR_REDIRECT] 
2026-04-14 13:11:15,420 [ERROR] LogOutputStream:75 - [STDERR_REDIRECT] [Fatal Error] :1:1: Premature end of file.
2026-04-14 13:11:15,420 [ERROR] LogOutputStream:75 - [STDERR_REDIRECT] 
2026-04-14 13:11:16,443 [ERROR] LogOutputStream:75 - [STDERR_REDIRECT] [Fatal Error] :1:1: Premature end of file.
2026-04-14 13:11:16,444 [ERROR] LogOutputStream:75 - [STDERR_REDIRECT] 
2026-04-14 13:11:17,443 [ERROR] LogOutputStream:75 - [STDERR_REDIRECT] [Fatal Error] :1:1: Premature end of file.
2026-04-14 13:11:17,444 [ERROR] LogOutputStream:75 - [STDERR_REDIRECT] 
2026-04-14 13:11:18,433 [ERROR] LogOutputStream:75 - [STDERR_REDIRECT] [Fatal Error] :1:1: Premature end of file.
2026-04-14 13:11:18,434 [ERROR] LogOutputStream:75 - [STDERR_REDIRECT] 
2026-04-14 13:11:19,443 [ERROR] LogOutputStream:75 - [STDERR_REDIRECT] [Fatal Error] :1:1: Premature end of file.
2026-04-14 13:11:19,443 [ERROR] LogOutputStream:75 - [STDERR_REDIRECT] 
2026-04-14 13:11:20,429 [ERROR] LogOutputStream:75 - [STDERR_REDIRECT] [Fatal Error] :1:1: Premature end of file.
2026-04-14 13:11:20,430 [ERROR] LogOutputStream:75 - [STDERR_REDIRECT] 
2026-04-14 13:11:21,439 [ERROR] LogOutputStream:75 - [STDERR_REDIRECT] [Fatal Error] :1:1: Premature end of file.
2026-04-14 13:11:21,439 [ERROR] LogOutputStream:75 - [STDERR_REDIRECT] 
2026-04-14 13:11:22,382 [ERROR] LogOutputStream:75 - [STDERR_REDIRECT] [Fatal Error] :1:1: Premature end of file.
2026-04-14 13:11:22,382 [ERROR] LogOutputStream:75 - [STDERR_REDIRECT] 
2026-04-14 13:11:23,416 [ERROR] LogOutputStream:75 - [STDERR_REDIRECT] [Fatal Error] :1:1: Premature end of file.
2026-04-14 13:11:23,416 [ERROR] LogOutputStream:75 - [STDERR_REDIRECT] 
2026-04-14 13:11:24,435 [ERROR] LogOutputStream:75 - [STDERR_REDIRECT] [Fatal Error] :1:1: Premature end of file.
2026-04-14 13:11:24,435 [ERROR] LogOutputStream:75 - [STDERR_REDIRECT] 
2026-04-14 13:11:25,436 [ERROR] LogOutputStream:75 - [STDERR_REDIRECT] [Fatal Error] :1:1: Premature end of file.
2026-04-14 13:11:25,436 [ERROR] LogOutputStream:75 - [STDERR_REDIRECT] 
2026-04-14 13:11:26,424 [ERROR] LogOutputStream:75 - [STDERR_REDIRECT] [Fatal Error] :1:1: Premature end of file.
2026-04-14 13:11:26,424 [ERROR] LogOutputStream:75 - [STDERR_REDIRECT] 
2026-04-14 13:11:27,436 [ERROR] LogOutputStream:75 - [STDERR_REDIRECT] [Fatal Error] :1:1: Premature end of file.
2026-04-14 13:11:27,437 [ERROR] LogOutputStream:75 - [STDERR_REDIRECT] 
2026-04-14 13:11:28,432 [ERROR] LogOutputStream:75 - [STDERR_REDIRECT] [Fatal Error] :1:1: Premature end of file.
2026-04-14 13:11:28,433 [ERROR] LogOutputStream:75 - [STDERR_REDIRECT] 
2026-04-14 13:11:29,434 [ERROR] LogOutputStream:75 - [STDERR_REDIRECT] [Fatal Error] :1:1: Premature end of file.
2026-04-14 13:11:29,434 [ERROR] LogOutputStream:75 - [STDERR_REDIRECT] 
2026-04-14 13:11:30,414 [ERROR] LogOutputStream:75 - [STDERR_REDIRECT] [Fatal Error] :1:1: Premature end of file.
2026-04-14 13:11:30,414 [ERROR] LogOutputStream:75 - [STDERR_REDIRECT] 
2026-04-14 13:11:31,399 [ERROR] LogOutputStream:75 - [STDERR_REDIRECT] [Fatal Error] :1:1: Premature end of file.
2026-04-14 13:11:31,399 [ERROR] LogOutputStream:75 - [STDERR_REDIRECT] 
2026-04-14 13:11:32,422 [ERROR] LogOutputStream:75 - [STDERR_REDIRECT] [Fatal Error] :1:1: Premature end of file.
2026-04-14 13:11:32,425 [ERROR] LogOutputStream:75 - [STDERR_REDIRECT] 
2026-04-14 13:11:33,426 [ERROR] LogOutputStream:75 - [STDERR_REDIRECT] [Fatal Error] :1:1: Premature end of file.
2026-04-14 13:11:33,426 [ERROR] LogOutputStream:75 - [STDERR_REDIRECT] 
2026-04-14 13:11:34,422 [ERROR] LogOutputStream:75 - [STDERR_REDIRECT] [Fatal Error] :1:1: Premature end of file.
2026-04-14 13:11:34,422 [ERROR] LogOutputStream:75 - [STDERR_REDIRECT] 
2026-04-14 13:11:35,406 [ERROR] LogOutputStream:75 - [STDERR_REDIRECT] [Fatal Error] :1:1: Premature end of file.
2026-04-14 13:11:35,406 [ERROR] LogOutputStream:75 - [STDERR_REDIRECT] 
2026-04-14 13:11:36,419 [ERROR] LogOutputStream:75 - [STDERR_REDIRECT] [Fatal Error] :1:1: Premature end of file.
2026-04-14 13:11:36,419 [ERROR] LogOutputStream:75 - [STDERR_REDIRECT] 
2026-04-14 13:11:37,406 [ERROR] LogOutputStream:75 - [STDERR_REDIRECT] [Fatal Error] :1:1: Premature end of file.
2026-04-14 13:11:37,407 [ERROR] LogOutputStream:75 - [STDERR_REDIRECT] 
2026-04-14 13:11:38,421 [ERROR] LogOutputStream:75 - [STDERR_REDIRECT] [Fatal Error] :1:1: Premature end of file.
2026-04-14 13:11:38,421 [ERROR] LogOutputStream:75 - [STDERR_REDIRECT] 
2026-04-14 13:11:39,436 [ERROR] LogOutputStream:75 - [STDERR_REDIRECT] [Fatal Error] :1:1: Premature end of file.
2026-04-14 13:11:39,437 [ERROR] LogOutputStream:75 - [STDERR_REDIRECT] 
2026-04-14 13:11:40,409 [ERROR] LogOutputStream:75 - [STDERR_REDIRECT] [Fatal Error] :1:1: Premature end of file.
2026-04-14 13:11:40,410 [ERROR] LogOutputStream:75 - [STDERR_REDIRECT] 
2026-04-14 13:11:41,421 [ERROR] LogOutputStream:75 - [STDERR_REDIRECT] [Fatal Error] :1:1: Premature end of file.
2026-04-14 13:11:41,421 [ERROR] LogOutputStream:75 - [STDERR_REDIRECT] 
2026-04-14 13:11:42,433 [ERROR] LogOutputStream:75 - [STDERR_REDIRECT] [Fatal Error] :1:1: Premature end of file.
2026-04-14 13:11:42,433 [ERROR] LogOutputStream:75 - [STDERR_REDIRECT] 
2026-04-14 13:11:43,406 [ERROR] LogOutputStream:75 - [STDERR_REDIRECT] [Fatal Error] :1:1: Premature end of file.
2026-04-14 13:11:43,406 [ERROR] LogOutputStream:75 - [STDERR_REDIRECT] 
2026-04-14 13:11:44,417 [ERROR] LogOutputStream:75 - [STDERR_REDIRECT] [Fatal Error] :1:1: Premature end of file.
2026-04-14 13:11:44,417 [ERROR] LogOutputStream:75 - [STDERR_REDIRECT] 
2026-04-14 13:11:45,419 [ERROR] LogOutputStream:75 - [STDERR_REDIRECT] [Fatal Error] :1:1: Premature end of file.
2026-04-14 13:11:45,419 [ERROR] LogOutputStream:75 - [STDERR_REDIRECT] 
2026-04-14 13:11:46,404 [ERROR] LogOutputStream:75 - [STDERR_REDIRECT] [Fatal Error] :1:1: Premature end of file.
2026-04-14 13:11:46,404 [ERROR] LogOutputStream:75 - [STDERR_REDIRECT] 
2026-04-14 13:11:47,423 [ERROR] LogOutputStream:75 - [STDERR_REDIRECT] [Fatal Error] :1:1: Premature end of file.
2026-04-14 13:11:47,423 [ERROR] LogOutputStream:75 - [STDERR_REDIRECT] 
2026-04-14 13:11:48,427 [ERROR] LogOutputStream:75 - [STDERR_REDIRECT] [Fatal Error] :1:1: Premature end of file.
2026-04-14 13:11:48,427 [ERROR] LogOutputStream:75 - [STDERR_REDIRECT] 
2026-04-14 13:11:49,415 [ERROR] LogOutputStream:75 - [STDERR_REDIRECT] [Fatal Error] :1:1: Premature end of file.
2026-04-14 13:11:49,415 [ERROR] LogOutputStream:75 - [STDERR_REDIRECT] 
2026-04-14 13:11:50,423 [ERROR] LogOutputStream:75 - [STDERR_REDIRECT] [Fatal Error] :1:1: Premature end of file.
2026-04-14 13:11:50,423 [ERROR] LogOutputStream:75 - [STDERR_REDIRECT] 
2026-04-14 13:11:51,427 [ERROR] LogOutputStream:75 - [STDERR_REDIRECT] [Fatal Error] :1:1: Premature end of file.
2026-04-14 13:11:51,427 [ERROR] LogOutputStream:75 - [STDERR_REDIRECT] 
2026-04-14 13:11:52,396 [ERROR] LogOutputStream:75 - [STDERR_REDIRECT] [Fatal Error] :1:1: Premature end of file.
2026-04-14 13:11:52,399 [ERROR] LogOutputStream:75 - [STDERR_REDIRECT] 
2026-04-14 13:11:53,866 [ERROR] LogOutputStream:75 - [STDERR_REDIRECT] [Fatal Error] :1:1: Premature end of file.
2026-04-14 13:11:53,866 [ERROR] LogOutputStream:75 - [STDERR_REDIRECT] 
2026-04-14 13:11:54,428 [ERROR] LogOutputStream:75 - [STDERR_REDIRECT] [Fatal Error] :1:1: Premature end of file.
2026-04-14 13:11:54,428 [ERROR] LogOutputStream:75 - [STDERR_REDIRECT] 
2026-04-14 13:11:55,423 [ERROR] LogOutputStream:75 - [STDERR_REDIRECT] [Fatal Error] :1:1: Premature end of file.
2026-04-14 13:11:55,424 [ERROR] LogOutputStream:75 - [STDERR_REDIRECT] 
2026-04-14 13:11:56,416 [ERROR] LogOutputStream:75 - [STDERR_REDIRECT] [Fatal Error] :1:1: Premature end of file.
2026-04-14 13:11:56,417 [ERROR] LogOutputStream:75 - [STDERR_REDIRECT] 
2026-04-14 13:11:57,418 [ERROR] LogOutputStream:75 - [STDERR_REDIRECT] [Fatal Error] :1:1: Premature end of file.
2026-04-14 13:11:57,419 [ERROR] LogOutputStream:75 - [STDERR_REDIRECT] 
2026-04-14 13:11:58,427 [ERROR] LogOutputStream:75 - [STDERR_REDIRECT] [Fatal Error] :1:1: Premature end of file.
2026-04-14 13:11:58,428 [ERROR] LogOutputStream:75 - [STDERR_REDIRECT] 
2026-04-14 13:11:59,409 [ERROR] LogOutputStream:75 - [STDERR_REDIRECT] [Fatal Error] :1:1: Premature end of file.
2026-04-14 13:11:59,409 [ERROR] LogOutputStream:75 - [STDERR_REDIRECT] 
2026-04-14 13:12:00,415 [ERROR] LogOutputStream:75 - [STDERR_REDIRECT] [Fatal Error] :1:1: Premature end of file.
2026-04-14 13:12:00,415 [ERROR] LogOutputStream:75 - [STDERR_REDIRECT] 
2026-04-14 13:12:01,426 [ERROR] LogOutputStream:75 - [STDERR_REDIRECT] [Fatal Error] :1:1: Premature end of file.
2026-04-14 13:12:01,426 [ERROR] LogOutputStream:75 - [STDERR_REDIRECT] 
2026-04-14 13:12:02,415 [ERROR] LogOutputStream:75 - [STDERR_REDIRECT] [Fatal Error] :1:1: Premature end of file.
2026-04-14 13:12:02,416 [ERROR] LogOutputStream:75 - [STDERR_REDIRECT] 
2026-04-14 13:12:03,424 [ERROR] LogOutputStream:75 - [STDERR_REDIRECT] [Fatal Error] :1:1: Premature end of file.
2026-04-14 13:12:03,425 [ERROR] LogOutputStream:75 - [STDERR_REDIRECT] 
2026-04-14 13:12:04,397 [ERROR] LogOutputStream:75 - [STDERR_REDIRECT] [Fatal Error] :1:1: Premature end of file.
2026-04-14 13:12:04,397 [ERROR] LogOutputStream:75 - [STDERR_REDIRECT] 
2026-04-14 13:12:05,417 [ERROR] LogOutputStream:75 - [STDERR_REDIRECT] [Fatal Error] :1:1: Premature end of file.
2026-04-14 13:12:05,417 [ERROR] LogOutputStream:75 - [STDERR_REDIRECT] 
2026-04-14 13:12:06,416 [ERROR] LogOutputStream:75 - [STDERR_REDIRECT] [Fatal Error] :1:1: Premature end of file.
2026-04-14 13:12:06,416 [ERROR] LogOutputStream:75 - [STDERR_REDIRECT] 
2026-04-14 13:12:07,420 [ERROR] LogOutputStream:75 - [STDERR_REDIRECT] [Fatal Error] :1:1: Premature end of file.
2026-04-14 13:12:07,420 [ERROR] LogOutputStream:75 - [STDERR_REDIRECT] 
2026-04-14 13:12:08,421 [ERROR] LogOutputStream:75 - [STDERR_REDIRECT] [Fatal Error] :1:1: Premature end of file.
2026-04-14 13:12:08,422 [ERROR] LogOutputStream:75 - [STDERR_REDIRECT] 
2026-04-14 13:12:09,419 [ERROR] LogOutputStream:75 - [STDERR_REDIRECT] [Fatal Error] :1:1: Premature end of file.
2026-04-14 13:12:09,419 [ERROR] LogOutputStream:75 - [STDERR_REDIRECT] 
2026-04-14 13:12:10,399 [ERROR] LogOutputStream:75 - [STDERR_REDIRECT] [Fatal Error] :1:1: Premature end of file.
2026-04-14 13:12:10,400 [ERROR] LogOutputStream:75 - [STDERR_REDIRECT] 
2026-04-14 13:12:11,406 [ERROR] LogOutputStream:75 - [STDERR_REDIRECT] [Fatal Error] :1:1: Premature end of file.
2026-04-14 13:12:11,407 [ERROR] LogOutputStream:75 - [STDERR_REDIRECT] 
2026-04-14 13:12:12,389 [ERROR] LogOutputStream:75 - [STDERR_REDIRECT] [Fatal Error] :1:1: Premature end of file.
2026-04-14 13:12:12,389 [ERROR] LogOutputStream:75 - [STDERR_REDIRECT] 
2026-04-14 13:12:13,388 [ERROR] LogOutputStream:75 - [STDERR_REDIRECT] [Fatal Error] :1:1: Premature end of file.
2026-04-14 13:12:13,388 [ERROR] LogOutputStream:75 - [STDERR_REDIRECT] 
2026-04-14 13:12:14,405 [ERROR] LogOutputStream:75 - [STDERR_REDIRECT] [Fatal Error] :1:1: Premature end of file.
2026-04-14 13:12:14,405 [ERROR] LogOutputStream:75 - [STDERR_REDIRECT] 
2026-04-14 13:12:15,389 [ERROR] LogOutputStream:75 - [STDERR_REDIRECT] [Fatal Error] :1:1: Premature end of file.
2026-04-14 13:12:15,389 [ERROR] LogOutputStream:75 - [STDERR_REDIRECT] 
2026-04-14 13:12:16,387 [ERROR] LogOutputStream:75 - [STDERR_REDIRECT] [Fatal Error] :1:1: Premature end of file.
2026-04-14 13:12:16,388 [ERROR] LogOutputStream:75 - [STDERR_REDIRECT] 
2026-04-14 13:12:17,382 [ERROR] LogOutputStream:75 - [STDERR_REDIRECT] [Fatal Error] :1:1: Premature end of file.
2026-04-14 13:12:17,384 [ERROR] LogOutputStream:75 - [STDERR_REDIRECT] 
2026-04-14 13:12:18,452 [ERROR] LogOutputStream:75 - [STDERR_REDIRECT] [Fatal Error] :1:1: Premature end of file.
2026-04-14 13:12:18,452 [ERROR] LogOutputStream:75 - [STDERR_REDIRECT] 
2026-04-14 13:12:19,398 [ERROR] LogOutputStream:75 - [STDERR_REDIRECT] [Fatal Error] :1:1: Premature end of file.
2026-04-14 13:12:19,398 [ERROR] LogOutputStream:75 - [STDERR_REDIRECT] 
2026-04-14 13:12:20,386 [ERROR] LogOutputStream:75 - [STDERR_REDIRECT] [Fatal Error] :1:1: Premature end of file.
2026-04-14 13:12:20,386 [ERROR] LogOutputStream:75 - [STDERR_REDIRECT] 
2026-04-14 13:12:21,403 [ERROR] LogOutputStream:75 - [STDERR_REDIRECT] [Fatal Error] :1:1: Premature end of file.
2026-04-14 13:12:21,403 [ERROR] LogOutputStream:75 - [STDERR_REDIRECT] 
2026-04-14 13:12:22,412 [ERROR] LogOutputStream:75 - [STDERR_REDIRECT] [Fatal Error] :1:1: Premature end of file.
2026-04-14 13:12:22,412 [ERROR] LogOutputStream:75 - [STDERR_REDIRECT] 
2026-04-14 13:12:23,405 [ERROR] LogOutputStream:75 - [STDERR_REDIRECT] [Fatal Error] :1:1: Premature end of file.
2026-04-14 13:12:23,405 [ERROR] LogOutputStream:75 - [STDERR_REDIRECT] 
2026-04-14 13:12:24,412 [ERROR] LogOutputStream:75 - [STDERR_REDIRECT] [Fatal Error] :1:1: Premature end of file.
2026-04-14 13:12:24,412 [ERROR] LogOutputStream:75 - [STDERR_REDIRECT] 
2026-04-14 13:12:25,409 [ERROR] LogOutputStream:75 - [STDERR_REDIRECT] [Fatal Error] :1:1: Premature end of file.
2026-04-14 13:12:25,409 [ERROR] LogOutputStream:75 - [STDERR_REDIRECT] 
2026-04-14 13:12:26,422 [ERROR] LogOutputStream:75 - [STDERR_REDIRECT] [Fatal Error] :1:1: Premature end of file.
2026-04-14 13:12:26,422 [ERROR] LogOutputStream:75 - [STDERR_REDIRECT] 
2026-04-14 13:12:27,409 [ERROR] LogOutputStream:75 - [STDERR_REDIRECT] [Fatal Error] :1:1: Premature end of file.
2026-04-14 13:12:27,410 [ERROR] LogOutputStream:75 - [STDERR_REDIRECT] 
2026-04-14 13:12:28,408 [ERROR] LogOutputStream:75 - [STDERR_REDIRECT] [Fatal Error] :1:1: Premature end of file.
2026-04-14 13:12:28,409 [ERROR] LogOutputStream:75 - [STDERR_REDIRECT] 
2026-04-14 13:12:29,404 [ERROR] LogOutputStream:75 - [STDERR_REDIRECT] [Fatal Error] :1:1: Premature end of file.
2026-04-14 13:12:29,405 [ERROR] LogOutputStream:75 - [STDERR_REDIRECT] 
2026-04-14 13:12:30,402 [ERROR] LogOutputStream:75 - [STDERR_REDIRECT] [Fatal Error] :1:1: Premature end of file.
2026-04-14 13:12:30,403 [ERROR] LogOutputStream:75 - [STDERR_REDIRECT] 
2026-04-14 13:12:31,401 [ERROR] LogOutputStream:75 - [STDERR_REDIRECT] [Fatal Error] :1:1: Premature end of file.
2026-04-14 13:12:31,401 [ERROR] LogOutputStream:75 - [STDERR_REDIRECT] 
2026-04-14 13:12:32,411 [ERROR] LogOutputStream:75 - [STDERR_REDIRECT] [Fatal Error] :1:1: Premature end of file.
2026-04-14 13:12:32,411 [ERROR] LogOutputStream:75 - [STDERR_REDIRECT] 
2026-04-14 13:12:33,413 [ERROR] LogOutputStream:75 - [STDERR_REDIRECT] [Fatal Error] :1:1: Premature end of file.
2026-04-14 13:12:33,413 [ERROR] LogOutputStream:75 - [STDERR_REDIRECT] 
2026-04-14 13:12:34,414 [ERROR] LogOutputStream:75 - [STDERR_REDIRECT] [Fatal Error] :1:1: Premature end of file.
2026-04-14 13:12:34,414 [ERROR] LogOutputStream:75 - [STDERR_REDIRECT] 
2026-04-14 13:12:35,413 [ERROR] LogOutputStream:75 - [STDERR_REDIRECT] [Fatal Error] :1:1: Premature end of file.
2026-04-14 13:12:35,414 [ERROR] LogOutputStream:75 - [STDERR_REDIRECT] 
2026-04-14 13:12:36,395 [ERROR] LogOutputStream:75 - [STDERR_REDIRECT] [Fatal Error] :1:1: Premature end of file.
2026-04-14 13:12:36,396 [ERROR] LogOutputStream:75 - [STDERR_REDIRECT] 
2026-04-14 13:12:37,402 [ERROR] LogOutputStream:75 - [STDERR_REDIRECT] [Fatal Error] :1:1: Premature end of file.
2026-04-14 13:12:37,402 [ERROR] LogOutputStream:75 - [STDERR_REDIRECT] 
2026-04-14 13:12:38,399 [ERROR] LogOutputStream:75 - [STDERR_REDIRECT] [Fatal Error] :1:1: Premature end of file.
2026-04-14 13:12:38,399 [ERROR] LogOutputStream:75 - [STDERR_REDIRECT] 
2026-04-14 13:12:39,402 [ERROR] LogOutputStream:75 - [STDERR_REDIRECT] [Fatal Error] :1:1: Premature end of file.
2026-04-14 13:12:39,402 [ERROR] LogOutputStream:75 - [STDERR_REDIRECT] 
2026-04-14 13:12:40,402 [ERROR] LogOutputStream:75 - [STDERR_REDIRECT] [Fatal Error] :1:1: Premature end of file.
2026-04-14 13:12:40,403 [ERROR] LogOutputStream:75 - [STDERR_REDIRECT] 
2026-04-14 13:12:41,386 [ERROR] LogOutputStream:75 - [STDERR_REDIRECT] [Fatal Error] :1:1: Premature end of file.
2026-04-14 13:12:41,386 [ERROR] LogOutputStream:75 - [STDERR_REDIRECT] 
2026-04-14 13:12:42,386 [ERROR] LogOutputStream:75 - [STDERR_REDIRECT] [Fatal Error] :1:1: Premature end of file.
2026-04-14 13:12:42,386 [ERROR] LogOutputStream:75 - [STDERR_REDIRECT] 
2026-04-14 13:12:43,382 [ERROR] LogOutputStream:75 - [STDERR_REDIRECT] [Fatal Error] :1:1: Premature end of file.
2026-04-14 13:12:43,382 [ERROR] LogOutputStream:75 - [STDERR_REDIRECT] 
2026-04-14 13:12:44,426 [ERROR] LogOutputStream:75 - [STDERR_REDIRECT] [Fatal Error] :1:1: Premature end of file.
2026-04-14 13:12:44,426 [ERROR] LogOutputStream:75 - [STDERR_REDIRECT] 
2026-04-14 13:12:45,415 [ERROR] LogOutputStream:75 - [STDERR_REDIRECT] [Fatal Error] :1:1: Premature end of file.
2026-04-14 13:12:45,415 [ERROR] LogOutputStream:75 - [STDERR_REDIRECT] 
2026-04-14 13:12:46,399 [ERROR] LogOutputStream:75 - [STDERR_REDIRECT] [Fatal Error] :1:1: Premature end of file.
2026-04-14 13:12:46,400 [ERROR] LogOutputStream:75 - [STDERR_REDIRECT] 
2026-04-14 13:12:47,444 [ERROR] LogOutputStream:75 - [STDERR_REDIRECT] [Fatal Error] :1:1: Premature end of file.
2026-04-14 13:12:47,444 [ERROR] LogOutputStream:75 - [STDERR_REDIRECT] 
2026-04-14 13:12:48,434 [ERROR] LogOutputStream:75 - [STDERR_REDIRECT] [Fatal Error] :1:1: Premature end of file.
2026-04-14 13:12:48,435 [ERROR] LogOutputStream:75 - [STDERR_REDIRECT] 
2026-04-14 13:12:49,446 [ERROR] LogOutputStream:75 - [STDERR_REDIRECT] [Fatal Error] :1:1: Premature end of file.
2026-04-14 13:12:49,447 [ERROR] LogOutputStream:75 - [STDERR_REDIRECT] 
2026-04-14 13:12:50,427 [ERROR] LogOutputStream:75 - [STDERR_REDIRECT] [Fatal Error] :1:1: Premature end of file.
2026-04-14 13:12:50,427 [ERROR] LogOutputStream:75 - [STDERR_REDIRECT] 
2026-04-14 13:12:51,408 [ERROR] LogOutputStream:75 - [STDERR_REDIRECT] [Fatal Error] :1:1: Premature end of file.
2026-04-14 13:12:51,409 [ERROR] LogOutputStream:75 - [STDERR_REDIRECT] 
2026-04-14 13:12:52,416 [ERROR] LogOutputStream:75 - [STDERR_REDIRECT] [Fatal Error] :1:1: Premature end of file.
2026-04-14 13:12:52,416 [ERROR] LogOutputStream:75 - [STDERR_REDIRECT] 
2026-04-14 13:12:53,462 [ERROR] LogOutputStream:75 - [STDERR_REDIRECT] [Fatal Error] :1:1: Premature end of file.
2026-04-14 13:12:53,463 [ERROR] LogOutputStream:75 - [STDERR_REDIRECT] 
2026-04-14 13:12:54,418 [ERROR] LogOutputStream:75 - [STDERR_REDIRECT] [Fatal Error] :1:1: Premature end of file.
2026-04-14 13:12:54,419 [ERROR] LogOutputStream:75 - [STDERR_REDIRECT] 
2026-04-14 13:12:55,433 [ERROR] LogOutputStream:75 - [STDERR_REDIRECT] [Fatal Error] :1:1: Premature end of file.
2026-04-14 13:12:55,433 [ERROR] LogOutputStream:75 - [STDERR_REDIRECT] 
2026-04-14 13:12:56,429 [ERROR] LogOutputStream:75 - [STDERR_REDIRECT] [Fatal Error] :1:1: Premature end of file.
2026-04-14 13:12:56,429 [ERROR] LogOutputStream:75 - [STDERR_REDIRECT] 
2026-04-14 13:12:57,419 [ERROR] LogOutputStream:75 - [STDERR_REDIRECT] [Fatal Error] :1:1: Premature end of file.
2026-04-14 13:12:57,419 [ERROR] LogOutputStream:75 - [STDERR_REDIRECT] 
2026-04-14 13:12:58,409 [ERROR] LogOutputStream:75 - [STDERR_REDIRECT] [Fatal Error] :1:1: Premature end of file.
2026-04-14 13:12:58,409 [ERROR] LogOutputStream:75 - [STDERR_REDIRECT] 
2026-04-14 13:12:59,416 [ERROR] LogOutputStream:75 - [STDERR_REDIRECT] [Fatal Error] :1:1: Premature end of file.
2026-04-14 13:12:59,417 [ERROR] LogOutputStream:75 - [STDERR_REDIRECT] 
2026-04-14 13:13:00,441 [ERROR] LogOutputStream:75 - [STDERR_REDIRECT] [Fatal Error] :1:1: Premature end of file.
2026-04-14 13:13:00,442 [ERROR] LogOutputStream:75 - [STDERR_REDIRECT] 
2026-04-14 13:13:01,420 [ERROR] LogOutputStream:75 - [STDERR_REDIRECT] [Fatal Error] :1:1: Premature end of file.
2026-04-14 13:13:01,421 [ERROR] LogOutputStream:75 - [STDERR_REDIRECT] 
2026-04-14 13:13:02,423 [ERROR] LogOutputStream:75 - [STDERR_REDIRECT] [Fatal Error] :1:1: Premature end of file.
2026-04-14 13:13:02,423 [ERROR] LogOutputStream:75 - [STDERR_REDIRECT] 
2026-04-14 13:13:03,413 [ERROR] LogOutputStream:75 - [STDERR_REDIRECT] [Fatal Error] :1:1: Premature end of file.
2026-04-14 13:13:03,414 [ERROR] LogOutputStream:75 - [STDERR_REDIRECT] 
2026-04-14 13:13:04,423 [ERROR] LogOutputStream:75 - [STDERR_REDIRECT] [Fatal Error] :1:1: Premature end of file.
2026-04-14 13:13:04,424 [ERROR] LogOutputStream:75 - [STDERR_REDIRECT] 
2026-04-14 13:13:05,454 [ERROR] LogOutputStream:75 - [STDERR_REDIRECT] [Fatal Error] :1:1: Premature end of file.
2026-04-14 13:13:05,454 [ERROR] LogOutputStream:75 - [STDERR_REDIRECT] 
2026-04-14 13:13:06,421 [ERROR] LogOutputStream:75 - [STDERR_REDIRECT] [Fatal Error] :1:1: Premature end of file.
2026-04-14 13:13:06,421 [ERROR] LogOutputStream:75 - [STDERR_REDIRECT] 
2026-04-14 13:13:07,455 [ERROR] LogOutputStream:75 - [STDERR_REDIRECT] [Fatal Error] :1:1: Premature end of file.
2026-04-14 13:13:07,455 [ERROR] LogOutputStream:75 - [STDERR_REDIRECT] 
2026-04-14 13:13:08,425 [ERROR] LogOutputStream:75 - [STDERR_REDIRECT] [Fatal Error] :1:1: Premature end of file.
2026-04-14 13:13:08,425 [ERROR] LogOutputStream:75 - [STDERR_REDIRECT] 
2026-04-14 13:13:09,416 [ERROR] LogOutputStream:75 - [STDERR_REDIRECT] [Fatal Error] :1:1: Premature end of file.
2026-04-14 13:13:09,416 [ERROR] LogOutputStream:75 - [STDERR_REDIRECT] 
2026-04-14 13:13:10,415 [ERROR] LogOutputStream:75 - [STDERR_REDIRECT] [Fatal Error] :1:1: Premature end of file.
2026-04-14 13:13:10,415 [ERROR] LogOutputStream:75 - [STDERR_REDIRECT] 
2026-04-14 13:13:11,414 [ERROR] LogOutputStream:75 - [STDERR_REDIRECT] [Fatal Error] :1:1: Premature end of file.
2026-04-14 13:13:11,414 [ERROR] LogOutputStream:75 - [STDERR_REDIRECT] 
2026-04-14 13:13:12,404 [ERROR] LogOutputStream:75 - [STDERR_REDIRECT] [Fatal Error] :1:1: Premature end of file.
2026-04-14 13:13:12,404 [ERROR] LogOutputStream:75 - [STDERR_REDIRECT] 
2026-04-14 13:13:13,421 [ERROR] LogOutputStream:75 - [STDERR_REDIRECT] [Fatal Error] :1:1: Premature end of file.
2026-04-14 13:13:13,421 [ERROR] LogOutputStream:75 - [STDERR_REDIRECT] 
2026-04-14 13:13:14,436 [ERROR] LogOutputStream:75 - [STDERR_REDIRECT] [Fatal Error] :1:1: Premature end of file.
2026-04-14 13:13:14,436 [ERROR] LogOutputStream:75 - [STDERR_REDIRECT] 
2026-04-14 13:13:15,420 [ERROR] LogOutputStream:75 - [STDERR_REDIRECT] [Fatal Error] :1:1: Premature end of file.
2026-04-14 13:13:15,420 [ERROR] LogOutputStream:75 - [STDERR_REDIRECT] 
2026-04-14 13:13:16,407 [ERROR] LogOutputStream:75 - [STDERR_REDIRECT] [Fatal Error] :1:1: Premature end of file.
2026-04-14 13:13:16,407 [ERROR] LogOutputStream:75 - [STDERR_REDIRECT] 
2026-04-14 13:13:17,386 [ERROR] LogOutputStream:75 - [STDERR_REDIRECT] [Fatal Error] :1:1: Premature end of file.
2026-04-14 13:13:17,386 [ERROR] LogOutputStream:75 - [STDERR_REDIRECT] 
2026-04-14 13:13:18,408 [ERROR] LogOutputStream:75 - [STDERR_REDIRECT] [Fatal Error] :1:1: Premature end of file.
2026-04-14 13:13:18,409 [ERROR] LogOutputStream:75 - [STDERR_REDIRECT] 
2026-04-14 13:13:19,424 [ERROR] LogOutputStream:75 - [STDERR_REDIRECT] [Fatal Error] :1:1: Premature end of file.
2026-04-14 13:13:19,425 [ERROR] LogOutputStream:75 - [STDERR_REDIRECT] 
2026-04-14 13:13:20,414 [ERROR] LogOutputStream:75 - [STDERR_REDIRECT] [Fatal Error] :1:1: Premature end of file.
2026-04-14 13:13:20,415 [ERROR] LogOutputStream:75 - [STDERR_REDIRECT] 
2026-04-14 13:13:21,433 [ERROR] LogOutputStream:75 - [STDERR_REDIRECT] [Fatal Error] :1:1: Premature end of file.
2026-04-14 13:13:21,433 [ERROR] LogOutputStream:75 - [STDERR_REDIRECT] 
2026-04-14 13:13:22,420 [ERROR] LogOutputStream:75 - [STDERR_REDIRECT] [Fatal Error] :1:1: Premature end of file.
2026-04-14 13:13:22,420 [ERROR] LogOutputStream:75 - [STDERR_REDIRECT] 
2026-04-14 13:13:23,395 [ERROR] LogOutputStream:75 - [STDERR_REDIRECT] [Fatal Error] :1:1: Premature end of file.
2026-04-14 13:13:23,396 [ERROR] LogOutputStream:75 - [STDERR_REDIRECT] 
2026-04-14 13:13:24,424 [ERROR] LogOutputStream:75 - [STDERR_REDIRECT] [Fatal Error] :1:1: Premature end of file.
2026-04-14 13:13:24,425 [ERROR] LogOutputStream:75 - [STDERR_REDIRECT] 
2026-04-14 13:13:25,423 [ERROR] LogOutputStream:75 - [STDERR_REDIRECT] [Fatal Error] :1:1: Premature end of file.
2026-04-14 13:13:25,423 [ERROR] LogOutputStream:75 - [STDERR_REDIRECT] 
2026-04-14 13:13:26,418 [ERROR] LogOutputStream:75 - [STDERR_REDIRECT] [Fatal Error] :1:1: Premature end of file.
2026-04-14 13:13:26,419 [ERROR] LogOutputStream:75 - [STDERR_REDIRECT] 
2026-04-14 13:13:27,422 [ERROR] LogOutputStream:75 - [STDERR_REDIRECT] [Fatal Error] :1:1: Premature end of file.
2026-04-14 13:13:27,422 [ERROR] LogOutputStream:75 - [STDERR_REDIRECT] 
2026-04-14 13:13:28,416 [ERROR] LogOutputStream:75 - [STDERR_REDIRECT] [Fatal Error] :1:1: Premature end of file.
2026-04-14 13:13:28,416 [ERROR] LogOutputStream:75 - [STDERR_REDIRECT] 
2026-04-14 13:13:29,409 [ERROR] LogOutputStream:75 - [STDERR_REDIRECT] [Fatal Error] :1:1: Premature end of file.
2026-04-14 13:13:29,409 [ERROR] LogOutputStream:75 - [STDERR_REDIRECT] 
2026-04-14 13:13:30,420 [ERROR] LogOutputStream:75 - [STDERR_REDIRECT] [Fatal Error] :1:1: Premature end of file.
2026-04-14 13:13:30,420 [ERROR] LogOutputStream:75 - [STDERR_REDIRECT] 
2026-04-14 13:13:31,411 [ERROR] LogOutputStream:75 - [STDERR_REDIRECT] [Fatal Error] :1:1: Premature end of file.
2026-04-14 13:13:31,412 [ERROR] LogOutputStream:75 - [STDERR_REDIRECT] 
2026-04-14 13:13:32,399 [ERROR] LogOutputStream:75 - [STDERR_REDIRECT] [Fatal Error] :1:1: Premature end of file.
2026-04-14 13:13:32,400 [ERROR] LogOutputStream:75 - [STDERR_REDIRECT] 
2026-04-14 13:13:33,400 [ERROR] LogOutputStream:75 - [STDERR_REDIRECT] [Fatal Error] :1:1: Premature end of file.
2026-04-14 13:13:33,400 [ERROR] LogOutputStream:75 - [STDERR_REDIRECT] 
2026-04-14 13:13:34,393 [ERROR] LogOutputStream:75 - [STDERR_REDIRECT] [Fatal Error] :1:1: Premature end of file.
2026-04-14 13:13:34,393 [ERROR] LogOutputStream:75 - [STDERR_REDIRECT] 
2026-04-14 13:13:35,413 [ERROR] LogOutputStream:75 - [STDERR_REDIRECT] [Fatal Error] :1:1: Premature end of file.
2026-04-14 13:13:35,413 [ERROR] LogOutputStream:75 - [STDERR_REDIRECT] 
2026-04-14 13:13:36,395 [ERROR] LogOutputStream:75 - [STDERR_REDIRECT] [Fatal Error] :1:1: Premature end of file.
2026-04-14 13:13:36,395 [ERROR] LogOutputStream:75 - [STDERR_REDIRECT] 
2026-04-14 13:13:37,403 [ERROR] LogOutputStream:75 - [STDERR_REDIRECT] [Fatal Error] :1:1: Premature end of file.
2026-04-14 13:13:37,404 [ERROR] LogOutputStream:75 - [STDERR_REDIRECT] 
2026-04-14 13:13:38,409 [ERROR] LogOutputStream:75 - [STDERR_REDIRECT] [Fatal Error] :1:1: Premature end of file.
2026-04-14 13:13:38,409 [ERROR] LogOutputStream:75 - [STDERR_REDIRECT] 
2026-04-14 13:13:39,391 [ERROR] LogOutputStream:75 - [STDERR_REDIRECT] [Fatal Error] :1:1: Premature end of file.
2026-04-14 13:13:39,391 [ERROR] LogOutputStream:75 - [STDERR_REDIRECT] 
2026-04-14 13:13:40,405 [ERROR] LogOutputStream:75 - [STDERR_REDIRECT] [Fatal Error] :1:1: Premature end of file.
2026-04-14 13:13:40,406 [ERROR] LogOutputStream:75 - [STDERR_REDIRECT] 
2026-04-14 13:13:41,382 [ERROR] LogOutputStream:75 - [STDERR_REDIRECT] [Fatal Error] :1:1: Premature end of file.
2026-04-14 13:13:41,382 [ERROR] LogOutputStream:75 - [STDERR_REDIRECT] 
2026-04-14 13:13:42,380 [ERROR] LogOutputStream:75 - [STDERR_REDIRECT] [Fatal Error] :1:1: Premature end of file.
2026-04-14 13:13:42,380 [ERROR] LogOutputStream:75 - [STDERR_REDIRECT] 
2026-04-14 13:13:43,391 [ERROR] LogOutputStream:75 - [STDERR_REDIRECT] [Fatal Error] :1:1: Premature end of file.
2026-04-14 13:13:43,391 [ERROR] LogOutputStream:75 - [STDERR_REDIRECT] 
2026-04-14 13:13:44,390 [ERROR] LogOutputStream:75 - [STDERR_REDIRECT] [Fatal Error] :1:1: Premature end of file.
2026-04-14 13:13:44,390 [ERROR] LogOutputStream:75 - [STDERR_REDIRECT] 
2026-04-14 13:13:45,399 [ERROR] LogOutputStream:75 - [STDERR_REDIRECT] [Fatal Error] :1:1: Premature end of file.
2026-04-14 13:13:45,399 [ERROR] LogOutputStream:75 - [STDERR_REDIRECT] 
2026-04-14 13:13:46,405 [ERROR] LogOutputStream:75 - [STDERR_REDIRECT] [Fatal Error] :1:1: Premature end of file.
2026-04-14 13:13:46,405 [ERROR] LogOutputStream:75 - [STDERR_REDIRECT] 
2026-04-14 13:13:47,383 [ERROR] LogOutputStream:75 - [STDERR_REDIRECT] [Fatal Error] :1:1: Premature end of file.
2026-04-14 13:13:47,384 [ERROR] LogOutputStream:75 - [STDERR_REDIRECT] 
2026-04-14 13:13:48,388 [ERROR] LogOutputStream:75 - [STDERR_REDIRECT] [Fatal Error] :1:1: Premature end of file.
2026-04-14 13:13:48,388 [ERROR] LogOutputStream:75 - [STDERR_REDIRECT] 
2026-04-14 13:13:49,431 [ERROR] LogOutputStream:75 - [STDERR_REDIRECT] [Fatal Error] :1:1: Premature end of file.
2026-04-14 13:13:49,432 [ERROR] LogOutputStream:75 - [STDERR_REDIRECT] 
2026-04-14 13:13:50,424 [ERROR] LogOutputStream:75 - [STDERR_REDIRECT] [Fatal Error] :1:1: Premature end of file.
2026-04-14 13:13:50,424 [ERROR] LogOutputStream:75 - [STDERR_REDIRECT] 
2026-04-14 13:13:51,421 [ERROR] LogOutputStream:75 - [STDERR_REDIRECT] [Fatal Error] :1:1: Premature end of file.
2026-04-14 13:13:51,421 [ERROR] LogOutputStream:75 - [STDERR_REDIRECT] 
2026-04-14 13:13:52,396 [ERROR] LogOutputStream:75 - [STDERR_REDIRECT] [Fatal Error] :1:1: Premature end of file.
2026-04-14 13:13:52,397 [ERROR] LogOutputStream:75 - [STDERR_REDIRECT] 
2026-04-14 13:13:53,412 [ERROR] LogOutputStream:75 - [STDERR_REDIRECT] [Fatal Error] :1:1: Premature end of file.
2026-04-14 13:13:53,413 [ERROR] LogOutputStream:75 - [STDERR_REDIRECT] 
2026-04-14 13:13:54,430 [ERROR] LogOutputStream:75 - [STDERR_REDIRECT] [Fatal Error] :1:1: Premature end of file.
2026-04-14 13:13:54,431 [ERROR] LogOutputStream:75 - [STDERR_REDIRECT] 
2026-04-14 13:13:55,403 [ERROR] LogOutputStream:75 - [STDERR_REDIRECT] [Fatal Error] :1:1: Premature end of file.
2026-04-14 13:13:55,404 [ERROR] LogOutputStream:75 - [STDERR_REDIRECT] 
2026-04-14 13:13:56,408 [ERROR] LogOutputStream:75 - [STDERR_REDIRECT] [Fatal Error] :1:1: Premature end of file.
2026-04-14 13:13:56,409 [ERROR] LogOutputStream:75 - [STDERR_REDIRECT] 
2026-04-14 13:13:57,424 [ERROR] LogOutputStream:75 - [STDERR_REDIRECT] [Fatal Error] :1:1: Premature end of file.
2026-04-14 13:13:57,424 [ERROR] LogOutputStream:75 - [STDERR_REDIRECT] 
2026-04-14 13:13:58,415 [ERROR] LogOutputStream:75 - [STDERR_REDIRECT] [Fatal Error] :1:1: Premature end of file.
2026-04-14 13:13:58,415 [ERROR] LogOutputStream:75 - [STDERR_REDIRECT] 
2026-04-14 13:13:59,416 [ERROR] LogOutputStream:75 - [STDERR_REDIRECT] [Fatal Error] :1:1: Premature end of file.
2026-04-14 13:13:59,417 [ERROR] LogOutputStream:75 - [STDERR_REDIRECT] 
2026-04-14 13:14:00,418 [ERROR] LogOutputStream:75 - [STDERR_REDIRECT] [Fatal Error] :1:1: Premature end of file.
2026-04-14 13:14:00,418 [ERROR] LogOutputStream:75 - [STDERR_REDIRECT] 
2026-04-14 13:14:01,429 [ERROR] LogOutputStream:75 - [STDERR_REDIRECT] [Fatal Error] :1:1: Premature end of file.
2026-04-14 13:14:01,430 [ERROR] LogOutputStream:75 - [STDERR_REDIRECT] 
2026-04-14 13:14:02,435 [ERROR] LogOutputStream:75 - [STDERR_REDIRECT] [Fatal Error] :1:1: Premature end of file.
2026-04-14 13:14:02,436 [ERROR] LogOutputStream:75 - [STDERR_REDIRECT] 
2026-04-14 13:14:03,421 [ERROR] LogOutputStream:75 - [STDERR_REDIRECT] [Fatal Error] :1:1: Premature end of file.
2026-04-14 13:14:03,421 [ERROR] LogOutputStream:75 - [STDERR_REDIRECT] 
2026-04-14 13:14:04,409 [ERROR] LogOutputStream:75 - [STDERR_REDIRECT] [Fatal Error] :1:1: Premature end of file.
2026-04-14 13:14:04,409 [ERROR] LogOutputStream:75 - [STDERR_REDIRECT] 
2026-04-14 13:14:05,406 [ERROR] LogOutputStream:75 - [STDERR_REDIRECT] [Fatal Error] :1:1: Premature end of file.
2026-04-14 13:14:05,406 [ERROR] LogOutputStream:75 - [STDERR_REDIRECT] 
2026-04-14 13:14:06,411 [ERROR] LogOutputStream:75 - [STDERR_REDIRECT] [Fatal Error] :1:1: Premature end of file.
2026-04-14 13:14:06,412 [ERROR] LogOutputStream:75 - [STDERR_REDIRECT] 
2026-04-14 13:14:07,408 [ERROR] LogOutputStream:75 - [STDERR_REDIRECT] [Fatal Error] :1:1: Premature end of file.
2026-04-14 13:14:07,408 [ERROR] LogOutputStream:75 - [STDERR_REDIRECT] 
2026-04-14 13:14:08,414 [ERROR] LogOutputStream:75 - [STDERR_REDIRECT] [Fatal Error] :1:1: Premature end of file.
2026-04-14 13:14:08,415 [ERROR] LogOutputStream:75 - [STDERR_REDIRECT] 
2026-04-14 13:14:09,413 [ERROR] LogOutputStream:75 - [STDERR_REDIRECT] [Fatal Error] :1:1: Premature end of file.
2026-04-14 13:14:09,415 [ERROR] LogOutputStream:75 - [STDERR_REDIRECT] 
2026-04-14 13:14:10,403 [ERROR] LogOutputStream:75 - [STDERR_REDIRECT] [Fatal Error] :1:1: Premature end of file.
2026-04-14 13:14:10,403 [ERROR] LogOutputStream:75 - [STDERR_REDIRECT] 
2026-04-14 13:14:11,411 [ERROR] LogOutputStream:75 - [STDERR_REDIRECT] [Fatal Error] :1:1: Premature end of file.
2026-04-14 13:14:11,411 [ERROR] LogOutputStream:75 - [STDERR_REDIRECT] 
2026-04-14 13:14:12,388 [ERROR] LogOutputStream:75 - [STDERR_REDIRECT] [Fatal Error] :1:1: Premature end of file.
2026-04-14 13:14:12,388 [ERROR] LogOutputStream:75 - [STDERR_REDIRECT] 
2026-04-14 13:14:13,413 [ERROR] LogOutputStream:75 - [STDERR_REDIRECT] [Fatal Error] :1:1: Premature end of file.
2026-04-14 13:14:13,413 [ERROR] LogOutputStream:75 - [STDERR_REDIRECT] 
2026-04-14 13:14:14,408 [ERROR] LogOutputStream:75 - [STDERR_REDIRECT] [Fatal Error] :1:1: Premature end of file.
2026-04-14 13:14:14,408 [ERROR] LogOutputStream:75 - [STDERR_REDIRECT] 
2026-04-14 13:14:15,403 [ERROR] LogOutputStream:75 - [STDERR_REDIRECT] [Fatal Error] :1:1: Premature end of file.
2026-04-14 13:14:15,403 [ERROR] LogOutputStream:75 - [STDERR_REDIRECT] 
2026-04-14 13:14:16,406 [ERROR] LogOutputStream:75 - [STDERR_REDIRECT] [Fatal Error] :1:1: Premature end of file.
2026-04-14 13:14:16,406 [ERROR] LogOutputStream:75 - [STDERR_REDIRECT] 
2026-04-14 13:14:17,409 [ERROR] LogOutputStream:75 - [STDERR_REDIRECT] [Fatal Error] :1:1: Premature end of file.
2026-04-14 13:14:17,410 [ERROR] LogOutputStream:75 - [STDERR_REDIRECT] 
2026-04-14 13:14:18,392 [ERROR] LogOutputStream:75 - [STDERR_REDIRECT] [Fatal Error] :1:1: Premature end of file.
2026-04-14 13:14:18,393 [ERROR] LogOutputStream:75 - [STDERR_REDIRECT] 
2026-04-14 13:14:19,412 [ERROR] LogOutputStream:75 - [STDERR_REDIRECT] [Fatal Error] :1:1: Premature end of file.
2026-04-14 13:14:19,413 [ERROR] LogOutputStream:75 - [STDERR_REDIRECT] 
2026-04-14 13:14:20,397 [ERROR] LogOutputStream:75 - [STDERR_REDIRECT] [Fatal Error] :1:1: Premature end of file.
2026-04-14 13:14:20,398 [ERROR] LogOutputStream:75 - [STDERR_REDIRECT] 
2026-04-14 13:14:21,398 [ERROR] LogOutputStream:75 - [STDERR_REDIRECT] [Fatal Error] :1:1: Premature end of file.
2026-04-14 13:14:21,398 [ERROR] LogOutputStream:75 - [STDERR_REDIRECT] 
2026-04-14 13:14:22,398 [ERROR] LogOutputStream:75 - [STDERR_REDIRECT] [Fatal Error] :1:1: Premature end of file.
2026-04-14 13:14:22,399 [ERROR] LogOutputStream:75 - [STDERR_REDIRECT] 
2026-04-14 13:14:23,396 [ERROR] LogOutputStream:75 - [STDERR_REDIRECT] [Fatal Error] :1:1: Premature end of file.
2026-04-14 13:14:23,396 [ERROR] LogOutputStream:75 - [STDERR_REDIRECT] 
2026-04-14 13:14:24,403 [ERROR] LogOutputStream:75 - [STDERR_REDIRECT] [Fatal Error] :1:1: Premature end of file.
2026-04-14 13:14:24,404 [ERROR] LogOutputStream:75 - [STDERR_REDIRECT] 
2026-04-14 13:14:25,398 [ERROR] LogOutputStream:75 - [STDERR_REDIRECT] [Fatal Error] :1:1: Premature end of file.
2026-04-14 13:14:25,399 [ERROR] LogOutputStream:75 - [STDERR_REDIRECT] 
2026-04-14 13:14:26,416 [ERROR] LogOutputStream:75 - [STDERR_REDIRECT] [Fatal Error] :1:1: Premature end of file.
2026-04-14 13:14:26,416 [ERROR] LogOutputStream:75 - [STDERR_REDIRECT] 
2026-04-14 13:14:27,395 [ERROR] LogOutputStream:75 - [STDERR_REDIRECT] [Fatal Error] :1:1: Premature end of file.
2026-04-14 13:14:27,395 [ERROR] LogOutputStream:75 - [STDERR_REDIRECT] 
2026-04-14 13:14:28,431 [ERROR] LogOutputStream:75 - [STDERR_REDIRECT] [Fatal Error] :1:1: Premature end of file.
2026-04-14 13:14:28,432 [ERROR] LogOutputStream:75 - [STDERR_REDIRECT] 
2026-04-14 13:14:29,412 [ERROR] LogOutputStream:75 - [STDERR_REDIRECT] [Fatal Error] :1:1: Premature end of file.
2026-04-14 13:14:29,413 [ERROR] LogOutputStream:75 - [STDERR_REDIRECT] 
2026-04-14 13:14:30,423 [ERROR] LogOutputStream:75 - [STDERR_REDIRECT] [Fatal Error] :1:1: Premature end of file.
2026-04-14 13:14:30,424 [ERROR] LogOutputStream:75 - [STDERR_REDIRECT] 
2026-04-14 13:14:31,417 [ERROR] LogOutputStream:75 - [STDERR_REDIRECT] [Fatal Error] :1:1: Premature end of file.
2026-04-14 13:14:31,417 [ERROR] LogOutputStream:75 - [STDERR_REDIRECT] 
2026-04-14 13:14:32,433 [ERROR] LogOutputStream:75 - [STDERR_REDIRECT] [Fatal Error] :1:1: Premature end of file.
2026-04-14 13:14:32,433 [ERROR] LogOutputStream:75 - [STDERR_REDIRECT] 
2026-04-14 13:14:33,409 [ERROR] LogOutputStream:75 - [STDERR_REDIRECT] [Fatal Error] :1:1: Premature end of file.
2026-04-14 13:14:33,409 [ERROR] LogOutputStream:75 - [STDERR_REDIRECT] 
2026-04-14 13:14:34,409 [ERROR] LogOutputStream:75 - [STDERR_REDIRECT] [Fatal Error] :1:1: Premature end of file.
2026-04-14 13:14:34,409 [ERROR] LogOutputStream:75 - [STDERR_REDIRECT] 
2026-04-14 13:14:35,392 [ERROR] LogOutputStream:75 - [STDERR_REDIRECT] [Fatal Error] :1:1: Premature end of file.
2026-04-14 13:14:35,392 [ERROR] LogOutputStream:75 - [STDERR_REDIRECT] 
2026-04-14 13:14:36,411 [ERROR] LogOutputStream:75 - [STDERR_REDIRECT] [Fatal Error] :1:1: Premature end of file.
2026-04-14 13:14:36,411 [ERROR] LogOutputStream:75 - [STDERR_REDIRECT] 
2026-04-14 13:14:37,412 [ERROR] LogOutputStream:75 - [STDERR_REDIRECT] [Fatal Error] :1:1: Premature end of file.
2026-04-14 13:14:37,413 [ERROR] LogOutputStream:75 - [STDERR_REDIRECT] 
2026-04-14 13:14:38,394 [ERROR] LogOutputStream:75 - [STDERR_REDIRECT] [Fatal Error] :1:1: Premature end of file.
2026-04-14 13:14:38,394 [ERROR] LogOutputStream:75 - [STDERR_REDIRECT] 
2026-04-14 13:14:39,395 [ERROR] LogOutputStream:75 - [STDERR_REDIRECT] [Fatal Error] :1:1: Premature end of file.
2026-04-14 13:14:39,395 [ERROR] LogOutputStream:75 - [STDERR_REDIRECT] 
2026-04-14 13:14:40,395 [ERROR] LogOutputStream:75 - [STDERR_REDIRECT] [Fatal Error] :1:1: Premature end of file.
2026-04-14 13:14:40,395 [ERROR] LogOutputStream:75 - [STDERR_REDIRECT] 
2026-04-14 13:14:41,412 [ERROR] LogOutputStream:75 - [STDERR_REDIRECT] [Fatal Error] :1:1: Premature end of file.
2026-04-14 13:14:41,412 [ERROR] LogOutputStream:75 - [STDERR_REDIRECT] 
2026-04-14 13:14:42,413 [ERROR] LogOutputStream:75 - [STDERR_REDIRECT] [Fatal Error] :1:1: Premature end of file.
2026-04-14 13:14:42,414 [ERROR] LogOutputStream:75 - [STDERR_REDIRECT] 
2026-04-14 13:14:43,403 [ERROR] LogOutputStream:75 - [STDERR_REDIRECT] [Fatal Error] :1:1: Premature end of file.
2026-04-14 13:14:43,404 [ERROR] LogOutputStream:75 - [STDERR_REDIRECT] 
2026-04-14 13:14:44,400 [ERROR] LogOutputStream:75 - [STDERR_REDIRECT] [Fatal Error] :1:1: Premature end of file.
2026-04-14 13:14:44,401 [ERROR] LogOutputStream:75 - [STDERR_REDIRECT] 
2026-04-14 13:14:45,399 [ERROR] LogOutputStream:75 - [STDERR_REDIRECT] [Fatal Error] :1:1: Premature end of file.
2026-04-14 13:14:45,399 [ERROR] LogOutputStream:75 - [STDERR_REDIRECT] 
2026-04-14 13:14:46,415 [ERROR] LogOutputStream:75 - [STDERR_REDIRECT] [Fatal Error] :1:1: Premature end of file.
2026-04-14 13:14:46,416 [ERROR] LogOutputStream:75 - [STDERR_REDIRECT] 
2026-04-14 13:14:47,381 [ERROR] LogOutputStream:75 - [STDERR_REDIRECT] [Fatal Error] :1:1: Premature end of file.
2026-04-14 13:14:47,382 [ERROR] LogOutputStream:75 - [STDERR_REDIRECT] 
2026-04-14 13:14:48,414 [ERROR] LogOutputStream:75 - [STDERR_REDIRECT] [Fatal Error] :1:1: Premature end of file.
2026-04-14 13:14:48,414 [ERROR] LogOutputStream:75 - [STDERR_REDIRECT] 
2026-04-14 13:14:49,494 [ERROR] LogOutputStream:75 - [STDERR_REDIRECT] [Fatal Error] :1:1: Premature end of file.
2026-04-14 13:14:49,495 [ERROR] LogOutputStream:75 - [STDERR_REDIRECT] 
2026-04-14 13:14:50,529 [ERROR] LogOutputStream:75 - [STDERR_REDIRECT] [Fatal Error] :1:1: Premature end of file.
2026-04-14 13:14:50,530 [ERROR] LogOutputStream:75 - [STDERR_REDIRECT] 
2026-04-14 13:14:51,635 [ERROR] LogOutputStream:75 - [STDERR_REDIRECT] [Fatal Error] :1:1: Premature end of file.
2026-04-14 13:14:51,636 [ERROR] LogOutputStream:75 - [STDERR_REDIRECT] 
2026-04-14 13:14:52,412 [ERROR] LogOutputStream:75 - [STDERR_REDIRECT] [Fatal Error] :1:1: Premature end of file.
2026-04-14 13:14:52,412 [ERROR] LogOutputStream:75 - [STDERR_REDIRECT] 
2026-04-14 13:14:53,415 [ERROR] LogOutputStream:75 - [STDERR_REDIRECT] [Fatal Error] :1:1: Premature end of file.
2026-04-14 13:14:53,415 [ERROR] LogOutputStream:75 - [STDERR_REDIRECT] 
2026-04-14 13:14:54,467 [ERROR] LogOutputStream:75 - [STDERR_REDIRECT] [Fatal Error] :1:1: Premature end of file.
2026-04-14 13:14:54,468 [ERROR] LogOutputStream:75 - [STDERR_REDIRECT] 
2026-04-14 13:14:55,424 [ERROR] LogOutputStream:75 - [STDERR_REDIRECT] [Fatal Error] :1:1: Premature end of file.
2026-04-14 13:14:55,424 [ERROR] LogOutputStream:75 - [STDERR_REDIRECT] 
2026-04-14 13:14:56,425 [ERROR] LogOutputStream:75 - [STDERR_REDIRECT] [Fatal Error] :1:1: Premature end of file.
2026-04-14 13:14:56,425 [ERROR] LogOutputStream:75 - [STDERR_REDIRECT] 
2026-04-14 13:14:57,419 [ERROR] LogOutputStream:75 - [STDERR_REDIRECT] [Fatal Error] :1:1: Premature end of file.
2026-04-14 13:14:57,420 [ERROR] LogOutputStream:75 - [STDERR_REDIRECT] 
2026-04-14 13:14:58,411 [ERROR] LogOutputStream:75 - [STDERR_REDIRECT] [Fatal Error] :1:1: Premature end of file.
2026-04-14 13:14:58,411 [ERROR] LogOutputStream:75 - [STDERR_REDIRECT] 
2026-04-14 13:14:59,396 [ERROR] LogOutputStream:75 - [STDERR_REDIRECT] [Fatal Error] :1:1: Premature end of file.
2026-04-14 13:14:59,396 [ERROR] LogOutputStream:75 - [STDERR_REDIRECT] 
2026-04-14 13:15:00,403 [ERROR] LogOutputStream:75 - [STDERR_REDIRECT] [Fatal Error] :1:1: Premature end of file.
2026-04-14 13:15:00,403 [ERROR] LogOutputStream:75 - [STDERR_REDIRECT] 
2026-04-14 13:15:01,386 [ERROR] LogOutputStream:75 - [STDERR_REDIRECT] [Fatal Error] :1:1: Premature end of file.
2026-04-14 13:15:01,386 [ERROR] LogOutputStream:75 - [STDERR_REDIRECT] 
2026-04-14 13:15:02,388 [ERROR] LogOutputStream:75 - [STDERR_REDIRECT] [Fatal Error] :1:1: Premature end of file.
2026-04-14 13:15:02,389 [ERROR] LogOutputStream:75 - [STDERR_REDIRECT] 
2026-04-14 13:15:03,398 [ERROR] LogOutputStream:75 - [STDERR_REDIRECT] [Fatal Error] :1:1: Premature end of file.
2026-04-14 13:15:03,399 [ERROR] LogOutputStream:75 - [STDERR_REDIRECT] 
2026-04-14 13:15:04,403 [ERROR] LogOutputStream:75 - [STDERR_REDIRECT] [Fatal Error] :1:1: Premature end of file.
2026-04-14 13:15:04,403 [ERROR] LogOutputStream:75 - [STDERR_REDIRECT] 
2026-04-14 13:15:05,427 [ERROR] LogOutputStream:75 - [STDERR_REDIRECT] [Fatal Error] :1:1: Premature end of file.
2026-04-14 13:15:05,428 [ERROR] LogOutputStream:75 - [STDERR_REDIRECT] 
2026-04-14 13:15:06,420 [ERROR] LogOutputStream:75 - [STDERR_REDIRECT] [Fatal Error] :1:1: Premature end of file.
2026-04-14 13:15:06,421 [ERROR] LogOutputStream:75 - [STDERR_REDIRECT] 
2026-04-14 13:15:07,429 [ERROR] LogOutputStream:75 - [STDERR_REDIRECT] [Fatal Error] :1:1: Premature end of file.
2026-04-14 13:15:07,430 [ERROR] LogOutputStream:75 - [STDERR_REDIRECT] 
2026-04-14 13:15:08,427 [ERROR] LogOutputStream:75 - [STDERR_REDIRECT] [Fatal Error] :1:1: Premature end of file.
2026-04-14 13:15:08,428 [ERROR] LogOutputStream:75 - [STDERR_REDIRECT] 
2026-04-14 13:15:09,417 [ERROR] LogOutputStream:75 - [STDERR_REDIRECT] [Fatal Error] :1:1: Premature end of file.
2026-04-14 13:15:09,417 [ERROR] LogOutputStream:75 - [STDERR_REDIRECT] 
2026-04-14 13:15:10,417 [ERROR] LogOutputStream:75 - [STDERR_REDIRECT] [Fatal Error] :1:1: Premature end of file.
2026-04-14 13:15:10,417 [ERROR] LogOutputStream:75 - [STDERR_REDIRECT] 
2026-04-14 13:15:11,419 [ERROR] LogOutputStream:75 - [STDERR_REDIRECT] [Fatal Error] :1:1: Premature end of file.
2026-04-14 13:15:11,420 [ERROR] LogOutputStream:75 - [STDERR_REDIRECT] 
2026-04-14 13:15:12,419 [ERROR] LogOutputStream:75 - [STDERR_REDIRECT] [Fatal Error] :1:1: Premature end of file.
2026-04-14 13:15:12,420 [ERROR] LogOutputStream:75 - [STDERR_REDIRECT] 
2026-04-14 13:15:13,422 [ERROR] LogOutputStream:75 - [STDERR_REDIRECT] [Fatal Error] :1:1: Premature end of file.
2026-04-14 13:15:13,422 [ERROR] LogOutputStream:75 - [STDERR_REDIRECT] 
2026-04-14 13:15:14,418 [ERROR] LogOutputStream:75 - [STDERR_REDIRECT] [Fatal Error] :1:1: Premature end of file.
2026-04-14 13:15:14,419 [ERROR] LogOutputStream:75 - [STDERR_REDIRECT] 
2026-04-14 13:15:15,424 [ERROR] LogOutputStream:75 - [STDERR_REDIRECT] [Fatal Error] :1:1: Premature end of file.
2026-04-14 13:15:15,425 [ERROR] LogOutputStream:75 - [STDERR_REDIRECT] 
2026-04-14 13:15:16,421 [ERROR] LogOutputStream:75 - [STDERR_REDIRECT] [Fatal Error] :1:1: Premature end of file.
2026-04-14 13:15:16,421 [ERROR] LogOutputStream:75 - [STDERR_REDIRECT] 
2026-04-14 13:15:17,412 [ERROR] LogOutputStream:75 - [STDERR_REDIRECT] [Fatal Error] :1:1: Premature end of file.
2026-04-14 13:15:17,413 [ERROR] LogOutputStream:75 - [STDERR_REDIRECT] 
2026-04-14 13:15:18,415 [ERROR] LogOutputStream:75 - [STDERR_REDIRECT] [Fatal Error] :1:1: Premature end of file.
2026-04-14 13:15:18,415 [ERROR] LogOutputStream:75 - [STDERR_REDIRECT] 
2026-04-14 13:15:19,385 [ERROR] LogOutputStream:75 - [STDERR_REDIRECT] [Fatal Error] :1:1: Premature end of file.
2026-04-14 13:15:19,385 [ERROR] LogOutputStream:75 - [STDERR_REDIRECT] 
2026-04-14 13:15:20,420 [ERROR] LogOutputStream:75 - [STDERR_REDIRECT] [Fatal Error] :1:1: Premature end of file.
2026-04-14 13:15:20,420 [ERROR] LogOutputStream:75 - [STDERR_REDIRECT] 
2026-04-14 13:15:21,410 [ERROR] LogOutputStream:75 - [STDERR_REDIRECT] [Fatal Error] :1:1: Premature end of file.
2026-04-14 13:15:21,410 [ERROR] LogOutputStream:75 - [STDERR_REDIRECT] 
2026-04-14 13:15:22,418 [ERROR] LogOutputStream:75 - [STDERR_REDIRECT] [Fatal Error] :1:1: Premature end of file.
2026-04-14 13:15:22,418 [ERROR] LogOutputStream:75 - [STDERR_REDIRECT] 
2026-04-14 13:15:23,417 [ERROR] LogOutputStream:75 - [STDERR_REDIRECT] [Fatal Error] :1:1: Premature end of file.
2026-04-14 13:15:23,418 [ERROR] LogOutputStream:75 - [STDERR_REDIRECT] 
2026-04-14 13:15:24,419 [ERROR] LogOutputStream:75 - [STDERR_REDIRECT] [Fatal Error] :1:1: Premature end of file.
2026-04-14 13:15:24,420 [ERROR] LogOutputStream:75 - [STDERR_REDIRECT] 
2026-04-14 13:15:25,442 [ERROR] LogOutputStream:75 - [STDERR_REDIRECT] [Fatal Error] :1:1: Premature end of file.
2026-04-14 13:15:25,443 [ERROR] LogOutputStream:75 - [STDERR_REDIRECT] 
2026-04-14 13:15:26,449 [ERROR] LogOutputStream:75 - [STDERR_REDIRECT] [Fatal Error] :1:1: Premature end of file.
2026-04-14 13:15:26,449 [ERROR] LogOutputStream:75 - [STDERR_REDIRECT] 
2026-04-14 13:15:27,417 [ERROR] LogOutputStream:75 - [STDERR_REDIRECT] [Fatal Error] :1:1: Premature end of file.
2026-04-14 13:15:27,419 [ERROR] LogOutputStream:75 - [STDERR_REDIRECT] 
2026-04-14 13:15:28,417 [ERROR] LogOutputStream:75 - [STDERR_REDIRECT] [Fatal Error] :1:1: Premature end of file.
2026-04-14 13:15:28,419 [ERROR] LogOutputStream:75 - [STDERR_REDIRECT] 
2026-04-14 13:15:29,431 [ERROR] LogOutputStream:75 - [STDERR_REDIRECT] [Fatal Error] :1:1: Premature end of file.
2026-04-14 13:15:29,431 [ERROR] LogOutputStream:75 - [STDERR_REDIRECT] 
2026-04-14 13:15:30,414 [ERROR] LogOutputStream:75 - [STDERR_REDIRECT] [Fatal Error] :1:1: Premature end of file.
2026-04-14 13:15:30,415 [ERROR] LogOutputStream:75 - [STDERR_REDIRECT] 
2026-04-14 13:15:31,419 [ERROR] LogOutputStream:75 - [STDERR_REDIRECT] [Fatal Error] :1:1: Premature end of file.
2026-04-14 13:15:31,419 [ERROR] LogOutputStream:75 - [STDERR_REDIRECT] 
2026-04-14 13:15:32,429 [ERROR] LogOutputStream:75 - [STDERR_REDIRECT] [Fatal Error] :1:1: Premature end of file.
2026-04-14 13:15:32,429 [ERROR] LogOutputStream:75 - [STDERR_REDIRECT] 
2026-04-14 13:15:33,436 [ERROR] LogOutputStream:75 - [STDERR_REDIRECT] [Fatal Error] :1:1: Premature end of file.
2026-04-14 13:15:33,437 [ERROR] LogOutputStream:75 - [STDERR_REDIRECT] 
2026-04-14 13:15:34,421 [ERROR] LogOutputStream:75 - [STDERR_REDIRECT] [Fatal Error] :1:1: Premature end of file.
2026-04-14 13:15:34,421 [ERROR] LogOutputStream:75 - [STDERR_REDIRECT] 
2026-04-14 13:15:35,415 [ERROR] LogOutputStream:75 - [STDERR_REDIRECT] [Fatal Error] :1:1: Premature end of file.
2026-04-14 13:15:35,415 [ERROR] LogOutputStream:75 - [STDERR_REDIRECT] 
2026-04-14 13:15:36,427 [ERROR] LogOutputStream:75 - [STDERR_REDIRECT] [Fatal Error] :1:1: Premature end of file.
2026-04-14 13:15:36,427 [ERROR] LogOutputStream:75 - [STDERR_REDIRECT] 
2026-04-14 13:15:37,421 [ERROR] LogOutputStream:75 - [STDERR_REDIRECT] [Fatal Error] :1:1: Premature end of file.
2026-04-14 13:15:37,421 [ERROR] LogOutputStream:75 - [STDERR_REDIRECT] 
2026-04-14 13:15:38,422 [ERROR] LogOutputStream:75 - [STDERR_REDIRECT] [Fatal Error] :1:1: Premature end of file.
2026-04-14 13:15:38,422 [ERROR] LogOutputStream:75 - [STDERR_REDIRECT] 
2026-04-14 13:15:39,437 [ERROR] LogOutputStream:75 - [STDERR_REDIRECT] [Fatal Error] :1:1: Premature end of file.
2026-04-14 13:15:39,437 [ERROR] LogOutputStream:75 - [STDERR_REDIRECT] 
2026-04-14 13:15:40,420 [ERROR] LogOutputStream:75 - [STDERR_REDIRECT] [Fatal Error] :1:1: Premature end of file.
2026-04-14 13:15:40,420 [ERROR] LogOutputStream:75 - [STDERR_REDIRECT] 
2026-04-14 13:15:41,424 [ERROR] LogOutputStream:75 - [STDERR_REDIRECT] [Fatal Error] :1:1: Premature end of file.
2026-04-14 13:15:41,424 [ERROR] LogOutputStream:75 - [STDERR_REDIRECT] 
2026-04-14 13:15:42,422 [ERROR] LogOutputStream:75 - [STDERR_REDIRECT] [Fatal Error] :1:1: Premature end of file.
2026-04-14 13:15:42,423 [ERROR] LogOutputStream:75 - [STDERR_REDIRECT] 
2026-04-14 13:15:43,420 [ERROR] LogOutputStream:75 - [STDERR_REDIRECT] [Fatal Error] :1:1: Premature end of file.
2026-04-14 13:15:43,421 [ERROR] LogOutputStream:75 - [STDERR_REDIRECT] 
2026-04-14 13:15:44,420 [ERROR] LogOutputStream:75 - [STDERR_REDIRECT] [Fatal Error] :1:1: Premature end of file.
2026-04-14 13:15:44,420 [ERROR] LogOutputStream:75 - [STDERR_REDIRECT] 
2026-04-14 13:15:45,421 [ERROR] LogOutputStream:75 - [STDERR_REDIRECT] [Fatal Error] :1:1: Premature end of file.
2026-04-14 13:15:45,421 [ERROR] LogOutputStream:75 - [STDERR_REDIRECT] 
2026-04-14 13:15:46,419 [ERROR] LogOutputStream:75 - [STDERR_REDIRECT] [Fatal Error] :1:1: Premature end of file.
2026-04-14 13:15:46,420 [ERROR] LogOutputStream:75 - [STDERR_REDIRECT] 
2026-04-14 13:15:47,420 [ERROR] LogOutputStream:75 - [STDERR_REDIRECT] [Fatal Error] :1:1: Premature end of file.
2026-04-14 13:15:47,420 [ERROR] LogOutputStream:75 - [STDERR_REDIRECT] 
2026-04-14 13:15:48,419 [ERROR] LogOutputStream:75 - [STDERR_REDIRECT] [Fatal Error] :1:1: Premature end of file.
2026-04-14 13:15:48,419 [ERROR] LogOutputStream:75 - [STDERR_REDIRECT] 
2026-04-14 13:15:49,412 [ERROR] LogOutputStream:75 - [STDERR_REDIRECT] [Fatal Error] :1:1: Premature end of file.
2026-04-14 13:15:49,413 [ERROR] LogOutputStream:75 - [STDERR_REDIRECT] 
2026-04-14 13:15:50,421 [ERROR] LogOutputStream:75 - [STDERR_REDIRECT] [Fatal Error] :1:1: Premature end of file.
2026-04-14 13:15:50,422 [ERROR] LogOutputStream:75 - [STDERR_REDIRECT] 
2026-04-14 13:15:51,414 [ERROR] LogOutputStream:75 - [STDERR_REDIRECT] [Fatal Error] :1:1: Premature end of file.
2026-04-14 13:15:51,415 [ERROR] LogOutputStream:75 - [STDERR_REDIRECT] 
2026-04-14 13:15:52,416 [ERROR] LogOutputStream:75 - [STDERR_REDIRECT] [Fatal Error] :1:1: Premature end of file.
2026-04-14 13:15:52,416 [ERROR] LogOutputStream:75 - [STDERR_REDIRECT] 
2026-04-14 13:15:53,419 [ERROR] LogOutputStream:75 - [STDERR_REDIRECT] [Fatal Error] :1:1: Premature end of file.
2026-04-14 13:15:53,419 [ERROR] LogOutputStream:75 - [STDERR_REDIRECT] 
2026-04-14 13:15:54,417 [ERROR] LogOutputStream:75 - [STDERR_REDIRECT] [Fatal Error] :1:1: Premature end of file.
2026-04-14 13:15:54,417 [ERROR] LogOutputStream:75 - [STDERR_REDIRECT] 
2026-04-14 13:15:55,434 [ERROR] LogOutputStream:75 - [STDERR_REDIRECT] [Fatal Error] :1:1: Premature end of file.
2026-04-14 13:15:55,435 [ERROR] LogOutputStream:75 - [STDERR_REDIRECT] 
2026-04-14 13:15:56,420 [ERROR] LogOutputStream:75 - [STDERR_REDIRECT] [Fatal Error] :1:1: Premature end of file.
2026-04-14 13:15:56,421 [ERROR] LogOutputStream:75 - [STDERR_REDIRECT] 
2026-04-14 13:15:57,423 [ERROR] LogOutputStream:75 - [STDERR_REDIRECT] [Fatal Error] :1:1: Premature end of file.
2026-04-14 13:15:57,423 [ERROR] LogOutputStream:75 - [STDERR_REDIRECT] 
2026-04-14 13:15:58,409 [ERROR] LogOutputStream:75 - [STDERR_REDIRECT] [Fatal Error] :1:1: Premature end of file.
2026-04-14 13:15:58,410 [ERROR] LogOutputStream:75 - [STDERR_REDIRECT] 
2026-04-14 13:15:59,423 [ERROR] LogOutputStream:75 - [STDERR_REDIRECT] [Fatal Error] :1:1: Premature end of file.
2026-04-14 13:15:59,423 [ERROR] LogOutputStream:75 - [STDERR_REDIRECT] 
2026-04-14 13:16:00,423 [ERROR] LogOutputStream:75 - [STDERR_REDIRECT] [Fatal Error] :1:1: Premature end of file.
2026-04-14 13:16:00,423 [ERROR] LogOutputStream:75 - [STDERR_REDIRECT] 
2026-04-14 13:16:01,413 [ERROR] LogOutputStream:75 - [STDERR_REDIRECT] [Fatal Error] :1:1: Premature end of file.
2026-04-14 13:16:01,413 [ERROR] LogOutputStream:75 - [STDERR_REDIRECT] 
2026-04-14 13:16:02,417 [ERROR] LogOutputStream:75 - [STDERR_REDIRECT] [Fatal Error] :1:1: Premature end of file.
2026-04-14 13:16:02,417 [ERROR] LogOutputStream:75 - [STDERR_REDIRECT] 
2026-04-14 13:16:03,418 [ERROR] LogOutputStream:75 - [STDERR_REDIRECT] [Fatal Error] :1:1: Premature end of file.
2026-04-14 13:16:03,418 [ERROR] LogOutputStream:75 - [STDERR_REDIRECT] 
2026-04-14 13:16:04,414 [ERROR] LogOutputStream:75 - [STDERR_REDIRECT] [Fatal Error] :1:1: Premature end of file.
2026-04-14 13:16:04,414 [ERROR] LogOutputStream:75 - [STDERR_REDIRECT] 
2026-04-14 13:16:05,424 [ERROR] LogOutputStream:75 - [STDERR_REDIRECT] [Fatal Error] :1:1: Premature end of file.
2026-04-14 13:16:05,425 [ERROR] LogOutputStream:75 - [STDERR_REDIRECT] 
2026-04-14 13:16:06,425 [ERROR] LogOutputStream:75 - [STDERR_REDIRECT] [Fatal Error] :1:1: Premature end of file.
2026-04-14 13:16:06,427 [ERROR] LogOutputStream:75 - [STDERR_REDIRECT] 
2026-04-14 13:16:07,422 [ERROR] LogOutputStream:75 - [STDERR_REDIRECT] [Fatal Error] :1:1: Premature end of file.
2026-04-14 13:16:07,423 [ERROR] LogOutputStream:75 - [STDERR_REDIRECT] 
2026-04-14 13:16:08,415 [ERROR] LogOutputStream:75 - [STDERR_REDIRECT] [Fatal Error] :1:1: Premature end of file.
2026-04-14 13:16:08,416 [ERROR] LogOutputStream:75 - [STDERR_REDIRECT] 
2026-04-14 13:16:09,418 [ERROR] LogOutputStream:75 - [STDERR_REDIRECT] [Fatal Error] :1:1: Premature end of file.
2026-04-14 13:16:09,419 [ERROR] LogOutputStream:75 - [STDERR_REDIRECT] 
2026-04-14 13:16:10,452 [ERROR] LogOutputStream:75 - [STDERR_REDIRECT] [Fatal Error] :1:1: Premature end of file.
2026-04-14 13:16:10,454 [ERROR] LogOutputStream:75 - [STDERR_REDIRECT] 
2026-04-14 13:16:11,427 [ERROR] LogOutputStream:75 - [STDERR_REDIRECT] [Fatal Error] :1:1: Premature end of file.
2026-04-14 13:16:11,428 [ERROR] LogOutputStream:75 - [STDERR_REDIRECT] 
2026-04-14 13:16:12,417 [ERROR] LogOutputStream:75 - [STDERR_REDIRECT] [Fatal Error] :1:1: Premature end of file.
2026-04-14 13:16:12,418 [ERROR] LogOutputStream:75 - [STDERR_REDIRECT] 
2026-04-14 13:16:13,428 [ERROR] LogOutputStream:75 - [STDERR_REDIRECT] [Fatal Error] :1:1: Premature end of file.
2026-04-14 13:16:13,429 [ERROR] LogOutputStream:75 - [STDERR_REDIRECT] 
2026-04-14 13:16:14,421 [ERROR] LogOutputStream:75 - [STDERR_REDIRECT] [Fatal Error] :1:1: Premature end of file.
2026-04-14 13:16:14,421 [ERROR] LogOutputStream:75 - [STDERR_REDIRECT] 
2026-04-14 13:16:15,420 [ERROR] LogOutputStream:75 - [STDERR_REDIRECT] [Fatal Error] :1:1: Premature end of file.
2026-04-14 13:16:15,420 [ERROR] LogOutputStream:75 - [STDERR_REDIRECT] 
2026-04-14 13:16:16,417 [ERROR] LogOutputStream:75 - [STDERR_REDIRECT] [Fatal Error] :1:1: Premature end of file.
2026-04-14 13:16:16,418 [ERROR] LogOutputStream:75 - [STDERR_REDIRECT] 
2026-04-14 13:16:17,415 [ERROR] LogOutputStream:75 - [STDERR_REDIRECT] [Fatal Error] :1:1: Premature end of file.
2026-04-14 13:16:17,415 [ERROR] LogOutputStream:75 - [STDERR_REDIRECT] 
2026-04-14 13:16:18,422 [ERROR] LogOutputStream:75 - [STDERR_REDIRECT] [Fatal Error] :1:1: Premature end of file.
2026-04-14 13:16:18,422 [ERROR] LogOutputStream:75 - [STDERR_REDIRECT] 
2026-04-14 13:16:19,420 [ERROR] LogOutputStream:75 - [STDERR_REDIRECT] [Fatal Error] :1:1: Premature end of file.
2026-04-14 13:16:19,420 [ERROR] LogOutputStream:75 - [STDERR_REDIRECT] 
2026-04-14 13:16:20,421 [ERROR] LogOutputStream:75 - [STDERR_REDIRECT] [Fatal Error] :1:1: Premature end of file.
2026-04-14 13:16:20,421 [ERROR] LogOutputStream:75 - [STDERR_REDIRECT] 
2026-04-14 13:16:21,413 [ERROR] LogOutputStream:75 - [STDERR_REDIRECT] [Fatal Error] :1:1: Premature end of file.
2026-04-14 13:16:21,413 [ERROR] LogOutputStream:75 - [STDERR_REDIRECT] 
2026-04-14 13:16:22,420 [ERROR] LogOutputStream:75 - [STDERR_REDIRECT] [Fatal Error] :1:1: Premature end of file.
2026-04-14 13:16:22,420 [ERROR] LogOutputStream:75 - [STDERR_REDIRECT] 
2026-04-14 13:16:23,403 [ERROR] LogOutputStream:75 - [STDERR_REDIRECT] [Fatal Error] :1:1: Premature end of file.
2026-04-14 13:16:23,403 [ERROR] LogOutputStream:75 - [STDERR_REDIRECT] 
2026-04-14 13:16:24,406 [ERROR] LogOutputStream:75 - [STDERR_REDIRECT] [Fatal Error] :1:1: Premature end of file.
2026-04-14 13:16:24,406 [ERROR] LogOutputStream:75 - [STDERR_REDIRECT] 
2026-04-14 13:16:25,424 [ERROR] LogOutputStream:75 - [STDERR_REDIRECT] [Fatal Error] :1:1: Premature end of file.
2026-04-14 13:16:25,424 [ERROR] LogOutputStream:75 - [STDERR_REDIRECT] 
2026-04-14 13:16:26,406 [ERROR] LogOutputStream:75 - [STDERR_REDIRECT] [Fatal Error] :1:1: Premature end of file.
2026-04-14 13:16:26,407 [ERROR] LogOutputStream:75 - [STDERR_REDIRECT] 
2026-04-14 13:16:27,420 [ERROR] LogOutputStream:75 - [STDERR_REDIRECT] [Fatal Error] :1:1: Premature end of file.
2026-04-14 13:16:27,420 [ERROR] LogOutputStream:75 - [STDERR_REDIRECT] 
2026-04-14 13:16:28,477 [ERROR] LogOutputStream:75 - [STDERR_REDIRECT] [Fatal Error] :1:1: Premature end of file.
2026-04-14 13:16:28,477 [ERROR] LogOutputStream:75 - [STDERR_REDIRECT] 
2026-04-14 13:16:29,400 [ERROR] LogOutputStream:75 - [STDERR_REDIRECT] [Fatal Error] :1:1: Premature end of file.
2026-04-14 13:16:29,400 [ERROR] LogOutputStream:75 - [STDERR_REDIRECT] 
2026-04-14 13:16:30,419 [ERROR] LogOutputStream:75 - [STDERR_REDIRECT] [Fatal Error] :1:1: Premature end of file.
2026-04-14 13:16:30,420 [ERROR] LogOutputStream:75 - [STDERR_REDIRECT] 
2026-04-14 13:16:31,436 [ERROR] LogOutputStream:75 - [STDERR_REDIRECT] [Fatal Error] :1:1: Premature end of file.
2026-04-14 13:16:31,436 [ERROR] LogOutputStream:75 - [STDERR_REDIRECT] 
2026-04-14 13:16:32,412 [ERROR] LogOutputStream:75 - [STDERR_REDIRECT] [Fatal Error] :1:1: Premature end of file.
2026-04-14 13:16:32,412 [ERROR] LogOutputStream:75 - [STDERR_REDIRECT] 
2026-04-14 13:16:33,424 [ERROR] LogOutputStream:75 - [STDERR_REDIRECT] [Fatal Error] :1:1: Premature end of file.
2026-04-14 13:16:33,424 [ERROR] LogOutputStream:75 - [STDERR_REDIRECT] 
2026-04-14 13:16:34,419 [ERROR] LogOutputStream:75 - [STDERR_REDIRECT] [Fatal Error] :1:1: Premature end of file.
2026-04-14 13:16:34,419 [ERROR] LogOutputStream:75 - [STDERR_REDIRECT] 
2026-04-14 13:16:35,414 [ERROR] LogOutputStream:75 - [STDERR_REDIRECT] [Fatal Error] :1:1: Premature end of file.
2026-04-14 13:16:35,414 [ERROR] LogOutputStream:75 - [STDERR_REDIRECT] 
2026-04-14 13:16:36,426 [ERROR] LogOutputStream:75 - [STDERR_REDIRECT] [Fatal Error] :1:1: Premature end of file.
2026-04-14 13:16:36,426 [ERROR] LogOutputStream:75 - [STDERR_REDIRECT] 
2026-04-14 13:16:37,415 [ERROR] LogOutputStream:75 - [STDERR_REDIRECT] [Fatal Error] :1:1: Premature end of file.
2026-04-14 13:16:37,416 [ERROR] LogOutputStream:75 - [STDERR_REDIRECT] 
2026-04-14 13:16:38,438 [ERROR] LogOutputStream:75 - [STDERR_REDIRECT] [Fatal Error] :1:1: Premature end of file.
2026-04-14 13:16:38,439 [ERROR] LogOutputStream:75 - [STDERR_REDIRECT] 
2026-04-14 13:16:39,428 [ERROR] LogOutputStream:75 - [STDERR_REDIRECT] [Fatal Error] :1:1: Premature end of file.
2026-04-14 13:16:39,428 [ERROR] LogOutputStream:75 - [STDERR_REDIRECT] 
2026-04-14 13:16:40,434 [ERROR] LogOutputStream:75 - [STDERR_REDIRECT] [Fatal Error] :1:1: Premature end of file.
2026-04-14 13:16:40,435 [ERROR] LogOutputStream:75 - [STDERR_REDIRECT] 
2026-04-14 13:16:41,420 [ERROR] LogOutputStream:75 - [STDERR_REDIRECT] [Fatal Error] :1:1: Premature end of file.
2026-04-14 13:16:41,420 [ERROR] LogOutputStream:75 - [STDERR_REDIRECT] 
2026-04-14 13:16:42,421 [ERROR] LogOutputStream:75 - [STDERR_REDIRECT] [Fatal Error] :1:1: Premature end of file.
2026-04-14 13:16:42,421 [ERROR] LogOutputStream:75 - [STDERR_REDIRECT] 
2026-04-14 13:16:43,387 [ERROR] LogOutputStream:75 - [STDERR_REDIRECT] [Fatal Error] :1:1: Premature end of file.
2026-04-14 13:16:43,387 [ERROR] LogOutputStream:75 - [STDERR_REDIRECT] 
2026-04-14 13:16:44,401 [ERROR] LogOutputStream:75 - [STDERR_REDIRECT] [Fatal Error] :1:1: Premature end of file.
2026-04-14 13:16:44,401 [ERROR] LogOutputStream:75 - [STDERR_REDIRECT] 
2026-04-14 13:16:45,399 [ERROR] LogOutputStream:75 - [STDERR_REDIRECT] [Fatal Error] :1:1: Premature end of file.
2026-04-14 13:16:45,400 [ERROR] LogOutputStream:75 - [STDERR_REDIRECT] 
2026-04-14 13:16:46,382 [ERROR] LogOutputStream:75 - [STDERR_REDIRECT] [Fatal Error] :1:1: Premature end of file.
2026-04-14 13:16:46,382 [ERROR] LogOutputStream:75 - [STDERR_REDIRECT] 
2026-04-14 13:16:47,384 [ERROR] LogOutputStream:75 - [STDERR_REDIRECT] [Fatal Error] :1:1: Premature end of file.
2026-04-14 13:16:47,386 [ERROR] LogOutputStream:75 - [STDERR_REDIRECT] 
2026-04-14 13:16:48,413 [ERROR] LogOutputStream:75 - [STDERR_REDIRECT] [Fatal Error] :1:1: Premature end of file.
2026-04-14 13:16:48,414 [ERROR] LogOutputStream:75 - [STDERR_REDIRECT] 
2026-04-14 13:16:49,419 [ERROR] LogOutputStream:75 - [STDERR_REDIRECT] [Fatal Error] :1:1: Premature end of file.
2026-04-14 13:16:49,419 [ERROR] LogOutputStream:75 - [STDERR_REDIRECT] 
2026-04-14 13:16:50,417 [ERROR] LogOutputStream:75 - [STDERR_REDIRECT] [Fatal Error] :1:1: Premature end of file.
2026-04-14 13:16:50,417 [ERROR] LogOutputStream:75 - [STDERR_REDIRECT] 
2026-04-14 13:16:51,381 [ERROR] LogOutputStream:75 - [STDERR_REDIRECT] [Fatal Error] :1:1: Premature end of file.
2026-04-14 13:16:51,381 [ERROR] LogOutputStream:75 - [STDERR_REDIRECT] 
2026-04-14 13:16:52,392 [ERROR] LogOutputStream:75 - [STDERR_REDIRECT] [Fatal Error] :1:1: Premature end of file.
2026-04-14 13:16:52,392 [ERROR] LogOutputStream:75 - [STDERR_REDIRECT] 
2026-04-14 13:16:53,447 [ERROR] LogOutputStream:75 - [STDERR_REDIRECT] [Fatal Error] :1:1: Premature end of file.
2026-04-14 13:16:53,448 [ERROR] LogOutputStream:75 - [STDERR_REDIRECT] 
2026-04-14 13:16:54,536 [ERROR] LogOutputStream:75 - [STDERR_REDIRECT] 
2026-04-14 13:16:54,543 [ERROR] LogOutputStream:75 - [STDERR_REDIRECT] 
