2026-04-08 19:29:12,556 [INFO] Activator:176 - 


2026-04-08 19:29:12,565 [INFO] Activator:177 - !SESSION log4j initialized
2026-04-08 19:29:24,802 [INFO] LogOutputStream:77 - [STDOUT_REDIRECT] 
2026-04-08 19:29:26,547 [INFO] ApplicationProperties:184 - Using Application install path: C:\ST\STM32CubeIDE_1.19.0\STM32CubeIDE\plugins\com.st.stm32cube.common.mx_6.15.0.202507011659
2026-04-08 19:29:26,601 [INFO] DbMcusXml:78 - Set database path to: C:\ST\STM32CubeIDE_1.19.0\STM32CubeIDE\plugins\com.st.stm32cube.common.mx_6.15.0.202507011659\\db\/mcu/
2026-04-08 19:29:26,602 [INFO] ApiDb:274 - Set plugin database path to: C:\ST\STM32CubeIDE_1.19.0\STM32CubeIDE\plugins\com.st.stm32cube.common.mx_6.15.0.202507011659\\db\/plugins/boardmanager/
2026-04-08 19:29:26,602 [WARN] ApiDb:259 - Overriding images path with different value:  => C:\ST\STM32CubeIDE_1.19.0\STM32CubeIDE\plugins\com.st.stm32cube.common.mx_6.15.0.202507011659\\db\/plugins/mcufinder/images/
2026-04-08 19:29:26,637 [INFO] ApiDb:250 - Set database path to: C:\Users\Mujaid\.stmcufinder\plugins\mcufinder//mcu/
2026-04-08 19:29:26,639 [INFO] DbMcusAds:125 - Set database path to: C:\Users\Mujaid\.stmcufinder\plugins\mcufinder//mcu/
2026-04-08 19:29:26,642 [INFO] CrossReferenceDbSqlite:203 - Set database path to: C:\Users\Mujaid\.stmcufinder\plugins\mcufinder//mcu/cs/
2026-04-08 19:29:26,905 [INFO] RulesReader:64 - Compatibility file has been processed (317 Rules)
2026-04-08 19:29:27,092 [INFO] DbMcusXml:78 - Set database path to: C:\ST\STM32CubeIDE_1.19.0\STM32CubeIDE\plugins\com.st.stm32cube.common.mx_6.15.0.202507011659\\db\/mcu/
2026-04-08 19:29:27,092 [INFO] ApiDb:274 - Set plugin database path to: C:\ST\STM32CubeIDE_1.19.0\STM32CubeIDE\plugins\com.st.stm32cube.common.mx_6.15.0.202507011659\\db\/plugins/boardmanager/
2026-04-08 19:29:27,094 [INFO] ApiDb:261 - Set plugin images path to: C:\ST\STM32CubeIDE_1.19.0\STM32CubeIDE\plugins\com.st.stm32cube.common.mx_6.15.0.202507011659\\db\/plugins/mcufinder/images/
2026-04-08 19:29:27,094 [WARN] DbFile:41 - Overriding database path with different value: C:\Users\Mujaid\.stmcufinder\plugins\mcufinder/ => C:\Users\Mujaid\.stmcufinder\plugins\mcufinder
2026-04-08 19:29:27,094 [INFO] ApiDb:250 - Set database path to: C:\Users\Mujaid\.stmcufinder\plugins\mcufinder//mcu/
2026-04-08 19:29:27,094 [WARN] DbFile:41 - Overriding database path with different value: C:\Users\Mujaid\.stmcufinder\plugins\mcufinder/ => C:\Users\Mujaid\.stmcufinder\plugins\mcufinder
2026-04-08 19:29:27,095 [INFO] DbMcusAds:125 - Set database path to: C:\Users\Mujaid\.stmcufinder\plugins\mcufinder//mcu/
2026-04-08 19:29:27,095 [WARN] DbFile:41 - Overriding database path with different value: C:\Users\Mujaid\.stmcufinder\plugins\mcufinder/ => C:\Users\Mujaid\.stmcufinder\plugins\mcufinder
2026-04-08 19:29:27,095 [WARN] DbFile:41 - Overriding database path with different value: C:\Users\Mujaid\.stmcufinder\plugins\mcufinder/ => C:\Users\Mujaid\.stmcufinder\plugins\mcufinder
2026-04-08 19:29:27,095 [INFO] CrossReferenceDbSqlite:203 - Set database path to: C:\Users\Mujaid\.stmcufinder\plugins\mcufinder//mcu/cs/
2026-04-08 19:29:27,270 [INFO] MainPanel:274 - HeapMemory: 268435456
2026-04-08 19:29:27,532 [INFO] DbMcusXml:78 - Set database path to: C:\ST\STM32CubeIDE_1.19.0\STM32CubeIDE\plugins\com.st.stm32cube.common.mx_6.15.0.202507011659\\db\/mcu/
2026-04-08 19:29:27,532 [INFO] ApiDb:274 - Set plugin database path to: C:\ST\STM32CubeIDE_1.19.0\STM32CubeIDE\plugins\com.st.stm32cube.common.mx_6.15.0.202507011659\\db\/plugins/boardmanager/
2026-04-08 19:29:27,532 [INFO] ApiDb:261 - Set plugin images path to: C:\ST\STM32CubeIDE_1.19.0\STM32CubeIDE\plugins\com.st.stm32cube.common.mx_6.15.0.202507011659\\db\/plugins/mcufinder/images/
2026-04-08 19:29:27,535 [WARN] DbFile:41 - Overriding database path with different value: C:\Users\Mujaid\.stmcufinder\plugins\mcufinder/ => C:\Users\Mujaid\.stmcufinder\plugins\mcufinder
2026-04-08 19:29:27,535 [INFO] ApiDb:250 - Set database path to: C:\Users\Mujaid\.stmcufinder\plugins\mcufinder//mcu/
2026-04-08 19:29:27,535 [WARN] DbFile:41 - Overriding database path with different value: C:\Users\Mujaid\.stmcufinder\plugins\mcufinder/ => C:\Users\Mujaid\.stmcufinder\plugins\mcufinder
2026-04-08 19:29:27,536 [INFO] DbMcusAds:125 - Set database path to: C:\Users\Mujaid\.stmcufinder\plugins\mcufinder//mcu/
2026-04-08 19:29:27,536 [WARN] DbFile:41 - Overriding database path with different value: C:\Users\Mujaid\.stmcufinder\plugins\mcufinder/ => C:\Users\Mujaid\.stmcufinder\plugins\mcufinder
2026-04-08 19:29:27,536 [WARN] DbFile:41 - Overriding database path with different value: C:\Users\Mujaid\.stmcufinder\plugins\mcufinder/ => C:\Users\Mujaid\.stmcufinder\plugins\mcufinder
2026-04-08 19:29:27,536 [INFO] CrossReferenceDbSqlite:203 - Set database path to: C:\Users\Mujaid\.stmcufinder\plugins\mcufinder//mcu/cs/
2026-04-08 19:29:27,573 [INFO] ApplicationProperties:184 - Using Application install path: C:\ST\STM32CubeIDE_1.19.0\STM32CubeIDE\plugins\com.st.stm32cube.common.mx_6.15.0.202507011659
2026-04-08 19:29:27,576 [INFO] PluginManage:196 - Search for loadable plugins [exclusion list=, ]
2026-04-08 19:29:27,579 [INFO] PluginManage:310 - Check plugin analytics
2026-04-08 19:29:27,946 [INFO] AnalyticsPlugin:253 - Accepted Software Licenses: 
2026-04-08 19:29:27,946 [INFO] AnalyticsPlugin:255 - Accepted CMSIS Pack Licenses: 
2026-04-08 19:29:27,946 [INFO] AnalyticsPlugin:257 - Accepted Firmware Licenses: 
2026-04-08 19:29:27,952 [INFO] PluginManage:359 - Loaded plugin analytics (category:tool,tabindex:-1)
2026-04-08 19:29:27,953 [INFO] PluginManage:310 - Check plugin cadmodel
2026-04-08 19:29:27,962 [INFO] CADModel:105 - Init CAD model plugin
2026-04-08 19:29:27,963 [INFO] PluginManage:359 - Loaded plugin cadmodel (category:power,tabindex:5)
2026-04-08 19:29:27,963 [INFO] PluginManage:310 - Check plugin clock
2026-04-08 19:29:27,986 [INFO] PluginManage:359 - Loaded plugin clock (category:base,tabindex:2)
2026-04-08 19:29:27,986 [INFO] PluginManage:310 - Check plugin ddr
2026-04-08 19:29:27,992 [INFO] PluginManage:359 - Loaded plugin ddr (category:tool,tabindex:6)
2026-04-08 19:29:27,992 [INFO] PluginManage:310 - Check plugin filemanager
2026-04-08 19:29:28,281 [INFO] PluginManage:359 - Loaded plugin filemanager (category:base,tabindex:10)
2026-04-08 19:29:28,281 [INFO] PluginManage:310 - Check plugin ipmanager
2026-04-08 19:29:28,296 [INFO] PluginManage:359 - Loaded plugin ipmanager (category:base,tabindex:5)
2026-04-08 19:29:28,297 [INFO] PluginManage:310 - Check plugin lpbam
2026-04-08 19:29:28,319 [INFO] PluginManage:359 - Loaded plugin lpbam (category:base,tabindex:0)
2026-04-08 19:29:28,320 [INFO] PluginManage:310 - Check plugin memorymap
2026-04-08 19:29:28,352 [INFO] PluginManage:359 - Loaded plugin memorymap (category:base,tabindex:4)
2026-04-08 19:29:28,352 [INFO] PluginManage:310 - Check plugin pinoutandconfiguration
2026-04-08 19:29:28,370 [INFO] PluginManage:359 - Loaded plugin pinoutandconfiguration (category:base,tabindex:1)
2026-04-08 19:29:28,371 [INFO] PluginManage:310 - Check plugin pinoutconfig
2026-04-08 19:29:28,487 [WARN] SupportedApi:132 - Cannot load RTOS API schema: s4s-elt-must-match.1: The content of 'definitions' must match (annotation?, (simpleType | complexType)?, (unique | key | keyref)*)). A problem was found starting at: attribute.
2026-04-08 19:29:28,670 [INFO] PluginManage:359 - Loaded plugin pinoutconfig (category:base,tabindex:0)
2026-04-08 19:29:28,670 [INFO] PluginManage:310 - Check plugin power
2026-04-08 19:29:28,688 [INFO] PluginManage:359 - Loaded plugin power (category:power,tabindex:4)
2026-04-08 19:29:28,688 [INFO] PluginManage:310 - Check plugin projectmanager
2026-04-08 19:29:28,723 [INFO] PluginManage:359 - Loaded plugin projectmanager (category:projectmanager,tabindex:4)
2026-04-08 19:29:28,723 [INFO] PluginManage:310 - Check plugin rif
2026-04-08 19:29:28,736 [INFO] PluginManage:359 - Loaded plugin rif (category:base,tabindex:3)
2026-04-08 19:29:28,737 [INFO] PluginManage:310 - Check plugin thirdparty
2026-04-08 19:29:28,927 [INFO] PluginManage:359 - Loaded plugin thirdparty (category:base,tabindex:-1)
2026-04-08 19:29:28,927 [WARN] IntegrityCheckThread:84 - waiting for thirdparty lock release [integrity check]
2026-04-08 19:29:28,928 [INFO] IntegrityCheckThread:86 - entering critical section [integrity check]
2026-04-08 19:29:28,928 [INFO] ThirdPartyUpdaterWithRetryManager:70 - Updater plugin not ready yet. [1/15]
2026-04-08 19:29:28,928 [INFO] PluginManage:310 - Check plugin tools
2026-04-08 19:29:28,936 [INFO] PluginManage:359 - Loaded plugin tools (category:base,tabindex:7)
2026-04-08 19:29:28,936 [INFO] PluginManage:310 - Check plugin tutovideos
2026-04-08 19:29:29,194 [INFO] PluginManage:359 - Loaded plugin tutovideos (category:base,tabindex:-1)
2026-04-08 19:29:29,194 [INFO] PluginManage:310 - Check plugin updater
2026-04-08 19:29:29,234 [INFO] PluginManage:359 - Loaded plugin updater (category:base,tabindex:12)
2026-04-08 19:29:29,235 [INFO] PluginManage:310 - Check plugin userauth
2026-04-08 19:29:29,240 [INFO] UserAuth:118 - Init User Auth plugin
2026-04-08 19:29:29,241 [INFO] PluginManage:359 - Loaded plugin userauth (category:base,tabindex:14)
2026-04-08 19:29:29,243 [INFO] PluginManage:283 - PluginManage : Loaded plugins [18]
2026-04-08 19:29:29,612 [INFO] PinOutPanel:1589 - setPackage(No Configuration,No Configuration)
2026-04-08 19:29:29,778 [INFO] CADModel:165 - CPN selected for project level
2026-04-08 19:29:29,778 [INFO] CADModel:114 - Register for checkConnection events
2026-04-08 19:29:29,804 [INFO] IPUIPlugin:80 - create IPUIPlugin
2026-04-08 19:29:29,805 [INFO] PluginManager:220 - loadIPPluginJar : add adc
2026-04-08 19:29:29,810 [INFO] IPUIPlugin:80 - create IPUIPlugin
2026-04-08 19:29:29,810 [INFO] PluginManager:220 - loadIPPluginJar : add aes
2026-04-08 19:29:29,814 [INFO] IPUIPlugin:80 - create IPUIPlugin
2026-04-08 19:29:29,815 [INFO] PluginManager:220 - loadIPPluginJar : add can
2026-04-08 19:29:29,819 [INFO] IPUIPlugin:80 - create IPUIPlugin
2026-04-08 19:29:29,820 [INFO] PluginManager:220 - loadIPPluginJar : add comp
2026-04-08 19:29:29,829 [INFO] IPUIPlugin:80 - create IPUIPlugin
2026-04-08 19:29:29,831 [INFO] PluginManager:220 - loadIPPluginJar : add cryp
2026-04-08 19:29:29,897 [INFO] IPUIPlugin:80 - create IPUIPlugin
2026-04-08 19:29:29,898 [INFO] PluginManager:220 - loadIPPluginJar : add ddr_ctrl_phy
2026-04-08 19:29:29,913 [INFO] IPUIPlugin:80 - create IPUIPlugin
2026-04-08 19:29:29,913 [INFO] PluginManager:220 - loadIPPluginJar : add dfsdm
2026-04-08 19:29:29,922 [INFO] IPUIPlugin:80 - create IPUIPlugin
2026-04-08 19:29:29,924 [INFO] PluginManager:220 - loadIPPluginJar : add dma
2026-04-08 19:29:29,933 [INFO] IPUIPlugin:80 - create IPUIPlugin
2026-04-08 19:29:29,933 [INFO] PluginManager:220 - loadIPPluginJar : add dma3
2026-04-08 19:29:29,938 [INFO] IPUIPlugin:80 - create IPUIPlugin
2026-04-08 19:29:29,938 [INFO] PluginManager:220 - loadIPPluginJar : add extmemmanager
2026-04-08 19:29:29,944 [INFO] IPUIPlugin:80 - create IPUIPlugin
2026-04-08 19:29:29,944 [INFO] PluginManager:220 - loadIPPluginJar : add fatfs
2026-04-08 19:29:29,957 [INFO] IPUIPlugin:80 - create IPUIPlugin
2026-04-08 19:29:29,957 [INFO] PluginManager:220 - loadIPPluginJar : add fmc
2026-04-08 19:29:30,002 [INFO] IPUIPlugin:80 - create IPUIPlugin
2026-04-08 19:29:30,002 [INFO] PluginManager:220 - loadIPPluginJar : add freertos
2026-04-08 19:29:30,005 [INFO] IPUIPlugin:80 - create IPUIPlugin
2026-04-08 19:29:30,005 [INFO] PluginManager:220 - loadIPPluginJar : add genericplugin
2026-04-08 19:29:30,027 [INFO] IPUIPlugin:80 - create IPUIPlugin
2026-04-08 19:29:30,027 [INFO] PluginManager:220 - loadIPPluginJar : add gfxmmu
2026-04-08 19:29:30,033 [INFO] IPUIPlugin:80 - create IPUIPlugin
2026-04-08 19:29:30,033 [INFO] PluginManager:220 - loadIPPluginJar : add gic
2026-04-08 19:29:30,037 [INFO] IPUIPlugin:80 - create IPUIPlugin
2026-04-08 19:29:30,038 [INFO] PluginManager:220 - loadIPPluginJar : add gpio
2026-04-08 19:29:30,040 [INFO] IPUIPlugin:80 - create IPUIPlugin
2026-04-08 19:29:30,040 [INFO] PluginManager:220 - loadIPPluginJar : add gtzc
2026-04-08 19:29:30,042 [INFO] IPUIPlugin:80 - create IPUIPlugin
2026-04-08 19:29:30,042 [INFO] PluginManager:220 - loadIPPluginJar : add hash
2026-04-08 19:29:30,046 [INFO] IPUIPlugin:80 - create IPUIPlugin
2026-04-08 19:29:30,046 [INFO] PluginManager:220 - loadIPPluginJar : add i2c
2026-04-08 19:29:30,048 [INFO] IPUIPlugin:80 - create IPUIPlugin
2026-04-08 19:29:30,049 [INFO] PluginManager:220 - loadIPPluginJar : add i2s
2026-04-08 19:29:30,051 [INFO] IPUIPlugin:80 - create IPUIPlugin
2026-04-08 19:29:30,051 [INFO] PluginManager:220 - loadIPPluginJar : add i3c
2026-04-08 19:29:30,055 [INFO] IPUIPlugin:80 - create IPUIPlugin
2026-04-08 19:29:30,056 [INFO] PluginManager:220 - loadIPPluginJar : add ipddr
2026-04-08 19:29:30,096 [INFO] IPUIPlugin:80 - create IPUIPlugin
2026-04-08 19:29:30,097 [INFO] PluginManager:220 - loadIPPluginJar : add linkedlist
2026-04-08 19:29:30,101 [INFO] IPUIPlugin:80 - create IPUIPlugin
2026-04-08 19:29:30,101 [INFO] PluginManager:220 - loadIPPluginJar : add lorawan
2026-04-08 19:29:30,102 [INFO] IPUIPlugin:80 - create IPUIPlugin
2026-04-08 19:29:30,102 [INFO] PluginManager:220 - loadIPPluginJar : add ltdc
2026-04-08 19:29:30,106 [INFO] IPUIPlugin:80 - create IPUIPlugin
2026-04-08 19:29:30,106 [INFO] PluginManager:220 - loadIPPluginJar : add mdma
2026-04-08 19:29:30,108 [INFO] IPUIPlugin:80 - create IPUIPlugin
2026-04-08 19:29:30,108 [INFO] PluginManager:220 - loadIPPluginJar : add nvic
2026-04-08 19:29:30,112 [INFO] IPUIPlugin:80 - create IPUIPlugin
2026-04-08 19:29:30,112 [INFO] PluginManager:220 - loadIPPluginJar : add opamp
2026-04-08 19:29:30,114 [INFO] IPUIPlugin:80 - create IPUIPlugin
2026-04-08 19:29:30,114 [INFO] PluginManager:220 - loadIPPluginJar : add openamp
2026-04-08 19:29:30,118 [INFO] IPUIPlugin:80 - create IPUIPlugin
2026-04-08 19:29:30,118 [INFO] PluginManager:220 - loadIPPluginJar : add pdm2pcm
2026-04-08 19:29:30,125 [INFO] IPUIPlugin:80 - create IPUIPlugin
2026-04-08 19:29:30,127 [INFO] PluginManager:220 - loadIPPluginJar : add plateformsettings
2026-04-08 19:29:30,128 [INFO] IPUIPlugin:80 - create IPUIPlugin
2026-04-08 19:29:30,128 [INFO] PluginManager:220 - loadIPPluginJar : add quadspi
2026-04-08 19:29:30,131 [INFO] IPUIPlugin:80 - create IPUIPlugin
2026-04-08 19:29:30,131 [INFO] PluginManager:220 - loadIPPluginJar : add radio
2026-04-08 19:29:30,136 [INFO] IPUIPlugin:80 - create IPUIPlugin
2026-04-08 19:29:30,136 [INFO] PluginManager:220 - loadIPPluginJar : add resmgrutility
2026-04-08 19:29:30,139 [INFO] IPUIPlugin:80 - create IPUIPlugin
2026-04-08 19:29:30,139 [INFO] PluginManager:220 - loadIPPluginJar : add sai
2026-04-08 19:29:30,142 [INFO] IPUIPlugin:80 - create IPUIPlugin
2026-04-08 19:29:30,142 [INFO] PluginManager:220 - loadIPPluginJar : add spi
2026-04-08 19:29:30,149 [INFO] IPUIPlugin:80 - create IPUIPlugin
2026-04-08 19:29:30,149 [INFO] PluginManager:220 - loadIPPluginJar : add stm32_wpan
2026-04-08 19:29:30,151 [INFO] IPUIPlugin:80 - create IPUIPlugin
2026-04-08 19:29:30,151 [INFO] PluginManager:220 - loadIPPluginJar : add tim
2026-04-08 19:29:30,156 [INFO] IPUIPlugin:80 - create IPUIPlugin
2026-04-08 19:29:30,156 [INFO] PluginManager:220 - loadIPPluginJar : add touchsensing
2026-04-08 19:29:30,158 [INFO] IPUIPlugin:80 - create IPUIPlugin
2026-04-08 19:29:30,158 [INFO] PluginManager:220 - loadIPPluginJar : add tracer_emb
2026-04-08 19:29:30,161 [INFO] IPUIPlugin:80 - create IPUIPlugin
2026-04-08 19:29:30,162 [INFO] PluginManager:220 - loadIPPluginJar : add ts
2026-04-08 19:29:30,173 [INFO] IPUIPlugin:80 - create IPUIPlugin
2026-04-08 19:29:30,173 [INFO] PluginManager:220 - loadIPPluginJar : add tsc
2026-04-08 19:29:30,180 [INFO] IPUIPlugin:80 - create IPUIPlugin
2026-04-08 19:29:30,180 [INFO] PluginManager:220 - loadIPPluginJar : add ucpd
2026-04-08 19:29:30,222 [INFO] IPUIPlugin:80 - create IPUIPlugin
2026-04-08 19:29:30,222 [INFO] PluginManager:220 - loadIPPluginJar : add usart
2026-04-08 19:29:30,232 [INFO] IPUIPlugin:80 - create IPUIPlugin
2026-04-08 19:29:30,232 [INFO] PluginManager:220 - loadIPPluginJar : add usbx
2026-04-08 19:29:30,504 [FATAL] Updater:351 - Updater called before beeing initialized
2026-04-08 19:29:30,546 [INFO] RulesReader:64 - Compatibility file has been processed (317 Rules)
2026-04-08 19:29:30,734 [INFO] RulesReader:64 - Compatibility file has been processed (317 Rules)
2026-04-08 19:29:30,785 [INFO] CADModel:165 - CPN selected for project level
2026-04-08 19:29:30,787 [INFO] CADModel:114 - Register for checkConnection events
2026-04-08 19:29:30,787 [FATAL] Updater:351 - Updater called before beeing initialized
2026-04-08 19:29:30,787 [ERROR] CADModel:125 - Updater not yet initialized, retry later 
2026-04-08 19:29:31,432 [FATAL] Updater:351 - Updater called before beeing initialized
2026-04-08 19:29:31,435 [INFO] CADModel:165 - CPN selected for project level
2026-04-08 19:29:31,435 [INFO] CADModel:114 - Register for checkConnection events
2026-04-08 19:29:31,436 [FATAL] Updater:351 - Updater called before beeing initialized
2026-04-08 19:29:31,436 [ERROR] CADModel:125 - Updater not yet initialized, retry later 
2026-04-08 19:29:31,444 [FATAL] Updater:351 - Updater called before beeing initialized
2026-04-08 19:29:31,626 [FATAL] Updater:351 - Updater called before beeing initialized
2026-04-08 19:29:31,633 [INFO] DbMcusAds:53 - JSON generation date=Thu Sep 30 12:25:09 IST 2021 (1632984909247)
2026-04-08 19:29:31,634 [FATAL] Updater:351 - Updater called before beeing initialized
2026-04-08 19:29:31,684 [WARN] DetailPanel:346 - Failed to get advertising image, set to default
2026-04-08 19:29:31,815 [FATAL] Updater:351 - Updater called before beeing initialized
2026-04-08 19:29:31,818 [FATAL] Updater:351 - Updater called before beeing initialized
2026-04-08 19:29:31,820 [FATAL] Updater:351 - Updater called before beeing initialized
2026-04-08 19:29:31,820 [WARN] DetailPanel:346 - Failed to get advertising image, set to default
2026-04-08 19:29:31,821 [FATAL] Updater:351 - Updater called before beeing initialized
2026-04-08 19:29:31,912 [ERROR] Updater:1198 - MainUpdater not yet initialized. External WinMGr cannot be set.
2026-04-08 19:29:31,914 [INFO] Updater:1134 - Updater Version found : 6.15.0
2026-04-08 19:29:31,936 [INFO] ApplicationProperties:184 - Using Application install path: C:\ST\STM32CubeIDE_1.19.0\STM32CubeIDE\plugins\com.st.stm32cube.common.mx_6.15.0.202507011659
2026-04-08 19:29:31,940 [INFO] ThirdPartyUpdaterWithRetryManager:70 - Updater plugin not ready yet. [2/15]
2026-04-08 19:29:33,581 [ERROR] LogOutputStream:75 - [STDERR_REDIRECT] Apr 08, 2026 7:29:33 PM java.util.prefs.WindowsPreferences <init>
2026-04-08 19:29:33,583 [ERROR] LogOutputStream:75 - [STDERR_REDIRECT] WARNING: Could not open/create prefs root node Software\JavaSoft\Prefs at root 0xffffffff80000002. Windows RegCreateKeyEx(...) returned error code 5.
2026-04-08 19:29:33,583 [ERROR] LogOutputStream:75 - [STDERR_REDIRECT] 
2026-04-08 19:29:34,397 [INFO] MainUpdater:2872 - connection check result : 10
2026-04-08 19:29:34,398 [INFO] MainUpdater:289 - Updater Check For Update Now.
2026-04-08 19:29:34,398 [INFO] MicroXplorer:498 - Change Database Version : DB.6.0.150
2026-04-08 19:29:34,407 [INFO] McuFinderGlobals:63 - Set McuFinder mode to 2 (CubeIDE integrated)
2026-04-08 19:29:34,408 [INFO] UserAuth:171 - activating auth plugin
2026-04-08 19:29:34,410 [INFO] UserAuth:487 - Internet connection configuration mode: 1
2026-04-08 19:29:34,496 [INFO] JxBrowserEngine:152 - Initiate JxBrowser Engine with user profile folder
2026-04-08 19:29:34,633 [INFO] CheckServerUpdateThread:120 - End of CheckServer Thread
2026-04-08 19:29:35,489 [WARN] PackLoader:240 - Cannot read IP mode file for STMicroelectronics.X-CUBE-AZRTOS-H7.3.5.0
2026-04-08 19:29:35,508 [WARN] PackLoader:240 - Cannot read IP mode file for STMicroelectronics.FP-ATR-ASTRA1.2.0.2
2026-04-08 19:29:35,522 [WARN] PackLoader:240 - Cannot read IP mode file for STMicroelectronics.X-CUBE-SMBUS.2.1.0
2026-04-08 19:29:35,550 [WARN] PackLoader:240 - Cannot read IP mode file for STMicroelectronics.X-CUBE-AZRTOS-F7.1.1.0
2026-04-08 19:29:35,565 [WARN] PackLoader:240 - Cannot read IP mode file for STMicroelectronics.FP-SNS-MOTENV1.5.1.0
2026-04-08 19:29:35,581 [WARN] PackLoader:240 - Cannot read IP mode file for WES.I-CUBE-Cesium.1.4.0
2026-04-08 19:29:35,596 [WARN] PackLoader:240 - Cannot read IP mode file for STMicroelectronics.X-CUBE-DISPLAY.3.0.0
2026-04-08 19:29:35,606 [WARN] PackLoader:240 - Cannot read IP mode file for STMicroelectronics.FP-SNS-MOTENVWB1.1.5.0
2026-04-08 19:29:35,618 [WARN] PackLoader:240 - Cannot read IP mode file for STMicroelectronics.X-CUBE-NFC10.1.0.0
2026-04-08 19:29:35,626 [WARN] PackLoader:240 - Cannot read IP mode file for STMicroelectronics.X-CUBE-ST60.1.1.0
2026-04-08 19:29:35,639 [WARN] PackLoader:240 - Cannot read IP mode file for emotas.I-CUBE-CANOPEN.1.3.0
2026-04-08 19:29:35,646 [WARN] PackLoader:240 - Cannot read IP mode file for STMicroelectronics.X-CUBE-GNSS1.7.1.0
2026-04-08 19:29:35,656 [WARN] PackLoader:240 - Cannot read IP mode file for STMicroelectronics.FP-SNS-STBOX1.2.1.0
2026-04-08 19:29:35,664 [INFO] WebApp:169 - Instantiating new browser for Auth
2026-04-08 19:29:35,665 [WARN] PackLoader:240 - Cannot read IP mode file for STMicroelectronics.FP-SNS-SMARTAG2.1.2.0
2026-04-08 19:29:35,672 [WARN] PackLoader:240 - Cannot read IP mode file for STMicroelectronics.FP-SNS-FLIGHT1.5.1.0
2026-04-08 19:29:35,720 [INFO] LogOutputStream:77 - [STDOUT_REDIRECT] 1 : Invalid condition id : UX_CORESTACK_Condition cause : null
2026-04-08 19:29:35,725 [INFO] LogOutputStream:77 - [STDOUT_REDIRECT] 1 : Invalid condition id : UX_CORESTACK_Condition cause : null
2026-04-08 19:29:35,726 [INFO] LogOutputStream:77 - [STDOUT_REDIRECT] 1 : Invalid condition id : UX_CORESTACK_Condition cause : null
2026-04-08 19:29:35,728 [INFO] LogOutputStream:77 - [STDOUT_REDIRECT] 1 : Invalid condition id : UX_CORESTACK_Condition cause : null
2026-04-08 19:29:35,730 [INFO] LogOutputStream:77 - [STDOUT_REDIRECT] 1 : Invalid condition id : UX_CORESTACK_Condition cause : null
2026-04-08 19:29:35,739 [WARN] PackLoader:240 - Cannot read IP mode file for STMicroelectronics.X-CUBE-AZRTOS-WL.2.0.0
2026-04-08 19:29:35,793 [WARN] PackLoader:240 - Cannot read IP mode file for STMicroelectronics.X-CUBE-AZRTOS-H7RS.1.2.0
2026-04-08 19:29:35,811 [WARN] PackLoader:240 - Cannot read IP mode file for STMicroelectronics.X-CUBE-BLE2.3.3.0
2026-04-08 19:29:35,931 [WARN] PackLoader:240 - Cannot read IP mode file for Infineon.AIROC-Wi-Fi-Bluetooth-STM32.1.8.0
2026-04-08 19:29:35,956 [WARN] PackLoader:240 - Cannot read IP mode file for STMicroelectronics.X-CUBE-NFC9.1.0.0
2026-04-08 19:29:36,026 [WARN] PackLoader:240 - Cannot read IP mode file for STMicroelectronics.X-CUBE-BLE1.7.1.0
2026-04-08 19:29:36,087 [WARN] PackLoader:240 - Cannot read IP mode file for wolfSSL.I-CUBE-wolfMQTT.1.19.2
2026-04-08 19:29:36,102 [WARN] PackLoader:240 - Cannot read IP mode file for STMicroelectronics.X-CUBE-EEPRMA1.5.2.0
2026-04-08 19:29:36,114 [WARN] PackLoader:240 - Cannot read IP mode file for wolfSSL.I-CUBE-wolfSSL.5.8.4
2026-04-08 19:29:36,125 [WARN] PackLoader:240 - Cannot read IP mode file for Cesanta.I-CUBE-Mongoose.7.20.0
2026-04-08 19:29:36,214 [WARN] PackLoader:240 - Cannot read IP mode file for STMicroelectronics.X-CUBE-MEMS1.12.0.0
2026-04-08 19:29:36,308 [WARN] PackLoader:240 - Cannot read IP mode file for STMicroelectronics.X-CUBE-AZRTOS-G0.1.1.0
2026-04-08 19:29:36,318 [WARN] PackLoader:240 - Cannot read IP mode file for STMicroelectronics.X-CUBE-NFC4.3.0.0
2026-04-08 19:29:36,361 [WARN] PackLoader:240 - Cannot read IP mode file for EmbeddedOffice.I-CUBE-FS-RTOS.1.0.1
2026-04-08 19:29:36,371 [WARN] PackLoader:240 - Cannot read IP mode file for STMicroelectronics.X-CUBE-WB05N.2.0.0
2026-04-08 19:29:36,379 [WARN] PackLoader:240 - Cannot read IP mode file for wolfSSL.I-CUBE-wolfTPM.3.8.0
2026-04-08 19:29:36,389 [WARN] PackLoader:240 - Cannot read IP mode file for STMicroelectronics.X-CUBE-TCPP.4.2.0
2026-04-08 19:29:36,413 [WARN] PackLoader:240 - Cannot read IP mode file for RealThread.X-CUBE-RT-Thread_Nano.4.1.1
2026-04-08 19:29:36,426 [WARN] PackLoader:240 - Cannot read IP mode file for STMicroelectronics.FP-ATR-SIGFOX1.3.2.0
2026-04-08 19:29:36,438 [WARN] PackLoader:240 - Cannot read IP mode file for STMicroelectronics.X-CUBE-FREERTOS.1.5.0
2026-04-08 19:29:36,475 [WARN] PackLoader:240 - Cannot read IP mode file for ITTIA_DB.I-CUBE-ITTIADB.8.9.0
2026-04-08 19:29:36,489 [WARN] PackLoader:240 - Cannot read IP mode file for STMicroelectronics.X-CUBE-NFC6.3.2.0
2026-04-08 19:29:36,499 [WARN] PackLoader:240 - Cannot read IP mode file for STMicroelectronics.X-CUBE-AI.10.2.0
2026-04-08 19:29:36,535 [WARN] PackLoader:240 - Cannot read IP mode file for SEGGER.I-CUBE-embOS.1.3.1
2026-04-08 19:29:36,575 [WARN] PackLoader:240 - Cannot read IP mode file for STMicroelectronics.X-CUBE-ALGOBUILD.1.4.0
2026-04-08 19:29:36,597 [WARN] PackLoader:240 - Cannot read IP mode file for STMicroelectronics.X-CUBE-PM33A1.1.0.0
2026-04-08 19:29:36,636 [WARN] PackLoader:240 - Cannot read IP mode file for STMicroelectronics.X-CUBE-AZRTOS-F4.1.1.0
2026-04-08 19:29:36,645 [WARN] PackLoader:240 - Cannot read IP mode file for STMicroelectronics.X-CUBE-ISPU.2.1.0
2026-04-08 19:29:36,660 [WARN] PackLoader:240 - Cannot read IP mode file for STMicroelectronics.X-CUBE-IPS.3.2.0
2026-04-08 19:29:36,684 [WARN] PackLoader:240 - Cannot read IP mode file for STMicroelectronics.eDS-WB_DPC_TT-BIDIR.2.1.1
2026-04-08 19:29:36,694 [WARN] PackLoader:240 - Cannot read IP mode file for STMicroelectronics.X-CUBE-NFC12.1.0.0
2026-04-08 19:29:36,723 [WARN] PackLoader:240 - Cannot read IP mode file for STMicroelectronics.X-CUBE-AZRTOS-L5.2.0.0
2026-04-08 19:29:36,736 [WARN] PackLoader:240 - Cannot read IP mode file for STMicroelectronics.eDS-WB_DPC_VIENNA.1.2.0
2026-04-08 19:29:36,743 [WARN] PackLoader:240 - Cannot read IP mode file for STMicroelectronics.eDS-WB_DPC_3PH2L-BIDIR.1.1.1
2026-04-08 19:29:36,771 [WARN] PackLoader:240 - Cannot read IP mode file for STMicroelectronics.X-CUBE-TOUCHGFX.4.26.1
2026-04-08 19:29:36,780 [WARN] PackLoader:240 - Cannot read IP mode file for STMicroelectronics.FP-SNS-STAIOTCFT.1.0.0
2026-04-08 19:29:36,796 [WARN] PackLoader:240 - Cannot read IP mode file for STMicroelectronics.X-CUBE-DPower.1.3.0
2026-04-08 19:29:36,824 [WARN] ConditionMgr:438 - getConditionDescription Invalid condition id : LAN8742 Phy interface Condition cause : null
2026-04-08 19:29:36,825 [WARN] PackLoader:240 - Cannot read IP mode file for STMicroelectronics.X-CUBE-AZRTOS-L4.2.0.0
2026-04-08 19:29:36,827 [WARN] ConditionMgr:1044 - genDependencies : Invalid condition id : LAN8742 Phy interface Condition cause : null
2026-04-08 19:29:36,828 [WARN] ConditionMgr:1044 - genDependencies : Invalid condition id : LAN8742 Phy interface Condition cause : null
2026-04-08 19:29:36,828 [WARN] ConditionMgr:1044 - genDependencies : Invalid condition id : LAN8742 Phy interface Condition cause : null
2026-04-08 19:29:36,859 [WARN] PackLoader:240 - Cannot read IP mode file for STMicroelectronics.X-CUBE-SFXS2LP1.4.0.0
2026-04-08 19:29:36,881 [WARN] PackLoader:240 - Cannot read IP mode file for STMicroelectronics.X-CUBE-WB05N.2.1.0
2026-04-08 19:29:36,896 [WARN] PackLoader:240 - Cannot read IP mode file for STMicroelectronics.X-CUBE-ST67W61.1.2.0
2026-04-08 19:29:36,914 [WARN] PackLoader:240 - Cannot read IP mode file for STMicroelectronics.X-CUBE-BLEMGR.4.1.0
2026-04-08 19:29:36,933 [WARN] ConditionMgr:438 - getConditionDescription Invalid condition id : UX DEVICE CLASS RTOS Condition cause : null
2026-04-08 19:29:36,933 [WARN] ConditionMgr:438 - getConditionDescription Invalid condition id : UX DEVICE CLASS RTOS Condition cause : null
2026-04-08 19:29:36,936 [WARN] PackLoader:240 - Cannot read IP mode file for STMicroelectronics.X-CUBE-AZRTOS-WB.2.0.0
2026-04-08 19:29:36,936 [WARN] ConditionMgr:1044 - genDependencies : Invalid condition id : UX DEVICE CLASS RTOS Condition cause : null
2026-04-08 19:29:36,937 [WARN] ConditionMgr:1044 - genDependencies : Invalid condition id : UX DEVICE CLASS RTOS Condition cause : null
2026-04-08 19:29:36,937 [WARN] ConditionMgr:1044 - genDependencies : Invalid condition id : UX DEVICE CLASS RTOS Condition cause : null
2026-04-08 19:29:36,938 [WARN] ConditionMgr:1044 - genDependencies : Invalid condition id : UX DEVICE CLASS RTOS Condition cause : null
2026-04-08 19:29:36,938 [WARN] ConditionMgr:1044 - genDependencies : Invalid condition id : UX DEVICE CLASS RTOS Condition cause : null
2026-04-08 19:29:36,947 [WARN] ConditionMgr:438 - getConditionDescription Invalid condition id : Cortex-A Device cause : null
2026-04-08 19:29:36,959 [WARN] ConditionMgr:1044 - genDependencies : Invalid condition id : Cortex-A Device cause : null
2026-04-08 19:29:36,959 [WARN] ConditionMgr:1044 - genDependencies : Invalid condition id : Cortex-A Device cause : null
2026-04-08 19:29:36,959 [WARN] ConditionMgr:1044 - genDependencies : Invalid condition id : Cortex-A Device cause : null
2026-04-08 19:29:36,971 [WARN] PackLoader:240 - Cannot read IP mode file for STMicroelectronics.X-CUBE-STSE01.2.0.0
2026-04-08 19:29:36,986 [WARN] PackLoader:240 - Cannot read IP mode file for STMicroelectronics.X-CUBE-SUBG2.5.0.0
2026-04-08 19:29:37,011 [WARN] PackLoader:240 - Cannot read IP mode file for STMicroelectronics.X-CUBE-AZRTOS-G4.2.0.0
2026-04-08 19:29:37,026 [WARN] PackLoader:240 - Cannot read IP mode file for wolfSSL.I-CUBE-wolfSSH.1.4.20
2026-04-08 19:29:37,037 [WARN] PackLoader:240 - Cannot read IP mode file for STMicroelectronics.X-CUBE-NFC7.2.0.0
2026-04-08 19:29:37,049 [WARN] PackLoader:240 - Cannot read IP mode file for STMicroelectronics.X-CUBE-ALS.1.0.2
2026-04-08 19:29:37,065 [WARN] PackLoader:240 - Cannot read IP mode file for STMicroelectronics.X-CUBE-TOF1.3.4.3
2026-04-08 19:29:37,076 [INFO] ThirdParty:978 - Integrity check success = true
2026-04-08 19:29:37,077 [INFO] IntegrityCheckThread:100 - exiting critical section [integrity check]
2026-04-08 19:29:37,077 [INFO] IntegrityCheckThread:103 - End integrity checks thread
2026-04-08 19:29:38,238 [INFO] WebApp:463 - Apply proxy settings
2026-04-08 19:29:38,238 [INFO] WebApp:548 - Chromium requires no authentication
2026-04-08 19:29:38,259 [INFO] WebApp:491 - Direct internet connection detected
2026-04-08 19:29:38,314 [INFO] WebApp:900 - Register for checkConnection events
2026-04-08 19:29:38,314 [INFO] WebApp:463 - Apply proxy settings
2026-04-08 19:29:38,314 [INFO] WebApp:548 - Chromium requires no authentication
2026-04-08 19:29:38,316 [INFO] WebApp:491 - Direct internet connection detected
2026-04-08 19:29:38,582 [INFO] WebApp:225 - Starting web application
2026-04-08 19:29:38,582 [INFO] WebApp:593 - Web application path used C:\ST\STM32CubeIDE_1.19.0\STM32CubeIDE\plugins\com.st.stm32cube.common.mx_6.15.0.202507011659\db\plugins\mcufinder\reactClient1\index.html
2026-04-08 19:29:39,019 [INFO] WebApp:191 - Connection restablished
2026-04-08 19:29:39,046 [ERROR] LogOutputStream:75 - [STDERR_REDIRECT] [Fatal Error] :1:1: Premature end of file.
2026-04-08 19:29:39,047 [ERROR] LogOutputStream:75 - [STDERR_REDIRECT] 
2026-04-08 19:29:40,006 [ERROR] LogOutputStream:75 - [STDERR_REDIRECT] [Fatal Error] :1:1: Premature end of file.
2026-04-08 19:29:40,006 [ERROR] LogOutputStream:75 - [STDERR_REDIRECT] 
2026-04-08 19:29:41,013 [ERROR] LogOutputStream:75 - [STDERR_REDIRECT] [Fatal Error] :1:1: Premature end of file.
2026-04-08 19:29:41,013 [ERROR] LogOutputStream:75 - [STDERR_REDIRECT] 
2026-04-08 19:29:41,983 [ERROR] LogOutputStream:75 - [STDERR_REDIRECT] [Fatal Error] :1:1: Premature end of file.
2026-04-08 19:29:41,983 [ERROR] LogOutputStream:75 - [STDERR_REDIRECT] 
2026-04-08 19:29:42,985 [ERROR] LogOutputStream:75 - [STDERR_REDIRECT] [Fatal Error] :1:1: Premature end of file.
2026-04-08 19:29:42,985 [ERROR] LogOutputStream:75 - [STDERR_REDIRECT] 
2026-04-08 19:29:43,980 [ERROR] LogOutputStream:75 - [STDERR_REDIRECT] [Fatal Error] :1:1: Premature end of file.
2026-04-08 19:29:43,981 [ERROR] LogOutputStream:75 - [STDERR_REDIRECT] 
2026-04-08 19:29:44,987 [ERROR] LogOutputStream:75 - [STDERR_REDIRECT] [Fatal Error] :1:1: Premature end of file.
2026-04-08 19:29:44,987 [ERROR] LogOutputStream:75 - [STDERR_REDIRECT] 
2026-04-08 19:29:45,977 [ERROR] LogOutputStream:75 - [STDERR_REDIRECT] [Fatal Error] :1:1: Premature end of file.
2026-04-08 19:29:45,977 [ERROR] LogOutputStream:75 - [STDERR_REDIRECT] 
2026-04-08 19:29:46,968 [ERROR] LogOutputStream:75 - [STDERR_REDIRECT] [Fatal Error] :1:1: Premature end of file.
2026-04-08 19:29:46,969 [ERROR] LogOutputStream:75 - [STDERR_REDIRECT] 
2026-04-08 19:29:47,977 [ERROR] LogOutputStream:75 - [STDERR_REDIRECT] [Fatal Error] :1:1: Premature end of file.
2026-04-08 19:29:47,978 [ERROR] LogOutputStream:75 - [STDERR_REDIRECT] 
2026-04-08 19:29:48,984 [ERROR] LogOutputStream:75 - [STDERR_REDIRECT] [Fatal Error] :1:1: Premature end of file.
2026-04-08 19:29:48,984 [ERROR] LogOutputStream:75 - [STDERR_REDIRECT] 
2026-04-08 19:29:49,983 [ERROR] LogOutputStream:75 - [STDERR_REDIRECT] [Fatal Error] :1:1: Premature end of file.
2026-04-08 19:29:49,983 [ERROR] LogOutputStream:75 - [STDERR_REDIRECT] 
2026-04-08 19:29:50,988 [ERROR] LogOutputStream:75 - [STDERR_REDIRECT] [Fatal Error] :1:1: Premature end of file.
2026-04-08 19:29:50,988 [ERROR] LogOutputStream:75 - [STDERR_REDIRECT] 
2026-04-08 19:29:51,979 [ERROR] LogOutputStream:75 - [STDERR_REDIRECT] [Fatal Error] :1:1: Premature end of file.
2026-04-08 19:29:51,979 [ERROR] LogOutputStream:75 - [STDERR_REDIRECT] 
2026-04-08 19:29:52,978 [ERROR] LogOutputStream:75 - [STDERR_REDIRECT] [Fatal Error] :1:1: Premature end of file.
2026-04-08 19:29:52,978 [ERROR] LogOutputStream:75 - [STDERR_REDIRECT] 
2026-04-08 19:29:53,977 [ERROR] LogOutputStream:75 - [STDERR_REDIRECT] [Fatal Error] :1:1: Premature end of file.
2026-04-08 19:29:53,977 [ERROR] LogOutputStream:75 - [STDERR_REDIRECT] 
2026-04-08 19:29:54,969 [ERROR] LogOutputStream:75 - [STDERR_REDIRECT] [Fatal Error] :1:1: Premature end of file.
2026-04-08 19:29:54,969 [ERROR] LogOutputStream:75 - [STDERR_REDIRECT] 
2026-04-08 19:29:56,041 [ERROR] LogOutputStream:75 - [STDERR_REDIRECT] [Fatal Error] :1:1: Premature end of file.
2026-04-08 19:29:56,047 [ERROR] LogOutputStream:75 - [STDERR_REDIRECT] 
2026-04-08 19:29:56,967 [ERROR] LogOutputStream:75 - [STDERR_REDIRECT] [Fatal Error] :1:1: Premature end of file.
2026-04-08 19:29:56,968 [ERROR] LogOutputStream:75 - [STDERR_REDIRECT] 
2026-04-08 19:29:57,973 [ERROR] LogOutputStream:75 - [STDERR_REDIRECT] [Fatal Error] :1:1: Premature end of file.
2026-04-08 19:29:57,973 [ERROR] LogOutputStream:75 - [STDERR_REDIRECT] 
2026-04-08 19:29:58,981 [ERROR] LogOutputStream:75 - [STDERR_REDIRECT] [Fatal Error] :1:1: Premature end of file.
2026-04-08 19:29:58,982 [ERROR] LogOutputStream:75 - [STDERR_REDIRECT] 
2026-04-08 19:29:59,987 [ERROR] LogOutputStream:75 - [STDERR_REDIRECT] [Fatal Error] :1:1: Premature end of file.
2026-04-08 19:29:59,987 [ERROR] LogOutputStream:75 - [STDERR_REDIRECT] 
2026-04-08 19:30:00,984 [ERROR] LogOutputStream:75 - [STDERR_REDIRECT] [Fatal Error] :1:1: Premature end of file.
2026-04-08 19:30:00,984 [ERROR] LogOutputStream:75 - [STDERR_REDIRECT] 
2026-04-08 19:30:01,984 [ERROR] LogOutputStream:75 - [STDERR_REDIRECT] [Fatal Error] :1:1: Premature end of file.
2026-04-08 19:30:01,985 [ERROR] LogOutputStream:75 - [STDERR_REDIRECT] 
2026-04-08 19:30:02,984 [ERROR] LogOutputStream:75 - [STDERR_REDIRECT] [Fatal Error] :1:1: Premature end of file.
2026-04-08 19:30:02,984 [ERROR] LogOutputStream:75 - [STDERR_REDIRECT] 
2026-04-08 19:30:03,972 [ERROR] LogOutputStream:75 - [STDERR_REDIRECT] [Fatal Error] :1:1: Premature end of file.
2026-04-08 19:30:03,972 [ERROR] LogOutputStream:75 - [STDERR_REDIRECT] 
2026-04-08 19:30:05,104 [ERROR] LogOutputStream:75 - [STDERR_REDIRECT] [Fatal Error] :1:1: Premature end of file.
2026-04-08 19:30:05,105 [ERROR] LogOutputStream:75 - [STDERR_REDIRECT] 
2026-04-08 19:30:05,987 [ERROR] LogOutputStream:75 - [STDERR_REDIRECT] [Fatal Error] :1:1: Premature end of file.
2026-04-08 19:30:05,988 [ERROR] LogOutputStream:75 - [STDERR_REDIRECT] 
2026-04-08 19:30:06,987 [ERROR] LogOutputStream:75 - [STDERR_REDIRECT] [Fatal Error] :1:1: Premature end of file.
2026-04-08 19:30:06,987 [ERROR] LogOutputStream:75 - [STDERR_REDIRECT] 
2026-04-08 19:30:07,984 [ERROR] LogOutputStream:75 - [STDERR_REDIRECT] [Fatal Error] :1:1: Premature end of file.
2026-04-08 19:30:07,985 [ERROR] LogOutputStream:75 - [STDERR_REDIRECT] 
2026-04-08 19:30:09,074 [ERROR] LogOutputStream:75 - [STDERR_REDIRECT] [Fatal Error] :1:1: Premature end of file.
2026-04-08 19:30:09,079 [ERROR] LogOutputStream:75 - [STDERR_REDIRECT] 
2026-04-08 19:30:10,055 [ERROR] LogOutputStream:75 - [STDERR_REDIRECT] [Fatal Error] :1:1: Premature end of file.
2026-04-08 19:30:10,059 [ERROR] LogOutputStream:75 - [STDERR_REDIRECT] 
2026-04-08 19:30:11,043 [ERROR] LogOutputStream:75 - [STDERR_REDIRECT] [Fatal Error] :1:1: Premature end of file.
2026-04-08 19:30:11,045 [ERROR] LogOutputStream:75 - [STDERR_REDIRECT] 
2026-04-08 19:30:12,075 [ERROR] LogOutputStream:75 - [STDERR_REDIRECT] [Fatal Error] :1:1: Premature end of file.
2026-04-08 19:30:12,079 [ERROR] LogOutputStream:75 - [STDERR_REDIRECT] 
2026-04-08 19:30:13,004 [ERROR] LogOutputStream:75 - [STDERR_REDIRECT] [Fatal Error] :1:1: Premature end of file.
2026-04-08 19:30:13,005 [ERROR] LogOutputStream:75 - [STDERR_REDIRECT] 
2026-04-08 19:30:14,031 [ERROR] LogOutputStream:75 - [STDERR_REDIRECT] [Fatal Error] :1:1: Premature end of file.
2026-04-08 19:30:14,033 [ERROR] LogOutputStream:75 - [STDERR_REDIRECT] 
2026-04-08 19:30:15,034 [ERROR] LogOutputStream:75 - [STDERR_REDIRECT] [Fatal Error] :1:1: Premature end of file.
2026-04-08 19:30:15,035 [ERROR] LogOutputStream:75 - [STDERR_REDIRECT] 
2026-04-08 19:30:16,052 [ERROR] LogOutputStream:75 - [STDERR_REDIRECT] [Fatal Error] :1:1: Premature end of file.
2026-04-08 19:30:16,052 [ERROR] LogOutputStream:75 - [STDERR_REDIRECT] 
2026-04-08 19:30:17,016 [ERROR] LogOutputStream:75 - [STDERR_REDIRECT] [Fatal Error] :1:1: Premature end of file.
2026-04-08 19:30:17,016 [ERROR] LogOutputStream:75 - [STDERR_REDIRECT] 
2026-04-08 19:30:18,009 [ERROR] LogOutputStream:75 - [STDERR_REDIRECT] [Fatal Error] :1:1: Premature end of file.
2026-04-08 19:30:18,009 [ERROR] LogOutputStream:75 - [STDERR_REDIRECT] 
2026-04-08 19:30:19,024 [ERROR] LogOutputStream:75 - [STDERR_REDIRECT] [Fatal Error] :1:1: Premature end of file.
2026-04-08 19:30:19,026 [ERROR] LogOutputStream:75 - [STDERR_REDIRECT] 
2026-04-08 19:30:20,012 [ERROR] LogOutputStream:75 - [STDERR_REDIRECT] [Fatal Error] :1:1: Premature end of file.
2026-04-08 19:30:20,013 [ERROR] LogOutputStream:75 - [STDERR_REDIRECT] 
2026-04-08 19:30:21,014 [ERROR] LogOutputStream:75 - [STDERR_REDIRECT] [Fatal Error] :1:1: Premature end of file.
2026-04-08 19:30:21,015 [ERROR] LogOutputStream:75 - [STDERR_REDIRECT] 
2026-04-08 19:30:22,007 [ERROR] LogOutputStream:75 - [STDERR_REDIRECT] [Fatal Error] :1:1: Premature end of file.
2026-04-08 19:30:22,008 [ERROR] LogOutputStream:75 - [STDERR_REDIRECT] 
2026-04-08 19:30:23,015 [ERROR] LogOutputStream:75 - [STDERR_REDIRECT] [Fatal Error] :1:1: Premature end of file.
2026-04-08 19:30:23,015 [ERROR] LogOutputStream:75 - [STDERR_REDIRECT] 
2026-04-08 19:30:24,019 [ERROR] LogOutputStream:75 - [STDERR_REDIRECT] [Fatal Error] :1:1: Premature end of file.
2026-04-08 19:30:24,020 [ERROR] LogOutputStream:75 - [STDERR_REDIRECT] 
2026-04-08 19:30:24,979 [ERROR] LogOutputStream:75 - [STDERR_REDIRECT] [Fatal Error] :1:1: Premature end of file.
2026-04-08 19:30:24,980 [ERROR] LogOutputStream:75 - [STDERR_REDIRECT] 
2026-04-08 19:30:26,015 [ERROR] LogOutputStream:75 - [STDERR_REDIRECT] [Fatal Error] :1:1: Premature end of file.
2026-04-08 19:30:26,015 [ERROR] LogOutputStream:75 - [STDERR_REDIRECT] 
2026-04-08 19:30:27,000 [ERROR] LogOutputStream:75 - [STDERR_REDIRECT] [Fatal Error] :1:1: Premature end of file.
2026-04-08 19:30:27,001 [ERROR] LogOutputStream:75 - [STDERR_REDIRECT] 
2026-04-08 19:30:28,007 [ERROR] LogOutputStream:75 - [STDERR_REDIRECT] [Fatal Error] :1:1: Premature end of file.
2026-04-08 19:30:28,008 [ERROR] LogOutputStream:75 - [STDERR_REDIRECT] 
2026-04-08 19:30:29,007 [ERROR] LogOutputStream:75 - [STDERR_REDIRECT] [Fatal Error] :1:1: Premature end of file.
2026-04-08 19:30:29,007 [ERROR] LogOutputStream:75 - [STDERR_REDIRECT] 
2026-04-08 19:30:30,014 [ERROR] LogOutputStream:75 - [STDERR_REDIRECT] [Fatal Error] :1:1: Premature end of file.
2026-04-08 19:30:30,014 [ERROR] LogOutputStream:75 - [STDERR_REDIRECT] 
2026-04-08 19:30:31,022 [ERROR] LogOutputStream:75 - [STDERR_REDIRECT] [Fatal Error] :1:1: Premature end of file.
2026-04-08 19:30:31,023 [ERROR] LogOutputStream:75 - [STDERR_REDIRECT] 
2026-04-08 19:30:32,006 [ERROR] LogOutputStream:75 - [STDERR_REDIRECT] [Fatal Error] :1:1: Premature end of file.
2026-04-08 19:30:32,007 [ERROR] LogOutputStream:75 - [STDERR_REDIRECT] 
2026-04-08 19:30:33,000 [INFO] WebApp:194 - Connection lost
2026-04-08 19:30:33,003 [ERROR] LogOutputStream:75 - [STDERR_REDIRECT] [Fatal Error] :1:1: Premature end of file.
2026-04-08 19:30:33,004 [ERROR] LogOutputStream:75 - [STDERR_REDIRECT] 
2026-04-08 19:30:34,009 [ERROR] LogOutputStream:75 - [STDERR_REDIRECT] [Fatal Error] :1:1: Premature end of file.
2026-04-08 19:30:34,011 [ERROR] LogOutputStream:75 - [STDERR_REDIRECT] 
2026-04-08 19:30:35,014 [ERROR] LogOutputStream:75 - [STDERR_REDIRECT] [Fatal Error] :1:1: Premature end of file.
2026-04-08 19:30:35,015 [ERROR] LogOutputStream:75 - [STDERR_REDIRECT] 
2026-04-08 19:30:35,441 [INFO] WebApp:191 - Connection restablished
2026-04-08 19:30:35,987 [ERROR] LogOutputStream:75 - [STDERR_REDIRECT] [Fatal Error] :1:1: Premature end of file.
2026-04-08 19:30:35,988 [ERROR] LogOutputStream:75 - [STDERR_REDIRECT] 
2026-04-08 19:30:36,992 [ERROR] LogOutputStream:75 - [STDERR_REDIRECT] [Fatal Error] :1:1: Premature end of file.
2026-04-08 19:30:36,993 [ERROR] LogOutputStream:75 - [STDERR_REDIRECT] 
2026-04-08 19:30:38,042 [ERROR] LogOutputStream:75 - [STDERR_REDIRECT] [Fatal Error] :1:1: Premature end of file.
2026-04-08 19:30:38,043 [ERROR] LogOutputStream:75 - [STDERR_REDIRECT] 
2026-04-08 19:30:38,996 [ERROR] LogOutputStream:75 - [STDERR_REDIRECT] [Fatal Error] :1:1: Premature end of file.
2026-04-08 19:30:38,996 [ERROR] LogOutputStream:75 - [STDERR_REDIRECT] 
2026-04-08 19:30:39,997 [ERROR] LogOutputStream:75 - [STDERR_REDIRECT] [Fatal Error] :1:1: Premature end of file.
2026-04-08 19:30:39,999 [ERROR] LogOutputStream:75 - [STDERR_REDIRECT] 
2026-04-08 19:30:41,009 [ERROR] LogOutputStream:75 - [STDERR_REDIRECT] [Fatal Error] :1:1: Premature end of file.
2026-04-08 19:30:41,010 [ERROR] LogOutputStream:75 - [STDERR_REDIRECT] 
2026-04-08 19:30:41,991 [ERROR] LogOutputStream:75 - [STDERR_REDIRECT] [Fatal Error] :1:1: Premature end of file.
2026-04-08 19:30:41,992 [ERROR] LogOutputStream:75 - [STDERR_REDIRECT] 
2026-04-08 19:30:42,997 [ERROR] LogOutputStream:75 - [STDERR_REDIRECT] [Fatal Error] :1:1: Premature end of file.
2026-04-08 19:30:42,998 [ERROR] LogOutputStream:75 - [STDERR_REDIRECT] 
2026-04-08 19:30:44,003 [ERROR] LogOutputStream:75 - [STDERR_REDIRECT] [Fatal Error] :1:1: Premature end of file.
2026-04-08 19:30:44,003 [ERROR] LogOutputStream:75 - [STDERR_REDIRECT] 
2026-04-08 19:30:45,012 [ERROR] LogOutputStream:75 - [STDERR_REDIRECT] [Fatal Error] :1:1: Premature end of file.
2026-04-08 19:30:45,012 [ERROR] LogOutputStream:75 - [STDERR_REDIRECT] 
2026-04-08 19:30:46,039 [ERROR] LogOutputStream:75 - [STDERR_REDIRECT] [Fatal Error] :1:1: Premature end of file.
2026-04-08 19:30:46,039 [ERROR] LogOutputStream:75 - [STDERR_REDIRECT] 
2026-04-08 19:30:46,985 [ERROR] LogOutputStream:75 - [STDERR_REDIRECT] [Fatal Error] :1:1: Premature end of file.
2026-04-08 19:30:46,985 [ERROR] LogOutputStream:75 - [STDERR_REDIRECT] 
2026-04-08 19:30:47,996 [ERROR] LogOutputStream:75 - [STDERR_REDIRECT] [Fatal Error] :1:1: Premature end of file.
2026-04-08 19:30:47,997 [ERROR] LogOutputStream:75 - [STDERR_REDIRECT] 
2026-04-08 19:30:49,017 [ERROR] LogOutputStream:75 - [STDERR_REDIRECT] [Fatal Error] :1:1: Premature end of file.
2026-04-08 19:30:49,017 [ERROR] LogOutputStream:75 - [STDERR_REDIRECT] 
2026-04-08 19:30:50,107 [ERROR] LogOutputStream:75 - [STDERR_REDIRECT] [Fatal Error] :1:1: Premature end of file.
2026-04-08 19:30:50,107 [ERROR] LogOutputStream:75 - [STDERR_REDIRECT] 
2026-04-08 19:30:51,044 [ERROR] LogOutputStream:75 - [STDERR_REDIRECT] [Fatal Error] :1:1: Premature end of file.
2026-04-08 19:30:51,044 [ERROR] LogOutputStream:75 - [STDERR_REDIRECT] 
2026-04-08 19:30:52,022 [ERROR] LogOutputStream:75 - [STDERR_REDIRECT] [Fatal Error] :1:1: Premature end of file.
2026-04-08 19:30:52,023 [ERROR] LogOutputStream:75 - [STDERR_REDIRECT] 
2026-04-08 19:30:53,077 [ERROR] LogOutputStream:75 - [STDERR_REDIRECT] [Fatal Error] :1:1: Premature end of file.
2026-04-08 19:30:53,078 [ERROR] LogOutputStream:75 - [STDERR_REDIRECT] 
2026-04-08 19:30:54,001 [ERROR] LogOutputStream:75 - [STDERR_REDIRECT] [Fatal Error] :1:1: Premature end of file.
2026-04-08 19:30:54,009 [ERROR] LogOutputStream:75 - [STDERR_REDIRECT] 
2026-04-08 19:30:55,034 [ERROR] LogOutputStream:75 - [STDERR_REDIRECT] [Fatal Error] :1:1: Premature end of file.
2026-04-08 19:30:55,035 [ERROR] LogOutputStream:75 - [STDERR_REDIRECT] 
2026-04-08 19:30:56,051 [ERROR] LogOutputStream:75 - [STDERR_REDIRECT] [Fatal Error] :1:1: Premature end of file.
2026-04-08 19:30:56,053 [ERROR] LogOutputStream:75 - [STDERR_REDIRECT] 
2026-04-08 19:30:57,032 [ERROR] LogOutputStream:75 - [STDERR_REDIRECT] [Fatal Error] :1:1: Premature end of file.
2026-04-08 19:30:57,033 [ERROR] LogOutputStream:75 - [STDERR_REDIRECT] 
2026-04-08 19:30:58,019 [ERROR] LogOutputStream:75 - [STDERR_REDIRECT] [Fatal Error] :1:1: Premature end of file.
2026-04-08 19:30:58,020 [ERROR] LogOutputStream:75 - [STDERR_REDIRECT] 
2026-04-08 19:30:59,056 [ERROR] LogOutputStream:75 - [STDERR_REDIRECT] [Fatal Error] :1:1: Premature end of file.
2026-04-08 19:30:59,057 [ERROR] LogOutputStream:75 - [STDERR_REDIRECT] 
2026-04-08 19:31:00,079 [ERROR] LogOutputStream:75 - [STDERR_REDIRECT] [Fatal Error] :1:1: Premature end of file.
2026-04-08 19:31:00,081 [ERROR] LogOutputStream:75 - [STDERR_REDIRECT] 
2026-04-08 19:31:01,013 [ERROR] LogOutputStream:75 - [STDERR_REDIRECT] [Fatal Error] :1:1: Premature end of file.
2026-04-08 19:31:01,014 [ERROR] LogOutputStream:75 - [STDERR_REDIRECT] 
2026-04-08 19:31:02,037 [ERROR] LogOutputStream:75 - [STDERR_REDIRECT] [Fatal Error] :1:1: Premature end of file.
2026-04-08 19:31:02,038 [ERROR] LogOutputStream:75 - [STDERR_REDIRECT] 
2026-04-08 19:31:03,041 [ERROR] LogOutputStream:75 - [STDERR_REDIRECT] [Fatal Error] :1:1: Premature end of file.
2026-04-08 19:31:03,042 [ERROR] LogOutputStream:75 - [STDERR_REDIRECT] 
2026-04-08 19:31:04,025 [ERROR] LogOutputStream:75 - [STDERR_REDIRECT] [Fatal Error] :1:1: Premature end of file.
2026-04-08 19:31:04,026 [ERROR] LogOutputStream:75 - [STDERR_REDIRECT] 
2026-04-08 19:31:05,005 [ERROR] LogOutputStream:75 - [STDERR_REDIRECT] [Fatal Error] :1:1: Premature end of file.
2026-04-08 19:31:05,005 [ERROR] LogOutputStream:75 - [STDERR_REDIRECT] 
2026-04-08 19:31:06,022 [ERROR] LogOutputStream:75 - [STDERR_REDIRECT] [Fatal Error] :1:1: Premature end of file.
2026-04-08 19:31:06,022 [ERROR] LogOutputStream:75 - [STDERR_REDIRECT] 
2026-04-08 19:31:07,029 [ERROR] LogOutputStream:75 - [STDERR_REDIRECT] [Fatal Error] :1:1: Premature end of file.
2026-04-08 19:31:07,030 [ERROR] LogOutputStream:75 - [STDERR_REDIRECT] 
2026-04-08 19:31:08,020 [ERROR] LogOutputStream:75 - [STDERR_REDIRECT] [Fatal Error] :1:1: Premature end of file.
2026-04-08 19:31:08,020 [ERROR] LogOutputStream:75 - [STDERR_REDIRECT] 
2026-04-08 19:31:09,009 [ERROR] LogOutputStream:75 - [STDERR_REDIRECT] [Fatal Error] :1:1: Premature end of file.
2026-04-08 19:31:09,009 [ERROR] LogOutputStream:75 - [STDERR_REDIRECT] 
2026-04-08 19:31:10,014 [ERROR] LogOutputStream:75 - [STDERR_REDIRECT] [Fatal Error] :1:1: Premature end of file.
2026-04-08 19:31:10,015 [ERROR] LogOutputStream:75 - [STDERR_REDIRECT] 
2026-04-08 19:31:11,010 [ERROR] LogOutputStream:75 - [STDERR_REDIRECT] [Fatal Error] :1:1: Premature end of file.
2026-04-08 19:31:11,011 [ERROR] LogOutputStream:75 - [STDERR_REDIRECT] 
2026-04-08 19:31:12,025 [ERROR] LogOutputStream:75 - [STDERR_REDIRECT] [Fatal Error] :1:1: Premature end of file.
2026-04-08 19:31:12,027 [ERROR] LogOutputStream:75 - [STDERR_REDIRECT] 
2026-04-08 19:31:13,049 [ERROR] LogOutputStream:75 - [STDERR_REDIRECT] [Fatal Error] :1:1: Premature end of file.
2026-04-08 19:31:13,050 [ERROR] LogOutputStream:75 - [STDERR_REDIRECT] 
2026-04-08 19:31:14,001 [ERROR] LogOutputStream:75 - [STDERR_REDIRECT] [Fatal Error] :1:1: Premature end of file.
2026-04-08 19:31:14,001 [ERROR] LogOutputStream:75 - [STDERR_REDIRECT] 
2026-04-08 19:31:15,001 [ERROR] LogOutputStream:75 - [STDERR_REDIRECT] [Fatal Error] :1:1: Premature end of file.
2026-04-08 19:31:15,001 [ERROR] LogOutputStream:75 - [STDERR_REDIRECT] 
2026-04-08 19:31:16,008 [ERROR] LogOutputStream:75 - [STDERR_REDIRECT] [Fatal Error] :1:1: Premature end of file.
2026-04-08 19:31:16,008 [ERROR] LogOutputStream:75 - [STDERR_REDIRECT] 
2026-04-08 19:31:17,007 [ERROR] LogOutputStream:75 - [STDERR_REDIRECT] [Fatal Error] :1:1: Premature end of file.
2026-04-08 19:31:17,007 [ERROR] LogOutputStream:75 - [STDERR_REDIRECT] 
2026-04-08 19:31:17,998 [ERROR] LogOutputStream:75 - [STDERR_REDIRECT] [Fatal Error] :1:1: Premature end of file.
2026-04-08 19:31:17,998 [ERROR] LogOutputStream:75 - [STDERR_REDIRECT] 
2026-04-08 19:31:19,001 [ERROR] LogOutputStream:75 - [STDERR_REDIRECT] [Fatal Error] :1:1: Premature end of file.
2026-04-08 19:31:19,001 [ERROR] LogOutputStream:75 - [STDERR_REDIRECT] 
2026-04-08 19:31:19,995 [ERROR] LogOutputStream:75 - [STDERR_REDIRECT] [Fatal Error] :1:1: Premature end of file.
2026-04-08 19:31:19,995 [ERROR] LogOutputStream:75 - [STDERR_REDIRECT] 
2026-04-08 19:31:20,992 [ERROR] LogOutputStream:75 - [STDERR_REDIRECT] [Fatal Error] :1:1: Premature end of file.
2026-04-08 19:31:20,992 [ERROR] LogOutputStream:75 - [STDERR_REDIRECT] 
2026-04-08 19:31:21,999 [ERROR] LogOutputStream:75 - [STDERR_REDIRECT] [Fatal Error] :1:1: Premature end of file.
2026-04-08 19:31:22,000 [ERROR] LogOutputStream:75 - [STDERR_REDIRECT] 
2026-04-08 19:31:22,995 [ERROR] LogOutputStream:75 - [STDERR_REDIRECT] [Fatal Error] :1:1: Premature end of file.
2026-04-08 19:31:22,996 [ERROR] LogOutputStream:75 - [STDERR_REDIRECT] 
2026-04-08 19:31:23,998 [ERROR] LogOutputStream:75 - [STDERR_REDIRECT] [Fatal Error] :1:1: Premature end of file.
2026-04-08 19:31:23,999 [ERROR] LogOutputStream:75 - [STDERR_REDIRECT] 
2026-04-08 19:31:25,004 [ERROR] LogOutputStream:75 - [STDERR_REDIRECT] [Fatal Error] :1:1: Premature end of file.
2026-04-08 19:31:25,005 [ERROR] LogOutputStream:75 - [STDERR_REDIRECT] 
2026-04-08 19:31:25,997 [ERROR] LogOutputStream:75 - [STDERR_REDIRECT] [Fatal Error] :1:1: Premature end of file.
2026-04-08 19:31:25,998 [ERROR] LogOutputStream:75 - [STDERR_REDIRECT] 
2026-04-08 19:31:27,026 [ERROR] LogOutputStream:75 - [STDERR_REDIRECT] [Fatal Error] :1:1: Premature end of file.
2026-04-08 19:31:27,027 [ERROR] LogOutputStream:75 - [STDERR_REDIRECT] 
2026-04-08 19:31:27,999 [ERROR] LogOutputStream:75 - [STDERR_REDIRECT] [Fatal Error] :1:1: Premature end of file.
2026-04-08 19:31:27,999 [ERROR] LogOutputStream:75 - [STDERR_REDIRECT] 
2026-04-08 19:31:29,039 [ERROR] LogOutputStream:75 - [STDERR_REDIRECT] [Fatal Error] :1:1: Premature end of file.
2026-04-08 19:31:29,039 [ERROR] LogOutputStream:75 - [STDERR_REDIRECT] 
2026-04-08 19:31:30,003 [ERROR] LogOutputStream:75 - [STDERR_REDIRECT] [Fatal Error] :1:1: Premature end of file.
2026-04-08 19:31:30,004 [ERROR] LogOutputStream:75 - [STDERR_REDIRECT] 
2026-04-08 19:31:31,019 [ERROR] LogOutputStream:75 - [STDERR_REDIRECT] [Fatal Error] :1:1: Premature end of file.
2026-04-08 19:31:31,019 [ERROR] LogOutputStream:75 - [STDERR_REDIRECT] 
2026-04-08 19:31:32,030 [ERROR] LogOutputStream:75 - [STDERR_REDIRECT] [Fatal Error] :1:1: Premature end of file.
2026-04-08 19:31:32,031 [ERROR] LogOutputStream:75 - [STDERR_REDIRECT] 
2026-04-08 19:31:33,018 [ERROR] LogOutputStream:75 - [STDERR_REDIRECT] [Fatal Error] :1:1: Premature end of file.
2026-04-08 19:31:33,018 [ERROR] LogOutputStream:75 - [STDERR_REDIRECT] 
2026-04-08 19:31:33,999 [ERROR] LogOutputStream:75 - [STDERR_REDIRECT] [Fatal Error] :1:1: Premature end of file.
2026-04-08 19:31:33,999 [ERROR] LogOutputStream:75 - [STDERR_REDIRECT] 
2026-04-08 19:31:35,033 [ERROR] LogOutputStream:75 - [STDERR_REDIRECT] [Fatal Error] :1:1: Premature end of file.
2026-04-08 19:31:35,033 [ERROR] LogOutputStream:75 - [STDERR_REDIRECT] 
2026-04-08 19:31:36,016 [ERROR] LogOutputStream:75 - [STDERR_REDIRECT] [Fatal Error] :1:1: Premature end of file.
2026-04-08 19:31:36,016 [ERROR] LogOutputStream:75 - [STDERR_REDIRECT] 
2026-04-08 19:31:36,999 [ERROR] LogOutputStream:75 - [STDERR_REDIRECT] [Fatal Error] :1:1: Premature end of file.
2026-04-08 19:31:36,999 [ERROR] LogOutputStream:75 - [STDERR_REDIRECT] 
2026-04-08 19:31:37,988 [ERROR] LogOutputStream:75 - [STDERR_REDIRECT] [Fatal Error] :1:1: Premature end of file.
2026-04-08 19:31:37,988 [ERROR] LogOutputStream:75 - [STDERR_REDIRECT] 
2026-04-08 19:31:39,003 [ERROR] LogOutputStream:75 - [STDERR_REDIRECT] [Fatal Error] :1:1: Premature end of file.
2026-04-08 19:31:39,004 [ERROR] LogOutputStream:75 - [STDERR_REDIRECT] 
2026-04-08 19:31:39,995 [ERROR] LogOutputStream:75 - [STDERR_REDIRECT] [Fatal Error] :1:1: Premature end of file.
2026-04-08 19:31:39,996 [ERROR] LogOutputStream:75 - [STDERR_REDIRECT] 
2026-04-08 19:31:41,002 [ERROR] LogOutputStream:75 - [STDERR_REDIRECT] [Fatal Error] :1:1: Premature end of file.
2026-04-08 19:31:41,002 [ERROR] LogOutputStream:75 - [STDERR_REDIRECT] 
2026-04-08 19:31:41,997 [ERROR] LogOutputStream:75 - [STDERR_REDIRECT] [Fatal Error] :1:1: Premature end of file.
2026-04-08 19:31:41,997 [ERROR] LogOutputStream:75 - [STDERR_REDIRECT] 
2026-04-08 19:31:43,022 [ERROR] LogOutputStream:75 - [STDERR_REDIRECT] [Fatal Error] :1:1: Premature end of file.
2026-04-08 19:31:43,023 [ERROR] LogOutputStream:75 - [STDERR_REDIRECT] 
2026-04-08 19:31:44,004 [ERROR] LogOutputStream:75 - [STDERR_REDIRECT] [Fatal Error] :1:1: Premature end of file.
2026-04-08 19:31:44,005 [ERROR] LogOutputStream:75 - [STDERR_REDIRECT] 
2026-04-08 19:31:45,190 [ERROR] LogOutputStream:75 - [STDERR_REDIRECT] [Fatal Error] :1:1: Premature end of file.
2026-04-08 19:31:45,191 [ERROR] LogOutputStream:75 - [STDERR_REDIRECT] 
2026-04-08 19:31:46,109 [ERROR] LogOutputStream:75 - [STDERR_REDIRECT] [Fatal Error] :1:1: Premature end of file.
2026-04-08 19:31:46,110 [ERROR] LogOutputStream:75 - [STDERR_REDIRECT] 
2026-04-08 19:31:47,079 [ERROR] LogOutputStream:75 - [STDERR_REDIRECT] [Fatal Error] :1:1: Premature end of file.
2026-04-08 19:31:47,080 [ERROR] LogOutputStream:75 - [STDERR_REDIRECT] 
2026-04-08 19:31:48,017 [ERROR] LogOutputStream:75 - [STDERR_REDIRECT] [Fatal Error] :1:1: Premature end of file.
2026-04-08 19:31:48,017 [ERROR] LogOutputStream:75 - [STDERR_REDIRECT] 
2026-04-08 19:31:49,016 [ERROR] LogOutputStream:75 - [STDERR_REDIRECT] [Fatal Error] :1:1: Premature end of file.
2026-04-08 19:31:49,017 [ERROR] LogOutputStream:75 - [STDERR_REDIRECT] 
2026-04-08 19:31:50,054 [ERROR] LogOutputStream:75 - [STDERR_REDIRECT] [Fatal Error] :1:1: Premature end of file.
2026-04-08 19:31:50,056 [ERROR] LogOutputStream:75 - [STDERR_REDIRECT] 
2026-04-08 19:31:51,045 [ERROR] LogOutputStream:75 - [STDERR_REDIRECT] [Fatal Error] :1:1: Premature end of file.
2026-04-08 19:31:51,047 [ERROR] LogOutputStream:75 - [STDERR_REDIRECT] 
2026-04-08 19:31:52,017 [ERROR] LogOutputStream:75 - [STDERR_REDIRECT] [Fatal Error] :1:1: Premature end of file.
2026-04-08 19:31:52,017 [ERROR] LogOutputStream:75 - [STDERR_REDIRECT] 
2026-04-08 19:31:53,029 [ERROR] LogOutputStream:75 - [STDERR_REDIRECT] [Fatal Error] :1:1: Premature end of file.
2026-04-08 19:31:53,030 [ERROR] LogOutputStream:75 - [STDERR_REDIRECT] 
2026-04-08 19:31:54,061 [ERROR] LogOutputStream:75 - [STDERR_REDIRECT] [Fatal Error] :1:1: Premature end of file.
2026-04-08 19:31:54,062 [ERROR] LogOutputStream:75 - [STDERR_REDIRECT] 
2026-04-08 19:31:55,023 [ERROR] LogOutputStream:75 - [STDERR_REDIRECT] [Fatal Error] :1:1: Premature end of file.
2026-04-08 19:31:55,023 [ERROR] LogOutputStream:75 - [STDERR_REDIRECT] 
2026-04-08 19:31:56,033 [ERROR] LogOutputStream:75 - [STDERR_REDIRECT] [Fatal Error] :1:1: Premature end of file.
2026-04-08 19:31:56,034 [ERROR] LogOutputStream:75 - [STDERR_REDIRECT] 
2026-04-08 19:31:57,015 [ERROR] LogOutputStream:75 - [STDERR_REDIRECT] [Fatal Error] :1:1: Premature end of file.
2026-04-08 19:31:57,016 [ERROR] LogOutputStream:75 - [STDERR_REDIRECT] 
2026-04-08 19:31:58,006 [ERROR] LogOutputStream:75 - [STDERR_REDIRECT] [Fatal Error] :1:1: Premature end of file.
2026-04-08 19:31:58,007 [ERROR] LogOutputStream:75 - [STDERR_REDIRECT] 
2026-04-08 19:31:59,000 [ERROR] LogOutputStream:75 - [STDERR_REDIRECT] [Fatal Error] :1:1: Premature end of file.
2026-04-08 19:31:59,000 [ERROR] LogOutputStream:75 - [STDERR_REDIRECT] 
2026-04-08 19:31:59,999 [ERROR] LogOutputStream:75 - [STDERR_REDIRECT] [Fatal Error] :1:1: Premature end of file.
2026-04-08 19:31:59,999 [ERROR] LogOutputStream:75 - [STDERR_REDIRECT] 
2026-04-08 19:32:00,999 [ERROR] LogOutputStream:75 - [STDERR_REDIRECT] [Fatal Error] :1:1: Premature end of file.
2026-04-08 19:32:01,000 [ERROR] LogOutputStream:75 - [STDERR_REDIRECT] 
2026-04-08 19:32:01,992 [ERROR] LogOutputStream:75 - [STDERR_REDIRECT] [Fatal Error] :1:1: Premature end of file.
2026-04-08 19:32:01,992 [ERROR] LogOutputStream:75 - [STDERR_REDIRECT] 
2026-04-08 19:32:03,001 [ERROR] LogOutputStream:75 - [STDERR_REDIRECT] [Fatal Error] :1:1: Premature end of file.
2026-04-08 19:32:03,001 [ERROR] LogOutputStream:75 - [STDERR_REDIRECT] 
2026-04-08 19:32:04,004 [ERROR] LogOutputStream:75 - [STDERR_REDIRECT] [Fatal Error] :1:1: Premature end of file.
2026-04-08 19:32:04,005 [ERROR] LogOutputStream:75 - [STDERR_REDIRECT] 
2026-04-08 19:32:04,982 [ERROR] LogOutputStream:75 - [STDERR_REDIRECT] [Fatal Error] :1:1: Premature end of file.
2026-04-08 19:32:04,983 [ERROR] LogOutputStream:75 - [STDERR_REDIRECT] 
2026-04-08 19:32:05,995 [ERROR] LogOutputStream:75 - [STDERR_REDIRECT] [Fatal Error] :1:1: Premature end of file.
2026-04-08 19:32:05,996 [ERROR] LogOutputStream:75 - [STDERR_REDIRECT] 
2026-04-08 19:32:06,997 [ERROR] LogOutputStream:75 - [STDERR_REDIRECT] [Fatal Error] :1:1: Premature end of file.
2026-04-08 19:32:06,997 [ERROR] LogOutputStream:75 - [STDERR_REDIRECT] 
2026-04-08 19:32:07,993 [ERROR] LogOutputStream:75 - [STDERR_REDIRECT] [Fatal Error] :1:1: Premature end of file.
2026-04-08 19:32:07,993 [ERROR] LogOutputStream:75 - [STDERR_REDIRECT] 
2026-04-08 19:32:08,982 [ERROR] LogOutputStream:75 - [STDERR_REDIRECT] [Fatal Error] :1:1: Premature end of file.
2026-04-08 19:32:08,983 [ERROR] LogOutputStream:75 - [STDERR_REDIRECT] 
2026-04-08 19:32:10,031 [ERROR] LogOutputStream:75 - [STDERR_REDIRECT] [Fatal Error] :1:1: Premature end of file.
2026-04-08 19:32:10,031 [ERROR] LogOutputStream:75 - [STDERR_REDIRECT] 
2026-04-08 19:32:11,030 [ERROR] LogOutputStream:75 - [STDERR_REDIRECT] [Fatal Error] :1:1: Premature end of file.
2026-04-08 19:32:11,031 [ERROR] LogOutputStream:75 - [STDERR_REDIRECT] 
2026-04-08 19:32:12,004 [ERROR] LogOutputStream:75 - [STDERR_REDIRECT] [Fatal Error] :1:1: Premature end of file.
2026-04-08 19:32:12,005 [ERROR] LogOutputStream:75 - [STDERR_REDIRECT] 
2026-04-08 19:32:13,016 [ERROR] LogOutputStream:75 - [STDERR_REDIRECT] [Fatal Error] :1:1: Premature end of file.
2026-04-08 19:32:13,017 [ERROR] LogOutputStream:75 - [STDERR_REDIRECT] 
2026-04-08 19:32:14,023 [ERROR] LogOutputStream:75 - [STDERR_REDIRECT] [Fatal Error] :1:1: Premature end of file.
2026-04-08 19:32:14,024 [ERROR] LogOutputStream:75 - [STDERR_REDIRECT] 
2026-04-08 19:32:14,981 [ERROR] LogOutputStream:75 - [STDERR_REDIRECT] [Fatal Error] :1:1: Premature end of file.
2026-04-08 19:32:14,982 [ERROR] LogOutputStream:75 - [STDERR_REDIRECT] 
2026-04-08 19:32:15,995 [ERROR] LogOutputStream:75 - [STDERR_REDIRECT] [Fatal Error] :1:1: Premature end of file.
2026-04-08 19:32:15,996 [ERROR] LogOutputStream:75 - [STDERR_REDIRECT] 
2026-04-08 19:32:17,005 [ERROR] LogOutputStream:75 - [STDERR_REDIRECT] [Fatal Error] :1:1: Premature end of file.
2026-04-08 19:32:17,005 [ERROR] LogOutputStream:75 - [STDERR_REDIRECT] 
2026-04-08 19:32:17,999 [ERROR] LogOutputStream:75 - [STDERR_REDIRECT] [Fatal Error] :1:1: Premature end of file.
2026-04-08 19:32:17,999 [ERROR] LogOutputStream:75 - [STDERR_REDIRECT] 
2026-04-08 19:32:18,978 [ERROR] LogOutputStream:75 - [STDERR_REDIRECT] [Fatal Error] :1:1: Premature end of file.
2026-04-08 19:32:18,978 [ERROR] LogOutputStream:75 - [STDERR_REDIRECT] 
2026-04-08 19:32:19,995 [ERROR] LogOutputStream:75 - [STDERR_REDIRECT] [Fatal Error] :1:1: Premature end of file.
2026-04-08 19:32:19,995 [ERROR] LogOutputStream:75 - [STDERR_REDIRECT] 
2026-04-08 19:32:20,983 [ERROR] LogOutputStream:75 - [STDERR_REDIRECT] [Fatal Error] :1:1: Premature end of file.
2026-04-08 19:32:20,983 [ERROR] LogOutputStream:75 - [STDERR_REDIRECT] 
2026-04-08 19:32:21,982 [ERROR] LogOutputStream:75 - [STDERR_REDIRECT] [Fatal Error] :1:1: Premature end of file.
2026-04-08 19:32:21,983 [ERROR] LogOutputStream:75 - [STDERR_REDIRECT] 
2026-04-08 19:32:23,005 [ERROR] LogOutputStream:75 - [STDERR_REDIRECT] [Fatal Error] :1:1: Premature end of file.
2026-04-08 19:32:23,005 [ERROR] LogOutputStream:75 - [STDERR_REDIRECT] 
2026-04-08 19:32:23,991 [ERROR] LogOutputStream:75 - [STDERR_REDIRECT] [Fatal Error] :1:1: Premature end of file.
2026-04-08 19:32:23,991 [ERROR] LogOutputStream:75 - [STDERR_REDIRECT] 
2026-04-08 19:32:24,981 [ERROR] LogOutputStream:75 - [STDERR_REDIRECT] [Fatal Error] :1:1: Premature end of file.
2026-04-08 19:32:24,981 [ERROR] LogOutputStream:75 - [STDERR_REDIRECT] 
2026-04-08 19:32:25,990 [ERROR] LogOutputStream:75 - [STDERR_REDIRECT] [Fatal Error] :1:1: Premature end of file.
2026-04-08 19:32:25,990 [ERROR] LogOutputStream:75 - [STDERR_REDIRECT] 
2026-04-08 19:32:27,007 [ERROR] LogOutputStream:75 - [STDERR_REDIRECT] [Fatal Error] :1:1: Premature end of file.
2026-04-08 19:32:27,007 [ERROR] LogOutputStream:75 - [STDERR_REDIRECT] 
2026-04-08 19:32:27,996 [ERROR] LogOutputStream:75 - [STDERR_REDIRECT] [Fatal Error] :1:1: Premature end of file.
2026-04-08 19:32:27,998 [ERROR] LogOutputStream:75 - [STDERR_REDIRECT] 
2026-04-08 19:32:29,018 [ERROR] LogOutputStream:75 - [STDERR_REDIRECT] [Fatal Error] :1:1: Premature end of file.
2026-04-08 19:32:29,018 [ERROR] LogOutputStream:75 - [STDERR_REDIRECT] 
2026-04-08 19:32:29,998 [ERROR] LogOutputStream:75 - [STDERR_REDIRECT] [Fatal Error] :1:1: Premature end of file.
2026-04-08 19:32:29,998 [ERROR] LogOutputStream:75 - [STDERR_REDIRECT] 
2026-04-08 19:32:30,999 [ERROR] LogOutputStream:75 - [STDERR_REDIRECT] [Fatal Error] :1:1: Premature end of file.
2026-04-08 19:32:31,000 [ERROR] LogOutputStream:75 - [STDERR_REDIRECT] 
2026-04-08 19:32:31,981 [ERROR] LogOutputStream:75 - [STDERR_REDIRECT] [Fatal Error] :1:1: Premature end of file.
2026-04-08 19:32:31,982 [ERROR] LogOutputStream:75 - [STDERR_REDIRECT] 
2026-04-08 19:32:32,984 [ERROR] LogOutputStream:75 - [STDERR_REDIRECT] [Fatal Error] :1:1: Premature end of file.
2026-04-08 19:32:32,984 [ERROR] LogOutputStream:75 - [STDERR_REDIRECT] 
2026-04-08 19:32:34,005 [ERROR] LogOutputStream:75 - [STDERR_REDIRECT] [Fatal Error] :1:1: Premature end of file.
2026-04-08 19:32:34,005 [ERROR] LogOutputStream:75 - [STDERR_REDIRECT] 
2026-04-08 19:32:34,997 [ERROR] LogOutputStream:75 - [STDERR_REDIRECT] [Fatal Error] :1:1: Premature end of file.
2026-04-08 19:32:34,997 [ERROR] LogOutputStream:75 - [STDERR_REDIRECT] 
2026-04-08 19:32:36,012 [ERROR] LogOutputStream:75 - [STDERR_REDIRECT] [Fatal Error] :1:1: Premature end of file.
2026-04-08 19:32:36,012 [ERROR] LogOutputStream:75 - [STDERR_REDIRECT] 
2026-04-08 19:32:36,994 [ERROR] LogOutputStream:75 - [STDERR_REDIRECT] [Fatal Error] :1:1: Premature end of file.
2026-04-08 19:32:36,994 [ERROR] LogOutputStream:75 - [STDERR_REDIRECT] 
2026-04-08 19:32:37,980 [ERROR] LogOutputStream:75 - [STDERR_REDIRECT] [Fatal Error] :1:1: Premature end of file.
2026-04-08 19:32:37,980 [ERROR] LogOutputStream:75 - [STDERR_REDIRECT] 
2026-04-08 19:32:38,984 [ERROR] LogOutputStream:75 - [STDERR_REDIRECT] [Fatal Error] :1:1: Premature end of file.
2026-04-08 19:32:38,984 [ERROR] LogOutputStream:75 - [STDERR_REDIRECT] 
2026-04-08 19:32:39,981 [ERROR] LogOutputStream:75 - [STDERR_REDIRECT] [Fatal Error] :1:1: Premature end of file.
2026-04-08 19:32:39,981 [ERROR] LogOutputStream:75 - [STDERR_REDIRECT] 
2026-04-08 19:32:41,019 [ERROR] LogOutputStream:75 - [STDERR_REDIRECT] [Fatal Error] :1:1: Premature end of file.
2026-04-08 19:32:41,020 [ERROR] LogOutputStream:75 - [STDERR_REDIRECT] 
2026-04-08 19:32:41,997 [ERROR] LogOutputStream:75 - [STDERR_REDIRECT] [Fatal Error] :1:1: Premature end of file.
2026-04-08 19:32:41,998 [ERROR] LogOutputStream:75 - [STDERR_REDIRECT] 
2026-04-08 19:32:42,987 [ERROR] LogOutputStream:75 - [STDERR_REDIRECT] [Fatal Error] :1:1: Premature end of file.
2026-04-08 19:32:42,988 [ERROR] LogOutputStream:75 - [STDERR_REDIRECT] 
2026-04-08 19:32:43,985 [ERROR] LogOutputStream:75 - [STDERR_REDIRECT] [Fatal Error] :1:1: Premature end of file.
2026-04-08 19:32:43,985 [ERROR] LogOutputStream:75 - [STDERR_REDIRECT] 
2026-04-08 19:32:45,015 [ERROR] LogOutputStream:75 - [STDERR_REDIRECT] [Fatal Error] :1:1: Premature end of file.
2026-04-08 19:32:45,016 [ERROR] LogOutputStream:75 - [STDERR_REDIRECT] 
2026-04-08 19:32:46,001 [ERROR] LogOutputStream:75 - [STDERR_REDIRECT] [Fatal Error] :1:1: Premature end of file.
2026-04-08 19:32:46,002 [ERROR] LogOutputStream:75 - [STDERR_REDIRECT] 
2026-04-08 19:32:46,992 [ERROR] LogOutputStream:75 - [STDERR_REDIRECT] [Fatal Error] :1:1: Premature end of file.
2026-04-08 19:32:46,992 [ERROR] LogOutputStream:75 - [STDERR_REDIRECT] 
2026-04-08 19:32:47,999 [ERROR] LogOutputStream:75 - [STDERR_REDIRECT] [Fatal Error] :1:1: Premature end of file.
2026-04-08 19:32:48,000 [ERROR] LogOutputStream:75 - [STDERR_REDIRECT] 
2026-04-08 19:32:48,997 [ERROR] LogOutputStream:75 - [STDERR_REDIRECT] [Fatal Error] :1:1: Premature end of file.
2026-04-08 19:32:48,998 [ERROR] LogOutputStream:75 - [STDERR_REDIRECT] 
2026-04-08 19:32:49,982 [ERROR] LogOutputStream:75 - [STDERR_REDIRECT] [Fatal Error] :1:1: Premature end of file.
2026-04-08 19:32:49,982 [ERROR] LogOutputStream:75 - [STDERR_REDIRECT] 
2026-04-08 19:32:50,985 [ERROR] LogOutputStream:75 - [STDERR_REDIRECT] [Fatal Error] :1:1: Premature end of file.
2026-04-08 19:32:50,986 [ERROR] LogOutputStream:75 - [STDERR_REDIRECT] 
2026-04-08 19:32:51,987 [ERROR] LogOutputStream:75 - [STDERR_REDIRECT] [Fatal Error] :1:1: Premature end of file.
2026-04-08 19:32:51,987 [ERROR] LogOutputStream:75 - [STDERR_REDIRECT] 
2026-04-08 19:32:52,991 [ERROR] LogOutputStream:75 - [STDERR_REDIRECT] [Fatal Error] :1:1: Premature end of file.
2026-04-08 19:32:52,991 [ERROR] LogOutputStream:75 - [STDERR_REDIRECT] 
2026-04-08 19:32:53,992 [ERROR] LogOutputStream:75 - [STDERR_REDIRECT] [Fatal Error] :1:1: Premature end of file.
2026-04-08 19:32:53,992 [ERROR] LogOutputStream:75 - [STDERR_REDIRECT] 
2026-04-08 19:32:54,999 [ERROR] LogOutputStream:75 - [STDERR_REDIRECT] [Fatal Error] :1:1: Premature end of file.
2026-04-08 19:32:54,999 [ERROR] LogOutputStream:75 - [STDERR_REDIRECT] 
2026-04-08 19:32:56,010 [ERROR] LogOutputStream:75 - [STDERR_REDIRECT] [Fatal Error] :1:1: Premature end of file.
2026-04-08 19:32:56,010 [ERROR] LogOutputStream:75 - [STDERR_REDIRECT] 
2026-04-08 19:32:56,995 [ERROR] LogOutputStream:75 - [STDERR_REDIRECT] [Fatal Error] :1:1: Premature end of file.
2026-04-08 19:32:56,995 [ERROR] LogOutputStream:75 - [STDERR_REDIRECT] 
2026-04-08 19:32:57,991 [ERROR] LogOutputStream:75 - [STDERR_REDIRECT] [Fatal Error] :1:1: Premature end of file.
2026-04-08 19:32:57,991 [ERROR] LogOutputStream:75 - [STDERR_REDIRECT] 
2026-04-08 19:32:58,995 [ERROR] LogOutputStream:75 - [STDERR_REDIRECT] [Fatal Error] :1:1: Premature end of file.
2026-04-08 19:32:58,995 [ERROR] LogOutputStream:75 - [STDERR_REDIRECT] 
2026-04-08 19:32:59,982 [ERROR] LogOutputStream:75 - [STDERR_REDIRECT] [Fatal Error] :1:1: Premature end of file.
2026-04-08 19:32:59,983 [ERROR] LogOutputStream:75 - [STDERR_REDIRECT] 
2026-04-08 19:33:00,984 [ERROR] LogOutputStream:75 - [STDERR_REDIRECT] [Fatal Error] :1:1: Premature end of file.
2026-04-08 19:33:00,985 [ERROR] LogOutputStream:75 - [STDERR_REDIRECT] 
2026-04-08 19:33:02,097 [ERROR] LogOutputStream:75 - [STDERR_REDIRECT] [Fatal Error] :1:1: Premature end of file.
2026-04-08 19:33:02,097 [ERROR] LogOutputStream:75 - [STDERR_REDIRECT] 
2026-04-08 19:33:03,003 [ERROR] LogOutputStream:75 - [STDERR_REDIRECT] [Fatal Error] :1:1: Premature end of file.
2026-04-08 19:33:03,004 [ERROR] LogOutputStream:75 - [STDERR_REDIRECT] 
2026-04-08 19:33:03,985 [ERROR] LogOutputStream:75 - [STDERR_REDIRECT] [Fatal Error] :1:1: Premature end of file.
2026-04-08 19:33:03,985 [ERROR] LogOutputStream:75 - [STDERR_REDIRECT] 
2026-04-08 19:33:04,973 [ERROR] LogOutputStream:75 - [STDERR_REDIRECT] [Fatal Error] :1:1: Premature end of file.
2026-04-08 19:33:04,973 [ERROR] LogOutputStream:75 - [STDERR_REDIRECT] 
2026-04-08 19:33:05,994 [ERROR] LogOutputStream:75 - [STDERR_REDIRECT] [Fatal Error] :1:1: Premature end of file.
2026-04-08 19:33:05,996 [ERROR] LogOutputStream:75 - [STDERR_REDIRECT] 
2026-04-08 19:33:06,979 [ERROR] LogOutputStream:75 - [STDERR_REDIRECT] [Fatal Error] :1:1: Premature end of file.
2026-04-08 19:33:06,979 [ERROR] LogOutputStream:75 - [STDERR_REDIRECT] 
2026-04-08 19:33:07,990 [ERROR] LogOutputStream:75 - [STDERR_REDIRECT] [Fatal Error] :1:1: Premature end of file.
2026-04-08 19:33:07,991 [ERROR] LogOutputStream:75 - [STDERR_REDIRECT] 
2026-04-08 19:33:08,992 [ERROR] LogOutputStream:75 - [STDERR_REDIRECT] [Fatal Error] :1:1: Premature end of file.
2026-04-08 19:33:08,992 [ERROR] LogOutputStream:75 - [STDERR_REDIRECT] 
2026-04-08 19:33:09,982 [ERROR] LogOutputStream:75 - [STDERR_REDIRECT] [Fatal Error] :1:1: Premature end of file.
2026-04-08 19:33:09,983 [ERROR] LogOutputStream:75 - [STDERR_REDIRECT] 
2026-04-08 19:33:10,990 [ERROR] LogOutputStream:75 - [STDERR_REDIRECT] [Fatal Error] :1:1: Premature end of file.
2026-04-08 19:33:10,990 [ERROR] LogOutputStream:75 - [STDERR_REDIRECT] 
2026-04-08 19:33:11,990 [ERROR] LogOutputStream:75 - [STDERR_REDIRECT] [Fatal Error] :1:1: Premature end of file.
2026-04-08 19:33:11,990 [ERROR] LogOutputStream:75 - [STDERR_REDIRECT] 
2026-04-08 19:33:12,979 [ERROR] LogOutputStream:75 - [STDERR_REDIRECT] [Fatal Error] :1:1: Premature end of file.
2026-04-08 19:33:12,980 [ERROR] LogOutputStream:75 - [STDERR_REDIRECT] 
2026-04-08 19:33:13,978 [ERROR] LogOutputStream:75 - [STDERR_REDIRECT] [Fatal Error] :1:1: Premature end of file.
2026-04-08 19:33:13,978 [ERROR] LogOutputStream:75 - [STDERR_REDIRECT] 
2026-04-08 19:33:15,002 [ERROR] LogOutputStream:75 - [STDERR_REDIRECT] [Fatal Error] :1:1: Premature end of file.
2026-04-08 19:33:15,002 [ERROR] LogOutputStream:75 - [STDERR_REDIRECT] 
2026-04-08 19:33:16,002 [ERROR] LogOutputStream:75 - [STDERR_REDIRECT] [Fatal Error] :1:1: Premature end of file.
2026-04-08 19:33:16,002 [ERROR] LogOutputStream:75 - [STDERR_REDIRECT] 
2026-04-08 19:33:17,007 [ERROR] LogOutputStream:75 - [STDERR_REDIRECT] [Fatal Error] :1:1: Premature end of file.
2026-04-08 19:33:17,008 [ERROR] LogOutputStream:75 - [STDERR_REDIRECT] 
2026-04-08 19:33:18,004 [ERROR] LogOutputStream:75 - [STDERR_REDIRECT] [Fatal Error] :1:1: Premature end of file.
2026-04-08 19:33:18,004 [ERROR] LogOutputStream:75 - [STDERR_REDIRECT] 
2026-04-08 19:33:19,000 [ERROR] LogOutputStream:75 - [STDERR_REDIRECT] [Fatal Error] :1:1: Premature end of file.
2026-04-08 19:33:19,001 [ERROR] LogOutputStream:75 - [STDERR_REDIRECT] 
2026-04-08 19:33:20,000 [ERROR] LogOutputStream:75 - [STDERR_REDIRECT] [Fatal Error] :1:1: Premature end of file.
2026-04-08 19:33:20,001 [ERROR] LogOutputStream:75 - [STDERR_REDIRECT] 
2026-04-08 19:33:21,002 [ERROR] LogOutputStream:75 - [STDERR_REDIRECT] [Fatal Error] :1:1: Premature end of file.
2026-04-08 19:33:21,002 [ERROR] LogOutputStream:75 - [STDERR_REDIRECT] 
2026-04-08 19:33:21,992 [ERROR] LogOutputStream:75 - [STDERR_REDIRECT] [Fatal Error] :1:1: Premature end of file.
2026-04-08 19:33:21,993 [ERROR] LogOutputStream:75 - [STDERR_REDIRECT] 
2026-04-08 19:33:23,005 [ERROR] LogOutputStream:75 - [STDERR_REDIRECT] [Fatal Error] :1:1: Premature end of file.
2026-04-08 19:33:23,005 [ERROR] LogOutputStream:75 - [STDERR_REDIRECT] 
2026-04-08 19:33:24,005 [ERROR] LogOutputStream:75 - [STDERR_REDIRECT] [Fatal Error] :1:1: Premature end of file.
2026-04-08 19:33:24,005 [ERROR] LogOutputStream:75 - [STDERR_REDIRECT] 
2026-04-08 19:33:24,994 [ERROR] LogOutputStream:75 - [STDERR_REDIRECT] [Fatal Error] :1:1: Premature end of file.
2026-04-08 19:33:24,995 [ERROR] LogOutputStream:75 - [STDERR_REDIRECT] 
2026-04-08 19:33:25,992 [ERROR] LogOutputStream:75 - [STDERR_REDIRECT] [Fatal Error] :1:1: Premature end of file.
2026-04-08 19:33:25,993 [ERROR] LogOutputStream:75 - [STDERR_REDIRECT] 
2026-04-08 19:33:27,000 [ERROR] LogOutputStream:75 - [STDERR_REDIRECT] [Fatal Error] :1:1: Premature end of file.
2026-04-08 19:33:27,000 [ERROR] LogOutputStream:75 - [STDERR_REDIRECT] 
2026-04-08 19:33:27,999 [ERROR] LogOutputStream:75 - [STDERR_REDIRECT] [Fatal Error] :1:1: Premature end of file.
2026-04-08 19:33:27,999 [ERROR] LogOutputStream:75 - [STDERR_REDIRECT] 
2026-04-08 19:33:28,997 [ERROR] LogOutputStream:75 - [STDERR_REDIRECT] [Fatal Error] :1:1: Premature end of file.
2026-04-08 19:33:28,998 [ERROR] LogOutputStream:75 - [STDERR_REDIRECT] 
2026-04-08 19:33:29,995 [ERROR] LogOutputStream:75 - [STDERR_REDIRECT] [Fatal Error] :1:1: Premature end of file.
2026-04-08 19:33:29,996 [ERROR] LogOutputStream:75 - [STDERR_REDIRECT] 
2026-04-08 19:33:30,998 [ERROR] LogOutputStream:75 - [STDERR_REDIRECT] [Fatal Error] :1:1: Premature end of file.
2026-04-08 19:33:30,998 [ERROR] LogOutputStream:75 - [STDERR_REDIRECT] 
2026-04-08 19:33:31,999 [ERROR] LogOutputStream:75 - [STDERR_REDIRECT] [Fatal Error] :1:1: Premature end of file.
2026-04-08 19:33:31,999 [ERROR] LogOutputStream:75 - [STDERR_REDIRECT] 
2026-04-08 19:33:32,998 [ERROR] LogOutputStream:75 - [STDERR_REDIRECT] [Fatal Error] :1:1: Premature end of file.
2026-04-08 19:33:32,998 [ERROR] LogOutputStream:75 - [STDERR_REDIRECT] 
2026-04-08 19:33:33,991 [ERROR] LogOutputStream:75 - [STDERR_REDIRECT] [Fatal Error] :1:1: Premature end of file.
2026-04-08 19:33:33,992 [ERROR] LogOutputStream:75 - [STDERR_REDIRECT] 
2026-04-08 19:33:35,001 [ERROR] LogOutputStream:75 - [STDERR_REDIRECT] [Fatal Error] :1:1: Premature end of file.
2026-04-08 19:33:35,004 [ERROR] LogOutputStream:75 - [STDERR_REDIRECT] 
2026-04-08 19:33:35,991 [ERROR] LogOutputStream:75 - [STDERR_REDIRECT] [Fatal Error] :1:1: Premature end of file.
2026-04-08 19:33:35,991 [ERROR] LogOutputStream:75 - [STDERR_REDIRECT] 
2026-04-08 19:33:37,004 [ERROR] LogOutputStream:75 - [STDERR_REDIRECT] [Fatal Error] :1:1: Premature end of file.
2026-04-08 19:33:37,005 [ERROR] LogOutputStream:75 - [STDERR_REDIRECT] 
2026-04-08 19:33:37,988 [ERROR] LogOutputStream:75 - [STDERR_REDIRECT] [Fatal Error] :1:1: Premature end of file.
2026-04-08 19:33:37,988 [ERROR] LogOutputStream:75 - [STDERR_REDIRECT] 
2026-04-08 19:33:38,981 [ERROR] LogOutputStream:75 - [STDERR_REDIRECT] [Fatal Error] :1:1: Premature end of file.
2026-04-08 19:33:38,981 [ERROR] LogOutputStream:75 - [STDERR_REDIRECT] 
2026-04-08 19:33:39,997 [ERROR] LogOutputStream:75 - [STDERR_REDIRECT] [Fatal Error] :1:1: Premature end of file.
2026-04-08 19:33:39,998 [ERROR] LogOutputStream:75 - [STDERR_REDIRECT] 
2026-04-08 19:33:40,997 [ERROR] LogOutputStream:75 - [STDERR_REDIRECT] [Fatal Error] :1:1: Premature end of file.
2026-04-08 19:33:40,998 [ERROR] LogOutputStream:75 - [STDERR_REDIRECT] 
2026-04-08 19:33:42,001 [ERROR] LogOutputStream:75 - [STDERR_REDIRECT] [Fatal Error] :1:1: Premature end of file.
2026-04-08 19:33:42,001 [ERROR] LogOutputStream:75 - [STDERR_REDIRECT] 
2026-04-08 19:33:43,004 [ERROR] LogOutputStream:75 - [STDERR_REDIRECT] [Fatal Error] :1:1: Premature end of file.
2026-04-08 19:33:43,005 [ERROR] LogOutputStream:75 - [STDERR_REDIRECT] 
2026-04-08 19:33:44,006 [ERROR] LogOutputStream:75 - [STDERR_REDIRECT] [Fatal Error] :1:1: Premature end of file.
2026-04-08 19:33:44,006 [ERROR] LogOutputStream:75 - [STDERR_REDIRECT] 
2026-04-08 19:33:44,988 [ERROR] LogOutputStream:75 - [STDERR_REDIRECT] [Fatal Error] :1:1: Premature end of file.
2026-04-08 19:33:44,989 [ERROR] LogOutputStream:75 - [STDERR_REDIRECT] 
2026-04-08 19:33:46,006 [ERROR] LogOutputStream:75 - [STDERR_REDIRECT] [Fatal Error] :1:1: Premature end of file.
2026-04-08 19:33:46,007 [ERROR] LogOutputStream:75 - [STDERR_REDIRECT] 
2026-04-08 19:33:47,005 [ERROR] LogOutputStream:75 - [STDERR_REDIRECT] [Fatal Error] :1:1: Premature end of file.
2026-04-08 19:33:47,006 [ERROR] LogOutputStream:75 - [STDERR_REDIRECT] 
2026-04-08 19:33:48,013 [ERROR] LogOutputStream:75 - [STDERR_REDIRECT] [Fatal Error] :1:1: Premature end of file.
2026-04-08 19:33:48,014 [ERROR] LogOutputStream:75 - [STDERR_REDIRECT] 
2026-04-08 19:33:49,007 [ERROR] LogOutputStream:75 - [STDERR_REDIRECT] [Fatal Error] :1:1: Premature end of file.
2026-04-08 19:33:49,009 [ERROR] LogOutputStream:75 - [STDERR_REDIRECT] 
2026-04-08 19:33:50,005 [ERROR] LogOutputStream:75 - [STDERR_REDIRECT] [Fatal Error] :1:1: Premature end of file.
2026-04-08 19:33:50,008 [ERROR] LogOutputStream:75 - [STDERR_REDIRECT] 
2026-04-08 19:33:51,002 [ERROR] LogOutputStream:75 - [STDERR_REDIRECT] [Fatal Error] :1:1: Premature end of file.
2026-04-08 19:33:51,002 [ERROR] LogOutputStream:75 - [STDERR_REDIRECT] 
2026-04-08 19:33:51,999 [ERROR] LogOutputStream:75 - [STDERR_REDIRECT] [Fatal Error] :1:1: Premature end of file.
2026-04-08 19:33:52,000 [ERROR] LogOutputStream:75 - [STDERR_REDIRECT] 
2026-04-08 19:33:53,005 [ERROR] LogOutputStream:75 - [STDERR_REDIRECT] [Fatal Error] :1:1: Premature end of file.
2026-04-08 19:33:53,005 [ERROR] LogOutputStream:75 - [STDERR_REDIRECT] 
2026-04-08 19:33:54,006 [ERROR] LogOutputStream:75 - [STDERR_REDIRECT] [Fatal Error] :1:1: Premature end of file.
2026-04-08 19:33:54,006 [ERROR] LogOutputStream:75 - [STDERR_REDIRECT] 
2026-04-08 19:33:54,978 [ERROR] LogOutputStream:75 - [STDERR_REDIRECT] [Fatal Error] :1:1: Premature end of file.
2026-04-08 19:33:54,978 [ERROR] LogOutputStream:75 - [STDERR_REDIRECT] 
2026-04-08 19:33:56,007 [ERROR] LogOutputStream:75 - [STDERR_REDIRECT] [Fatal Error] :1:1: Premature end of file.
2026-04-08 19:33:56,007 [ERROR] LogOutputStream:75 - [STDERR_REDIRECT] 
2026-04-08 19:33:57,005 [ERROR] LogOutputStream:75 - [STDERR_REDIRECT] [Fatal Error] :1:1: Premature end of file.
2026-04-08 19:33:57,005 [ERROR] LogOutputStream:75 - [STDERR_REDIRECT] 
2026-04-08 19:33:58,005 [ERROR] LogOutputStream:75 - [STDERR_REDIRECT] [Fatal Error] :1:1: Premature end of file.
2026-04-08 19:33:58,005 [ERROR] LogOutputStream:75 - [STDERR_REDIRECT] 
2026-04-08 19:33:58,981 [ERROR] LogOutputStream:75 - [STDERR_REDIRECT] [Fatal Error] :1:1: Premature end of file.
2026-04-08 19:33:58,981 [ERROR] LogOutputStream:75 - [STDERR_REDIRECT] 
2026-04-08 19:34:00,065 [ERROR] LogOutputStream:75 - [STDERR_REDIRECT] [Fatal Error] :1:1: Premature end of file.
2026-04-08 19:34:00,066 [ERROR] LogOutputStream:75 - [STDERR_REDIRECT] 
2026-04-08 19:34:01,023 [ERROR] LogOutputStream:75 - [STDERR_REDIRECT] [Fatal Error] :1:1: Premature end of file.
2026-04-08 19:34:01,024 [ERROR] LogOutputStream:75 - [STDERR_REDIRECT] 
2026-04-08 19:34:02,021 [ERROR] LogOutputStream:75 - [STDERR_REDIRECT] [Fatal Error] :1:1: Premature end of file.
2026-04-08 19:34:02,022 [ERROR] LogOutputStream:75 - [STDERR_REDIRECT] 
2026-04-08 19:34:02,998 [ERROR] LogOutputStream:75 - [STDERR_REDIRECT] [Fatal Error] :1:1: Premature end of file.
2026-04-08 19:34:02,998 [ERROR] LogOutputStream:75 - [STDERR_REDIRECT] 
2026-04-08 19:34:04,009 [ERROR] LogOutputStream:75 - [STDERR_REDIRECT] [Fatal Error] :1:1: Premature end of file.
2026-04-08 19:34:04,010 [ERROR] LogOutputStream:75 - [STDERR_REDIRECT] 
2026-04-08 19:34:05,000 [ERROR] LogOutputStream:75 - [STDERR_REDIRECT] [Fatal Error] :1:1: Premature end of file.
2026-04-08 19:34:05,001 [ERROR] LogOutputStream:75 - [STDERR_REDIRECT] 
2026-04-08 19:34:06,006 [ERROR] LogOutputStream:75 - [STDERR_REDIRECT] [Fatal Error] :1:1: Premature end of file.
2026-04-08 19:34:06,006 [ERROR] LogOutputStream:75 - [STDERR_REDIRECT] 
2026-04-08 19:34:07,010 [ERROR] LogOutputStream:75 - [STDERR_REDIRECT] [Fatal Error] :1:1: Premature end of file.
2026-04-08 19:34:07,010 [ERROR] LogOutputStream:75 - [STDERR_REDIRECT] 
2026-04-08 19:34:08,002 [ERROR] LogOutputStream:75 - [STDERR_REDIRECT] [Fatal Error] :1:1: Premature end of file.
2026-04-08 19:34:08,002 [ERROR] LogOutputStream:75 - [STDERR_REDIRECT] 
2026-04-08 19:34:09,009 [ERROR] LogOutputStream:75 - [STDERR_REDIRECT] [Fatal Error] :1:1: Premature end of file.
2026-04-08 19:34:09,009 [ERROR] LogOutputStream:75 - [STDERR_REDIRECT] 
2026-04-08 19:34:10,007 [ERROR] LogOutputStream:75 - [STDERR_REDIRECT] [Fatal Error] :1:1: Premature end of file.
2026-04-08 19:34:10,007 [ERROR] LogOutputStream:75 - [STDERR_REDIRECT] 
2026-04-08 19:34:11,005 [ERROR] LogOutputStream:75 - [STDERR_REDIRECT] [Fatal Error] :1:1: Premature end of file.
2026-04-08 19:34:11,005 [ERROR] LogOutputStream:75 - [STDERR_REDIRECT] 
2026-04-08 19:34:12,006 [ERROR] LogOutputStream:75 - [STDERR_REDIRECT] [Fatal Error] :1:1: Premature end of file.
2026-04-08 19:34:12,007 [ERROR] LogOutputStream:75 - [STDERR_REDIRECT] 
2026-04-08 19:34:13,008 [ERROR] LogOutputStream:75 - [STDERR_REDIRECT] [Fatal Error] :1:1: Premature end of file.
2026-04-08 19:34:13,008 [ERROR] LogOutputStream:75 - [STDERR_REDIRECT] 
2026-04-08 19:34:14,007 [ERROR] LogOutputStream:75 - [STDERR_REDIRECT] [Fatal Error] :1:1: Premature end of file.
2026-04-08 19:34:14,008 [ERROR] LogOutputStream:75 - [STDERR_REDIRECT] 
2026-04-08 19:34:15,004 [ERROR] LogOutputStream:75 - [STDERR_REDIRECT] [Fatal Error] :1:1: Premature end of file.
2026-04-08 19:34:15,004 [ERROR] LogOutputStream:75 - [STDERR_REDIRECT] 
2026-04-08 19:34:16,008 [ERROR] LogOutputStream:75 - [STDERR_REDIRECT] [Fatal Error] :1:1: Premature end of file.
2026-04-08 19:34:16,008 [ERROR] LogOutputStream:75 - [STDERR_REDIRECT] 
2026-04-08 19:34:16,981 [ERROR] LogOutputStream:75 - [STDERR_REDIRECT] [Fatal Error] :1:1: Premature end of file.
2026-04-08 19:34:16,981 [ERROR] LogOutputStream:75 - [STDERR_REDIRECT] 
2026-04-08 19:34:17,989 [ERROR] LogOutputStream:75 - [STDERR_REDIRECT] [Fatal Error] :1:1: Premature end of file.
2026-04-08 19:34:17,989 [ERROR] LogOutputStream:75 - [STDERR_REDIRECT] 
2026-04-08 19:34:18,982 [ERROR] LogOutputStream:75 - [STDERR_REDIRECT] [Fatal Error] :1:1: Premature end of file.
2026-04-08 19:34:18,983 [ERROR] LogOutputStream:75 - [STDERR_REDIRECT] 
2026-04-08 19:34:20,001 [ERROR] LogOutputStream:75 - [STDERR_REDIRECT] [Fatal Error] :1:1: Premature end of file.
2026-04-08 19:34:20,002 [ERROR] LogOutputStream:75 - [STDERR_REDIRECT] 
2026-04-08 19:34:21,005 [ERROR] LogOutputStream:75 - [STDERR_REDIRECT] [Fatal Error] :1:1: Premature end of file.
2026-04-08 19:34:21,005 [ERROR] LogOutputStream:75 - [STDERR_REDIRECT] 
2026-04-08 19:34:22,018 [ERROR] LogOutputStream:75 - [STDERR_REDIRECT] [Fatal Error] :1:1: Premature end of file.
2026-04-08 19:34:22,019 [ERROR] LogOutputStream:75 - [STDERR_REDIRECT] 
2026-04-08 19:34:23,019 [ERROR] LogOutputStream:75 - [STDERR_REDIRECT] [Fatal Error] :1:1: Premature end of file.
2026-04-08 19:34:23,020 [ERROR] LogOutputStream:75 - [STDERR_REDIRECT] 
2026-04-08 19:34:24,020 [ERROR] LogOutputStream:75 - [STDERR_REDIRECT] [Fatal Error] :1:1: Premature end of file.
2026-04-08 19:34:24,021 [ERROR] LogOutputStream:75 - [STDERR_REDIRECT] 
2026-04-08 19:34:25,016 [ERROR] LogOutputStream:75 - [STDERR_REDIRECT] [Fatal Error] :1:1: Premature end of file.
2026-04-08 19:34:25,017 [ERROR] LogOutputStream:75 - [STDERR_REDIRECT] 
2026-04-08 19:34:26,014 [ERROR] LogOutputStream:75 - [STDERR_REDIRECT] [Fatal Error] :1:1: Premature end of file.
2026-04-08 19:34:26,014 [ERROR] LogOutputStream:75 - [STDERR_REDIRECT] 
2026-04-08 19:34:27,004 [ERROR] LogOutputStream:75 - [STDERR_REDIRECT] [Fatal Error] :1:1: Premature end of file.
2026-04-08 19:34:27,005 [ERROR] LogOutputStream:75 - [STDERR_REDIRECT] 
2026-04-08 19:34:28,004 [ERROR] LogOutputStream:75 - [STDERR_REDIRECT] [Fatal Error] :1:1: Premature end of file.
2026-04-08 19:34:28,004 [ERROR] LogOutputStream:75 - [STDERR_REDIRECT] 
2026-04-08 19:34:29,047 [ERROR] LogOutputStream:75 - [STDERR_REDIRECT] [Fatal Error] :1:1: Premature end of file.
2026-04-08 19:34:29,048 [ERROR] LogOutputStream:75 - [STDERR_REDIRECT] 
2026-04-08 19:34:30,014 [ERROR] LogOutputStream:75 - [STDERR_REDIRECT] [Fatal Error] :1:1: Premature end of file.
2026-04-08 19:34:30,014 [ERROR] LogOutputStream:75 - [STDERR_REDIRECT] 
2026-04-08 19:34:31,013 [ERROR] LogOutputStream:75 - [STDERR_REDIRECT] [Fatal Error] :1:1: Premature end of file.
2026-04-08 19:34:31,013 [ERROR] LogOutputStream:75 - [STDERR_REDIRECT] 
2026-04-08 19:34:32,008 [ERROR] LogOutputStream:75 - [STDERR_REDIRECT] [Fatal Error] :1:1: Premature end of file.
2026-04-08 19:34:32,009 [ERROR] LogOutputStream:75 - [STDERR_REDIRECT] 
2026-04-08 19:34:33,009 [ERROR] LogOutputStream:75 - [STDERR_REDIRECT] [Fatal Error] :1:1: Premature end of file.
2026-04-08 19:34:33,009 [ERROR] LogOutputStream:75 - [STDERR_REDIRECT] 
2026-04-08 19:34:33,998 [ERROR] LogOutputStream:75 - [STDERR_REDIRECT] [Fatal Error] :1:1: Premature end of file.
2026-04-08 19:34:33,999 [ERROR] LogOutputStream:75 - [STDERR_REDIRECT] 
2026-04-08 19:34:34,995 [ERROR] LogOutputStream:75 - [STDERR_REDIRECT] [Fatal Error] :1:1: Premature end of file.
2026-04-08 19:34:34,996 [ERROR] LogOutputStream:75 - [STDERR_REDIRECT] 
2026-04-08 19:34:36,001 [ERROR] LogOutputStream:75 - [STDERR_REDIRECT] [Fatal Error] :1:1: Premature end of file.
2026-04-08 19:34:36,001 [ERROR] LogOutputStream:75 - [STDERR_REDIRECT] 
2026-04-08 19:34:37,020 [ERROR] LogOutputStream:75 - [STDERR_REDIRECT] [Fatal Error] :1:1: Premature end of file.
2026-04-08 19:34:37,020 [ERROR] LogOutputStream:75 - [STDERR_REDIRECT] 
2026-04-08 19:34:37,996 [ERROR] LogOutputStream:75 - [STDERR_REDIRECT] [Fatal Error] :1:1: Premature end of file.
2026-04-08 19:34:37,996 [ERROR] LogOutputStream:75 - [STDERR_REDIRECT] 
2026-04-08 19:34:38,993 [ERROR] LogOutputStream:75 - [STDERR_REDIRECT] [Fatal Error] :1:1: Premature end of file.
2026-04-08 19:34:38,994 [ERROR] LogOutputStream:75 - [STDERR_REDIRECT] 
2026-04-08 19:34:39,989 [ERROR] LogOutputStream:75 - [STDERR_REDIRECT] [Fatal Error] :1:1: Premature end of file.
2026-04-08 19:34:39,989 [ERROR] LogOutputStream:75 - [STDERR_REDIRECT] 
2026-04-08 19:34:40,997 [ERROR] LogOutputStream:75 - [STDERR_REDIRECT] [Fatal Error] :1:1: Premature end of file.
2026-04-08 19:34:40,998 [ERROR] LogOutputStream:75 - [STDERR_REDIRECT] 
2026-04-08 19:34:42,000 [ERROR] LogOutputStream:75 - [STDERR_REDIRECT] [Fatal Error] :1:1: Premature end of file.
2026-04-08 19:34:42,000 [ERROR] LogOutputStream:75 - [STDERR_REDIRECT] 
2026-04-08 19:34:43,019 [ERROR] LogOutputStream:75 - [STDERR_REDIRECT] [Fatal Error] :1:1: Premature end of file.
2026-04-08 19:34:43,020 [ERROR] LogOutputStream:75 - [STDERR_REDIRECT] 
2026-04-08 19:34:44,026 [ERROR] LogOutputStream:75 - [STDERR_REDIRECT] [Fatal Error] :1:1: Premature end of file.
2026-04-08 19:34:44,027 [ERROR] LogOutputStream:75 - [STDERR_REDIRECT] 
2026-04-08 19:34:44,994 [ERROR] LogOutputStream:75 - [STDERR_REDIRECT] [Fatal Error] :1:1: Premature end of file.
2026-04-08 19:34:44,995 [ERROR] LogOutputStream:75 - [STDERR_REDIRECT] 
2026-04-08 19:34:46,015 [ERROR] LogOutputStream:75 - [STDERR_REDIRECT] [Fatal Error] :1:1: Premature end of file.
2026-04-08 19:34:46,016 [ERROR] LogOutputStream:75 - [STDERR_REDIRECT] 
2026-04-08 19:34:47,007 [ERROR] LogOutputStream:75 - [STDERR_REDIRECT] [Fatal Error] :1:1: Premature end of file.
2026-04-08 19:34:47,007 [ERROR] LogOutputStream:75 - [STDERR_REDIRECT] 
2026-04-08 19:34:48,003 [ERROR] LogOutputStream:75 - [STDERR_REDIRECT] [Fatal Error] :1:1: Premature end of file.
2026-04-08 19:34:48,004 [ERROR] LogOutputStream:75 - [STDERR_REDIRECT] 
2026-04-08 19:34:48,994 [ERROR] LogOutputStream:75 - [STDERR_REDIRECT] [Fatal Error] :1:1: Premature end of file.
2026-04-08 19:34:48,994 [ERROR] LogOutputStream:75 - [STDERR_REDIRECT] 
2026-04-08 19:34:50,001 [ERROR] LogOutputStream:75 - [STDERR_REDIRECT] [Fatal Error] :1:1: Premature end of file.
2026-04-08 19:34:50,002 [ERROR] LogOutputStream:75 - [STDERR_REDIRECT] 
2026-04-08 19:34:50,997 [ERROR] LogOutputStream:75 - [STDERR_REDIRECT] [Fatal Error] :1:1: Premature end of file.
2026-04-08 19:34:50,997 [ERROR] LogOutputStream:75 - [STDERR_REDIRECT] 
2026-04-08 19:34:51,993 [ERROR] LogOutputStream:75 - [STDERR_REDIRECT] [Fatal Error] :1:1: Premature end of file.
2026-04-08 19:34:51,993 [ERROR] LogOutputStream:75 - [STDERR_REDIRECT] 
2026-04-08 19:34:53,004 [ERROR] LogOutputStream:75 - [STDERR_REDIRECT] [Fatal Error] :1:1: Premature end of file.
2026-04-08 19:34:53,005 [ERROR] LogOutputStream:75 - [STDERR_REDIRECT] 
2026-04-08 19:34:53,988 [ERROR] LogOutputStream:75 - [STDERR_REDIRECT] [Fatal Error] :1:1: Premature end of file.
2026-04-08 19:34:53,989 [ERROR] LogOutputStream:75 - [STDERR_REDIRECT] 
2026-04-08 19:34:55,002 [ERROR] LogOutputStream:75 - [STDERR_REDIRECT] [Fatal Error] :1:1: Premature end of file.
2026-04-08 19:34:55,003 [ERROR] LogOutputStream:75 - [STDERR_REDIRECT] 
2026-04-08 19:34:56,015 [ERROR] LogOutputStream:75 - [STDERR_REDIRECT] [Fatal Error] :1:1: Premature end of file.
2026-04-08 19:34:56,016 [ERROR] LogOutputStream:75 - [STDERR_REDIRECT] 
2026-04-08 19:34:57,000 [ERROR] LogOutputStream:75 - [STDERR_REDIRECT] [Fatal Error] :1:1: Premature end of file.
2026-04-08 19:34:57,000 [ERROR] LogOutputStream:75 - [STDERR_REDIRECT] 
2026-04-08 19:34:57,990 [ERROR] LogOutputStream:75 - [STDERR_REDIRECT] [Fatal Error] :1:1: Premature end of file.
2026-04-08 19:34:57,990 [ERROR] LogOutputStream:75 - [STDERR_REDIRECT] 
2026-04-08 19:34:58,993 [ERROR] LogOutputStream:75 - [STDERR_REDIRECT] [Fatal Error] :1:1: Premature end of file.
2026-04-08 19:34:58,994 [ERROR] LogOutputStream:75 - [STDERR_REDIRECT] 
2026-04-08 19:35:00,007 [ERROR] LogOutputStream:75 - [STDERR_REDIRECT] [Fatal Error] :1:1: Premature end of file.
2026-04-08 19:35:00,007 [ERROR] LogOutputStream:75 - [STDERR_REDIRECT] 
2026-04-08 19:35:00,991 [ERROR] LogOutputStream:75 - [STDERR_REDIRECT] [Fatal Error] :1:1: Premature end of file.
2026-04-08 19:35:00,991 [ERROR] LogOutputStream:75 - [STDERR_REDIRECT] 
2026-04-08 19:35:02,004 [ERROR] LogOutputStream:75 - [STDERR_REDIRECT] [Fatal Error] :1:1: Premature end of file.
2026-04-08 19:35:02,004 [ERROR] LogOutputStream:75 - [STDERR_REDIRECT] 
2026-04-08 19:35:03,003 [ERROR] LogOutputStream:75 - [STDERR_REDIRECT] [Fatal Error] :1:1: Premature end of file.
2026-04-08 19:35:03,004 [ERROR] LogOutputStream:75 - [STDERR_REDIRECT] 
2026-04-08 19:35:04,005 [ERROR] LogOutputStream:75 - [STDERR_REDIRECT] [Fatal Error] :1:1: Premature end of file.
2026-04-08 19:35:04,006 [ERROR] LogOutputStream:75 - [STDERR_REDIRECT] 
2026-04-08 19:35:05,006 [ERROR] LogOutputStream:75 - [STDERR_REDIRECT] [Fatal Error] :1:1: Premature end of file.
2026-04-08 19:35:05,006 [ERROR] LogOutputStream:75 - [STDERR_REDIRECT] 
2026-04-08 19:35:05,999 [ERROR] LogOutputStream:75 - [STDERR_REDIRECT] [Fatal Error] :1:1: Premature end of file.
2026-04-08 19:35:05,999 [ERROR] LogOutputStream:75 - [STDERR_REDIRECT] 
2026-04-08 19:35:07,012 [ERROR] LogOutputStream:75 - [STDERR_REDIRECT] [Fatal Error] :1:1: Premature end of file.
2026-04-08 19:35:07,013 [ERROR] LogOutputStream:75 - [STDERR_REDIRECT] 
2026-04-08 19:35:08,004 [ERROR] LogOutputStream:75 - [STDERR_REDIRECT] [Fatal Error] :1:1: Premature end of file.
2026-04-08 19:35:08,004 [ERROR] LogOutputStream:75 - [STDERR_REDIRECT] 
2026-04-08 19:35:08,989 [ERROR] LogOutputStream:75 - [STDERR_REDIRECT] [Fatal Error] :1:1: Premature end of file.
2026-04-08 19:35:08,990 [ERROR] LogOutputStream:75 - [STDERR_REDIRECT] 
2026-04-08 19:35:09,993 [ERROR] LogOutputStream:75 - [STDERR_REDIRECT] [Fatal Error] :1:1: Premature end of file.
2026-04-08 19:35:09,993 [ERROR] LogOutputStream:75 - [STDERR_REDIRECT] 
2026-04-08 19:35:11,006 [ERROR] LogOutputStream:75 - [STDERR_REDIRECT] [Fatal Error] :1:1: Premature end of file.
2026-04-08 19:35:11,006 [ERROR] LogOutputStream:75 - [STDERR_REDIRECT] 
2026-04-08 19:35:11,996 [ERROR] LogOutputStream:75 - [STDERR_REDIRECT] [Fatal Error] :1:1: Premature end of file.
2026-04-08 19:35:11,997 [ERROR] LogOutputStream:75 - [STDERR_REDIRECT] 
2026-04-08 19:35:13,009 [ERROR] LogOutputStream:75 - [STDERR_REDIRECT] [Fatal Error] :1:1: Premature end of file.
2026-04-08 19:35:13,010 [ERROR] LogOutputStream:75 - [STDERR_REDIRECT] 
2026-04-08 19:35:14,017 [ERROR] LogOutputStream:75 - [STDERR_REDIRECT] [Fatal Error] :1:1: Premature end of file.
2026-04-08 19:35:14,018 [ERROR] LogOutputStream:75 - [STDERR_REDIRECT] 
2026-04-08 19:35:15,006 [ERROR] LogOutputStream:75 - [STDERR_REDIRECT] [Fatal Error] :1:1: Premature end of file.
2026-04-08 19:35:15,007 [ERROR] LogOutputStream:75 - [STDERR_REDIRECT] 
2026-04-08 19:35:15,997 [ERROR] LogOutputStream:75 - [STDERR_REDIRECT] [Fatal Error] :1:1: Premature end of file.
2026-04-08 19:35:15,997 [ERROR] LogOutputStream:75 - [STDERR_REDIRECT] 
2026-04-08 19:35:17,001 [ERROR] LogOutputStream:75 - [STDERR_REDIRECT] [Fatal Error] :1:1: Premature end of file.
2026-04-08 19:35:17,001 [ERROR] LogOutputStream:75 - [STDERR_REDIRECT] 
2026-04-08 19:35:18,011 [ERROR] LogOutputStream:75 - [STDERR_REDIRECT] [Fatal Error] :1:1: Premature end of file.
2026-04-08 19:35:18,012 [ERROR] LogOutputStream:75 - [STDERR_REDIRECT] 
2026-04-08 19:35:19,006 [ERROR] LogOutputStream:75 - [STDERR_REDIRECT] [Fatal Error] :1:1: Premature end of file.
2026-04-08 19:35:19,007 [ERROR] LogOutputStream:75 - [STDERR_REDIRECT] 
2026-04-08 19:35:20,004 [ERROR] LogOutputStream:75 - [STDERR_REDIRECT] [Fatal Error] :1:1: Premature end of file.
2026-04-08 19:35:20,004 [ERROR] LogOutputStream:75 - [STDERR_REDIRECT] 
2026-04-08 19:35:20,993 [ERROR] LogOutputStream:75 - [STDERR_REDIRECT] [Fatal Error] :1:1: Premature end of file.
2026-04-08 19:35:20,994 [ERROR] LogOutputStream:75 - [STDERR_REDIRECT] 
2026-04-08 19:35:21,998 [ERROR] LogOutputStream:75 - [STDERR_REDIRECT] [Fatal Error] :1:1: Premature end of file.
2026-04-08 19:35:21,999 [ERROR] LogOutputStream:75 - [STDERR_REDIRECT] 
2026-04-08 19:35:22,998 [ERROR] LogOutputStream:75 - [STDERR_REDIRECT] [Fatal Error] :1:1: Premature end of file.
2026-04-08 19:35:22,998 [ERROR] LogOutputStream:75 - [STDERR_REDIRECT] 
2026-04-08 19:35:24,020 [ERROR] LogOutputStream:75 - [STDERR_REDIRECT] [Fatal Error] :1:1: Premature end of file.
2026-04-08 19:35:24,020 [ERROR] LogOutputStream:75 - [STDERR_REDIRECT] 
2026-04-08 19:35:25,251 [ERROR] LogOutputStream:75 - [STDERR_REDIRECT] [Fatal Error] :1:1: Premature end of file.
2026-04-08 19:35:25,251 [ERROR] LogOutputStream:75 - [STDERR_REDIRECT] 
2026-04-08 19:35:25,988 [ERROR] LogOutputStream:75 - [STDERR_REDIRECT] [Fatal Error] :1:1: Premature end of file.
2026-04-08 19:35:25,989 [ERROR] LogOutputStream:75 - [STDERR_REDIRECT] 
2026-04-08 19:35:26,980 [ERROR] LogOutputStream:75 - [STDERR_REDIRECT] [Fatal Error] :1:1: Premature end of file.
2026-04-08 19:35:26,980 [ERROR] LogOutputStream:75 - [STDERR_REDIRECT] 
2026-04-08 19:35:28,006 [ERROR] LogOutputStream:75 - [STDERR_REDIRECT] [Fatal Error] :1:1: Premature end of file.
2026-04-08 19:35:28,007 [ERROR] LogOutputStream:75 - [STDERR_REDIRECT] 
2026-04-08 19:35:29,001 [ERROR] LogOutputStream:75 - [STDERR_REDIRECT] [Fatal Error] :1:1: Premature end of file.
2026-04-08 19:35:29,001 [ERROR] LogOutputStream:75 - [STDERR_REDIRECT] 
2026-04-08 19:35:29,985 [ERROR] LogOutputStream:75 - [STDERR_REDIRECT] [Fatal Error] :1:1: Premature end of file.
2026-04-08 19:35:29,986 [ERROR] LogOutputStream:75 - [STDERR_REDIRECT] 
2026-04-08 19:35:30,991 [ERROR] LogOutputStream:75 - [STDERR_REDIRECT] [Fatal Error] :1:1: Premature end of file.
2026-04-08 19:35:30,991 [ERROR] LogOutputStream:75 - [STDERR_REDIRECT] 
2026-04-08 19:35:32,001 [ERROR] LogOutputStream:75 - [STDERR_REDIRECT] [Fatal Error] :1:1: Premature end of file.
2026-04-08 19:35:32,001 [ERROR] LogOutputStream:75 - [STDERR_REDIRECT] 
2026-04-08 19:35:32,998 [ERROR] LogOutputStream:75 - [STDERR_REDIRECT] [Fatal Error] :1:1: Premature end of file.
2026-04-08 19:35:32,999 [ERROR] LogOutputStream:75 - [STDERR_REDIRECT] 
2026-04-08 19:35:33,993 [ERROR] LogOutputStream:75 - [STDERR_REDIRECT] [Fatal Error] :1:1: Premature end of file.
2026-04-08 19:35:33,994 [ERROR] LogOutputStream:75 - [STDERR_REDIRECT] 
2026-04-08 19:35:34,984 [ERROR] LogOutputStream:75 - [STDERR_REDIRECT] [Fatal Error] :1:1: Premature end of file.
2026-04-08 19:35:34,985 [ERROR] LogOutputStream:75 - [STDERR_REDIRECT] 
2026-04-08 19:35:35,999 [ERROR] LogOutputStream:75 - [STDERR_REDIRECT] [Fatal Error] :1:1: Premature end of file.
2026-04-08 19:35:35,999 [ERROR] LogOutputStream:75 - [STDERR_REDIRECT] 
2026-04-08 19:35:36,997 [ERROR] LogOutputStream:75 - [STDERR_REDIRECT] [Fatal Error] :1:1: Premature end of file.
2026-04-08 19:35:36,997 [ERROR] LogOutputStream:75 - [STDERR_REDIRECT] 
2026-04-08 19:35:38,003 [ERROR] LogOutputStream:75 - [STDERR_REDIRECT] [Fatal Error] :1:1: Premature end of file.
2026-04-08 19:35:38,004 [ERROR] LogOutputStream:75 - [STDERR_REDIRECT] 
2026-04-08 19:35:38,986 [ERROR] LogOutputStream:75 - [STDERR_REDIRECT] [Fatal Error] :1:1: Premature end of file.
2026-04-08 19:35:38,987 [ERROR] LogOutputStream:75 - [STDERR_REDIRECT] 
2026-04-08 19:35:39,995 [ERROR] LogOutputStream:75 - [STDERR_REDIRECT] [Fatal Error] :1:1: Premature end of file.
2026-04-08 19:35:39,995 [ERROR] LogOutputStream:75 - [STDERR_REDIRECT] 
2026-04-08 19:35:41,006 [ERROR] LogOutputStream:75 - [STDERR_REDIRECT] [Fatal Error] :1:1: Premature end of file.
2026-04-08 19:35:41,006 [ERROR] LogOutputStream:75 - [STDERR_REDIRECT] 
2026-04-08 19:35:42,003 [ERROR] LogOutputStream:75 - [STDERR_REDIRECT] [Fatal Error] :1:1: Premature end of file.
2026-04-08 19:35:42,004 [ERROR] LogOutputStream:75 - [STDERR_REDIRECT] 
2026-04-08 19:35:43,002 [ERROR] LogOutputStream:75 - [STDERR_REDIRECT] [Fatal Error] :1:1: Premature end of file.
2026-04-08 19:35:43,003 [ERROR] LogOutputStream:75 - [STDERR_REDIRECT] 
2026-04-08 19:35:43,992 [ERROR] LogOutputStream:75 - [STDERR_REDIRECT] [Fatal Error] :1:1: Premature end of file.
2026-04-08 19:35:43,992 [ERROR] LogOutputStream:75 - [STDERR_REDIRECT] 
2026-04-08 19:35:44,982 [ERROR] LogOutputStream:75 - [STDERR_REDIRECT] [Fatal Error] :1:1: Premature end of file.
2026-04-08 19:35:44,982 [ERROR] LogOutputStream:75 - [STDERR_REDIRECT] 
2026-04-08 19:35:45,999 [ERROR] LogOutputStream:75 - [STDERR_REDIRECT] [Fatal Error] :1:1: Premature end of file.
2026-04-08 19:35:45,999 [ERROR] LogOutputStream:75 - [STDERR_REDIRECT] 
2026-04-08 19:35:47,004 [ERROR] LogOutputStream:75 - [STDERR_REDIRECT] [Fatal Error] :1:1: Premature end of file.
2026-04-08 19:35:47,005 [ERROR] LogOutputStream:75 - [STDERR_REDIRECT] 
2026-04-08 19:35:48,006 [ERROR] LogOutputStream:75 - [STDERR_REDIRECT] [Fatal Error] :1:1: Premature end of file.
2026-04-08 19:35:48,007 [ERROR] LogOutputStream:75 - [STDERR_REDIRECT] 
2026-04-08 19:35:48,984 [ERROR] LogOutputStream:75 - [STDERR_REDIRECT] [Fatal Error] :1:1: Premature end of file.
2026-04-08 19:35:48,984 [ERROR] LogOutputStream:75 - [STDERR_REDIRECT] 
2026-04-08 19:35:49,992 [ERROR] LogOutputStream:75 - [STDERR_REDIRECT] [Fatal Error] :1:1: Premature end of file.
2026-04-08 19:35:49,992 [ERROR] LogOutputStream:75 - [STDERR_REDIRECT] 
2026-04-08 19:35:50,984 [ERROR] LogOutputStream:75 - [STDERR_REDIRECT] [Fatal Error] :1:1: Premature end of file.
2026-04-08 19:35:50,984 [ERROR] LogOutputStream:75 - [STDERR_REDIRECT] 
2026-04-08 19:35:52,004 [ERROR] LogOutputStream:75 - [STDERR_REDIRECT] [Fatal Error] :1:1: Premature end of file.
2026-04-08 19:35:52,005 [ERROR] LogOutputStream:75 - [STDERR_REDIRECT] 
2026-04-08 19:35:52,999 [ERROR] LogOutputStream:75 - [STDERR_REDIRECT] [Fatal Error] :1:1: Premature end of file.
2026-04-08 19:35:53,000 [ERROR] LogOutputStream:75 - [STDERR_REDIRECT] 
2026-04-08 19:35:54,001 [ERROR] LogOutputStream:75 - [STDERR_REDIRECT] [Fatal Error] :1:1: Premature end of file.
2026-04-08 19:35:54,001 [ERROR] LogOutputStream:75 - [STDERR_REDIRECT] 
2026-04-08 19:35:55,002 [ERROR] LogOutputStream:75 - [STDERR_REDIRECT] [Fatal Error] :1:1: Premature end of file.
2026-04-08 19:35:55,002 [ERROR] LogOutputStream:75 - [STDERR_REDIRECT] 
2026-04-08 19:35:56,002 [ERROR] LogOutputStream:75 - [STDERR_REDIRECT] [Fatal Error] :1:1: Premature end of file.
2026-04-08 19:35:56,003 [ERROR] LogOutputStream:75 - [STDERR_REDIRECT] 
2026-04-08 19:35:57,002 [ERROR] LogOutputStream:75 - [STDERR_REDIRECT] [Fatal Error] :1:1: Premature end of file.
2026-04-08 19:35:57,003 [ERROR] LogOutputStream:75 - [STDERR_REDIRECT] 
2026-04-08 19:35:57,992 [ERROR] LogOutputStream:75 - [STDERR_REDIRECT] [Fatal Error] :1:1: Premature end of file.
2026-04-08 19:35:57,992 [ERROR] LogOutputStream:75 - [STDERR_REDIRECT] 
2026-04-08 19:35:59,007 [ERROR] LogOutputStream:75 - [STDERR_REDIRECT] [Fatal Error] :1:1: Premature end of file.
2026-04-08 19:35:59,007 [ERROR] LogOutputStream:75 - [STDERR_REDIRECT] 
2026-04-08 19:35:59,996 [ERROR] LogOutputStream:75 - [STDERR_REDIRECT] [Fatal Error] :1:1: Premature end of file.
2026-04-08 19:35:59,996 [ERROR] LogOutputStream:75 - [STDERR_REDIRECT] 
2026-04-08 19:36:00,995 [ERROR] LogOutputStream:75 - [STDERR_REDIRECT] [Fatal Error] :1:1: Premature end of file.
2026-04-08 19:36:01,122 [ERROR] LogOutputStream:75 - [STDERR_REDIRECT] 
2026-04-08 19:36:02,009 [ERROR] LogOutputStream:75 - [STDERR_REDIRECT] [Fatal Error] :1:1: Premature end of file.
2026-04-08 19:36:02,009 [ERROR] LogOutputStream:75 - [STDERR_REDIRECT] 
2026-04-08 19:36:02,998 [ERROR] LogOutputStream:75 - [STDERR_REDIRECT] [Fatal Error] :1:1: Premature end of file.
2026-04-08 19:36:02,998 [ERROR] LogOutputStream:75 - [STDERR_REDIRECT] 
2026-04-08 19:36:04,006 [ERROR] LogOutputStream:75 - [STDERR_REDIRECT] [Fatal Error] :1:1: Premature end of file.
2026-04-08 19:36:04,006 [ERROR] LogOutputStream:75 - [STDERR_REDIRECT] 
2026-04-08 19:36:04,984 [ERROR] LogOutputStream:75 - [STDERR_REDIRECT] [Fatal Error] :1:1: Premature end of file.
2026-04-08 19:36:04,984 [ERROR] LogOutputStream:75 - [STDERR_REDIRECT] 
2026-04-08 19:36:05,994 [ERROR] LogOutputStream:75 - [STDERR_REDIRECT] [Fatal Error] :1:1: Premature end of file.
2026-04-08 19:36:05,994 [ERROR] LogOutputStream:75 - [STDERR_REDIRECT] 
2026-04-08 19:36:06,984 [ERROR] LogOutputStream:75 - [STDERR_REDIRECT] [Fatal Error] :1:1: Premature end of file.
2026-04-08 19:36:06,986 [ERROR] LogOutputStream:75 - [STDERR_REDIRECT] 
2026-04-08 19:36:07,984 [ERROR] LogOutputStream:75 - [STDERR_REDIRECT] [Fatal Error] :1:1: Premature end of file.
2026-04-08 19:36:07,984 [ERROR] LogOutputStream:75 - [STDERR_REDIRECT] 
2026-04-08 19:36:08,994 [ERROR] LogOutputStream:75 - [STDERR_REDIRECT] [Fatal Error] :1:1: Premature end of file.
2026-04-08 19:36:08,995 [ERROR] LogOutputStream:75 - [STDERR_REDIRECT] 
2026-04-08 19:36:10,001 [ERROR] LogOutputStream:75 - [STDERR_REDIRECT] [Fatal Error] :1:1: Premature end of file.
2026-04-08 19:36:10,002 [ERROR] LogOutputStream:75 - [STDERR_REDIRECT] 
2026-04-08 19:36:11,007 [ERROR] LogOutputStream:75 - [STDERR_REDIRECT] [Fatal Error] :1:1: Premature end of file.
2026-04-08 19:36:11,008 [ERROR] LogOutputStream:75 - [STDERR_REDIRECT] 
2026-04-08 19:36:11,998 [ERROR] LogOutputStream:75 - [STDERR_REDIRECT] [Fatal Error] :1:1: Premature end of file.
2026-04-08 19:36:11,998 [ERROR] LogOutputStream:75 - [STDERR_REDIRECT] 
2026-04-08 19:36:12,990 [ERROR] LogOutputStream:75 - [STDERR_REDIRECT] [Fatal Error] :1:1: Premature end of file.
2026-04-08 19:36:12,991 [ERROR] LogOutputStream:75 - [STDERR_REDIRECT] 
2026-04-08 19:36:14,005 [ERROR] LogOutputStream:75 - [STDERR_REDIRECT] [Fatal Error] :1:1: Premature end of file.
2026-04-08 19:36:14,006 [ERROR] LogOutputStream:75 - [STDERR_REDIRECT] 
2026-04-08 19:36:14,993 [ERROR] LogOutputStream:75 - [STDERR_REDIRECT] [Fatal Error] :1:1: Premature end of file.
2026-04-08 19:36:14,994 [ERROR] LogOutputStream:75 - [STDERR_REDIRECT] 
2026-04-08 19:36:15,983 [ERROR] LogOutputStream:75 - [STDERR_REDIRECT] [Fatal Error] :1:1: Premature end of file.
2026-04-08 19:36:15,984 [ERROR] LogOutputStream:75 - [STDERR_REDIRECT] 
2026-04-08 19:36:17,049 [ERROR] LogOutputStream:75 - [STDERR_REDIRECT] [Fatal Error] :1:1: Premature end of file.
2026-04-08 19:36:17,049 [ERROR] LogOutputStream:75 - [STDERR_REDIRECT] 
2026-04-08 19:36:18,004 [ERROR] LogOutputStream:75 - [STDERR_REDIRECT] [Fatal Error] :1:1: Premature end of file.
2026-04-08 19:36:18,004 [ERROR] LogOutputStream:75 - [STDERR_REDIRECT] 
2026-04-08 19:36:18,986 [ERROR] LogOutputStream:75 - [STDERR_REDIRECT] [Fatal Error] :1:1: Premature end of file.
2026-04-08 19:36:18,986 [ERROR] LogOutputStream:75 - [STDERR_REDIRECT] 
2026-04-08 19:36:20,000 [ERROR] LogOutputStream:75 - [STDERR_REDIRECT] [Fatal Error] :1:1: Premature end of file.
2026-04-08 19:36:20,000 [ERROR] LogOutputStream:75 - [STDERR_REDIRECT] 
2026-04-08 19:36:21,009 [ERROR] LogOutputStream:75 - [STDERR_REDIRECT] [Fatal Error] :1:1: Premature end of file.
2026-04-08 19:36:21,009 [ERROR] LogOutputStream:75 - [STDERR_REDIRECT] 
2026-04-08 19:36:21,987 [ERROR] LogOutputStream:75 - [STDERR_REDIRECT] [Fatal Error] :1:1: Premature end of file.
2026-04-08 19:36:21,988 [ERROR] LogOutputStream:75 - [STDERR_REDIRECT] 
2026-04-08 19:36:22,987 [ERROR] LogOutputStream:75 - [STDERR_REDIRECT] [Fatal Error] :1:1: Premature end of file.
2026-04-08 19:36:22,988 [ERROR] LogOutputStream:75 - [STDERR_REDIRECT] 
2026-04-08 19:36:23,998 [ERROR] LogOutputStream:75 - [STDERR_REDIRECT] [Fatal Error] :1:1: Premature end of file.
2026-04-08 19:36:23,999 [ERROR] LogOutputStream:75 - [STDERR_REDIRECT] 
2026-04-08 19:36:24,999 [ERROR] LogOutputStream:75 - [STDERR_REDIRECT] [Fatal Error] :1:1: Premature end of file.
2026-04-08 19:36:25,000 [ERROR] LogOutputStream:75 - [STDERR_REDIRECT] 
2026-04-08 19:36:26,004 [ERROR] LogOutputStream:75 - [STDERR_REDIRECT] [Fatal Error] :1:1: Premature end of file.
2026-04-08 19:36:26,005 [ERROR] LogOutputStream:75 - [STDERR_REDIRECT] 
2026-04-08 19:36:27,002 [ERROR] LogOutputStream:75 - [STDERR_REDIRECT] [Fatal Error] :1:1: Premature end of file.
2026-04-08 19:36:27,002 [ERROR] LogOutputStream:75 - [STDERR_REDIRECT] 
2026-04-08 19:36:28,002 [ERROR] LogOutputStream:75 - [STDERR_REDIRECT] [Fatal Error] :1:1: Premature end of file.
2026-04-08 19:36:28,003 [ERROR] LogOutputStream:75 - [STDERR_REDIRECT] 
2026-04-08 19:36:28,994 [ERROR] LogOutputStream:75 - [STDERR_REDIRECT] [Fatal Error] :1:1: Premature end of file.
2026-04-08 19:36:28,995 [ERROR] LogOutputStream:75 - [STDERR_REDIRECT] 
2026-04-08 19:36:30,003 [ERROR] LogOutputStream:75 - [STDERR_REDIRECT] [Fatal Error] :1:1: Premature end of file.
2026-04-08 19:36:30,003 [ERROR] LogOutputStream:75 - [STDERR_REDIRECT] 
2026-04-08 19:36:31,000 [ERROR] LogOutputStream:75 - [STDERR_REDIRECT] [Fatal Error] :1:1: Premature end of file.
2026-04-08 19:36:31,000 [ERROR] LogOutputStream:75 - [STDERR_REDIRECT] 
2026-04-08 19:36:31,983 [ERROR] LogOutputStream:75 - [STDERR_REDIRECT] [Fatal Error] :1:1: Premature end of file.
2026-04-08 19:36:31,983 [ERROR] LogOutputStream:75 - [STDERR_REDIRECT] 
2026-04-08 19:36:32,992 [ERROR] LogOutputStream:75 - [STDERR_REDIRECT] [Fatal Error] :1:1: Premature end of file.
2026-04-08 19:36:32,992 [ERROR] LogOutputStream:75 - [STDERR_REDIRECT] 
2026-04-08 19:36:33,993 [ERROR] LogOutputStream:75 - [STDERR_REDIRECT] [Fatal Error] :1:1: Premature end of file.
2026-04-08 19:36:33,993 [ERROR] LogOutputStream:75 - [STDERR_REDIRECT] 
2026-04-08 19:36:34,988 [ERROR] LogOutputStream:75 - [STDERR_REDIRECT] [Fatal Error] :1:1: Premature end of file.
2026-04-08 19:36:34,988 [ERROR] LogOutputStream:75 - [STDERR_REDIRECT] 
2026-04-08 19:36:36,006 [ERROR] LogOutputStream:75 - [STDERR_REDIRECT] [Fatal Error] :1:1: Premature end of file.
2026-04-08 19:36:36,006 [ERROR] LogOutputStream:75 - [STDERR_REDIRECT] 
2026-04-08 19:36:37,003 [ERROR] LogOutputStream:75 - [STDERR_REDIRECT] [Fatal Error] :1:1: Premature end of file.
2026-04-08 19:36:37,004 [ERROR] LogOutputStream:75 - [STDERR_REDIRECT] 
2026-04-08 19:36:38,001 [ERROR] LogOutputStream:75 - [STDERR_REDIRECT] [Fatal Error] :1:1: Premature end of file.
2026-04-08 19:36:38,002 [ERROR] LogOutputStream:75 - [STDERR_REDIRECT] 
2026-04-08 19:36:39,007 [ERROR] LogOutputStream:75 - [STDERR_REDIRECT] [Fatal Error] :1:1: Premature end of file.
2026-04-08 19:36:39,007 [ERROR] LogOutputStream:75 - [STDERR_REDIRECT] 
2026-04-08 19:36:40,002 [ERROR] LogOutputStream:75 - [STDERR_REDIRECT] [Fatal Error] :1:1: Premature end of file.
2026-04-08 19:36:40,002 [ERROR] LogOutputStream:75 - [STDERR_REDIRECT] 
2026-04-08 19:36:40,994 [ERROR] LogOutputStream:75 - [STDERR_REDIRECT] [Fatal Error] :1:1: Premature end of file.
2026-04-08 19:36:40,994 [ERROR] LogOutputStream:75 - [STDERR_REDIRECT] 
2026-04-08 19:36:42,006 [ERROR] LogOutputStream:75 - [STDERR_REDIRECT] [Fatal Error] :1:1: Premature end of file.
2026-04-08 19:36:42,007 [ERROR] LogOutputStream:75 - [STDERR_REDIRECT] 
2026-04-08 19:36:42,982 [ERROR] LogOutputStream:75 - [STDERR_REDIRECT] [Fatal Error] :1:1: Premature end of file.
2026-04-08 19:36:42,982 [ERROR] LogOutputStream:75 - [STDERR_REDIRECT] 
2026-04-08 19:36:43,999 [ERROR] LogOutputStream:75 - [STDERR_REDIRECT] [Fatal Error] :1:1: Premature end of file.
2026-04-08 19:36:44,000 [ERROR] LogOutputStream:75 - [STDERR_REDIRECT] 
2026-04-08 19:36:45,002 [ERROR] LogOutputStream:75 - [STDERR_REDIRECT] [Fatal Error] :1:1: Premature end of file.
2026-04-08 19:36:45,003 [ERROR] LogOutputStream:75 - [STDERR_REDIRECT] 
2026-04-08 19:36:45,999 [ERROR] LogOutputStream:75 - [STDERR_REDIRECT] [Fatal Error] :1:1: Premature end of file.
2026-04-08 19:36:46,000 [ERROR] LogOutputStream:75 - [STDERR_REDIRECT] 
2026-04-08 19:36:46,999 [ERROR] LogOutputStream:75 - [STDERR_REDIRECT] [Fatal Error] :1:1: Premature end of file.
2026-04-08 19:36:46,999 [ERROR] LogOutputStream:75 - [STDERR_REDIRECT] 
2026-04-08 19:36:48,000 [ERROR] LogOutputStream:75 - [STDERR_REDIRECT] [Fatal Error] :1:1: Premature end of file.
2026-04-08 19:36:48,000 [ERROR] LogOutputStream:75 - [STDERR_REDIRECT] 
2026-04-08 19:36:48,989 [ERROR] LogOutputStream:75 - [STDERR_REDIRECT] [Fatal Error] :1:1: Premature end of file.
2026-04-08 19:36:48,990 [ERROR] LogOutputStream:75 - [STDERR_REDIRECT] 
2026-04-08 19:36:50,001 [ERROR] LogOutputStream:75 - [STDERR_REDIRECT] [Fatal Error] :1:1: Premature end of file.
2026-04-08 19:36:50,002 [ERROR] LogOutputStream:75 - [STDERR_REDIRECT] 
2026-04-08 19:36:50,984 [ERROR] LogOutputStream:75 - [STDERR_REDIRECT] [Fatal Error] :1:1: Premature end of file.
2026-04-08 19:36:50,984 [ERROR] LogOutputStream:75 - [STDERR_REDIRECT] 
2026-04-08 19:36:52,013 [ERROR] LogOutputStream:75 - [STDERR_REDIRECT] [Fatal Error] :1:1: Premature end of file.
2026-04-08 19:36:52,013 [ERROR] LogOutputStream:75 - [STDERR_REDIRECT] 
2026-04-08 19:36:53,008 [ERROR] LogOutputStream:75 - [STDERR_REDIRECT] [Fatal Error] :1:1: Premature end of file.
2026-04-08 19:36:53,009 [ERROR] LogOutputStream:75 - [STDERR_REDIRECT] 
2026-04-08 19:36:54,003 [ERROR] LogOutputStream:75 - [STDERR_REDIRECT] [Fatal Error] :1:1: Premature end of file.
2026-04-08 19:36:54,004 [ERROR] LogOutputStream:75 - [STDERR_REDIRECT] 
2026-04-08 19:36:55,068 [ERROR] LogOutputStream:75 - [STDERR_REDIRECT] [Fatal Error] :1:1: Premature end of file.
2026-04-08 19:36:55,069 [ERROR] LogOutputStream:75 - [STDERR_REDIRECT] 
2026-04-08 19:36:56,005 [ERROR] LogOutputStream:75 - [STDERR_REDIRECT] [Fatal Error] :1:1: Premature end of file.
2026-04-08 19:36:56,005 [ERROR] LogOutputStream:75 - [STDERR_REDIRECT] 
2026-04-08 19:36:57,307 [ERROR] LogOutputStream:75 - [STDERR_REDIRECT] [Fatal Error] :1:1: Premature end of file.
2026-04-08 19:36:57,308 [ERROR] LogOutputStream:75 - [STDERR_REDIRECT] 
2026-04-08 19:36:57,994 [ERROR] LogOutputStream:75 - [STDERR_REDIRECT] [Fatal Error] :1:1: Premature end of file.
2026-04-08 19:36:57,994 [ERROR] LogOutputStream:75 - [STDERR_REDIRECT] 
2026-04-08 19:36:58,999 [ERROR] LogOutputStream:75 - [STDERR_REDIRECT] [Fatal Error] :1:1: Premature end of file.
2026-04-08 19:36:59,000 [ERROR] LogOutputStream:75 - [STDERR_REDIRECT] 
2026-04-08 19:36:59,999 [ERROR] LogOutputStream:75 - [STDERR_REDIRECT] [Fatal Error] :1:1: Premature end of file.
2026-04-08 19:36:59,999 [ERROR] LogOutputStream:75 - [STDERR_REDIRECT] 
2026-04-08 19:37:01,021 [ERROR] LogOutputStream:75 - [STDERR_REDIRECT] [Fatal Error] :1:1: Premature end of file.
2026-04-08 19:37:01,021 [ERROR] LogOutputStream:75 - [STDERR_REDIRECT] 
2026-04-08 19:37:02,021 [ERROR] LogOutputStream:75 - [STDERR_REDIRECT] [Fatal Error] :1:1: Premature end of file.
2026-04-08 19:37:02,021 [ERROR] LogOutputStream:75 - [STDERR_REDIRECT] 
2026-04-08 19:37:03,000 [ERROR] LogOutputStream:75 - [STDERR_REDIRECT] [Fatal Error] :1:1: Premature end of file.
2026-04-08 19:37:03,000 [ERROR] LogOutputStream:75 - [STDERR_REDIRECT] 
2026-04-08 19:37:04,019 [ERROR] LogOutputStream:75 - [STDERR_REDIRECT] [Fatal Error] :1:1: Premature end of file.
2026-04-08 19:37:04,020 [ERROR] LogOutputStream:75 - [STDERR_REDIRECT] 
2026-04-08 19:37:05,014 [ERROR] LogOutputStream:75 - [STDERR_REDIRECT] [Fatal Error] :1:1: Premature end of file.
2026-04-08 19:37:05,014 [ERROR] LogOutputStream:75 - [STDERR_REDIRECT] 
2026-04-08 19:37:06,020 [ERROR] LogOutputStream:75 - [STDERR_REDIRECT] [Fatal Error] :1:1: Premature end of file.
2026-04-08 19:37:06,020 [ERROR] LogOutputStream:75 - [STDERR_REDIRECT] 
2026-04-08 19:37:07,017 [ERROR] LogOutputStream:75 - [STDERR_REDIRECT] [Fatal Error] :1:1: Premature end of file.
2026-04-08 19:37:07,017 [ERROR] LogOutputStream:75 - [STDERR_REDIRECT] 
2026-04-08 19:37:08,008 [ERROR] LogOutputStream:75 - [STDERR_REDIRECT] [Fatal Error] :1:1: Premature end of file.
2026-04-08 19:37:08,008 [ERROR] LogOutputStream:75 - [STDERR_REDIRECT] 
2026-04-08 19:37:09,011 [ERROR] LogOutputStream:75 - [STDERR_REDIRECT] [Fatal Error] :1:1: Premature end of file.
2026-04-08 19:37:09,011 [ERROR] LogOutputStream:75 - [STDERR_REDIRECT] 
2026-04-08 19:37:10,003 [ERROR] LogOutputStream:75 - [STDERR_REDIRECT] [Fatal Error] :1:1: Premature end of file.
2026-04-08 19:37:10,004 [ERROR] LogOutputStream:75 - [STDERR_REDIRECT] 
2026-04-08 19:37:11,028 [ERROR] LogOutputStream:75 - [STDERR_REDIRECT] [Fatal Error] :1:1: Premature end of file.
2026-04-08 19:37:11,028 [ERROR] LogOutputStream:75 - [STDERR_REDIRECT] 
2026-04-08 19:37:12,013 [ERROR] LogOutputStream:75 - [STDERR_REDIRECT] [Fatal Error] :1:1: Premature end of file.
2026-04-08 19:37:12,014 [ERROR] LogOutputStream:75 - [STDERR_REDIRECT] 
2026-04-08 19:37:13,048 [ERROR] LogOutputStream:75 - [STDERR_REDIRECT] [Fatal Error] :1:1: Premature end of file.
2026-04-08 19:37:13,048 [ERROR] LogOutputStream:75 - [STDERR_REDIRECT] 
2026-04-08 19:37:14,019 [ERROR] LogOutputStream:75 - [STDERR_REDIRECT] [Fatal Error] :1:1: Premature end of file.
2026-04-08 19:37:14,019 [ERROR] LogOutputStream:75 - [STDERR_REDIRECT] 
2026-04-08 19:37:15,029 [ERROR] LogOutputStream:75 - [STDERR_REDIRECT] [Fatal Error] :1:1: Premature end of file.
2026-04-08 19:37:15,029 [ERROR] LogOutputStream:75 - [STDERR_REDIRECT] 
2026-04-08 19:37:16,002 [ERROR] LogOutputStream:75 - [STDERR_REDIRECT] [Fatal Error] :1:1: Premature end of file.
2026-04-08 19:37:16,003 [ERROR] LogOutputStream:75 - [STDERR_REDIRECT] 
2026-04-08 19:37:17,018 [ERROR] LogOutputStream:75 - [STDERR_REDIRECT] [Fatal Error] :1:1: Premature end of file.
2026-04-08 19:37:17,018 [ERROR] LogOutputStream:75 - [STDERR_REDIRECT] 
2026-04-08 19:37:18,021 [ERROR] LogOutputStream:75 - [STDERR_REDIRECT] [Fatal Error] :1:1: Premature end of file.
2026-04-08 19:37:18,021 [ERROR] LogOutputStream:75 - [STDERR_REDIRECT] 
2026-04-08 19:37:19,009 [ERROR] LogOutputStream:75 - [STDERR_REDIRECT] [Fatal Error] :1:1: Premature end of file.
2026-04-08 19:37:19,009 [ERROR] LogOutputStream:75 - [STDERR_REDIRECT] 
2026-04-08 19:37:20,014 [ERROR] LogOutputStream:75 - [STDERR_REDIRECT] [Fatal Error] :1:1: Premature end of file.
2026-04-08 19:37:20,014 [ERROR] LogOutputStream:75 - [STDERR_REDIRECT] 
2026-04-08 19:37:21,005 [ERROR] LogOutputStream:75 - [STDERR_REDIRECT] [Fatal Error] :1:1: Premature end of file.
2026-04-08 19:37:21,006 [ERROR] LogOutputStream:75 - [STDERR_REDIRECT] 
2026-04-08 19:37:22,036 [ERROR] LogOutputStream:75 - [STDERR_REDIRECT] [Fatal Error] :1:1: Premature end of file.
2026-04-08 19:37:22,037 [ERROR] LogOutputStream:75 - [STDERR_REDIRECT] 
2026-04-08 19:37:23,028 [ERROR] LogOutputStream:75 - [STDERR_REDIRECT] [Fatal Error] :1:1: Premature end of file.
2026-04-08 19:37:23,028 [ERROR] LogOutputStream:75 - [STDERR_REDIRECT] 
2026-04-08 19:37:24,025 [ERROR] LogOutputStream:75 - [STDERR_REDIRECT] [Fatal Error] :1:1: Premature end of file.
2026-04-08 19:37:24,026 [ERROR] LogOutputStream:75 - [STDERR_REDIRECT] 
2026-04-08 19:37:25,013 [ERROR] LogOutputStream:75 - [STDERR_REDIRECT] [Fatal Error] :1:1: Premature end of file.
2026-04-08 19:37:25,014 [ERROR] LogOutputStream:75 - [STDERR_REDIRECT] 
2026-04-08 19:37:26,019 [ERROR] LogOutputStream:75 - [STDERR_REDIRECT] [Fatal Error] :1:1: Premature end of file.
2026-04-08 19:37:26,019 [ERROR] LogOutputStream:75 - [STDERR_REDIRECT] 
2026-04-08 19:37:27,019 [ERROR] LogOutputStream:75 - [STDERR_REDIRECT] [Fatal Error] :1:1: Premature end of file.
2026-04-08 19:37:27,020 [ERROR] LogOutputStream:75 - [STDERR_REDIRECT] 
2026-04-08 19:37:28,026 [ERROR] LogOutputStream:75 - [STDERR_REDIRECT] [Fatal Error] :1:1: Premature end of file.
2026-04-08 19:37:28,026 [ERROR] LogOutputStream:75 - [STDERR_REDIRECT] 
2026-04-08 19:37:29,023 [ERROR] LogOutputStream:75 - [STDERR_REDIRECT] [Fatal Error] :1:1: Premature end of file.
2026-04-08 19:37:29,024 [ERROR] LogOutputStream:75 - [STDERR_REDIRECT] 
2026-04-08 19:37:30,009 [ERROR] LogOutputStream:75 - [STDERR_REDIRECT] [Fatal Error] :1:1: Premature end of file.
2026-04-08 19:37:30,009 [ERROR] LogOutputStream:75 - [STDERR_REDIRECT] 
2026-04-08 19:37:30,998 [ERROR] LogOutputStream:75 - [STDERR_REDIRECT] [Fatal Error] :1:1: Premature end of file.
2026-04-08 19:37:30,998 [ERROR] LogOutputStream:75 - [STDERR_REDIRECT] 
2026-04-08 19:37:32,016 [ERROR] LogOutputStream:75 - [STDERR_REDIRECT] [Fatal Error] :1:1: Premature end of file.
2026-04-08 19:37:32,016 [ERROR] LogOutputStream:75 - [STDERR_REDIRECT] 
2026-04-08 19:37:33,015 [ERROR] LogOutputStream:75 - [STDERR_REDIRECT] [Fatal Error] :1:1: Premature end of file.
2026-04-08 19:37:33,015 [ERROR] LogOutputStream:75 - [STDERR_REDIRECT] 
2026-04-08 19:37:34,004 [ERROR] LogOutputStream:75 - [STDERR_REDIRECT] [Fatal Error] :1:1: Premature end of file.
2026-04-08 19:37:34,004 [ERROR] LogOutputStream:75 - [STDERR_REDIRECT] 
2026-04-08 19:37:35,020 [ERROR] LogOutputStream:75 - [STDERR_REDIRECT] [Fatal Error] :1:1: Premature end of file.
2026-04-08 19:37:35,020 [ERROR] LogOutputStream:75 - [STDERR_REDIRECT] 
2026-04-08 19:37:36,006 [ERROR] LogOutputStream:75 - [STDERR_REDIRECT] [Fatal Error] :1:1: Premature end of file.
2026-04-08 19:37:36,006 [ERROR] LogOutputStream:75 - [STDERR_REDIRECT] 
2026-04-08 19:37:36,999 [ERROR] LogOutputStream:75 - [STDERR_REDIRECT] [Fatal Error] :1:1: Premature end of file.
2026-04-08 19:37:36,999 [ERROR] LogOutputStream:75 - [STDERR_REDIRECT] 
2026-04-08 19:37:38,012 [ERROR] LogOutputStream:75 - [STDERR_REDIRECT] [Fatal Error] :1:1: Premature end of file.
2026-04-08 19:37:38,013 [ERROR] LogOutputStream:75 - [STDERR_REDIRECT] 
2026-04-08 19:37:39,014 [ERROR] LogOutputStream:75 - [STDERR_REDIRECT] [Fatal Error] :1:1: Premature end of file.
2026-04-08 19:37:39,018 [ERROR] LogOutputStream:75 - [STDERR_REDIRECT] 
2026-04-08 19:37:40,017 [ERROR] LogOutputStream:75 - [STDERR_REDIRECT] [Fatal Error] :1:1: Premature end of file.
2026-04-08 19:37:40,017 [ERROR] LogOutputStream:75 - [STDERR_REDIRECT] 
2026-04-08 19:37:41,019 [ERROR] LogOutputStream:75 - [STDERR_REDIRECT] [Fatal Error] :1:1: Premature end of file.
2026-04-08 19:37:41,019 [ERROR] LogOutputStream:75 - [STDERR_REDIRECT] 
2026-04-08 19:37:42,016 [ERROR] LogOutputStream:75 - [STDERR_REDIRECT] [Fatal Error] :1:1: Premature end of file.
2026-04-08 19:37:42,016 [ERROR] LogOutputStream:75 - [STDERR_REDIRECT] 
2026-04-08 19:37:43,006 [ERROR] LogOutputStream:75 - [STDERR_REDIRECT] [Fatal Error] :1:1: Premature end of file.
2026-04-08 19:37:43,006 [ERROR] LogOutputStream:75 - [STDERR_REDIRECT] 
2026-04-08 19:37:44,005 [ERROR] LogOutputStream:75 - [STDERR_REDIRECT] [Fatal Error] :1:1: Premature end of file.
2026-04-08 19:37:44,005 [ERROR] LogOutputStream:75 - [STDERR_REDIRECT] 
2026-04-08 19:37:44,988 [ERROR] LogOutputStream:75 - [STDERR_REDIRECT] [Fatal Error] :1:1: Premature end of file.
2026-04-08 19:37:44,989 [ERROR] LogOutputStream:75 - [STDERR_REDIRECT] 
2026-04-08 19:37:46,087 [ERROR] LogOutputStream:75 - [STDERR_REDIRECT] [Fatal Error] :1:1: Premature end of file.
2026-04-08 19:37:46,088 [ERROR] LogOutputStream:75 - [STDERR_REDIRECT] 
2026-04-08 19:37:47,023 [ERROR] LogOutputStream:75 - [STDERR_REDIRECT] [Fatal Error] :1:1: Premature end of file.
2026-04-08 19:37:47,023 [ERROR] LogOutputStream:75 - [STDERR_REDIRECT] 
2026-04-08 19:37:48,104 [ERROR] LogOutputStream:75 - [STDERR_REDIRECT] [Fatal Error] :1:1: Premature end of file.
2026-04-08 19:37:48,105 [ERROR] LogOutputStream:75 - [STDERR_REDIRECT] 
2026-04-08 19:37:49,065 [ERROR] LogOutputStream:75 - [STDERR_REDIRECT] [Fatal Error] :1:1: Premature end of file.
2026-04-08 19:37:49,067 [ERROR] LogOutputStream:75 - [STDERR_REDIRECT] 
2026-04-08 19:37:50,030 [ERROR] LogOutputStream:75 - [STDERR_REDIRECT] [Fatal Error] :1:1: Premature end of file.
2026-04-08 19:37:50,032 [ERROR] LogOutputStream:75 - [STDERR_REDIRECT] 
2026-04-08 19:37:51,023 [ERROR] LogOutputStream:75 - [STDERR_REDIRECT] [Fatal Error] :1:1: Premature end of file.
2026-04-08 19:37:51,023 [ERROR] LogOutputStream:75 - [STDERR_REDIRECT] 
2026-04-08 19:37:52,072 [ERROR] LogOutputStream:75 - [STDERR_REDIRECT] [Fatal Error] :1:1: Premature end of file.
2026-04-08 19:37:52,073 [ERROR] LogOutputStream:75 - [STDERR_REDIRECT] 
2026-04-08 19:37:53,022 [ERROR] LogOutputStream:75 - [STDERR_REDIRECT] [Fatal Error] :1:1: Premature end of file.
2026-04-08 19:37:53,024 [ERROR] LogOutputStream:75 - [STDERR_REDIRECT] 
2026-04-08 19:37:54,013 [ERROR] LogOutputStream:75 - [STDERR_REDIRECT] [Fatal Error] :1:1: Premature end of file.
2026-04-08 19:37:54,018 [ERROR] LogOutputStream:75 - [STDERR_REDIRECT] 
2026-04-08 19:37:55,061 [ERROR] LogOutputStream:75 - [STDERR_REDIRECT] [Fatal Error] :1:1: Premature end of file.
2026-04-08 19:37:55,062 [ERROR] LogOutputStream:75 - [STDERR_REDIRECT] 
2026-04-08 19:37:56,026 [ERROR] LogOutputStream:75 - [STDERR_REDIRECT] [Fatal Error] :1:1: Premature end of file.
2026-04-08 19:37:56,026 [ERROR] LogOutputStream:75 - [STDERR_REDIRECT] 
2026-04-08 19:37:57,106 [ERROR] LogOutputStream:75 - [STDERR_REDIRECT] [Fatal Error] :1:1: Premature end of file.
2026-04-08 19:37:57,107 [ERROR] LogOutputStream:75 - [STDERR_REDIRECT] 
2026-04-08 19:37:58,109 [ERROR] LogOutputStream:75 - [STDERR_REDIRECT] [Fatal Error] :1:1: Premature end of file.
2026-04-08 19:37:58,110 [ERROR] LogOutputStream:75 - [STDERR_REDIRECT] 
2026-04-08 19:37:59,014 [ERROR] LogOutputStream:75 - [STDERR_REDIRECT] [Fatal Error] :1:1: Premature end of file.
2026-04-08 19:37:59,015 [ERROR] LogOutputStream:75 - [STDERR_REDIRECT] 
2026-04-08 19:38:00,027 [ERROR] LogOutputStream:75 - [STDERR_REDIRECT] [Fatal Error] :1:1: Premature end of file.
2026-04-08 19:38:00,027 [ERROR] LogOutputStream:75 - [STDERR_REDIRECT] 
2026-04-08 19:38:01,081 [ERROR] LogOutputStream:75 - [STDERR_REDIRECT] [Fatal Error] :1:1: Premature end of file.
2026-04-08 19:38:01,081 [ERROR] LogOutputStream:75 - [STDERR_REDIRECT] 
2026-04-08 19:38:02,093 [ERROR] LogOutputStream:75 - [STDERR_REDIRECT] [Fatal Error] :1:1: Premature end of file.
2026-04-08 19:38:02,096 [ERROR] LogOutputStream:75 - [STDERR_REDIRECT] 
2026-04-08 19:38:03,015 [ERROR] LogOutputStream:75 - [STDERR_REDIRECT] [Fatal Error] :1:1: Premature end of file.
2026-04-08 19:38:03,016 [ERROR] LogOutputStream:75 - [STDERR_REDIRECT] 
2026-04-08 19:38:04,101 [ERROR] LogOutputStream:75 - [STDERR_REDIRECT] [Fatal Error] :1:1: Premature end of file.
2026-04-08 19:38:04,103 [ERROR] LogOutputStream:75 - [STDERR_REDIRECT] 
2026-04-08 19:38:05,028 [ERROR] LogOutputStream:75 - [STDERR_REDIRECT] [Fatal Error] :1:1: Premature end of file.
2026-04-08 19:38:05,029 [ERROR] LogOutputStream:75 - [STDERR_REDIRECT] 
2026-04-08 19:38:06,113 [ERROR] LogOutputStream:75 - [STDERR_REDIRECT] [Fatal Error] :1:1: Premature end of file.
2026-04-08 19:38:06,114 [ERROR] LogOutputStream:75 - [STDERR_REDIRECT] 
2026-04-08 19:38:07,007 [ERROR] LogOutputStream:75 - [STDERR_REDIRECT] [Fatal Error] :1:1: Premature end of file.
2026-04-08 19:38:07,008 [ERROR] LogOutputStream:75 - [STDERR_REDIRECT] 
2026-04-08 19:38:07,997 [ERROR] LogOutputStream:75 - [STDERR_REDIRECT] [Fatal Error] :1:1: Premature end of file.
2026-04-08 19:38:07,997 [ERROR] LogOutputStream:75 - [STDERR_REDIRECT] 
2026-04-08 19:38:09,193 [ERROR] LogOutputStream:75 - [STDERR_REDIRECT] [Fatal Error] :1:1: Premature end of file.
2026-04-08 19:38:09,193 [ERROR] LogOutputStream:75 - [STDERR_REDIRECT] 
2026-04-08 19:38:10,080 [ERROR] LogOutputStream:75 - [STDERR_REDIRECT] [Fatal Error] :1:1: Premature end of file.
2026-04-08 19:38:10,082 [ERROR] LogOutputStream:75 - [STDERR_REDIRECT] 
2026-04-08 19:38:11,032 [ERROR] LogOutputStream:75 - [STDERR_REDIRECT] [Fatal Error] :1:1: Premature end of file.
2026-04-08 19:38:11,032 [ERROR] LogOutputStream:75 - [STDERR_REDIRECT] 
2026-04-08 19:38:12,049 [ERROR] LogOutputStream:75 - [STDERR_REDIRECT] [Fatal Error] :1:1: Premature end of file.
2026-04-08 19:38:12,049 [ERROR] LogOutputStream:75 - [STDERR_REDIRECT] 
2026-04-08 19:38:13,089 [ERROR] LogOutputStream:75 - [STDERR_REDIRECT] [Fatal Error] :1:1: Premature end of file.
2026-04-08 19:38:13,090 [ERROR] LogOutputStream:75 - [STDERR_REDIRECT] 
2026-04-08 19:38:14,102 [ERROR] LogOutputStream:75 - [STDERR_REDIRECT] [Fatal Error] :1:1: Premature end of file.
2026-04-08 19:38:14,103 [ERROR] LogOutputStream:75 - [STDERR_REDIRECT] 
2026-04-08 19:38:15,045 [ERROR] LogOutputStream:75 - [STDERR_REDIRECT] [Fatal Error] :1:1: Premature end of file.
2026-04-08 19:38:15,046 [ERROR] LogOutputStream:75 - [STDERR_REDIRECT] 
2026-04-08 19:38:16,024 [ERROR] LogOutputStream:75 - [STDERR_REDIRECT] [Fatal Error] :1:1: Premature end of file.
2026-04-08 19:38:16,025 [ERROR] LogOutputStream:75 - [STDERR_REDIRECT] 
2026-04-08 19:38:17,014 [ERROR] LogOutputStream:75 - [STDERR_REDIRECT] [Fatal Error] :1:1: Premature end of file.
2026-04-08 19:38:17,014 [ERROR] LogOutputStream:75 - [STDERR_REDIRECT] 
2026-04-08 19:38:18,026 [ERROR] LogOutputStream:75 - [STDERR_REDIRECT] [Fatal Error] :1:1: Premature end of file.
2026-04-08 19:38:18,027 [ERROR] LogOutputStream:75 - [STDERR_REDIRECT] 
2026-04-08 19:38:19,067 [ERROR] LogOutputStream:75 - [STDERR_REDIRECT] [Fatal Error] :1:1: Premature end of file.
2026-04-08 19:38:19,068 [ERROR] LogOutputStream:75 - [STDERR_REDIRECT] 
2026-04-08 19:38:20,039 [ERROR] LogOutputStream:75 - [STDERR_REDIRECT] [Fatal Error] :1:1: Premature end of file.
2026-04-08 19:38:20,040 [ERROR] LogOutputStream:75 - [STDERR_REDIRECT] 
2026-04-08 19:38:21,091 [ERROR] LogOutputStream:75 - [STDERR_REDIRECT] [Fatal Error] :1:1: Premature end of file.
2026-04-08 19:38:21,092 [ERROR] LogOutputStream:75 - [STDERR_REDIRECT] 
2026-04-08 19:38:22,053 [ERROR] LogOutputStream:75 - [STDERR_REDIRECT] [Fatal Error] :1:1: Premature end of file.
2026-04-08 19:38:22,053 [ERROR] LogOutputStream:75 - [STDERR_REDIRECT] 
2026-04-08 19:38:23,100 [ERROR] LogOutputStream:75 - [STDERR_REDIRECT] [Fatal Error] :1:1: Premature end of file.
2026-04-08 19:38:23,100 [ERROR] LogOutputStream:75 - [STDERR_REDIRECT] 
2026-04-08 19:38:24,096 [ERROR] LogOutputStream:75 - [STDERR_REDIRECT] [Fatal Error] :1:1: Premature end of file.
2026-04-08 19:38:24,097 [ERROR] LogOutputStream:75 - [STDERR_REDIRECT] 
2026-04-08 19:38:25,025 [ERROR] LogOutputStream:75 - [STDERR_REDIRECT] [Fatal Error] :1:1: Premature end of file.
2026-04-08 19:38:25,026 [ERROR] LogOutputStream:75 - [STDERR_REDIRECT] 
2026-04-08 19:38:26,047 [ERROR] LogOutputStream:75 - [STDERR_REDIRECT] [Fatal Error] :1:1: Premature end of file.
2026-04-08 19:38:26,047 [ERROR] LogOutputStream:75 - [STDERR_REDIRECT] 
2026-04-08 19:38:27,038 [ERROR] LogOutputStream:75 - [STDERR_REDIRECT] [Fatal Error] :1:1: Premature end of file.
2026-04-08 19:38:27,039 [ERROR] LogOutputStream:75 - [STDERR_REDIRECT] 
2026-04-08 19:38:28,000 [ERROR] LogOutputStream:75 - [STDERR_REDIRECT] [Fatal Error] :1:1: Premature end of file.
2026-04-08 19:38:28,000 [ERROR] LogOutputStream:75 - [STDERR_REDIRECT] 
2026-04-08 19:38:29,012 [ERROR] LogOutputStream:75 - [STDERR_REDIRECT] [Fatal Error] :1:1: Premature end of file.
2026-04-08 19:38:29,012 [ERROR] LogOutputStream:75 - [STDERR_REDIRECT] 
2026-04-08 19:38:29,988 [ERROR] LogOutputStream:75 - [STDERR_REDIRECT] [Fatal Error] :1:1: Premature end of file.
2026-04-08 19:38:29,988 [ERROR] LogOutputStream:75 - [STDERR_REDIRECT] 
2026-04-08 19:38:30,991 [ERROR] LogOutputStream:75 - [STDERR_REDIRECT] [Fatal Error] :1:1: Premature end of file.
2026-04-08 19:38:30,992 [ERROR] LogOutputStream:75 - [STDERR_REDIRECT] 
2026-04-08 19:38:32,023 [ERROR] LogOutputStream:75 - [STDERR_REDIRECT] [Fatal Error] :1:1: Premature end of file.
2026-04-08 19:38:32,024 [ERROR] LogOutputStream:75 - [STDERR_REDIRECT] 
2026-04-08 19:38:33,157 [ERROR] LogOutputStream:75 - [STDERR_REDIRECT] [Fatal Error] :1:1: Premature end of file.
2026-04-08 19:38:33,158 [ERROR] LogOutputStream:75 - [STDERR_REDIRECT] 
2026-04-08 19:38:34,027 [ERROR] LogOutputStream:75 - [STDERR_REDIRECT] [Fatal Error] :1:1: Premature end of file.
2026-04-08 19:38:34,028 [ERROR] LogOutputStream:75 - [STDERR_REDIRECT] 
2026-04-08 19:38:34,998 [ERROR] LogOutputStream:75 - [STDERR_REDIRECT] [Fatal Error] :1:1: Premature end of file.
2026-04-08 19:38:34,999 [ERROR] LogOutputStream:75 - [STDERR_REDIRECT] 
2026-04-08 19:38:36,040 [ERROR] LogOutputStream:75 - [STDERR_REDIRECT] [Fatal Error] :1:1: Premature end of file.
2026-04-08 19:38:36,041 [ERROR] LogOutputStream:75 - [STDERR_REDIRECT] 
2026-04-08 19:38:37,038 [ERROR] LogOutputStream:75 - [STDERR_REDIRECT] [Fatal Error] :1:1: Premature end of file.
2026-04-08 19:38:37,038 [ERROR] LogOutputStream:75 - [STDERR_REDIRECT] 
2026-04-08 19:38:38,101 [ERROR] LogOutputStream:75 - [STDERR_REDIRECT] [Fatal Error] :1:1: Premature end of file.
2026-04-08 19:38:38,103 [ERROR] LogOutputStream:75 - [STDERR_REDIRECT] 
2026-04-08 19:38:39,017 [ERROR] LogOutputStream:75 - [STDERR_REDIRECT] [Fatal Error] :1:1: Premature end of file.
2026-04-08 19:38:39,018 [ERROR] LogOutputStream:75 - [STDERR_REDIRECT] 
2026-04-08 19:38:40,056 [ERROR] LogOutputStream:75 - [STDERR_REDIRECT] [Fatal Error] :1:1: Premature end of file.
2026-04-08 19:38:40,056 [ERROR] LogOutputStream:75 - [STDERR_REDIRECT] 
2026-04-08 19:38:41,016 [ERROR] LogOutputStream:75 - [STDERR_REDIRECT] [Fatal Error] :1:1: Premature end of file.
2026-04-08 19:38:41,017 [ERROR] LogOutputStream:75 - [STDERR_REDIRECT] 
2026-04-08 19:38:42,021 [ERROR] LogOutputStream:75 - [STDERR_REDIRECT] [Fatal Error] :1:1: Premature end of file.
2026-04-08 19:38:42,022 [ERROR] LogOutputStream:75 - [STDERR_REDIRECT] 
2026-04-08 19:38:43,010 [ERROR] LogOutputStream:75 - [STDERR_REDIRECT] [Fatal Error] :1:1: Premature end of file.
2026-04-08 19:38:43,010 [ERROR] LogOutputStream:75 - [STDERR_REDIRECT] 
2026-04-08 19:38:44,018 [ERROR] LogOutputStream:75 - [STDERR_REDIRECT] [Fatal Error] :1:1: Premature end of file.
2026-04-08 19:38:44,019 [ERROR] LogOutputStream:75 - [STDERR_REDIRECT] 
2026-04-08 19:38:45,170 [ERROR] LogOutputStream:75 - [STDERR_REDIRECT] [Fatal Error] :1:1: Premature end of file.
2026-04-08 19:38:45,171 [ERROR] LogOutputStream:75 - [STDERR_REDIRECT] 
2026-04-08 19:38:46,152 [ERROR] LogOutputStream:75 - [STDERR_REDIRECT] [Fatal Error] :1:1: Premature end of file.
2026-04-08 19:38:46,158 [ERROR] LogOutputStream:75 - [STDERR_REDIRECT] 
2026-04-08 19:38:47,067 [ERROR] LogOutputStream:75 - [STDERR_REDIRECT] [Fatal Error] :1:1: Premature end of file.
2026-04-08 19:38:47,068 [ERROR] LogOutputStream:75 - [STDERR_REDIRECT] 
2026-04-08 19:38:48,108 [ERROR] LogOutputStream:75 - [STDERR_REDIRECT] [Fatal Error] :1:1: Premature end of file.
2026-04-08 19:38:48,108 [ERROR] LogOutputStream:75 - [STDERR_REDIRECT] 
2026-04-08 19:38:49,073 [ERROR] LogOutputStream:75 - [STDERR_REDIRECT] [Fatal Error] :1:1: Premature end of file.
2026-04-08 19:38:49,075 [ERROR] LogOutputStream:75 - [STDERR_REDIRECT] 
2026-04-08 19:38:50,092 [ERROR] LogOutputStream:75 - [STDERR_REDIRECT] [Fatal Error] :1:1: Premature end of file.
2026-04-08 19:38:50,093 [ERROR] LogOutputStream:75 - [STDERR_REDIRECT] 
2026-04-08 19:38:51,029 [ERROR] LogOutputStream:75 - [STDERR_REDIRECT] [Fatal Error] :1:1: Premature end of file.
2026-04-08 19:38:51,029 [ERROR] LogOutputStream:75 - [STDERR_REDIRECT] 
2026-04-08 19:38:52,105 [ERROR] LogOutputStream:75 - [STDERR_REDIRECT] [Fatal Error] :1:1: Premature end of file.
2026-04-08 19:38:52,105 [ERROR] LogOutputStream:75 - [STDERR_REDIRECT] 
2026-04-08 19:38:53,093 [ERROR] LogOutputStream:75 - [STDERR_REDIRECT] [Fatal Error] :1:1: Premature end of file.
2026-04-08 19:38:53,095 [ERROR] LogOutputStream:75 - [STDERR_REDIRECT] 
2026-04-08 19:38:54,027 [ERROR] LogOutputStream:75 - [STDERR_REDIRECT] [Fatal Error] :1:1: Premature end of file.
2026-04-08 19:38:54,028 [ERROR] LogOutputStream:75 - [STDERR_REDIRECT] 
2026-04-08 19:38:55,007 [ERROR] LogOutputStream:75 - [STDERR_REDIRECT] [Fatal Error] :1:1: Premature end of file.
2026-04-08 19:38:55,007 [ERROR] LogOutputStream:75 - [STDERR_REDIRECT] 
2026-04-08 19:38:56,019 [ERROR] LogOutputStream:75 - [STDERR_REDIRECT] [Fatal Error] :1:1: Premature end of file.
2026-04-08 19:38:56,019 [ERROR] LogOutputStream:75 - [STDERR_REDIRECT] 
2026-04-08 19:38:57,021 [ERROR] LogOutputStream:75 - [STDERR_REDIRECT] [Fatal Error] :1:1: Premature end of file.
2026-04-08 19:38:57,022 [ERROR] LogOutputStream:75 - [STDERR_REDIRECT] 
2026-04-08 19:38:57,993 [ERROR] LogOutputStream:75 - [STDERR_REDIRECT] [Fatal Error] :1:1: Premature end of file.
2026-04-08 19:38:57,994 [ERROR] LogOutputStream:75 - [STDERR_REDIRECT] 
2026-04-08 19:38:59,072 [ERROR] LogOutputStream:75 - [STDERR_REDIRECT] [Fatal Error] :1:1: Premature end of file.
2026-04-08 19:38:59,074 [ERROR] LogOutputStream:75 - [STDERR_REDIRECT] 
2026-04-08 19:39:00,015 [ERROR] LogOutputStream:75 - [STDERR_REDIRECT] [Fatal Error] :1:1: Premature end of file.
2026-04-08 19:39:00,016 [ERROR] LogOutputStream:75 - [STDERR_REDIRECT] 
2026-04-08 19:39:01,002 [ERROR] LogOutputStream:75 - [STDERR_REDIRECT] [Fatal Error] :1:1: Premature end of file.
2026-04-08 19:39:01,003 [ERROR] LogOutputStream:75 - [STDERR_REDIRECT] 
2026-04-08 19:39:02,025 [ERROR] LogOutputStream:75 - [STDERR_REDIRECT] [Fatal Error] :1:1: Premature end of file.
2026-04-08 19:39:02,025 [ERROR] LogOutputStream:75 - [STDERR_REDIRECT] 
2026-04-08 19:39:03,033 [ERROR] LogOutputStream:75 - [STDERR_REDIRECT] [Fatal Error] :1:1: Premature end of file.
2026-04-08 19:39:03,034 [ERROR] LogOutputStream:75 - [STDERR_REDIRECT] 
2026-04-08 19:39:04,026 [ERROR] LogOutputStream:75 - [STDERR_REDIRECT] [Fatal Error] :1:1: Premature end of file.
2026-04-08 19:39:04,026 [ERROR] LogOutputStream:75 - [STDERR_REDIRECT] 
2026-04-08 19:39:05,106 [ERROR] LogOutputStream:75 - [STDERR_REDIRECT] [Fatal Error] :1:1: Premature end of file.
2026-04-08 19:39:05,108 [ERROR] LogOutputStream:75 - [STDERR_REDIRECT] 
2026-04-08 19:39:06,096 [ERROR] LogOutputStream:75 - [STDERR_REDIRECT] [Fatal Error] :1:1: Premature end of file.
2026-04-08 19:39:06,098 [ERROR] LogOutputStream:75 - [STDERR_REDIRECT] 
2026-04-08 19:39:07,033 [ERROR] LogOutputStream:75 - [STDERR_REDIRECT] [Fatal Error] :1:1: Premature end of file.
2026-04-08 19:39:07,033 [ERROR] LogOutputStream:75 - [STDERR_REDIRECT] 
2026-04-08 19:39:08,052 [ERROR] LogOutputStream:75 - [STDERR_REDIRECT] [Fatal Error] :1:1: Premature end of file.
2026-04-08 19:39:08,054 [ERROR] LogOutputStream:75 - [STDERR_REDIRECT] 
2026-04-08 19:39:09,020 [ERROR] LogOutputStream:75 - [STDERR_REDIRECT] [Fatal Error] :1:1: Premature end of file.
2026-04-08 19:39:09,020 [ERROR] LogOutputStream:75 - [STDERR_REDIRECT] 
2026-04-08 19:39:10,006 [ERROR] LogOutputStream:75 - [STDERR_REDIRECT] [Fatal Error] :1:1: Premature end of file.
2026-04-08 19:39:10,006 [ERROR] LogOutputStream:75 - [STDERR_REDIRECT] 
2026-04-08 19:39:11,003 [ERROR] LogOutputStream:75 - [STDERR_REDIRECT] [Fatal Error] :1:1: Premature end of file.
2026-04-08 19:39:11,003 [ERROR] LogOutputStream:75 - [STDERR_REDIRECT] 
2026-04-08 19:39:12,010 [ERROR] LogOutputStream:75 - [STDERR_REDIRECT] [Fatal Error] :1:1: Premature end of file.
2026-04-08 19:39:12,011 [ERROR] LogOutputStream:75 - [STDERR_REDIRECT] 
2026-04-08 19:39:13,007 [ERROR] LogOutputStream:75 - [STDERR_REDIRECT] [Fatal Error] :1:1: Premature end of file.
2026-04-08 19:39:13,007 [ERROR] LogOutputStream:75 - [STDERR_REDIRECT] 
2026-04-08 19:39:13,994 [ERROR] LogOutputStream:75 - [STDERR_REDIRECT] [Fatal Error] :1:1: Premature end of file.
2026-04-08 19:39:13,994 [ERROR] LogOutputStream:75 - [STDERR_REDIRECT] 
2026-04-08 19:39:15,002 [ERROR] LogOutputStream:75 - [STDERR_REDIRECT] [Fatal Error] :1:1: Premature end of file.
2026-04-08 19:39:15,002 [ERROR] LogOutputStream:75 - [STDERR_REDIRECT] 
2026-04-08 19:39:16,010 [ERROR] LogOutputStream:75 - [STDERR_REDIRECT] [Fatal Error] :1:1: Premature end of file.
2026-04-08 19:39:16,011 [ERROR] LogOutputStream:75 - [STDERR_REDIRECT] 
2026-04-08 19:39:17,004 [ERROR] LogOutputStream:75 - [STDERR_REDIRECT] [Fatal Error] :1:1: Premature end of file.
2026-04-08 19:39:17,004 [ERROR] LogOutputStream:75 - [STDERR_REDIRECT] 
2026-04-08 19:39:18,004 [ERROR] LogOutputStream:75 - [STDERR_REDIRECT] [Fatal Error] :1:1: Premature end of file.
2026-04-08 19:39:18,005 [ERROR] LogOutputStream:75 - [STDERR_REDIRECT] 
2026-04-08 19:39:19,007 [ERROR] LogOutputStream:75 - [STDERR_REDIRECT] [Fatal Error] :1:1: Premature end of file.
2026-04-08 19:39:19,007 [ERROR] LogOutputStream:75 - [STDERR_REDIRECT] 
2026-04-08 19:39:19,983 [ERROR] LogOutputStream:75 - [STDERR_REDIRECT] [Fatal Error] :1:1: Premature end of file.
2026-04-08 19:39:19,984 [ERROR] LogOutputStream:75 - [STDERR_REDIRECT] 
2026-04-08 19:39:21,014 [ERROR] LogOutputStream:75 - [STDERR_REDIRECT] [Fatal Error] :1:1: Premature end of file.
2026-04-08 19:39:21,014 [ERROR] LogOutputStream:75 - [STDERR_REDIRECT] 
2026-04-08 19:39:22,003 [ERROR] LogOutputStream:75 - [STDERR_REDIRECT] [Fatal Error] :1:1: Premature end of file.
2026-04-08 19:39:22,003 [ERROR] LogOutputStream:75 - [STDERR_REDIRECT] 
2026-04-08 19:39:23,006 [ERROR] LogOutputStream:75 - [STDERR_REDIRECT] [Fatal Error] :1:1: Premature end of file.
2026-04-08 19:39:23,006 [ERROR] LogOutputStream:75 - [STDERR_REDIRECT] 
2026-04-08 19:39:24,008 [ERROR] LogOutputStream:75 - [STDERR_REDIRECT] [Fatal Error] :1:1: Premature end of file.
2026-04-08 19:39:24,009 [ERROR] LogOutputStream:75 - [STDERR_REDIRECT] 
2026-04-08 19:39:25,007 [ERROR] LogOutputStream:75 - [STDERR_REDIRECT] [Fatal Error] :1:1: Premature end of file.
2026-04-08 19:39:25,007 [ERROR] LogOutputStream:75 - [STDERR_REDIRECT] 
2026-04-08 19:39:25,987 [ERROR] LogOutputStream:75 - [STDERR_REDIRECT] [Fatal Error] :1:1: Premature end of file.
2026-04-08 19:39:25,987 [ERROR] LogOutputStream:75 - [STDERR_REDIRECT] 
2026-04-08 19:39:27,030 [ERROR] LogOutputStream:75 - [STDERR_REDIRECT] [Fatal Error] :1:1: Premature end of file.
2026-04-08 19:39:27,030 [ERROR] LogOutputStream:75 - [STDERR_REDIRECT] 
2026-04-08 19:39:28,014 [ERROR] LogOutputStream:75 - [STDERR_REDIRECT] [Fatal Error] :1:1: Premature end of file.
2026-04-08 19:39:28,015 [ERROR] LogOutputStream:75 - [STDERR_REDIRECT] 
2026-04-08 19:39:28,991 [ERROR] LogOutputStream:75 - [STDERR_REDIRECT] [Fatal Error] :1:1: Premature end of file.
2026-04-08 19:39:28,991 [ERROR] LogOutputStream:75 - [STDERR_REDIRECT] 
2026-04-08 19:39:29,995 [ERROR] LogOutputStream:75 - [STDERR_REDIRECT] [Fatal Error] :1:1: Premature end of file.
2026-04-08 19:39:29,995 [ERROR] LogOutputStream:75 - [STDERR_REDIRECT] 
2026-04-08 19:39:30,990 [ERROR] LogOutputStream:75 - [STDERR_REDIRECT] [Fatal Error] :1:1: Premature end of file.
2026-04-08 19:39:30,992 [ERROR] LogOutputStream:75 - [STDERR_REDIRECT] 
2026-04-08 19:39:32,011 [ERROR] LogOutputStream:75 - [STDERR_REDIRECT] [Fatal Error] :1:1: Premature end of file.
2026-04-08 19:39:32,011 [ERROR] LogOutputStream:75 - [STDERR_REDIRECT] 
2026-04-08 19:39:33,026 [ERROR] LogOutputStream:75 - [STDERR_REDIRECT] [Fatal Error] :1:1: Premature end of file.
2026-04-08 19:39:33,027 [ERROR] LogOutputStream:75 - [STDERR_REDIRECT] 
2026-04-08 19:39:34,002 [ERROR] LogOutputStream:75 - [STDERR_REDIRECT] [Fatal Error] :1:1: Premature end of file.
2026-04-08 19:39:34,002 [ERROR] LogOutputStream:75 - [STDERR_REDIRECT] 
2026-04-08 19:39:35,006 [ERROR] LogOutputStream:75 - [STDERR_REDIRECT] [Fatal Error] :1:1: Premature end of file.
2026-04-08 19:39:35,006 [ERROR] LogOutputStream:75 - [STDERR_REDIRECT] 
2026-04-08 19:39:35,993 [ERROR] LogOutputStream:75 - [STDERR_REDIRECT] [Fatal Error] :1:1: Premature end of file.
2026-04-08 19:39:35,994 [ERROR] LogOutputStream:75 - [STDERR_REDIRECT] 
2026-04-08 19:39:37,008 [ERROR] LogOutputStream:75 - [STDERR_REDIRECT] [Fatal Error] :1:1: Premature end of file.
2026-04-08 19:39:37,008 [ERROR] LogOutputStream:75 - [STDERR_REDIRECT] 
2026-04-08 19:39:37,991 [ERROR] LogOutputStream:75 - [STDERR_REDIRECT] [Fatal Error] :1:1: Premature end of file.
2026-04-08 19:39:37,991 [ERROR] LogOutputStream:75 - [STDERR_REDIRECT] 
2026-04-08 19:39:39,014 [ERROR] LogOutputStream:75 - [STDERR_REDIRECT] [Fatal Error] :1:1: Premature end of file.
2026-04-08 19:39:39,014 [ERROR] LogOutputStream:75 - [STDERR_REDIRECT] 
2026-04-08 19:39:40,005 [ERROR] LogOutputStream:75 - [STDERR_REDIRECT] [Fatal Error] :1:1: Premature end of file.
2026-04-08 19:39:40,005 [ERROR] LogOutputStream:75 - [STDERR_REDIRECT] 
2026-04-08 19:39:41,001 [ERROR] LogOutputStream:75 - [STDERR_REDIRECT] [Fatal Error] :1:1: Premature end of file.
2026-04-08 19:39:41,002 [ERROR] LogOutputStream:75 - [STDERR_REDIRECT] 
2026-04-08 19:39:42,000 [ERROR] LogOutputStream:75 - [STDERR_REDIRECT] [Fatal Error] :1:1: Premature end of file.
2026-04-08 19:39:42,000 [ERROR] LogOutputStream:75 - [STDERR_REDIRECT] 
2026-04-08 19:39:42,996 [ERROR] LogOutputStream:75 - [STDERR_REDIRECT] [Fatal Error] :1:1: Premature end of file.
2026-04-08 19:39:42,996 [ERROR] LogOutputStream:75 - [STDERR_REDIRECT] 
2026-04-08 19:39:44,006 [ERROR] LogOutputStream:75 - [STDERR_REDIRECT] [Fatal Error] :1:1: Premature end of file.
2026-04-08 19:39:44,006 [ERROR] LogOutputStream:75 - [STDERR_REDIRECT] 
2026-04-08 19:39:45,002 [ERROR] LogOutputStream:75 - [STDERR_REDIRECT] [Fatal Error] :1:1: Premature end of file.
2026-04-08 19:39:45,002 [ERROR] LogOutputStream:75 - [STDERR_REDIRECT] 
2026-04-08 19:39:46,009 [ERROR] LogOutputStream:75 - [STDERR_REDIRECT] [Fatal Error] :1:1: Premature end of file.
2026-04-08 19:39:46,012 [ERROR] LogOutputStream:75 - [STDERR_REDIRECT] 
2026-04-08 19:39:47,006 [ERROR] LogOutputStream:75 - [STDERR_REDIRECT] [Fatal Error] :1:1: Premature end of file.
2026-04-08 19:39:47,006 [ERROR] LogOutputStream:75 - [STDERR_REDIRECT] 
2026-04-08 19:39:48,003 [ERROR] LogOutputStream:75 - [STDERR_REDIRECT] [Fatal Error] :1:1: Premature end of file.
2026-04-08 19:39:48,003 [ERROR] LogOutputStream:75 - [STDERR_REDIRECT] 
2026-04-08 19:39:49,006 [ERROR] LogOutputStream:75 - [STDERR_REDIRECT] [Fatal Error] :1:1: Premature end of file.
2026-04-08 19:39:49,007 [ERROR] LogOutputStream:75 - [STDERR_REDIRECT] 
2026-04-08 19:39:49,988 [ERROR] LogOutputStream:75 - [STDERR_REDIRECT] [Fatal Error] :1:1: Premature end of file.
2026-04-08 19:39:49,988 [ERROR] LogOutputStream:75 - [STDERR_REDIRECT] 
2026-04-08 19:39:51,007 [ERROR] LogOutputStream:75 - [STDERR_REDIRECT] [Fatal Error] :1:1: Premature end of file.
2026-04-08 19:39:51,007 [ERROR] LogOutputStream:75 - [STDERR_REDIRECT] 
2026-04-08 19:39:52,003 [ERROR] LogOutputStream:75 - [STDERR_REDIRECT] [Fatal Error] :1:1: Premature end of file.
2026-04-08 19:39:52,003 [ERROR] LogOutputStream:75 - [STDERR_REDIRECT] 
2026-04-08 19:39:53,005 [ERROR] LogOutputStream:75 - [STDERR_REDIRECT] [Fatal Error] :1:1: Premature end of file.
2026-04-08 19:39:53,005 [ERROR] LogOutputStream:75 - [STDERR_REDIRECT] 
2026-04-08 19:39:54,002 [ERROR] LogOutputStream:75 - [STDERR_REDIRECT] [Fatal Error] :1:1: Premature end of file.
2026-04-08 19:39:54,002 [ERROR] LogOutputStream:75 - [STDERR_REDIRECT] 
2026-04-08 19:39:54,993 [ERROR] LogOutputStream:75 - [STDERR_REDIRECT] [Fatal Error] :1:1: Premature end of file.
2026-04-08 19:39:54,994 [ERROR] LogOutputStream:75 - [STDERR_REDIRECT] 
2026-04-08 19:39:55,981 [ERROR] LogOutputStream:75 - [STDERR_REDIRECT] [Fatal Error] :1:1: Premature end of file.
2026-04-08 19:39:55,981 [ERROR] LogOutputStream:75 - [STDERR_REDIRECT] 
2026-04-08 19:39:56,992 [ERROR] LogOutputStream:75 - [STDERR_REDIRECT] [Fatal Error] :1:1: Premature end of file.
2026-04-08 19:39:56,992 [ERROR] LogOutputStream:75 - [STDERR_REDIRECT] 
2026-04-08 19:39:57,990 [ERROR] LogOutputStream:75 - [STDERR_REDIRECT] [Fatal Error] :1:1: Premature end of file.
2026-04-08 19:39:57,990 [ERROR] LogOutputStream:75 - [STDERR_REDIRECT] 
2026-04-08 19:39:58,992 [ERROR] LogOutputStream:75 - [STDERR_REDIRECT] [Fatal Error] :1:1: Premature end of file.
2026-04-08 19:39:58,993 [ERROR] LogOutputStream:75 - [STDERR_REDIRECT] 
2026-04-08 19:40:00,029 [ERROR] LogOutputStream:75 - [STDERR_REDIRECT] [Fatal Error] :1:1: Premature end of file.
2026-04-08 19:40:00,029 [ERROR] LogOutputStream:75 - [STDERR_REDIRECT] 
2026-04-08 19:40:00,981 [ERROR] LogOutputStream:75 - [STDERR_REDIRECT] [Fatal Error] :1:1: Premature end of file.
2026-04-08 19:40:00,981 [ERROR] LogOutputStream:75 - [STDERR_REDIRECT] 
2026-04-08 19:40:02,015 [ERROR] LogOutputStream:75 - [STDERR_REDIRECT] [Fatal Error] :1:1: Premature end of file.
2026-04-08 19:40:02,015 [ERROR] LogOutputStream:75 - [STDERR_REDIRECT] 
2026-04-08 19:40:03,004 [ERROR] LogOutputStream:75 - [STDERR_REDIRECT] [Fatal Error] :1:1: Premature end of file.
2026-04-08 19:40:03,004 [ERROR] LogOutputStream:75 - [STDERR_REDIRECT] 
2026-04-08 19:40:03,995 [ERROR] LogOutputStream:75 - [STDERR_REDIRECT] [Fatal Error] :1:1: Premature end of file.
2026-04-08 19:40:03,996 [ERROR] LogOutputStream:75 - [STDERR_REDIRECT] 
2026-04-08 19:40:05,004 [ERROR] LogOutputStream:75 - [STDERR_REDIRECT] [Fatal Error] :1:1: Premature end of file.
2026-04-08 19:40:05,004 [ERROR] LogOutputStream:75 - [STDERR_REDIRECT] 
2026-04-08 19:40:06,007 [ERROR] LogOutputStream:75 - [STDERR_REDIRECT] [Fatal Error] :1:1: Premature end of file.
2026-04-08 19:40:06,007 [ERROR] LogOutputStream:75 - [STDERR_REDIRECT] 
2026-04-08 19:40:07,006 [ERROR] LogOutputStream:75 - [STDERR_REDIRECT] [Fatal Error] :1:1: Premature end of file.
2026-04-08 19:40:07,007 [ERROR] LogOutputStream:75 - [STDERR_REDIRECT] 
2026-04-08 19:40:08,007 [ERROR] LogOutputStream:75 - [STDERR_REDIRECT] [Fatal Error] :1:1: Premature end of file.
2026-04-08 19:40:08,008 [ERROR] LogOutputStream:75 - [STDERR_REDIRECT] 
2026-04-08 19:40:09,006 [ERROR] LogOutputStream:75 - [STDERR_REDIRECT] [Fatal Error] :1:1: Premature end of file.
2026-04-08 19:40:09,006 [ERROR] LogOutputStream:75 - [STDERR_REDIRECT] 
2026-04-08 19:40:10,007 [ERROR] LogOutputStream:75 - [STDERR_REDIRECT] [Fatal Error] :1:1: Premature end of file.
2026-04-08 19:40:10,007 [ERROR] LogOutputStream:75 - [STDERR_REDIRECT] 
2026-04-08 19:40:10,985 [ERROR] LogOutputStream:75 - [STDERR_REDIRECT] [Fatal Error] :1:1: Premature end of file.
2026-04-08 19:40:10,985 [ERROR] LogOutputStream:75 - [STDERR_REDIRECT] 
2026-04-08 19:40:12,010 [ERROR] LogOutputStream:75 - [STDERR_REDIRECT] [Fatal Error] :1:1: Premature end of file.
2026-04-08 19:40:12,011 [ERROR] LogOutputStream:75 - [STDERR_REDIRECT] 
2026-04-08 19:40:12,991 [ERROR] LogOutputStream:75 - [STDERR_REDIRECT] [Fatal Error] :1:1: Premature end of file.
2026-04-08 19:40:12,991 [ERROR] LogOutputStream:75 - [STDERR_REDIRECT] 
2026-04-08 19:40:13,993 [ERROR] LogOutputStream:75 - [STDERR_REDIRECT] [Fatal Error] :1:1: Premature end of file.
2026-04-08 19:40:13,993 [ERROR] LogOutputStream:75 - [STDERR_REDIRECT] 
2026-04-08 19:40:14,999 [ERROR] LogOutputStream:75 - [STDERR_REDIRECT] [Fatal Error] :1:1: Premature end of file.
2026-04-08 19:40:14,999 [ERROR] LogOutputStream:75 - [STDERR_REDIRECT] 
2026-04-08 19:40:15,999 [ERROR] LogOutputStream:75 - [STDERR_REDIRECT] [Fatal Error] :1:1: Premature end of file.
2026-04-08 19:40:16,000 [ERROR] LogOutputStream:75 - [STDERR_REDIRECT] 
2026-04-08 19:40:16,999 [ERROR] LogOutputStream:75 - [STDERR_REDIRECT] [Fatal Error] :1:1: Premature end of file.
2026-04-08 19:40:16,999 [ERROR] LogOutputStream:75 - [STDERR_REDIRECT] 
2026-04-08 19:40:17,984 [ERROR] LogOutputStream:75 - [STDERR_REDIRECT] [Fatal Error] :1:1: Premature end of file.
2026-04-08 19:40:17,985 [ERROR] LogOutputStream:75 - [STDERR_REDIRECT] 
2026-04-08 19:40:18,993 [ERROR] LogOutputStream:75 - [STDERR_REDIRECT] [Fatal Error] :1:1: Premature end of file.
2026-04-08 19:40:18,994 [ERROR] LogOutputStream:75 - [STDERR_REDIRECT] 
2026-04-08 19:40:20,010 [ERROR] LogOutputStream:75 - [STDERR_REDIRECT] [Fatal Error] :1:1: Premature end of file.
2026-04-08 19:40:20,011 [ERROR] LogOutputStream:75 - [STDERR_REDIRECT] 
2026-04-08 19:40:21,006 [ERROR] LogOutputStream:75 - [STDERR_REDIRECT] [Fatal Error] :1:1: Premature end of file.
2026-04-08 19:40:21,006 [ERROR] LogOutputStream:75 - [STDERR_REDIRECT] 
2026-04-08 19:40:22,005 [ERROR] LogOutputStream:75 - [STDERR_REDIRECT] [Fatal Error] :1:1: Premature end of file.
2026-04-08 19:40:22,005 [ERROR] LogOutputStream:75 - [STDERR_REDIRECT] 
2026-04-08 19:40:23,006 [ERROR] LogOutputStream:75 - [STDERR_REDIRECT] [Fatal Error] :1:1: Premature end of file.
2026-04-08 19:40:23,007 [ERROR] LogOutputStream:75 - [STDERR_REDIRECT] 
2026-04-08 19:40:24,002 [ERROR] LogOutputStream:75 - [STDERR_REDIRECT] [Fatal Error] :1:1: Premature end of file.
2026-04-08 19:40:24,003 [ERROR] LogOutputStream:75 - [STDERR_REDIRECT] 
2026-04-08 19:40:25,002 [ERROR] LogOutputStream:75 - [STDERR_REDIRECT] [Fatal Error] :1:1: Premature end of file.
2026-04-08 19:40:25,002 [ERROR] LogOutputStream:75 - [STDERR_REDIRECT] 
2026-04-08 19:40:25,993 [ERROR] LogOutputStream:75 - [STDERR_REDIRECT] [Fatal Error] :1:1: Premature end of file.
2026-04-08 19:40:25,993 [ERROR] LogOutputStream:75 - [STDERR_REDIRECT] 
2026-04-08 19:40:27,005 [ERROR] LogOutputStream:75 - [STDERR_REDIRECT] [Fatal Error] :1:1: Premature end of file.
2026-04-08 19:40:27,005 [ERROR] LogOutputStream:75 - [STDERR_REDIRECT] 
2026-04-08 19:40:28,000 [ERROR] LogOutputStream:75 - [STDERR_REDIRECT] [Fatal Error] :1:1: Premature end of file.
2026-04-08 19:40:28,000 [ERROR] LogOutputStream:75 - [STDERR_REDIRECT] 
2026-04-08 19:40:28,992 [ERROR] LogOutputStream:75 - [STDERR_REDIRECT] [Fatal Error] :1:1: Premature end of file.
2026-04-08 19:40:28,992 [ERROR] LogOutputStream:75 - [STDERR_REDIRECT] 
2026-04-08 19:40:30,002 [ERROR] LogOutputStream:75 - [STDERR_REDIRECT] [Fatal Error] :1:1: Premature end of file.
2026-04-08 19:40:30,003 [ERROR] LogOutputStream:75 - [STDERR_REDIRECT] 
2026-04-08 19:40:31,008 [ERROR] LogOutputStream:75 - [STDERR_REDIRECT] [Fatal Error] :1:1: Premature end of file.
2026-04-08 19:40:31,008 [ERROR] LogOutputStream:75 - [STDERR_REDIRECT] 
2026-04-08 19:40:31,990 [ERROR] LogOutputStream:75 - [STDERR_REDIRECT] [Fatal Error] :1:1: Premature end of file.
2026-04-08 19:40:31,990 [ERROR] LogOutputStream:75 - [STDERR_REDIRECT] 
2026-04-08 19:40:33,005 [ERROR] LogOutputStream:75 - [STDERR_REDIRECT] [Fatal Error] :1:1: Premature end of file.
2026-04-08 19:40:33,005 [ERROR] LogOutputStream:75 - [STDERR_REDIRECT] 
2026-04-08 19:40:34,006 [ERROR] LogOutputStream:75 - [STDERR_REDIRECT] [Fatal Error] :1:1: Premature end of file.
2026-04-08 19:40:34,006 [ERROR] LogOutputStream:75 - [STDERR_REDIRECT] 
2026-04-08 19:40:35,007 [ERROR] LogOutputStream:75 - [STDERR_REDIRECT] [Fatal Error] :1:1: Premature end of file.
2026-04-08 19:40:35,007 [ERROR] LogOutputStream:75 - [STDERR_REDIRECT] 
2026-04-08 19:40:36,005 [ERROR] LogOutputStream:75 - [STDERR_REDIRECT] [Fatal Error] :1:1: Premature end of file.
2026-04-08 19:40:36,005 [ERROR] LogOutputStream:75 - [STDERR_REDIRECT] 
2026-04-08 19:40:36,984 [ERROR] LogOutputStream:75 - [STDERR_REDIRECT] [Fatal Error] :1:1: Premature end of file.
2026-04-08 19:40:36,984 [ERROR] LogOutputStream:75 - [STDERR_REDIRECT] 
2026-04-08 19:40:37,984 [ERROR] LogOutputStream:75 - [STDERR_REDIRECT] [Fatal Error] :1:1: Premature end of file.
2026-04-08 19:40:37,984 [ERROR] LogOutputStream:75 - [STDERR_REDIRECT] 
2026-04-08 19:40:38,998 [ERROR] LogOutputStream:75 - [STDERR_REDIRECT] [Fatal Error] :1:1: Premature end of file.
2026-04-08 19:40:38,998 [ERROR] LogOutputStream:75 - [STDERR_REDIRECT] 
2026-04-08 19:40:40,015 [ERROR] LogOutputStream:75 - [STDERR_REDIRECT] [Fatal Error] :1:1: Premature end of file.
2026-04-08 19:40:40,016 [ERROR] LogOutputStream:75 - [STDERR_REDIRECT] 
2026-04-08 19:40:41,000 [ERROR] LogOutputStream:75 - [STDERR_REDIRECT] [Fatal Error] :1:1: Premature end of file.
2026-04-08 19:40:41,001 [ERROR] LogOutputStream:75 - [STDERR_REDIRECT] 
2026-04-08 19:40:41,987 [ERROR] LogOutputStream:75 - [STDERR_REDIRECT] [Fatal Error] :1:1: Premature end of file.
2026-04-08 19:40:41,988 [ERROR] LogOutputStream:75 - [STDERR_REDIRECT] 
2026-04-08 19:40:43,018 [ERROR] LogOutputStream:75 - [STDERR_REDIRECT] [Fatal Error] :1:1: Premature end of file.
2026-04-08 19:40:43,018 [ERROR] LogOutputStream:75 - [STDERR_REDIRECT] 
2026-04-08 19:40:43,989 [ERROR] LogOutputStream:75 - [STDERR_REDIRECT] [Fatal Error] :1:1: Premature end of file.
2026-04-08 19:40:43,989 [ERROR] LogOutputStream:75 - [STDERR_REDIRECT] 
2026-04-08 19:40:44,999 [ERROR] LogOutputStream:75 - [STDERR_REDIRECT] [Fatal Error] :1:1: Premature end of file.
2026-04-08 19:40:45,000 [ERROR] LogOutputStream:75 - [STDERR_REDIRECT] 
2026-04-08 19:40:46,009 [ERROR] LogOutputStream:75 - [STDERR_REDIRECT] [Fatal Error] :1:1: Premature end of file.
2026-04-08 19:40:46,010 [ERROR] LogOutputStream:75 - [STDERR_REDIRECT] 
2026-04-08 19:40:47,008 [ERROR] LogOutputStream:75 - [STDERR_REDIRECT] [Fatal Error] :1:1: Premature end of file.
2026-04-08 19:40:47,008 [ERROR] LogOutputStream:75 - [STDERR_REDIRECT] 
2026-04-08 19:40:48,010 [ERROR] LogOutputStream:75 - [STDERR_REDIRECT] [Fatal Error] :1:1: Premature end of file.
2026-04-08 19:40:48,010 [ERROR] LogOutputStream:75 - [STDERR_REDIRECT] 
2026-04-08 19:40:48,982 [ERROR] LogOutputStream:75 - [STDERR_REDIRECT] [Fatal Error] :1:1: Premature end of file.
2026-04-08 19:40:48,982 [ERROR] LogOutputStream:75 - [STDERR_REDIRECT] 
2026-04-08 19:40:49,996 [ERROR] LogOutputStream:75 - [STDERR_REDIRECT] [Fatal Error] :1:1: Premature end of file.
2026-04-08 19:40:49,996 [ERROR] LogOutputStream:75 - [STDERR_REDIRECT] 
2026-04-08 19:40:50,983 [ERROR] LogOutputStream:75 - [STDERR_REDIRECT] [Fatal Error] :1:1: Premature end of file.
2026-04-08 19:40:50,985 [ERROR] LogOutputStream:75 - [STDERR_REDIRECT] 
2026-04-08 19:40:51,982 [ERROR] LogOutputStream:75 - [STDERR_REDIRECT] [Fatal Error] :1:1: Premature end of file.
2026-04-08 19:40:51,982 [ERROR] LogOutputStream:75 - [STDERR_REDIRECT] 
2026-04-08 19:40:52,983 [ERROR] LogOutputStream:75 - [STDERR_REDIRECT] [Fatal Error] :1:1: Premature end of file.
2026-04-08 19:40:52,984 [ERROR] LogOutputStream:75 - [STDERR_REDIRECT] 
2026-04-08 19:40:53,998 [ERROR] LogOutputStream:75 - [STDERR_REDIRECT] [Fatal Error] :1:1: Premature end of file.
2026-04-08 19:40:53,998 [ERROR] LogOutputStream:75 - [STDERR_REDIRECT] 
2026-04-08 19:40:55,011 [ERROR] LogOutputStream:75 - [STDERR_REDIRECT] [Fatal Error] :1:1: Premature end of file.
2026-04-08 19:40:55,011 [ERROR] LogOutputStream:75 - [STDERR_REDIRECT] 
2026-04-08 19:40:56,005 [ERROR] LogOutputStream:75 - [STDERR_REDIRECT] [Fatal Error] :1:1: Premature end of file.
2026-04-08 19:40:56,005 [ERROR] LogOutputStream:75 - [STDERR_REDIRECT] 
2026-04-08 19:40:57,018 [ERROR] LogOutputStream:75 - [STDERR_REDIRECT] [Fatal Error] :1:1: Premature end of file.
2026-04-08 19:40:57,018 [ERROR] LogOutputStream:75 - [STDERR_REDIRECT] 
2026-04-08 19:40:58,000 [ERROR] LogOutputStream:75 - [STDERR_REDIRECT] [Fatal Error] :1:1: Premature end of file.
2026-04-08 19:40:58,001 [ERROR] LogOutputStream:75 - [STDERR_REDIRECT] 
2026-04-08 19:40:58,997 [ERROR] LogOutputStream:75 - [STDERR_REDIRECT] [Fatal Error] :1:1: Premature end of file.
2026-04-08 19:40:58,998 [ERROR] LogOutputStream:75 - [STDERR_REDIRECT] 
2026-04-08 19:41:00,012 [ERROR] LogOutputStream:75 - [STDERR_REDIRECT] [Fatal Error] :1:1: Premature end of file.
2026-04-08 19:41:00,012 [ERROR] LogOutputStream:75 - [STDERR_REDIRECT] 
2026-04-08 19:41:01,006 [ERROR] LogOutputStream:75 - [STDERR_REDIRECT] [Fatal Error] :1:1: Premature end of file.
2026-04-08 19:41:01,006 [ERROR] LogOutputStream:75 - [STDERR_REDIRECT] 
2026-04-08 19:41:02,006 [ERROR] LogOutputStream:75 - [STDERR_REDIRECT] [Fatal Error] :1:1: Premature end of file.
2026-04-08 19:41:02,006 [ERROR] LogOutputStream:75 - [STDERR_REDIRECT] 
2026-04-08 19:41:03,002 [ERROR] LogOutputStream:75 - [STDERR_REDIRECT] [Fatal Error] :1:1: Premature end of file.
2026-04-08 19:41:03,002 [ERROR] LogOutputStream:75 - [STDERR_REDIRECT] 
2026-04-08 19:41:04,016 [ERROR] LogOutputStream:75 - [STDERR_REDIRECT] [Fatal Error] :1:1: Premature end of file.
2026-04-08 19:41:04,016 [ERROR] LogOutputStream:75 - [STDERR_REDIRECT] 
2026-04-08 19:41:05,004 [ERROR] LogOutputStream:75 - [STDERR_REDIRECT] [Fatal Error] :1:1: Premature end of file.
2026-04-08 19:41:05,004 [ERROR] LogOutputStream:75 - [STDERR_REDIRECT] 
2026-04-08 19:41:06,002 [ERROR] LogOutputStream:75 - [STDERR_REDIRECT] [Fatal Error] :1:1: Premature end of file.
2026-04-08 19:41:06,002 [ERROR] LogOutputStream:75 - [STDERR_REDIRECT] 
2026-04-08 19:41:07,008 [ERROR] LogOutputStream:75 - [STDERR_REDIRECT] [Fatal Error] :1:1: Premature end of file.
2026-04-08 19:41:07,009 [ERROR] LogOutputStream:75 - [STDERR_REDIRECT] 
2026-04-08 19:41:08,002 [ERROR] LogOutputStream:75 - [STDERR_REDIRECT] [Fatal Error] :1:1: Premature end of file.
2026-04-08 19:41:08,002 [ERROR] LogOutputStream:75 - [STDERR_REDIRECT] 
2026-04-08 19:41:09,004 [ERROR] LogOutputStream:75 - [STDERR_REDIRECT] [Fatal Error] :1:1: Premature end of file.
2026-04-08 19:41:09,005 [ERROR] LogOutputStream:75 - [STDERR_REDIRECT] 
2026-04-08 19:41:10,003 [ERROR] LogOutputStream:75 - [STDERR_REDIRECT] [Fatal Error] :1:1: Premature end of file.
2026-04-08 19:41:10,003 [ERROR] LogOutputStream:75 - [STDERR_REDIRECT] 
2026-04-08 19:41:10,993 [ERROR] LogOutputStream:75 - [STDERR_REDIRECT] [Fatal Error] :1:1: Premature end of file.
2026-04-08 19:41:10,993 [ERROR] LogOutputStream:75 - [STDERR_REDIRECT] 
2026-04-08 19:41:11,985 [ERROR] LogOutputStream:75 - [STDERR_REDIRECT] [Fatal Error] :1:1: Premature end of file.
2026-04-08 19:41:11,986 [ERROR] LogOutputStream:75 - [STDERR_REDIRECT] 
2026-04-08 19:41:13,002 [ERROR] LogOutputStream:75 - [STDERR_REDIRECT] [Fatal Error] :1:1: Premature end of file.
2026-04-08 19:41:13,002 [ERROR] LogOutputStream:75 - [STDERR_REDIRECT] 
2026-04-08 19:41:14,000 [ERROR] LogOutputStream:75 - [STDERR_REDIRECT] [Fatal Error] :1:1: Premature end of file.
2026-04-08 19:41:14,001 [ERROR] LogOutputStream:75 - [STDERR_REDIRECT] 
2026-04-08 19:41:14,985 [ERROR] LogOutputStream:75 - [STDERR_REDIRECT] [Fatal Error] :1:1: Premature end of file.
2026-04-08 19:41:14,985 [ERROR] LogOutputStream:75 - [STDERR_REDIRECT] 
2026-04-08 19:41:16,001 [ERROR] LogOutputStream:75 - [STDERR_REDIRECT] [Fatal Error] :1:1: Premature end of file.
2026-04-08 19:41:16,002 [ERROR] LogOutputStream:75 - [STDERR_REDIRECT] 
2026-04-08 19:41:17,002 [ERROR] LogOutputStream:75 - [STDERR_REDIRECT] [Fatal Error] :1:1: Premature end of file.
2026-04-08 19:41:17,002 [ERROR] LogOutputStream:75 - [STDERR_REDIRECT] 
2026-04-08 19:41:18,007 [ERROR] LogOutputStream:75 - [STDERR_REDIRECT] [Fatal Error] :1:1: Premature end of file.
2026-04-08 19:41:18,007 [ERROR] LogOutputStream:75 - [STDERR_REDIRECT] 
2026-04-08 19:41:19,000 [ERROR] LogOutputStream:75 - [STDERR_REDIRECT] [Fatal Error] :1:1: Premature end of file.
2026-04-08 19:41:19,000 [ERROR] LogOutputStream:75 - [STDERR_REDIRECT] 
2026-04-08 19:41:19,992 [ERROR] LogOutputStream:75 - [STDERR_REDIRECT] [Fatal Error] :1:1: Premature end of file.
2026-04-08 19:41:19,993 [ERROR] LogOutputStream:75 - [STDERR_REDIRECT] 
2026-04-08 19:41:21,002 [ERROR] LogOutputStream:75 - [STDERR_REDIRECT] [Fatal Error] :1:1: Premature end of file.
2026-04-08 19:41:21,002 [ERROR] LogOutputStream:75 - [STDERR_REDIRECT] 
2026-04-08 19:41:22,017 [ERROR] LogOutputStream:75 - [STDERR_REDIRECT] [Fatal Error] :1:1: Premature end of file.
2026-04-08 19:41:22,018 [ERROR] LogOutputStream:75 - [STDERR_REDIRECT] 
2026-04-08 19:41:23,003 [ERROR] LogOutputStream:75 - [STDERR_REDIRECT] [Fatal Error] :1:1: Premature end of file.
2026-04-08 19:41:23,004 [ERROR] LogOutputStream:75 - [STDERR_REDIRECT] 
2026-04-08 19:41:24,010 [ERROR] LogOutputStream:75 - [STDERR_REDIRECT] [Fatal Error] :1:1: Premature end of file.
2026-04-08 19:41:24,010 [ERROR] LogOutputStream:75 - [STDERR_REDIRECT] 
2026-04-08 19:41:24,998 [ERROR] LogOutputStream:75 - [STDERR_REDIRECT] [Fatal Error] :1:1: Premature end of file.
2026-04-08 19:41:24,998 [ERROR] LogOutputStream:75 - [STDERR_REDIRECT] 
2026-04-08 19:41:26,011 [ERROR] LogOutputStream:75 - [STDERR_REDIRECT] [Fatal Error] :1:1: Premature end of file.
2026-04-08 19:41:26,011 [ERROR] LogOutputStream:75 - [STDERR_REDIRECT] 
2026-04-08 19:41:27,008 [ERROR] LogOutputStream:75 - [STDERR_REDIRECT] [Fatal Error] :1:1: Premature end of file.
2026-04-08 19:41:27,009 [ERROR] LogOutputStream:75 - [STDERR_REDIRECT] 
2026-04-08 19:41:27,996 [ERROR] LogOutputStream:75 - [STDERR_REDIRECT] [Fatal Error] :1:1: Premature end of file.
2026-04-08 19:41:27,996 [ERROR] LogOutputStream:75 - [STDERR_REDIRECT] 
2026-04-08 19:41:29,011 [ERROR] LogOutputStream:75 - [STDERR_REDIRECT] [Fatal Error] :1:1: Premature end of file.
2026-04-08 19:41:29,011 [ERROR] LogOutputStream:75 - [STDERR_REDIRECT] 
2026-04-08 19:41:29,993 [ERROR] LogOutputStream:75 - [STDERR_REDIRECT] [Fatal Error] :1:1: Premature end of file.
2026-04-08 19:41:29,993 [ERROR] LogOutputStream:75 - [STDERR_REDIRECT] 
2026-04-08 19:41:30,989 [ERROR] LogOutputStream:75 - [STDERR_REDIRECT] [Fatal Error] :1:1: Premature end of file.
2026-04-08 19:41:30,989 [ERROR] LogOutputStream:75 - [STDERR_REDIRECT] 
2026-04-08 19:41:31,992 [ERROR] LogOutputStream:75 - [STDERR_REDIRECT] [Fatal Error] :1:1: Premature end of file.
2026-04-08 19:41:31,993 [ERROR] LogOutputStream:75 - [STDERR_REDIRECT] 
2026-04-08 19:41:33,008 [ERROR] LogOutputStream:75 - [STDERR_REDIRECT] [Fatal Error] :1:1: Premature end of file.
2026-04-08 19:41:33,008 [ERROR] LogOutputStream:75 - [STDERR_REDIRECT] 
2026-04-08 19:41:34,007 [ERROR] LogOutputStream:75 - [STDERR_REDIRECT] [Fatal Error] :1:1: Premature end of file.
2026-04-08 19:41:34,007 [ERROR] LogOutputStream:75 - [STDERR_REDIRECT] 
2026-04-08 19:41:35,002 [ERROR] LogOutputStream:75 - [STDERR_REDIRECT] [Fatal Error] :1:1: Premature end of file.
2026-04-08 19:41:35,002 [ERROR] LogOutputStream:75 - [STDERR_REDIRECT] 
2026-04-08 19:41:36,006 [ERROR] LogOutputStream:75 - [STDERR_REDIRECT] [Fatal Error] :1:1: Premature end of file.
2026-04-08 19:41:36,006 [ERROR] LogOutputStream:75 - [STDERR_REDIRECT] 
2026-04-08 19:41:37,002 [ERROR] LogOutputStream:75 - [STDERR_REDIRECT] [Fatal Error] :1:1: Premature end of file.
2026-04-08 19:41:37,003 [ERROR] LogOutputStream:75 - [STDERR_REDIRECT] 
2026-04-08 19:41:38,001 [ERROR] LogOutputStream:75 - [STDERR_REDIRECT] [Fatal Error] :1:1: Premature end of file.
2026-04-08 19:41:38,001 [ERROR] LogOutputStream:75 - [STDERR_REDIRECT] 
2026-04-08 19:41:38,995 [ERROR] LogOutputStream:75 - [STDERR_REDIRECT] [Fatal Error] :1:1: Premature end of file.
2026-04-08 19:41:38,996 [ERROR] LogOutputStream:75 - [STDERR_REDIRECT] 
2026-04-08 19:41:40,006 [ERROR] LogOutputStream:75 - [STDERR_REDIRECT] [Fatal Error] :1:1: Premature end of file.
2026-04-08 19:41:40,006 [ERROR] LogOutputStream:75 - [STDERR_REDIRECT] 
2026-04-08 19:41:41,005 [ERROR] LogOutputStream:75 - [STDERR_REDIRECT] [Fatal Error] :1:1: Premature end of file.
2026-04-08 19:41:41,005 [ERROR] LogOutputStream:75 - [STDERR_REDIRECT] 
2026-04-08 19:41:42,002 [ERROR] LogOutputStream:75 - [STDERR_REDIRECT] [Fatal Error] :1:1: Premature end of file.
2026-04-08 19:41:42,003 [ERROR] LogOutputStream:75 - [STDERR_REDIRECT] 
2026-04-08 19:41:43,004 [ERROR] LogOutputStream:75 - [STDERR_REDIRECT] [Fatal Error] :1:1: Premature end of file.
2026-04-08 19:41:43,005 [ERROR] LogOutputStream:75 - [STDERR_REDIRECT] 
2026-04-08 19:41:43,995 [ERROR] LogOutputStream:75 - [STDERR_REDIRECT] [Fatal Error] :1:1: Premature end of file.
2026-04-08 19:41:43,995 [ERROR] LogOutputStream:75 - [STDERR_REDIRECT] 
2026-04-08 19:41:45,002 [ERROR] LogOutputStream:75 - [STDERR_REDIRECT] [Fatal Error] :1:1: Premature end of file.
2026-04-08 19:41:45,002 [ERROR] LogOutputStream:75 - [STDERR_REDIRECT] 
2026-04-08 19:41:46,009 [ERROR] LogOutputStream:75 - [STDERR_REDIRECT] [Fatal Error] :1:1: Premature end of file.
2026-04-08 19:41:46,009 [ERROR] LogOutputStream:75 - [STDERR_REDIRECT] 
2026-04-08 19:41:47,008 [ERROR] LogOutputStream:75 - [STDERR_REDIRECT] [Fatal Error] :1:1: Premature end of file.
2026-04-08 19:41:47,009 [ERROR] LogOutputStream:75 - [STDERR_REDIRECT] 
2026-04-08 19:41:48,005 [ERROR] LogOutputStream:75 - [STDERR_REDIRECT] [Fatal Error] :1:1: Premature end of file.
2026-04-08 19:41:48,005 [ERROR] LogOutputStream:75 - [STDERR_REDIRECT] 
2026-04-08 19:41:49,002 [ERROR] LogOutputStream:75 - [STDERR_REDIRECT] [Fatal Error] :1:1: Premature end of file.
2026-04-08 19:41:49,002 [ERROR] LogOutputStream:75 - [STDERR_REDIRECT] 
2026-04-08 19:41:49,999 [ERROR] LogOutputStream:75 - [STDERR_REDIRECT] [Fatal Error] :1:1: Premature end of file.
2026-04-08 19:41:49,999 [ERROR] LogOutputStream:75 - [STDERR_REDIRECT] 
2026-04-08 19:41:51,002 [ERROR] LogOutputStream:75 - [STDERR_REDIRECT] [Fatal Error] :1:1: Premature end of file.
2026-04-08 19:41:51,003 [ERROR] LogOutputStream:75 - [STDERR_REDIRECT] 
2026-04-08 19:41:52,008 [ERROR] LogOutputStream:75 - [STDERR_REDIRECT] [Fatal Error] :1:1: Premature end of file.
2026-04-08 19:41:52,008 [ERROR] LogOutputStream:75 - [STDERR_REDIRECT] 
2026-04-08 19:41:53,008 [ERROR] LogOutputStream:75 - [STDERR_REDIRECT] [Fatal Error] :1:1: Premature end of file.
2026-04-08 19:41:53,008 [ERROR] LogOutputStream:75 - [STDERR_REDIRECT] 
2026-04-08 19:41:54,003 [ERROR] LogOutputStream:75 - [STDERR_REDIRECT] [Fatal Error] :1:1: Premature end of file.
2026-04-08 19:41:54,003 [ERROR] LogOutputStream:75 - [STDERR_REDIRECT] 
2026-04-08 19:41:55,008 [ERROR] LogOutputStream:75 - [STDERR_REDIRECT] [Fatal Error] :1:1: Premature end of file.
2026-04-08 19:41:55,008 [ERROR] LogOutputStream:75 - [STDERR_REDIRECT] 
2026-04-08 19:41:56,008 [ERROR] LogOutputStream:75 - [STDERR_REDIRECT] [Fatal Error] :1:1: Premature end of file.
2026-04-08 19:41:56,008 [ERROR] LogOutputStream:75 - [STDERR_REDIRECT] 
2026-04-08 19:41:57,001 [ERROR] LogOutputStream:75 - [STDERR_REDIRECT] [Fatal Error] :1:1: Premature end of file.
2026-04-08 19:41:57,001 [ERROR] LogOutputStream:75 - [STDERR_REDIRECT] 
2026-04-08 19:41:58,008 [ERROR] LogOutputStream:75 - [STDERR_REDIRECT] [Fatal Error] :1:1: Premature end of file.
2026-04-08 19:41:58,009 [ERROR] LogOutputStream:75 - [STDERR_REDIRECT] 
2026-04-08 19:41:59,007 [ERROR] LogOutputStream:75 - [STDERR_REDIRECT] [Fatal Error] :1:1: Premature end of file.
2026-04-08 19:41:59,007 [ERROR] LogOutputStream:75 - [STDERR_REDIRECT] 
2026-04-08 19:42:00,006 [ERROR] LogOutputStream:75 - [STDERR_REDIRECT] [Fatal Error] :1:1: Premature end of file.
2026-04-08 19:42:00,006 [ERROR] LogOutputStream:75 - [STDERR_REDIRECT] 
2026-04-08 19:42:01,010 [ERROR] LogOutputStream:75 - [STDERR_REDIRECT] [Fatal Error] :1:1: Premature end of file.
2026-04-08 19:42:01,010 [ERROR] LogOutputStream:75 - [STDERR_REDIRECT] 
2026-04-08 19:42:02,011 [ERROR] LogOutputStream:75 - [STDERR_REDIRECT] [Fatal Error] :1:1: Premature end of file.
2026-04-08 19:42:02,011 [ERROR] LogOutputStream:75 - [STDERR_REDIRECT] 
2026-04-08 19:42:03,012 [ERROR] LogOutputStream:75 - [STDERR_REDIRECT] [Fatal Error] :1:1: Premature end of file.
2026-04-08 19:42:03,012 [ERROR] LogOutputStream:75 - [STDERR_REDIRECT] 
2026-04-08 19:42:03,985 [ERROR] LogOutputStream:75 - [STDERR_REDIRECT] [Fatal Error] :1:1: Premature end of file.
2026-04-08 19:42:03,985 [ERROR] LogOutputStream:75 - [STDERR_REDIRECT] 
2026-04-08 19:42:05,000 [ERROR] LogOutputStream:75 - [STDERR_REDIRECT] [Fatal Error] :1:1: Premature end of file.
2026-04-08 19:42:05,001 [ERROR] LogOutputStream:75 - [STDERR_REDIRECT] 
2026-04-08 19:42:05,984 [ERROR] LogOutputStream:75 - [STDERR_REDIRECT] [Fatal Error] :1:1: Premature end of file.
2026-04-08 19:42:05,984 [ERROR] LogOutputStream:75 - [STDERR_REDIRECT] 
2026-04-08 19:42:06,986 [ERROR] LogOutputStream:75 - [STDERR_REDIRECT] [Fatal Error] :1:1: Premature end of file.
2026-04-08 19:42:06,986 [ERROR] LogOutputStream:75 - [STDERR_REDIRECT] 
2026-04-08 19:42:07,991 [ERROR] LogOutputStream:75 - [STDERR_REDIRECT] [Fatal Error] :1:1: Premature end of file.
2026-04-08 19:42:07,991 [ERROR] LogOutputStream:75 - [STDERR_REDIRECT] 
2026-04-08 19:42:09,015 [ERROR] LogOutputStream:75 - [STDERR_REDIRECT] [Fatal Error] :1:1: Premature end of file.
2026-04-08 19:42:09,015 [ERROR] LogOutputStream:75 - [STDERR_REDIRECT] 
2026-04-08 19:42:10,006 [ERROR] LogOutputStream:75 - [STDERR_REDIRECT] [Fatal Error] :1:1: Premature end of file.
2026-04-08 19:42:10,006 [ERROR] LogOutputStream:75 - [STDERR_REDIRECT] 
2026-04-08 19:42:10,997 [ERROR] LogOutputStream:75 - [STDERR_REDIRECT] [Fatal Error] :1:1: Premature end of file.
2026-04-08 19:42:10,997 [ERROR] LogOutputStream:75 - [STDERR_REDIRECT] 
2026-04-08 19:42:12,016 [ERROR] LogOutputStream:75 - [STDERR_REDIRECT] [Fatal Error] :1:1: Premature end of file.
2026-04-08 19:42:12,016 [ERROR] LogOutputStream:75 - [STDERR_REDIRECT] 
2026-04-08 19:42:13,018 [ERROR] LogOutputStream:75 - [STDERR_REDIRECT] [Fatal Error] :1:1: Premature end of file.
2026-04-08 19:42:13,018 [ERROR] LogOutputStream:75 - [STDERR_REDIRECT] 
2026-04-08 19:42:14,017 [ERROR] LogOutputStream:75 - [STDERR_REDIRECT] [Fatal Error] :1:1: Premature end of file.
2026-04-08 19:42:14,017 [ERROR] LogOutputStream:75 - [STDERR_REDIRECT] 
2026-04-08 19:42:14,996 [ERROR] LogOutputStream:75 - [STDERR_REDIRECT] [Fatal Error] :1:1: Premature end of file.
2026-04-08 19:42:14,996 [ERROR] LogOutputStream:75 - [STDERR_REDIRECT] 
2026-04-08 19:42:15,989 [ERROR] LogOutputStream:75 - [STDERR_REDIRECT] [Fatal Error] :1:1: Premature end of file.
2026-04-08 19:42:15,989 [ERROR] LogOutputStream:75 - [STDERR_REDIRECT] 
2026-04-08 19:42:17,005 [ERROR] LogOutputStream:75 - [STDERR_REDIRECT] [Fatal Error] :1:1: Premature end of file.
2026-04-08 19:42:17,005 [ERROR] LogOutputStream:75 - [STDERR_REDIRECT] 
2026-04-08 19:42:18,005 [ERROR] LogOutputStream:75 - [STDERR_REDIRECT] [Fatal Error] :1:1: Premature end of file.
2026-04-08 19:42:18,005 [ERROR] LogOutputStream:75 - [STDERR_REDIRECT] 
2026-04-08 19:42:19,062 [ERROR] LogOutputStream:75 - [STDERR_REDIRECT] [Fatal Error] :1:1: Premature end of file.
2026-04-08 19:42:19,062 [ERROR] LogOutputStream:75 - [STDERR_REDIRECT] 
2026-04-08 19:42:20,028 [ERROR] LogOutputStream:75 - [STDERR_REDIRECT] [Fatal Error] :1:1: Premature end of file.
2026-04-08 19:42:20,028 [ERROR] LogOutputStream:75 - [STDERR_REDIRECT] 
2026-04-08 19:42:21,012 [ERROR] LogOutputStream:75 - [STDERR_REDIRECT] [Fatal Error] :1:1: Premature end of file.
2026-04-08 19:42:21,012 [ERROR] LogOutputStream:75 - [STDERR_REDIRECT] 
2026-04-08 19:42:22,024 [ERROR] LogOutputStream:75 - [STDERR_REDIRECT] [Fatal Error] :1:1: Premature end of file.
2026-04-08 19:42:22,025 [ERROR] LogOutputStream:75 - [STDERR_REDIRECT] 
2026-04-08 19:42:23,026 [ERROR] LogOutputStream:75 - [STDERR_REDIRECT] [Fatal Error] :1:1: Premature end of file.
2026-04-08 19:42:23,026 [ERROR] LogOutputStream:75 - [STDERR_REDIRECT] 
2026-04-08 19:42:24,007 [ERROR] LogOutputStream:75 - [STDERR_REDIRECT] [Fatal Error] :1:1: Premature end of file.
2026-04-08 19:42:24,007 [ERROR] LogOutputStream:75 - [STDERR_REDIRECT] 
2026-04-08 19:42:25,014 [ERROR] LogOutputStream:75 - [STDERR_REDIRECT] [Fatal Error] :1:1: Premature end of file.
2026-04-08 19:42:25,014 [ERROR] LogOutputStream:75 - [STDERR_REDIRECT] 
2026-04-08 19:42:26,016 [ERROR] LogOutputStream:75 - [STDERR_REDIRECT] [Fatal Error] :1:1: Premature end of file.
2026-04-08 19:42:26,017 [ERROR] LogOutputStream:75 - [STDERR_REDIRECT] 
2026-04-08 19:42:27,029 [ERROR] LogOutputStream:75 - [STDERR_REDIRECT] [Fatal Error] :1:1: Premature end of file.
2026-04-08 19:42:27,030 [ERROR] LogOutputStream:75 - [STDERR_REDIRECT] 
2026-04-08 19:42:27,996 [ERROR] LogOutputStream:75 - [STDERR_REDIRECT] [Fatal Error] :1:1: Premature end of file.
2026-04-08 19:42:27,996 [ERROR] LogOutputStream:75 - [STDERR_REDIRECT] 
2026-04-08 19:42:29,015 [ERROR] LogOutputStream:75 - [STDERR_REDIRECT] [Fatal Error] :1:1: Premature end of file.
2026-04-08 19:42:29,016 [ERROR] LogOutputStream:75 - [STDERR_REDIRECT] 
2026-04-08 19:42:30,015 [ERROR] LogOutputStream:75 - [STDERR_REDIRECT] [Fatal Error] :1:1: Premature end of file.
2026-04-08 19:42:30,016 [ERROR] LogOutputStream:75 - [STDERR_REDIRECT] 
2026-04-08 19:42:31,026 [ERROR] LogOutputStream:75 - [STDERR_REDIRECT] [Fatal Error] :1:1: Premature end of file.
2026-04-08 19:42:31,027 [ERROR] LogOutputStream:75 - [STDERR_REDIRECT] 
2026-04-08 19:42:32,010 [ERROR] LogOutputStream:75 - [STDERR_REDIRECT] [Fatal Error] :1:1: Premature end of file.
2026-04-08 19:42:32,010 [ERROR] LogOutputStream:75 - [STDERR_REDIRECT] 
2026-04-08 19:42:33,010 [ERROR] LogOutputStream:75 - [STDERR_REDIRECT] [Fatal Error] :1:1: Premature end of file.
2026-04-08 19:42:33,011 [ERROR] LogOutputStream:75 - [STDERR_REDIRECT] 
2026-04-08 19:42:34,003 [ERROR] LogOutputStream:75 - [STDERR_REDIRECT] [Fatal Error] :1:1: Premature end of file.
2026-04-08 19:42:34,003 [ERROR] LogOutputStream:75 - [STDERR_REDIRECT] 
2026-04-08 19:42:35,018 [ERROR] LogOutputStream:75 - [STDERR_REDIRECT] [Fatal Error] :1:1: Premature end of file.
2026-04-08 19:42:35,019 [ERROR] LogOutputStream:75 - [STDERR_REDIRECT] 
2026-04-08 19:42:36,029 [ERROR] LogOutputStream:75 - [STDERR_REDIRECT] [Fatal Error] :1:1: Premature end of file.
2026-04-08 19:42:36,029 [ERROR] LogOutputStream:75 - [STDERR_REDIRECT] 
2026-04-08 19:42:37,038 [ERROR] LogOutputStream:75 - [STDERR_REDIRECT] [Fatal Error] :1:1: Premature end of file.
2026-04-08 19:42:37,038 [ERROR] LogOutputStream:75 - [STDERR_REDIRECT] 
2026-04-08 19:42:38,023 [ERROR] LogOutputStream:75 - [STDERR_REDIRECT] [Fatal Error] :1:1: Premature end of file.
2026-04-08 19:42:38,024 [ERROR] LogOutputStream:75 - [STDERR_REDIRECT] 
2026-04-08 19:42:38,999 [ERROR] LogOutputStream:75 - [STDERR_REDIRECT] [Fatal Error] :1:1: Premature end of file.
2026-04-08 19:42:38,999 [ERROR] LogOutputStream:75 - [STDERR_REDIRECT] 
2026-04-08 19:42:40,010 [ERROR] LogOutputStream:75 - [STDERR_REDIRECT] [Fatal Error] :1:1: Premature end of file.
2026-04-08 19:42:40,011 [ERROR] LogOutputStream:75 - [STDERR_REDIRECT] 
2026-04-08 19:42:41,027 [ERROR] LogOutputStream:75 - [STDERR_REDIRECT] [Fatal Error] :1:1: Premature end of file.
2026-04-08 19:42:41,028 [ERROR] LogOutputStream:75 - [STDERR_REDIRECT] 
2026-04-08 19:42:41,998 [ERROR] LogOutputStream:75 - [STDERR_REDIRECT] [Fatal Error] :1:1: Premature end of file.
2026-04-08 19:42:41,998 [ERROR] LogOutputStream:75 - [STDERR_REDIRECT] 
2026-04-08 19:42:43,041 [ERROR] LogOutputStream:75 - [STDERR_REDIRECT] [Fatal Error] :1:1: Premature end of file.
2026-04-08 19:42:43,041 [ERROR] LogOutputStream:75 - [STDERR_REDIRECT] 
2026-04-08 19:42:44,034 [ERROR] LogOutputStream:75 - [STDERR_REDIRECT] [Fatal Error] :1:1: Premature end of file.
2026-04-08 19:42:44,034 [ERROR] LogOutputStream:75 - [STDERR_REDIRECT] 
2026-04-08 19:42:45,015 [ERROR] LogOutputStream:75 - [STDERR_REDIRECT] [Fatal Error] :1:1: Premature end of file.
2026-04-08 19:42:45,015 [ERROR] LogOutputStream:75 - [STDERR_REDIRECT] 
2026-04-08 19:42:46,012 [ERROR] LogOutputStream:75 - [STDERR_REDIRECT] [Fatal Error] :1:1: Premature end of file.
2026-04-08 19:42:46,012 [ERROR] LogOutputStream:75 - [STDERR_REDIRECT] 
2026-04-08 19:42:47,013 [ERROR] LogOutputStream:75 - [STDERR_REDIRECT] [Fatal Error] :1:1: Premature end of file.
2026-04-08 19:42:47,013 [ERROR] LogOutputStream:75 - [STDERR_REDIRECT] 
2026-04-08 19:42:48,015 [ERROR] LogOutputStream:75 - [STDERR_REDIRECT] [Fatal Error] :1:1: Premature end of file.
2026-04-08 19:42:48,015 [ERROR] LogOutputStream:75 - [STDERR_REDIRECT] 
2026-04-08 19:42:49,010 [ERROR] LogOutputStream:75 - [STDERR_REDIRECT] [Fatal Error] :1:1: Premature end of file.
2026-04-08 19:42:49,010 [ERROR] LogOutputStream:75 - [STDERR_REDIRECT] 
2026-04-08 19:42:50,007 [ERROR] LogOutputStream:75 - [STDERR_REDIRECT] [Fatal Error] :1:1: Premature end of file.
2026-04-08 19:42:50,007 [ERROR] LogOutputStream:75 - [STDERR_REDIRECT] 
2026-04-08 19:42:50,999 [ERROR] LogOutputStream:75 - [STDERR_REDIRECT] [Fatal Error] :1:1: Premature end of file.
2026-04-08 19:42:50,999 [ERROR] LogOutputStream:75 - [STDERR_REDIRECT] 
2026-04-08 19:42:52,007 [ERROR] LogOutputStream:75 - [STDERR_REDIRECT] [Fatal Error] :1:1: Premature end of file.
2026-04-08 19:42:52,007 [ERROR] LogOutputStream:75 - [STDERR_REDIRECT] 
2026-04-08 19:42:52,995 [ERROR] LogOutputStream:75 - [STDERR_REDIRECT] [Fatal Error] :1:1: Premature end of file.
2026-04-08 19:42:52,995 [ERROR] LogOutputStream:75 - [STDERR_REDIRECT] 
2026-04-08 19:42:54,010 [ERROR] LogOutputStream:75 - [STDERR_REDIRECT] [Fatal Error] :1:1: Premature end of file.
2026-04-08 19:42:54,011 [ERROR] LogOutputStream:75 - [STDERR_REDIRECT] 
2026-04-08 19:42:55,008 [ERROR] LogOutputStream:75 - [STDERR_REDIRECT] [Fatal Error] :1:1: Premature end of file.
2026-04-08 19:42:55,009 [ERROR] LogOutputStream:75 - [STDERR_REDIRECT] 
2026-04-08 19:42:56,011 [ERROR] LogOutputStream:75 - [STDERR_REDIRECT] [Fatal Error] :1:1: Premature end of file.
2026-04-08 19:42:56,012 [ERROR] LogOutputStream:75 - [STDERR_REDIRECT] 
2026-04-08 19:42:56,998 [ERROR] LogOutputStream:75 - [STDERR_REDIRECT] [Fatal Error] :1:1: Premature end of file.
2026-04-08 19:42:56,998 [ERROR] LogOutputStream:75 - [STDERR_REDIRECT] 
2026-04-08 19:42:58,020 [ERROR] LogOutputStream:75 - [STDERR_REDIRECT] [Fatal Error] :1:1: Premature end of file.
2026-04-08 19:42:58,021 [ERROR] LogOutputStream:75 - [STDERR_REDIRECT] 
2026-04-08 19:42:59,007 [ERROR] LogOutputStream:75 - [STDERR_REDIRECT] [Fatal Error] :1:1: Premature end of file.
2026-04-08 19:42:59,007 [ERROR] LogOutputStream:75 - [STDERR_REDIRECT] 
2026-04-08 19:43:00,003 [ERROR] LogOutputStream:75 - [STDERR_REDIRECT] [Fatal Error] :1:1: Premature end of file.
2026-04-08 19:43:00,003 [ERROR] LogOutputStream:75 - [STDERR_REDIRECT] 
2026-04-08 19:43:01,006 [ERROR] LogOutputStream:75 - [STDERR_REDIRECT] [Fatal Error] :1:1: Premature end of file.
2026-04-08 19:43:01,006 [ERROR] LogOutputStream:75 - [STDERR_REDIRECT] 
2026-04-08 19:43:02,016 [ERROR] LogOutputStream:75 - [STDERR_REDIRECT] [Fatal Error] :1:1: Premature end of file.
2026-04-08 19:43:02,016 [ERROR] LogOutputStream:75 - [STDERR_REDIRECT] 
2026-04-08 19:43:03,016 [ERROR] LogOutputStream:75 - [STDERR_REDIRECT] [Fatal Error] :1:1: Premature end of file.
2026-04-08 19:43:03,017 [ERROR] LogOutputStream:75 - [STDERR_REDIRECT] 
2026-04-08 19:43:04,015 [ERROR] LogOutputStream:75 - [STDERR_REDIRECT] [Fatal Error] :1:1: Premature end of file.
2026-04-08 19:43:04,016 [ERROR] LogOutputStream:75 - [STDERR_REDIRECT] 
2026-04-08 19:43:04,982 [ERROR] LogOutputStream:75 - [STDERR_REDIRECT] [Fatal Error] :1:1: Premature end of file.
2026-04-08 19:43:04,982 [ERROR] LogOutputStream:75 - [STDERR_REDIRECT] 
2026-04-08 19:43:06,020 [ERROR] LogOutputStream:75 - [STDERR_REDIRECT] [Fatal Error] :1:1: Premature end of file.
2026-04-08 19:43:06,023 [ERROR] LogOutputStream:75 - [STDERR_REDIRECT] 
2026-04-08 19:43:07,014 [ERROR] LogOutputStream:75 - [STDERR_REDIRECT] [Fatal Error] :1:1: Premature end of file.
2026-04-08 19:43:07,014 [ERROR] LogOutputStream:75 - [STDERR_REDIRECT] 
2026-04-08 19:43:08,005 [ERROR] LogOutputStream:75 - [STDERR_REDIRECT] [Fatal Error] :1:1: Premature end of file.
2026-04-08 19:43:08,005 [ERROR] LogOutputStream:75 - [STDERR_REDIRECT] 
2026-04-08 19:43:08,995 [ERROR] LogOutputStream:75 - [STDERR_REDIRECT] [Fatal Error] :1:1: Premature end of file.
2026-04-08 19:43:08,995 [ERROR] LogOutputStream:75 - [STDERR_REDIRECT] 
2026-04-08 19:43:09,999 [ERROR] LogOutputStream:75 - [STDERR_REDIRECT] [Fatal Error] :1:1: Premature end of file.
2026-04-08 19:43:09,999 [ERROR] LogOutputStream:75 - [STDERR_REDIRECT] 
2026-04-08 19:43:10,991 [ERROR] LogOutputStream:75 - [STDERR_REDIRECT] [Fatal Error] :1:1: Premature end of file.
2026-04-08 19:43:10,991 [ERROR] LogOutputStream:75 - [STDERR_REDIRECT] 
2026-04-08 19:43:12,019 [ERROR] LogOutputStream:75 - [STDERR_REDIRECT] [Fatal Error] :1:1: Premature end of file.
2026-04-08 19:43:12,019 [ERROR] LogOutputStream:75 - [STDERR_REDIRECT] 
2026-04-08 19:43:13,127 [ERROR] LogOutputStream:75 - [STDERR_REDIRECT] [Fatal Error] :1:1: Premature end of file.
2026-04-08 19:43:13,127 [ERROR] LogOutputStream:75 - [STDERR_REDIRECT] 
2026-04-08 19:43:14,007 [ERROR] LogOutputStream:75 - [STDERR_REDIRECT] [Fatal Error] :1:1: Premature end of file.
2026-04-08 19:43:14,007 [ERROR] LogOutputStream:75 - [STDERR_REDIRECT] 
2026-04-08 19:43:15,020 [ERROR] LogOutputStream:75 - [STDERR_REDIRECT] [Fatal Error] :1:1: Premature end of file.
2026-04-08 19:43:15,021 [ERROR] LogOutputStream:75 - [STDERR_REDIRECT] 
2026-04-08 19:43:16,010 [ERROR] LogOutputStream:75 - [STDERR_REDIRECT] [Fatal Error] :1:1: Premature end of file.
2026-04-08 19:43:16,011 [ERROR] LogOutputStream:75 - [STDERR_REDIRECT] 
2026-04-08 19:43:17,007 [ERROR] LogOutputStream:75 - [STDERR_REDIRECT] [Fatal Error] :1:1: Premature end of file.
2026-04-08 19:43:17,007 [ERROR] LogOutputStream:75 - [STDERR_REDIRECT] 
2026-04-08 19:43:18,017 [ERROR] LogOutputStream:75 - [STDERR_REDIRECT] [Fatal Error] :1:1: Premature end of file.
2026-04-08 19:43:18,017 [ERROR] LogOutputStream:75 - [STDERR_REDIRECT] 
2026-04-08 19:43:19,010 [ERROR] LogOutputStream:75 - [STDERR_REDIRECT] [Fatal Error] :1:1: Premature end of file.
2026-04-08 19:43:19,011 [ERROR] LogOutputStream:75 - [STDERR_REDIRECT] 
2026-04-08 19:43:20,015 [ERROR] LogOutputStream:75 - [STDERR_REDIRECT] [Fatal Error] :1:1: Premature end of file.
2026-04-08 19:43:20,015 [ERROR] LogOutputStream:75 - [STDERR_REDIRECT] 
2026-04-08 19:43:21,013 [ERROR] LogOutputStream:75 - [STDERR_REDIRECT] [Fatal Error] :1:1: Premature end of file.
2026-04-08 19:43:21,013 [ERROR] LogOutputStream:75 - [STDERR_REDIRECT] 
2026-04-08 19:43:22,007 [ERROR] LogOutputStream:75 - [STDERR_REDIRECT] [Fatal Error] :1:1: Premature end of file.
2026-04-08 19:43:22,008 [ERROR] LogOutputStream:75 - [STDERR_REDIRECT] 
2026-04-08 19:43:23,019 [ERROR] LogOutputStream:75 - [STDERR_REDIRECT] [Fatal Error] :1:1: Premature end of file.
2026-04-08 19:43:23,019 [ERROR] LogOutputStream:75 - [STDERR_REDIRECT] 
2026-04-08 19:43:24,035 [ERROR] LogOutputStream:75 - [STDERR_REDIRECT] [Fatal Error] :1:1: Premature end of file.
2026-04-08 19:43:24,035 [ERROR] LogOutputStream:75 - [STDERR_REDIRECT] 
2026-04-08 19:43:25,017 [ERROR] LogOutputStream:75 - [STDERR_REDIRECT] [Fatal Error] :1:1: Premature end of file.
2026-04-08 19:43:25,018 [ERROR] LogOutputStream:75 - [STDERR_REDIRECT] 
2026-04-08 19:43:26,011 [ERROR] LogOutputStream:75 - [STDERR_REDIRECT] [Fatal Error] :1:1: Premature end of file.
2026-04-08 19:43:26,012 [ERROR] LogOutputStream:75 - [STDERR_REDIRECT] 
2026-04-08 19:43:27,015 [ERROR] LogOutputStream:75 - [STDERR_REDIRECT] [Fatal Error] :1:1: Premature end of file.
2026-04-08 19:43:27,015 [ERROR] LogOutputStream:75 - [STDERR_REDIRECT] 
2026-04-08 19:43:28,011 [ERROR] LogOutputStream:75 - [STDERR_REDIRECT] [Fatal Error] :1:1: Premature end of file.
2026-04-08 19:43:28,011 [ERROR] LogOutputStream:75 - [STDERR_REDIRECT] 
2026-04-08 19:43:29,025 [ERROR] LogOutputStream:75 - [STDERR_REDIRECT] [Fatal Error] :1:1: Premature end of file.
2026-04-08 19:43:29,025 [ERROR] LogOutputStream:75 - [STDERR_REDIRECT] 
2026-04-08 19:43:30,009 [ERROR] LogOutputStream:75 - [STDERR_REDIRECT] [Fatal Error] :1:1: Premature end of file.
2026-04-08 19:43:30,010 [ERROR] LogOutputStream:75 - [STDERR_REDIRECT] 
2026-04-08 19:43:31,004 [ERROR] LogOutputStream:75 - [STDERR_REDIRECT] [Fatal Error] :1:1: Premature end of file.
2026-04-08 19:43:31,005 [ERROR] LogOutputStream:75 - [STDERR_REDIRECT] 
2026-04-08 19:43:32,022 [ERROR] LogOutputStream:75 - [STDERR_REDIRECT] [Fatal Error] :1:1: Premature end of file.
2026-04-08 19:43:32,022 [ERROR] LogOutputStream:75 - [STDERR_REDIRECT] 
2026-04-08 19:43:33,017 [ERROR] LogOutputStream:75 - [STDERR_REDIRECT] [Fatal Error] :1:1: Premature end of file.
2026-04-08 19:43:33,017 [ERROR] LogOutputStream:75 - [STDERR_REDIRECT] 
2026-04-08 19:43:34,023 [ERROR] LogOutputStream:75 - [STDERR_REDIRECT] [Fatal Error] :1:1: Premature end of file.
2026-04-08 19:43:34,024 [ERROR] LogOutputStream:75 - [STDERR_REDIRECT] 
2026-04-08 19:43:35,008 [ERROR] LogOutputStream:75 - [STDERR_REDIRECT] [Fatal Error] :1:1: Premature end of file.
2026-04-08 19:43:35,009 [ERROR] LogOutputStream:75 - [STDERR_REDIRECT] 
2026-04-08 19:43:36,015 [ERROR] LogOutputStream:75 - [STDERR_REDIRECT] [Fatal Error] :1:1: Premature end of file.
2026-04-08 19:43:36,015 [ERROR] LogOutputStream:75 - [STDERR_REDIRECT] 
2026-04-08 19:43:37,023 [ERROR] LogOutputStream:75 - [STDERR_REDIRECT] [Fatal Error] :1:1: Premature end of file.
2026-04-08 19:43:37,024 [ERROR] LogOutputStream:75 - [STDERR_REDIRECT] 
2026-04-08 19:43:38,007 [ERROR] LogOutputStream:75 - [STDERR_REDIRECT] [Fatal Error] :1:1: Premature end of file.
2026-04-08 19:43:38,007 [ERROR] LogOutputStream:75 - [STDERR_REDIRECT] 
2026-04-08 19:43:39,011 [ERROR] LogOutputStream:75 - [STDERR_REDIRECT] [Fatal Error] :1:1: Premature end of file.
2026-04-08 19:43:39,011 [ERROR] LogOutputStream:75 - [STDERR_REDIRECT] 
2026-04-08 19:43:40,017 [ERROR] LogOutputStream:75 - [STDERR_REDIRECT] [Fatal Error] :1:1: Premature end of file.
2026-04-08 19:43:40,018 [ERROR] LogOutputStream:75 - [STDERR_REDIRECT] 
2026-04-08 19:43:41,003 [ERROR] LogOutputStream:75 - [STDERR_REDIRECT] [Fatal Error] :1:1: Premature end of file.
2026-04-08 19:43:41,004 [ERROR] LogOutputStream:75 - [STDERR_REDIRECT] 
2026-04-08 19:43:42,017 [ERROR] LogOutputStream:75 - [STDERR_REDIRECT] [Fatal Error] :1:1: Premature end of file.
2026-04-08 19:43:42,017 [ERROR] LogOutputStream:75 - [STDERR_REDIRECT] 
2026-04-08 19:43:43,182 [ERROR] LogOutputStream:75 - [STDERR_REDIRECT] [Fatal Error] :1:1: Premature end of file.
2026-04-08 19:43:43,182 [ERROR] LogOutputStream:75 - [STDERR_REDIRECT] 
2026-04-08 19:43:43,990 [ERROR] LogOutputStream:75 - [STDERR_REDIRECT] [Fatal Error] :1:1: Premature end of file.
2026-04-08 19:43:43,990 [ERROR] LogOutputStream:75 - [STDERR_REDIRECT] 
2026-04-08 19:43:45,006 [ERROR] LogOutputStream:75 - [STDERR_REDIRECT] [Fatal Error] :1:1: Premature end of file.
2026-04-08 19:43:45,007 [ERROR] LogOutputStream:75 - [STDERR_REDIRECT] 
2026-04-08 19:43:46,002 [ERROR] LogOutputStream:75 - [STDERR_REDIRECT] [Fatal Error] :1:1: Premature end of file.
2026-04-08 19:43:46,002 [ERROR] LogOutputStream:75 - [STDERR_REDIRECT] 
2026-04-08 19:43:47,015 [ERROR] LogOutputStream:75 - [STDERR_REDIRECT] [Fatal Error] :1:1: Premature end of file.
2026-04-08 19:43:47,016 [ERROR] LogOutputStream:75 - [STDERR_REDIRECT] 
2026-04-08 19:43:48,020 [ERROR] LogOutputStream:75 - [STDERR_REDIRECT] [Fatal Error] :1:1: Premature end of file.
2026-04-08 19:43:48,020 [ERROR] LogOutputStream:75 - [STDERR_REDIRECT] 
2026-04-08 19:43:49,008 [ERROR] LogOutputStream:75 - [STDERR_REDIRECT] [Fatal Error] :1:1: Premature end of file.
2026-04-08 19:43:49,008 [ERROR] LogOutputStream:75 - [STDERR_REDIRECT] 
2026-04-08 19:43:50,041 [ERROR] LogOutputStream:75 - [STDERR_REDIRECT] [Fatal Error] :1:1: Premature end of file.
2026-04-08 19:43:50,041 [ERROR] LogOutputStream:75 - [STDERR_REDIRECT] 
2026-04-08 19:43:51,018 [ERROR] LogOutputStream:75 - [STDERR_REDIRECT] [Fatal Error] :1:1: Premature end of file.
2026-04-08 19:43:51,018 [ERROR] LogOutputStream:75 - [STDERR_REDIRECT] 
2026-04-08 19:43:51,997 [ERROR] LogOutputStream:75 - [STDERR_REDIRECT] [Fatal Error] :1:1: Premature end of file.
2026-04-08 19:43:51,997 [ERROR] LogOutputStream:75 - [STDERR_REDIRECT] 
2026-04-08 19:43:53,000 [ERROR] LogOutputStream:75 - [STDERR_REDIRECT] [Fatal Error] :1:1: Premature end of file.
2026-04-08 19:43:53,001 [ERROR] LogOutputStream:75 - [STDERR_REDIRECT] 
2026-04-08 19:43:54,017 [ERROR] LogOutputStream:75 - [STDERR_REDIRECT] [Fatal Error] :1:1: Premature end of file.
2026-04-08 19:43:54,018 [ERROR] LogOutputStream:75 - [STDERR_REDIRECT] 
2026-04-08 19:43:55,014 [ERROR] LogOutputStream:75 - [STDERR_REDIRECT] [Fatal Error] :1:1: Premature end of file.
2026-04-08 19:43:55,014 [ERROR] LogOutputStream:75 - [STDERR_REDIRECT] 
2026-04-08 19:43:56,014 [ERROR] LogOutputStream:75 - [STDERR_REDIRECT] [Fatal Error] :1:1: Premature end of file.
2026-04-08 19:43:56,014 [ERROR] LogOutputStream:75 - [STDERR_REDIRECT] 
2026-04-08 19:43:57,031 [ERROR] LogOutputStream:75 - [STDERR_REDIRECT] [Fatal Error] :1:1: Premature end of file.
2026-04-08 19:43:57,033 [ERROR] LogOutputStream:75 - [STDERR_REDIRECT] 
2026-04-08 19:43:58,000 [ERROR] LogOutputStream:75 - [STDERR_REDIRECT] [Fatal Error] :1:1: Premature end of file.
2026-04-08 19:43:58,000 [ERROR] LogOutputStream:75 - [STDERR_REDIRECT] 
2026-04-08 19:43:59,025 [ERROR] LogOutputStream:75 - [STDERR_REDIRECT] [Fatal Error] :1:1: Premature end of file.
2026-04-08 19:43:59,026 [ERROR] LogOutputStream:75 - [STDERR_REDIRECT] 
2026-04-08 19:43:59,994 [ERROR] LogOutputStream:75 - [STDERR_REDIRECT] [Fatal Error] :1:1: Premature end of file.
2026-04-08 19:43:59,995 [ERROR] LogOutputStream:75 - [STDERR_REDIRECT] 
2026-04-08 19:44:01,021 [ERROR] LogOutputStream:75 - [STDERR_REDIRECT] [Fatal Error] :1:1: Premature end of file.
2026-04-08 19:44:01,021 [ERROR] LogOutputStream:75 - [STDERR_REDIRECT] 
2026-04-08 19:44:02,019 [ERROR] LogOutputStream:75 - [STDERR_REDIRECT] [Fatal Error] :1:1: Premature end of file.
2026-04-08 19:44:02,019 [ERROR] LogOutputStream:75 - [STDERR_REDIRECT] 
2026-04-08 19:44:03,010 [ERROR] LogOutputStream:75 - [STDERR_REDIRECT] [Fatal Error] :1:1: Premature end of file.
2026-04-08 19:44:03,011 [ERROR] LogOutputStream:75 - [STDERR_REDIRECT] 
2026-04-08 19:44:04,004 [ERROR] LogOutputStream:75 - [STDERR_REDIRECT] [Fatal Error] :1:1: Premature end of file.
2026-04-08 19:44:04,004 [ERROR] LogOutputStream:75 - [STDERR_REDIRECT] 
2026-04-08 19:44:05,014 [ERROR] LogOutputStream:75 - [STDERR_REDIRECT] [Fatal Error] :1:1: Premature end of file.
2026-04-08 19:44:05,014 [ERROR] LogOutputStream:75 - [STDERR_REDIRECT] 
2026-04-08 19:44:06,012 [ERROR] LogOutputStream:75 - [STDERR_REDIRECT] [Fatal Error] :1:1: Premature end of file.
2026-04-08 19:44:06,012 [ERROR] LogOutputStream:75 - [STDERR_REDIRECT] 
2026-04-08 19:44:07,064 [ERROR] LogOutputStream:75 - [STDERR_REDIRECT] [Fatal Error] :1:1: Premature end of file.
2026-04-08 19:44:07,064 [ERROR] LogOutputStream:75 - [STDERR_REDIRECT] 
2026-04-08 19:44:07,997 [ERROR] LogOutputStream:75 - [STDERR_REDIRECT] [Fatal Error] :1:1: Premature end of file.
2026-04-08 19:44:07,998 [ERROR] LogOutputStream:75 - [STDERR_REDIRECT] 
2026-04-08 19:44:09,049 [ERROR] LogOutputStream:75 - [STDERR_REDIRECT] [Fatal Error] :1:1: Premature end of file.
2026-04-08 19:44:09,050 [ERROR] LogOutputStream:75 - [STDERR_REDIRECT] 
2026-04-08 19:44:10,029 [ERROR] LogOutputStream:75 - [STDERR_REDIRECT] [Fatal Error] :1:1: Premature end of file.
2026-04-08 19:44:10,031 [ERROR] LogOutputStream:75 - [STDERR_REDIRECT] 
2026-04-08 19:44:11,022 [ERROR] LogOutputStream:75 - [STDERR_REDIRECT] [Fatal Error] :1:1: Premature end of file.
2026-04-08 19:44:11,022 [ERROR] LogOutputStream:75 - [STDERR_REDIRECT] 
2026-04-08 19:44:12,014 [ERROR] LogOutputStream:75 - [STDERR_REDIRECT] [Fatal Error] :1:1: Premature end of file.
2026-04-08 19:44:12,015 [ERROR] LogOutputStream:75 - [STDERR_REDIRECT] 
2026-04-08 19:44:13,018 [ERROR] LogOutputStream:75 - [STDERR_REDIRECT] [Fatal Error] :1:1: Premature end of file.
2026-04-08 19:44:13,019 [ERROR] LogOutputStream:75 - [STDERR_REDIRECT] 
2026-04-08 19:44:13,994 [ERROR] LogOutputStream:75 - [STDERR_REDIRECT] [Fatal Error] :1:1: Premature end of file.
2026-04-08 19:44:13,995 [ERROR] LogOutputStream:75 - [STDERR_REDIRECT] 
2026-04-08 19:44:14,997 [ERROR] LogOutputStream:75 - [STDERR_REDIRECT] [Fatal Error] :1:1: Premature end of file.
2026-04-08 19:44:14,998 [ERROR] LogOutputStream:75 - [STDERR_REDIRECT] 
2026-04-08 19:44:16,013 [ERROR] LogOutputStream:75 - [STDERR_REDIRECT] [Fatal Error] :1:1: Premature end of file.
2026-04-08 19:44:16,014 [ERROR] LogOutputStream:75 - [STDERR_REDIRECT] 
2026-04-08 19:44:17,016 [ERROR] LogOutputStream:75 - [STDERR_REDIRECT] [Fatal Error] :1:1: Premature end of file.
2026-04-08 19:44:17,017 [ERROR] LogOutputStream:75 - [STDERR_REDIRECT] 
2026-04-08 19:44:18,011 [ERROR] LogOutputStream:75 - [STDERR_REDIRECT] [Fatal Error] :1:1: Premature end of file.
2026-04-08 19:44:18,011 [ERROR] LogOutputStream:75 - [STDERR_REDIRECT] 
2026-04-08 19:44:19,015 [ERROR] LogOutputStream:75 - [STDERR_REDIRECT] [Fatal Error] :1:1: Premature end of file.
2026-04-08 19:44:19,015 [ERROR] LogOutputStream:75 - [STDERR_REDIRECT] 
2026-04-08 19:44:20,019 [ERROR] LogOutputStream:75 - [STDERR_REDIRECT] [Fatal Error] :1:1: Premature end of file.
2026-04-08 19:44:20,020 [ERROR] LogOutputStream:75 - [STDERR_REDIRECT] 
2026-04-08 19:44:21,006 [ERROR] LogOutputStream:75 - [STDERR_REDIRECT] [Fatal Error] :1:1: Premature end of file.
2026-04-08 19:44:21,006 [ERROR] LogOutputStream:75 - [STDERR_REDIRECT] 
2026-04-08 19:44:22,004 [ERROR] LogOutputStream:75 - [STDERR_REDIRECT] [Fatal Error] :1:1: Premature end of file.
2026-04-08 19:44:22,004 [ERROR] LogOutputStream:75 - [STDERR_REDIRECT] 
2026-04-08 19:44:23,019 [ERROR] LogOutputStream:75 - [STDERR_REDIRECT] [Fatal Error] :1:1: Premature end of file.
2026-04-08 19:44:23,019 [ERROR] LogOutputStream:75 - [STDERR_REDIRECT] 
2026-04-08 19:44:23,989 [ERROR] LogOutputStream:75 - [STDERR_REDIRECT] [Fatal Error] :1:1: Premature end of file.
2026-04-08 19:44:23,989 [ERROR] LogOutputStream:75 - [STDERR_REDIRECT] 
2026-04-08 19:44:24,998 [ERROR] LogOutputStream:75 - [STDERR_REDIRECT] [Fatal Error] :1:1: Premature end of file.
2026-04-08 19:44:24,999 [ERROR] LogOutputStream:75 - [STDERR_REDIRECT] 
2026-04-08 19:44:25,980 [ERROR] LogOutputStream:75 - [STDERR_REDIRECT] [Fatal Error] :1:1: Premature end of file.
2026-04-08 19:44:25,980 [ERROR] LogOutputStream:75 - [STDERR_REDIRECT] 
2026-04-08 19:44:26,994 [ERROR] LogOutputStream:75 - [STDERR_REDIRECT] [Fatal Error] :1:1: Premature end of file.
2026-04-08 19:44:26,994 [ERROR] LogOutputStream:75 - [STDERR_REDIRECT] 
2026-04-08 19:44:28,006 [ERROR] LogOutputStream:75 - [STDERR_REDIRECT] [Fatal Error] :1:1: Premature end of file.
2026-04-08 19:44:28,007 [ERROR] LogOutputStream:75 - [STDERR_REDIRECT] 
2026-04-08 19:44:29,009 [ERROR] LogOutputStream:75 - [STDERR_REDIRECT] [Fatal Error] :1:1: Premature end of file.
2026-04-08 19:44:29,009 [ERROR] LogOutputStream:75 - [STDERR_REDIRECT] 
2026-04-08 19:44:29,990 [ERROR] LogOutputStream:75 - [STDERR_REDIRECT] [Fatal Error] :1:1: Premature end of file.
2026-04-08 19:44:29,991 [ERROR] LogOutputStream:75 - [STDERR_REDIRECT] 
2026-04-08 19:44:30,986 [ERROR] LogOutputStream:75 - [STDERR_REDIRECT] [Fatal Error] :1:1: Premature end of file.
2026-04-08 19:44:30,987 [ERROR] LogOutputStream:75 - [STDERR_REDIRECT] 
2026-04-08 19:44:31,984 [ERROR] LogOutputStream:75 - [STDERR_REDIRECT] [Fatal Error] :1:1: Premature end of file.
2026-04-08 19:44:31,985 [ERROR] LogOutputStream:75 - [STDERR_REDIRECT] 
2026-04-08 19:44:32,996 [ERROR] LogOutputStream:75 - [STDERR_REDIRECT] [Fatal Error] :1:1: Premature end of file.
2026-04-08 19:44:32,996 [ERROR] LogOutputStream:75 - [STDERR_REDIRECT] 
2026-04-08 19:44:33,993 [ERROR] LogOutputStream:75 - [STDERR_REDIRECT] [Fatal Error] :1:1: Premature end of file.
2026-04-08 19:44:33,993 [ERROR] LogOutputStream:75 - [STDERR_REDIRECT] 
2026-04-08 19:44:35,004 [ERROR] LogOutputStream:75 - [STDERR_REDIRECT] [Fatal Error] :1:1: Premature end of file.
2026-04-08 19:44:35,004 [ERROR] LogOutputStream:75 - [STDERR_REDIRECT] 
2026-04-08 19:44:35,994 [ERROR] LogOutputStream:75 - [STDERR_REDIRECT] [Fatal Error] :1:1: Premature end of file.
2026-04-08 19:44:35,994 [ERROR] LogOutputStream:75 - [STDERR_REDIRECT] 
2026-04-08 19:44:37,002 [ERROR] LogOutputStream:75 - [STDERR_REDIRECT] [Fatal Error] :1:1: Premature end of file.
2026-04-08 19:44:37,002 [ERROR] LogOutputStream:75 - [STDERR_REDIRECT] 
2026-04-08 19:44:37,993 [ERROR] LogOutputStream:75 - [STDERR_REDIRECT] [Fatal Error] :1:1: Premature end of file.
2026-04-08 19:44:37,994 [ERROR] LogOutputStream:75 - [STDERR_REDIRECT] 
2026-04-08 19:44:38,995 [ERROR] LogOutputStream:75 - [STDERR_REDIRECT] [Fatal Error] :1:1: Premature end of file.
2026-04-08 19:44:38,996 [ERROR] LogOutputStream:75 - [STDERR_REDIRECT] 
2026-04-08 19:44:40,006 [ERROR] LogOutputStream:75 - [STDERR_REDIRECT] [Fatal Error] :1:1: Premature end of file.
2026-04-08 19:44:40,007 [ERROR] LogOutputStream:75 - [STDERR_REDIRECT] 
2026-04-08 19:44:41,002 [ERROR] LogOutputStream:75 - [STDERR_REDIRECT] [Fatal Error] :1:1: Premature end of file.
2026-04-08 19:44:41,002 [ERROR] LogOutputStream:75 - [STDERR_REDIRECT] 
2026-04-08 19:44:42,000 [ERROR] LogOutputStream:75 - [STDERR_REDIRECT] [Fatal Error] :1:1: Premature end of file.
2026-04-08 19:44:42,002 [ERROR] LogOutputStream:75 - [STDERR_REDIRECT] 
2026-04-08 19:44:43,008 [ERROR] LogOutputStream:75 - [STDERR_REDIRECT] [Fatal Error] :1:1: Premature end of file.
2026-04-08 19:44:43,009 [ERROR] LogOutputStream:75 - [STDERR_REDIRECT] 
2026-04-08 19:44:44,006 [ERROR] LogOutputStream:75 - [STDERR_REDIRECT] [Fatal Error] :1:1: Premature end of file.
2026-04-08 19:44:44,006 [ERROR] LogOutputStream:75 - [STDERR_REDIRECT] 
2026-04-08 19:44:45,009 [ERROR] LogOutputStream:75 - [STDERR_REDIRECT] [Fatal Error] :1:1: Premature end of file.
2026-04-08 19:44:45,009 [ERROR] LogOutputStream:75 - [STDERR_REDIRECT] 
2026-04-08 19:44:45,994 [ERROR] LogOutputStream:75 - [STDERR_REDIRECT] [Fatal Error] :1:1: Premature end of file.
2026-04-08 19:44:45,994 [ERROR] LogOutputStream:75 - [STDERR_REDIRECT] 
2026-04-08 19:44:47,005 [ERROR] LogOutputStream:75 - [STDERR_REDIRECT] [Fatal Error] :1:1: Premature end of file.
2026-04-08 19:44:47,005 [ERROR] LogOutputStream:75 - [STDERR_REDIRECT] 
2026-04-08 19:44:48,021 [ERROR] LogOutputStream:75 - [STDERR_REDIRECT] [Fatal Error] :1:1: Premature end of file.
2026-04-08 19:44:48,021 [ERROR] LogOutputStream:75 - [STDERR_REDIRECT] 
2026-04-08 19:44:48,990 [ERROR] LogOutputStream:75 - [STDERR_REDIRECT] [Fatal Error] :1:1: Premature end of file.
2026-04-08 19:44:48,990 [ERROR] LogOutputStream:75 - [STDERR_REDIRECT] 
2026-04-08 19:44:49,989 [ERROR] LogOutputStream:75 - [STDERR_REDIRECT] [Fatal Error] :1:1: Premature end of file.
2026-04-08 19:44:49,989 [ERROR] LogOutputStream:75 - [STDERR_REDIRECT] 
2026-04-08 19:44:51,000 [ERROR] LogOutputStream:75 - [STDERR_REDIRECT] [Fatal Error] :1:1: Premature end of file.
2026-04-08 19:44:51,001 [ERROR] LogOutputStream:75 - [STDERR_REDIRECT] 
2026-04-08 19:44:51,999 [ERROR] LogOutputStream:75 - [STDERR_REDIRECT] [Fatal Error] :1:1: Premature end of file.
2026-04-08 19:44:51,999 [ERROR] LogOutputStream:75 - [STDERR_REDIRECT] 
2026-04-08 19:44:53,013 [ERROR] LogOutputStream:75 - [STDERR_REDIRECT] [Fatal Error] :1:1: Premature end of file.
2026-04-08 19:44:53,013 [ERROR] LogOutputStream:75 - [STDERR_REDIRECT] 
2026-04-08 19:44:54,005 [ERROR] LogOutputStream:75 - [STDERR_REDIRECT] [Fatal Error] :1:1: Premature end of file.
2026-04-08 19:44:54,006 [ERROR] LogOutputStream:75 - [STDERR_REDIRECT] 
2026-04-08 19:44:55,008 [ERROR] LogOutputStream:75 - [STDERR_REDIRECT] [Fatal Error] :1:1: Premature end of file.
2026-04-08 19:44:55,009 [ERROR] LogOutputStream:75 - [STDERR_REDIRECT] 
2026-04-08 19:44:55,998 [ERROR] LogOutputStream:75 - [STDERR_REDIRECT] [Fatal Error] :1:1: Premature end of file.
2026-04-08 19:44:55,998 [ERROR] LogOutputStream:75 - [STDERR_REDIRECT] 
2026-04-08 19:44:57,000 [ERROR] LogOutputStream:75 - [STDERR_REDIRECT] [Fatal Error] :1:1: Premature end of file.
2026-04-08 19:44:57,002 [ERROR] LogOutputStream:75 - [STDERR_REDIRECT] 
2026-04-08 19:44:57,985 [ERROR] LogOutputStream:75 - [STDERR_REDIRECT] [Fatal Error] :1:1: Premature end of file.
2026-04-08 19:44:57,986 [ERROR] LogOutputStream:75 - [STDERR_REDIRECT] 
2026-04-08 19:44:58,997 [ERROR] LogOutputStream:75 - [STDERR_REDIRECT] [Fatal Error] :1:1: Premature end of file.
2026-04-08 19:44:58,998 [ERROR] LogOutputStream:75 - [STDERR_REDIRECT] 
2026-04-08 19:44:59,996 [ERROR] LogOutputStream:75 - [STDERR_REDIRECT] [Fatal Error] :1:1: Premature end of file.
2026-04-08 19:44:59,996 [ERROR] LogOutputStream:75 - [STDERR_REDIRECT] 
2026-04-08 19:45:01,000 [ERROR] LogOutputStream:75 - [STDERR_REDIRECT] [Fatal Error] :1:1: Premature end of file.
2026-04-08 19:45:01,000 [ERROR] LogOutputStream:75 - [STDERR_REDIRECT] 
2026-04-08 19:45:02,012 [ERROR] LogOutputStream:75 - [STDERR_REDIRECT] [Fatal Error] :1:1: Premature end of file.
2026-04-08 19:45:02,012 [ERROR] LogOutputStream:75 - [STDERR_REDIRECT] 
2026-04-08 19:45:02,996 [ERROR] LogOutputStream:75 - [STDERR_REDIRECT] [Fatal Error] :1:1: Premature end of file.
2026-04-08 19:45:02,996 [ERROR] LogOutputStream:75 - [STDERR_REDIRECT] 
2026-04-08 19:45:03,982 [ERROR] LogOutputStream:75 - [STDERR_REDIRECT] [Fatal Error] :1:1: Premature end of file.
2026-04-08 19:45:03,982 [ERROR] LogOutputStream:75 - [STDERR_REDIRECT] 
2026-04-08 19:45:04,989 [ERROR] LogOutputStream:75 - [STDERR_REDIRECT] [Fatal Error] :1:1: Premature end of file.
2026-04-08 19:45:04,990 [ERROR] LogOutputStream:75 - [STDERR_REDIRECT] 
2026-04-08 19:45:06,001 [ERROR] LogOutputStream:75 - [STDERR_REDIRECT] [Fatal Error] :1:1: Premature end of file.
2026-04-08 19:45:06,001 [ERROR] LogOutputStream:75 - [STDERR_REDIRECT] 
2026-04-08 19:45:07,002 [ERROR] LogOutputStream:75 - [STDERR_REDIRECT] [Fatal Error] :1:1: Premature end of file.
2026-04-08 19:45:07,003 [ERROR] LogOutputStream:75 - [STDERR_REDIRECT] 
2026-04-08 19:45:08,008 [ERROR] LogOutputStream:75 - [STDERR_REDIRECT] [Fatal Error] :1:1: Premature end of file.
2026-04-08 19:45:08,009 [ERROR] LogOutputStream:75 - [STDERR_REDIRECT] 
2026-04-08 19:45:09,007 [ERROR] LogOutputStream:75 - [STDERR_REDIRECT] [Fatal Error] :1:1: Premature end of file.
2026-04-08 19:45:09,008 [ERROR] LogOutputStream:75 - [STDERR_REDIRECT] 
2026-04-08 19:45:09,999 [ERROR] LogOutputStream:75 - [STDERR_REDIRECT] [Fatal Error] :1:1: Premature end of file.
2026-04-08 19:45:10,000 [ERROR] LogOutputStream:75 - [STDERR_REDIRECT] 
2026-04-08 19:45:11,003 [ERROR] LogOutputStream:75 - [STDERR_REDIRECT] [Fatal Error] :1:1: Premature end of file.
2026-04-08 19:45:11,004 [ERROR] LogOutputStream:75 - [STDERR_REDIRECT] 
2026-04-08 19:45:11,990 [ERROR] LogOutputStream:75 - [STDERR_REDIRECT] [Fatal Error] :1:1: Premature end of file.
2026-04-08 19:45:11,990 [ERROR] LogOutputStream:75 - [STDERR_REDIRECT] 
2026-04-08 19:45:12,990 [ERROR] LogOutputStream:75 - [STDERR_REDIRECT] [Fatal Error] :1:1: Premature end of file.
2026-04-08 19:45:12,991 [ERROR] LogOutputStream:75 - [STDERR_REDIRECT] 
2026-04-08 19:45:13,990 [ERROR] LogOutputStream:75 - [STDERR_REDIRECT] [Fatal Error] :1:1: Premature end of file.
2026-04-08 19:45:13,990 [ERROR] LogOutputStream:75 - [STDERR_REDIRECT] 
2026-04-08 19:45:14,988 [ERROR] LogOutputStream:75 - [STDERR_REDIRECT] [Fatal Error] :1:1: Premature end of file.
2026-04-08 19:45:14,988 [ERROR] LogOutputStream:75 - [STDERR_REDIRECT] 
2026-04-08 19:45:15,996 [ERROR] LogOutputStream:75 - [STDERR_REDIRECT] [Fatal Error] :1:1: Premature end of file.
2026-04-08 19:45:15,996 [ERROR] LogOutputStream:75 - [STDERR_REDIRECT] 
2026-04-08 19:45:17,001 [ERROR] LogOutputStream:75 - [STDERR_REDIRECT] [Fatal Error] :1:1: Premature end of file.
2026-04-08 19:45:17,002 [ERROR] LogOutputStream:75 - [STDERR_REDIRECT] 
2026-04-08 19:45:17,983 [ERROR] LogOutputStream:75 - [STDERR_REDIRECT] [Fatal Error] :1:1: Premature end of file.
2026-04-08 19:45:17,984 [ERROR] LogOutputStream:75 - [STDERR_REDIRECT] 
2026-04-08 19:45:19,005 [ERROR] LogOutputStream:75 - [STDERR_REDIRECT] [Fatal Error] :1:1: Premature end of file.
2026-04-08 19:45:19,006 [ERROR] LogOutputStream:75 - [STDERR_REDIRECT] 
2026-04-08 19:45:19,997 [ERROR] LogOutputStream:75 - [STDERR_REDIRECT] [Fatal Error] :1:1: Premature end of file.
2026-04-08 19:45:19,998 [ERROR] LogOutputStream:75 - [STDERR_REDIRECT] 
2026-04-08 19:45:21,001 [ERROR] LogOutputStream:75 - [STDERR_REDIRECT] [Fatal Error] :1:1: Premature end of file.
2026-04-08 19:45:21,002 [ERROR] LogOutputStream:75 - [STDERR_REDIRECT] 
2026-04-08 19:45:22,004 [ERROR] LogOutputStream:75 - [STDERR_REDIRECT] [Fatal Error] :1:1: Premature end of file.
2026-04-08 19:45:22,004 [ERROR] LogOutputStream:75 - [STDERR_REDIRECT] 
2026-04-08 19:45:23,002 [ERROR] LogOutputStream:75 - [STDERR_REDIRECT] [Fatal Error] :1:1: Premature end of file.
2026-04-08 19:45:23,002 [ERROR] LogOutputStream:75 - [STDERR_REDIRECT] 
2026-04-08 19:45:23,999 [ERROR] LogOutputStream:75 - [STDERR_REDIRECT] [Fatal Error] :1:1: Premature end of file.
2026-04-08 19:45:23,999 [ERROR] LogOutputStream:75 - [STDERR_REDIRECT] 
2026-04-08 19:45:25,005 [ERROR] LogOutputStream:75 - [STDERR_REDIRECT] [Fatal Error] :1:1: Premature end of file.
2026-04-08 19:45:25,006 [ERROR] LogOutputStream:75 - [STDERR_REDIRECT] 
2026-04-08 19:45:26,011 [ERROR] LogOutputStream:75 - [STDERR_REDIRECT] [Fatal Error] :1:1: Premature end of file.
2026-04-08 19:45:26,011 [ERROR] LogOutputStream:75 - [STDERR_REDIRECT] 
2026-04-08 19:45:27,005 [ERROR] LogOutputStream:75 - [STDERR_REDIRECT] [Fatal Error] :1:1: Premature end of file.
2026-04-08 19:45:27,005 [ERROR] LogOutputStream:75 - [STDERR_REDIRECT] 
2026-04-08 19:45:27,988 [ERROR] LogOutputStream:75 - [STDERR_REDIRECT] [Fatal Error] :1:1: Premature end of file.
2026-04-08 19:45:27,988 [ERROR] LogOutputStream:75 - [STDERR_REDIRECT] 
2026-04-08 19:45:29,007 [ERROR] LogOutputStream:75 - [STDERR_REDIRECT] [Fatal Error] :1:1: Premature end of file.
2026-04-08 19:45:29,008 [ERROR] LogOutputStream:75 - [STDERR_REDIRECT] 
2026-04-08 19:45:30,005 [ERROR] LogOutputStream:75 - [STDERR_REDIRECT] [Fatal Error] :1:1: Premature end of file.
2026-04-08 19:45:30,005 [ERROR] LogOutputStream:75 - [STDERR_REDIRECT] 
2026-04-08 19:45:31,012 [ERROR] LogOutputStream:75 - [STDERR_REDIRECT] [Fatal Error] :1:1: Premature end of file.
2026-04-08 19:45:31,013 [ERROR] LogOutputStream:75 - [STDERR_REDIRECT] 
2026-04-08 19:45:32,018 [ERROR] LogOutputStream:75 - [STDERR_REDIRECT] [Fatal Error] :1:1: Premature end of file.
2026-04-08 19:45:32,018 [ERROR] LogOutputStream:75 - [STDERR_REDIRECT] 
2026-04-08 19:45:33,020 [ERROR] LogOutputStream:75 - [STDERR_REDIRECT] [Fatal Error] :1:1: Premature end of file.
2026-04-08 19:45:33,020 [ERROR] LogOutputStream:75 - [STDERR_REDIRECT] 
2026-04-08 19:45:34,011 [ERROR] LogOutputStream:75 - [STDERR_REDIRECT] [Fatal Error] :1:1: Premature end of file.
2026-04-08 19:45:34,011 [ERROR] LogOutputStream:75 - [STDERR_REDIRECT] 
2026-04-08 19:45:35,010 [ERROR] LogOutputStream:75 - [STDERR_REDIRECT] [Fatal Error] :1:1: Premature end of file.
2026-04-08 19:45:35,010 [ERROR] LogOutputStream:75 - [STDERR_REDIRECT] 
2026-04-08 19:45:36,028 [ERROR] LogOutputStream:75 - [STDERR_REDIRECT] [Fatal Error] :1:1: Premature end of file.
2026-04-08 19:45:36,028 [ERROR] LogOutputStream:75 - [STDERR_REDIRECT] 
2026-04-08 19:45:37,003 [ERROR] LogOutputStream:75 - [STDERR_REDIRECT] [Fatal Error] :1:1: Premature end of file.
2026-04-08 19:45:37,004 [ERROR] LogOutputStream:75 - [STDERR_REDIRECT] 
2026-04-08 19:45:38,009 [ERROR] LogOutputStream:75 - [STDERR_REDIRECT] [Fatal Error] :1:1: Premature end of file.
2026-04-08 19:45:38,009 [ERROR] LogOutputStream:75 - [STDERR_REDIRECT] 
2026-04-08 19:45:38,993 [ERROR] LogOutputStream:75 - [STDERR_REDIRECT] [Fatal Error] :1:1: Premature end of file.
2026-04-08 19:45:38,993 [ERROR] LogOutputStream:75 - [STDERR_REDIRECT] 
2026-04-08 19:45:39,998 [ERROR] LogOutputStream:75 - [STDERR_REDIRECT] [Fatal Error] :1:1: Premature end of file.
2026-04-08 19:45:39,998 [ERROR] LogOutputStream:75 - [STDERR_REDIRECT] 
2026-04-08 19:45:41,011 [ERROR] LogOutputStream:75 - [STDERR_REDIRECT] [Fatal Error] :1:1: Premature end of file.
2026-04-08 19:45:41,012 [ERROR] LogOutputStream:75 - [STDERR_REDIRECT] 
2026-04-08 19:45:42,011 [ERROR] LogOutputStream:75 - [STDERR_REDIRECT] [Fatal Error] :1:1: Premature end of file.
2026-04-08 19:45:42,012 [ERROR] LogOutputStream:75 - [STDERR_REDIRECT] 
2026-04-08 19:45:43,003 [ERROR] LogOutputStream:75 - [STDERR_REDIRECT] [Fatal Error] :1:1: Premature end of file.
2026-04-08 19:45:43,004 [ERROR] LogOutputStream:75 - [STDERR_REDIRECT] 
2026-04-08 19:45:43,987 [ERROR] LogOutputStream:75 - [STDERR_REDIRECT] [Fatal Error] :1:1: Premature end of file.
2026-04-08 19:45:43,988 [ERROR] LogOutputStream:75 - [STDERR_REDIRECT] 
2026-04-08 19:45:45,051 [ERROR] LogOutputStream:75 - [STDERR_REDIRECT] [Fatal Error] :1:1: Premature end of file.
2026-04-08 19:45:45,052 [ERROR] LogOutputStream:75 - [STDERR_REDIRECT] 
2026-04-08 19:45:46,008 [ERROR] LogOutputStream:75 - [STDERR_REDIRECT] [Fatal Error] :1:1: Premature end of file.
2026-04-08 19:45:46,009 [ERROR] LogOutputStream:75 - [STDERR_REDIRECT] 
2026-04-08 19:45:47,011 [ERROR] LogOutputStream:75 - [STDERR_REDIRECT] [Fatal Error] :1:1: Premature end of file.
2026-04-08 19:45:47,011 [ERROR] LogOutputStream:75 - [STDERR_REDIRECT] 
2026-04-08 19:45:48,011 [ERROR] LogOutputStream:75 - [STDERR_REDIRECT] [Fatal Error] :1:1: Premature end of file.
2026-04-08 19:45:48,011 [ERROR] LogOutputStream:75 - [STDERR_REDIRECT] 
2026-04-08 19:45:49,012 [ERROR] LogOutputStream:75 - [STDERR_REDIRECT] [Fatal Error] :1:1: Premature end of file.
2026-04-08 19:45:49,012 [ERROR] LogOutputStream:75 - [STDERR_REDIRECT] 
2026-04-08 19:45:50,014 [ERROR] LogOutputStream:75 - [STDERR_REDIRECT] [Fatal Error] :1:1: Premature end of file.
2026-04-08 19:45:50,015 [ERROR] LogOutputStream:75 - [STDERR_REDIRECT] 
2026-04-08 19:45:51,009 [ERROR] LogOutputStream:75 - [STDERR_REDIRECT] [Fatal Error] :1:1: Premature end of file.
2026-04-08 19:45:51,009 [ERROR] LogOutputStream:75 - [STDERR_REDIRECT] 
2026-04-08 19:45:52,000 [ERROR] LogOutputStream:75 - [STDERR_REDIRECT] [Fatal Error] :1:1: Premature end of file.
2026-04-08 19:45:52,000 [ERROR] LogOutputStream:75 - [STDERR_REDIRECT] 
2026-04-08 19:45:53,008 [ERROR] LogOutputStream:75 - [STDERR_REDIRECT] [Fatal Error] :1:1: Premature end of file.
2026-04-08 19:45:53,009 [ERROR] LogOutputStream:75 - [STDERR_REDIRECT] 
2026-04-08 19:45:54,073 [ERROR] LogOutputStream:75 - [STDERR_REDIRECT] [Fatal Error] :1:1: Premature end of file.
2026-04-08 19:45:54,073 [ERROR] LogOutputStream:75 - [STDERR_REDIRECT] 
2026-04-08 19:45:54,991 [ERROR] LogOutputStream:75 - [STDERR_REDIRECT] [Fatal Error] :1:1: Premature end of file.
2026-04-08 19:45:54,992 [ERROR] LogOutputStream:75 - [STDERR_REDIRECT] 
2026-04-08 19:45:55,989 [ERROR] LogOutputStream:75 - [STDERR_REDIRECT] [Fatal Error] :1:1: Premature end of file.
2026-04-08 19:45:55,990 [ERROR] LogOutputStream:75 - [STDERR_REDIRECT] 
2026-04-08 19:45:56,992 [ERROR] LogOutputStream:75 - [STDERR_REDIRECT] [Fatal Error] :1:1: Premature end of file.
2026-04-08 19:45:56,993 [ERROR] LogOutputStream:75 - [STDERR_REDIRECT] 
2026-04-08 19:45:57,993 [ERROR] LogOutputStream:75 - [STDERR_REDIRECT] [Fatal Error] :1:1: Premature end of file.
2026-04-08 19:45:57,993 [ERROR] LogOutputStream:75 - [STDERR_REDIRECT] 
2026-04-08 19:45:58,991 [ERROR] LogOutputStream:75 - [STDERR_REDIRECT] [Fatal Error] :1:1: Premature end of file.
2026-04-08 19:45:58,992 [ERROR] LogOutputStream:75 - [STDERR_REDIRECT] 
2026-04-08 19:46:00,003 [ERROR] LogOutputStream:75 - [STDERR_REDIRECT] [Fatal Error] :1:1: Premature end of file.
2026-04-08 19:46:00,003 [ERROR] LogOutputStream:75 - [STDERR_REDIRECT] 
2026-04-08 19:46:01,009 [ERROR] LogOutputStream:75 - [STDERR_REDIRECT] [Fatal Error] :1:1: Premature end of file.
2026-04-08 19:46:01,009 [ERROR] LogOutputStream:75 - [STDERR_REDIRECT] 
2026-04-08 19:46:01,986 [ERROR] LogOutputStream:75 - [STDERR_REDIRECT] [Fatal Error] :1:1: Premature end of file.
2026-04-08 19:46:01,986 [ERROR] LogOutputStream:75 - [STDERR_REDIRECT] 
2026-04-08 19:46:02,987 [ERROR] LogOutputStream:75 - [STDERR_REDIRECT] [Fatal Error] :1:1: Premature end of file.
2026-04-08 19:46:02,988 [ERROR] LogOutputStream:75 - [STDERR_REDIRECT] 
2026-04-08 19:46:03,982 [ERROR] LogOutputStream:75 - [STDERR_REDIRECT] [Fatal Error] :1:1: Premature end of file.
2026-04-08 19:46:03,982 [ERROR] LogOutputStream:75 - [STDERR_REDIRECT] 
2026-04-08 19:46:04,991 [ERROR] LogOutputStream:75 - [STDERR_REDIRECT] [Fatal Error] :1:1: Premature end of file.
2026-04-08 19:46:04,991 [ERROR] LogOutputStream:75 - [STDERR_REDIRECT] 
2026-04-08 19:46:06,004 [ERROR] LogOutputStream:75 - [STDERR_REDIRECT] [Fatal Error] :1:1: Premature end of file.
2026-04-08 19:46:06,005 [ERROR] LogOutputStream:75 - [STDERR_REDIRECT] 
2026-04-08 19:46:07,003 [ERROR] LogOutputStream:75 - [STDERR_REDIRECT] [Fatal Error] :1:1: Premature end of file.
2026-04-08 19:46:07,004 [ERROR] LogOutputStream:75 - [STDERR_REDIRECT] 
2026-04-08 19:46:08,022 [ERROR] LogOutputStream:75 - [STDERR_REDIRECT] [Fatal Error] :1:1: Premature end of file.
2026-04-08 19:46:08,023 [ERROR] LogOutputStream:75 - [STDERR_REDIRECT] 
2026-04-08 19:46:09,007 [ERROR] LogOutputStream:75 - [STDERR_REDIRECT] [Fatal Error] :1:1: Premature end of file.
2026-04-08 19:46:09,007 [ERROR] LogOutputStream:75 - [STDERR_REDIRECT] 
2026-04-08 19:46:10,009 [ERROR] LogOutputStream:75 - [STDERR_REDIRECT] [Fatal Error] :1:1: Premature end of file.
2026-04-08 19:46:10,010 [ERROR] LogOutputStream:75 - [STDERR_REDIRECT] 
2026-04-08 19:46:11,007 [ERROR] LogOutputStream:75 - [STDERR_REDIRECT] [Fatal Error] :1:1: Premature end of file.
2026-04-08 19:46:11,007 [ERROR] LogOutputStream:75 - [STDERR_REDIRECT] 
2026-04-08 19:46:11,986 [ERROR] LogOutputStream:75 - [STDERR_REDIRECT] [Fatal Error] :1:1: Premature end of file.
2026-04-08 19:46:11,986 [ERROR] LogOutputStream:75 - [STDERR_REDIRECT] 
2026-04-08 19:46:12,992 [ERROR] LogOutputStream:75 - [STDERR_REDIRECT] [Fatal Error] :1:1: Premature end of file.
2026-04-08 19:46:12,993 [ERROR] LogOutputStream:75 - [STDERR_REDIRECT] 
2026-04-08 19:46:13,999 [ERROR] LogOutputStream:75 - [STDERR_REDIRECT] [Fatal Error] :1:1: Premature end of file.
2026-04-08 19:46:14,000 [ERROR] LogOutputStream:75 - [STDERR_REDIRECT] 
2026-04-08 19:46:15,010 [ERROR] LogOutputStream:75 - [STDERR_REDIRECT] [Fatal Error] :1:1: Premature end of file.
2026-04-08 19:46:15,011 [ERROR] LogOutputStream:75 - [STDERR_REDIRECT] 
2026-04-08 19:46:16,075 [ERROR] LogOutputStream:75 - [STDERR_REDIRECT] [Fatal Error] :1:1: Premature end of file.
2026-04-08 19:46:16,076 [ERROR] LogOutputStream:75 - [STDERR_REDIRECT] 
2026-04-08 19:46:17,007 [ERROR] LogOutputStream:75 - [STDERR_REDIRECT] [Fatal Error] :1:1: Premature end of file.
2026-04-08 19:46:17,008 [ERROR] LogOutputStream:75 - [STDERR_REDIRECT] 
2026-04-08 19:46:18,031 [ERROR] LogOutputStream:75 - [STDERR_REDIRECT] [Fatal Error] :1:1: Premature end of file.
2026-04-08 19:46:18,032 [ERROR] LogOutputStream:75 - [STDERR_REDIRECT] 
2026-04-08 19:46:19,012 [ERROR] LogOutputStream:75 - [STDERR_REDIRECT] [Fatal Error] :1:1: Premature end of file.
2026-04-08 19:46:19,013 [ERROR] LogOutputStream:75 - [STDERR_REDIRECT] 
2026-04-08 19:46:20,038 [ERROR] LogOutputStream:75 - [STDERR_REDIRECT] [Fatal Error] :1:1: Premature end of file.
2026-04-08 19:46:20,039 [ERROR] LogOutputStream:75 - [STDERR_REDIRECT] 
2026-04-08 19:46:21,026 [ERROR] LogOutputStream:75 - [STDERR_REDIRECT] [Fatal Error] :1:1: Premature end of file.
2026-04-08 19:46:21,027 [ERROR] LogOutputStream:75 - [STDERR_REDIRECT] 
2026-04-08 19:46:22,025 [ERROR] LogOutputStream:75 - [STDERR_REDIRECT] [Fatal Error] :1:1: Premature end of file.
2026-04-08 19:46:22,025 [ERROR] LogOutputStream:75 - [STDERR_REDIRECT] 
2026-04-08 19:46:23,023 [ERROR] LogOutputStream:75 - [STDERR_REDIRECT] [Fatal Error] :1:1: Premature end of file.
2026-04-08 19:46:23,024 [ERROR] LogOutputStream:75 - [STDERR_REDIRECT] 
2026-04-08 19:46:24,005 [ERROR] LogOutputStream:75 - [STDERR_REDIRECT] [Fatal Error] :1:1: Premature end of file.
2026-04-08 19:46:24,005 [ERROR] LogOutputStream:75 - [STDERR_REDIRECT] 
2026-04-08 19:46:25,013 [ERROR] LogOutputStream:75 - [STDERR_REDIRECT] [Fatal Error] :1:1: Premature end of file.
2026-04-08 19:46:25,013 [ERROR] LogOutputStream:75 - [STDERR_REDIRECT] 
2026-04-08 19:46:26,006 [ERROR] LogOutputStream:75 - [STDERR_REDIRECT] [Fatal Error] :1:1: Premature end of file.
2026-04-08 19:46:26,007 [ERROR] LogOutputStream:75 - [STDERR_REDIRECT] 
2026-04-08 19:46:26,994 [ERROR] LogOutputStream:75 - [STDERR_REDIRECT] [Fatal Error] :1:1: Premature end of file.
2026-04-08 19:46:26,994 [ERROR] LogOutputStream:75 - [STDERR_REDIRECT] 
2026-04-08 19:46:28,004 [ERROR] LogOutputStream:75 - [STDERR_REDIRECT] [Fatal Error] :1:1: Premature end of file.
2026-04-08 19:46:28,004 [ERROR] LogOutputStream:75 - [STDERR_REDIRECT] 
2026-04-08 19:46:29,011 [ERROR] LogOutputStream:75 - [STDERR_REDIRECT] [Fatal Error] :1:1: Premature end of file.
2026-04-08 19:46:29,011 [ERROR] LogOutputStream:75 - [STDERR_REDIRECT] 
2026-04-08 19:46:30,012 [ERROR] LogOutputStream:75 - [STDERR_REDIRECT] [Fatal Error] :1:1: Premature end of file.
2026-04-08 19:46:30,013 [ERROR] LogOutputStream:75 - [STDERR_REDIRECT] 
2026-04-08 19:46:31,003 [ERROR] LogOutputStream:75 - [STDERR_REDIRECT] [Fatal Error] :1:1: Premature end of file.
2026-04-08 19:46:31,004 [ERROR] LogOutputStream:75 - [STDERR_REDIRECT] 
2026-04-08 19:46:32,008 [ERROR] LogOutputStream:75 - [STDERR_REDIRECT] [Fatal Error] :1:1: Premature end of file.
2026-04-08 19:46:32,065 [ERROR] LogOutputStream:75 - [STDERR_REDIRECT] 
2026-04-08 19:46:33,016 [ERROR] LogOutputStream:75 - [STDERR_REDIRECT] [Fatal Error] :1:1: Premature end of file.
2026-04-08 19:46:33,017 [ERROR] LogOutputStream:75 - [STDERR_REDIRECT] 
2026-04-08 19:46:34,013 [ERROR] LogOutputStream:75 - [STDERR_REDIRECT] [Fatal Error] :1:1: Premature end of file.
2026-04-08 19:46:34,015 [ERROR] LogOutputStream:75 - [STDERR_REDIRECT] 
2026-04-08 19:46:35,013 [ERROR] LogOutputStream:75 - [STDERR_REDIRECT] [Fatal Error] :1:1: Premature end of file.
2026-04-08 19:46:35,014 [ERROR] LogOutputStream:75 - [STDERR_REDIRECT] 
2026-04-08 19:46:36,005 [ERROR] LogOutputStream:75 - [STDERR_REDIRECT] [Fatal Error] :1:1: Premature end of file.
2026-04-08 19:46:36,005 [ERROR] LogOutputStream:75 - [STDERR_REDIRECT] 
2026-04-08 19:46:37,007 [ERROR] LogOutputStream:75 - [STDERR_REDIRECT] [Fatal Error] :1:1: Premature end of file.
2026-04-08 19:46:37,007 [ERROR] LogOutputStream:75 - [STDERR_REDIRECT] 
2026-04-08 19:46:38,024 [ERROR] LogOutputStream:75 - [STDERR_REDIRECT] [Fatal Error] :1:1: Premature end of file.
2026-04-08 19:46:38,024 [ERROR] LogOutputStream:75 - [STDERR_REDIRECT] 
2026-04-08 19:46:39,004 [ERROR] LogOutputStream:75 - [STDERR_REDIRECT] [Fatal Error] :1:1: Premature end of file.
2026-04-08 19:46:39,004 [ERROR] LogOutputStream:75 - [STDERR_REDIRECT] 
2026-04-08 19:46:39,995 [ERROR] LogOutputStream:75 - [STDERR_REDIRECT] [Fatal Error] :1:1: Premature end of file.
2026-04-08 19:46:39,995 [ERROR] LogOutputStream:75 - [STDERR_REDIRECT] 
2026-04-08 19:46:41,035 [ERROR] LogOutputStream:75 - [STDERR_REDIRECT] [Fatal Error] :1:1: Premature end of file.
2026-04-08 19:46:41,036 [ERROR] LogOutputStream:75 - [STDERR_REDIRECT] 
2026-04-08 19:46:42,003 [ERROR] LogOutputStream:75 - [STDERR_REDIRECT] [Fatal Error] :1:1: Premature end of file.
2026-04-08 19:46:42,003 [ERROR] LogOutputStream:75 - [STDERR_REDIRECT] 
2026-04-08 19:46:43,008 [ERROR] LogOutputStream:75 - [STDERR_REDIRECT] [Fatal Error] :1:1: Premature end of file.
2026-04-08 19:46:43,009 [ERROR] LogOutputStream:75 - [STDERR_REDIRECT] 
2026-04-08 19:46:44,002 [ERROR] LogOutputStream:75 - [STDERR_REDIRECT] [Fatal Error] :1:1: Premature end of file.
2026-04-08 19:46:44,003 [ERROR] LogOutputStream:75 - [STDERR_REDIRECT] 
2026-04-08 19:46:45,009 [ERROR] LogOutputStream:75 - [STDERR_REDIRECT] [Fatal Error] :1:1: Premature end of file.
2026-04-08 19:46:45,009 [ERROR] LogOutputStream:75 - [STDERR_REDIRECT] 
2026-04-08 19:46:46,017 [ERROR] LogOutputStream:75 - [STDERR_REDIRECT] [Fatal Error] :1:1: Premature end of file.
2026-04-08 19:46:46,018 [ERROR] LogOutputStream:75 - [STDERR_REDIRECT] 
2026-04-08 19:46:47,021 [ERROR] LogOutputStream:75 - [STDERR_REDIRECT] [Fatal Error] :1:1: Premature end of file.
2026-04-08 19:46:47,022 [ERROR] LogOutputStream:75 - [STDERR_REDIRECT] 
2026-04-08 19:46:48,012 [ERROR] LogOutputStream:75 - [STDERR_REDIRECT] [Fatal Error] :1:1: Premature end of file.
2026-04-08 19:46:48,012 [ERROR] LogOutputStream:75 - [STDERR_REDIRECT] 
2026-04-08 19:46:49,004 [ERROR] LogOutputStream:75 - [STDERR_REDIRECT] [Fatal Error] :1:1: Premature end of file.
2026-04-08 19:46:49,004 [ERROR] LogOutputStream:75 - [STDERR_REDIRECT] 
2026-04-08 19:46:50,004 [ERROR] LogOutputStream:75 - [STDERR_REDIRECT] [Fatal Error] :1:1: Premature end of file.
2026-04-08 19:46:50,004 [ERROR] LogOutputStream:75 - [STDERR_REDIRECT] 
2026-04-08 19:46:51,011 [ERROR] LogOutputStream:75 - [STDERR_REDIRECT] [Fatal Error] :1:1: Premature end of file.
2026-04-08 19:46:51,012 [ERROR] LogOutputStream:75 - [STDERR_REDIRECT] 
2026-04-08 19:46:52,012 [ERROR] LogOutputStream:75 - [STDERR_REDIRECT] [Fatal Error] :1:1: Premature end of file.
2026-04-08 19:46:52,013 [ERROR] LogOutputStream:75 - [STDERR_REDIRECT] 
2026-04-08 19:46:53,015 [ERROR] LogOutputStream:75 - [STDERR_REDIRECT] [Fatal Error] :1:1: Premature end of file.
2026-04-08 19:46:53,015 [ERROR] LogOutputStream:75 - [STDERR_REDIRECT] 
2026-04-08 19:46:54,006 [ERROR] LogOutputStream:75 - [STDERR_REDIRECT] [Fatal Error] :1:1: Premature end of file.
2026-04-08 19:46:54,007 [ERROR] LogOutputStream:75 - [STDERR_REDIRECT] 
2026-04-08 19:46:55,013 [ERROR] LogOutputStream:75 - [STDERR_REDIRECT] [Fatal Error] :1:1: Premature end of file.
2026-04-08 19:46:55,014 [ERROR] LogOutputStream:75 - [STDERR_REDIRECT] 
2026-04-08 19:46:56,005 [ERROR] LogOutputStream:75 - [STDERR_REDIRECT] [Fatal Error] :1:1: Premature end of file.
2026-04-08 19:46:56,005 [ERROR] LogOutputStream:75 - [STDERR_REDIRECT] 
2026-04-08 19:46:57,004 [ERROR] LogOutputStream:75 - [STDERR_REDIRECT] [Fatal Error] :1:1: Premature end of file.
2026-04-08 19:46:57,005 [ERROR] LogOutputStream:75 - [STDERR_REDIRECT] 
2026-04-08 19:46:58,003 [ERROR] LogOutputStream:75 - [STDERR_REDIRECT] [Fatal Error] :1:1: Premature end of file.
2026-04-08 19:46:58,003 [ERROR] LogOutputStream:75 - [STDERR_REDIRECT] 
2026-04-08 19:46:59,002 [ERROR] LogOutputStream:75 - [STDERR_REDIRECT] [Fatal Error] :1:1: Premature end of file.
2026-04-08 19:46:59,002 [ERROR] LogOutputStream:75 - [STDERR_REDIRECT] 
2026-04-08 19:47:00,014 [ERROR] LogOutputStream:75 - [STDERR_REDIRECT] [Fatal Error] :1:1: Premature end of file.
2026-04-08 19:47:00,014 [ERROR] LogOutputStream:75 - [STDERR_REDIRECT] 
2026-04-08 19:47:01,004 [ERROR] LogOutputStream:75 - [STDERR_REDIRECT] [Fatal Error] :1:1: Premature end of file.
2026-04-08 19:47:01,005 [ERROR] LogOutputStream:75 - [STDERR_REDIRECT] 
2026-04-08 19:47:02,002 [ERROR] LogOutputStream:75 - [STDERR_REDIRECT] [Fatal Error] :1:1: Premature end of file.
2026-04-08 19:47:02,002 [ERROR] LogOutputStream:75 - [STDERR_REDIRECT] 
2026-04-08 19:47:03,001 [ERROR] LogOutputStream:75 - [STDERR_REDIRECT] [Fatal Error] :1:1: Premature end of file.
2026-04-08 19:47:03,001 [ERROR] LogOutputStream:75 - [STDERR_REDIRECT] 
2026-04-08 19:47:04,019 [ERROR] LogOutputStream:75 - [STDERR_REDIRECT] [Fatal Error] :1:1: Premature end of file.
2026-04-08 19:47:04,020 [ERROR] LogOutputStream:75 - [STDERR_REDIRECT] 
2026-04-08 19:47:05,020 [ERROR] LogOutputStream:75 - [STDERR_REDIRECT] [Fatal Error] :1:1: Premature end of file.
2026-04-08 19:47:05,021 [ERROR] LogOutputStream:75 - [STDERR_REDIRECT] 
2026-04-08 19:47:06,025 [ERROR] LogOutputStream:75 - [STDERR_REDIRECT] [Fatal Error] :1:1: Premature end of file.
2026-04-08 19:47:06,025 [ERROR] LogOutputStream:75 - [STDERR_REDIRECT] 
2026-04-08 19:47:07,009 [ERROR] LogOutputStream:75 - [STDERR_REDIRECT] [Fatal Error] :1:1: Premature end of file.
2026-04-08 19:47:07,009 [ERROR] LogOutputStream:75 - [STDERR_REDIRECT] 
2026-04-08 19:47:08,000 [ERROR] LogOutputStream:75 - [STDERR_REDIRECT] [Fatal Error] :1:1: Premature end of file.
2026-04-08 19:47:08,000 [ERROR] LogOutputStream:75 - [STDERR_REDIRECT] 
2026-04-08 19:47:09,010 [ERROR] LogOutputStream:75 - [STDERR_REDIRECT] [Fatal Error] :1:1: Premature end of file.
2026-04-08 19:47:09,010 [ERROR] LogOutputStream:75 - [STDERR_REDIRECT] 
2026-04-08 19:47:10,017 [ERROR] LogOutputStream:75 - [STDERR_REDIRECT] [Fatal Error] :1:1: Premature end of file.
2026-04-08 19:47:10,017 [ERROR] LogOutputStream:75 - [STDERR_REDIRECT] 
2026-04-08 19:47:11,002 [ERROR] LogOutputStream:75 - [STDERR_REDIRECT] [Fatal Error] :1:1: Premature end of file.
2026-04-08 19:47:11,003 [ERROR] LogOutputStream:75 - [STDERR_REDIRECT] 
2026-04-08 19:47:12,004 [ERROR] LogOutputStream:75 - [STDERR_REDIRECT] [Fatal Error] :1:1: Premature end of file.
2026-04-08 19:47:12,005 [ERROR] LogOutputStream:75 - [STDERR_REDIRECT] 
2026-04-08 19:47:13,009 [ERROR] LogOutputStream:75 - [STDERR_REDIRECT] [Fatal Error] :1:1: Premature end of file.
2026-04-08 19:47:13,009 [ERROR] LogOutputStream:75 - [STDERR_REDIRECT] 
2026-04-08 19:47:14,011 [ERROR] LogOutputStream:75 - [STDERR_REDIRECT] [Fatal Error] :1:1: Premature end of file.
2026-04-08 19:47:14,011 [ERROR] LogOutputStream:75 - [STDERR_REDIRECT] 
2026-04-08 19:47:15,014 [ERROR] LogOutputStream:75 - [STDERR_REDIRECT] [Fatal Error] :1:1: Premature end of file.
2026-04-08 19:47:15,014 [ERROR] LogOutputStream:75 - [STDERR_REDIRECT] 
2026-04-08 19:47:16,005 [ERROR] LogOutputStream:75 - [STDERR_REDIRECT] [Fatal Error] :1:1: Premature end of file.
2026-04-08 19:47:16,005 [ERROR] LogOutputStream:75 - [STDERR_REDIRECT] 
2026-04-08 19:47:17,011 [ERROR] LogOutputStream:75 - [STDERR_REDIRECT] [Fatal Error] :1:1: Premature end of file.
2026-04-08 19:47:17,012 [ERROR] LogOutputStream:75 - [STDERR_REDIRECT] 
2026-04-08 19:47:17,991 [ERROR] LogOutputStream:75 - [STDERR_REDIRECT] [Fatal Error] :1:1: Premature end of file.
2026-04-08 19:47:17,991 [ERROR] LogOutputStream:75 - [STDERR_REDIRECT] 
2026-04-08 19:47:19,010 [ERROR] LogOutputStream:75 - [STDERR_REDIRECT] [Fatal Error] :1:1: Premature end of file.
2026-04-08 19:47:19,010 [ERROR] LogOutputStream:75 - [STDERR_REDIRECT] 
2026-04-08 19:47:20,014 [ERROR] LogOutputStream:75 - [STDERR_REDIRECT] [Fatal Error] :1:1: Premature end of file.
2026-04-08 19:47:20,014 [ERROR] LogOutputStream:75 - [STDERR_REDIRECT] 
2026-04-08 19:47:21,009 [ERROR] LogOutputStream:75 - [STDERR_REDIRECT] [Fatal Error] :1:1: Premature end of file.
2026-04-08 19:47:21,009 [ERROR] LogOutputStream:75 - [STDERR_REDIRECT] 
2026-04-08 19:47:22,010 [ERROR] LogOutputStream:75 - [STDERR_REDIRECT] [Fatal Error] :1:1: Premature end of file.
2026-04-08 19:47:22,010 [ERROR] LogOutputStream:75 - [STDERR_REDIRECT] 
2026-04-08 19:47:23,010 [ERROR] LogOutputStream:75 - [STDERR_REDIRECT] [Fatal Error] :1:1: Premature end of file.
2026-04-08 19:47:23,010 [ERROR] LogOutputStream:75 - [STDERR_REDIRECT] 
2026-04-08 19:47:24,017 [ERROR] LogOutputStream:75 - [STDERR_REDIRECT] [Fatal Error] :1:1: Premature end of file.
2026-04-08 19:47:24,017 [ERROR] LogOutputStream:75 - [STDERR_REDIRECT] 
2026-04-08 19:47:25,002 [ERROR] LogOutputStream:75 - [STDERR_REDIRECT] [Fatal Error] :1:1: Premature end of file.
2026-04-08 19:47:25,003 [ERROR] LogOutputStream:75 - [STDERR_REDIRECT] 
2026-04-08 19:47:26,023 [ERROR] LogOutputStream:75 - [STDERR_REDIRECT] [Fatal Error] :1:1: Premature end of file.
2026-04-08 19:47:26,024 [ERROR] LogOutputStream:75 - [STDERR_REDIRECT] 
2026-04-08 19:47:27,008 [ERROR] LogOutputStream:75 - [STDERR_REDIRECT] [Fatal Error] :1:1: Premature end of file.
2026-04-08 19:47:27,009 [ERROR] LogOutputStream:75 - [STDERR_REDIRECT] 
2026-04-08 19:47:27,992 [ERROR] LogOutputStream:75 - [STDERR_REDIRECT] [Fatal Error] :1:1: Premature end of file.
2026-04-08 19:47:27,992 [ERROR] LogOutputStream:75 - [STDERR_REDIRECT] 
2026-04-08 19:47:28,993 [ERROR] LogOutputStream:75 - [STDERR_REDIRECT] [Fatal Error] :1:1: Premature end of file.
2026-04-08 19:47:28,993 [ERROR] LogOutputStream:75 - [STDERR_REDIRECT] 
2026-04-08 19:47:30,008 [ERROR] LogOutputStream:75 - [STDERR_REDIRECT] [Fatal Error] :1:1: Premature end of file.
2026-04-08 19:47:30,008 [ERROR] LogOutputStream:75 - [STDERR_REDIRECT] 
2026-04-08 19:47:30,994 [ERROR] LogOutputStream:75 - [STDERR_REDIRECT] [Fatal Error] :1:1: Premature end of file.
2026-04-08 19:47:30,995 [ERROR] LogOutputStream:75 - [STDERR_REDIRECT] 
2026-04-08 19:47:31,997 [ERROR] LogOutputStream:75 - [STDERR_REDIRECT] [Fatal Error] :1:1: Premature end of file.
2026-04-08 19:47:31,997 [ERROR] LogOutputStream:75 - [STDERR_REDIRECT] 
2026-04-08 19:47:32,994 [ERROR] LogOutputStream:75 - [STDERR_REDIRECT] [Fatal Error] :1:1: Premature end of file.
2026-04-08 19:47:32,995 [ERROR] LogOutputStream:75 - [STDERR_REDIRECT] 
2026-04-08 19:47:34,003 [ERROR] LogOutputStream:75 - [STDERR_REDIRECT] [Fatal Error] :1:1: Premature end of file.
2026-04-08 19:47:34,004 [ERROR] LogOutputStream:75 - [STDERR_REDIRECT] 
2026-04-08 19:47:35,008 [ERROR] LogOutputStream:75 - [STDERR_REDIRECT] [Fatal Error] :1:1: Premature end of file.
2026-04-08 19:47:35,008 [ERROR] LogOutputStream:75 - [STDERR_REDIRECT] 
2026-04-08 19:47:36,008 [ERROR] LogOutputStream:75 - [STDERR_REDIRECT] [Fatal Error] :1:1: Premature end of file.
2026-04-08 19:47:36,008 [ERROR] LogOutputStream:75 - [STDERR_REDIRECT] 
2026-04-08 19:47:37,002 [ERROR] LogOutputStream:75 - [STDERR_REDIRECT] [Fatal Error] :1:1: Premature end of file.
2026-04-08 19:47:37,002 [ERROR] LogOutputStream:75 - [STDERR_REDIRECT] 
2026-04-08 19:47:37,988 [ERROR] LogOutputStream:75 - [STDERR_REDIRECT] [Fatal Error] :1:1: Premature end of file.
2026-04-08 19:47:37,988 [ERROR] LogOutputStream:75 - [STDERR_REDIRECT] 
2026-04-08 19:47:38,984 [ERROR] LogOutputStream:75 - [STDERR_REDIRECT] [Fatal Error] :1:1: Premature end of file.
2026-04-08 19:47:38,985 [ERROR] LogOutputStream:75 - [STDERR_REDIRECT] 
2026-04-08 19:47:40,011 [ERROR] LogOutputStream:75 - [STDERR_REDIRECT] [Fatal Error] :1:1: Premature end of file.
2026-04-08 19:47:40,011 [ERROR] LogOutputStream:75 - [STDERR_REDIRECT] 
2026-04-08 19:47:41,022 [ERROR] LogOutputStream:75 - [STDERR_REDIRECT] [Fatal Error] :1:1: Premature end of file.
2026-04-08 19:47:41,022 [ERROR] LogOutputStream:75 - [STDERR_REDIRECT] 
2026-04-08 19:47:42,008 [ERROR] LogOutputStream:75 - [STDERR_REDIRECT] [Fatal Error] :1:1: Premature end of file.
2026-04-08 19:47:42,008 [ERROR] LogOutputStream:75 - [STDERR_REDIRECT] 
2026-04-08 19:47:43,012 [ERROR] LogOutputStream:75 - [STDERR_REDIRECT] [Fatal Error] :1:1: Premature end of file.
2026-04-08 19:47:43,012 [ERROR] LogOutputStream:75 - [STDERR_REDIRECT] 
2026-04-08 19:47:44,002 [ERROR] LogOutputStream:75 - [STDERR_REDIRECT] [Fatal Error] :1:1: Premature end of file.
2026-04-08 19:47:44,002 [ERROR] LogOutputStream:75 - [STDERR_REDIRECT] 
2026-04-08 19:47:45,009 [ERROR] LogOutputStream:75 - [STDERR_REDIRECT] [Fatal Error] :1:1: Premature end of file.
2026-04-08 19:47:45,009 [ERROR] LogOutputStream:75 - [STDERR_REDIRECT] 
2026-04-08 19:47:46,012 [ERROR] LogOutputStream:75 - [STDERR_REDIRECT] [Fatal Error] :1:1: Premature end of file.
2026-04-08 19:47:46,013 [ERROR] LogOutputStream:75 - [STDERR_REDIRECT] 
2026-04-08 19:47:47,008 [ERROR] LogOutputStream:75 - [STDERR_REDIRECT] [Fatal Error] :1:1: Premature end of file.
2026-04-08 19:47:47,009 [ERROR] LogOutputStream:75 - [STDERR_REDIRECT] 
2026-04-08 19:47:48,014 [ERROR] LogOutputStream:75 - [STDERR_REDIRECT] [Fatal Error] :1:1: Premature end of file.
2026-04-08 19:47:48,015 [ERROR] LogOutputStream:75 - [STDERR_REDIRECT] 
2026-04-08 19:47:49,003 [ERROR] LogOutputStream:75 - [STDERR_REDIRECT] [Fatal Error] :1:1: Premature end of file.
2026-04-08 19:47:49,003 [ERROR] LogOutputStream:75 - [STDERR_REDIRECT] 
2026-04-08 19:47:50,002 [ERROR] LogOutputStream:75 - [STDERR_REDIRECT] [Fatal Error] :1:1: Premature end of file.
2026-04-08 19:47:50,003 [ERROR] LogOutputStream:75 - [STDERR_REDIRECT] 
2026-04-08 19:47:51,013 [ERROR] LogOutputStream:75 - [STDERR_REDIRECT] [Fatal Error] :1:1: Premature end of file.
2026-04-08 19:47:51,014 [ERROR] LogOutputStream:75 - [STDERR_REDIRECT] 
2026-04-08 19:47:52,005 [ERROR] LogOutputStream:75 - [STDERR_REDIRECT] [Fatal Error] :1:1: Premature end of file.
2026-04-08 19:47:52,006 [ERROR] LogOutputStream:75 - [STDERR_REDIRECT] 
2026-04-08 19:47:53,015 [ERROR] LogOutputStream:75 - [STDERR_REDIRECT] [Fatal Error] :1:1: Premature end of file.
2026-04-08 19:47:53,016 [ERROR] LogOutputStream:75 - [STDERR_REDIRECT] 
2026-04-08 19:47:54,007 [ERROR] LogOutputStream:75 - [STDERR_REDIRECT] [Fatal Error] :1:1: Premature end of file.
2026-04-08 19:47:54,007 [ERROR] LogOutputStream:75 - [STDERR_REDIRECT] 
2026-04-08 19:47:55,001 [ERROR] LogOutputStream:75 - [STDERR_REDIRECT] [Fatal Error] :1:1: Premature end of file.
2026-04-08 19:47:55,002 [ERROR] LogOutputStream:75 - [STDERR_REDIRECT] 
2026-04-08 19:47:56,008 [ERROR] LogOutputStream:75 - [STDERR_REDIRECT] [Fatal Error] :1:1: Premature end of file.
2026-04-08 19:47:56,008 [ERROR] LogOutputStream:75 - [STDERR_REDIRECT] 
2026-04-08 19:47:57,014 [ERROR] LogOutputStream:75 - [STDERR_REDIRECT] [Fatal Error] :1:1: Premature end of file.
2026-04-08 19:47:57,015 [ERROR] LogOutputStream:75 - [STDERR_REDIRECT] 
2026-04-08 19:47:58,007 [ERROR] LogOutputStream:75 - [STDERR_REDIRECT] [Fatal Error] :1:1: Premature end of file.
2026-04-08 19:47:58,007 [ERROR] LogOutputStream:75 - [STDERR_REDIRECT] 
2026-04-08 19:47:59,009 [ERROR] LogOutputStream:75 - [STDERR_REDIRECT] [Fatal Error] :1:1: Premature end of file.
2026-04-08 19:47:59,009 [ERROR] LogOutputStream:75 - [STDERR_REDIRECT] 
2026-04-08 19:48:00,012 [ERROR] LogOutputStream:75 - [STDERR_REDIRECT] [Fatal Error] :1:1: Premature end of file.
2026-04-08 19:48:00,012 [ERROR] LogOutputStream:75 - [STDERR_REDIRECT] 
2026-04-08 19:48:01,014 [ERROR] LogOutputStream:75 - [STDERR_REDIRECT] [Fatal Error] :1:1: Premature end of file.
2026-04-08 19:48:01,015 [ERROR] LogOutputStream:75 - [STDERR_REDIRECT] 
2026-04-08 19:48:02,007 [ERROR] LogOutputStream:75 - [STDERR_REDIRECT] [Fatal Error] :1:1: Premature end of file.
2026-04-08 19:48:02,007 [ERROR] LogOutputStream:75 - [STDERR_REDIRECT] 
2026-04-08 19:48:03,010 [ERROR] LogOutputStream:75 - [STDERR_REDIRECT] [Fatal Error] :1:1: Premature end of file.
2026-04-08 19:48:03,013 [ERROR] LogOutputStream:75 - [STDERR_REDIRECT] 
2026-04-08 19:48:04,008 [ERROR] LogOutputStream:75 - [STDERR_REDIRECT] [Fatal Error] :1:1: Premature end of file.
2026-04-08 19:48:04,008 [ERROR] LogOutputStream:75 - [STDERR_REDIRECT] 
2026-04-08 19:48:05,002 [ERROR] LogOutputStream:75 - [STDERR_REDIRECT] [Fatal Error] :1:1: Premature end of file.
2026-04-08 19:48:05,002 [ERROR] LogOutputStream:75 - [STDERR_REDIRECT] 
2026-04-08 19:48:05,988 [ERROR] LogOutputStream:75 - [STDERR_REDIRECT] [Fatal Error] :1:1: Premature end of file.
2026-04-08 19:48:05,989 [ERROR] LogOutputStream:75 - [STDERR_REDIRECT] 
2026-04-08 19:48:07,006 [ERROR] LogOutputStream:75 - [STDERR_REDIRECT] [Fatal Error] :1:1: Premature end of file.
2026-04-08 19:48:07,006 [ERROR] LogOutputStream:75 - [STDERR_REDIRECT] 
2026-04-08 19:48:08,007 [ERROR] LogOutputStream:75 - [STDERR_REDIRECT] [Fatal Error] :1:1: Premature end of file.
2026-04-08 19:48:08,008 [ERROR] LogOutputStream:75 - [STDERR_REDIRECT] 
2026-04-08 19:48:09,009 [ERROR] LogOutputStream:75 - [STDERR_REDIRECT] [Fatal Error] :1:1: Premature end of file.
2026-04-08 19:48:09,009 [ERROR] LogOutputStream:75 - [STDERR_REDIRECT] 
2026-04-08 19:48:09,997 [ERROR] LogOutputStream:75 - [STDERR_REDIRECT] [Fatal Error] :1:1: Premature end of file.
2026-04-08 19:48:09,997 [ERROR] LogOutputStream:75 - [STDERR_REDIRECT] 
2026-04-08 19:48:11,012 [ERROR] LogOutputStream:75 - [STDERR_REDIRECT] [Fatal Error] :1:1: Premature end of file.
2026-04-08 19:48:11,012 [ERROR] LogOutputStream:75 - [STDERR_REDIRECT] 
2026-04-08 19:48:12,003 [ERROR] LogOutputStream:75 - [STDERR_REDIRECT] [Fatal Error] :1:1: Premature end of file.
2026-04-08 19:48:12,003 [ERROR] LogOutputStream:75 - [STDERR_REDIRECT] 
2026-04-08 19:48:13,004 [ERROR] LogOutputStream:75 - [STDERR_REDIRECT] [Fatal Error] :1:1: Premature end of file.
2026-04-08 19:48:13,005 [ERROR] LogOutputStream:75 - [STDERR_REDIRECT] 
2026-04-08 19:48:13,999 [ERROR] LogOutputStream:75 - [STDERR_REDIRECT] [Fatal Error] :1:1: Premature end of file.
2026-04-08 19:48:13,999 [ERROR] LogOutputStream:75 - [STDERR_REDIRECT] 
2026-04-08 19:48:15,016 [ERROR] LogOutputStream:75 - [STDERR_REDIRECT] [Fatal Error] :1:1: Premature end of file.
2026-04-08 19:48:15,017 [ERROR] LogOutputStream:75 - [STDERR_REDIRECT] 
2026-04-08 19:48:16,012 [ERROR] LogOutputStream:75 - [STDERR_REDIRECT] [Fatal Error] :1:1: Premature end of file.
2026-04-08 19:48:16,013 [ERROR] LogOutputStream:75 - [STDERR_REDIRECT] 
2026-04-08 19:48:16,999 [ERROR] LogOutputStream:75 - [STDERR_REDIRECT] [Fatal Error] :1:1: Premature end of file.
2026-04-08 19:48:16,999 [ERROR] LogOutputStream:75 - [STDERR_REDIRECT] 
2026-04-08 19:48:17,989 [ERROR] LogOutputStream:75 - [STDERR_REDIRECT] [Fatal Error] :1:1: Premature end of file.
2026-04-08 19:48:17,990 [ERROR] LogOutputStream:75 - [STDERR_REDIRECT] 
2026-04-08 19:48:19,014 [ERROR] LogOutputStream:75 - [STDERR_REDIRECT] [Fatal Error] :1:1: Premature end of file.
2026-04-08 19:48:19,015 [ERROR] LogOutputStream:75 - [STDERR_REDIRECT] 
2026-04-08 19:48:20,004 [ERROR] LogOutputStream:75 - [STDERR_REDIRECT] [Fatal Error] :1:1: Premature end of file.
2026-04-08 19:48:20,004 [ERROR] LogOutputStream:75 - [STDERR_REDIRECT] 
2026-04-08 19:48:21,017 [ERROR] LogOutputStream:75 - [STDERR_REDIRECT] [Fatal Error] :1:1: Premature end of file.
2026-04-08 19:48:21,017 [ERROR] LogOutputStream:75 - [STDERR_REDIRECT] 
2026-04-08 19:48:22,014 [ERROR] LogOutputStream:75 - [STDERR_REDIRECT] [Fatal Error] :1:1: Premature end of file.
2026-04-08 19:48:22,015 [ERROR] LogOutputStream:75 - [STDERR_REDIRECT] 
2026-04-08 19:48:22,994 [ERROR] LogOutputStream:75 - [STDERR_REDIRECT] [Fatal Error] :1:1: Premature end of file.
2026-04-08 19:48:22,995 [ERROR] LogOutputStream:75 - [STDERR_REDIRECT] 
2026-04-08 19:48:24,009 [ERROR] LogOutputStream:75 - [STDERR_REDIRECT] [Fatal Error] :1:1: Premature end of file.
2026-04-08 19:48:24,009 [ERROR] LogOutputStream:75 - [STDERR_REDIRECT] 
2026-04-08 19:48:24,997 [ERROR] LogOutputStream:75 - [STDERR_REDIRECT] [Fatal Error] :1:1: Premature end of file.
2026-04-08 19:48:24,998 [ERROR] LogOutputStream:75 - [STDERR_REDIRECT] 
2026-04-08 19:48:25,994 [ERROR] LogOutputStream:75 - [STDERR_REDIRECT] [Fatal Error] :1:1: Premature end of file.
2026-04-08 19:48:25,994 [ERROR] LogOutputStream:75 - [STDERR_REDIRECT] 
2026-04-08 19:48:26,980 [ERROR] LogOutputStream:75 - [STDERR_REDIRECT] [Fatal Error] :1:1: Premature end of file.
2026-04-08 19:48:26,980 [ERROR] LogOutputStream:75 - [STDERR_REDIRECT] 
2026-04-08 19:48:27,996 [ERROR] LogOutputStream:75 - [STDERR_REDIRECT] [Fatal Error] :1:1: Premature end of file.
2026-04-08 19:48:27,997 [ERROR] LogOutputStream:75 - [STDERR_REDIRECT] 
2026-04-08 19:48:28,992 [ERROR] LogOutputStream:75 - [STDERR_REDIRECT] [Fatal Error] :1:1: Premature end of file.
2026-04-08 19:48:28,992 [ERROR] LogOutputStream:75 - [STDERR_REDIRECT] 
2026-04-08 19:48:30,017 [ERROR] LogOutputStream:75 - [STDERR_REDIRECT] [Fatal Error] :1:1: Premature end of file.
2026-04-08 19:48:30,017 [ERROR] LogOutputStream:75 - [STDERR_REDIRECT] 
2026-04-08 19:48:30,991 [ERROR] LogOutputStream:75 - [STDERR_REDIRECT] [Fatal Error] :1:1: Premature end of file.
2026-04-08 19:48:30,992 [ERROR] LogOutputStream:75 - [STDERR_REDIRECT] 
2026-04-08 19:48:31,994 [ERROR] LogOutputStream:75 - [STDERR_REDIRECT] [Fatal Error] :1:1: Premature end of file.
2026-04-08 19:48:31,994 [ERROR] LogOutputStream:75 - [STDERR_REDIRECT] 
2026-04-08 19:48:32,995 [ERROR] LogOutputStream:75 - [STDERR_REDIRECT] [Fatal Error] :1:1: Premature end of file.
2026-04-08 19:48:32,995 [ERROR] LogOutputStream:75 - [STDERR_REDIRECT] 
2026-04-08 19:48:34,000 [ERROR] LogOutputStream:75 - [STDERR_REDIRECT] [Fatal Error] :1:1: Premature end of file.
2026-04-08 19:48:34,001 [ERROR] LogOutputStream:75 - [STDERR_REDIRECT] 
2026-04-08 19:48:35,003 [ERROR] LogOutputStream:75 - [STDERR_REDIRECT] [Fatal Error] :1:1: Premature end of file.
2026-04-08 19:48:35,003 [ERROR] LogOutputStream:75 - [STDERR_REDIRECT] 
2026-04-08 19:48:35,986 [ERROR] LogOutputStream:75 - [STDERR_REDIRECT] [Fatal Error] :1:1: Premature end of file.
2026-04-08 19:48:35,986 [ERROR] LogOutputStream:75 - [STDERR_REDIRECT] 
2026-04-08 19:48:36,999 [ERROR] LogOutputStream:75 - [STDERR_REDIRECT] [Fatal Error] :1:1: Premature end of file.
2026-04-08 19:48:36,999 [ERROR] LogOutputStream:75 - [STDERR_REDIRECT] 
2026-04-08 19:48:37,986 [ERROR] LogOutputStream:75 - [STDERR_REDIRECT] [Fatal Error] :1:1: Premature end of file.
2026-04-08 19:48:37,987 [ERROR] LogOutputStream:75 - [STDERR_REDIRECT] 
2026-04-08 19:48:38,984 [ERROR] LogOutputStream:75 - [STDERR_REDIRECT] [Fatal Error] :1:1: Premature end of file.
2026-04-08 19:48:38,984 [ERROR] LogOutputStream:75 - [STDERR_REDIRECT] 
2026-04-08 19:48:39,987 [ERROR] LogOutputStream:75 - [STDERR_REDIRECT] [Fatal Error] :1:1: Premature end of file.
2026-04-08 19:48:39,988 [ERROR] LogOutputStream:75 - [STDERR_REDIRECT] 
2026-04-08 19:48:41,022 [ERROR] LogOutputStream:75 - [STDERR_REDIRECT] [Fatal Error] :1:1: Premature end of file.
2026-04-08 19:48:41,023 [ERROR] LogOutputStream:75 - [STDERR_REDIRECT] 
2026-04-08 19:48:42,014 [ERROR] LogOutputStream:75 - [STDERR_REDIRECT] [Fatal Error] :1:1: Premature end of file.
2026-04-08 19:48:42,014 [ERROR] LogOutputStream:75 - [STDERR_REDIRECT] 
2026-04-08 19:48:43,000 [ERROR] LogOutputStream:75 - [STDERR_REDIRECT] [Fatal Error] :1:1: Premature end of file.
2026-04-08 19:48:43,000 [ERROR] LogOutputStream:75 - [STDERR_REDIRECT] 
2026-04-08 19:48:44,004 [ERROR] LogOutputStream:75 - [STDERR_REDIRECT] [Fatal Error] :1:1: Premature end of file.
2026-04-08 19:48:44,005 [ERROR] LogOutputStream:75 - [STDERR_REDIRECT] 
2026-04-08 19:48:44,991 [ERROR] LogOutputStream:75 - [STDERR_REDIRECT] [Fatal Error] :1:1: Premature end of file.
2026-04-08 19:48:44,992 [ERROR] LogOutputStream:75 - [STDERR_REDIRECT] 
2026-04-08 19:48:46,145 [ERROR] LogOutputStream:75 - [STDERR_REDIRECT] [Fatal Error] :1:1: Premature end of file.
2026-04-08 19:48:46,146 [ERROR] LogOutputStream:75 - [STDERR_REDIRECT] 
2026-04-08 19:48:47,012 [ERROR] LogOutputStream:75 - [STDERR_REDIRECT] [Fatal Error] :1:1: Premature end of file.
2026-04-08 19:48:47,012 [ERROR] LogOutputStream:75 - [STDERR_REDIRECT] 
2026-04-08 19:48:47,989 [ERROR] LogOutputStream:75 - [STDERR_REDIRECT] [Fatal Error] :1:1: Premature end of file.
2026-04-08 19:48:47,989 [ERROR] LogOutputStream:75 - [STDERR_REDIRECT] 
2026-04-08 19:48:48,998 [ERROR] LogOutputStream:75 - [STDERR_REDIRECT] [Fatal Error] :1:1: Premature end of file.
2026-04-08 19:48:48,999 [ERROR] LogOutputStream:75 - [STDERR_REDIRECT] 
2026-04-08 19:48:50,000 [ERROR] LogOutputStream:75 - [STDERR_REDIRECT] [Fatal Error] :1:1: Premature end of file.
2026-04-08 19:48:50,000 [ERROR] LogOutputStream:75 - [STDERR_REDIRECT] 
2026-04-08 19:48:51,010 [ERROR] LogOutputStream:75 - [STDERR_REDIRECT] [Fatal Error] :1:1: Premature end of file.
2026-04-08 19:48:51,011 [ERROR] LogOutputStream:75 - [STDERR_REDIRECT] 
2026-04-08 19:48:52,009 [ERROR] LogOutputStream:75 - [STDERR_REDIRECT] [Fatal Error] :1:1: Premature end of file.
2026-04-08 19:48:52,009 [ERROR] LogOutputStream:75 - [STDERR_REDIRECT] 
2026-04-08 19:48:53,008 [ERROR] LogOutputStream:75 - [STDERR_REDIRECT] [Fatal Error] :1:1: Premature end of file.
2026-04-08 19:48:53,009 [ERROR] LogOutputStream:75 - [STDERR_REDIRECT] 
2026-04-08 19:48:53,994 [ERROR] LogOutputStream:75 - [STDERR_REDIRECT] [Fatal Error] :1:1: Premature end of file.
2026-04-08 19:48:53,994 [ERROR] LogOutputStream:75 - [STDERR_REDIRECT] 
2026-04-08 19:48:54,986 [ERROR] LogOutputStream:75 - [STDERR_REDIRECT] [Fatal Error] :1:1: Premature end of file.
2026-04-08 19:48:54,988 [ERROR] LogOutputStream:75 - [STDERR_REDIRECT] 
2026-04-08 19:48:55,996 [ERROR] LogOutputStream:75 - [STDERR_REDIRECT] [Fatal Error] :1:1: Premature end of file.
2026-04-08 19:48:55,996 [ERROR] LogOutputStream:75 - [STDERR_REDIRECT] 
2026-04-08 19:48:57,006 [ERROR] LogOutputStream:75 - [STDERR_REDIRECT] [Fatal Error] :1:1: Premature end of file.
2026-04-08 19:48:57,007 [ERROR] LogOutputStream:75 - [STDERR_REDIRECT] 
2026-04-08 19:48:58,014 [ERROR] LogOutputStream:75 - [STDERR_REDIRECT] [Fatal Error] :1:1: Premature end of file.
2026-04-08 19:48:58,014 [ERROR] LogOutputStream:75 - [STDERR_REDIRECT] 
2026-04-08 19:48:59,012 [ERROR] LogOutputStream:75 - [STDERR_REDIRECT] [Fatal Error] :1:1: Premature end of file.
2026-04-08 19:48:59,012 [ERROR] LogOutputStream:75 - [STDERR_REDIRECT] 
2026-04-08 19:49:00,010 [ERROR] LogOutputStream:75 - [STDERR_REDIRECT] [Fatal Error] :1:1: Premature end of file.
2026-04-08 19:49:00,010 [ERROR] LogOutputStream:75 - [STDERR_REDIRECT] 
2026-04-08 19:49:01,012 [ERROR] LogOutputStream:75 - [STDERR_REDIRECT] [Fatal Error] :1:1: Premature end of file.
2026-04-08 19:49:01,012 [ERROR] LogOutputStream:75 - [STDERR_REDIRECT] 
2026-04-08 19:49:01,994 [ERROR] LogOutputStream:75 - [STDERR_REDIRECT] [Fatal Error] :1:1: Premature end of file.
2026-04-08 19:49:01,995 [ERROR] LogOutputStream:75 - [STDERR_REDIRECT] 
2026-04-08 19:49:02,994 [ERROR] LogOutputStream:75 - [STDERR_REDIRECT] [Fatal Error] :1:1: Premature end of file.
2026-04-08 19:49:02,995 [ERROR] LogOutputStream:75 - [STDERR_REDIRECT] 
2026-04-08 19:49:04,008 [ERROR] LogOutputStream:75 - [STDERR_REDIRECT] [Fatal Error] :1:1: Premature end of file.
2026-04-08 19:49:04,009 [ERROR] LogOutputStream:75 - [STDERR_REDIRECT] 
2026-04-08 19:49:05,017 [ERROR] LogOutputStream:75 - [STDERR_REDIRECT] [Fatal Error] :1:1: Premature end of file.
2026-04-08 19:49:05,018 [ERROR] LogOutputStream:75 - [STDERR_REDIRECT] 
2026-04-08 19:49:05,991 [ERROR] LogOutputStream:75 - [STDERR_REDIRECT] [Fatal Error] :1:1: Premature end of file.
2026-04-08 19:49:05,991 [ERROR] LogOutputStream:75 - [STDERR_REDIRECT] 
2026-04-08 19:49:06,997 [ERROR] LogOutputStream:75 - [STDERR_REDIRECT] [Fatal Error] :1:1: Premature end of file.
2026-04-08 19:49:06,997 [ERROR] LogOutputStream:75 - [STDERR_REDIRECT] 
2026-04-08 19:49:08,009 [ERROR] LogOutputStream:75 - [STDERR_REDIRECT] [Fatal Error] :1:1: Premature end of file.
2026-04-08 19:49:08,010 [ERROR] LogOutputStream:75 - [STDERR_REDIRECT] 
2026-04-08 19:49:08,991 [ERROR] LogOutputStream:75 - [STDERR_REDIRECT] [Fatal Error] :1:1: Premature end of file.
2026-04-08 19:49:08,991 [ERROR] LogOutputStream:75 - [STDERR_REDIRECT] 
2026-04-08 19:49:09,987 [ERROR] LogOutputStream:75 - [STDERR_REDIRECT] [Fatal Error] :1:1: Premature end of file.
2026-04-08 19:49:09,987 [ERROR] LogOutputStream:75 - [STDERR_REDIRECT] 
2026-04-08 19:49:11,010 [ERROR] LogOutputStream:75 - [STDERR_REDIRECT] [Fatal Error] :1:1: Premature end of file.
2026-04-08 19:49:11,012 [ERROR] LogOutputStream:75 - [STDERR_REDIRECT] 
2026-04-08 19:49:12,017 [ERROR] LogOutputStream:75 - [STDERR_REDIRECT] [Fatal Error] :1:1: Premature end of file.
2026-04-08 19:49:12,018 [ERROR] LogOutputStream:75 - [STDERR_REDIRECT] 
2026-04-08 19:49:13,017 [ERROR] LogOutputStream:75 - [STDERR_REDIRECT] [Fatal Error] :1:1: Premature end of file.
2026-04-08 19:49:13,017 [ERROR] LogOutputStream:75 - [STDERR_REDIRECT] 
2026-04-08 19:49:14,007 [ERROR] LogOutputStream:75 - [STDERR_REDIRECT] [Fatal Error] :1:1: Premature end of file.
2026-04-08 19:49:14,007 [ERROR] LogOutputStream:75 - [STDERR_REDIRECT] 
2026-04-08 19:49:15,007 [ERROR] LogOutputStream:75 - [STDERR_REDIRECT] [Fatal Error] :1:1: Premature end of file.
2026-04-08 19:49:15,007 [ERROR] LogOutputStream:75 - [STDERR_REDIRECT] 
2026-04-08 19:49:15,987 [ERROR] LogOutputStream:75 - [STDERR_REDIRECT] [Fatal Error] :1:1: Premature end of file.
2026-04-08 19:49:15,987 [ERROR] LogOutputStream:75 - [STDERR_REDIRECT] 
2026-04-08 19:49:17,010 [ERROR] LogOutputStream:75 - [STDERR_REDIRECT] [Fatal Error] :1:1: Premature end of file.
2026-04-08 19:49:17,010 [ERROR] LogOutputStream:75 - [STDERR_REDIRECT] 
2026-04-08 19:49:17,983 [ERROR] LogOutputStream:75 - [STDERR_REDIRECT] [Fatal Error] :1:1: Premature end of file.
2026-04-08 19:49:17,984 [ERROR] LogOutputStream:75 - [STDERR_REDIRECT] 
2026-04-08 19:49:19,007 [ERROR] LogOutputStream:75 - [STDERR_REDIRECT] [Fatal Error] :1:1: Premature end of file.
2026-04-08 19:49:19,007 [ERROR] LogOutputStream:75 - [STDERR_REDIRECT] 
2026-04-08 19:49:20,010 [ERROR] LogOutputStream:75 - [STDERR_REDIRECT] [Fatal Error] :1:1: Premature end of file.
2026-04-08 19:49:20,011 [ERROR] LogOutputStream:75 - [STDERR_REDIRECT] 
2026-04-08 19:49:21,008 [ERROR] LogOutputStream:75 - [STDERR_REDIRECT] [Fatal Error] :1:1: Premature end of file.
2026-04-08 19:49:21,008 [ERROR] LogOutputStream:75 - [STDERR_REDIRECT] 
2026-04-08 19:49:22,006 [ERROR] LogOutputStream:75 - [STDERR_REDIRECT] [Fatal Error] :1:1: Premature end of file.
2026-04-08 19:49:22,006 [ERROR] LogOutputStream:75 - [STDERR_REDIRECT] 
2026-04-08 19:49:23,007 [ERROR] LogOutputStream:75 - [STDERR_REDIRECT] [Fatal Error] :1:1: Premature end of file.
2026-04-08 19:49:23,007 [ERROR] LogOutputStream:75 - [STDERR_REDIRECT] 
2026-04-08 19:49:23,997 [ERROR] LogOutputStream:75 - [STDERR_REDIRECT] [Fatal Error] :1:1: Premature end of file.
2026-04-08 19:49:23,997 [ERROR] LogOutputStream:75 - [STDERR_REDIRECT] 
2026-04-08 19:49:24,986 [ERROR] LogOutputStream:75 - [STDERR_REDIRECT] [Fatal Error] :1:1: Premature end of file.
2026-04-08 19:49:24,987 [ERROR] LogOutputStream:75 - [STDERR_REDIRECT] 
2026-04-08 19:49:26,013 [ERROR] LogOutputStream:75 - [STDERR_REDIRECT] [Fatal Error] :1:1: Premature end of file.
2026-04-08 19:49:26,014 [ERROR] LogOutputStream:75 - [STDERR_REDIRECT] 
2026-04-08 19:49:27,008 [ERROR] LogOutputStream:75 - [STDERR_REDIRECT] [Fatal Error] :1:1: Premature end of file.
2026-04-08 19:49:27,008 [ERROR] LogOutputStream:75 - [STDERR_REDIRECT] 
2026-04-08 19:49:28,001 [ERROR] LogOutputStream:75 - [STDERR_REDIRECT] [Fatal Error] :1:1: Premature end of file.
2026-04-08 19:49:28,003 [ERROR] LogOutputStream:75 - [STDERR_REDIRECT] 
2026-04-08 19:49:29,001 [ERROR] LogOutputStream:75 - [STDERR_REDIRECT] [Fatal Error] :1:1: Premature end of file.
2026-04-08 19:49:29,002 [ERROR] LogOutputStream:75 - [STDERR_REDIRECT] 
2026-04-08 19:49:30,000 [ERROR] LogOutputStream:75 - [STDERR_REDIRECT] [Fatal Error] :1:1: Premature end of file.
2026-04-08 19:49:30,000 [ERROR] LogOutputStream:75 - [STDERR_REDIRECT] 
2026-04-08 19:49:31,007 [ERROR] LogOutputStream:75 - [STDERR_REDIRECT] [Fatal Error] :1:1: Premature end of file.
2026-04-08 19:49:31,007 [ERROR] LogOutputStream:75 - [STDERR_REDIRECT] 
2026-04-08 19:49:31,994 [ERROR] LogOutputStream:75 - [STDERR_REDIRECT] [Fatal Error] :1:1: Premature end of file.
2026-04-08 19:49:31,994 [ERROR] LogOutputStream:75 - [STDERR_REDIRECT] 
2026-04-08 19:49:33,005 [ERROR] LogOutputStream:75 - [STDERR_REDIRECT] [Fatal Error] :1:1: Premature end of file.
2026-04-08 19:49:33,005 [ERROR] LogOutputStream:75 - [STDERR_REDIRECT] 
2026-04-08 19:49:34,010 [ERROR] LogOutputStream:75 - [STDERR_REDIRECT] [Fatal Error] :1:1: Premature end of file.
2026-04-08 19:49:34,010 [ERROR] LogOutputStream:75 - [STDERR_REDIRECT] 
2026-04-08 19:49:35,003 [ERROR] LogOutputStream:75 - [STDERR_REDIRECT] [Fatal Error] :1:1: Premature end of file.
2026-04-08 19:49:35,004 [ERROR] LogOutputStream:75 - [STDERR_REDIRECT] 
2026-04-08 19:49:36,003 [ERROR] LogOutputStream:75 - [STDERR_REDIRECT] [Fatal Error] :1:1: Premature end of file.
2026-04-08 19:49:36,003 [ERROR] LogOutputStream:75 - [STDERR_REDIRECT] 
2026-04-08 19:49:37,010 [ERROR] LogOutputStream:75 - [STDERR_REDIRECT] [Fatal Error] :1:1: Premature end of file.
2026-04-08 19:49:37,010 [ERROR] LogOutputStream:75 - [STDERR_REDIRECT] 
2026-04-08 19:49:37,998 [ERROR] LogOutputStream:75 - [STDERR_REDIRECT] [Fatal Error] :1:1: Premature end of file.
2026-04-08 19:49:37,999 [ERROR] LogOutputStream:75 - [STDERR_REDIRECT] 
2026-04-08 19:49:39,005 [ERROR] LogOutputStream:75 - [STDERR_REDIRECT] [Fatal Error] :1:1: Premature end of file.
2026-04-08 19:49:39,006 [ERROR] LogOutputStream:75 - [STDERR_REDIRECT] 
2026-04-08 19:49:40,013 [ERROR] LogOutputStream:75 - [STDERR_REDIRECT] [Fatal Error] :1:1: Premature end of file.
2026-04-08 19:49:40,014 [ERROR] LogOutputStream:75 - [STDERR_REDIRECT] 
2026-04-08 19:49:41,001 [ERROR] LogOutputStream:75 - [STDERR_REDIRECT] [Fatal Error] :1:1: Premature end of file.
2026-04-08 19:49:41,002 [ERROR] LogOutputStream:75 - [STDERR_REDIRECT] 
2026-04-08 19:49:42,018 [ERROR] LogOutputStream:75 - [STDERR_REDIRECT] [Fatal Error] :1:1: Premature end of file.
2026-04-08 19:49:42,018 [ERROR] LogOutputStream:75 - [STDERR_REDIRECT] 
2026-04-08 19:49:43,002 [ERROR] LogOutputStream:75 - [STDERR_REDIRECT] [Fatal Error] :1:1: Premature end of file.
2026-04-08 19:49:43,003 [ERROR] LogOutputStream:75 - [STDERR_REDIRECT] 
2026-04-08 19:49:44,000 [ERROR] LogOutputStream:75 - [STDERR_REDIRECT] [Fatal Error] :1:1: Premature end of file.
2026-04-08 19:49:44,001 [ERROR] LogOutputStream:75 - [STDERR_REDIRECT] 
2026-04-08 19:49:45,001 [ERROR] LogOutputStream:75 - [STDERR_REDIRECT] [Fatal Error] :1:1: Premature end of file.
2026-04-08 19:49:45,001 [ERROR] LogOutputStream:75 - [STDERR_REDIRECT] 
2026-04-08 19:49:46,009 [ERROR] LogOutputStream:75 - [STDERR_REDIRECT] [Fatal Error] :1:1: Premature end of file.
2026-04-08 19:49:46,009 [ERROR] LogOutputStream:75 - [STDERR_REDIRECT] 
2026-04-08 19:49:47,009 [ERROR] LogOutputStream:75 - [STDERR_REDIRECT] [Fatal Error] :1:1: Premature end of file.
2026-04-08 19:49:47,009 [ERROR] LogOutputStream:75 - [STDERR_REDIRECT] 
2026-04-08 19:49:47,998 [ERROR] LogOutputStream:75 - [STDERR_REDIRECT] [Fatal Error] :1:1: Premature end of file.
2026-04-08 19:49:47,999 [ERROR] LogOutputStream:75 - [STDERR_REDIRECT] 
2026-04-08 19:49:49,011 [ERROR] LogOutputStream:75 - [STDERR_REDIRECT] [Fatal Error] :1:1: Premature end of file.
2026-04-08 19:49:49,011 [ERROR] LogOutputStream:75 - [STDERR_REDIRECT] 
2026-04-08 19:49:50,012 [ERROR] LogOutputStream:75 - [STDERR_REDIRECT] [Fatal Error] :1:1: Premature end of file.
2026-04-08 19:49:50,013 [ERROR] LogOutputStream:75 - [STDERR_REDIRECT] 
2026-04-08 19:49:51,014 [ERROR] LogOutputStream:75 - [STDERR_REDIRECT] [Fatal Error] :1:1: Premature end of file.
2026-04-08 19:49:51,014 [ERROR] LogOutputStream:75 - [STDERR_REDIRECT] 
2026-04-08 19:49:52,005 [ERROR] LogOutputStream:75 - [STDERR_REDIRECT] [Fatal Error] :1:1: Premature end of file.
2026-04-08 19:49:52,005 [ERROR] LogOutputStream:75 - [STDERR_REDIRECT] 
2026-04-08 19:49:53,010 [ERROR] LogOutputStream:75 - [STDERR_REDIRECT] [Fatal Error] :1:1: Premature end of file.
2026-04-08 19:49:53,010 [ERROR] LogOutputStream:75 - [STDERR_REDIRECT] 
2026-04-08 19:49:54,007 [ERROR] LogOutputStream:75 - [STDERR_REDIRECT] [Fatal Error] :1:1: Premature end of file.
2026-04-08 19:49:54,008 [ERROR] LogOutputStream:75 - [STDERR_REDIRECT] 
2026-04-08 19:49:54,999 [ERROR] LogOutputStream:75 - [STDERR_REDIRECT] [Fatal Error] :1:1: Premature end of file.
2026-04-08 19:49:54,999 [ERROR] LogOutputStream:75 - [STDERR_REDIRECT] 
2026-04-08 19:49:56,014 [ERROR] LogOutputStream:75 - [STDERR_REDIRECT] [Fatal Error] :1:1: Premature end of file.
2026-04-08 19:49:56,015 [ERROR] LogOutputStream:75 - [STDERR_REDIRECT] 
2026-04-08 19:49:57,016 [ERROR] LogOutputStream:75 - [STDERR_REDIRECT] [Fatal Error] :1:1: Premature end of file.
2026-04-08 19:49:57,016 [ERROR] LogOutputStream:75 - [STDERR_REDIRECT] 
2026-04-08 19:49:58,012 [ERROR] LogOutputStream:75 - [STDERR_REDIRECT] [Fatal Error] :1:1: Premature end of file.
2026-04-08 19:49:58,013 [ERROR] LogOutputStream:75 - [STDERR_REDIRECT] 
2026-04-08 19:49:58,991 [ERROR] LogOutputStream:75 - [STDERR_REDIRECT] [Fatal Error] :1:1: Premature end of file.
2026-04-08 19:49:58,991 [ERROR] LogOutputStream:75 - [STDERR_REDIRECT] 
2026-04-08 19:49:59,991 [ERROR] LogOutputStream:75 - [STDERR_REDIRECT] [Fatal Error] :1:1: Premature end of file.
2026-04-08 19:49:59,992 [ERROR] LogOutputStream:75 - [STDERR_REDIRECT] 
2026-04-08 19:50:00,996 [ERROR] LogOutputStream:75 - [STDERR_REDIRECT] [Fatal Error] :1:1: Premature end of file.
2026-04-08 19:50:00,996 [ERROR] LogOutputStream:75 - [STDERR_REDIRECT] 
2026-04-08 19:50:01,994 [ERROR] LogOutputStream:75 - [STDERR_REDIRECT] [Fatal Error] :1:1: Premature end of file.
2026-04-08 19:50:01,994 [ERROR] LogOutputStream:75 - [STDERR_REDIRECT] 
2026-04-08 19:50:03,004 [ERROR] LogOutputStream:75 - [STDERR_REDIRECT] [Fatal Error] :1:1: Premature end of file.
2026-04-08 19:50:03,005 [ERROR] LogOutputStream:75 - [STDERR_REDIRECT] 
2026-04-08 19:50:04,012 [ERROR] LogOutputStream:75 - [STDERR_REDIRECT] [Fatal Error] :1:1: Premature end of file.
2026-04-08 19:50:04,012 [ERROR] LogOutputStream:75 - [STDERR_REDIRECT] 
2026-04-08 19:50:05,032 [ERROR] LogOutputStream:75 - [STDERR_REDIRECT] [Fatal Error] :1:1: Premature end of file.
2026-04-08 19:50:05,033 [ERROR] LogOutputStream:75 - [STDERR_REDIRECT] 
2026-04-08 19:50:06,012 [ERROR] LogOutputStream:75 - [STDERR_REDIRECT] [Fatal Error] :1:1: Premature end of file.
2026-04-08 19:50:06,013 [ERROR] LogOutputStream:75 - [STDERR_REDIRECT] 
2026-04-08 19:50:06,998 [ERROR] LogOutputStream:75 - [STDERR_REDIRECT] [Fatal Error] :1:1: Premature end of file.
2026-04-08 19:50:06,998 [ERROR] LogOutputStream:75 - [STDERR_REDIRECT] 
2026-04-08 19:50:08,028 [ERROR] LogOutputStream:75 - [STDERR_REDIRECT] [Fatal Error] :1:1: Premature end of file.
2026-04-08 19:50:08,029 [ERROR] LogOutputStream:75 - [STDERR_REDIRECT] 
2026-04-08 19:50:09,033 [ERROR] LogOutputStream:75 - [STDERR_REDIRECT] [Fatal Error] :1:1: Premature end of file.
2026-04-08 19:50:09,034 [ERROR] LogOutputStream:75 - [STDERR_REDIRECT] 
2026-04-08 19:50:10,015 [ERROR] LogOutputStream:75 - [STDERR_REDIRECT] [Fatal Error] :1:1: Premature end of file.
2026-04-08 19:50:10,016 [ERROR] LogOutputStream:75 - [STDERR_REDIRECT] 
2026-04-08 19:50:11,025 [ERROR] LogOutputStream:75 - [STDERR_REDIRECT] [Fatal Error] :1:1: Premature end of file.
2026-04-08 19:50:11,025 [ERROR] LogOutputStream:75 - [STDERR_REDIRECT] 
2026-04-08 19:50:12,038 [ERROR] LogOutputStream:75 - [STDERR_REDIRECT] [Fatal Error] :1:1: Premature end of file.
2026-04-08 19:50:12,039 [ERROR] LogOutputStream:75 - [STDERR_REDIRECT] 
2026-04-08 19:50:13,046 [ERROR] LogOutputStream:75 - [STDERR_REDIRECT] [Fatal Error] :1:1: Premature end of file.
2026-04-08 19:50:13,046 [ERROR] LogOutputStream:75 - [STDERR_REDIRECT] 
2026-04-08 19:50:14,036 [ERROR] LogOutputStream:75 - [STDERR_REDIRECT] [Fatal Error] :1:1: Premature end of file.
2026-04-08 19:50:14,037 [ERROR] LogOutputStream:75 - [STDERR_REDIRECT] 
2026-04-08 19:50:15,037 [ERROR] LogOutputStream:75 - [STDERR_REDIRECT] [Fatal Error] :1:1: Premature end of file.
2026-04-08 19:50:15,038 [ERROR] LogOutputStream:75 - [STDERR_REDIRECT] 
2026-04-08 19:50:16,064 [ERROR] LogOutputStream:75 - [STDERR_REDIRECT] [Fatal Error] :1:1: Premature end of file.
2026-04-08 19:50:16,067 [ERROR] LogOutputStream:75 - [STDERR_REDIRECT] 
2026-04-08 19:50:17,064 [ERROR] LogOutputStream:75 - [STDERR_REDIRECT] [Fatal Error] :1:1: Premature end of file.
2026-04-08 19:50:17,065 [ERROR] LogOutputStream:75 - [STDERR_REDIRECT] 
2026-04-08 19:50:18,044 [ERROR] LogOutputStream:75 - [STDERR_REDIRECT] [Fatal Error] :1:1: Premature end of file.
2026-04-08 19:50:18,045 [ERROR] LogOutputStream:75 - [STDERR_REDIRECT] 
2026-04-08 19:50:18,996 [ERROR] LogOutputStream:75 - [STDERR_REDIRECT] [Fatal Error] :1:1: Premature end of file.
2026-04-08 19:50:18,996 [ERROR] LogOutputStream:75 - [STDERR_REDIRECT] 
2026-04-08 19:50:20,046 [ERROR] LogOutputStream:75 - [STDERR_REDIRECT] [Fatal Error] :1:1: Premature end of file.
2026-04-08 19:50:20,048 [ERROR] LogOutputStream:75 - [STDERR_REDIRECT] 
2026-04-08 19:50:21,026 [ERROR] LogOutputStream:75 - [STDERR_REDIRECT] [Fatal Error] :1:1: Premature end of file.
2026-04-08 19:50:21,026 [ERROR] LogOutputStream:75 - [STDERR_REDIRECT] 
2026-04-08 19:50:22,029 [ERROR] LogOutputStream:75 - [STDERR_REDIRECT] [Fatal Error] :1:1: Premature end of file.
2026-04-08 19:50:22,029 [ERROR] LogOutputStream:75 - [STDERR_REDIRECT] 
2026-04-08 19:50:23,016 [ERROR] LogOutputStream:75 - [STDERR_REDIRECT] [Fatal Error] :1:1: Premature end of file.
2026-04-08 19:50:23,016 [ERROR] LogOutputStream:75 - [STDERR_REDIRECT] 
2026-04-08 19:50:24,008 [ERROR] LogOutputStream:75 - [STDERR_REDIRECT] [Fatal Error] :1:1: Premature end of file.
2026-04-08 19:50:24,008 [ERROR] LogOutputStream:75 - [STDERR_REDIRECT] 
2026-04-08 19:50:25,010 [ERROR] LogOutputStream:75 - [STDERR_REDIRECT] [Fatal Error] :1:1: Premature end of file.
2026-04-08 19:50:25,011 [ERROR] LogOutputStream:75 - [STDERR_REDIRECT] 
2026-04-08 19:50:26,019 [ERROR] LogOutputStream:75 - [STDERR_REDIRECT] [Fatal Error] :1:1: Premature end of file.
2026-04-08 19:50:26,020 [ERROR] LogOutputStream:75 - [STDERR_REDIRECT] 
2026-04-08 19:50:27,009 [ERROR] LogOutputStream:75 - [STDERR_REDIRECT] [Fatal Error] :1:1: Premature end of file.
2026-04-08 19:50:27,009 [ERROR] LogOutputStream:75 - [STDERR_REDIRECT] 
2026-04-08 19:50:28,008 [ERROR] LogOutputStream:75 - [STDERR_REDIRECT] [Fatal Error] :1:1: Premature end of file.
2026-04-08 19:50:28,008 [ERROR] LogOutputStream:75 - [STDERR_REDIRECT] 
2026-04-08 19:50:29,002 [ERROR] LogOutputStream:75 - [STDERR_REDIRECT] [Fatal Error] :1:1: Premature end of file.
2026-04-08 19:50:29,003 [ERROR] LogOutputStream:75 - [STDERR_REDIRECT] 
2026-04-08 19:50:30,003 [ERROR] LogOutputStream:75 - [STDERR_REDIRECT] [Fatal Error] :1:1: Premature end of file.
2026-04-08 19:50:30,004 [ERROR] LogOutputStream:75 - [STDERR_REDIRECT] 
2026-04-08 19:50:31,025 [ERROR] LogOutputStream:75 - [STDERR_REDIRECT] [Fatal Error] :1:1: Premature end of file.
2026-04-08 19:50:31,026 [ERROR] LogOutputStream:75 - [STDERR_REDIRECT] 
2026-04-08 19:50:32,019 [ERROR] LogOutputStream:75 - [STDERR_REDIRECT] [Fatal Error] :1:1: Premature end of file.
2026-04-08 19:50:32,019 [ERROR] LogOutputStream:75 - [STDERR_REDIRECT] 
2026-04-08 19:50:33,008 [ERROR] LogOutputStream:75 - [STDERR_REDIRECT] [Fatal Error] :1:1: Premature end of file.
2026-04-08 19:50:33,008 [ERROR] LogOutputStream:75 - [STDERR_REDIRECT] 
2026-04-08 19:50:34,013 [ERROR] LogOutputStream:75 - [STDERR_REDIRECT] [Fatal Error] :1:1: Premature end of file.
2026-04-08 19:50:34,013 [ERROR] LogOutputStream:75 - [STDERR_REDIRECT] 
2026-04-08 19:50:35,006 [ERROR] LogOutputStream:75 - [STDERR_REDIRECT] [Fatal Error] :1:1: Premature end of file.
2026-04-08 19:50:35,007 [ERROR] LogOutputStream:75 - [STDERR_REDIRECT] 
2026-04-08 19:50:36,032 [ERROR] LogOutputStream:75 - [STDERR_REDIRECT] [Fatal Error] :1:1: Premature end of file.
2026-04-08 19:50:36,033 [ERROR] LogOutputStream:75 - [STDERR_REDIRECT] 
2026-04-08 19:50:37,014 [ERROR] LogOutputStream:75 - [STDERR_REDIRECT] [Fatal Error] :1:1: Premature end of file.
2026-04-08 19:50:37,014 [ERROR] LogOutputStream:75 - [STDERR_REDIRECT] 
2026-04-08 19:50:38,011 [ERROR] LogOutputStream:75 - [STDERR_REDIRECT] [Fatal Error] :1:1: Premature end of file.
2026-04-08 19:50:38,011 [ERROR] LogOutputStream:75 - [STDERR_REDIRECT] 
2026-04-08 19:50:39,006 [ERROR] LogOutputStream:75 - [STDERR_REDIRECT] [Fatal Error] :1:1: Premature end of file.
2026-04-08 19:50:39,006 [ERROR] LogOutputStream:75 - [STDERR_REDIRECT] 
2026-04-08 19:50:40,235 [ERROR] LogOutputStream:75 - [STDERR_REDIRECT] [Fatal Error] :1:1: Premature end of file.
2026-04-08 19:50:40,236 [ERROR] LogOutputStream:75 - [STDERR_REDIRECT] 
2026-04-08 19:50:41,006 [ERROR] LogOutputStream:75 - [STDERR_REDIRECT] [Fatal Error] :1:1: Premature end of file.
2026-04-08 19:50:41,007 [ERROR] LogOutputStream:75 - [STDERR_REDIRECT] 
2026-04-08 19:50:42,019 [ERROR] LogOutputStream:75 - [STDERR_REDIRECT] [Fatal Error] :1:1: Premature end of file.
2026-04-08 19:50:42,019 [ERROR] LogOutputStream:75 - [STDERR_REDIRECT] 
2026-04-08 19:50:43,033 [ERROR] LogOutputStream:75 - [STDERR_REDIRECT] [Fatal Error] :1:1: Premature end of file.
2026-04-08 19:50:43,033 [ERROR] LogOutputStream:75 - [STDERR_REDIRECT] 
2026-04-08 19:50:43,995 [ERROR] LogOutputStream:75 - [STDERR_REDIRECT] [Fatal Error] :1:1: Premature end of file.
2026-04-08 19:50:43,995 [ERROR] LogOutputStream:75 - [STDERR_REDIRECT] 
2026-04-08 19:50:45,003 [ERROR] LogOutputStream:75 - [STDERR_REDIRECT] [Fatal Error] :1:1: Premature end of file.
2026-04-08 19:50:45,003 [ERROR] LogOutputStream:75 - [STDERR_REDIRECT] 
2026-04-08 19:50:46,024 [ERROR] LogOutputStream:75 - [STDERR_REDIRECT] [Fatal Error] :1:1: Premature end of file.
2026-04-08 19:50:46,025 [ERROR] LogOutputStream:75 - [STDERR_REDIRECT] 
2026-04-08 19:50:47,006 [ERROR] LogOutputStream:75 - [STDERR_REDIRECT] [Fatal Error] :1:1: Premature end of file.
2026-04-08 19:50:47,007 [ERROR] LogOutputStream:75 - [STDERR_REDIRECT] 
2026-04-08 19:50:48,011 [ERROR] LogOutputStream:75 - [STDERR_REDIRECT] [Fatal Error] :1:1: Premature end of file.
2026-04-08 19:50:48,011 [ERROR] LogOutputStream:75 - [STDERR_REDIRECT] 
2026-04-08 19:50:48,997 [ERROR] LogOutputStream:75 - [STDERR_REDIRECT] [Fatal Error] :1:1: Premature end of file.
2026-04-08 19:50:48,998 [ERROR] LogOutputStream:75 - [STDERR_REDIRECT] 
2026-04-08 19:50:50,007 [ERROR] LogOutputStream:75 - [STDERR_REDIRECT] [Fatal Error] :1:1: Premature end of file.
2026-04-08 19:50:50,008 [ERROR] LogOutputStream:75 - [STDERR_REDIRECT] 
2026-04-08 19:50:51,007 [ERROR] LogOutputStream:75 - [STDERR_REDIRECT] [Fatal Error] :1:1: Premature end of file.
2026-04-08 19:50:51,007 [ERROR] LogOutputStream:75 - [STDERR_REDIRECT] 
2026-04-08 19:50:52,012 [ERROR] LogOutputStream:75 - [STDERR_REDIRECT] [Fatal Error] :1:1: Premature end of file.
2026-04-08 19:50:52,013 [ERROR] LogOutputStream:75 - [STDERR_REDIRECT] 
2026-04-08 19:50:52,996 [ERROR] LogOutputStream:75 - [STDERR_REDIRECT] [Fatal Error] :1:1: Premature end of file.
2026-04-08 19:50:52,997 [ERROR] LogOutputStream:75 - [STDERR_REDIRECT] 
2026-04-08 19:50:54,007 [ERROR] LogOutputStream:75 - [STDERR_REDIRECT] [Fatal Error] :1:1: Premature end of file.
2026-04-08 19:50:54,008 [ERROR] LogOutputStream:75 - [STDERR_REDIRECT] 
2026-04-08 19:50:55,006 [ERROR] LogOutputStream:75 - [STDERR_REDIRECT] [Fatal Error] :1:1: Premature end of file.
2026-04-08 19:50:55,006 [ERROR] LogOutputStream:75 - [STDERR_REDIRECT] 
2026-04-08 19:50:56,009 [ERROR] LogOutputStream:75 - [STDERR_REDIRECT] [Fatal Error] :1:1: Premature end of file.
2026-04-08 19:50:56,009 [ERROR] LogOutputStream:75 - [STDERR_REDIRECT] 
2026-04-08 19:50:57,002 [ERROR] LogOutputStream:75 - [STDERR_REDIRECT] [Fatal Error] :1:1: Premature end of file.
2026-04-08 19:50:57,002 [ERROR] LogOutputStream:75 - [STDERR_REDIRECT] 
2026-04-08 19:50:58,008 [ERROR] LogOutputStream:75 - [STDERR_REDIRECT] [Fatal Error] :1:1: Premature end of file.
2026-04-08 19:50:58,009 [ERROR] LogOutputStream:75 - [STDERR_REDIRECT] 
2026-04-08 19:50:59,004 [ERROR] LogOutputStream:75 - [STDERR_REDIRECT] [Fatal Error] :1:1: Premature end of file.
2026-04-08 19:50:59,004 [ERROR] LogOutputStream:75 - [STDERR_REDIRECT] 
2026-04-08 19:51:00,025 [ERROR] LogOutputStream:75 - [STDERR_REDIRECT] [Fatal Error] :1:1: Premature end of file.
2026-04-08 19:51:00,025 [ERROR] LogOutputStream:75 - [STDERR_REDIRECT] 
2026-04-08 19:51:01,015 [ERROR] LogOutputStream:75 - [STDERR_REDIRECT] [Fatal Error] :1:1: Premature end of file.
2026-04-08 19:51:01,015 [ERROR] LogOutputStream:75 - [STDERR_REDIRECT] 
2026-04-08 19:51:02,010 [ERROR] LogOutputStream:75 - [STDERR_REDIRECT] [Fatal Error] :1:1: Premature end of file.
2026-04-08 19:51:02,010 [ERROR] LogOutputStream:75 - [STDERR_REDIRECT] 
2026-04-08 19:51:03,013 [ERROR] LogOutputStream:75 - [STDERR_REDIRECT] [Fatal Error] :1:1: Premature end of file.
2026-04-08 19:51:03,013 [ERROR] LogOutputStream:75 - [STDERR_REDIRECT] 
2026-04-08 19:51:03,988 [ERROR] LogOutputStream:75 - [STDERR_REDIRECT] [Fatal Error] :1:1: Premature end of file.
2026-04-08 19:51:03,988 [ERROR] LogOutputStream:75 - [STDERR_REDIRECT] 
2026-04-08 19:51:04,993 [ERROR] LogOutputStream:75 - [STDERR_REDIRECT] [Fatal Error] :1:1: Premature end of file.
2026-04-08 19:51:04,994 [ERROR] LogOutputStream:75 - [STDERR_REDIRECT] 
2026-04-08 19:51:06,009 [ERROR] LogOutputStream:75 - [STDERR_REDIRECT] [Fatal Error] :1:1: Premature end of file.
2026-04-08 19:51:06,009 [ERROR] LogOutputStream:75 - [STDERR_REDIRECT] 
2026-04-08 19:51:07,013 [ERROR] LogOutputStream:75 - [STDERR_REDIRECT] [Fatal Error] :1:1: Premature end of file.
2026-04-08 19:51:07,013 [ERROR] LogOutputStream:75 - [STDERR_REDIRECT] 
2026-04-08 19:51:08,003 [ERROR] LogOutputStream:75 - [STDERR_REDIRECT] [Fatal Error] :1:1: Premature end of file.
2026-04-08 19:51:08,004 [ERROR] LogOutputStream:75 - [STDERR_REDIRECT] 
2026-04-08 19:51:08,999 [ERROR] LogOutputStream:75 - [STDERR_REDIRECT] [Fatal Error] :1:1: Premature end of file.
2026-04-08 19:51:09,002 [ERROR] LogOutputStream:75 - [STDERR_REDIRECT] 
2026-04-08 19:51:10,011 [ERROR] LogOutputStream:75 - [STDERR_REDIRECT] [Fatal Error] :1:1: Premature end of file.
2026-04-08 19:51:10,011 [ERROR] LogOutputStream:75 - [STDERR_REDIRECT] 
2026-04-08 19:51:10,996 [ERROR] LogOutputStream:75 - [STDERR_REDIRECT] [Fatal Error] :1:1: Premature end of file.
2026-04-08 19:51:10,996 [ERROR] LogOutputStream:75 - [STDERR_REDIRECT] 
2026-04-08 19:51:12,002 [ERROR] LogOutputStream:75 - [STDERR_REDIRECT] [Fatal Error] :1:1: Premature end of file.
2026-04-08 19:51:12,003 [ERROR] LogOutputStream:75 - [STDERR_REDIRECT] 
2026-04-08 19:51:13,007 [ERROR] LogOutputStream:75 - [STDERR_REDIRECT] [Fatal Error] :1:1: Premature end of file.
2026-04-08 19:51:13,007 [ERROR] LogOutputStream:75 - [STDERR_REDIRECT] 
2026-04-08 19:51:14,007 [ERROR] LogOutputStream:75 - [STDERR_REDIRECT] [Fatal Error] :1:1: Premature end of file.
2026-04-08 19:51:14,007 [ERROR] LogOutputStream:75 - [STDERR_REDIRECT] 
2026-04-08 19:51:15,007 [ERROR] LogOutputStream:75 - [STDERR_REDIRECT] [Fatal Error] :1:1: Premature end of file.
2026-04-08 19:51:15,007 [ERROR] LogOutputStream:75 - [STDERR_REDIRECT] 
2026-04-08 19:51:16,006 [ERROR] LogOutputStream:75 - [STDERR_REDIRECT] [Fatal Error] :1:1: Premature end of file.
2026-04-08 19:51:16,006 [ERROR] LogOutputStream:75 - [STDERR_REDIRECT] 
2026-04-08 19:51:17,013 [ERROR] LogOutputStream:75 - [STDERR_REDIRECT] [Fatal Error] :1:1: Premature end of file.
2026-04-08 19:51:17,014 [ERROR] LogOutputStream:75 - [STDERR_REDIRECT] 
2026-04-08 19:51:18,026 [ERROR] LogOutputStream:75 - [STDERR_REDIRECT] [Fatal Error] :1:1: Premature end of file.
2026-04-08 19:51:18,026 [ERROR] LogOutputStream:75 - [STDERR_REDIRECT] 
2026-04-08 19:51:19,035 [ERROR] LogOutputStream:75 - [STDERR_REDIRECT] [Fatal Error] :1:1: Premature end of file.
2026-04-08 19:51:19,036 [ERROR] LogOutputStream:75 - [STDERR_REDIRECT] 
2026-04-08 19:51:20,017 [ERROR] LogOutputStream:75 - [STDERR_REDIRECT] [Fatal Error] :1:1: Premature end of file.
2026-04-08 19:51:20,017 [ERROR] LogOutputStream:75 - [STDERR_REDIRECT] 
2026-04-08 19:51:21,040 [ERROR] LogOutputStream:75 - [STDERR_REDIRECT] [Fatal Error] :1:1: Premature end of file.
2026-04-08 19:51:21,041 [ERROR] LogOutputStream:75 - [STDERR_REDIRECT] 
2026-04-08 19:51:22,016 [ERROR] LogOutputStream:75 - [STDERR_REDIRECT] [Fatal Error] :1:1: Premature end of file.
2026-04-08 19:51:22,017 [ERROR] LogOutputStream:75 - [STDERR_REDIRECT] 
2026-04-08 19:51:23,010 [ERROR] LogOutputStream:75 - [STDERR_REDIRECT] [Fatal Error] :1:1: Premature end of file.
2026-04-08 19:51:23,010 [ERROR] LogOutputStream:75 - [STDERR_REDIRECT] 
2026-04-08 19:51:24,118 [ERROR] LogOutputStream:75 - [STDERR_REDIRECT] [Fatal Error] :1:1: Premature end of file.
2026-04-08 19:51:24,118 [ERROR] LogOutputStream:75 - [STDERR_REDIRECT] 
2026-04-08 19:51:25,007 [ERROR] LogOutputStream:75 - [STDERR_REDIRECT] [Fatal Error] :1:1: Premature end of file.
2026-04-08 19:51:25,007 [ERROR] LogOutputStream:75 - [STDERR_REDIRECT] 
2026-04-08 19:51:26,028 [ERROR] LogOutputStream:75 - [STDERR_REDIRECT] [Fatal Error] :1:1: Premature end of file.
2026-04-08 19:51:26,029 [ERROR] LogOutputStream:75 - [STDERR_REDIRECT] 
2026-04-08 19:51:27,020 [ERROR] LogOutputStream:75 - [STDERR_REDIRECT] [Fatal Error] :1:1: Premature end of file.
2026-04-08 19:51:27,021 [ERROR] LogOutputStream:75 - [STDERR_REDIRECT] 
2026-04-08 19:51:28,014 [ERROR] LogOutputStream:75 - [STDERR_REDIRECT] [Fatal Error] :1:1: Premature end of file.
2026-04-08 19:51:28,014 [ERROR] LogOutputStream:75 - [STDERR_REDIRECT] 
2026-04-08 19:51:29,074 [ERROR] LogOutputStream:75 - [STDERR_REDIRECT] [Fatal Error] :1:1: Premature end of file.
2026-04-08 19:51:29,075 [ERROR] LogOutputStream:75 - [STDERR_REDIRECT] 
2026-04-08 19:51:30,015 [ERROR] LogOutputStream:75 - [STDERR_REDIRECT] [Fatal Error] :1:1: Premature end of file.
2026-04-08 19:51:30,015 [ERROR] LogOutputStream:75 - [STDERR_REDIRECT] 
2026-04-08 19:51:31,030 [ERROR] LogOutputStream:75 - [STDERR_REDIRECT] [Fatal Error] :1:1: Premature end of file.
2026-04-08 19:51:31,031 [ERROR] LogOutputStream:75 - [STDERR_REDIRECT] 
2026-04-08 19:51:32,012 [ERROR] LogOutputStream:75 - [STDERR_REDIRECT] [Fatal Error] :1:1: Premature end of file.
2026-04-08 19:51:32,012 [ERROR] LogOutputStream:75 - [STDERR_REDIRECT] 
2026-04-08 19:51:33,006 [ERROR] LogOutputStream:75 - [STDERR_REDIRECT] [Fatal Error] :1:1: Premature end of file.
2026-04-08 19:51:33,007 [ERROR] LogOutputStream:75 - [STDERR_REDIRECT] 
2026-04-08 19:51:34,003 [ERROR] LogOutputStream:75 - [STDERR_REDIRECT] [Fatal Error] :1:1: Premature end of file.
2026-04-08 19:51:34,003 [ERROR] LogOutputStream:75 - [STDERR_REDIRECT] 
2026-04-08 19:51:35,008 [ERROR] LogOutputStream:75 - [STDERR_REDIRECT] [Fatal Error] :1:1: Premature end of file.
2026-04-08 19:51:35,009 [ERROR] LogOutputStream:75 - [STDERR_REDIRECT] 
2026-04-08 19:51:35,994 [ERROR] LogOutputStream:75 - [STDERR_REDIRECT] [Fatal Error] :1:1: Premature end of file.
2026-04-08 19:51:35,995 [ERROR] LogOutputStream:75 - [STDERR_REDIRECT] 
2026-04-08 19:51:37,007 [ERROR] LogOutputStream:75 - [STDERR_REDIRECT] [Fatal Error] :1:1: Premature end of file.
2026-04-08 19:51:37,007 [ERROR] LogOutputStream:75 - [STDERR_REDIRECT] 
2026-04-08 19:51:37,996 [ERROR] LogOutputStream:75 - [STDERR_REDIRECT] [Fatal Error] :1:1: Premature end of file.
2026-04-08 19:51:37,996 [ERROR] LogOutputStream:75 - [STDERR_REDIRECT] 
2026-04-08 19:51:39,004 [ERROR] LogOutputStream:75 - [STDERR_REDIRECT] [Fatal Error] :1:1: Premature end of file.
2026-04-08 19:51:39,004 [ERROR] LogOutputStream:75 - [STDERR_REDIRECT] 
2026-04-08 19:51:40,005 [ERROR] LogOutputStream:75 - [STDERR_REDIRECT] [Fatal Error] :1:1: Premature end of file.
2026-04-08 19:51:40,005 [ERROR] LogOutputStream:75 - [STDERR_REDIRECT] 
2026-04-08 19:51:41,017 [ERROR] LogOutputStream:75 - [STDERR_REDIRECT] [Fatal Error] :1:1: Premature end of file.
2026-04-08 19:51:41,018 [ERROR] LogOutputStream:75 - [STDERR_REDIRECT] 
2026-04-08 19:51:41,996 [ERROR] LogOutputStream:75 - [STDERR_REDIRECT] [Fatal Error] :1:1: Premature end of file.
2026-04-08 19:51:41,997 [ERROR] LogOutputStream:75 - [STDERR_REDIRECT] 
2026-04-08 19:51:43,000 [ERROR] LogOutputStream:75 - [STDERR_REDIRECT] [Fatal Error] :1:1: Premature end of file.
2026-04-08 19:51:43,000 [ERROR] LogOutputStream:75 - [STDERR_REDIRECT] 
2026-04-08 19:51:44,014 [ERROR] LogOutputStream:75 - [STDERR_REDIRECT] [Fatal Error] :1:1: Premature end of file.
2026-04-08 19:51:44,014 [ERROR] LogOutputStream:75 - [STDERR_REDIRECT] 
2026-04-08 19:51:44,992 [ERROR] LogOutputStream:75 - [STDERR_REDIRECT] [Fatal Error] :1:1: Premature end of file.
2026-04-08 19:51:44,992 [ERROR] LogOutputStream:75 - [STDERR_REDIRECT] 
2026-04-08 19:51:46,002 [ERROR] LogOutputStream:75 - [STDERR_REDIRECT] [Fatal Error] :1:1: Premature end of file.
2026-04-08 19:51:46,002 [ERROR] LogOutputStream:75 - [STDERR_REDIRECT] 
2026-04-08 19:51:46,990 [ERROR] LogOutputStream:75 - [STDERR_REDIRECT] [Fatal Error] :1:1: Premature end of file.
2026-04-08 19:51:46,990 [ERROR] LogOutputStream:75 - [STDERR_REDIRECT] 
2026-04-08 19:51:48,001 [ERROR] LogOutputStream:75 - [STDERR_REDIRECT] [Fatal Error] :1:1: Premature end of file.
2026-04-08 19:51:48,002 [ERROR] LogOutputStream:75 - [STDERR_REDIRECT] 
2026-04-08 19:51:49,010 [ERROR] LogOutputStream:75 - [STDERR_REDIRECT] [Fatal Error] :1:1: Premature end of file.
2026-04-08 19:51:49,010 [ERROR] LogOutputStream:75 - [STDERR_REDIRECT] 
2026-04-08 19:51:50,000 [ERROR] LogOutputStream:75 - [STDERR_REDIRECT] [Fatal Error] :1:1: Premature end of file.
2026-04-08 19:51:50,001 [ERROR] LogOutputStream:75 - [STDERR_REDIRECT] 
2026-04-08 19:51:51,002 [ERROR] LogOutputStream:75 - [STDERR_REDIRECT] [Fatal Error] :1:1: Premature end of file.
2026-04-08 19:51:51,003 [ERROR] LogOutputStream:75 - [STDERR_REDIRECT] 
2026-04-08 19:51:52,007 [ERROR] LogOutputStream:75 - [STDERR_REDIRECT] [Fatal Error] :1:1: Premature end of file.
2026-04-08 19:51:52,007 [ERROR] LogOutputStream:75 - [STDERR_REDIRECT] 
2026-04-08 19:51:53,002 [ERROR] LogOutputStream:75 - [STDERR_REDIRECT] [Fatal Error] :1:1: Premature end of file.
2026-04-08 19:51:53,002 [ERROR] LogOutputStream:75 - [STDERR_REDIRECT] 
2026-04-08 19:51:54,000 [ERROR] LogOutputStream:75 - [STDERR_REDIRECT] [Fatal Error] :1:1: Premature end of file.
2026-04-08 19:51:54,000 [ERROR] LogOutputStream:75 - [STDERR_REDIRECT] 
2026-04-08 19:51:54,999 [ERROR] LogOutputStream:75 - [STDERR_REDIRECT] [Fatal Error] :1:1: Premature end of file.
2026-04-08 19:51:54,999 [ERROR] LogOutputStream:75 - [STDERR_REDIRECT] 
2026-04-08 19:51:56,015 [ERROR] LogOutputStream:75 - [STDERR_REDIRECT] [Fatal Error] :1:1: Premature end of file.
2026-04-08 19:51:56,015 [ERROR] LogOutputStream:75 - [STDERR_REDIRECT] 
2026-04-08 19:51:57,004 [ERROR] LogOutputStream:75 - [STDERR_REDIRECT] [Fatal Error] :1:1: Premature end of file.
2026-04-08 19:51:57,005 [ERROR] LogOutputStream:75 - [STDERR_REDIRECT] 
2026-04-08 19:51:57,997 [ERROR] LogOutputStream:75 - [STDERR_REDIRECT] [Fatal Error] :1:1: Premature end of file.
2026-04-08 19:51:57,997 [ERROR] LogOutputStream:75 - [STDERR_REDIRECT] 
2026-04-08 19:51:59,001 [ERROR] LogOutputStream:75 - [STDERR_REDIRECT] [Fatal Error] :1:1: Premature end of file.
2026-04-08 19:51:59,002 [ERROR] LogOutputStream:75 - [STDERR_REDIRECT] 
2026-04-08 19:51:59,990 [ERROR] LogOutputStream:75 - [STDERR_REDIRECT] [Fatal Error] :1:1: Premature end of file.
2026-04-08 19:51:59,990 [ERROR] LogOutputStream:75 - [STDERR_REDIRECT] 
2026-04-08 19:52:00,998 [ERROR] LogOutputStream:75 - [STDERR_REDIRECT] [Fatal Error] :1:1: Premature end of file.
2026-04-08 19:52:00,998 [ERROR] LogOutputStream:75 - [STDERR_REDIRECT] 
2026-04-08 19:52:02,010 [ERROR] LogOutputStream:75 - [STDERR_REDIRECT] [Fatal Error] :1:1: Premature end of file.
2026-04-08 19:52:02,010 [ERROR] LogOutputStream:75 - [STDERR_REDIRECT] 
2026-04-08 19:52:02,998 [ERROR] LogOutputStream:75 - [STDERR_REDIRECT] [Fatal Error] :1:1: Premature end of file.
2026-04-08 19:52:02,998 [ERROR] LogOutputStream:75 - [STDERR_REDIRECT] 
2026-04-08 19:52:04,001 [ERROR] LogOutputStream:75 - [STDERR_REDIRECT] [Fatal Error] :1:1: Premature end of file.
2026-04-08 19:52:04,002 [ERROR] LogOutputStream:75 - [STDERR_REDIRECT] 
2026-04-08 19:52:04,998 [ERROR] LogOutputStream:75 - [STDERR_REDIRECT] [Fatal Error] :1:1: Premature end of file.
2026-04-08 19:52:04,998 [ERROR] LogOutputStream:75 - [STDERR_REDIRECT] 
2026-04-08 19:52:06,002 [ERROR] LogOutputStream:75 - [STDERR_REDIRECT] [Fatal Error] :1:1: Premature end of file.
2026-04-08 19:52:06,003 [ERROR] LogOutputStream:75 - [STDERR_REDIRECT] 
2026-04-08 19:52:06,999 [ERROR] LogOutputStream:75 - [STDERR_REDIRECT] [Fatal Error] :1:1: Premature end of file.
2026-04-08 19:52:06,999 [ERROR] LogOutputStream:75 - [STDERR_REDIRECT] 
2026-04-08 19:52:08,080 [ERROR] LogOutputStream:75 - [STDERR_REDIRECT] [Fatal Error] :1:1: Premature end of file.
2026-04-08 19:52:08,081 [ERROR] LogOutputStream:75 - [STDERR_REDIRECT] 
2026-04-08 19:52:09,007 [ERROR] LogOutputStream:75 - [STDERR_REDIRECT] [Fatal Error] :1:1: Premature end of file.
2026-04-08 19:52:09,007 [ERROR] LogOutputStream:75 - [STDERR_REDIRECT] 
2026-04-08 19:52:10,014 [ERROR] LogOutputStream:75 - [STDERR_REDIRECT] [Fatal Error] :1:1: Premature end of file.
2026-04-08 19:52:10,014 [ERROR] LogOutputStream:75 - [STDERR_REDIRECT] 
2026-04-08 19:52:11,008 [ERROR] LogOutputStream:75 - [STDERR_REDIRECT] [Fatal Error] :1:1: Premature end of file.
2026-04-08 19:52:11,008 [ERROR] LogOutputStream:75 - [STDERR_REDIRECT] 
2026-04-08 19:52:12,006 [ERROR] LogOutputStream:75 - [STDERR_REDIRECT] [Fatal Error] :1:1: Premature end of file.
2026-04-08 19:52:12,007 [ERROR] LogOutputStream:75 - [STDERR_REDIRECT] 
2026-04-08 19:52:12,993 [ERROR] LogOutputStream:75 - [STDERR_REDIRECT] [Fatal Error] :1:1: Premature end of file.
2026-04-08 19:52:12,993 [ERROR] LogOutputStream:75 - [STDERR_REDIRECT] 
2026-04-08 19:52:13,999 [ERROR] LogOutputStream:75 - [STDERR_REDIRECT] [Fatal Error] :1:1: Premature end of file.
2026-04-08 19:52:13,999 [ERROR] LogOutputStream:75 - [STDERR_REDIRECT] 
2026-04-08 19:52:14,998 [ERROR] LogOutputStream:75 - [STDERR_REDIRECT] [Fatal Error] :1:1: Premature end of file.
2026-04-08 19:52:14,998 [ERROR] LogOutputStream:75 - [STDERR_REDIRECT] 
2026-04-08 19:52:16,001 [ERROR] LogOutputStream:75 - [STDERR_REDIRECT] [Fatal Error] :1:1: Premature end of file.
2026-04-08 19:52:16,001 [ERROR] LogOutputStream:75 - [STDERR_REDIRECT] 
2026-04-08 19:52:16,989 [ERROR] LogOutputStream:75 - [STDERR_REDIRECT] [Fatal Error] :1:1: Premature end of file.
2026-04-08 19:52:16,989 [ERROR] LogOutputStream:75 - [STDERR_REDIRECT] 
2026-04-08 19:52:17,988 [ERROR] LogOutputStream:75 - [STDERR_REDIRECT] [Fatal Error] :1:1: Premature end of file.
2026-04-08 19:52:17,988 [ERROR] LogOutputStream:75 - [STDERR_REDIRECT] 
2026-04-08 19:52:19,015 [ERROR] LogOutputStream:75 - [STDERR_REDIRECT] [Fatal Error] :1:1: Premature end of file.
2026-04-08 19:52:19,016 [ERROR] LogOutputStream:75 - [STDERR_REDIRECT] 
2026-04-08 19:52:19,997 [ERROR] LogOutputStream:75 - [STDERR_REDIRECT] [Fatal Error] :1:1: Premature end of file.
2026-04-08 19:52:19,999 [ERROR] LogOutputStream:75 - [STDERR_REDIRECT] 
2026-04-08 19:52:20,992 [ERROR] LogOutputStream:75 - [STDERR_REDIRECT] [Fatal Error] :1:1: Premature end of file.
2026-04-08 19:52:20,992 [ERROR] LogOutputStream:75 - [STDERR_REDIRECT] 
2026-04-08 19:52:22,013 [ERROR] LogOutputStream:75 - [STDERR_REDIRECT] [Fatal Error] :1:1: Premature end of file.
2026-04-08 19:52:22,013 [ERROR] LogOutputStream:75 - [STDERR_REDIRECT] 
2026-04-08 19:52:23,029 [ERROR] LogOutputStream:75 - [STDERR_REDIRECT] [Fatal Error] :1:1: Premature end of file.
2026-04-08 19:52:23,029 [ERROR] LogOutputStream:75 - [STDERR_REDIRECT] 
2026-04-08 19:52:24,012 [ERROR] LogOutputStream:75 - [STDERR_REDIRECT] [Fatal Error] :1:1: Premature end of file.
2026-04-08 19:52:24,013 [ERROR] LogOutputStream:75 - [STDERR_REDIRECT] 
2026-04-08 19:52:24,999 [ERROR] LogOutputStream:75 - [STDERR_REDIRECT] [Fatal Error] :1:1: Premature end of file.
2026-04-08 19:52:25,003 [ERROR] LogOutputStream:75 - [STDERR_REDIRECT] 
2026-04-08 19:52:26,018 [ERROR] LogOutputStream:75 - [STDERR_REDIRECT] [Fatal Error] :1:1: Premature end of file.
2026-04-08 19:52:26,019 [ERROR] LogOutputStream:75 - [STDERR_REDIRECT] 
2026-04-08 19:52:27,006 [ERROR] LogOutputStream:75 - [STDERR_REDIRECT] [Fatal Error] :1:1: Premature end of file.
2026-04-08 19:52:27,007 [ERROR] LogOutputStream:75 - [STDERR_REDIRECT] 
2026-04-08 19:52:28,009 [ERROR] LogOutputStream:75 - [STDERR_REDIRECT] [Fatal Error] :1:1: Premature end of file.
2026-04-08 19:52:28,009 [ERROR] LogOutputStream:75 - [STDERR_REDIRECT] 
2026-04-08 19:52:29,016 [ERROR] LogOutputStream:75 - [STDERR_REDIRECT] [Fatal Error] :1:1: Premature end of file.
2026-04-08 19:52:29,016 [ERROR] LogOutputStream:75 - [STDERR_REDIRECT] 
2026-04-08 19:52:30,003 [ERROR] LogOutputStream:75 - [STDERR_REDIRECT] [Fatal Error] :1:1: Premature end of file.
2026-04-08 19:52:30,003 [ERROR] LogOutputStream:75 - [STDERR_REDIRECT] 
2026-04-08 19:52:31,013 [ERROR] LogOutputStream:75 - [STDERR_REDIRECT] [Fatal Error] :1:1: Premature end of file.
2026-04-08 19:52:31,013 [ERROR] LogOutputStream:75 - [STDERR_REDIRECT] 
2026-04-08 19:52:32,003 [ERROR] LogOutputStream:75 - [STDERR_REDIRECT] [Fatal Error] :1:1: Premature end of file.
2026-04-08 19:52:32,004 [ERROR] LogOutputStream:75 - [STDERR_REDIRECT] 
2026-04-08 19:52:32,996 [ERROR] LogOutputStream:75 - [STDERR_REDIRECT] [Fatal Error] :1:1: Premature end of file.
2026-04-08 19:52:32,997 [ERROR] LogOutputStream:75 - [STDERR_REDIRECT] 
2026-04-08 19:52:34,010 [ERROR] LogOutputStream:75 - [STDERR_REDIRECT] [Fatal Error] :1:1: Premature end of file.
2026-04-08 19:52:34,010 [ERROR] LogOutputStream:75 - [STDERR_REDIRECT] 
2026-04-08 19:52:35,015 [ERROR] LogOutputStream:75 - [STDERR_REDIRECT] [Fatal Error] :1:1: Premature end of file.
2026-04-08 19:52:35,015 [ERROR] LogOutputStream:75 - [STDERR_REDIRECT] 
2026-04-08 19:52:36,012 [ERROR] LogOutputStream:75 - [STDERR_REDIRECT] [Fatal Error] :1:1: Premature end of file.
2026-04-08 19:52:36,013 [ERROR] LogOutputStream:75 - [STDERR_REDIRECT] 
2026-04-08 19:52:37,013 [ERROR] LogOutputStream:75 - [STDERR_REDIRECT] [Fatal Error] :1:1: Premature end of file.
2026-04-08 19:52:37,013 [ERROR] LogOutputStream:75 - [STDERR_REDIRECT] 
2026-04-08 19:52:37,992 [ERROR] LogOutputStream:75 - [STDERR_REDIRECT] [Fatal Error] :1:1: Premature end of file.
2026-04-08 19:52:37,993 [ERROR] LogOutputStream:75 - [STDERR_REDIRECT] 
2026-04-08 19:52:39,007 [ERROR] LogOutputStream:75 - [STDERR_REDIRECT] [Fatal Error] :1:1: Premature end of file.
2026-04-08 19:52:39,007 [ERROR] LogOutputStream:75 - [STDERR_REDIRECT] 
2026-04-08 19:52:39,993 [ERROR] LogOutputStream:75 - [STDERR_REDIRECT] [Fatal Error] :1:1: Premature end of file.
2026-04-08 19:52:39,994 [ERROR] LogOutputStream:75 - [STDERR_REDIRECT] 
2026-04-08 19:52:41,007 [ERROR] LogOutputStream:75 - [STDERR_REDIRECT] [Fatal Error] :1:1: Premature end of file.
2026-04-08 19:52:41,007 [ERROR] LogOutputStream:75 - [STDERR_REDIRECT] 
2026-04-08 19:52:42,011 [ERROR] LogOutputStream:75 - [STDERR_REDIRECT] [Fatal Error] :1:1: Premature end of file.
2026-04-08 19:52:42,011 [ERROR] LogOutputStream:75 - [STDERR_REDIRECT] 
2026-04-08 19:52:43,000 [ERROR] LogOutputStream:75 - [STDERR_REDIRECT] [Fatal Error] :1:1: Premature end of file.
2026-04-08 19:52:43,000 [ERROR] LogOutputStream:75 - [STDERR_REDIRECT] 
2026-04-08 19:52:44,002 [ERROR] LogOutputStream:75 - [STDERR_REDIRECT] [Fatal Error] :1:1: Premature end of file.
2026-04-08 19:52:44,002 [ERROR] LogOutputStream:75 - [STDERR_REDIRECT] 
2026-04-08 19:52:45,008 [ERROR] LogOutputStream:75 - [STDERR_REDIRECT] [Fatal Error] :1:1: Premature end of file.
2026-04-08 19:52:45,008 [ERROR] LogOutputStream:75 - [STDERR_REDIRECT] 
2026-04-08 19:52:45,998 [ERROR] LogOutputStream:75 - [STDERR_REDIRECT] [Fatal Error] :1:1: Premature end of file.
2026-04-08 19:52:45,998 [ERROR] LogOutputStream:75 - [STDERR_REDIRECT] 
2026-04-08 19:52:46,997 [ERROR] LogOutputStream:75 - [STDERR_REDIRECT] [Fatal Error] :1:1: Premature end of file.
2026-04-08 19:52:46,997 [ERROR] LogOutputStream:75 - [STDERR_REDIRECT] 
2026-04-08 19:52:48,007 [ERROR] LogOutputStream:75 - [STDERR_REDIRECT] [Fatal Error] :1:1: Premature end of file.
2026-04-08 19:52:48,007 [ERROR] LogOutputStream:75 - [STDERR_REDIRECT] 
2026-04-08 19:52:48,998 [ERROR] LogOutputStream:75 - [STDERR_REDIRECT] [Fatal Error] :1:1: Premature end of file.
2026-04-08 19:52:48,999 [ERROR] LogOutputStream:75 - [STDERR_REDIRECT] 
2026-04-08 19:52:49,981 [ERROR] LogOutputStream:75 - [STDERR_REDIRECT] [Fatal Error] :1:1: Premature end of file.
2026-04-08 19:52:49,981 [ERROR] LogOutputStream:75 - [STDERR_REDIRECT] 
2026-04-08 19:52:51,002 [ERROR] LogOutputStream:75 - [STDERR_REDIRECT] [Fatal Error] :1:1: Premature end of file.
2026-04-08 19:52:51,002 [ERROR] LogOutputStream:75 - [STDERR_REDIRECT] 
2026-04-08 19:52:51,994 [ERROR] LogOutputStream:75 - [STDERR_REDIRECT] [Fatal Error] :1:1: Premature end of file.
2026-04-08 19:52:51,994 [ERROR] LogOutputStream:75 - [STDERR_REDIRECT] 
2026-04-08 19:52:52,996 [ERROR] LogOutputStream:75 - [STDERR_REDIRECT] [Fatal Error] :1:1: Premature end of file.
2026-04-08 19:52:52,997 [ERROR] LogOutputStream:75 - [STDERR_REDIRECT] 
2026-04-08 19:52:54,004 [ERROR] LogOutputStream:75 - [STDERR_REDIRECT] [Fatal Error] :1:1: Premature end of file.
2026-04-08 19:52:54,004 [ERROR] LogOutputStream:75 - [STDERR_REDIRECT] 
2026-04-08 19:52:54,996 [ERROR] LogOutputStream:75 - [STDERR_REDIRECT] [Fatal Error] :1:1: Premature end of file.
2026-04-08 19:52:54,996 [ERROR] LogOutputStream:75 - [STDERR_REDIRECT] 
2026-04-08 19:52:55,998 [ERROR] LogOutputStream:75 - [STDERR_REDIRECT] [Fatal Error] :1:1: Premature end of file.
2026-04-08 19:52:55,998 [ERROR] LogOutputStream:75 - [STDERR_REDIRECT] 
2026-04-08 19:52:57,000 [ERROR] LogOutputStream:75 - [STDERR_REDIRECT] [Fatal Error] :1:1: Premature end of file.
2026-04-08 19:52:57,001 [ERROR] LogOutputStream:75 - [STDERR_REDIRECT] 
2026-04-08 19:52:58,002 [ERROR] LogOutputStream:75 - [STDERR_REDIRECT] [Fatal Error] :1:1: Premature end of file.
2026-04-08 19:52:58,002 [ERROR] LogOutputStream:75 - [STDERR_REDIRECT] 
2026-04-08 19:52:58,999 [ERROR] LogOutputStream:75 - [STDERR_REDIRECT] [Fatal Error] :1:1: Premature end of file.
2026-04-08 19:52:58,999 [ERROR] LogOutputStream:75 - [STDERR_REDIRECT] 
2026-04-08 19:52:59,993 [ERROR] LogOutputStream:75 - [STDERR_REDIRECT] [Fatal Error] :1:1: Premature end of file.
2026-04-08 19:52:59,994 [ERROR] LogOutputStream:75 - [STDERR_REDIRECT] 
2026-04-08 19:53:00,998 [ERROR] LogOutputStream:75 - [STDERR_REDIRECT] [Fatal Error] :1:1: Premature end of file.
2026-04-08 19:53:00,998 [ERROR] LogOutputStream:75 - [STDERR_REDIRECT] 
2026-04-08 19:53:01,994 [ERROR] LogOutputStream:75 - [STDERR_REDIRECT] [Fatal Error] :1:1: Premature end of file.
2026-04-08 19:53:01,994 [ERROR] LogOutputStream:75 - [STDERR_REDIRECT] 
2026-04-08 19:53:03,002 [ERROR] LogOutputStream:75 - [STDERR_REDIRECT] [Fatal Error] :1:1: Premature end of file.
2026-04-08 19:53:03,003 [ERROR] LogOutputStream:75 - [STDERR_REDIRECT] 
2026-04-08 19:53:04,000 [ERROR] LogOutputStream:75 - [STDERR_REDIRECT] [Fatal Error] :1:1: Premature end of file.
2026-04-08 19:53:04,000 [ERROR] LogOutputStream:75 - [STDERR_REDIRECT] 
2026-04-08 19:53:04,996 [ERROR] LogOutputStream:75 - [STDERR_REDIRECT] [Fatal Error] :1:1: Premature end of file.
2026-04-08 19:53:04,997 [ERROR] LogOutputStream:75 - [STDERR_REDIRECT] 
2026-04-08 19:53:05,997 [ERROR] LogOutputStream:75 - [STDERR_REDIRECT] [Fatal Error] :1:1: Premature end of file.
2026-04-08 19:53:05,997 [ERROR] LogOutputStream:75 - [STDERR_REDIRECT] 
2026-04-08 19:53:07,000 [ERROR] LogOutputStream:75 - [STDERR_REDIRECT] [Fatal Error] :1:1: Premature end of file.
2026-04-08 19:53:07,001 [ERROR] LogOutputStream:75 - [STDERR_REDIRECT] 
2026-04-08 19:53:08,003 [ERROR] LogOutputStream:75 - [STDERR_REDIRECT] [Fatal Error] :1:1: Premature end of file.
2026-04-08 19:53:08,003 [ERROR] LogOutputStream:75 - [STDERR_REDIRECT] 
2026-04-08 19:53:08,987 [ERROR] LogOutputStream:75 - [STDERR_REDIRECT] [Fatal Error] :1:1: Premature end of file.
2026-04-08 19:53:08,987 [ERROR] LogOutputStream:75 - [STDERR_REDIRECT] 
2026-04-08 19:53:10,013 [ERROR] LogOutputStream:75 - [STDERR_REDIRECT] [Fatal Error] :1:1: Premature end of file.
2026-04-08 19:53:10,013 [ERROR] LogOutputStream:75 - [STDERR_REDIRECT] 
2026-04-08 19:53:10,996 [ERROR] LogOutputStream:75 - [STDERR_REDIRECT] [Fatal Error] :1:1: Premature end of file.
2026-04-08 19:53:10,996 [ERROR] LogOutputStream:75 - [STDERR_REDIRECT] 
2026-04-08 19:53:12,100 [ERROR] LogOutputStream:75 - [STDERR_REDIRECT] [Fatal Error] :1:1: Premature end of file.
2026-04-08 19:53:12,100 [ERROR] LogOutputStream:75 - [STDERR_REDIRECT] 
2026-04-08 19:53:13,008 [ERROR] LogOutputStream:75 - [STDERR_REDIRECT] [Fatal Error] :1:1: Premature end of file.
2026-04-08 19:53:13,008 [ERROR] LogOutputStream:75 - [STDERR_REDIRECT] 
2026-04-08 19:53:14,001 [ERROR] LogOutputStream:75 - [STDERR_REDIRECT] [Fatal Error] :1:1: Premature end of file.
2026-04-08 19:53:14,001 [ERROR] LogOutputStream:75 - [STDERR_REDIRECT] 
2026-04-08 19:53:15,009 [ERROR] LogOutputStream:75 - [STDERR_REDIRECT] [Fatal Error] :1:1: Premature end of file.
2026-04-08 19:53:15,009 [ERROR] LogOutputStream:75 - [STDERR_REDIRECT] 
2026-04-08 19:53:15,989 [ERROR] LogOutputStream:75 - [STDERR_REDIRECT] [Fatal Error] :1:1: Premature end of file.
2026-04-08 19:53:15,989 [ERROR] LogOutputStream:75 - [STDERR_REDIRECT] 
2026-04-08 19:53:17,003 [ERROR] LogOutputStream:75 - [STDERR_REDIRECT] [Fatal Error] :1:1: Premature end of file.
2026-04-08 19:53:17,003 [ERROR] LogOutputStream:75 - [STDERR_REDIRECT] 
2026-04-08 19:53:17,984 [ERROR] LogOutputStream:75 - [STDERR_REDIRECT] [Fatal Error] :1:1: Premature end of file.
2026-04-08 19:53:17,987 [ERROR] LogOutputStream:75 - [STDERR_REDIRECT] 
2026-04-08 19:53:18,998 [ERROR] LogOutputStream:75 - [STDERR_REDIRECT] [Fatal Error] :1:1: Premature end of file.
2026-04-08 19:53:18,998 [ERROR] LogOutputStream:75 - [STDERR_REDIRECT] 
2026-04-08 19:53:20,002 [ERROR] LogOutputStream:75 - [STDERR_REDIRECT] [Fatal Error] :1:1: Premature end of file.
2026-04-08 19:53:20,004 [ERROR] LogOutputStream:75 - [STDERR_REDIRECT] 
2026-04-08 19:53:21,000 [ERROR] LogOutputStream:75 - [STDERR_REDIRECT] [Fatal Error] :1:1: Premature end of file.
2026-04-08 19:53:21,000 [ERROR] LogOutputStream:75 - [STDERR_REDIRECT] 
2026-04-08 19:53:22,002 [ERROR] LogOutputStream:75 - [STDERR_REDIRECT] [Fatal Error] :1:1: Premature end of file.
2026-04-08 19:53:22,002 [ERROR] LogOutputStream:75 - [STDERR_REDIRECT] 
2026-04-08 19:53:22,996 [ERROR] LogOutputStream:75 - [STDERR_REDIRECT] [Fatal Error] :1:1: Premature end of file.
2026-04-08 19:53:22,997 [ERROR] LogOutputStream:75 - [STDERR_REDIRECT] 
2026-04-08 19:53:24,006 [ERROR] LogOutputStream:75 - [STDERR_REDIRECT] [Fatal Error] :1:1: Premature end of file.
2026-04-08 19:53:24,007 [ERROR] LogOutputStream:75 - [STDERR_REDIRECT] 
2026-04-08 19:53:25,007 [ERROR] LogOutputStream:75 - [STDERR_REDIRECT] [Fatal Error] :1:1: Premature end of file.
2026-04-08 19:53:25,007 [ERROR] LogOutputStream:75 - [STDERR_REDIRECT] 
2026-04-08 19:53:26,009 [ERROR] LogOutputStream:75 - [STDERR_REDIRECT] [Fatal Error] :1:1: Premature end of file.
2026-04-08 19:53:26,010 [ERROR] LogOutputStream:75 - [STDERR_REDIRECT] 
2026-04-08 19:53:27,001 [ERROR] LogOutputStream:75 - [STDERR_REDIRECT] [Fatal Error] :1:1: Premature end of file.
2026-04-08 19:53:27,001 [ERROR] LogOutputStream:75 - [STDERR_REDIRECT] 
2026-04-08 19:53:27,997 [ERROR] LogOutputStream:75 - [STDERR_REDIRECT] [Fatal Error] :1:1: Premature end of file.
2026-04-08 19:53:27,998 [ERROR] LogOutputStream:75 - [STDERR_REDIRECT] 
2026-04-08 19:53:29,000 [ERROR] LogOutputStream:75 - [STDERR_REDIRECT] [Fatal Error] :1:1: Premature end of file.
2026-04-08 19:53:29,000 [ERROR] LogOutputStream:75 - [STDERR_REDIRECT] 
2026-04-08 19:53:29,996 [ERROR] LogOutputStream:75 - [STDERR_REDIRECT] [Fatal Error] :1:1: Premature end of file.
2026-04-08 19:53:29,996 [ERROR] LogOutputStream:75 - [STDERR_REDIRECT] 
2026-04-08 19:53:31,009 [ERROR] LogOutputStream:75 - [STDERR_REDIRECT] [Fatal Error] :1:1: Premature end of file.
2026-04-08 19:53:31,009 [ERROR] LogOutputStream:75 - [STDERR_REDIRECT] 
2026-04-08 19:53:31,998 [ERROR] LogOutputStream:75 - [STDERR_REDIRECT] [Fatal Error] :1:1: Premature end of file.
2026-04-08 19:53:31,998 [ERROR] LogOutputStream:75 - [STDERR_REDIRECT] 
2026-04-08 19:53:33,000 [ERROR] LogOutputStream:75 - [STDERR_REDIRECT] [Fatal Error] :1:1: Premature end of file.
2026-04-08 19:53:33,000 [ERROR] LogOutputStream:75 - [STDERR_REDIRECT] 
2026-04-08 19:53:33,997 [ERROR] LogOutputStream:75 - [STDERR_REDIRECT] [Fatal Error] :1:1: Premature end of file.
2026-04-08 19:53:33,997 [ERROR] LogOutputStream:75 - [STDERR_REDIRECT] 
2026-04-08 19:53:35,003 [ERROR] LogOutputStream:75 - [STDERR_REDIRECT] [Fatal Error] :1:1: Premature end of file.
2026-04-08 19:53:35,003 [ERROR] LogOutputStream:75 - [STDERR_REDIRECT] 
2026-04-08 19:53:35,993 [ERROR] LogOutputStream:75 - [STDERR_REDIRECT] [Fatal Error] :1:1: Premature end of file.
2026-04-08 19:53:35,993 [ERROR] LogOutputStream:75 - [STDERR_REDIRECT] 
2026-04-08 19:53:37,005 [ERROR] LogOutputStream:75 - [STDERR_REDIRECT] [Fatal Error] :1:1: Premature end of file.
2026-04-08 19:53:37,005 [ERROR] LogOutputStream:75 - [STDERR_REDIRECT] 
2026-04-08 19:53:37,996 [ERROR] LogOutputStream:75 - [STDERR_REDIRECT] [Fatal Error] :1:1: Premature end of file.
2026-04-08 19:53:37,998 [ERROR] LogOutputStream:75 - [STDERR_REDIRECT] 
2026-04-08 19:53:39,000 [ERROR] LogOutputStream:75 - [STDERR_REDIRECT] [Fatal Error] :1:1: Premature end of file.
2026-04-08 19:53:39,001 [ERROR] LogOutputStream:75 - [STDERR_REDIRECT] 
2026-04-08 19:53:40,005 [ERROR] LogOutputStream:75 - [STDERR_REDIRECT] [Fatal Error] :1:1: Premature end of file.
2026-04-08 19:53:40,005 [ERROR] LogOutputStream:75 - [STDERR_REDIRECT] 
2026-04-08 19:53:40,989 [ERROR] LogOutputStream:75 - [STDERR_REDIRECT] [Fatal Error] :1:1: Premature end of file.
2026-04-08 19:53:40,990 [ERROR] LogOutputStream:75 - [STDERR_REDIRECT] 
2026-04-08 19:53:41,999 [ERROR] LogOutputStream:75 - [STDERR_REDIRECT] [Fatal Error] :1:1: Premature end of file.
2026-04-08 19:53:42,000 [ERROR] LogOutputStream:75 - [STDERR_REDIRECT] 
2026-04-08 19:53:43,007 [ERROR] LogOutputStream:75 - [STDERR_REDIRECT] [Fatal Error] :1:1: Premature end of file.
2026-04-08 19:53:43,007 [ERROR] LogOutputStream:75 - [STDERR_REDIRECT] 
2026-04-08 19:53:43,996 [ERROR] LogOutputStream:75 - [STDERR_REDIRECT] [Fatal Error] :1:1: Premature end of file.
2026-04-08 19:53:43,996 [ERROR] LogOutputStream:75 - [STDERR_REDIRECT] 
2026-04-08 19:53:45,014 [ERROR] LogOutputStream:75 - [STDERR_REDIRECT] [Fatal Error] :1:1: Premature end of file.
2026-04-08 19:53:45,014 [ERROR] LogOutputStream:75 - [STDERR_REDIRECT] 
2026-04-08 19:53:46,009 [ERROR] LogOutputStream:75 - [STDERR_REDIRECT] [Fatal Error] :1:1: Premature end of file.
2026-04-08 19:53:46,009 [ERROR] LogOutputStream:75 - [STDERR_REDIRECT] 
2026-04-08 19:53:47,006 [ERROR] LogOutputStream:75 - [STDERR_REDIRECT] [Fatal Error] :1:1: Premature end of file.
2026-04-08 19:53:47,006 [ERROR] LogOutputStream:75 - [STDERR_REDIRECT] 
2026-04-08 19:53:48,014 [ERROR] LogOutputStream:75 - [STDERR_REDIRECT] [Fatal Error] :1:1: Premature end of file.
2026-04-08 19:53:48,015 [ERROR] LogOutputStream:75 - [STDERR_REDIRECT] 
2026-04-08 19:53:48,998 [ERROR] LogOutputStream:75 - [STDERR_REDIRECT] [Fatal Error] :1:1: Premature end of file.
2026-04-08 19:53:48,998 [ERROR] LogOutputStream:75 - [STDERR_REDIRECT] 
2026-04-08 19:53:50,014 [ERROR] LogOutputStream:75 - [STDERR_REDIRECT] [Fatal Error] :1:1: Premature end of file.
2026-04-08 19:53:50,015 [ERROR] LogOutputStream:75 - [STDERR_REDIRECT] 
2026-04-08 19:53:50,985 [ERROR] LogOutputStream:75 - [STDERR_REDIRECT] [Fatal Error] :1:1: Premature end of file.
2026-04-08 19:53:50,985 [ERROR] LogOutputStream:75 - [STDERR_REDIRECT] 
2026-04-08 19:53:52,009 [ERROR] LogOutputStream:75 - [STDERR_REDIRECT] [Fatal Error] :1:1: Premature end of file.
2026-04-08 19:53:52,010 [ERROR] LogOutputStream:75 - [STDERR_REDIRECT] 
2026-04-08 19:53:53,003 [ERROR] LogOutputStream:75 - [STDERR_REDIRECT] [Fatal Error] :1:1: Premature end of file.
2026-04-08 19:53:53,003 [ERROR] LogOutputStream:75 - [STDERR_REDIRECT] 
2026-04-08 19:53:54,009 [ERROR] LogOutputStream:75 - [STDERR_REDIRECT] [Fatal Error] :1:1: Premature end of file.
2026-04-08 19:53:54,009 [ERROR] LogOutputStream:75 - [STDERR_REDIRECT] 
2026-04-08 19:53:55,010 [ERROR] LogOutputStream:75 - [STDERR_REDIRECT] [Fatal Error] :1:1: Premature end of file.
2026-04-08 19:53:55,010 [ERROR] LogOutputStream:75 - [STDERR_REDIRECT] 
2026-04-08 19:53:56,013 [ERROR] LogOutputStream:75 - [STDERR_REDIRECT] [Fatal Error] :1:1: Premature end of file.
2026-04-08 19:53:56,013 [ERROR] LogOutputStream:75 - [STDERR_REDIRECT] 
2026-04-08 19:53:57,010 [ERROR] LogOutputStream:75 - [STDERR_REDIRECT] [Fatal Error] :1:1: Premature end of file.
2026-04-08 19:53:57,011 [ERROR] LogOutputStream:75 - [STDERR_REDIRECT] 
2026-04-08 19:53:58,010 [ERROR] LogOutputStream:75 - [STDERR_REDIRECT] [Fatal Error] :1:1: Premature end of file.
2026-04-08 19:53:58,010 [ERROR] LogOutputStream:75 - [STDERR_REDIRECT] 
2026-04-08 19:53:58,986 [ERROR] LogOutputStream:75 - [STDERR_REDIRECT] [Fatal Error] :1:1: Premature end of file.
2026-04-08 19:53:58,986 [ERROR] LogOutputStream:75 - [STDERR_REDIRECT] 
2026-04-08 19:53:59,986 [ERROR] LogOutputStream:75 - [STDERR_REDIRECT] [Fatal Error] :1:1: Premature end of file.
2026-04-08 19:53:59,987 [ERROR] LogOutputStream:75 - [STDERR_REDIRECT] 
2026-04-08 19:54:01,014 [ERROR] LogOutputStream:75 - [STDERR_REDIRECT] [Fatal Error] :1:1: Premature end of file.
2026-04-08 19:54:01,015 [ERROR] LogOutputStream:75 - [STDERR_REDIRECT] 
2026-04-08 19:54:02,007 [ERROR] LogOutputStream:75 - [STDERR_REDIRECT] [Fatal Error] :1:1: Premature end of file.
2026-04-08 19:54:02,007 [ERROR] LogOutputStream:75 - [STDERR_REDIRECT] 
2026-04-08 19:54:03,014 [ERROR] LogOutputStream:75 - [STDERR_REDIRECT] [Fatal Error] :1:1: Premature end of file.
2026-04-08 19:54:03,014 [ERROR] LogOutputStream:75 - [STDERR_REDIRECT] 
2026-04-08 19:54:04,009 [ERROR] LogOutputStream:75 - [STDERR_REDIRECT] [Fatal Error] :1:1: Premature end of file.
2026-04-08 19:54:04,009 [ERROR] LogOutputStream:75 - [STDERR_REDIRECT] 
2026-04-08 19:54:05,017 [ERROR] LogOutputStream:75 - [STDERR_REDIRECT] [Fatal Error] :1:1: Premature end of file.
2026-04-08 19:54:05,017 [ERROR] LogOutputStream:75 - [STDERR_REDIRECT] 
2026-04-08 19:54:06,010 [ERROR] LogOutputStream:75 - [STDERR_REDIRECT] [Fatal Error] :1:1: Premature end of file.
2026-04-08 19:54:06,011 [ERROR] LogOutputStream:75 - [STDERR_REDIRECT] 
2026-04-08 19:54:07,011 [ERROR] LogOutputStream:75 - [STDERR_REDIRECT] [Fatal Error] :1:1: Premature end of file.
2026-04-08 19:54:07,011 [ERROR] LogOutputStream:75 - [STDERR_REDIRECT] 
2026-04-08 19:54:08,007 [ERROR] LogOutputStream:75 - [STDERR_REDIRECT] [Fatal Error] :1:1: Premature end of file.
2026-04-08 19:54:08,007 [ERROR] LogOutputStream:75 - [STDERR_REDIRECT] 
2026-04-08 19:54:09,011 [ERROR] LogOutputStream:75 - [STDERR_REDIRECT] [Fatal Error] :1:1: Premature end of file.
2026-04-08 19:54:09,011 [ERROR] LogOutputStream:75 - [STDERR_REDIRECT] 
2026-04-08 19:54:10,007 [ERROR] LogOutputStream:75 - [STDERR_REDIRECT] [Fatal Error] :1:1: Premature end of file.
2026-04-08 19:54:10,007 [ERROR] LogOutputStream:75 - [STDERR_REDIRECT] 
2026-04-08 19:54:11,010 [ERROR] LogOutputStream:75 - [STDERR_REDIRECT] [Fatal Error] :1:1: Premature end of file.
2026-04-08 19:54:11,011 [ERROR] LogOutputStream:75 - [STDERR_REDIRECT] 
2026-04-08 19:54:12,009 [ERROR] LogOutputStream:75 - [STDERR_REDIRECT] [Fatal Error] :1:1: Premature end of file.
2026-04-08 19:54:12,011 [ERROR] LogOutputStream:75 - [STDERR_REDIRECT] 
2026-04-08 19:54:13,006 [ERROR] LogOutputStream:75 - [STDERR_REDIRECT] [Fatal Error] :1:1: Premature end of file.
2026-04-08 19:54:13,006 [ERROR] LogOutputStream:75 - [STDERR_REDIRECT] 
2026-04-08 19:54:14,016 [ERROR] LogOutputStream:75 - [STDERR_REDIRECT] [Fatal Error] :1:1: Premature end of file.
2026-04-08 19:54:14,016 [ERROR] LogOutputStream:75 - [STDERR_REDIRECT] 
2026-04-08 19:54:15,016 [ERROR] LogOutputStream:75 - [STDERR_REDIRECT] [Fatal Error] :1:1: Premature end of file.
2026-04-08 19:54:15,016 [ERROR] LogOutputStream:75 - [STDERR_REDIRECT] 
2026-04-08 19:54:16,008 [ERROR] LogOutputStream:75 - [STDERR_REDIRECT] [Fatal Error] :1:1: Premature end of file.
2026-04-08 19:54:16,008 [ERROR] LogOutputStream:75 - [STDERR_REDIRECT] 
2026-04-08 19:54:17,010 [ERROR] LogOutputStream:75 - [STDERR_REDIRECT] [Fatal Error] :1:1: Premature end of file.
2026-04-08 19:54:17,010 [ERROR] LogOutputStream:75 - [STDERR_REDIRECT] 
2026-04-08 19:54:18,016 [ERROR] LogOutputStream:75 - [STDERR_REDIRECT] [Fatal Error] :1:1: Premature end of file.
2026-04-08 19:54:18,016 [ERROR] LogOutputStream:75 - [STDERR_REDIRECT] 
2026-04-08 19:54:18,991 [ERROR] LogOutputStream:75 - [STDERR_REDIRECT] [Fatal Error] :1:1: Premature end of file.
2026-04-08 19:54:18,991 [ERROR] LogOutputStream:75 - [STDERR_REDIRECT] 
2026-04-08 19:54:20,001 [ERROR] LogOutputStream:75 - [STDERR_REDIRECT] [Fatal Error] :1:1: Premature end of file.
2026-04-08 19:54:20,001 [ERROR] LogOutputStream:75 - [STDERR_REDIRECT] 
2026-04-08 19:54:21,007 [ERROR] LogOutputStream:75 - [STDERR_REDIRECT] [Fatal Error] :1:1: Premature end of file.
2026-04-08 19:54:21,007 [ERROR] LogOutputStream:75 - [STDERR_REDIRECT] 
2026-04-08 19:54:21,999 [ERROR] LogOutputStream:75 - [STDERR_REDIRECT] [Fatal Error] :1:1: Premature end of file.
2026-04-08 19:54:21,999 [ERROR] LogOutputStream:75 - [STDERR_REDIRECT] 
2026-04-08 19:54:23,016 [ERROR] LogOutputStream:75 - [STDERR_REDIRECT] [Fatal Error] :1:1: Premature end of file.
2026-04-08 19:54:23,017 [ERROR] LogOutputStream:75 - [STDERR_REDIRECT] 
2026-04-08 19:54:24,009 [ERROR] LogOutputStream:75 - [STDERR_REDIRECT] [Fatal Error] :1:1: Premature end of file.
2026-04-08 19:54:24,009 [ERROR] LogOutputStream:75 - [STDERR_REDIRECT] 
2026-04-08 19:54:25,012 [ERROR] LogOutputStream:75 - [STDERR_REDIRECT] [Fatal Error] :1:1: Premature end of file.
2026-04-08 19:54:25,013 [ERROR] LogOutputStream:75 - [STDERR_REDIRECT] 
2026-04-08 19:54:25,987 [ERROR] LogOutputStream:75 - [STDERR_REDIRECT] [Fatal Error] :1:1: Premature end of file.
2026-04-08 19:54:25,987 [ERROR] LogOutputStream:75 - [STDERR_REDIRECT] 
2026-04-08 19:54:27,008 [ERROR] LogOutputStream:75 - [STDERR_REDIRECT] [Fatal Error] :1:1: Premature end of file.
2026-04-08 19:54:27,009 [ERROR] LogOutputStream:75 - [STDERR_REDIRECT] 
2026-04-08 19:54:28,009 [ERROR] LogOutputStream:75 - [STDERR_REDIRECT] [Fatal Error] :1:1: Premature end of file.
2026-04-08 19:54:28,009 [ERROR] LogOutputStream:75 - [STDERR_REDIRECT] 
2026-04-08 19:54:29,004 [ERROR] LogOutputStream:75 - [STDERR_REDIRECT] [Fatal Error] :1:1: Premature end of file.
2026-04-08 19:54:29,004 [ERROR] LogOutputStream:75 - [STDERR_REDIRECT] 
2026-04-08 19:54:29,999 [ERROR] LogOutputStream:75 - [STDERR_REDIRECT] [Fatal Error] :1:1: Premature end of file.
2026-04-08 19:54:30,000 [ERROR] LogOutputStream:75 - [STDERR_REDIRECT] 
2026-04-08 19:54:31,012 [ERROR] LogOutputStream:75 - [STDERR_REDIRECT] [Fatal Error] :1:1: Premature end of file.
2026-04-08 19:54:31,012 [ERROR] LogOutputStream:75 - [STDERR_REDIRECT] 
2026-04-08 19:54:32,008 [ERROR] LogOutputStream:75 - [STDERR_REDIRECT] [Fatal Error] :1:1: Premature end of file.
2026-04-08 19:54:32,009 [ERROR] LogOutputStream:75 - [STDERR_REDIRECT] 
2026-04-08 19:54:33,001 [ERROR] LogOutputStream:75 - [STDERR_REDIRECT] [Fatal Error] :1:1: Premature end of file.
2026-04-08 19:54:33,001 [ERROR] LogOutputStream:75 - [STDERR_REDIRECT] 
2026-04-08 19:54:34,005 [ERROR] LogOutputStream:75 - [STDERR_REDIRECT] [Fatal Error] :1:1: Premature end of file.
2026-04-08 19:54:34,005 [ERROR] LogOutputStream:75 - [STDERR_REDIRECT] 
2026-04-08 19:54:35,012 [ERROR] LogOutputStream:75 - [STDERR_REDIRECT] [Fatal Error] :1:1: Premature end of file.
2026-04-08 19:54:35,012 [ERROR] LogOutputStream:75 - [STDERR_REDIRECT] 
2026-04-08 19:54:36,005 [ERROR] LogOutputStream:75 - [STDERR_REDIRECT] [Fatal Error] :1:1: Premature end of file.
2026-04-08 19:54:36,005 [ERROR] LogOutputStream:75 - [STDERR_REDIRECT] 
2026-04-08 19:54:37,002 [ERROR] LogOutputStream:75 - [STDERR_REDIRECT] [Fatal Error] :1:1: Premature end of file.
2026-04-08 19:54:37,002 [ERROR] LogOutputStream:75 - [STDERR_REDIRECT] 
2026-04-08 19:54:38,007 [ERROR] LogOutputStream:75 - [STDERR_REDIRECT] [Fatal Error] :1:1: Premature end of file.
2026-04-08 19:54:38,007 [ERROR] LogOutputStream:75 - [STDERR_REDIRECT] 
2026-04-08 19:54:39,007 [ERROR] LogOutputStream:75 - [STDERR_REDIRECT] [Fatal Error] :1:1: Premature end of file.
2026-04-08 19:54:39,007 [ERROR] LogOutputStream:75 - [STDERR_REDIRECT] 
2026-04-08 19:54:39,994 [ERROR] LogOutputStream:75 - [STDERR_REDIRECT] [Fatal Error] :1:1: Premature end of file.
2026-04-08 19:54:39,994 [ERROR] LogOutputStream:75 - [STDERR_REDIRECT] 
2026-04-08 19:54:41,008 [ERROR] LogOutputStream:75 - [STDERR_REDIRECT] [Fatal Error] :1:1: Premature end of file.
2026-04-08 19:54:41,008 [ERROR] LogOutputStream:75 - [STDERR_REDIRECT] 
2026-04-08 19:54:42,002 [ERROR] LogOutputStream:75 - [STDERR_REDIRECT] [Fatal Error] :1:1: Premature end of file.
2026-04-08 19:54:42,002 [ERROR] LogOutputStream:75 - [STDERR_REDIRECT] 
2026-04-08 19:54:42,996 [ERROR] LogOutputStream:75 - [STDERR_REDIRECT] [Fatal Error] :1:1: Premature end of file.
2026-04-08 19:54:42,997 [ERROR] LogOutputStream:75 - [STDERR_REDIRECT] 
2026-04-08 19:54:43,995 [ERROR] LogOutputStream:75 - [STDERR_REDIRECT] [Fatal Error] :1:1: Premature end of file.
2026-04-08 19:54:43,995 [ERROR] LogOutputStream:75 - [STDERR_REDIRECT] 
2026-04-08 19:54:44,998 [ERROR] LogOutputStream:75 - [STDERR_REDIRECT] [Fatal Error] :1:1: Premature end of file.
2026-04-08 19:54:44,998 [ERROR] LogOutputStream:75 - [STDERR_REDIRECT] 
2026-04-08 19:54:45,999 [ERROR] LogOutputStream:75 - [STDERR_REDIRECT] [Fatal Error] :1:1: Premature end of file.
2026-04-08 19:54:46,000 [ERROR] LogOutputStream:75 - [STDERR_REDIRECT] 
2026-04-08 19:54:46,998 [ERROR] LogOutputStream:75 - [STDERR_REDIRECT] [Fatal Error] :1:1: Premature end of file.
2026-04-08 19:54:46,999 [ERROR] LogOutputStream:75 - [STDERR_REDIRECT] 
2026-04-08 19:54:48,003 [ERROR] LogOutputStream:75 - [STDERR_REDIRECT] [Fatal Error] :1:1: Premature end of file.
2026-04-08 19:54:48,003 [ERROR] LogOutputStream:75 - [STDERR_REDIRECT] 
2026-04-08 19:54:48,994 [ERROR] LogOutputStream:75 - [STDERR_REDIRECT] [Fatal Error] :1:1: Premature end of file.
2026-04-08 19:54:48,994 [ERROR] LogOutputStream:75 - [STDERR_REDIRECT] 
2026-04-08 19:54:49,992 [ERROR] LogOutputStream:75 - [STDERR_REDIRECT] [Fatal Error] :1:1: Premature end of file.
2026-04-08 19:54:49,992 [ERROR] LogOutputStream:75 - [STDERR_REDIRECT] 
2026-04-08 19:54:50,989 [ERROR] LogOutputStream:75 - [STDERR_REDIRECT] [Fatal Error] :1:1: Premature end of file.
2026-04-08 19:54:50,990 [ERROR] LogOutputStream:75 - [STDERR_REDIRECT] 
2026-04-08 19:54:51,995 [ERROR] LogOutputStream:75 - [STDERR_REDIRECT] [Fatal Error] :1:1: Premature end of file.
2026-04-08 19:54:51,996 [ERROR] LogOutputStream:75 - [STDERR_REDIRECT] 
2026-04-08 19:54:53,004 [ERROR] LogOutputStream:75 - [STDERR_REDIRECT] [Fatal Error] :1:1: Premature end of file.
2026-04-08 19:54:53,004 [ERROR] LogOutputStream:75 - [STDERR_REDIRECT] 
2026-04-08 19:54:53,996 [ERROR] LogOutputStream:75 - [STDERR_REDIRECT] [Fatal Error] :1:1: Premature end of file.
2026-04-08 19:54:53,996 [ERROR] LogOutputStream:75 - [STDERR_REDIRECT] 
2026-04-08 19:54:54,997 [ERROR] LogOutputStream:75 - [STDERR_REDIRECT] [Fatal Error] :1:1: Premature end of file.
2026-04-08 19:54:54,997 [ERROR] LogOutputStream:75 - [STDERR_REDIRECT] 
2026-04-08 19:54:56,012 [ERROR] LogOutputStream:75 - [STDERR_REDIRECT] [Fatal Error] :1:1: Premature end of file.
2026-04-08 19:54:56,013 [ERROR] LogOutputStream:75 - [STDERR_REDIRECT] 
2026-04-08 19:54:57,013 [ERROR] LogOutputStream:75 - [STDERR_REDIRECT] [Fatal Error] :1:1: Premature end of file.
2026-04-08 19:54:57,014 [ERROR] LogOutputStream:75 - [STDERR_REDIRECT] 
2026-04-08 19:54:58,009 [ERROR] LogOutputStream:75 - [STDERR_REDIRECT] [Fatal Error] :1:1: Premature end of file.
2026-04-08 19:54:58,009 [ERROR] LogOutputStream:75 - [STDERR_REDIRECT] 
2026-04-08 19:54:59,008 [ERROR] LogOutputStream:75 - [STDERR_REDIRECT] [Fatal Error] :1:1: Premature end of file.
2026-04-08 19:54:59,008 [ERROR] LogOutputStream:75 - [STDERR_REDIRECT] 
2026-04-08 19:55:00,012 [ERROR] LogOutputStream:75 - [STDERR_REDIRECT] [Fatal Error] :1:1: Premature end of file.
2026-04-08 19:55:00,012 [ERROR] LogOutputStream:75 - [STDERR_REDIRECT] 
2026-04-08 19:55:01,006 [ERROR] LogOutputStream:75 - [STDERR_REDIRECT] [Fatal Error] :1:1: Premature end of file.
2026-04-08 19:55:01,007 [ERROR] LogOutputStream:75 - [STDERR_REDIRECT] 
2026-04-08 19:55:02,012 [ERROR] LogOutputStream:75 - [STDERR_REDIRECT] [Fatal Error] :1:1: Premature end of file.
2026-04-08 19:55:02,012 [ERROR] LogOutputStream:75 - [STDERR_REDIRECT] 
2026-04-08 19:55:03,014 [ERROR] LogOutputStream:75 - [STDERR_REDIRECT] [Fatal Error] :1:1: Premature end of file.
2026-04-08 19:55:03,015 [ERROR] LogOutputStream:75 - [STDERR_REDIRECT] 
2026-04-08 19:55:03,983 [ERROR] LogOutputStream:75 - [STDERR_REDIRECT] [Fatal Error] :1:1: Premature end of file.
2026-04-08 19:55:03,983 [ERROR] LogOutputStream:75 - [STDERR_REDIRECT] 
2026-04-08 19:55:04,985 [ERROR] LogOutputStream:75 - [STDERR_REDIRECT] [Fatal Error] :1:1: Premature end of file.
2026-04-08 19:55:04,986 [ERROR] LogOutputStream:75 - [STDERR_REDIRECT] 
2026-04-08 19:55:05,991 [ERROR] LogOutputStream:75 - [STDERR_REDIRECT] [Fatal Error] :1:1: Premature end of file.
2026-04-08 19:55:05,991 [ERROR] LogOutputStream:75 - [STDERR_REDIRECT] 
2026-04-08 19:55:07,015 [ERROR] LogOutputStream:75 - [STDERR_REDIRECT] [Fatal Error] :1:1: Premature end of file.
2026-04-08 19:55:07,016 [ERROR] LogOutputStream:75 - [STDERR_REDIRECT] 
2026-04-08 19:55:08,004 [ERROR] LogOutputStream:75 - [STDERR_REDIRECT] [Fatal Error] :1:1: Premature end of file.
2026-04-08 19:55:08,005 [ERROR] LogOutputStream:75 - [STDERR_REDIRECT] 
2026-04-08 19:55:09,007 [ERROR] LogOutputStream:75 - [STDERR_REDIRECT] [Fatal Error] :1:1: Premature end of file.
2026-04-08 19:55:09,009 [ERROR] LogOutputStream:75 - [STDERR_REDIRECT] 
2026-04-08 19:55:10,006 [ERROR] LogOutputStream:75 - [STDERR_REDIRECT] [Fatal Error] :1:1: Premature end of file.
2026-04-08 19:55:10,006 [ERROR] LogOutputStream:75 - [STDERR_REDIRECT] 
2026-04-08 19:55:11,018 [ERROR] LogOutputStream:75 - [STDERR_REDIRECT] [Fatal Error] :1:1: Premature end of file.
2026-04-08 19:55:11,018 [ERROR] LogOutputStream:75 - [STDERR_REDIRECT] 
2026-04-08 19:55:12,004 [ERROR] LogOutputStream:75 - [STDERR_REDIRECT] [Fatal Error] :1:1: Premature end of file.
2026-04-08 19:55:12,004 [ERROR] LogOutputStream:75 - [STDERR_REDIRECT] 
2026-04-08 19:55:13,010 [ERROR] LogOutputStream:75 - [STDERR_REDIRECT] [Fatal Error] :1:1: Premature end of file.
2026-04-08 19:55:13,011 [ERROR] LogOutputStream:75 - [STDERR_REDIRECT] 
2026-04-08 19:55:13,996 [ERROR] LogOutputStream:75 - [STDERR_REDIRECT] [Fatal Error] :1:1: Premature end of file.
2026-04-08 19:55:13,996 [ERROR] LogOutputStream:75 - [STDERR_REDIRECT] 
2026-04-08 19:55:15,013 [ERROR] LogOutputStream:75 - [STDERR_REDIRECT] [Fatal Error] :1:1: Premature end of file.
2026-04-08 19:55:15,013 [ERROR] LogOutputStream:75 - [STDERR_REDIRECT] 
2026-04-08 19:55:15,992 [ERROR] LogOutputStream:75 - [STDERR_REDIRECT] [Fatal Error] :1:1: Premature end of file.
2026-04-08 19:55:15,992 [ERROR] LogOutputStream:75 - [STDERR_REDIRECT] 
2026-04-08 19:55:17,031 [ERROR] LogOutputStream:75 - [STDERR_REDIRECT] [Fatal Error] :1:1: Premature end of file.
2026-04-08 19:55:17,031 [ERROR] LogOutputStream:75 - [STDERR_REDIRECT] 
2026-04-08 19:55:17,984 [ERROR] LogOutputStream:75 - [STDERR_REDIRECT] [Fatal Error] :1:1: Premature end of file.
2026-04-08 19:55:17,984 [ERROR] LogOutputStream:75 - [STDERR_REDIRECT] 
2026-04-08 19:55:19,009 [ERROR] LogOutputStream:75 - [STDERR_REDIRECT] [Fatal Error] :1:1: Premature end of file.
2026-04-08 19:55:19,009 [ERROR] LogOutputStream:75 - [STDERR_REDIRECT] 
2026-04-08 19:55:20,033 [ERROR] LogOutputStream:75 - [STDERR_REDIRECT] [Fatal Error] :1:1: Premature end of file.
2026-04-08 19:55:20,033 [ERROR] LogOutputStream:75 - [STDERR_REDIRECT] 
2026-04-08 19:55:21,006 [ERROR] LogOutputStream:75 - [STDERR_REDIRECT] [Fatal Error] :1:1: Premature end of file.
2026-04-08 19:55:21,006 [ERROR] LogOutputStream:75 - [STDERR_REDIRECT] 
2026-04-08 19:55:21,997 [ERROR] LogOutputStream:75 - [STDERR_REDIRECT] [Fatal Error] :1:1: Premature end of file.
2026-04-08 19:55:21,998 [ERROR] LogOutputStream:75 - [STDERR_REDIRECT] 
2026-04-08 19:55:23,003 [ERROR] LogOutputStream:75 - [STDERR_REDIRECT] [Fatal Error] :1:1: Premature end of file.
2026-04-08 19:55:23,003 [ERROR] LogOutputStream:75 - [STDERR_REDIRECT] 
2026-04-08 19:55:24,010 [ERROR] LogOutputStream:75 - [STDERR_REDIRECT] [Fatal Error] :1:1: Premature end of file.
2026-04-08 19:55:24,010 [ERROR] LogOutputStream:75 - [STDERR_REDIRECT] 
2026-04-08 19:55:25,004 [ERROR] LogOutputStream:75 - [STDERR_REDIRECT] [Fatal Error] :1:1: Premature end of file.
2026-04-08 19:55:25,004 [ERROR] LogOutputStream:75 - [STDERR_REDIRECT] 
2026-04-08 19:55:26,013 [ERROR] LogOutputStream:75 - [STDERR_REDIRECT] [Fatal Error] :1:1: Premature end of file.
2026-04-08 19:55:26,013 [ERROR] LogOutputStream:75 - [STDERR_REDIRECT] 
2026-04-08 19:55:27,008 [ERROR] LogOutputStream:75 - [STDERR_REDIRECT] [Fatal Error] :1:1: Premature end of file.
2026-04-08 19:55:27,008 [ERROR] LogOutputStream:75 - [STDERR_REDIRECT] 
2026-04-08 19:55:28,005 [ERROR] LogOutputStream:75 - [STDERR_REDIRECT] [Fatal Error] :1:1: Premature end of file.
2026-04-08 19:55:28,005 [ERROR] LogOutputStream:75 - [STDERR_REDIRECT] 
2026-04-08 19:55:29,012 [ERROR] LogOutputStream:75 - [STDERR_REDIRECT] [Fatal Error] :1:1: Premature end of file.
2026-04-08 19:55:29,012 [ERROR] LogOutputStream:75 - [STDERR_REDIRECT] 
2026-04-08 19:55:30,004 [ERROR] LogOutputStream:75 - [STDERR_REDIRECT] [Fatal Error] :1:1: Premature end of file.
2026-04-08 19:55:30,004 [ERROR] LogOutputStream:75 - [STDERR_REDIRECT] 
2026-04-08 19:55:30,979 [ERROR] LogOutputStream:75 - [STDERR_REDIRECT] [Fatal Error] :1:1: Premature end of file.
2026-04-08 19:55:30,980 [ERROR] LogOutputStream:75 - [STDERR_REDIRECT] 
2026-04-08 19:55:32,047 [ERROR] LogOutputStream:75 - [STDERR_REDIRECT] [Fatal Error] :1:1: Premature end of file.
2026-04-08 19:55:32,047 [ERROR] LogOutputStream:75 - [STDERR_REDIRECT] 
2026-04-08 19:55:33,019 [ERROR] LogOutputStream:75 - [STDERR_REDIRECT] [Fatal Error] :1:1: Premature end of file.
2026-04-08 19:55:33,019 [ERROR] LogOutputStream:75 - [STDERR_REDIRECT] 
2026-04-08 19:55:33,987 [ERROR] LogOutputStream:75 - [STDERR_REDIRECT] [Fatal Error] :1:1: Premature end of file.
2026-04-08 19:55:33,987 [ERROR] LogOutputStream:75 - [STDERR_REDIRECT] 
2026-04-08 19:55:34,988 [ERROR] LogOutputStream:75 - [STDERR_REDIRECT] [Fatal Error] :1:1: Premature end of file.
2026-04-08 19:55:34,989 [ERROR] LogOutputStream:75 - [STDERR_REDIRECT] 
2026-04-08 19:55:36,007 [ERROR] LogOutputStream:75 - [STDERR_REDIRECT] [Fatal Error] :1:1: Premature end of file.
2026-04-08 19:55:36,008 [ERROR] LogOutputStream:75 - [STDERR_REDIRECT] 
2026-04-08 19:55:37,005 [ERROR] LogOutputStream:75 - [STDERR_REDIRECT] [Fatal Error] :1:1: Premature end of file.
2026-04-08 19:55:37,005 [ERROR] LogOutputStream:75 - [STDERR_REDIRECT] 
2026-04-08 19:55:38,009 [ERROR] LogOutputStream:75 - [STDERR_REDIRECT] [Fatal Error] :1:1: Premature end of file.
2026-04-08 19:55:38,009 [ERROR] LogOutputStream:75 - [STDERR_REDIRECT] 
2026-04-08 19:55:38,997 [ERROR] LogOutputStream:75 - [STDERR_REDIRECT] [Fatal Error] :1:1: Premature end of file.
2026-04-08 19:55:38,997 [ERROR] LogOutputStream:75 - [STDERR_REDIRECT] 
2026-04-08 19:55:40,008 [ERROR] LogOutputStream:75 - [STDERR_REDIRECT] [Fatal Error] :1:1: Premature end of file.
2026-04-08 19:55:40,009 [ERROR] LogOutputStream:75 - [STDERR_REDIRECT] 
2026-04-08 19:55:40,999 [ERROR] LogOutputStream:75 - [STDERR_REDIRECT] [Fatal Error] :1:1: Premature end of file.
2026-04-08 19:55:41,000 [ERROR] LogOutputStream:75 - [STDERR_REDIRECT] 
2026-04-08 19:55:42,013 [ERROR] LogOutputStream:75 - [STDERR_REDIRECT] [Fatal Error] :1:1: Premature end of file.
2026-04-08 19:55:42,013 [ERROR] LogOutputStream:75 - [STDERR_REDIRECT] 
2026-04-08 19:55:43,011 [ERROR] LogOutputStream:75 - [STDERR_REDIRECT] [Fatal Error] :1:1: Premature end of file.
2026-04-08 19:55:43,011 [ERROR] LogOutputStream:75 - [STDERR_REDIRECT] 
2026-04-08 19:55:44,007 [ERROR] LogOutputStream:75 - [STDERR_REDIRECT] [Fatal Error] :1:1: Premature end of file.
2026-04-08 19:55:44,007 [ERROR] LogOutputStream:75 - [STDERR_REDIRECT] 
2026-04-08 19:55:45,012 [ERROR] LogOutputStream:75 - [STDERR_REDIRECT] [Fatal Error] :1:1: Premature end of file.
2026-04-08 19:55:45,012 [ERROR] LogOutputStream:75 - [STDERR_REDIRECT] 
2026-04-08 19:55:46,015 [ERROR] LogOutputStream:75 - [STDERR_REDIRECT] [Fatal Error] :1:1: Premature end of file.
2026-04-08 19:55:46,015 [ERROR] LogOutputStream:75 - [STDERR_REDIRECT] 
2026-04-08 19:55:46,999 [ERROR] LogOutputStream:75 - [STDERR_REDIRECT] [Fatal Error] :1:1: Premature end of file.
2026-04-08 19:55:47,000 [ERROR] LogOutputStream:75 - [STDERR_REDIRECT] 
2026-04-08 19:55:48,016 [ERROR] LogOutputStream:75 - [STDERR_REDIRECT] [Fatal Error] :1:1: Premature end of file.
2026-04-08 19:55:48,016 [ERROR] LogOutputStream:75 - [STDERR_REDIRECT] 
2026-04-08 19:55:49,009 [ERROR] LogOutputStream:75 - [STDERR_REDIRECT] [Fatal Error] :1:1: Premature end of file.
2026-04-08 19:55:49,009 [ERROR] LogOutputStream:75 - [STDERR_REDIRECT] 
2026-04-08 19:55:49,997 [ERROR] LogOutputStream:75 - [STDERR_REDIRECT] [Fatal Error] :1:1: Premature end of file.
2026-04-08 19:55:49,998 [ERROR] LogOutputStream:75 - [STDERR_REDIRECT] 
2026-04-08 19:55:51,003 [ERROR] LogOutputStream:75 - [STDERR_REDIRECT] [Fatal Error] :1:1: Premature end of file.
2026-04-08 19:55:51,003 [ERROR] LogOutputStream:75 - [STDERR_REDIRECT] 
2026-04-08 19:55:52,002 [ERROR] LogOutputStream:75 - [STDERR_REDIRECT] [Fatal Error] :1:1: Premature end of file.
2026-04-08 19:55:52,002 [ERROR] LogOutputStream:75 - [STDERR_REDIRECT] 
2026-04-08 19:55:52,995 [ERROR] LogOutputStream:75 - [STDERR_REDIRECT] [Fatal Error] :1:1: Premature end of file.
2026-04-08 19:55:52,995 [ERROR] LogOutputStream:75 - [STDERR_REDIRECT] 
2026-04-08 19:55:53,999 [ERROR] LogOutputStream:75 - [STDERR_REDIRECT] [Fatal Error] :1:1: Premature end of file.
2026-04-08 19:55:53,999 [ERROR] LogOutputStream:75 - [STDERR_REDIRECT] 
2026-04-08 19:55:55,001 [ERROR] LogOutputStream:75 - [STDERR_REDIRECT] [Fatal Error] :1:1: Premature end of file.
2026-04-08 19:55:55,001 [ERROR] LogOutputStream:75 - [STDERR_REDIRECT] 
2026-04-08 19:55:56,007 [ERROR] LogOutputStream:75 - [STDERR_REDIRECT] [Fatal Error] :1:1: Premature end of file.
2026-04-08 19:55:56,007 [ERROR] LogOutputStream:75 - [STDERR_REDIRECT] 
2026-04-08 19:55:56,997 [ERROR] LogOutputStream:75 - [STDERR_REDIRECT] [Fatal Error] :1:1: Premature end of file.
2026-04-08 19:55:56,997 [ERROR] LogOutputStream:75 - [STDERR_REDIRECT] 
2026-04-08 19:55:58,011 [ERROR] LogOutputStream:75 - [STDERR_REDIRECT] [Fatal Error] :1:1: Premature end of file.
2026-04-08 19:55:58,012 [ERROR] LogOutputStream:75 - [STDERR_REDIRECT] 
2026-04-08 19:55:59,014 [ERROR] LogOutputStream:75 - [STDERR_REDIRECT] [Fatal Error] :1:1: Premature end of file.
2026-04-08 19:55:59,014 [ERROR] LogOutputStream:75 - [STDERR_REDIRECT] 
2026-04-08 19:56:00,008 [ERROR] LogOutputStream:75 - [STDERR_REDIRECT] [Fatal Error] :1:1: Premature end of file.
2026-04-08 19:56:00,008 [ERROR] LogOutputStream:75 - [STDERR_REDIRECT] 
2026-04-08 19:56:00,997 [ERROR] LogOutputStream:75 - [STDERR_REDIRECT] [Fatal Error] :1:1: Premature end of file.
2026-04-08 19:56:00,997 [ERROR] LogOutputStream:75 - [STDERR_REDIRECT] 
2026-04-08 19:56:02,018 [ERROR] LogOutputStream:75 - [STDERR_REDIRECT] [Fatal Error] :1:1: Premature end of file.
2026-04-08 19:56:02,018 [ERROR] LogOutputStream:75 - [STDERR_REDIRECT] 
2026-04-08 19:56:03,010 [ERROR] LogOutputStream:75 - [STDERR_REDIRECT] [Fatal Error] :1:1: Premature end of file.
2026-04-08 19:56:03,010 [ERROR] LogOutputStream:75 - [STDERR_REDIRECT] 
2026-04-08 19:56:04,006 [ERROR] LogOutputStream:75 - [STDERR_REDIRECT] [Fatal Error] :1:1: Premature end of file.
2026-04-08 19:56:04,006 [ERROR] LogOutputStream:75 - [STDERR_REDIRECT] 
2026-04-08 19:56:05,009 [ERROR] LogOutputStream:75 - [STDERR_REDIRECT] [Fatal Error] :1:1: Premature end of file.
2026-04-08 19:56:05,009 [ERROR] LogOutputStream:75 - [STDERR_REDIRECT] 
2026-04-08 19:56:06,001 [ERROR] LogOutputStream:75 - [STDERR_REDIRECT] [Fatal Error] :1:1: Premature end of file.
2026-04-08 19:56:06,001 [ERROR] LogOutputStream:75 - [STDERR_REDIRECT] 
2026-04-08 19:56:06,989 [ERROR] LogOutputStream:75 - [STDERR_REDIRECT] [Fatal Error] :1:1: Premature end of file.
2026-04-08 19:56:06,989 [ERROR] LogOutputStream:75 - [STDERR_REDIRECT] 
2026-04-08 19:56:07,997 [ERROR] LogOutputStream:75 - [STDERR_REDIRECT] [Fatal Error] :1:1: Premature end of file.
2026-04-08 19:56:07,998 [ERROR] LogOutputStream:75 - [STDERR_REDIRECT] 
2026-04-08 19:56:08,994 [ERROR] LogOutputStream:75 - [STDERR_REDIRECT] [Fatal Error] :1:1: Premature end of file.
2026-04-08 19:56:08,994 [ERROR] LogOutputStream:75 - [STDERR_REDIRECT] 
2026-04-08 19:56:10,003 [ERROR] LogOutputStream:75 - [STDERR_REDIRECT] [Fatal Error] :1:1: Premature end of file.
2026-04-08 19:56:10,003 [ERROR] LogOutputStream:75 - [STDERR_REDIRECT] 
2026-04-08 19:56:11,006 [ERROR] LogOutputStream:75 - [STDERR_REDIRECT] [Fatal Error] :1:1: Premature end of file.
2026-04-08 19:56:11,007 [ERROR] LogOutputStream:75 - [STDERR_REDIRECT] 
2026-04-08 19:56:12,002 [ERROR] LogOutputStream:75 - [STDERR_REDIRECT] [Fatal Error] :1:1: Premature end of file.
2026-04-08 19:56:12,002 [ERROR] LogOutputStream:75 - [STDERR_REDIRECT] 
2026-04-08 19:56:12,997 [ERROR] LogOutputStream:75 - [STDERR_REDIRECT] [Fatal Error] :1:1: Premature end of file.
2026-04-08 19:56:12,997 [ERROR] LogOutputStream:75 - [STDERR_REDIRECT] 
2026-04-08 19:56:14,003 [ERROR] LogOutputStream:75 - [STDERR_REDIRECT] [Fatal Error] :1:1: Premature end of file.
2026-04-08 19:56:14,003 [ERROR] LogOutputStream:75 - [STDERR_REDIRECT] 
2026-04-08 19:56:15,005 [ERROR] LogOutputStream:75 - [STDERR_REDIRECT] [Fatal Error] :1:1: Premature end of file.
2026-04-08 19:56:15,005 [ERROR] LogOutputStream:75 - [STDERR_REDIRECT] 
2026-04-08 19:56:16,004 [ERROR] LogOutputStream:75 - [STDERR_REDIRECT] [Fatal Error] :1:1: Premature end of file.
2026-04-08 19:56:16,005 [ERROR] LogOutputStream:75 - [STDERR_REDIRECT] 
2026-04-08 19:56:17,004 [ERROR] LogOutputStream:75 - [STDERR_REDIRECT] [Fatal Error] :1:1: Premature end of file.
2026-04-08 19:56:17,005 [ERROR] LogOutputStream:75 - [STDERR_REDIRECT] 
2026-04-08 19:56:17,989 [ERROR] LogOutputStream:75 - [STDERR_REDIRECT] [Fatal Error] :1:1: Premature end of file.
2026-04-08 19:56:17,989 [ERROR] LogOutputStream:75 - [STDERR_REDIRECT] 
2026-04-08 19:56:19,005 [ERROR] LogOutputStream:75 - [STDERR_REDIRECT] [Fatal Error] :1:1: Premature end of file.
2026-04-08 19:56:19,005 [ERROR] LogOutputStream:75 - [STDERR_REDIRECT] 
2026-04-08 19:56:20,013 [ERROR] LogOutputStream:75 - [STDERR_REDIRECT] [Fatal Error] :1:1: Premature end of file.
2026-04-08 19:56:20,013 [ERROR] LogOutputStream:75 - [STDERR_REDIRECT] 
2026-04-08 19:56:21,009 [ERROR] LogOutputStream:75 - [STDERR_REDIRECT] [Fatal Error] :1:1: Premature end of file.
2026-04-08 19:56:21,010 [ERROR] LogOutputStream:75 - [STDERR_REDIRECT] 
2026-04-08 19:56:22,004 [ERROR] LogOutputStream:75 - [STDERR_REDIRECT] [Fatal Error] :1:1: Premature end of file.
2026-04-08 19:56:22,004 [ERROR] LogOutputStream:75 - [STDERR_REDIRECT] 
2026-04-08 19:56:22,991 [ERROR] LogOutputStream:75 - [STDERR_REDIRECT] [Fatal Error] :1:1: Premature end of file.
2026-04-08 19:56:22,991 [ERROR] LogOutputStream:75 - [STDERR_REDIRECT] 
2026-04-08 19:56:23,990 [ERROR] LogOutputStream:75 - [STDERR_REDIRECT] [Fatal Error] :1:1: Premature end of file.
2026-04-08 19:56:23,990 [ERROR] LogOutputStream:75 - [STDERR_REDIRECT] 
2026-04-08 19:56:25,009 [ERROR] LogOutputStream:75 - [STDERR_REDIRECT] [Fatal Error] :1:1: Premature end of file.
2026-04-08 19:56:25,009 [ERROR] LogOutputStream:75 - [STDERR_REDIRECT] 
2026-04-08 19:56:26,002 [ERROR] LogOutputStream:75 - [STDERR_REDIRECT] [Fatal Error] :1:1: Premature end of file.
2026-04-08 19:56:26,002 [ERROR] LogOutputStream:75 - [STDERR_REDIRECT] 
2026-04-08 19:56:27,010 [ERROR] LogOutputStream:75 - [STDERR_REDIRECT] [Fatal Error] :1:1: Premature end of file.
2026-04-08 19:56:27,010 [ERROR] LogOutputStream:75 - [STDERR_REDIRECT] 
2026-04-08 19:56:27,996 [ERROR] LogOutputStream:75 - [STDERR_REDIRECT] [Fatal Error] :1:1: Premature end of file.
2026-04-08 19:56:27,997 [ERROR] LogOutputStream:75 - [STDERR_REDIRECT] 
2026-04-08 19:56:28,995 [ERROR] LogOutputStream:75 - [STDERR_REDIRECT] [Fatal Error] :1:1: Premature end of file.
2026-04-08 19:56:28,995 [ERROR] LogOutputStream:75 - [STDERR_REDIRECT] 
2026-04-08 19:56:30,010 [ERROR] LogOutputStream:75 - [STDERR_REDIRECT] [Fatal Error] :1:1: Premature end of file.
2026-04-08 19:56:30,010 [ERROR] LogOutputStream:75 - [STDERR_REDIRECT] 
2026-04-08 19:56:31,009 [ERROR] LogOutputStream:75 - [STDERR_REDIRECT] [Fatal Error] :1:1: Premature end of file.
2026-04-08 19:56:31,009 [ERROR] LogOutputStream:75 - [STDERR_REDIRECT] 
2026-04-08 19:56:32,016 [ERROR] LogOutputStream:75 - [STDERR_REDIRECT] [Fatal Error] :1:1: Premature end of file.
2026-04-08 19:56:32,016 [ERROR] LogOutputStream:75 - [STDERR_REDIRECT] 
2026-04-08 19:56:33,003 [ERROR] LogOutputStream:75 - [STDERR_REDIRECT] [Fatal Error] :1:1: Premature end of file.
2026-04-08 19:56:33,003 [ERROR] LogOutputStream:75 - [STDERR_REDIRECT] 
2026-04-08 19:56:34,001 [ERROR] LogOutputStream:75 - [STDERR_REDIRECT] [Fatal Error] :1:1: Premature end of file.
2026-04-08 19:56:34,003 [ERROR] LogOutputStream:75 - [STDERR_REDIRECT] 
2026-04-08 19:56:35,003 [ERROR] LogOutputStream:75 - [STDERR_REDIRECT] [Fatal Error] :1:1: Premature end of file.
2026-04-08 19:56:35,003 [ERROR] LogOutputStream:75 - [STDERR_REDIRECT] 
2026-04-08 19:56:36,011 [ERROR] LogOutputStream:75 - [STDERR_REDIRECT] [Fatal Error] :1:1: Premature end of file.
2026-04-08 19:56:36,011 [ERROR] LogOutputStream:75 - [STDERR_REDIRECT] 
2026-04-08 19:56:37,003 [ERROR] LogOutputStream:75 - [STDERR_REDIRECT] [Fatal Error] :1:1: Premature end of file.
2026-04-08 19:56:37,003 [ERROR] LogOutputStream:75 - [STDERR_REDIRECT] 
2026-04-08 19:56:38,014 [ERROR] LogOutputStream:75 - [STDERR_REDIRECT] [Fatal Error] :1:1: Premature end of file.
2026-04-08 19:56:38,014 [ERROR] LogOutputStream:75 - [STDERR_REDIRECT] 
2026-04-08 19:56:38,999 [ERROR] LogOutputStream:75 - [STDERR_REDIRECT] [Fatal Error] :1:1: Premature end of file.
2026-04-08 19:56:39,000 [ERROR] LogOutputStream:75 - [STDERR_REDIRECT] 
2026-04-08 19:56:40,010 [ERROR] LogOutputStream:75 - [STDERR_REDIRECT] [Fatal Error] :1:1: Premature end of file.
2026-04-08 19:56:40,010 [ERROR] LogOutputStream:75 - [STDERR_REDIRECT] 
2026-04-08 19:56:41,001 [ERROR] LogOutputStream:75 - [STDERR_REDIRECT] [Fatal Error] :1:1: Premature end of file.
2026-04-08 19:56:41,001 [ERROR] LogOutputStream:75 - [STDERR_REDIRECT] 
2026-04-08 19:56:42,010 [ERROR] LogOutputStream:75 - [STDERR_REDIRECT] [Fatal Error] :1:1: Premature end of file.
2026-04-08 19:56:42,011 [ERROR] LogOutputStream:75 - [STDERR_REDIRECT] 
2026-04-08 19:56:43,017 [ERROR] LogOutputStream:75 - [STDERR_REDIRECT] [Fatal Error] :1:1: Premature end of file.
2026-04-08 19:56:43,017 [ERROR] LogOutputStream:75 - [STDERR_REDIRECT] 
2026-04-08 19:56:44,009 [ERROR] LogOutputStream:75 - [STDERR_REDIRECT] [Fatal Error] :1:1: Premature end of file.
2026-04-08 19:56:44,009 [ERROR] LogOutputStream:75 - [STDERR_REDIRECT] 
2026-04-08 19:56:44,993 [ERROR] LogOutputStream:75 - [STDERR_REDIRECT] [Fatal Error] :1:1: Premature end of file.
2026-04-08 19:56:44,993 [ERROR] LogOutputStream:75 - [STDERR_REDIRECT] 
2026-04-08 19:56:45,987 [ERROR] LogOutputStream:75 - [STDERR_REDIRECT] [Fatal Error] :1:1: Premature end of file.
2026-04-08 19:56:45,988 [ERROR] LogOutputStream:75 - [STDERR_REDIRECT] 
2026-04-08 19:56:47,010 [ERROR] LogOutputStream:75 - [STDERR_REDIRECT] [Fatal Error] :1:1: Premature end of file.
2026-04-08 19:56:47,011 [ERROR] LogOutputStream:75 - [STDERR_REDIRECT] 
2026-04-08 19:56:48,005 [ERROR] LogOutputStream:75 - [STDERR_REDIRECT] [Fatal Error] :1:1: Premature end of file.
2026-04-08 19:56:48,006 [ERROR] LogOutputStream:75 - [STDERR_REDIRECT] 
2026-04-08 19:56:49,007 [ERROR] LogOutputStream:75 - [STDERR_REDIRECT] [Fatal Error] :1:1: Premature end of file.
2026-04-08 19:56:49,007 [ERROR] LogOutputStream:75 - [STDERR_REDIRECT] 
2026-04-08 19:56:50,009 [ERROR] LogOutputStream:75 - [STDERR_REDIRECT] [Fatal Error] :1:1: Premature end of file.
2026-04-08 19:56:50,009 [ERROR] LogOutputStream:75 - [STDERR_REDIRECT] 
2026-04-08 19:56:51,007 [ERROR] LogOutputStream:75 - [STDERR_REDIRECT] [Fatal Error] :1:1: Premature end of file.
2026-04-08 19:56:51,007 [ERROR] LogOutputStream:75 - [STDERR_REDIRECT] 
2026-04-08 19:56:51,999 [ERROR] LogOutputStream:75 - [STDERR_REDIRECT] [Fatal Error] :1:1: Premature end of file.
2026-04-08 19:56:51,999 [ERROR] LogOutputStream:75 - [STDERR_REDIRECT] 
2026-04-08 19:56:52,991 [ERROR] LogOutputStream:75 - [STDERR_REDIRECT] [Fatal Error] :1:1: Premature end of file.
2026-04-08 19:56:52,991 [ERROR] LogOutputStream:75 - [STDERR_REDIRECT] 
2026-04-08 19:56:54,014 [ERROR] LogOutputStream:75 - [STDERR_REDIRECT] [Fatal Error] :1:1: Premature end of file.
2026-04-08 19:56:54,014 [ERROR] LogOutputStream:75 - [STDERR_REDIRECT] 
2026-04-08 19:56:54,994 [ERROR] LogOutputStream:75 - [STDERR_REDIRECT] [Fatal Error] :1:1: Premature end of file.
2026-04-08 19:56:54,995 [ERROR] LogOutputStream:75 - [STDERR_REDIRECT] 
2026-04-08 19:56:55,989 [ERROR] LogOutputStream:75 - [STDERR_REDIRECT] [Fatal Error] :1:1: Premature end of file.
2026-04-08 19:56:55,989 [ERROR] LogOutputStream:75 - [STDERR_REDIRECT] 
2026-04-08 19:56:56,999 [ERROR] LogOutputStream:75 - [STDERR_REDIRECT] [Fatal Error] :1:1: Premature end of file.
2026-04-08 19:56:56,999 [ERROR] LogOutputStream:75 - [STDERR_REDIRECT] 
2026-04-08 19:56:57,996 [ERROR] LogOutputStream:75 - [STDERR_REDIRECT] [Fatal Error] :1:1: Premature end of file.
2026-04-08 19:56:57,997 [ERROR] LogOutputStream:75 - [STDERR_REDIRECT] 
2026-04-08 19:56:58,989 [ERROR] LogOutputStream:75 - [STDERR_REDIRECT] [Fatal Error] :1:1: Premature end of file.
2026-04-08 19:56:58,990 [ERROR] LogOutputStream:75 - [STDERR_REDIRECT] 
2026-04-08 19:57:00,000 [ERROR] LogOutputStream:75 - [STDERR_REDIRECT] [Fatal Error] :1:1: Premature end of file.
2026-04-08 19:57:00,000 [ERROR] LogOutputStream:75 - [STDERR_REDIRECT] 
2026-04-08 19:57:01,007 [ERROR] LogOutputStream:75 - [STDERR_REDIRECT] [Fatal Error] :1:1: Premature end of file.
2026-04-08 19:57:01,007 [ERROR] LogOutputStream:75 - [STDERR_REDIRECT] 
2026-04-08 19:57:01,998 [ERROR] LogOutputStream:75 - [STDERR_REDIRECT] [Fatal Error] :1:1: Premature end of file.
2026-04-08 19:57:01,998 [ERROR] LogOutputStream:75 - [STDERR_REDIRECT] 
2026-04-08 19:57:02,994 [ERROR] LogOutputStream:75 - [STDERR_REDIRECT] [Fatal Error] :1:1: Premature end of file.
2026-04-08 19:57:02,995 [ERROR] LogOutputStream:75 - [STDERR_REDIRECT] 
2026-04-08 19:57:04,000 [ERROR] LogOutputStream:75 - [STDERR_REDIRECT] [Fatal Error] :1:1: Premature end of file.
2026-04-08 19:57:04,000 [ERROR] LogOutputStream:75 - [STDERR_REDIRECT] 
2026-04-08 19:57:04,996 [ERROR] LogOutputStream:75 - [STDERR_REDIRECT] [Fatal Error] :1:1: Premature end of file.
2026-04-08 19:57:04,996 [ERROR] LogOutputStream:75 - [STDERR_REDIRECT] 
2026-04-08 19:57:06,004 [ERROR] LogOutputStream:75 - [STDERR_REDIRECT] [Fatal Error] :1:1: Premature end of file.
2026-04-08 19:57:06,005 [ERROR] LogOutputStream:75 - [STDERR_REDIRECT] 
2026-04-08 19:57:06,987 [ERROR] LogOutputStream:75 - [STDERR_REDIRECT] [Fatal Error] :1:1: Premature end of file.
2026-04-08 19:57:06,987 [ERROR] LogOutputStream:75 - [STDERR_REDIRECT] 
2026-04-08 19:57:07,992 [ERROR] LogOutputStream:75 - [STDERR_REDIRECT] [Fatal Error] :1:1: Premature end of file.
2026-04-08 19:57:07,992 [ERROR] LogOutputStream:75 - [STDERR_REDIRECT] 
2026-04-08 19:57:08,995 [ERROR] LogOutputStream:75 - [STDERR_REDIRECT] [Fatal Error] :1:1: Premature end of file.
2026-04-08 19:57:08,996 [ERROR] LogOutputStream:75 - [STDERR_REDIRECT] 
2026-04-08 19:57:10,013 [ERROR] LogOutputStream:75 - [STDERR_REDIRECT] [Fatal Error] :1:1: Premature end of file.
2026-04-08 19:57:10,013 [ERROR] LogOutputStream:75 - [STDERR_REDIRECT] 
2026-04-08 19:57:11,014 [ERROR] LogOutputStream:75 - [STDERR_REDIRECT] [Fatal Error] :1:1: Premature end of file.
2026-04-08 19:57:11,015 [ERROR] LogOutputStream:75 - [STDERR_REDIRECT] 
2026-04-08 19:57:11,998 [ERROR] LogOutputStream:75 - [STDERR_REDIRECT] [Fatal Error] :1:1: Premature end of file.
2026-04-08 19:57:11,998 [ERROR] LogOutputStream:75 - [STDERR_REDIRECT] 
2026-04-08 19:57:12,998 [ERROR] LogOutputStream:75 - [STDERR_REDIRECT] [Fatal Error] :1:1: Premature end of file.
2026-04-08 19:57:13,000 [ERROR] LogOutputStream:75 - [STDERR_REDIRECT] 
2026-04-08 19:57:13,989 [ERROR] LogOutputStream:75 - [STDERR_REDIRECT] [Fatal Error] :1:1: Premature end of file.
2026-04-08 19:57:13,989 [ERROR] LogOutputStream:75 - [STDERR_REDIRECT] 
2026-04-08 19:57:15,005 [ERROR] LogOutputStream:75 - [STDERR_REDIRECT] [Fatal Error] :1:1: Premature end of file.
2026-04-08 19:57:15,006 [ERROR] LogOutputStream:75 - [STDERR_REDIRECT] 
2026-04-08 19:57:16,007 [ERROR] LogOutputStream:75 - [STDERR_REDIRECT] [Fatal Error] :1:1: Premature end of file.
2026-04-08 19:57:16,008 [ERROR] LogOutputStream:75 - [STDERR_REDIRECT] 
2026-04-08 19:57:17,004 [ERROR] LogOutputStream:75 - [STDERR_REDIRECT] [Fatal Error] :1:1: Premature end of file.
2026-04-08 19:57:17,004 [ERROR] LogOutputStream:75 - [STDERR_REDIRECT] 
2026-04-08 19:57:18,003 [ERROR] LogOutputStream:75 - [STDERR_REDIRECT] [Fatal Error] :1:1: Premature end of file.
2026-04-08 19:57:18,003 [ERROR] LogOutputStream:75 - [STDERR_REDIRECT] 
2026-04-08 19:57:19,000 [ERROR] LogOutputStream:75 - [STDERR_REDIRECT] [Fatal Error] :1:1: Premature end of file.
2026-04-08 19:57:19,000 [ERROR] LogOutputStream:75 - [STDERR_REDIRECT] 
2026-04-08 19:57:19,999 [ERROR] LogOutputStream:75 - [STDERR_REDIRECT] [Fatal Error] :1:1: Premature end of file.
2026-04-08 19:57:20,001 [ERROR] LogOutputStream:75 - [STDERR_REDIRECT] 
2026-04-08 19:57:20,989 [ERROR] LogOutputStream:75 - [STDERR_REDIRECT] [Fatal Error] :1:1: Premature end of file.
2026-04-08 19:57:20,989 [ERROR] LogOutputStream:75 - [STDERR_REDIRECT] 
2026-04-08 19:57:22,009 [ERROR] LogOutputStream:75 - [STDERR_REDIRECT] [Fatal Error] :1:1: Premature end of file.
2026-04-08 19:57:22,009 [ERROR] LogOutputStream:75 - [STDERR_REDIRECT] 
2026-04-08 19:57:22,995 [ERROR] LogOutputStream:75 - [STDERR_REDIRECT] [Fatal Error] :1:1: Premature end of file.
2026-04-08 19:57:22,995 [ERROR] LogOutputStream:75 - [STDERR_REDIRECT] 
2026-04-08 19:57:24,005 [ERROR] LogOutputStream:75 - [STDERR_REDIRECT] [Fatal Error] :1:1: Premature end of file.
2026-04-08 19:57:24,006 [ERROR] LogOutputStream:75 - [STDERR_REDIRECT] 
2026-04-08 19:57:24,995 [ERROR] LogOutputStream:75 - [STDERR_REDIRECT] [Fatal Error] :1:1: Premature end of file.
2026-04-08 19:57:24,995 [ERROR] LogOutputStream:75 - [STDERR_REDIRECT] 
2026-04-08 19:57:25,994 [ERROR] LogOutputStream:75 - [STDERR_REDIRECT] [Fatal Error] :1:1: Premature end of file.
2026-04-08 19:57:25,994 [ERROR] LogOutputStream:75 - [STDERR_REDIRECT] 
2026-04-08 19:57:27,000 [ERROR] LogOutputStream:75 - [STDERR_REDIRECT] [Fatal Error] :1:1: Premature end of file.
2026-04-08 19:57:27,001 [ERROR] LogOutputStream:75 - [STDERR_REDIRECT] 
2026-04-08 19:57:27,995 [ERROR] LogOutputStream:75 - [STDERR_REDIRECT] [Fatal Error] :1:1: Premature end of file.
2026-04-08 19:57:27,995 [ERROR] LogOutputStream:75 - [STDERR_REDIRECT] 
2026-04-08 19:57:29,003 [ERROR] LogOutputStream:75 - [STDERR_REDIRECT] [Fatal Error] :1:1: Premature end of file.
2026-04-08 19:57:29,003 [ERROR] LogOutputStream:75 - [STDERR_REDIRECT] 
2026-04-08 19:57:30,001 [ERROR] LogOutputStream:75 - [STDERR_REDIRECT] [Fatal Error] :1:1: Premature end of file.
2026-04-08 19:57:30,001 [ERROR] LogOutputStream:75 - [STDERR_REDIRECT] 
2026-04-08 19:57:30,994 [ERROR] LogOutputStream:75 - [STDERR_REDIRECT] [Fatal Error] :1:1: Premature end of file.
2026-04-08 19:57:30,994 [ERROR] LogOutputStream:75 - [STDERR_REDIRECT] 
2026-04-08 19:57:32,002 [ERROR] LogOutputStream:75 - [STDERR_REDIRECT] [Fatal Error] :1:1: Premature end of file.
2026-04-08 19:57:32,002 [ERROR] LogOutputStream:75 - [STDERR_REDIRECT] 
2026-04-08 19:57:32,997 [ERROR] LogOutputStream:75 - [STDERR_REDIRECT] [Fatal Error] :1:1: Premature end of file.
2026-04-08 19:57:32,997 [ERROR] LogOutputStream:75 - [STDERR_REDIRECT] 
2026-04-08 19:57:33,988 [ERROR] LogOutputStream:75 - [STDERR_REDIRECT] [Fatal Error] :1:1: Premature end of file.
2026-04-08 19:57:33,989 [ERROR] LogOutputStream:75 - [STDERR_REDIRECT] 
2026-04-08 19:57:34,989 [ERROR] LogOutputStream:75 - [STDERR_REDIRECT] [Fatal Error] :1:1: Premature end of file.
2026-04-08 19:57:34,989 [ERROR] LogOutputStream:75 - [STDERR_REDIRECT] 
2026-04-08 19:57:35,997 [ERROR] LogOutputStream:75 - [STDERR_REDIRECT] [Fatal Error] :1:1: Premature end of file.
2026-04-08 19:57:35,997 [ERROR] LogOutputStream:75 - [STDERR_REDIRECT] 
2026-04-08 19:57:36,999 [ERROR] LogOutputStream:75 - [STDERR_REDIRECT] [Fatal Error] :1:1: Premature end of file.
2026-04-08 19:57:36,999 [ERROR] LogOutputStream:75 - [STDERR_REDIRECT] 
2026-04-08 19:57:38,001 [ERROR] LogOutputStream:75 - [STDERR_REDIRECT] [Fatal Error] :1:1: Premature end of file.
2026-04-08 19:57:38,002 [ERROR] LogOutputStream:75 - [STDERR_REDIRECT] 
2026-04-08 19:57:39,000 [ERROR] LogOutputStream:75 - [STDERR_REDIRECT] [Fatal Error] :1:1: Premature end of file.
2026-04-08 19:57:39,000 [ERROR] LogOutputStream:75 - [STDERR_REDIRECT] 
2026-04-08 19:57:39,993 [ERROR] LogOutputStream:75 - [STDERR_REDIRECT] [Fatal Error] :1:1: Premature end of file.
2026-04-08 19:57:39,994 [ERROR] LogOutputStream:75 - [STDERR_REDIRECT] 
2026-04-08 19:57:40,998 [ERROR] LogOutputStream:75 - [STDERR_REDIRECT] [Fatal Error] :1:1: Premature end of file.
2026-04-08 19:57:40,999 [ERROR] LogOutputStream:75 - [STDERR_REDIRECT] 
2026-04-08 19:57:42,003 [ERROR] LogOutputStream:75 - [STDERR_REDIRECT] [Fatal Error] :1:1: Premature end of file.
2026-04-08 19:57:42,003 [ERROR] LogOutputStream:75 - [STDERR_REDIRECT] 
2026-04-08 19:57:43,005 [ERROR] LogOutputStream:75 - [STDERR_REDIRECT] [Fatal Error] :1:1: Premature end of file.
2026-04-08 19:57:43,005 [ERROR] LogOutputStream:75 - [STDERR_REDIRECT] 
2026-04-08 19:57:44,025 [ERROR] LogOutputStream:75 - [STDERR_REDIRECT] [Fatal Error] :1:1: Premature end of file.
2026-04-08 19:57:44,026 [ERROR] LogOutputStream:75 - [STDERR_REDIRECT] 
2026-04-08 19:57:45,014 [ERROR] LogOutputStream:75 - [STDERR_REDIRECT] [Fatal Error] :1:1: Premature end of file.
2026-04-08 19:57:45,015 [ERROR] LogOutputStream:75 - [STDERR_REDIRECT] 
2026-04-08 19:57:46,024 [ERROR] LogOutputStream:75 - [STDERR_REDIRECT] [Fatal Error] :1:1: Premature end of file.
2026-04-08 19:57:46,024 [ERROR] LogOutputStream:75 - [STDERR_REDIRECT] 
2026-04-08 19:57:46,984 [ERROR] LogOutputStream:75 - [STDERR_REDIRECT] [Fatal Error] :1:1: Premature end of file.
2026-04-08 19:57:46,984 [ERROR] LogOutputStream:75 - [STDERR_REDIRECT] 
2026-04-08 19:57:48,003 [ERROR] LogOutputStream:75 - [STDERR_REDIRECT] [Fatal Error] :1:1: Premature end of file.
2026-04-08 19:57:48,004 [ERROR] LogOutputStream:75 - [STDERR_REDIRECT] 
2026-04-08 19:57:49,003 [ERROR] LogOutputStream:75 - [STDERR_REDIRECT] [Fatal Error] :1:1: Premature end of file.
2026-04-08 19:57:49,003 [ERROR] LogOutputStream:75 - [STDERR_REDIRECT] 
2026-04-08 19:57:49,993 [ERROR] LogOutputStream:75 - [STDERR_REDIRECT] [Fatal Error] :1:1: Premature end of file.
2026-04-08 19:57:49,993 [ERROR] LogOutputStream:75 - [STDERR_REDIRECT] 
2026-04-08 19:57:50,994 [ERROR] LogOutputStream:75 - [STDERR_REDIRECT] [Fatal Error] :1:1: Premature end of file.
2026-04-08 19:57:50,995 [ERROR] LogOutputStream:75 - [STDERR_REDIRECT] 
2026-04-08 19:57:52,010 [ERROR] LogOutputStream:75 - [STDERR_REDIRECT] [Fatal Error] :1:1: Premature end of file.
2026-04-08 19:57:52,010 [ERROR] LogOutputStream:75 - [STDERR_REDIRECT] 
2026-04-08 19:57:53,016 [ERROR] LogOutputStream:75 - [STDERR_REDIRECT] [Fatal Error] :1:1: Premature end of file.
2026-04-08 19:57:53,017 [ERROR] LogOutputStream:75 - [STDERR_REDIRECT] 
2026-04-08 19:57:54,012 [ERROR] LogOutputStream:75 - [STDERR_REDIRECT] [Fatal Error] :1:1: Premature end of file.
2026-04-08 19:57:54,012 [ERROR] LogOutputStream:75 - [STDERR_REDIRECT] 
2026-04-08 19:57:55,009 [ERROR] LogOutputStream:75 - [STDERR_REDIRECT] [Fatal Error] :1:1: Premature end of file.
2026-04-08 19:57:55,009 [ERROR] LogOutputStream:75 - [STDERR_REDIRECT] 
2026-04-08 19:57:56,002 [ERROR] LogOutputStream:75 - [STDERR_REDIRECT] [Fatal Error] :1:1: Premature end of file.
2026-04-08 19:57:56,002 [ERROR] LogOutputStream:75 - [STDERR_REDIRECT] 
2026-04-08 19:57:57,001 [ERROR] LogOutputStream:75 - [STDERR_REDIRECT] [Fatal Error] :1:1: Premature end of file.
2026-04-08 19:57:57,003 [ERROR] LogOutputStream:75 - [STDERR_REDIRECT] 
2026-04-08 19:57:57,997 [ERROR] LogOutputStream:75 - [STDERR_REDIRECT] [Fatal Error] :1:1: Premature end of file.
2026-04-08 19:57:57,997 [ERROR] LogOutputStream:75 - [STDERR_REDIRECT] 
2026-04-08 19:57:58,995 [ERROR] LogOutputStream:75 - [STDERR_REDIRECT] [Fatal Error] :1:1: Premature end of file.
2026-04-08 19:57:58,995 [ERROR] LogOutputStream:75 - [STDERR_REDIRECT] 
2026-04-08 19:57:59,996 [ERROR] LogOutputStream:75 - [STDERR_REDIRECT] [Fatal Error] :1:1: Premature end of file.
2026-04-08 19:57:59,996 [ERROR] LogOutputStream:75 - [STDERR_REDIRECT] 
2026-04-08 19:58:00,995 [ERROR] LogOutputStream:75 - [STDERR_REDIRECT] [Fatal Error] :1:1: Premature end of file.
2026-04-08 19:58:00,996 [ERROR] LogOutputStream:75 - [STDERR_REDIRECT] 
2026-04-08 19:58:02,001 [ERROR] LogOutputStream:75 - [STDERR_REDIRECT] [Fatal Error] :1:1: Premature end of file.
2026-04-08 19:58:02,002 [ERROR] LogOutputStream:75 - [STDERR_REDIRECT] 
2026-04-08 19:58:02,983 [ERROR] LogOutputStream:75 - [STDERR_REDIRECT] [Fatal Error] :1:1: Premature end of file.
2026-04-08 19:58:02,983 [ERROR] LogOutputStream:75 - [STDERR_REDIRECT] 
2026-04-08 19:58:03,984 [ERROR] LogOutputStream:75 - [STDERR_REDIRECT] [Fatal Error] :1:1: Premature end of file.
2026-04-08 19:58:03,984 [ERROR] LogOutputStream:75 - [STDERR_REDIRECT] 
2026-04-08 19:58:05,010 [ERROR] LogOutputStream:75 - [STDERR_REDIRECT] [Fatal Error] :1:1: Premature end of file.
2026-04-08 19:58:05,011 [ERROR] LogOutputStream:75 - [STDERR_REDIRECT] 
2026-04-08 19:58:06,001 [ERROR] LogOutputStream:75 - [STDERR_REDIRECT] [Fatal Error] :1:1: Premature end of file.
2026-04-08 19:58:06,002 [ERROR] LogOutputStream:75 - [STDERR_REDIRECT] 
2026-04-08 19:58:07,006 [ERROR] LogOutputStream:75 - [STDERR_REDIRECT] [Fatal Error] :1:1: Premature end of file.
2026-04-08 19:58:07,006 [ERROR] LogOutputStream:75 - [STDERR_REDIRECT] 
2026-04-08 19:58:08,000 [ERROR] LogOutputStream:75 - [STDERR_REDIRECT] [Fatal Error] :1:1: Premature end of file.
2026-04-08 19:58:08,000 [ERROR] LogOutputStream:75 - [STDERR_REDIRECT] 
2026-04-08 19:58:08,979 [ERROR] LogOutputStream:75 - [STDERR_REDIRECT] [Fatal Error] :1:1: Premature end of file.
2026-04-08 19:58:08,979 [ERROR] LogOutputStream:75 - [STDERR_REDIRECT] 
2026-04-08 19:58:10,004 [ERROR] LogOutputStream:75 - [STDERR_REDIRECT] [Fatal Error] :1:1: Premature end of file.
2026-04-08 19:58:10,004 [ERROR] LogOutputStream:75 - [STDERR_REDIRECT] 
2026-04-08 19:58:10,990 [ERROR] LogOutputStream:75 - [STDERR_REDIRECT] [Fatal Error] :1:1: Premature end of file.
2026-04-08 19:58:10,990 [ERROR] LogOutputStream:75 - [STDERR_REDIRECT] 
2026-04-08 19:58:12,012 [ERROR] LogOutputStream:75 - [STDERR_REDIRECT] [Fatal Error] :1:1: Premature end of file.
2026-04-08 19:58:12,012 [ERROR] LogOutputStream:75 - [STDERR_REDIRECT] 
2026-04-08 19:58:13,002 [ERROR] LogOutputStream:75 - [STDERR_REDIRECT] [Fatal Error] :1:1: Premature end of file.
2026-04-08 19:58:13,002 [ERROR] LogOutputStream:75 - [STDERR_REDIRECT] 
2026-04-08 19:58:13,988 [ERROR] LogOutputStream:75 - [STDERR_REDIRECT] [Fatal Error] :1:1: Premature end of file.
2026-04-08 19:58:13,988 [ERROR] LogOutputStream:75 - [STDERR_REDIRECT] 
2026-04-08 19:58:15,005 [ERROR] LogOutputStream:75 - [STDERR_REDIRECT] [Fatal Error] :1:1: Premature end of file.
2026-04-08 19:58:15,005 [ERROR] LogOutputStream:75 - [STDERR_REDIRECT] 
2026-04-08 19:58:16,005 [ERROR] LogOutputStream:75 - [STDERR_REDIRECT] [Fatal Error] :1:1: Premature end of file.
2026-04-08 19:58:16,006 [ERROR] LogOutputStream:75 - [STDERR_REDIRECT] 
2026-04-08 19:58:17,010 [ERROR] LogOutputStream:75 - [STDERR_REDIRECT] [Fatal Error] :1:1: Premature end of file.
2026-04-08 19:58:17,010 [ERROR] LogOutputStream:75 - [STDERR_REDIRECT] 
2026-04-08 19:58:18,019 [ERROR] LogOutputStream:75 - [STDERR_REDIRECT] [Fatal Error] :1:1: Premature end of file.
2026-04-08 19:58:18,020 [ERROR] LogOutputStream:75 - [STDERR_REDIRECT] 
2026-04-08 19:58:19,025 [ERROR] LogOutputStream:75 - [STDERR_REDIRECT] [Fatal Error] :1:1: Premature end of file.
2026-04-08 19:58:19,025 [ERROR] LogOutputStream:75 - [STDERR_REDIRECT] 
2026-04-08 19:58:20,028 [ERROR] LogOutputStream:75 - [STDERR_REDIRECT] [Fatal Error] :1:1: Premature end of file.
2026-04-08 19:58:20,028 [ERROR] LogOutputStream:75 - [STDERR_REDIRECT] 
2026-04-08 19:58:21,018 [ERROR] LogOutputStream:75 - [STDERR_REDIRECT] [Fatal Error] :1:1: Premature end of file.
2026-04-08 19:58:21,019 [ERROR] LogOutputStream:75 - [STDERR_REDIRECT] 
2026-04-08 19:58:22,016 [ERROR] LogOutputStream:75 - [STDERR_REDIRECT] [Fatal Error] :1:1: Premature end of file.
2026-04-08 19:58:22,016 [ERROR] LogOutputStream:75 - [STDERR_REDIRECT] 
2026-04-08 19:58:22,995 [ERROR] LogOutputStream:75 - [STDERR_REDIRECT] [Fatal Error] :1:1: Premature end of file.
2026-04-08 19:58:22,995 [ERROR] LogOutputStream:75 - [STDERR_REDIRECT] 
2026-04-08 19:58:24,010 [ERROR] LogOutputStream:75 - [STDERR_REDIRECT] [Fatal Error] :1:1: Premature end of file.
2026-04-08 19:58:24,010 [ERROR] LogOutputStream:75 - [STDERR_REDIRECT] 
2026-04-08 19:58:24,998 [ERROR] LogOutputStream:75 - [STDERR_REDIRECT] [Fatal Error] :1:1: Premature end of file.
2026-04-08 19:58:24,998 [ERROR] LogOutputStream:75 - [STDERR_REDIRECT] 
2026-04-08 19:58:26,010 [ERROR] LogOutputStream:75 - [STDERR_REDIRECT] [Fatal Error] :1:1: Premature end of file.
2026-04-08 19:58:26,011 [ERROR] LogOutputStream:75 - [STDERR_REDIRECT] 
2026-04-08 19:58:27,024 [ERROR] LogOutputStream:75 - [STDERR_REDIRECT] [Fatal Error] :1:1: Premature end of file.
2026-04-08 19:58:27,025 [ERROR] LogOutputStream:75 - [STDERR_REDIRECT] 
2026-04-08 19:58:27,982 [ERROR] LogOutputStream:75 - [STDERR_REDIRECT] [Fatal Error] :1:1: Premature end of file.
2026-04-08 19:58:27,982 [ERROR] LogOutputStream:75 - [STDERR_REDIRECT] 
2026-04-08 19:58:29,009 [ERROR] LogOutputStream:75 - [STDERR_REDIRECT] [Fatal Error] :1:1: Premature end of file.
2026-04-08 19:58:29,009 [ERROR] LogOutputStream:75 - [STDERR_REDIRECT] 
2026-04-08 19:58:30,009 [ERROR] LogOutputStream:75 - [STDERR_REDIRECT] [Fatal Error] :1:1: Premature end of file.
2026-04-08 19:58:30,009 [ERROR] LogOutputStream:75 - [STDERR_REDIRECT] 
2026-04-08 19:58:31,004 [ERROR] LogOutputStream:75 - [STDERR_REDIRECT] [Fatal Error] :1:1: Premature end of file.
2026-04-08 19:58:31,005 [ERROR] LogOutputStream:75 - [STDERR_REDIRECT] 
2026-04-08 19:58:31,995 [ERROR] LogOutputStream:75 - [STDERR_REDIRECT] [Fatal Error] :1:1: Premature end of file.
2026-04-08 19:58:31,995 [ERROR] LogOutputStream:75 - [STDERR_REDIRECT] 
2026-04-08 19:58:33,024 [ERROR] LogOutputStream:75 - [STDERR_REDIRECT] [Fatal Error] :1:1: Premature end of file.
2026-04-08 19:58:33,025 [ERROR] LogOutputStream:75 - [STDERR_REDIRECT] 
2026-04-08 19:58:34,001 [ERROR] LogOutputStream:75 - [STDERR_REDIRECT] [Fatal Error] :1:1: Premature end of file.
2026-04-08 19:58:34,001 [ERROR] LogOutputStream:75 - [STDERR_REDIRECT] 
2026-04-08 19:58:35,019 [ERROR] LogOutputStream:75 - [STDERR_REDIRECT] [Fatal Error] :1:1: Premature end of file.
2026-04-08 19:58:35,019 [ERROR] LogOutputStream:75 - [STDERR_REDIRECT] 
2026-04-08 19:58:36,015 [ERROR] LogOutputStream:75 - [STDERR_REDIRECT] [Fatal Error] :1:1: Premature end of file.
2026-04-08 19:58:36,016 [ERROR] LogOutputStream:75 - [STDERR_REDIRECT] 
2026-04-08 19:58:36,996 [ERROR] LogOutputStream:75 - [STDERR_REDIRECT] [Fatal Error] :1:1: Premature end of file.
2026-04-08 19:58:36,996 [ERROR] LogOutputStream:75 - [STDERR_REDIRECT] 
2026-04-08 19:58:38,000 [ERROR] LogOutputStream:75 - [STDERR_REDIRECT] [Fatal Error] :1:1: Premature end of file.
2026-04-08 19:58:38,001 [ERROR] LogOutputStream:75 - [STDERR_REDIRECT] 
2026-04-08 19:58:39,024 [ERROR] LogOutputStream:75 - [STDERR_REDIRECT] [Fatal Error] :1:1: Premature end of file.
2026-04-08 19:58:39,024 [ERROR] LogOutputStream:75 - [STDERR_REDIRECT] 
2026-04-08 19:58:40,001 [ERROR] LogOutputStream:75 - [STDERR_REDIRECT] [Fatal Error] :1:1: Premature end of file.
2026-04-08 19:58:40,001 [ERROR] LogOutputStream:75 - [STDERR_REDIRECT] 
2026-04-08 19:58:41,006 [ERROR] LogOutputStream:75 - [STDERR_REDIRECT] [Fatal Error] :1:1: Premature end of file.
2026-04-08 19:58:41,006 [ERROR] LogOutputStream:75 - [STDERR_REDIRECT] 
2026-04-08 19:58:42,006 [ERROR] LogOutputStream:75 - [STDERR_REDIRECT] [Fatal Error] :1:1: Premature end of file.
2026-04-08 19:58:42,006 [ERROR] LogOutputStream:75 - [STDERR_REDIRECT] 
2026-04-08 19:58:43,010 [ERROR] LogOutputStream:75 - [STDERR_REDIRECT] [Fatal Error] :1:1: Premature end of file.
2026-04-08 19:58:43,011 [ERROR] LogOutputStream:75 - [STDERR_REDIRECT] 
2026-04-08 19:58:44,011 [ERROR] LogOutputStream:75 - [STDERR_REDIRECT] [Fatal Error] :1:1: Premature end of file.
2026-04-08 19:58:44,011 [ERROR] LogOutputStream:75 - [STDERR_REDIRECT] 
2026-04-08 19:58:45,000 [ERROR] LogOutputStream:75 - [STDERR_REDIRECT] [Fatal Error] :1:1: Premature end of file.
2026-04-08 19:58:45,000 [ERROR] LogOutputStream:75 - [STDERR_REDIRECT] 
2026-04-08 19:58:46,013 [ERROR] LogOutputStream:75 - [STDERR_REDIRECT] [Fatal Error] :1:1: Premature end of file.
2026-04-08 19:58:46,013 [ERROR] LogOutputStream:75 - [STDERR_REDIRECT] 
2026-04-08 19:58:46,998 [ERROR] LogOutputStream:75 - [STDERR_REDIRECT] [Fatal Error] :1:1: Premature end of file.
2026-04-08 19:58:46,998 [ERROR] LogOutputStream:75 - [STDERR_REDIRECT] 
2026-04-08 19:58:48,018 [ERROR] LogOutputStream:75 - [STDERR_REDIRECT] [Fatal Error] :1:1: Premature end of file.
2026-04-08 19:58:48,018 [ERROR] LogOutputStream:75 - [STDERR_REDIRECT] 
2026-04-08 19:58:48,987 [ERROR] LogOutputStream:75 - [STDERR_REDIRECT] [Fatal Error] :1:1: Premature end of file.
2026-04-08 19:58:48,987 [ERROR] LogOutputStream:75 - [STDERR_REDIRECT] 
2026-04-08 19:58:50,002 [ERROR] LogOutputStream:75 - [STDERR_REDIRECT] [Fatal Error] :1:1: Premature end of file.
2026-04-08 19:58:50,002 [ERROR] LogOutputStream:75 - [STDERR_REDIRECT] 
2026-04-08 19:58:51,012 [ERROR] LogOutputStream:75 - [STDERR_REDIRECT] [Fatal Error] :1:1: Premature end of file.
2026-04-08 19:58:51,013 [ERROR] LogOutputStream:75 - [STDERR_REDIRECT] 
2026-04-08 19:58:52,012 [ERROR] LogOutputStream:75 - [STDERR_REDIRECT] [Fatal Error] :1:1: Premature end of file.
2026-04-08 19:58:52,012 [ERROR] LogOutputStream:75 - [STDERR_REDIRECT] 
2026-04-08 19:58:53,007 [ERROR] LogOutputStream:75 - [STDERR_REDIRECT] [Fatal Error] :1:1: Premature end of file.
2026-04-08 19:58:53,007 [ERROR] LogOutputStream:75 - [STDERR_REDIRECT] 
2026-04-08 19:58:54,046 [ERROR] LogOutputStream:75 - [STDERR_REDIRECT] [Fatal Error] :1:1: Premature end of file.
2026-04-08 19:58:54,046 [ERROR] LogOutputStream:75 - [STDERR_REDIRECT] 
2026-04-08 19:58:55,040 [ERROR] LogOutputStream:75 - [STDERR_REDIRECT] [Fatal Error] :1:1: Premature end of file.
2026-04-08 19:58:55,040 [ERROR] LogOutputStream:75 - [STDERR_REDIRECT] 
2026-04-08 19:58:56,013 [ERROR] LogOutputStream:75 - [STDERR_REDIRECT] [Fatal Error] :1:1: Premature end of file.
2026-04-08 19:58:56,013 [ERROR] LogOutputStream:75 - [STDERR_REDIRECT] 
2026-04-08 19:58:57,008 [ERROR] LogOutputStream:75 - [STDERR_REDIRECT] [Fatal Error] :1:1: Premature end of file.
2026-04-08 19:58:57,008 [ERROR] LogOutputStream:75 - [STDERR_REDIRECT] 
2026-04-08 19:58:57,997 [ERROR] LogOutputStream:75 - [STDERR_REDIRECT] [Fatal Error] :1:1: Premature end of file.
2026-04-08 19:58:57,997 [ERROR] LogOutputStream:75 - [STDERR_REDIRECT] 
2026-04-08 19:58:59,014 [ERROR] LogOutputStream:75 - [STDERR_REDIRECT] [Fatal Error] :1:1: Premature end of file.
2026-04-08 19:58:59,015 [ERROR] LogOutputStream:75 - [STDERR_REDIRECT] 
2026-04-08 19:59:00,013 [ERROR] LogOutputStream:75 - [STDERR_REDIRECT] [Fatal Error] :1:1: Premature end of file.
2026-04-08 19:59:00,014 [ERROR] LogOutputStream:75 - [STDERR_REDIRECT] 
2026-04-08 19:59:01,010 [ERROR] LogOutputStream:75 - [STDERR_REDIRECT] [Fatal Error] :1:1: Premature end of file.
2026-04-08 19:59:01,010 [ERROR] LogOutputStream:75 - [STDERR_REDIRECT] 
2026-04-08 19:59:02,023 [ERROR] LogOutputStream:75 - [STDERR_REDIRECT] [Fatal Error] :1:1: Premature end of file.
2026-04-08 19:59:02,023 [ERROR] LogOutputStream:75 - [STDERR_REDIRECT] 
2026-04-08 19:59:03,029 [ERROR] LogOutputStream:75 - [STDERR_REDIRECT] [Fatal Error] :1:1: Premature end of file.
2026-04-08 19:59:03,029 [ERROR] LogOutputStream:75 - [STDERR_REDIRECT] 
2026-04-08 19:59:04,016 [ERROR] LogOutputStream:75 - [STDERR_REDIRECT] [Fatal Error] :1:1: Premature end of file.
2026-04-08 19:59:04,017 [ERROR] LogOutputStream:75 - [STDERR_REDIRECT] 
2026-04-08 19:59:05,013 [ERROR] LogOutputStream:75 - [STDERR_REDIRECT] [Fatal Error] :1:1: Premature end of file.
2026-04-08 19:59:05,014 [ERROR] LogOutputStream:75 - [STDERR_REDIRECT] 
2026-04-08 19:59:06,037 [ERROR] LogOutputStream:75 - [STDERR_REDIRECT] [Fatal Error] :1:1: Premature end of file.
2026-04-08 19:59:06,038 [ERROR] LogOutputStream:75 - [STDERR_REDIRECT] 
2026-04-08 19:59:07,013 [ERROR] LogOutputStream:75 - [STDERR_REDIRECT] [Fatal Error] :1:1: Premature end of file.
2026-04-08 19:59:07,014 [ERROR] LogOutputStream:75 - [STDERR_REDIRECT] 
2026-04-08 19:59:08,017 [ERROR] LogOutputStream:75 - [STDERR_REDIRECT] [Fatal Error] :1:1: Premature end of file.
2026-04-08 19:59:08,019 [ERROR] LogOutputStream:75 - [STDERR_REDIRECT] 
2026-04-08 19:59:09,033 [ERROR] LogOutputStream:75 - [STDERR_REDIRECT] [Fatal Error] :1:1: Premature end of file.
2026-04-08 19:59:09,033 [ERROR] LogOutputStream:75 - [STDERR_REDIRECT] 
2026-04-08 19:59:10,026 [ERROR] LogOutputStream:75 - [STDERR_REDIRECT] [Fatal Error] :1:1: Premature end of file.
2026-04-08 19:59:10,026 [ERROR] LogOutputStream:75 - [STDERR_REDIRECT] 
2026-04-08 19:59:11,012 [ERROR] LogOutputStream:75 - [STDERR_REDIRECT] [Fatal Error] :1:1: Premature end of file.
2026-04-08 19:59:11,013 [ERROR] LogOutputStream:75 - [STDERR_REDIRECT] 
2026-04-08 19:59:11,987 [ERROR] LogOutputStream:75 - [STDERR_REDIRECT] [Fatal Error] :1:1: Premature end of file.
2026-04-08 19:59:11,987 [ERROR] LogOutputStream:75 - [STDERR_REDIRECT] 
2026-04-08 19:59:12,999 [ERROR] LogOutputStream:75 - [STDERR_REDIRECT] [Fatal Error] :1:1: Premature end of file.
2026-04-08 19:59:12,999 [ERROR] LogOutputStream:75 - [STDERR_REDIRECT] 
2026-04-08 19:59:13,983 [ERROR] LogOutputStream:75 - [STDERR_REDIRECT] [Fatal Error] :1:1: Premature end of file.
2026-04-08 19:59:13,983 [ERROR] LogOutputStream:75 - [STDERR_REDIRECT] 
2026-04-08 19:59:14,988 [ERROR] LogOutputStream:75 - [STDERR_REDIRECT] [Fatal Error] :1:1: Premature end of file.
2026-04-08 19:59:14,988 [ERROR] LogOutputStream:75 - [STDERR_REDIRECT] 
2026-04-08 19:59:15,993 [ERROR] LogOutputStream:75 - [STDERR_REDIRECT] [Fatal Error] :1:1: Premature end of file.
2026-04-08 19:59:15,993 [ERROR] LogOutputStream:75 - [STDERR_REDIRECT] 
2026-04-08 19:59:16,990 [ERROR] LogOutputStream:75 - [STDERR_REDIRECT] [Fatal Error] :1:1: Premature end of file.
2026-04-08 19:59:16,990 [ERROR] LogOutputStream:75 - [STDERR_REDIRECT] 
2026-04-08 19:59:17,983 [ERROR] LogOutputStream:75 - [STDERR_REDIRECT] [Fatal Error] :1:1: Premature end of file.
2026-04-08 19:59:17,983 [ERROR] LogOutputStream:75 - [STDERR_REDIRECT] 
2026-04-08 19:59:18,994 [ERROR] LogOutputStream:75 - [STDERR_REDIRECT] [Fatal Error] :1:1: Premature end of file.
2026-04-08 19:59:18,994 [ERROR] LogOutputStream:75 - [STDERR_REDIRECT] 
2026-04-08 19:59:20,009 [ERROR] LogOutputStream:75 - [STDERR_REDIRECT] [Fatal Error] :1:1: Premature end of file.
2026-04-08 19:59:20,009 [ERROR] LogOutputStream:75 - [STDERR_REDIRECT] 
2026-04-08 19:59:21,007 [ERROR] LogOutputStream:75 - [STDERR_REDIRECT] [Fatal Error] :1:1: Premature end of file.
2026-04-08 19:59:21,007 [ERROR] LogOutputStream:75 - [STDERR_REDIRECT] 
2026-04-08 19:59:22,005 [ERROR] LogOutputStream:75 - [STDERR_REDIRECT] [Fatal Error] :1:1: Premature end of file.
2026-04-08 19:59:22,005 [ERROR] LogOutputStream:75 - [STDERR_REDIRECT] 
2026-04-08 19:59:23,010 [ERROR] LogOutputStream:75 - [STDERR_REDIRECT] [Fatal Error] :1:1: Premature end of file.
2026-04-08 19:59:23,010 [ERROR] LogOutputStream:75 - [STDERR_REDIRECT] 
2026-04-08 19:59:24,009 [ERROR] LogOutputStream:75 - [STDERR_REDIRECT] [Fatal Error] :1:1: Premature end of file.
2026-04-08 19:59:24,009 [ERROR] LogOutputStream:75 - [STDERR_REDIRECT] 
2026-04-08 19:59:25,010 [ERROR] LogOutputStream:75 - [STDERR_REDIRECT] [Fatal Error] :1:1: Premature end of file.
2026-04-08 19:59:25,011 [ERROR] LogOutputStream:75 - [STDERR_REDIRECT] 
2026-04-08 19:59:26,005 [ERROR] LogOutputStream:75 - [STDERR_REDIRECT] [Fatal Error] :1:1: Premature end of file.
2026-04-08 19:59:26,006 [ERROR] LogOutputStream:75 - [STDERR_REDIRECT] 
2026-04-08 19:59:27,006 [ERROR] LogOutputStream:75 - [STDERR_REDIRECT] [Fatal Error] :1:1: Premature end of file.
2026-04-08 19:59:27,006 [ERROR] LogOutputStream:75 - [STDERR_REDIRECT] 
2026-04-08 19:59:28,006 [ERROR] LogOutputStream:75 - [STDERR_REDIRECT] [Fatal Error] :1:1: Premature end of file.
2026-04-08 19:59:28,006 [ERROR] LogOutputStream:75 - [STDERR_REDIRECT] 
2026-04-08 19:59:28,998 [ERROR] LogOutputStream:75 - [STDERR_REDIRECT] [Fatal Error] :1:1: Premature end of file.
2026-04-08 19:59:28,999 [ERROR] LogOutputStream:75 - [STDERR_REDIRECT] 
2026-04-08 19:59:30,005 [ERROR] LogOutputStream:75 - [STDERR_REDIRECT] [Fatal Error] :1:1: Premature end of file.
2026-04-08 19:59:30,005 [ERROR] LogOutputStream:75 - [STDERR_REDIRECT] 
2026-04-08 19:59:31,013 [ERROR] LogOutputStream:75 - [STDERR_REDIRECT] [Fatal Error] :1:1: Premature end of file.
2026-04-08 19:59:31,013 [ERROR] LogOutputStream:75 - [STDERR_REDIRECT] 
2026-04-08 19:59:32,005 [ERROR] LogOutputStream:75 - [STDERR_REDIRECT] [Fatal Error] :1:1: Premature end of file.
2026-04-08 19:59:32,006 [ERROR] LogOutputStream:75 - [STDERR_REDIRECT] 
2026-04-08 19:59:33,007 [ERROR] LogOutputStream:75 - [STDERR_REDIRECT] [Fatal Error] :1:1: Premature end of file.
2026-04-08 19:59:33,007 [ERROR] LogOutputStream:75 - [STDERR_REDIRECT] 
2026-04-08 19:59:34,008 [ERROR] LogOutputStream:75 - [STDERR_REDIRECT] [Fatal Error] :1:1: Premature end of file.
2026-04-08 19:59:34,008 [ERROR] LogOutputStream:75 - [STDERR_REDIRECT] 
2026-04-08 19:59:35,007 [ERROR] LogOutputStream:75 - [STDERR_REDIRECT] [Fatal Error] :1:1: Premature end of file.
2026-04-08 19:59:35,007 [ERROR] LogOutputStream:75 - [STDERR_REDIRECT] 
2026-04-08 19:59:35,986 [ERROR] LogOutputStream:75 - [STDERR_REDIRECT] [Fatal Error] :1:1: Premature end of file.
2026-04-08 19:59:35,986 [ERROR] LogOutputStream:75 - [STDERR_REDIRECT] 
2026-04-08 19:59:36,991 [ERROR] LogOutputStream:75 - [STDERR_REDIRECT] [Fatal Error] :1:1: Premature end of file.
2026-04-08 19:59:36,992 [ERROR] LogOutputStream:75 - [STDERR_REDIRECT] 
2026-04-08 19:59:38,005 [ERROR] LogOutputStream:75 - [STDERR_REDIRECT] [Fatal Error] :1:1: Premature end of file.
2026-04-08 19:59:38,005 [ERROR] LogOutputStream:75 - [STDERR_REDIRECT] 
2026-04-08 19:59:39,001 [ERROR] LogOutputStream:75 - [STDERR_REDIRECT] [Fatal Error] :1:1: Premature end of file.
2026-04-08 19:59:39,001 [ERROR] LogOutputStream:75 - [STDERR_REDIRECT] 
2026-04-08 19:59:40,001 [ERROR] LogOutputStream:75 - [STDERR_REDIRECT] [Fatal Error] :1:1: Premature end of file.
2026-04-08 19:59:40,001 [ERROR] LogOutputStream:75 - [STDERR_REDIRECT] 
2026-04-08 19:59:41,012 [ERROR] LogOutputStream:75 - [STDERR_REDIRECT] [Fatal Error] :1:1: Premature end of file.
2026-04-08 19:59:41,012 [ERROR] LogOutputStream:75 - [STDERR_REDIRECT] 
2026-04-08 19:59:42,013 [ERROR] LogOutputStream:75 - [STDERR_REDIRECT] [Fatal Error] :1:1: Premature end of file.
2026-04-08 19:59:42,013 [ERROR] LogOutputStream:75 - [STDERR_REDIRECT] 
2026-04-08 19:59:42,996 [ERROR] LogOutputStream:75 - [STDERR_REDIRECT] [Fatal Error] :1:1: Premature end of file.
2026-04-08 19:59:42,996 [ERROR] LogOutputStream:75 - [STDERR_REDIRECT] 
2026-04-08 19:59:44,000 [ERROR] LogOutputStream:75 - [STDERR_REDIRECT] [Fatal Error] :1:1: Premature end of file.
2026-04-08 19:59:44,000 [ERROR] LogOutputStream:75 - [STDERR_REDIRECT] 
2026-04-08 19:59:44,995 [ERROR] LogOutputStream:75 - [STDERR_REDIRECT] [Fatal Error] :1:1: Premature end of file.
2026-04-08 19:59:44,995 [ERROR] LogOutputStream:75 - [STDERR_REDIRECT] 
2026-04-08 19:59:45,998 [ERROR] LogOutputStream:75 - [STDERR_REDIRECT] [Fatal Error] :1:1: Premature end of file.
2026-04-08 19:59:45,998 [ERROR] LogOutputStream:75 - [STDERR_REDIRECT] 
2026-04-08 19:59:47,003 [ERROR] LogOutputStream:75 - [STDERR_REDIRECT] [Fatal Error] :1:1: Premature end of file.
2026-04-08 19:59:47,003 [ERROR] LogOutputStream:75 - [STDERR_REDIRECT] 
2026-04-08 19:59:48,009 [ERROR] LogOutputStream:75 - [STDERR_REDIRECT] [Fatal Error] :1:1: Premature end of file.
2026-04-08 19:59:48,009 [ERROR] LogOutputStream:75 - [STDERR_REDIRECT] 
2026-04-08 19:59:48,996 [ERROR] LogOutputStream:75 - [STDERR_REDIRECT] [Fatal Error] :1:1: Premature end of file.
2026-04-08 19:59:48,997 [ERROR] LogOutputStream:75 - [STDERR_REDIRECT] 
2026-04-08 19:59:49,998 [ERROR] LogOutputStream:75 - [STDERR_REDIRECT] [Fatal Error] :1:1: Premature end of file.
2026-04-08 19:59:49,998 [ERROR] LogOutputStream:75 - [STDERR_REDIRECT] 
2026-04-08 19:59:51,010 [ERROR] LogOutputStream:75 - [STDERR_REDIRECT] [Fatal Error] :1:1: Premature end of file.
2026-04-08 19:59:51,010 [ERROR] LogOutputStream:75 - [STDERR_REDIRECT] 
2026-04-08 19:59:51,991 [ERROR] LogOutputStream:75 - [STDERR_REDIRECT] [Fatal Error] :1:1: Premature end of file.
2026-04-08 19:59:51,992 [ERROR] LogOutputStream:75 - [STDERR_REDIRECT] 
2026-04-08 19:59:53,009 [ERROR] LogOutputStream:75 - [STDERR_REDIRECT] [Fatal Error] :1:1: Premature end of file.
2026-04-08 19:59:53,009 [ERROR] LogOutputStream:75 - [STDERR_REDIRECT] 
2026-04-08 19:59:54,002 [ERROR] LogOutputStream:75 - [STDERR_REDIRECT] [Fatal Error] :1:1: Premature end of file.
2026-04-08 19:59:54,002 [ERROR] LogOutputStream:75 - [STDERR_REDIRECT] 
2026-04-08 19:59:55,001 [ERROR] LogOutputStream:75 - [STDERR_REDIRECT] [Fatal Error] :1:1: Premature end of file.
2026-04-08 19:59:55,002 [ERROR] LogOutputStream:75 - [STDERR_REDIRECT] 
2026-04-08 19:59:56,001 [ERROR] LogOutputStream:75 - [STDERR_REDIRECT] [Fatal Error] :1:1: Premature end of file.
2026-04-08 19:59:56,001 [ERROR] LogOutputStream:75 - [STDERR_REDIRECT] 
2026-04-08 19:59:56,990 [ERROR] LogOutputStream:75 - [STDERR_REDIRECT] [Fatal Error] :1:1: Premature end of file.
2026-04-08 19:59:56,991 [ERROR] LogOutputStream:75 - [STDERR_REDIRECT] 
2026-04-08 19:59:58,007 [ERROR] LogOutputStream:75 - [STDERR_REDIRECT] [Fatal Error] :1:1: Premature end of file.
2026-04-08 19:59:58,008 [ERROR] LogOutputStream:75 - [STDERR_REDIRECT] 
2026-04-08 19:59:58,996 [ERROR] LogOutputStream:75 - [STDERR_REDIRECT] [Fatal Error] :1:1: Premature end of file.
2026-04-08 19:59:58,996 [ERROR] LogOutputStream:75 - [STDERR_REDIRECT] 
2026-04-08 20:00:00,005 [ERROR] LogOutputStream:75 - [STDERR_REDIRECT] [Fatal Error] :1:1: Premature end of file.
2026-04-08 20:00:00,005 [ERROR] LogOutputStream:75 - [STDERR_REDIRECT] 
2026-04-08 20:00:00,989 [ERROR] LogOutputStream:75 - [STDERR_REDIRECT] [Fatal Error] :1:1: Premature end of file.
2026-04-08 20:00:00,990 [ERROR] LogOutputStream:75 - [STDERR_REDIRECT] 
2026-04-08 20:00:01,994 [ERROR] LogOutputStream:75 - [STDERR_REDIRECT] [Fatal Error] :1:1: Premature end of file.
2026-04-08 20:00:01,994 [ERROR] LogOutputStream:75 - [STDERR_REDIRECT] 
2026-04-08 20:00:03,006 [ERROR] LogOutputStream:75 - [STDERR_REDIRECT] [Fatal Error] :1:1: Premature end of file.
2026-04-08 20:00:03,006 [ERROR] LogOutputStream:75 - [STDERR_REDIRECT] 
2026-04-08 20:00:03,999 [ERROR] LogOutputStream:75 - [STDERR_REDIRECT] [Fatal Error] :1:1: Premature end of file.
2026-04-08 20:00:03,999 [ERROR] LogOutputStream:75 - [STDERR_REDIRECT] 
2026-04-08 20:00:04,993 [ERROR] LogOutputStream:75 - [STDERR_REDIRECT] [Fatal Error] :1:1: Premature end of file.
2026-04-08 20:00:04,993 [ERROR] LogOutputStream:75 - [STDERR_REDIRECT] 
2026-04-08 20:00:06,007 [ERROR] LogOutputStream:75 - [STDERR_REDIRECT] [Fatal Error] :1:1: Premature end of file.
2026-04-08 20:00:06,007 [ERROR] LogOutputStream:75 - [STDERR_REDIRECT] 
2026-04-08 20:00:06,992 [ERROR] LogOutputStream:75 - [STDERR_REDIRECT] [Fatal Error] :1:1: Premature end of file.
2026-04-08 20:00:06,992 [ERROR] LogOutputStream:75 - [STDERR_REDIRECT] 
2026-04-08 20:00:08,016 [ERROR] LogOutputStream:75 - [STDERR_REDIRECT] [Fatal Error] :1:1: Premature end of file.
2026-04-08 20:00:08,016 [ERROR] LogOutputStream:75 - [STDERR_REDIRECT] 
2026-04-08 20:00:09,033 [ERROR] LogOutputStream:75 - [STDERR_REDIRECT] [Fatal Error] :1:1: Premature end of file.
2026-04-08 20:00:09,034 [ERROR] LogOutputStream:75 - [STDERR_REDIRECT] 
2026-04-08 20:00:09,987 [ERROR] LogOutputStream:75 - [STDERR_REDIRECT] [Fatal Error] :1:1: Premature end of file.
2026-04-08 20:00:09,987 [ERROR] LogOutputStream:75 - [STDERR_REDIRECT] 
2026-04-08 20:00:11,010 [ERROR] LogOutputStream:75 - [STDERR_REDIRECT] [Fatal Error] :1:1: Premature end of file.
2026-04-08 20:00:11,012 [ERROR] LogOutputStream:75 - [STDERR_REDIRECT] 
2026-04-08 20:00:11,997 [ERROR] LogOutputStream:75 - [STDERR_REDIRECT] [Fatal Error] :1:1: Premature end of file.
2026-04-08 20:00:11,998 [ERROR] LogOutputStream:75 - [STDERR_REDIRECT] 
2026-04-08 20:00:13,015 [ERROR] LogOutputStream:75 - [STDERR_REDIRECT] [Fatal Error] :1:1: Premature end of file.
2026-04-08 20:00:13,015 [ERROR] LogOutputStream:75 - [STDERR_REDIRECT] 
2026-04-08 20:00:14,029 [ERROR] LogOutputStream:75 - [STDERR_REDIRECT] [Fatal Error] :1:1: Premature end of file.
2026-04-08 20:00:14,030 [ERROR] LogOutputStream:75 - [STDERR_REDIRECT] 
2026-04-08 20:00:15,015 [ERROR] LogOutputStream:75 - [STDERR_REDIRECT] [Fatal Error] :1:1: Premature end of file.
2026-04-08 20:00:15,016 [ERROR] LogOutputStream:75 - [STDERR_REDIRECT] 
2026-04-08 20:00:16,022 [ERROR] LogOutputStream:75 - [STDERR_REDIRECT] [Fatal Error] :1:1: Premature end of file.
2026-04-08 20:00:16,022 [ERROR] LogOutputStream:75 - [STDERR_REDIRECT] 
2026-04-08 20:00:17,023 [ERROR] LogOutputStream:75 - [STDERR_REDIRECT] [Fatal Error] :1:1: Premature end of file.
2026-04-08 20:00:17,023 [ERROR] LogOutputStream:75 - [STDERR_REDIRECT] 
2026-04-08 20:00:17,998 [ERROR] LogOutputStream:75 - [STDERR_REDIRECT] [Fatal Error] :1:1: Premature end of file.
2026-04-08 20:00:17,999 [ERROR] LogOutputStream:75 - [STDERR_REDIRECT] 
2026-04-08 20:00:19,005 [ERROR] LogOutputStream:75 - [STDERR_REDIRECT] [Fatal Error] :1:1: Premature end of file.
2026-04-08 20:00:19,006 [ERROR] LogOutputStream:75 - [STDERR_REDIRECT] 
2026-04-08 20:00:20,028 [ERROR] LogOutputStream:75 - [STDERR_REDIRECT] [Fatal Error] :1:1: Premature end of file.
2026-04-08 20:00:20,029 [ERROR] LogOutputStream:75 - [STDERR_REDIRECT] 
2026-04-08 20:00:21,026 [ERROR] LogOutputStream:75 - [STDERR_REDIRECT] [Fatal Error] :1:1: Premature end of file.
2026-04-08 20:00:21,026 [ERROR] LogOutputStream:75 - [STDERR_REDIRECT] 
2026-04-08 20:00:22,065 [ERROR] LogOutputStream:75 - [STDERR_REDIRECT] [Fatal Error] :1:1: Premature end of file.
2026-04-08 20:00:22,065 [ERROR] LogOutputStream:75 - [STDERR_REDIRECT] 
2026-04-08 20:00:23,013 [ERROR] LogOutputStream:75 - [STDERR_REDIRECT] [Fatal Error] :1:1: Premature end of file.
2026-04-08 20:00:23,013 [ERROR] LogOutputStream:75 - [STDERR_REDIRECT] 
2026-04-08 20:00:24,006 [ERROR] LogOutputStream:75 - [STDERR_REDIRECT] [Fatal Error] :1:1: Premature end of file.
2026-04-08 20:00:24,006 [ERROR] LogOutputStream:75 - [STDERR_REDIRECT] 
2026-04-08 20:00:25,030 [ERROR] LogOutputStream:75 - [STDERR_REDIRECT] [Fatal Error] :1:1: Premature end of file.
2026-04-08 20:00:25,030 [ERROR] LogOutputStream:75 - [STDERR_REDIRECT] 
2026-04-08 20:00:26,014 [ERROR] LogOutputStream:75 - [STDERR_REDIRECT] [Fatal Error] :1:1: Premature end of file.
2026-04-08 20:00:26,014 [ERROR] LogOutputStream:75 - [STDERR_REDIRECT] 
2026-04-08 20:00:27,014 [ERROR] LogOutputStream:75 - [STDERR_REDIRECT] [Fatal Error] :1:1: Premature end of file.
2026-04-08 20:00:27,014 [ERROR] LogOutputStream:75 - [STDERR_REDIRECT] 
2026-04-08 20:00:28,013 [ERROR] LogOutputStream:75 - [STDERR_REDIRECT] [Fatal Error] :1:1: Premature end of file.
2026-04-08 20:00:28,014 [ERROR] LogOutputStream:75 - [STDERR_REDIRECT] 
2026-04-08 20:00:29,007 [ERROR] LogOutputStream:75 - [STDERR_REDIRECT] [Fatal Error] :1:1: Premature end of file.
2026-04-08 20:00:29,008 [ERROR] LogOutputStream:75 - [STDERR_REDIRECT] 
2026-04-08 20:00:30,008 [ERROR] LogOutputStream:75 - [STDERR_REDIRECT] [Fatal Error] :1:1: Premature end of file.
2026-04-08 20:00:30,008 [ERROR] LogOutputStream:75 - [STDERR_REDIRECT] 
2026-04-08 20:00:31,006 [ERROR] LogOutputStream:75 - [STDERR_REDIRECT] [Fatal Error] :1:1: Premature end of file.
2026-04-08 20:00:31,006 [ERROR] LogOutputStream:75 - [STDERR_REDIRECT] 
2026-04-08 20:00:32,005 [ERROR] LogOutputStream:75 - [STDERR_REDIRECT] [Fatal Error] :1:1: Premature end of file.
2026-04-08 20:00:32,005 [ERROR] LogOutputStream:75 - [STDERR_REDIRECT] 
2026-04-08 20:00:33,016 [ERROR] LogOutputStream:75 - [STDERR_REDIRECT] [Fatal Error] :1:1: Premature end of file.
2026-04-08 20:00:33,016 [ERROR] LogOutputStream:75 - [STDERR_REDIRECT] 
2026-04-08 20:00:34,009 [ERROR] LogOutputStream:75 - [STDERR_REDIRECT] [Fatal Error] :1:1: Premature end of file.
2026-04-08 20:00:34,009 [ERROR] LogOutputStream:75 - [STDERR_REDIRECT] 
2026-04-08 20:00:35,015 [ERROR] LogOutputStream:75 - [STDERR_REDIRECT] [Fatal Error] :1:1: Premature end of file.
2026-04-08 20:00:35,015 [ERROR] LogOutputStream:75 - [STDERR_REDIRECT] 
2026-04-08 20:00:36,007 [ERROR] LogOutputStream:75 - [STDERR_REDIRECT] [Fatal Error] :1:1: Premature end of file.
2026-04-08 20:00:36,007 [ERROR] LogOutputStream:75 - [STDERR_REDIRECT] 
2026-04-08 20:00:37,001 [ERROR] LogOutputStream:75 - [STDERR_REDIRECT] [Fatal Error] :1:1: Premature end of file.
2026-04-08 20:00:37,001 [ERROR] LogOutputStream:75 - [STDERR_REDIRECT] 
2026-04-08 20:00:38,004 [ERROR] LogOutputStream:75 - [STDERR_REDIRECT] [Fatal Error] :1:1: Premature end of file.
2026-04-08 20:00:38,004 [ERROR] LogOutputStream:75 - [STDERR_REDIRECT] 
2026-04-08 20:00:39,022 [ERROR] LogOutputStream:75 - [STDERR_REDIRECT] [Fatal Error] :1:1: Premature end of file.
2026-04-08 20:00:39,022 [ERROR] LogOutputStream:75 - [STDERR_REDIRECT] 
2026-04-08 20:00:40,018 [ERROR] LogOutputStream:75 - [STDERR_REDIRECT] [Fatal Error] :1:1: Premature end of file.
2026-04-08 20:00:40,018 [ERROR] LogOutputStream:75 - [STDERR_REDIRECT] 
2026-04-08 20:00:41,010 [ERROR] LogOutputStream:75 - [STDERR_REDIRECT] [Fatal Error] :1:1: Premature end of file.
2026-04-08 20:00:41,010 [ERROR] LogOutputStream:75 - [STDERR_REDIRECT] 
2026-04-08 20:00:41,985 [ERROR] LogOutputStream:75 - [STDERR_REDIRECT] [Fatal Error] :1:1: Premature end of file.
2026-04-08 20:00:41,985 [ERROR] LogOutputStream:75 - [STDERR_REDIRECT] 
2026-04-08 20:00:43,002 [ERROR] LogOutputStream:75 - [STDERR_REDIRECT] [Fatal Error] :1:1: Premature end of file.
2026-04-08 20:00:43,003 [ERROR] LogOutputStream:75 - [STDERR_REDIRECT] 
2026-04-08 20:00:43,985 [ERROR] LogOutputStream:75 - [STDERR_REDIRECT] [Fatal Error] :1:1: Premature end of file.
2026-04-08 20:00:43,985 [ERROR] LogOutputStream:75 - [STDERR_REDIRECT] 
2026-04-08 20:00:44,982 [ERROR] LogOutputStream:75 - [STDERR_REDIRECT] [Fatal Error] :1:1: Premature end of file.
2026-04-08 20:00:44,982 [ERROR] LogOutputStream:75 - [STDERR_REDIRECT] 
2026-04-08 20:00:45,999 [ERROR] LogOutputStream:75 - [STDERR_REDIRECT] [Fatal Error] :1:1: Premature end of file.
2026-04-08 20:00:45,999 [ERROR] LogOutputStream:75 - [STDERR_REDIRECT] 
2026-04-08 20:00:46,990 [ERROR] LogOutputStream:75 - [STDERR_REDIRECT] [Fatal Error] :1:1: Premature end of file.
2026-04-08 20:00:46,990 [ERROR] LogOutputStream:75 - [STDERR_REDIRECT] 
2026-04-08 20:00:47,985 [ERROR] LogOutputStream:75 - [STDERR_REDIRECT] [Fatal Error] :1:1: Premature end of file.
2026-04-08 20:00:47,985 [ERROR] LogOutputStream:75 - [STDERR_REDIRECT] 
2026-04-08 20:00:49,007 [ERROR] LogOutputStream:75 - [STDERR_REDIRECT] [Fatal Error] :1:1: Premature end of file.
2026-04-08 20:00:49,007 [ERROR] LogOutputStream:75 - [STDERR_REDIRECT] 
2026-04-08 20:00:50,003 [ERROR] LogOutputStream:75 - [STDERR_REDIRECT] [Fatal Error] :1:1: Premature end of file.
2026-04-08 20:00:50,003 [ERROR] LogOutputStream:75 - [STDERR_REDIRECT] 
2026-04-08 20:00:51,017 [ERROR] LogOutputStream:75 - [STDERR_REDIRECT] [Fatal Error] :1:1: Premature end of file.
2026-04-08 20:00:51,017 [ERROR] LogOutputStream:75 - [STDERR_REDIRECT] 
2026-04-08 20:00:51,987 [ERROR] LogOutputStream:75 - [STDERR_REDIRECT] [Fatal Error] :1:1: Premature end of file.
2026-04-08 20:00:51,987 [ERROR] LogOutputStream:75 - [STDERR_REDIRECT] 
2026-04-08 20:00:53,000 [ERROR] LogOutputStream:75 - [STDERR_REDIRECT] [Fatal Error] :1:1: Premature end of file.
2026-04-08 20:00:53,000 [ERROR] LogOutputStream:75 - [STDERR_REDIRECT] 
2026-04-08 20:00:54,005 [ERROR] LogOutputStream:75 - [STDERR_REDIRECT] [Fatal Error] :1:1: Premature end of file.
2026-04-08 20:00:54,005 [ERROR] LogOutputStream:75 - [STDERR_REDIRECT] 
2026-04-08 20:00:54,999 [ERROR] LogOutputStream:75 - [STDERR_REDIRECT] [Fatal Error] :1:1: Premature end of file.
2026-04-08 20:00:55,000 [ERROR] LogOutputStream:75 - [STDERR_REDIRECT] 
2026-04-08 20:00:55,992 [ERROR] LogOutputStream:75 - [STDERR_REDIRECT] [Fatal Error] :1:1: Premature end of file.
2026-04-08 20:00:55,993 [ERROR] LogOutputStream:75 - [STDERR_REDIRECT] 
2026-04-08 20:00:56,999 [ERROR] LogOutputStream:75 - [STDERR_REDIRECT] [Fatal Error] :1:1: Premature end of file.
2026-04-08 20:00:56,999 [ERROR] LogOutputStream:75 - [STDERR_REDIRECT] 
2026-04-08 20:00:58,008 [ERROR] LogOutputStream:75 - [STDERR_REDIRECT] [Fatal Error] :1:1: Premature end of file.
2026-04-08 20:00:58,008 [ERROR] LogOutputStream:75 - [STDERR_REDIRECT] 
2026-04-08 20:00:59,006 [ERROR] LogOutputStream:75 - [STDERR_REDIRECT] [Fatal Error] :1:1: Premature end of file.
2026-04-08 20:00:59,006 [ERROR] LogOutputStream:75 - [STDERR_REDIRECT] 
2026-04-08 20:00:59,998 [ERROR] LogOutputStream:75 - [STDERR_REDIRECT] [Fatal Error] :1:1: Premature end of file.
2026-04-08 20:00:59,998 [ERROR] LogOutputStream:75 - [STDERR_REDIRECT] 
2026-04-08 20:01:01,002 [ERROR] LogOutputStream:75 - [STDERR_REDIRECT] [Fatal Error] :1:1: Premature end of file.
2026-04-08 20:01:01,002 [ERROR] LogOutputStream:75 - [STDERR_REDIRECT] 
2026-04-08 20:01:01,996 [ERROR] LogOutputStream:75 - [STDERR_REDIRECT] [Fatal Error] :1:1: Premature end of file.
2026-04-08 20:01:01,996 [ERROR] LogOutputStream:75 - [STDERR_REDIRECT] 
2026-04-08 20:01:03,001 [ERROR] LogOutputStream:75 - [STDERR_REDIRECT] [Fatal Error] :1:1: Premature end of file.
2026-04-08 20:01:03,001 [ERROR] LogOutputStream:75 - [STDERR_REDIRECT] 
2026-04-08 20:01:04,006 [ERROR] LogOutputStream:75 - [STDERR_REDIRECT] [Fatal Error] :1:1: Premature end of file.
2026-04-08 20:01:04,006 [ERROR] LogOutputStream:75 - [STDERR_REDIRECT] 
2026-04-08 20:01:05,001 [ERROR] LogOutputStream:75 - [STDERR_REDIRECT] [Fatal Error] :1:1: Premature end of file.
2026-04-08 20:01:05,001 [ERROR] LogOutputStream:75 - [STDERR_REDIRECT] 
2026-04-08 20:01:06,002 [ERROR] LogOutputStream:75 - [STDERR_REDIRECT] [Fatal Error] :1:1: Premature end of file.
2026-04-08 20:01:06,002 [ERROR] LogOutputStream:75 - [STDERR_REDIRECT] 
2026-04-08 20:01:06,986 [ERROR] LogOutputStream:75 - [STDERR_REDIRECT] [Fatal Error] :1:1: Premature end of file.
2026-04-08 20:01:06,986 [ERROR] LogOutputStream:75 - [STDERR_REDIRECT] 
2026-04-08 20:01:07,987 [ERROR] LogOutputStream:75 - [STDERR_REDIRECT] [Fatal Error] :1:1: Premature end of file.
2026-04-08 20:01:07,988 [ERROR] LogOutputStream:75 - [STDERR_REDIRECT] 
2026-04-08 20:01:08,997 [ERROR] LogOutputStream:75 - [STDERR_REDIRECT] [Fatal Error] :1:1: Premature end of file.
2026-04-08 20:01:08,997 [ERROR] LogOutputStream:75 - [STDERR_REDIRECT] 
2026-04-08 20:01:10,021 [ERROR] LogOutputStream:75 - [STDERR_REDIRECT] [Fatal Error] :1:1: Premature end of file.
2026-04-08 20:01:10,022 [ERROR] LogOutputStream:75 - [STDERR_REDIRECT] 
2026-04-08 20:01:11,008 [ERROR] LogOutputStream:75 - [STDERR_REDIRECT] [Fatal Error] :1:1: Premature end of file.
2026-04-08 20:01:11,008 [ERROR] LogOutputStream:75 - [STDERR_REDIRECT] 
2026-04-08 20:01:12,003 [ERROR] LogOutputStream:75 - [STDERR_REDIRECT] [Fatal Error] :1:1: Premature end of file.
2026-04-08 20:01:12,004 [ERROR] LogOutputStream:75 - [STDERR_REDIRECT] 
2026-04-08 20:01:13,036 [ERROR] LogOutputStream:75 - [STDERR_REDIRECT] [Fatal Error] :1:1: Premature end of file.
2026-04-08 20:01:13,036 [ERROR] LogOutputStream:75 - [STDERR_REDIRECT] 
2026-04-08 20:01:14,024 [ERROR] LogOutputStream:75 - [STDERR_REDIRECT] [Fatal Error] :1:1: Premature end of file.
2026-04-08 20:01:14,025 [ERROR] LogOutputStream:75 - [STDERR_REDIRECT] 
2026-04-08 20:01:15,041 [ERROR] LogOutputStream:75 - [STDERR_REDIRECT] [Fatal Error] :1:1: Premature end of file.
2026-04-08 20:01:15,042 [ERROR] LogOutputStream:75 - [STDERR_REDIRECT] 
2026-04-08 20:01:16,005 [ERROR] LogOutputStream:75 - [STDERR_REDIRECT] [Fatal Error] :1:1: Premature end of file.
2026-04-08 20:01:16,005 [ERROR] LogOutputStream:75 - [STDERR_REDIRECT] 
2026-04-08 20:01:16,998 [ERROR] LogOutputStream:75 - [STDERR_REDIRECT] [Fatal Error] :1:1: Premature end of file.
2026-04-08 20:01:16,999 [ERROR] LogOutputStream:75 - [STDERR_REDIRECT] 
2026-04-08 20:01:17,988 [ERROR] LogOutputStream:75 - [STDERR_REDIRECT] [Fatal Error] :1:1: Premature end of file.
2026-04-08 20:01:17,988 [ERROR] LogOutputStream:75 - [STDERR_REDIRECT] 
2026-04-08 20:01:18,993 [ERROR] LogOutputStream:75 - [STDERR_REDIRECT] [Fatal Error] :1:1: Premature end of file.
2026-04-08 20:01:18,993 [ERROR] LogOutputStream:75 - [STDERR_REDIRECT] 
2026-04-08 20:01:20,000 [ERROR] LogOutputStream:75 - [STDERR_REDIRECT] [Fatal Error] :1:1: Premature end of file.
2026-04-08 20:01:20,001 [ERROR] LogOutputStream:75 - [STDERR_REDIRECT] 
2026-04-08 20:01:21,034 [ERROR] LogOutputStream:75 - [STDERR_REDIRECT] [Fatal Error] :1:1: Premature end of file.
2026-04-08 20:01:21,034 [ERROR] LogOutputStream:75 - [STDERR_REDIRECT] 
2026-04-08 20:01:22,030 [ERROR] LogOutputStream:75 - [STDERR_REDIRECT] [Fatal Error] :1:1: Premature end of file.
2026-04-08 20:01:22,031 [ERROR] LogOutputStream:75 - [STDERR_REDIRECT] 
2026-04-08 20:01:23,007 [ERROR] LogOutputStream:75 - [STDERR_REDIRECT] [Fatal Error] :1:1: Premature end of file.
2026-04-08 20:01:23,007 [ERROR] LogOutputStream:75 - [STDERR_REDIRECT] 
2026-04-08 20:01:24,002 [ERROR] LogOutputStream:75 - [STDERR_REDIRECT] [Fatal Error] :1:1: Premature end of file.
2026-04-08 20:01:24,002 [ERROR] LogOutputStream:75 - [STDERR_REDIRECT] 
2026-04-08 20:01:25,008 [ERROR] LogOutputStream:75 - [STDERR_REDIRECT] [Fatal Error] :1:1: Premature end of file.
2026-04-08 20:01:25,009 [ERROR] LogOutputStream:75 - [STDERR_REDIRECT] 
2026-04-08 20:01:26,021 [ERROR] LogOutputStream:75 - [STDERR_REDIRECT] [Fatal Error] :1:1: Premature end of file.
2026-04-08 20:01:26,021 [ERROR] LogOutputStream:75 - [STDERR_REDIRECT] 
2026-04-08 20:01:27,018 [ERROR] LogOutputStream:75 - [STDERR_REDIRECT] [Fatal Error] :1:1: Premature end of file.
2026-04-08 20:01:27,019 [ERROR] LogOutputStream:75 - [STDERR_REDIRECT] 
2026-04-08 20:01:28,038 [ERROR] LogOutputStream:75 - [STDERR_REDIRECT] [Fatal Error] :1:1: Premature end of file.
2026-04-08 20:01:28,038 [ERROR] LogOutputStream:75 - [STDERR_REDIRECT] 
2026-04-08 20:01:29,026 [ERROR] LogOutputStream:75 - [STDERR_REDIRECT] [Fatal Error] :1:1: Premature end of file.
2026-04-08 20:01:29,026 [ERROR] LogOutputStream:75 - [STDERR_REDIRECT] 
2026-04-08 20:01:30,028 [ERROR] LogOutputStream:75 - [STDERR_REDIRECT] [Fatal Error] :1:1: Premature end of file.
2026-04-08 20:01:30,029 [ERROR] LogOutputStream:75 - [STDERR_REDIRECT] 
2026-04-08 20:01:31,003 [ERROR] LogOutputStream:75 - [STDERR_REDIRECT] [Fatal Error] :1:1: Premature end of file.
2026-04-08 20:01:31,003 [ERROR] LogOutputStream:75 - [STDERR_REDIRECT] 
2026-04-08 20:01:32,019 [ERROR] LogOutputStream:75 - [STDERR_REDIRECT] [Fatal Error] :1:1: Premature end of file.
2026-04-08 20:01:32,020 [ERROR] LogOutputStream:75 - [STDERR_REDIRECT] 
2026-04-08 20:01:33,021 [ERROR] LogOutputStream:75 - [STDERR_REDIRECT] [Fatal Error] :1:1: Premature end of file.
2026-04-08 20:01:33,021 [ERROR] LogOutputStream:75 - [STDERR_REDIRECT] 
2026-04-08 20:01:34,007 [ERROR] LogOutputStream:75 - [STDERR_REDIRECT] [Fatal Error] :1:1: Premature end of file.
2026-04-08 20:01:34,008 [ERROR] LogOutputStream:75 - [STDERR_REDIRECT] 
2026-04-08 20:01:35,022 [ERROR] LogOutputStream:75 - [STDERR_REDIRECT] [Fatal Error] :1:1: Premature end of file.
2026-04-08 20:01:35,023 [ERROR] LogOutputStream:75 - [STDERR_REDIRECT] 
2026-04-08 20:01:36,026 [ERROR] LogOutputStream:75 - [STDERR_REDIRECT] [Fatal Error] :1:1: Premature end of file.
2026-04-08 20:01:36,026 [ERROR] LogOutputStream:75 - [STDERR_REDIRECT] 
2026-04-08 20:01:37,014 [ERROR] LogOutputStream:75 - [STDERR_REDIRECT] [Fatal Error] :1:1: Premature end of file.
2026-04-08 20:01:37,015 [ERROR] LogOutputStream:75 - [STDERR_REDIRECT] 
2026-04-08 20:01:38,012 [ERROR] LogOutputStream:75 - [STDERR_REDIRECT] [Fatal Error] :1:1: Premature end of file.
2026-04-08 20:01:38,013 [ERROR] LogOutputStream:75 - [STDERR_REDIRECT] 
2026-04-08 20:01:39,006 [ERROR] LogOutputStream:75 - [STDERR_REDIRECT] [Fatal Error] :1:1: Premature end of file.
2026-04-08 20:01:39,006 [ERROR] LogOutputStream:75 - [STDERR_REDIRECT] 
2026-04-08 20:01:40,011 [ERROR] LogOutputStream:75 - [STDERR_REDIRECT] [Fatal Error] :1:1: Premature end of file.
2026-04-08 20:01:40,011 [ERROR] LogOutputStream:75 - [STDERR_REDIRECT] 
2026-04-08 20:01:41,003 [ERROR] LogOutputStream:75 - [STDERR_REDIRECT] [Fatal Error] :1:1: Premature end of file.
2026-04-08 20:01:41,003 [ERROR] LogOutputStream:75 - [STDERR_REDIRECT] 
2026-04-08 20:01:42,031 [ERROR] LogOutputStream:75 - [STDERR_REDIRECT] [Fatal Error] :1:1: Premature end of file.
2026-04-08 20:01:42,031 [ERROR] LogOutputStream:75 - [STDERR_REDIRECT] 
2026-04-08 20:01:43,027 [ERROR] LogOutputStream:75 - [STDERR_REDIRECT] [Fatal Error] :1:1: Premature end of file.
2026-04-08 20:01:43,028 [ERROR] LogOutputStream:75 - [STDERR_REDIRECT] 
2026-04-08 20:01:44,017 [ERROR] LogOutputStream:75 - [STDERR_REDIRECT] [Fatal Error] :1:1: Premature end of file.
2026-04-08 20:01:44,019 [ERROR] LogOutputStream:75 - [STDERR_REDIRECT] 
2026-04-08 20:01:45,029 [ERROR] LogOutputStream:75 - [STDERR_REDIRECT] [Fatal Error] :1:1: Premature end of file.
2026-04-08 20:01:45,029 [ERROR] LogOutputStream:75 - [STDERR_REDIRECT] 
2026-04-08 20:01:46,023 [ERROR] LogOutputStream:75 - [STDERR_REDIRECT] [Fatal Error] :1:1: Premature end of file.
2026-04-08 20:01:46,024 [ERROR] LogOutputStream:75 - [STDERR_REDIRECT] 
2026-04-08 20:01:47,009 [ERROR] LogOutputStream:75 - [STDERR_REDIRECT] [Fatal Error] :1:1: Premature end of file.
2026-04-08 20:01:47,009 [ERROR] LogOutputStream:75 - [STDERR_REDIRECT] 
2026-04-08 20:01:48,007 [ERROR] LogOutputStream:75 - [STDERR_REDIRECT] [Fatal Error] :1:1: Premature end of file.
2026-04-08 20:01:48,007 [ERROR] LogOutputStream:75 - [STDERR_REDIRECT] 
2026-04-08 20:01:49,000 [ERROR] LogOutputStream:75 - [STDERR_REDIRECT] [Fatal Error] :1:1: Premature end of file.
2026-04-08 20:01:49,001 [ERROR] LogOutputStream:75 - [STDERR_REDIRECT] 
2026-04-08 20:01:50,023 [ERROR] LogOutputStream:75 - [STDERR_REDIRECT] [Fatal Error] :1:1: Premature end of file.
2026-04-08 20:01:50,023 [ERROR] LogOutputStream:75 - [STDERR_REDIRECT] 
2026-04-08 20:01:51,035 [ERROR] LogOutputStream:75 - [STDERR_REDIRECT] [Fatal Error] :1:1: Premature end of file.
2026-04-08 20:01:51,035 [ERROR] LogOutputStream:75 - [STDERR_REDIRECT] 
2026-04-08 20:01:51,989 [ERROR] LogOutputStream:75 - [STDERR_REDIRECT] [Fatal Error] :1:1: Premature end of file.
2026-04-08 20:01:51,989 [ERROR] LogOutputStream:75 - [STDERR_REDIRECT] 
2026-04-08 20:01:52,999 [ERROR] LogOutputStream:75 - [STDERR_REDIRECT] [Fatal Error] :1:1: Premature end of file.
2026-04-08 20:01:52,999 [ERROR] LogOutputStream:75 - [STDERR_REDIRECT] 
2026-04-08 20:01:54,007 [ERROR] LogOutputStream:75 - [STDERR_REDIRECT] [Fatal Error] :1:1: Premature end of file.
2026-04-08 20:01:54,007 [ERROR] LogOutputStream:75 - [STDERR_REDIRECT] 
2026-04-08 20:01:55,001 [ERROR] LogOutputStream:75 - [STDERR_REDIRECT] [Fatal Error] :1:1: Premature end of file.
2026-04-08 20:01:55,001 [ERROR] LogOutputStream:75 - [STDERR_REDIRECT] 
2026-04-08 20:01:56,004 [ERROR] LogOutputStream:75 - [STDERR_REDIRECT] [Fatal Error] :1:1: Premature end of file.
2026-04-08 20:01:56,004 [ERROR] LogOutputStream:75 - [STDERR_REDIRECT] 
2026-04-08 20:01:56,998 [ERROR] LogOutputStream:75 - [STDERR_REDIRECT] [Fatal Error] :1:1: Premature end of file.
2026-04-08 20:01:56,998 [ERROR] LogOutputStream:75 - [STDERR_REDIRECT] 
2026-04-08 20:01:58,014 [ERROR] LogOutputStream:75 - [STDERR_REDIRECT] [Fatal Error] :1:1: Premature end of file.
2026-04-08 20:01:58,014 [ERROR] LogOutputStream:75 - [STDERR_REDIRECT] 
2026-04-08 20:01:59,032 [ERROR] LogOutputStream:75 - [STDERR_REDIRECT] [Fatal Error] :1:1: Premature end of file.
2026-04-08 20:01:59,032 [ERROR] LogOutputStream:75 - [STDERR_REDIRECT] 
2026-04-08 20:02:00,022 [ERROR] LogOutputStream:75 - [STDERR_REDIRECT] [Fatal Error] :1:1: Premature end of file.
2026-04-08 20:02:00,022 [ERROR] LogOutputStream:75 - [STDERR_REDIRECT] 
2026-04-08 20:02:01,010 [ERROR] LogOutputStream:75 - [STDERR_REDIRECT] [Fatal Error] :1:1: Premature end of file.
2026-04-08 20:02:01,011 [ERROR] LogOutputStream:75 - [STDERR_REDIRECT] 
2026-04-08 20:02:02,016 [ERROR] LogOutputStream:75 - [STDERR_REDIRECT] [Fatal Error] :1:1: Premature end of file.
2026-04-08 20:02:02,017 [ERROR] LogOutputStream:75 - [STDERR_REDIRECT] 
2026-04-08 20:02:03,013 [ERROR] LogOutputStream:75 - [STDERR_REDIRECT] [Fatal Error] :1:1: Premature end of file.
2026-04-08 20:02:03,013 [ERROR] LogOutputStream:75 - [STDERR_REDIRECT] 
2026-04-08 20:02:04,014 [ERROR] LogOutputStream:75 - [STDERR_REDIRECT] [Fatal Error] :1:1: Premature end of file.
2026-04-08 20:02:04,014 [ERROR] LogOutputStream:75 - [STDERR_REDIRECT] 
2026-04-08 20:02:05,030 [ERROR] LogOutputStream:75 - [STDERR_REDIRECT] [Fatal Error] :1:1: Premature end of file.
2026-04-08 20:02:05,031 [ERROR] LogOutputStream:75 - [STDERR_REDIRECT] 
2026-04-08 20:02:06,005 [ERROR] LogOutputStream:75 - [STDERR_REDIRECT] [Fatal Error] :1:1: Premature end of file.
2026-04-08 20:02:06,005 [ERROR] LogOutputStream:75 - [STDERR_REDIRECT] 
2026-04-08 20:02:07,003 [ERROR] LogOutputStream:75 - [STDERR_REDIRECT] [Fatal Error] :1:1: Premature end of file.
2026-04-08 20:02:07,004 [ERROR] LogOutputStream:75 - [STDERR_REDIRECT] 
2026-04-08 20:02:07,998 [ERROR] LogOutputStream:75 - [STDERR_REDIRECT] [Fatal Error] :1:1: Premature end of file.
2026-04-08 20:02:07,998 [ERROR] LogOutputStream:75 - [STDERR_REDIRECT] 
2026-04-08 20:02:08,996 [ERROR] LogOutputStream:75 - [STDERR_REDIRECT] [Fatal Error] :1:1: Premature end of file.
2026-04-08 20:02:08,996 [ERROR] LogOutputStream:75 - [STDERR_REDIRECT] 
2026-04-08 20:02:10,028 [ERROR] LogOutputStream:75 - [STDERR_REDIRECT] [Fatal Error] :1:1: Premature end of file.
2026-04-08 20:02:10,029 [ERROR] LogOutputStream:75 - [STDERR_REDIRECT] 
2026-04-08 20:02:11,016 [ERROR] LogOutputStream:75 - [STDERR_REDIRECT] [Fatal Error] :1:1: Premature end of file.
2026-04-08 20:02:11,016 [ERROR] LogOutputStream:75 - [STDERR_REDIRECT] 
2026-04-08 20:02:11,992 [ERROR] LogOutputStream:75 - [STDERR_REDIRECT] [Fatal Error] :1:1: Premature end of file.
2026-04-08 20:02:11,993 [ERROR] LogOutputStream:75 - [STDERR_REDIRECT] 
2026-04-08 20:02:13,009 [ERROR] LogOutputStream:75 - [STDERR_REDIRECT] [Fatal Error] :1:1: Premature end of file.
2026-04-08 20:02:13,010 [ERROR] LogOutputStream:75 - [STDERR_REDIRECT] 
2026-04-08 20:02:13,998 [ERROR] LogOutputStream:75 - [STDERR_REDIRECT] [Fatal Error] :1:1: Premature end of file.
2026-04-08 20:02:13,999 [ERROR] LogOutputStream:75 - [STDERR_REDIRECT] 
2026-04-08 20:02:15,013 [ERROR] LogOutputStream:75 - [STDERR_REDIRECT] [Fatal Error] :1:1: Premature end of file.
2026-04-08 20:02:15,013 [ERROR] LogOutputStream:75 - [STDERR_REDIRECT] 
2026-04-08 20:02:16,022 [ERROR] LogOutputStream:75 - [STDERR_REDIRECT] [Fatal Error] :1:1: Premature end of file.
2026-04-08 20:02:16,022 [ERROR] LogOutputStream:75 - [STDERR_REDIRECT] 
2026-04-08 20:02:17,028 [ERROR] LogOutputStream:75 - [STDERR_REDIRECT] [Fatal Error] :1:1: Premature end of file.
2026-04-08 20:02:17,029 [ERROR] LogOutputStream:75 - [STDERR_REDIRECT] 
2026-04-08 20:02:17,987 [ERROR] LogOutputStream:75 - [STDERR_REDIRECT] [Fatal Error] :1:1: Premature end of file.
2026-04-08 20:02:17,987 [ERROR] LogOutputStream:75 - [STDERR_REDIRECT] 
2026-04-08 20:02:19,009 [ERROR] LogOutputStream:75 - [STDERR_REDIRECT] [Fatal Error] :1:1: Premature end of file.
2026-04-08 20:02:19,009 [ERROR] LogOutputStream:75 - [STDERR_REDIRECT] 
2026-04-08 20:02:20,013 [ERROR] LogOutputStream:75 - [STDERR_REDIRECT] [Fatal Error] :1:1: Premature end of file.
2026-04-08 20:02:20,013 [ERROR] LogOutputStream:75 - [STDERR_REDIRECT] 
2026-04-08 20:02:21,002 [ERROR] LogOutputStream:75 - [STDERR_REDIRECT] [Fatal Error] :1:1: Premature end of file.
2026-04-08 20:02:21,003 [ERROR] LogOutputStream:75 - [STDERR_REDIRECT] 
2026-04-08 20:02:22,038 [ERROR] LogOutputStream:75 - [STDERR_REDIRECT] [Fatal Error] :1:1: Premature end of file.
2026-04-08 20:02:22,038 [ERROR] LogOutputStream:75 - [STDERR_REDIRECT] 
2026-04-08 20:02:22,970 [ERROR] LogOutputStream:75 - [STDERR_REDIRECT] [Fatal Error] :1:1: Premature end of file.
2026-04-08 20:02:22,970 [ERROR] LogOutputStream:75 - [STDERR_REDIRECT] 
2026-04-08 20:02:24,007 [ERROR] LogOutputStream:75 - [STDERR_REDIRECT] [Fatal Error] :1:1: Premature end of file.
2026-04-08 20:02:24,008 [ERROR] LogOutputStream:75 - [STDERR_REDIRECT] 
2026-04-08 20:02:25,008 [ERROR] LogOutputStream:75 - [STDERR_REDIRECT] [Fatal Error] :1:1: Premature end of file.
2026-04-08 20:02:25,009 [ERROR] LogOutputStream:75 - [STDERR_REDIRECT] 
2026-04-08 20:02:25,998 [ERROR] LogOutputStream:75 - [STDERR_REDIRECT] [Fatal Error] :1:1: Premature end of file.
2026-04-08 20:02:25,999 [ERROR] LogOutputStream:75 - [STDERR_REDIRECT] 
2026-04-08 20:02:27,025 [ERROR] LogOutputStream:75 - [STDERR_REDIRECT] [Fatal Error] :1:1: Premature end of file.
2026-04-08 20:02:27,026 [ERROR] LogOutputStream:75 - [STDERR_REDIRECT] 
2026-04-08 20:02:28,016 [ERROR] LogOutputStream:75 - [STDERR_REDIRECT] [Fatal Error] :1:1: Premature end of file.
2026-04-08 20:02:28,016 [ERROR] LogOutputStream:75 - [STDERR_REDIRECT] 
2026-04-08 20:02:28,991 [ERROR] LogOutputStream:75 - [STDERR_REDIRECT] [Fatal Error] :1:1: Premature end of file.
2026-04-08 20:02:28,991 [ERROR] LogOutputStream:75 - [STDERR_REDIRECT] 
2026-04-08 20:02:29,995 [ERROR] LogOutputStream:75 - [STDERR_REDIRECT] [Fatal Error] :1:1: Premature end of file.
2026-04-08 20:02:29,995 [ERROR] LogOutputStream:75 - [STDERR_REDIRECT] 
2026-04-08 20:02:30,990 [ERROR] LogOutputStream:75 - [STDERR_REDIRECT] [Fatal Error] :1:1: Premature end of file.
2026-04-08 20:02:30,990 [ERROR] LogOutputStream:75 - [STDERR_REDIRECT] 
2026-04-08 20:02:31,987 [ERROR] LogOutputStream:75 - [STDERR_REDIRECT] [Fatal Error] :1:1: Premature end of file.
2026-04-08 20:02:31,987 [ERROR] LogOutputStream:75 - [STDERR_REDIRECT] 
2026-04-08 20:02:32,989 [ERROR] LogOutputStream:75 - [STDERR_REDIRECT] [Fatal Error] :1:1: Premature end of file.
2026-04-08 20:02:32,989 [ERROR] LogOutputStream:75 - [STDERR_REDIRECT] 
2026-04-08 20:02:34,011 [ERROR] LogOutputStream:75 - [STDERR_REDIRECT] [Fatal Error] :1:1: Premature end of file.
2026-04-08 20:02:34,011 [ERROR] LogOutputStream:75 - [STDERR_REDIRECT] 
2026-04-08 20:02:34,985 [ERROR] LogOutputStream:75 - [STDERR_REDIRECT] [Fatal Error] :1:1: Premature end of file.
2026-04-08 20:02:34,985 [ERROR] LogOutputStream:75 - [STDERR_REDIRECT] 
2026-04-08 20:02:36,020 [ERROR] LogOutputStream:75 - [STDERR_REDIRECT] [Fatal Error] :1:1: Premature end of file.
2026-04-08 20:02:36,020 [ERROR] LogOutputStream:75 - [STDERR_REDIRECT] 
2026-04-08 20:02:37,000 [ERROR] LogOutputStream:75 - [STDERR_REDIRECT] [Fatal Error] :1:1: Premature end of file.
2026-04-08 20:02:37,000 [ERROR] LogOutputStream:75 - [STDERR_REDIRECT] 
2026-04-08 20:02:38,031 [ERROR] LogOutputStream:75 - [STDERR_REDIRECT] [Fatal Error] :1:1: Premature end of file.
2026-04-08 20:02:38,031 [ERROR] LogOutputStream:75 - [STDERR_REDIRECT] 
2026-04-08 20:02:38,453 [ERROR] LogOutputStream:75 - [STDERR_REDIRECT] 
2026-04-08 20:02:38,461 [ERROR] LogOutputStream:75 - [STDERR_REDIRECT] 
