2026-04-01 13:24:15,739 [INFO] Activator:176 - 


2026-04-01 13:24:15,756 [INFO] Activator:177 - !SESSION log4j initialized
2026-04-01 13:24:31,782 [INFO] LogOutputStream:77 - [STDOUT_REDIRECT] 
2026-04-01 13:24:33,373 [INFO] ApplicationProperties:184 - Using Application install path: C:\ST\STM32CubeIDE_1.19.0\STM32CubeIDE\plugins\com.st.stm32cube.common.mx_6.15.0.202507011659
2026-04-01 13:24:33,405 [INFO] DbMcusXml:78 - Set database path to: C:\ST\STM32CubeIDE_1.19.0\STM32CubeIDE\plugins\com.st.stm32cube.common.mx_6.15.0.202507011659\\db\/mcu/
2026-04-01 13:24:33,405 [INFO] ApiDb:274 - Set plugin database path to: C:\ST\STM32CubeIDE_1.19.0\STM32CubeIDE\plugins\com.st.stm32cube.common.mx_6.15.0.202507011659\\db\/plugins/boardmanager/
2026-04-01 13:24:33,407 [WARN] ApiDb:259 - Overriding images path with different value:  => C:\ST\STM32CubeIDE_1.19.0\STM32CubeIDE\plugins\com.st.stm32cube.common.mx_6.15.0.202507011659\\db\/plugins/mcufinder/images/
2026-04-01 13:24:33,426 [INFO] ApiDb:250 - Set database path to: C:\Users\Mujaid\.stmcufinder\plugins\mcufinder//mcu/
2026-04-01 13:24:33,428 [INFO] DbMcusAds:125 - Set database path to: C:\Users\Mujaid\.stmcufinder\plugins\mcufinder//mcu/
2026-04-01 13:24:33,434 [INFO] CrossReferenceDbSqlite:203 - Set database path to: C:\Users\Mujaid\.stmcufinder\plugins\mcufinder//mcu/cs/
2026-04-01 13:24:33,726 [INFO] RulesReader:64 - Compatibility file has been processed (317 Rules)
2026-04-01 13:24:33,854 [INFO] DbMcusXml:78 - Set database path to: C:\ST\STM32CubeIDE_1.19.0\STM32CubeIDE\plugins\com.st.stm32cube.common.mx_6.15.0.202507011659\\db\/mcu/
2026-04-01 13:24:33,854 [INFO] ApiDb:274 - Set plugin database path to: C:\ST\STM32CubeIDE_1.19.0\STM32CubeIDE\plugins\com.st.stm32cube.common.mx_6.15.0.202507011659\\db\/plugins/boardmanager/
2026-04-01 13:24:33,854 [INFO] ApiDb:261 - Set plugin images path to: C:\ST\STM32CubeIDE_1.19.0\STM32CubeIDE\plugins\com.st.stm32cube.common.mx_6.15.0.202507011659\\db\/plugins/mcufinder/images/
2026-04-01 13:24:33,854 [WARN] DbFile:41 - Overriding database path with different value: C:\Users\Mujaid\.stmcufinder\plugins\mcufinder/ => C:\Users\Mujaid\.stmcufinder\plugins\mcufinder
2026-04-01 13:24:33,854 [INFO] ApiDb:250 - Set database path to: C:\Users\Mujaid\.stmcufinder\plugins\mcufinder//mcu/
2026-04-01 13:24:33,856 [WARN] DbFile:41 - Overriding database path with different value: C:\Users\Mujaid\.stmcufinder\plugins\mcufinder/ => C:\Users\Mujaid\.stmcufinder\plugins\mcufinder
2026-04-01 13:24:33,856 [INFO] DbMcusAds:125 - Set database path to: C:\Users\Mujaid\.stmcufinder\plugins\mcufinder//mcu/
2026-04-01 13:24:33,856 [WARN] DbFile:41 - Overriding database path with different value: C:\Users\Mujaid\.stmcufinder\plugins\mcufinder/ => C:\Users\Mujaid\.stmcufinder\plugins\mcufinder
2026-04-01 13:24:33,856 [WARN] DbFile:41 - Overriding database path with different value: C:\Users\Mujaid\.stmcufinder\plugins\mcufinder/ => C:\Users\Mujaid\.stmcufinder\plugins\mcufinder
2026-04-01 13:24:33,856 [INFO] CrossReferenceDbSqlite:203 - Set database path to: C:\Users\Mujaid\.stmcufinder\plugins\mcufinder//mcu/cs/
2026-04-01 13:24:33,971 [INFO] MainPanel:274 - HeapMemory: 268435456
2026-04-01 13:24:34,288 [INFO] DbMcusXml:78 - Set database path to: C:\ST\STM32CubeIDE_1.19.0\STM32CubeIDE\plugins\com.st.stm32cube.common.mx_6.15.0.202507011659\\db\/mcu/
2026-04-01 13:24:34,288 [INFO] ApiDb:274 - Set plugin database path to: C:\ST\STM32CubeIDE_1.19.0\STM32CubeIDE\plugins\com.st.stm32cube.common.mx_6.15.0.202507011659\\db\/plugins/boardmanager/
2026-04-01 13:24:34,288 [INFO] ApiDb:261 - Set plugin images path to: C:\ST\STM32CubeIDE_1.19.0\STM32CubeIDE\plugins\com.st.stm32cube.common.mx_6.15.0.202507011659\\db\/plugins/mcufinder/images/
2026-04-01 13:24:34,289 [WARN] DbFile:41 - Overriding database path with different value: C:\Users\Mujaid\.stmcufinder\plugins\mcufinder/ => C:\Users\Mujaid\.stmcufinder\plugins\mcufinder
2026-04-01 13:24:34,289 [INFO] ApiDb:250 - Set database path to: C:\Users\Mujaid\.stmcufinder\plugins\mcufinder//mcu/
2026-04-01 13:24:34,289 [WARN] DbFile:41 - Overriding database path with different value: C:\Users\Mujaid\.stmcufinder\plugins\mcufinder/ => C:\Users\Mujaid\.stmcufinder\plugins\mcufinder
2026-04-01 13:24:34,289 [INFO] DbMcusAds:125 - Set database path to: C:\Users\Mujaid\.stmcufinder\plugins\mcufinder//mcu/
2026-04-01 13:24:34,289 [WARN] DbFile:41 - Overriding database path with different value: C:\Users\Mujaid\.stmcufinder\plugins\mcufinder/ => C:\Users\Mujaid\.stmcufinder\plugins\mcufinder
2026-04-01 13:24:34,289 [WARN] DbFile:41 - Overriding database path with different value: C:\Users\Mujaid\.stmcufinder\plugins\mcufinder/ => C:\Users\Mujaid\.stmcufinder\plugins\mcufinder
2026-04-01 13:24:34,290 [INFO] CrossReferenceDbSqlite:203 - Set database path to: C:\Users\Mujaid\.stmcufinder\plugins\mcufinder//mcu/cs/
2026-04-01 13:24:34,351 [INFO] ApplicationProperties:184 - Using Application install path: C:\ST\STM32CubeIDE_1.19.0\STM32CubeIDE\plugins\com.st.stm32cube.common.mx_6.15.0.202507011659
2026-04-01 13:24:34,354 [INFO] PluginManage:196 - Search for loadable plugins [exclusion list=, ]
2026-04-01 13:24:34,364 [INFO] PluginManage:310 - Check plugin analytics
2026-04-01 13:24:35,059 [INFO] AnalyticsPlugin:253 - Accepted Software Licenses: 
2026-04-01 13:24:35,061 [INFO] AnalyticsPlugin:255 - Accepted CMSIS Pack Licenses: 
2026-04-01 13:24:35,062 [INFO] AnalyticsPlugin:257 - Accepted Firmware Licenses: 
2026-04-01 13:24:35,082 [INFO] PluginManage:359 - Loaded plugin analytics (category:tool,tabindex:-1)
2026-04-01 13:24:35,084 [INFO] PluginManage:310 - Check plugin cadmodel
2026-04-01 13:24:35,111 [INFO] CADModel:105 - Init CAD model plugin
2026-04-01 13:24:35,112 [INFO] PluginManage:359 - Loaded plugin cadmodel (category:power,tabindex:5)
2026-04-01 13:24:35,113 [INFO] PluginManage:310 - Check plugin clock
2026-04-01 13:24:35,163 [INFO] PluginManage:359 - Loaded plugin clock (category:base,tabindex:2)
2026-04-01 13:24:35,163 [INFO] PluginManage:310 - Check plugin ddr
2026-04-01 13:24:35,166 [INFO] PluginManage:359 - Loaded plugin ddr (category:tool,tabindex:6)
2026-04-01 13:24:35,167 [INFO] PluginManage:310 - Check plugin filemanager
2026-04-01 13:24:35,641 [INFO] PluginManage:359 - Loaded plugin filemanager (category:base,tabindex:10)
2026-04-01 13:24:35,641 [INFO] PluginManage:310 - Check plugin ipmanager
2026-04-01 13:24:35,669 [INFO] PluginManage:359 - Loaded plugin ipmanager (category:base,tabindex:5)
2026-04-01 13:24:35,669 [INFO] PluginManage:310 - Check plugin lpbam
2026-04-01 13:24:35,685 [INFO] PluginManage:359 - Loaded plugin lpbam (category:base,tabindex:0)
2026-04-01 13:24:35,686 [INFO] PluginManage:310 - Check plugin memorymap
2026-04-01 13:24:35,724 [INFO] PluginManage:359 - Loaded plugin memorymap (category:base,tabindex:4)
2026-04-01 13:24:35,724 [INFO] PluginManage:310 - Check plugin pinoutandconfiguration
2026-04-01 13:24:35,739 [INFO] PluginManage:359 - Loaded plugin pinoutandconfiguration (category:base,tabindex:1)
2026-04-01 13:24:35,741 [INFO] PluginManage:310 - Check plugin pinoutconfig
2026-04-01 13:24:35,986 [WARN] SupportedApi:132 - Cannot load RTOS API schema: s4s-elt-must-match.1: The content of 'definitions' must match (annotation?, (simpleType | complexType)?, (unique | key | keyref)*)). A problem was found starting at: attribute.
2026-04-01 13:24:36,369 [INFO] PluginManage:359 - Loaded plugin pinoutconfig (category:base,tabindex:0)
2026-04-01 13:24:36,369 [INFO] PluginManage:310 - Check plugin power
2026-04-01 13:24:36,398 [INFO] PluginManage:359 - Loaded plugin power (category:power,tabindex:4)
2026-04-01 13:24:36,399 [INFO] PluginManage:310 - Check plugin projectmanager
2026-04-01 13:24:36,428 [INFO] PluginManage:359 - Loaded plugin projectmanager (category:projectmanager,tabindex:4)
2026-04-01 13:24:36,429 [INFO] PluginManage:310 - Check plugin rif
2026-04-01 13:24:36,466 [INFO] PluginManage:359 - Loaded plugin rif (category:base,tabindex:3)
2026-04-01 13:24:36,466 [INFO] PluginManage:310 - Check plugin thirdparty
2026-04-01 13:24:36,807 [WARN] IntegrityCheckThread:84 - waiting for thirdparty lock release [integrity check]
2026-04-01 13:24:36,807 [INFO] IntegrityCheckThread:86 - entering critical section [integrity check]
2026-04-01 13:24:36,808 [INFO] ThirdPartyUpdaterWithRetryManager:70 - Updater plugin not ready yet. [1/15]
2026-04-01 13:24:36,813 [INFO] PluginManage:359 - Loaded plugin thirdparty (category:base,tabindex:-1)
2026-04-01 13:24:36,813 [INFO] PluginManage:310 - Check plugin tools
2026-04-01 13:24:36,828 [INFO] PluginManage:359 - Loaded plugin tools (category:base,tabindex:7)
2026-04-01 13:24:36,828 [INFO] PluginManage:310 - Check plugin tutovideos
2026-04-01 13:24:37,195 [INFO] PluginManage:359 - Loaded plugin tutovideos (category:base,tabindex:-1)
2026-04-01 13:24:37,196 [INFO] PluginManage:310 - Check plugin updater
2026-04-01 13:24:37,239 [INFO] PluginManage:359 - Loaded plugin updater (category:base,tabindex:12)
2026-04-01 13:24:37,239 [INFO] PluginManage:310 - Check plugin userauth
2026-04-01 13:24:37,247 [INFO] UserAuth:118 - Init User Auth plugin
2026-04-01 13:24:37,249 [INFO] PluginManage:359 - Loaded plugin userauth (category:base,tabindex:14)
2026-04-01 13:24:37,251 [INFO] PluginManage:283 - PluginManage : Loaded plugins [18]
2026-04-01 13:24:37,689 [INFO] PinOutPanel:1589 - setPackage(No Configuration,No Configuration)
2026-04-01 13:24:37,809 [INFO] CADModel:165 - CPN selected for project level
2026-04-01 13:24:37,809 [INFO] CADModel:114 - Register for checkConnection events
2026-04-01 13:24:37,848 [INFO] IPUIPlugin:80 - create IPUIPlugin
2026-04-01 13:24:37,849 [INFO] PluginManager:220 - loadIPPluginJar : add adc
2026-04-01 13:24:37,854 [INFO] IPUIPlugin:80 - create IPUIPlugin
2026-04-01 13:24:37,855 [INFO] PluginManager:220 - loadIPPluginJar : add aes
2026-04-01 13:24:38,169 [INFO] IPUIPlugin:80 - create IPUIPlugin
2026-04-01 13:24:38,171 [INFO] PluginManager:220 - loadIPPluginJar : add can
2026-04-01 13:24:38,176 [INFO] IPUIPlugin:80 - create IPUIPlugin
2026-04-01 13:24:38,176 [INFO] PluginManager:220 - loadIPPluginJar : add comp
2026-04-01 13:24:38,188 [INFO] IPUIPlugin:80 - create IPUIPlugin
2026-04-01 13:24:38,188 [INFO] PluginManager:220 - loadIPPluginJar : add cryp
2026-04-01 13:24:38,199 [INFO] IPUIPlugin:80 - create IPUIPlugin
2026-04-01 13:24:38,199 [INFO] PluginManager:220 - loadIPPluginJar : add ddr_ctrl_phy
2026-04-01 13:24:38,207 [INFO] IPUIPlugin:80 - create IPUIPlugin
2026-04-01 13:24:38,208 [INFO] PluginManager:220 - loadIPPluginJar : add dfsdm
2026-04-01 13:24:38,227 [INFO] IPUIPlugin:80 - create IPUIPlugin
2026-04-01 13:24:38,229 [INFO] PluginManager:220 - loadIPPluginJar : add dma
2026-04-01 13:24:38,237 [INFO] IPUIPlugin:80 - create IPUIPlugin
2026-04-01 13:24:38,238 [INFO] PluginManager:220 - loadIPPluginJar : add dma3
2026-04-01 13:24:38,244 [INFO] IPUIPlugin:80 - create IPUIPlugin
2026-04-01 13:24:38,244 [INFO] PluginManager:220 - loadIPPluginJar : add extmemmanager
2026-04-01 13:24:38,251 [INFO] IPUIPlugin:80 - create IPUIPlugin
2026-04-01 13:24:38,251 [INFO] PluginManager:220 - loadIPPluginJar : add fatfs
2026-04-01 13:24:38,264 [INFO] IPUIPlugin:80 - create IPUIPlugin
2026-04-01 13:24:38,264 [INFO] PluginManager:220 - loadIPPluginJar : add fmc
2026-04-01 13:24:38,277 [INFO] IPUIPlugin:80 - create IPUIPlugin
2026-04-01 13:24:38,278 [INFO] PluginManager:220 - loadIPPluginJar : add freertos
2026-04-01 13:24:38,279 [INFO] IPUIPlugin:80 - create IPUIPlugin
2026-04-01 13:24:38,281 [INFO] PluginManager:220 - loadIPPluginJar : add genericplugin
2026-04-01 13:24:38,285 [INFO] IPUIPlugin:80 - create IPUIPlugin
2026-04-01 13:24:38,286 [INFO] PluginManager:220 - loadIPPluginJar : add gfxmmu
2026-04-01 13:24:38,297 [INFO] IPUIPlugin:80 - create IPUIPlugin
2026-04-01 13:24:38,298 [INFO] PluginManager:220 - loadIPPluginJar : add gic
2026-04-01 13:24:38,309 [INFO] IPUIPlugin:80 - create IPUIPlugin
2026-04-01 13:24:38,309 [INFO] PluginManager:220 - loadIPPluginJar : add gpio
2026-04-01 13:24:38,315 [INFO] IPUIPlugin:80 - create IPUIPlugin
2026-04-01 13:24:38,315 [INFO] PluginManager:220 - loadIPPluginJar : add gtzc
2026-04-01 13:24:38,318 [INFO] IPUIPlugin:80 - create IPUIPlugin
2026-04-01 13:24:38,318 [INFO] PluginManager:220 - loadIPPluginJar : add hash
2026-04-01 13:24:38,322 [INFO] IPUIPlugin:80 - create IPUIPlugin
2026-04-01 13:24:38,322 [INFO] PluginManager:220 - loadIPPluginJar : add i2c
2026-04-01 13:24:38,327 [INFO] IPUIPlugin:80 - create IPUIPlugin
2026-04-01 13:24:38,328 [INFO] PluginManager:220 - loadIPPluginJar : add i2s
2026-04-01 13:24:38,338 [INFO] IPUIPlugin:80 - create IPUIPlugin
2026-04-01 13:24:38,338 [INFO] PluginManager:220 - loadIPPluginJar : add i3c
2026-04-01 13:24:38,345 [INFO] IPUIPlugin:80 - create IPUIPlugin
2026-04-01 13:24:38,345 [INFO] PluginManager:220 - loadIPPluginJar : add ipddr
2026-04-01 13:24:38,354 [INFO] IPUIPlugin:80 - create IPUIPlugin
2026-04-01 13:24:38,355 [INFO] PluginManager:220 - loadIPPluginJar : add linkedlist
2026-04-01 13:24:38,363 [INFO] IPUIPlugin:80 - create IPUIPlugin
2026-04-01 13:24:38,363 [INFO] PluginManager:220 - loadIPPluginJar : add lorawan
2026-04-01 13:24:38,366 [INFO] IPUIPlugin:80 - create IPUIPlugin
2026-04-01 13:24:38,366 [INFO] PluginManager:220 - loadIPPluginJar : add ltdc
2026-04-01 13:24:38,374 [INFO] IPUIPlugin:80 - create IPUIPlugin
2026-04-01 13:24:38,374 [INFO] PluginManager:220 - loadIPPluginJar : add mdma
2026-04-01 13:24:38,379 [INFO] IPUIPlugin:80 - create IPUIPlugin
2026-04-01 13:24:38,379 [INFO] PluginManager:220 - loadIPPluginJar : add nvic
2026-04-01 13:24:38,385 [INFO] IPUIPlugin:80 - create IPUIPlugin
2026-04-01 13:24:38,385 [INFO] PluginManager:220 - loadIPPluginJar : add opamp
2026-04-01 13:24:38,388 [INFO] IPUIPlugin:80 - create IPUIPlugin
2026-04-01 13:24:38,389 [INFO] PluginManager:220 - loadIPPluginJar : add openamp
2026-04-01 13:24:38,392 [INFO] IPUIPlugin:80 - create IPUIPlugin
2026-04-01 13:24:38,392 [INFO] PluginManager:220 - loadIPPluginJar : add pdm2pcm
2026-04-01 13:24:38,403 [INFO] IPUIPlugin:80 - create IPUIPlugin
2026-04-01 13:24:38,406 [INFO] PluginManager:220 - loadIPPluginJar : add plateformsettings
2026-04-01 13:24:38,408 [INFO] IPUIPlugin:80 - create IPUIPlugin
2026-04-01 13:24:38,408 [INFO] PluginManager:220 - loadIPPluginJar : add quadspi
2026-04-01 13:24:38,411 [INFO] IPUIPlugin:80 - create IPUIPlugin
2026-04-01 13:24:38,413 [INFO] PluginManager:220 - loadIPPluginJar : add radio
2026-04-01 13:24:38,417 [INFO] IPUIPlugin:80 - create IPUIPlugin
2026-04-01 13:24:38,417 [INFO] PluginManager:220 - loadIPPluginJar : add resmgrutility
2026-04-01 13:24:38,422 [INFO] IPUIPlugin:80 - create IPUIPlugin
2026-04-01 13:24:38,422 [INFO] PluginManager:220 - loadIPPluginJar : add sai
2026-04-01 13:24:38,425 [INFO] IPUIPlugin:80 - create IPUIPlugin
2026-04-01 13:24:38,425 [INFO] PluginManager:220 - loadIPPluginJar : add spi
2026-04-01 13:24:38,431 [INFO] IPUIPlugin:80 - create IPUIPlugin
2026-04-01 13:24:38,431 [INFO] PluginManager:220 - loadIPPluginJar : add stm32_wpan
2026-04-01 13:24:38,434 [INFO] IPUIPlugin:80 - create IPUIPlugin
2026-04-01 13:24:38,434 [INFO] PluginManager:220 - loadIPPluginJar : add tim
2026-04-01 13:24:38,439 [INFO] IPUIPlugin:80 - create IPUIPlugin
2026-04-01 13:24:38,439 [INFO] PluginManager:220 - loadIPPluginJar : add touchsensing
2026-04-01 13:24:38,444 [INFO] IPUIPlugin:80 - create IPUIPlugin
2026-04-01 13:24:38,444 [INFO] PluginManager:220 - loadIPPluginJar : add tracer_emb
2026-04-01 13:24:38,447 [INFO] IPUIPlugin:80 - create IPUIPlugin
2026-04-01 13:24:38,448 [INFO] PluginManager:220 - loadIPPluginJar : add ts
2026-04-01 13:24:38,451 [INFO] IPUIPlugin:80 - create IPUIPlugin
2026-04-01 13:24:38,451 [INFO] PluginManager:220 - loadIPPluginJar : add tsc
2026-04-01 13:24:38,454 [INFO] IPUIPlugin:80 - create IPUIPlugin
2026-04-01 13:24:38,454 [INFO] PluginManager:220 - loadIPPluginJar : add ucpd
2026-04-01 13:24:38,460 [INFO] IPUIPlugin:80 - create IPUIPlugin
2026-04-01 13:24:38,460 [INFO] PluginManager:220 - loadIPPluginJar : add usart
2026-04-01 13:24:38,464 [INFO] IPUIPlugin:80 - create IPUIPlugin
2026-04-01 13:24:38,464 [INFO] PluginManager:220 - loadIPPluginJar : add usbx
2026-04-01 13:24:38,624 [FATAL] Updater:351 - Updater called before beeing initialized
2026-04-01 13:24:38,695 [INFO] RulesReader:64 - Compatibility file has been processed (317 Rules)
2026-04-01 13:24:38,718 [INFO] RulesReader:64 - Compatibility file has been processed (317 Rules)
2026-04-01 13:24:38,764 [INFO] CADModel:165 - CPN selected for project level
2026-04-01 13:24:38,764 [INFO] CADModel:114 - Register for checkConnection events
2026-04-01 13:24:38,764 [FATAL] Updater:351 - Updater called before beeing initialized
2026-04-01 13:24:38,764 [ERROR] CADModel:125 - Updater not yet initialized, retry later 
2026-04-01 13:24:39,097 [FATAL] Updater:351 - Updater called before beeing initialized
2026-04-01 13:24:39,101 [INFO] CADModel:165 - CPN selected for project level
2026-04-01 13:24:39,101 [INFO] CADModel:114 - Register for checkConnection events
2026-04-01 13:24:39,101 [FATAL] Updater:351 - Updater called before beeing initialized
2026-04-01 13:24:39,101 [ERROR] CADModel:125 - Updater not yet initialized, retry later 
2026-04-01 13:24:39,107 [FATAL] Updater:351 - Updater called before beeing initialized
2026-04-01 13:24:39,261 [FATAL] Updater:351 - Updater called before beeing initialized
2026-04-01 13:24:39,266 [INFO] DbMcusAds:53 - JSON generation date=Thu Sep 30 12:25:09 IST 2021 (1632984909247)
2026-04-01 13:24:39,266 [FATAL] Updater:351 - Updater called before beeing initialized
2026-04-01 13:24:39,316 [WARN] DetailPanel:346 - Failed to get advertising image, set to default
2026-04-01 13:24:39,423 [FATAL] Updater:351 - Updater called before beeing initialized
2026-04-01 13:24:39,426 [FATAL] Updater:351 - Updater called before beeing initialized
2026-04-01 13:24:39,426 [FATAL] Updater:351 - Updater called before beeing initialized
2026-04-01 13:24:39,427 [WARN] DetailPanel:346 - Failed to get advertising image, set to default
2026-04-01 13:24:39,428 [FATAL] Updater:351 - Updater called before beeing initialized
2026-04-01 13:24:39,529 [ERROR] Updater:1198 - MainUpdater not yet initialized. External WinMGr cannot be set.
2026-04-01 13:24:39,533 [INFO] Updater:1134 - Updater Version found : 6.15.0
2026-04-01 13:24:39,572 [INFO] ApplicationProperties:184 - Using Application install path: C:\ST\STM32CubeIDE_1.19.0\STM32CubeIDE\plugins\com.st.stm32cube.common.mx_6.15.0.202507011659
2026-04-01 13:24:39,809 [INFO] ThirdPartyUpdaterWithRetryManager:70 - Updater plugin not ready yet. [2/15]
2026-04-01 13:24:41,179 [ERROR] LogOutputStream:75 - [STDERR_REDIRECT] Apr 01, 2026 1:24:41 PM java.util.prefs.WindowsPreferences <init>
2026-04-01 13:24:41,182 [ERROR] LogOutputStream:75 - [STDERR_REDIRECT] WARNING: Could not open/create prefs root node Software\JavaSoft\Prefs at root 0xffffffff80000002. Windows RegCreateKeyEx(...) returned error code 5.
2026-04-01 13:24:41,182 [ERROR] LogOutputStream:75 - [STDERR_REDIRECT] 
2026-04-01 13:24:41,998 [INFO] MainUpdater:2872 - connection check result : 10
2026-04-01 13:24:42,002 [INFO] MainUpdater:289 - Updater Check For Update Now.
2026-04-01 13:24:42,003 [INFO] MicroXplorer:498 - Change Database Version : DB.6.0.150
2026-04-01 13:24:42,051 [INFO] McuFinderGlobals:63 - Set McuFinder mode to 2 (CubeIDE integrated)
2026-04-01 13:24:42,052 [INFO] UserAuth:171 - activating auth plugin
2026-04-01 13:24:42,063 [INFO] UserAuth:487 - Internet connection configuration mode: 1
2026-04-01 13:24:42,233 [INFO] JxBrowserEngine:152 - Initiate JxBrowser Engine with user profile folder
2026-04-01 13:24:42,348 [INFO] CheckServerUpdateThread:120 - End of CheckServer Thread
2026-04-01 13:24:43,330 [WARN] PackLoader:240 - Cannot read IP mode file for STMicroelectronics.X-CUBE-AZRTOS-H7.3.5.0
2026-04-01 13:24:43,353 [WARN] PackLoader:240 - Cannot read IP mode file for STMicroelectronics.FP-ATR-ASTRA1.2.0.2
2026-04-01 13:24:43,369 [WARN] PackLoader:240 - Cannot read IP mode file for STMicroelectronics.X-CUBE-SMBUS.2.1.0
2026-04-01 13:24:43,403 [WARN] PackLoader:240 - Cannot read IP mode file for STMicroelectronics.X-CUBE-AZRTOS-F7.1.1.0
2026-04-01 13:24:43,432 [WARN] PackLoader:240 - Cannot read IP mode file for STMicroelectronics.FP-SNS-MOTENV1.5.1.0
2026-04-01 13:24:43,448 [WARN] PackLoader:240 - Cannot read IP mode file for WES.I-CUBE-Cesium.1.4.0
2026-04-01 13:24:43,470 [WARN] PackLoader:240 - Cannot read IP mode file for STMicroelectronics.X-CUBE-DISPLAY.3.0.0
2026-04-01 13:24:43,479 [WARN] PackLoader:240 - Cannot read IP mode file for STMicroelectronics.FP-SNS-MOTENVWB1.1.5.0
2026-04-01 13:24:43,489 [WARN] PackLoader:240 - Cannot read IP mode file for STMicroelectronics.X-CUBE-NFC10.1.0.0
2026-04-01 13:24:43,496 [WARN] PackLoader:240 - Cannot read IP mode file for STMicroelectronics.X-CUBE-ST60.1.1.0
2026-04-01 13:24:43,503 [WARN] PackLoader:240 - Cannot read IP mode file for emotas.I-CUBE-CANOPEN.1.3.0
2026-04-01 13:24:43,511 [WARN] PackLoader:240 - Cannot read IP mode file for STMicroelectronics.X-CUBE-GNSS1.7.1.0
2026-04-01 13:24:43,519 [WARN] PackLoader:240 - Cannot read IP mode file for STMicroelectronics.FP-SNS-STBOX1.2.1.0
2026-04-01 13:24:43,526 [WARN] PackLoader:240 - Cannot read IP mode file for STMicroelectronics.FP-SNS-SMARTAG2.1.2.0
2026-04-01 13:24:43,531 [WARN] PackLoader:240 - Cannot read IP mode file for STMicroelectronics.FP-SNS-FLIGHT1.5.1.0
2026-04-01 13:24:43,542 [INFO] LogOutputStream:77 - [STDOUT_REDIRECT] 1 : Invalid condition id : UX_CORESTACK_Condition cause : null
2026-04-01 13:24:43,543 [INFO] LogOutputStream:77 - [STDOUT_REDIRECT] 1 : Invalid condition id : UX_CORESTACK_Condition cause : null
2026-04-01 13:24:43,545 [INFO] LogOutputStream:77 - [STDOUT_REDIRECT] 1 : Invalid condition id : UX_CORESTACK_Condition cause : null
2026-04-01 13:24:43,546 [INFO] LogOutputStream:77 - [STDOUT_REDIRECT] 1 : Invalid condition id : UX_CORESTACK_Condition cause : null
2026-04-01 13:24:43,548 [INFO] LogOutputStream:77 - [STDOUT_REDIRECT] 1 : Invalid condition id : UX_CORESTACK_Condition cause : null
2026-04-01 13:24:43,551 [WARN] PackLoader:240 - Cannot read IP mode file for STMicroelectronics.X-CUBE-AZRTOS-WL.2.0.0
2026-04-01 13:24:43,568 [WARN] PackLoader:240 - Cannot read IP mode file for STMicroelectronics.X-CUBE-AZRTOS-H7RS.1.2.0
2026-04-01 13:24:43,578 [WARN] PackLoader:240 - Cannot read IP mode file for STMicroelectronics.X-CUBE-BLE2.3.3.0
2026-04-01 13:24:43,618 [WARN] PackLoader:240 - Cannot read IP mode file for Infineon.AIROC-Wi-Fi-Bluetooth-STM32.1.8.0
2026-04-01 13:24:43,627 [WARN] PackLoader:240 - Cannot read IP mode file for STMicroelectronics.X-CUBE-NFC9.1.0.0
2026-04-01 13:24:43,633 [WARN] PackLoader:240 - Cannot read IP mode file for STMicroelectronics.X-CUBE-BLE1.7.1.0
2026-04-01 13:24:43,637 [WARN] PackLoader:240 - Cannot read IP mode file for wolfSSL.I-CUBE-wolfMQTT.1.19.2
2026-04-01 13:24:43,647 [WARN] PackLoader:240 - Cannot read IP mode file for STMicroelectronics.X-CUBE-EEPRMA1.5.2.0
2026-04-01 13:24:43,668 [WARN] PackLoader:240 - Cannot read IP mode file for wolfSSL.I-CUBE-wolfSSL.5.8.4
2026-04-01 13:24:43,679 [WARN] PackLoader:240 - Cannot read IP mode file for Cesanta.I-CUBE-Mongoose.7.20.0
2026-04-01 13:24:43,760 [WARN] PackLoader:240 - Cannot read IP mode file for STMicroelectronics.X-CUBE-MEMS1.12.0.0
2026-04-01 13:24:43,852 [WARN] PackLoader:240 - Cannot read IP mode file for STMicroelectronics.X-CUBE-AZRTOS-G0.1.1.0
2026-04-01 13:24:43,863 [WARN] PackLoader:240 - Cannot read IP mode file for STMicroelectronics.X-CUBE-NFC4.3.0.0
2026-04-01 13:24:43,868 [WARN] PackLoader:240 - Cannot read IP mode file for STMicroelectronics.X-CUBE-WB05N.2.0.0
2026-04-01 13:24:43,874 [WARN] PackLoader:240 - Cannot read IP mode file for wolfSSL.I-CUBE-wolfTPM.3.8.0
2026-04-01 13:24:43,879 [WARN] PackLoader:240 - Cannot read IP mode file for STMicroelectronics.X-CUBE-TCPP.4.2.0
2026-04-01 13:24:43,884 [WARN] PackLoader:240 - Cannot read IP mode file for RealThread.X-CUBE-RT-Thread_Nano.4.1.1
2026-04-01 13:24:43,892 [WARN] PackLoader:240 - Cannot read IP mode file for STMicroelectronics.FP-ATR-SIGFOX1.3.2.0
2026-04-01 13:24:43,908 [WARN] PackLoader:240 - Cannot read IP mode file for STMicroelectronics.X-CUBE-FREERTOS.1.5.0
2026-04-01 13:24:43,917 [WARN] PackLoader:240 - Cannot read IP mode file for ITTIA_DB.I-CUBE-ITTIADB.8.9.0
2026-04-01 13:24:43,927 [WARN] PackLoader:240 - Cannot read IP mode file for STMicroelectronics.X-CUBE-NFC6.3.2.0
2026-04-01 13:24:43,934 [WARN] PackLoader:240 - Cannot read IP mode file for STMicroelectronics.X-CUBE-AI.10.2.0
2026-04-01 13:24:43,967 [WARN] PackLoader:240 - Cannot read IP mode file for SEGGER.I-CUBE-embOS.1.3.1
2026-04-01 13:24:43,997 [WARN] PackLoader:240 - Cannot read IP mode file for STMicroelectronics.X-CUBE-ALGOBUILD.1.4.0
2026-04-01 13:24:44,003 [WARN] PackLoader:240 - Cannot read IP mode file for STMicroelectronics.X-CUBE-PM33A1.1.0.0
2026-04-01 13:24:44,016 [WARN] PackLoader:240 - Cannot read IP mode file for STMicroelectronics.X-CUBE-AZRTOS-F4.1.1.0
2026-04-01 13:24:44,025 [WARN] PackLoader:240 - Cannot read IP mode file for STMicroelectronics.X-CUBE-ISPU.2.1.0
2026-04-01 13:24:44,040 [WARN] PackLoader:240 - Cannot read IP mode file for STMicroelectronics.X-CUBE-IPS.3.2.0
2026-04-01 13:24:44,049 [WARN] PackLoader:240 - Cannot read IP mode file for STMicroelectronics.X-CUBE-NFC12.1.0.0
2026-04-01 13:24:44,064 [WARN] PackLoader:240 - Cannot read IP mode file for STMicroelectronics.X-CUBE-AZRTOS-L5.2.0.0
2026-04-01 13:24:44,076 [WARN] PackLoader:240 - Cannot read IP mode file for STMicroelectronics.X-CUBE-TOUCHGFX.4.26.1
2026-04-01 13:24:44,082 [WARN] PackLoader:240 - Cannot read IP mode file for STMicroelectronics.FP-SNS-STAIOTCFT.1.0.0
2026-04-01 13:24:44,089 [WARN] PackLoader:240 - Cannot read IP mode file for STMicroelectronics.X-CUBE-DPower.1.3.0
2026-04-01 13:24:44,109 [WARN] ConditionMgr:438 - getConditionDescription Invalid condition id : LAN8742 Phy interface Condition cause : null
2026-04-01 13:24:44,111 [WARN] PackLoader:240 - Cannot read IP mode file for STMicroelectronics.X-CUBE-AZRTOS-L4.2.0.0
2026-04-01 13:24:44,113 [WARN] ConditionMgr:1044 - genDependencies : Invalid condition id : LAN8742 Phy interface Condition cause : null
2026-04-01 13:24:44,113 [WARN] ConditionMgr:1044 - genDependencies : Invalid condition id : LAN8742 Phy interface Condition cause : null
2026-04-01 13:24:44,113 [WARN] ConditionMgr:1044 - genDependencies : Invalid condition id : LAN8742 Phy interface Condition cause : null
2026-04-01 13:24:44,121 [WARN] PackLoader:240 - Cannot read IP mode file for STMicroelectronics.X-CUBE-SFXS2LP1.4.0.0
2026-04-01 13:24:44,130 [WARN] PackLoader:240 - Cannot read IP mode file for STMicroelectronics.X-CUBE-ST67W61.1.2.0
2026-04-01 13:24:44,140 [WARN] PackLoader:240 - Cannot read IP mode file for STMicroelectronics.X-CUBE-BLEMGR.4.1.0
2026-04-01 13:24:44,152 [WARN] ConditionMgr:438 - getConditionDescription Invalid condition id : UX DEVICE CLASS RTOS Condition cause : null
2026-04-01 13:24:44,152 [WARN] ConditionMgr:438 - getConditionDescription Invalid condition id : UX DEVICE CLASS RTOS Condition cause : null
2026-04-01 13:24:44,154 [WARN] PackLoader:240 - Cannot read IP mode file for STMicroelectronics.X-CUBE-AZRTOS-WB.2.0.0
2026-04-01 13:24:44,154 [WARN] ConditionMgr:1044 - genDependencies : Invalid condition id : UX DEVICE CLASS RTOS Condition cause : null
2026-04-01 13:24:44,154 [WARN] ConditionMgr:1044 - genDependencies : Invalid condition id : UX DEVICE CLASS RTOS Condition cause : null
2026-04-01 13:24:44,154 [WARN] ConditionMgr:1044 - genDependencies : Invalid condition id : UX DEVICE CLASS RTOS Condition cause : null
2026-04-01 13:24:44,155 [WARN] ConditionMgr:1044 - genDependencies : Invalid condition id : UX DEVICE CLASS RTOS Condition cause : null
2026-04-01 13:24:44,155 [WARN] ConditionMgr:1044 - genDependencies : Invalid condition id : UX DEVICE CLASS RTOS Condition cause : null
2026-04-01 13:24:44,168 [WARN] ConditionMgr:438 - getConditionDescription Invalid condition id : Cortex-A Device cause : null
2026-04-01 13:24:44,178 [WARN] ConditionMgr:1044 - genDependencies : Invalid condition id : Cortex-A Device cause : null
2026-04-01 13:24:44,178 [WARN] ConditionMgr:1044 - genDependencies : Invalid condition id : Cortex-A Device cause : null
2026-04-01 13:24:44,178 [WARN] ConditionMgr:1044 - genDependencies : Invalid condition id : Cortex-A Device cause : null
2026-04-01 13:24:44,189 [WARN] PackLoader:240 - Cannot read IP mode file for STMicroelectronics.X-CUBE-STSE01.2.0.0
2026-04-01 13:24:44,216 [WARN] PackLoader:240 - Cannot read IP mode file for STMicroelectronics.X-CUBE-SUBG2.5.0.0
2026-04-01 13:24:44,387 [WARN] PackLoader:240 - Cannot read IP mode file for STMicroelectronics.X-CUBE-AZRTOS-G4.2.0.0
2026-04-01 13:24:44,403 [WARN] PackLoader:240 - Cannot read IP mode file for wolfSSL.I-CUBE-wolfSSH.1.4.20
2026-04-01 13:24:44,420 [WARN] PackLoader:240 - Cannot read IP mode file for STMicroelectronics.X-CUBE-NFC7.2.0.0
2026-04-01 13:24:44,432 [WARN] PackLoader:240 - Cannot read IP mode file for STMicroelectronics.X-CUBE-ALS.1.0.2
2026-04-01 13:24:44,448 [WARN] PackLoader:240 - Cannot read IP mode file for STMicroelectronics.X-CUBE-TOF1.3.4.3
2026-04-01 13:24:44,461 [INFO] ThirdParty:978 - Integrity check success = true
2026-04-01 13:24:44,461 [INFO] IntegrityCheckThread:100 - exiting critical section [integrity check]
2026-04-01 13:24:44,461 [INFO] IntegrityCheckThread:103 - End integrity checks thread
2026-04-01 13:24:45,187 [INFO] WebApp:169 - Instantiating new browser for Auth
2026-04-01 13:24:46,864 [INFO] WebApp:463 - Apply proxy settings
2026-04-01 13:24:46,865 [INFO] WebApp:548 - Chromium requires no authentication
2026-04-01 13:24:46,921 [INFO] WebApp:491 - Direct internet connection detected
2026-04-01 13:24:46,988 [INFO] WebApp:900 - Register for checkConnection events
2026-04-01 13:24:46,989 [INFO] WebApp:463 - Apply proxy settings
2026-04-01 13:24:46,989 [INFO] WebApp:548 - Chromium requires no authentication
2026-04-01 13:24:46,990 [INFO] WebApp:491 - Direct internet connection detected
2026-04-01 13:24:47,384 [INFO] WebApp:225 - Starting web application
2026-04-01 13:24:47,384 [INFO] WebApp:593 - Web application path used C:\ST\STM32CubeIDE_1.19.0\STM32CubeIDE\plugins\com.st.stm32cube.common.mx_6.15.0.202507011659\db\plugins\mcufinder\reactClient1\index.html
2026-04-01 13:24:47,433 [INFO] WebApp:191 - Connection restablished
2026-04-01 13:24:48,558 [ERROR] LogOutputStream:75 - [STDERR_REDIRECT] [Fatal Error] :1:1: Premature end of file.
2026-04-01 13:24:48,559 [ERROR] LogOutputStream:75 - [STDERR_REDIRECT] 
2026-04-01 13:24:49,531 [ERROR] LogOutputStream:75 - [STDERR_REDIRECT] [Fatal Error] :1:1: Premature end of file.
2026-04-01 13:24:49,532 [ERROR] LogOutputStream:75 - [STDERR_REDIRECT] 
2026-04-01 13:24:50,474 [ERROR] LogOutputStream:75 - [STDERR_REDIRECT] [Fatal Error] :1:1: Premature end of file.
2026-04-01 13:24:50,475 [ERROR] LogOutputStream:75 - [STDERR_REDIRECT] 
2026-04-01 13:24:51,497 [ERROR] LogOutputStream:75 - [STDERR_REDIRECT] [Fatal Error] :1:1: Premature end of file.
2026-04-01 13:24:51,498 [ERROR] LogOutputStream:75 - [STDERR_REDIRECT] 
2026-04-01 13:24:52,478 [ERROR] LogOutputStream:75 - [STDERR_REDIRECT] [Fatal Error] :1:1: Premature end of file.
2026-04-01 13:24:52,478 [ERROR] LogOutputStream:75 - [STDERR_REDIRECT] 
2026-04-01 13:24:53,469 [ERROR] LogOutputStream:75 - [STDERR_REDIRECT] [Fatal Error] :1:1: Premature end of file.
2026-04-01 13:24:53,469 [ERROR] LogOutputStream:75 - [STDERR_REDIRECT] 
2026-04-01 13:24:54,471 [ERROR] LogOutputStream:75 - [STDERR_REDIRECT] [Fatal Error] :1:1: Premature end of file.
2026-04-01 13:24:54,472 [ERROR] LogOutputStream:75 - [STDERR_REDIRECT] 
2026-04-01 13:24:55,480 [ERROR] LogOutputStream:75 - [STDERR_REDIRECT] [Fatal Error] :1:1: Premature end of file.
2026-04-01 13:24:55,480 [ERROR] LogOutputStream:75 - [STDERR_REDIRECT] 
2026-04-01 13:24:56,479 [ERROR] LogOutputStream:75 - [STDERR_REDIRECT] [Fatal Error] :1:1: Premature end of file.
2026-04-01 13:24:56,479 [ERROR] LogOutputStream:75 - [STDERR_REDIRECT] 
2026-04-01 13:24:57,481 [ERROR] LogOutputStream:75 - [STDERR_REDIRECT] [Fatal Error] :1:1: Premature end of file.
2026-04-01 13:24:57,481 [ERROR] LogOutputStream:75 - [STDERR_REDIRECT] 
2026-04-01 13:24:58,475 [ERROR] LogOutputStream:75 - [STDERR_REDIRECT] [Fatal Error] :1:1: Premature end of file.
2026-04-01 13:24:58,476 [ERROR] LogOutputStream:75 - [STDERR_REDIRECT] 
2026-04-01 13:24:59,482 [ERROR] LogOutputStream:75 - [STDERR_REDIRECT] [Fatal Error] :1:1: Premature end of file.
2026-04-01 13:24:59,483 [ERROR] LogOutputStream:75 - [STDERR_REDIRECT] 
2026-04-01 13:25:00,477 [ERROR] LogOutputStream:75 - [STDERR_REDIRECT] [Fatal Error] :1:1: Premature end of file.
2026-04-01 13:25:00,477 [ERROR] LogOutputStream:75 - [STDERR_REDIRECT] 
2026-04-01 13:25:01,489 [ERROR] LogOutputStream:75 - [STDERR_REDIRECT] [Fatal Error] :1:1: Premature end of file.
2026-04-01 13:25:01,489 [ERROR] LogOutputStream:75 - [STDERR_REDIRECT] 
2026-04-01 13:25:02,484 [ERROR] LogOutputStream:75 - [STDERR_REDIRECT] [Fatal Error] :1:1: Premature end of file.
2026-04-01 13:25:02,484 [ERROR] LogOutputStream:75 - [STDERR_REDIRECT] 
2026-04-01 13:25:03,455 [ERROR] LogOutputStream:75 - [STDERR_REDIRECT] [Fatal Error] :1:1: Premature end of file.
2026-04-01 13:25:03,456 [ERROR] LogOutputStream:75 - [STDERR_REDIRECT] 
2026-04-01 13:25:04,470 [ERROR] LogOutputStream:75 - [STDERR_REDIRECT] [Fatal Error] :1:1: Premature end of file.
2026-04-01 13:25:04,470 [ERROR] LogOutputStream:75 - [STDERR_REDIRECT] 
2026-04-01 13:25:05,486 [ERROR] LogOutputStream:75 - [STDERR_REDIRECT] [Fatal Error] :1:1: Premature end of file.
2026-04-01 13:25:05,486 [ERROR] LogOutputStream:75 - [STDERR_REDIRECT] 
2026-04-01 13:25:06,488 [ERROR] LogOutputStream:75 - [STDERR_REDIRECT] [Fatal Error] :1:1: Premature end of file.
2026-04-01 13:25:06,489 [ERROR] LogOutputStream:75 - [STDERR_REDIRECT] 
2026-04-01 13:25:07,483 [ERROR] LogOutputStream:75 - [STDERR_REDIRECT] [Fatal Error] :1:1: Premature end of file.
2026-04-01 13:25:07,483 [ERROR] LogOutputStream:75 - [STDERR_REDIRECT] 
2026-04-01 13:25:08,474 [ERROR] LogOutputStream:75 - [STDERR_REDIRECT] [Fatal Error] :1:1: Premature end of file.
2026-04-01 13:25:08,475 [ERROR] LogOutputStream:75 - [STDERR_REDIRECT] 
2026-04-01 13:25:09,463 [ERROR] LogOutputStream:75 - [STDERR_REDIRECT] [Fatal Error] :1:1: Premature end of file.
2026-04-01 13:25:09,464 [ERROR] LogOutputStream:75 - [STDERR_REDIRECT] 
2026-04-01 13:25:10,471 [ERROR] LogOutputStream:75 - [STDERR_REDIRECT] [Fatal Error] :1:1: Premature end of file.
2026-04-01 13:25:10,471 [ERROR] LogOutputStream:75 - [STDERR_REDIRECT] 
2026-04-01 13:25:11,465 [ERROR] LogOutputStream:75 - [STDERR_REDIRECT] [Fatal Error] :1:1: Premature end of file.
2026-04-01 13:25:11,466 [ERROR] LogOutputStream:75 - [STDERR_REDIRECT] 
2026-04-01 13:25:12,463 [ERROR] LogOutputStream:75 - [STDERR_REDIRECT] [Fatal Error] :1:1: Premature end of file.
2026-04-01 13:25:12,465 [ERROR] LogOutputStream:75 - [STDERR_REDIRECT] 
2026-04-01 13:25:13,485 [ERROR] LogOutputStream:75 - [STDERR_REDIRECT] [Fatal Error] :1:1: Premature end of file.
2026-04-01 13:25:13,485 [ERROR] LogOutputStream:75 - [STDERR_REDIRECT] 
2026-04-01 13:25:14,460 [ERROR] LogOutputStream:75 - [STDERR_REDIRECT] [Fatal Error] :1:1: Premature end of file.
2026-04-01 13:25:14,461 [ERROR] LogOutputStream:75 - [STDERR_REDIRECT] 
2026-04-01 13:25:15,458 [ERROR] LogOutputStream:75 - [STDERR_REDIRECT] [Fatal Error] :1:1: Premature end of file.
2026-04-01 13:25:15,460 [ERROR] LogOutputStream:75 - [STDERR_REDIRECT] 
2026-04-01 13:25:16,469 [ERROR] LogOutputStream:75 - [STDERR_REDIRECT] [Fatal Error] :1:1: Premature end of file.
2026-04-01 13:25:16,469 [ERROR] LogOutputStream:75 - [STDERR_REDIRECT] 
2026-04-01 13:25:17,475 [ERROR] LogOutputStream:75 - [STDERR_REDIRECT] [Fatal Error] :1:1: Premature end of file.
2026-04-01 13:25:17,475 [ERROR] LogOutputStream:75 - [STDERR_REDIRECT] 
2026-04-01 13:25:18,466 [ERROR] LogOutputStream:75 - [STDERR_REDIRECT] [Fatal Error] :1:1: Premature end of file.
2026-04-01 13:25:18,466 [ERROR] LogOutputStream:75 - [STDERR_REDIRECT] 
2026-04-01 13:25:19,473 [ERROR] LogOutputStream:75 - [STDERR_REDIRECT] [Fatal Error] :1:1: Premature end of file.
2026-04-01 13:25:19,474 [ERROR] LogOutputStream:75 - [STDERR_REDIRECT] 
2026-04-01 13:25:20,483 [ERROR] LogOutputStream:75 - [STDERR_REDIRECT] [Fatal Error] :1:1: Premature end of file.
2026-04-01 13:25:20,483 [ERROR] LogOutputStream:75 - [STDERR_REDIRECT] 
2026-04-01 13:25:21,478 [ERROR] LogOutputStream:75 - [STDERR_REDIRECT] [Fatal Error] :1:1: Premature end of file.
2026-04-01 13:25:21,479 [ERROR] LogOutputStream:75 - [STDERR_REDIRECT] 
2026-04-01 13:25:22,461 [ERROR] LogOutputStream:75 - [STDERR_REDIRECT] [Fatal Error] :1:1: Premature end of file.
2026-04-01 13:25:22,462 [ERROR] LogOutputStream:75 - [STDERR_REDIRECT] 
2026-04-01 13:25:23,475 [ERROR] LogOutputStream:75 - [STDERR_REDIRECT] [Fatal Error] :1:1: Premature end of file.
2026-04-01 13:25:23,476 [ERROR] LogOutputStream:75 - [STDERR_REDIRECT] 
2026-04-01 13:25:24,493 [ERROR] LogOutputStream:75 - [STDERR_REDIRECT] [Fatal Error] :1:1: Premature end of file.
2026-04-01 13:25:24,494 [ERROR] LogOutputStream:75 - [STDERR_REDIRECT] 
2026-04-01 13:25:25,472 [ERROR] LogOutputStream:75 - [STDERR_REDIRECT] [Fatal Error] :1:1: Premature end of file.
2026-04-01 13:25:25,473 [ERROR] LogOutputStream:75 - [STDERR_REDIRECT] 
2026-04-01 13:25:26,457 [ERROR] LogOutputStream:75 - [STDERR_REDIRECT] [Fatal Error] :1:1: Premature end of file.
2026-04-01 13:25:26,458 [ERROR] LogOutputStream:75 - [STDERR_REDIRECT] 
2026-04-01 13:25:27,466 [ERROR] LogOutputStream:75 - [STDERR_REDIRECT] [Fatal Error] :1:1: Premature end of file.
2026-04-01 13:25:27,467 [ERROR] LogOutputStream:75 - [STDERR_REDIRECT] 
2026-04-01 13:25:28,461 [ERROR] LogOutputStream:75 - [STDERR_REDIRECT] [Fatal Error] :1:1: Premature end of file.
2026-04-01 13:25:28,461 [ERROR] LogOutputStream:75 - [STDERR_REDIRECT] 
2026-04-01 13:25:29,460 [ERROR] LogOutputStream:75 - [STDERR_REDIRECT] [Fatal Error] :1:1: Premature end of file.
2026-04-01 13:25:29,461 [ERROR] LogOutputStream:75 - [STDERR_REDIRECT] 
2026-04-01 13:25:30,494 [ERROR] LogOutputStream:75 - [STDERR_REDIRECT] [Fatal Error] :1:1: Premature end of file.
2026-04-01 13:25:30,494 [ERROR] LogOutputStream:75 - [STDERR_REDIRECT] 
2026-04-01 13:25:31,510 [ERROR] LogOutputStream:75 - [STDERR_REDIRECT] [Fatal Error] :1:1: Premature end of file.
2026-04-01 13:25:31,511 [ERROR] LogOutputStream:75 - [STDERR_REDIRECT] 
2026-04-01 13:25:32,494 [ERROR] LogOutputStream:75 - [STDERR_REDIRECT] [Fatal Error] :1:1: Premature end of file.
2026-04-01 13:25:32,494 [ERROR] LogOutputStream:75 - [STDERR_REDIRECT] 
2026-04-01 13:25:33,494 [ERROR] LogOutputStream:75 - [STDERR_REDIRECT] [Fatal Error] :1:1: Premature end of file.
2026-04-01 13:25:33,494 [ERROR] LogOutputStream:75 - [STDERR_REDIRECT] 
2026-04-01 13:25:34,498 [ERROR] LogOutputStream:75 - [STDERR_REDIRECT] [Fatal Error] :1:1: Premature end of file.
2026-04-01 13:25:34,501 [ERROR] LogOutputStream:75 - [STDERR_REDIRECT] 
2026-04-01 13:25:35,495 [ERROR] LogOutputStream:75 - [STDERR_REDIRECT] [Fatal Error] :1:1: Premature end of file.
2026-04-01 13:25:35,495 [ERROR] LogOutputStream:75 - [STDERR_REDIRECT] 
2026-04-01 13:25:36,514 [ERROR] LogOutputStream:75 - [STDERR_REDIRECT] [Fatal Error] :1:1: Premature end of file.
2026-04-01 13:25:36,514 [ERROR] LogOutputStream:75 - [STDERR_REDIRECT] 
2026-04-01 13:25:37,478 [ERROR] LogOutputStream:75 - [STDERR_REDIRECT] [Fatal Error] :1:1: Premature end of file.
2026-04-01 13:25:37,478 [ERROR] LogOutputStream:75 - [STDERR_REDIRECT] 
2026-04-01 13:25:38,508 [ERROR] LogOutputStream:75 - [STDERR_REDIRECT] [Fatal Error] :1:1: Premature end of file.
2026-04-01 13:25:38,508 [ERROR] LogOutputStream:75 - [STDERR_REDIRECT] 
2026-04-01 13:25:39,506 [ERROR] LogOutputStream:75 - [STDERR_REDIRECT] [Fatal Error] :1:1: Premature end of file.
2026-04-01 13:25:39,506 [ERROR] LogOutputStream:75 - [STDERR_REDIRECT] 
2026-04-01 13:25:40,500 [ERROR] LogOutputStream:75 - [STDERR_REDIRECT] [Fatal Error] :1:1: Premature end of file.
2026-04-01 13:25:40,500 [ERROR] LogOutputStream:75 - [STDERR_REDIRECT] 
2026-04-01 13:25:41,461 [ERROR] LogOutputStream:75 - [STDERR_REDIRECT] [Fatal Error] :1:1: Premature end of file.
2026-04-01 13:25:41,461 [ERROR] LogOutputStream:75 - [STDERR_REDIRECT] 
2026-04-01 13:25:42,469 [ERROR] LogOutputStream:75 - [STDERR_REDIRECT] [Fatal Error] :1:1: Premature end of file.
2026-04-01 13:25:42,469 [ERROR] LogOutputStream:75 - [STDERR_REDIRECT] 
2026-04-01 13:25:43,491 [ERROR] LogOutputStream:75 - [STDERR_REDIRECT] [Fatal Error] :1:1: Premature end of file.
2026-04-01 13:25:43,491 [ERROR] LogOutputStream:75 - [STDERR_REDIRECT] 
2026-04-01 13:25:44,490 [ERROR] LogOutputStream:75 - [STDERR_REDIRECT] [Fatal Error] :1:1: Premature end of file.
2026-04-01 13:25:44,490 [ERROR] LogOutputStream:75 - [STDERR_REDIRECT] 
2026-04-01 13:25:45,544 [ERROR] LogOutputStream:75 - [STDERR_REDIRECT] [Fatal Error] :1:1: Premature end of file.
2026-04-01 13:25:45,546 [ERROR] LogOutputStream:75 - [STDERR_REDIRECT] 
2026-04-01 13:25:46,714 [ERROR] LogOutputStream:75 - [STDERR_REDIRECT] [Fatal Error] :1:1: Premature end of file.
2026-04-01 13:25:46,721 [ERROR] LogOutputStream:75 - [STDERR_REDIRECT] 
2026-04-01 13:25:47,535 [ERROR] LogOutputStream:75 - [STDERR_REDIRECT] [Fatal Error] :1:1: Premature end of file.
2026-04-01 13:25:47,535 [ERROR] LogOutputStream:75 - [STDERR_REDIRECT] 
2026-04-01 13:25:48,540 [ERROR] LogOutputStream:75 - [STDERR_REDIRECT] [Fatal Error] :1:1: Premature end of file.
2026-04-01 13:25:48,541 [ERROR] LogOutputStream:75 - [STDERR_REDIRECT] 
2026-04-01 13:25:49,732 [ERROR] LogOutputStream:75 - [STDERR_REDIRECT] [Fatal Error] :1:1: Premature end of file.
2026-04-01 13:25:49,742 [ERROR] LogOutputStream:75 - [STDERR_REDIRECT] 
2026-04-01 13:25:50,541 [ERROR] LogOutputStream:75 - [STDERR_REDIRECT] [Fatal Error] :1:1: Premature end of file.
2026-04-01 13:25:50,559 [ERROR] LogOutputStream:75 - [STDERR_REDIRECT] 
2026-04-01 13:25:51,491 [ERROR] LogOutputStream:75 - [STDERR_REDIRECT] [Fatal Error] :1:1: Premature end of file.
2026-04-01 13:25:51,495 [ERROR] LogOutputStream:75 - [STDERR_REDIRECT] 
2026-04-01 13:25:52,465 [ERROR] LogOutputStream:75 - [STDERR_REDIRECT] [Fatal Error] :1:1: Premature end of file.
2026-04-01 13:25:52,470 [ERROR] LogOutputStream:75 - [STDERR_REDIRECT] 
2026-04-01 13:25:53,479 [ERROR] LogOutputStream:75 - [STDERR_REDIRECT] [Fatal Error] :1:1: Premature end of file.
2026-04-01 13:25:53,479 [ERROR] LogOutputStream:75 - [STDERR_REDIRECT] 
2026-04-01 13:25:54,488 [ERROR] LogOutputStream:75 - [STDERR_REDIRECT] [Fatal Error] :1:1: Premature end of file.
2026-04-01 13:25:54,488 [ERROR] LogOutputStream:75 - [STDERR_REDIRECT] 
2026-04-01 13:25:55,481 [ERROR] LogOutputStream:75 - [STDERR_REDIRECT] [Fatal Error] :1:1: Premature end of file.
2026-04-01 13:25:55,485 [ERROR] LogOutputStream:75 - [STDERR_REDIRECT] 
2026-04-01 13:25:56,510 [ERROR] LogOutputStream:75 - [STDERR_REDIRECT] [Fatal Error] :1:1: Premature end of file.
2026-04-01 13:25:56,510 [ERROR] LogOutputStream:75 - [STDERR_REDIRECT] 
2026-04-01 13:25:57,528 [ERROR] LogOutputStream:75 - [STDERR_REDIRECT] [Fatal Error] :1:1: Premature end of file.
2026-04-01 13:25:57,531 [ERROR] LogOutputStream:75 - [STDERR_REDIRECT] 
2026-04-01 13:25:58,503 [ERROR] LogOutputStream:75 - [STDERR_REDIRECT] [Fatal Error] :1:1: Premature end of file.
2026-04-01 13:25:58,503 [ERROR] LogOutputStream:75 - [STDERR_REDIRECT] 
2026-04-01 13:25:59,483 [ERROR] LogOutputStream:75 - [STDERR_REDIRECT] [Fatal Error] :1:1: Premature end of file.
2026-04-01 13:25:59,484 [ERROR] LogOutputStream:75 - [STDERR_REDIRECT] 
2026-04-01 13:26:00,472 [ERROR] LogOutputStream:75 - [STDERR_REDIRECT] [Fatal Error] :1:1: Premature end of file.
2026-04-01 13:26:00,472 [ERROR] LogOutputStream:75 - [STDERR_REDIRECT] 
2026-04-01 13:26:01,484 [ERROR] LogOutputStream:75 - [STDERR_REDIRECT] [Fatal Error] :1:1: Premature end of file.
2026-04-01 13:26:01,485 [ERROR] LogOutputStream:75 - [STDERR_REDIRECT] 
2026-04-01 13:26:02,476 [ERROR] LogOutputStream:75 - [STDERR_REDIRECT] [Fatal Error] :1:1: Premature end of file.
2026-04-01 13:26:02,477 [ERROR] LogOutputStream:75 - [STDERR_REDIRECT] 
2026-04-01 13:26:03,494 [ERROR] LogOutputStream:75 - [STDERR_REDIRECT] [Fatal Error] :1:1: Premature end of file.
2026-04-01 13:26:03,495 [ERROR] LogOutputStream:75 - [STDERR_REDIRECT] 
2026-04-01 13:26:04,469 [ERROR] LogOutputStream:75 - [STDERR_REDIRECT] [Fatal Error] :1:1: Premature end of file.
2026-04-01 13:26:04,470 [ERROR] LogOutputStream:75 - [STDERR_REDIRECT] 
2026-04-01 13:26:05,479 [ERROR] LogOutputStream:75 - [STDERR_REDIRECT] [Fatal Error] :1:1: Premature end of file.
2026-04-01 13:26:05,480 [ERROR] LogOutputStream:75 - [STDERR_REDIRECT] 
2026-04-01 13:26:06,472 [ERROR] LogOutputStream:75 - [STDERR_REDIRECT] [Fatal Error] :1:1: Premature end of file.
2026-04-01 13:26:06,473 [ERROR] LogOutputStream:75 - [STDERR_REDIRECT] 
2026-04-01 13:26:07,480 [ERROR] LogOutputStream:75 - [STDERR_REDIRECT] [Fatal Error] :1:1: Premature end of file.
2026-04-01 13:26:07,481 [ERROR] LogOutputStream:75 - [STDERR_REDIRECT] 
2026-04-01 13:26:08,484 [ERROR] LogOutputStream:75 - [STDERR_REDIRECT] [Fatal Error] :1:1: Premature end of file.
2026-04-01 13:26:08,485 [ERROR] LogOutputStream:75 - [STDERR_REDIRECT] 
2026-04-01 13:26:09,483 [ERROR] LogOutputStream:75 - [STDERR_REDIRECT] [Fatal Error] :1:1: Premature end of file.
2026-04-01 13:26:09,484 [ERROR] LogOutputStream:75 - [STDERR_REDIRECT] 
2026-04-01 13:26:10,487 [ERROR] LogOutputStream:75 - [STDERR_REDIRECT] [Fatal Error] :1:1: Premature end of file.
2026-04-01 13:26:10,487 [ERROR] LogOutputStream:75 - [STDERR_REDIRECT] 
2026-04-01 13:26:11,485 [ERROR] LogOutputStream:75 - [STDERR_REDIRECT] [Fatal Error] :1:1: Premature end of file.
2026-04-01 13:26:11,486 [ERROR] LogOutputStream:75 - [STDERR_REDIRECT] 
2026-04-01 13:26:12,476 [ERROR] LogOutputStream:75 - [STDERR_REDIRECT] [Fatal Error] :1:1: Premature end of file.
2026-04-01 13:26:12,476 [ERROR] LogOutputStream:75 - [STDERR_REDIRECT] 
2026-04-01 13:26:13,482 [ERROR] LogOutputStream:75 - [STDERR_REDIRECT] [Fatal Error] :1:1: Premature end of file.
2026-04-01 13:26:13,482 [ERROR] LogOutputStream:75 - [STDERR_REDIRECT] 
2026-04-01 13:26:14,504 [ERROR] LogOutputStream:75 - [STDERR_REDIRECT] [Fatal Error] :1:1: Premature end of file.
2026-04-01 13:26:14,505 [ERROR] LogOutputStream:75 - [STDERR_REDIRECT] 
2026-04-01 13:26:15,499 [ERROR] LogOutputStream:75 - [STDERR_REDIRECT] [Fatal Error] :1:1: Premature end of file.
2026-04-01 13:26:15,500 [ERROR] LogOutputStream:75 - [STDERR_REDIRECT] 
2026-04-01 13:26:16,506 [ERROR] LogOutputStream:75 - [STDERR_REDIRECT] [Fatal Error] :1:1: Premature end of file.
2026-04-01 13:26:16,507 [ERROR] LogOutputStream:75 - [STDERR_REDIRECT] 
2026-04-01 13:26:17,531 [ERROR] LogOutputStream:75 - [STDERR_REDIRECT] [Fatal Error] :1:1: Premature end of file.
2026-04-01 13:26:17,531 [ERROR] LogOutputStream:75 - [STDERR_REDIRECT] 
2026-04-01 13:26:18,543 [ERROR] LogOutputStream:75 - [STDERR_REDIRECT] [Fatal Error] :1:1: Premature end of file.
2026-04-01 13:26:18,544 [ERROR] LogOutputStream:75 - [STDERR_REDIRECT] 
2026-04-01 13:26:19,501 [ERROR] LogOutputStream:75 - [STDERR_REDIRECT] [Fatal Error] :1:1: Premature end of file.
2026-04-01 13:26:19,502 [ERROR] LogOutputStream:75 - [STDERR_REDIRECT] 
2026-04-01 13:26:20,575 [ERROR] LogOutputStream:75 - [STDERR_REDIRECT] [Fatal Error] :1:1: Premature end of file.
2026-04-01 13:26:20,576 [ERROR] LogOutputStream:75 - [STDERR_REDIRECT] 
2026-04-01 13:26:21,601 [ERROR] LogOutputStream:75 - [STDERR_REDIRECT] [Fatal Error] :1:1: Premature end of file.
2026-04-01 13:26:21,603 [ERROR] LogOutputStream:75 - [STDERR_REDIRECT] 
2026-04-01 13:26:22,550 [ERROR] LogOutputStream:75 - [STDERR_REDIRECT] [Fatal Error] :1:1: Premature end of file.
2026-04-01 13:26:22,551 [ERROR] LogOutputStream:75 - [STDERR_REDIRECT] 
2026-04-01 13:26:23,478 [ERROR] LogOutputStream:75 - [STDERR_REDIRECT] [Fatal Error] :1:1: Premature end of file.
2026-04-01 13:26:23,480 [ERROR] LogOutputStream:75 - [STDERR_REDIRECT] 
2026-04-01 13:26:24,500 [ERROR] LogOutputStream:75 - [STDERR_REDIRECT] [Fatal Error] :1:1: Premature end of file.
2026-04-01 13:26:24,501 [ERROR] LogOutputStream:75 - [STDERR_REDIRECT] 
2026-04-01 13:26:25,497 [ERROR] LogOutputStream:75 - [STDERR_REDIRECT] [Fatal Error] :1:1: Premature end of file.
2026-04-01 13:26:25,498 [ERROR] LogOutputStream:75 - [STDERR_REDIRECT] 
2026-04-01 13:26:26,496 [ERROR] LogOutputStream:75 - [STDERR_REDIRECT] [Fatal Error] :1:1: Premature end of file.
2026-04-01 13:26:26,496 [ERROR] LogOutputStream:75 - [STDERR_REDIRECT] 
2026-04-01 13:26:27,484 [ERROR] LogOutputStream:75 - [STDERR_REDIRECT] [Fatal Error] :1:1: Premature end of file.
2026-04-01 13:26:27,486 [ERROR] LogOutputStream:75 - [STDERR_REDIRECT] 
2026-04-01 13:26:28,504 [ERROR] LogOutputStream:75 - [STDERR_REDIRECT] [Fatal Error] :1:1: Premature end of file.
2026-04-01 13:26:28,505 [ERROR] LogOutputStream:75 - [STDERR_REDIRECT] 
2026-04-01 13:26:29,489 [ERROR] LogOutputStream:75 - [STDERR_REDIRECT] [Fatal Error] :1:1: Premature end of file.
2026-04-01 13:26:29,491 [ERROR] LogOutputStream:75 - [STDERR_REDIRECT] 
2026-04-01 13:26:30,485 [ERROR] LogOutputStream:75 - [STDERR_REDIRECT] [Fatal Error] :1:1: Premature end of file.
2026-04-01 13:26:30,486 [ERROR] LogOutputStream:75 - [STDERR_REDIRECT] 
2026-04-01 13:26:31,525 [ERROR] LogOutputStream:75 - [STDERR_REDIRECT] [Fatal Error] :1:1: Premature end of file.
2026-04-01 13:26:31,527 [ERROR] LogOutputStream:75 - [STDERR_REDIRECT] 
2026-04-01 13:26:32,503 [ERROR] LogOutputStream:75 - [STDERR_REDIRECT] [Fatal Error] :1:1: Premature end of file.
2026-04-01 13:26:32,504 [ERROR] LogOutputStream:75 - [STDERR_REDIRECT] 
2026-04-01 13:26:33,515 [ERROR] LogOutputStream:75 - [STDERR_REDIRECT] [Fatal Error] :1:1: Premature end of file.
2026-04-01 13:26:33,517 [ERROR] LogOutputStream:75 - [STDERR_REDIRECT] 
2026-04-01 13:26:34,512 [ERROR] LogOutputStream:75 - [STDERR_REDIRECT] [Fatal Error] :1:1: Premature end of file.
2026-04-01 13:26:34,513 [ERROR] LogOutputStream:75 - [STDERR_REDIRECT] 
2026-04-01 13:26:35,542 [ERROR] LogOutputStream:75 - [STDERR_REDIRECT] [Fatal Error] :1:1: Premature end of file.
2026-04-01 13:26:35,543 [ERROR] LogOutputStream:75 - [STDERR_REDIRECT] 
2026-04-01 13:26:36,488 [ERROR] LogOutputStream:75 - [STDERR_REDIRECT] [Fatal Error] :1:1: Premature end of file.
2026-04-01 13:26:36,489 [ERROR] LogOutputStream:75 - [STDERR_REDIRECT] 
2026-04-01 13:26:37,494 [ERROR] LogOutputStream:75 - [STDERR_REDIRECT] [Fatal Error] :1:1: Premature end of file.
2026-04-01 13:26:37,494 [ERROR] LogOutputStream:75 - [STDERR_REDIRECT] 
2026-04-01 13:26:38,519 [ERROR] LogOutputStream:75 - [STDERR_REDIRECT] [Fatal Error] :1:1: Premature end of file.
2026-04-01 13:26:38,521 [ERROR] LogOutputStream:75 - [STDERR_REDIRECT] 
2026-04-01 13:26:39,536 [ERROR] LogOutputStream:75 - [STDERR_REDIRECT] [Fatal Error] :1:1: Premature end of file.
2026-04-01 13:26:39,541 [ERROR] LogOutputStream:75 - [STDERR_REDIRECT] 
2026-04-01 13:26:40,516 [ERROR] LogOutputStream:75 - [STDERR_REDIRECT] [Fatal Error] :1:1: Premature end of file.
2026-04-01 13:26:40,516 [ERROR] LogOutputStream:75 - [STDERR_REDIRECT] 
2026-04-01 13:26:41,510 [ERROR] LogOutputStream:75 - [STDERR_REDIRECT] [Fatal Error] :1:1: Premature end of file.
2026-04-01 13:26:41,511 [ERROR] LogOutputStream:75 - [STDERR_REDIRECT] 
2026-04-01 13:26:42,501 [ERROR] LogOutputStream:75 - [STDERR_REDIRECT] [Fatal Error] :1:1: Premature end of file.
2026-04-01 13:26:42,502 [ERROR] LogOutputStream:75 - [STDERR_REDIRECT] 
2026-04-01 13:26:43,493 [ERROR] LogOutputStream:75 - [STDERR_REDIRECT] [Fatal Error] :1:1: Premature end of file.
2026-04-01 13:26:43,494 [ERROR] LogOutputStream:75 - [STDERR_REDIRECT] 
2026-04-01 13:26:44,498 [ERROR] LogOutputStream:75 - [STDERR_REDIRECT] [Fatal Error] :1:1: Premature end of file.
2026-04-01 13:26:44,499 [ERROR] LogOutputStream:75 - [STDERR_REDIRECT] 
2026-04-01 13:26:45,478 [ERROR] LogOutputStream:75 - [STDERR_REDIRECT] [Fatal Error] :1:1: Premature end of file.
2026-04-01 13:26:45,478 [ERROR] LogOutputStream:75 - [STDERR_REDIRECT] 
2026-04-01 13:26:46,469 [ERROR] LogOutputStream:75 - [STDERR_REDIRECT] [Fatal Error] :1:1: Premature end of file.
2026-04-01 13:26:46,470 [ERROR] LogOutputStream:75 - [STDERR_REDIRECT] 
2026-04-01 13:26:47,506 [ERROR] LogOutputStream:75 - [STDERR_REDIRECT] [Fatal Error] :1:1: Premature end of file.
2026-04-01 13:26:47,506 [ERROR] LogOutputStream:75 - [STDERR_REDIRECT] 
2026-04-01 13:26:48,473 [ERROR] LogOutputStream:75 - [STDERR_REDIRECT] [Fatal Error] :1:1: Premature end of file.
2026-04-01 13:26:48,474 [ERROR] LogOutputStream:75 - [STDERR_REDIRECT] 
2026-04-01 13:26:49,497 [ERROR] LogOutputStream:75 - [STDERR_REDIRECT] [Fatal Error] :1:1: Premature end of file.
2026-04-01 13:26:49,499 [ERROR] LogOutputStream:75 - [STDERR_REDIRECT] 
2026-04-01 13:26:50,502 [ERROR] LogOutputStream:75 - [STDERR_REDIRECT] [Fatal Error] :1:1: Premature end of file.
2026-04-01 13:26:50,504 [ERROR] LogOutputStream:75 - [STDERR_REDIRECT] 
2026-04-01 13:26:51,497 [ERROR] LogOutputStream:75 - [STDERR_REDIRECT] [Fatal Error] :1:1: Premature end of file.
2026-04-01 13:26:51,497 [ERROR] LogOutputStream:75 - [STDERR_REDIRECT] 
2026-04-01 13:26:52,486 [ERROR] LogOutputStream:75 - [STDERR_REDIRECT] [Fatal Error] :1:1: Premature end of file.
2026-04-01 13:26:52,487 [ERROR] LogOutputStream:75 - [STDERR_REDIRECT] 
2026-04-01 13:26:53,494 [ERROR] LogOutputStream:75 - [STDERR_REDIRECT] [Fatal Error] :1:1: Premature end of file.
2026-04-01 13:26:53,495 [ERROR] LogOutputStream:75 - [STDERR_REDIRECT] 
2026-04-01 13:26:54,492 [ERROR] LogOutputStream:75 - [STDERR_REDIRECT] [Fatal Error] :1:1: Premature end of file.
2026-04-01 13:26:54,493 [ERROR] LogOutputStream:75 - [STDERR_REDIRECT] 
2026-04-01 13:26:55,482 [ERROR] LogOutputStream:75 - [STDERR_REDIRECT] [Fatal Error] :1:1: Premature end of file.
2026-04-01 13:26:55,483 [ERROR] LogOutputStream:75 - [STDERR_REDIRECT] 
2026-04-01 13:26:56,482 [ERROR] LogOutputStream:75 - [STDERR_REDIRECT] [Fatal Error] :1:1: Premature end of file.
2026-04-01 13:26:56,482 [ERROR] LogOutputStream:75 - [STDERR_REDIRECT] 
2026-04-01 13:26:57,631 [ERROR] LogOutputStream:75 - [STDERR_REDIRECT] [Fatal Error] :1:1: Premature end of file.
2026-04-01 13:26:57,632 [ERROR] LogOutputStream:75 - [STDERR_REDIRECT] 
2026-04-01 13:26:58,475 [ERROR] LogOutputStream:75 - [STDERR_REDIRECT] [Fatal Error] :1:1: Premature end of file.
2026-04-01 13:26:58,476 [ERROR] LogOutputStream:75 - [STDERR_REDIRECT] 
2026-04-01 13:26:59,508 [ERROR] LogOutputStream:75 - [STDERR_REDIRECT] [Fatal Error] :1:1: Premature end of file.
2026-04-01 13:26:59,509 [ERROR] LogOutputStream:75 - [STDERR_REDIRECT] 
2026-04-01 13:27:00,487 [ERROR] LogOutputStream:75 - [STDERR_REDIRECT] [Fatal Error] :1:1: Premature end of file.
2026-04-01 13:27:00,487 [ERROR] LogOutputStream:75 - [STDERR_REDIRECT] 
2026-04-01 13:27:01,508 [ERROR] LogOutputStream:75 - [STDERR_REDIRECT] [Fatal Error] :1:1: Premature end of file.
2026-04-01 13:27:01,509 [ERROR] LogOutputStream:75 - [STDERR_REDIRECT] 
2026-04-01 13:27:02,653 [ERROR] LogOutputStream:75 - [STDERR_REDIRECT] [Fatal Error] :1:1: Premature end of file.
2026-04-01 13:27:02,655 [ERROR] LogOutputStream:75 - [STDERR_REDIRECT] 
2026-04-01 13:27:03,490 [ERROR] LogOutputStream:75 - [STDERR_REDIRECT] [Fatal Error] :1:1: Premature end of file.
2026-04-01 13:27:03,491 [ERROR] LogOutputStream:75 - [STDERR_REDIRECT] 
2026-04-01 13:27:04,483 [ERROR] LogOutputStream:75 - [STDERR_REDIRECT] [Fatal Error] :1:1: Premature end of file.
2026-04-01 13:27:04,484 [ERROR] LogOutputStream:75 - [STDERR_REDIRECT] 
2026-04-01 13:27:05,491 [ERROR] LogOutputStream:75 - [STDERR_REDIRECT] [Fatal Error] :1:1: Premature end of file.
2026-04-01 13:27:05,492 [ERROR] LogOutputStream:75 - [STDERR_REDIRECT] 
2026-04-01 13:27:06,477 [ERROR] LogOutputStream:75 - [STDERR_REDIRECT] [Fatal Error] :1:1: Premature end of file.
2026-04-01 13:27:06,478 [ERROR] LogOutputStream:75 - [STDERR_REDIRECT] 
2026-04-01 13:27:07,484 [ERROR] LogOutputStream:75 - [STDERR_REDIRECT] [Fatal Error] :1:1: Premature end of file.
2026-04-01 13:27:07,486 [ERROR] LogOutputStream:75 - [STDERR_REDIRECT] 
2026-04-01 13:27:08,481 [ERROR] LogOutputStream:75 - [STDERR_REDIRECT] [Fatal Error] :1:1: Premature end of file.
2026-04-01 13:27:08,481 [ERROR] LogOutputStream:75 - [STDERR_REDIRECT] 
2026-04-01 13:27:09,477 [ERROR] LogOutputStream:75 - [STDERR_REDIRECT] [Fatal Error] :1:1: Premature end of file.
2026-04-01 13:27:09,478 [ERROR] LogOutputStream:75 - [STDERR_REDIRECT] 
2026-04-01 13:27:10,485 [ERROR] LogOutputStream:75 - [STDERR_REDIRECT] [Fatal Error] :1:1: Premature end of file.
2026-04-01 13:27:10,486 [ERROR] LogOutputStream:75 - [STDERR_REDIRECT] 
2026-04-01 13:27:11,479 [ERROR] LogOutputStream:75 - [STDERR_REDIRECT] [Fatal Error] :1:1: Premature end of file.
2026-04-01 13:27:11,479 [ERROR] LogOutputStream:75 - [STDERR_REDIRECT] 
2026-04-01 13:27:12,475 [ERROR] LogOutputStream:75 - [STDERR_REDIRECT] [Fatal Error] :1:1: Premature end of file.
2026-04-01 13:27:12,476 [ERROR] LogOutputStream:75 - [STDERR_REDIRECT] 
2026-04-01 13:27:13,458 [ERROR] LogOutputStream:75 - [STDERR_REDIRECT] [Fatal Error] :1:1: Premature end of file.
2026-04-01 13:27:13,459 [ERROR] LogOutputStream:75 - [STDERR_REDIRECT] 
2026-04-01 13:27:14,461 [ERROR] LogOutputStream:75 - [STDERR_REDIRECT] [Fatal Error] :1:1: Premature end of file.
2026-04-01 13:27:14,462 [ERROR] LogOutputStream:75 - [STDERR_REDIRECT] 
2026-04-01 13:27:15,562 [ERROR] LogOutputStream:75 - [STDERR_REDIRECT] [Fatal Error] :1:1: Premature end of file.
2026-04-01 13:27:15,563 [ERROR] LogOutputStream:75 - [STDERR_REDIRECT] 
2026-04-01 13:27:16,484 [ERROR] LogOutputStream:75 - [STDERR_REDIRECT] [Fatal Error] :1:1: Premature end of file.
2026-04-01 13:27:16,484 [ERROR] LogOutputStream:75 - [STDERR_REDIRECT] 
2026-04-01 13:27:17,490 [ERROR] LogOutputStream:75 - [STDERR_REDIRECT] [Fatal Error] :1:1: Premature end of file.
2026-04-01 13:27:17,491 [ERROR] LogOutputStream:75 - [STDERR_REDIRECT] 
2026-04-01 13:27:18,504 [ERROR] LogOutputStream:75 - [STDERR_REDIRECT] [Fatal Error] :1:1: Premature end of file.
2026-04-01 13:27:18,505 [ERROR] LogOutputStream:75 - [STDERR_REDIRECT] 
2026-04-01 13:27:19,511 [ERROR] LogOutputStream:75 - [STDERR_REDIRECT] [Fatal Error] :1:1: Premature end of file.
2026-04-01 13:27:19,512 [ERROR] LogOutputStream:75 - [STDERR_REDIRECT] 
2026-04-01 13:27:20,495 [ERROR] LogOutputStream:75 - [STDERR_REDIRECT] [Fatal Error] :1:1: Premature end of file.
2026-04-01 13:27:20,496 [ERROR] LogOutputStream:75 - [STDERR_REDIRECT] 
2026-04-01 13:27:21,499 [ERROR] LogOutputStream:75 - [STDERR_REDIRECT] [Fatal Error] :1:1: Premature end of file.
2026-04-01 13:27:21,500 [ERROR] LogOutputStream:75 - [STDERR_REDIRECT] 
2026-04-01 13:27:22,474 [ERROR] LogOutputStream:75 - [STDERR_REDIRECT] [Fatal Error] :1:1: Premature end of file.
2026-04-01 13:27:22,474 [ERROR] LogOutputStream:75 - [STDERR_REDIRECT] 
2026-04-01 13:27:23,508 [ERROR] LogOutputStream:75 - [STDERR_REDIRECT] [Fatal Error] :1:1: Premature end of file.
2026-04-01 13:27:23,508 [ERROR] LogOutputStream:75 - [STDERR_REDIRECT] 
2026-04-01 13:27:24,505 [ERROR] LogOutputStream:75 - [STDERR_REDIRECT] [Fatal Error] :1:1: Premature end of file.
2026-04-01 13:27:24,506 [ERROR] LogOutputStream:75 - [STDERR_REDIRECT] 
2026-04-01 13:27:25,491 [ERROR] LogOutputStream:75 - [STDERR_REDIRECT] [Fatal Error] :1:1: Premature end of file.
2026-04-01 13:27:25,493 [ERROR] LogOutputStream:75 - [STDERR_REDIRECT] 
2026-04-01 13:27:26,492 [ERROR] LogOutputStream:75 - [STDERR_REDIRECT] [Fatal Error] :1:1: Premature end of file.
2026-04-01 13:27:26,493 [ERROR] LogOutputStream:75 - [STDERR_REDIRECT] 
2026-04-01 13:27:27,488 [ERROR] LogOutputStream:75 - [STDERR_REDIRECT] [Fatal Error] :1:1: Premature end of file.
2026-04-01 13:27:27,489 [ERROR] LogOutputStream:75 - [STDERR_REDIRECT] 
2026-04-01 13:27:28,477 [ERROR] LogOutputStream:75 - [STDERR_REDIRECT] [Fatal Error] :1:1: Premature end of file.
2026-04-01 13:27:28,478 [ERROR] LogOutputStream:75 - [STDERR_REDIRECT] 
2026-04-01 13:27:29,488 [ERROR] LogOutputStream:75 - [STDERR_REDIRECT] [Fatal Error] :1:1: Premature end of file.
2026-04-01 13:27:29,488 [ERROR] LogOutputStream:75 - [STDERR_REDIRECT] 
2026-04-01 13:27:30,485 [ERROR] LogOutputStream:75 - [STDERR_REDIRECT] [Fatal Error] :1:1: Premature end of file.
2026-04-01 13:27:30,487 [ERROR] LogOutputStream:75 - [STDERR_REDIRECT] 
2026-04-01 13:27:31,480 [ERROR] LogOutputStream:75 - [STDERR_REDIRECT] [Fatal Error] :1:1: Premature end of file.
2026-04-01 13:27:31,481 [ERROR] LogOutputStream:75 - [STDERR_REDIRECT] 
2026-04-01 13:27:32,470 [ERROR] LogOutputStream:75 - [STDERR_REDIRECT] [Fatal Error] :1:1: Premature end of file.
2026-04-01 13:27:32,471 [ERROR] LogOutputStream:75 - [STDERR_REDIRECT] 
2026-04-01 13:27:33,475 [ERROR] LogOutputStream:75 - [STDERR_REDIRECT] [Fatal Error] :1:1: Premature end of file.
2026-04-01 13:27:33,476 [ERROR] LogOutputStream:75 - [STDERR_REDIRECT] 
2026-04-01 13:27:34,473 [ERROR] LogOutputStream:75 - [STDERR_REDIRECT] [Fatal Error] :1:1: Premature end of file.
2026-04-01 13:27:34,473 [ERROR] LogOutputStream:75 - [STDERR_REDIRECT] 
2026-04-01 13:27:35,465 [ERROR] LogOutputStream:75 - [STDERR_REDIRECT] [Fatal Error] :1:1: Premature end of file.
2026-04-01 13:27:35,466 [ERROR] LogOutputStream:75 - [STDERR_REDIRECT] 
2026-04-01 13:27:36,479 [ERROR] LogOutputStream:75 - [STDERR_REDIRECT] [Fatal Error] :1:1: Premature end of file.
2026-04-01 13:27:36,480 [ERROR] LogOutputStream:75 - [STDERR_REDIRECT] 
2026-04-01 13:27:37,475 [ERROR] LogOutputStream:75 - [STDERR_REDIRECT] [Fatal Error] :1:1: Premature end of file.
2026-04-01 13:27:37,476 [ERROR] LogOutputStream:75 - [STDERR_REDIRECT] 
2026-04-01 13:27:38,471 [ERROR] LogOutputStream:75 - [STDERR_REDIRECT] [Fatal Error] :1:1: Premature end of file.
2026-04-01 13:27:38,471 [ERROR] LogOutputStream:75 - [STDERR_REDIRECT] 
2026-04-01 13:27:39,473 [ERROR] LogOutputStream:75 - [STDERR_REDIRECT] [Fatal Error] :1:1: Premature end of file.
2026-04-01 13:27:39,475 [ERROR] LogOutputStream:75 - [STDERR_REDIRECT] 
2026-04-01 13:27:40,476 [ERROR] LogOutputStream:75 - [STDERR_REDIRECT] [Fatal Error] :1:1: Premature end of file.
2026-04-01 13:27:40,476 [ERROR] LogOutputStream:75 - [STDERR_REDIRECT] 
2026-04-01 13:27:41,479 [ERROR] LogOutputStream:75 - [STDERR_REDIRECT] [Fatal Error] :1:1: Premature end of file.
2026-04-01 13:27:41,480 [ERROR] LogOutputStream:75 - [STDERR_REDIRECT] 
2026-04-01 13:27:42,463 [ERROR] LogOutputStream:75 - [STDERR_REDIRECT] [Fatal Error] :1:1: Premature end of file.
2026-04-01 13:27:42,464 [ERROR] LogOutputStream:75 - [STDERR_REDIRECT] 
2026-04-01 13:27:43,475 [ERROR] LogOutputStream:75 - [STDERR_REDIRECT] [Fatal Error] :1:1: Premature end of file.
2026-04-01 13:27:43,475 [ERROR] LogOutputStream:75 - [STDERR_REDIRECT] 
2026-04-01 13:27:44,483 [ERROR] LogOutputStream:75 - [STDERR_REDIRECT] [Fatal Error] :1:1: Premature end of file.
2026-04-01 13:27:44,484 [ERROR] LogOutputStream:75 - [STDERR_REDIRECT] 
2026-04-01 13:27:45,482 [ERROR] LogOutputStream:75 - [STDERR_REDIRECT] [Fatal Error] :1:1: Premature end of file.
2026-04-01 13:27:45,483 [ERROR] LogOutputStream:75 - [STDERR_REDIRECT] 
2026-04-01 13:27:46,470 [ERROR] LogOutputStream:75 - [STDERR_REDIRECT] [Fatal Error] :1:1: Premature end of file.
2026-04-01 13:27:46,470 [ERROR] LogOutputStream:75 - [STDERR_REDIRECT] 
2026-04-01 13:27:47,475 [ERROR] LogOutputStream:75 - [STDERR_REDIRECT] [Fatal Error] :1:1: Premature end of file.
2026-04-01 13:27:47,476 [ERROR] LogOutputStream:75 - [STDERR_REDIRECT] 
2026-04-01 13:27:48,480 [ERROR] LogOutputStream:75 - [STDERR_REDIRECT] [Fatal Error] :1:1: Premature end of file.
2026-04-01 13:27:48,481 [ERROR] LogOutputStream:75 - [STDERR_REDIRECT] 
2026-04-01 13:27:49,475 [ERROR] LogOutputStream:75 - [STDERR_REDIRECT] [Fatal Error] :1:1: Premature end of file.
2026-04-01 13:27:49,476 [ERROR] LogOutputStream:75 - [STDERR_REDIRECT] 
2026-04-01 13:27:50,536 [ERROR] LogOutputStream:75 - [STDERR_REDIRECT] [Fatal Error] :1:1: Premature end of file.
2026-04-01 13:27:50,537 [ERROR] LogOutputStream:75 - [STDERR_REDIRECT] 
2026-04-01 13:27:51,477 [ERROR] LogOutputStream:75 - [STDERR_REDIRECT] [Fatal Error] :1:1: Premature end of file.
2026-04-01 13:27:51,478 [ERROR] LogOutputStream:75 - [STDERR_REDIRECT] 
2026-04-01 13:27:52,485 [ERROR] LogOutputStream:75 - [STDERR_REDIRECT] [Fatal Error] :1:1: Premature end of file.
2026-04-01 13:27:52,487 [ERROR] LogOutputStream:75 - [STDERR_REDIRECT] 
2026-04-01 13:27:53,494 [ERROR] LogOutputStream:75 - [STDERR_REDIRECT] [Fatal Error] :1:1: Premature end of file.
2026-04-01 13:27:53,495 [ERROR] LogOutputStream:75 - [STDERR_REDIRECT] 
2026-04-01 13:27:54,502 [ERROR] LogOutputStream:75 - [STDERR_REDIRECT] [Fatal Error] :1:1: Premature end of file.
2026-04-01 13:27:54,503 [ERROR] LogOutputStream:75 - [STDERR_REDIRECT] 
2026-04-01 13:27:55,526 [ERROR] LogOutputStream:75 - [STDERR_REDIRECT] [Fatal Error] :1:1: Premature end of file.
2026-04-01 13:27:55,527 [ERROR] LogOutputStream:75 - [STDERR_REDIRECT] 
2026-04-01 13:27:56,490 [ERROR] LogOutputStream:75 - [STDERR_REDIRECT] [Fatal Error] :1:1: Premature end of file.
2026-04-01 13:27:56,491 [ERROR] LogOutputStream:75 - [STDERR_REDIRECT] 
2026-04-01 13:27:57,520 [ERROR] LogOutputStream:75 - [STDERR_REDIRECT] [Fatal Error] :1:1: Premature end of file.
2026-04-01 13:27:57,521 [ERROR] LogOutputStream:75 - [STDERR_REDIRECT] 
2026-04-01 13:27:58,493 [ERROR] LogOutputStream:75 - [STDERR_REDIRECT] [Fatal Error] :1:1: Premature end of file.
2026-04-01 13:27:58,494 [ERROR] LogOutputStream:75 - [STDERR_REDIRECT] 
2026-04-01 13:27:59,498 [ERROR] LogOutputStream:75 - [STDERR_REDIRECT] [Fatal Error] :1:1: Premature end of file.
2026-04-01 13:27:59,499 [ERROR] LogOutputStream:75 - [STDERR_REDIRECT] 
2026-04-01 13:28:00,485 [ERROR] LogOutputStream:75 - [STDERR_REDIRECT] [Fatal Error] :1:1: Premature end of file.
2026-04-01 13:28:00,486 [ERROR] LogOutputStream:75 - [STDERR_REDIRECT] 
2026-04-01 13:28:01,493 [ERROR] LogOutputStream:75 - [STDERR_REDIRECT] [Fatal Error] :1:1: Premature end of file.
2026-04-01 13:28:01,494 [ERROR] LogOutputStream:75 - [STDERR_REDIRECT] 
2026-04-01 13:28:02,501 [ERROR] LogOutputStream:75 - [STDERR_REDIRECT] [Fatal Error] :1:1: Premature end of file.
2026-04-01 13:28:02,502 [ERROR] LogOutputStream:75 - [STDERR_REDIRECT] 
2026-04-01 13:28:03,497 [ERROR] LogOutputStream:75 - [STDERR_REDIRECT] [Fatal Error] :1:1: Premature end of file.
2026-04-01 13:28:03,497 [ERROR] LogOutputStream:75 - [STDERR_REDIRECT] 
2026-04-01 13:28:04,485 [ERROR] LogOutputStream:75 - [STDERR_REDIRECT] [Fatal Error] :1:1: Premature end of file.
2026-04-01 13:28:04,487 [ERROR] LogOutputStream:75 - [STDERR_REDIRECT] 
2026-04-01 13:28:05,485 [ERROR] LogOutputStream:75 - [STDERR_REDIRECT] [Fatal Error] :1:1: Premature end of file.
2026-04-01 13:28:05,486 [ERROR] LogOutputStream:75 - [STDERR_REDIRECT] 
2026-04-01 13:28:06,476 [ERROR] LogOutputStream:75 - [STDERR_REDIRECT] [Fatal Error] :1:1: Premature end of file.
2026-04-01 13:28:06,477 [ERROR] LogOutputStream:75 - [STDERR_REDIRECT] 
2026-04-01 13:28:07,487 [ERROR] LogOutputStream:75 - [STDERR_REDIRECT] [Fatal Error] :1:1: Premature end of file.
2026-04-01 13:28:07,487 [ERROR] LogOutputStream:75 - [STDERR_REDIRECT] 
2026-04-01 13:28:08,483 [ERROR] LogOutputStream:75 - [STDERR_REDIRECT] [Fatal Error] :1:1: Premature end of file.
2026-04-01 13:28:08,484 [ERROR] LogOutputStream:75 - [STDERR_REDIRECT] 
2026-04-01 13:28:09,481 [ERROR] LogOutputStream:75 - [STDERR_REDIRECT] [Fatal Error] :1:1: Premature end of file.
2026-04-01 13:28:09,481 [ERROR] LogOutputStream:75 - [STDERR_REDIRECT] 
2026-04-01 13:28:10,532 [ERROR] LogOutputStream:75 - [STDERR_REDIRECT] [Fatal Error] :1:1: Premature end of file.
2026-04-01 13:28:10,533 [ERROR] LogOutputStream:75 - [STDERR_REDIRECT] 
2026-04-01 13:28:11,481 [ERROR] LogOutputStream:75 - [STDERR_REDIRECT] [Fatal Error] :1:1: Premature end of file.
2026-04-01 13:28:11,482 [ERROR] LogOutputStream:75 - [STDERR_REDIRECT] 
2026-04-01 13:28:12,485 [ERROR] LogOutputStream:75 - [STDERR_REDIRECT] [Fatal Error] :1:1: Premature end of file.
2026-04-01 13:28:12,485 [ERROR] LogOutputStream:75 - [STDERR_REDIRECT] 
2026-04-01 13:28:13,475 [ERROR] LogOutputStream:75 - [STDERR_REDIRECT] [Fatal Error] :1:1: Premature end of file.
2026-04-01 13:28:13,475 [ERROR] LogOutputStream:75 - [STDERR_REDIRECT] 
2026-04-01 13:28:14,491 [ERROR] LogOutputStream:75 - [STDERR_REDIRECT] [Fatal Error] :1:1: Premature end of file.
2026-04-01 13:28:14,492 [ERROR] LogOutputStream:75 - [STDERR_REDIRECT] 
2026-04-01 13:28:15,478 [ERROR] LogOutputStream:75 - [STDERR_REDIRECT] [Fatal Error] :1:1: Premature end of file.
2026-04-01 13:28:15,480 [ERROR] LogOutputStream:75 - [STDERR_REDIRECT] 
2026-04-01 13:28:16,484 [ERROR] LogOutputStream:75 - [STDERR_REDIRECT] [Fatal Error] :1:1: Premature end of file.
2026-04-01 13:28:16,485 [ERROR] LogOutputStream:75 - [STDERR_REDIRECT] 
2026-04-01 13:28:17,496 [ERROR] LogOutputStream:75 - [STDERR_REDIRECT] [Fatal Error] :1:1: Premature end of file.
2026-04-01 13:28:17,499 [ERROR] LogOutputStream:75 - [STDERR_REDIRECT] 
2026-04-01 13:28:18,484 [ERROR] LogOutputStream:75 - [STDERR_REDIRECT] [Fatal Error] :1:1: Premature end of file.
2026-04-01 13:28:18,485 [ERROR] LogOutputStream:75 - [STDERR_REDIRECT] 
2026-04-01 13:28:19,486 [ERROR] LogOutputStream:75 - [STDERR_REDIRECT] [Fatal Error] :1:1: Premature end of file.
2026-04-01 13:28:19,488 [ERROR] LogOutputStream:75 - [STDERR_REDIRECT] 
2026-04-01 13:28:20,481 [ERROR] LogOutputStream:75 - [STDERR_REDIRECT] [Fatal Error] :1:1: Premature end of file.
2026-04-01 13:28:20,482 [ERROR] LogOutputStream:75 - [STDERR_REDIRECT] 
2026-04-01 13:28:21,481 [ERROR] LogOutputStream:75 - [STDERR_REDIRECT] [Fatal Error] :1:1: Premature end of file.
2026-04-01 13:28:21,482 [ERROR] LogOutputStream:75 - [STDERR_REDIRECT] 
2026-04-01 13:28:22,481 [ERROR] LogOutputStream:75 - [STDERR_REDIRECT] [Fatal Error] :1:1: Premature end of file.
2026-04-01 13:28:22,482 [ERROR] LogOutputStream:75 - [STDERR_REDIRECT] 
2026-04-01 13:28:23,480 [ERROR] LogOutputStream:75 - [STDERR_REDIRECT] [Fatal Error] :1:1: Premature end of file.
2026-04-01 13:28:23,481 [ERROR] LogOutputStream:75 - [STDERR_REDIRECT] 
2026-04-01 13:28:24,482 [ERROR] LogOutputStream:75 - [STDERR_REDIRECT] [Fatal Error] :1:1: Premature end of file.
2026-04-01 13:28:24,483 [ERROR] LogOutputStream:75 - [STDERR_REDIRECT] 
2026-04-01 13:28:25,478 [ERROR] LogOutputStream:75 - [STDERR_REDIRECT] [Fatal Error] :1:1: Premature end of file.
2026-04-01 13:28:25,479 [ERROR] LogOutputStream:75 - [STDERR_REDIRECT] 
2026-04-01 13:28:26,477 [ERROR] LogOutputStream:75 - [STDERR_REDIRECT] [Fatal Error] :1:1: Premature end of file.
2026-04-01 13:28:26,478 [ERROR] LogOutputStream:75 - [STDERR_REDIRECT] 
2026-04-01 13:28:27,482 [ERROR] LogOutputStream:75 - [STDERR_REDIRECT] [Fatal Error] :1:1: Premature end of file.
2026-04-01 13:28:27,483 [ERROR] LogOutputStream:75 - [STDERR_REDIRECT] 
2026-04-01 13:28:28,484 [ERROR] LogOutputStream:75 - [STDERR_REDIRECT] [Fatal Error] :1:1: Premature end of file.
2026-04-01 13:28:28,485 [ERROR] LogOutputStream:75 - [STDERR_REDIRECT] 
2026-04-01 13:28:29,477 [ERROR] LogOutputStream:75 - [STDERR_REDIRECT] [Fatal Error] :1:1: Premature end of file.
2026-04-01 13:28:29,478 [ERROR] LogOutputStream:75 - [STDERR_REDIRECT] 
2026-04-01 13:28:30,486 [ERROR] LogOutputStream:75 - [STDERR_REDIRECT] [Fatal Error] :1:1: Premature end of file.
2026-04-01 13:28:30,487 [ERROR] LogOutputStream:75 - [STDERR_REDIRECT] 
2026-04-01 13:28:31,484 [ERROR] LogOutputStream:75 - [STDERR_REDIRECT] [Fatal Error] :1:1: Premature end of file.
2026-04-01 13:28:31,486 [ERROR] LogOutputStream:75 - [STDERR_REDIRECT] 
2026-04-01 13:28:32,491 [ERROR] LogOutputStream:75 - [STDERR_REDIRECT] [Fatal Error] :1:1: Premature end of file.
2026-04-01 13:28:32,492 [ERROR] LogOutputStream:75 - [STDERR_REDIRECT] 
2026-04-01 13:28:33,490 [ERROR] LogOutputStream:75 - [STDERR_REDIRECT] [Fatal Error] :1:1: Premature end of file.
2026-04-01 13:28:33,490 [ERROR] LogOutputStream:75 - [STDERR_REDIRECT] 
2026-04-01 13:28:34,492 [ERROR] LogOutputStream:75 - [STDERR_REDIRECT] [Fatal Error] :1:1: Premature end of file.
2026-04-01 13:28:34,492 [ERROR] LogOutputStream:75 - [STDERR_REDIRECT] 
2026-04-01 13:28:35,491 [ERROR] LogOutputStream:75 - [STDERR_REDIRECT] [Fatal Error] :1:1: Premature end of file.
2026-04-01 13:28:35,491 [ERROR] LogOutputStream:75 - [STDERR_REDIRECT] 
2026-04-01 13:28:36,518 [ERROR] LogOutputStream:75 - [STDERR_REDIRECT] [Fatal Error] :1:1: Premature end of file.
2026-04-01 13:28:36,519 [ERROR] LogOutputStream:75 - [STDERR_REDIRECT] 
2026-04-01 13:28:37,486 [ERROR] LogOutputStream:75 - [STDERR_REDIRECT] [Fatal Error] :1:1: Premature end of file.
2026-04-01 13:28:37,486 [ERROR] LogOutputStream:75 - [STDERR_REDIRECT] 
2026-04-01 13:28:38,504 [ERROR] LogOutputStream:75 - [STDERR_REDIRECT] [Fatal Error] :1:1: Premature end of file.
2026-04-01 13:28:38,504 [ERROR] LogOutputStream:75 - [STDERR_REDIRECT] 
2026-04-01 13:28:39,510 [ERROR] LogOutputStream:75 - [STDERR_REDIRECT] [Fatal Error] :1:1: Premature end of file.
2026-04-01 13:28:39,510 [ERROR] LogOutputStream:75 - [STDERR_REDIRECT] 
2026-04-01 13:28:40,510 [ERROR] LogOutputStream:75 - [STDERR_REDIRECT] [Fatal Error] :1:1: Premature end of file.
2026-04-01 13:28:40,516 [ERROR] LogOutputStream:75 - [STDERR_REDIRECT] 
2026-04-01 13:28:41,485 [ERROR] LogOutputStream:75 - [STDERR_REDIRECT] [Fatal Error] :1:1: Premature end of file.
2026-04-01 13:28:41,487 [ERROR] LogOutputStream:75 - [STDERR_REDIRECT] 
2026-04-01 13:28:42,501 [ERROR] LogOutputStream:75 - [STDERR_REDIRECT] [Fatal Error] :1:1: Premature end of file.
2026-04-01 13:28:42,502 [ERROR] LogOutputStream:75 - [STDERR_REDIRECT] 
2026-04-01 13:28:43,489 [ERROR] LogOutputStream:75 - [STDERR_REDIRECT] [Fatal Error] :1:1: Premature end of file.
2026-04-01 13:28:43,490 [ERROR] LogOutputStream:75 - [STDERR_REDIRECT] 
2026-04-01 13:28:44,511 [ERROR] LogOutputStream:75 - [STDERR_REDIRECT] [Fatal Error] :1:1: Premature end of file.
2026-04-01 13:28:44,511 [ERROR] LogOutputStream:75 - [STDERR_REDIRECT] 
2026-04-01 13:28:45,493 [ERROR] LogOutputStream:75 - [STDERR_REDIRECT] [Fatal Error] :1:1: Premature end of file.
2026-04-01 13:28:45,493 [ERROR] LogOutputStream:75 - [STDERR_REDIRECT] 
2026-04-01 13:28:46,493 [ERROR] LogOutputStream:75 - [STDERR_REDIRECT] [Fatal Error] :1:1: Premature end of file.
2026-04-01 13:28:46,494 [ERROR] LogOutputStream:75 - [STDERR_REDIRECT] 
2026-04-01 13:28:47,509 [ERROR] LogOutputStream:75 - [STDERR_REDIRECT] [Fatal Error] :1:1: Premature end of file.
2026-04-01 13:28:47,509 [ERROR] LogOutputStream:75 - [STDERR_REDIRECT] 
2026-04-01 13:28:48,490 [ERROR] LogOutputStream:75 - [STDERR_REDIRECT] [Fatal Error] :1:1: Premature end of file.
2026-04-01 13:28:48,498 [ERROR] LogOutputStream:75 - [STDERR_REDIRECT] 
2026-04-01 13:28:49,490 [ERROR] LogOutputStream:75 - [STDERR_REDIRECT] [Fatal Error] :1:1: Premature end of file.
2026-04-01 13:28:49,490 [ERROR] LogOutputStream:75 - [STDERR_REDIRECT] 
2026-04-01 13:28:50,506 [ERROR] LogOutputStream:75 - [STDERR_REDIRECT] [Fatal Error] :1:1: Premature end of file.
2026-04-01 13:28:50,507 [ERROR] LogOutputStream:75 - [STDERR_REDIRECT] 
2026-04-01 13:28:51,485 [ERROR] LogOutputStream:75 - [STDERR_REDIRECT] [Fatal Error] :1:1: Premature end of file.
2026-04-01 13:28:51,485 [ERROR] LogOutputStream:75 - [STDERR_REDIRECT] 
2026-04-01 13:28:52,501 [ERROR] LogOutputStream:75 - [STDERR_REDIRECT] [Fatal Error] :1:1: Premature end of file.
2026-04-01 13:28:52,501 [ERROR] LogOutputStream:75 - [STDERR_REDIRECT] 
2026-04-01 13:28:53,498 [ERROR] LogOutputStream:75 - [STDERR_REDIRECT] [Fatal Error] :1:1: Premature end of file.
2026-04-01 13:28:53,498 [ERROR] LogOutputStream:75 - [STDERR_REDIRECT] 
2026-04-01 13:28:54,513 [ERROR] LogOutputStream:75 - [STDERR_REDIRECT] [Fatal Error] :1:1: Premature end of file.
2026-04-01 13:28:54,513 [ERROR] LogOutputStream:75 - [STDERR_REDIRECT] 
2026-04-01 13:28:55,477 [ERROR] LogOutputStream:75 - [STDERR_REDIRECT] [Fatal Error] :1:1: Premature end of file.
2026-04-01 13:28:55,477 [ERROR] LogOutputStream:75 - [STDERR_REDIRECT] 
2026-04-01 13:28:56,481 [ERROR] LogOutputStream:75 - [STDERR_REDIRECT] [Fatal Error] :1:1: Premature end of file.
2026-04-01 13:28:56,481 [ERROR] LogOutputStream:75 - [STDERR_REDIRECT] 
2026-04-01 13:28:57,491 [ERROR] LogOutputStream:75 - [STDERR_REDIRECT] [Fatal Error] :1:1: Premature end of file.
2026-04-01 13:28:57,491 [ERROR] LogOutputStream:75 - [STDERR_REDIRECT] 
2026-04-01 13:28:58,491 [ERROR] LogOutputStream:75 - [STDERR_REDIRECT] [Fatal Error] :1:1: Premature end of file.
2026-04-01 13:28:58,492 [ERROR] LogOutputStream:75 - [STDERR_REDIRECT] 
2026-04-01 13:28:59,468 [ERROR] LogOutputStream:75 - [STDERR_REDIRECT] [Fatal Error] :1:1: Premature end of file.
2026-04-01 13:28:59,468 [ERROR] LogOutputStream:75 - [STDERR_REDIRECT] 
2026-04-01 13:29:00,504 [ERROR] LogOutputStream:75 - [STDERR_REDIRECT] [Fatal Error] :1:1: Premature end of file.
2026-04-01 13:29:00,504 [ERROR] LogOutputStream:75 - [STDERR_REDIRECT] 
2026-04-01 13:29:01,527 [ERROR] LogOutputStream:75 - [STDERR_REDIRECT] [Fatal Error] :1:1: Premature end of file.
2026-04-01 13:29:01,527 [ERROR] LogOutputStream:75 - [STDERR_REDIRECT] 
2026-04-01 13:29:02,528 [ERROR] LogOutputStream:75 - [STDERR_REDIRECT] [Fatal Error] :1:1: Premature end of file.
2026-04-01 13:29:02,529 [ERROR] LogOutputStream:75 - [STDERR_REDIRECT] 
2026-04-01 13:29:03,542 [ERROR] LogOutputStream:75 - [STDERR_REDIRECT] [Fatal Error] :1:1: Premature end of file.
2026-04-01 13:29:03,544 [ERROR] LogOutputStream:75 - [STDERR_REDIRECT] 
2026-04-01 13:29:04,458 [ERROR] LogOutputStream:75 - [STDERR_REDIRECT] [Fatal Error] :1:1: Premature end of file.
2026-04-01 13:29:04,461 [ERROR] LogOutputStream:75 - [STDERR_REDIRECT] 
2026-04-01 13:29:05,515 [ERROR] LogOutputStream:75 - [STDERR_REDIRECT] [Fatal Error] :1:1: Premature end of file.
2026-04-01 13:29:05,518 [ERROR] LogOutputStream:75 - [STDERR_REDIRECT] 
2026-04-01 13:29:06,485 [ERROR] LogOutputStream:75 - [STDERR_REDIRECT] [Fatal Error] :1:1: Premature end of file.
2026-04-01 13:29:06,491 [ERROR] LogOutputStream:75 - [STDERR_REDIRECT] 
2026-04-01 13:29:07,498 [ERROR] LogOutputStream:75 - [STDERR_REDIRECT] [Fatal Error] :1:1: Premature end of file.
2026-04-01 13:29:07,498 [ERROR] LogOutputStream:75 - [STDERR_REDIRECT] 
2026-04-01 13:29:08,473 [ERROR] LogOutputStream:75 - [STDERR_REDIRECT] [Fatal Error] :1:1: Premature end of file.
2026-04-01 13:29:08,473 [ERROR] LogOutputStream:75 - [STDERR_REDIRECT] 
2026-04-01 13:29:09,488 [ERROR] LogOutputStream:75 - [STDERR_REDIRECT] [Fatal Error] :1:1: Premature end of file.
2026-04-01 13:29:09,488 [ERROR] LogOutputStream:75 - [STDERR_REDIRECT] 
2026-04-01 13:29:10,471 [ERROR] LogOutputStream:75 - [STDERR_REDIRECT] [Fatal Error] :1:1: Premature end of file.
2026-04-01 13:29:10,472 [ERROR] LogOutputStream:75 - [STDERR_REDIRECT] 
2026-04-01 13:29:11,461 [ERROR] LogOutputStream:75 - [STDERR_REDIRECT] [Fatal Error] :1:1: Premature end of file.
2026-04-01 13:29:11,461 [ERROR] LogOutputStream:75 - [STDERR_REDIRECT] 
2026-04-01 13:29:12,472 [ERROR] LogOutputStream:75 - [STDERR_REDIRECT] [Fatal Error] :1:1: Premature end of file.
2026-04-01 13:29:12,472 [ERROR] LogOutputStream:75 - [STDERR_REDIRECT] 
2026-04-01 13:29:13,490 [ERROR] LogOutputStream:75 - [STDERR_REDIRECT] [Fatal Error] :1:1: Premature end of file.
2026-04-01 13:29:13,490 [ERROR] LogOutputStream:75 - [STDERR_REDIRECT] 
2026-04-01 13:29:14,480 [ERROR] LogOutputStream:75 - [STDERR_REDIRECT] [Fatal Error] :1:1: Premature end of file.
2026-04-01 13:29:14,480 [ERROR] LogOutputStream:75 - [STDERR_REDIRECT] 
2026-04-01 13:29:15,488 [ERROR] LogOutputStream:75 - [STDERR_REDIRECT] [Fatal Error] :1:1: Premature end of file.
2026-04-01 13:29:15,488 [ERROR] LogOutputStream:75 - [STDERR_REDIRECT] 
2026-04-01 13:29:16,475 [ERROR] LogOutputStream:75 - [STDERR_REDIRECT] [Fatal Error] :1:1: Premature end of file.
2026-04-01 13:29:16,477 [ERROR] LogOutputStream:75 - [STDERR_REDIRECT] 
2026-04-01 13:29:17,473 [ERROR] LogOutputStream:75 - [STDERR_REDIRECT] [Fatal Error] :1:1: Premature end of file.
2026-04-01 13:29:17,476 [ERROR] LogOutputStream:75 - [STDERR_REDIRECT] 
2026-04-01 13:29:18,516 [ERROR] LogOutputStream:75 - [STDERR_REDIRECT] [Fatal Error] :1:1: Premature end of file.
2026-04-01 13:29:18,524 [ERROR] LogOutputStream:75 - [STDERR_REDIRECT] 
2026-04-01 13:29:19,510 [ERROR] LogOutputStream:75 - [STDERR_REDIRECT] [Fatal Error] :1:1: Premature end of file.
2026-04-01 13:29:19,510 [ERROR] LogOutputStream:75 - [STDERR_REDIRECT] 
2026-04-01 13:29:20,512 [ERROR] LogOutputStream:75 - [STDERR_REDIRECT] [Fatal Error] :1:1: Premature end of file.
2026-04-01 13:29:20,512 [ERROR] LogOutputStream:75 - [STDERR_REDIRECT] 
2026-04-01 13:29:21,505 [ERROR] LogOutputStream:75 - [STDERR_REDIRECT] [Fatal Error] :1:1: Premature end of file.
2026-04-01 13:29:21,505 [ERROR] LogOutputStream:75 - [STDERR_REDIRECT] 
2026-04-01 13:29:22,522 [ERROR] LogOutputStream:75 - [STDERR_REDIRECT] [Fatal Error] :1:1: Premature end of file.
2026-04-01 13:29:22,525 [ERROR] LogOutputStream:75 - [STDERR_REDIRECT] 
2026-04-01 13:29:23,496 [ERROR] LogOutputStream:75 - [STDERR_REDIRECT] [Fatal Error] :1:1: Premature end of file.
2026-04-01 13:29:23,496 [ERROR] LogOutputStream:75 - [STDERR_REDIRECT] 
2026-04-01 13:29:24,533 [ERROR] LogOutputStream:75 - [STDERR_REDIRECT] [Fatal Error] :1:1: Premature end of file.
2026-04-01 13:29:24,538 [ERROR] LogOutputStream:75 - [STDERR_REDIRECT] 
2026-04-01 13:29:25,476 [ERROR] LogOutputStream:75 - [STDERR_REDIRECT] [Fatal Error] :1:1: Premature end of file.
2026-04-01 13:29:25,477 [ERROR] LogOutputStream:75 - [STDERR_REDIRECT] 
2026-04-01 13:29:26,504 [ERROR] LogOutputStream:75 - [STDERR_REDIRECT] [Fatal Error] :1:1: Premature end of file.
2026-04-01 13:29:26,504 [ERROR] LogOutputStream:75 - [STDERR_REDIRECT] 
2026-04-01 13:29:27,501 [ERROR] LogOutputStream:75 - [STDERR_REDIRECT] [Fatal Error] :1:1: Premature end of file.
2026-04-01 13:29:27,501 [ERROR] LogOutputStream:75 - [STDERR_REDIRECT] 
2026-04-01 13:29:28,483 [ERROR] LogOutputStream:75 - [STDERR_REDIRECT] [Fatal Error] :1:1: Premature end of file.
2026-04-01 13:29:28,483 [ERROR] LogOutputStream:75 - [STDERR_REDIRECT] 
2026-04-01 13:29:29,470 [ERROR] LogOutputStream:75 - [STDERR_REDIRECT] [Fatal Error] :1:1: Premature end of file.
2026-04-01 13:29:29,471 [ERROR] LogOutputStream:75 - [STDERR_REDIRECT] 
2026-04-01 13:29:30,490 [ERROR] LogOutputStream:75 - [STDERR_REDIRECT] [Fatal Error] :1:1: Premature end of file.
2026-04-01 13:29:30,491 [ERROR] LogOutputStream:75 - [STDERR_REDIRECT] 
2026-04-01 13:29:31,489 [ERROR] LogOutputStream:75 - [STDERR_REDIRECT] [Fatal Error] :1:1: Premature end of file.
2026-04-01 13:29:31,490 [ERROR] LogOutputStream:75 - [STDERR_REDIRECT] 
2026-04-01 13:29:32,481 [ERROR] LogOutputStream:75 - [STDERR_REDIRECT] [Fatal Error] :1:1: Premature end of file.
2026-04-01 13:29:32,481 [ERROR] LogOutputStream:75 - [STDERR_REDIRECT] 
2026-04-01 13:29:33,474 [ERROR] LogOutputStream:75 - [STDERR_REDIRECT] [Fatal Error] :1:1: Premature end of file.
2026-04-01 13:29:33,474 [ERROR] LogOutputStream:75 - [STDERR_REDIRECT] 
2026-04-01 13:29:34,488 [ERROR] LogOutputStream:75 - [STDERR_REDIRECT] [Fatal Error] :1:1: Premature end of file.
2026-04-01 13:29:34,488 [ERROR] LogOutputStream:75 - [STDERR_REDIRECT] 
2026-04-01 13:29:35,490 [ERROR] LogOutputStream:75 - [STDERR_REDIRECT] [Fatal Error] :1:1: Premature end of file.
2026-04-01 13:29:35,490 [ERROR] LogOutputStream:75 - [STDERR_REDIRECT] 
2026-04-01 13:29:36,491 [ERROR] LogOutputStream:75 - [STDERR_REDIRECT] [Fatal Error] :1:1: Premature end of file.
2026-04-01 13:29:36,491 [ERROR] LogOutputStream:75 - [STDERR_REDIRECT] 
2026-04-01 13:29:37,479 [ERROR] LogOutputStream:75 - [STDERR_REDIRECT] [Fatal Error] :1:1: Premature end of file.
2026-04-01 13:29:37,479 [ERROR] LogOutputStream:75 - [STDERR_REDIRECT] 
2026-04-01 13:29:38,494 [ERROR] LogOutputStream:75 - [STDERR_REDIRECT] [Fatal Error] :1:1: Premature end of file.
2026-04-01 13:29:38,494 [ERROR] LogOutputStream:75 - [STDERR_REDIRECT] 
2026-04-01 13:29:39,497 [ERROR] LogOutputStream:75 - [STDERR_REDIRECT] [Fatal Error] :1:1: Premature end of file.
2026-04-01 13:29:39,499 [ERROR] LogOutputStream:75 - [STDERR_REDIRECT] 
2026-04-01 13:29:40,494 [ERROR] LogOutputStream:75 - [STDERR_REDIRECT] [Fatal Error] :1:1: Premature end of file.
2026-04-01 13:29:40,494 [ERROR] LogOutputStream:75 - [STDERR_REDIRECT] 
2026-04-01 13:29:41,495 [ERROR] LogOutputStream:75 - [STDERR_REDIRECT] [Fatal Error] :1:1: Premature end of file.
2026-04-01 13:29:41,495 [ERROR] LogOutputStream:75 - [STDERR_REDIRECT] 
2026-04-01 13:29:42,480 [ERROR] LogOutputStream:75 - [STDERR_REDIRECT] [Fatal Error] :1:1: Premature end of file.
2026-04-01 13:29:42,480 [ERROR] LogOutputStream:75 - [STDERR_REDIRECT] 
2026-04-01 13:29:43,493 [ERROR] LogOutputStream:75 - [STDERR_REDIRECT] [Fatal Error] :1:1: Premature end of file.
2026-04-01 13:29:43,493 [ERROR] LogOutputStream:75 - [STDERR_REDIRECT] 
2026-04-01 13:29:44,475 [ERROR] LogOutputStream:75 - [STDERR_REDIRECT] [Fatal Error] :1:1: Premature end of file.
2026-04-01 13:29:44,475 [ERROR] LogOutputStream:75 - [STDERR_REDIRECT] 
2026-04-01 13:29:45,479 [ERROR] LogOutputStream:75 - [STDERR_REDIRECT] [Fatal Error] :1:1: Premature end of file.
2026-04-01 13:29:45,479 [ERROR] LogOutputStream:75 - [STDERR_REDIRECT] 
2026-04-01 13:29:46,465 [ERROR] LogOutputStream:75 - [STDERR_REDIRECT] [Fatal Error] :1:1: Premature end of file.
2026-04-01 13:29:46,465 [ERROR] LogOutputStream:75 - [STDERR_REDIRECT] 
2026-04-01 13:29:47,470 [ERROR] LogOutputStream:75 - [STDERR_REDIRECT] [Fatal Error] :1:1: Premature end of file.
2026-04-01 13:29:47,470 [ERROR] LogOutputStream:75 - [STDERR_REDIRECT] 
2026-04-01 13:29:48,511 [ERROR] LogOutputStream:75 - [STDERR_REDIRECT] [Fatal Error] :1:1: Premature end of file.
2026-04-01 13:29:48,513 [ERROR] LogOutputStream:75 - [STDERR_REDIRECT] 
2026-04-01 13:29:49,516 [ERROR] LogOutputStream:75 - [STDERR_REDIRECT] [Fatal Error] :1:1: Premature end of file.
2026-04-01 13:29:49,516 [ERROR] LogOutputStream:75 - [STDERR_REDIRECT] 
2026-04-01 13:29:50,494 [ERROR] LogOutputStream:75 - [STDERR_REDIRECT] [Fatal Error] :1:1: Premature end of file.
2026-04-01 13:29:50,494 [ERROR] LogOutputStream:75 - [STDERR_REDIRECT] 
2026-04-01 13:29:51,512 [ERROR] LogOutputStream:75 - [STDERR_REDIRECT] [Fatal Error] :1:1: Premature end of file.
2026-04-01 13:29:51,515 [ERROR] LogOutputStream:75 - [STDERR_REDIRECT] 
2026-04-01 13:29:52,513 [ERROR] LogOutputStream:75 - [STDERR_REDIRECT] [Fatal Error] :1:1: Premature end of file.
2026-04-01 13:29:52,513 [ERROR] LogOutputStream:75 - [STDERR_REDIRECT] 
2026-04-01 13:29:53,529 [ERROR] LogOutputStream:75 - [STDERR_REDIRECT] [Fatal Error] :1:1: Premature end of file.
2026-04-01 13:29:53,529 [ERROR] LogOutputStream:75 - [STDERR_REDIRECT] 
2026-04-01 13:29:54,521 [ERROR] LogOutputStream:75 - [STDERR_REDIRECT] [Fatal Error] :1:1: Premature end of file.
2026-04-01 13:29:54,523 [ERROR] LogOutputStream:75 - [STDERR_REDIRECT] 
2026-04-01 13:29:55,516 [ERROR] LogOutputStream:75 - [STDERR_REDIRECT] [Fatal Error] :1:1: Premature end of file.
2026-04-01 13:29:55,516 [ERROR] LogOutputStream:75 - [STDERR_REDIRECT] 
2026-04-01 13:29:56,504 [ERROR] LogOutputStream:75 - [STDERR_REDIRECT] [Fatal Error] :1:1: Premature end of file.
2026-04-01 13:29:56,504 [ERROR] LogOutputStream:75 - [STDERR_REDIRECT] 
2026-04-01 13:29:57,524 [ERROR] LogOutputStream:75 - [STDERR_REDIRECT] [Fatal Error] :1:1: Premature end of file.
2026-04-01 13:29:57,526 [ERROR] LogOutputStream:75 - [STDERR_REDIRECT] 
2026-04-01 13:29:58,521 [ERROR] LogOutputStream:75 - [STDERR_REDIRECT] [Fatal Error] :1:1: Premature end of file.
2026-04-01 13:29:58,523 [ERROR] LogOutputStream:75 - [STDERR_REDIRECT] 
2026-04-01 13:29:59,524 [ERROR] LogOutputStream:75 - [STDERR_REDIRECT] [Fatal Error] :1:1: Premature end of file.
2026-04-01 13:29:59,528 [ERROR] LogOutputStream:75 - [STDERR_REDIRECT] 
2026-04-01 13:30:00,532 [ERROR] LogOutputStream:75 - [STDERR_REDIRECT] [Fatal Error] :1:1: Premature end of file.
2026-04-01 13:30:00,532 [ERROR] LogOutputStream:75 - [STDERR_REDIRECT] 
2026-04-01 13:30:01,513 [ERROR] LogOutputStream:75 - [STDERR_REDIRECT] [Fatal Error] :1:1: Premature end of file.
2026-04-01 13:30:01,513 [ERROR] LogOutputStream:75 - [STDERR_REDIRECT] 
2026-04-01 13:30:02,534 [ERROR] LogOutputStream:75 - [STDERR_REDIRECT] [Fatal Error] :1:1: Premature end of file.
2026-04-01 13:30:02,534 [ERROR] LogOutputStream:75 - [STDERR_REDIRECT] 
2026-04-01 13:30:03,523 [ERROR] LogOutputStream:75 - [STDERR_REDIRECT] [Fatal Error] :1:1: Premature end of file.
2026-04-01 13:30:03,527 [ERROR] LogOutputStream:75 - [STDERR_REDIRECT] 
2026-04-01 13:30:04,489 [ERROR] LogOutputStream:75 - [STDERR_REDIRECT] [Fatal Error] :1:1: Premature end of file.
2026-04-01 13:30:04,489 [ERROR] LogOutputStream:75 - [STDERR_REDIRECT] 
2026-04-01 13:30:05,481 [ERROR] LogOutputStream:75 - [STDERR_REDIRECT] [Fatal Error] :1:1: Premature end of file.
2026-04-01 13:30:05,481 [ERROR] LogOutputStream:75 - [STDERR_REDIRECT] 
2026-04-01 13:30:06,486 [ERROR] LogOutputStream:75 - [STDERR_REDIRECT] [Fatal Error] :1:1: Premature end of file.
2026-04-01 13:30:06,486 [ERROR] LogOutputStream:75 - [STDERR_REDIRECT] 
2026-04-01 13:30:07,456 [ERROR] LogOutputStream:75 - [STDERR_REDIRECT] [Fatal Error] :1:1: Premature end of file.
2026-04-01 13:30:07,456 [ERROR] LogOutputStream:75 - [STDERR_REDIRECT] 
2026-04-01 13:30:08,482 [ERROR] LogOutputStream:75 - [STDERR_REDIRECT] [Fatal Error] :1:1: Premature end of file.
2026-04-01 13:30:08,482 [ERROR] LogOutputStream:75 - [STDERR_REDIRECT] 
2026-04-01 13:30:09,486 [ERROR] LogOutputStream:75 - [STDERR_REDIRECT] [Fatal Error] :1:1: Premature end of file.
2026-04-01 13:30:09,488 [ERROR] LogOutputStream:75 - [STDERR_REDIRECT] 
2026-04-01 13:30:10,472 [ERROR] LogOutputStream:75 - [STDERR_REDIRECT] [Fatal Error] :1:1: Premature end of file.
2026-04-01 13:30:10,473 [ERROR] LogOutputStream:75 - [STDERR_REDIRECT] 
2026-04-01 13:30:11,496 [ERROR] LogOutputStream:75 - [STDERR_REDIRECT] [Fatal Error] :1:1: Premature end of file.
2026-04-01 13:30:11,496 [ERROR] LogOutputStream:75 - [STDERR_REDIRECT] 
2026-04-01 13:30:12,486 [ERROR] LogOutputStream:75 - [STDERR_REDIRECT] [Fatal Error] :1:1: Premature end of file.
2026-04-01 13:30:12,486 [ERROR] LogOutputStream:75 - [STDERR_REDIRECT] 
2026-04-01 13:30:13,486 [ERROR] LogOutputStream:75 - [STDERR_REDIRECT] [Fatal Error] :1:1: Premature end of file.
2026-04-01 13:30:13,486 [ERROR] LogOutputStream:75 - [STDERR_REDIRECT] 
2026-04-01 13:30:14,504 [ERROR] LogOutputStream:75 - [STDERR_REDIRECT] [Fatal Error] :1:1: Premature end of file.
2026-04-01 13:30:14,504 [ERROR] LogOutputStream:75 - [STDERR_REDIRECT] 
2026-04-01 13:30:15,494 [ERROR] LogOutputStream:75 - [STDERR_REDIRECT] [Fatal Error] :1:1: Premature end of file.
2026-04-01 13:30:15,496 [ERROR] LogOutputStream:75 - [STDERR_REDIRECT] 
2026-04-01 13:30:16,480 [ERROR] LogOutputStream:75 - [STDERR_REDIRECT] [Fatal Error] :1:1: Premature end of file.
2026-04-01 13:30:16,480 [ERROR] LogOutputStream:75 - [STDERR_REDIRECT] 
2026-04-01 13:30:17,477 [ERROR] LogOutputStream:75 - [STDERR_REDIRECT] [Fatal Error] :1:1: Premature end of file.
2026-04-01 13:30:17,477 [ERROR] LogOutputStream:75 - [STDERR_REDIRECT] 
2026-04-01 13:30:18,484 [ERROR] LogOutputStream:75 - [STDERR_REDIRECT] [Fatal Error] :1:1: Premature end of file.
2026-04-01 13:30:18,484 [ERROR] LogOutputStream:75 - [STDERR_REDIRECT] 
2026-04-01 13:30:19,471 [ERROR] LogOutputStream:75 - [STDERR_REDIRECT] [Fatal Error] :1:1: Premature end of file.
2026-04-01 13:30:19,471 [ERROR] LogOutputStream:75 - [STDERR_REDIRECT] 
2026-04-01 13:30:20,465 [ERROR] LogOutputStream:75 - [STDERR_REDIRECT] [Fatal Error] :1:1: Premature end of file.
2026-04-01 13:30:20,465 [ERROR] LogOutputStream:75 - [STDERR_REDIRECT] 
2026-04-01 13:30:21,461 [ERROR] LogOutputStream:75 - [STDERR_REDIRECT] [Fatal Error] :1:1: Premature end of file.
2026-04-01 13:30:21,461 [ERROR] LogOutputStream:75 - [STDERR_REDIRECT] 
2026-04-01 13:30:22,475 [ERROR] LogOutputStream:75 - [STDERR_REDIRECT] [Fatal Error] :1:1: Premature end of file.
2026-04-01 13:30:22,475 [ERROR] LogOutputStream:75 - [STDERR_REDIRECT] 
2026-04-01 13:30:23,601 [ERROR] LogOutputStream:75 - [STDERR_REDIRECT] [Fatal Error] :1:1: Premature end of file.
2026-04-01 13:30:23,601 [ERROR] LogOutputStream:75 - [STDERR_REDIRECT] 
2026-04-01 13:30:24,455 [ERROR] LogOutputStream:75 - [STDERR_REDIRECT] [Fatal Error] :1:1: Premature end of file.
2026-04-01 13:30:24,455 [ERROR] LogOutputStream:75 - [STDERR_REDIRECT] 
2026-04-01 13:30:25,463 [ERROR] LogOutputStream:75 - [STDERR_REDIRECT] [Fatal Error] :1:1: Premature end of file.
2026-04-01 13:30:25,465 [ERROR] LogOutputStream:75 - [STDERR_REDIRECT] 
2026-04-01 13:30:26,480 [ERROR] LogOutputStream:75 - [STDERR_REDIRECT] [Fatal Error] :1:1: Premature end of file.
2026-04-01 13:30:26,480 [ERROR] LogOutputStream:75 - [STDERR_REDIRECT] 
2026-04-01 13:30:27,476 [ERROR] LogOutputStream:75 - [STDERR_REDIRECT] [Fatal Error] :1:1: Premature end of file.
2026-04-01 13:30:27,476 [ERROR] LogOutputStream:75 - [STDERR_REDIRECT] 
2026-04-01 13:30:28,491 [ERROR] LogOutputStream:75 - [STDERR_REDIRECT] [Fatal Error] :1:1: Premature end of file.
2026-04-01 13:30:28,491 [ERROR] LogOutputStream:75 - [STDERR_REDIRECT] 
2026-04-01 13:30:29,518 [ERROR] LogOutputStream:75 - [STDERR_REDIRECT] [Fatal Error] :1:1: Premature end of file.
2026-04-01 13:30:29,518 [ERROR] LogOutputStream:75 - [STDERR_REDIRECT] 
2026-04-01 13:30:30,490 [ERROR] LogOutputStream:75 - [STDERR_REDIRECT] [Fatal Error] :1:1: Premature end of file.
2026-04-01 13:30:30,490 [ERROR] LogOutputStream:75 - [STDERR_REDIRECT] 
2026-04-01 13:30:31,479 [ERROR] LogOutputStream:75 - [STDERR_REDIRECT] [Fatal Error] :1:1: Premature end of file.
2026-04-01 13:30:31,479 [ERROR] LogOutputStream:75 - [STDERR_REDIRECT] 
2026-04-01 13:30:32,470 [ERROR] LogOutputStream:75 - [STDERR_REDIRECT] [Fatal Error] :1:1: Premature end of file.
2026-04-01 13:30:32,471 [ERROR] LogOutputStream:75 - [STDERR_REDIRECT] 
2026-04-01 13:30:33,472 [ERROR] LogOutputStream:75 - [STDERR_REDIRECT] [Fatal Error] :1:1: Premature end of file.
2026-04-01 13:30:33,472 [ERROR] LogOutputStream:75 - [STDERR_REDIRECT] 
2026-04-01 13:30:34,460 [ERROR] LogOutputStream:75 - [STDERR_REDIRECT] [Fatal Error] :1:1: Premature end of file.
2026-04-01 13:30:34,461 [ERROR] LogOutputStream:75 - [STDERR_REDIRECT] 
2026-04-01 13:30:35,481 [ERROR] LogOutputStream:75 - [STDERR_REDIRECT] [Fatal Error] :1:1: Premature end of file.
2026-04-01 13:30:35,481 [ERROR] LogOutputStream:75 - [STDERR_REDIRECT] 
2026-04-01 13:30:36,471 [ERROR] LogOutputStream:75 - [STDERR_REDIRECT] [Fatal Error] :1:1: Premature end of file.
2026-04-01 13:30:36,471 [ERROR] LogOutputStream:75 - [STDERR_REDIRECT] 
2026-04-01 13:30:37,498 [ERROR] LogOutputStream:75 - [STDERR_REDIRECT] [Fatal Error] :1:1: Premature end of file.
2026-04-01 13:30:37,498 [ERROR] LogOutputStream:75 - [STDERR_REDIRECT] 
2026-04-01 13:30:38,455 [ERROR] LogOutputStream:75 - [STDERR_REDIRECT] [Fatal Error] :1:1: Premature end of file.
2026-04-01 13:30:38,455 [ERROR] LogOutputStream:75 - [STDERR_REDIRECT] 
2026-04-01 13:30:39,466 [ERROR] LogOutputStream:75 - [STDERR_REDIRECT] [Fatal Error] :1:1: Premature end of file.
2026-04-01 13:30:39,466 [ERROR] LogOutputStream:75 - [STDERR_REDIRECT] 
2026-04-01 13:30:40,504 [ERROR] LogOutputStream:75 - [STDERR_REDIRECT] [Fatal Error] :1:1: Premature end of file.
2026-04-01 13:30:40,504 [ERROR] LogOutputStream:75 - [STDERR_REDIRECT] 
2026-04-01 13:30:41,480 [ERROR] LogOutputStream:75 - [STDERR_REDIRECT] [Fatal Error] :1:1: Premature end of file.
2026-04-01 13:30:41,480 [ERROR] LogOutputStream:75 - [STDERR_REDIRECT] 
2026-04-01 13:30:42,464 [ERROR] LogOutputStream:75 - [STDERR_REDIRECT] [Fatal Error] :1:1: Premature end of file.
2026-04-01 13:30:42,464 [ERROR] LogOutputStream:75 - [STDERR_REDIRECT] 
2026-04-01 13:30:43,472 [ERROR] LogOutputStream:75 - [STDERR_REDIRECT] [Fatal Error] :1:1: Premature end of file.
2026-04-01 13:30:43,472 [ERROR] LogOutputStream:75 - [STDERR_REDIRECT] 
2026-04-01 13:30:44,471 [ERROR] LogOutputStream:75 - [STDERR_REDIRECT] [Fatal Error] :1:1: Premature end of file.
2026-04-01 13:30:44,471 [ERROR] LogOutputStream:75 - [STDERR_REDIRECT] 
2026-04-01 13:30:45,456 [ERROR] LogOutputStream:75 - [STDERR_REDIRECT] [Fatal Error] :1:1: Premature end of file.
2026-04-01 13:30:45,456 [ERROR] LogOutputStream:75 - [STDERR_REDIRECT] 
2026-04-01 13:30:46,451 [ERROR] LogOutputStream:75 - [STDERR_REDIRECT] [Fatal Error] :1:1: Premature end of file.
2026-04-01 13:30:46,452 [ERROR] LogOutputStream:75 - [STDERR_REDIRECT] 
2026-04-01 13:30:47,431 [ERROR] LogOutputStream:75 - [STDERR_REDIRECT] [Fatal Error] :1:1: Premature end of file.
2026-04-01 13:30:47,431 [ERROR] LogOutputStream:75 - [STDERR_REDIRECT] 
2026-04-01 13:30:48,430 [ERROR] LogOutputStream:75 - [STDERR_REDIRECT] [Fatal Error] :1:1: Premature end of file.
2026-04-01 13:30:48,431 [ERROR] LogOutputStream:75 - [STDERR_REDIRECT] 
2026-04-01 13:30:48,606 [INFO] WebApp:403 - JxBrowser engine has been closed 
2026-04-01 13:30:49,430 [ERROR] LogOutputStream:75 - [STDERR_REDIRECT] [Fatal Error] :1:1: Premature end of file.
2026-04-01 13:30:49,430 [ERROR] LogOutputStream:75 - [STDERR_REDIRECT] 
2026-04-01 13:30:50,430 [ERROR] LogOutputStream:75 - [STDERR_REDIRECT] [Fatal Error] :1:1: Premature end of file.
2026-04-01 13:30:50,431 [ERROR] LogOutputStream:75 - [STDERR_REDIRECT] 
2026-04-01 13:30:51,429 [ERROR] LogOutputStream:75 - [STDERR_REDIRECT] [Fatal Error] :1:1: Premature end of file.
2026-04-01 13:30:51,429 [ERROR] LogOutputStream:75 - [STDERR_REDIRECT] 
2026-04-01 13:30:52,428 [ERROR] LogOutputStream:75 - [STDERR_REDIRECT] [Fatal Error] :1:1: Premature end of file.
2026-04-01 13:30:52,428 [ERROR] LogOutputStream:75 - [STDERR_REDIRECT] 
2026-04-01 13:30:53,427 [ERROR] LogOutputStream:75 - [STDERR_REDIRECT] [Fatal Error] :1:1: Premature end of file.
2026-04-01 13:30:53,427 [ERROR] LogOutputStream:75 - [STDERR_REDIRECT] 
2026-04-01 13:30:54,429 [ERROR] LogOutputStream:75 - [STDERR_REDIRECT] [Fatal Error] :1:1: Premature end of file.
2026-04-01 13:30:54,429 [ERROR] LogOutputStream:75 - [STDERR_REDIRECT] 
2026-04-01 13:30:55,431 [ERROR] LogOutputStream:75 - [STDERR_REDIRECT] [Fatal Error] :1:1: Premature end of file.
2026-04-01 13:30:55,431 [ERROR] LogOutputStream:75 - [STDERR_REDIRECT] 
2026-04-01 13:30:56,428 [ERROR] LogOutputStream:75 - [STDERR_REDIRECT] [Fatal Error] :1:1: Premature end of file.
2026-04-01 13:30:56,428 [ERROR] LogOutputStream:75 - [STDERR_REDIRECT] 
2026-04-01 13:30:57,437 [ERROR] LogOutputStream:75 - [STDERR_REDIRECT] [Fatal Error] :1:1: Premature end of file.
2026-04-01 13:30:57,437 [ERROR] LogOutputStream:75 - [STDERR_REDIRECT] 
2026-04-01 13:30:58,429 [ERROR] LogOutputStream:75 - [STDERR_REDIRECT] [Fatal Error] :1:1: Premature end of file.
2026-04-01 13:30:58,429 [ERROR] LogOutputStream:75 - [STDERR_REDIRECT] 
2026-04-01 13:30:59,427 [ERROR] LogOutputStream:75 - [STDERR_REDIRECT] [Fatal Error] :1:1: Premature end of file.
2026-04-01 13:30:59,427 [ERROR] LogOutputStream:75 - [STDERR_REDIRECT] 
2026-04-01 13:31:00,430 [ERROR] LogOutputStream:75 - [STDERR_REDIRECT] [Fatal Error] :1:1: Premature end of file.
2026-04-01 13:31:00,430 [ERROR] LogOutputStream:75 - [STDERR_REDIRECT] 
2026-04-01 13:31:01,427 [ERROR] LogOutputStream:75 - [STDERR_REDIRECT] [Fatal Error] :1:1: Premature end of file.
2026-04-01 13:31:01,427 [ERROR] LogOutputStream:75 - [STDERR_REDIRECT] 
2026-04-01 13:31:02,427 [ERROR] LogOutputStream:75 - [STDERR_REDIRECT] [Fatal Error] :1:1: Premature end of file.
2026-04-01 13:31:02,427 [ERROR] LogOutputStream:75 - [STDERR_REDIRECT] 
2026-04-01 13:31:03,427 [ERROR] LogOutputStream:75 - [STDERR_REDIRECT] [Fatal Error] :1:1: Premature end of file.
2026-04-01 13:31:03,427 [ERROR] LogOutputStream:75 - [STDERR_REDIRECT] 
2026-04-01 13:31:04,426 [ERROR] LogOutputStream:75 - [STDERR_REDIRECT] [Fatal Error] :1:1: Premature end of file.
2026-04-01 13:31:04,427 [ERROR] LogOutputStream:75 - [STDERR_REDIRECT] 
2026-04-01 13:31:05,451 [ERROR] LogOutputStream:75 - [STDERR_REDIRECT] [Fatal Error] :1:1: Premature end of file.
2026-04-01 13:31:05,451 [ERROR] LogOutputStream:75 - [STDERR_REDIRECT] 
2026-04-01 13:31:06,441 [ERROR] LogOutputStream:75 - [STDERR_REDIRECT] [Fatal Error] :1:1: Premature end of file.
2026-04-01 13:31:06,441 [ERROR] LogOutputStream:75 - [STDERR_REDIRECT] 
2026-04-01 13:31:07,454 [ERROR] LogOutputStream:75 - [STDERR_REDIRECT] [Fatal Error] :1:1: Premature end of file.
2026-04-01 13:31:07,454 [ERROR] LogOutputStream:75 - [STDERR_REDIRECT] 
2026-04-01 13:31:08,427 [ERROR] LogOutputStream:75 - [STDERR_REDIRECT] [Fatal Error] :1:1: Premature end of file.
2026-04-01 13:31:08,427 [ERROR] LogOutputStream:75 - [STDERR_REDIRECT] 
2026-04-01 13:31:09,428 [ERROR] LogOutputStream:75 - [STDERR_REDIRECT] [Fatal Error] :1:1: Premature end of file.
2026-04-01 13:31:09,428 [ERROR] LogOutputStream:75 - [STDERR_REDIRECT] 
2026-04-01 13:31:10,428 [ERROR] LogOutputStream:75 - [STDERR_REDIRECT] [Fatal Error] :1:1: Premature end of file.
2026-04-01 13:31:10,428 [ERROR] LogOutputStream:75 - [STDERR_REDIRECT] 
2026-04-01 13:31:11,429 [ERROR] LogOutputStream:75 - [STDERR_REDIRECT] [Fatal Error] :1:1: Premature end of file.
2026-04-01 13:31:11,429 [ERROR] LogOutputStream:75 - [STDERR_REDIRECT] 
2026-04-01 13:31:12,452 [ERROR] LogOutputStream:75 - [STDERR_REDIRECT] [Fatal Error] :1:1: Premature end of file.
2026-04-01 13:31:12,452 [ERROR] LogOutputStream:75 - [STDERR_REDIRECT] 
2026-04-01 13:31:13,428 [ERROR] LogOutputStream:75 - [STDERR_REDIRECT] [Fatal Error] :1:1: Premature end of file.
2026-04-01 13:31:13,428 [ERROR] LogOutputStream:75 - [STDERR_REDIRECT] 
2026-04-01 13:31:14,427 [ERROR] LogOutputStream:75 - [STDERR_REDIRECT] [Fatal Error] :1:1: Premature end of file.
2026-04-01 13:31:14,427 [ERROR] LogOutputStream:75 - [STDERR_REDIRECT] 
2026-04-01 13:31:15,427 [ERROR] LogOutputStream:75 - [STDERR_REDIRECT] [Fatal Error] :1:1: Premature end of file.
2026-04-01 13:31:15,427 [ERROR] LogOutputStream:75 - [STDERR_REDIRECT] 
2026-04-01 13:31:16,427 [ERROR] LogOutputStream:75 - [STDERR_REDIRECT] [Fatal Error] :1:1: Premature end of file.
2026-04-01 13:31:16,427 [ERROR] LogOutputStream:75 - [STDERR_REDIRECT] 
2026-04-01 13:31:17,428 [ERROR] LogOutputStream:75 - [STDERR_REDIRECT] [Fatal Error] :1:1: Premature end of file.
2026-04-01 13:31:17,428 [ERROR] LogOutputStream:75 - [STDERR_REDIRECT] 
2026-04-01 13:31:18,427 [ERROR] LogOutputStream:75 - [STDERR_REDIRECT] [Fatal Error] :1:1: Premature end of file.
2026-04-01 13:31:18,427 [ERROR] LogOutputStream:75 - [STDERR_REDIRECT] 
2026-04-01 13:31:19,427 [ERROR] LogOutputStream:75 - [STDERR_REDIRECT] [Fatal Error] :1:1: Premature end of file.
2026-04-01 13:31:19,427 [ERROR] LogOutputStream:75 - [STDERR_REDIRECT] 
2026-04-01 13:31:20,426 [ERROR] LogOutputStream:75 - [STDERR_REDIRECT] [Fatal Error] :1:1: Premature end of file.
2026-04-01 13:31:20,427 [ERROR] LogOutputStream:75 - [STDERR_REDIRECT] 
2026-04-01 13:31:21,430 [ERROR] LogOutputStream:75 - [STDERR_REDIRECT] [Fatal Error] :1:1: Premature end of file.
2026-04-01 13:31:21,430 [ERROR] LogOutputStream:75 - [STDERR_REDIRECT] 
2026-04-01 13:31:22,433 [ERROR] LogOutputStream:75 - [STDERR_REDIRECT] [Fatal Error] :1:1: Premature end of file.
2026-04-01 13:31:22,433 [ERROR] LogOutputStream:75 - [STDERR_REDIRECT] 
2026-04-01 13:31:23,426 [ERROR] LogOutputStream:75 - [STDERR_REDIRECT] [Fatal Error] :1:1: Premature end of file.
2026-04-01 13:31:23,427 [ERROR] LogOutputStream:75 - [STDERR_REDIRECT] 
2026-04-01 13:31:24,427 [ERROR] LogOutputStream:75 - [STDERR_REDIRECT] [Fatal Error] :1:1: Premature end of file.
2026-04-01 13:31:24,427 [ERROR] LogOutputStream:75 - [STDERR_REDIRECT] 
2026-04-01 13:31:25,428 [ERROR] LogOutputStream:75 - [STDERR_REDIRECT] [Fatal Error] :1:1: Premature end of file.
2026-04-01 13:31:25,428 [ERROR] LogOutputStream:75 - [STDERR_REDIRECT] 
2026-04-01 13:31:26,428 [ERROR] LogOutputStream:75 - [STDERR_REDIRECT] [Fatal Error] :1:1: Premature end of file.
2026-04-01 13:31:26,428 [ERROR] LogOutputStream:75 - [STDERR_REDIRECT] 
2026-04-01 13:31:27,428 [ERROR] LogOutputStream:75 - [STDERR_REDIRECT] [Fatal Error] :1:1: Premature end of file.
2026-04-01 13:31:27,428 [ERROR] LogOutputStream:75 - [STDERR_REDIRECT] 
2026-04-01 13:31:28,427 [ERROR] LogOutputStream:75 - [STDERR_REDIRECT] [Fatal Error] :1:1: Premature end of file.
2026-04-01 13:31:28,427 [ERROR] LogOutputStream:75 - [STDERR_REDIRECT] 
2026-04-01 13:31:29,428 [ERROR] LogOutputStream:75 - [STDERR_REDIRECT] [Fatal Error] :1:1: Premature end of file.
2026-04-01 13:31:29,428 [ERROR] LogOutputStream:75 - [STDERR_REDIRECT] 
2026-04-01 13:31:30,427 [ERROR] LogOutputStream:75 - [STDERR_REDIRECT] [Fatal Error] :1:1: Premature end of file.
2026-04-01 13:31:30,427 [ERROR] LogOutputStream:75 - [STDERR_REDIRECT] 
2026-04-01 13:31:31,427 [ERROR] LogOutputStream:75 - [STDERR_REDIRECT] [Fatal Error] :1:1: Premature end of file.
2026-04-01 13:31:31,428 [ERROR] LogOutputStream:75 - [STDERR_REDIRECT] 
2026-04-01 13:31:32,426 [ERROR] LogOutputStream:75 - [STDERR_REDIRECT] [Fatal Error] :1:1: Premature end of file.
2026-04-01 13:31:32,427 [ERROR] LogOutputStream:75 - [STDERR_REDIRECT] 
2026-04-01 13:31:33,428 [ERROR] LogOutputStream:75 - [STDERR_REDIRECT] [Fatal Error] :1:1: Premature end of file.
2026-04-01 13:31:33,428 [ERROR] LogOutputStream:75 - [STDERR_REDIRECT] 
2026-04-01 13:31:34,427 [ERROR] LogOutputStream:75 - [STDERR_REDIRECT] [Fatal Error] :1:1: Premature end of file.
2026-04-01 13:31:34,427 [ERROR] LogOutputStream:75 - [STDERR_REDIRECT] 
2026-04-01 13:31:35,427 [ERROR] LogOutputStream:75 - [STDERR_REDIRECT] [Fatal Error] :1:1: Premature end of file.
2026-04-01 13:31:35,427 [ERROR] LogOutputStream:75 - [STDERR_REDIRECT] 
2026-04-01 13:31:36,433 [ERROR] LogOutputStream:75 - [STDERR_REDIRECT] [Fatal Error] :1:1: Premature end of file.
2026-04-01 13:31:36,433 [ERROR] LogOutputStream:75 - [STDERR_REDIRECT] 
2026-04-01 13:31:37,427 [ERROR] LogOutputStream:75 - [STDERR_REDIRECT] [Fatal Error] :1:1: Premature end of file.
2026-04-01 13:31:37,427 [ERROR] LogOutputStream:75 - [STDERR_REDIRECT] 
2026-04-01 13:31:38,427 [ERROR] LogOutputStream:75 - [STDERR_REDIRECT] [Fatal Error] :1:1: Premature end of file.
2026-04-01 13:31:38,427 [ERROR] LogOutputStream:75 - [STDERR_REDIRECT] 
2026-04-01 13:31:39,428 [ERROR] LogOutputStream:75 - [STDERR_REDIRECT] [Fatal Error] :1:1: Premature end of file.
2026-04-01 13:31:39,428 [ERROR] LogOutputStream:75 - [STDERR_REDIRECT] 
2026-04-01 13:31:40,426 [ERROR] LogOutputStream:75 - [STDERR_REDIRECT] [Fatal Error] :1:1: Premature end of file.
2026-04-01 13:31:40,426 [ERROR] LogOutputStream:75 - [STDERR_REDIRECT] 
2026-04-01 13:31:41,426 [ERROR] LogOutputStream:75 - [STDERR_REDIRECT] [Fatal Error] :1:1: Premature end of file.
2026-04-01 13:31:41,428 [ERROR] LogOutputStream:75 - [STDERR_REDIRECT] 
2026-04-01 13:31:42,428 [ERROR] LogOutputStream:75 - [STDERR_REDIRECT] [Fatal Error] :1:1: Premature end of file.
2026-04-01 13:31:42,428 [ERROR] LogOutputStream:75 - [STDERR_REDIRECT] 
2026-04-01 13:31:43,428 [ERROR] LogOutputStream:75 - [STDERR_REDIRECT] [Fatal Error] :1:1: Premature end of file.
2026-04-01 13:31:43,428 [ERROR] LogOutputStream:75 - [STDERR_REDIRECT] 
2026-04-01 13:31:44,427 [ERROR] LogOutputStream:75 - [STDERR_REDIRECT] [Fatal Error] :1:1: Premature end of file.
2026-04-01 13:31:44,427 [ERROR] LogOutputStream:75 - [STDERR_REDIRECT] 
2026-04-01 13:31:45,427 [ERROR] LogOutputStream:75 - [STDERR_REDIRECT] [Fatal Error] :1:1: Premature end of file.
2026-04-01 13:31:45,428 [ERROR] LogOutputStream:75 - [STDERR_REDIRECT] 
2026-04-01 13:31:46,428 [ERROR] LogOutputStream:75 - [STDERR_REDIRECT] [Fatal Error] :1:1: Premature end of file.
2026-04-01 13:31:46,428 [ERROR] LogOutputStream:75 - [STDERR_REDIRECT] 
2026-04-01 13:31:47,429 [ERROR] LogOutputStream:75 - [STDERR_REDIRECT] [Fatal Error] :1:1: Premature end of file.
2026-04-01 13:31:47,429 [ERROR] LogOutputStream:75 - [STDERR_REDIRECT] 
2026-04-01 13:31:48,427 [ERROR] LogOutputStream:75 - [STDERR_REDIRECT] [Fatal Error] :1:1: Premature end of file.
2026-04-01 13:31:48,427 [ERROR] LogOutputStream:75 - [STDERR_REDIRECT] 
2026-04-01 13:31:49,428 [ERROR] LogOutputStream:75 - [STDERR_REDIRECT] [Fatal Error] :1:1: Premature end of file.
2026-04-01 13:31:49,428 [ERROR] LogOutputStream:75 - [STDERR_REDIRECT] 
2026-04-01 13:31:50,429 [ERROR] LogOutputStream:75 - [STDERR_REDIRECT] [Fatal Error] :1:1: Premature end of file.
2026-04-01 13:31:50,429 [ERROR] LogOutputStream:75 - [STDERR_REDIRECT] 
2026-04-01 13:31:52,690 [ERROR] LogOutputStream:75 - [STDERR_REDIRECT] [Fatal Error] :1:1: Premature end of file.
2026-04-01 13:31:52,691 [ERROR] LogOutputStream:75 - [STDERR_REDIRECT] 
2026-04-01 13:31:52,868 [ERROR] LogOutputStream:75 - [STDERR_REDIRECT] [Fatal Error] :1:1: Premature end of file.
2026-04-01 13:31:52,868 [ERROR] LogOutputStream:75 - [STDERR_REDIRECT] 
2026-04-01 13:31:53,474 [ERROR] LogOutputStream:75 - [STDERR_REDIRECT] [Fatal Error] :1:1: Premature end of file.
2026-04-01 13:31:53,475 [ERROR] LogOutputStream:75 - [STDERR_REDIRECT] 
2026-04-01 13:31:54,469 [ERROR] LogOutputStream:75 - [STDERR_REDIRECT] [Fatal Error] :1:1: Premature end of file.
2026-04-01 13:31:54,469 [ERROR] LogOutputStream:75 - [STDERR_REDIRECT] 
2026-04-01 13:31:55,461 [ERROR] LogOutputStream:75 - [STDERR_REDIRECT] [Fatal Error] :1:1: Premature end of file.
2026-04-01 13:31:55,462 [ERROR] LogOutputStream:75 - [STDERR_REDIRECT] 
2026-04-01 13:31:56,464 [ERROR] LogOutputStream:75 - [STDERR_REDIRECT] [Fatal Error] :1:1: Premature end of file.
2026-04-01 13:31:56,464 [ERROR] LogOutputStream:75 - [STDERR_REDIRECT] 
2026-04-01 13:31:57,468 [ERROR] LogOutputStream:75 - [STDERR_REDIRECT] [Fatal Error] :1:1: Premature end of file.
2026-04-01 13:31:57,472 [ERROR] LogOutputStream:75 - [STDERR_REDIRECT] 
2026-04-01 13:31:58,464 [ERROR] LogOutputStream:75 - [STDERR_REDIRECT] [Fatal Error] :1:1: Premature end of file.
2026-04-01 13:31:58,464 [ERROR] LogOutputStream:75 - [STDERR_REDIRECT] 
2026-04-01 13:31:59,467 [ERROR] LogOutputStream:75 - [STDERR_REDIRECT] [Fatal Error] :1:1: Premature end of file.
2026-04-01 13:31:59,467 [ERROR] LogOutputStream:75 - [STDERR_REDIRECT] 
2026-04-01 13:32:00,472 [ERROR] LogOutputStream:75 - [STDERR_REDIRECT] [Fatal Error] :1:1: Premature end of file.
2026-04-01 13:32:00,472 [ERROR] LogOutputStream:75 - [STDERR_REDIRECT] 
2026-04-01 13:32:01,465 [ERROR] LogOutputStream:75 - [STDERR_REDIRECT] [Fatal Error] :1:1: Premature end of file.
2026-04-01 13:32:01,465 [ERROR] LogOutputStream:75 - [STDERR_REDIRECT] 
2026-04-01 13:32:02,463 [ERROR] LogOutputStream:75 - [STDERR_REDIRECT] [Fatal Error] :1:1: Premature end of file.
2026-04-01 13:32:02,463 [ERROR] LogOutputStream:75 - [STDERR_REDIRECT] 
2026-04-01 13:32:03,463 [ERROR] LogOutputStream:75 - [STDERR_REDIRECT] [Fatal Error] :1:1: Premature end of file.
2026-04-01 13:32:03,463 [ERROR] LogOutputStream:75 - [STDERR_REDIRECT] 
2026-04-01 13:32:04,470 [ERROR] LogOutputStream:75 - [STDERR_REDIRECT] [Fatal Error] :1:1: Premature end of file.
2026-04-01 13:32:04,470 [ERROR] LogOutputStream:75 - [STDERR_REDIRECT] 
2026-04-01 13:32:05,462 [ERROR] LogOutputStream:75 - [STDERR_REDIRECT] [Fatal Error] :1:1: Premature end of file.
2026-04-01 13:32:05,462 [ERROR] LogOutputStream:75 - [STDERR_REDIRECT] 
2026-04-01 13:32:06,617 [ERROR] LogOutputStream:75 - [STDERR_REDIRECT] [Fatal Error] :1:1: Premature end of file.
2026-04-01 13:32:06,618 [ERROR] LogOutputStream:75 - [STDERR_REDIRECT] 
2026-04-01 13:32:07,472 [ERROR] LogOutputStream:75 - [STDERR_REDIRECT] [Fatal Error] :1:1: Premature end of file.
2026-04-01 13:32:07,473 [ERROR] LogOutputStream:75 - [STDERR_REDIRECT] 
2026-04-01 13:32:08,465 [ERROR] LogOutputStream:75 - [STDERR_REDIRECT] [Fatal Error] :1:1: Premature end of file.
2026-04-01 13:32:08,466 [ERROR] LogOutputStream:75 - [STDERR_REDIRECT] 
2026-04-01 13:32:09,460 [ERROR] LogOutputStream:75 - [STDERR_REDIRECT] [Fatal Error] :1:1: Premature end of file.
2026-04-01 13:32:09,460 [ERROR] LogOutputStream:75 - [STDERR_REDIRECT] 
2026-04-01 13:32:10,469 [ERROR] LogOutputStream:75 - [STDERR_REDIRECT] [Fatal Error] :1:1: Premature end of file.
2026-04-01 13:32:10,469 [ERROR] LogOutputStream:75 - [STDERR_REDIRECT] 
2026-04-01 13:32:11,464 [ERROR] LogOutputStream:75 - [STDERR_REDIRECT] [Fatal Error] :1:1: Premature end of file.
2026-04-01 13:32:11,464 [ERROR] LogOutputStream:75 - [STDERR_REDIRECT] 
2026-04-01 13:32:12,549 [ERROR] LogOutputStream:75 - [STDERR_REDIRECT] [Fatal Error] :1:1: Premature end of file.
2026-04-01 13:32:12,551 [ERROR] LogOutputStream:75 - [STDERR_REDIRECT] 
2026-04-01 13:32:13,466 [ERROR] LogOutputStream:75 - [STDERR_REDIRECT] [Fatal Error] :1:1: Premature end of file.
2026-04-01 13:32:13,466 [ERROR] LogOutputStream:75 - [STDERR_REDIRECT] 
2026-04-01 13:32:14,468 [ERROR] LogOutputStream:75 - [STDERR_REDIRECT] [Fatal Error] :1:1: Premature end of file.
2026-04-01 13:32:14,468 [ERROR] LogOutputStream:75 - [STDERR_REDIRECT] 
2026-04-01 13:32:15,473 [ERROR] LogOutputStream:75 - [STDERR_REDIRECT] [Fatal Error] :1:1: Premature end of file.
2026-04-01 13:32:15,474 [ERROR] LogOutputStream:75 - [STDERR_REDIRECT] 
2026-04-01 13:32:16,469 [ERROR] LogOutputStream:75 - [STDERR_REDIRECT] [Fatal Error] :1:1: Premature end of file.
2026-04-01 13:32:16,469 [ERROR] LogOutputStream:75 - [STDERR_REDIRECT] 
2026-04-01 13:32:17,465 [ERROR] LogOutputStream:75 - [STDERR_REDIRECT] [Fatal Error] :1:1: Premature end of file.
2026-04-01 13:32:17,466 [ERROR] LogOutputStream:75 - [STDERR_REDIRECT] 
2026-04-01 13:32:18,472 [ERROR] LogOutputStream:75 - [STDERR_REDIRECT] [Fatal Error] :1:1: Premature end of file.
2026-04-01 13:32:18,472 [ERROR] LogOutputStream:75 - [STDERR_REDIRECT] 
2026-04-01 13:32:19,473 [ERROR] LogOutputStream:75 - [STDERR_REDIRECT] [Fatal Error] :1:1: Premature end of file.
2026-04-01 13:32:19,474 [ERROR] LogOutputStream:75 - [STDERR_REDIRECT] 
2026-04-01 13:32:20,468 [ERROR] LogOutputStream:75 - [STDERR_REDIRECT] [Fatal Error] :1:1: Premature end of file.
2026-04-01 13:32:20,468 [ERROR] LogOutputStream:75 - [STDERR_REDIRECT] 
2026-04-01 13:32:21,466 [ERROR] LogOutputStream:75 - [STDERR_REDIRECT] [Fatal Error] :1:1: Premature end of file.
2026-04-01 13:32:21,468 [ERROR] LogOutputStream:75 - [STDERR_REDIRECT] 
2026-04-01 13:32:22,467 [ERROR] LogOutputStream:75 - [STDERR_REDIRECT] [Fatal Error] :1:1: Premature end of file.
2026-04-01 13:32:22,467 [ERROR] LogOutputStream:75 - [STDERR_REDIRECT] 
2026-04-01 13:32:23,477 [ERROR] LogOutputStream:75 - [STDERR_REDIRECT] [Fatal Error] :1:1: Premature end of file.
2026-04-01 13:32:23,477 [ERROR] LogOutputStream:75 - [STDERR_REDIRECT] 
2026-04-01 13:32:24,476 [ERROR] LogOutputStream:75 - [STDERR_REDIRECT] [Fatal Error] :1:1: Premature end of file.
2026-04-01 13:32:24,476 [ERROR] LogOutputStream:75 - [STDERR_REDIRECT] 
2026-04-01 13:32:25,473 [ERROR] LogOutputStream:75 - [STDERR_REDIRECT] [Fatal Error] :1:1: Premature end of file.
2026-04-01 13:32:25,473 [ERROR] LogOutputStream:75 - [STDERR_REDIRECT] 
2026-04-01 13:32:26,472 [ERROR] LogOutputStream:75 - [STDERR_REDIRECT] [Fatal Error] :1:1: Premature end of file.
2026-04-01 13:32:26,472 [ERROR] LogOutputStream:75 - [STDERR_REDIRECT] 
2026-04-01 13:32:27,468 [ERROR] LogOutputStream:75 - [STDERR_REDIRECT] [Fatal Error] :1:1: Premature end of file.
2026-04-01 13:32:27,468 [ERROR] LogOutputStream:75 - [STDERR_REDIRECT] 
2026-04-01 13:32:28,476 [ERROR] LogOutputStream:75 - [STDERR_REDIRECT] [Fatal Error] :1:1: Premature end of file.
2026-04-01 13:32:28,477 [ERROR] LogOutputStream:75 - [STDERR_REDIRECT] 
2026-04-01 13:32:29,479 [ERROR] LogOutputStream:75 - [STDERR_REDIRECT] [Fatal Error] :1:1: Premature end of file.
2026-04-01 13:32:29,479 [ERROR] LogOutputStream:75 - [STDERR_REDIRECT] 
2026-04-01 13:32:30,475 [ERROR] LogOutputStream:75 - [STDERR_REDIRECT] [Fatal Error] :1:1: Premature end of file.
2026-04-01 13:32:30,475 [ERROR] LogOutputStream:75 - [STDERR_REDIRECT] 
2026-04-01 13:32:31,482 [ERROR] LogOutputStream:75 - [STDERR_REDIRECT] [Fatal Error] :1:1: Premature end of file.
2026-04-01 13:32:31,482 [ERROR] LogOutputStream:75 - [STDERR_REDIRECT] 
2026-04-01 13:32:32,475 [ERROR] LogOutputStream:75 - [STDERR_REDIRECT] [Fatal Error] :1:1: Premature end of file.
2026-04-01 13:32:32,475 [ERROR] LogOutputStream:75 - [STDERR_REDIRECT] 
2026-04-01 13:32:33,471 [ERROR] LogOutputStream:75 - [STDERR_REDIRECT] [Fatal Error] :1:1: Premature end of file.
2026-04-01 13:32:33,471 [ERROR] LogOutputStream:75 - [STDERR_REDIRECT] 
2026-04-01 13:32:34,470 [ERROR] LogOutputStream:75 - [STDERR_REDIRECT] [Fatal Error] :1:1: Premature end of file.
2026-04-01 13:32:34,470 [ERROR] LogOutputStream:75 - [STDERR_REDIRECT] 
2026-04-01 13:32:35,479 [ERROR] LogOutputStream:75 - [STDERR_REDIRECT] [Fatal Error] :1:1: Premature end of file.
2026-04-01 13:32:35,479 [ERROR] LogOutputStream:75 - [STDERR_REDIRECT] 
2026-04-01 13:32:36,467 [ERROR] LogOutputStream:75 - [STDERR_REDIRECT] [Fatal Error] :1:1: Premature end of file.
2026-04-01 13:32:36,468 [ERROR] LogOutputStream:75 - [STDERR_REDIRECT] 
2026-04-01 13:32:37,471 [ERROR] LogOutputStream:75 - [STDERR_REDIRECT] [Fatal Error] :1:1: Premature end of file.
2026-04-01 13:32:37,471 [ERROR] LogOutputStream:75 - [STDERR_REDIRECT] 
2026-04-01 13:32:38,463 [ERROR] LogOutputStream:75 - [STDERR_REDIRECT] [Fatal Error] :1:1: Premature end of file.
2026-04-01 13:32:38,463 [ERROR] LogOutputStream:75 - [STDERR_REDIRECT] 
2026-04-01 13:32:39,464 [ERROR] LogOutputStream:75 - [STDERR_REDIRECT] [Fatal Error] :1:1: Premature end of file.
2026-04-01 13:32:39,464 [ERROR] LogOutputStream:75 - [STDERR_REDIRECT] 
2026-04-01 13:32:40,469 [ERROR] LogOutputStream:75 - [STDERR_REDIRECT] [Fatal Error] :1:1: Premature end of file.
2026-04-01 13:32:40,470 [ERROR] LogOutputStream:75 - [STDERR_REDIRECT] 
2026-04-01 13:32:41,469 [ERROR] LogOutputStream:75 - [STDERR_REDIRECT] [Fatal Error] :1:1: Premature end of file.
2026-04-01 13:32:41,469 [ERROR] LogOutputStream:75 - [STDERR_REDIRECT] 
2026-04-01 13:32:42,466 [ERROR] LogOutputStream:75 - [STDERR_REDIRECT] [Fatal Error] :1:1: Premature end of file.
2026-04-01 13:32:42,466 [ERROR] LogOutputStream:75 - [STDERR_REDIRECT] 
2026-04-01 13:32:43,472 [ERROR] LogOutputStream:75 - [STDERR_REDIRECT] [Fatal Error] :1:1: Premature end of file.
2026-04-01 13:32:43,473 [ERROR] LogOutputStream:75 - [STDERR_REDIRECT] 
2026-04-01 13:32:44,473 [ERROR] LogOutputStream:75 - [STDERR_REDIRECT] [Fatal Error] :1:1: Premature end of file.
2026-04-01 13:32:44,474 [ERROR] LogOutputStream:75 - [STDERR_REDIRECT] 
2026-04-01 13:32:45,469 [ERROR] LogOutputStream:75 - [STDERR_REDIRECT] [Fatal Error] :1:1: Premature end of file.
2026-04-01 13:32:45,469 [ERROR] LogOutputStream:75 - [STDERR_REDIRECT] 
2026-04-01 13:32:46,474 [ERROR] LogOutputStream:75 - [STDERR_REDIRECT] [Fatal Error] :1:1: Premature end of file.
2026-04-01 13:32:46,474 [ERROR] LogOutputStream:75 - [STDERR_REDIRECT] 
2026-04-01 13:32:47,467 [ERROR] LogOutputStream:75 - [STDERR_REDIRECT] [Fatal Error] :1:1: Premature end of file.
2026-04-01 13:32:47,468 [ERROR] LogOutputStream:75 - [STDERR_REDIRECT] 
2026-04-01 13:32:48,468 [ERROR] LogOutputStream:75 - [STDERR_REDIRECT] [Fatal Error] :1:1: Premature end of file.
2026-04-01 13:32:48,468 [ERROR] LogOutputStream:75 - [STDERR_REDIRECT] 
2026-04-01 13:32:49,470 [ERROR] LogOutputStream:75 - [STDERR_REDIRECT] [Fatal Error] :1:1: Premature end of file.
2026-04-01 13:32:49,470 [ERROR] LogOutputStream:75 - [STDERR_REDIRECT] 
2026-04-01 13:32:50,465 [ERROR] LogOutputStream:75 - [STDERR_REDIRECT] [Fatal Error] :1:1: Premature end of file.
2026-04-01 13:32:50,466 [ERROR] LogOutputStream:75 - [STDERR_REDIRECT] 
2026-04-01 13:32:51,470 [ERROR] LogOutputStream:75 - [STDERR_REDIRECT] [Fatal Error] :1:1: Premature end of file.
2026-04-01 13:32:51,470 [ERROR] LogOutputStream:75 - [STDERR_REDIRECT] 
2026-04-01 13:32:52,469 [ERROR] LogOutputStream:75 - [STDERR_REDIRECT] [Fatal Error] :1:1: Premature end of file.
2026-04-01 13:32:52,469 [ERROR] LogOutputStream:75 - [STDERR_REDIRECT] 
2026-04-01 13:32:53,467 [ERROR] LogOutputStream:75 - [STDERR_REDIRECT] [Fatal Error] :1:1: Premature end of file.
2026-04-01 13:32:53,467 [ERROR] LogOutputStream:75 - [STDERR_REDIRECT] 
2026-04-01 13:32:54,471 [ERROR] LogOutputStream:75 - [STDERR_REDIRECT] [Fatal Error] :1:1: Premature end of file.
2026-04-01 13:32:54,471 [ERROR] LogOutputStream:75 - [STDERR_REDIRECT] 
2026-04-01 13:32:55,468 [ERROR] LogOutputStream:75 - [STDERR_REDIRECT] [Fatal Error] :1:1: Premature end of file.
2026-04-01 13:32:55,469 [ERROR] LogOutputStream:75 - [STDERR_REDIRECT] 
2026-04-01 13:32:56,463 [ERROR] LogOutputStream:75 - [STDERR_REDIRECT] [Fatal Error] :1:1: Premature end of file.
2026-04-01 13:32:56,463 [ERROR] LogOutputStream:75 - [STDERR_REDIRECT] 
2026-04-01 13:32:57,464 [ERROR] LogOutputStream:75 - [STDERR_REDIRECT] [Fatal Error] :1:1: Premature end of file.
2026-04-01 13:32:57,465 [ERROR] LogOutputStream:75 - [STDERR_REDIRECT] 
2026-04-01 13:32:58,465 [ERROR] LogOutputStream:75 - [STDERR_REDIRECT] [Fatal Error] :1:1: Premature end of file.
2026-04-01 13:32:58,466 [ERROR] LogOutputStream:75 - [STDERR_REDIRECT] 
2026-04-01 13:32:59,470 [ERROR] LogOutputStream:75 - [STDERR_REDIRECT] [Fatal Error] :1:1: Premature end of file.
2026-04-01 13:32:59,470 [ERROR] LogOutputStream:75 - [STDERR_REDIRECT] 
2026-04-01 13:33:00,462 [ERROR] LogOutputStream:75 - [STDERR_REDIRECT] [Fatal Error] :1:1: Premature end of file.
2026-04-01 13:33:00,462 [ERROR] LogOutputStream:75 - [STDERR_REDIRECT] 
2026-04-01 13:33:01,465 [ERROR] LogOutputStream:75 - [STDERR_REDIRECT] [Fatal Error] :1:1: Premature end of file.
2026-04-01 13:33:01,465 [ERROR] LogOutputStream:75 - [STDERR_REDIRECT] 
2026-04-01 13:33:02,469 [ERROR] LogOutputStream:75 - [STDERR_REDIRECT] [Fatal Error] :1:1: Premature end of file.
2026-04-01 13:33:02,469 [ERROR] LogOutputStream:75 - [STDERR_REDIRECT] 
2026-04-01 13:33:03,469 [ERROR] LogOutputStream:75 - [STDERR_REDIRECT] [Fatal Error] :1:1: Premature end of file.
2026-04-01 13:33:03,470 [ERROR] LogOutputStream:75 - [STDERR_REDIRECT] 
2026-04-01 13:33:04,466 [ERROR] LogOutputStream:75 - [STDERR_REDIRECT] [Fatal Error] :1:1: Premature end of file.
2026-04-01 13:33:04,466 [ERROR] LogOutputStream:75 - [STDERR_REDIRECT] 
2026-04-01 13:33:05,464 [ERROR] LogOutputStream:75 - [STDERR_REDIRECT] [Fatal Error] :1:1: Premature end of file.
2026-04-01 13:33:05,464 [ERROR] LogOutputStream:75 - [STDERR_REDIRECT] 
2026-04-01 13:33:06,465 [ERROR] LogOutputStream:75 - [STDERR_REDIRECT] [Fatal Error] :1:1: Premature end of file.
2026-04-01 13:33:06,466 [ERROR] LogOutputStream:75 - [STDERR_REDIRECT] 
2026-04-01 13:33:07,465 [ERROR] LogOutputStream:75 - [STDERR_REDIRECT] [Fatal Error] :1:1: Premature end of file.
2026-04-01 13:33:07,466 [ERROR] LogOutputStream:75 - [STDERR_REDIRECT] 
2026-04-01 13:33:08,471 [ERROR] LogOutputStream:75 - [STDERR_REDIRECT] [Fatal Error] :1:1: Premature end of file.
2026-04-01 13:33:08,472 [ERROR] LogOutputStream:75 - [STDERR_REDIRECT] 
2026-04-01 13:33:09,469 [ERROR] LogOutputStream:75 - [STDERR_REDIRECT] [Fatal Error] :1:1: Premature end of file.
2026-04-01 13:33:09,469 [ERROR] LogOutputStream:75 - [STDERR_REDIRECT] 
2026-04-01 13:33:10,476 [ERROR] LogOutputStream:75 - [STDERR_REDIRECT] [Fatal Error] :1:1: Premature end of file.
2026-04-01 13:33:10,476 [ERROR] LogOutputStream:75 - [STDERR_REDIRECT] 
2026-04-01 13:33:11,470 [ERROR] LogOutputStream:75 - [STDERR_REDIRECT] [Fatal Error] :1:1: Premature end of file.
2026-04-01 13:33:11,471 [ERROR] LogOutputStream:75 - [STDERR_REDIRECT] 
2026-04-01 13:33:12,465 [ERROR] LogOutputStream:75 - [STDERR_REDIRECT] [Fatal Error] :1:1: Premature end of file.
2026-04-01 13:33:12,465 [ERROR] LogOutputStream:75 - [STDERR_REDIRECT] 
2026-04-01 13:33:13,469 [ERROR] LogOutputStream:75 - [STDERR_REDIRECT] [Fatal Error] :1:1: Premature end of file.
2026-04-01 13:33:13,469 [ERROR] LogOutputStream:75 - [STDERR_REDIRECT] 
2026-04-01 13:33:14,464 [ERROR] LogOutputStream:75 - [STDERR_REDIRECT] [Fatal Error] :1:1: Premature end of file.
2026-04-01 13:33:14,464 [ERROR] LogOutputStream:75 - [STDERR_REDIRECT] 
2026-04-01 13:33:15,469 [ERROR] LogOutputStream:75 - [STDERR_REDIRECT] [Fatal Error] :1:1: Premature end of file.
2026-04-01 13:33:15,470 [ERROR] LogOutputStream:75 - [STDERR_REDIRECT] 
2026-04-01 13:33:16,465 [ERROR] LogOutputStream:75 - [STDERR_REDIRECT] [Fatal Error] :1:1: Premature end of file.
2026-04-01 13:33:16,466 [ERROR] LogOutputStream:75 - [STDERR_REDIRECT] 
2026-04-01 13:33:17,464 [ERROR] LogOutputStream:75 - [STDERR_REDIRECT] [Fatal Error] :1:1: Premature end of file.
2026-04-01 13:33:17,464 [ERROR] LogOutputStream:75 - [STDERR_REDIRECT] 
2026-04-01 13:33:18,469 [ERROR] LogOutputStream:75 - [STDERR_REDIRECT] [Fatal Error] :1:1: Premature end of file.
2026-04-01 13:33:18,469 [ERROR] LogOutputStream:75 - [STDERR_REDIRECT] 
2026-04-01 13:33:19,464 [ERROR] LogOutputStream:75 - [STDERR_REDIRECT] [Fatal Error] :1:1: Premature end of file.
2026-04-01 13:33:19,464 [ERROR] LogOutputStream:75 - [STDERR_REDIRECT] 
2026-04-01 13:33:20,460 [ERROR] LogOutputStream:75 - [STDERR_REDIRECT] [Fatal Error] :1:1: Premature end of file.
2026-04-01 13:33:20,461 [ERROR] LogOutputStream:75 - [STDERR_REDIRECT] 
2026-04-01 13:33:21,462 [ERROR] LogOutputStream:75 - [STDERR_REDIRECT] [Fatal Error] :1:1: Premature end of file.
2026-04-01 13:33:21,463 [ERROR] LogOutputStream:75 - [STDERR_REDIRECT] 
2026-04-01 13:33:22,464 [ERROR] LogOutputStream:75 - [STDERR_REDIRECT] [Fatal Error] :1:1: Premature end of file.
2026-04-01 13:33:22,464 [ERROR] LogOutputStream:75 - [STDERR_REDIRECT] 
2026-04-01 13:33:23,481 [ERROR] LogOutputStream:75 - [STDERR_REDIRECT] [Fatal Error] :1:1: Premature end of file.
2026-04-01 13:33:23,481 [ERROR] LogOutputStream:75 - [STDERR_REDIRECT] 
2026-04-01 13:33:24,466 [ERROR] LogOutputStream:75 - [STDERR_REDIRECT] [Fatal Error] :1:1: Premature end of file.
2026-04-01 13:33:24,467 [ERROR] LogOutputStream:75 - [STDERR_REDIRECT] 
2026-04-01 13:33:25,462 [ERROR] LogOutputStream:75 - [STDERR_REDIRECT] [Fatal Error] :1:1: Premature end of file.
2026-04-01 13:33:25,462 [ERROR] LogOutputStream:75 - [STDERR_REDIRECT] 
2026-04-01 13:33:26,460 [ERROR] LogOutputStream:75 - [STDERR_REDIRECT] [Fatal Error] :1:1: Premature end of file.
2026-04-01 13:33:26,461 [ERROR] LogOutputStream:75 - [STDERR_REDIRECT] 
2026-04-01 13:33:27,464 [ERROR] LogOutputStream:75 - [STDERR_REDIRECT] [Fatal Error] :1:1: Premature end of file.
2026-04-01 13:33:27,464 [ERROR] LogOutputStream:75 - [STDERR_REDIRECT] 
2026-04-01 13:33:28,463 [ERROR] LogOutputStream:75 - [STDERR_REDIRECT] [Fatal Error] :1:1: Premature end of file.
2026-04-01 13:33:28,463 [ERROR] LogOutputStream:75 - [STDERR_REDIRECT] 
2026-04-01 13:33:29,462 [ERROR] LogOutputStream:75 - [STDERR_REDIRECT] [Fatal Error] :1:1: Premature end of file.
2026-04-01 13:33:29,462 [ERROR] LogOutputStream:75 - [STDERR_REDIRECT] 
2026-04-01 13:33:30,468 [ERROR] LogOutputStream:75 - [STDERR_REDIRECT] [Fatal Error] :1:1: Premature end of file.
2026-04-01 13:33:30,469 [ERROR] LogOutputStream:75 - [STDERR_REDIRECT] 
2026-04-01 13:33:31,499 [ERROR] LogOutputStream:75 - [STDERR_REDIRECT] [Fatal Error] :1:1: Premature end of file.
2026-04-01 13:33:31,500 [ERROR] LogOutputStream:75 - [STDERR_REDIRECT] 
2026-04-01 13:33:32,466 [ERROR] LogOutputStream:75 - [STDERR_REDIRECT] [Fatal Error] :1:1: Premature end of file.
2026-04-01 13:33:32,466 [ERROR] LogOutputStream:75 - [STDERR_REDIRECT] 
2026-04-01 13:33:33,471 [ERROR] LogOutputStream:75 - [STDERR_REDIRECT] [Fatal Error] :1:1: Premature end of file.
2026-04-01 13:33:33,471 [ERROR] LogOutputStream:75 - [STDERR_REDIRECT] 
2026-04-01 13:33:34,466 [ERROR] LogOutputStream:75 - [STDERR_REDIRECT] [Fatal Error] :1:1: Premature end of file.
2026-04-01 13:33:34,466 [ERROR] LogOutputStream:75 - [STDERR_REDIRECT] 
2026-04-01 13:33:35,463 [ERROR] LogOutputStream:75 - [STDERR_REDIRECT] [Fatal Error] :1:1: Premature end of file.
2026-04-01 13:33:35,463 [ERROR] LogOutputStream:75 - [STDERR_REDIRECT] 
2026-04-01 13:33:36,472 [ERROR] LogOutputStream:75 - [STDERR_REDIRECT] [Fatal Error] :1:1: Premature end of file.
2026-04-01 13:33:36,473 [ERROR] LogOutputStream:75 - [STDERR_REDIRECT] 
2026-04-01 13:33:37,466 [ERROR] LogOutputStream:75 - [STDERR_REDIRECT] [Fatal Error] :1:1: Premature end of file.
2026-04-01 13:33:37,466 [ERROR] LogOutputStream:75 - [STDERR_REDIRECT] 
2026-04-01 13:33:38,464 [ERROR] LogOutputStream:75 - [STDERR_REDIRECT] [Fatal Error] :1:1: Premature end of file.
2026-04-01 13:33:38,464 [ERROR] LogOutputStream:75 - [STDERR_REDIRECT] 
2026-04-01 13:33:39,466 [ERROR] LogOutputStream:75 - [STDERR_REDIRECT] [Fatal Error] :1:1: Premature end of file.
2026-04-01 13:33:39,466 [ERROR] LogOutputStream:75 - [STDERR_REDIRECT] 
2026-04-01 13:33:40,468 [ERROR] LogOutputStream:75 - [STDERR_REDIRECT] [Fatal Error] :1:1: Premature end of file.
2026-04-01 13:33:40,468 [ERROR] LogOutputStream:75 - [STDERR_REDIRECT] 
2026-04-01 13:33:41,467 [ERROR] LogOutputStream:75 - [STDERR_REDIRECT] [Fatal Error] :1:1: Premature end of file.
2026-04-01 13:33:41,467 [ERROR] LogOutputStream:75 - [STDERR_REDIRECT] 
2026-04-01 13:33:42,467 [ERROR] LogOutputStream:75 - [STDERR_REDIRECT] [Fatal Error] :1:1: Premature end of file.
2026-04-01 13:33:42,467 [ERROR] LogOutputStream:75 - [STDERR_REDIRECT] 
2026-04-01 13:33:43,467 [ERROR] LogOutputStream:75 - [STDERR_REDIRECT] [Fatal Error] :1:1: Premature end of file.
2026-04-01 13:33:43,467 [ERROR] LogOutputStream:75 - [STDERR_REDIRECT] 
2026-04-01 13:33:44,465 [ERROR] LogOutputStream:75 - [STDERR_REDIRECT] [Fatal Error] :1:1: Premature end of file.
2026-04-01 13:33:44,465 [ERROR] LogOutputStream:75 - [STDERR_REDIRECT] 
2026-04-01 13:33:45,466 [ERROR] LogOutputStream:75 - [STDERR_REDIRECT] [Fatal Error] :1:1: Premature end of file.
2026-04-01 13:33:45,467 [ERROR] LogOutputStream:75 - [STDERR_REDIRECT] 
2026-04-01 13:33:46,469 [ERROR] LogOutputStream:75 - [STDERR_REDIRECT] [Fatal Error] :1:1: Premature end of file.
2026-04-01 13:33:46,469 [ERROR] LogOutputStream:75 - [STDERR_REDIRECT] 
2026-04-01 13:33:47,467 [ERROR] LogOutputStream:75 - [STDERR_REDIRECT] [Fatal Error] :1:1: Premature end of file.
2026-04-01 13:33:47,467 [ERROR] LogOutputStream:75 - [STDERR_REDIRECT] 
2026-04-01 13:33:48,469 [ERROR] LogOutputStream:75 - [STDERR_REDIRECT] [Fatal Error] :1:1: Premature end of file.
2026-04-01 13:33:48,470 [ERROR] LogOutputStream:75 - [STDERR_REDIRECT] 
2026-04-01 13:33:49,466 [ERROR] LogOutputStream:75 - [STDERR_REDIRECT] [Fatal Error] :1:1: Premature end of file.
2026-04-01 13:33:49,466 [ERROR] LogOutputStream:75 - [STDERR_REDIRECT] 
2026-04-01 13:33:50,460 [ERROR] LogOutputStream:75 - [STDERR_REDIRECT] [Fatal Error] :1:1: Premature end of file.
2026-04-01 13:33:50,460 [ERROR] LogOutputStream:75 - [STDERR_REDIRECT] 
2026-04-01 13:33:51,466 [ERROR] LogOutputStream:75 - [STDERR_REDIRECT] [Fatal Error] :1:1: Premature end of file.
2026-04-01 13:33:51,466 [ERROR] LogOutputStream:75 - [STDERR_REDIRECT] 
2026-04-01 13:33:52,466 [ERROR] LogOutputStream:75 - [STDERR_REDIRECT] [Fatal Error] :1:1: Premature end of file.
2026-04-01 13:33:52,466 [ERROR] LogOutputStream:75 - [STDERR_REDIRECT] 
2026-04-01 13:33:53,464 [ERROR] LogOutputStream:75 - [STDERR_REDIRECT] [Fatal Error] :1:1: Premature end of file.
2026-04-01 13:33:53,465 [ERROR] LogOutputStream:75 - [STDERR_REDIRECT] 
2026-04-01 13:33:54,466 [ERROR] LogOutputStream:75 - [STDERR_REDIRECT] [Fatal Error] :1:1: Premature end of file.
2026-04-01 13:33:54,466 [ERROR] LogOutputStream:75 - [STDERR_REDIRECT] 
2026-04-01 13:33:55,466 [ERROR] LogOutputStream:75 - [STDERR_REDIRECT] [Fatal Error] :1:1: Premature end of file.
2026-04-01 13:33:55,466 [ERROR] LogOutputStream:75 - [STDERR_REDIRECT] 
2026-04-01 13:33:56,468 [ERROR] LogOutputStream:75 - [STDERR_REDIRECT] [Fatal Error] :1:1: Premature end of file.
2026-04-01 13:33:56,468 [ERROR] LogOutputStream:75 - [STDERR_REDIRECT] 
2026-04-01 13:33:57,470 [ERROR] LogOutputStream:75 - [STDERR_REDIRECT] [Fatal Error] :1:1: Premature end of file.
2026-04-01 13:33:57,470 [ERROR] LogOutputStream:75 - [STDERR_REDIRECT] 
2026-04-01 13:33:58,464 [ERROR] LogOutputStream:75 - [STDERR_REDIRECT] [Fatal Error] :1:1: Premature end of file.
2026-04-01 13:33:58,464 [ERROR] LogOutputStream:75 - [STDERR_REDIRECT] 
2026-04-01 13:33:59,462 [ERROR] LogOutputStream:75 - [STDERR_REDIRECT] [Fatal Error] :1:1: Premature end of file.
2026-04-01 13:33:59,463 [ERROR] LogOutputStream:75 - [STDERR_REDIRECT] 
2026-04-01 13:34:00,468 [ERROR] LogOutputStream:75 - [STDERR_REDIRECT] [Fatal Error] :1:1: Premature end of file.
2026-04-01 13:34:00,468 [ERROR] LogOutputStream:75 - [STDERR_REDIRECT] 
2026-04-01 13:34:01,468 [ERROR] LogOutputStream:75 - [STDERR_REDIRECT] [Fatal Error] :1:1: Premature end of file.
2026-04-01 13:34:01,468 [ERROR] LogOutputStream:75 - [STDERR_REDIRECT] 
2026-04-01 13:34:02,467 [ERROR] LogOutputStream:75 - [STDERR_REDIRECT] [Fatal Error] :1:1: Premature end of file.
2026-04-01 13:34:02,467 [ERROR] LogOutputStream:75 - [STDERR_REDIRECT] 
2026-04-01 13:34:03,464 [ERROR] LogOutputStream:75 - [STDERR_REDIRECT] [Fatal Error] :1:1: Premature end of file.
2026-04-01 13:34:03,465 [ERROR] LogOutputStream:75 - [STDERR_REDIRECT] 
2026-04-01 13:34:04,467 [ERROR] LogOutputStream:75 - [STDERR_REDIRECT] [Fatal Error] :1:1: Premature end of file.
2026-04-01 13:34:04,468 [ERROR] LogOutputStream:75 - [STDERR_REDIRECT] 
2026-04-01 13:34:05,466 [ERROR] LogOutputStream:75 - [STDERR_REDIRECT] [Fatal Error] :1:1: Premature end of file.
2026-04-01 13:34:05,467 [ERROR] LogOutputStream:75 - [STDERR_REDIRECT] 
2026-04-01 13:34:06,465 [ERROR] LogOutputStream:75 - [STDERR_REDIRECT] [Fatal Error] :1:1: Premature end of file.
2026-04-01 13:34:06,465 [ERROR] LogOutputStream:75 - [STDERR_REDIRECT] 
2026-04-01 13:34:07,466 [ERROR] LogOutputStream:75 - [STDERR_REDIRECT] [Fatal Error] :1:1: Premature end of file.
2026-04-01 13:34:07,466 [ERROR] LogOutputStream:75 - [STDERR_REDIRECT] 
2026-04-01 13:34:08,466 [ERROR] LogOutputStream:75 - [STDERR_REDIRECT] [Fatal Error] :1:1: Premature end of file.
2026-04-01 13:34:08,467 [ERROR] LogOutputStream:75 - [STDERR_REDIRECT] 
2026-04-01 13:34:09,465 [ERROR] LogOutputStream:75 - [STDERR_REDIRECT] [Fatal Error] :1:1: Premature end of file.
2026-04-01 13:34:09,465 [ERROR] LogOutputStream:75 - [STDERR_REDIRECT] 
2026-04-01 13:34:10,466 [ERROR] LogOutputStream:75 - [STDERR_REDIRECT] [Fatal Error] :1:1: Premature end of file.
2026-04-01 13:34:10,466 [ERROR] LogOutputStream:75 - [STDERR_REDIRECT] 
2026-04-01 13:34:11,464 [ERROR] LogOutputStream:75 - [STDERR_REDIRECT] [Fatal Error] :1:1: Premature end of file.
2026-04-01 13:34:11,464 [ERROR] LogOutputStream:75 - [STDERR_REDIRECT] 
2026-04-01 13:34:12,471 [ERROR] LogOutputStream:75 - [STDERR_REDIRECT] [Fatal Error] :1:1: Premature end of file.
2026-04-01 13:34:12,472 [ERROR] LogOutputStream:75 - [STDERR_REDIRECT] 
2026-04-01 13:34:13,472 [ERROR] LogOutputStream:75 - [STDERR_REDIRECT] [Fatal Error] :1:1: Premature end of file.
2026-04-01 13:34:13,473 [ERROR] LogOutputStream:75 - [STDERR_REDIRECT] 
2026-04-01 13:34:14,465 [ERROR] LogOutputStream:75 - [STDERR_REDIRECT] [Fatal Error] :1:1: Premature end of file.
2026-04-01 13:34:14,465 [ERROR] LogOutputStream:75 - [STDERR_REDIRECT] 
2026-04-01 13:34:15,469 [ERROR] LogOutputStream:75 - [STDERR_REDIRECT] [Fatal Error] :1:1: Premature end of file.
2026-04-01 13:34:15,469 [ERROR] LogOutputStream:75 - [STDERR_REDIRECT] 
2026-04-01 13:34:16,470 [ERROR] LogOutputStream:75 - [STDERR_REDIRECT] [Fatal Error] :1:1: Premature end of file.
2026-04-01 13:34:16,471 [ERROR] LogOutputStream:75 - [STDERR_REDIRECT] 
2026-04-01 13:34:17,472 [ERROR] LogOutputStream:75 - [STDERR_REDIRECT] [Fatal Error] :1:1: Premature end of file.
2026-04-01 13:34:17,472 [ERROR] LogOutputStream:75 - [STDERR_REDIRECT] 
2026-04-01 13:34:18,472 [ERROR] LogOutputStream:75 - [STDERR_REDIRECT] [Fatal Error] :1:1: Premature end of file.
2026-04-01 13:34:18,472 [ERROR] LogOutputStream:75 - [STDERR_REDIRECT] 
2026-04-01 13:34:19,465 [ERROR] LogOutputStream:75 - [STDERR_REDIRECT] [Fatal Error] :1:1: Premature end of file.
2026-04-01 13:34:19,465 [ERROR] LogOutputStream:75 - [STDERR_REDIRECT] 
2026-04-01 13:34:20,468 [ERROR] LogOutputStream:75 - [STDERR_REDIRECT] [Fatal Error] :1:1: Premature end of file.
2026-04-01 13:34:20,468 [ERROR] LogOutputStream:75 - [STDERR_REDIRECT] 
2026-04-01 13:34:21,464 [ERROR] LogOutputStream:75 - [STDERR_REDIRECT] [Fatal Error] :1:1: Premature end of file.
2026-04-01 13:34:21,464 [ERROR] LogOutputStream:75 - [STDERR_REDIRECT] 
2026-04-01 13:34:22,464 [ERROR] LogOutputStream:75 - [STDERR_REDIRECT] [Fatal Error] :1:1: Premature end of file.
2026-04-01 13:34:22,464 [ERROR] LogOutputStream:75 - [STDERR_REDIRECT] 
2026-04-01 13:34:23,466 [ERROR] LogOutputStream:75 - [STDERR_REDIRECT] [Fatal Error] :1:1: Premature end of file.
2026-04-01 13:34:23,466 [ERROR] LogOutputStream:75 - [STDERR_REDIRECT] 
2026-04-01 13:34:24,467 [ERROR] LogOutputStream:75 - [STDERR_REDIRECT] [Fatal Error] :1:1: Premature end of file.
2026-04-01 13:34:24,467 [ERROR] LogOutputStream:75 - [STDERR_REDIRECT] 
2026-04-01 13:34:25,467 [ERROR] LogOutputStream:75 - [STDERR_REDIRECT] [Fatal Error] :1:1: Premature end of file.
2026-04-01 13:34:25,467 [ERROR] LogOutputStream:75 - [STDERR_REDIRECT] 
2026-04-01 13:34:26,467 [ERROR] LogOutputStream:75 - [STDERR_REDIRECT] [Fatal Error] :1:1: Premature end of file.
2026-04-01 13:34:26,467 [ERROR] LogOutputStream:75 - [STDERR_REDIRECT] 
2026-04-01 13:34:27,468 [ERROR] LogOutputStream:75 - [STDERR_REDIRECT] [Fatal Error] :1:1: Premature end of file.
2026-04-01 13:34:27,468 [ERROR] LogOutputStream:75 - [STDERR_REDIRECT] 
2026-04-01 13:34:28,472 [ERROR] LogOutputStream:75 - [STDERR_REDIRECT] [Fatal Error] :1:1: Premature end of file.
2026-04-01 13:34:28,472 [ERROR] LogOutputStream:75 - [STDERR_REDIRECT] 
2026-04-01 13:34:29,473 [ERROR] LogOutputStream:75 - [STDERR_REDIRECT] [Fatal Error] :1:1: Premature end of file.
2026-04-01 13:34:29,473 [ERROR] LogOutputStream:75 - [STDERR_REDIRECT] 
2026-04-01 13:34:30,486 [ERROR] LogOutputStream:75 - [STDERR_REDIRECT] [Fatal Error] :1:1: Premature end of file.
2026-04-01 13:34:30,486 [ERROR] LogOutputStream:75 - [STDERR_REDIRECT] 
2026-04-01 13:34:31,470 [ERROR] LogOutputStream:75 - [STDERR_REDIRECT] [Fatal Error] :1:1: Premature end of file.
2026-04-01 13:34:31,470 [ERROR] LogOutputStream:75 - [STDERR_REDIRECT] 
2026-04-01 13:34:32,468 [ERROR] LogOutputStream:75 - [STDERR_REDIRECT] [Fatal Error] :1:1: Premature end of file.
2026-04-01 13:34:32,468 [ERROR] LogOutputStream:75 - [STDERR_REDIRECT] 
2026-04-01 13:34:33,469 [ERROR] LogOutputStream:75 - [STDERR_REDIRECT] [Fatal Error] :1:1: Premature end of file.
2026-04-01 13:34:33,469 [ERROR] LogOutputStream:75 - [STDERR_REDIRECT] 
2026-04-01 13:34:34,476 [ERROR] LogOutputStream:75 - [STDERR_REDIRECT] [Fatal Error] :1:1: Premature end of file.
2026-04-01 13:34:34,476 [ERROR] LogOutputStream:75 - [STDERR_REDIRECT] 
2026-04-01 13:34:35,466 [ERROR] LogOutputStream:75 - [STDERR_REDIRECT] [Fatal Error] :1:1: Premature end of file.
2026-04-01 13:34:35,466 [ERROR] LogOutputStream:75 - [STDERR_REDIRECT] 
2026-04-01 13:34:36,466 [ERROR] LogOutputStream:75 - [STDERR_REDIRECT] [Fatal Error] :1:1: Premature end of file.
2026-04-01 13:34:36,466 [ERROR] LogOutputStream:75 - [STDERR_REDIRECT] 
2026-04-01 13:34:37,464 [ERROR] LogOutputStream:75 - [STDERR_REDIRECT] [Fatal Error] :1:1: Premature end of file.
2026-04-01 13:34:37,465 [ERROR] LogOutputStream:75 - [STDERR_REDIRECT] 
2026-04-01 13:34:38,468 [ERROR] LogOutputStream:75 - [STDERR_REDIRECT] [Fatal Error] :1:1: Premature end of file.
2026-04-01 13:34:38,468 [ERROR] LogOutputStream:75 - [STDERR_REDIRECT] 
2026-04-01 13:34:39,468 [ERROR] LogOutputStream:75 - [STDERR_REDIRECT] [Fatal Error] :1:1: Premature end of file.
2026-04-01 13:34:39,468 [ERROR] LogOutputStream:75 - [STDERR_REDIRECT] 
2026-04-01 13:34:40,470 [ERROR] LogOutputStream:75 - [STDERR_REDIRECT] [Fatal Error] :1:1: Premature end of file.
2026-04-01 13:34:40,470 [ERROR] LogOutputStream:75 - [STDERR_REDIRECT] 
2026-04-01 13:34:41,464 [ERROR] LogOutputStream:75 - [STDERR_REDIRECT] [Fatal Error] :1:1: Premature end of file.
2026-04-01 13:34:41,464 [ERROR] LogOutputStream:75 - [STDERR_REDIRECT] 
2026-04-01 13:34:42,466 [ERROR] LogOutputStream:75 - [STDERR_REDIRECT] [Fatal Error] :1:1: Premature end of file.
2026-04-01 13:34:42,466 [ERROR] LogOutputStream:75 - [STDERR_REDIRECT] 
2026-04-01 13:34:43,469 [ERROR] LogOutputStream:75 - [STDERR_REDIRECT] [Fatal Error] :1:1: Premature end of file.
2026-04-01 13:34:43,469 [ERROR] LogOutputStream:75 - [STDERR_REDIRECT] 
2026-04-01 13:34:44,468 [ERROR] LogOutputStream:75 - [STDERR_REDIRECT] [Fatal Error] :1:1: Premature end of file.
2026-04-01 13:34:44,468 [ERROR] LogOutputStream:75 - [STDERR_REDIRECT] 
2026-04-01 13:34:45,468 [ERROR] LogOutputStream:75 - [STDERR_REDIRECT] [Fatal Error] :1:1: Premature end of file.
2026-04-01 13:34:45,468 [ERROR] LogOutputStream:75 - [STDERR_REDIRECT] 
2026-04-01 13:34:46,465 [ERROR] LogOutputStream:75 - [STDERR_REDIRECT] [Fatal Error] :1:1: Premature end of file.
2026-04-01 13:34:46,465 [ERROR] LogOutputStream:75 - [STDERR_REDIRECT] 
2026-04-01 13:34:47,465 [ERROR] LogOutputStream:75 - [STDERR_REDIRECT] [Fatal Error] :1:1: Premature end of file.
2026-04-01 13:34:47,465 [ERROR] LogOutputStream:75 - [STDERR_REDIRECT] 
2026-04-01 13:34:48,472 [ERROR] LogOutputStream:75 - [STDERR_REDIRECT] [Fatal Error] :1:1: Premature end of file.
2026-04-01 13:34:48,472 [ERROR] LogOutputStream:75 - [STDERR_REDIRECT] 
2026-04-01 13:34:49,470 [ERROR] LogOutputStream:75 - [STDERR_REDIRECT] [Fatal Error] :1:1: Premature end of file.
2026-04-01 13:34:49,470 [ERROR] LogOutputStream:75 - [STDERR_REDIRECT] 
2026-04-01 13:34:50,472 [ERROR] LogOutputStream:75 - [STDERR_REDIRECT] [Fatal Error] :1:1: Premature end of file.
2026-04-01 13:34:50,472 [ERROR] LogOutputStream:75 - [STDERR_REDIRECT] 
2026-04-01 13:34:51,470 [ERROR] LogOutputStream:75 - [STDERR_REDIRECT] [Fatal Error] :1:1: Premature end of file.
2026-04-01 13:34:51,471 [ERROR] LogOutputStream:75 - [STDERR_REDIRECT] 
2026-04-01 13:34:52,470 [ERROR] LogOutputStream:75 - [STDERR_REDIRECT] [Fatal Error] :1:1: Premature end of file.
2026-04-01 13:34:52,470 [ERROR] LogOutputStream:75 - [STDERR_REDIRECT] 
2026-04-01 13:34:53,471 [ERROR] LogOutputStream:75 - [STDERR_REDIRECT] [Fatal Error] :1:1: Premature end of file.
2026-04-01 13:34:53,471 [ERROR] LogOutputStream:75 - [STDERR_REDIRECT] 
2026-04-01 13:34:54,473 [ERROR] LogOutputStream:75 - [STDERR_REDIRECT] [Fatal Error] :1:1: Premature end of file.
2026-04-01 13:34:54,473 [ERROR] LogOutputStream:75 - [STDERR_REDIRECT] 
2026-04-01 13:34:55,471 [ERROR] LogOutputStream:75 - [STDERR_REDIRECT] [Fatal Error] :1:1: Premature end of file.
2026-04-01 13:34:55,471 [ERROR] LogOutputStream:75 - [STDERR_REDIRECT] 
2026-04-01 13:34:56,470 [ERROR] LogOutputStream:75 - [STDERR_REDIRECT] [Fatal Error] :1:1: Premature end of file.
2026-04-01 13:34:56,471 [ERROR] LogOutputStream:75 - [STDERR_REDIRECT] 
2026-04-01 13:34:57,466 [ERROR] LogOutputStream:75 - [STDERR_REDIRECT] [Fatal Error] :1:1: Premature end of file.
2026-04-01 13:34:57,466 [ERROR] LogOutputStream:75 - [STDERR_REDIRECT] 
2026-04-01 13:34:58,468 [ERROR] LogOutputStream:75 - [STDERR_REDIRECT] [Fatal Error] :1:1: Premature end of file.
2026-04-01 13:34:58,468 [ERROR] LogOutputStream:75 - [STDERR_REDIRECT] 
2026-04-01 13:34:59,469 [ERROR] LogOutputStream:75 - [STDERR_REDIRECT] [Fatal Error] :1:1: Premature end of file.
2026-04-01 13:34:59,469 [ERROR] LogOutputStream:75 - [STDERR_REDIRECT] 
2026-04-01 13:35:00,468 [ERROR] LogOutputStream:75 - [STDERR_REDIRECT] [Fatal Error] :1:1: Premature end of file.
2026-04-01 13:35:00,469 [ERROR] LogOutputStream:75 - [STDERR_REDIRECT] 
2026-04-01 13:35:01,464 [ERROR] LogOutputStream:75 - [STDERR_REDIRECT] [Fatal Error] :1:1: Premature end of file.
2026-04-01 13:35:01,464 [ERROR] LogOutputStream:75 - [STDERR_REDIRECT] 
2026-04-01 13:35:02,466 [ERROR] LogOutputStream:75 - [STDERR_REDIRECT] [Fatal Error] :1:1: Premature end of file.
2026-04-01 13:35:02,467 [ERROR] LogOutputStream:75 - [STDERR_REDIRECT] 
2026-04-01 13:35:03,463 [ERROR] LogOutputStream:75 - [STDERR_REDIRECT] [Fatal Error] :1:1: Premature end of file.
2026-04-01 13:35:03,464 [ERROR] LogOutputStream:75 - [STDERR_REDIRECT] 
2026-04-01 13:35:04,471 [ERROR] LogOutputStream:75 - [STDERR_REDIRECT] [Fatal Error] :1:1: Premature end of file.
2026-04-01 13:35:04,471 [ERROR] LogOutputStream:75 - [STDERR_REDIRECT] 
2026-04-01 13:35:05,469 [ERROR] LogOutputStream:75 - [STDERR_REDIRECT] [Fatal Error] :1:1: Premature end of file.
2026-04-01 13:35:05,469 [ERROR] LogOutputStream:75 - [STDERR_REDIRECT] 
2026-04-01 13:35:06,468 [ERROR] LogOutputStream:75 - [STDERR_REDIRECT] [Fatal Error] :1:1: Premature end of file.
2026-04-01 13:35:06,469 [ERROR] LogOutputStream:75 - [STDERR_REDIRECT] 
2026-04-01 13:35:07,468 [ERROR] LogOutputStream:75 - [STDERR_REDIRECT] [Fatal Error] :1:1: Premature end of file.
2026-04-01 13:35:07,470 [ERROR] LogOutputStream:75 - [STDERR_REDIRECT] 
2026-04-01 13:35:08,467 [ERROR] LogOutputStream:75 - [STDERR_REDIRECT] [Fatal Error] :1:1: Premature end of file.
2026-04-01 13:35:08,468 [ERROR] LogOutputStream:75 - [STDERR_REDIRECT] 
2026-04-01 13:35:09,472 [ERROR] LogOutputStream:75 - [STDERR_REDIRECT] [Fatal Error] :1:1: Premature end of file.
2026-04-01 13:35:09,472 [ERROR] LogOutputStream:75 - [STDERR_REDIRECT] 
2026-04-01 13:35:10,470 [ERROR] LogOutputStream:75 - [STDERR_REDIRECT] [Fatal Error] :1:1: Premature end of file.
2026-04-01 13:35:10,470 [ERROR] LogOutputStream:75 - [STDERR_REDIRECT] 
2026-04-01 13:35:11,469 [ERROR] LogOutputStream:75 - [STDERR_REDIRECT] [Fatal Error] :1:1: Premature end of file.
2026-04-01 13:35:11,469 [ERROR] LogOutputStream:75 - [STDERR_REDIRECT] 
2026-04-01 13:35:12,465 [ERROR] LogOutputStream:75 - [STDERR_REDIRECT] [Fatal Error] :1:1: Premature end of file.
2026-04-01 13:35:12,465 [ERROR] LogOutputStream:75 - [STDERR_REDIRECT] 
2026-04-01 13:35:13,471 [ERROR] LogOutputStream:75 - [STDERR_REDIRECT] [Fatal Error] :1:1: Premature end of file.
2026-04-01 13:35:13,471 [ERROR] LogOutputStream:75 - [STDERR_REDIRECT] 
2026-04-01 13:35:14,468 [ERROR] LogOutputStream:75 - [STDERR_REDIRECT] [Fatal Error] :1:1: Premature end of file.
2026-04-01 13:35:14,470 [ERROR] LogOutputStream:75 - [STDERR_REDIRECT] 
2026-04-01 13:35:15,470 [ERROR] LogOutputStream:75 - [STDERR_REDIRECT] [Fatal Error] :1:1: Premature end of file.
2026-04-01 13:35:15,470 [ERROR] LogOutputStream:75 - [STDERR_REDIRECT] 
2026-04-01 13:35:16,475 [ERROR] LogOutputStream:75 - [STDERR_REDIRECT] [Fatal Error] :1:1: Premature end of file.
2026-04-01 13:35:16,477 [ERROR] LogOutputStream:75 - [STDERR_REDIRECT] 
2026-04-01 13:35:17,466 [ERROR] LogOutputStream:75 - [STDERR_REDIRECT] [Fatal Error] :1:1: Premature end of file.
2026-04-01 13:35:17,466 [ERROR] LogOutputStream:75 - [STDERR_REDIRECT] 
2026-04-01 13:35:18,466 [ERROR] LogOutputStream:75 - [STDERR_REDIRECT] [Fatal Error] :1:1: Premature end of file.
2026-04-01 13:35:18,466 [ERROR] LogOutputStream:75 - [STDERR_REDIRECT] 
2026-04-01 13:35:19,470 [ERROR] LogOutputStream:75 - [STDERR_REDIRECT] [Fatal Error] :1:1: Premature end of file.
2026-04-01 13:35:19,470 [ERROR] LogOutputStream:75 - [STDERR_REDIRECT] 
2026-04-01 13:35:20,462 [ERROR] LogOutputStream:75 - [STDERR_REDIRECT] [Fatal Error] :1:1: Premature end of file.
2026-04-01 13:35:20,463 [ERROR] LogOutputStream:75 - [STDERR_REDIRECT] 
2026-04-01 13:35:21,469 [ERROR] LogOutputStream:75 - [STDERR_REDIRECT] [Fatal Error] :1:1: Premature end of file.
2026-04-01 13:35:21,470 [ERROR] LogOutputStream:75 - [STDERR_REDIRECT] 
2026-04-01 13:35:22,468 [ERROR] LogOutputStream:75 - [STDERR_REDIRECT] [Fatal Error] :1:1: Premature end of file.
2026-04-01 13:35:22,468 [ERROR] LogOutputStream:75 - [STDERR_REDIRECT] 
2026-04-01 13:35:23,472 [ERROR] LogOutputStream:75 - [STDERR_REDIRECT] [Fatal Error] :1:1: Premature end of file.
2026-04-01 13:35:23,472 [ERROR] LogOutputStream:75 - [STDERR_REDIRECT] 
2026-04-01 13:35:24,468 [ERROR] LogOutputStream:75 - [STDERR_REDIRECT] [Fatal Error] :1:1: Premature end of file.
2026-04-01 13:35:24,469 [ERROR] LogOutputStream:75 - [STDERR_REDIRECT] 
2026-04-01 13:35:25,471 [ERROR] LogOutputStream:75 - [STDERR_REDIRECT] [Fatal Error] :1:1: Premature end of file.
2026-04-01 13:35:25,471 [ERROR] LogOutputStream:75 - [STDERR_REDIRECT] 
2026-04-01 13:35:26,470 [ERROR] LogOutputStream:75 - [STDERR_REDIRECT] [Fatal Error] :1:1: Premature end of file.
2026-04-01 13:35:26,470 [ERROR] LogOutputStream:75 - [STDERR_REDIRECT] 
2026-04-01 13:35:27,470 [ERROR] LogOutputStream:75 - [STDERR_REDIRECT] [Fatal Error] :1:1: Premature end of file.
2026-04-01 13:35:27,471 [ERROR] LogOutputStream:75 - [STDERR_REDIRECT] 
2026-04-01 13:35:28,469 [ERROR] LogOutputStream:75 - [STDERR_REDIRECT] [Fatal Error] :1:1: Premature end of file.
2026-04-01 13:35:28,469 [ERROR] LogOutputStream:75 - [STDERR_REDIRECT] 
2026-04-01 13:35:29,468 [ERROR] LogOutputStream:75 - [STDERR_REDIRECT] [Fatal Error] :1:1: Premature end of file.
2026-04-01 13:35:29,468 [ERROR] LogOutputStream:75 - [STDERR_REDIRECT] 
2026-04-01 13:35:30,469 [ERROR] LogOutputStream:75 - [STDERR_REDIRECT] [Fatal Error] :1:1: Premature end of file.
2026-04-01 13:35:30,469 [ERROR] LogOutputStream:75 - [STDERR_REDIRECT] 
2026-04-01 13:35:31,475 [ERROR] LogOutputStream:75 - [STDERR_REDIRECT] [Fatal Error] :1:1: Premature end of file.
2026-04-01 13:35:31,475 [ERROR] LogOutputStream:75 - [STDERR_REDIRECT] 
2026-04-01 13:35:32,468 [ERROR] LogOutputStream:75 - [STDERR_REDIRECT] [Fatal Error] :1:1: Premature end of file.
2026-04-01 13:35:32,468 [ERROR] LogOutputStream:75 - [STDERR_REDIRECT] 
2026-04-01 13:35:33,466 [ERROR] LogOutputStream:75 - [STDERR_REDIRECT] [Fatal Error] :1:1: Premature end of file.
2026-04-01 13:35:33,468 [ERROR] LogOutputStream:75 - [STDERR_REDIRECT] 
2026-04-01 13:35:34,469 [ERROR] LogOutputStream:75 - [STDERR_REDIRECT] [Fatal Error] :1:1: Premature end of file.
2026-04-01 13:35:34,469 [ERROR] LogOutputStream:75 - [STDERR_REDIRECT] 
2026-04-01 13:35:35,465 [ERROR] LogOutputStream:75 - [STDERR_REDIRECT] [Fatal Error] :1:1: Premature end of file.
2026-04-01 13:35:35,465 [ERROR] LogOutputStream:75 - [STDERR_REDIRECT] 
2026-04-01 13:35:36,471 [ERROR] LogOutputStream:75 - [STDERR_REDIRECT] [Fatal Error] :1:1: Premature end of file.
2026-04-01 13:35:36,471 [ERROR] LogOutputStream:75 - [STDERR_REDIRECT] 
2026-04-01 13:35:37,468 [ERROR] LogOutputStream:75 - [STDERR_REDIRECT] [Fatal Error] :1:1: Premature end of file.
2026-04-01 13:35:37,468 [ERROR] LogOutputStream:75 - [STDERR_REDIRECT] 
2026-04-01 13:35:38,470 [ERROR] LogOutputStream:75 - [STDERR_REDIRECT] [Fatal Error] :1:1: Premature end of file.
2026-04-01 13:35:38,470 [ERROR] LogOutputStream:75 - [STDERR_REDIRECT] 
2026-04-01 13:35:39,471 [ERROR] LogOutputStream:75 - [STDERR_REDIRECT] [Fatal Error] :1:1: Premature end of file.
2026-04-01 13:35:39,471 [ERROR] LogOutputStream:75 - [STDERR_REDIRECT] 
2026-04-01 13:35:40,465 [ERROR] LogOutputStream:75 - [STDERR_REDIRECT] [Fatal Error] :1:1: Premature end of file.
2026-04-01 13:35:40,465 [ERROR] LogOutputStream:75 - [STDERR_REDIRECT] 
2026-04-01 13:35:41,471 [ERROR] LogOutputStream:75 - [STDERR_REDIRECT] [Fatal Error] :1:1: Premature end of file.
2026-04-01 13:35:41,471 [ERROR] LogOutputStream:75 - [STDERR_REDIRECT] 
2026-04-01 13:35:42,468 [ERROR] LogOutputStream:75 - [STDERR_REDIRECT] [Fatal Error] :1:1: Premature end of file.
2026-04-01 13:35:42,468 [ERROR] LogOutputStream:75 - [STDERR_REDIRECT] 
2026-04-01 13:35:43,469 [ERROR] LogOutputStream:75 - [STDERR_REDIRECT] [Fatal Error] :1:1: Premature end of file.
2026-04-01 13:35:43,469 [ERROR] LogOutputStream:75 - [STDERR_REDIRECT] 
2026-04-01 13:35:44,467 [ERROR] LogOutputStream:75 - [STDERR_REDIRECT] [Fatal Error] :1:1: Premature end of file.
2026-04-01 13:35:44,468 [ERROR] LogOutputStream:75 - [STDERR_REDIRECT] 
2026-04-01 13:35:45,465 [ERROR] LogOutputStream:75 - [STDERR_REDIRECT] [Fatal Error] :1:1: Premature end of file.
2026-04-01 13:35:45,465 [ERROR] LogOutputStream:75 - [STDERR_REDIRECT] 
2026-04-01 13:35:46,470 [ERROR] LogOutputStream:75 - [STDERR_REDIRECT] [Fatal Error] :1:1: Premature end of file.
2026-04-01 13:35:46,471 [ERROR] LogOutputStream:75 - [STDERR_REDIRECT] 
2026-04-01 13:35:47,465 [ERROR] LogOutputStream:75 - [STDERR_REDIRECT] [Fatal Error] :1:1: Premature end of file.
2026-04-01 13:35:47,465 [ERROR] LogOutputStream:75 - [STDERR_REDIRECT] 
2026-04-01 13:35:48,465 [ERROR] LogOutputStream:75 - [STDERR_REDIRECT] [Fatal Error] :1:1: Premature end of file.
2026-04-01 13:35:48,466 [ERROR] LogOutputStream:75 - [STDERR_REDIRECT] 
2026-04-01 13:35:49,465 [ERROR] LogOutputStream:75 - [STDERR_REDIRECT] [Fatal Error] :1:1: Premature end of file.
2026-04-01 13:35:49,466 [ERROR] LogOutputStream:75 - [STDERR_REDIRECT] 
2026-04-01 13:35:50,464 [ERROR] LogOutputStream:75 - [STDERR_REDIRECT] [Fatal Error] :1:1: Premature end of file.
2026-04-01 13:35:50,464 [ERROR] LogOutputStream:75 - [STDERR_REDIRECT] 
2026-04-01 13:35:51,465 [ERROR] LogOutputStream:75 - [STDERR_REDIRECT] [Fatal Error] :1:1: Premature end of file.
2026-04-01 13:35:51,465 [ERROR] LogOutputStream:75 - [STDERR_REDIRECT] 
2026-04-01 13:35:52,468 [ERROR] LogOutputStream:75 - [STDERR_REDIRECT] [Fatal Error] :1:1: Premature end of file.
2026-04-01 13:35:52,468 [ERROR] LogOutputStream:75 - [STDERR_REDIRECT] 
2026-04-01 13:35:53,465 [ERROR] LogOutputStream:75 - [STDERR_REDIRECT] [Fatal Error] :1:1: Premature end of file.
2026-04-01 13:35:53,465 [ERROR] LogOutputStream:75 - [STDERR_REDIRECT] 
2026-04-01 13:35:54,466 [ERROR] LogOutputStream:75 - [STDERR_REDIRECT] [Fatal Error] :1:1: Premature end of file.
2026-04-01 13:35:54,466 [ERROR] LogOutputStream:75 - [STDERR_REDIRECT] 
2026-04-01 13:35:55,469 [ERROR] LogOutputStream:75 - [STDERR_REDIRECT] [Fatal Error] :1:1: Premature end of file.
2026-04-01 13:35:55,469 [ERROR] LogOutputStream:75 - [STDERR_REDIRECT] 
2026-04-01 13:35:56,467 [ERROR] LogOutputStream:75 - [STDERR_REDIRECT] [Fatal Error] :1:1: Premature end of file.
2026-04-01 13:35:56,467 [ERROR] LogOutputStream:75 - [STDERR_REDIRECT] 
2026-04-01 13:35:57,471 [ERROR] LogOutputStream:75 - [STDERR_REDIRECT] [Fatal Error] :1:1: Premature end of file.
2026-04-01 13:35:57,472 [ERROR] LogOutputStream:75 - [STDERR_REDIRECT] 
2026-04-01 13:35:58,474 [ERROR] LogOutputStream:75 - [STDERR_REDIRECT] [Fatal Error] :1:1: Premature end of file.
2026-04-01 13:35:58,474 [ERROR] LogOutputStream:75 - [STDERR_REDIRECT] 
2026-04-01 13:35:59,464 [ERROR] LogOutputStream:75 - [STDERR_REDIRECT] [Fatal Error] :1:1: Premature end of file.
2026-04-01 13:35:59,464 [ERROR] LogOutputStream:75 - [STDERR_REDIRECT] 
2026-04-01 13:36:00,469 [ERROR] LogOutputStream:75 - [STDERR_REDIRECT] [Fatal Error] :1:1: Premature end of file.
2026-04-01 13:36:00,470 [ERROR] LogOutputStream:75 - [STDERR_REDIRECT] 
2026-04-01 13:36:01,466 [ERROR] LogOutputStream:75 - [STDERR_REDIRECT] [Fatal Error] :1:1: Premature end of file.
2026-04-01 13:36:01,467 [ERROR] LogOutputStream:75 - [STDERR_REDIRECT] 
2026-04-01 13:36:02,464 [ERROR] LogOutputStream:75 - [STDERR_REDIRECT] [Fatal Error] :1:1: Premature end of file.
2026-04-01 13:36:02,464 [ERROR] LogOutputStream:75 - [STDERR_REDIRECT] 
2026-04-01 13:36:03,465 [ERROR] LogOutputStream:75 - [STDERR_REDIRECT] [Fatal Error] :1:1: Premature end of file.
2026-04-01 13:36:03,465 [ERROR] LogOutputStream:75 - [STDERR_REDIRECT] 
2026-04-01 13:36:04,466 [ERROR] LogOutputStream:75 - [STDERR_REDIRECT] [Fatal Error] :1:1: Premature end of file.
2026-04-01 13:36:04,467 [ERROR] LogOutputStream:75 - [STDERR_REDIRECT] 
2026-04-01 13:36:05,465 [ERROR] LogOutputStream:75 - [STDERR_REDIRECT] [Fatal Error] :1:1: Premature end of file.
2026-04-01 13:36:05,466 [ERROR] LogOutputStream:75 - [STDERR_REDIRECT] 
2026-04-01 13:36:06,474 [ERROR] LogOutputStream:75 - [STDERR_REDIRECT] [Fatal Error] :1:1: Premature end of file.
2026-04-01 13:36:06,475 [ERROR] LogOutputStream:75 - [STDERR_REDIRECT] 
2026-04-01 13:36:07,471 [ERROR] LogOutputStream:75 - [STDERR_REDIRECT] [Fatal Error] :1:1: Premature end of file.
2026-04-01 13:36:07,471 [ERROR] LogOutputStream:75 - [STDERR_REDIRECT] 
2026-04-01 13:36:08,472 [ERROR] LogOutputStream:75 - [STDERR_REDIRECT] [Fatal Error] :1:1: Premature end of file.
2026-04-01 13:36:08,472 [ERROR] LogOutputStream:75 - [STDERR_REDIRECT] 
2026-04-01 13:36:09,466 [ERROR] LogOutputStream:75 - [STDERR_REDIRECT] [Fatal Error] :1:1: Premature end of file.
2026-04-01 13:36:09,466 [ERROR] LogOutputStream:75 - [STDERR_REDIRECT] 
2026-04-01 13:36:10,464 [ERROR] LogOutputStream:75 - [STDERR_REDIRECT] [Fatal Error] :1:1: Premature end of file.
2026-04-01 13:36:10,465 [ERROR] LogOutputStream:75 - [STDERR_REDIRECT] 
2026-04-01 13:36:11,473 [ERROR] LogOutputStream:75 - [STDERR_REDIRECT] [Fatal Error] :1:1: Premature end of file.
2026-04-01 13:36:11,474 [ERROR] LogOutputStream:75 - [STDERR_REDIRECT] 
2026-04-01 13:36:12,465 [ERROR] LogOutputStream:75 - [STDERR_REDIRECT] [Fatal Error] :1:1: Premature end of file.
2026-04-01 13:36:12,465 [ERROR] LogOutputStream:75 - [STDERR_REDIRECT] 
2026-04-01 13:36:13,465 [ERROR] LogOutputStream:75 - [STDERR_REDIRECT] [Fatal Error] :1:1: Premature end of file.
2026-04-01 13:36:13,465 [ERROR] LogOutputStream:75 - [STDERR_REDIRECT] 
2026-04-01 13:36:14,463 [ERROR] LogOutputStream:75 - [STDERR_REDIRECT] [Fatal Error] :1:1: Premature end of file.
2026-04-01 13:36:14,464 [ERROR] LogOutputStream:75 - [STDERR_REDIRECT] 
2026-04-01 13:36:15,466 [ERROR] LogOutputStream:75 - [STDERR_REDIRECT] [Fatal Error] :1:1: Premature end of file.
2026-04-01 13:36:15,466 [ERROR] LogOutputStream:75 - [STDERR_REDIRECT] 
2026-04-01 13:36:16,468 [ERROR] LogOutputStream:75 - [STDERR_REDIRECT] [Fatal Error] :1:1: Premature end of file.
2026-04-01 13:36:16,468 [ERROR] LogOutputStream:75 - [STDERR_REDIRECT] 
2026-04-01 13:36:17,467 [ERROR] LogOutputStream:75 - [STDERR_REDIRECT] [Fatal Error] :1:1: Premature end of file.
2026-04-01 13:36:17,467 [ERROR] LogOutputStream:75 - [STDERR_REDIRECT] 
2026-04-01 13:36:18,468 [ERROR] LogOutputStream:75 - [STDERR_REDIRECT] [Fatal Error] :1:1: Premature end of file.
2026-04-01 13:36:18,468 [ERROR] LogOutputStream:75 - [STDERR_REDIRECT] 
2026-04-01 13:36:19,467 [ERROR] LogOutputStream:75 - [STDERR_REDIRECT] [Fatal Error] :1:1: Premature end of file.
2026-04-01 13:36:19,467 [ERROR] LogOutputStream:75 - [STDERR_REDIRECT] 
2026-04-01 13:36:20,463 [ERROR] LogOutputStream:75 - [STDERR_REDIRECT] [Fatal Error] :1:1: Premature end of file.
2026-04-01 13:36:20,463 [ERROR] LogOutputStream:75 - [STDERR_REDIRECT] 
2026-04-01 13:36:21,654 [ERROR] LogOutputStream:75 - [STDERR_REDIRECT] [Fatal Error] :1:1: Premature end of file.
2026-04-01 13:36:21,654 [ERROR] LogOutputStream:75 - [STDERR_REDIRECT] 
2026-04-01 13:36:22,465 [ERROR] LogOutputStream:75 - [STDERR_REDIRECT] [Fatal Error] :1:1: Premature end of file.
2026-04-01 13:36:22,465 [ERROR] LogOutputStream:75 - [STDERR_REDIRECT] 
2026-04-01 13:36:23,471 [ERROR] LogOutputStream:75 - [STDERR_REDIRECT] [Fatal Error] :1:1: Premature end of file.
2026-04-01 13:36:23,471 [ERROR] LogOutputStream:75 - [STDERR_REDIRECT] 
2026-04-01 13:36:24,467 [ERROR] LogOutputStream:75 - [STDERR_REDIRECT] [Fatal Error] :1:1: Premature end of file.
2026-04-01 13:36:24,467 [ERROR] LogOutputStream:75 - [STDERR_REDIRECT] 
2026-04-01 13:36:25,466 [ERROR] LogOutputStream:75 - [STDERR_REDIRECT] [Fatal Error] :1:1: Premature end of file.
2026-04-01 13:36:25,466 [ERROR] LogOutputStream:75 - [STDERR_REDIRECT] 
2026-04-01 13:36:26,464 [ERROR] LogOutputStream:75 - [STDERR_REDIRECT] [Fatal Error] :1:1: Premature end of file.
2026-04-01 13:36:26,465 [ERROR] LogOutputStream:75 - [STDERR_REDIRECT] 
2026-04-01 13:36:27,466 [ERROR] LogOutputStream:75 - [STDERR_REDIRECT] [Fatal Error] :1:1: Premature end of file.
2026-04-01 13:36:27,466 [ERROR] LogOutputStream:75 - [STDERR_REDIRECT] 
2026-04-01 13:36:28,463 [ERROR] LogOutputStream:75 - [STDERR_REDIRECT] [Fatal Error] :1:1: Premature end of file.
2026-04-01 13:36:28,464 [ERROR] LogOutputStream:75 - [STDERR_REDIRECT] 
2026-04-01 13:36:29,468 [ERROR] LogOutputStream:75 - [STDERR_REDIRECT] [Fatal Error] :1:1: Premature end of file.
2026-04-01 13:36:29,469 [ERROR] LogOutputStream:75 - [STDERR_REDIRECT] 
2026-04-01 13:36:30,465 [ERROR] LogOutputStream:75 - [STDERR_REDIRECT] [Fatal Error] :1:1: Premature end of file.
2026-04-01 13:36:30,465 [ERROR] LogOutputStream:75 - [STDERR_REDIRECT] 
2026-04-01 13:36:31,469 [ERROR] LogOutputStream:75 - [STDERR_REDIRECT] [Fatal Error] :1:1: Premature end of file.
2026-04-01 13:36:31,469 [ERROR] LogOutputStream:75 - [STDERR_REDIRECT] 
2026-04-01 13:36:32,468 [ERROR] LogOutputStream:75 - [STDERR_REDIRECT] [Fatal Error] :1:1: Premature end of file.
2026-04-01 13:36:32,471 [ERROR] LogOutputStream:75 - [STDERR_REDIRECT] 
2026-04-01 13:36:33,463 [ERROR] LogOutputStream:75 - [STDERR_REDIRECT] [Fatal Error] :1:1: Premature end of file.
2026-04-01 13:36:33,463 [ERROR] LogOutputStream:75 - [STDERR_REDIRECT] 
2026-04-01 13:36:34,468 [ERROR] LogOutputStream:75 - [STDERR_REDIRECT] [Fatal Error] :1:1: Premature end of file.
2026-04-01 13:36:34,469 [ERROR] LogOutputStream:75 - [STDERR_REDIRECT] 
2026-04-01 13:36:35,463 [ERROR] LogOutputStream:75 - [STDERR_REDIRECT] [Fatal Error] :1:1: Premature end of file.
2026-04-01 13:36:35,463 [ERROR] LogOutputStream:75 - [STDERR_REDIRECT] 
2026-04-01 13:36:36,464 [ERROR] LogOutputStream:75 - [STDERR_REDIRECT] [Fatal Error] :1:1: Premature end of file.
2026-04-01 13:36:36,465 [ERROR] LogOutputStream:75 - [STDERR_REDIRECT] 
2026-04-01 13:36:37,464 [ERROR] LogOutputStream:75 - [STDERR_REDIRECT] [Fatal Error] :1:1: Premature end of file.
2026-04-01 13:36:37,464 [ERROR] LogOutputStream:75 - [STDERR_REDIRECT] 
2026-04-01 13:36:38,472 [ERROR] LogOutputStream:75 - [STDERR_REDIRECT] [Fatal Error] :1:1: Premature end of file.
2026-04-01 13:36:38,472 [ERROR] LogOutputStream:75 - [STDERR_REDIRECT] 
2026-04-01 13:36:39,466 [ERROR] LogOutputStream:75 - [STDERR_REDIRECT] [Fatal Error] :1:1: Premature end of file.
2026-04-01 13:36:39,466 [ERROR] LogOutputStream:75 - [STDERR_REDIRECT] 
2026-04-01 13:36:40,464 [ERROR] LogOutputStream:75 - [STDERR_REDIRECT] [Fatal Error] :1:1: Premature end of file.
2026-04-01 13:36:40,464 [ERROR] LogOutputStream:75 - [STDERR_REDIRECT] 
2026-04-01 13:36:41,494 [ERROR] LogOutputStream:75 - [STDERR_REDIRECT] [Fatal Error] :1:1: Premature end of file.
2026-04-01 13:36:41,494 [ERROR] LogOutputStream:75 - [STDERR_REDIRECT] 
2026-04-01 13:36:42,465 [ERROR] LogOutputStream:75 - [STDERR_REDIRECT] [Fatal Error] :1:1: Premature end of file.
2026-04-01 13:36:42,465 [ERROR] LogOutputStream:75 - [STDERR_REDIRECT] 
2026-04-01 13:36:43,464 [ERROR] LogOutputStream:75 - [STDERR_REDIRECT] [Fatal Error] :1:1: Premature end of file.
2026-04-01 13:36:43,464 [ERROR] LogOutputStream:75 - [STDERR_REDIRECT] 
2026-04-01 13:36:44,465 [ERROR] LogOutputStream:75 - [STDERR_REDIRECT] [Fatal Error] :1:1: Premature end of file.
2026-04-01 13:36:44,465 [ERROR] LogOutputStream:75 - [STDERR_REDIRECT] 
2026-04-01 13:36:45,469 [ERROR] LogOutputStream:75 - [STDERR_REDIRECT] [Fatal Error] :1:1: Premature end of file.
2026-04-01 13:36:45,469 [ERROR] LogOutputStream:75 - [STDERR_REDIRECT] 
2026-04-01 13:36:46,470 [ERROR] LogOutputStream:75 - [STDERR_REDIRECT] [Fatal Error] :1:1: Premature end of file.
2026-04-01 13:36:46,470 [ERROR] LogOutputStream:75 - [STDERR_REDIRECT] 
2026-04-01 13:36:47,466 [ERROR] LogOutputStream:75 - [STDERR_REDIRECT] [Fatal Error] :1:1: Premature end of file.
2026-04-01 13:36:47,466 [ERROR] LogOutputStream:75 - [STDERR_REDIRECT] 
2026-04-01 13:36:48,465 [ERROR] LogOutputStream:75 - [STDERR_REDIRECT] [Fatal Error] :1:1: Premature end of file.
2026-04-01 13:36:48,465 [ERROR] LogOutputStream:75 - [STDERR_REDIRECT] 
2026-04-01 13:36:49,469 [ERROR] LogOutputStream:75 - [STDERR_REDIRECT] [Fatal Error] :1:1: Premature end of file.
2026-04-01 13:36:49,469 [ERROR] LogOutputStream:75 - [STDERR_REDIRECT] 
2026-04-01 13:36:50,469 [ERROR] LogOutputStream:75 - [STDERR_REDIRECT] [Fatal Error] :1:1: Premature end of file.
2026-04-01 13:36:50,469 [ERROR] LogOutputStream:75 - [STDERR_REDIRECT] 
2026-04-01 13:36:51,469 [ERROR] LogOutputStream:75 - [STDERR_REDIRECT] [Fatal Error] :1:1: Premature end of file.
2026-04-01 13:36:51,469 [ERROR] LogOutputStream:75 - [STDERR_REDIRECT] 
2026-04-01 13:36:52,467 [ERROR] LogOutputStream:75 - [STDERR_REDIRECT] [Fatal Error] :1:1: Premature end of file.
2026-04-01 13:36:52,467 [ERROR] LogOutputStream:75 - [STDERR_REDIRECT] 
2026-04-01 13:36:53,464 [ERROR] LogOutputStream:75 - [STDERR_REDIRECT] [Fatal Error] :1:1: Premature end of file.
2026-04-01 13:36:53,464 [ERROR] LogOutputStream:75 - [STDERR_REDIRECT] 
2026-04-01 13:36:54,469 [ERROR] LogOutputStream:75 - [STDERR_REDIRECT] [Fatal Error] :1:1: Premature end of file.
2026-04-01 13:36:54,469 [ERROR] LogOutputStream:75 - [STDERR_REDIRECT] 
2026-04-01 13:36:55,466 [ERROR] LogOutputStream:75 - [STDERR_REDIRECT] [Fatal Error] :1:1: Premature end of file.
2026-04-01 13:36:55,467 [ERROR] LogOutputStream:75 - [STDERR_REDIRECT] 
2026-04-01 13:36:56,475 [ERROR] LogOutputStream:75 - [STDERR_REDIRECT] [Fatal Error] :1:1: Premature end of file.
2026-04-01 13:36:56,475 [ERROR] LogOutputStream:75 - [STDERR_REDIRECT] 
2026-04-01 13:36:57,467 [ERROR] LogOutputStream:75 - [STDERR_REDIRECT] [Fatal Error] :1:1: Premature end of file.
2026-04-01 13:36:57,467 [ERROR] LogOutputStream:75 - [STDERR_REDIRECT] 
2026-04-01 13:36:58,466 [ERROR] LogOutputStream:75 - [STDERR_REDIRECT] [Fatal Error] :1:1: Premature end of file.
2026-04-01 13:36:58,466 [ERROR] LogOutputStream:75 - [STDERR_REDIRECT] 
2026-04-01 13:36:59,466 [ERROR] LogOutputStream:75 - [STDERR_REDIRECT] [Fatal Error] :1:1: Premature end of file.
2026-04-01 13:36:59,466 [ERROR] LogOutputStream:75 - [STDERR_REDIRECT] 
2026-04-01 13:37:00,468 [ERROR] LogOutputStream:75 - [STDERR_REDIRECT] [Fatal Error] :1:1: Premature end of file.
2026-04-01 13:37:00,468 [ERROR] LogOutputStream:75 - [STDERR_REDIRECT] 
2026-04-01 13:37:01,471 [ERROR] LogOutputStream:75 - [STDERR_REDIRECT] [Fatal Error] :1:1: Premature end of file.
2026-04-01 13:37:01,471 [ERROR] LogOutputStream:75 - [STDERR_REDIRECT] 
2026-04-01 13:37:02,466 [ERROR] LogOutputStream:75 - [STDERR_REDIRECT] [Fatal Error] :1:1: Premature end of file.
2026-04-01 13:37:02,466 [ERROR] LogOutputStream:75 - [STDERR_REDIRECT] 
2026-04-01 13:37:03,470 [ERROR] LogOutputStream:75 - [STDERR_REDIRECT] [Fatal Error] :1:1: Premature end of file.
2026-04-01 13:37:03,470 [ERROR] LogOutputStream:75 - [STDERR_REDIRECT] 
2026-04-01 13:37:04,469 [ERROR] LogOutputStream:75 - [STDERR_REDIRECT] [Fatal Error] :1:1: Premature end of file.
2026-04-01 13:37:04,469 [ERROR] LogOutputStream:75 - [STDERR_REDIRECT] 
2026-04-01 13:37:05,462 [ERROR] LogOutputStream:75 - [STDERR_REDIRECT] [Fatal Error] :1:1: Premature end of file.
2026-04-01 13:37:05,463 [ERROR] LogOutputStream:75 - [STDERR_REDIRECT] 
2026-04-01 13:37:06,466 [ERROR] LogOutputStream:75 - [STDERR_REDIRECT] [Fatal Error] :1:1: Premature end of file.
2026-04-01 13:37:06,466 [ERROR] LogOutputStream:75 - [STDERR_REDIRECT] 
2026-04-01 13:37:07,467 [ERROR] LogOutputStream:75 - [STDERR_REDIRECT] [Fatal Error] :1:1: Premature end of file.
2026-04-01 13:37:07,467 [ERROR] LogOutputStream:75 - [STDERR_REDIRECT] 
2026-04-01 13:37:08,461 [ERROR] LogOutputStream:75 - [STDERR_REDIRECT] [Fatal Error] :1:1: Premature end of file.
2026-04-01 13:37:08,461 [ERROR] LogOutputStream:75 - [STDERR_REDIRECT] 
2026-04-01 13:37:09,462 [ERROR] LogOutputStream:75 - [STDERR_REDIRECT] [Fatal Error] :1:1: Premature end of file.
2026-04-01 13:37:09,462 [ERROR] LogOutputStream:75 - [STDERR_REDIRECT] 
2026-04-01 13:37:10,470 [ERROR] LogOutputStream:75 - [STDERR_REDIRECT] [Fatal Error] :1:1: Premature end of file.
2026-04-01 13:37:10,470 [ERROR] LogOutputStream:75 - [STDERR_REDIRECT] 
2026-04-01 13:37:11,468 [ERROR] LogOutputStream:75 - [STDERR_REDIRECT] [Fatal Error] :1:1: Premature end of file.
2026-04-01 13:37:11,469 [ERROR] LogOutputStream:75 - [STDERR_REDIRECT] 
2026-04-01 13:37:12,467 [ERROR] LogOutputStream:75 - [STDERR_REDIRECT] [Fatal Error] :1:1: Premature end of file.
2026-04-01 13:37:12,467 [ERROR] LogOutputStream:75 - [STDERR_REDIRECT] 
2026-04-01 13:37:13,469 [ERROR] LogOutputStream:75 - [STDERR_REDIRECT] [Fatal Error] :1:1: Premature end of file.
2026-04-01 13:37:13,469 [ERROR] LogOutputStream:75 - [STDERR_REDIRECT] 
2026-04-01 13:37:14,466 [ERROR] LogOutputStream:75 - [STDERR_REDIRECT] [Fatal Error] :1:1: Premature end of file.
2026-04-01 13:37:14,466 [ERROR] LogOutputStream:75 - [STDERR_REDIRECT] 
2026-04-01 13:37:15,465 [ERROR] LogOutputStream:75 - [STDERR_REDIRECT] [Fatal Error] :1:1: Premature end of file.
2026-04-01 13:37:15,465 [ERROR] LogOutputStream:75 - [STDERR_REDIRECT] 
2026-04-01 13:37:16,467 [ERROR] LogOutputStream:75 - [STDERR_REDIRECT] [Fatal Error] :1:1: Premature end of file.
2026-04-01 13:37:16,467 [ERROR] LogOutputStream:75 - [STDERR_REDIRECT] 
2026-04-01 13:37:17,469 [ERROR] LogOutputStream:75 - [STDERR_REDIRECT] [Fatal Error] :1:1: Premature end of file.
2026-04-01 13:37:17,469 [ERROR] LogOutputStream:75 - [STDERR_REDIRECT] 
2026-04-01 13:37:18,464 [ERROR] LogOutputStream:75 - [STDERR_REDIRECT] [Fatal Error] :1:1: Premature end of file.
2026-04-01 13:37:18,465 [ERROR] LogOutputStream:75 - [STDERR_REDIRECT] 
2026-04-01 13:37:19,468 [ERROR] LogOutputStream:75 - [STDERR_REDIRECT] [Fatal Error] :1:1: Premature end of file.
2026-04-01 13:37:19,469 [ERROR] LogOutputStream:75 - [STDERR_REDIRECT] 
2026-04-01 13:37:20,467 [ERROR] LogOutputStream:75 - [STDERR_REDIRECT] [Fatal Error] :1:1: Premature end of file.
2026-04-01 13:37:20,467 [ERROR] LogOutputStream:75 - [STDERR_REDIRECT] 
2026-04-01 13:37:21,465 [ERROR] LogOutputStream:75 - [STDERR_REDIRECT] [Fatal Error] :1:1: Premature end of file.
2026-04-01 13:37:21,465 [ERROR] LogOutputStream:75 - [STDERR_REDIRECT] 
2026-04-01 13:37:22,469 [ERROR] LogOutputStream:75 - [STDERR_REDIRECT] [Fatal Error] :1:1: Premature end of file.
2026-04-01 13:37:22,469 [ERROR] LogOutputStream:75 - [STDERR_REDIRECT] 
2026-04-01 13:37:23,471 [ERROR] LogOutputStream:75 - [STDERR_REDIRECT] [Fatal Error] :1:1: Premature end of file.
2026-04-01 13:37:23,471 [ERROR] LogOutputStream:75 - [STDERR_REDIRECT] 
2026-04-01 13:37:24,467 [ERROR] LogOutputStream:75 - [STDERR_REDIRECT] [Fatal Error] :1:1: Premature end of file.
2026-04-01 13:37:24,467 [ERROR] LogOutputStream:75 - [STDERR_REDIRECT] 
2026-04-01 13:37:25,466 [ERROR] LogOutputStream:75 - [STDERR_REDIRECT] [Fatal Error] :1:1: Premature end of file.
2026-04-01 13:37:25,466 [ERROR] LogOutputStream:75 - [STDERR_REDIRECT] 
2026-04-01 13:37:26,471 [ERROR] LogOutputStream:75 - [STDERR_REDIRECT] [Fatal Error] :1:1: Premature end of file.
2026-04-01 13:37:26,471 [ERROR] LogOutputStream:75 - [STDERR_REDIRECT] 
2026-04-01 13:37:27,469 [ERROR] LogOutputStream:75 - [STDERR_REDIRECT] [Fatal Error] :1:1: Premature end of file.
2026-04-01 13:37:27,469 [ERROR] LogOutputStream:75 - [STDERR_REDIRECT] 
2026-04-01 13:37:28,472 [ERROR] LogOutputStream:75 - [STDERR_REDIRECT] [Fatal Error] :1:1: Premature end of file.
2026-04-01 13:37:28,473 [ERROR] LogOutputStream:75 - [STDERR_REDIRECT] 
2026-04-01 13:37:29,464 [ERROR] LogOutputStream:75 - [STDERR_REDIRECT] [Fatal Error] :1:1: Premature end of file.
2026-04-01 13:37:29,464 [ERROR] LogOutputStream:75 - [STDERR_REDIRECT] 
2026-04-01 13:37:30,467 [ERROR] LogOutputStream:75 - [STDERR_REDIRECT] [Fatal Error] :1:1: Premature end of file.
2026-04-01 13:37:30,468 [ERROR] LogOutputStream:75 - [STDERR_REDIRECT] 
2026-04-01 13:37:31,470 [ERROR] LogOutputStream:75 - [STDERR_REDIRECT] [Fatal Error] :1:1: Premature end of file.
2026-04-01 13:37:31,471 [ERROR] LogOutputStream:75 - [STDERR_REDIRECT] 
2026-04-01 13:37:32,470 [ERROR] LogOutputStream:75 - [STDERR_REDIRECT] [Fatal Error] :1:1: Premature end of file.
2026-04-01 13:37:32,470 [ERROR] LogOutputStream:75 - [STDERR_REDIRECT] 
2026-04-01 13:37:33,469 [ERROR] LogOutputStream:75 - [STDERR_REDIRECT] [Fatal Error] :1:1: Premature end of file.
2026-04-01 13:37:33,469 [ERROR] LogOutputStream:75 - [STDERR_REDIRECT] 
2026-04-01 13:37:34,469 [ERROR] LogOutputStream:75 - [STDERR_REDIRECT] [Fatal Error] :1:1: Premature end of file.
2026-04-01 13:37:34,469 [ERROR] LogOutputStream:75 - [STDERR_REDIRECT] 
2026-04-01 13:37:35,467 [ERROR] LogOutputStream:75 - [STDERR_REDIRECT] [Fatal Error] :1:1: Premature end of file.
2026-04-01 13:37:35,467 [ERROR] LogOutputStream:75 - [STDERR_REDIRECT] 
2026-04-01 13:37:36,463 [ERROR] LogOutputStream:75 - [STDERR_REDIRECT] [Fatal Error] :1:1: Premature end of file.
2026-04-01 13:37:36,463 [ERROR] LogOutputStream:75 - [STDERR_REDIRECT] 
2026-04-01 13:37:37,467 [ERROR] LogOutputStream:75 - [STDERR_REDIRECT] [Fatal Error] :1:1: Premature end of file.
2026-04-01 13:37:37,467 [ERROR] LogOutputStream:75 - [STDERR_REDIRECT] 
2026-04-01 13:37:38,468 [ERROR] LogOutputStream:75 - [STDERR_REDIRECT] [Fatal Error] :1:1: Premature end of file.
2026-04-01 13:37:38,468 [ERROR] LogOutputStream:75 - [STDERR_REDIRECT] 
2026-04-01 13:37:39,471 [ERROR] LogOutputStream:75 - [STDERR_REDIRECT] [Fatal Error] :1:1: Premature end of file.
2026-04-01 13:37:39,471 [ERROR] LogOutputStream:75 - [STDERR_REDIRECT] 
2026-04-01 13:37:40,463 [ERROR] LogOutputStream:75 - [STDERR_REDIRECT] [Fatal Error] :1:1: Premature end of file.
2026-04-01 13:37:40,464 [ERROR] LogOutputStream:75 - [STDERR_REDIRECT] 
2026-04-01 13:37:41,470 [ERROR] LogOutputStream:75 - [STDERR_REDIRECT] [Fatal Error] :1:1: Premature end of file.
2026-04-01 13:37:41,470 [ERROR] LogOutputStream:75 - [STDERR_REDIRECT] 
2026-04-01 13:37:42,471 [ERROR] LogOutputStream:75 - [STDERR_REDIRECT] [Fatal Error] :1:1: Premature end of file.
2026-04-01 13:37:42,472 [ERROR] LogOutputStream:75 - [STDERR_REDIRECT] 
2026-04-01 13:37:43,470 [ERROR] LogOutputStream:75 - [STDERR_REDIRECT] [Fatal Error] :1:1: Premature end of file.
2026-04-01 13:37:43,470 [ERROR] LogOutputStream:75 - [STDERR_REDIRECT] 
2026-04-01 13:37:44,467 [ERROR] LogOutputStream:75 - [STDERR_REDIRECT] [Fatal Error] :1:1: Premature end of file.
2026-04-01 13:37:44,468 [ERROR] LogOutputStream:75 - [STDERR_REDIRECT] 
2026-04-01 13:37:45,463 [ERROR] LogOutputStream:75 - [STDERR_REDIRECT] [Fatal Error] :1:1: Premature end of file.
2026-04-01 13:37:45,464 [ERROR] LogOutputStream:75 - [STDERR_REDIRECT] 
2026-04-01 13:37:46,463 [ERROR] LogOutputStream:75 - [STDERR_REDIRECT] [Fatal Error] :1:1: Premature end of file.
2026-04-01 13:37:46,463 [ERROR] LogOutputStream:75 - [STDERR_REDIRECT] 
2026-04-01 13:37:47,467 [ERROR] LogOutputStream:75 - [STDERR_REDIRECT] [Fatal Error] :1:1: Premature end of file.
2026-04-01 13:37:47,467 [ERROR] LogOutputStream:75 - [STDERR_REDIRECT] 
2026-04-01 13:37:48,465 [ERROR] LogOutputStream:75 - [STDERR_REDIRECT] [Fatal Error] :1:1: Premature end of file.
2026-04-01 13:37:48,465 [ERROR] LogOutputStream:75 - [STDERR_REDIRECT] 
2026-04-01 13:37:49,469 [ERROR] LogOutputStream:75 - [STDERR_REDIRECT] [Fatal Error] :1:1: Premature end of file.
2026-04-01 13:37:49,469 [ERROR] LogOutputStream:75 - [STDERR_REDIRECT] 
2026-04-01 13:37:50,464 [ERROR] LogOutputStream:75 - [STDERR_REDIRECT] [Fatal Error] :1:1: Premature end of file.
2026-04-01 13:37:50,464 [ERROR] LogOutputStream:75 - [STDERR_REDIRECT] 
2026-04-01 13:37:51,464 [ERROR] LogOutputStream:75 - [STDERR_REDIRECT] [Fatal Error] :1:1: Premature end of file.
2026-04-01 13:37:51,465 [ERROR] LogOutputStream:75 - [STDERR_REDIRECT] 
2026-04-01 13:37:52,467 [ERROR] LogOutputStream:75 - [STDERR_REDIRECT] [Fatal Error] :1:1: Premature end of file.
2026-04-01 13:37:52,468 [ERROR] LogOutputStream:75 - [STDERR_REDIRECT] 
2026-04-01 13:37:53,468 [ERROR] LogOutputStream:75 - [STDERR_REDIRECT] [Fatal Error] :1:1: Premature end of file.
2026-04-01 13:37:53,468 [ERROR] LogOutputStream:75 - [STDERR_REDIRECT] 
2026-04-01 13:37:54,465 [ERROR] LogOutputStream:75 - [STDERR_REDIRECT] [Fatal Error] :1:1: Premature end of file.
2026-04-01 13:37:54,466 [ERROR] LogOutputStream:75 - [STDERR_REDIRECT] 
2026-04-01 13:37:55,469 [ERROR] LogOutputStream:75 - [STDERR_REDIRECT] [Fatal Error] :1:1: Premature end of file.
2026-04-01 13:37:55,469 [ERROR] LogOutputStream:75 - [STDERR_REDIRECT] 
2026-04-01 13:37:56,470 [ERROR] LogOutputStream:75 - [STDERR_REDIRECT] [Fatal Error] :1:1: Premature end of file.
2026-04-01 13:37:56,471 [ERROR] LogOutputStream:75 - [STDERR_REDIRECT] 
2026-04-01 13:37:57,462 [ERROR] LogOutputStream:75 - [STDERR_REDIRECT] [Fatal Error] :1:1: Premature end of file.
2026-04-01 13:37:57,462 [ERROR] LogOutputStream:75 - [STDERR_REDIRECT] 
2026-04-01 13:37:58,468 [ERROR] LogOutputStream:75 - [STDERR_REDIRECT] [Fatal Error] :1:1: Premature end of file.
2026-04-01 13:37:58,468 [ERROR] LogOutputStream:75 - [STDERR_REDIRECT] 
2026-04-01 13:37:59,470 [ERROR] LogOutputStream:75 - [STDERR_REDIRECT] [Fatal Error] :1:1: Premature end of file.
2026-04-01 13:37:59,471 [ERROR] LogOutputStream:75 - [STDERR_REDIRECT] 
2026-04-01 13:38:00,463 [ERROR] LogOutputStream:75 - [STDERR_REDIRECT] [Fatal Error] :1:1: Premature end of file.
2026-04-01 13:38:00,464 [ERROR] LogOutputStream:75 - [STDERR_REDIRECT] 
2026-04-01 13:38:01,469 [ERROR] LogOutputStream:75 - [STDERR_REDIRECT] [Fatal Error] :1:1: Premature end of file.
2026-04-01 13:38:01,469 [ERROR] LogOutputStream:75 - [STDERR_REDIRECT] 
2026-04-01 13:38:02,470 [ERROR] LogOutputStream:75 - [STDERR_REDIRECT] [Fatal Error] :1:1: Premature end of file.
2026-04-01 13:38:02,470 [ERROR] LogOutputStream:75 - [STDERR_REDIRECT] 
2026-04-01 13:38:03,466 [ERROR] LogOutputStream:75 - [STDERR_REDIRECT] [Fatal Error] :1:1: Premature end of file.
2026-04-01 13:38:03,466 [ERROR] LogOutputStream:75 - [STDERR_REDIRECT] 
2026-04-01 13:38:04,464 [ERROR] LogOutputStream:75 - [STDERR_REDIRECT] [Fatal Error] :1:1: Premature end of file.
2026-04-01 13:38:04,464 [ERROR] LogOutputStream:75 - [STDERR_REDIRECT] 
2026-04-01 13:38:05,463 [ERROR] LogOutputStream:75 - [STDERR_REDIRECT] [Fatal Error] :1:1: Premature end of file.
2026-04-01 13:38:05,463 [ERROR] LogOutputStream:75 - [STDERR_REDIRECT] 
2026-04-01 13:38:06,465 [ERROR] LogOutputStream:75 - [STDERR_REDIRECT] [Fatal Error] :1:1: Premature end of file.
2026-04-01 13:38:06,465 [ERROR] LogOutputStream:75 - [STDERR_REDIRECT] 
2026-04-01 13:38:07,469 [ERROR] LogOutputStream:75 - [STDERR_REDIRECT] [Fatal Error] :1:1: Premature end of file.
2026-04-01 13:38:07,470 [ERROR] LogOutputStream:75 - [STDERR_REDIRECT] 
2026-04-01 13:38:08,466 [ERROR] LogOutputStream:75 - [STDERR_REDIRECT] [Fatal Error] :1:1: Premature end of file.
2026-04-01 13:38:08,466 [ERROR] LogOutputStream:75 - [STDERR_REDIRECT] 
2026-04-01 13:38:09,467 [ERROR] LogOutputStream:75 - [STDERR_REDIRECT] [Fatal Error] :1:1: Premature end of file.
2026-04-01 13:38:09,468 [ERROR] LogOutputStream:75 - [STDERR_REDIRECT] 
2026-04-01 13:38:10,465 [ERROR] LogOutputStream:75 - [STDERR_REDIRECT] [Fatal Error] :1:1: Premature end of file.
2026-04-01 13:38:10,465 [ERROR] LogOutputStream:75 - [STDERR_REDIRECT] 
2026-04-01 13:38:11,466 [ERROR] LogOutputStream:75 - [STDERR_REDIRECT] [Fatal Error] :1:1: Premature end of file.
2026-04-01 13:38:11,466 [ERROR] LogOutputStream:75 - [STDERR_REDIRECT] 
2026-04-01 13:38:12,472 [ERROR] LogOutputStream:75 - [STDERR_REDIRECT] [Fatal Error] :1:1: Premature end of file.
2026-04-01 13:38:12,472 [ERROR] LogOutputStream:75 - [STDERR_REDIRECT] 
2026-04-01 13:38:13,476 [ERROR] LogOutputStream:75 - [STDERR_REDIRECT] [Fatal Error] :1:1: Premature end of file.
2026-04-01 13:38:13,476 [ERROR] LogOutputStream:75 - [STDERR_REDIRECT] 
2026-04-01 13:38:14,468 [ERROR] LogOutputStream:75 - [STDERR_REDIRECT] [Fatal Error] :1:1: Premature end of file.
2026-04-01 13:38:14,468 [ERROR] LogOutputStream:75 - [STDERR_REDIRECT] 
2026-04-01 13:38:15,462 [ERROR] LogOutputStream:75 - [STDERR_REDIRECT] [Fatal Error] :1:1: Premature end of file.
2026-04-01 13:38:15,463 [ERROR] LogOutputStream:75 - [STDERR_REDIRECT] 
2026-04-01 13:38:16,466 [ERROR] LogOutputStream:75 - [STDERR_REDIRECT] [Fatal Error] :1:1: Premature end of file.
2026-04-01 13:38:16,466 [ERROR] LogOutputStream:75 - [STDERR_REDIRECT] 
2026-04-01 13:38:17,466 [ERROR] LogOutputStream:75 - [STDERR_REDIRECT] [Fatal Error] :1:1: Premature end of file.
2026-04-01 13:38:17,466 [ERROR] LogOutputStream:75 - [STDERR_REDIRECT] 
2026-04-01 13:38:18,466 [ERROR] LogOutputStream:75 - [STDERR_REDIRECT] [Fatal Error] :1:1: Premature end of file.
2026-04-01 13:38:18,466 [ERROR] LogOutputStream:75 - [STDERR_REDIRECT] 
2026-04-01 13:38:19,468 [ERROR] LogOutputStream:75 - [STDERR_REDIRECT] [Fatal Error] :1:1: Premature end of file.
2026-04-01 13:38:19,469 [ERROR] LogOutputStream:75 - [STDERR_REDIRECT] 
2026-04-01 13:38:20,469 [ERROR] LogOutputStream:75 - [STDERR_REDIRECT] [Fatal Error] :1:1: Premature end of file.
2026-04-01 13:38:20,469 [ERROR] LogOutputStream:75 - [STDERR_REDIRECT] 
2026-04-01 13:38:21,470 [ERROR] LogOutputStream:75 - [STDERR_REDIRECT] [Fatal Error] :1:1: Premature end of file.
2026-04-01 13:38:21,471 [ERROR] LogOutputStream:75 - [STDERR_REDIRECT] 
2026-04-01 13:38:22,475 [ERROR] LogOutputStream:75 - [STDERR_REDIRECT] [Fatal Error] :1:1: Premature end of file.
2026-04-01 13:38:22,475 [ERROR] LogOutputStream:75 - [STDERR_REDIRECT] 
2026-04-01 13:38:23,464 [ERROR] LogOutputStream:75 - [STDERR_REDIRECT] [Fatal Error] :1:1: Premature end of file.
2026-04-01 13:38:23,464 [ERROR] LogOutputStream:75 - [STDERR_REDIRECT] 
2026-04-01 13:38:24,466 [ERROR] LogOutputStream:75 - [STDERR_REDIRECT] [Fatal Error] :1:1: Premature end of file.
2026-04-01 13:38:24,466 [ERROR] LogOutputStream:75 - [STDERR_REDIRECT] 
2026-04-01 13:38:25,467 [ERROR] LogOutputStream:75 - [STDERR_REDIRECT] [Fatal Error] :1:1: Premature end of file.
2026-04-01 13:38:25,467 [ERROR] LogOutputStream:75 - [STDERR_REDIRECT] 
2026-04-01 13:38:26,464 [ERROR] LogOutputStream:75 - [STDERR_REDIRECT] [Fatal Error] :1:1: Premature end of file.
2026-04-01 13:38:26,464 [ERROR] LogOutputStream:75 - [STDERR_REDIRECT] 
2026-04-01 13:38:27,465 [ERROR] LogOutputStream:75 - [STDERR_REDIRECT] [Fatal Error] :1:1: Premature end of file.
2026-04-01 13:38:27,466 [ERROR] LogOutputStream:75 - [STDERR_REDIRECT] 
2026-04-01 13:38:28,472 [ERROR] LogOutputStream:75 - [STDERR_REDIRECT] [Fatal Error] :1:1: Premature end of file.
2026-04-01 13:38:28,472 [ERROR] LogOutputStream:75 - [STDERR_REDIRECT] 
2026-04-01 13:38:29,465 [ERROR] LogOutputStream:75 - [STDERR_REDIRECT] [Fatal Error] :1:1: Premature end of file.
2026-04-01 13:38:29,465 [ERROR] LogOutputStream:75 - [STDERR_REDIRECT] 
2026-04-01 13:38:30,469 [ERROR] LogOutputStream:75 - [STDERR_REDIRECT] [Fatal Error] :1:1: Premature end of file.
2026-04-01 13:38:30,469 [ERROR] LogOutputStream:75 - [STDERR_REDIRECT] 
2026-04-01 13:38:31,469 [ERROR] LogOutputStream:75 - [STDERR_REDIRECT] [Fatal Error] :1:1: Premature end of file.
2026-04-01 13:38:31,470 [ERROR] LogOutputStream:75 - [STDERR_REDIRECT] 
2026-04-01 13:38:32,477 [ERROR] LogOutputStream:75 - [STDERR_REDIRECT] [Fatal Error] :1:1: Premature end of file.
2026-04-01 13:38:32,478 [ERROR] LogOutputStream:75 - [STDERR_REDIRECT] 
2026-04-01 13:38:33,466 [ERROR] LogOutputStream:75 - [STDERR_REDIRECT] [Fatal Error] :1:1: Premature end of file.
2026-04-01 13:38:33,466 [ERROR] LogOutputStream:75 - [STDERR_REDIRECT] 
2026-04-01 13:38:34,466 [ERROR] LogOutputStream:75 - [STDERR_REDIRECT] [Fatal Error] :1:1: Premature end of file.
2026-04-01 13:38:34,467 [ERROR] LogOutputStream:75 - [STDERR_REDIRECT] 
2026-04-01 13:38:35,465 [ERROR] LogOutputStream:75 - [STDERR_REDIRECT] [Fatal Error] :1:1: Premature end of file.
2026-04-01 13:38:35,466 [ERROR] LogOutputStream:75 - [STDERR_REDIRECT] 
2026-04-01 13:38:36,467 [ERROR] LogOutputStream:75 - [STDERR_REDIRECT] [Fatal Error] :1:1: Premature end of file.
2026-04-01 13:38:36,467 [ERROR] LogOutputStream:75 - [STDERR_REDIRECT] 
2026-04-01 13:38:37,467 [ERROR] LogOutputStream:75 - [STDERR_REDIRECT] [Fatal Error] :1:1: Premature end of file.
2026-04-01 13:38:37,467 [ERROR] LogOutputStream:75 - [STDERR_REDIRECT] 
2026-04-01 13:38:38,466 [ERROR] LogOutputStream:75 - [STDERR_REDIRECT] [Fatal Error] :1:1: Premature end of file.
2026-04-01 13:38:38,467 [ERROR] LogOutputStream:75 - [STDERR_REDIRECT] 
2026-04-01 13:38:39,469 [ERROR] LogOutputStream:75 - [STDERR_REDIRECT] [Fatal Error] :1:1: Premature end of file.
2026-04-01 13:38:39,470 [ERROR] LogOutputStream:75 - [STDERR_REDIRECT] 
2026-04-01 13:38:40,471 [ERROR] LogOutputStream:75 - [STDERR_REDIRECT] [Fatal Error] :1:1: Premature end of file.
2026-04-01 13:38:40,472 [ERROR] LogOutputStream:75 - [STDERR_REDIRECT] 
2026-04-01 13:38:41,465 [ERROR] LogOutputStream:75 - [STDERR_REDIRECT] [Fatal Error] :1:1: Premature end of file.
2026-04-01 13:38:41,465 [ERROR] LogOutputStream:75 - [STDERR_REDIRECT] 
2026-04-01 13:38:42,464 [ERROR] LogOutputStream:75 - [STDERR_REDIRECT] [Fatal Error] :1:1: Premature end of file.
2026-04-01 13:38:42,464 [ERROR] LogOutputStream:75 - [STDERR_REDIRECT] 
2026-04-01 13:38:43,472 [ERROR] LogOutputStream:75 - [STDERR_REDIRECT] [Fatal Error] :1:1: Premature end of file.
2026-04-01 13:38:43,473 [ERROR] LogOutputStream:75 - [STDERR_REDIRECT] 
2026-04-01 13:38:44,469 [ERROR] LogOutputStream:75 - [STDERR_REDIRECT] [Fatal Error] :1:1: Premature end of file.
2026-04-01 13:38:44,469 [ERROR] LogOutputStream:75 - [STDERR_REDIRECT] 
2026-04-01 13:38:45,469 [ERROR] LogOutputStream:75 - [STDERR_REDIRECT] [Fatal Error] :1:1: Premature end of file.
2026-04-01 13:38:45,470 [ERROR] LogOutputStream:75 - [STDERR_REDIRECT] 
2026-04-01 13:38:46,472 [ERROR] LogOutputStream:75 - [STDERR_REDIRECT] [Fatal Error] :1:1: Premature end of file.
2026-04-01 13:38:46,472 [ERROR] LogOutputStream:75 - [STDERR_REDIRECT] 
2026-04-01 13:38:47,476 [ERROR] LogOutputStream:75 - [STDERR_REDIRECT] [Fatal Error] :1:1: Premature end of file.
2026-04-01 13:38:47,476 [ERROR] LogOutputStream:75 - [STDERR_REDIRECT] 
2026-04-01 13:38:48,465 [ERROR] LogOutputStream:75 - [STDERR_REDIRECT] [Fatal Error] :1:1: Premature end of file.
2026-04-01 13:38:48,465 [ERROR] LogOutputStream:75 - [STDERR_REDIRECT] 
2026-04-01 13:38:49,466 [ERROR] LogOutputStream:75 - [STDERR_REDIRECT] [Fatal Error] :1:1: Premature end of file.
2026-04-01 13:38:49,466 [ERROR] LogOutputStream:75 - [STDERR_REDIRECT] 
2026-04-01 13:38:50,467 [ERROR] LogOutputStream:75 - [STDERR_REDIRECT] [Fatal Error] :1:1: Premature end of file.
2026-04-01 13:38:50,468 [ERROR] LogOutputStream:75 - [STDERR_REDIRECT] 
2026-04-01 13:38:51,467 [ERROR] LogOutputStream:75 - [STDERR_REDIRECT] [Fatal Error] :1:1: Premature end of file.
2026-04-01 13:38:51,467 [ERROR] LogOutputStream:75 - [STDERR_REDIRECT] 
2026-04-01 13:38:52,466 [ERROR] LogOutputStream:75 - [STDERR_REDIRECT] [Fatal Error] :1:1: Premature end of file.
2026-04-01 13:38:52,466 [ERROR] LogOutputStream:75 - [STDERR_REDIRECT] 
2026-04-01 13:38:53,472 [ERROR] LogOutputStream:75 - [STDERR_REDIRECT] [Fatal Error] :1:1: Premature end of file.
2026-04-01 13:38:53,473 [ERROR] LogOutputStream:75 - [STDERR_REDIRECT] 
2026-04-01 13:38:54,463 [ERROR] LogOutputStream:75 - [STDERR_REDIRECT] [Fatal Error] :1:1: Premature end of file.
2026-04-01 13:38:54,464 [ERROR] LogOutputStream:75 - [STDERR_REDIRECT] 
2026-04-01 13:38:55,471 [ERROR] LogOutputStream:75 - [STDERR_REDIRECT] [Fatal Error] :1:1: Premature end of file.
2026-04-01 13:38:55,471 [ERROR] LogOutputStream:75 - [STDERR_REDIRECT] 
2026-04-01 13:38:56,464 [ERROR] LogOutputStream:75 - [STDERR_REDIRECT] [Fatal Error] :1:1: Premature end of file.
2026-04-01 13:38:56,464 [ERROR] LogOutputStream:75 - [STDERR_REDIRECT] 
2026-04-01 13:38:57,473 [ERROR] LogOutputStream:75 - [STDERR_REDIRECT] [Fatal Error] :1:1: Premature end of file.
2026-04-01 13:38:57,473 [ERROR] LogOutputStream:75 - [STDERR_REDIRECT] 
2026-04-01 13:38:58,469 [ERROR] LogOutputStream:75 - [STDERR_REDIRECT] [Fatal Error] :1:1: Premature end of file.
2026-04-01 13:38:58,469 [ERROR] LogOutputStream:75 - [STDERR_REDIRECT] 
2026-04-01 13:38:59,477 [ERROR] LogOutputStream:75 - [STDERR_REDIRECT] [Fatal Error] :1:1: Premature end of file.
2026-04-01 13:38:59,477 [ERROR] LogOutputStream:75 - [STDERR_REDIRECT] 
2026-04-01 13:39:00,463 [ERROR] LogOutputStream:75 - [STDERR_REDIRECT] [Fatal Error] :1:1: Premature end of file.
2026-04-01 13:39:00,463 [ERROR] LogOutputStream:75 - [STDERR_REDIRECT] 
2026-04-01 13:39:01,469 [ERROR] LogOutputStream:75 - [STDERR_REDIRECT] [Fatal Error] :1:1: Premature end of file.
2026-04-01 13:39:01,470 [ERROR] LogOutputStream:75 - [STDERR_REDIRECT] 
2026-04-01 13:39:02,468 [ERROR] LogOutputStream:75 - [STDERR_REDIRECT] [Fatal Error] :1:1: Premature end of file.
2026-04-01 13:39:02,468 [ERROR] LogOutputStream:75 - [STDERR_REDIRECT] 
2026-04-01 13:39:03,474 [ERROR] LogOutputStream:75 - [STDERR_REDIRECT] [Fatal Error] :1:1: Premature end of file.
2026-04-01 13:39:03,475 [ERROR] LogOutputStream:75 - [STDERR_REDIRECT] 
2026-04-01 13:39:04,471 [ERROR] LogOutputStream:75 - [STDERR_REDIRECT] [Fatal Error] :1:1: Premature end of file.
2026-04-01 13:39:04,472 [ERROR] LogOutputStream:75 - [STDERR_REDIRECT] 
2026-04-01 13:39:05,468 [ERROR] LogOutputStream:75 - [STDERR_REDIRECT] [Fatal Error] :1:1: Premature end of file.
2026-04-01 13:39:05,468 [ERROR] LogOutputStream:75 - [STDERR_REDIRECT] 
2026-04-01 13:39:06,464 [ERROR] LogOutputStream:75 - [STDERR_REDIRECT] [Fatal Error] :1:1: Premature end of file.
2026-04-01 13:39:06,465 [ERROR] LogOutputStream:75 - [STDERR_REDIRECT] 
2026-04-01 13:39:07,477 [ERROR] LogOutputStream:75 - [STDERR_REDIRECT] [Fatal Error] :1:1: Premature end of file.
2026-04-01 13:39:07,477 [ERROR] LogOutputStream:75 - [STDERR_REDIRECT] 
2026-04-01 13:39:08,472 [ERROR] LogOutputStream:75 - [STDERR_REDIRECT] [Fatal Error] :1:1: Premature end of file.
2026-04-01 13:39:08,472 [ERROR] LogOutputStream:75 - [STDERR_REDIRECT] 
2026-04-01 13:39:09,467 [ERROR] LogOutputStream:75 - [STDERR_REDIRECT] [Fatal Error] :1:1: Premature end of file.
2026-04-01 13:39:09,467 [ERROR] LogOutputStream:75 - [STDERR_REDIRECT] 
2026-04-01 13:39:10,468 [ERROR] LogOutputStream:75 - [STDERR_REDIRECT] [Fatal Error] :1:1: Premature end of file.
2026-04-01 13:39:10,469 [ERROR] LogOutputStream:75 - [STDERR_REDIRECT] 
2026-04-01 13:39:11,470 [ERROR] LogOutputStream:75 - [STDERR_REDIRECT] [Fatal Error] :1:1: Premature end of file.
2026-04-01 13:39:11,470 [ERROR] LogOutputStream:75 - [STDERR_REDIRECT] 
2026-04-01 13:39:12,473 [ERROR] LogOutputStream:75 - [STDERR_REDIRECT] [Fatal Error] :1:1: Premature end of file.
2026-04-01 13:39:12,473 [ERROR] LogOutputStream:75 - [STDERR_REDIRECT] 
2026-04-01 13:39:13,468 [ERROR] LogOutputStream:75 - [STDERR_REDIRECT] [Fatal Error] :1:1: Premature end of file.
2026-04-01 13:39:13,468 [ERROR] LogOutputStream:75 - [STDERR_REDIRECT] 
2026-04-01 13:39:14,470 [ERROR] LogOutputStream:75 - [STDERR_REDIRECT] [Fatal Error] :1:1: Premature end of file.
2026-04-01 13:39:14,472 [ERROR] LogOutputStream:75 - [STDERR_REDIRECT] 
2026-04-01 13:39:15,471 [ERROR] LogOutputStream:75 - [STDERR_REDIRECT] [Fatal Error] :1:1: Premature end of file.
2026-04-01 13:39:15,472 [ERROR] LogOutputStream:75 - [STDERR_REDIRECT] 
2026-04-01 13:39:16,474 [ERROR] LogOutputStream:75 - [STDERR_REDIRECT] [Fatal Error] :1:1: Premature end of file.
2026-04-01 13:39:16,475 [ERROR] LogOutputStream:75 - [STDERR_REDIRECT] 
2026-04-01 13:39:17,470 [ERROR] LogOutputStream:75 - [STDERR_REDIRECT] [Fatal Error] :1:1: Premature end of file.
2026-04-01 13:39:17,471 [ERROR] LogOutputStream:75 - [STDERR_REDIRECT] 
2026-04-01 13:39:18,469 [ERROR] LogOutputStream:75 - [STDERR_REDIRECT] [Fatal Error] :1:1: Premature end of file.
2026-04-01 13:39:18,470 [ERROR] LogOutputStream:75 - [STDERR_REDIRECT] 
2026-04-01 13:39:19,469 [ERROR] LogOutputStream:75 - [STDERR_REDIRECT] [Fatal Error] :1:1: Premature end of file.
2026-04-01 13:39:19,469 [ERROR] LogOutputStream:75 - [STDERR_REDIRECT] 
2026-04-01 13:39:20,474 [ERROR] LogOutputStream:75 - [STDERR_REDIRECT] [Fatal Error] :1:1: Premature end of file.
2026-04-01 13:39:20,474 [ERROR] LogOutputStream:75 - [STDERR_REDIRECT] 
2026-04-01 13:39:21,463 [ERROR] LogOutputStream:75 - [STDERR_REDIRECT] [Fatal Error] :1:1: Premature end of file.
2026-04-01 13:39:21,464 [ERROR] LogOutputStream:75 - [STDERR_REDIRECT] 
2026-04-01 13:39:22,469 [ERROR] LogOutputStream:75 - [STDERR_REDIRECT] [Fatal Error] :1:1: Premature end of file.
2026-04-01 13:39:22,469 [ERROR] LogOutputStream:75 - [STDERR_REDIRECT] 
2026-04-01 13:39:23,470 [ERROR] LogOutputStream:75 - [STDERR_REDIRECT] [Fatal Error] :1:1: Premature end of file.
2026-04-01 13:39:23,470 [ERROR] LogOutputStream:75 - [STDERR_REDIRECT] 
2026-04-01 13:39:24,472 [ERROR] LogOutputStream:75 - [STDERR_REDIRECT] [Fatal Error] :1:1: Premature end of file.
2026-04-01 13:39:24,472 [ERROR] LogOutputStream:75 - [STDERR_REDIRECT] 
2026-04-01 13:39:25,470 [ERROR] LogOutputStream:75 - [STDERR_REDIRECT] [Fatal Error] :1:1: Premature end of file.
2026-04-01 13:39:25,470 [ERROR] LogOutputStream:75 - [STDERR_REDIRECT] 
2026-04-01 13:39:26,469 [ERROR] LogOutputStream:75 - [STDERR_REDIRECT] [Fatal Error] :1:1: Premature end of file.
2026-04-01 13:39:26,469 [ERROR] LogOutputStream:75 - [STDERR_REDIRECT] 
2026-04-01 13:39:27,470 [ERROR] LogOutputStream:75 - [STDERR_REDIRECT] [Fatal Error] :1:1: Premature end of file.
2026-04-01 13:39:27,470 [ERROR] LogOutputStream:75 - [STDERR_REDIRECT] 
2026-04-01 13:39:28,466 [ERROR] LogOutputStream:75 - [STDERR_REDIRECT] [Fatal Error] :1:1: Premature end of file.
2026-04-01 13:39:28,466 [ERROR] LogOutputStream:75 - [STDERR_REDIRECT] 
2026-04-01 13:39:29,468 [ERROR] LogOutputStream:75 - [STDERR_REDIRECT] [Fatal Error] :1:1: Premature end of file.
2026-04-01 13:39:29,468 [ERROR] LogOutputStream:75 - [STDERR_REDIRECT] 
2026-04-01 13:39:30,474 [ERROR] LogOutputStream:75 - [STDERR_REDIRECT] [Fatal Error] :1:1: Premature end of file.
2026-04-01 13:39:30,474 [ERROR] LogOutputStream:75 - [STDERR_REDIRECT] 
2026-04-01 13:39:31,469 [ERROR] LogOutputStream:75 - [STDERR_REDIRECT] [Fatal Error] :1:1: Premature end of file.
2026-04-01 13:39:31,470 [ERROR] LogOutputStream:75 - [STDERR_REDIRECT] 
2026-04-01 13:39:32,472 [ERROR] LogOutputStream:75 - [STDERR_REDIRECT] [Fatal Error] :1:1: Premature end of file.
2026-04-01 13:39:32,473 [ERROR] LogOutputStream:75 - [STDERR_REDIRECT] 
2026-04-01 13:39:33,473 [ERROR] LogOutputStream:75 - [STDERR_REDIRECT] [Fatal Error] :1:1: Premature end of file.
2026-04-01 13:39:33,475 [ERROR] LogOutputStream:75 - [STDERR_REDIRECT] 
2026-04-01 13:39:34,474 [ERROR] LogOutputStream:75 - [STDERR_REDIRECT] [Fatal Error] :1:1: Premature end of file.
2026-04-01 13:39:34,475 [ERROR] LogOutputStream:75 - [STDERR_REDIRECT] 
2026-04-01 13:39:35,469 [ERROR] LogOutputStream:75 - [STDERR_REDIRECT] [Fatal Error] :1:1: Premature end of file.
2026-04-01 13:39:35,469 [ERROR] LogOutputStream:75 - [STDERR_REDIRECT] 
2026-04-01 13:39:36,465 [ERROR] LogOutputStream:75 - [STDERR_REDIRECT] [Fatal Error] :1:1: Premature end of file.
2026-04-01 13:39:36,466 [ERROR] LogOutputStream:75 - [STDERR_REDIRECT] 
2026-04-01 13:39:37,472 [ERROR] LogOutputStream:75 - [STDERR_REDIRECT] [Fatal Error] :1:1: Premature end of file.
2026-04-01 13:39:37,472 [ERROR] LogOutputStream:75 - [STDERR_REDIRECT] 
2026-04-01 13:39:38,469 [ERROR] LogOutputStream:75 - [STDERR_REDIRECT] [Fatal Error] :1:1: Premature end of file.
2026-04-01 13:39:38,469 [ERROR] LogOutputStream:75 - [STDERR_REDIRECT] 
2026-04-01 13:39:39,466 [ERROR] LogOutputStream:75 - [STDERR_REDIRECT] [Fatal Error] :1:1: Premature end of file.
2026-04-01 13:39:39,466 [ERROR] LogOutputStream:75 - [STDERR_REDIRECT] 
2026-04-01 13:39:40,470 [ERROR] LogOutputStream:75 - [STDERR_REDIRECT] [Fatal Error] :1:1: Premature end of file.
2026-04-01 13:39:40,470 [ERROR] LogOutputStream:75 - [STDERR_REDIRECT] 
2026-04-01 13:39:41,471 [ERROR] LogOutputStream:75 - [STDERR_REDIRECT] [Fatal Error] :1:1: Premature end of file.
2026-04-01 13:39:41,471 [ERROR] LogOutputStream:75 - [STDERR_REDIRECT] 
2026-04-01 13:39:42,471 [ERROR] LogOutputStream:75 - [STDERR_REDIRECT] [Fatal Error] :1:1: Premature end of file.
2026-04-01 13:39:42,472 [ERROR] LogOutputStream:75 - [STDERR_REDIRECT] 
2026-04-01 13:39:43,467 [ERROR] LogOutputStream:75 - [STDERR_REDIRECT] [Fatal Error] :1:1: Premature end of file.
2026-04-01 13:39:43,468 [ERROR] LogOutputStream:75 - [STDERR_REDIRECT] 
2026-04-01 13:39:44,472 [ERROR] LogOutputStream:75 - [STDERR_REDIRECT] [Fatal Error] :1:1: Premature end of file.
2026-04-01 13:39:44,472 [ERROR] LogOutputStream:75 - [STDERR_REDIRECT] 
2026-04-01 13:39:45,465 [ERROR] LogOutputStream:75 - [STDERR_REDIRECT] [Fatal Error] :1:1: Premature end of file.
2026-04-01 13:39:45,465 [ERROR] LogOutputStream:75 - [STDERR_REDIRECT] 
2026-04-01 13:39:46,471 [ERROR] LogOutputStream:75 - [STDERR_REDIRECT] [Fatal Error] :1:1: Premature end of file.
2026-04-01 13:39:46,472 [ERROR] LogOutputStream:75 - [STDERR_REDIRECT] 
2026-04-01 13:39:47,472 [ERROR] LogOutputStream:75 - [STDERR_REDIRECT] [Fatal Error] :1:1: Premature end of file.
2026-04-01 13:39:47,473 [ERROR] LogOutputStream:75 - [STDERR_REDIRECT] 
2026-04-01 13:39:48,470 [ERROR] LogOutputStream:75 - [STDERR_REDIRECT] [Fatal Error] :1:1: Premature end of file.
2026-04-01 13:39:48,471 [ERROR] LogOutputStream:75 - [STDERR_REDIRECT] 
2026-04-01 13:39:49,469 [ERROR] LogOutputStream:75 - [STDERR_REDIRECT] [Fatal Error] :1:1: Premature end of file.
2026-04-01 13:39:49,469 [ERROR] LogOutputStream:75 - [STDERR_REDIRECT] 
2026-04-01 13:39:50,466 [ERROR] LogOutputStream:75 - [STDERR_REDIRECT] [Fatal Error] :1:1: Premature end of file.
2026-04-01 13:39:50,466 [ERROR] LogOutputStream:75 - [STDERR_REDIRECT] 
2026-04-01 13:39:51,469 [ERROR] LogOutputStream:75 - [STDERR_REDIRECT] [Fatal Error] :1:1: Premature end of file.
2026-04-01 13:39:51,469 [ERROR] LogOutputStream:75 - [STDERR_REDIRECT] 
2026-04-01 13:39:52,463 [ERROR] LogOutputStream:75 - [STDERR_REDIRECT] [Fatal Error] :1:1: Premature end of file.
2026-04-01 13:39:52,463 [ERROR] LogOutputStream:75 - [STDERR_REDIRECT] 
2026-04-01 13:39:53,463 [ERROR] LogOutputStream:75 - [STDERR_REDIRECT] [Fatal Error] :1:1: Premature end of file.
2026-04-01 13:39:53,464 [ERROR] LogOutputStream:75 - [STDERR_REDIRECT] 
2026-04-01 13:39:54,469 [ERROR] LogOutputStream:75 - [STDERR_REDIRECT] [Fatal Error] :1:1: Premature end of file.
2026-04-01 13:39:54,469 [ERROR] LogOutputStream:75 - [STDERR_REDIRECT] 
2026-04-01 13:39:55,470 [ERROR] LogOutputStream:75 - [STDERR_REDIRECT] [Fatal Error] :1:1: Premature end of file.
2026-04-01 13:39:55,470 [ERROR] LogOutputStream:75 - [STDERR_REDIRECT] 
2026-04-01 13:39:56,467 [ERROR] LogOutputStream:75 - [STDERR_REDIRECT] [Fatal Error] :1:1: Premature end of file.
2026-04-01 13:39:56,467 [ERROR] LogOutputStream:75 - [STDERR_REDIRECT] 
2026-04-01 13:39:57,468 [ERROR] LogOutputStream:75 - [STDERR_REDIRECT] [Fatal Error] :1:1: Premature end of file.
2026-04-01 13:39:57,469 [ERROR] LogOutputStream:75 - [STDERR_REDIRECT] 
2026-04-01 13:39:58,471 [ERROR] LogOutputStream:75 - [STDERR_REDIRECT] [Fatal Error] :1:1: Premature end of file.
2026-04-01 13:39:58,472 [ERROR] LogOutputStream:75 - [STDERR_REDIRECT] 
2026-04-01 13:39:59,466 [ERROR] LogOutputStream:75 - [STDERR_REDIRECT] [Fatal Error] :1:1: Premature end of file.
2026-04-01 13:39:59,467 [ERROR] LogOutputStream:75 - [STDERR_REDIRECT] 
2026-04-01 13:40:00,464 [ERROR] LogOutputStream:75 - [STDERR_REDIRECT] [Fatal Error] :1:1: Premature end of file.
2026-04-01 13:40:00,465 [ERROR] LogOutputStream:75 - [STDERR_REDIRECT] 
2026-04-01 13:40:01,464 [ERROR] LogOutputStream:75 - [STDERR_REDIRECT] [Fatal Error] :1:1: Premature end of file.
2026-04-01 13:40:01,465 [ERROR] LogOutputStream:75 - [STDERR_REDIRECT] 
2026-04-01 13:40:02,471 [ERROR] LogOutputStream:75 - [STDERR_REDIRECT] [Fatal Error] :1:1: Premature end of file.
2026-04-01 13:40:02,473 [ERROR] LogOutputStream:75 - [STDERR_REDIRECT] 
2026-04-01 13:40:03,467 [ERROR] LogOutputStream:75 - [STDERR_REDIRECT] [Fatal Error] :1:1: Premature end of file.
2026-04-01 13:40:03,467 [ERROR] LogOutputStream:75 - [STDERR_REDIRECT] 
2026-04-01 13:40:04,467 [ERROR] LogOutputStream:75 - [STDERR_REDIRECT] [Fatal Error] :1:1: Premature end of file.
2026-04-01 13:40:04,467 [ERROR] LogOutputStream:75 - [STDERR_REDIRECT] 
2026-04-01 13:40:05,468 [ERROR] LogOutputStream:75 - [STDERR_REDIRECT] [Fatal Error] :1:1: Premature end of file.
2026-04-01 13:40:05,468 [ERROR] LogOutputStream:75 - [STDERR_REDIRECT] 
2026-04-01 13:40:06,468 [ERROR] LogOutputStream:75 - [STDERR_REDIRECT] [Fatal Error] :1:1: Premature end of file.
2026-04-01 13:40:06,468 [ERROR] LogOutputStream:75 - [STDERR_REDIRECT] 
2026-04-01 13:40:07,467 [ERROR] LogOutputStream:75 - [STDERR_REDIRECT] [Fatal Error] :1:1: Premature end of file.
2026-04-01 13:40:07,467 [ERROR] LogOutputStream:75 - [STDERR_REDIRECT] 
2026-04-01 13:40:08,465 [ERROR] LogOutputStream:75 - [STDERR_REDIRECT] [Fatal Error] :1:1: Premature end of file.
2026-04-01 13:40:08,466 [ERROR] LogOutputStream:75 - [STDERR_REDIRECT] 
2026-04-01 13:40:09,464 [ERROR] LogOutputStream:75 - [STDERR_REDIRECT] [Fatal Error] :1:1: Premature end of file.
2026-04-01 13:40:09,464 [ERROR] LogOutputStream:75 - [STDERR_REDIRECT] 
2026-04-01 13:40:10,470 [ERROR] LogOutputStream:75 - [STDERR_REDIRECT] [Fatal Error] :1:1: Premature end of file.
2026-04-01 13:40:10,470 [ERROR] LogOutputStream:75 - [STDERR_REDIRECT] 
2026-04-01 13:40:11,468 [ERROR] LogOutputStream:75 - [STDERR_REDIRECT] [Fatal Error] :1:1: Premature end of file.
2026-04-01 13:40:11,468 [ERROR] LogOutputStream:75 - [STDERR_REDIRECT] 
2026-04-01 13:40:12,464 [ERROR] LogOutputStream:75 - [STDERR_REDIRECT] [Fatal Error] :1:1: Premature end of file.
2026-04-01 13:40:12,464 [ERROR] LogOutputStream:75 - [STDERR_REDIRECT] 
2026-04-01 13:40:13,468 [ERROR] LogOutputStream:75 - [STDERR_REDIRECT] [Fatal Error] :1:1: Premature end of file.
2026-04-01 13:40:13,468 [ERROR] LogOutputStream:75 - [STDERR_REDIRECT] 
2026-04-01 13:40:14,479 [ERROR] LogOutputStream:75 - [STDERR_REDIRECT] [Fatal Error] :1:1: Premature end of file.
2026-04-01 13:40:14,480 [ERROR] LogOutputStream:75 - [STDERR_REDIRECT] 
2026-04-01 13:40:15,467 [ERROR] LogOutputStream:75 - [STDERR_REDIRECT] [Fatal Error] :1:1: Premature end of file.
2026-04-01 13:40:15,468 [ERROR] LogOutputStream:75 - [STDERR_REDIRECT] 
2026-04-01 13:40:16,469 [ERROR] LogOutputStream:75 - [STDERR_REDIRECT] [Fatal Error] :1:1: Premature end of file.
2026-04-01 13:40:16,470 [ERROR] LogOutputStream:75 - [STDERR_REDIRECT] 
2026-04-01 13:40:17,471 [ERROR] LogOutputStream:75 - [STDERR_REDIRECT] [Fatal Error] :1:1: Premature end of file.
2026-04-01 13:40:17,472 [ERROR] LogOutputStream:75 - [STDERR_REDIRECT] 
2026-04-01 13:40:18,468 [ERROR] LogOutputStream:75 - [STDERR_REDIRECT] [Fatal Error] :1:1: Premature end of file.
2026-04-01 13:40:18,468 [ERROR] LogOutputStream:75 - [STDERR_REDIRECT] 
2026-04-01 13:40:19,472 [ERROR] LogOutputStream:75 - [STDERR_REDIRECT] [Fatal Error] :1:1: Premature end of file.
2026-04-01 13:40:19,472 [ERROR] LogOutputStream:75 - [STDERR_REDIRECT] 
2026-04-01 13:40:20,468 [ERROR] LogOutputStream:75 - [STDERR_REDIRECT] [Fatal Error] :1:1: Premature end of file.
2026-04-01 13:40:20,469 [ERROR] LogOutputStream:75 - [STDERR_REDIRECT] 
2026-04-01 13:40:21,469 [ERROR] LogOutputStream:75 - [STDERR_REDIRECT] [Fatal Error] :1:1: Premature end of file.
2026-04-01 13:40:21,470 [ERROR] LogOutputStream:75 - [STDERR_REDIRECT] 
2026-04-01 13:40:22,468 [ERROR] LogOutputStream:75 - [STDERR_REDIRECT] [Fatal Error] :1:1: Premature end of file.
2026-04-01 13:40:22,468 [ERROR] LogOutputStream:75 - [STDERR_REDIRECT] 
2026-04-01 13:40:23,463 [ERROR] LogOutputStream:75 - [STDERR_REDIRECT] [Fatal Error] :1:1: Premature end of file.
2026-04-01 13:40:23,463 [ERROR] LogOutputStream:75 - [STDERR_REDIRECT] 
2026-04-01 13:40:24,466 [ERROR] LogOutputStream:75 - [STDERR_REDIRECT] [Fatal Error] :1:1: Premature end of file.
2026-04-01 13:40:24,467 [ERROR] LogOutputStream:75 - [STDERR_REDIRECT] 
2026-04-01 13:40:25,470 [ERROR] LogOutputStream:75 - [STDERR_REDIRECT] [Fatal Error] :1:1: Premature end of file.
2026-04-01 13:40:25,470 [ERROR] LogOutputStream:75 - [STDERR_REDIRECT] 
2026-04-01 13:40:26,465 [ERROR] LogOutputStream:75 - [STDERR_REDIRECT] [Fatal Error] :1:1: Premature end of file.
2026-04-01 13:40:26,465 [ERROR] LogOutputStream:75 - [STDERR_REDIRECT] 
2026-04-01 13:40:27,466 [ERROR] LogOutputStream:75 - [STDERR_REDIRECT] [Fatal Error] :1:1: Premature end of file.
2026-04-01 13:40:27,466 [ERROR] LogOutputStream:75 - [STDERR_REDIRECT] 
2026-04-01 13:40:28,463 [ERROR] LogOutputStream:75 - [STDERR_REDIRECT] [Fatal Error] :1:1: Premature end of file.
2026-04-01 13:40:28,463 [ERROR] LogOutputStream:75 - [STDERR_REDIRECT] 
2026-04-01 13:40:29,464 [ERROR] LogOutputStream:75 - [STDERR_REDIRECT] [Fatal Error] :1:1: Premature end of file.
2026-04-01 13:40:29,465 [ERROR] LogOutputStream:75 - [STDERR_REDIRECT] 
2026-04-01 13:40:30,467 [ERROR] LogOutputStream:75 - [STDERR_REDIRECT] [Fatal Error] :1:1: Premature end of file.
2026-04-01 13:40:30,467 [ERROR] LogOutputStream:75 - [STDERR_REDIRECT] 
2026-04-01 13:40:31,467 [ERROR] LogOutputStream:75 - [STDERR_REDIRECT] [Fatal Error] :1:1: Premature end of file.
2026-04-01 13:40:31,467 [ERROR] LogOutputStream:75 - [STDERR_REDIRECT] 
2026-04-01 13:40:32,465 [ERROR] LogOutputStream:75 - [STDERR_REDIRECT] [Fatal Error] :1:1: Premature end of file.
2026-04-01 13:40:32,466 [ERROR] LogOutputStream:75 - [STDERR_REDIRECT] 
2026-04-01 13:40:33,472 [ERROR] LogOutputStream:75 - [STDERR_REDIRECT] [Fatal Error] :1:1: Premature end of file.
2026-04-01 13:40:33,472 [ERROR] LogOutputStream:75 - [STDERR_REDIRECT] 
2026-04-01 13:40:34,468 [ERROR] LogOutputStream:75 - [STDERR_REDIRECT] [Fatal Error] :1:1: Premature end of file.
2026-04-01 13:40:34,468 [ERROR] LogOutputStream:75 - [STDERR_REDIRECT] 
2026-04-01 13:40:35,465 [ERROR] LogOutputStream:75 - [STDERR_REDIRECT] [Fatal Error] :1:1: Premature end of file.
2026-04-01 13:40:35,465 [ERROR] LogOutputStream:75 - [STDERR_REDIRECT] 
2026-04-01 13:40:36,465 [ERROR] LogOutputStream:75 - [STDERR_REDIRECT] [Fatal Error] :1:1: Premature end of file.
2026-04-01 13:40:36,465 [ERROR] LogOutputStream:75 - [STDERR_REDIRECT] 
2026-04-01 13:40:37,470 [ERROR] LogOutputStream:75 - [STDERR_REDIRECT] [Fatal Error] :1:1: Premature end of file.
2026-04-01 13:40:37,471 [ERROR] LogOutputStream:75 - [STDERR_REDIRECT] 
2026-04-01 13:40:38,464 [ERROR] LogOutputStream:75 - [STDERR_REDIRECT] [Fatal Error] :1:1: Premature end of file.
2026-04-01 13:40:38,464 [ERROR] LogOutputStream:75 - [STDERR_REDIRECT] 
2026-04-01 13:40:39,470 [ERROR] LogOutputStream:75 - [STDERR_REDIRECT] [Fatal Error] :1:1: Premature end of file.
2026-04-01 13:40:39,470 [ERROR] LogOutputStream:75 - [STDERR_REDIRECT] 
2026-04-01 13:40:40,465 [ERROR] LogOutputStream:75 - [STDERR_REDIRECT] [Fatal Error] :1:1: Premature end of file.
2026-04-01 13:40:40,466 [ERROR] LogOutputStream:75 - [STDERR_REDIRECT] 
2026-04-01 13:40:41,467 [ERROR] LogOutputStream:75 - [STDERR_REDIRECT] [Fatal Error] :1:1: Premature end of file.
2026-04-01 13:40:41,467 [ERROR] LogOutputStream:75 - [STDERR_REDIRECT] 
2026-04-01 13:40:42,464 [ERROR] LogOutputStream:75 - [STDERR_REDIRECT] [Fatal Error] :1:1: Premature end of file.
2026-04-01 13:40:42,464 [ERROR] LogOutputStream:75 - [STDERR_REDIRECT] 
2026-04-01 13:40:43,464 [ERROR] LogOutputStream:75 - [STDERR_REDIRECT] [Fatal Error] :1:1: Premature end of file.
2026-04-01 13:40:43,465 [ERROR] LogOutputStream:75 - [STDERR_REDIRECT] 
2026-04-01 13:40:44,465 [ERROR] LogOutputStream:75 - [STDERR_REDIRECT] [Fatal Error] :1:1: Premature end of file.
2026-04-01 13:40:44,465 [ERROR] LogOutputStream:75 - [STDERR_REDIRECT] 
2026-04-01 13:40:45,470 [ERROR] LogOutputStream:75 - [STDERR_REDIRECT] [Fatal Error] :1:1: Premature end of file.
2026-04-01 13:40:45,470 [ERROR] LogOutputStream:75 - [STDERR_REDIRECT] 
2026-04-01 13:40:46,471 [ERROR] LogOutputStream:75 - [STDERR_REDIRECT] [Fatal Error] :1:1: Premature end of file.
2026-04-01 13:40:46,472 [ERROR] LogOutputStream:75 - [STDERR_REDIRECT] 
2026-04-01 13:40:47,472 [ERROR] LogOutputStream:75 - [STDERR_REDIRECT] [Fatal Error] :1:1: Premature end of file.
2026-04-01 13:40:47,472 [ERROR] LogOutputStream:75 - [STDERR_REDIRECT] 
2026-04-01 13:40:48,467 [ERROR] LogOutputStream:75 - [STDERR_REDIRECT] [Fatal Error] :1:1: Premature end of file.
2026-04-01 13:40:48,467 [ERROR] LogOutputStream:75 - [STDERR_REDIRECT] 
2026-04-01 13:40:49,470 [ERROR] LogOutputStream:75 - [STDERR_REDIRECT] [Fatal Error] :1:1: Premature end of file.
2026-04-01 13:40:49,470 [ERROR] LogOutputStream:75 - [STDERR_REDIRECT] 
2026-04-01 13:40:50,471 [ERROR] LogOutputStream:75 - [STDERR_REDIRECT] [Fatal Error] :1:1: Premature end of file.
2026-04-01 13:40:50,471 [ERROR] LogOutputStream:75 - [STDERR_REDIRECT] 
2026-04-01 13:40:51,470 [ERROR] LogOutputStream:75 - [STDERR_REDIRECT] [Fatal Error] :1:1: Premature end of file.
2026-04-01 13:40:51,470 [ERROR] LogOutputStream:75 - [STDERR_REDIRECT] 
2026-04-01 13:40:52,477 [ERROR] LogOutputStream:75 - [STDERR_REDIRECT] [Fatal Error] :1:1: Premature end of file.
2026-04-01 13:40:52,477 [ERROR] LogOutputStream:75 - [STDERR_REDIRECT] 
2026-04-01 13:40:53,466 [ERROR] LogOutputStream:75 - [STDERR_REDIRECT] [Fatal Error] :1:1: Premature end of file.
2026-04-01 13:40:53,466 [ERROR] LogOutputStream:75 - [STDERR_REDIRECT] 
2026-04-01 13:40:54,468 [ERROR] LogOutputStream:75 - [STDERR_REDIRECT] [Fatal Error] :1:1: Premature end of file.
2026-04-01 13:40:54,468 [ERROR] LogOutputStream:75 - [STDERR_REDIRECT] 
2026-04-01 13:40:55,465 [ERROR] LogOutputStream:75 - [STDERR_REDIRECT] [Fatal Error] :1:1: Premature end of file.
2026-04-01 13:40:55,466 [ERROR] LogOutputStream:75 - [STDERR_REDIRECT] 
2026-04-01 13:40:56,471 [ERROR] LogOutputStream:75 - [STDERR_REDIRECT] [Fatal Error] :1:1: Premature end of file.
2026-04-01 13:40:56,471 [ERROR] LogOutputStream:75 - [STDERR_REDIRECT] 
2026-04-01 13:40:57,468 [ERROR] LogOutputStream:75 - [STDERR_REDIRECT] [Fatal Error] :1:1: Premature end of file.
2026-04-01 13:40:57,468 [ERROR] LogOutputStream:75 - [STDERR_REDIRECT] 
2026-04-01 13:40:58,469 [ERROR] LogOutputStream:75 - [STDERR_REDIRECT] [Fatal Error] :1:1: Premature end of file.
2026-04-01 13:40:58,470 [ERROR] LogOutputStream:75 - [STDERR_REDIRECT] 
2026-04-01 13:40:59,465 [ERROR] LogOutputStream:75 - [STDERR_REDIRECT] [Fatal Error] :1:1: Premature end of file.
2026-04-01 13:40:59,465 [ERROR] LogOutputStream:75 - [STDERR_REDIRECT] 
2026-04-01 13:41:00,464 [ERROR] LogOutputStream:75 - [STDERR_REDIRECT] [Fatal Error] :1:1: Premature end of file.
2026-04-01 13:41:00,465 [ERROR] LogOutputStream:75 - [STDERR_REDIRECT] 
2026-04-01 13:41:01,469 [ERROR] LogOutputStream:75 - [STDERR_REDIRECT] [Fatal Error] :1:1: Premature end of file.
2026-04-01 13:41:01,469 [ERROR] LogOutputStream:75 - [STDERR_REDIRECT] 
2026-04-01 13:41:02,465 [ERROR] LogOutputStream:75 - [STDERR_REDIRECT] [Fatal Error] :1:1: Premature end of file.
2026-04-01 13:41:02,465 [ERROR] LogOutputStream:75 - [STDERR_REDIRECT] 
2026-04-01 13:41:03,470 [ERROR] LogOutputStream:75 - [STDERR_REDIRECT] [Fatal Error] :1:1: Premature end of file.
2026-04-01 13:41:03,470 [ERROR] LogOutputStream:75 - [STDERR_REDIRECT] 
2026-04-01 13:41:04,464 [ERROR] LogOutputStream:75 - [STDERR_REDIRECT] [Fatal Error] :1:1: Premature end of file.
2026-04-01 13:41:04,464 [ERROR] LogOutputStream:75 - [STDERR_REDIRECT] 
2026-04-01 13:41:05,466 [ERROR] LogOutputStream:75 - [STDERR_REDIRECT] [Fatal Error] :1:1: Premature end of file.
2026-04-01 13:41:05,466 [ERROR] LogOutputStream:75 - [STDERR_REDIRECT] 
2026-04-01 13:41:06,467 [ERROR] LogOutputStream:75 - [STDERR_REDIRECT] [Fatal Error] :1:1: Premature end of file.
2026-04-01 13:41:06,471 [ERROR] LogOutputStream:75 - [STDERR_REDIRECT] 
2026-04-01 13:41:07,469 [ERROR] LogOutputStream:75 - [STDERR_REDIRECT] [Fatal Error] :1:1: Premature end of file.
2026-04-01 13:41:07,469 [ERROR] LogOutputStream:75 - [STDERR_REDIRECT] 
2026-04-01 13:41:08,469 [ERROR] LogOutputStream:75 - [STDERR_REDIRECT] [Fatal Error] :1:1: Premature end of file.
2026-04-01 13:41:08,470 [ERROR] LogOutputStream:75 - [STDERR_REDIRECT] 
2026-04-01 13:41:09,465 [ERROR] LogOutputStream:75 - [STDERR_REDIRECT] [Fatal Error] :1:1: Premature end of file.
2026-04-01 13:41:09,465 [ERROR] LogOutputStream:75 - [STDERR_REDIRECT] 
2026-04-01 13:41:10,466 [ERROR] LogOutputStream:75 - [STDERR_REDIRECT] [Fatal Error] :1:1: Premature end of file.
2026-04-01 13:41:10,467 [ERROR] LogOutputStream:75 - [STDERR_REDIRECT] 
2026-04-01 13:41:11,466 [ERROR] LogOutputStream:75 - [STDERR_REDIRECT] [Fatal Error] :1:1: Premature end of file.
2026-04-01 13:41:11,466 [ERROR] LogOutputStream:75 - [STDERR_REDIRECT] 
2026-04-01 13:41:12,472 [ERROR] LogOutputStream:75 - [STDERR_REDIRECT] [Fatal Error] :1:1: Premature end of file.
2026-04-01 13:41:12,472 [ERROR] LogOutputStream:75 - [STDERR_REDIRECT] 
2026-04-01 13:41:13,473 [ERROR] LogOutputStream:75 - [STDERR_REDIRECT] [Fatal Error] :1:1: Premature end of file.
2026-04-01 13:41:13,473 [ERROR] LogOutputStream:75 - [STDERR_REDIRECT] 
2026-04-01 13:41:14,471 [ERROR] LogOutputStream:75 - [STDERR_REDIRECT] [Fatal Error] :1:1: Premature end of file.
2026-04-01 13:41:14,472 [ERROR] LogOutputStream:75 - [STDERR_REDIRECT] 
2026-04-01 13:41:15,472 [ERROR] LogOutputStream:75 - [STDERR_REDIRECT] [Fatal Error] :1:1: Premature end of file.
2026-04-01 13:41:15,472 [ERROR] LogOutputStream:75 - [STDERR_REDIRECT] 
2026-04-01 13:41:16,467 [ERROR] LogOutputStream:75 - [STDERR_REDIRECT] [Fatal Error] :1:1: Premature end of file.
2026-04-01 13:41:16,468 [ERROR] LogOutputStream:75 - [STDERR_REDIRECT] 
2026-04-01 13:41:17,476 [ERROR] LogOutputStream:75 - [STDERR_REDIRECT] [Fatal Error] :1:1: Premature end of file.
2026-04-01 13:41:17,476 [ERROR] LogOutputStream:75 - [STDERR_REDIRECT] 
2026-04-01 13:41:18,473 [ERROR] LogOutputStream:75 - [STDERR_REDIRECT] [Fatal Error] :1:1: Premature end of file.
2026-04-01 13:41:18,474 [ERROR] LogOutputStream:75 - [STDERR_REDIRECT] 
2026-04-01 13:41:19,463 [ERROR] LogOutputStream:75 - [STDERR_REDIRECT] [Fatal Error] :1:1: Premature end of file.
2026-04-01 13:41:19,464 [ERROR] LogOutputStream:75 - [STDERR_REDIRECT] 
2026-04-01 13:41:20,470 [ERROR] LogOutputStream:75 - [STDERR_REDIRECT] [Fatal Error] :1:1: Premature end of file.
2026-04-01 13:41:20,471 [ERROR] LogOutputStream:75 - [STDERR_REDIRECT] 
2026-04-01 13:41:21,466 [ERROR] LogOutputStream:75 - [STDERR_REDIRECT] [Fatal Error] :1:1: Premature end of file.
2026-04-01 13:41:21,467 [ERROR] LogOutputStream:75 - [STDERR_REDIRECT] 
2026-04-01 13:41:22,471 [ERROR] LogOutputStream:75 - [STDERR_REDIRECT] [Fatal Error] :1:1: Premature end of file.
2026-04-01 13:41:22,471 [ERROR] LogOutputStream:75 - [STDERR_REDIRECT] 
2026-04-01 13:41:23,465 [ERROR] LogOutputStream:75 - [STDERR_REDIRECT] [Fatal Error] :1:1: Premature end of file.
2026-04-01 13:41:23,465 [ERROR] LogOutputStream:75 - [STDERR_REDIRECT] 
2026-04-01 13:41:24,465 [ERROR] LogOutputStream:75 - [STDERR_REDIRECT] [Fatal Error] :1:1: Premature end of file.
2026-04-01 13:41:24,466 [ERROR] LogOutputStream:75 - [STDERR_REDIRECT] 
2026-04-01 13:41:25,469 [ERROR] LogOutputStream:75 - [STDERR_REDIRECT] [Fatal Error] :1:1: Premature end of file.
2026-04-01 13:41:25,469 [ERROR] LogOutputStream:75 - [STDERR_REDIRECT] 
2026-04-01 13:41:26,466 [ERROR] LogOutputStream:75 - [STDERR_REDIRECT] [Fatal Error] :1:1: Premature end of file.
2026-04-01 13:41:26,466 [ERROR] LogOutputStream:75 - [STDERR_REDIRECT] 
2026-04-01 13:41:27,475 [ERROR] LogOutputStream:75 - [STDERR_REDIRECT] [Fatal Error] :1:1: Premature end of file.
2026-04-01 13:41:27,475 [ERROR] LogOutputStream:75 - [STDERR_REDIRECT] 
2026-04-01 13:41:28,467 [ERROR] LogOutputStream:75 - [STDERR_REDIRECT] [Fatal Error] :1:1: Premature end of file.
2026-04-01 13:41:28,467 [ERROR] LogOutputStream:75 - [STDERR_REDIRECT] 
2026-04-01 13:41:29,469 [ERROR] LogOutputStream:75 - [STDERR_REDIRECT] [Fatal Error] :1:1: Premature end of file.
2026-04-01 13:41:29,470 [ERROR] LogOutputStream:75 - [STDERR_REDIRECT] 
2026-04-01 13:41:30,470 [ERROR] LogOutputStream:75 - [STDERR_REDIRECT] [Fatal Error] :1:1: Premature end of file.
2026-04-01 13:41:30,470 [ERROR] LogOutputStream:75 - [STDERR_REDIRECT] 
2026-04-01 13:41:31,468 [ERROR] LogOutputStream:75 - [STDERR_REDIRECT] [Fatal Error] :1:1: Premature end of file.
2026-04-01 13:41:31,468 [ERROR] LogOutputStream:75 - [STDERR_REDIRECT] 
2026-04-01 13:41:32,469 [ERROR] LogOutputStream:75 - [STDERR_REDIRECT] [Fatal Error] :1:1: Premature end of file.
2026-04-01 13:41:32,469 [ERROR] LogOutputStream:75 - [STDERR_REDIRECT] 
2026-04-01 13:41:33,466 [ERROR] LogOutputStream:75 - [STDERR_REDIRECT] [Fatal Error] :1:1: Premature end of file.
2026-04-01 13:41:33,467 [ERROR] LogOutputStream:75 - [STDERR_REDIRECT] 
2026-04-01 13:41:34,477 [ERROR] LogOutputStream:75 - [STDERR_REDIRECT] [Fatal Error] :1:1: Premature end of file.
2026-04-01 13:41:34,478 [ERROR] LogOutputStream:75 - [STDERR_REDIRECT] 
2026-04-01 13:41:35,467 [ERROR] LogOutputStream:75 - [STDERR_REDIRECT] [Fatal Error] :1:1: Premature end of file.
2026-04-01 13:41:35,467 [ERROR] LogOutputStream:75 - [STDERR_REDIRECT] 
2026-04-01 13:41:36,471 [ERROR] LogOutputStream:75 - [STDERR_REDIRECT] [Fatal Error] :1:1: Premature end of file.
2026-04-01 13:41:36,471 [ERROR] LogOutputStream:75 - [STDERR_REDIRECT] 
2026-04-01 13:41:37,468 [ERROR] LogOutputStream:75 - [STDERR_REDIRECT] [Fatal Error] :1:1: Premature end of file.
2026-04-01 13:41:37,468 [ERROR] LogOutputStream:75 - [STDERR_REDIRECT] 
2026-04-01 13:41:38,471 [ERROR] LogOutputStream:75 - [STDERR_REDIRECT] [Fatal Error] :1:1: Premature end of file.
2026-04-01 13:41:38,472 [ERROR] LogOutputStream:75 - [STDERR_REDIRECT] 
2026-04-01 13:41:39,472 [ERROR] LogOutputStream:75 - [STDERR_REDIRECT] [Fatal Error] :1:1: Premature end of file.
2026-04-01 13:41:39,472 [ERROR] LogOutputStream:75 - [STDERR_REDIRECT] 
2026-04-01 13:41:40,465 [ERROR] LogOutputStream:75 - [STDERR_REDIRECT] [Fatal Error] :1:1: Premature end of file.
2026-04-01 13:41:40,465 [ERROR] LogOutputStream:75 - [STDERR_REDIRECT] 
2026-04-01 13:41:41,471 [ERROR] LogOutputStream:75 - [STDERR_REDIRECT] [Fatal Error] :1:1: Premature end of file.
2026-04-01 13:41:41,471 [ERROR] LogOutputStream:75 - [STDERR_REDIRECT] 
2026-04-01 13:41:42,470 [ERROR] LogOutputStream:75 - [STDERR_REDIRECT] [Fatal Error] :1:1: Premature end of file.
2026-04-01 13:41:42,471 [ERROR] LogOutputStream:75 - [STDERR_REDIRECT] 
2026-04-01 13:41:43,473 [ERROR] LogOutputStream:75 - [STDERR_REDIRECT] [Fatal Error] :1:1: Premature end of file.
2026-04-01 13:41:43,473 [ERROR] LogOutputStream:75 - [STDERR_REDIRECT] 
2026-04-01 13:41:44,470 [ERROR] LogOutputStream:75 - [STDERR_REDIRECT] [Fatal Error] :1:1: Premature end of file.
2026-04-01 13:41:44,470 [ERROR] LogOutputStream:75 - [STDERR_REDIRECT] 
2026-04-01 13:41:45,467 [ERROR] LogOutputStream:75 - [STDERR_REDIRECT] [Fatal Error] :1:1: Premature end of file.
2026-04-01 13:41:45,467 [ERROR] LogOutputStream:75 - [STDERR_REDIRECT] 
2026-04-01 13:41:46,469 [ERROR] LogOutputStream:75 - [STDERR_REDIRECT] [Fatal Error] :1:1: Premature end of file.
2026-04-01 13:41:46,469 [ERROR] LogOutputStream:75 - [STDERR_REDIRECT] 
2026-04-01 13:41:47,473 [ERROR] LogOutputStream:75 - [STDERR_REDIRECT] [Fatal Error] :1:1: Premature end of file.
2026-04-01 13:41:47,473 [ERROR] LogOutputStream:75 - [STDERR_REDIRECT] 
2026-04-01 13:41:48,472 [ERROR] LogOutputStream:75 - [STDERR_REDIRECT] [Fatal Error] :1:1: Premature end of file.
2026-04-01 13:41:48,472 [ERROR] LogOutputStream:75 - [STDERR_REDIRECT] 
2026-04-01 13:41:49,467 [ERROR] LogOutputStream:75 - [STDERR_REDIRECT] [Fatal Error] :1:1: Premature end of file.
2026-04-01 13:41:49,467 [ERROR] LogOutputStream:75 - [STDERR_REDIRECT] 
2026-04-01 13:41:50,473 [ERROR] LogOutputStream:75 - [STDERR_REDIRECT] [Fatal Error] :1:1: Premature end of file.
2026-04-01 13:41:50,473 [ERROR] LogOutputStream:75 - [STDERR_REDIRECT] 
2026-04-01 13:41:51,467 [ERROR] LogOutputStream:75 - [STDERR_REDIRECT] [Fatal Error] :1:1: Premature end of file.
2026-04-01 13:41:51,467 [ERROR] LogOutputStream:75 - [STDERR_REDIRECT] 
2026-04-01 13:41:52,465 [ERROR] LogOutputStream:75 - [STDERR_REDIRECT] [Fatal Error] :1:1: Premature end of file.
2026-04-01 13:41:52,465 [ERROR] LogOutputStream:75 - [STDERR_REDIRECT] 
2026-04-01 13:41:53,476 [ERROR] LogOutputStream:75 - [STDERR_REDIRECT] [Fatal Error] :1:1: Premature end of file.
2026-04-01 13:41:53,476 [ERROR] LogOutputStream:75 - [STDERR_REDIRECT] 
2026-04-01 13:41:54,468 [ERROR] LogOutputStream:75 - [STDERR_REDIRECT] [Fatal Error] :1:1: Premature end of file.
2026-04-01 13:41:54,468 [ERROR] LogOutputStream:75 - [STDERR_REDIRECT] 
2026-04-01 13:41:55,465 [ERROR] LogOutputStream:75 - [STDERR_REDIRECT] [Fatal Error] :1:1: Premature end of file.
2026-04-01 13:41:55,466 [ERROR] LogOutputStream:75 - [STDERR_REDIRECT] 
2026-04-01 13:41:56,466 [ERROR] LogOutputStream:75 - [STDERR_REDIRECT] [Fatal Error] :1:1: Premature end of file.
2026-04-01 13:41:56,466 [ERROR] LogOutputStream:75 - [STDERR_REDIRECT] 
2026-04-01 13:41:57,464 [ERROR] LogOutputStream:75 - [STDERR_REDIRECT] [Fatal Error] :1:1: Premature end of file.
2026-04-01 13:41:57,464 [ERROR] LogOutputStream:75 - [STDERR_REDIRECT] 
2026-04-01 13:41:58,467 [ERROR] LogOutputStream:75 - [STDERR_REDIRECT] [Fatal Error] :1:1: Premature end of file.
2026-04-01 13:41:58,467 [ERROR] LogOutputStream:75 - [STDERR_REDIRECT] 
2026-04-01 13:41:59,469 [ERROR] LogOutputStream:75 - [STDERR_REDIRECT] [Fatal Error] :1:1: Premature end of file.
2026-04-01 13:41:59,469 [ERROR] LogOutputStream:75 - [STDERR_REDIRECT] 
2026-04-01 13:42:00,469 [ERROR] LogOutputStream:75 - [STDERR_REDIRECT] [Fatal Error] :1:1: Premature end of file.
2026-04-01 13:42:00,469 [ERROR] LogOutputStream:75 - [STDERR_REDIRECT] 
2026-04-01 13:42:01,464 [ERROR] LogOutputStream:75 - [STDERR_REDIRECT] [Fatal Error] :1:1: Premature end of file.
2026-04-01 13:42:01,464 [ERROR] LogOutputStream:75 - [STDERR_REDIRECT] 
2026-04-01 13:42:02,469 [ERROR] LogOutputStream:75 - [STDERR_REDIRECT] [Fatal Error] :1:1: Premature end of file.
2026-04-01 13:42:02,469 [ERROR] LogOutputStream:75 - [STDERR_REDIRECT] 
2026-04-01 13:42:03,465 [ERROR] LogOutputStream:75 - [STDERR_REDIRECT] [Fatal Error] :1:1: Premature end of file.
2026-04-01 13:42:03,465 [ERROR] LogOutputStream:75 - [STDERR_REDIRECT] 
2026-04-01 13:42:04,470 [ERROR] LogOutputStream:75 - [STDERR_REDIRECT] [Fatal Error] :1:1: Premature end of file.
2026-04-01 13:42:04,471 [ERROR] LogOutputStream:75 - [STDERR_REDIRECT] 
2026-04-01 13:42:05,465 [ERROR] LogOutputStream:75 - [STDERR_REDIRECT] [Fatal Error] :1:1: Premature end of file.
2026-04-01 13:42:05,465 [ERROR] LogOutputStream:75 - [STDERR_REDIRECT] 
2026-04-01 13:42:06,465 [ERROR] LogOutputStream:75 - [STDERR_REDIRECT] [Fatal Error] :1:1: Premature end of file.
2026-04-01 13:42:06,466 [ERROR] LogOutputStream:75 - [STDERR_REDIRECT] 
2026-04-01 13:42:07,464 [ERROR] LogOutputStream:75 - [STDERR_REDIRECT] [Fatal Error] :1:1: Premature end of file.
2026-04-01 13:42:07,464 [ERROR] LogOutputStream:75 - [STDERR_REDIRECT] 
2026-04-01 13:42:08,466 [ERROR] LogOutputStream:75 - [STDERR_REDIRECT] [Fatal Error] :1:1: Premature end of file.
2026-04-01 13:42:08,466 [ERROR] LogOutputStream:75 - [STDERR_REDIRECT] 
2026-04-01 13:42:09,465 [ERROR] LogOutputStream:75 - [STDERR_REDIRECT] [Fatal Error] :1:1: Premature end of file.
2026-04-01 13:42:09,465 [ERROR] LogOutputStream:75 - [STDERR_REDIRECT] 
2026-04-01 13:42:10,467 [ERROR] LogOutputStream:75 - [STDERR_REDIRECT] [Fatal Error] :1:1: Premature end of file.
2026-04-01 13:42:10,467 [ERROR] LogOutputStream:75 - [STDERR_REDIRECT] 
2026-04-01 13:42:11,468 [ERROR] LogOutputStream:75 - [STDERR_REDIRECT] [Fatal Error] :1:1: Premature end of file.
2026-04-01 13:42:11,468 [ERROR] LogOutputStream:75 - [STDERR_REDIRECT] 
2026-04-01 13:42:12,467 [ERROR] LogOutputStream:75 - [STDERR_REDIRECT] [Fatal Error] :1:1: Premature end of file.
2026-04-01 13:42:12,467 [ERROR] LogOutputStream:75 - [STDERR_REDIRECT] 
2026-04-01 13:42:13,470 [ERROR] LogOutputStream:75 - [STDERR_REDIRECT] [Fatal Error] :1:1: Premature end of file.
2026-04-01 13:42:13,471 [ERROR] LogOutputStream:75 - [STDERR_REDIRECT] 
2026-04-01 13:42:14,468 [ERROR] LogOutputStream:75 - [STDERR_REDIRECT] [Fatal Error] :1:1: Premature end of file.
2026-04-01 13:42:14,468 [ERROR] LogOutputStream:75 - [STDERR_REDIRECT] 
2026-04-01 13:42:15,466 [ERROR] LogOutputStream:75 - [STDERR_REDIRECT] [Fatal Error] :1:1: Premature end of file.
2026-04-01 13:42:15,466 [ERROR] LogOutputStream:75 - [STDERR_REDIRECT] 
2026-04-01 13:42:16,467 [ERROR] LogOutputStream:75 - [STDERR_REDIRECT] [Fatal Error] :1:1: Premature end of file.
2026-04-01 13:42:16,468 [ERROR] LogOutputStream:75 - [STDERR_REDIRECT] 
2026-04-01 13:42:17,469 [ERROR] LogOutputStream:75 - [STDERR_REDIRECT] [Fatal Error] :1:1: Premature end of file.
2026-04-01 13:42:17,469 [ERROR] LogOutputStream:75 - [STDERR_REDIRECT] 
2026-04-01 13:42:18,472 [ERROR] LogOutputStream:75 - [STDERR_REDIRECT] [Fatal Error] :1:1: Premature end of file.
2026-04-01 13:42:18,473 [ERROR] LogOutputStream:75 - [STDERR_REDIRECT] 
2026-04-01 13:42:19,465 [ERROR] LogOutputStream:75 - [STDERR_REDIRECT] [Fatal Error] :1:1: Premature end of file.
2026-04-01 13:42:19,465 [ERROR] LogOutputStream:75 - [STDERR_REDIRECT] 
2026-04-01 13:42:20,465 [ERROR] LogOutputStream:75 - [STDERR_REDIRECT] [Fatal Error] :1:1: Premature end of file.
2026-04-01 13:42:20,466 [ERROR] LogOutputStream:75 - [STDERR_REDIRECT] 
2026-04-01 13:42:21,472 [ERROR] LogOutputStream:75 - [STDERR_REDIRECT] [Fatal Error] :1:1: Premature end of file.
2026-04-01 13:42:21,472 [ERROR] LogOutputStream:75 - [STDERR_REDIRECT] 
2026-04-01 13:42:22,469 [ERROR] LogOutputStream:75 - [STDERR_REDIRECT] [Fatal Error] :1:1: Premature end of file.
2026-04-01 13:42:22,469 [ERROR] LogOutputStream:75 - [STDERR_REDIRECT] 
2026-04-01 13:42:23,468 [ERROR] LogOutputStream:75 - [STDERR_REDIRECT] [Fatal Error] :1:1: Premature end of file.
2026-04-01 13:42:23,468 [ERROR] LogOutputStream:75 - [STDERR_REDIRECT] 
2026-04-01 13:42:24,470 [ERROR] LogOutputStream:75 - [STDERR_REDIRECT] [Fatal Error] :1:1: Premature end of file.
2026-04-01 13:42:24,471 [ERROR] LogOutputStream:75 - [STDERR_REDIRECT] 
2026-04-01 13:42:25,466 [ERROR] LogOutputStream:75 - [STDERR_REDIRECT] [Fatal Error] :1:1: Premature end of file.
2026-04-01 13:42:25,466 [ERROR] LogOutputStream:75 - [STDERR_REDIRECT] 
2026-04-01 13:42:26,466 [ERROR] LogOutputStream:75 - [STDERR_REDIRECT] [Fatal Error] :1:1: Premature end of file.
2026-04-01 13:42:26,466 [ERROR] LogOutputStream:75 - [STDERR_REDIRECT] 
2026-04-01 13:42:27,465 [ERROR] LogOutputStream:75 - [STDERR_REDIRECT] [Fatal Error] :1:1: Premature end of file.
2026-04-01 13:42:27,465 [ERROR] LogOutputStream:75 - [STDERR_REDIRECT] 
2026-04-01 13:42:28,467 [ERROR] LogOutputStream:75 - [STDERR_REDIRECT] [Fatal Error] :1:1: Premature end of file.
2026-04-01 13:42:28,467 [ERROR] LogOutputStream:75 - [STDERR_REDIRECT] 
2026-04-01 13:42:29,468 [ERROR] LogOutputStream:75 - [STDERR_REDIRECT] [Fatal Error] :1:1: Premature end of file.
2026-04-01 13:42:29,469 [ERROR] LogOutputStream:75 - [STDERR_REDIRECT] 
2026-04-01 13:42:30,472 [ERROR] LogOutputStream:75 - [STDERR_REDIRECT] [Fatal Error] :1:1: Premature end of file.
2026-04-01 13:42:30,472 [ERROR] LogOutputStream:75 - [STDERR_REDIRECT] 
2026-04-01 13:42:31,466 [ERROR] LogOutputStream:75 - [STDERR_REDIRECT] [Fatal Error] :1:1: Premature end of file.
2026-04-01 13:42:31,466 [ERROR] LogOutputStream:75 - [STDERR_REDIRECT] 
2026-04-01 13:42:32,471 [ERROR] LogOutputStream:75 - [STDERR_REDIRECT] [Fatal Error] :1:1: Premature end of file.
2026-04-01 13:42:32,471 [ERROR] LogOutputStream:75 - [STDERR_REDIRECT] 
2026-04-01 13:42:33,470 [ERROR] LogOutputStream:75 - [STDERR_REDIRECT] [Fatal Error] :1:1: Premature end of file.
2026-04-01 13:42:33,470 [ERROR] LogOutputStream:75 - [STDERR_REDIRECT] 
2026-04-01 13:42:34,467 [ERROR] LogOutputStream:75 - [STDERR_REDIRECT] [Fatal Error] :1:1: Premature end of file.
2026-04-01 13:42:34,467 [ERROR] LogOutputStream:75 - [STDERR_REDIRECT] 
2026-04-01 13:42:35,479 [ERROR] LogOutputStream:75 - [STDERR_REDIRECT] [Fatal Error] :1:1: Premature end of file.
2026-04-01 13:42:35,479 [ERROR] LogOutputStream:75 - [STDERR_REDIRECT] 
2026-04-01 13:42:36,465 [ERROR] LogOutputStream:75 - [STDERR_REDIRECT] [Fatal Error] :1:1: Premature end of file.
2026-04-01 13:42:36,465 [ERROR] LogOutputStream:75 - [STDERR_REDIRECT] 
2026-04-01 13:42:37,470 [ERROR] LogOutputStream:75 - [STDERR_REDIRECT] [Fatal Error] :1:1: Premature end of file.
2026-04-01 13:42:37,471 [ERROR] LogOutputStream:75 - [STDERR_REDIRECT] 
2026-04-01 13:42:38,472 [ERROR] LogOutputStream:75 - [STDERR_REDIRECT] [Fatal Error] :1:1: Premature end of file.
2026-04-01 13:42:38,473 [ERROR] LogOutputStream:75 - [STDERR_REDIRECT] 
2026-04-01 13:42:39,467 [ERROR] LogOutputStream:75 - [STDERR_REDIRECT] [Fatal Error] :1:1: Premature end of file.
2026-04-01 13:42:39,467 [ERROR] LogOutputStream:75 - [STDERR_REDIRECT] 
2026-04-01 13:42:40,465 [ERROR] LogOutputStream:75 - [STDERR_REDIRECT] [Fatal Error] :1:1: Premature end of file.
2026-04-01 13:42:40,465 [ERROR] LogOutputStream:75 - [STDERR_REDIRECT] 
2026-04-01 13:42:41,465 [ERROR] LogOutputStream:75 - [STDERR_REDIRECT] [Fatal Error] :1:1: Premature end of file.
2026-04-01 13:42:41,465 [ERROR] LogOutputStream:75 - [STDERR_REDIRECT] 
2026-04-01 13:42:42,470 [ERROR] LogOutputStream:75 - [STDERR_REDIRECT] [Fatal Error] :1:1: Premature end of file.
2026-04-01 13:42:42,471 [ERROR] LogOutputStream:75 - [STDERR_REDIRECT] 
2026-04-01 13:42:43,465 [ERROR] LogOutputStream:75 - [STDERR_REDIRECT] [Fatal Error] :1:1: Premature end of file.
2026-04-01 13:42:43,465 [ERROR] LogOutputStream:75 - [STDERR_REDIRECT] 
2026-04-01 13:42:44,469 [ERROR] LogOutputStream:75 - [STDERR_REDIRECT] [Fatal Error] :1:1: Premature end of file.
2026-04-01 13:42:44,469 [ERROR] LogOutputStream:75 - [STDERR_REDIRECT] 
2026-04-01 13:42:45,466 [ERROR] LogOutputStream:75 - [STDERR_REDIRECT] [Fatal Error] :1:1: Premature end of file.
2026-04-01 13:42:45,466 [ERROR] LogOutputStream:75 - [STDERR_REDIRECT] 
2026-04-01 13:42:46,468 [ERROR] LogOutputStream:75 - [STDERR_REDIRECT] [Fatal Error] :1:1: Premature end of file.
2026-04-01 13:42:46,468 [ERROR] LogOutputStream:75 - [STDERR_REDIRECT] 
2026-04-01 13:42:47,474 [ERROR] LogOutputStream:75 - [STDERR_REDIRECT] [Fatal Error] :1:1: Premature end of file.
2026-04-01 13:42:47,474 [ERROR] LogOutputStream:75 - [STDERR_REDIRECT] 
2026-04-01 13:42:48,475 [ERROR] LogOutputStream:75 - [STDERR_REDIRECT] [Fatal Error] :1:1: Premature end of file.
2026-04-01 13:42:48,475 [ERROR] LogOutputStream:75 - [STDERR_REDIRECT] 
2026-04-01 13:42:49,465 [ERROR] LogOutputStream:75 - [STDERR_REDIRECT] [Fatal Error] :1:1: Premature end of file.
2026-04-01 13:42:49,465 [ERROR] LogOutputStream:75 - [STDERR_REDIRECT] 
2026-04-01 13:42:50,474 [ERROR] LogOutputStream:75 - [STDERR_REDIRECT] [Fatal Error] :1:1: Premature end of file.
2026-04-01 13:42:50,474 [ERROR] LogOutputStream:75 - [STDERR_REDIRECT] 
2026-04-01 13:42:51,472 [ERROR] LogOutputStream:75 - [STDERR_REDIRECT] [Fatal Error] :1:1: Premature end of file.
2026-04-01 13:42:51,473 [ERROR] LogOutputStream:75 - [STDERR_REDIRECT] 
2026-04-01 13:42:52,470 [ERROR] LogOutputStream:75 - [STDERR_REDIRECT] [Fatal Error] :1:1: Premature end of file.
2026-04-01 13:42:52,470 [ERROR] LogOutputStream:75 - [STDERR_REDIRECT] 
2026-04-01 13:42:53,468 [ERROR] LogOutputStream:75 - [STDERR_REDIRECT] [Fatal Error] :1:1: Premature end of file.
2026-04-01 13:42:53,468 [ERROR] LogOutputStream:75 - [STDERR_REDIRECT] 
2026-04-01 13:42:54,474 [ERROR] LogOutputStream:75 - [STDERR_REDIRECT] [Fatal Error] :1:1: Premature end of file.
2026-04-01 13:42:54,475 [ERROR] LogOutputStream:75 - [STDERR_REDIRECT] 
2026-04-01 13:42:55,470 [ERROR] LogOutputStream:75 - [STDERR_REDIRECT] [Fatal Error] :1:1: Premature end of file.
2026-04-01 13:42:55,470 [ERROR] LogOutputStream:75 - [STDERR_REDIRECT] 
2026-04-01 13:42:56,467 [ERROR] LogOutputStream:75 - [STDERR_REDIRECT] [Fatal Error] :1:1: Premature end of file.
2026-04-01 13:42:56,467 [ERROR] LogOutputStream:75 - [STDERR_REDIRECT] 
2026-04-01 13:42:57,463 [ERROR] LogOutputStream:75 - [STDERR_REDIRECT] [Fatal Error] :1:1: Premature end of file.
2026-04-01 13:42:57,463 [ERROR] LogOutputStream:75 - [STDERR_REDIRECT] 
2026-04-01 13:42:58,469 [ERROR] LogOutputStream:75 - [STDERR_REDIRECT] [Fatal Error] :1:1: Premature end of file.
2026-04-01 13:42:58,470 [ERROR] LogOutputStream:75 - [STDERR_REDIRECT] 
2026-04-01 13:42:59,464 [ERROR] LogOutputStream:75 - [STDERR_REDIRECT] [Fatal Error] :1:1: Premature end of file.
2026-04-01 13:42:59,465 [ERROR] LogOutputStream:75 - [STDERR_REDIRECT] 
2026-04-01 13:43:00,475 [ERROR] LogOutputStream:75 - [STDERR_REDIRECT] [Fatal Error] :1:1: Premature end of file.
2026-04-01 13:43:00,475 [ERROR] LogOutputStream:75 - [STDERR_REDIRECT] 
2026-04-01 13:43:01,469 [ERROR] LogOutputStream:75 - [STDERR_REDIRECT] [Fatal Error] :1:1: Premature end of file.
2026-04-01 13:43:01,469 [ERROR] LogOutputStream:75 - [STDERR_REDIRECT] 
2026-04-01 13:43:02,473 [ERROR] LogOutputStream:75 - [STDERR_REDIRECT] [Fatal Error] :1:1: Premature end of file.
2026-04-01 13:43:02,473 [ERROR] LogOutputStream:75 - [STDERR_REDIRECT] 
2026-04-01 13:43:03,473 [ERROR] LogOutputStream:75 - [STDERR_REDIRECT] [Fatal Error] :1:1: Premature end of file.
2026-04-01 13:43:03,473 [ERROR] LogOutputStream:75 - [STDERR_REDIRECT] 
2026-04-01 13:43:04,470 [ERROR] LogOutputStream:75 - [STDERR_REDIRECT] [Fatal Error] :1:1: Premature end of file.
2026-04-01 13:43:04,470 [ERROR] LogOutputStream:75 - [STDERR_REDIRECT] 
2026-04-01 13:43:05,464 [ERROR] LogOutputStream:75 - [STDERR_REDIRECT] [Fatal Error] :1:1: Premature end of file.
2026-04-01 13:43:05,465 [ERROR] LogOutputStream:75 - [STDERR_REDIRECT] 
2026-04-01 13:43:06,472 [ERROR] LogOutputStream:75 - [STDERR_REDIRECT] [Fatal Error] :1:1: Premature end of file.
2026-04-01 13:43:06,472 [ERROR] LogOutputStream:75 - [STDERR_REDIRECT] 
2026-04-01 13:43:07,470 [ERROR] LogOutputStream:75 - [STDERR_REDIRECT] [Fatal Error] :1:1: Premature end of file.
2026-04-01 13:43:07,470 [ERROR] LogOutputStream:75 - [STDERR_REDIRECT] 
2026-04-01 13:43:08,470 [ERROR] LogOutputStream:75 - [STDERR_REDIRECT] [Fatal Error] :1:1: Premature end of file.
2026-04-01 13:43:08,471 [ERROR] LogOutputStream:75 - [STDERR_REDIRECT] 
2026-04-01 13:43:09,471 [ERROR] LogOutputStream:75 - [STDERR_REDIRECT] [Fatal Error] :1:1: Premature end of file.
2026-04-01 13:43:09,472 [ERROR] LogOutputStream:75 - [STDERR_REDIRECT] 
2026-04-01 13:43:10,464 [ERROR] LogOutputStream:75 - [STDERR_REDIRECT] [Fatal Error] :1:1: Premature end of file.
2026-04-01 13:43:10,464 [ERROR] LogOutputStream:75 - [STDERR_REDIRECT] 
2026-04-01 13:43:11,466 [ERROR] LogOutputStream:75 - [STDERR_REDIRECT] [Fatal Error] :1:1: Premature end of file.
2026-04-01 13:43:11,466 [ERROR] LogOutputStream:75 - [STDERR_REDIRECT] 
2026-04-01 13:43:12,471 [ERROR] LogOutputStream:75 - [STDERR_REDIRECT] [Fatal Error] :1:1: Premature end of file.
2026-04-01 13:43:12,471 [ERROR] LogOutputStream:75 - [STDERR_REDIRECT] 
2026-04-01 13:43:13,470 [ERROR] LogOutputStream:75 - [STDERR_REDIRECT] [Fatal Error] :1:1: Premature end of file.
2026-04-01 13:43:13,471 [ERROR] LogOutputStream:75 - [STDERR_REDIRECT] 
2026-04-01 13:43:14,465 [ERROR] LogOutputStream:75 - [STDERR_REDIRECT] [Fatal Error] :1:1: Premature end of file.
2026-04-01 13:43:14,465 [ERROR] LogOutputStream:75 - [STDERR_REDIRECT] 
2026-04-01 13:43:15,483 [ERROR] LogOutputStream:75 - [STDERR_REDIRECT] [Fatal Error] :1:1: Premature end of file.
2026-04-01 13:43:15,483 [ERROR] LogOutputStream:75 - [STDERR_REDIRECT] 
2026-04-01 13:43:16,464 [ERROR] LogOutputStream:75 - [STDERR_REDIRECT] [Fatal Error] :1:1: Premature end of file.
2026-04-01 13:43:16,464 [ERROR] LogOutputStream:75 - [STDERR_REDIRECT] 
2026-04-01 13:43:17,469 [ERROR] LogOutputStream:75 - [STDERR_REDIRECT] [Fatal Error] :1:1: Premature end of file.
2026-04-01 13:43:17,469 [ERROR] LogOutputStream:75 - [STDERR_REDIRECT] 
2026-04-01 13:43:18,468 [ERROR] LogOutputStream:75 - [STDERR_REDIRECT] [Fatal Error] :1:1: Premature end of file.
2026-04-01 13:43:18,468 [ERROR] LogOutputStream:75 - [STDERR_REDIRECT] 
2026-04-01 13:43:19,470 [ERROR] LogOutputStream:75 - [STDERR_REDIRECT] [Fatal Error] :1:1: Premature end of file.
2026-04-01 13:43:19,471 [ERROR] LogOutputStream:75 - [STDERR_REDIRECT] 
2026-04-01 13:43:20,468 [ERROR] LogOutputStream:75 - [STDERR_REDIRECT] [Fatal Error] :1:1: Premature end of file.
2026-04-01 13:43:20,469 [ERROR] LogOutputStream:75 - [STDERR_REDIRECT] 
2026-04-01 13:43:21,471 [ERROR] LogOutputStream:75 - [STDERR_REDIRECT] [Fatal Error] :1:1: Premature end of file.
2026-04-01 13:43:21,471 [ERROR] LogOutputStream:75 - [STDERR_REDIRECT] 
2026-04-01 13:43:22,470 [ERROR] LogOutputStream:75 - [STDERR_REDIRECT] [Fatal Error] :1:1: Premature end of file.
2026-04-01 13:43:22,470 [ERROR] LogOutputStream:75 - [STDERR_REDIRECT] 
2026-04-01 13:43:23,470 [ERROR] LogOutputStream:75 - [STDERR_REDIRECT] [Fatal Error] :1:1: Premature end of file.
2026-04-01 13:43:23,470 [ERROR] LogOutputStream:75 - [STDERR_REDIRECT] 
2026-04-01 13:43:24,469 [ERROR] LogOutputStream:75 - [STDERR_REDIRECT] [Fatal Error] :1:1: Premature end of file.
2026-04-01 13:43:24,469 [ERROR] LogOutputStream:75 - [STDERR_REDIRECT] 
2026-04-01 13:43:25,470 [ERROR] LogOutputStream:75 - [STDERR_REDIRECT] [Fatal Error] :1:1: Premature end of file.
2026-04-01 13:43:25,470 [ERROR] LogOutputStream:75 - [STDERR_REDIRECT] 
2026-04-01 13:43:26,471 [ERROR] LogOutputStream:75 - [STDERR_REDIRECT] [Fatal Error] :1:1: Premature end of file.
2026-04-01 13:43:26,471 [ERROR] LogOutputStream:75 - [STDERR_REDIRECT] 
2026-04-01 13:43:27,463 [ERROR] LogOutputStream:75 - [STDERR_REDIRECT] [Fatal Error] :1:1: Premature end of file.
2026-04-01 13:43:27,463 [ERROR] LogOutputStream:75 - [STDERR_REDIRECT] 
2026-04-01 13:43:28,462 [ERROR] LogOutputStream:75 - [STDERR_REDIRECT] [Fatal Error] :1:1: Premature end of file.
2026-04-01 13:43:28,462 [ERROR] LogOutputStream:75 - [STDERR_REDIRECT] 
2026-04-01 13:43:29,465 [ERROR] LogOutputStream:75 - [STDERR_REDIRECT] [Fatal Error] :1:1: Premature end of file.
2026-04-01 13:43:29,466 [ERROR] LogOutputStream:75 - [STDERR_REDIRECT] 
2026-04-01 13:43:30,469 [ERROR] LogOutputStream:75 - [STDERR_REDIRECT] [Fatal Error] :1:1: Premature end of file.
2026-04-01 13:43:30,469 [ERROR] LogOutputStream:75 - [STDERR_REDIRECT] 
2026-04-01 13:43:31,468 [ERROR] LogOutputStream:75 - [STDERR_REDIRECT] [Fatal Error] :1:1: Premature end of file.
2026-04-01 13:43:31,468 [ERROR] LogOutputStream:75 - [STDERR_REDIRECT] 
2026-04-01 13:43:32,473 [ERROR] LogOutputStream:75 - [STDERR_REDIRECT] [Fatal Error] :1:1: Premature end of file.
2026-04-01 13:43:32,473 [ERROR] LogOutputStream:75 - [STDERR_REDIRECT] 
2026-04-01 13:43:33,469 [ERROR] LogOutputStream:75 - [STDERR_REDIRECT] [Fatal Error] :1:1: Premature end of file.
2026-04-01 13:43:33,469 [ERROR] LogOutputStream:75 - [STDERR_REDIRECT] 
2026-04-01 13:43:34,466 [ERROR] LogOutputStream:75 - [STDERR_REDIRECT] [Fatal Error] :1:1: Premature end of file.
2026-04-01 13:43:34,466 [ERROR] LogOutputStream:75 - [STDERR_REDIRECT] 
2026-04-01 13:43:35,478 [ERROR] LogOutputStream:75 - [STDERR_REDIRECT] [Fatal Error] :1:1: Premature end of file.
2026-04-01 13:43:35,478 [ERROR] LogOutputStream:75 - [STDERR_REDIRECT] 
2026-04-01 13:43:36,468 [ERROR] LogOutputStream:75 - [STDERR_REDIRECT] [Fatal Error] :1:1: Premature end of file.
2026-04-01 13:43:36,468 [ERROR] LogOutputStream:75 - [STDERR_REDIRECT] 
2026-04-01 13:43:37,473 [ERROR] LogOutputStream:75 - [STDERR_REDIRECT] [Fatal Error] :1:1: Premature end of file.
2026-04-01 13:43:37,473 [ERROR] LogOutputStream:75 - [STDERR_REDIRECT] 
2026-04-01 13:43:38,467 [ERROR] LogOutputStream:75 - [STDERR_REDIRECT] [Fatal Error] :1:1: Premature end of file.
2026-04-01 13:43:38,467 [ERROR] LogOutputStream:75 - [STDERR_REDIRECT] 
2026-04-01 13:43:39,470 [ERROR] LogOutputStream:75 - [STDERR_REDIRECT] [Fatal Error] :1:1: Premature end of file.
2026-04-01 13:43:39,470 [ERROR] LogOutputStream:75 - [STDERR_REDIRECT] 
2026-04-01 13:43:40,464 [ERROR] LogOutputStream:75 - [STDERR_REDIRECT] [Fatal Error] :1:1: Premature end of file.
2026-04-01 13:43:40,464 [ERROR] LogOutputStream:75 - [STDERR_REDIRECT] 
2026-04-01 13:43:41,468 [ERROR] LogOutputStream:75 - [STDERR_REDIRECT] [Fatal Error] :1:1: Premature end of file.
2026-04-01 13:43:41,468 [ERROR] LogOutputStream:75 - [STDERR_REDIRECT] 
2026-04-01 13:43:42,473 [ERROR] LogOutputStream:75 - [STDERR_REDIRECT] [Fatal Error] :1:1: Premature end of file.
2026-04-01 13:43:42,473 [ERROR] LogOutputStream:75 - [STDERR_REDIRECT] 
2026-04-01 13:43:43,472 [ERROR] LogOutputStream:75 - [STDERR_REDIRECT] [Fatal Error] :1:1: Premature end of file.
2026-04-01 13:43:43,473 [ERROR] LogOutputStream:75 - [STDERR_REDIRECT] 
2026-04-01 13:43:44,469 [ERROR] LogOutputStream:75 - [STDERR_REDIRECT] [Fatal Error] :1:1: Premature end of file.
2026-04-01 13:43:44,469 [ERROR] LogOutputStream:75 - [STDERR_REDIRECT] 
2026-04-01 13:43:45,470 [ERROR] LogOutputStream:75 - [STDERR_REDIRECT] [Fatal Error] :1:1: Premature end of file.
2026-04-01 13:43:45,470 [ERROR] LogOutputStream:75 - [STDERR_REDIRECT] 
2026-04-01 13:43:46,465 [ERROR] LogOutputStream:75 - [STDERR_REDIRECT] [Fatal Error] :1:1: Premature end of file.
2026-04-01 13:43:46,465 [ERROR] LogOutputStream:75 - [STDERR_REDIRECT] 
2026-04-01 13:43:47,471 [ERROR] LogOutputStream:75 - [STDERR_REDIRECT] [Fatal Error] :1:1: Premature end of file.
2026-04-01 13:43:47,472 [ERROR] LogOutputStream:75 - [STDERR_REDIRECT] 
2026-04-01 13:43:48,469 [ERROR] LogOutputStream:75 - [STDERR_REDIRECT] [Fatal Error] :1:1: Premature end of file.
2026-04-01 13:43:48,470 [ERROR] LogOutputStream:75 - [STDERR_REDIRECT] 
2026-04-01 13:43:49,469 [ERROR] LogOutputStream:75 - [STDERR_REDIRECT] [Fatal Error] :1:1: Premature end of file.
2026-04-01 13:43:49,469 [ERROR] LogOutputStream:75 - [STDERR_REDIRECT] 
2026-04-01 13:43:50,470 [ERROR] LogOutputStream:75 - [STDERR_REDIRECT] [Fatal Error] :1:1: Premature end of file.
2026-04-01 13:43:50,471 [ERROR] LogOutputStream:75 - [STDERR_REDIRECT] 
2026-04-01 13:43:51,472 [ERROR] LogOutputStream:75 - [STDERR_REDIRECT] [Fatal Error] :1:1: Premature end of file.
2026-04-01 13:43:51,472 [ERROR] LogOutputStream:75 - [STDERR_REDIRECT] 
2026-04-01 13:43:52,472 [ERROR] LogOutputStream:75 - [STDERR_REDIRECT] [Fatal Error] :1:1: Premature end of file.
2026-04-01 13:43:52,473 [ERROR] LogOutputStream:75 - [STDERR_REDIRECT] 
2026-04-01 13:43:53,465 [ERROR] LogOutputStream:75 - [STDERR_REDIRECT] [Fatal Error] :1:1: Premature end of file.
2026-04-01 13:43:53,466 [ERROR] LogOutputStream:75 - [STDERR_REDIRECT] 
2026-04-01 13:43:54,466 [ERROR] LogOutputStream:75 - [STDERR_REDIRECT] [Fatal Error] :1:1: Premature end of file.
2026-04-01 13:43:54,467 [ERROR] LogOutputStream:75 - [STDERR_REDIRECT] 
2026-04-01 13:43:55,473 [ERROR] LogOutputStream:75 - [STDERR_REDIRECT] [Fatal Error] :1:1: Premature end of file.
2026-04-01 13:43:55,473 [ERROR] LogOutputStream:75 - [STDERR_REDIRECT] 
2026-04-01 13:43:56,468 [ERROR] LogOutputStream:75 - [STDERR_REDIRECT] [Fatal Error] :1:1: Premature end of file.
2026-04-01 13:43:56,469 [ERROR] LogOutputStream:75 - [STDERR_REDIRECT] 
2026-04-01 13:43:57,474 [ERROR] LogOutputStream:75 - [STDERR_REDIRECT] [Fatal Error] :1:1: Premature end of file.
2026-04-01 13:43:57,475 [ERROR] LogOutputStream:75 - [STDERR_REDIRECT] 
2026-04-01 13:43:58,467 [ERROR] LogOutputStream:75 - [STDERR_REDIRECT] [Fatal Error] :1:1: Premature end of file.
2026-04-01 13:43:58,467 [ERROR] LogOutputStream:75 - [STDERR_REDIRECT] 
2026-04-01 13:43:59,469 [ERROR] LogOutputStream:75 - [STDERR_REDIRECT] [Fatal Error] :1:1: Premature end of file.
2026-04-01 13:43:59,470 [ERROR] LogOutputStream:75 - [STDERR_REDIRECT] 
2026-04-01 13:44:00,466 [ERROR] LogOutputStream:75 - [STDERR_REDIRECT] [Fatal Error] :1:1: Premature end of file.
2026-04-01 13:44:00,466 [ERROR] LogOutputStream:75 - [STDERR_REDIRECT] 
2026-04-01 13:44:01,470 [ERROR] LogOutputStream:75 - [STDERR_REDIRECT] [Fatal Error] :1:1: Premature end of file.
2026-04-01 13:44:01,471 [ERROR] LogOutputStream:75 - [STDERR_REDIRECT] 
2026-04-01 13:44:02,472 [ERROR] LogOutputStream:75 - [STDERR_REDIRECT] [Fatal Error] :1:1: Premature end of file.
2026-04-01 13:44:02,472 [ERROR] LogOutputStream:75 - [STDERR_REDIRECT] 
2026-04-01 13:44:03,465 [ERROR] LogOutputStream:75 - [STDERR_REDIRECT] [Fatal Error] :1:1: Premature end of file.
2026-04-01 13:44:03,465 [ERROR] LogOutputStream:75 - [STDERR_REDIRECT] 
2026-04-01 13:44:04,468 [ERROR] LogOutputStream:75 - [STDERR_REDIRECT] [Fatal Error] :1:1: Premature end of file.
2026-04-01 13:44:04,468 [ERROR] LogOutputStream:75 - [STDERR_REDIRECT] 
2026-04-01 13:44:05,473 [ERROR] LogOutputStream:75 - [STDERR_REDIRECT] [Fatal Error] :1:1: Premature end of file.
2026-04-01 13:44:05,473 [ERROR] LogOutputStream:75 - [STDERR_REDIRECT] 
2026-04-01 13:44:06,466 [ERROR] LogOutputStream:75 - [STDERR_REDIRECT] [Fatal Error] :1:1: Premature end of file.
2026-04-01 13:44:06,466 [ERROR] LogOutputStream:75 - [STDERR_REDIRECT] 
2026-04-01 13:44:07,465 [ERROR] LogOutputStream:75 - [STDERR_REDIRECT] [Fatal Error] :1:1: Premature end of file.
2026-04-01 13:44:07,465 [ERROR] LogOutputStream:75 - [STDERR_REDIRECT] 
2026-04-01 13:44:08,462 [ERROR] LogOutputStream:75 - [STDERR_REDIRECT] [Fatal Error] :1:1: Premature end of file.
2026-04-01 13:44:08,462 [ERROR] LogOutputStream:75 - [STDERR_REDIRECT] 
2026-04-01 13:44:09,467 [ERROR] LogOutputStream:75 - [STDERR_REDIRECT] [Fatal Error] :1:1: Premature end of file.
2026-04-01 13:44:09,467 [ERROR] LogOutputStream:75 - [STDERR_REDIRECT] 
2026-04-01 13:44:10,468 [ERROR] LogOutputStream:75 - [STDERR_REDIRECT] [Fatal Error] :1:1: Premature end of file.
2026-04-01 13:44:10,468 [ERROR] LogOutputStream:75 - [STDERR_REDIRECT] 
2026-04-01 13:44:11,468 [ERROR] LogOutputStream:75 - [STDERR_REDIRECT] [Fatal Error] :1:1: Premature end of file.
2026-04-01 13:44:11,469 [ERROR] LogOutputStream:75 - [STDERR_REDIRECT] 
2026-04-01 13:44:12,464 [ERROR] LogOutputStream:75 - [STDERR_REDIRECT] [Fatal Error] :1:1: Premature end of file.
2026-04-01 13:44:12,464 [ERROR] LogOutputStream:75 - [STDERR_REDIRECT] 
2026-04-01 13:44:13,467 [ERROR] LogOutputStream:75 - [STDERR_REDIRECT] [Fatal Error] :1:1: Premature end of file.
2026-04-01 13:44:13,467 [ERROR] LogOutputStream:75 - [STDERR_REDIRECT] 
2026-04-01 13:44:14,465 [ERROR] LogOutputStream:75 - [STDERR_REDIRECT] [Fatal Error] :1:1: Premature end of file.
2026-04-01 13:44:14,465 [ERROR] LogOutputStream:75 - [STDERR_REDIRECT] 
2026-04-01 13:44:15,465 [ERROR] LogOutputStream:75 - [STDERR_REDIRECT] [Fatal Error] :1:1: Premature end of file.
2026-04-01 13:44:15,466 [ERROR] LogOutputStream:75 - [STDERR_REDIRECT] 
2026-04-01 13:44:16,467 [ERROR] LogOutputStream:75 - [STDERR_REDIRECT] [Fatal Error] :1:1: Premature end of file.
2026-04-01 13:44:16,467 [ERROR] LogOutputStream:75 - [STDERR_REDIRECT] 
2026-04-01 13:44:17,465 [ERROR] LogOutputStream:75 - [STDERR_REDIRECT] [Fatal Error] :1:1: Premature end of file.
2026-04-01 13:44:17,465 [ERROR] LogOutputStream:75 - [STDERR_REDIRECT] 
2026-04-01 13:44:18,467 [ERROR] LogOutputStream:75 - [STDERR_REDIRECT] [Fatal Error] :1:1: Premature end of file.
2026-04-01 13:44:18,467 [ERROR] LogOutputStream:75 - [STDERR_REDIRECT] 
2026-04-01 13:44:19,469 [ERROR] LogOutputStream:75 - [STDERR_REDIRECT] [Fatal Error] :1:1: Premature end of file.
2026-04-01 13:44:19,469 [ERROR] LogOutputStream:75 - [STDERR_REDIRECT] 
2026-04-01 13:44:20,464 [ERROR] LogOutputStream:75 - [STDERR_REDIRECT] [Fatal Error] :1:1: Premature end of file.
2026-04-01 13:44:20,464 [ERROR] LogOutputStream:75 - [STDERR_REDIRECT] 
2026-04-01 13:44:21,472 [ERROR] LogOutputStream:75 - [STDERR_REDIRECT] [Fatal Error] :1:1: Premature end of file.
2026-04-01 13:44:21,472 [ERROR] LogOutputStream:75 - [STDERR_REDIRECT] 
2026-04-01 13:44:22,466 [ERROR] LogOutputStream:75 - [STDERR_REDIRECT] [Fatal Error] :1:1: Premature end of file.
2026-04-01 13:44:22,467 [ERROR] LogOutputStream:75 - [STDERR_REDIRECT] 
2026-04-01 13:44:23,469 [ERROR] LogOutputStream:75 - [STDERR_REDIRECT] [Fatal Error] :1:1: Premature end of file.
2026-04-01 13:44:23,469 [ERROR] LogOutputStream:75 - [STDERR_REDIRECT] 
2026-04-01 13:44:24,467 [ERROR] LogOutputStream:75 - [STDERR_REDIRECT] [Fatal Error] :1:1: Premature end of file.
2026-04-01 13:44:24,469 [ERROR] LogOutputStream:75 - [STDERR_REDIRECT] 
2026-04-01 13:44:25,469 [ERROR] LogOutputStream:75 - [STDERR_REDIRECT] [Fatal Error] :1:1: Premature end of file.
2026-04-01 13:44:25,469 [ERROR] LogOutputStream:75 - [STDERR_REDIRECT] 
2026-04-01 13:44:26,468 [ERROR] LogOutputStream:75 - [STDERR_REDIRECT] [Fatal Error] :1:1: Premature end of file.
2026-04-01 13:44:26,468 [ERROR] LogOutputStream:75 - [STDERR_REDIRECT] 
2026-04-01 13:44:27,467 [ERROR] LogOutputStream:75 - [STDERR_REDIRECT] [Fatal Error] :1:1: Premature end of file.
2026-04-01 13:44:27,467 [ERROR] LogOutputStream:75 - [STDERR_REDIRECT] 
2026-04-01 13:44:28,464 [ERROR] LogOutputStream:75 - [STDERR_REDIRECT] [Fatal Error] :1:1: Premature end of file.
2026-04-01 13:44:28,464 [ERROR] LogOutputStream:75 - [STDERR_REDIRECT] 
2026-04-01 13:44:29,469 [ERROR] LogOutputStream:75 - [STDERR_REDIRECT] [Fatal Error] :1:1: Premature end of file.
2026-04-01 13:44:29,469 [ERROR] LogOutputStream:75 - [STDERR_REDIRECT] 
2026-04-01 13:44:30,468 [ERROR] LogOutputStream:75 - [STDERR_REDIRECT] [Fatal Error] :1:1: Premature end of file.
2026-04-01 13:44:30,468 [ERROR] LogOutputStream:75 - [STDERR_REDIRECT] 
2026-04-01 13:44:31,468 [ERROR] LogOutputStream:75 - [STDERR_REDIRECT] [Fatal Error] :1:1: Premature end of file.
2026-04-01 13:44:31,468 [ERROR] LogOutputStream:75 - [STDERR_REDIRECT] 
2026-04-01 13:44:32,469 [ERROR] LogOutputStream:75 - [STDERR_REDIRECT] [Fatal Error] :1:1: Premature end of file.
2026-04-01 13:44:32,469 [ERROR] LogOutputStream:75 - [STDERR_REDIRECT] 
2026-04-01 13:44:33,466 [ERROR] LogOutputStream:75 - [STDERR_REDIRECT] [Fatal Error] :1:1: Premature end of file.
2026-04-01 13:44:33,466 [ERROR] LogOutputStream:75 - [STDERR_REDIRECT] 
2026-04-01 13:44:34,472 [ERROR] LogOutputStream:75 - [STDERR_REDIRECT] [Fatal Error] :1:1: Premature end of file.
2026-04-01 13:44:34,472 [ERROR] LogOutputStream:75 - [STDERR_REDIRECT] 
2026-04-01 13:44:35,464 [ERROR] LogOutputStream:75 - [STDERR_REDIRECT] [Fatal Error] :1:1: Premature end of file.
2026-04-01 13:44:35,465 [ERROR] LogOutputStream:75 - [STDERR_REDIRECT] 
2026-04-01 13:44:36,472 [ERROR] LogOutputStream:75 - [STDERR_REDIRECT] [Fatal Error] :1:1: Premature end of file.
2026-04-01 13:44:36,473 [ERROR] LogOutputStream:75 - [STDERR_REDIRECT] 
2026-04-01 13:44:37,473 [ERROR] LogOutputStream:75 - [STDERR_REDIRECT] [Fatal Error] :1:1: Premature end of file.
2026-04-01 13:44:37,474 [ERROR] LogOutputStream:75 - [STDERR_REDIRECT] 
2026-04-01 13:44:38,474 [ERROR] LogOutputStream:75 - [STDERR_REDIRECT] [Fatal Error] :1:1: Premature end of file.
2026-04-01 13:44:38,475 [ERROR] LogOutputStream:75 - [STDERR_REDIRECT] 
2026-04-01 13:44:39,469 [ERROR] LogOutputStream:75 - [STDERR_REDIRECT] [Fatal Error] :1:1: Premature end of file.
2026-04-01 13:44:39,469 [ERROR] LogOutputStream:75 - [STDERR_REDIRECT] 
2026-04-01 13:44:40,467 [ERROR] LogOutputStream:75 - [STDERR_REDIRECT] [Fatal Error] :1:1: Premature end of file.
2026-04-01 13:44:40,467 [ERROR] LogOutputStream:75 - [STDERR_REDIRECT] 
2026-04-01 13:44:41,464 [ERROR] LogOutputStream:75 - [STDERR_REDIRECT] [Fatal Error] :1:1: Premature end of file.
2026-04-01 13:44:41,464 [ERROR] LogOutputStream:75 - [STDERR_REDIRECT] 
2026-04-01 13:44:42,474 [ERROR] LogOutputStream:75 - [STDERR_REDIRECT] [Fatal Error] :1:1: Premature end of file.
2026-04-01 13:44:42,475 [ERROR] LogOutputStream:75 - [STDERR_REDIRECT] 
2026-04-01 13:44:43,469 [ERROR] LogOutputStream:75 - [STDERR_REDIRECT] [Fatal Error] :1:1: Premature end of file.
2026-04-01 13:44:43,470 [ERROR] LogOutputStream:75 - [STDERR_REDIRECT] 
2026-04-01 13:44:44,467 [ERROR] LogOutputStream:75 - [STDERR_REDIRECT] [Fatal Error] :1:1: Premature end of file.
2026-04-01 13:44:44,467 [ERROR] LogOutputStream:75 - [STDERR_REDIRECT] 
2026-04-01 13:44:45,467 [ERROR] LogOutputStream:75 - [STDERR_REDIRECT] [Fatal Error] :1:1: Premature end of file.
2026-04-01 13:44:45,467 [ERROR] LogOutputStream:75 - [STDERR_REDIRECT] 
2026-04-01 13:44:46,466 [ERROR] LogOutputStream:75 - [STDERR_REDIRECT] [Fatal Error] :1:1: Premature end of file.
2026-04-01 13:44:46,467 [ERROR] LogOutputStream:75 - [STDERR_REDIRECT] 
2026-04-01 13:44:47,468 [ERROR] LogOutputStream:75 - [STDERR_REDIRECT] [Fatal Error] :1:1: Premature end of file.
2026-04-01 13:44:47,468 [ERROR] LogOutputStream:75 - [STDERR_REDIRECT] 
2026-04-01 13:44:48,465 [ERROR] LogOutputStream:75 - [STDERR_REDIRECT] [Fatal Error] :1:1: Premature end of file.
2026-04-01 13:44:48,465 [ERROR] LogOutputStream:75 - [STDERR_REDIRECT] 
2026-04-01 13:44:49,496 [ERROR] LogOutputStream:75 - [STDERR_REDIRECT] [Fatal Error] :1:1: Premature end of file.
2026-04-01 13:44:49,497 [ERROR] LogOutputStream:75 - [STDERR_REDIRECT] 
2026-04-01 13:44:50,471 [ERROR] LogOutputStream:75 - [STDERR_REDIRECT] [Fatal Error] :1:1: Premature end of file.
2026-04-01 13:44:50,471 [ERROR] LogOutputStream:75 - [STDERR_REDIRECT] 
2026-04-01 13:44:51,472 [ERROR] LogOutputStream:75 - [STDERR_REDIRECT] [Fatal Error] :1:1: Premature end of file.
2026-04-01 13:44:51,472 [ERROR] LogOutputStream:75 - [STDERR_REDIRECT] 
2026-04-01 13:44:52,470 [ERROR] LogOutputStream:75 - [STDERR_REDIRECT] [Fatal Error] :1:1: Premature end of file.
2026-04-01 13:44:52,470 [ERROR] LogOutputStream:75 - [STDERR_REDIRECT] 
2026-04-01 13:44:53,464 [ERROR] LogOutputStream:75 - [STDERR_REDIRECT] [Fatal Error] :1:1: Premature end of file.
2026-04-01 13:44:53,464 [ERROR] LogOutputStream:75 - [STDERR_REDIRECT] 
2026-04-01 13:44:54,464 [ERROR] LogOutputStream:75 - [STDERR_REDIRECT] [Fatal Error] :1:1: Premature end of file.
2026-04-01 13:44:54,464 [ERROR] LogOutputStream:75 - [STDERR_REDIRECT] 
2026-04-01 13:44:55,464 [ERROR] LogOutputStream:75 - [STDERR_REDIRECT] [Fatal Error] :1:1: Premature end of file.
2026-04-01 13:44:55,464 [ERROR] LogOutputStream:75 - [STDERR_REDIRECT] 
2026-04-01 13:44:56,461 [ERROR] LogOutputStream:75 - [STDERR_REDIRECT] [Fatal Error] :1:1: Premature end of file.
2026-04-01 13:44:56,462 [ERROR] LogOutputStream:75 - [STDERR_REDIRECT] 
2026-04-01 13:44:57,467 [ERROR] LogOutputStream:75 - [STDERR_REDIRECT] [Fatal Error] :1:1: Premature end of file.
2026-04-01 13:44:57,467 [ERROR] LogOutputStream:75 - [STDERR_REDIRECT] 
2026-04-01 13:44:58,466 [ERROR] LogOutputStream:75 - [STDERR_REDIRECT] [Fatal Error] :1:1: Premature end of file.
2026-04-01 13:44:58,466 [ERROR] LogOutputStream:75 - [STDERR_REDIRECT] 
2026-04-01 13:44:59,469 [ERROR] LogOutputStream:75 - [STDERR_REDIRECT] [Fatal Error] :1:1: Premature end of file.
2026-04-01 13:44:59,470 [ERROR] LogOutputStream:75 - [STDERR_REDIRECT] 
2026-04-01 13:45:00,464 [ERROR] LogOutputStream:75 - [STDERR_REDIRECT] [Fatal Error] :1:1: Premature end of file.
2026-04-01 13:45:00,464 [ERROR] LogOutputStream:75 - [STDERR_REDIRECT] 
2026-04-01 13:45:01,464 [ERROR] LogOutputStream:75 - [STDERR_REDIRECT] [Fatal Error] :1:1: Premature end of file.
2026-04-01 13:45:01,464 [ERROR] LogOutputStream:75 - [STDERR_REDIRECT] 
2026-04-01 13:45:02,464 [ERROR] LogOutputStream:75 - [STDERR_REDIRECT] [Fatal Error] :1:1: Premature end of file.
2026-04-01 13:45:02,464 [ERROR] LogOutputStream:75 - [STDERR_REDIRECT] 
2026-04-01 13:45:03,470 [ERROR] LogOutputStream:75 - [STDERR_REDIRECT] [Fatal Error] :1:1: Premature end of file.
2026-04-01 13:45:03,470 [ERROR] LogOutputStream:75 - [STDERR_REDIRECT] 
2026-04-01 13:45:04,465 [ERROR] LogOutputStream:75 - [STDERR_REDIRECT] [Fatal Error] :1:1: Premature end of file.
2026-04-01 13:45:04,465 [ERROR] LogOutputStream:75 - [STDERR_REDIRECT] 
2026-04-01 13:45:05,463 [ERROR] LogOutputStream:75 - [STDERR_REDIRECT] [Fatal Error] :1:1: Premature end of file.
2026-04-01 13:45:05,463 [ERROR] LogOutputStream:75 - [STDERR_REDIRECT] 
2026-04-01 13:45:06,463 [ERROR] LogOutputStream:75 - [STDERR_REDIRECT] [Fatal Error] :1:1: Premature end of file.
2026-04-01 13:45:06,463 [ERROR] LogOutputStream:75 - [STDERR_REDIRECT] 
2026-04-01 13:45:07,465 [ERROR] LogOutputStream:75 - [STDERR_REDIRECT] [Fatal Error] :1:1: Premature end of file.
2026-04-01 13:45:07,466 [ERROR] LogOutputStream:75 - [STDERR_REDIRECT] 
2026-04-01 13:45:08,462 [ERROR] LogOutputStream:75 - [STDERR_REDIRECT] [Fatal Error] :1:1: Premature end of file.
2026-04-01 13:45:08,462 [ERROR] LogOutputStream:75 - [STDERR_REDIRECT] 
2026-04-01 13:45:09,466 [ERROR] LogOutputStream:75 - [STDERR_REDIRECT] [Fatal Error] :1:1: Premature end of file.
2026-04-01 13:45:09,467 [ERROR] LogOutputStream:75 - [STDERR_REDIRECT] 
2026-04-01 13:45:10,464 [ERROR] LogOutputStream:75 - [STDERR_REDIRECT] [Fatal Error] :1:1: Premature end of file.
2026-04-01 13:45:10,464 [ERROR] LogOutputStream:75 - [STDERR_REDIRECT] 
2026-04-01 13:45:11,464 [ERROR] LogOutputStream:75 - [STDERR_REDIRECT] [Fatal Error] :1:1: Premature end of file.
2026-04-01 13:45:11,464 [ERROR] LogOutputStream:75 - [STDERR_REDIRECT] 
2026-04-01 13:45:12,464 [ERROR] LogOutputStream:75 - [STDERR_REDIRECT] [Fatal Error] :1:1: Premature end of file.
2026-04-01 13:45:12,464 [ERROR] LogOutputStream:75 - [STDERR_REDIRECT] 
2026-04-01 13:45:13,465 [ERROR] LogOutputStream:75 - [STDERR_REDIRECT] [Fatal Error] :1:1: Premature end of file.
2026-04-01 13:45:13,465 [ERROR] LogOutputStream:75 - [STDERR_REDIRECT] 
2026-04-01 13:45:14,470 [ERROR] LogOutputStream:75 - [STDERR_REDIRECT] [Fatal Error] :1:1: Premature end of file.
2026-04-01 13:45:14,471 [ERROR] LogOutputStream:75 - [STDERR_REDIRECT] 
2026-04-01 13:45:15,473 [ERROR] LogOutputStream:75 - [STDERR_REDIRECT] [Fatal Error] :1:1: Premature end of file.
2026-04-01 13:45:15,473 [ERROR] LogOutputStream:75 - [STDERR_REDIRECT] 
2026-04-01 13:45:16,466 [ERROR] LogOutputStream:75 - [STDERR_REDIRECT] [Fatal Error] :1:1: Premature end of file.
2026-04-01 13:45:16,466 [ERROR] LogOutputStream:75 - [STDERR_REDIRECT] 
2026-04-01 13:45:17,469 [ERROR] LogOutputStream:75 - [STDERR_REDIRECT] [Fatal Error] :1:1: Premature end of file.
2026-04-01 13:45:17,470 [ERROR] LogOutputStream:75 - [STDERR_REDIRECT] 
2026-04-01 13:45:18,465 [ERROR] LogOutputStream:75 - [STDERR_REDIRECT] [Fatal Error] :1:1: Premature end of file.
2026-04-01 13:45:18,465 [ERROR] LogOutputStream:75 - [STDERR_REDIRECT] 
2026-04-01 13:45:19,464 [ERROR] LogOutputStream:75 - [STDERR_REDIRECT] [Fatal Error] :1:1: Premature end of file.
2026-04-01 13:45:19,464 [ERROR] LogOutputStream:75 - [STDERR_REDIRECT] 
2026-04-01 13:45:20,464 [ERROR] LogOutputStream:75 - [STDERR_REDIRECT] [Fatal Error] :1:1: Premature end of file.
2026-04-01 13:45:20,464 [ERROR] LogOutputStream:75 - [STDERR_REDIRECT] 
2026-04-01 13:45:21,465 [ERROR] LogOutputStream:75 - [STDERR_REDIRECT] [Fatal Error] :1:1: Premature end of file.
2026-04-01 13:45:21,465 [ERROR] LogOutputStream:75 - [STDERR_REDIRECT] 
2026-04-01 13:45:22,464 [ERROR] LogOutputStream:75 - [STDERR_REDIRECT] [Fatal Error] :1:1: Premature end of file.
2026-04-01 13:45:22,464 [ERROR] LogOutputStream:75 - [STDERR_REDIRECT] 
2026-04-01 13:45:23,464 [ERROR] LogOutputStream:75 - [STDERR_REDIRECT] [Fatal Error] :1:1: Premature end of file.
2026-04-01 13:45:23,465 [ERROR] LogOutputStream:75 - [STDERR_REDIRECT] 
2026-04-01 13:45:24,463 [ERROR] LogOutputStream:75 - [STDERR_REDIRECT] [Fatal Error] :1:1: Premature end of file.
2026-04-01 13:45:24,463 [ERROR] LogOutputStream:75 - [STDERR_REDIRECT] 
2026-04-01 13:45:25,464 [ERROR] LogOutputStream:75 - [STDERR_REDIRECT] [Fatal Error] :1:1: Premature end of file.
2026-04-01 13:45:25,464 [ERROR] LogOutputStream:75 - [STDERR_REDIRECT] 
2026-04-01 13:45:26,463 [ERROR] LogOutputStream:75 - [STDERR_REDIRECT] [Fatal Error] :1:1: Premature end of file.
2026-04-01 13:45:26,463 [ERROR] LogOutputStream:75 - [STDERR_REDIRECT] 
2026-04-01 13:45:27,463 [ERROR] LogOutputStream:75 - [STDERR_REDIRECT] [Fatal Error] :1:1: Premature end of file.
2026-04-01 13:45:27,463 [ERROR] LogOutputStream:75 - [STDERR_REDIRECT] 
2026-04-01 13:45:28,467 [ERROR] LogOutputStream:75 - [STDERR_REDIRECT] [Fatal Error] :1:1: Premature end of file.
2026-04-01 13:45:28,468 [ERROR] LogOutputStream:75 - [STDERR_REDIRECT] 
2026-04-01 13:45:29,463 [ERROR] LogOutputStream:75 - [STDERR_REDIRECT] [Fatal Error] :1:1: Premature end of file.
2026-04-01 13:45:29,463 [ERROR] LogOutputStream:75 - [STDERR_REDIRECT] 
2026-04-01 13:45:30,463 [ERROR] LogOutputStream:75 - [STDERR_REDIRECT] [Fatal Error] :1:1: Premature end of file.
2026-04-01 13:45:30,464 [ERROR] LogOutputStream:75 - [STDERR_REDIRECT] 
2026-04-01 13:45:31,466 [ERROR] LogOutputStream:75 - [STDERR_REDIRECT] [Fatal Error] :1:1: Premature end of file.
2026-04-01 13:45:31,466 [ERROR] LogOutputStream:75 - [STDERR_REDIRECT] 
2026-04-01 13:45:32,465 [ERROR] LogOutputStream:75 - [STDERR_REDIRECT] [Fatal Error] :1:1: Premature end of file.
2026-04-01 13:45:32,465 [ERROR] LogOutputStream:75 - [STDERR_REDIRECT] 
2026-04-01 13:45:33,464 [ERROR] LogOutputStream:75 - [STDERR_REDIRECT] [Fatal Error] :1:1: Premature end of file.
2026-04-01 13:45:33,464 [ERROR] LogOutputStream:75 - [STDERR_REDIRECT] 
2026-04-01 13:45:34,465 [ERROR] LogOutputStream:75 - [STDERR_REDIRECT] [Fatal Error] :1:1: Premature end of file.
2026-04-01 13:45:34,465 [ERROR] LogOutputStream:75 - [STDERR_REDIRECT] 
2026-04-01 13:45:35,464 [ERROR] LogOutputStream:75 - [STDERR_REDIRECT] [Fatal Error] :1:1: Premature end of file.
2026-04-01 13:45:35,464 [ERROR] LogOutputStream:75 - [STDERR_REDIRECT] 
2026-04-01 13:45:36,472 [ERROR] LogOutputStream:75 - [STDERR_REDIRECT] [Fatal Error] :1:1: Premature end of file.
2026-04-01 13:45:36,473 [ERROR] LogOutputStream:75 - [STDERR_REDIRECT] 
2026-04-01 13:45:37,466 [ERROR] LogOutputStream:75 - [STDERR_REDIRECT] [Fatal Error] :1:1: Premature end of file.
2026-04-01 13:45:37,466 [ERROR] LogOutputStream:75 - [STDERR_REDIRECT] 
2026-04-01 13:45:38,463 [ERROR] LogOutputStream:75 - [STDERR_REDIRECT] [Fatal Error] :1:1: Premature end of file.
2026-04-01 13:45:38,464 [ERROR] LogOutputStream:75 - [STDERR_REDIRECT] 
2026-04-01 13:45:39,467 [ERROR] LogOutputStream:75 - [STDERR_REDIRECT] [Fatal Error] :1:1: Premature end of file.
2026-04-01 13:45:39,467 [ERROR] LogOutputStream:75 - [STDERR_REDIRECT] 
2026-04-01 13:45:40,465 [ERROR] LogOutputStream:75 - [STDERR_REDIRECT] [Fatal Error] :1:1: Premature end of file.
2026-04-01 13:45:40,467 [ERROR] LogOutputStream:75 - [STDERR_REDIRECT] 
2026-04-01 13:45:41,465 [ERROR] LogOutputStream:75 - [STDERR_REDIRECT] [Fatal Error] :1:1: Premature end of file.
2026-04-01 13:45:41,465 [ERROR] LogOutputStream:75 - [STDERR_REDIRECT] 
2026-04-01 13:45:42,462 [ERROR] LogOutputStream:75 - [STDERR_REDIRECT] [Fatal Error] :1:1: Premature end of file.
2026-04-01 13:45:42,462 [ERROR] LogOutputStream:75 - [STDERR_REDIRECT] 
2026-04-01 13:45:43,463 [ERROR] LogOutputStream:75 - [STDERR_REDIRECT] [Fatal Error] :1:1: Premature end of file.
2026-04-01 13:45:43,463 [ERROR] LogOutputStream:75 - [STDERR_REDIRECT] 
2026-04-01 13:45:44,468 [ERROR] LogOutputStream:75 - [STDERR_REDIRECT] [Fatal Error] :1:1: Premature end of file.
2026-04-01 13:45:44,469 [ERROR] LogOutputStream:75 - [STDERR_REDIRECT] 
2026-04-01 13:45:45,466 [ERROR] LogOutputStream:75 - [STDERR_REDIRECT] [Fatal Error] :1:1: Premature end of file.
2026-04-01 13:45:45,466 [ERROR] LogOutputStream:75 - [STDERR_REDIRECT] 
2026-04-01 13:45:46,463 [ERROR] LogOutputStream:75 - [STDERR_REDIRECT] [Fatal Error] :1:1: Premature end of file.
2026-04-01 13:45:46,463 [ERROR] LogOutputStream:75 - [STDERR_REDIRECT] 
2026-04-01 13:45:47,466 [ERROR] LogOutputStream:75 - [STDERR_REDIRECT] [Fatal Error] :1:1: Premature end of file.
2026-04-01 13:45:47,466 [ERROR] LogOutputStream:75 - [STDERR_REDIRECT] 
2026-04-01 13:45:48,464 [ERROR] LogOutputStream:75 - [STDERR_REDIRECT] [Fatal Error] :1:1: Premature end of file.
2026-04-01 13:45:48,464 [ERROR] LogOutputStream:75 - [STDERR_REDIRECT] 
2026-04-01 13:45:49,465 [ERROR] LogOutputStream:75 - [STDERR_REDIRECT] [Fatal Error] :1:1: Premature end of file.
2026-04-01 13:45:49,466 [ERROR] LogOutputStream:75 - [STDERR_REDIRECT] 
2026-04-01 13:45:50,468 [ERROR] LogOutputStream:75 - [STDERR_REDIRECT] [Fatal Error] :1:1: Premature end of file.
2026-04-01 13:45:50,468 [ERROR] LogOutputStream:75 - [STDERR_REDIRECT] 
2026-04-01 13:45:51,465 [ERROR] LogOutputStream:75 - [STDERR_REDIRECT] [Fatal Error] :1:1: Premature end of file.
2026-04-01 13:45:51,465 [ERROR] LogOutputStream:75 - [STDERR_REDIRECT] 
2026-04-01 13:45:52,471 [ERROR] LogOutputStream:75 - [STDERR_REDIRECT] [Fatal Error] :1:1: Premature end of file.
2026-04-01 13:45:52,472 [ERROR] LogOutputStream:75 - [STDERR_REDIRECT] 
2026-04-01 13:45:53,463 [ERROR] LogOutputStream:75 - [STDERR_REDIRECT] [Fatal Error] :1:1: Premature end of file.
2026-04-01 13:45:53,463 [ERROR] LogOutputStream:75 - [STDERR_REDIRECT] 
2026-04-01 13:45:54,471 [ERROR] LogOutputStream:75 - [STDERR_REDIRECT] [Fatal Error] :1:1: Premature end of file.
2026-04-01 13:45:54,472 [ERROR] LogOutputStream:75 - [STDERR_REDIRECT] 
2026-04-01 13:45:55,472 [ERROR] LogOutputStream:75 - [STDERR_REDIRECT] [Fatal Error] :1:1: Premature end of file.
2026-04-01 13:45:55,472 [ERROR] LogOutputStream:75 - [STDERR_REDIRECT] 
2026-04-01 13:45:56,480 [ERROR] LogOutputStream:75 - [STDERR_REDIRECT] [Fatal Error] :1:1: Premature end of file.
2026-04-01 13:45:56,481 [ERROR] LogOutputStream:75 - [STDERR_REDIRECT] 
2026-04-01 13:45:57,465 [ERROR] LogOutputStream:75 - [STDERR_REDIRECT] [Fatal Error] :1:1: Premature end of file.
2026-04-01 13:45:57,465 [ERROR] LogOutputStream:75 - [STDERR_REDIRECT] 
2026-04-01 13:45:58,464 [ERROR] LogOutputStream:75 - [STDERR_REDIRECT] [Fatal Error] :1:1: Premature end of file.
2026-04-01 13:45:58,465 [ERROR] LogOutputStream:75 - [STDERR_REDIRECT] 
2026-04-01 13:45:59,469 [ERROR] LogOutputStream:75 - [STDERR_REDIRECT] [Fatal Error] :1:1: Premature end of file.
2026-04-01 13:45:59,469 [ERROR] LogOutputStream:75 - [STDERR_REDIRECT] 
2026-04-01 13:46:00,465 [ERROR] LogOutputStream:75 - [STDERR_REDIRECT] [Fatal Error] :1:1: Premature end of file.
2026-04-01 13:46:00,465 [ERROR] LogOutputStream:75 - [STDERR_REDIRECT] 
2026-04-01 13:46:01,468 [ERROR] LogOutputStream:75 - [STDERR_REDIRECT] [Fatal Error] :1:1: Premature end of file.
2026-04-01 13:46:01,469 [ERROR] LogOutputStream:75 - [STDERR_REDIRECT] 
2026-04-01 13:46:02,480 [ERROR] LogOutputStream:75 - [STDERR_REDIRECT] [Fatal Error] :1:1: Premature end of file.
2026-04-01 13:46:02,480 [ERROR] LogOutputStream:75 - [STDERR_REDIRECT] 
2026-04-01 13:46:03,471 [ERROR] LogOutputStream:75 - [STDERR_REDIRECT] [Fatal Error] :1:1: Premature end of file.
2026-04-01 13:46:03,472 [ERROR] LogOutputStream:75 - [STDERR_REDIRECT] 
2026-04-01 13:46:04,467 [ERROR] LogOutputStream:75 - [STDERR_REDIRECT] [Fatal Error] :1:1: Premature end of file.
2026-04-01 13:46:04,467 [ERROR] LogOutputStream:75 - [STDERR_REDIRECT] 
2026-04-01 13:46:05,467 [ERROR] LogOutputStream:75 - [STDERR_REDIRECT] [Fatal Error] :1:1: Premature end of file.
2026-04-01 13:46:05,468 [ERROR] LogOutputStream:75 - [STDERR_REDIRECT] 
2026-04-01 13:46:06,464 [ERROR] LogOutputStream:75 - [STDERR_REDIRECT] [Fatal Error] :1:1: Premature end of file.
2026-04-01 13:46:06,464 [ERROR] LogOutputStream:75 - [STDERR_REDIRECT] 
2026-04-01 13:46:07,464 [ERROR] LogOutputStream:75 - [STDERR_REDIRECT] [Fatal Error] :1:1: Premature end of file.
2026-04-01 13:46:07,464 [ERROR] LogOutputStream:75 - [STDERR_REDIRECT] 
2026-04-01 13:46:08,464 [ERROR] LogOutputStream:75 - [STDERR_REDIRECT] [Fatal Error] :1:1: Premature end of file.
2026-04-01 13:46:08,464 [ERROR] LogOutputStream:75 - [STDERR_REDIRECT] 
2026-04-01 13:46:09,461 [ERROR] LogOutputStream:75 - [STDERR_REDIRECT] [Fatal Error] :1:1: Premature end of file.
2026-04-01 13:46:09,462 [ERROR] LogOutputStream:75 - [STDERR_REDIRECT] 
2026-04-01 13:46:10,464 [ERROR] LogOutputStream:75 - [STDERR_REDIRECT] [Fatal Error] :1:1: Premature end of file.
2026-04-01 13:46:10,465 [ERROR] LogOutputStream:75 - [STDERR_REDIRECT] 
2026-04-01 13:46:11,463 [ERROR] LogOutputStream:75 - [STDERR_REDIRECT] [Fatal Error] :1:1: Premature end of file.
2026-04-01 13:46:11,463 [ERROR] LogOutputStream:75 - [STDERR_REDIRECT] 
2026-04-01 13:46:12,464 [ERROR] LogOutputStream:75 - [STDERR_REDIRECT] [Fatal Error] :1:1: Premature end of file.
2026-04-01 13:46:12,465 [ERROR] LogOutputStream:75 - [STDERR_REDIRECT] 
2026-04-01 13:46:13,466 [ERROR] LogOutputStream:75 - [STDERR_REDIRECT] [Fatal Error] :1:1: Premature end of file.
2026-04-01 13:46:13,467 [ERROR] LogOutputStream:75 - [STDERR_REDIRECT] 
2026-04-01 13:46:14,471 [ERROR] LogOutputStream:75 - [STDERR_REDIRECT] [Fatal Error] :1:1: Premature end of file.
2026-04-01 13:46:14,471 [ERROR] LogOutputStream:75 - [STDERR_REDIRECT] 
2026-04-01 13:46:15,466 [ERROR] LogOutputStream:75 - [STDERR_REDIRECT] [Fatal Error] :1:1: Premature end of file.
2026-04-01 13:46:15,466 [ERROR] LogOutputStream:75 - [STDERR_REDIRECT] 
2026-04-01 13:46:16,465 [ERROR] LogOutputStream:75 - [STDERR_REDIRECT] [Fatal Error] :1:1: Premature end of file.
2026-04-01 13:46:16,465 [ERROR] LogOutputStream:75 - [STDERR_REDIRECT] 
2026-04-01 13:46:17,467 [ERROR] LogOutputStream:75 - [STDERR_REDIRECT] [Fatal Error] :1:1: Premature end of file.
2026-04-01 13:46:17,467 [ERROR] LogOutputStream:75 - [STDERR_REDIRECT] 
2026-04-01 13:46:18,465 [ERROR] LogOutputStream:75 - [STDERR_REDIRECT] [Fatal Error] :1:1: Premature end of file.
2026-04-01 13:46:18,466 [ERROR] LogOutputStream:75 - [STDERR_REDIRECT] 
2026-04-01 13:46:19,466 [ERROR] LogOutputStream:75 - [STDERR_REDIRECT] [Fatal Error] :1:1: Premature end of file.
2026-04-01 13:46:19,466 [ERROR] LogOutputStream:75 - [STDERR_REDIRECT] 
2026-04-01 13:46:20,471 [ERROR] LogOutputStream:75 - [STDERR_REDIRECT] [Fatal Error] :1:1: Premature end of file.
2026-04-01 13:46:20,472 [ERROR] LogOutputStream:75 - [STDERR_REDIRECT] 
2026-04-01 13:46:21,471 [ERROR] LogOutputStream:75 - [STDERR_REDIRECT] [Fatal Error] :1:1: Premature end of file.
2026-04-01 13:46:21,471 [ERROR] LogOutputStream:75 - [STDERR_REDIRECT] 
2026-04-01 13:46:22,466 [ERROR] LogOutputStream:75 - [STDERR_REDIRECT] [Fatal Error] :1:1: Premature end of file.
2026-04-01 13:46:22,466 [ERROR] LogOutputStream:75 - [STDERR_REDIRECT] 
2026-04-01 13:46:23,472 [ERROR] LogOutputStream:75 - [STDERR_REDIRECT] [Fatal Error] :1:1: Premature end of file.
2026-04-01 13:46:23,472 [ERROR] LogOutputStream:75 - [STDERR_REDIRECT] 
2026-04-01 13:46:24,466 [ERROR] LogOutputStream:75 - [STDERR_REDIRECT] [Fatal Error] :1:1: Premature end of file.
2026-04-01 13:46:24,466 [ERROR] LogOutputStream:75 - [STDERR_REDIRECT] 
2026-04-01 13:46:25,474 [ERROR] LogOutputStream:75 - [STDERR_REDIRECT] [Fatal Error] :1:1: Premature end of file.
2026-04-01 13:46:25,475 [ERROR] LogOutputStream:75 - [STDERR_REDIRECT] 
2026-04-01 13:46:26,467 [ERROR] LogOutputStream:75 - [STDERR_REDIRECT] [Fatal Error] :1:1: Premature end of file.
2026-04-01 13:46:26,467 [ERROR] LogOutputStream:75 - [STDERR_REDIRECT] 
2026-04-01 13:46:27,467 [ERROR] LogOutputStream:75 - [STDERR_REDIRECT] [Fatal Error] :1:1: Premature end of file.
2026-04-01 13:46:27,467 [ERROR] LogOutputStream:75 - [STDERR_REDIRECT] 
2026-04-01 13:46:28,465 [ERROR] LogOutputStream:75 - [STDERR_REDIRECT] [Fatal Error] :1:1: Premature end of file.
2026-04-01 13:46:28,465 [ERROR] LogOutputStream:75 - [STDERR_REDIRECT] 
2026-04-01 13:46:29,464 [ERROR] LogOutputStream:75 - [STDERR_REDIRECT] [Fatal Error] :1:1: Premature end of file.
2026-04-01 13:46:29,465 [ERROR] LogOutputStream:75 - [STDERR_REDIRECT] 
2026-04-01 13:46:30,465 [ERROR] LogOutputStream:75 - [STDERR_REDIRECT] [Fatal Error] :1:1: Premature end of file.
2026-04-01 13:46:30,465 [ERROR] LogOutputStream:75 - [STDERR_REDIRECT] 
2026-04-01 13:46:31,466 [ERROR] LogOutputStream:75 - [STDERR_REDIRECT] [Fatal Error] :1:1: Premature end of file.
2026-04-01 13:46:31,466 [ERROR] LogOutputStream:75 - [STDERR_REDIRECT] 
2026-04-01 13:46:32,469 [ERROR] LogOutputStream:75 - [STDERR_REDIRECT] [Fatal Error] :1:1: Premature end of file.
2026-04-01 13:46:32,469 [ERROR] LogOutputStream:75 - [STDERR_REDIRECT] 
2026-04-01 13:46:33,471 [ERROR] LogOutputStream:75 - [STDERR_REDIRECT] [Fatal Error] :1:1: Premature end of file.
2026-04-01 13:46:33,471 [ERROR] LogOutputStream:75 - [STDERR_REDIRECT] 
2026-04-01 13:46:34,465 [ERROR] LogOutputStream:75 - [STDERR_REDIRECT] [Fatal Error] :1:1: Premature end of file.
2026-04-01 13:46:34,465 [ERROR] LogOutputStream:75 - [STDERR_REDIRECT] 
2026-04-01 13:46:35,467 [ERROR] LogOutputStream:75 - [STDERR_REDIRECT] [Fatal Error] :1:1: Premature end of file.
2026-04-01 13:46:35,468 [ERROR] LogOutputStream:75 - [STDERR_REDIRECT] 
2026-04-01 13:46:36,474 [ERROR] LogOutputStream:75 - [STDERR_REDIRECT] [Fatal Error] :1:1: Premature end of file.
2026-04-01 13:46:36,474 [ERROR] LogOutputStream:75 - [STDERR_REDIRECT] 
2026-04-01 13:46:37,471 [ERROR] LogOutputStream:75 - [STDERR_REDIRECT] [Fatal Error] :1:1: Premature end of file.
2026-04-01 13:46:37,471 [ERROR] LogOutputStream:75 - [STDERR_REDIRECT] 
2026-04-01 13:46:38,464 [ERROR] LogOutputStream:75 - [STDERR_REDIRECT] [Fatal Error] :1:1: Premature end of file.
2026-04-01 13:46:38,464 [ERROR] LogOutputStream:75 - [STDERR_REDIRECT] 
2026-04-01 13:46:39,465 [ERROR] LogOutputStream:75 - [STDERR_REDIRECT] [Fatal Error] :1:1: Premature end of file.
2026-04-01 13:46:39,465 [ERROR] LogOutputStream:75 - [STDERR_REDIRECT] 
2026-04-01 13:46:40,467 [ERROR] LogOutputStream:75 - [STDERR_REDIRECT] [Fatal Error] :1:1: Premature end of file.
2026-04-01 13:46:40,468 [ERROR] LogOutputStream:75 - [STDERR_REDIRECT] 
2026-04-01 13:46:41,465 [ERROR] LogOutputStream:75 - [STDERR_REDIRECT] [Fatal Error] :1:1: Premature end of file.
2026-04-01 13:46:41,466 [ERROR] LogOutputStream:75 - [STDERR_REDIRECT] 
2026-04-01 13:46:42,466 [ERROR] LogOutputStream:75 - [STDERR_REDIRECT] [Fatal Error] :1:1: Premature end of file.
2026-04-01 13:46:42,466 [ERROR] LogOutputStream:75 - [STDERR_REDIRECT] 
2026-04-01 13:46:43,462 [ERROR] LogOutputStream:75 - [STDERR_REDIRECT] [Fatal Error] :1:1: Premature end of file.
2026-04-01 13:46:43,463 [ERROR] LogOutputStream:75 - [STDERR_REDIRECT] 
2026-04-01 13:46:44,471 [ERROR] LogOutputStream:75 - [STDERR_REDIRECT] [Fatal Error] :1:1: Premature end of file.
2026-04-01 13:46:44,471 [ERROR] LogOutputStream:75 - [STDERR_REDIRECT] 
2026-04-01 13:46:45,474 [ERROR] LogOutputStream:75 - [STDERR_REDIRECT] [Fatal Error] :1:1: Premature end of file.
2026-04-01 13:46:45,474 [ERROR] LogOutputStream:75 - [STDERR_REDIRECT] 
2026-04-01 13:46:46,467 [ERROR] LogOutputStream:75 - [STDERR_REDIRECT] [Fatal Error] :1:1: Premature end of file.
2026-04-01 13:46:46,467 [ERROR] LogOutputStream:75 - [STDERR_REDIRECT] 
2026-04-01 13:46:47,469 [ERROR] LogOutputStream:75 - [STDERR_REDIRECT] [Fatal Error] :1:1: Premature end of file.
2026-04-01 13:46:47,469 [ERROR] LogOutputStream:75 - [STDERR_REDIRECT] 
2026-04-01 13:46:48,470 [ERROR] LogOutputStream:75 - [STDERR_REDIRECT] [Fatal Error] :1:1: Premature end of file.
2026-04-01 13:46:48,470 [ERROR] LogOutputStream:75 - [STDERR_REDIRECT] 
2026-04-01 13:46:49,466 [ERROR] LogOutputStream:75 - [STDERR_REDIRECT] [Fatal Error] :1:1: Premature end of file.
2026-04-01 13:46:49,467 [ERROR] LogOutputStream:75 - [STDERR_REDIRECT] 
2026-04-01 13:46:50,472 [ERROR] LogOutputStream:75 - [STDERR_REDIRECT] [Fatal Error] :1:1: Premature end of file.
2026-04-01 13:46:50,472 [ERROR] LogOutputStream:75 - [STDERR_REDIRECT] 
2026-04-01 13:46:51,467 [ERROR] LogOutputStream:75 - [STDERR_REDIRECT] [Fatal Error] :1:1: Premature end of file.
2026-04-01 13:46:51,468 [ERROR] LogOutputStream:75 - [STDERR_REDIRECT] 
2026-04-01 13:46:52,472 [ERROR] LogOutputStream:75 - [STDERR_REDIRECT] [Fatal Error] :1:1: Premature end of file.
2026-04-01 13:46:52,472 [ERROR] LogOutputStream:75 - [STDERR_REDIRECT] 
2026-04-01 13:46:53,472 [ERROR] LogOutputStream:75 - [STDERR_REDIRECT] [Fatal Error] :1:1: Premature end of file.
2026-04-01 13:46:53,472 [ERROR] LogOutputStream:75 - [STDERR_REDIRECT] 
2026-04-01 13:46:54,473 [ERROR] LogOutputStream:75 - [STDERR_REDIRECT] [Fatal Error] :1:1: Premature end of file.
2026-04-01 13:46:54,473 [ERROR] LogOutputStream:75 - [STDERR_REDIRECT] 
2026-04-01 13:46:55,465 [ERROR] LogOutputStream:75 - [STDERR_REDIRECT] [Fatal Error] :1:1: Premature end of file.
2026-04-01 13:46:55,465 [ERROR] LogOutputStream:75 - [STDERR_REDIRECT] 
2026-04-01 13:46:56,470 [ERROR] LogOutputStream:75 - [STDERR_REDIRECT] [Fatal Error] :1:1: Premature end of file.
2026-04-01 13:46:56,470 [ERROR] LogOutputStream:75 - [STDERR_REDIRECT] 
2026-04-01 13:46:57,469 [ERROR] LogOutputStream:75 - [STDERR_REDIRECT] [Fatal Error] :1:1: Premature end of file.
2026-04-01 13:46:57,470 [ERROR] LogOutputStream:75 - [STDERR_REDIRECT] 
2026-04-01 13:46:58,469 [ERROR] LogOutputStream:75 - [STDERR_REDIRECT] [Fatal Error] :1:1: Premature end of file.
2026-04-01 13:46:58,469 [ERROR] LogOutputStream:75 - [STDERR_REDIRECT] 
2026-04-01 13:46:59,466 [ERROR] LogOutputStream:75 - [STDERR_REDIRECT] [Fatal Error] :1:1: Premature end of file.
2026-04-01 13:46:59,466 [ERROR] LogOutputStream:75 - [STDERR_REDIRECT] 
2026-04-01 13:47:00,465 [ERROR] LogOutputStream:75 - [STDERR_REDIRECT] [Fatal Error] :1:1: Premature end of file.
2026-04-01 13:47:00,465 [ERROR] LogOutputStream:75 - [STDERR_REDIRECT] 
2026-04-01 13:47:01,472 [ERROR] LogOutputStream:75 - [STDERR_REDIRECT] [Fatal Error] :1:1: Premature end of file.
2026-04-01 13:47:01,472 [ERROR] LogOutputStream:75 - [STDERR_REDIRECT] 
2026-04-01 13:47:02,472 [ERROR] LogOutputStream:75 - [STDERR_REDIRECT] [Fatal Error] :1:1: Premature end of file.
2026-04-01 13:47:02,472 [ERROR] LogOutputStream:75 - [STDERR_REDIRECT] 
2026-04-01 13:47:03,471 [ERROR] LogOutputStream:75 - [STDERR_REDIRECT] [Fatal Error] :1:1: Premature end of file.
2026-04-01 13:47:03,471 [ERROR] LogOutputStream:75 - [STDERR_REDIRECT] 
2026-04-01 13:47:04,467 [ERROR] LogOutputStream:75 - [STDERR_REDIRECT] [Fatal Error] :1:1: Premature end of file.
2026-04-01 13:47:04,467 [ERROR] LogOutputStream:75 - [STDERR_REDIRECT] 
2026-04-01 13:47:05,469 [ERROR] LogOutputStream:75 - [STDERR_REDIRECT] [Fatal Error] :1:1: Premature end of file.
2026-04-01 13:47:05,469 [ERROR] LogOutputStream:75 - [STDERR_REDIRECT] 
2026-04-01 13:47:06,481 [ERROR] LogOutputStream:75 - [STDERR_REDIRECT] [Fatal Error] :1:1: Premature end of file.
2026-04-01 13:47:06,481 [ERROR] LogOutputStream:75 - [STDERR_REDIRECT] 
2026-04-01 13:47:07,470 [ERROR] LogOutputStream:75 - [STDERR_REDIRECT] [Fatal Error] :1:1: Premature end of file.
2026-04-01 13:47:07,470 [ERROR] LogOutputStream:75 - [STDERR_REDIRECT] 
2026-04-01 13:47:08,470 [ERROR] LogOutputStream:75 - [STDERR_REDIRECT] [Fatal Error] :1:1: Premature end of file.
2026-04-01 13:47:08,470 [ERROR] LogOutputStream:75 - [STDERR_REDIRECT] 
2026-04-01 13:47:09,468 [ERROR] LogOutputStream:75 - [STDERR_REDIRECT] [Fatal Error] :1:1: Premature end of file.
2026-04-01 13:47:09,468 [ERROR] LogOutputStream:75 - [STDERR_REDIRECT] 
2026-04-01 13:47:10,471 [ERROR] LogOutputStream:75 - [STDERR_REDIRECT] [Fatal Error] :1:1: Premature end of file.
2026-04-01 13:47:10,472 [ERROR] LogOutputStream:75 - [STDERR_REDIRECT] 
2026-04-01 13:47:11,465 [ERROR] LogOutputStream:75 - [STDERR_REDIRECT] [Fatal Error] :1:1: Premature end of file.
2026-04-01 13:47:11,466 [ERROR] LogOutputStream:75 - [STDERR_REDIRECT] 
2026-04-01 13:47:12,468 [ERROR] LogOutputStream:75 - [STDERR_REDIRECT] [Fatal Error] :1:1: Premature end of file.
2026-04-01 13:47:12,468 [ERROR] LogOutputStream:75 - [STDERR_REDIRECT] 
2026-04-01 13:47:13,470 [ERROR] LogOutputStream:75 - [STDERR_REDIRECT] [Fatal Error] :1:1: Premature end of file.
2026-04-01 13:47:13,470 [ERROR] LogOutputStream:75 - [STDERR_REDIRECT] 
2026-04-01 13:47:14,464 [ERROR] LogOutputStream:75 - [STDERR_REDIRECT] [Fatal Error] :1:1: Premature end of file.
2026-04-01 13:47:14,464 [ERROR] LogOutputStream:75 - [STDERR_REDIRECT] 
2026-04-01 13:47:15,462 [ERROR] LogOutputStream:75 - [STDERR_REDIRECT] [Fatal Error] :1:1: Premature end of file.
2026-04-01 13:47:15,462 [ERROR] LogOutputStream:75 - [STDERR_REDIRECT] 
2026-04-01 13:47:16,467 [ERROR] LogOutputStream:75 - [STDERR_REDIRECT] [Fatal Error] :1:1: Premature end of file.
2026-04-01 13:47:16,468 [ERROR] LogOutputStream:75 - [STDERR_REDIRECT] 
2026-04-01 13:52:12,892 [ERROR] LogOutputStream:75 - [STDERR_REDIRECT] [Fatal Error] :1:1: Premature end of file.
2026-04-01 13:52:12,892 [ERROR] LogOutputStream:75 - [STDERR_REDIRECT] 
2026-04-01 13:52:12,942 [ERROR] LogOutputStream:75 - [STDERR_REDIRECT] [Fatal Error] :1:1: Premature end of file.
2026-04-01 13:52:12,943 [ERROR] LogOutputStream:75 - [STDERR_REDIRECT] 
2026-04-01 13:52:13,050 [ERROR] LogOutputStream:75 - [STDERR_REDIRECT] [Fatal Error] :1:1: Premature end of file.
2026-04-01 13:52:13,050 [ERROR] LogOutputStream:75 - [STDERR_REDIRECT] 
2026-04-01 13:52:13,138 [ERROR] LogOutputStream:75 - [STDERR_REDIRECT] [Fatal Error] :1:1: Premature end of file.
2026-04-01 13:52:13,139 [ERROR] LogOutputStream:75 - [STDERR_REDIRECT] 
2026-04-01 13:52:13,323 [ERROR] LogOutputStream:75 - [STDERR_REDIRECT] [Fatal Error] :1:1: Premature end of file.
2026-04-01 13:52:13,323 [ERROR] LogOutputStream:75 - [STDERR_REDIRECT] 
2026-04-01 13:52:13,382 [ERROR] LogOutputStream:75 - [STDERR_REDIRECT] [Fatal Error] :1:1: Premature end of file.
2026-04-01 13:52:13,382 [ERROR] LogOutputStream:75 - [STDERR_REDIRECT] 
2026-04-01 13:52:13,415 [ERROR] LogOutputStream:75 - [STDERR_REDIRECT] [Fatal Error] :1:1: Premature end of file.
2026-04-01 13:52:13,415 [ERROR] LogOutputStream:75 - [STDERR_REDIRECT] 
2026-04-01 13:52:13,445 [ERROR] LogOutputStream:75 - [STDERR_REDIRECT] [Fatal Error] :1:1: Premature end of file.
2026-04-01 13:52:13,445 [ERROR] LogOutputStream:75 - [STDERR_REDIRECT] 
2026-04-01 13:52:13,473 [ERROR] LogOutputStream:75 - [STDERR_REDIRECT] [Fatal Error] :1:1: Premature end of file.
2026-04-01 13:52:13,473 [ERROR] LogOutputStream:75 - [STDERR_REDIRECT] 
2026-04-01 13:52:13,513 [ERROR] LogOutputStream:75 - [STDERR_REDIRECT] [Fatal Error] :1:1: Premature end of file.
2026-04-01 13:52:13,513 [ERROR] LogOutputStream:75 - [STDERR_REDIRECT] 
2026-04-01 13:52:13,545 [ERROR] LogOutputStream:75 - [STDERR_REDIRECT] [Fatal Error] :1:1: Premature end of file.
2026-04-01 13:52:13,545 [ERROR] LogOutputStream:75 - [STDERR_REDIRECT] 
2026-04-01 13:52:13,567 [ERROR] LogOutputStream:75 - [STDERR_REDIRECT] [Fatal Error] :1:1: Premature end of file.
2026-04-01 13:52:13,568 [ERROR] LogOutputStream:75 - [STDERR_REDIRECT] 
2026-04-01 13:52:13,597 [ERROR] LogOutputStream:75 - [STDERR_REDIRECT] [Fatal Error] :1:1: Premature end of file.
2026-04-01 13:52:13,597 [ERROR] LogOutputStream:75 - [STDERR_REDIRECT] 
2026-04-01 13:52:13,623 [ERROR] LogOutputStream:75 - [STDERR_REDIRECT] [Fatal Error] :1:1: Premature end of file.
2026-04-01 13:52:13,623 [ERROR] LogOutputStream:75 - [STDERR_REDIRECT] 
2026-04-01 13:52:13,646 [ERROR] LogOutputStream:75 - [STDERR_REDIRECT] [Fatal Error] :1:1: Premature end of file.
2026-04-01 13:52:13,646 [ERROR] LogOutputStream:75 - [STDERR_REDIRECT] 
2026-04-01 13:52:13,789 [ERROR] LogOutputStream:75 - [STDERR_REDIRECT] [Fatal Error] :1:1: Premature end of file.
2026-04-01 13:52:13,790 [ERROR] LogOutputStream:75 - [STDERR_REDIRECT] 
2026-04-01 13:52:13,823 [ERROR] LogOutputStream:75 - [STDERR_REDIRECT] [Fatal Error] :1:1: Premature end of file.
2026-04-01 13:52:13,824 [ERROR] LogOutputStream:75 - [STDERR_REDIRECT] 
2026-04-01 13:52:13,875 [ERROR] LogOutputStream:75 - [STDERR_REDIRECT] [Fatal Error] :1:1: Premature end of file.
2026-04-01 13:52:13,876 [ERROR] LogOutputStream:75 - [STDERR_REDIRECT] 
2026-04-01 13:52:13,917 [ERROR] LogOutputStream:75 - [STDERR_REDIRECT] [Fatal Error] :1:1: Premature end of file.
2026-04-01 13:52:13,917 [ERROR] LogOutputStream:75 - [STDERR_REDIRECT] 
2026-04-01 13:52:13,955 [ERROR] LogOutputStream:75 - [STDERR_REDIRECT] [Fatal Error] :1:1: Premature end of file.
2026-04-01 13:52:13,955 [ERROR] LogOutputStream:75 - [STDERR_REDIRECT] 
2026-04-01 13:52:13,991 [ERROR] LogOutputStream:75 - [STDERR_REDIRECT] [Fatal Error] :1:1: Premature end of file.
2026-04-01 13:52:13,991 [ERROR] LogOutputStream:75 - [STDERR_REDIRECT] 
2026-04-01 13:52:14,015 [ERROR] LogOutputStream:75 - [STDERR_REDIRECT] [Fatal Error] :1:1: Premature end of file.
2026-04-01 13:52:14,015 [ERROR] LogOutputStream:75 - [STDERR_REDIRECT] 
2026-04-01 13:52:14,038 [ERROR] LogOutputStream:75 - [STDERR_REDIRECT] [Fatal Error] :1:1: Premature end of file.
2026-04-01 13:52:14,039 [ERROR] LogOutputStream:75 - [STDERR_REDIRECT] 
2026-04-01 13:52:14,061 [ERROR] LogOutputStream:75 - [STDERR_REDIRECT] [Fatal Error] :1:1: Premature end of file.
2026-04-01 13:52:14,061 [ERROR] LogOutputStream:75 - [STDERR_REDIRECT] 
2026-04-01 13:52:14,082 [ERROR] LogOutputStream:75 - [STDERR_REDIRECT] [Fatal Error] :1:1: Premature end of file.
2026-04-01 13:52:14,082 [ERROR] LogOutputStream:75 - [STDERR_REDIRECT] 
2026-04-01 13:52:14,104 [ERROR] LogOutputStream:75 - [STDERR_REDIRECT] [Fatal Error] :1:1: Premature end of file.
2026-04-01 13:52:14,104 [ERROR] LogOutputStream:75 - [STDERR_REDIRECT] 
2026-04-01 13:52:14,125 [ERROR] LogOutputStream:75 - [STDERR_REDIRECT] [Fatal Error] :1:1: Premature end of file.
2026-04-01 13:52:14,125 [ERROR] LogOutputStream:75 - [STDERR_REDIRECT] 
2026-04-01 13:52:14,145 [ERROR] LogOutputStream:75 - [STDERR_REDIRECT] [Fatal Error] :1:1: Premature end of file.
2026-04-01 13:52:14,145 [ERROR] LogOutputStream:75 - [STDERR_REDIRECT] 
2026-04-01 13:52:14,168 [ERROR] LogOutputStream:75 - [STDERR_REDIRECT] [Fatal Error] :1:1: Premature end of file.
2026-04-01 13:52:14,168 [ERROR] LogOutputStream:75 - [STDERR_REDIRECT] 
2026-04-01 13:52:14,190 [ERROR] LogOutputStream:75 - [STDERR_REDIRECT] [Fatal Error] :1:1: Premature end of file.
2026-04-01 13:52:14,190 [ERROR] LogOutputStream:75 - [STDERR_REDIRECT] 
2026-04-01 13:52:14,215 [ERROR] LogOutputStream:75 - [STDERR_REDIRECT] [Fatal Error] :1:1: Premature end of file.
2026-04-01 13:52:14,215 [ERROR] LogOutputStream:75 - [STDERR_REDIRECT] 
2026-04-01 13:52:14,239 [ERROR] LogOutputStream:75 - [STDERR_REDIRECT] [Fatal Error] :1:1: Premature end of file.
2026-04-01 13:52:14,240 [ERROR] LogOutputStream:75 - [STDERR_REDIRECT] 
2026-04-01 13:52:14,261 [ERROR] LogOutputStream:75 - [STDERR_REDIRECT] [Fatal Error] :1:1: Premature end of file.
2026-04-01 13:52:14,261 [ERROR] LogOutputStream:75 - [STDERR_REDIRECT] 
2026-04-01 13:52:14,285 [ERROR] LogOutputStream:75 - [STDERR_REDIRECT] [Fatal Error] :1:1: Premature end of file.
2026-04-01 13:52:14,285 [ERROR] LogOutputStream:75 - [STDERR_REDIRECT] 
2026-04-01 13:52:14,309 [ERROR] LogOutputStream:75 - [STDERR_REDIRECT] [Fatal Error] :1:1: Premature end of file.
2026-04-01 13:52:14,309 [ERROR] LogOutputStream:75 - [STDERR_REDIRECT] 
2026-04-01 13:52:14,332 [ERROR] LogOutputStream:75 - [STDERR_REDIRECT] [Fatal Error] :1:1: Premature end of file.
2026-04-01 13:52:14,332 [ERROR] LogOutputStream:75 - [STDERR_REDIRECT] 
2026-04-01 13:52:14,352 [ERROR] LogOutputStream:75 - [STDERR_REDIRECT] [Fatal Error] :1:1: Premature end of file.
2026-04-01 13:52:14,352 [ERROR] LogOutputStream:75 - [STDERR_REDIRECT] 
2026-04-01 13:52:14,417 [ERROR] LogOutputStream:75 - [STDERR_REDIRECT] [Fatal Error] :1:1: Premature end of file.
2026-04-01 13:52:14,417 [ERROR] LogOutputStream:75 - [STDERR_REDIRECT] 
2026-04-01 13:52:14,447 [ERROR] LogOutputStream:75 - [STDERR_REDIRECT] [Fatal Error] :1:1: Premature end of file.
2026-04-01 13:52:14,447 [ERROR] LogOutputStream:75 - [STDERR_REDIRECT] 
2026-04-01 13:52:14,473 [ERROR] LogOutputStream:75 - [STDERR_REDIRECT] [Fatal Error] :1:1: Premature end of file.
2026-04-01 13:52:14,473 [ERROR] LogOutputStream:75 - [STDERR_REDIRECT] 
2026-04-01 13:52:14,495 [ERROR] LogOutputStream:75 - [STDERR_REDIRECT] [Fatal Error] :1:1: Premature end of file.
2026-04-01 13:52:14,495 [ERROR] LogOutputStream:75 - [STDERR_REDIRECT] 
2026-04-01 13:52:14,518 [ERROR] LogOutputStream:75 - [STDERR_REDIRECT] [Fatal Error] :1:1: Premature end of file.
2026-04-01 13:52:14,518 [ERROR] LogOutputStream:75 - [STDERR_REDIRECT] 
2026-04-01 13:52:14,539 [ERROR] LogOutputStream:75 - [STDERR_REDIRECT] [Fatal Error] :1:1: Premature end of file.
2026-04-01 13:52:14,539 [ERROR] LogOutputStream:75 - [STDERR_REDIRECT] 
2026-04-01 13:52:14,560 [ERROR] LogOutputStream:75 - [STDERR_REDIRECT] [Fatal Error] :1:1: Premature end of file.
2026-04-01 13:52:14,560 [ERROR] LogOutputStream:75 - [STDERR_REDIRECT] 
2026-04-01 13:52:14,579 [ERROR] LogOutputStream:75 - [STDERR_REDIRECT] [Fatal Error] :1:1: Premature end of file.
2026-04-01 13:52:14,579 [ERROR] LogOutputStream:75 - [STDERR_REDIRECT] 
2026-04-01 13:52:14,600 [ERROR] LogOutputStream:75 - [STDERR_REDIRECT] [Fatal Error] :1:1: Premature end of file.
2026-04-01 13:52:14,600 [ERROR] LogOutputStream:75 - [STDERR_REDIRECT] 
2026-04-01 13:52:14,619 [ERROR] LogOutputStream:75 - [STDERR_REDIRECT] [Fatal Error] :1:1: Premature end of file.
2026-04-01 13:52:14,619 [ERROR] LogOutputStream:75 - [STDERR_REDIRECT] 
2026-04-01 13:52:14,638 [ERROR] LogOutputStream:75 - [STDERR_REDIRECT] [Fatal Error] :1:1: Premature end of file.
2026-04-01 13:52:14,638 [ERROR] LogOutputStream:75 - [STDERR_REDIRECT] 
2026-04-01 13:52:14,657 [ERROR] LogOutputStream:75 - [STDERR_REDIRECT] [Fatal Error] :1:1: Premature end of file.
2026-04-01 13:52:14,657 [ERROR] LogOutputStream:75 - [STDERR_REDIRECT] 
2026-04-01 13:52:14,678 [ERROR] LogOutputStream:75 - [STDERR_REDIRECT] [Fatal Error] :1:1: Premature end of file.
2026-04-01 13:52:14,678 [ERROR] LogOutputStream:75 - [STDERR_REDIRECT] 
2026-04-01 13:52:14,697 [ERROR] LogOutputStream:75 - [STDERR_REDIRECT] [Fatal Error] :1:1: Premature end of file.
2026-04-01 13:52:14,697 [ERROR] LogOutputStream:75 - [STDERR_REDIRECT] 
2026-04-01 13:52:14,717 [ERROR] LogOutputStream:75 - [STDERR_REDIRECT] [Fatal Error] :1:1: Premature end of file.
2026-04-01 13:52:14,717 [ERROR] LogOutputStream:75 - [STDERR_REDIRECT] 
2026-04-01 13:52:14,737 [ERROR] LogOutputStream:75 - [STDERR_REDIRECT] [Fatal Error] :1:1: Premature end of file.
2026-04-01 13:52:14,737 [ERROR] LogOutputStream:75 - [STDERR_REDIRECT] 
2026-04-01 13:52:14,757 [ERROR] LogOutputStream:75 - [STDERR_REDIRECT] [Fatal Error] :1:1: Premature end of file.
2026-04-01 13:52:14,757 [ERROR] LogOutputStream:75 - [STDERR_REDIRECT] 
2026-04-01 13:52:14,777 [ERROR] LogOutputStream:75 - [STDERR_REDIRECT] [Fatal Error] :1:1: Premature end of file.
2026-04-01 13:52:14,777 [ERROR] LogOutputStream:75 - [STDERR_REDIRECT] 
2026-04-01 13:52:14,797 [ERROR] LogOutputStream:75 - [STDERR_REDIRECT] [Fatal Error] :1:1: Premature end of file.
2026-04-01 13:52:14,797 [ERROR] LogOutputStream:75 - [STDERR_REDIRECT] 
2026-04-01 13:52:14,816 [ERROR] LogOutputStream:75 - [STDERR_REDIRECT] [Fatal Error] :1:1: Premature end of file.
2026-04-01 13:52:14,816 [ERROR] LogOutputStream:75 - [STDERR_REDIRECT] 
2026-04-01 13:52:14,839 [ERROR] LogOutputStream:75 - [STDERR_REDIRECT] [Fatal Error] :1:1: Premature end of file.
2026-04-01 13:52:14,840 [ERROR] LogOutputStream:75 - [STDERR_REDIRECT] 
2026-04-01 13:52:14,859 [ERROR] LogOutputStream:75 - [STDERR_REDIRECT] [Fatal Error] :1:1: Premature end of file.
2026-04-01 13:52:14,859 [ERROR] LogOutputStream:75 - [STDERR_REDIRECT] 
2026-04-01 13:52:14,878 [ERROR] LogOutputStream:75 - [STDERR_REDIRECT] [Fatal Error] :1:1: Premature end of file.
2026-04-01 13:52:14,879 [ERROR] LogOutputStream:75 - [STDERR_REDIRECT] 
2026-04-01 13:52:14,903 [ERROR] LogOutputStream:75 - [STDERR_REDIRECT] [Fatal Error] :1:1: Premature end of file.
2026-04-01 13:52:14,903 [ERROR] LogOutputStream:75 - [STDERR_REDIRECT] 
2026-04-01 13:52:14,923 [ERROR] LogOutputStream:75 - [STDERR_REDIRECT] [Fatal Error] :1:1: Premature end of file.
2026-04-01 13:52:14,925 [ERROR] LogOutputStream:75 - [STDERR_REDIRECT] 
2026-04-01 13:52:14,944 [ERROR] LogOutputStream:75 - [STDERR_REDIRECT] [Fatal Error] :1:1: Premature end of file.
2026-04-01 13:52:14,944 [ERROR] LogOutputStream:75 - [STDERR_REDIRECT] 
2026-04-01 13:52:14,963 [ERROR] LogOutputStream:75 - [STDERR_REDIRECT] [Fatal Error] :1:1: Premature end of file.
2026-04-01 13:52:14,963 [ERROR] LogOutputStream:75 - [STDERR_REDIRECT] 
2026-04-01 13:52:14,982 [ERROR] LogOutputStream:75 - [STDERR_REDIRECT] [Fatal Error] :1:1: Premature end of file.
2026-04-01 13:52:14,982 [ERROR] LogOutputStream:75 - [STDERR_REDIRECT] 
2026-04-01 13:52:15,002 [ERROR] LogOutputStream:75 - [STDERR_REDIRECT] [Fatal Error] :1:1: Premature end of file.
2026-04-01 13:52:15,002 [ERROR] LogOutputStream:75 - [STDERR_REDIRECT] 
2026-04-01 13:52:15,021 [ERROR] LogOutputStream:75 - [STDERR_REDIRECT] [Fatal Error] :1:1: Premature end of file.
2026-04-01 13:52:15,022 [ERROR] LogOutputStream:75 - [STDERR_REDIRECT] 
2026-04-01 13:52:15,042 [ERROR] LogOutputStream:75 - [STDERR_REDIRECT] [Fatal Error] :1:1: Premature end of file.
2026-04-01 13:52:15,042 [ERROR] LogOutputStream:75 - [STDERR_REDIRECT] 
2026-04-01 13:52:15,063 [ERROR] LogOutputStream:75 - [STDERR_REDIRECT] [Fatal Error] :1:1: Premature end of file.
2026-04-01 13:52:15,063 [ERROR] LogOutputStream:75 - [STDERR_REDIRECT] 
2026-04-01 13:52:15,083 [ERROR] LogOutputStream:75 - [STDERR_REDIRECT] [Fatal Error] :1:1: Premature end of file.
2026-04-01 13:52:15,084 [ERROR] LogOutputStream:75 - [STDERR_REDIRECT] 
2026-04-01 13:52:15,103 [ERROR] LogOutputStream:75 - [STDERR_REDIRECT] [Fatal Error] :1:1: Premature end of file.
2026-04-01 13:52:15,103 [ERROR] LogOutputStream:75 - [STDERR_REDIRECT] 
2026-04-01 13:52:15,124 [ERROR] LogOutputStream:75 - [STDERR_REDIRECT] [Fatal Error] :1:1: Premature end of file.
2026-04-01 13:52:15,124 [ERROR] LogOutputStream:75 - [STDERR_REDIRECT] 
2026-04-01 13:52:15,145 [ERROR] LogOutputStream:75 - [STDERR_REDIRECT] [Fatal Error] :1:1: Premature end of file.
2026-04-01 13:52:15,145 [ERROR] LogOutputStream:75 - [STDERR_REDIRECT] 
2026-04-01 13:52:15,165 [ERROR] LogOutputStream:75 - [STDERR_REDIRECT] [Fatal Error] :1:1: Premature end of file.
2026-04-01 13:52:15,165 [ERROR] LogOutputStream:75 - [STDERR_REDIRECT] 
2026-04-01 13:52:15,187 [ERROR] LogOutputStream:75 - [STDERR_REDIRECT] [Fatal Error] :1:1: Premature end of file.
2026-04-01 13:52:15,187 [ERROR] LogOutputStream:75 - [STDERR_REDIRECT] 
2026-04-01 13:52:15,208 [ERROR] LogOutputStream:75 - [STDERR_REDIRECT] [Fatal Error] :1:1: Premature end of file.
2026-04-01 13:52:15,208 [ERROR] LogOutputStream:75 - [STDERR_REDIRECT] 
2026-04-01 13:52:15,228 [ERROR] LogOutputStream:75 - [STDERR_REDIRECT] [Fatal Error] :1:1: Premature end of file.
2026-04-01 13:52:15,228 [ERROR] LogOutputStream:75 - [STDERR_REDIRECT] 
2026-04-01 13:52:15,250 [ERROR] LogOutputStream:75 - [STDERR_REDIRECT] [Fatal Error] :1:1: Premature end of file.
2026-04-01 13:52:15,251 [ERROR] LogOutputStream:75 - [STDERR_REDIRECT] 
2026-04-01 13:52:15,272 [ERROR] LogOutputStream:75 - [STDERR_REDIRECT] [Fatal Error] :1:1: Premature end of file.
2026-04-01 13:52:15,272 [ERROR] LogOutputStream:75 - [STDERR_REDIRECT] 
2026-04-01 13:52:15,292 [ERROR] LogOutputStream:75 - [STDERR_REDIRECT] [Fatal Error] :1:1: Premature end of file.
2026-04-01 13:52:15,292 [ERROR] LogOutputStream:75 - [STDERR_REDIRECT] 
2026-04-01 13:52:15,314 [ERROR] LogOutputStream:75 - [STDERR_REDIRECT] [Fatal Error] :1:1: Premature end of file.
2026-04-01 13:52:15,314 [ERROR] LogOutputStream:75 - [STDERR_REDIRECT] 
2026-04-01 13:52:15,336 [ERROR] LogOutputStream:75 - [STDERR_REDIRECT] [Fatal Error] :1:1: Premature end of file.
2026-04-01 13:52:15,336 [ERROR] LogOutputStream:75 - [STDERR_REDIRECT] 
2026-04-01 13:52:15,357 [ERROR] LogOutputStream:75 - [STDERR_REDIRECT] [Fatal Error] :1:1: Premature end of file.
2026-04-01 13:52:15,357 [ERROR] LogOutputStream:75 - [STDERR_REDIRECT] 
2026-04-01 13:52:15,377 [ERROR] LogOutputStream:75 - [STDERR_REDIRECT] [Fatal Error] :1:1: Premature end of file.
2026-04-01 13:52:15,377 [ERROR] LogOutputStream:75 - [STDERR_REDIRECT] 
2026-04-01 13:52:15,399 [ERROR] LogOutputStream:75 - [STDERR_REDIRECT] [Fatal Error] :1:1: Premature end of file.
2026-04-01 13:52:15,399 [ERROR] LogOutputStream:75 - [STDERR_REDIRECT] 
2026-04-01 13:52:15,423 [ERROR] LogOutputStream:75 - [STDERR_REDIRECT] [Fatal Error] :1:1: Premature end of file.
2026-04-01 13:52:15,423 [ERROR] LogOutputStream:75 - [STDERR_REDIRECT] 
2026-04-01 13:52:15,444 [ERROR] LogOutputStream:75 - [STDERR_REDIRECT] [Fatal Error] :1:1: Premature end of file.
2026-04-01 13:52:15,444 [ERROR] LogOutputStream:75 - [STDERR_REDIRECT] 
2026-04-01 13:52:15,476 [ERROR] LogOutputStream:75 - [STDERR_REDIRECT] [Fatal Error] :1:1: Premature end of file.
2026-04-01 13:52:15,476 [ERROR] LogOutputStream:75 - [STDERR_REDIRECT] 
2026-04-01 13:52:15,497 [ERROR] LogOutputStream:75 - [STDERR_REDIRECT] [Fatal Error] :1:1: Premature end of file.
2026-04-01 13:52:15,497 [ERROR] LogOutputStream:75 - [STDERR_REDIRECT] 
2026-04-01 13:52:15,517 [ERROR] LogOutputStream:75 - [STDERR_REDIRECT] [Fatal Error] :1:1: Premature end of file.
2026-04-01 13:52:15,517 [ERROR] LogOutputStream:75 - [STDERR_REDIRECT] 
2026-04-01 13:52:15,539 [ERROR] LogOutputStream:75 - [STDERR_REDIRECT] [Fatal Error] :1:1: Premature end of file.
2026-04-01 13:52:15,539 [ERROR] LogOutputStream:75 - [STDERR_REDIRECT] 
2026-04-01 13:52:15,560 [ERROR] LogOutputStream:75 - [STDERR_REDIRECT] [Fatal Error] :1:1: Premature end of file.
2026-04-01 13:52:15,560 [ERROR] LogOutputStream:75 - [STDERR_REDIRECT] 
2026-04-01 13:52:15,581 [ERROR] LogOutputStream:75 - [STDERR_REDIRECT] [Fatal Error] :1:1: Premature end of file.
2026-04-01 13:52:15,581 [ERROR] LogOutputStream:75 - [STDERR_REDIRECT] 
2026-04-01 13:52:15,602 [ERROR] LogOutputStream:75 - [STDERR_REDIRECT] [Fatal Error] :1:1: Premature end of file.
2026-04-01 13:52:15,603 [ERROR] LogOutputStream:75 - [STDERR_REDIRECT] 
2026-04-01 13:52:15,625 [ERROR] LogOutputStream:75 - [STDERR_REDIRECT] [Fatal Error] :1:1: Premature end of file.
2026-04-01 13:52:15,625 [ERROR] LogOutputStream:75 - [STDERR_REDIRECT] 
2026-04-01 13:52:15,646 [ERROR] LogOutputStream:75 - [STDERR_REDIRECT] [Fatal Error] :1:1: Premature end of file.
2026-04-01 13:52:15,646 [ERROR] LogOutputStream:75 - [STDERR_REDIRECT] 
2026-04-01 13:52:15,668 [ERROR] LogOutputStream:75 - [STDERR_REDIRECT] [Fatal Error] :1:1: Premature end of file.
2026-04-01 13:52:15,668 [ERROR] LogOutputStream:75 - [STDERR_REDIRECT] 
2026-04-01 13:52:15,689 [ERROR] LogOutputStream:75 - [STDERR_REDIRECT] [Fatal Error] :1:1: Premature end of file.
2026-04-01 13:52:15,689 [ERROR] LogOutputStream:75 - [STDERR_REDIRECT] 
2026-04-01 13:52:15,709 [ERROR] LogOutputStream:75 - [STDERR_REDIRECT] [Fatal Error] :1:1: Premature end of file.
2026-04-01 13:52:15,709 [ERROR] LogOutputStream:75 - [STDERR_REDIRECT] 
2026-04-01 13:52:15,730 [ERROR] LogOutputStream:75 - [STDERR_REDIRECT] [Fatal Error] :1:1: Premature end of file.
2026-04-01 13:52:15,730 [ERROR] LogOutputStream:75 - [STDERR_REDIRECT] 
2026-04-01 13:52:15,751 [ERROR] LogOutputStream:75 - [STDERR_REDIRECT] [Fatal Error] :1:1: Premature end of file.
2026-04-01 13:52:15,751 [ERROR] LogOutputStream:75 - [STDERR_REDIRECT] 
2026-04-01 13:52:15,772 [ERROR] LogOutputStream:75 - [STDERR_REDIRECT] [Fatal Error] :1:1: Premature end of file.
2026-04-01 13:52:15,772 [ERROR] LogOutputStream:75 - [STDERR_REDIRECT] 
2026-04-01 13:52:15,793 [ERROR] LogOutputStream:75 - [STDERR_REDIRECT] [Fatal Error] :1:1: Premature end of file.
2026-04-01 13:52:15,794 [ERROR] LogOutputStream:75 - [STDERR_REDIRECT] 
2026-04-01 13:52:15,815 [ERROR] LogOutputStream:75 - [STDERR_REDIRECT] [Fatal Error] :1:1: Premature end of file.
2026-04-01 13:52:15,815 [ERROR] LogOutputStream:75 - [STDERR_REDIRECT] 
2026-04-01 13:52:15,836 [ERROR] LogOutputStream:75 - [STDERR_REDIRECT] [Fatal Error] :1:1: Premature end of file.
2026-04-01 13:52:15,836 [ERROR] LogOutputStream:75 - [STDERR_REDIRECT] 
2026-04-01 13:52:15,857 [ERROR] LogOutputStream:75 - [STDERR_REDIRECT] [Fatal Error] :1:1: Premature end of file.
2026-04-01 13:52:15,857 [ERROR] LogOutputStream:75 - [STDERR_REDIRECT] 
2026-04-01 13:52:15,879 [ERROR] LogOutputStream:75 - [STDERR_REDIRECT] [Fatal Error] :1:1: Premature end of file.
2026-04-01 13:52:15,879 [ERROR] LogOutputStream:75 - [STDERR_REDIRECT] 
2026-04-01 13:52:15,900 [ERROR] LogOutputStream:75 - [STDERR_REDIRECT] [Fatal Error] :1:1: Premature end of file.
2026-04-01 13:52:15,900 [ERROR] LogOutputStream:75 - [STDERR_REDIRECT] 
2026-04-01 13:52:15,922 [ERROR] LogOutputStream:75 - [STDERR_REDIRECT] [Fatal Error] :1:1: Premature end of file.
2026-04-01 13:52:15,922 [ERROR] LogOutputStream:75 - [STDERR_REDIRECT] 
2026-04-01 13:52:15,945 [ERROR] LogOutputStream:75 - [STDERR_REDIRECT] [Fatal Error] :1:1: Premature end of file.
2026-04-01 13:52:15,945 [ERROR] LogOutputStream:75 - [STDERR_REDIRECT] 
2026-04-01 13:52:15,966 [ERROR] LogOutputStream:75 - [STDERR_REDIRECT] [Fatal Error] :1:1: Premature end of file.
2026-04-01 13:52:15,966 [ERROR] LogOutputStream:75 - [STDERR_REDIRECT] 
2026-04-01 13:52:15,988 [ERROR] LogOutputStream:75 - [STDERR_REDIRECT] [Fatal Error] :1:1: Premature end of file.
2026-04-01 13:52:15,989 [ERROR] LogOutputStream:75 - [STDERR_REDIRECT] 
2026-04-01 13:52:16,013 [ERROR] LogOutputStream:75 - [STDERR_REDIRECT] [Fatal Error] :1:1: Premature end of file.
2026-04-01 13:52:16,013 [ERROR] LogOutputStream:75 - [STDERR_REDIRECT] 
2026-04-01 13:52:16,035 [ERROR] LogOutputStream:75 - [STDERR_REDIRECT] [Fatal Error] :1:1: Premature end of file.
2026-04-01 13:52:16,035 [ERROR] LogOutputStream:75 - [STDERR_REDIRECT] 
2026-04-01 13:52:16,056 [ERROR] LogOutputStream:75 - [STDERR_REDIRECT] [Fatal Error] :1:1: Premature end of file.
2026-04-01 13:52:16,056 [ERROR] LogOutputStream:75 - [STDERR_REDIRECT] 
2026-04-01 13:52:16,076 [ERROR] LogOutputStream:75 - [STDERR_REDIRECT] [Fatal Error] :1:1: Premature end of file.
2026-04-01 13:52:16,076 [ERROR] LogOutputStream:75 - [STDERR_REDIRECT] 
2026-04-01 13:52:16,097 [ERROR] LogOutputStream:75 - [STDERR_REDIRECT] [Fatal Error] :1:1: Premature end of file.
2026-04-01 13:52:16,097 [ERROR] LogOutputStream:75 - [STDERR_REDIRECT] 
2026-04-01 13:52:16,118 [ERROR] LogOutputStream:75 - [STDERR_REDIRECT] [Fatal Error] :1:1: Premature end of file.
2026-04-01 13:52:16,118 [ERROR] LogOutputStream:75 - [STDERR_REDIRECT] 
2026-04-01 13:52:16,140 [ERROR] LogOutputStream:75 - [STDERR_REDIRECT] [Fatal Error] :1:1: Premature end of file.
2026-04-01 13:52:16,140 [ERROR] LogOutputStream:75 - [STDERR_REDIRECT] 
2026-04-01 13:52:16,160 [ERROR] LogOutputStream:75 - [STDERR_REDIRECT] [Fatal Error] :1:1: Premature end of file.
2026-04-01 13:52:16,160 [ERROR] LogOutputStream:75 - [STDERR_REDIRECT] 
2026-04-01 13:52:16,183 [ERROR] LogOutputStream:75 - [STDERR_REDIRECT] [Fatal Error] :1:1: Premature end of file.
2026-04-01 13:52:16,183 [ERROR] LogOutputStream:75 - [STDERR_REDIRECT] 
2026-04-01 13:52:16,203 [ERROR] LogOutputStream:75 - [STDERR_REDIRECT] [Fatal Error] :1:1: Premature end of file.
2026-04-01 13:52:16,203 [ERROR] LogOutputStream:75 - [STDERR_REDIRECT] 
2026-04-01 13:52:16,225 [ERROR] LogOutputStream:75 - [STDERR_REDIRECT] [Fatal Error] :1:1: Premature end of file.
2026-04-01 13:52:16,225 [ERROR] LogOutputStream:75 - [STDERR_REDIRECT] 
2026-04-01 13:52:16,246 [ERROR] LogOutputStream:75 - [STDERR_REDIRECT] [Fatal Error] :1:1: Premature end of file.
2026-04-01 13:52:16,246 [ERROR] LogOutputStream:75 - [STDERR_REDIRECT] 
2026-04-01 13:52:16,267 [ERROR] LogOutputStream:75 - [STDERR_REDIRECT] [Fatal Error] :1:1: Premature end of file.
2026-04-01 13:52:16,267 [ERROR] LogOutputStream:75 - [STDERR_REDIRECT] 
2026-04-01 13:52:16,288 [ERROR] LogOutputStream:75 - [STDERR_REDIRECT] [Fatal Error] :1:1: Premature end of file.
2026-04-01 13:52:16,288 [ERROR] LogOutputStream:75 - [STDERR_REDIRECT] 
2026-04-01 13:52:16,308 [ERROR] LogOutputStream:75 - [STDERR_REDIRECT] [Fatal Error] :1:1: Premature end of file.
2026-04-01 13:52:16,308 [ERROR] LogOutputStream:75 - [STDERR_REDIRECT] 
2026-04-01 13:52:16,330 [ERROR] LogOutputStream:75 - [STDERR_REDIRECT] [Fatal Error] :1:1: Premature end of file.
2026-04-01 13:52:16,330 [ERROR] LogOutputStream:75 - [STDERR_REDIRECT] 
2026-04-01 13:52:16,351 [ERROR] LogOutputStream:75 - [STDERR_REDIRECT] [Fatal Error] :1:1: Premature end of file.
2026-04-01 13:52:16,351 [ERROR] LogOutputStream:75 - [STDERR_REDIRECT] 
2026-04-01 13:52:16,371 [ERROR] LogOutputStream:75 - [STDERR_REDIRECT] [Fatal Error] :1:1: Premature end of file.
2026-04-01 13:52:16,371 [ERROR] LogOutputStream:75 - [STDERR_REDIRECT] 
2026-04-01 13:52:16,392 [ERROR] LogOutputStream:75 - [STDERR_REDIRECT] [Fatal Error] :1:1: Premature end of file.
2026-04-01 13:52:16,392 [ERROR] LogOutputStream:75 - [STDERR_REDIRECT] 
2026-04-01 13:52:16,413 [ERROR] LogOutputStream:75 - [STDERR_REDIRECT] [Fatal Error] :1:1: Premature end of file.
2026-04-01 13:52:16,413 [ERROR] LogOutputStream:75 - [STDERR_REDIRECT] 
2026-04-01 13:52:16,439 [ERROR] LogOutputStream:75 - [STDERR_REDIRECT] [Fatal Error] :1:1: Premature end of file.
2026-04-01 13:52:16,440 [ERROR] LogOutputStream:75 - [STDERR_REDIRECT] 
2026-04-01 13:52:16,465 [ERROR] LogOutputStream:75 - [STDERR_REDIRECT] [Fatal Error] :1:1: Premature end of file.
2026-04-01 13:52:16,465 [ERROR] LogOutputStream:75 - [STDERR_REDIRECT] 
2026-04-01 13:52:16,485 [ERROR] LogOutputStream:75 - [STDERR_REDIRECT] [Fatal Error] :1:1: Premature end of file.
2026-04-01 13:52:16,485 [ERROR] LogOutputStream:75 - [STDERR_REDIRECT] 
2026-04-01 13:52:16,509 [ERROR] LogOutputStream:75 - [STDERR_REDIRECT] [Fatal Error] :1:1: Premature end of file.
2026-04-01 13:52:16,509 [ERROR] LogOutputStream:75 - [STDERR_REDIRECT] 
2026-04-01 13:52:16,531 [ERROR] LogOutputStream:75 - [STDERR_REDIRECT] [Fatal Error] :1:1: Premature end of file.
2026-04-01 13:52:16,531 [ERROR] LogOutputStream:75 - [STDERR_REDIRECT] 
2026-04-01 13:52:16,552 [ERROR] LogOutputStream:75 - [STDERR_REDIRECT] [Fatal Error] :1:1: Premature end of file.
2026-04-01 13:52:16,552 [ERROR] LogOutputStream:75 - [STDERR_REDIRECT] 
2026-04-01 13:52:16,574 [ERROR] LogOutputStream:75 - [STDERR_REDIRECT] [Fatal Error] :1:1: Premature end of file.
2026-04-01 13:52:16,574 [ERROR] LogOutputStream:75 - [STDERR_REDIRECT] 
2026-04-01 13:52:16,596 [ERROR] LogOutputStream:75 - [STDERR_REDIRECT] [Fatal Error] :1:1: Premature end of file.
2026-04-01 13:52:16,596 [ERROR] LogOutputStream:75 - [STDERR_REDIRECT] 
2026-04-01 13:52:16,617 [ERROR] LogOutputStream:75 - [STDERR_REDIRECT] [Fatal Error] :1:1: Premature end of file.
2026-04-01 13:52:16,617 [ERROR] LogOutputStream:75 - [STDERR_REDIRECT] 
2026-04-01 13:52:16,637 [ERROR] LogOutputStream:75 - [STDERR_REDIRECT] [Fatal Error] :1:1: Premature end of file.
2026-04-01 13:52:16,638 [ERROR] LogOutputStream:75 - [STDERR_REDIRECT] 
2026-04-01 13:52:16,657 [ERROR] LogOutputStream:75 - [STDERR_REDIRECT] [Fatal Error] :1:1: Premature end of file.
2026-04-01 13:52:16,657 [ERROR] LogOutputStream:75 - [STDERR_REDIRECT] 
2026-04-01 13:52:16,678 [ERROR] LogOutputStream:75 - [STDERR_REDIRECT] [Fatal Error] :1:1: Premature end of file.
2026-04-01 13:52:16,678 [ERROR] LogOutputStream:75 - [STDERR_REDIRECT] 
2026-04-01 13:52:16,698 [ERROR] LogOutputStream:75 - [STDERR_REDIRECT] [Fatal Error] :1:1: Premature end of file.
2026-04-01 13:52:16,698 [ERROR] LogOutputStream:75 - [STDERR_REDIRECT] 
2026-04-01 13:52:16,717 [ERROR] LogOutputStream:75 - [STDERR_REDIRECT] [Fatal Error] :1:1: Premature end of file.
2026-04-01 13:52:16,717 [ERROR] LogOutputStream:75 - [STDERR_REDIRECT] 
2026-04-01 13:52:16,738 [ERROR] LogOutputStream:75 - [STDERR_REDIRECT] [Fatal Error] :1:1: Premature end of file.
2026-04-01 13:52:16,738 [ERROR] LogOutputStream:75 - [STDERR_REDIRECT] 
